=================================================================
CPFA BASELINE — ARGoS-calibrated parameters  (12×12m arena  368 tags)
  Params file                  = /home/fabian_hernandez/foraging/RL-FL-Foraging/controllers/cpfa_baseline/cpfa_params.yaml
  Results file                 = /home/fabian_hernandez/foraging/RL-FL-Foraging/controllers/cpfa_baseline/cpfa_baseline_12x12_results_20260527_142020_5.txt
  RateOfLayingPheromone        = 9.0
  RateOfSiteFidelity           = 2.29
  RateOfPheromoneDecay         = 0.1 /s  (lifetime ~69s)
  ProbabilityOfReturningToNest = 0.08 (every 5 sec → E[give-up] ~62s)
  UninformedSearchVariation    = 0.13 rad (7.4°)
  RateOfInformedSearchDecay    = 1.26 /waypoint
  ProbabilityOfSwitchingToSearching = 0.55 (every 5 sec in uninformed DEPARTING)
=================================================================

[PICKUP] R3 picked up tag (density=9) | Total: 1
[DEPOSIT] R3 deposited! Total: 1
  [PHERO] Laid at (0.37, 0.64) density=9 prob=0.59 entries=1
  [TARGET] R3 → SITE (0.37, 0.64)

======================================================================
Step 500 (0.3 min) | Pickups: 1 | Deposits: 1 | Rate: 3.75 tags/min | phero_entries=1 max_w=0.911
======================================================================
R1[SEARCH    ]: carry=0 | base=1.71 | wall=4.65 | search=344 | target=none
R2[SEARCH    ]: carry=0 | base=1.39 | wall=4.69 | search= 32 | target=none
R3[BASE_ESC  ]: carry=0 | base=0.22 | wall=5.83 | search=  0 | target=site(0.37,0.64)
R4[DEPART    ]: carry=0 | base=2.26 | wall=3.79 | search=  0 | target=none

[PICKUP] R4 picked up tag (density=20) | Total: 2
[PICKUP] R2 picked up tag (density=12) | Total: 3
[PICKUP] R3 picked up tag (density=8) | Total: 4

======================================================================
Step 1000 (0.5 min) | Pickups: 4 | Deposits: 1 | Rate: 1.88 tags/min | phero_entries=1 max_w=0.184
======================================================================
R1[SEARCH    ]: carry=0 | base=2.95 | wall=3.25 | search=844 | target=none
R2[RTB       ]: carry=1 | base=1.25 | wall=4.80 | search=  0 | target=none
R3[SURVEY    ]: carry=1 | base=0.63 | wall=5.49 | search=  0 | target=none
R4[RTB       ]: carry=1 | base=1.80 | wall=4.26 | search=  0 | target=none

[DEPOSIT] R2 deposited! Total: 2
  [PHERO] Laid at (-0.59, 1.74) density=12 prob=0.88 entries=2
  [TARGET] R2 → SITE (-0.59, 1.74)
[DEPOSIT] R3 deposited! Total: 3
  [TARGET] R3 → SITE (0.37, 0.51)
[DEPOSIT] R4 deposited! Total: 4
  [PHERO] Laid at (0.54, -2.43) density=20 prob=1.00 entries=3
  [TARGET] R4 → SITE (0.54, -2.43)

======================================================================
Step 1500 (0.8 min) | Pickups: 4 | Deposits: 4 | Rate: 5.00 tags/min | phero_entries=3 max_w=0.736
======================================================================
R1[SEARCH    ]: carry=0 | base=4.58 | wall=2.04 | search=1344 | target=none
R2[SITE      ]: carry=0 | base=0.71 | wall=5.35 | search=  0 | target=site(-0.59,1.74)
R3[SITE      ]: carry=0 | base=0.44 | wall=5.66 | search=  0 | target=site(0.37,0.51)
R4[BASE_ESC  ]: carry=0 | base=0.23 | wall=5.77 | search=  0 | target=site(0.54,-2.43)

[PICKUP] R3 picked up tag (density=7) | Total: 5
[DEPOSIT] R3 deposited! Total: 5
  [PHERO] Laid at (0.37, 0.46) density=7 prob=0.32 entries=4
  [TARGET] R3 → SITE (0.37, 0.46)

======================================================================
Step 2000 (1.1 min) | Pickups: 5 | Deposits: 5 | Rate: 4.69 tags/min | phero_entries=4 max_w=0.728
======================================================================
R1[SEARCH    ]: carry=0 | base=5.82 | wall=0.45 | search=1844 | target=none
R2[SEARCH    ]: carry=0 | base=1.67 | wall=4.41 | search=217 | target=site(-0.59,1.74)
R3[BASE_ESC  ]: carry=0 | base=0.23 | wall=5.80 | search=  0 | target=site(0.37,0.46)
R4[SITE      ]: carry=0 | base=2.07 | wall=3.98 | search=  0 | target=site(0.54,-2.43)

[PICKUP] R4 picked up tag (density=18) | Total: 6

======================================================================
Step 2500 (1.3 min) | Pickups: 6 | Deposits: 5 | Rate: 3.75 tags/min | phero_entries=4 max_w=0.147
======================================================================
R1[GIVE_UP   ]: carry=0 | base=4.72 | wall=1.49 | search=2028 | target=none
R2[SEARCH    ]: carry=0 | base=2.11 | wall=4.20 | search=717 | target=site(-0.59,1.74)
R3[SEARCH    ]: carry=0 | base=0.38 | wall=5.67 | search=366 | target=site(0.37,0.46)
R4[SURVEY    ]: carry=1 | base=2.48 | wall=3.55 | search=  0 | target=none


======================================================================
Step 3000 (1.6 min) | Pickups: 6 | Deposits: 5 | Rate: 3.12 tags/min | phero_entries=3 max_w=0.030
======================================================================
R1[GIVE_UP   ]: carry=0 | base=2.80 | wall=3.32 | search=2028 | target=none
R2[SEARCH    ]: carry=0 | base=3.43 | wall=3.30 | search=1217 | target=site(-0.59,1.74)
R3[SEARCH    ]: carry=0 | base=2.05 | wall=3.96 | search=866 | target=site(0.37,0.46)
R4[RTB       ]: carry=1 | base=0.86 | wall=5.15 | search=  0 | target=none

[PICKUP] R1 picked up tag (density=11) | Total: 7
[DEPOSIT] R4 deposited! Total: 6
  [PHERO] Laid at (0.39, -2.45) density=18 prob=1.00 entries=4
  [TARGET] R4 → SITE (0.39, -2.45)
[PICKUP] R2 picked up tag (density=24) | Total: 8

======================================================================
Step 3500 (1.9 min) | Pickups: 8 | Deposits: 6 | Rate: 3.21 tags/min | phero_entries=3 max_w=0.337
======================================================================
R1[RTB       ]: carry=1 | base=1.75 | wall=4.31 | search=  0 | target=none
R2[RTB       ]: carry=1 | base=4.14 | wall=2.49 | search=  0 | target=none
R3[SEARCH    ]: carry=0 | base=3.71 | wall=2.30 | search=1366 | target=site(0.37,0.46)
R4[SITE      ]: carry=0 | base=1.08 | wall=4.94 | search=  0 | target=site(0.39,-2.45)

[DEPOSIT] R1 deposited! Total: 7
  [TARGET] R1 → SITE (-0.65, 2.12)

======================================================================
Step 4000 (2.1 min) | Pickups: 8 | Deposits: 7 | Rate: 3.28 tags/min | phero_entries=2 max_w=0.068
======================================================================
R1[BASE_ESC  ]: carry=0 | base=0.24 | wall=5.76 | search=  0 | target=site(-0.65,2.12)
R2[RTB       ]: carry=1 | base=2.23 | wall=4.10 | search=  0 | target=none
R3[SEARCH    ]: carry=0 | base=5.14 | wall=1.05 | search=1866 | target=site(0.37,0.46)
R4[SEARCH    ]: carry=0 | base=2.40 | wall=3.62 | search=147 | target=site(0.39,-2.45)

[PICKUP] R1 picked up tag (density=10) | Total: 9

======================================================================
Step 4500 (2.4 min) | Pickups: 9 | Deposits: 7 | Rate: 2.92 tags/min | phero_entries=1 max_w=0.014
======================================================================
R1[SURVEY    ]: carry=1 | base=1.82 | wall=4.26 | search=  0 | target=none
R2[RTB       ]: carry=1 | base=0.31 | wall=5.74 | search=  0 | target=none
R3[GIVE_UP   ]: carry=0 | base=5.91 | wall=0.39 | search=2340 | target=none
R4[GIVE_UP   ]: carry=0 | base=0.61 | wall=5.40 | search=156 | target=none

[DEPOSIT] R2 deposited! Total: 8
  [PHERO] Laid at (3.51, 2.28) density=24 prob=1.00 entries=2
  [TARGET] R2 → SITE (3.51, 2.28)
  [GIVE-UP] R4 returned empty after 156 searching steps
  [TARGET] R4 → PHERO (3.51, 2.28)
[PICKUP] R2 picked up tag (density=6) | Total: 10

======================================================================
Step 5000 (2.7 min) | Pickups: 10 | Deposits: 8 | Rate: 3.00 tags/min | phero_entries=2 max_w=0.213
======================================================================
R1[RTB       ]: carry=1 | base=0.50 | wall=5.51 | search=  0 | target=none
R2[RTB       ]: carry=1 | base=0.74 | wall=5.31 | search=  0 | target=none
R3[GIVE_UP   ]: carry=0 | base=4.04 | wall=2.15 | search=2340 | target=none
R4[PHERO     ]: carry=0 | base=0.96 | wall=5.09 | search=  0 | target=phero(3.51,2.28)

[DEPOSIT] R1 deposited! Total: 9
  [PHERO] Laid at (-0.51, 1.74) density=10 prob=0.71 entries=3
  [TARGET] R1 → SITE (-0.51, 1.74)
[DEPOSIT] R2 deposited! Total: 10
  [PHERO] Laid at (0.66, 0.31) density=6 prob=0.21 entries=4
  [TARGET] R2 → SITE (0.66, 0.31)
[PICKUP] R3 picked up tag (density=18) | Total: 11
[PICKUP] R2 picked up tag (density=5) | Total: 12

======================================================================
Step 5500 (2.9 min) | Pickups: 12 | Deposits: 10 | Rate: 3.41 tags/min | phero_entries=3 max_w=0.332
======================================================================
R1[SITE      ]: carry=0 | base=1.43 | wall=4.62 | search=  0 | target=site(-0.51,1.74)
R2[SURVEY    ]: carry=1 | base=0.71 | wall=5.37 | search=  0 | target=none
R3[SURVEY    ]: carry=1 | base=2.75 | wall=3.39 | search=  0 | target=none
R4[PHERO     ]: carry=0 | base=2.84 | wall=3.57 | search=  0 | target=phero(3.51,2.28)

[DEPOSIT] R2 deposited! Total: 11
  [TARGET] R2 → SITE (0.63, 0.31)
[PICKUP] R1 picked up tag (density=12) | Total: 13

======================================================================
Step 6000 (3.2 min) | Pickups: 13 | Deposits: 11 | Rate: 3.44 tags/min | phero_entries=3 max_w=0.067
======================================================================
R1[SURVEY    ]: carry=1 | base=1.36 | wall=4.88 | search=  0 | target=none
R2[SITE      ]: carry=0 | base=0.26 | wall=5.74 | search=  0 | target=site(0.63,0.31)
R3[RTB       ]: carry=1 | base=1.22 | wall=4.86 | search=  0 | target=none
R4[GIVE_UP   ]: carry=0 | base=4.07 | wall=2.61 | search=156 | target=none

[PICKUP] R2 picked up tag (density=4) | Total: 14
[DEPOSIT] R3 deposited! Total: 12
  [PHERO] Laid at (0.84, -2.62) density=18 prob=1.00 entries=4
  [TARGET] R3 → SITE (0.84, -2.62)
[DEPOSIT] R1 deposited! Total: 13
  [PHERO] Laid at (-0.77, 1.12) density=12 prob=0.88 entries=5
  [TARGET] R1 → SITE (-0.77, 1.12)

======================================================================
Step 6500 (3.5 min) | Pickups: 14 | Deposits: 13 | Rate: 3.75 tags/min | phero_entries=5 max_w=0.767
======================================================================
R1[BASE_ESC  ]: carry=0 | base=0.22 | wall=5.80 | search=  0 | target=site(-0.77,1.12)
R2[RTB       ]: carry=1 | base=0.70 | wall=5.41 | search=  0 | target=none
R3[SITE      ]: carry=0 | base=0.74 | wall=5.28 | search=  0 | target=site(0.84,-2.62)
R4[GIVE_UP   ]: carry=0 | base=2.17 | wall=4.19 | search=156 | target=none

[DEPOSIT] R2 deposited! Total: 14
  [TARGET] R2 → PHERO (0.84, -2.62)
[PICKUP] R1 picked up tag (density=11) | Total: 15
[PICKUP] R4 picked up tag (density=3) | Total: 16

======================================================================
Step 7000 (3.7 min) | Pickups: 16 | Deposits: 14 | Rate: 3.75 tags/min | phero_entries=4 max_w=0.155
======================================================================
R1[RTB       ]: carry=1 | base=0.92 | wall=5.20 | search=  0 | target=none
R2[PHERO     ]: carry=0 | base=0.79 | wall=5.36 | search=  0 | target=phero(0.84,-2.62)
R3[SITE      ]: carry=0 | base=2.66 | wall=3.47 | search=  0 | target=site(0.84,-2.62)
R4[SURVEY    ]: carry=1 | base=0.98 | wall=5.18 | search=  0 | target=none

[PICKUP] R3 picked up tag (density=17) | Total: 17
[DEPOSIT] R1 deposited! Total: 15
  [PHERO] Laid at (-0.54, 0.86) density=11 prob=0.80 entries=5
  [TARGET] R1 → SITE (-0.54, 0.86)
[DEPOSIT] R4 deposited! Total: 16
  [TARGET] R4 → PHERO (-0.77, 1.12)

======================================================================
Step 7500 (4.0 min) | Pickups: 17 | Deposits: 16 | Rate: 4.00 tags/min | phero_entries=3 max_w=0.356
======================================================================
R1[SEARCH    ]: carry=0 | base=0.99 | wall=5.16 | search=  9 | target=site(-0.54,0.86)
R2[PHERO     ]: carry=0 | base=2.44 | wall=3.70 | search=  0 | target=phero(0.84,-2.62)
R3[RTB       ]: carry=1 | base=2.15 | wall=3.96 | search=  0 | target=none
R4[PHERO     ]: carry=0 | base=0.29 | wall=5.72 | search=  0 | target=phero(-0.77,1.12)

[PICKUP] R1 picked up tag (density=10) | Total: 18
[PICKUP] R2 picked up tag (density=16) | Total: 19
[PICKUP] R4 picked up tag (density=9) | Total: 20
[DEPOSIT] R1 deposited! Total: 17
  [TARGET] R1 → SITE (-0.54, 0.85)
[DEPOSIT] R3 deposited! Total: 18
  [PHERO] Laid at (0.83, -2.59) density=17 prob=0.99 entries=4
  [TARGET] R3 → SITE (0.83, -2.59)

======================================================================
Step 8000 (4.3 min) | Pickups: 20 | Deposits: 18 | Rate: 4.22 tags/min | phero_entries=4 max_w=0.981
======================================================================
R1[BASE_ESC  ]: carry=0 | base=0.22 | wall=5.80 | search=  0 | target=site(-0.54,0.85)
R2[RTB       ]: carry=1 | base=2.45 | wall=3.68 | search=  0 | target=none
R3[BASE_ESC  ]: carry=0 | base=0.24 | wall=5.78 | search=  0 | target=site(0.83,-2.59)
R4[SURVEY    ]: carry=1 | base=1.07 | wall=5.08 | search=  0 | target=none

[DEPOSIT] R4 deposited! Total: 19
  [PHERO] Laid at (-0.55, 0.92) density=9 prob=0.59 entries=5
  [TARGET] R4 → SITE (-0.55, 0.92)
[PICKUP] R1 picked up tag (density=8) | Total: 21

======================================================================
Step 8500 (4.5 min) | Pickups: 21 | Deposits: 19 | Rate: 4.19 tags/min | phero_entries=4 max_w=0.639
======================================================================
R1[SURVEY    ]: carry=1 | base=1.04 | wall=5.17 | search=  0 | target=none
R2[RTB       ]: carry=1 | base=0.71 | wall=5.33 | search=  0 | target=none
R3[SITE      ]: carry=0 | base=1.57 | wall=4.52 | search=  0 | target=site(0.83,-2.59)
R4[SITE      ]: carry=0 | base=0.33 | wall=5.76 | search=  0 | target=site(-0.55,0.92)

[DEPOSIT] R2 deposited! Total: 20
  [PHERO] Laid at (0.80, -2.63) density=16 prob=0.99 entries=4
  [TARGET] R2 → SITE (0.80, -2.63)
[DEPOSIT] R1 deposited! Total: 21
  [TARGET] R1 → SITE (-0.62, 0.83)

======================================================================
Step 9000 (4.8 min) | Pickups: 21 | Deposits: 21 | Rate: 4.38 tags/min | phero_entries=4 max_w=0.297
======================================================================
R1[BASE_ESC  ]: carry=0 | base=0.24 | wall=5.77 | search=  0 | target=site(-0.62,0.83)
R2[SITE      ]: carry=0 | base=1.23 | wall=4.85 | search=  0 | target=site(0.80,-2.63)
R3[SEARCH    ]: carry=0 | base=2.60 | wall=3.53 | search=212 | target=site(0.83,-2.59)
R4[GIVE_UP   ]: carry=0 | base=1.43 | wall=4.78 | search=312 | target=none

[PICKUP] R3 picked up tag (density=15) | Total: 22
[PICKUP] R4 picked up tag (density=7) | Total: 23
[PICKUP] R1 picked up tag (density=6) | Total: 24

======================================================================
Step 9500 (5.1 min) | Pickups: 24 | Deposits: 21 | Rate: 4.14 tags/min | phero_entries=3 max_w=0.060
======================================================================
R1[SURVEY    ]: carry=1 | base=1.04 | wall=5.17 | search=  0 | target=none
R2[SITE      ]: carry=0 | base=2.67 | wall=3.46 | search=  0 | target=site(0.80,-2.63)
R3[RTB       ]: carry=1 | base=2.36 | wall=3.74 | search=  0 | target=none
R4[RTB       ]: carry=1 | base=0.65 | wall=5.45 | search=  0 | target=none

[DEPOSIT] R4 deposited! Total: 22
  [PHERO] Laid at (-0.76, 1.10) density=7 prob=0.32 entries=4
  [TARGET] R4 → SITE (-0.76, 1.10)
[DEPOSIT] R1 deposited! Total: 23
  [PHERO] Laid at (-0.63, 0.83) density=6 prob=0.21 entries=5
  [TARGET] R1 → SITE (-0.63, 0.83)

======================================================================
Step 10000 (5.3 min) | Pickups: 24 | Deposits: 23 | Rate: 4.31 tags/min | phero_entries=5 max_w=0.446
======================================================================
R1[SITE      ]: carry=0 | base=0.73 | wall=5.39 | search=  0 | target=site(-0.63,0.83)
R2[SEARCH    ]: carry=0 | base=3.33 | wall=3.54 | search=490 | target=site(0.80,-2.63)
R3[RTB       ]: carry=1 | base=0.44 | wall=5.58 | search=  0 | target=none
R4[SITE      ]: carry=0 | base=1.29 | wall=4.94 | search=  0 | target=site(-0.76,1.10)

[DEPOSIT] R3 deposited! Total: 24
  [PHERO] Laid at (0.72, -2.47) density=15 prob=0.98 entries=6
  [TARGET] R3 → SITE (0.72, -2.47)

======================================================================
Step 10500 (5.6 min) | Pickups: 24 | Deposits: 24 | Rate: 4.29 tags/min | phero_entries=5 max_w=0.237
======================================================================
R1[BASE_ESC  ]: carry=0 | base=0.25 | wall=5.80 | search=431 | target=site(-0.63,0.83)
R2[GIVE_UP   ]: carry=0 | base=2.29 | wall=4.19 | search=624 | target=none
R3[SITE      ]: carry=0 | base=1.51 | wall=4.57 | search=  0 | target=site(0.72,-2.47)
R4[GIVE_UP   ]: carry=0 | base=1.80 | wall=4.51 | search=468 | target=none

  [GIVE-UP] R1 returned empty after 468 searching steps
  [TARGET] R1 → PHERO (-0.63, 0.83)
[PICKUP] R4 picked up tag (density=5) | Total: 25
[PICKUP] R2 picked up tag (density=12) | Total: 26

======================================================================
Step 11000 (5.9 min) | Pickups: 26 | Deposits: 24 | Rate: 4.09 tags/min | phero_entries=3 max_w=0.048
======================================================================
R1[PHERO     ]: carry=0 | base=0.85 | wall=5.28 | search=  0 | target=phero(-0.63,0.83)
R2[RTB       ]: carry=1 | base=1.36 | wall=4.92 | search=  0 | target=none
R3[SEARCH    ]: carry=0 | base=2.32 | wall=3.93 | search=234 | target=site(0.72,-2.47)
R4[RTB       ]: carry=1 | base=0.90 | wall=5.26 | search=  0 | target=none

[DEPOSIT] R4 deposited! Total: 25
  [TARGET] R4 → SITE (-0.80, 1.06)
[DEPOSIT] R2 deposited! Total: 26
  [TARGET] R2 → SITE (1.07, -0.84)

======================================================================
Step 11500 (6.1 min) | Pickups: 26 | Deposits: 26 | Rate: 4.24 tags/min | phero_entries=3 max_w=0.010
======================================================================
R1[SEARCH    ]: carry=0 | base=1.58 | wall=4.55 | search=433 | target=phero(-0.63,0.83)
R2[SITE      ]: carry=0 | base=0.35 | wall=5.67 | search=  0 | target=site(1.07,-0.84)
R3[SEARCH    ]: carry=0 | base=1.35 | wall=4.75 | search=734 | target=site(0.72,-2.47)
R4[SITE      ]: carry=0 | base=0.99 | wall=5.18 | search=  0 | target=site(-0.80,1.06)

[PICKUP] R4 picked up tag (density=4) | Total: 27
[PICKUP] R2 picked up tag (density=11) | Total: 28
[PICKUP] R1 picked up tag (density=20) | Total: 29

======================================================================
Step 12000 (6.4 min) | Pickups: 29 | Deposits: 26 | Rate: 4.06 tags/min | phero_entries=1 max_w=0.002
======================================================================
R1[SURVEY    ]: carry=1 | base=3.30 | wall=3.05 | search=  0 | target=none
R2[RTB       ]: carry=1 | base=1.12 | wall=5.06 | search=  0 | target=none
R3[SEARCH    ]: carry=0 | base=1.59 | wall=4.76 | search=1234 | target=site(0.72,-2.47)
R4[RTB       ]: carry=1 | base=0.40 | wall=5.67 | search=  0 | target=none

[DEPOSIT] R4 deposited! Total: 27
  [TARGET] R4 → SITE (-0.71, 0.97)
[DEPOSIT] R2 deposited! Total: 28
  [PHERO] Laid at (0.92, -0.69) density=11 prob=0.80 entries=1
  [TARGET] R2 → SITE (0.92, -0.69)
[PICKUP] R4 picked up tag (density=3) | Total: 30

======================================================================
Step 12500 (6.7 min) | Pickups: 30 | Deposits: 28 | Rate: 4.20 tags/min | phero_entries=1 max_w=0.427
======================================================================
R1[RTB       ]: carry=1 | base=2.25 | wall=3.97 | search=  0 | target=none
R2[SITE      ]: carry=0 | base=0.78 | wall=5.34 | search=  0 | target=site(0.92,-0.69)
R3[SEARCH    ]: carry=0 | base=3.18 | wall=3.01 | search=1734 | target=site(0.72,-2.47)
R4[SURVEY    ]: carry=1 | base=1.27 | wall=5.02 | search=  0 | target=none

[PICKUP] R2 picked up tag (density=10) | Total: 31

======================================================================
Step 13000 (6.9 min) | Pickups: 31 | Deposits: 28 | Rate: 4.04 tags/min | phero_entries=1 max_w=0.086
======================================================================
R1[RTB       ]: carry=1 | base=0.34 | wall=5.69 | search=  0 | target=none
R2[SURVEY    ]: carry=1 | base=1.02 | wall=5.23 | search=  0 | target=none
R3[SEARCH    ]: carry=0 | base=4.61 | wall=1.44 | search=2234 | target=site(0.72,-2.47)
R4[RTB       ]: carry=1 | base=0.31 | wall=5.75 | search=  0 | target=none

[DEPOSIT] R4 deposited! Total: 29
  [TARGET] R4 → SITE (-0.80, 0.98)
[DEPOSIT] R1 deposited! Total: 30
  [PHERO] Laid at (-1.48, 2.94) density=20 prob=1.00 entries=2
  [TARGET] R1 → SITE (-1.48, 2.94)
[PICKUP] R3 picked up tag (density=24) | Total: 32
[DEPOSIT] R2 deposited! Total: 31
  [PHERO] Laid at (0.78, -0.67) density=10 prob=0.71 entries=3
  [TARGET] R2 → SITE (0.78, -0.67)
[PICKUP] R4 picked up tag (density=2) | Total: 33

======================================================================
Step 13500 (7.2 min) | Pickups: 33 | Deposits: 31 | Rate: 4.31 tags/min | phero_entries=3 max_w=0.641
======================================================================
R1[SITE      ]: carry=0 | base=1.60 | wall=4.54 | search=  0 | target=site(-1.48,2.94)
R2[SITE      ]: carry=0 | base=0.32 | wall=5.70 | search=  0 | target=site(0.78,-0.67)
R3[RTB       ]: carry=1 | base=5.05 | wall=0.95 | search=  0 | target=none
R4[SURVEY    ]: carry=1 | base=1.07 | wall=5.19 | search=  0 | target=none

[PICKUP] R2 picked up tag (density=9) | Total: 34
[DEPOSIT] R4 deposited! Total: 32
  [TARGET] R4 → PHERO (-1.48, 2.94)
[PICKUP] R1 picked up tag (density=19) | Total: 35

======================================================================
Step 14000 (7.5 min) | Pickups: 35 | Deposits: 32 | Rate: 4.29 tags/min | phero_entries=3 max_w=0.129
======================================================================
R1[SURVEY    ]: carry=1 | base=3.28 | wall=3.08 | search=  0 | target=none
R2[SURVEY    ]: carry=1 | base=1.00 | wall=5.27 | search=  0 | target=none
R3[RTB       ]: carry=1 | base=3.15 | wall=2.85 | search=  0 | target=none
R4[PHERO     ]: carry=0 | base=0.57 | wall=5.47 | search=  0 | target=phero(-1.48,2.94)

[DEPOSIT] R2 deposited! Total: 33
  [TARGET] R2 → SITE (0.73, -0.67)

======================================================================
Step 14500 (7.7 min) | Pickups: 35 | Deposits: 33 | Rate: 4.27 tags/min | phero_entries=2 max_w=0.026
======================================================================
R1[RTB       ]: carry=1 | base=2.43 | wall=3.81 | search=  0 | target=none
R2[SITE      ]: carry=0 | base=0.51 | wall=5.56 | search=  0 | target=site(0.73,-0.67)
R3[RTB       ]: carry=1 | base=1.23 | wall=4.77 | search=  0 | target=none
R4[PHERO     ]: carry=0 | base=2.44 | wall=3.82 | search=  0 | target=phero(-1.48,2.94)

[DEPOSIT] R3 deposited! Total: 34
  [PHERO] Laid at (0.12, 5.11) density=24 prob=1.00 entries=3
  [TARGET] R3 → SITE (0.12, 5.11)
[PICKUP] R4 picked up tag (density=18) | Total: 36

======================================================================
Step 15000 (8.0 min) | Pickups: 36 | Deposits: 34 | Rate: 4.25 tags/min | phero_entries=3 max_w=0.457
======================================================================
R1[RTB       ]: carry=1 | base=0.51 | wall=5.54 | search=  0 | target=none
R2[SEARCH    ]: carry=0 | base=0.45 | wall=5.55 | search=382 | target=site(0.73,-0.67)
R3[SITE      ]: carry=0 | base=0.73 | wall=5.28 | search=  0 | target=site(0.12,5.11)
R4[SURVEY    ]: carry=1 | base=3.50 | wall=2.91 | search=  0 | target=none

[DEPOSIT] R1 deposited! Total: 35
  [PHERO] Laid at (-1.49, 2.92) density=19 prob=1.00 entries=4
  [TARGET] R1 → SITE (-1.49, 2.92)
[PICKUP] R2 picked up tag (density=9) | Total: 37
[DEPOSIT] R2 deposited! Total: 36
  [PHERO] Laid at (-0.40, -0.37) density=9 prob=0.59 entries=4
  [TARGET] R2 → SITE (-0.40, -0.37)

======================================================================
Step 15500 (8.3 min) | Pickups: 37 | Deposits: 36 | Rate: 4.35 tags/min | phero_entries=4 max_w=0.877
======================================================================
R1[SITE      ]: carry=0 | base=1.44 | wall=4.74 | search=  0 | target=site(-1.49,2.92)
R2[BASE_ESC  ]: carry=0 | base=0.22 | wall=5.82 | search=  0 | target=site(-0.40,-0.37)
R3[SITE      ]: carry=0 | base=2.64 | wall=3.36 | search=  0 | target=site(0.12,5.11)
R4[RTB       ]: carry=1 | base=2.31 | wall=3.94 | search=  0 | target=none

[PICKUP] R2 picked up tag (density=8) | Total: 38

======================================================================
Step 16000 (8.5 min) | Pickups: 38 | Deposits: 36 | Rate: 4.22 tags/min | phero_entries=3 max_w=0.177
======================================================================
R1[SEARCH    ]: carry=0 | base=3.24 | wall=3.12 | search=  5 | target=site(-1.49,2.92)
R2[RTB       ]: carry=1 | base=0.51 | wall=5.62 | search=  0 | target=none
R3[SITE      ]: carry=0 | base=4.56 | wall=1.44 | search=  0 | target=site(0.12,5.11)
R4[RTB       ]: carry=1 | base=0.43 | wall=5.62 | search=  0 | target=none

[DEPOSIT] R4 deposited! Total: 37
  [PHERO] Laid at (-1.65, 3.09) density=18 prob=1.00 entries=4
  [TARGET] R4 → SITE (-1.65, 3.09)
[PICKUP] R1 picked up tag (density=17) | Total: 39
[DEPOSIT] R2 deposited! Total: 38
  [TARGET] R2 → SITE (-0.43, -0.42)
[PICKUP] R3 picked up tag (density=21) | Total: 40

======================================================================
Step 16500 (8.8 min) | Pickups: 40 | Deposits: 38 | Rate: 4.32 tags/min | phero_entries=4 max_w=0.235
======================================================================
R1[RTB       ]: carry=1 | base=2.67 | wall=3.61 | search=  0 | target=none
R2[SEARCH    ]: carry=0 | base=0.52 | wall=5.49 | search=208 | target=site(-0.43,-0.42)
R3[RTB       ]: carry=1 | base=4.39 | wall=1.61 | search=  0 | target=none
R4[SITE      ]: carry=0 | base=1.52 | wall=4.69 | search=  0 | target=site(-1.65,3.09)

[PICKUP] R2 picked up tag (density=8) | Total: 41

======================================================================
Step 17000 (9.1 min) | Pickups: 41 | Deposits: 38 | Rate: 4.19 tags/min | phero_entries=3 max_w=0.047
======================================================================
R1[RTB       ]: carry=1 | base=0.75 | wall=5.33 | search=  0 | target=none
R2[RTB       ]: carry=1 | base=1.13 | wall=5.14 | search=  0 | target=none
R3[RTB       ]: carry=1 | base=2.47 | wall=3.53 | search=  0 | target=none
R4[SITE      ]: carry=0 | base=3.44 | wall=2.97 | search=  0 | target=site(-1.65,3.09)

[DEPOSIT] R1 deposited! Total: 39
  [PHERO] Laid at (-1.53, 2.91) density=17 prob=0.99 entries=4
  [TARGET] R1 → SITE (-1.53, 2.91)
[DEPOSIT] R2 deposited! Total: 40
  [TARGET] R2 → SITE (0.83, -0.74)

======================================================================
Step 17500 (9.3 min) | Pickups: 41 | Deposits: 40 | Rate: 4.29 tags/min | phero_entries=3 max_w=0.307
======================================================================
R1[SITE      ]: carry=0 | base=1.18 | wall=4.92 | search=  0 | target=site(-1.53,2.91)
R2[SITE      ]: carry=0 | base=0.62 | wall=5.48 | search=  0 | target=site(0.83,-0.74)
R3[RTB       ]: carry=1 | base=0.55 | wall=5.45 | search=  0 | target=none
R4[SEARCH    ]: carry=0 | base=4.03 | wall=2.44 | search=497 | target=site(-1.65,3.09)

[DEPOSIT] R3 deposited! Total: 41
  [PHERO] Laid at (0.12, 5.00) density=21 prob=1.00 entries=4
  [TARGET] R3 → SITE (0.12, 5.00)

======================================================================
Step 18000 (9.6 min) | Pickups: 41 | Deposits: 41 | Rate: 4.27 tags/min | phero_entries=3 max_w=0.260
======================================================================
R1[SITE      ]: carry=0 | base=3.10 | wall=3.26 | search=  0 | target=site(-1.53,2.91)
R2[SEARCH    ]: carry=0 | base=0.47 | wall=5.54 | search=381 | target=site(0.83,-0.74)
R3[SITE      ]: carry=0 | base=1.39 | wall=4.61 | search=  0 | target=site(0.12,5.00)
R4[SEARCH    ]: carry=0 | base=5.68 | wall=1.14 | search=997 | target=site(-1.65,3.09)

[PICKUP] R1 picked up tag (density=16) | Total: 42
  [GIVE-UP] R2 returned empty after 468 searching steps
  [TARGET] R2 → PHERO (0.12, 5.00)

======================================================================
Step 18500 (9.9 min) | Pickups: 42 | Deposits: 41 | Rate: 4.16 tags/min | phero_entries=2 max_w=0.052
======================================================================
R1[RTB       ]: carry=1 | base=2.83 | wall=3.48 | search=  0 | target=none
R2[PHERO     ]: carry=0 | base=0.41 | wall=5.70 | search=  0 | target=phero(0.12,5.00)
R3[SITE      ]: carry=0 | base=3.30 | wall=2.70 | search=  0 | target=site(0.12,5.00)
R4[WALL_ESC  ]: carry=0 | base=6.72 | wall=0.34 | search=1497 | target=site(-1.65,3.09)


======================================================================
Step 19000 (10.1 min) | Pickups: 42 | Deposits: 41 | Rate: 4.05 tags/min | phero_entries=2 max_w=0.011
======================================================================
R1[RTB       ]: carry=1 | base=0.91 | wall=5.19 | search=  0 | target=none
R2[PHERO     ]: carry=0 | base=2.22 | wall=3.78 | search=  0 | target=phero(0.12,5.00)
R3[SEARCH    ]: carry=0 | base=5.01 | wall=0.99 | search= 72 | target=site(0.12,5.00)
R4[WALL_ESC  ]: carry=0 | base=6.72 | wall=0.31 | search=1997 | target=site(-1.65,3.09)

[DEPOSIT] R1 deposited! Total: 42
  [PHERO] Laid at (-1.56, 2.89) density=16 prob=0.99 entries=3
  [TARGET] R1 → SITE (-1.56, 2.89)

======================================================================
Step 19500 (10.4 min) | Pickups: 42 | Deposits: 42 | Rate: 4.04 tags/min | phero_entries=2 max_w=0.349
======================================================================
R1[SITE      ]: carry=0 | base=1.04 | wall=5.13 | search=  0 | target=site(-1.56,2.89)
R2[PHERO     ]: carry=0 | base=4.13 | wall=1.87 | search=  0 | target=phero(0.12,5.00)
R3[GIVE_UP   ]: carry=0 | base=3.38 | wall=2.62 | search=312 | target=none
R4[GIVE_UP   ]: carry=0 | base=6.23 | wall=0.70 | search=2340 | target=none

[PICKUP] R2 picked up tag (density=23) | Total: 43

======================================================================
Step 20000 (10.7 min) | Pickups: 43 | Deposits: 42 | Rate: 3.94 tags/min | phero_entries=1 max_w=0.070
======================================================================
R1[SITE      ]: carry=0 | base=2.95 | wall=3.41 | search=  0 | target=site(-1.56,2.89)
R2[SURVEY    ]: carry=1 | base=5.06 | wall=0.94 | search=  0 | target=none
R3[GIVE_UP   ]: carry=0 | base=1.46 | wall=4.54 | search=312 | target=none
R4[GIVE_UP   ]: carry=0 | base=4.31 | wall=2.34 | search=2340 | target=none

[PICKUP] R1 picked up tag (density=15) | Total: 44
[PICKUP] R4 picked up tag (density=13) | Total: 45
  [GIVE-UP] R3 returned empty after 312 searching steps
  [TARGET] R3 → PHERO (-1.56, 2.89)

======================================================================
Step 20500 (10.9 min) | Pickups: 45 | Deposits: 42 | Rate: 3.84 tags/min | phero_entries=1 max_w=0.014
======================================================================
R1[RTB       ]: carry=1 | base=2.23 | wall=4.02 | search=  0 | target=none
R2[RTB       ]: carry=1 | base=3.52 | wall=2.48 | search=  0 | target=none
R3[PHERO     ]: carry=0 | base=0.43 | wall=5.57 | search=  0 | target=phero(-1.56,2.89)
R4[RTB       ]: carry=1 | base=3.20 | wall=3.25 | search=  0 | target=none


======================================================================
Step 21000 (11.2 min) | Pickups: 45 | Deposits: 42 | Rate: 3.75 tags/min | phero_entries=1 max_w=0.003
======================================================================
R1[RTB       ]: carry=1 | base=0.31 | wall=5.73 | search=  0 | target=none
R2[RTB       ]: carry=1 | base=1.60 | wall=4.40 | search=  0 | target=none
R3[PHERO     ]: carry=0 | base=2.28 | wall=3.96 | search=  0 | target=phero(-1.56,2.89)
R4[RTB       ]: carry=1 | base=1.28 | wall=4.90 | search=  0 | target=none

[DEPOSIT] R1 deposited! Total: 43
  [PHERO] Laid at (-1.48, 2.73) density=15 prob=0.98 entries=2
  [TARGET] R1 → SITE (-1.48, 2.73)
[DEPOSIT] R4 deposited! Total: 44
  [PHERO] Laid at (-1.91, 3.10) density=13 prob=0.93 entries=3
  [TARGET] R4 → SITE (-1.91, 3.10)
[PICKUP] R3 picked up tag (density=13) | Total: 46
[DEPOSIT] R2 deposited! Total: 45
  [PHERO] Laid at (0.05, 5.06) density=23 prob=1.00 entries=3
  [TARGET] R2 → SITE (0.05, 5.06)

======================================================================
Step 21500 (11.5 min) | Pickups: 46 | Deposits: 45 | Rate: 3.92 tags/min | phero_entries=3 max_w=0.623
======================================================================
R1[SITE      ]: carry=0 | base=1.64 | wall=4.58 | search=  0 | target=site(-1.48,2.73)
R2[SITE      ]: carry=0 | base=0.36 | wall=5.65 | search=  0 | target=site(0.05,5.06)
R3[SURVEY    ]: carry=1 | base=3.27 | wall=3.14 | search=  0 | target=none
R4[SITE      ]: carry=0 | base=0.68 | wall=5.47 | search=  0 | target=site(-1.91,3.10)

[PICKUP] R1 picked up tag (density=12) | Total: 47

======================================================================
Step 22000 (11.7 min) | Pickups: 47 | Deposits: 45 | Rate: 3.84 tags/min | phero_entries=3 max_w=0.126
======================================================================
R1[SURVEY    ]: carry=1 | base=3.12 | wall=3.27 | search=  0 | target=none
R2[SITE      ]: carry=0 | base=2.26 | wall=3.74 | search=  0 | target=site(0.05,5.06)
R3[RTB       ]: carry=1 | base=1.68 | wall=4.51 | search=  0 | target=none
R4[SITE      ]: carry=0 | base=2.59 | wall=3.81 | search=  0 | target=site(-1.91,3.10)

[PICKUP] R4 picked up tag (density=11) | Total: 48
[DEPOSIT] R3 deposited! Total: 46
  [PHERO] Laid at (-1.57, 2.86) density=13 prob=0.93 entries=4
  [TARGET] R3 → SITE (-1.57, 2.86)

======================================================================
Step 22500 (12.0 min) | Pickups: 48 | Deposits: 46 | Rate: 3.83 tags/min | phero_entries=4 max_w=0.666
======================================================================
R1[RTB       ]: carry=1 | base=1.90 | wall=4.32 | search=  0 | target=none
R2[SITE      ]: carry=0 | base=4.18 | wall=1.82 | search=  0 | target=site(0.05,5.06)
R3[SITE      ]: carry=0 | base=0.28 | wall=5.73 | search=  0 | target=site(-1.57,2.86)
R4[RTB       ]: carry=1 | base=2.38 | wall=3.96 | search=  0 | target=none

[DEPOSIT] R1 deposited! Total: 47
  [PHERO] Laid at (-1.51, 2.72) density=12 prob=0.88 entries=5
  [TARGET] R1 → SITE (-1.51, 2.72)

======================================================================
Step 23000 (12.3 min) | Pickups: 48 | Deposits: 47 | Rate: 3.83 tags/min | phero_entries=5 max_w=0.802
======================================================================
R1[BASE_ESC  ]: carry=0 | base=0.22 | wall=5.82 | search=  0 | target=site(-1.51,2.72)
R2[SEARCH    ]: carry=0 | base=5.07 | wall=0.94 | search=285 | target=site(0.05,5.06)
R3[SITE      ]: carry=0 | base=2.16 | wall=4.09 | search=  0 | target=site(-1.57,2.86)
R4[RTB       ]: carry=1 | base=0.46 | wall=5.60 | search=  0 | target=none

[DEPOSIT] R4 deposited! Total: 48
  [PHERO] Laid at (-1.60, 2.55) density=11 prob=0.80 entries=6
  [TARGET] R4 → SITE (-1.60, 2.55)

======================================================================
Step 23500 (12.5 min) | Pickups: 48 | Deposits: 48 | Rate: 3.83 tags/min | phero_entries=4 max_w=0.242
======================================================================
R1[SITE      ]: carry=0 | base=1.96 | wall=4.31 | search=  0 | target=site(-1.51,2.72)
R2[WALL_ESC  ]: carry=0 | base=5.68 | wall=0.33 | search=785 | target=site(0.05,5.06)
R3[SEARCH    ]: carry=0 | base=3.16 | wall=3.18 | search=226 | target=site(-1.57,2.86)
R4[SITE      ]: carry=0 | base=1.47 | wall=4.72 | search=  0 | target=site(-1.60,2.55)


======================================================================
Step 24000 (12.8 min) | Pickups: 48 | Deposits: 48 | Rate: 3.75 tags/min | phero_entries=3 max_w=0.049
======================================================================
R1[SEARCH    ]: carry=0 | base=3.17 | wall=3.17 | search=212 | target=site(-1.51,2.72)
R2[WALL_ESC  ]: carry=0 | base=5.67 | wall=0.33 | search=1285 | target=site(0.05,5.06)
R3[GIVE_UP   ]: carry=0 | base=2.19 | wall=3.99 | search=312 | target=none
R4[SEARCH    ]: carry=0 | base=3.01 | wall=3.49 | search=111 | target=site(-1.60,2.55)

[PICKUP] R1 picked up tag (density=10) | Total: 49

======================================================================
Step 24500 (13.1 min) | Pickups: 49 | Deposits: 48 | Rate: 3.67 tags/min | phero_entries=3 max_w=0.010
======================================================================
R1[RTB       ]: carry=1 | base=2.74 | wall=3.58 | search=  0 | target=none
R2[WALL_ESC  ]: carry=0 | base=5.67 | wall=0.34 | search=1716 | target=none
R3[GIVE_UP   ]: carry=0 | base=0.27 | wall=5.75 | search=312 | target=none
R4[SEARCH    ]: carry=0 | base=1.40 | wall=4.72 | search=611 | target=site(-1.60,2.55)

  [GIVE-UP] R3 returned empty after 312 searching steps
  [TARGET] R3 → PHERO (-1.60, 2.55)
[PICKUP] R4 picked up tag (density=7) | Total: 50

======================================================================
Step 25000 (13.3 min) | Pickups: 50 | Deposits: 48 | Rate: 3.60 tags/min | phero_entries=2 max_w=0.002
======================================================================
R1[RTB       ]: carry=1 | base=1.03 | wall=5.08 | search=  0 | target=none
R2[GIVE_UP   ]: carry=0 | base=3.82 | wall=2.18 | search=1716 | target=none
R3[PHERO     ]: carry=0 | base=1.43 | wall=4.76 | search=  0 | target=phero(-1.60,2.55)
R4[SURVEY    ]: carry=1 | base=0.66 | wall=5.42 | search=  0 | target=none

[DEPOSIT] R1 deposited! Total: 49
  [PHERO] Laid at (-1.64, 2.95) density=10 prob=0.71 entries=2
  [TARGET] R1 → SITE (-1.64, 2.95)
[DEPOSIT] R4 deposited! Total: 50
  [TARGET] R4 → SITE (-0.58, -0.31)
[PICKUP] R3 picked up tag (density=9) | Total: 51

======================================================================
Step 25500 (13.6 min) | Pickups: 51 | Deposits: 50 | Rate: 3.68 tags/min | phero_entries=1 max_w=0.387
======================================================================
R1[SITE      ]: carry=0 | base=0.93 | wall=5.22 | search=  0 | target=site(-1.64,2.95)
R2[GIVE_UP   ]: carry=0 | base=1.90 | wall=4.10 | search=1716 | target=none
R3[SURVEY    ]: carry=1 | base=3.05 | wall=3.46 | search=  0 | target=none
R4[SITE      ]: carry=0 | base=0.39 | wall=5.72 | search=  0 | target=site(-0.58,-0.31)

  [GIVE-UP] R2 returned empty after 1716 searching steps
  [TARGET] R2 → PHERO (-1.64, 2.95)

======================================================================
Step 26000 (13.9 min) | Pickups: 51 | Deposits: 50 | Rate: 3.61 tags/min | phero_entries=1 max_w=0.078
======================================================================
R1[SITE      ]: carry=0 | base=2.85 | wall=3.52 | search=  0 | target=site(-1.64,2.95)
R2[BASE_ESC  ]: carry=0 | base=0.22 | wall=5.78 | search=  0 | target=phero(-1.64,2.95)
R3[RTB       ]: carry=1 | base=2.11 | wall=4.22 | search=  0 | target=none
R4[SEARCH    ]: carry=0 | base=0.77 | wall=5.28 | search=434 | target=site(-0.58,-0.31)

[PICKUP] R4 picked up tag (density=1) | Total: 52
[PICKUP] R1 picked up tag (density=8) | Total: 53
[DEPOSIT] R3 deposited! Total: 51
  [TARGET] R3 → SITE (-1.68, 2.54)

======================================================================
Step 26500 (14.1 min) | Pickups: 53 | Deposits: 51 | Rate: 3.61 tags/min | phero_entries=1 max_w=0.016
======================================================================
R1[RTB       ]: carry=1 | base=3.08 | wall=3.28 | search=  0 | target=none
R2[PHERO     ]: carry=0 | base=1.99 | wall=4.24 | search=  0 | target=phero(-1.64,2.95)
R3[BASE_ESC  ]: carry=0 | base=0.23 | wall=5.80 | search=  0 | target=site(-1.68,2.54)
R4[RTB       ]: carry=1 | base=0.50 | wall=5.62 | search=  0 | target=none

[DEPOSIT] R4 deposited! Total: 52
  [TARGET] R4 → PHERO (-1.64, 2.95)

======================================================================
Step 27000 (14.4 min) | Pickups: 53 | Deposits: 52 | Rate: 3.61 tags/min | phero_entries=1 max_w=0.003
======================================================================
R1[RTB       ]: carry=1 | base=1.36 | wall=4.79 | search=  0 | target=none
R2[SEARCH    ]: carry=0 | base=3.33 | wall=3.05 | search=118 | target=phero(-1.64,2.95)
R3[SITE      ]: carry=0 | base=1.77 | wall=4.50 | search=  0 | target=site(-1.68,2.54)
R4[PHERO     ]: carry=0 | base=1.41 | wall=4.78 | search=  0 | target=phero(-1.64,2.95)

[DEPOSIT] R1 deposited! Total: 53
  [TARGET] R1 → SITE (-1.65, 2.92)
[PICKUP] R2 picked up tag (density=7) | Total: 54
[PICKUP] R3 picked up tag (density=6) | Total: 55

======================================================================
Step 27500 (14.7 min) | Pickups: 55 | Deposits: 53 | Rate: 3.61 tags/min | phero_entries=0 max_w=0.000
======================================================================
R1[SITE      ]: carry=0 | base=0.60 | wall=5.53 | search=  0 | target=site(-1.65,2.92)
R2[SURVEY    ]: carry=1 | base=3.48 | wall=3.01 | search=  0 | target=none
R3[SURVEY    ]: carry=1 | base=3.07 | wall=3.38 | search=  0 | target=none
R4[PHERO     ]: carry=0 | base=3.32 | wall=3.10 | search=  0 | target=phero(-1.64,2.95)

[PICKUP] R4 picked up tag (density=5) | Total: 56

======================================================================
Step 28000 (14.9 min) | Pickups: 56 | Deposits: 53 | Rate: 3.55 tags/min | phero_entries=0 max_w=0.000
======================================================================
R1[SITE      ]: carry=0 | base=2.24 | wall=4.09 | search=  0 | target=site(-1.65,2.92)
R2[RTB       ]: carry=1 | base=1.94 | wall=4.33 | search=  0 | target=none
R3[RTB       ]: carry=1 | base=2.08 | wall=4.21 | search=  0 | target=none
R4[RTB       ]: carry=1 | base=2.97 | wall=3.39 | search=  0 | target=none

[DEPOSIT] R2 deposited! Total: 54
  [TARGET] R2 → SITE (-1.78, 3.00)
[PICKUP] R1 picked up tag (density=4) | Total: 57
[DEPOSIT] R3 deposited! Total: 55
  [PHERO] Laid at (-1.60, 2.62) density=6 prob=0.21 entries=1
  [TARGET] R3 → SITE (-1.60, 2.62)

======================================================================
Step 28500 (15.2 min) | Pickups: 57 | Deposits: 55 | Rate: 3.62 tags/min | phero_entries=1 max_w=0.938
======================================================================
R1[SURVEY    ]: carry=1 | base=3.50 | wall=3.05 | search=  0 | target=none
R2[BASE_ESC  ]: carry=0 | base=0.18 | wall=5.87 | search=  0 | target=site(-1.78,3.00)
R3[BASE_ESC  ]: carry=0 | base=0.23 | wall=5.80 | search=  0 | target=site(-1.60,2.62)
R4[RTB       ]: carry=1 | base=1.05 | wall=5.08 | search=  0 | target=none

[DEPOSIT] R4 deposited! Total: 56
  [TARGET] R4 → SITE (-1.66, 2.88)

======================================================================
Step 29000 (15.5 min) | Pickups: 57 | Deposits: 56 | Rate: 3.62 tags/min | phero_entries=1 max_w=0.189
======================================================================
R1[RTB       ]: carry=1 | base=2.43 | wall=3.93 | search=  0 | target=none
R2[SITE      ]: carry=0 | base=1.90 | wall=4.40 | search=  0 | target=site(-1.78,3.00)
R3[SITE      ]: carry=0 | base=1.78 | wall=4.45 | search=  0 | target=site(-1.60,2.62)
R4[SITE      ]: carry=0 | base=0.91 | wall=5.26 | search=  0 | target=site(-1.66,2.88)

[PICKUP] R2 picked up tag (density=3) | Total: 58

======================================================================
Step 29500 (15.7 min) | Pickups: 58 | Deposits: 56 | Rate: 3.56 tags/min | phero_entries=1 max_w=0.038
======================================================================
R1[RTB       ]: carry=1 | base=0.90 | wall=5.23 | search=  0 | target=none
R2[SURVEY    ]: carry=1 | base=3.18 | wall=3.27 | search=  0 | target=none
R3[SEARCH    ]: carry=0 | base=3.04 | wall=3.45 | search=140 | target=site(-1.60,2.62)
R4[SITE      ]: carry=0 | base=2.65 | wall=3.72 | search=  0 | target=site(-1.66,2.88)

[DEPOSIT] R1 deposited! Total: 57
  [TARGET] R1 → SITE (-1.88, 2.95)

======================================================================
Step 30000 (16.0 min) | Pickups: 58 | Deposits: 57 | Rate: 3.56 tags/min | phero_entries=1 max_w=0.008
======================================================================
R1[SITE      ]: carry=0 | base=1.05 | wall=5.15 | search=  0 | target=site(-1.88,2.95)
R2[RTB       ]: carry=1 | base=1.61 | wall=4.60 | search=  0 | target=none
R3[SEARCH    ]: carry=0 | base=2.13 | wall=4.06 | search=640 | target=site(-1.60,2.62)
R4[SEARCH    ]: carry=0 | base=3.16 | wall=3.14 | search=303 | target=site(-1.66,2.88)

[DEPOSIT] R2 deposited! Total: 58
  [TARGET] R2 → SITE (-1.64, 2.73)

======================================================================
Step 30500 (16.3 min) | Pickups: 58 | Deposits: 58 | Rate: 3.57 tags/min | phero_entries=1 max_w=0.002
======================================================================
R1[SITE      ]: carry=0 | base=2.97 | wall=3.50 | search=  0 | target=site(-1.88,2.95)
R2[SITE      ]: carry=0 | base=0.36 | wall=5.75 | search=  0 | target=site(-1.64,2.73)
R3[SEARCH    ]: carry=0 | base=3.75 | wall=2.36 | search=1140 | target=site(-1.60,2.62)
R4[SEARCH    ]: carry=0 | base=3.90 | wall=2.12 | search=803 | target=site(-1.66,2.88)

[PICKUP] R1 picked up tag (density=2) | Total: 59
[PICKUP] R4 picked up tag (density=19) | Total: 60

======================================================================
Step 31000 (16.5 min) | Pickups: 60 | Deposits: 58 | Rate: 3.51 tags/min | phero_entries=0 max_w=0.000
======================================================================
R1[RTB       ]: carry=1 | base=2.36 | wall=3.98 | search=  0 | target=none
R2[SITE      ]: carry=0 | base=2.26 | wall=4.08 | search=  0 | target=site(-1.64,2.73)
R3[SEARCH    ]: carry=0 | base=5.46 | wall=0.60 | search=1640 | target=site(-1.60,2.62)
R4[RTB       ]: carry=1 | base=4.92 | wall=1.10 | search=  0 | target=none


======================================================================
Step 31500 (16.8 min) | Pickups: 60 | Deposits: 58 | Rate: 3.45 tags/min | phero_entries=0 max_w=0.000
======================================================================
R1[RTB       ]: carry=1 | base=0.52 | wall=5.56 | search=  0 | target=none
R2[SEARCH    ]: carry=0 | base=2.99 | wall=3.37 | search=254 | target=site(-1.64,2.73)
R3[SEARCH    ]: carry=0 | base=5.68 | wall=0.39 | search=2140 | target=site(-1.60,2.62)
R4[RTB       ]: carry=1 | base=3.12 | wall=2.88 | search=  0 | target=none

[DEPOSIT] R1 deposited! Total: 59
  [TARGET] R1 → SITE (-1.72, 2.68)

======================================================================
Step 32000 (17.1 min) | Pickups: 60 | Deposits: 59 | Rate: 3.46 tags/min | phero_entries=0 max_w=0.000
======================================================================
R1[SITE      ]: carry=0 | base=1.43 | wall=4.76 | search=  0 | target=site(-1.72,2.68)
R2[SEARCH    ]: carry=0 | base=4.24 | wall=1.82 | search=754 | target=site(-1.64,2.73)
R3[SEARCH    ]: carry=0 | base=5.68 | wall=0.39 | search=2640 | target=site(-1.60,2.62)
R4[RTB       ]: carry=1 | base=1.20 | wall=4.80 | search=  0 | target=none

[DEPOSIT] R4 deposited! Total: 60
  [PHERO] Laid at (-0.38, 4.90) density=19 prob=1.00 entries=1
  [TARGET] R4 → SITE (-0.38, 4.90)
[PICKUP] R2 picked up tag (density=21) | Total: 61
[PICKUP] R1 picked up tag (density=1) | Total: 62

======================================================================
Step 32500 (17.3 min) | Pickups: 62 | Deposits: 60 | Rate: 3.46 tags/min | phero_entries=1 max_w=0.448
======================================================================
R1[SURVEY    ]: carry=1 | base=3.21 | wall=3.29 | search=  0 | target=none
R2[SURVEY    ]: carry=1 | base=5.16 | wall=0.84 | search=  0 | target=none
R3[SEARCH    ]: carry=0 | base=5.67 | wall=0.39 | search=3140 | target=site(-1.60,2.62)
R4[SITE      ]: carry=0 | base=0.74 | wall=5.26 | search=  0 | target=site(-0.38,4.90)


======================================================================
Step 33000 (17.6 min) | Pickups: 62 | Deposits: 60 | Rate: 3.41 tags/min | phero_entries=1 max_w=0.090
======================================================================
R1[RTB       ]: carry=1 | base=2.16 | wall=4.15 | search=  0 | target=none
R2[RTB       ]: carry=1 | base=3.67 | wall=2.34 | search=  0 | target=none
R3[SEARCH    ]: carry=0 | base=5.67 | wall=0.39 | search=3640 | target=site(-1.60,2.62)
R4[SITE      ]: carry=0 | base=2.66 | wall=3.35 | search=  0 | target=site(-0.38,4.90)

[DEPOSIT] R1 deposited! Total: 61
  [TARGET] R1 → SITE (-1.72, 2.71)

======================================================================
Step 33500 (17.9 min) | Pickups: 62 | Deposits: 61 | Rate: 3.41 tags/min | phero_entries=1 max_w=0.018
======================================================================
R1[BASE_ESC  ]: carry=0 | base=0.24 | wall=5.79 | search=  0 | target=site(-1.72,2.71)
R2[RTB       ]: carry=1 | base=1.75 | wall=4.26 | search=  0 | target=none
R3[SEARCH    ]: carry=0 | base=5.67 | wall=0.39 | search=4140 | target=site(-1.60,2.62)
R4[SITE      ]: carry=0 | base=4.58 | wall=1.44 | search=  0 | target=site(-0.38,4.90)

[DEPOSIT] R2 deposited! Total: 62
  [PHERO] Laid at (0.12, 5.15) density=21 prob=1.00 entries=2
  [TARGET] R2 → SITE (0.12, 5.15)

======================================================================
Step 34000 (18.1 min) | Pickups: 62 | Deposits: 62 | Rate: 3.42 tags/min | phero_entries=2 max_w=0.703
======================================================================
R1[SITE      ]: carry=0 | base=1.69 | wall=4.60 | search=  0 | target=site(-1.72,2.71)
R2[BASE_ESC  ]: carry=0 | base=0.25 | wall=5.76 | search=  0 | target=site(0.12,5.15)
R3[SEARCH    ]: carry=0 | base=5.68 | wall=0.38 | search=4640 | target=site(-1.60,2.62)
R4[SEARCH    ]: carry=0 | base=5.11 | wall=1.14 | search=425 | target=site(-0.38,4.90)


======================================================================
Step 34500 (18.4 min) | Pickups: 62 | Deposits: 62 | Rate: 3.37 tags/min | phero_entries=1 max_w=0.142
======================================================================
R1[SEARCH    ]: carry=0 | base=3.15 | wall=3.30 | search=119 | target=site(-1.72,2.71)
R2[SITE      ]: carry=0 | base=2.12 | wall=3.88 | search=  0 | target=site(0.12,5.15)
R3[SEARCH    ]: carry=0 | base=5.68 | wall=0.37 | search=5140 | target=site(-1.60,2.62)
R4[SEARCH    ]: carry=0 | base=4.92 | wall=2.11 | search=925 | target=site(-0.38,4.90)


======================================================================
Step 35000 (18.7 min) | Pickups: 62 | Deposits: 62 | Rate: 3.32 tags/min | phero_entries=1 max_w=0.029
======================================================================
R1[SEARCH    ]: carry=0 | base=3.88 | wall=2.26 | search=619 | target=site(-1.72,2.71)
R2[SITE      ]: carry=0 | base=4.04 | wall=1.96 | search=  0 | target=site(0.12,5.15)
R3[SEARCH    ]: carry=0 | base=5.68 | wall=0.37 | search=5640 | target=site(-1.60,2.62)
R4[SEARCH    ]: carry=0 | base=6.01 | wall=1.45 | search=1425 | target=site(-0.38,4.90)


======================================================================
Step 35500 (18.9 min) | Pickups: 62 | Deposits: 62 | Rate: 3.27 tags/min | phero_entries=1 max_w=0.006
======================================================================
R1[GIVE_UP   ]: carry=0 | base=3.25 | wall=2.79 | search=780 | target=none
R2[SEARCH    ]: carry=0 | base=5.11 | wall=0.89 | search=225 | target=site(0.12,5.15)
R3[SEARCH    ]: carry=0 | base=5.70 | wall=0.35 | search=6140 | target=site(-1.60,2.62)
R4[SEARCH    ]: carry=0 | base=7.58 | wall=0.39 | search=1925 | target=site(-0.38,4.90)

[PICKUP] R1 picked up tag (density=9) | Total: 63

======================================================================
Step 36000 (19.2 min) | Pickups: 63 | Deposits: 62 | Rate: 3.23 tags/min | phero_entries=1 max_w=0.001
======================================================================
R1[RTB       ]: carry=1 | base=2.17 | wall=3.85 | search=  0 | target=none
R2[WALL_ESC  ]: carry=0 | base=5.67 | wall=0.33 | search=725 | target=site(0.12,5.15)
R3[GIVE_UP   ]: carry=0 | base=4.17 | wall=1.86 | search=6240 | target=none
R4[SEARCH    ]: carry=0 | base=7.54 | wall=0.38 | search=2425 | target=site(-0.38,4.90)


======================================================================
Step 36500 (19.5 min) | Pickups: 63 | Deposits: 62 | Rate: 3.18 tags/min | phero_entries=0 max_w=0.000
======================================================================
R1[RTB       ]: carry=1 | base=0.29 | wall=5.71 | search=  0 | target=none
R2[WALL_ESC  ]: carry=0 | base=5.66 | wall=0.34 | search=1225 | target=site(0.12,5.15)
R3[GIVE_UP   ]: carry=0 | base=2.25 | wall=3.76 | search=6240 | target=none
R4[WALL_ESC  ]: carry=0 | base=7.66 | wall=0.31 | search=2925 | target=site(-0.38,4.90)

[DEPOSIT] R1 deposited! Total: 63
  [TARGET] R1 → SITE (-0.34, 2.18)

======================================================================
Step 37000 (19.7 min) | Pickups: 63 | Deposits: 63 | Rate: 3.19 tags/min | phero_entries=0 max_w=0.000
======================================================================
R1[SITE      ]: carry=0 | base=1.66 | wall=4.37 | search=  0 | target=site(-0.34,2.18)
R2[WALL_ESC  ]: carry=0 | base=5.66 | wall=0.34 | search=1725 | target=site(0.12,5.15)
R3[GIVE_UP   ]: carry=0 | base=0.33 | wall=5.67 | search=6240 | target=none
R4[SEARCH    ]: carry=0 | base=7.56 | wall=0.40 | search=3425 | target=site(-0.38,4.90)

  [GIVE-UP] R3 returned empty after 6240 searching steps
  [TARGET] R3 → WALL (-5.92, -4.13)
[PICKUP] R1 picked up tag (density=8) | Total: 64

======================================================================
Step 37500 (20.0 min) | Pickups: 64 | Deposits: 63 | Rate: 3.15 tags/min | phero_entries=0 max_w=0.000
======================================================================
R1[RTB       ]: carry=1 | base=0.78 | wall=5.22 | search=  0 | target=none
R2[WALL_ESC  ]: carry=0 | base=5.66 | wall=0.34 | search=2225 | target=site(0.12,5.15)
R3[SEARCH    ]: carry=0 | base=1.40 | wall=4.64 | search=213 | target=none
R4[SEARCH    ]: carry=0 | base=7.57 | wall=0.36 | search=3925 | target=site(-0.38,4.90)

[DEPOSIT] R1 deposited! Total: 64
  [TARGET] R1 → SITE (-0.29, 1.73)
[PICKUP] R2 picked up tag (density=18) | Total: 65

======================================================================
Step 38000 (20.3 min) | Pickups: 65 | Deposits: 64 | Rate: 3.16 tags/min | phero_entries=0 max_w=0.000
======================================================================
R1[SITE      ]: carry=0 | base=1.15 | wall=4.86 | search=  0 | target=site(-0.29,1.73)
R2[SURVEY    ]: carry=1 | base=5.48 | wall=0.53 | search=  0 | target=none
R3[GIVE_UP   ]: carry=0 | base=1.75 | wall=4.25 | search=468 | target=none
R4[WALL_ESC  ]: carry=0 | base=7.65 | wall=0.34 | search=4425 | target=site(-0.38,4.90)

  [GIVE-UP] R3 returned empty after 468 searching steps
  [TARGET] R3 → WALL (-5.92, -3.92)

======================================================================
Step 38500 (20.5 min) | Pickups: 65 | Deposits: 64 | Rate: 3.12 tags/min | phero_entries=0 max_w=0.000
======================================================================
R1[SEARCH    ]: carry=0 | base=2.02 | wall=3.99 | search=356 | target=site(-0.29,1.73)
R2[RTB       ]: carry=1 | base=3.75 | wall=2.25 | search=  0 | target=none
R3[BASE_ESC  ]: carry=0 | base=0.24 | wall=5.77 | search=  0 | target=none
R4[SEARCH    ]: carry=0 | base=7.54 | wall=0.39 | search=4925 | target=site(-0.38,4.90)

[PICKUP] R3 picked up tag (density=6) | Total: 66
[DEPOSIT] R3 deposited! Total: 65
  [TARGET] R3 → SITE (-0.62, -0.32)

======================================================================
Step 39000 (20.8 min) | Pickups: 66 | Deposits: 65 | Rate: 3.12 tags/min | phero_entries=0 max_w=0.000
======================================================================
R1[SEARCH    ]: carry=0 | base=2.79 | wall=3.41 | search=856 | target=site(-0.29,1.73)
R2[RTB       ]: carry=1 | base=1.83 | wall=4.17 | search=  0 | target=none
R3[BASE_ESC  ]: carry=0 | base=0.23 | wall=5.80 | search=  0 | target=site(-0.62,-0.32)
R4[WALL_ESC  ]: carry=0 | base=7.66 | wall=0.31 | search=5425 | target=site(-0.38,4.90)

[PICKUP] R3 picked up tag (density=5) | Total: 67
[DEPOSIT] R2 deposited! Total: 66
  [PHERO] Laid at (0.05, 5.48) density=18 prob=1.00 entries=1
  [TARGET] R2 → SITE (0.05, 5.48)

======================================================================
Step 39500 (21.1 min) | Pickups: 67 | Deposits: 66 | Rate: 3.13 tags/min | phero_entries=1 max_w=0.755
======================================================================
R1[SEARCH    ]: carry=0 | base=1.80 | wall=4.48 | search=1356 | target=site(-0.29,1.73)
R2[BASE_ESC  ]: carry=0 | base=0.23 | wall=5.78 | search=  0 | target=site(0.05,5.48)
R3[RTB       ]: carry=1 | base=0.70 | wall=5.41 | search=  0 | target=none
R4[SEARCH    ]: carry=0 | base=7.60 | wall=0.38 | search=5925 | target=site(-0.38,4.90)

[DEPOSIT] R3 deposited! Total: 67
  [TARGET] R3 → SITE (-0.59, -0.39)
[PICKUP] R1 picked up tag (density=12) | Total: 68

======================================================================
Step 40000 (21.3 min) | Pickups: 68 | Deposits: 67 | Rate: 3.14 tags/min | phero_entries=1 max_w=0.152
======================================================================
R1[SURVEY    ]: carry=1 | base=2.14 | wall=3.90 | search=  0 | target=none
R2[SITE      ]: carry=0 | base=2.04 | wall=3.96 | search=  0 | target=site(0.05,5.48)
R3[SEARCH    ]: carry=0 | base=0.67 | wall=5.50 | search=132 | target=site(-0.59,-0.39)
R4[SEARCH    ]: carry=0 | base=7.55 | wall=0.37 | search=6425 | target=site(-0.38,4.90)


======================================================================
Step 40500 (21.6 min) | Pickups: 68 | Deposits: 67 | Rate: 3.10 tags/min | phero_entries=1 max_w=0.031
======================================================================
R1[RTB       ]: carry=1 | base=1.52 | wall=4.49 | search=  0 | target=none
R2[SITE      ]: carry=0 | base=3.96 | wall=2.04 | search=  0 | target=site(0.05,5.48)
R3[SEARCH    ]: carry=0 | base=1.55 | wall=4.62 | search=632 | target=site(-0.59,-0.39)
R4[WALL_ESC  ]: carry=0 | base=7.66 | wall=0.32 | search=6925 | target=site(-0.38,4.90)

[PICKUP] R2 picked up tag (density=19) | Total: 69
[DEPOSIT] R1 deposited! Total: 68
  [TARGET] R1 → SITE (2.10, -0.42)

======================================================================
Step 41000 (21.9 min) | Pickups: 69 | Deposits: 68 | Rate: 3.11 tags/min | phero_entries=1 max_w=0.006
======================================================================
R1[SITE      ]: carry=0 | base=0.43 | wall=5.57 | search=  0 | target=site(2.10,-0.42)
R2[RTB       ]: carry=1 | base=5.08 | wall=0.92 | search=  0 | target=none
R3[GIVE_UP   ]: carry=0 | base=2.35 | wall=3.86 | search=936 | target=none
R4[SEARCH    ]: carry=0 | base=7.55 | wall=0.40 | search=7425 | target=site(-0.38,4.90)


======================================================================
Step 41500 (22.1 min) | Pickups: 69 | Deposits: 68 | Rate: 3.07 tags/min | phero_entries=1 max_w=0.001
======================================================================
R1[SEARCH    ]: carry=0 | base=2.13 | wall=3.92 | search= 62 | target=site(2.10,-0.42)
R2[RTB       ]: carry=1 | base=3.24 | wall=2.76 | search=  0 | target=none
R3[GIVE_UP   ]: carry=0 | base=0.43 | wall=5.61 | search=936 | target=none
R4[WALL_ESC  ]: carry=0 | base=7.62 | wall=0.32 | search=7925 | target=site(-0.38,4.90)

[PICKUP] R1 picked up tag (density=11) | Total: 70
  [GIVE-UP] R3 returned empty after 936 searching steps
  [TARGET] R3 → PHERO (0.05, 5.48)

======================================================================
Step 42000 (22.4 min) | Pickups: 70 | Deposits: 68 | Rate: 3.04 tags/min | phero_entries=0 max_w=0.000
======================================================================
R1[RTB       ]: carry=1 | base=1.52 | wall=4.50 | search=  0 | target=none
R2[RTB       ]: carry=1 | base=1.32 | wall=4.68 | search=  0 | target=none
R3[PHERO     ]: carry=0 | base=1.15 | wall=4.88 | search=  0 | target=phero(0.05,5.48)
R4[WALL_ESC  ]: carry=0 | base=7.65 | wall=0.34 | search=8425 | target=site(-0.38,4.90)

[PICKUP] R3 picked up tag (density=7) | Total: 71
[DEPOSIT] R2 deposited! Total: 69
  [PHERO] Laid at (0.04, 5.08) density=19 prob=1.00 entries=1
  [TARGET] R2 → SITE (0.04, 5.08)
[DEPOSIT] R1 deposited! Total: 70
  [PHERO] Laid at (2.08, -0.48) density=11 prob=0.80 entries=2
  [TARGET] R1 → SITE (2.08, -0.48)

======================================================================
Step 42500 (22.7 min) | Pickups: 71 | Deposits: 70 | Rate: 3.09 tags/min | phero_entries=2 max_w=0.584
======================================================================
R1[SITE      ]: carry=0 | base=0.44 | wall=5.59 | search=  0 | target=site(2.08,-0.48)
R2[SITE      ]: carry=0 | base=0.63 | wall=5.37 | search=  0 | target=site(0.04,5.08)
R3[RTB       ]: carry=1 | base=1.50 | wall=4.50 | search=  0 | target=none
R4[SEARCH    ]: carry=0 | base=7.54 | wall=0.39 | search=8925 | target=site(-0.38,4.90)

[PICKUP] R1 picked up tag (density=10) | Total: 72

======================================================================
Step 43000 (22.9 min) | Pickups: 72 | Deposits: 70 | Rate: 3.05 tags/min | phero_entries=2 max_w=0.118
======================================================================
R1[SURVEY    ]: carry=1 | base=1.76 | wall=4.29 | search=  0 | target=none
R2[SITE      ]: carry=0 | base=1.01 | wall=4.99 | search=  0 | target=site(0.04,5.08)
R3[RTB       ]: carry=1 | base=1.08 | wall=4.92 | search=  0 | target=none
R4[WALL_ESC  ]: carry=0 | base=7.66 | wall=0.31 | search=9360 | target=none


======================================================================
Step 43500 (23.2 min) | Pickups: 72 | Deposits: 70 | Rate: 3.02 tags/min | phero_entries=2 max_w=0.024
======================================================================
R1[RTB       ]: carry=1 | base=0.37 | wall=5.64 | search=  0 | target=none
R2[SITE      ]: carry=0 | base=1.01 | wall=4.99 | search=  0 | target=site(0.04,5.08)
R3[RTB       ]: carry=1 | base=1.08 | wall=4.92 | search=  0 | target=none
R4[GIVE_UP   ]: carry=0 | base=5.90 | wall=1.60 | search=9360 | target=none

[DEPOSIT] R1 deposited! Total: 71
  [PHERO] Laid at (1.71, -0.41) density=10 prob=0.71 entries=3
  [TARGET] R1 → SITE (1.71, -0.41)

======================================================================
Step 44000 (23.5 min) | Pickups: 72 | Deposits: 71 | Rate: 3.03 tags/min | phero_entries=3 max_w=0.223
======================================================================
R1[SITE      ]: carry=0 | base=1.56 | wall=4.48 | search=  0 | target=site(1.71,-0.41)
R2[SITE      ]: carry=0 | base=1.01 | wall=4.99 | search=  0 | target=site(0.04,5.08)
R3[RTB       ]: carry=1 | base=1.08 | wall=4.92 | search=  0 | target=none
R4[GIVE_UP   ]: carry=0 | base=3.98 | wall=3.03 | search=9360 | target=none

[PICKUP] R1 picked up tag (density=9) | Total: 73
[DEPOSIT] R3 deposited! Total: 72
  [TARGET] R3 → SITE (-0.21, 1.83)

======================================================================
Step 44500 (23.7 min) | Pickups: 73 | Deposits: 72 | Rate: 3.03 tags/min | phero_entries=1 max_w=0.045
======================================================================
R1[SURVEY    ]: carry=1 | base=1.74 | wall=4.35 | search=  0 | target=none
R2[SITE      ]: carry=0 | base=2.04 | wall=3.96 | search=  0 | target=site(0.04,5.08)
R3[BASE_ESC  ]: carry=0 | base=0.22 | wall=5.78 | search=  0 | target=site(-0.21,1.83)
R4[GIVE_UP   ]: carry=0 | base=2.06 | wall=4.47 | search=9360 | target=none

  [GIVE-UP] R4 returned empty after 9360 searching steps
  [TARGET] R4 → PHERO (1.71, -0.41)

======================================================================
Step 45000 (24.0 min) | Pickups: 73 | Deposits: 72 | Rate: 3.00 tags/min | phero_entries=1 max_w=0.009
======================================================================
R1[RTB       ]: carry=1 | base=0.37 | wall=5.64 | search=  0 | target=none
R2[SITE      ]: carry=0 | base=3.96 | wall=2.04 | search=  0 | target=site(0.04,5.08)
R3[SEARCH    ]: carry=0 | base=1.82 | wall=4.19 | search= 13 | target=site(-0.21,1.83)
R4[BASE_ESC  ]: carry=0 | base=0.22 | wall=5.84 | search=  0 | target=phero(1.71,-0.41)

[DEPOSIT] R1 deposited! Total: 73
  [TARGET] R1 → SITE (1.65, -0.56)
[PICKUP] R2 picked up tag (density=18) | Total: 74

======================================================================
Step 45500 (24.3 min) | Pickups: 74 | Deposits: 73 | Rate: 3.01 tags/min | phero_entries=1 max_w=0.002
======================================================================
R1[SITE      ]: carry=0 | base=1.58 | wall=4.50 | search=  0 | target=site(1.65,-0.56)
R2[SURVEY    ]: carry=1 | base=5.17 | wall=0.83 | search=  0 | target=none
R3[SEARCH    ]: carry=0 | base=2.42 | wall=3.59 | search=513 | target=site(-0.21,1.83)
R4[BASE_ESC  ]: carry=0 | base=0.25 | wall=5.80 | search=  0 | target=phero(1.71,-0.41)

[PICKUP] R1 picked up tag (density=8) | Total: 75

======================================================================
Step 46000 (24.5 min) | Pickups: 75 | Deposits: 73 | Rate: 2.98 tags/min | phero_entries=0 max_w=0.000
======================================================================
R1[RTB       ]: carry=1 | base=1.60 | wall=4.48 | search=  0 | target=none
R2[RTB       ]: carry=1 | base=3.96 | wall=2.05 | search=  0 | target=none
R3[SEARCH    ]: carry=0 | base=4.09 | wall=1.91 | search=1013 | target=site(-0.21,1.83)
R4[PHERO     ]: carry=0 | base=1.54 | wall=4.51 | search=  0 | target=phero(1.71,-0.41)

[DEPOSIT] R1 deposited! Total: 74
  [TARGET] R1 → SITE (1.64, -0.65)

======================================================================
Step 46500 (24.8 min) | Pickups: 75 | Deposits: 74 | Rate: 2.98 tags/min | phero_entries=0 max_w=0.000
======================================================================
R1[SITE      ]: carry=0 | base=0.36 | wall=5.65 | search=  0 | target=site(1.64,-0.65)
R2[RTB       ]: carry=1 | base=2.04 | wall=3.96 | search=  0 | target=none
R3[WALL_ESC  ]: carry=0 | base=5.71 | wall=0.34 | search=1513 | target=site(-0.21,1.83)
R4[SEARCH    ]: carry=0 | base=1.05 | wall=5.07 | search=457 | target=phero(1.71,-0.41)

[PICKUP] R4 picked up tag (density=2) | Total: 76
[DEPOSIT] R2 deposited! Total: 75
  [PHERO] Laid at (0.07, 5.16) density=18 prob=1.00 entries=1
  [TARGET] R2 → SITE (0.07, 5.16)

======================================================================
Step 47000 (25.1 min) | Pickups: 76 | Deposits: 75 | Rate: 2.99 tags/min | phero_entries=1 max_w=0.897
======================================================================
R1[SEARCH    ]: carry=0 | base=1.74 | wall=4.32 | search=139 | target=site(1.64,-0.65)
R2[BASE_ESC  ]: carry=0 | base=0.22 | wall=5.78 | search=  0 | target=site(0.07,5.16)
R3[GIVE_UP   ]: carry=0 | base=4.76 | wall=1.27 | search=1716 | target=none
R4[RTB       ]: carry=1 | base=0.41 | wall=5.64 | search=  0 | target=none

[DEPOSIT] R4 deposited! Total: 76
  [TARGET] R4 → SITE (0.82, 0.59)
[PICKUP] R4 picked up tag (density=1) | Total: 77

======================================================================
Step 47500 (25.3 min) | Pickups: 77 | Deposits: 76 | Rate: 3.00 tags/min | phero_entries=1 max_w=0.181
======================================================================
R1[GIVE_UP   ]: carry=0 | base=1.03 | wall=5.21 | search=624 | target=none
R2[SITE      ]: carry=0 | base=1.83 | wall=4.17 | search=  0 | target=site(0.07,5.16)
R3[GIVE_UP   ]: carry=0 | base=2.84 | wall=3.18 | search=1716 | target=none
R4[SURVEY    ]: carry=1 | base=0.98 | wall=5.25 | search=  0 | target=none

  [GIVE-UP] R1 returned empty after 624 searching steps
  [TARGET] R1 → PHERO (0.07, 5.16)

======================================================================
Step 48000 (25.6 min) | Pickups: 77 | Deposits: 76 | Rate: 2.97 tags/min | phero_entries=1 max_w=0.037
======================================================================
R1[PHERO     ]: carry=0 | base=0.86 | wall=5.14 | search=  0 | target=phero(0.07,5.16)
R2[SITE      ]: carry=0 | base=3.75 | wall=2.25 | search=  0 | target=site(0.07,5.16)
R3[GIVE_UP   ]: carry=0 | base=0.93 | wall=5.07 | search=1716 | target=none
R4[RTB       ]: carry=1 | base=0.28 | wall=5.76 | search=  0 | target=none

[DEPOSIT] R4 deposited! Total: 77
  [TARGET] R4 → PHERO (0.07, 5.16)
[PICKUP] R2 picked up tag (density=17) | Total: 78
  [GIVE-UP] R3 returned empty after 1716 searching steps
  [TARGET] R3 → PHERO (0.07, 5.16)

======================================================================
Step 48500 (25.9 min) | Pickups: 78 | Deposits: 77 | Rate: 2.98 tags/min | phero_entries=1 max_w=0.007
======================================================================
R1[PHERO     ]: carry=0 | base=1.45 | wall=4.56 | search=  0 | target=phero(0.07,5.16)
R2[SURVEY    ]: carry=1 | base=5.20 | wall=0.80 | search=  0 | target=none
R3[BASE_ESC  ]: carry=0 | base=0.24 | wall=5.76 | search=  0 | target=phero(0.07,5.16)
R4[PHERO     ]: carry=0 | base=1.37 | wall=4.66 | search=  0 | target=phero(0.07,5.16)


======================================================================
Step 49000 (26.1 min) | Pickups: 78 | Deposits: 77 | Rate: 2.95 tags/min | phero_entries=1 max_w=0.001
======================================================================
R1[PHERO     ]: carry=0 | base=3.37 | wall=2.64 | search=  0 | target=phero(0.07,5.16)
R2[RTB       ]: carry=1 | base=4.07 | wall=1.93 | search=  0 | target=none
R3[PHERO     ]: carry=0 | base=1.71 | wall=4.29 | search=  0 | target=phero(0.07,5.16)
R4[PHERO     ]: carry=0 | base=3.27 | wall=2.74 | search=  0 | target=phero(0.07,5.16)


======================================================================
Step 49500 (26.4 min) | Pickups: 78 | Deposits: 77 | Rate: 2.92 tags/min | phero_entries=0 max_w=0.000
======================================================================
R1[SEARCH    ]: carry=0 | base=5.14 | wall=0.86 | search=  5 | target=phero(0.07,5.16)
R2[RTB       ]: carry=1 | base=5.20 | wall=0.80 | search=  0 | target=none
R3[PHERO     ]: carry=0 | base=3.63 | wall=2.37 | search=  0 | target=phero(0.07,5.16)
R4[SEARCH    ]: carry=0 | base=5.14 | wall=0.86 | search=  6 | target=phero(0.07,5.16)

[PICKUP] R1 picked up tag (density=16) | Total: 79
[PICKUP] R4 picked up tag (density=15) | Total: 80

======================================================================
Step 50000 (26.7 min) | Pickups: 80 | Deposits: 77 | Rate: 2.89 tags/min | phero_entries=0 max_w=0.000
======================================================================
R1[RTB       ]: carry=1 | base=4.56 | wall=1.45 | search=  0 | target=none
R2[RTB       ]: carry=1 | base=4.48 | wall=1.52 | search=  0 | target=none
R3[PHERO     ]: carry=0 | base=4.41 | wall=1.59 | search=  0 | target=phero(0.07,5.16)
R4[RTB       ]: carry=1 | base=5.09 | wall=0.91 | search=  0 | target=none


======================================================================
Step 50500 (26.9 min) | Pickups: 80 | Deposits: 77 | Rate: 2.86 tags/min | phero_entries=0 max_w=0.000
======================================================================
R1[RTB       ]: carry=1 | base=2.82 | wall=3.18 | search=  0 | target=none
R2[RTB       ]: carry=1 | base=2.73 | wall=3.27 | search=  0 | target=none
R3[PHERO     ]: carry=0 | base=3.03 | wall=2.97 | search=  0 | target=phero(0.07,5.16)
R4[RTB       ]: carry=1 | base=3.18 | wall=2.82 | search=  0 | target=none


======================================================================
Step 51000 (27.2 min) | Pickups: 80 | Deposits: 77 | Rate: 2.83 tags/min | phero_entries=0 max_w=0.000
======================================================================
R1[RTB       ]: carry=1 | base=0.90 | wall=5.10 | search=  0 | target=none
R2[RTB       ]: carry=1 | base=0.81 | wall=5.19 | search=  0 | target=none
R3[PHERO     ]: carry=0 | base=4.59 | wall=1.41 | search=  0 | target=phero(0.07,5.16)
R4[RTB       ]: carry=1 | base=1.63 | wall=4.37 | search=  0 | target=none

[DEPOSIT] R2 deposited! Total: 78
  [PHERO] Laid at (0.05, 5.20) density=17 prob=0.99 entries=1
  [TARGET] R2 → SITE (0.05, 5.20)
[DEPOSIT] R1 deposited! Total: 79
  [PHERO] Laid at (0.01, 5.17) density=16 prob=0.99 entries=2
  [TARGET] R1 → SITE (0.01, 5.17)
[DEPOSIT] R4 deposited! Total: 80
  [PHERO] Laid at (0.03, 5.29) density=15 prob=0.98 entries=3
  [TARGET] R4 → SITE (0.03, 5.29)

======================================================================
Step 51500 (27.5 min) | Pickups: 80 | Deposits: 80 | Rate: 2.91 tags/min | phero_entries=3 max_w=0.637
======================================================================
R1[SITE      ]: carry=0 | base=1.01 | wall=5.00 | search=  0 | target=site(0.01,5.17)
R2[SITE      ]: carry=0 | base=1.10 | wall=4.90 | search=  0 | target=site(0.05,5.20)
R3[GIVE_UP   ]: carry=0 | base=4.31 | wall=1.69 | search=156 | target=none
R4[SITE      ]: carry=0 | base=0.34 | wall=5.67 | search=  0 | target=site(0.03,5.29)


======================================================================
Step 52000 (27.7 min) | Pickups: 80 | Deposits: 80 | Rate: 2.88 tags/min | phero_entries=3 max_w=0.129
======================================================================
R1[SITE      ]: carry=0 | base=2.92 | wall=3.08 | search=  0 | target=site(0.01,5.17)
R2[SITE      ]: carry=0 | base=2.91 | wall=3.09 | search=  0 | target=site(0.05,5.20)
R3[GIVE_UP   ]: carry=0 | base=2.97 | wall=3.03 | search=156 | target=none
R4[SITE      ]: carry=0 | base=2.24 | wall=3.76 | search=  0 | target=site(0.03,5.29)


======================================================================
Step 52500 (28.0 min) | Pickups: 80 | Deposits: 80 | Rate: 2.86 tags/min | phero_entries=3 max_w=0.026
======================================================================
R1[SITE      ]: carry=0 | base=4.84 | wall=1.16 | search=  0 | target=site(0.01,5.17)
R2[SITE      ]: carry=0 | base=4.82 | wall=1.18 | search=  0 | target=site(0.05,5.20)
R3[GIVE_UP   ]: carry=0 | base=4.89 | wall=1.11 | search=156 | target=none
R4[SITE      ]: carry=0 | base=4.16 | wall=1.84 | search=  0 | target=site(0.03,5.29)

[PICKUP] R1 picked up tag (density=14) | Total: 81
[PICKUP] R2 picked up tag (density=13) | Total: 82

======================================================================
Step 53000 (28.3 min) | Pickups: 82 | Deposits: 80 | Rate: 2.83 tags/min | phero_entries=3 max_w=0.005
======================================================================
R1[SURVEY    ]: carry=1 | base=5.29 | wall=0.71 | search=  0 | target=none
R2[SURVEY    ]: carry=1 | base=5.40 | wall=0.60 | search=  0 | target=none
R3[GIVE_UP   ]: carry=0 | base=5.10 | wall=0.90 | search=156 | target=none
R4[SITE      ]: carry=0 | base=5.04 | wall=0.96 | search=  0 | target=site(0.03,5.29)


======================================================================
Step 53500 (28.5 min) | Pickups: 82 | Deposits: 80 | Rate: 2.80 tags/min | phero_entries=1 max_w=0.001
======================================================================
R1[RTB       ]: carry=1 | base=3.69 | wall=2.31 | search=  0 | target=none
R2[RTB       ]: carry=1 | base=3.76 | wall=2.24 | search=  0 | target=none
R3[GIVE_UP   ]: carry=0 | base=3.43 | wall=2.57 | search=156 | target=none
R4[SITE      ]: carry=0 | base=3.62 | wall=2.38 | search=  0 | target=site(0.03,5.29)


======================================================================
Step 54000 (28.8 min) | Pickups: 82 | Deposits: 80 | Rate: 2.78 tags/min | phero_entries=0 max_w=0.000
======================================================================
R1[RTB       ]: carry=1 | base=1.77 | wall=4.23 | search=  0 | target=none
R2[RTB       ]: carry=1 | base=1.84 | wall=4.16 | search=  0 | target=none
R3[GIVE_UP   ]: carry=0 | base=1.51 | wall=4.49 | search=156 | target=none
R4[SITE      ]: carry=0 | base=1.70 | wall=4.30 | search=  0 | target=site(0.03,5.29)

  [GIVE-UP] R3 returned empty after 156 searching steps
  [TARGET] R3 → WALL (5.92, -2.38)
[DEPOSIT] R1 deposited! Total: 81
  [PHERO] Laid at (-0.03, 5.29) density=14 prob=0.96 entries=1
  [TARGET] R1 → SITE (-0.03, 5.29)
[DEPOSIT] R2 deposited! Total: 82
  [PHERO] Laid at (-0.04, 5.40) density=13 prob=0.93 entries=2
  [TARGET] R2 → SITE (-0.04, 5.40)

======================================================================
Step 54500 (29.1 min) | Pickups: 82 | Deposits: 82 | Rate: 2.82 tags/min | phero_entries=2 max_w=0.897
======================================================================
R1[BASE_ESC  ]: carry=0 | base=0.17 | wall=5.84 | search=  0 | target=site(-0.03,5.29)
R2[BASE_ESC  ]: carry=0 | base=0.23 | wall=5.77 | search=  0 | target=site(-0.04,5.40)
R3[DEPART    ]: carry=0 | base=0.29 | wall=5.72 | search=  0 | target=none
R4[SITE      ]: carry=0 | base=0.55 | wall=5.45 | search=  0 | target=site(0.03,5.29)


======================================================================
Step 55000 (29.3 min) | Pickups: 82 | Deposits: 82 | Rate: 2.80 tags/min | phero_entries=2 max_w=0.181
======================================================================
R1[SITE      ]: carry=0 | base=1.95 | wall=4.05 | search=  0 | target=site(-0.03,5.29)
R2[SITE      ]: carry=0 | base=1.82 | wall=4.18 | search=  0 | target=site(-0.04,5.40)
R3[SEARCH    ]: carry=0 | base=1.39 | wall=4.81 | search=247 | target=none
R4[SITE      ]: carry=0 | base=2.47 | wall=3.53 | search=  0 | target=site(0.03,5.29)


======================================================================
Step 55500 (29.6 min) | Pickups: 82 | Deposits: 82 | Rate: 2.77 tags/min | phero_entries=2 max_w=0.037
======================================================================
R1[SITE      ]: carry=0 | base=3.87 | wall=2.13 | search=  0 | target=site(-0.03,5.29)
R2[SITE      ]: carry=0 | base=3.74 | wall=2.26 | search=  0 | target=site(-0.04,5.40)
R3[GIVE_UP   ]: carry=0 | base=1.57 | wall=4.73 | search=468 | target=none
R4[SITE      ]: carry=0 | base=4.39 | wall=1.61 | search=  0 | target=site(0.03,5.29)

[PICKUP] R1 picked up tag (density=12) | Total: 83
[PICKUP] R4 picked up tag (density=11) | Total: 84
  [GIVE-UP] R3 returned empty after 468 searching steps
  [TARGET] R3 → PHERO (-0.03, 5.29)
[PICKUP] R2 picked up tag (density=10) | Total: 85

======================================================================
Step 56000 (29.9 min) | Pickups: 85 | Deposits: 82 | Rate: 2.75 tags/min | phero_entries=2 max_w=0.007
======================================================================
R1[RTB       ]: carry=1 | base=5.13 | wall=0.87 | search=  0 | target=none
R2[SURVEY    ]: carry=1 | base=5.06 | wall=0.94 | search=  0 | target=none
R3[PHERO     ]: carry=0 | base=0.29 | wall=5.72 | search=  0 | target=phero(-0.03,5.29)
R4[SURVEY    ]: carry=1 | base=5.28 | wall=0.72 | search=  0 | target=none


======================================================================
Step 56500 (30.1 min) | Pickups: 85 | Deposits: 82 | Rate: 2.72 tags/min | phero_entries=2 max_w=0.001
======================================================================
R1[RTB       ]: carry=1 | base=3.33 | wall=2.67 | search=  0 | target=none
R2[RTB       ]: carry=1 | base=3.53 | wall=2.47 | search=  0 | target=none
R3[PHERO     ]: carry=0 | base=1.84 | wall=4.18 | search=  0 | target=phero(-0.03,5.29)
R4[RTB       ]: carry=1 | base=3.82 | wall=2.18 | search=  0 | target=none


======================================================================
Step 57000 (30.4 min) | Pickups: 85 | Deposits: 82 | Rate: 2.70 tags/min | phero_entries=0 max_w=0.000
======================================================================
R1[RTB       ]: carry=1 | base=1.41 | wall=4.59 | search=  0 | target=none
R2[RTB       ]: carry=1 | base=1.61 | wall=4.39 | search=  0 | target=none
R3[PHERO     ]: carry=0 | base=3.74 | wall=2.26 | search=  0 | target=phero(-0.03,5.29)
R4[RTB       ]: carry=1 | base=1.90 | wall=4.10 | search=  0 | target=none

[DEPOSIT] R1 deposited! Total: 83
  [PHERO] Laid at (-0.04, 5.00) density=12 prob=0.88 entries=1
  [TARGET] R1 → SITE (-0.04, 5.00)
[DEPOSIT] R2 deposited! Total: 84
  [TARGET] R2 → SITE (-0.05, 5.06)
[DEPOSIT] R4 deposited! Total: 85
  [PHERO] Laid at (-0.06, 5.28) density=11 prob=0.80 entries=2
  [TARGET] R4 → SITE (-0.06, 5.28)
[PICKUP] R3 picked up tag (density=9) | Total: 86

======================================================================
Step 57500 (30.7 min) | Pickups: 86 | Deposits: 85 | Rate: 2.77 tags/min | phero_entries=2 max_w=0.820
======================================================================
R1[SITE      ]: carry=0 | base=0.52 | wall=5.50 | search=  0 | target=site(-0.04,5.00)
R2[SITE      ]: carry=0 | base=0.31 | wall=5.71 | search=  0 | target=site(-0.05,5.06)
R3[SURVEY    ]: carry=1 | base=5.26 | wall=0.74 | search=  0 | target=none
R4[BASE_ESC  ]: carry=0 | base=0.22 | wall=5.78 | search=  0 | target=site(-0.06,5.28)


======================================================================
Step 58000 (30.9 min) | Pickups: 86 | Deposits: 85 | Rate: 2.75 tags/min | phero_entries=2 max_w=0.166
======================================================================
R1[SITE      ]: carry=0 | base=2.43 | wall=3.58 | search=  0 | target=site(-0.04,5.00)
R2[SITE      ]: carry=0 | base=2.20 | wall=3.80 | search=  0 | target=site(-0.05,5.06)
R3[RTB       ]: carry=1 | base=4.39 | wall=1.61 | search=  0 | target=none
R4[SITE      ]: carry=0 | base=1.95 | wall=4.06 | search=  0 | target=site(-0.06,5.28)


======================================================================
Step 58500 (31.2 min) | Pickups: 86 | Deposits: 85 | Rate: 2.72 tags/min | phero_entries=2 max_w=0.033
======================================================================
R1[SITE      ]: carry=0 | base=4.30 | wall=1.70 | search=  0 | target=site(-0.04,5.00)
R2[SITE      ]: carry=0 | base=3.84 | wall=2.16 | search=  0 | target=site(-0.05,5.06)
R3[RTB       ]: carry=1 | base=3.91 | wall=2.09 | search=  0 | target=none
R4[SITE      ]: carry=0 | base=3.86 | wall=2.14 | search=  0 | target=site(-0.06,5.28)

[PICKUP] R1 picked up tag (density=8) | Total: 87
[PICKUP] R4 picked up tag (density=7) | Total: 88

======================================================================
Step 59000 (31.5 min) | Pickups: 88 | Deposits: 85 | Rate: 2.70 tags/min | phero_entries=2 max_w=0.007
======================================================================
R1[SURVEY    ]: carry=1 | base=5.05 | wall=0.95 | search=  0 | target=none
R2[SEARCH    ]: carry=0 | base=5.12 | wall=0.88 | search=131 | target=site(-0.05,5.06)
R3[RTB       ]: carry=1 | base=4.41 | wall=1.59 | search=  0 | target=none
R4[SURVEY    ]: carry=1 | base=5.28 | wall=0.72 | search=  0 | target=none

[PICKUP] R2 picked up tag (density=6) | Total: 89

======================================================================
Step 59500 (31.7 min) | Pickups: 89 | Deposits: 85 | Rate: 2.68 tags/min | phero_entries=1 max_w=0.001
======================================================================
R1[RTB       ]: carry=1 | base=3.47 | wall=2.53 | search=  0 | target=none
R2[RTB       ]: carry=1 | base=4.68 | wall=1.32 | search=  0 | target=none
R3[RTB       ]: carry=1 | base=2.49 | wall=3.51 | search=  0 | target=none
R4[RTB       ]: carry=1 | base=4.35 | wall=1.65 | search=  0 | target=none


======================================================================
Step 60000 (32.0 min) | Pickups: 89 | Deposits: 85 | Rate: 2.66 tags/min | phero_entries=0 max_w=0.000
======================================================================
R1[RTB       ]: carry=1 | base=1.55 | wall=4.45 | search=  0 | target=none
R2[RTB       ]: carry=1 | base=2.76 | wall=3.24 | search=  0 | target=none
R3[RTB       ]: carry=1 | base=0.57 | wall=5.43 | search=  0 | target=none
R4[RTB       ]: carry=1 | base=2.43 | wall=3.57 | search=  0 | target=none

[DEPOSIT] R3 deposited! Total: 86
  [TARGET] R3 → SITE (-0.11, 5.26)
[DEPOSIT] R1 deposited! Total: 87
  [TARGET] R1 → SITE (-0.11, 5.04)

======================================================================
Step 60500 (32.3 min) | Pickups: 89 | Deposits: 87 | Rate: 2.70 tags/min | phero_entries=0 max_w=0.000
======================================================================
R1[SITE      ]: carry=0 | base=0.40 | wall=5.61 | search=  0 | target=site(-0.11,5.04)
R2[RTB       ]: carry=1 | base=0.84 | wall=5.16 | search=  0 | target=none
R3[SITE      ]: carry=0 | base=1.37 | wall=4.63 | search=  0 | target=site(-0.11,5.26)
R4[RTB       ]: carry=1 | base=0.51 | wall=5.49 | search=  0 | target=none

[DEPOSIT] R4 deposited! Total: 88
  [PHERO] Laid at (-0.13, 5.27) density=7 prob=0.32 entries=1
  [TARGET] R4 → SITE (-0.13, 5.27)
[DEPOSIT] R2 deposited! Total: 89
  [PHERO] Laid at (-0.11, 5.14) density=6 prob=0.21 entries=2
  [TARGET] R2 → SITE (-0.11, 5.14)

======================================================================
Step 61000 (32.5 min) | Pickups: 89 | Deposits: 89 | Rate: 2.74 tags/min | phero_entries=2 max_w=0.338
======================================================================
R1[SITE      ]: carry=0 | base=2.31 | wall=3.69 | search=  0 | target=site(-0.11,5.04)
R2[SITE      ]: carry=0 | base=1.10 | wall=4.90 | search=  0 | target=site(-0.11,5.14)
R3[SITE      ]: carry=0 | base=3.28 | wall=2.72 | search=  0 | target=site(-0.11,5.26)
R4[SITE      ]: carry=0 | base=1.44 | wall=4.57 | search=  0 | target=site(-0.13,5.27)


======================================================================
Step 61500 (32.8 min) | Pickups: 89 | Deposits: 89 | Rate: 2.71 tags/min | phero_entries=2 max_w=0.068
======================================================================
R1[SITE      ]: carry=0 | base=4.23 | wall=1.77 | search=  0 | target=site(-0.11,5.04)
R2[SITE      ]: carry=0 | base=3.02 | wall=2.98 | search=  0 | target=site(-0.11,5.14)
R3[SITE      ]: carry=0 | base=5.20 | wall=0.80 | search=  0 | target=site(-0.11,5.26)
R4[SITE      ]: carry=0 | base=3.35 | wall=2.65 | search=  0 | target=site(-0.13,5.27)

[PICKUP] R3 picked up tag (density=5) | Total: 90

======================================================================
Step 62000 (33.1 min) | Pickups: 90 | Deposits: 89 | Rate: 2.69 tags/min | phero_entries=2 max_w=0.014
======================================================================
R1[SEARCH    ]: carry=0 | base=5.01 | wall=0.99 | search=301 | target=site(-0.11,5.04)
R2[SITE      ]: carry=0 | base=4.94 | wall=1.06 | search=  0 | target=site(-0.11,5.14)
R3[RTB       ]: carry=1 | base=4.65 | wall=1.35 | search=  0 | target=none
R4[SEARCH    ]: carry=0 | base=5.24 | wall=0.76 | search=  6 | target=site(-0.13,5.27)

[PICKUP] R2 picked up tag (density=4) | Total: 91

======================================================================
Step 62500 (33.3 min) | Pickups: 91 | Deposits: 89 | Rate: 2.67 tags/min | phero_entries=2 max_w=0.003
======================================================================
R1[GIVE_UP   ]: carry=0 | base=4.96 | wall=1.04 | search=624 | target=none
R2[RTB       ]: carry=1 | base=4.89 | wall=1.11 | search=  0 | target=none
R3[RTB       ]: carry=1 | base=2.73 | wall=3.27 | search=  0 | target=none
R4[SEARCH    ]: carry=0 | base=5.65 | wall=0.35 | search=506 | target=site(-0.13,5.27)


======================================================================
Step 63000 (33.6 min) | Pickups: 91 | Deposits: 89 | Rate: 2.65 tags/min | phero_entries=0 max_w=0.000
======================================================================
R1[GIVE_UP   ]: carry=0 | base=3.04 | wall=2.96 | search=624 | target=none
R2[RTB       ]: carry=1 | base=2.97 | wall=3.03 | search=  0 | target=none
R3[RTB       ]: carry=1 | base=0.81 | wall=5.19 | search=  0 | target=none
R4[SEARCH    ]: carry=0 | base=5.65 | wall=0.35 | search=1006 | target=site(-0.13,5.27)

[DEPOSIT] R3 deposited! Total: 90
  [PHERO] Laid at (-0.12, 5.29) density=5 prob=0.12 entries=1
  [TARGET] R3 → SITE (-0.12, 5.29)

======================================================================
Step 63500 (33.9 min) | Pickups: 91 | Deposits: 90 | Rate: 2.66 tags/min | phero_entries=1 max_w=0.323
======================================================================
R1[GIVE_UP   ]: carry=0 | base=1.12 | wall=4.88 | search=624 | target=none
R2[RTB       ]: carry=1 | base=1.05 | wall=4.95 | search=  0 | target=none
R3[SITE      ]: carry=0 | base=1.14 | wall=4.87 | search=  0 | target=site(-0.12,5.29)
R4[WALL_ESC  ]: carry=0 | base=5.66 | wall=0.35 | search=1506 | target=site(-0.13,5.27)

[DEPOSIT] R2 deposited! Total: 91
  [TARGET] R2 → SITE (-0.19, 5.20)
  [GIVE-UP] R1 returned empty after 624 searching steps
  [TARGET] R1 → PHERO (-0.12, 5.29)

======================================================================
Step 64000 (34.1 min) | Pickups: 91 | Deposits: 91 | Rate: 2.67 tags/min | phero_entries=1 max_w=0.065
======================================================================
R1[PHERO     ]: carry=0 | base=0.79 | wall=5.21 | search=  0 | target=phero(-0.12,5.29)
R2[SITE      ]: carry=0 | base=0.72 | wall=5.29 | search=  0 | target=site(-0.19,5.20)
R3[SITE      ]: carry=0 | base=3.05 | wall=2.95 | search=  0 | target=site(-0.12,5.29)
R4[WALL_ESC  ]: carry=0 | base=5.67 | wall=0.34 | search=2006 | target=site(-0.13,5.27)


======================================================================
Step 64500 (34.4 min) | Pickups: 91 | Deposits: 91 | Rate: 2.65 tags/min | phero_entries=1 max_w=0.013
======================================================================
R1[PHERO     ]: carry=0 | base=2.70 | wall=3.30 | search=  0 | target=phero(-0.12,5.29)
R2[SITE      ]: carry=0 | base=2.62 | wall=3.38 | search=  0 | target=site(-0.19,5.20)
R3[SITE      ]: carry=0 | base=4.97 | wall=1.03 | search=  0 | target=site(-0.12,5.29)
R4[WALL_ESC  ]: carry=0 | base=5.67 | wall=0.34 | search=2506 | target=site(-0.13,5.27)

[PICKUP] R3 picked up tag (density=3) | Total: 92

======================================================================
Step 65000 (34.7 min) | Pickups: 92 | Deposits: 91 | Rate: 2.62 tags/min | phero_entries=1 max_w=0.003
======================================================================
R1[PHERO     ]: carry=0 | base=4.62 | wall=1.38 | search=  0 | target=phero(-0.12,5.29)
R2[SITE      ]: carry=0 | base=4.54 | wall=1.46 | search=  0 | target=site(-0.19,5.20)
R3[RTB       ]: carry=1 | base=5.08 | wall=0.92 | search=  0 | target=none
R4[WALL_ESC  ]: carry=0 | base=5.67 | wall=0.33 | search=3006 | target=site(-0.13,5.27)

[PICKUP] R2 picked up tag (density=2) | Total: 93

======================================================================
Step 65500 (34.9 min) | Pickups: 93 | Deposits: 91 | Rate: 2.60 tags/min | phero_entries=0 max_w=0.000
======================================================================
R1[SEARCH    ]: carry=0 | base=5.15 | wall=0.85 | search=238 | target=phero(-0.12,5.29)
R2[SURVEY    ]: carry=1 | base=5.14 | wall=0.87 | search=  0 | target=none
R3[RTB       ]: carry=1 | base=3.65 | wall=2.35 | search=  0 | target=none
R4[WALL_ESC  ]: carry=0 | base=5.67 | wall=0.33 | search=3506 | target=site(-0.13,5.27)

[PICKUP] R4 picked up tag (density=1) | Total: 94

======================================================================
Step 66000 (35.2 min) | Pickups: 94 | Deposits: 91 | Rate: 2.59 tags/min | phero_entries=0 max_w=0.000
======================================================================
R1[SEARCH    ]: carry=0 | base=3.83 | wall=2.27 | search=738 | target=phero(-0.12,5.29)
R2[RTB       ]: carry=1 | base=3.69 | wall=2.31 | search=  0 | target=none
R3[RTB       ]: carry=1 | base=1.73 | wall=4.27 | search=  0 | target=none
R4[RTB       ]: carry=1 | base=4.94 | wall=1.07 | search=  0 | target=none

[DEPOSIT] R3 deposited! Total: 92
  [TARGET] R3 → SITE (-0.19, 5.27)

======================================================================
Step 66500 (35.5 min) | Pickups: 94 | Deposits: 92 | Rate: 2.59 tags/min | phero_entries=0 max_w=0.000
======================================================================
R1[SEARCH    ]: carry=0 | base=2.58 | wall=3.92 | search=1238 | target=phero(-0.12,5.29)
R2[RTB       ]: carry=1 | base=1.77 | wall=4.23 | search=  0 | target=none
R3[SITE      ]: carry=0 | base=0.26 | wall=5.75 | search=  0 | target=site(-0.19,5.27)
R4[RTB       ]: carry=1 | base=3.02 | wall=2.99 | search=  0 | target=none

[DEPOSIT] R2 deposited! Total: 93
  [TARGET] R2 → SITE (-0.22, 5.21)

======================================================================
Step 67000 (35.7 min) | Pickups: 94 | Deposits: 93 | Rate: 2.60 tags/min | phero_entries=0 max_w=0.000
======================================================================
R1[SEARCH    ]: carry=0 | base=1.57 | wall=4.48 | search=1738 | target=phero(-0.12,5.29)
R2[BASE_ESC  ]: carry=0 | base=0.23 | wall=5.78 | search=  0 | target=site(-0.22,5.21)
R3[SITE      ]: carry=0 | base=2.14 | wall=3.86 | search=  0 | target=site(-0.19,5.27)
R4[RTB       ]: carry=1 | base=1.10 | wall=4.90 | search=  0 | target=none

[DEPOSIT] R4 deposited! Total: 94
  [TARGET] R4 → WALL (-5.92, -4.65)
[PICKUP] R1 picked up tag (density=7) | Total: 95

======================================================================
Step 67500 (36.0 min) | Pickups: 95 | Deposits: 94 | Rate: 2.61 tags/min | phero_entries=0 max_w=0.000
======================================================================
R1[RTB       ]: carry=1 | base=2.00 | wall=4.03 | search=  0 | target=none
R2[SITE      ]: carry=0 | base=2.09 | wall=3.92 | search=  0 | target=site(-0.22,5.21)
R3[SITE      ]: carry=0 | base=4.06 | wall=1.94 | search=  0 | target=site(-0.19,5.27)
R4[DEPART    ]: carry=0 | base=0.26 | wall=5.80 | search=  0 | target=none


======================================================================
Step 68000 (36.3 min) | Pickups: 95 | Deposits: 94 | Rate: 2.59 tags/min | phero_entries=0 max_w=0.000
======================================================================
R1[RTB       ]: carry=1 | base=0.27 | wall=5.73 | search=  0 | target=none
R2[SITE      ]: carry=0 | base=4.01 | wall=2.00 | search=  0 | target=site(-0.22,5.21)
R3[SEARCH    ]: carry=0 | base=5.04 | wall=0.97 | search=199 | target=site(-0.19,5.27)
R4[SEARCH    ]: carry=0 | base=1.74 | wall=4.27 | search=355 | target=none

[DEPOSIT] R1 deposited! Total: 95
  [PHERO] Laid at (1.94, -0.39) density=7 prob=0.32 entries=1
  [TARGET] R1 → SITE (1.94, -0.39)

======================================================================
Step 68500 (36.5 min) | Pickups: 95 | Deposits: 95 | Rate: 2.60 tags/min | phero_entries=1 max_w=0.206
======================================================================
R1[SITE      ]: carry=0 | base=1.66 | wall=4.37 | search=  0 | target=site(1.94,-0.39)
R2[SEARCH    ]: carry=0 | base=5.36 | wall=0.64 | search=179 | target=site(-0.22,5.21)
R3[SEARCH    ]: carry=0 | base=3.65 | wall=2.37 | search=699 | target=site(-0.19,5.27)
R4[SEARCH    ]: carry=0 | base=2.51 | wall=3.72 | search=855 | target=none


======================================================================
Step 69000 (36.8 min) | Pickups: 95 | Deposits: 95 | Rate: 2.58 tags/min | phero_entries=1 max_w=0.042
======================================================================
R1[SEARCH    ]: carry=0 | base=1.28 | wall=4.81 | search=432 | target=site(1.94,-0.39)
R2[GIVE_UP   ]: carry=0 | base=4.54 | wall=1.49 | search=312 | target=none
R3[SEARCH    ]: carry=0 | base=2.60 | wall=3.80 | search=1199 | target=site(-0.19,5.27)
R4[SEARCH    ]: carry=0 | base=3.48 | wall=3.34 | search=1355 | target=none


======================================================================
Step 69500 (37.1 min) | Pickups: 95 | Deposits: 95 | Rate: 2.56 tags/min | phero_entries=1 max_w=0.008
======================================================================
R1[SEARCH    ]: carry=0 | base=1.18 | wall=4.91 | search=932 | target=site(1.94,-0.39)
R2[GIVE_UP   ]: carry=0 | base=2.62 | wall=3.39 | search=312 | target=none
R3[GIVE_UP   ]: carry=0 | base=1.13 | wall=5.06 | search=1560 | target=none
R4[GIVE_UP   ]: carry=0 | base=2.19 | wall=4.24 | search=1404 | target=none

[PICKUP] R2 picked up tag (density=6) | Total: 96
  [GIVE-UP] R3 returned empty after 1560 searching steps
  [TARGET] R3 → PHERO (1.94, -0.39)

======================================================================
Step 70000 (37.3 min) | Pickups: 96 | Deposits: 95 | Rate: 2.54 tags/min | phero_entries=1 max_w=0.002
======================================================================
R1[SEARCH    ]: carry=0 | base=2.21 | wall=3.86 | search=1432 | target=site(1.94,-0.39)
R2[RTB       ]: carry=1 | base=1.59 | wall=4.41 | search=  0 | target=none
R3[PHERO     ]: carry=0 | base=0.83 | wall=5.18 | search=  0 | target=phero(1.94,-0.39)
R4[GIVE_UP   ]: carry=0 | base=0.27 | wall=5.79 | search=1404 | target=none

  [GIVE-UP] R4 returned empty after 1404 searching steps
  [TARGET] R4 → PHERO (1.94, -0.39)
[DEPOSIT] R2 deposited! Total: 96
  [TARGET] R2 → SITE (-0.24, 2.17)

======================================================================
Step 70500 (37.6 min) | Pickups: 96 | Deposits: 96 | Rate: 2.55 tags/min | phero_entries=0 max_w=0.000
======================================================================
R1[SEARCH    ]: carry=0 | base=3.78 | wall=2.23 | search=1932 | target=site(1.94,-0.39)
R2[SITE      ]: carry=0 | base=0.37 | wall=5.65 | search=  0 | target=site(-0.24,2.17)
R3[SEARCH    ]: carry=0 | base=1.81 | wall=4.22 | search=212 | target=phero(1.94,-0.39)
R4[PHERO     ]: carry=0 | base=1.11 | wall=4.89 | search=  0 | target=phero(1.94,-0.39)

[PICKUP] R2 picked up tag (density=5) | Total: 97

======================================================================
Step 71000 (37.9 min) | Pickups: 97 | Deposits: 96 | Rate: 2.54 tags/min | phero_entries=0 max_w=0.000
======================================================================
R1[SEARCH    ]: carry=0 | base=4.40 | wall=1.78 | search=2432 | target=site(1.94,-0.39)
R2[SURVEY    ]: carry=1 | base=1.97 | wall=4.05 | search=  0 | target=none
R3[GIVE_UP   ]: carry=0 | base=1.80 | wall=4.39 | search=468 | target=none
R4[SEARCH    ]: carry=0 | base=1.55 | wall=4.51 | search=284 | target=phero(1.94,-0.39)

  [GIVE-UP] R3 returned empty after 468 searching steps
  [TARGET] R3 → WALL (5.92, -3.65)
  [GIVE-UP] R4 returned empty after 624 searching steps
  [TARGET] R4 → WALL (-5.92, 2.60)

======================================================================
Step 71500 (38.1 min) | Pickups: 97 | Deposits: 96 | Rate: 2.52 tags/min | phero_entries=0 max_w=0.000
======================================================================
R1[GIVE_UP   ]: carry=0 | base=3.03 | wall=3.29 | search=2652 | target=none
R2[RTB       ]: carry=1 | base=0.60 | wall=5.41 | search=  0 | target=none
R3[BASE_ESC  ]: carry=0 | base=0.23 | wall=5.78 | search=  0 | target=none
R4[BASE_ESC  ]: carry=0 | base=0.22 | wall=5.79 | search=  0 | target=none

[DEPOSIT] R2 deposited! Total: 97
  [TARGET] R2 → SITE (-0.23, 1.95)

======================================================================
Step 72000 (38.4 min) | Pickups: 97 | Deposits: 97 | Rate: 2.53 tags/min | phero_entries=0 max_w=0.000
======================================================================
R1[GIVE_UP   ]: carry=0 | base=1.11 | wall=5.01 | search=2652 | target=none
R2[SITE      ]: carry=0 | base=1.35 | wall=4.66 | search=  0 | target=site(-0.23,1.95)
R3[SEARCH    ]: carry=0 | base=1.97 | wall=4.39 | search=174 | target=none
R4[DEPART    ]: carry=0 | base=1.35 | wall=4.69 | search=  0 | target=none

[PICKUP] R2 picked up tag (density=4) | Total: 98
  [GIVE-UP] R1 returned empty after 2652 searching steps
  [TARGET] R1 → WALL (-4.49, -5.92)

======================================================================
Step 72500 (38.7 min) | Pickups: 98 | Deposits: 97 | Rate: 2.51 tags/min | phero_entries=0 max_w=0.000
======================================================================
R1[DEPART    ]: carry=0 | base=0.74 | wall=5.37 | search=  0 | target=none
R2[RTB       ]: carry=1 | base=1.69 | wall=4.32 | search=  0 | target=none
R3[SEARCH    ]: carry=0 | base=3.37 | wall=3.18 | search=674 | target=none
R4[SEARCH    ]: carry=0 | base=2.97 | wall=3.06 | search=309 | target=none

[PICKUP] R1 picked up tag (density=4) | Total: 99
[PICKUP] R3 picked up tag (density=19) | Total: 100
[DEPOSIT] R1 deposited! Total: 98
  [TARGET] R1 → SITE (-0.63, -0.39)
[DEPOSIT] R2 deposited! Total: 99
  [PHERO] Laid at (-0.24, 1.94) density=4 prob=0.05 entries=1
  [TARGET] R2 → SITE (-0.24, 1.94)

======================================================================
Step 73000 (38.9 min) | Pickups: 100 | Deposits: 99 | Rate: 2.54 tags/min | phero_entries=1 max_w=0.672
======================================================================
R1[SITE      ]: carry=0 | base=0.32 | wall=5.75 | search=  0 | target=site(-0.63,-0.39)
R2[SITE      ]: carry=0 | base=0.28 | wall=5.73 | search=  0 | target=site(-0.24,1.94)
R3[RTB       ]: carry=1 | base=2.76 | wall=3.70 | search=  0 | target=none
R4[SEARCH    ]: carry=0 | base=2.82 | wall=3.36 | search=809 | target=none


======================================================================
Step 73500 (39.2 min) | Pickups: 100 | Deposits: 99 | Rate: 2.53 tags/min | phero_entries=1 max_w=0.136
======================================================================
R1[SEARCH    ]: carry=0 | base=0.75 | wall=5.28 | search=389 | target=site(-0.63,-0.39)
R2[SEARCH    ]: carry=0 | base=1.94 | wall=4.07 | search= 65 | target=site(-0.24,1.94)
R3[RTB       ]: carry=1 | base=0.84 | wall=5.30 | search=  0 | target=none
R4[SEARCH    ]: carry=0 | base=3.31 | wall=3.39 | search=1309 | target=none

[DEPOSIT] R3 deposited! Total: 100
  [PHERO] Laid at (1.82, -2.94) density=19 prob=1.00 entries=2
  [TARGET] R3 → SITE (1.82, -2.94)

======================================================================
Step 74000 (39.5 min) | Pickups: 100 | Deposits: 100 | Rate: 2.53 tags/min | phero_entries=2 max_w=0.330
======================================================================
R1[SEARCH    ]: carry=0 | base=1.83 | wall=4.18 | search=889 | target=site(-0.63,-0.39)
R2[GIVE_UP   ]: carry=0 | base=2.47 | wall=3.59 | search=468 | target=none
R3[SITE      ]: carry=0 | base=1.12 | wall=5.01 | search=  0 | target=site(1.82,-2.94)
R4[GIVE_UP   ]: carry=0 | base=4.49 | wall=1.94 | search=1716 | target=none

[PICKUP] R3 picked up tag (density=7) | Total: 101
[PICKUP] R2 picked up tag (density=3) | Total: 102
[PICKUP] R4 picked up tag (density=20) | Total: 103

======================================================================
Step 74500 (39.7 min) | Pickups: 103 | Deposits: 100 | Rate: 2.52 tags/min | phero_entries=2 max_w=0.067
======================================================================
R1[SEARCH    ]: carry=0 | base=3.32 | wall=2.79 | search=1389 | target=site(-0.63,-0.39)
R2[RTB       ]: carry=1 | base=1.44 | wall=4.59 | search=  0 | target=none
R3[RTB       ]: carry=1 | base=0.28 | wall=5.77 | search=  0 | target=none
R4[RTB       ]: carry=1 | base=3.43 | wall=2.87 | search=  0 | target=none

[DEPOSIT] R3 deposited! Total: 101
  [TARGET] R3 → SITE (0.54, -1.01)
[DEPOSIT] R2 deposited! Total: 102
  [TARGET] R2 → SITE (-0.51, 2.17)

======================================================================
Step 75000 (40.0 min) | Pickups: 103 | Deposits: 102 | Rate: 2.55 tags/min | phero_entries=2 max_w=0.013
======================================================================
R1[SEARCH    ]: carry=0 | base=4.93 | wall=1.53 | search=1889 | target=site(-0.63,-0.39)
R2[SITE      ]: carry=0 | base=0.51 | wall=5.49 | search=  0 | target=site(-0.51,2.17)
R3[SEARCH    ]: carry=0 | base=1.06 | wall=5.04 | search=140 | target=site(0.54,-1.01)
R4[RTB       ]: carry=1 | base=1.51 | wall=4.62 | search=  0 | target=none

[DEPOSIT] R4 deposited! Total: 103
  [PHERO] Laid at (-1.49, -3.22) density=20 prob=1.00 entries=2
  [TARGET] R4 → SITE (-1.49, -3.22)
[PICKUP] R2 picked up tag (density=2) | Total: 104

======================================================================
Step 75500 (40.3 min) | Pickups: 104 | Deposits: 103 | Rate: 2.56 tags/min | phero_entries=2 max_w=0.579
======================================================================
R1[SEARCH    ]: carry=0 | base=6.38 | wall=0.68 | search=2389 | target=site(-0.63,-0.39)
R2[SURVEY    ]: carry=1 | base=1.87 | wall=4.18 | search=  0 | target=none
R3[SEARCH    ]: carry=0 | base=2.14 | wall=3.86 | search=640 | target=site(0.54,-1.01)
R4[SITE      ]: carry=0 | base=0.45 | wall=5.56 | search=  0 | target=site(-1.49,-3.22)


======================================================================
Step 76000 (40.5 min) | Pickups: 104 | Deposits: 103 | Rate: 2.54 tags/min | phero_entries=1 max_w=0.117
======================================================================
R1[SEARCH    ]: carry=0 | base=7.16 | wall=0.36 | search=2889 | target=site(-0.63,-0.39)
R2[RTB       ]: carry=1 | base=0.27 | wall=5.73 | search=  0 | target=none
R3[SEARCH    ]: carry=0 | base=1.79 | wall=4.58 | search=1140 | target=site(0.54,-1.01)
R4[SITE      ]: carry=0 | base=2.36 | wall=3.84 | search=  0 | target=site(-1.49,-3.22)

[DEPOSIT] R2 deposited! Total: 104
  [TARGET] R2 → SITE (-0.40, 1.82)
[PICKUP] R4 picked up tag (density=19) | Total: 105
  [GIVE-UP] R3 returned empty after 1404 searching steps
  [TARGET] R3 → PHERO (-1.49, -3.22)

======================================================================
Step 76500 (40.8 min) | Pickups: 105 | Deposits: 104 | Rate: 2.55 tags/min | phero_entries=1 max_w=0.024
======================================================================
R1[SEARCH    ]: carry=0 | base=7.06 | wall=0.38 | search=3389 | target=site(-0.63,-0.39)
R2[SITE      ]: carry=0 | base=1.66 | wall=4.38 | search=  0 | target=site(-0.40,1.82)
R3[BASE_ESC  ]: carry=0 | base=0.22 | wall=5.80 | search=  0 | target=phero(-1.49,-3.22)
R4[RTB       ]: carry=1 | base=2.85 | wall=3.38 | search=  0 | target=none

[PICKUP] R3 picked up tag (density=3) | Total: 106

======================================================================
Step 77000 (41.1 min) | Pickups: 106 | Deposits: 104 | Rate: 2.53 tags/min | phero_entries=1 max_w=0.005
======================================================================
R1[WALL_ESC  ]: carry=0 | base=7.21 | wall=0.31 | search=3889 | target=site(-0.63,-0.39)
R2[SEARCH    ]: carry=0 | base=1.07 | wall=4.97 | search=460 | target=site(-0.40,1.82)
R3[RTB       ]: carry=1 | base=0.56 | wall=5.58 | search=  0 | target=none
R4[RTB       ]: carry=1 | base=0.93 | wall=5.15 | search=  0 | target=none

[DEPOSIT] R3 deposited! Total: 105
  [TARGET] R3 → SITE (-0.48, -0.47)
[DEPOSIT] R4 deposited! Total: 106
  [PHERO] Laid at (-1.29, -2.81) density=19 prob=1.00 entries=2
  [TARGET] R4 → SITE (-1.29, -2.81)

======================================================================
Step 77500 (41.3 min) | Pickups: 106 | Deposits: 106 | Rate: 2.56 tags/min | phero_entries=1 max_w=0.371
======================================================================
R1[SEARCH    ]: carry=0 | base=7.10 | wall=0.40 | search=4389 | target=site(-0.63,-0.39)
R2[SEARCH    ]: carry=0 | base=0.89 | wall=5.26 | search=960 | target=site(-0.40,1.82)
R3[SEARCH    ]: carry=0 | base=0.66 | wall=5.46 | search=136 | target=site(-0.48,-0.47)
R4[SITE      ]: carry=0 | base=0.93 | wall=5.11 | search=  0 | target=site(-1.29,-2.81)

[PICKUP] R3 picked up tag (density=2) | Total: 107
[PICKUP] R2 picked up tag (density=6) | Total: 108
[DEPOSIT] R3 deposited! Total: 107
  [TARGET] R3 → SITE (-0.65, -0.47)

======================================================================
Step 78000 (41.6 min) | Pickups: 108 | Deposits: 107 | Rate: 2.57 tags/min | phero_entries=1 max_w=0.075
======================================================================
R1[GIVE_UP   ]: carry=0 | base=6.50 | wall=0.92 | search=4680 | target=none
R2[RTB       ]: carry=1 | base=0.57 | wall=5.59 | search=  0 | target=none
R3[BASE_ESC  ]: carry=0 | base=0.22 | wall=5.84 | search=  0 | target=site(-0.65,-0.47)
R4[SITE      ]: carry=0 | base=2.84 | wall=3.41 | search=  0 | target=site(-1.29,-2.81)

[DEPOSIT] R2 deposited! Total: 108
  [TARGET] R2 → SITE (0.58, -0.79)
[PICKUP] R3 picked up tag (density=1) | Total: 109
[PICKUP] R4 picked up tag (density=17) | Total: 110

======================================================================
Step 78500 (41.9 min) | Pickups: 110 | Deposits: 108 | Rate: 2.58 tags/min | phero_entries=1 max_w=0.015
======================================================================
R1[GIVE_UP   ]: carry=0 | base=4.58 | wall=2.42 | search=4680 | target=none
R2[SEARCH    ]: carry=0 | base=1.00 | wall=5.24 | search=106 | target=site(0.58,-0.79)
R3[RTB       ]: carry=1 | base=0.66 | wall=5.49 | search=  0 | target=none
R4[SURVEY    ]: carry=1 | base=2.97 | wall=3.35 | search=  0 | target=none

[DEPOSIT] R3 deposited! Total: 109
  [TARGET] R3 → PHERO (-1.29, -2.81)

======================================================================
Step 79000 (42.1 min) | Pickups: 110 | Deposits: 109 | Rate: 2.59 tags/min | phero_entries=1 max_w=0.003
======================================================================
R1[GIVE_UP   ]: carry=0 | base=2.66 | wall=3.92 | search=4680 | target=none
R2[SEARCH    ]: carry=0 | base=0.36 | wall=5.67 | search=606 | target=site(0.58,-0.79)
R3[PHERO     ]: carry=0 | base=1.30 | wall=4.82 | search=  0 | target=phero(-1.29,-2.81)
R4[RTB       ]: carry=1 | base=1.45 | wall=4.68 | search=  0 | target=none

[DEPOSIT] R4 deposited! Total: 110
  [PHERO] Laid at (-1.33, -2.65) density=17 prob=0.99 entries=2
  [TARGET] R4 → SITE (-1.33, -2.65)

======================================================================
Step 79500 (42.4 min) | Pickups: 110 | Deposits: 110 | Rate: 2.59 tags/min | phero_entries=1 max_w=0.601
======================================================================
R1[GIVE_UP   ]: carry=0 | base=0.74 | wall=5.42 | search=4680 | target=none
R2[SEARCH    ]: carry=0 | base=1.96 | wall=4.07 | search=1106 | target=site(0.58,-0.79)
R3[SEARCH    ]: carry=0 | base=3.10 | wall=3.19 | search= 24 | target=phero(-1.29,-2.81)
R4[SITE      ]: carry=0 | base=0.40 | wall=5.60 | search=  0 | target=site(-1.33,-2.65)

  [GIVE-UP] R1 returned empty after 4680 searching steps
  [TARGET] R1 → PHERO (-1.33, -2.65)

======================================================================
Step 80000 (42.7 min) | Pickups: 110 | Deposits: 110 | Rate: 2.58 tags/min | phero_entries=1 max_w=0.121
======================================================================
R1[PHERO     ]: carry=0 | base=0.36 | wall=5.66 | search=  0 | target=phero(-1.33,-2.65)
R2[SEARCH    ]: carry=0 | base=3.63 | wall=2.51 | search=1606 | target=site(0.58,-0.79)
R3[SEARCH    ]: carry=0 | base=2.91 | wall=3.10 | search=524 | target=phero(-1.29,-2.81)
R4[SITE      ]: carry=0 | base=2.30 | wall=3.93 | search=  0 | target=site(-1.33,-2.65)

[PICKUP] R3 picked up tag (density=14) | Total: 111
[PICKUP] R4 picked up tag (density=17) | Total: 112
[PICKUP] R2 picked up tag (density=22) | Total: 113

======================================================================
Step 80500 (42.9 min) | Pickups: 113 | Deposits: 110 | Rate: 2.56 tags/min | phero_entries=1 max_w=0.025
======================================================================
R1[PHERO     ]: carry=0 | base=2.16 | wall=4.03 | search=  0 | target=phero(-1.33,-2.65)
R2[SURVEY    ]: carry=1 | base=4.99 | wall=1.46 | search=  0 | target=none
R3[RTB       ]: carry=1 | base=1.91 | wall=4.11 | search=  0 | target=none
R4[SURVEY    ]: carry=1 | base=3.01 | wall=3.39 | search=  0 | target=none

[DEPOSIT] R3 deposited! Total: 111
  [PHERO] Laid at (0.32, -2.89) density=14 prob=0.96 entries=2
  [TARGET] R3 → SITE (0.32, -2.89)

======================================================================
Step 81000 (43.2 min) | Pickups: 113 | Deposits: 111 | Rate: 2.57 tags/min | phero_entries=2 max_w=0.807
======================================================================
R1[GIVE_UP   ]: carry=0 | base=2.34 | wall=3.88 | search=156 | target=none
R2[RTB       ]: carry=1 | base=3.77 | wall=2.57 | search=  0 | target=none
R3[BASE_ESC  ]: carry=0 | base=0.22 | wall=5.78 | search=  0 | target=site(0.32,-2.89)
R4[RTB       ]: carry=1 | base=1.75 | wall=4.46 | search=  0 | target=none

[DEPOSIT] R4 deposited! Total: 112
  [PHERO] Laid at (-1.49, -2.61) density=17 prob=0.99 entries=3
  [TARGET] R4 → SITE (-1.49, -2.61)

======================================================================
Step 81500 (43.5 min) | Pickups: 113 | Deposits: 112 | Rate: 2.58 tags/min | phero_entries=2 max_w=0.703
======================================================================
R1[GIVE_UP   ]: carry=0 | base=0.42 | wall=5.62 | search=156 | target=none
R2[RTB       ]: carry=1 | base=1.85 | wall=4.32 | search=  0 | target=none
R3[SITE      ]: carry=0 | base=1.96 | wall=4.04 | search=  0 | target=site(0.32,-2.89)
R4[BASE_ESC  ]: carry=0 | base=0.25 | wall=5.81 | search=  0 | target=site(-1.49,-2.61)

  [GIVE-UP] R1 returned empty after 156 searching steps
  [TARGET] R1 → PHERO (-1.49, -2.61)
[PICKUP] R3 picked up tag (density=13) | Total: 114
[DEPOSIT] R2 deposited! Total: 113
  [PHERO] Laid at (-4.54, 2.06) density=22 prob=1.00 entries=3
  [TARGET] R2 → SITE (-4.54, 2.06)

======================================================================
Step 82000 (43.7 min) | Pickups: 114 | Deposits: 113 | Rate: 2.58 tags/min | phero_entries=3 max_w=0.769
======================================================================
R1[PHERO     ]: carry=0 | base=1.52 | wall=4.64 | search=  0 | target=phero(-1.49,-2.61)
R2[BASE_ESC  ]: carry=0 | base=0.22 | wall=5.79 | search=  0 | target=site(-4.54,2.06)
R3[RTB       ]: carry=1 | base=2.92 | wall=3.10 | search=  0 | target=none
R4[SITE      ]: carry=0 | base=2.13 | wall=4.17 | search=  0 | target=site(-1.49,-2.61)

[PICKUP] R4 picked up tag (density=15) | Total: 115

======================================================================
Step 82500 (44.0 min) | Pickups: 115 | Deposits: 113 | Rate: 2.57 tags/min | phero_entries=3 max_w=0.155
======================================================================
R1[SEARCH    ]: carry=0 | base=3.00 | wall=3.36 | search=126 | target=phero(-1.49,-2.61)
R2[SITE      ]: carry=0 | base=2.00 | wall=4.15 | search=  0 | target=site(-4.54,2.06)
R3[RTB       ]: carry=1 | base=1.11 | wall=4.90 | search=  0 | target=none
R4[SURVEY    ]: carry=1 | base=3.11 | wall=3.39 | search=  0 | target=none

[DEPOSIT] R3 deposited! Total: 114
  [TARGET] R3 → SITE (0.34, -2.90)

======================================================================
Step 83000 (44.3 min) | Pickups: 115 | Deposits: 114 | Rate: 2.58 tags/min | phero_entries=3 max_w=0.031
======================================================================
R1[GIVE_UP   ]: carry=0 | base=1.53 | wall=4.78 | search=468 | target=none
R2[SITE      ]: carry=0 | base=3.92 | wall=2.42 | search=  0 | target=site(-4.54,2.06)
R3[SITE      ]: carry=0 | base=0.84 | wall=5.16 | search=  0 | target=site(0.34,-2.90)
R4[RTB       ]: carry=1 | base=2.11 | wall=4.21 | search=  0 | target=none

[PICKUP] R2 picked up tag (density=23) | Total: 116
  [GIVE-UP] R1 returned empty after 468 searching steps
  [TARGET] R1 → PHERO (-4.54, 2.06)
[DEPOSIT] R4 deposited! Total: 115
  [PHERO] Laid at (-1.70, -2.61) density=15 prob=0.98 entries=3
  [TARGET] R4 → SITE (-1.70, -2.61)
[PICKUP] R3 picked up tag (density=12) | Total: 117

======================================================================
Step 83500 (44.5 min) | Pickups: 117 | Deposits: 115 | Rate: 2.58 tags/min | phero_entries=3 max_w=0.953
======================================================================
R1[PHERO     ]: carry=0 | base=0.38 | wall=5.64 | search=  0 | target=phero(-4.54,2.06)
R2[RTB       ]: carry=1 | base=4.53 | wall=1.88 | search=  0 | target=none
R3[SURVEY    ]: carry=1 | base=2.75 | wall=3.27 | search=  0 | target=none
R4[BASE_ESC  ]: carry=0 | base=0.23 | wall=5.81 | search=  0 | target=site(-1.70,-2.61)


======================================================================
Step 84000 (44.8 min) | Pickups: 117 | Deposits: 115 | Rate: 2.57 tags/min | phero_entries=2 max_w=0.192
======================================================================
R1[PHERO     ]: carry=0 | base=2.19 | wall=3.94 | search=  0 | target=phero(-4.54,2.06)
R2[RTB       ]: carry=1 | base=2.61 | wall=3.63 | search=  0 | target=none
R3[RTB       ]: carry=1 | base=1.80 | wall=4.22 | search=  0 | target=none
R4[SITE      ]: carry=0 | base=1.76 | wall=4.55 | search=  0 | target=site(-1.70,-2.61)

[DEPOSIT] R3 deposited! Total: 116
  [PHERO] Laid at (0.32, -2.73) density=12 prob=0.88 entries=2
  [TARGET] R3 → SITE (0.32, -2.73)
[PICKUP] R4 picked up tag (density=15) | Total: 118

======================================================================
Step 84500 (45.1 min) | Pickups: 118 | Deposits: 116 | Rate: 2.57 tags/min | phero_entries=2 max_w=0.733
======================================================================
R1[PHERO     ]: carry=0 | base=4.10 | wall=2.25 | search=  0 | target=phero(-4.54,2.06)
R2[RTB       ]: carry=1 | base=0.69 | wall=5.37 | search=  0 | target=none
R3[BASE_ESC  ]: carry=0 | base=0.22 | wall=5.78 | search=  0 | target=site(0.32,-2.73)
R4[SURVEY    ]: carry=1 | base=3.10 | wall=3.37 | search=  0 | target=none

[DEPOSIT] R2 deposited! Total: 117
  [PHERO] Laid at (-4.30, 1.95) density=23 prob=1.00 entries=3
  [TARGET] R2 → SITE (-4.30, 1.95)
[PICKUP] R1 picked up tag (density=22) | Total: 119

======================================================================
Step 85000 (45.3 min) | Pickups: 119 | Deposits: 117 | Rate: 2.58 tags/min | phero_entries=3 max_w=0.292
======================================================================
R1[RTB       ]: carry=1 | base=4.86 | wall=1.60 | search=  0 | target=none
R2[SITE      ]: carry=0 | base=1.27 | wall=4.82 | search=  0 | target=site(-4.30,1.95)
R3[SITE      ]: carry=0 | base=2.06 | wall=3.95 | search=  0 | target=site(0.32,-2.73)
R4[RTB       ]: carry=1 | base=1.59 | wall=4.64 | search=  0 | target=none

[PICKUP] R3 picked up tag (density=11) | Total: 120
[DEPOSIT] R4 deposited! Total: 118
  [TARGET] R4 → SITE (-1.65, -2.62)

======================================================================
Step 85500 (45.6 min) | Pickups: 120 | Deposits: 118 | Rate: 2.59 tags/min | phero_entries=3 max_w=0.059
======================================================================
R1[RTB       ]: carry=1 | base=2.94 | wall=3.34 | search=  0 | target=none
R2[SITE      ]: carry=0 | base=3.18 | wall=3.09 | search=  0 | target=site(-4.30,1.95)
R3[RTB       ]: carry=1 | base=2.46 | wall=3.57 | search=  0 | target=none
R4[SITE      ]: carry=0 | base=0.38 | wall=5.73 | search=  0 | target=site(-1.65,-2.62)


======================================================================
Step 86000 (45.9 min) | Pickups: 120 | Deposits: 118 | Rate: 2.57 tags/min | phero_entries=2 max_w=0.012
======================================================================
R1[RTB       ]: carry=1 | base=1.02 | wall=5.07 | search=  0 | target=none
R2[SEARCH    ]: carry=0 | base=4.68 | wall=1.71 | search=112 | target=site(-4.30,1.95)
R3[RTB       ]: carry=1 | base=0.54 | wall=5.46 | search=  0 | target=none
R4[SITE      ]: carry=0 | base=2.29 | wall=4.08 | search=  0 | target=site(-1.65,-2.62)

[DEPOSIT] R3 deposited! Total: 119
  [TARGET] R3 → SITE (0.32, -2.71)
[PICKUP] R2 picked up tag (density=21) | Total: 121
[DEPOSIT] R1 deposited! Total: 120
  [PHERO] Laid at (-4.52, 2.09) density=22 prob=1.00 entries=3
  [TARGET] R1 → SITE (-4.52, 2.09)

======================================================================
Step 86500 (46.1 min) | Pickups: 121 | Deposits: 120 | Rate: 2.60 tags/min | phero_entries=3 max_w=0.385
======================================================================
R1[SITE      ]: carry=0 | base=0.92 | wall=5.20 | search=  0 | target=site(-4.52,2.09)
R2[RTB       ]: carry=1 | base=3.94 | wall=2.44 | search=  0 | target=none
R3[SITE      ]: carry=0 | base=1.41 | wall=4.60 | search=  0 | target=site(0.32,-2.71)
R4[SEARCH    ]: carry=0 | base=2.65 | wall=3.89 | search=301 | target=site(-1.65,-2.62)

[PICKUP] R4 picked up tag (density=12) | Total: 122

======================================================================
Step 87000 (46.4 min) | Pickups: 122 | Deposits: 120 | Rate: 2.59 tags/min | phero_entries=1 max_w=0.078
======================================================================
R1[SITE      ]: carry=0 | base=2.80 | wall=3.49 | search=  0 | target=site(-4.52,2.09)
R2[RTB       ]: carry=1 | base=2.06 | wall=4.13 | search=  0 | target=none
R3[SEARCH    ]: carry=0 | base=2.61 | wall=3.40 | search=170 | target=site(0.32,-2.71)
R4[RTB       ]: carry=1 | base=1.66 | wall=4.81 | search=  0 | target=none

[DEPOSIT] R4 deposited! Total: 121
  [TARGET] R4 → SITE (-1.60, -1.56)
[DEPOSIT] R2 deposited! Total: 122
  [PHERO] Laid at (-4.16, 1.95) density=21 prob=1.00 entries=2
  [TARGET] R2 → SITE (-4.16, 1.95)
[PICKUP] R1 picked up tag (density=21) | Total: 123

======================================================================
Step 87500 (46.7 min) | Pickups: 123 | Deposits: 122 | Rate: 2.61 tags/min | phero_entries=2 max_w=0.917
======================================================================
R1[SURVEY    ]: carry=1 | base=4.63 | wall=1.80 | search=  0 | target=none
R2[BASE_ESC  ]: carry=0 | base=0.23 | wall=5.79 | search=  0 | target=site(-4.16,1.95)
R3[SEARCH    ]: carry=0 | base=3.82 | wall=2.22 | search=670 | target=site(0.32,-2.71)
R4[SITE      ]: carry=0 | base=0.30 | wall=5.74 | search=  0 | target=site(-1.60,-1.56)

[PICKUP] R4 picked up tag (density=11) | Total: 124

======================================================================
Step 88000 (46.9 min) | Pickups: 124 | Deposits: 122 | Rate: 2.60 tags/min | phero_entries=2 max_w=0.185
======================================================================
R1[RTB       ]: carry=1 | base=3.55 | wall=2.79 | search=  0 | target=none
R2[SITE      ]: carry=0 | base=1.81 | wall=4.34 | search=  0 | target=site(-4.16,1.95)
R3[SEARCH    ]: carry=0 | base=4.56 | wall=1.69 | search=1170 | target=site(0.32,-2.71)
R4[SURVEY    ]: carry=1 | base=1.72 | wall=4.75 | search=  0 | target=none

[PICKUP] R3 picked up tag (density=14) | Total: 125
[DEPOSIT] R4 deposited! Total: 123
  [PHERO] Laid at (-1.25, -1.18) density=11 prob=0.80 entries=2
  [TARGET] R4 → SITE (-1.25, -1.18)

======================================================================
Step 88500 (47.2 min) | Pickups: 125 | Deposits: 123 | Rate: 2.61 tags/min | phero_entries=2 max_w=1.000
======================================================================
R1[RTB       ]: carry=1 | base=1.69 | wall=4.48 | search=  0 | target=none
R2[SITE      ]: carry=0 | base=3.70 | wall=2.64 | search=  0 | target=site(-4.16,1.95)
R3[SURVEY    ]: carry=1 | base=3.53 | wall=2.80 | search=  0 | target=none
R4[BASE_ESC  ]: carry=0 | base=0.25 | wall=5.82 | search=  0 | target=site(-1.25,-1.18)

[DEPOSIT] R1 deposited! Total: 124
  [PHERO] Laid at (-4.20, 1.96) density=21 prob=1.00 entries=3
  [TARGET] R1 → SITE (-4.20, 1.96)
[PICKUP] R2 picked up tag (density=17) | Total: 126

======================================================================
Step 89000 (47.5 min) | Pickups: 126 | Deposits: 124 | Rate: 2.61 tags/min | phero_entries=3 max_w=0.670
======================================================================
R1[SITE      ]: carry=0 | base=0.29 | wall=5.72 | search=  0 | target=site(-4.20,1.96)
R2[SURVEY    ]: carry=1 | base=4.47 | wall=1.99 | search=  0 | target=none
R3[RTB       ]: carry=1 | base=1.76 | wall=4.39 | search=  0 | target=none
R4[SEARCH    ]: carry=0 | base=1.68 | wall=4.78 | search=  7 | target=site(-1.25,-1.18)

[PICKUP] R4 picked up tag (density=10) | Total: 127
[DEPOSIT] R3 deposited! Total: 125
  [PHERO] Laid at (-1.49, -3.21) density=14 prob=0.96 entries=4
  [TARGET] R3 → SITE (-1.49, -3.21)

======================================================================
Step 89500 (47.7 min) | Pickups: 127 | Deposits: 125 | Rate: 2.62 tags/min | phero_entries=4 max_w=0.710
======================================================================
R1[SITE      ]: carry=0 | base=2.18 | wall=4.00 | search=  0 | target=site(-4.20,1.96)
R2[RTB       ]: carry=1 | base=3.26 | wall=3.08 | search=  0 | target=none
R3[BASE_ESC  ]: carry=0 | base=0.23 | wall=5.81 | search=  0 | target=site(-1.49,-3.21)
R4[SURVEY    ]: carry=1 | base=1.82 | wall=4.57 | search=  0 | target=none

[DEPOSIT] R4 deposited! Total: 126
  [PHERO] Laid at (-1.43, -1.11) density=10 prob=0.71 entries=4
  [TARGET] R4 → SITE (-1.43, -1.11)

======================================================================
Step 90000 (48.0 min) | Pickups: 127 | Deposits: 126 | Rate: 2.62 tags/min | phero_entries=4 max_w=0.860
======================================================================
R1[SITE      ]: carry=0 | base=4.10 | wall=2.28 | search=  0 | target=site(-4.20,1.96)
R2[RTB       ]: carry=1 | base=1.34 | wall=4.80 | search=  0 | target=none
R3[SITE      ]: carry=0 | base=2.09 | wall=4.12 | search=  0 | target=site(-1.49,-3.21)
R4[BASE_ESC  ]: carry=0 | base=0.22 | wall=5.82 | search=  0 | target=site(-1.43,-1.11)

[PICKUP] R3 picked up tag (density=13) | Total: 128
[DEPOSIT] R2 deposited! Total: 127
  [PHERO] Laid at (-4.02, 1.97) density=17 prob=0.99 entries=5
  [TARGET] R2 → SITE (-4.02, 1.97)

======================================================================
Step 90500 (48.3 min) | Pickups: 128 | Deposits: 127 | Rate: 2.63 tags/min | phero_entries=5 max_w=0.501
======================================================================
R1[GIVE_UP   ]: carry=0 | base=3.80 | wall=2.42 | search=312 | target=none
R2[SITE      ]: carry=0 | base=0.62 | wall=5.41 | search=  0 | target=site(-4.02,1.97)
R3[RTB       ]: carry=1 | base=3.10 | wall=3.19 | search=  0 | target=none
R4[SEARCH    ]: carry=0 | base=1.82 | wall=4.55 | search= 33 | target=site(-1.43,-1.11)

[PICKUP] R4 picked up tag (density=9) | Total: 129

======================================================================
Step 91000 (48.5 min) | Pickups: 129 | Deposits: 127 | Rate: 2.62 tags/min | phero_entries=4 max_w=0.101
======================================================================
R1[GIVE_UP   ]: carry=0 | base=1.88 | wall=4.23 | search=312 | target=none
R2[SITE      ]: carry=0 | base=2.54 | wall=3.70 | search=  0 | target=site(-4.02,1.97)
R3[RTB       ]: carry=1 | base=1.23 | wall=4.88 | search=  0 | target=none
R4[RTB       ]: carry=1 | base=1.00 | wall=5.23 | search=  0 | target=none

[DEPOSIT] R4 deposited! Total: 128
  [PHERO] Laid at (-1.47, -1.12) density=9 prob=0.59 entries=4
  [TARGET] R4 → SITE (-1.47, -1.12)
[DEPOSIT] R3 deposited! Total: 129
  [PHERO] Laid at (-1.32, -2.82) density=13 prob=0.93 entries=5
  [TARGET] R3 → SITE (-1.32, -2.82)
  [GIVE-UP] R1 returned empty after 312 searching steps
  [TARGET] R1 → PHERO (-1.32, -2.82)

======================================================================
Step 91500 (48.8 min) | Pickups: 129 | Deposits: 129 | Rate: 2.64 tags/min | phero_entries=5 max_w=0.457
======================================================================
R1[BASE_ESC  ]: carry=0 | base=0.22 | wall=5.78 | search=  0 | target=phero(-1.32,-2.82)
R2[SEARCH    ]: carry=0 | base=4.44 | wall=2.01 | search=  9 | target=site(-4.02,1.97)
R3[SITE      ]: carry=0 | base=0.73 | wall=5.37 | search=  0 | target=site(-1.32,-2.82)
R4[SITE      ]: carry=0 | base=0.94 | wall=5.29 | search=  0 | target=site(-1.47,-1.12)

[PICKUP] R2 picked up tag (density=18) | Total: 130
[PICKUP] R4 picked up tag (density=8) | Total: 131

======================================================================
Step 92000 (49.1 min) | Pickups: 131 | Deposits: 129 | Rate: 2.63 tags/min | phero_entries=4 max_w=0.092
======================================================================
R1[PHERO     ]: carry=0 | base=1.78 | wall=4.45 | search=  0 | target=phero(-1.32,-2.82)
R2[RTB       ]: carry=1 | base=4.26 | wall=2.25 | search=  0 | target=none
R3[SITE      ]: carry=0 | base=2.64 | wall=3.61 | search=  0 | target=site(-1.32,-2.82)
R4[SURVEY    ]: carry=1 | base=1.88 | wall=4.54 | search=  0 | target=none

[PICKUP] R3 picked up tag (density=12) | Total: 132
[DEPOSIT] R4 deposited! Total: 130
  [TARGET] R4 → SITE (-1.46, -1.19)

======================================================================
Step 92500 (49.3 min) | Pickups: 132 | Deposits: 130 | Rate: 2.64 tags/min | phero_entries=2 max_w=0.019
======================================================================
R1[SEARCH    ]: carry=0 | base=3.01 | wall=3.31 | search=163 | target=phero(-1.32,-2.82)
R2[RTB       ]: carry=1 | base=2.34 | wall=3.94 | search=  0 | target=none
R3[SURVEY    ]: carry=1 | base=3.06 | wall=3.30 | search=  0 | target=none
R4[BASE_ESC  ]: carry=0 | base=0.22 | wall=5.84 | search=  0 | target=site(-1.46,-1.19)

[PICKUP] R1 picked up tag (density=11) | Total: 133

======================================================================
Step 93000 (49.6 min) | Pickups: 133 | Deposits: 130 | Rate: 2.62 tags/min | phero_entries=2 max_w=0.004
======================================================================
R1[RTB       ]: carry=1 | base=2.89 | wall=3.46 | search=  0 | target=none
R2[RTB       ]: carry=1 | base=0.42 | wall=5.63 | search=  0 | target=none
R3[RTB       ]: carry=1 | base=1.60 | wall=4.57 | search=  0 | target=none
R4[SEARCH    ]: carry=0 | base=1.88 | wall=4.53 | search= 19 | target=site(-1.46,-1.19)

[PICKUP] R4 picked up tag (density=7) | Total: 134
[DEPOSIT] R2 deposited! Total: 131
  [PHERO] Laid at (-3.95, 2.10) density=18 prob=1.00 entries=3
  [TARGET] R2 → SITE (-3.95, 2.10)
[DEPOSIT] R3 deposited! Total: 132
  [PHERO] Laid at (-1.44, -2.70) density=12 prob=0.88 entries=4
  [TARGET] R3 → SITE (-1.44, -2.70)

======================================================================
Step 93500 (49.9 min) | Pickups: 134 | Deposits: 132 | Rate: 2.65 tags/min | phero_entries=2 max_w=0.623
======================================================================
R1[RTB       ]: carry=1 | base=0.97 | wall=5.15 | search=  0 | target=none
R2[SITE      ]: carry=0 | base=1.52 | wall=4.69 | search=  0 | target=site(-3.95,2.10)
R3[SITE      ]: carry=0 | base=0.37 | wall=5.64 | search=  0 | target=site(-1.44,-2.70)
R4[RTB       ]: carry=1 | base=0.98 | wall=5.26 | search=  0 | target=none

[DEPOSIT] R1 deposited! Total: 133
  [PHERO] Laid at (-1.54, -2.70) density=11 prob=0.80 entries=3
  [TARGET] R1 → SITE (-1.54, -2.70)
[DEPOSIT] R4 deposited! Total: 134
  [TARGET] R4 → SITE (-1.47, -1.19)

======================================================================
Step 94000 (50.1 min) | Pickups: 134 | Deposits: 134 | Rate: 2.67 tags/min | phero_entries=3 max_w=0.368
======================================================================
R1[SITE      ]: carry=0 | base=0.98 | wall=5.11 | search=  0 | target=site(-1.54,-2.70)
R2[SITE      ]: carry=0 | base=3.44 | wall=2.98 | search=  0 | target=site(-3.95,2.10)
R3[SITE      ]: carry=0 | base=2.27 | wall=3.98 | search=  0 | target=site(-1.44,-2.70)
R4[SITE      ]: carry=0 | base=0.96 | wall=5.30 | search=  0 | target=site(-1.47,-1.19)

[PICKUP] R4 picked up tag (density=6) | Total: 135

======================================================================
Step 94500 (50.4 min) | Pickups: 135 | Deposits: 134 | Rate: 2.66 tags/min | phero_entries=3 max_w=0.074
======================================================================
R1[SITE      ]: carry=0 | base=2.90 | wall=3.48 | search=  0 | target=site(-1.54,-2.70)
R2[SEARCH    ]: carry=0 | base=4.32 | wall=2.23 | search=243 | target=site(-3.95,2.10)
R3[SEARCH    ]: carry=0 | base=2.69 | wall=3.77 | search=306 | target=site(-1.44,-2.70)
R4[SURVEY    ]: carry=1 | base=1.92 | wall=4.49 | search=  0 | target=none

[DEPOSIT] R4 deposited! Total: 135
  [TARGET] R4 → SITE (-1.52, -1.19)

======================================================================
Step 95000 (50.7 min) | Pickups: 135 | Deposits: 135 | Rate: 2.66 tags/min | phero_entries=3 max_w=0.015
======================================================================
R1[SEARCH    ]: carry=0 | base=1.97 | wall=4.18 | search=460 | target=site(-1.54,-2.70)
R2[SEARCH    ]: carry=0 | base=4.33 | wall=2.65 | search=743 | target=site(-3.95,2.10)
R3[SEARCH    ]: carry=0 | base=2.66 | wall=3.47 | search=806 | target=site(-1.44,-2.70)
R4[BASE_ESC  ]: carry=0 | base=0.23 | wall=5.82 | search=  0 | target=site(-1.52,-1.19)

[PICKUP] R3 picked up tag (density=19) | Total: 136
  [GIVE-UP] R1 returned empty after 780 searching steps
  [TARGET] R1 → PHERO (-1.44, -2.70)

======================================================================
Step 95500 (50.9 min) | Pickups: 136 | Deposits: 135 | Rate: 2.65 tags/min | phero_entries=2 max_w=0.003
======================================================================
R1[BASE_ESC  ]: carry=0 | base=0.24 | wall=5.82 | search=  0 | target=phero(-1.44,-2.70)
R2[SEARCH    ]: carry=0 | base=5.26 | wall=1.17 | search=1243 | target=site(-3.95,2.10)
R3[SURVEY    ]: carry=1 | base=3.56 | wall=2.45 | search=  0 | target=none
R4[SITE      ]: carry=0 | base=1.75 | wall=4.62 | search=  0 | target=site(-1.52,-1.19)

[PICKUP] R4 picked up tag (density=5) | Total: 137

======================================================================
Step 96000 (51.2 min) | Pickups: 137 | Deposits: 135 | Rate: 2.64 tags/min | phero_entries=0 max_w=0.000
======================================================================
R1[PHERO     ]: carry=0 | base=1.67 | wall=4.56 | search=  0 | target=phero(-1.44,-2.70)
R2[GIVE_UP   ]: carry=0 | base=4.81 | wall=1.48 | search=1404 | target=none
R3[RTB       ]: carry=1 | base=2.16 | wall=3.84 | search=  0 | target=none
R4[RTB       ]: carry=1 | base=1.19 | wall=5.09 | search=  0 | target=none

[DEPOSIT] R4 deposited! Total: 136
  [TARGET] R4 → SITE (-1.52, -1.21)
[DEPOSIT] R3 deposited! Total: 137
  [PHERO] Laid at (-3.55, 0.09) density=19 prob=1.00 entries=1
  [TARGET] R3 → SITE (-3.55, 0.09)

======================================================================
Step 96500 (51.5 min) | Pickups: 137 | Deposits: 137 | Rate: 2.66 tags/min | phero_entries=1 max_w=0.994
======================================================================
R1[SEARCH    ]: carry=0 | base=3.14 | wall=3.26 | search=150 | target=phero(-1.44,-2.70)
R2[GIVE_UP   ]: carry=0 | base=2.89 | wall=3.29 | search=1404 | target=none
R3[BASE_ESC  ]: carry=0 | base=0.24 | wall=5.76 | search=  0 | target=site(-3.55,0.09)
R4[SITE      ]: carry=0 | base=0.76 | wall=5.46 | search=  0 | target=site(-1.52,-1.21)

[PICKUP] R1 picked up tag (density=10) | Total: 138
[PICKUP] R4 picked up tag (density=4) | Total: 139

======================================================================
Step 97000 (51.7 min) | Pickups: 139 | Deposits: 137 | Rate: 2.65 tags/min | phero_entries=1 max_w=0.201
======================================================================
R1[RTB       ]: carry=1 | base=2.13 | wall=4.11 | search=  0 | target=none
R2[GIVE_UP   ]: carry=0 | base=0.97 | wall=5.09 | search=1404 | target=none
R3[SITE      ]: carry=0 | base=1.70 | wall=4.30 | search=  0 | target=site(-3.55,0.09)
R4[SURVEY    ]: carry=1 | base=1.96 | wall=4.50 | search=  0 | target=none

  [GIVE-UP] R2 returned empty after 1404 searching steps
  [TARGET] R2 → PHERO (-3.55, 0.09)
[DEPOSIT] R1 deposited! Total: 138
  [PHERO] Laid at (-1.51, -2.77) density=10 prob=0.71 entries=2
  [TARGET] R1 → SITE (-1.51, -2.77)

======================================================================
Step 97500 (52.0 min) | Pickups: 139 | Deposits: 138 | Rate: 2.65 tags/min | phero_entries=2 max_w=0.965
======================================================================
R1[BASE_ESC  ]: carry=0 | base=0.23 | wall=5.80 | search=  0 | target=site(-1.51,-2.77)
R2[PHERO     ]: carry=0 | base=0.91 | wall=5.12 | search=  0 | target=phero(-3.55,0.09)
R3[SEARCH    ]: carry=0 | base=3.54 | wall=2.46 | search= 32 | target=site(-3.55,0.09)
R4[RTB       ]: carry=1 | base=0.35 | wall=5.74 | search=  0 | target=none

[DEPOSIT] R4 deposited! Total: 139
  [TARGET] R4 → SITE (-1.50, -1.26)
[PICKUP] R3 picked up tag (density=19) | Total: 140

======================================================================
Step 98000 (52.3 min) | Pickups: 140 | Deposits: 139 | Rate: 2.66 tags/min | phero_entries=2 max_w=0.195
======================================================================
R1[SITE      ]: carry=0 | base=1.65 | wall=4.57 | search=  0 | target=site(-1.51,-2.77)
R2[PHERO     ]: carry=0 | base=2.80 | wall=3.20 | search=  0 | target=phero(-3.55,0.09)
R3[RTB       ]: carry=1 | base=2.99 | wall=3.02 | search=  0 | target=none
R4[SITE      ]: carry=0 | base=1.44 | wall=4.91 | search=  0 | target=site(-1.50,-1.26)

[PICKUP] R4 picked up tag (density=3) | Total: 141
[PICKUP] R1 picked up tag (density=9) | Total: 142

======================================================================
Step 98500 (52.5 min) | Pickups: 142 | Deposits: 139 | Rate: 2.65 tags/min | phero_entries=2 max_w=0.039
======================================================================
R1[SURVEY    ]: carry=1 | base=3.15 | wall=3.25 | search=  0 | target=none
R2[PHERO     ]: carry=0 | base=2.88 | wall=3.12 | search=  0 | target=phero(-3.55,0.09)
R3[RTB       ]: carry=1 | base=2.92 | wall=3.08 | search=  0 | target=none
R4[RTB       ]: carry=1 | base=1.51 | wall=4.89 | search=  0 | target=none

[PICKUP] R2 picked up tag (density=18) | Total: 143
[DEPOSIT] R4 deposited! Total: 140
  [TARGET] R4 → PHERO (-1.51, -2.77)

======================================================================
Step 99000 (52.8 min) | Pickups: 143 | Deposits: 140 | Rate: 2.65 tags/min | phero_entries=1 max_w=0.008
======================================================================
R1[RTB       ]: carry=1 | base=2.06 | wall=4.18 | search=  0 | target=none
R2[RTB       ]: carry=1 | base=3.41 | wall=2.59 | search=  0 | target=none
R3[RTB       ]: carry=1 | base=1.03 | wall=4.97 | search=  0 | target=none
R4[PHERO     ]: carry=0 | base=0.41 | wall=5.66 | search=  0 | target=phero(-1.51,-2.77)

[DEPOSIT] R3 deposited! Total: 141
  [PHERO] Laid at (-3.64, 0.11) density=19 prob=1.00 entries=2
  [TARGET] R3 → SITE (-3.64, 0.11)
[DEPOSIT] R1 deposited! Total: 142
  [PHERO] Laid at (-1.54, -2.75) density=9 prob=0.59 entries=3
  [TARGET] R1 → SITE (-1.54, -2.75)

======================================================================
Step 99500 (53.1 min) | Pickups: 143 | Deposits: 142 | Rate: 2.68 tags/min | phero_entries=3 max_w=0.911
======================================================================
R1[BASE_ESC  ]: carry=0 | base=0.22 | wall=5.81 | search=  0 | target=site(-1.54,-2.75)
R2[RTB       ]: carry=1 | base=1.49 | wall=4.51 | search=  0 | target=none
R3[SITE      ]: carry=0 | base=0.92 | wall=5.08 | search=  0 | target=site(-3.64,0.11)
R4[PHERO     ]: carry=0 | base=2.28 | wall=4.03 | search=  0 | target=phero(-1.51,-2.77)

[DEPOSIT] R2 deposited! Total: 143
  [PHERO] Laid at (-3.56, 0.03) density=18 prob=1.00 entries=3
  [TARGET] R2 → SITE (-3.56, 0.03)
[PICKUP] R4 picked up tag (density=8) | Total: 144

======================================================================
Step 100000 (53.3 min) | Pickups: 144 | Deposits: 143 | Rate: 2.68 tags/min | phero_entries=3 max_w=0.569
======================================================================
R1[SITE      ]: carry=0 | base=1.80 | wall=4.45 | search=  0 | target=site(-1.54,-2.75)
R2[SITE      ]: carry=0 | base=0.46 | wall=5.55 | search=  0 | target=site(-3.56,0.03)
R3[SITE      ]: carry=0 | base=2.84 | wall=3.16 | search=  0 | target=site(-3.64,0.11)
R4[SURVEY    ]: carry=1 | base=3.22 | wall=3.24 | search=  0 | target=none

[PICKUP] R3 picked up tag (density=17) | Total: 145

======================================================================
Step 100500 (53.6 min) | Pickups: 145 | Deposits: 143 | Rate: 2.67 tags/min | phero_entries=3 max_w=0.115
======================================================================
R1[SEARCH    ]: carry=0 | base=3.16 | wall=3.28 | search= 91 | target=site(-1.54,-2.75)
R2[SITE      ]: carry=0 | base=2.37 | wall=3.63 | search=  0 | target=site(-3.56,0.03)
R3[RTB       ]: carry=1 | base=3.61 | wall=2.39 | search=  0 | target=none
R4[RTB       ]: carry=1 | base=2.25 | wall=4.03 | search=  0 | target=none

[PICKUP] R1 picked up tag (density=7) | Total: 146

======================================================================
Step 101000 (53.9 min) | Pickups: 146 | Deposits: 143 | Rate: 2.65 tags/min | phero_entries=3 max_w=0.023
======================================================================
R1[RTB       ]: carry=1 | base=2.45 | wall=3.87 | search=  0 | target=none
R2[SITE      ]: carry=0 | base=2.17 | wall=3.83 | search=  0 | target=site(-3.56,0.03)
R3[RTB       ]: carry=1 | base=2.24 | wall=3.76 | search=  0 | target=none
R4[RTB       ]: carry=1 | base=0.33 | wall=5.71 | search=  0 | target=none

[DEPOSIT] R4 deposited! Total: 144
  [PHERO] Laid at (-1.65, -2.76) density=8 prob=0.46 entries=4
  [TARGET] R4 → SITE (-1.65, -2.76)

======================================================================
Step 101500 (54.1 min) | Pickups: 146 | Deposits: 144 | Rate: 2.66 tags/min | phero_entries=3 max_w=0.217
======================================================================
R1[RTB       ]: carry=1 | base=0.54 | wall=5.53 | search=  0 | target=none
R2[SITE      ]: carry=0 | base=1.60 | wall=4.40 | search=  0 | target=site(-3.56,0.03)
R3[RTB       ]: carry=1 | base=0.92 | wall=5.08 | search=  0 | target=none
R4[SITE      ]: carry=0 | base=1.61 | wall=4.59 | search=  0 | target=site(-1.65,-2.76)

[DEPOSIT] R1 deposited! Total: 145
  [TARGET] R1 → SITE (-1.65, -2.78)
[DEPOSIT] R3 deposited! Total: 146
  [PHERO] Laid at (-3.65, 0.04) density=17 prob=0.99 entries=3
  [TARGET] R3 → SITE (-3.65, 0.04)

======================================================================
Step 102000 (54.4 min) | Pickups: 146 | Deposits: 146 | Rate: 2.68 tags/min | phero_entries=2 max_w=0.352
======================================================================
R1[SITE      ]: carry=0 | base=1.41 | wall=4.82 | search=  0 | target=site(-1.65,-2.78)
R2[SEARCH    ]: carry=0 | base=3.52 | wall=2.48 | search=  3 | target=site(-3.56,0.03)
R3[SITE      ]: carry=0 | base=1.04 | wall=4.97 | search=  0 | target=site(-3.65,0.04)
R4[SEARCH    ]: carry=0 | base=3.23 | wall=3.20 | search= 93 | target=site(-1.65,-2.76)


======================================================================
Step 102500 (54.7 min) | Pickups: 146 | Deposits: 146 | Rate: 2.67 tags/min | phero_entries=2 max_w=0.071
======================================================================
R1[SEARCH    ]: carry=0 | base=3.22 | wall=3.22 | search= 39 | target=site(-1.65,-2.78)
R2[SEARCH    ]: carry=0 | base=3.17 | wall=2.98 | search=503 | target=site(-3.56,0.03)
R3[SITE      ]: carry=0 | base=2.95 | wall=3.05 | search=  0 | target=site(-3.65,0.04)
R4[SEARCH    ]: carry=0 | base=1.66 | wall=4.59 | search=593 | target=site(-1.65,-2.76)

[PICKUP] R3 picked up tag (density=16) | Total: 147

======================================================================
Step 103000 (54.9 min) | Pickups: 147 | Deposits: 146 | Rate: 2.66 tags/min | phero_entries=2 max_w=0.014
======================================================================
R1[SEARCH    ]: carry=0 | base=3.16 | wall=3.50 | search=539 | target=site(-1.65,-2.78)
R2[GIVE_UP   ]: carry=0 | base=4.54 | wall=1.91 | search=936 | target=none
R3[SURVEY    ]: carry=1 | base=3.72 | wall=2.28 | search=  0 | target=none
R4[SEARCH    ]: carry=0 | base=0.44 | wall=5.63 | search=1093 | target=site(-1.65,-2.76)


======================================================================
Step 103500 (55.2 min) | Pickups: 147 | Deposits: 146 | Rate: 2.64 tags/min | phero_entries=1 max_w=0.003
======================================================================
R1[SEARCH    ]: carry=0 | base=4.71 | wall=1.73 | search=1039 | target=site(-1.65,-2.78)
R2[GIVE_UP   ]: carry=0 | base=2.79 | wall=3.50 | search=936 | target=none
R3[RTB       ]: carry=1 | base=2.10 | wall=3.90 | search=  0 | target=none
R4[SEARCH    ]: carry=0 | base=1.98 | wall=4.02 | search=1593 | target=site(-1.65,-2.76)

[DEPOSIT] R3 deposited! Total: 147
  [PHERO] Laid at (-3.72, 0.12) density=16 prob=0.99 entries=1
  [TARGET] R3 → SITE (-3.72, 0.12)

======================================================================
Step 104000 (55.5 min) | Pickups: 147 | Deposits: 147 | Rate: 2.65 tags/min | phero_entries=1 max_w=0.947
======================================================================
R1[SEARCH    ]: carry=0 | base=5.93 | wall=0.38 | search=1539 | target=site(-1.65,-2.78)
R2[GIVE_UP   ]: carry=0 | base=0.87 | wall=5.22 | search=936 | target=none
R3[BASE_ESC  ]: carry=0 | base=0.23 | wall=5.77 | search=  0 | target=site(-3.72,0.12)
R4[SEARCH    ]: carry=0 | base=3.70 | wall=2.30 | search=2093 | target=site(-1.65,-2.76)

  [GIVE-UP] R2 returned empty after 936 searching steps
  [TARGET] R2 → PHERO (-3.72, 0.12)

======================================================================
Step 104500 (55.7 min) | Pickups: 147 | Deposits: 147 | Rate: 2.64 tags/min | phero_entries=1 max_w=0.191
======================================================================
R1[GIVE_UP   ]: carry=0 | base=4.19 | wall=1.99 | search=1560 | target=none
R2[PHERO     ]: carry=0 | base=1.11 | wall=4.89 | search=  0 | target=phero(-3.72,0.12)
R3[SITE      ]: carry=0 | base=1.76 | wall=4.24 | search=  0 | target=site(-3.72,0.12)
R4[SEARCH    ]: carry=0 | base=5.06 | wall=1.05 | search=2593 | target=site(-1.65,-2.76)


======================================================================
Step 105000 (56.0 min) | Pickups: 147 | Deposits: 147 | Rate: 2.62 tags/min | phero_entries=1 max_w=0.039
======================================================================
R1[GIVE_UP   ]: carry=0 | base=2.27 | wall=3.83 | search=1560 | target=none
R2[PHERO     ]: carry=0 | base=3.03 | wall=2.97 | search=  0 | target=phero(-3.72,0.12)
R3[SEARCH    ]: carry=0 | base=3.68 | wall=2.32 | search=  2 | target=site(-3.72,0.12)
R4[WALL_ESC  ]: carry=0 | base=5.74 | wall=0.33 | search=3093 | target=site(-1.65,-2.76)

[PICKUP] R2 picked up tag (density=15) | Total: 148

======================================================================
Step 105500 (56.3 min) | Pickups: 148 | Deposits: 147 | Rate: 2.61 tags/min | phero_entries=1 max_w=0.008
======================================================================
R1[GIVE_UP   ]: carry=0 | base=0.35 | wall=5.66 | search=1560 | target=none
R2[RTB       ]: carry=1 | base=3.58 | wall=2.42 | search=  0 | target=none
R3[SEARCH    ]: carry=0 | base=4.10 | wall=1.95 | search=502 | target=site(-3.72,0.12)
R4[GIVE_UP   ]: carry=0 | base=4.68 | wall=1.36 | search=3276 | target=none

  [GIVE-UP] R1 returned empty after 1560 searching steps
  [TARGET] R1 → PHERO (-3.72, 0.12)

======================================================================
Step 106000 (56.5 min) | Pickups: 148 | Deposits: 147 | Rate: 2.60 tags/min | phero_entries=1 max_w=0.002
======================================================================
R1[PHERO     ]: carry=0 | base=1.61 | wall=4.39 | search=  0 | target=phero(-3.72,0.12)
R2[RTB       ]: carry=1 | base=1.67 | wall=4.33 | search=  0 | target=none
R3[SEARCH    ]: carry=0 | base=5.44 | wall=0.57 | search=1002 | target=site(-3.72,0.12)
R4[GIVE_UP   ]: carry=0 | base=2.76 | wall=3.27 | search=3276 | target=none

[DEPOSIT] R2 deposited! Total: 148
  [PHERO] Laid at (-3.72, 0.04) density=15 prob=0.98 entries=1
  [TARGET] R2 → SITE (-3.72, 0.04)

======================================================================
Step 106500 (56.8 min) | Pickups: 148 | Deposits: 148 | Rate: 2.61 tags/min | phero_entries=1 max_w=0.750
======================================================================
R1[PHERO     ]: carry=0 | base=2.81 | wall=3.19 | search=  0 | target=phero(-3.72,0.12)
R2[BASE_ESC  ]: carry=0 | base=0.23 | wall=5.78 | search=  0 | target=site(-3.72,0.04)
R3[GIVE_UP   ]: carry=0 | base=5.64 | wall=0.54 | search=1404 | target=none
R4[GIVE_UP   ]: carry=0 | base=0.84 | wall=5.17 | search=3276 | target=none

  [GIVE-UP] R4 returned empty after 3276 searching steps
  [TARGET] R4 → PHERO (-3.72, 0.04)

======================================================================
Step 107000 (57.1 min) | Pickups: 148 | Deposits: 148 | Rate: 2.59 tags/min | phero_entries=1 max_w=0.151
======================================================================
R1[SEARCH    ]: carry=0 | base=3.86 | wall=2.14 | search=276 | target=phero(-3.72,0.12)
R2[SITE      ]: carry=0 | base=2.04 | wall=3.96 | search=  0 | target=site(-3.72,0.04)
R3[GIVE_UP   ]: carry=0 | base=3.72 | wall=2.40 | search=1404 | target=none
R4[PHERO     ]: carry=0 | base=0.96 | wall=5.07 | search=  0 | target=phero(-3.72,0.04)

[PICKUP] R1 picked up tag (density=14) | Total: 149
[PICKUP] R2 picked up tag (density=13) | Total: 150

======================================================================
Step 107500 (57.3 min) | Pickups: 150 | Deposits: 148 | Rate: 2.58 tags/min | phero_entries=1 max_w=0.031
======================================================================
R1[RTB       ]: carry=1 | base=2.91 | wall=3.09 | search=  0 | target=none
R2[SURVEY    ]: carry=1 | base=3.76 | wall=2.24 | search=  0 | target=none
R3[GIVE_UP   ]: carry=0 | base=1.80 | wall=4.26 | search=1404 | target=none
R4[PHERO     ]: carry=0 | base=2.85 | wall=3.15 | search=  0 | target=phero(-3.72,0.04)

  [GIVE-UP] R3 returned empty after 1404 searching steps
  [TARGET] R3 → PHERO (-3.72, 0.04)

======================================================================
Step 108000 (57.6 min) | Pickups: 150 | Deposits: 148 | Rate: 2.57 tags/min | phero_entries=1 max_w=0.006
======================================================================
R1[RTB       ]: carry=1 | base=1.26 | wall=4.75 | search=  0 | target=none
R2[RTB       ]: carry=1 | base=2.85 | wall=3.15 | search=  0 | target=none
R3[BASE_ESC  ]: carry=0 | base=0.23 | wall=5.77 | search=  0 | target=phero(-3.72,0.04)
R4[SEARCH    ]: carry=0 | base=3.69 | wall=2.31 | search=108 | target=phero(-3.72,0.04)


======================================================================
Step 108500 (57.9 min) | Pickups: 150 | Deposits: 148 | Rate: 2.56 tags/min | phero_entries=1 max_w=0.001
======================================================================
R1[RTB       ]: carry=1 | base=0.75 | wall=5.25 | search=  0 | target=none
R2[RTB       ]: carry=1 | base=0.93 | wall=5.07 | search=  0 | target=none
R3[PHERO     ]: carry=0 | base=0.68 | wall=5.32 | search=  0 | target=phero(-3.72,0.04)
R4[SEARCH    ]: carry=0 | base=4.84 | wall=1.17 | search=608 | target=phero(-3.72,0.04)

[DEPOSIT] R1 deposited! Total: 149
  [PHERO] Laid at (-3.88, 0.17) density=14 prob=0.96 entries=1
  [TARGET] R1 → SITE (-3.88, 0.17)
[DEPOSIT] R2 deposited! Total: 150
  [PHERO] Laid at (-3.76, 0.02) density=13 prob=0.93 entries=2
  [TARGET] R2 → SITE (-3.76, 0.02)

======================================================================
Step 109000 (58.1 min) | Pickups: 150 | Deposits: 150 | Rate: 2.58 tags/min | phero_entries=2 max_w=0.441
======================================================================
R1[SITE      ]: carry=0 | base=0.87 | wall=5.14 | search=  0 | target=site(-3.88,0.17)
R2[SITE      ]: carry=0 | base=0.77 | wall=5.24 | search=  0 | target=site(-3.76,0.02)
R3[PHERO     ]: carry=0 | base=2.08 | wall=3.92 | search=  0 | target=phero(-3.72,0.04)
R4[SEARCH    ]: carry=0 | base=5.74 | wall=0.36 | search=1108 | target=phero(-3.72,0.04)

[PICKUP] R3 picked up tag (density=12) | Total: 151

======================================================================
Step 109500 (58.4 min) | Pickups: 151 | Deposits: 150 | Rate: 2.57 tags/min | phero_entries=2 max_w=0.089
======================================================================
R1[SITE      ]: carry=0 | base=2.78 | wall=3.22 | search=  0 | target=site(-3.88,0.17)
R2[SITE      ]: carry=0 | base=2.68 | wall=3.32 | search=  0 | target=site(-3.76,0.02)
R3[SURVEY    ]: carry=1 | base=3.78 | wall=2.22 | search=  0 | target=none
R4[WALL_ESC  ]: carry=0 | base=5.80 | wall=0.34 | search=1608 | target=phero(-3.72,0.04)


======================================================================
Step 110000 (58.7 min) | Pickups: 151 | Deposits: 150 | Rate: 2.56 tags/min | phero_entries=2 max_w=0.018
======================================================================
R1[SEARCH    ]: carry=0 | base=3.72 | wall=2.29 | search=227 | target=site(-3.88,0.17)
R2[SITE      ]: carry=0 | base=3.60 | wall=2.40 | search=  0 | target=site(-3.76,0.02)
R3[RTB       ]: carry=1 | base=3.67 | wall=2.33 | search=  0 | target=none
R4[WALL_ESC  ]: carry=0 | base=5.81 | wall=0.34 | search=2108 | target=phero(-3.72,0.04)


======================================================================
Step 110500 (58.9 min) | Pickups: 151 | Deposits: 150 | Rate: 2.55 tags/min | phero_entries=2 max_w=0.004
======================================================================
R1[SEARCH    ]: carry=0 | base=4.90 | wall=1.31 | search=727 | target=site(-3.88,0.17)
R2[SITE      ]: carry=0 | base=3.60 | wall=2.40 | search=  0 | target=site(-3.76,0.02)
R3[RTB       ]: carry=1 | base=3.67 | wall=2.33 | search=  0 | target=none
R4[WALL_ESC  ]: carry=0 | base=5.80 | wall=0.34 | search=2608 | target=phero(-3.72,0.04)

[PICKUP] R2 picked up tag (density=11) | Total: 152

======================================================================
Step 111000 (59.2 min) | Pickups: 152 | Deposits: 150 | Rate: 2.53 tags/min | phero_entries=0 max_w=0.000
======================================================================
R1[WALL_ESC  ]: carry=0 | base=5.80 | wall=0.34 | search=1227 | target=site(-3.88,0.17)
R2[SURVEY    ]: carry=1 | base=3.80 | wall=2.20 | search=  0 | target=none
R3[RTB       ]: carry=1 | base=2.55 | wall=3.45 | search=  0 | target=none
R4[GIVE_UP   ]: carry=0 | base=4.12 | wall=1.97 | search=2652 | target=none


======================================================================
Step 111500 (59.5 min) | Pickups: 152 | Deposits: 150 | Rate: 2.52 tags/min | phero_entries=0 max_w=0.000
======================================================================
R1[GIVE_UP   ]: carry=0 | base=5.75 | wall=0.41 | search=1716 | target=none
R2[RTB       ]: carry=1 | base=2.04 | wall=3.96 | search=  0 | target=none
R3[RTB       ]: carry=1 | base=0.63 | wall=5.37 | search=  0 | target=none
R4[GIVE_UP   ]: carry=0 | base=2.20 | wall=3.85 | search=2652 | target=none

[DEPOSIT] R3 deposited! Total: 151
  [PHERO] Laid at (-3.78, 0.02) density=12 prob=0.88 entries=1
  [TARGET] R3 → SITE (-3.78, 0.02)
[DEPOSIT] R2 deposited! Total: 152
  [PHERO] Laid at (-3.80, 0.01) density=11 prob=0.80 entries=2
  [TARGET] R2 → SITE (-3.80, 0.01)

======================================================================
Step 112000 (59.7 min) | Pickups: 152 | Deposits: 152 | Rate: 2.54 tags/min | phero_entries=2 max_w=0.900
======================================================================
R1[GIVE_UP   ]: carry=0 | base=3.83 | wall=2.27 | search=1716 | target=none
R2[BASE_ESC  ]: carry=0 | base=0.22 | wall=5.78 | search=  0 | target=site(-3.80,0.01)
R3[SITE      ]: carry=0 | base=1.32 | wall=4.69 | search=  0 | target=site(-3.78,0.02)
R4[GIVE_UP   ]: carry=0 | base=0.28 | wall=5.73 | search=2652 | target=none

  [GIVE-UP] R4 returned empty after 2652 searching steps
  [TARGET] R4 → PHERO (-3.80, 0.01)

======================================================================
Step 112500 (60.0 min) | Pickups: 152 | Deposits: 152 | Rate: 2.53 tags/min | phero_entries=2 max_w=0.182
======================================================================
R1[GIVE_UP   ]: carry=0 | base=1.91 | wall=4.14 | search=1716 | target=none
R2[SITE      ]: carry=0 | base=1.73 | wall=4.27 | search=  0 | target=site(-3.80,0.01)
R3[SITE      ]: carry=0 | base=3.23 | wall=2.77 | search=  0 | target=site(-3.78,0.02)
R4[PHERO     ]: carry=0 | base=1.67 | wall=4.33 | search=  0 | target=phero(-3.80,0.01)

[PICKUP] R3 picked up tag (density=10) | Total: 153
  [GIVE-UP] R1 returned empty after 1716 searching steps
  [TARGET] R1 → PHERO (-3.80, 0.01)

======================================================================
Step 113000 (60.3 min) | Pickups: 153 | Deposits: 152 | Rate: 2.52 tags/min | phero_entries=2 max_w=0.037
======================================================================
R1[BASE_ESC  ]: carry=0 | base=0.22 | wall=5.78 | search=  0 | target=phero(-3.80,0.01)
R2[SITE      ]: carry=0 | base=3.54 | wall=2.46 | search=  0 | target=site(-3.80,0.01)
R3[RTB       ]: carry=1 | base=3.61 | wall=2.39 | search=  0 | target=none
R4[PHERO     ]: carry=0 | base=3.45 | wall=2.55 | search=  0 | target=phero(-3.80,0.01)

[PICKUP] R2 picked up tag (density=9) | Total: 154
[PICKUP] R4 picked up tag (density=8) | Total: 155

======================================================================
Step 113500 (60.5 min) | Pickups: 155 | Deposits: 152 | Rate: 2.51 tags/min | phero_entries=2 max_w=0.007
======================================================================
R1[PHERO     ]: carry=0 | base=1.98 | wall=4.02 | search=  0 | target=phero(-3.80,0.01)
R2[RTB       ]: carry=1 | base=3.20 | wall=2.80 | search=  0 | target=none
R3[RTB       ]: carry=1 | base=3.35 | wall=2.65 | search=  0 | target=none
R4[RTB       ]: carry=1 | base=3.35 | wall=2.65 | search=  0 | target=none


======================================================================
Step 114000 (60.8 min) | Pickups: 155 | Deposits: 152 | Rate: 2.50 tags/min | phero_entries=1 max_w=0.001
======================================================================
R1[PHERO     ]: carry=0 | base=1.42 | wall=4.58 | search=  0 | target=phero(-3.80,0.01)
R2[RTB       ]: carry=1 | base=1.49 | wall=4.51 | search=  0 | target=none
R3[RTB       ]: carry=1 | base=1.56 | wall=4.44 | search=  0 | target=none
R4[RTB       ]: carry=1 | base=1.43 | wall=4.57 | search=  0 | target=none

[DEPOSIT] R4 deposited! Total: 153
  [PHERO] Laid at (-3.71, -0.06) density=8 prob=0.46 entries=1
  [TARGET] R4 → SITE (-3.71, -0.06)
[DEPOSIT] R2 deposited! Total: 154
  [PHERO] Laid at (-3.82, -0.01) density=9 prob=0.59 entries=2
  [TARGET] R2 → SITE (-3.82, -0.01)
[DEPOSIT] R3 deposited! Total: 155
  [PHERO] Laid at (-3.64, 0.01) density=10 prob=0.71 entries=3
  [TARGET] R3 → SITE (-3.64, 0.01)

======================================================================
Step 114500 (61.1 min) | Pickups: 155 | Deposits: 155 | Rate: 2.54 tags/min | phero_entries=3 max_w=0.792
======================================================================
R1[PHERO     ]: carry=0 | base=2.44 | wall=3.56 | search=  0 | target=phero(-3.80,0.01)
R2[BASE_ESC  ]: carry=0 | base=0.23 | wall=5.79 | search=  0 | target=site(-3.82,-0.01)
R3[BASE_ESC  ]: carry=0 | base=0.22 | wall=5.78 | search=  0 | target=site(-3.64,0.01)
R4[SITE      ]: carry=0 | base=0.53 | wall=5.49 | search=  0 | target=site(-3.71,-0.06)

[PICKUP] R1 picked up tag (density=7) | Total: 156

======================================================================
Step 115000 (61.3 min) | Pickups: 156 | Deposits: 155 | Rate: 2.53 tags/min | phero_entries=3 max_w=0.160
======================================================================
R1[SURVEY    ]: carry=1 | base=3.79 | wall=2.21 | search=  0 | target=none
R2[SITE      ]: carry=0 | base=2.11 | wall=3.89 | search=  0 | target=site(-3.82,-0.01)
R3[SITE      ]: carry=0 | base=1.98 | wall=4.03 | search=  0 | target=site(-3.64,0.01)
R4[SITE      ]: carry=0 | base=2.43 | wall=3.57 | search=  0 | target=site(-3.71,-0.06)


======================================================================
Step 115500 (61.6 min) | Pickups: 156 | Deposits: 155 | Rate: 2.52 tags/min | phero_entries=3 max_w=0.032
======================================================================
R1[RTB       ]: carry=1 | base=3.81 | wall=2.19 | search=  0 | target=none
R2[SEARCH    ]: carry=0 | base=3.74 | wall=2.26 | search= 64 | target=site(-3.82,-0.01)
R3[SEARCH    ]: carry=0 | base=3.67 | wall=2.33 | search= 81 | target=site(-3.64,0.01)
R4[SEARCH    ]: carry=0 | base=3.70 | wall=2.30 | search= 91 | target=site(-3.71,-0.06)

[PICKUP] R4 picked up tag (density=6) | Total: 157

======================================================================
Step 116000 (61.9 min) | Pickups: 157 | Deposits: 155 | Rate: 2.51 tags/min | phero_entries=3 max_w=0.007
======================================================================
R1[RTB       ]: carry=1 | base=2.07 | wall=3.93 | search=  0 | target=none
R2[SEARCH    ]: carry=0 | base=3.88 | wall=2.16 | search=564 | target=site(-3.82,-0.01)
R3[SEARCH    ]: carry=0 | base=2.49 | wall=3.51 | search=581 | target=site(-3.64,0.01)
R4[RTB       ]: carry=1 | base=2.60 | wall=3.40 | search=  0 | target=none

[DEPOSIT] R1 deposited! Total: 156
  [TARGET] R1 → SITE (-3.79, -0.06)

======================================================================
Step 116500 (62.1 min) | Pickups: 157 | Deposits: 156 | Rate: 2.51 tags/min | phero_entries=2 max_w=0.001
======================================================================
R1[BASE_ESC  ]: carry=0 | base=0.23 | wall=5.77 | search=  0 | target=site(-3.79,-0.06)
R2[SEARCH    ]: carry=0 | base=3.44 | wall=3.05 | search=1064 | target=site(-3.82,-0.01)
R3[SEARCH    ]: carry=0 | base=1.45 | wall=4.93 | search=1081 | target=site(-3.64,0.01)
R4[RTB       ]: carry=1 | base=0.68 | wall=5.32 | search=  0 | target=none

[DEPOSIT] R4 deposited! Total: 157
  [TARGET] R4 → SITE (-3.70, -0.14)
[PICKUP] R3 picked up tag (density=1) | Total: 158

======================================================================
Step 117000 (62.4 min) | Pickups: 158 | Deposits: 157 | Rate: 2.52 tags/min | phero_entries=0 max_w=0.000
======================================================================
R1[SITE      ]: carry=0 | base=1.79 | wall=4.21 | search=  0 | target=site(-3.79,-0.06)
R2[SEARCH    ]: carry=0 | base=1.92 | wall=4.56 | search=1564 | target=site(-3.82,-0.01)
R3[SURVEY    ]: carry=1 | base=1.92 | wall=4.12 | search=  0 | target=none
R4[SITE      ]: carry=0 | base=1.26 | wall=4.74 | search=  0 | target=site(-3.70,-0.14)

[DEPOSIT] R3 deposited! Total: 158
  [TARGET] R3 → WALL (-5.13, -5.92)

======================================================================
Step 117500 (62.7 min) | Pickups: 158 | Deposits: 158 | Rate: 2.52 tags/min | phero_entries=0 max_w=0.000
======================================================================
R1[SITE      ]: carry=0 | base=3.71 | wall=2.29 | search=  0 | target=site(-3.79,-0.06)
R2[SEARCH    ]: carry=0 | base=1.29 | wall=4.78 | search=2064 | target=site(-3.82,-0.01)
R3[BASE_ESC  ]: carry=0 | base=0.23 | wall=5.77 | search=  0 | target=none
R4[SITE      ]: carry=0 | base=3.18 | wall=2.82 | search=  0 | target=site(-3.70,-0.14)


======================================================================
Step 118000 (62.9 min) | Pickups: 158 | Deposits: 158 | Rate: 2.51 tags/min | phero_entries=0 max_w=0.000
======================================================================
R1[SEARCH    ]: carry=0 | base=4.30 | wall=1.70 | search=494 | target=site(-3.79,-0.06)
R2[SEARCH    ]: carry=0 | base=1.87 | wall=4.16 | search=2564 | target=site(-3.82,-0.01)
R3[SEARCH    ]: carry=0 | base=1.01 | wall=4.99 | search=253 | target=none
R4[SEARCH    ]: carry=0 | base=4.51 | wall=1.49 | search=377 | target=site(-3.70,-0.14)

  [GIVE-UP] R3 returned empty after 312 searching steps
  [TARGET] R3 → WALL (5.92, 4.49)

======================================================================
Step 118500 (63.2 min) | Pickups: 158 | Deposits: 158 | Rate: 2.50 tags/min | phero_entries=0 max_w=0.000
======================================================================
R1[WALL_ESC  ]: carry=0 | base=5.68 | wall=0.33 | search=994 | target=site(-3.79,-0.06)
R2[GIVE_UP   ]: carry=0 | base=2.68 | wall=3.42 | search=2964 | target=none
R3[BASE_ESC  ]: carry=0 | base=0.23 | wall=5.79 | search=  0 | target=none
R4[SEARCH    ]: carry=0 | base=5.62 | wall=0.38 | search=877 | target=site(-3.70,-0.14)

[PICKUP] R2 picked up tag (density=6) | Total: 159

======================================================================
Step 119000 (63.5 min) | Pickups: 159 | Deposits: 158 | Rate: 2.49 tags/min | phero_entries=0 max_w=0.000
======================================================================
R1[WALL_ESC  ]: carry=0 | base=5.67 | wall=0.34 | search=1494 | target=site(-3.79,-0.06)
R2[RTB       ]: carry=1 | base=2.13 | wall=3.93 | search=  0 | target=none
R3[SEARCH    ]: carry=0 | base=1.50 | wall=4.79 | search=325 | target=none
R4[GIVE_UP   ]: carry=0 | base=5.44 | wall=0.56 | search=1248 | target=none

[DEPOSIT] R2 deposited! Total: 159
  [PHERO] Laid at (2.12, -0.59) density=6 prob=0.21 entries=1
  [TARGET] R2 → SITE (2.12, -0.59)

======================================================================
Step 119500 (63.7 min) | Pickups: 159 | Deposits: 159 | Rate: 2.49 tags/min | phero_entries=1 max_w=0.972
======================================================================
R1[WALL_ESC  ]: carry=0 | base=5.67 | wall=0.34 | search=1994 | target=site(-3.79,-0.06)
R2[BASE_ESC  ]: carry=0 | base=0.23 | wall=5.77 | search=  0 | target=site(2.12,-0.59)
R3[SEARCH    ]: carry=0 | base=3.00 | wall=3.16 | search=825 | target=none
R4[GIVE_UP   ]: carry=0 | base=3.52 | wall=2.48 | search=1248 | target=none


======================================================================
Step 120000 (64.0 min) | Pickups: 159 | Deposits: 159 | Rate: 2.48 tags/min | phero_entries=1 max_w=0.196
======================================================================
R1[SEARCH    ]: carry=0 | base=5.65 | wall=0.35 | search=2494 | target=site(-3.79,-0.06)
R2[SITE      ]: carry=0 | base=1.72 | wall=4.33 | search=  0 | target=site(2.12,-0.59)
R3[SEARCH    ]: carry=0 | base=4.21 | wall=1.80 | search=1325 | target=none
R4[GIVE_UP   ]: carry=0 | base=1.60 | wall=4.40 | search=1248 | target=none

[PICKUP] R2 picked up tag (density=5) | Total: 160
  [GIVE-UP] R4 returned empty after 1248 searching steps
  [TARGET] R4 → PHERO (2.12, -0.59)

======================================================================
Step 120500 (64.3 min) | Pickups: 160 | Deposits: 159 | Rate: 2.47 tags/min | phero_entries=1 max_w=0.040
======================================================================
R1[SEARCH    ]: carry=0 | base=5.65 | wall=0.35 | search=2994 | target=site(-3.79,-0.06)
R2[RTB       ]: carry=1 | base=1.09 | wall=4.93 | search=  0 | target=none
R3[WALL_ESC  ]: carry=0 | base=5.73 | wall=0.33 | search=1825 | target=none
R4[PHERO     ]: carry=0 | base=0.27 | wall=5.74 | search=  0 | target=phero(2.12,-0.59)

[DEPOSIT] R2 deposited! Total: 160
  [TARGET] R2 → SITE (1.74, -0.46)

======================================================================
Step 121000 (64.5 min) | Pickups: 160 | Deposits: 160 | Rate: 2.48 tags/min | phero_entries=1 max_w=0.008
======================================================================
R1[SEARCH    ]: carry=0 | base=5.64 | wall=0.36 | search=3494 | target=site(-3.79,-0.06)
R2[SITE      ]: carry=0 | base=0.84 | wall=5.17 | search=  0 | target=site(1.74,-0.46)
R3[WALL_ESC  ]: carry=0 | base=5.72 | wall=0.34 | search=2325 | target=none
R4[PHERO     ]: carry=0 | base=0.71 | wall=5.29 | search=  0 | target=phero(2.12,-0.59)

[PICKUP] R4 picked up tag (density=4) | Total: 161
[PICKUP] R2 picked up tag (density=3) | Total: 162

======================================================================
Step 121500 (64.8 min) | Pickups: 162 | Deposits: 160 | Rate: 2.47 tags/min | phero_entries=1 max_w=0.002
======================================================================
R1[SEARCH    ]: carry=0 | base=5.63 | wall=0.37 | search=3994 | target=site(-3.79,-0.06)
R2[SURVEY    ]: carry=1 | base=1.85 | wall=4.24 | search=  0 | target=none
R3[GIVE_UP   ]: carry=0 | base=4.08 | wall=1.96 | search=2340 | target=none
R4[RTB       ]: carry=1 | base=1.91 | wall=4.15 | search=  0 | target=none


======================================================================
Step 122000 (65.1 min) | Pickups: 162 | Deposits: 160 | Rate: 2.46 tags/min | phero_entries=0 max_w=0.000
======================================================================
R1[GIVE_UP   ]: carry=0 | base=4.09 | wall=1.91 | search=4056 | target=none
R2[RTB       ]: carry=1 | base=0.86 | wall=5.17 | search=  0 | target=none
R3[GIVE_UP   ]: carry=0 | base=2.16 | wall=3.86 | search=2340 | target=none
R4[RTB       ]: carry=1 | base=0.44 | wall=5.57 | search=  0 | target=none

[PICKUP] R1 picked up tag (density=5) | Total: 163
[DEPOSIT] R4 deposited! Total: 161
  [TARGET] R4 → SITE (1.85, -0.47)
[DEPOSIT] R2 deposited! Total: 162
  [TARGET] R2 → SITE (1.75, -0.59)
  [GIVE-UP] R3 returned empty after 2340 searching steps
  [TARGET] R3 → WALL (-5.92, 4.14)

======================================================================
Step 122500 (65.3 min) | Pickups: 163 | Deposits: 162 | Rate: 2.48 tags/min | phero_entries=0 max_w=0.000
======================================================================
R1[RTB       ]: carry=1 | base=2.78 | wall=3.23 | search=  0 | target=none
R2[SITE      ]: carry=0 | base=1.04 | wall=5.03 | search=  0 | target=site(1.75,-0.59)
R3[BASE_ESC  ]: carry=0 | base=0.24 | wall=5.76 | search=  0 | target=none
R4[SITE      ]: carry=0 | base=1.47 | wall=4.58 | search=  0 | target=site(1.85,-0.47)

[PICKUP] R4 picked up tag (density=2) | Total: 164
[PICKUP] R2 picked up tag (density=1) | Total: 165

======================================================================
Step 123000 (65.6 min) | Pickups: 165 | Deposits: 162 | Rate: 2.47 tags/min | phero_entries=0 max_w=0.000
======================================================================
R1[RTB       ]: carry=1 | base=0.86 | wall=5.14 | search=  0 | target=none
R2[SURVEY    ]: carry=1 | base=1.95 | wall=4.20 | search=  0 | target=none
R3[SEARCH    ]: carry=0 | base=1.45 | wall=4.97 | search= 80 | target=none
R4[RTB       ]: carry=1 | base=1.70 | wall=4.33 | search=  0 | target=none

[DEPOSIT] R1 deposited! Total: 163
  [TARGET] R1 → SITE (-4.06, -0.24)
[DEPOSIT] R4 deposited! Total: 164
  [TARGET] R4 → WALL (5.92, 5.30)

======================================================================
Step 123500 (65.9 min) | Pickups: 165 | Deposits: 164 | Rate: 2.49 tags/min | phero_entries=0 max_w=0.000
======================================================================
R1[SITE      ]: carry=0 | base=1.09 | wall=4.91 | search=  0 | target=site(-4.06,-0.24)
R2[RTB       ]: carry=1 | base=0.82 | wall=5.22 | search=  0 | target=none
R3[GIVE_UP   ]: carry=0 | base=1.11 | wall=4.95 | search=312 | target=none
R4[DEPART    ]: carry=0 | base=0.28 | wall=5.72 | search=  0 | target=none

[DEPOSIT] R2 deposited! Total: 165
  [TARGET] R2 → WALL (3.67, -5.92)
  [GIVE-UP] R3 returned empty after 312 searching steps
  [TARGET] R3 → WALL (1.77, 5.92)
[PICKUP] R2 picked up tag (density=5) | Total: 166

======================================================================
Step 124000 (66.1 min) | Pickups: 166 | Deposits: 165 | Rate: 2.49 tags/min | phero_entries=0 max_w=0.000
======================================================================
R1[SITE      ]: carry=0 | base=3.01 | wall=3.00 | search=  0 | target=site(-4.06,-0.24)
R2[SURVEY    ]: carry=1 | base=1.04 | wall=5.17 | search=  0 | target=none
R3[SEARCH    ]: carry=0 | base=0.69 | wall=5.31 | search= 11 | target=none
R4[SEARCH    ]: carry=0 | base=1.85 | wall=4.34 | search=353 | target=none

[PICKUP] R1 picked up tag (density=4) | Total: 167
[DEPOSIT] R2 deposited! Total: 166
  [TARGET] R2 → WALL (5.92, 3.33)

======================================================================
Step 124500 (66.4 min) | Pickups: 167 | Deposits: 166 | Rate: 2.50 tags/min | phero_entries=0 max_w=0.000
======================================================================
R1[RTB       ]: carry=1 | base=3.36 | wall=2.65 | search=  0 | target=none
R2[BASE_ESC  ]: carry=0 | base=0.22 | wall=5.83 | search=  0 | target=none
R3[GIVE_UP   ]: carry=0 | base=1.38 | wall=4.67 | search=312 | target=none
R4[SEARCH    ]: carry=0 | base=2.71 | wall=3.36 | search=853 | target=none

  [GIVE-UP] R3 returned empty after 312 searching steps
  [TARGET] R3 → WALL (-5.92, 0.12)

======================================================================
Step 125000 (66.7 min) | Pickups: 167 | Deposits: 166 | Rate: 2.49 tags/min | phero_entries=0 max_w=0.000
======================================================================
R1[RTB       ]: carry=1 | base=1.44 | wall=4.56 | search=  0 | target=none
R2[SEARCH    ]: carry=0 | base=1.74 | wall=4.40 | search=128 | target=none
R3[DEPART    ]: carry=0 | base=0.52 | wall=5.55 | search=  0 | target=none
R4[SEARCH    ]: carry=0 | base=4.07 | wall=2.58 | search=1353 | target=none

[DEPOSIT] R1 deposited! Total: 167
  [TARGET] R1 → SITE (-3.64, -0.20)

======================================================================
Step 125500 (66.9 min) | Pickups: 167 | Deposits: 167 | Rate: 2.50 tags/min | phero_entries=0 max_w=0.000
======================================================================
R1[SITE      ]: carry=0 | base=0.52 | wall=5.48 | search=  0 | target=site(-3.64,-0.20)
R2[GIVE_UP   ]: carry=0 | base=1.48 | wall=4.61 | search=312 | target=none
R3[GIVE_UP   ]: carry=0 | base=1.72 | wall=4.29 | search=312 | target=none
R4[SEARCH    ]: carry=0 | base=5.48 | wall=2.08 | search=1853 | target=none

  [GIVE-UP] R2 returned empty after 312 searching steps
  [TARGET] R2 → WALL (-4.58, 5.92)
  [GIVE-UP] R3 returned empty after 312 searching steps
  [TARGET] R3 → WALL (0.68, 5.92)

======================================================================
Step 126000 (67.2 min) | Pickups: 167 | Deposits: 167 | Rate: 2.49 tags/min | phero_entries=0 max_w=0.000
======================================================================
R1[SITE      ]: carry=0 | base=2.39 | wall=3.61 | search=  0 | target=site(-3.64,-0.20)
R2[DEPART    ]: carry=0 | base=0.29 | wall=5.72 | search=  0 | target=none
R3[BASE_ESC  ]: carry=0 | base=0.23 | wall=5.78 | search=  0 | target=none
R4[SEARCH    ]: carry=0 | base=6.46 | wall=0.61 | search=2353 | target=none

[PICKUP] R1 picked up tag (density=3) | Total: 168

======================================================================
Step 126500 (67.5 min) | Pickups: 168 | Deposits: 167 | Rate: 2.48 tags/min | phero_entries=0 max_w=0.000
======================================================================
R1[SURVEY    ]: carry=1 | base=3.70 | wall=2.30 | search=  0 | target=none
R2[SEARCH    ]: carry=0 | base=1.64 | wall=4.38 | search=410 | target=none
R3[SEARCH    ]: carry=0 | base=1.79 | wall=4.24 | search=176 | target=none
R4[GIVE_UP   ]: carry=0 | base=6.61 | wall=0.35 | search=2808 | target=none


======================================================================
Step 127000 (67.7 min) | Pickups: 168 | Deposits: 167 | Rate: 2.47 tags/min | phero_entries=0 max_w=0.000
======================================================================
R1[RTB       ]: carry=1 | base=2.59 | wall=3.41 | search=  0 | target=none
R2[SEARCH    ]: carry=0 | base=2.77 | wall=3.40 | search=910 | target=none
R3[GIVE_UP   ]: carry=0 | base=2.41 | wall=3.59 | search=468 | target=none
R4[GIVE_UP   ]: carry=0 | base=4.94 | wall=1.82 | search=2808 | target=none

[PICKUP] R4 picked up tag (density=19) | Total: 169

======================================================================
Step 127500 (68.0 min) | Pickups: 169 | Deposits: 167 | Rate: 2.46 tags/min | phero_entries=0 max_w=0.000
======================================================================
R1[RTB       ]: carry=1 | base=0.67 | wall=5.33 | search=  0 | target=none
R2[SEARCH    ]: carry=0 | base=3.97 | wall=2.93 | search=1410 | target=none
R3[GIVE_UP   ]: carry=0 | base=0.49 | wall=5.51 | search=468 | target=none
R4[RTB       ]: carry=1 | base=4.09 | wall=2.58 | search=  0 | target=none

  [GIVE-UP] R3 returned empty after 468 searching steps
  [TARGET] R3 → WALL (5.92, 5.20)
[DEPOSIT] R1 deposited! Total: 168
  [TARGET] R1 → SITE (-3.71, -0.14)

======================================================================
Step 128000 (68.3 min) | Pickups: 169 | Deposits: 168 | Rate: 2.46 tags/min | phero_entries=0 max_w=0.000
======================================================================
R1[SITE      ]: carry=0 | base=1.27 | wall=4.73 | search=  0 | target=site(-3.71,-0.14)
R2[GIVE_UP   ]: carry=0 | base=5.48 | wall=1.97 | search=1872 | target=none
R3[DEPART    ]: carry=0 | base=1.21 | wall=5.02 | search=  0 | target=none
R4[RTB       ]: carry=1 | base=2.18 | wall=4.18 | search=  0 | target=none


======================================================================
Step 128500 (68.5 min) | Pickups: 169 | Deposits: 168 | Rate: 2.45 tags/min | phero_entries=0 max_w=0.000
======================================================================
R1[SITE      ]: carry=0 | base=3.19 | wall=2.81 | search=  0 | target=site(-3.71,-0.14)
R2[GIVE_UP   ]: carry=0 | base=3.85 | wall=3.12 | search=1872 | target=none
R3[SEARCH    ]: carry=0 | base=3.06 | wall=3.71 | search=201 | target=none
R4[RTB       ]: carry=1 | base=0.26 | wall=5.78 | search=  0 | target=none

[DEPOSIT] R4 deposited! Total: 169
  [PHERO] Laid at (2.21, -3.50) density=19 prob=1.00 entries=1
  [TARGET] R4 → SITE (2.21, -3.50)
[PICKUP] R1 picked up tag (density=2) | Total: 170
[PICKUP] R4 picked up tag (density=4) | Total: 171

======================================================================
Step 129000 (68.8 min) | Pickups: 171 | Deposits: 169 | Rate: 2.46 tags/min | phero_entries=1 max_w=0.204
======================================================================
R1[RTB       ]: carry=1 | base=3.48 | wall=2.53 | search=  0 | target=none
R2[GIVE_UP   ]: carry=0 | base=1.93 | wall=4.56 | search=1872 | target=none
R3[GIVE_UP   ]: carry=0 | base=4.38 | wall=2.23 | search=624 | target=none
R4[SURVEY    ]: carry=1 | base=1.09 | wall=5.13 | search=  0 | target=none

[PICKUP] R3 picked up tag (density=19) | Total: 172
[DEPOSIT] R4 deposited! Total: 170
  [PHERO] Laid at (0.65, -0.87) density=4 prob=0.05 entries=2
  [TARGET] R4 → SITE (0.65, -0.87)
  [GIVE-UP] R2 returned empty after 1872 searching steps
  [TARGET] R2 → PHERO (0.65, -0.87)

======================================================================
Step 129500 (69.1 min) | Pickups: 172 | Deposits: 170 | Rate: 2.46 tags/min | phero_entries=2 max_w=0.588
======================================================================
R1[RTB       ]: carry=1 | base=1.56 | wall=4.44 | search=  0 | target=none
R2[BASE_ESC  ]: carry=0 | base=0.22 | wall=5.82 | search=  0 | target=phero(0.65,-0.87)
R3[RTB       ]: carry=1 | base=3.65 | wall=2.87 | search=  0 | target=none
R4[SITE      ]: carry=0 | base=0.41 | wall=5.67 | search=  0 | target=site(0.65,-0.87)

[DEPOSIT] R1 deposited! Total: 171
  [TARGET] R1 → PHERO (0.65, -0.87)

======================================================================
Step 130000 (69.3 min) | Pickups: 172 | Deposits: 171 | Rate: 2.47 tags/min | phero_entries=2 max_w=0.119
======================================================================
R1[PHERO     ]: carry=0 | base=0.28 | wall=5.73 | search=  0 | target=phero(0.65,-0.87)
R2[PHERO     ]: carry=0 | base=0.74 | wall=5.34 | search=  0 | target=phero(0.65,-0.87)
R3[RTB       ]: carry=1 | base=1.73 | wall=4.52 | search=  0 | target=none
R4[GIVE_UP   ]: carry=0 | base=0.67 | wall=5.42 | search=312 | target=none

  [GIVE-UP] R4 returned empty after 312 searching steps
  [TARGET] R4 → PHERO (0.65, -0.87)
[DEPOSIT] R3 deposited! Total: 172
  [PHERO] Laid at (2.03, 3.58) density=19 prob=1.00 entries=3
  [TARGET] R3 → SITE (2.03, 3.58)

======================================================================
Step 130500 (69.6 min) | Pickups: 172 | Deposits: 172 | Rate: 2.47 tags/min | phero_entries=3 max_w=0.694
======================================================================
R1[SEARCH    ]: carry=0 | base=1.12 | wall=5.07 | search= 76 | target=phero(0.65,-0.87)
R2[SEARCH    ]: carry=0 | base=1.29 | wall=4.71 | search=414 | target=phero(0.65,-0.87)
R3[SITE      ]: carry=0 | base=0.26 | wall=5.75 | search=  0 | target=site(2.03,3.58)
R4[SEARCH    ]: carry=0 | base=1.06 | wall=5.15 | search= 34 | target=phero(0.65,-0.87)

  [GIVE-UP] R1 returned empty after 156 searching steps
  [TARGET] R1 → PHERO (2.03, 3.58)

======================================================================
Step 131000 (69.9 min) | Pickups: 172 | Deposits: 172 | Rate: 2.46 tags/min | phero_entries=2 max_w=0.140
======================================================================
R1[PHERO     ]: carry=0 | base=0.29 | wall=5.73 | search=  0 | target=phero(2.03,3.58)
R2[SEARCH    ]: carry=0 | base=2.38 | wall=4.21 | search=914 | target=phero(0.65,-0.87)
R3[SITE      ]: carry=0 | base=2.15 | wall=4.11 | search=  0 | target=site(2.03,3.58)
R4[SEARCH    ]: carry=0 | base=2.06 | wall=4.20 | search=534 | target=phero(0.65,-0.87)

[PICKUP] R3 picked up tag (density=19) | Total: 173

======================================================================
Step 131500 (70.1 min) | Pickups: 173 | Deposits: 172 | Rate: 2.45 tags/min | phero_entries=1 max_w=0.028
======================================================================
R1[PHERO     ]: carry=0 | base=1.71 | wall=4.60 | search=  0 | target=phero(2.03,3.58)
R2[SEARCH    ]: carry=0 | base=3.89 | wall=2.82 | search=1414 | target=phero(0.65,-0.87)
R3[SURVEY    ]: carry=1 | base=3.51 | wall=2.94 | search=  0 | target=none
R4[SEARCH    ]: carry=0 | base=3.82 | wall=2.53 | search=1034 | target=phero(0.65,-0.87)


======================================================================
Step 132000 (70.4 min) | Pickups: 173 | Deposits: 172 | Rate: 2.44 tags/min | phero_entries=1 max_w=0.006
======================================================================
R1[PHERO     ]: carry=0 | base=3.49 | wall=2.99 | search=  0 | target=phero(2.03,3.58)
R2[SEARCH    ]: carry=0 | base=4.34 | wall=1.75 | search=1914 | target=phero(0.65,-0.87)
R3[RTB       ]: carry=1 | base=1.99 | wall=4.29 | search=  0 | target=none
R4[SEARCH    ]: carry=0 | base=5.28 | wall=0.87 | search=1534 | target=phero(0.65,-0.87)

[PICKUP] R1 picked up tag (density=18) | Total: 174
[DEPOSIT] R3 deposited! Total: 173
  [PHERO] Laid at (1.72, 3.05) density=19 prob=1.00 entries=2
  [TARGET] R3 → SITE (1.72, 3.05)

======================================================================
Step 132500 (70.7 min) | Pickups: 174 | Deposits: 173 | Rate: 2.45 tags/min | phero_entries=2 max_w=0.863
======================================================================
R1[RTB       ]: carry=1 | base=2.63 | wall=3.77 | search=  0 | target=none
R2[GIVE_UP   ]: carry=0 | base=4.56 | wall=1.45 | search=2184 | target=none
R3[BASE_ESC  ]: carry=0 | base=0.22 | wall=5.82 | search=  0 | target=site(1.72,3.05)
R4[SEARCH    ]: carry=0 | base=5.97 | wall=0.36 | search=2034 | target=phero(0.65,-0.87)


======================================================================
Step 133000 (70.9 min) | Pickups: 174 | Deposits: 173 | Rate: 2.44 tags/min | phero_entries=1 max_w=0.174
======================================================================
R1[RTB       ]: carry=1 | base=0.87 | wall=5.25 | search=  0 | target=none
R2[GIVE_UP   ]: carry=0 | base=2.64 | wall=3.37 | search=2184 | target=none
R3[SITE      ]: carry=0 | base=1.70 | wall=4.55 | search=  0 | target=site(1.72,3.05)
R4[SEARCH    ]: carry=0 | base=6.27 | wall=0.57 | search=2534 | target=phero(0.65,-0.87)

[DEPOSIT] R1 deposited! Total: 174
  [PHERO] Laid at (1.80, 3.05) density=18 prob=1.00 entries=2
  [TARGET] R1 → SITE (1.80, 3.05)

======================================================================
Step 133500 (71.2 min) | Pickups: 174 | Deposits: 174 | Rate: 2.44 tags/min | phero_entries=2 max_w=0.340
======================================================================
R1[SITE      ]: carry=0 | base=1.08 | wall=5.11 | search=  0 | target=site(1.80,3.05)
R2[GIVE_UP   ]: carry=0 | base=0.72 | wall=5.28 | search=2184 | target=none
R3[SEARCH    ]: carry=0 | base=3.48 | wall=2.96 | search= 44 | target=site(1.72,3.05)
R4[SEARCH    ]: carry=0 | base=6.95 | wall=0.95 | search=3034 | target=phero(0.65,-0.87)

[PICKUP] R3 picked up tag (density=17) | Total: 175
  [GIVE-UP] R2 returned empty after 2184 searching steps
  [TARGET] R2 → PHERO (1.80, 3.05)

======================================================================
Step 134000 (71.5 min) | Pickups: 175 | Deposits: 174 | Rate: 2.43 tags/min | phero_entries=2 max_w=0.069
======================================================================
R1[SITE      ]: carry=0 | base=2.93 | wall=3.49 | search=  0 | target=site(1.80,3.05)
R2[PHERO     ]: carry=0 | base=0.60 | wall=5.53 | search=  0 | target=phero(1.80,3.05)
R3[RTB       ]: carry=1 | base=2.87 | wall=3.51 | search=  0 | target=none
R4[SEARCH    ]: carry=0 | base=7.54 | wall=0.41 | search=3534 | target=phero(0.65,-0.87)

[PICKUP] R1 picked up tag (density=15) | Total: 176

======================================================================
Step 134500 (71.7 min) | Pickups: 176 | Deposits: 174 | Rate: 2.43 tags/min | phero_entries=2 max_w=0.014
======================================================================
R1[SURVEY    ]: carry=1 | base=3.63 | wall=2.94 | search=  0 | target=none
R2[PHERO     ]: carry=0 | base=2.48 | wall=3.90 | search=  0 | target=phero(1.80,3.05)
R3[RTB       ]: carry=1 | base=0.95 | wall=5.17 | search=  0 | target=none
R4[WALL_ESC  ]: carry=0 | base=7.62 | wall=0.33 | search=4034 | target=phero(0.65,-0.87)

[DEPOSIT] R3 deposited! Total: 175
  [PHERO] Laid at (1.68, 3.05) density=17 prob=0.99 entries=2
  [TARGET] R3 → SITE (1.68, 3.05)
[PICKUP] R2 picked up tag (density=15) | Total: 177

======================================================================
Step 135000 (72.0 min) | Pickups: 177 | Deposits: 175 | Rate: 2.43 tags/min | phero_entries=2 max_w=0.363
======================================================================
R1[RTB       ]: carry=1 | base=2.29 | wall=4.10 | search=  0 | target=none
R2[SURVEY    ]: carry=1 | base=3.58 | wall=2.87 | search=  0 | target=none
R3[SITE      ]: carry=0 | base=1.00 | wall=5.17 | search=  0 | target=site(1.68,3.05)
R4[WALL_ESC  ]: carry=0 | base=7.67 | wall=0.34 | search=4534 | target=phero(0.65,-0.87)


======================================================================
Step 135500 (72.3 min) | Pickups: 177 | Deposits: 175 | Rate: 2.42 tags/min | phero_entries=1 max_w=0.073
======================================================================
R1[RTB       ]: carry=1 | base=0.37 | wall=5.69 | search=  0 | target=none
R2[RTB       ]: carry=1 | base=2.29 | wall=4.04 | search=  0 | target=none
R3[SITE      ]: carry=0 | base=2.88 | wall=3.48 | search=  0 | target=site(1.68,3.05)
R4[GIVE_UP   ]: carry=0 | base=7.43 | wall=0.48 | search=4992 | target=none

[DEPOSIT] R1 deposited! Total: 176
  [PHERO] Laid at (1.94, 3.06) density=15 prob=0.98 entries=2
  [TARGET] R1 → SITE (1.94, 3.06)
[PICKUP] R3 picked up tag (density=14) | Total: 178

======================================================================
Step 136000 (72.5 min) | Pickups: 178 | Deposits: 176 | Rate: 2.43 tags/min | phero_entries=2 max_w=0.223
======================================================================
R1[SITE      ]: carry=0 | base=1.58 | wall=4.70 | search=  0 | target=site(1.94,3.06)
R2[RTB       ]: carry=1 | base=0.37 | wall=5.68 | search=  0 | target=none
R3[SURVEY    ]: carry=1 | base=3.64 | wall=2.87 | search=  0 | target=none
R4[GIVE_UP   ]: carry=0 | base=5.51 | wall=1.91 | search=4992 | target=none

[DEPOSIT] R2 deposited! Total: 177
  [PHERO] Laid at (1.75, 3.13) density=15 prob=0.98 entries=3
  [TARGET] R2 → SITE (1.75, 3.13)

======================================================================
Step 136500 (72.8 min) | Pickups: 178 | Deposits: 177 | Rate: 2.43 tags/min | phero_entries=3 max_w=0.223
======================================================================
R1[SITE      ]: carry=0 | base=3.47 | wall=3.08 | search=  0 | target=site(1.94,3.06)
R2[SITE      ]: carry=0 | base=1.58 | wall=4.66 | search=  0 | target=site(1.75,3.13)
R3[RTB       ]: carry=1 | base=2.35 | wall=4.01 | search=  0 | target=none
R4[GIVE_UP   ]: carry=0 | base=3.59 | wall=3.33 | search=4992 | target=none


======================================================================
Step 137000 (73.1 min) | Pickups: 178 | Deposits: 177 | Rate: 2.42 tags/min | phero_entries=2 max_w=0.045
======================================================================
R1[SEARCH    ]: carry=0 | base=3.80 | wall=3.25 | search=474 | target=site(1.94,3.06)
R2[SITE      ]: carry=0 | base=3.47 | wall=2.97 | search=  0 | target=site(1.75,3.13)
R3[RTB       ]: carry=1 | base=0.45 | wall=5.62 | search=  0 | target=none
R4[GIVE_UP   ]: carry=0 | base=1.67 | wall=4.76 | search=4992 | target=none

[PICKUP] R2 picked up tag (density=13) | Total: 179
[DEPOSIT] R3 deposited! Total: 178
  [PHERO] Laid at (1.85, 3.13) density=14 prob=0.96 entries=3
  [TARGET] R3 → SITE (1.85, 3.13)
[PICKUP] R4 picked up tag (density=3) | Total: 180
[PICKUP] R1 picked up tag (density=22) | Total: 181

======================================================================
Step 137500 (73.3 min) | Pickups: 181 | Deposits: 178 | Rate: 2.43 tags/min | phero_entries=3 max_w=0.239
======================================================================
R1[RTB       ]: carry=1 | base=4.30 | wall=2.48 | search=  0 | target=none
R2[RTB       ]: carry=1 | base=2.88 | wall=3.52 | search=  0 | target=none
R3[SITE      ]: carry=0 | base=1.51 | wall=4.67 | search=  0 | target=site(1.85,3.13)
R4[RTB       ]: carry=1 | base=0.95 | wall=5.25 | search=  0 | target=none

[DEPOSIT] R4 deposited! Total: 179
  [TARGET] R4 → SITE (1.07, -0.96)

======================================================================
Step 138000 (73.6 min) | Pickups: 181 | Deposits: 179 | Rate: 2.43 tags/min | phero_entries=2 max_w=0.048
======================================================================
R1[RTB       ]: carry=1 | base=2.40 | wall=4.02 | search=  0 | target=none
R2[RTB       ]: carry=1 | base=1.03 | wall=5.11 | search=  0 | target=none
R3[SITE      ]: carry=0 | base=3.36 | wall=3.10 | search=  0 | target=site(1.85,3.13)
R4[SITE      ]: carry=0 | base=0.98 | wall=5.24 | search=  0 | target=site(1.07,-0.96)

[PICKUP] R4 picked up tag (density=2) | Total: 182
[DEPOSIT] R2 deposited! Total: 180
  [PHERO] Laid at (1.73, 3.14) density=13 prob=0.93 entries=2
  [TARGET] R2 → SITE (1.73, 3.14)

======================================================================
Step 138500 (73.9 min) | Pickups: 182 | Deposits: 180 | Rate: 2.44 tags/min | phero_entries=2 max_w=0.387
======================================================================
R1[RTB       ]: carry=1 | base=0.48 | wall=5.61 | search=  0 | target=none
R2[SITE      ]: carry=0 | base=0.92 | wall=5.24 | search=  0 | target=site(1.73,3.14)
R3[SEARCH    ]: carry=0 | base=3.89 | wall=3.05 | search=441 | target=site(1.85,3.13)
R4[RTB       ]: carry=1 | base=0.49 | wall=5.60 | search=  0 | target=none

[DEPOSIT] R1 deposited! Total: 181
  [PHERO] Laid at (3.51, 2.55) density=22 prob=1.00 entries=3
  [TARGET] R1 → SITE (3.51, 2.55)
[DEPOSIT] R4 deposited! Total: 182
  [TARGET] R4 → SITE (0.88, -0.75)

======================================================================
Step 139000 (74.1 min) | Pickups: 182 | Deposits: 182 | Rate: 2.46 tags/min | phero_entries=3 max_w=0.245
======================================================================
R1[SITE      ]: carry=0 | base=1.48 | wall=4.76 | search=  0 | target=site(3.51,2.55)
R2[SITE      ]: carry=0 | base=2.83 | wall=3.53 | search=  0 | target=site(1.73,3.14)
R3[SEARCH    ]: carry=0 | base=3.97 | wall=2.40 | search=941 | target=site(1.85,3.13)
R4[SEARCH    ]: carry=0 | base=1.14 | wall=5.11 | search= 86 | target=site(0.88,-0.75)

[PICKUP] R2 picked up tag (density=12) | Total: 183

======================================================================
Step 139500 (74.4 min) | Pickups: 183 | Deposits: 182 | Rate: 2.45 tags/min | phero_entries=2 max_w=0.049
======================================================================
R1[SITE      ]: carry=0 | base=3.39 | wall=3.24 | search=  0 | target=site(3.51,2.55)
R2[SURVEY    ]: carry=1 | base=3.73 | wall=2.84 | search=  0 | target=none
R3[SEARCH    ]: carry=0 | base=2.58 | wall=3.84 | search=1441 | target=site(1.85,3.13)
R4[SEARCH    ]: carry=0 | base=1.67 | wall=4.33 | search=586 | target=site(0.88,-0.75)


======================================================================
Step 140000 (74.7 min) | Pickups: 183 | Deposits: 182 | Rate: 2.44 tags/min | phero_entries=2 max_w=0.010
======================================================================
R1[SEARCH    ]: carry=0 | base=4.04 | wall=2.62 | search=267 | target=site(3.51,2.55)
R2[RTB       ]: carry=1 | base=2.68 | wall=3.77 | search=  0 | target=none
R3[SEARCH    ]: carry=0 | base=2.13 | wall=3.94 | search=1941 | target=site(1.85,3.13)
R4[GIVE_UP   ]: carry=0 | base=2.18 | wall=4.08 | search=936 | target=none


======================================================================
Step 140500 (74.9 min) | Pickups: 183 | Deposits: 182 | Rate: 2.43 tags/min | phero_entries=1 max_w=0.002
======================================================================
R1[SEARCH    ]: carry=0 | base=3.67 | wall=2.37 | search=767 | target=site(3.51,2.55)
R2[RTB       ]: carry=1 | base=0.76 | wall=5.37 | search=  0 | target=none
R3[SEARCH    ]: carry=0 | base=1.15 | wall=4.86 | search=2441 | target=site(1.85,3.13)
R4[GIVE_UP   ]: carry=0 | base=0.26 | wall=5.77 | search=936 | target=none

  [GIVE-UP] R4 returned empty after 936 searching steps
  [TARGET] R4 → PHERO (3.51, 2.55)
[DEPOSIT] R2 deposited! Total: 183
  [TARGET] R2 → SITE (1.98, 3.15)

======================================================================
Step 141000 (75.2 min) | Pickups: 183 | Deposits: 183 | Rate: 2.43 tags/min | phero_entries=0 max_w=0.000
======================================================================
R1[SEARCH    ]: carry=0 | base=4.63 | wall=1.48 | search=1267 | target=site(3.51,2.55)
R2[SITE      ]: carry=0 | base=1.20 | wall=4.95 | search=  0 | target=site(1.98,3.15)
R3[SEARCH    ]: carry=0 | base=0.27 | wall=5.74 | search=2941 | target=site(1.85,3.13)
R4[PHERO     ]: carry=0 | base=1.04 | wall=5.06 | search=  0 | target=phero(3.51,2.55)

  [GIVE-UP] R3 returned empty after 2964 searching steps
  [TARGET] R3 → WALL (-1.20, -5.92)

======================================================================
Step 141500 (75.5 min) | Pickups: 183 | Deposits: 183 | Rate: 2.42 tags/min | phero_entries=0 max_w=0.000
======================================================================
R1[SEARCH    ]: carry=0 | base=5.70 | wall=0.89 | search=1767 | target=site(3.51,2.55)
R2[SITE      ]: carry=0 | base=3.12 | wall=3.35 | search=  0 | target=site(1.98,3.15)
R3[SEARCH    ]: carry=0 | base=1.46 | wall=4.55 | search= 77 | target=none
R4[PHERO     ]: carry=0 | base=2.94 | wall=3.57 | search=  0 | target=phero(3.51,2.55)


======================================================================
Step 142000 (75.7 min) | Pickups: 183 | Deposits: 183 | Rate: 2.42 tags/min | phero_entries=0 max_w=0.000
======================================================================
R1[SEARCH    ]: carry=0 | base=6.62 | wall=0.75 | search=2267 | target=site(3.51,2.55)
R2[SEARCH    ]: carry=0 | base=3.99 | wall=2.71 | search=356 | target=site(1.98,3.15)
R3[SEARCH    ]: carry=0 | base=3.17 | wall=2.83 | search=577 | target=none
R4[SEARCH    ]: carry=0 | base=4.28 | wall=2.60 | search=148 | target=phero(3.51,2.55)


======================================================================
Step 142500 (76.0 min) | Pickups: 183 | Deposits: 183 | Rate: 2.41 tags/min | phero_entries=0 max_w=0.000
======================================================================
R1[SEARCH    ]: carry=0 | base=7.11 | wall=0.47 | search=2767 | target=site(3.51,2.55)
R2[SEARCH    ]: carry=0 | base=5.61 | wall=1.49 | search=856 | target=site(1.98,3.15)
R3[SEARCH    ]: carry=0 | base=4.61 | wall=1.40 | search=1077 | target=none
R4[GIVE_UP   ]: carry=0 | base=3.11 | wall=3.14 | search=468 | target=none


======================================================================
Step 143000 (76.3 min) | Pickups: 183 | Deposits: 183 | Rate: 2.40 tags/min | phero_entries=0 max_w=0.000
======================================================================
R1[SEARCH    ]: carry=0 | base=7.19 | wall=0.36 | search=3267 | target=site(3.51,2.55)
R2[GIVE_UP   ]: carry=0 | base=6.24 | wall=1.33 | search=1248 | target=none
R3[SEARCH    ]: carry=0 | base=5.83 | wall=0.43 | search=1577 | target=none
R4[GIVE_UP   ]: carry=0 | base=1.19 | wall=4.91 | search=468 | target=none

  [GIVE-UP] R4 returned empty after 468 searching steps
  [TARGET] R4 → WALL (-4.66, 5.92)

======================================================================
Step 143500 (76.5 min) | Pickups: 183 | Deposits: 183 | Rate: 2.39 tags/min | phero_entries=0 max_w=0.000
======================================================================
R1[WALL_ESC  ]: carry=0 | base=7.30 | wall=0.33 | search=3767 | target=site(3.51,2.55)
R2[GIVE_UP   ]: carry=0 | base=4.33 | wall=2.76 | search=1248 | target=none
R3[SEARCH    ]: carry=0 | base=5.90 | wall=1.12 | search=2077 | target=none
R4[DEPART    ]: carry=0 | base=0.33 | wall=5.74 | search=  0 | target=none


======================================================================
Step 144000 (76.8 min) | Pickups: 183 | Deposits: 183 | Rate: 2.38 tags/min | phero_entries=0 max_w=0.000
======================================================================
R1[SEARCH    ]: carry=0 | base=7.18 | wall=0.40 | search=4267 | target=site(3.51,2.55)
R2[GIVE_UP   ]: carry=0 | base=2.41 | wall=4.20 | search=1248 | target=none
R3[SEARCH    ]: carry=0 | base=6.34 | wall=1.14 | search=2577 | target=none
R4[SEARCH    ]: carry=0 | base=1.53 | wall=4.48 | search=489 | target=none


======================================================================
Step 144500 (77.1 min) | Pickups: 183 | Deposits: 183 | Rate: 2.37 tags/min | phero_entries=0 max_w=0.000
======================================================================
R1[WALL_ESC  ]: carry=0 | base=7.27 | wall=0.32 | search=4767 | target=site(3.51,2.55)
R2[GIVE_UP   ]: carry=0 | base=0.49 | wall=5.64 | search=1248 | target=none
R3[GIVE_UP   ]: carry=0 | base=6.17 | wall=0.64 | search=2964 | target=none
R4[GIVE_UP   ]: carry=0 | base=2.17 | wall=3.83 | search=780 | target=none

  [GIVE-UP] R2 returned empty after 1248 searching steps
  [TARGET] R2 → WALL (5.92, 3.78)
[PICKUP] R3 picked up tag (density=22) | Total: 184

======================================================================
Step 145000 (77.3 min) | Pickups: 184 | Deposits: 183 | Rate: 2.37 tags/min | phero_entries=0 max_w=0.000
======================================================================
R1[WALL_ESC  ]: carry=0 | base=7.28 | wall=0.35 | search=5267 | target=site(3.51,2.55)
R2[DEPART    ]: carry=0 | base=1.48 | wall=4.73 | search=  0 | target=none
R3[RTB       ]: carry=1 | base=5.13 | wall=1.54 | search=  0 | target=none
R4[GIVE_UP   ]: carry=0 | base=0.25 | wall=5.75 | search=780 | target=none

  [GIVE-UP] R4 returned empty after 780 searching steps
  [TARGET] R4 → WALL (4.02, -5.92)

======================================================================
Step 145500 (77.6 min) | Pickups: 184 | Deposits: 183 | Rate: 2.36 tags/min | phero_entries=0 max_w=0.000
======================================================================
R1[SEARCH    ]: carry=0 | base=7.19 | wall=0.38 | search=5767 | target=site(3.51,2.55)
R2[SEARCH    ]: carry=0 | base=3.22 | wall=3.53 | search=359 | target=none
R3[RTB       ]: carry=1 | base=3.60 | wall=2.83 | search=  0 | target=none
R4[SEARCH    ]: carry=0 | base=1.10 | wall=5.07 | search=232 | target=none

[PICKUP] R4 picked up tag (density=1) | Total: 185

======================================================================
Step 146000 (77.9 min) | Pickups: 185 | Deposits: 183 | Rate: 2.35 tags/min | phero_entries=0 max_w=0.000
======================================================================
R1[WALL_ESC  ]: carry=0 | base=7.30 | wall=0.31 | search=6240 | target=none
R2[GIVE_UP   ]: carry=0 | base=4.67 | wall=2.51 | search=780 | target=none
R3[RTB       ]: carry=1 | base=1.68 | wall=4.52 | search=  0 | target=none
R4[RTB       ]: carry=1 | base=0.36 | wall=5.73 | search=  0 | target=none

[DEPOSIT] R4 deposited! Total: 184
  [TARGET] R4 → WALL (5.92, -1.99)
[DEPOSIT] R3 deposited! Total: 185
  [PHERO] Laid at (4.46, -2.54) density=22 prob=1.00 entries=1
  [TARGET] R3 → SITE (4.46, -2.54)

======================================================================
Step 146500 (78.1 min) | Pickups: 185 | Deposits: 185 | Rate: 2.37 tags/min | phero_entries=1 max_w=0.672
======================================================================
R1[GIVE_UP   ]: carry=0 | base=5.52 | wall=1.68 | search=6240 | target=none
R2[GIVE_UP   ]: carry=0 | base=2.79 | wall=3.93 | search=780 | target=none
R3[SITE      ]: carry=0 | base=0.28 | wall=5.80 | search=  0 | target=site(4.46,-2.54)
R4[SEARCH    ]: carry=0 | base=1.42 | wall=4.59 | search=203 | target=none


======================================================================
Step 147000 (78.4 min) | Pickups: 185 | Deposits: 185 | Rate: 2.36 tags/min | phero_entries=1 max_w=0.136
======================================================================
R1[GIVE_UP   ]: carry=0 | base=3.60 | wall=3.18 | search=6240 | target=none
R2[GIVE_UP   ]: carry=0 | base=0.87 | wall=5.36 | search=780 | target=none
R3[SITE      ]: carry=0 | base=2.18 | wall=4.14 | search=  0 | target=site(4.46,-2.54)
R4[SEARCH    ]: carry=0 | base=2.75 | wall=3.49 | search=703 | target=none

  [GIVE-UP] R2 returned empty after 780 searching steps
  [TARGET] R2 → PHERO (4.46, -2.54)

======================================================================
Step 147500 (78.7 min) | Pickups: 185 | Deposits: 185 | Rate: 2.35 tags/min | phero_entries=1 max_w=0.027
======================================================================
R1[GIVE_UP   ]: carry=0 | base=1.68 | wall=4.68 | search=6240 | target=none
R2[PHERO     ]: carry=0 | base=0.97 | wall=5.07 | search=  0 | target=phero(4.46,-2.54)
R3[SITE      ]: carry=0 | base=4.10 | wall=2.45 | search=  0 | target=site(4.46,-2.54)
R4[GIVE_UP   ]: carry=0 | base=2.37 | wall=4.19 | search=936 | target=none

[PICKUP] R3 picked up tag (density=24) | Total: 186
  [GIVE-UP] R1 returned empty after 6240 searching steps
  [TARGET] R1 → PHERO (4.46, -2.54)

======================================================================
Step 148000 (78.9 min) | Pickups: 186 | Deposits: 185 | Rate: 2.34 tags/min | phero_entries=1 max_w=0.006
======================================================================
R1[PHERO     ]: carry=0 | base=0.31 | wall=5.75 | search=  0 | target=phero(4.46,-2.54)
R2[PHERO     ]: carry=0 | base=2.86 | wall=3.46 | search=  0 | target=phero(4.46,-2.54)
R3[RTB       ]: carry=1 | base=4.14 | wall=2.35 | search=  0 | target=none
R4[GIVE_UP   ]: carry=0 | base=0.45 | wall=5.65 | search=936 | target=none

  [GIVE-UP] R4 returned empty after 936 searching steps
  [TARGET] R4 → PHERO (4.46, -2.54)
[PICKUP] R2 picked up tag (density=23) | Total: 187

======================================================================
Step 148500 (79.2 min) | Pickups: 187 | Deposits: 185 | Rate: 2.34 tags/min | phero_entries=1 max_w=0.001
======================================================================
R1[PHERO     ]: carry=0 | base=2.22 | wall=4.07 | search=  0 | target=phero(4.46,-2.54)
R2[SURVEY    ]: carry=1 | base=4.53 | wall=2.05 | search=  0 | target=none
R3[RTB       ]: carry=1 | base=2.40 | wall=3.88 | search=  0 | target=none
R4[PHERO     ]: carry=0 | base=1.41 | wall=4.69 | search=  0 | target=phero(4.46,-2.54)


======================================================================
Step 149000 (79.5 min) | Pickups: 187 | Deposits: 185 | Rate: 2.33 tags/min | phero_entries=0 max_w=0.000
======================================================================
R1[PHERO     ]: carry=0 | base=4.14 | wall=2.40 | search=  0 | target=phero(4.46,-2.54)
R2[RTB       ]: carry=1 | base=3.65 | wall=2.78 | search=  0 | target=none
R3[RTB       ]: carry=1 | base=0.48 | wall=5.58 | search=  0 | target=none
R4[PHERO     ]: carry=0 | base=3.31 | wall=3.07 | search=  0 | target=phero(4.46,-2.54)

[DEPOSIT] R3 deposited! Total: 186
  [PHERO] Laid at (3.93, -2.25) density=24 prob=1.00 entries=1
  [TARGET] R3 → SITE (3.93, -2.25)
[PICKUP] R1 picked up tag (density=22) | Total: 188
[PICKUP] R4 picked up tag (density=21) | Total: 189

======================================================================
Step 149500 (79.7 min) | Pickups: 189 | Deposits: 186 | Rate: 2.33 tags/min | phero_entries=1 max_w=0.244
======================================================================
R1[RTB       ]: carry=1 | base=4.20 | wall=2.29 | search=  0 | target=none
R2[RTB       ]: carry=1 | base=1.83 | wall=4.38 | search=  0 | target=none
R3[SITE      ]: carry=0 | base=1.48 | wall=4.68 | search=  0 | target=site(3.93,-2.25)
R4[SURVEY    ]: carry=1 | base=4.61 | wall=1.99 | search=  0 | target=none

[DEPOSIT] R2 deposited! Total: 187
  [PHERO] Laid at (3.94, -2.23) density=23 prob=1.00 entries=2
  [TARGET] R2 → SITE (3.94, -2.23)

======================================================================
Step 150000 (80.0 min) | Pickups: 189 | Deposits: 187 | Rate: 2.34 tags/min | phero_entries=2 max_w=0.799
======================================================================
R1[RTB       ]: carry=1 | base=2.34 | wall=3.92 | search=  0 | target=none
R2[BASE_ESC  ]: carry=0 | base=0.22 | wall=5.82 | search=  0 | target=site(3.94,-2.23)
R3[SITE      ]: carry=0 | base=3.22 | wall=3.19 | search=  0 | target=site(3.93,-2.25)
R4[RTB       ]: carry=1 | base=3.28 | wall=3.11 | search=  0 | target=none


======================================================================
Step 150500 (80.3 min) | Pickups: 189 | Deposits: 187 | Rate: 2.33 tags/min | phero_entries=2 max_w=0.161
======================================================================
R1[RTB       ]: carry=1 | base=0.42 | wall=5.63 | search=  0 | target=none
R2[SITE      ]: carry=0 | base=1.97 | wall=4.31 | search=  0 | target=site(3.94,-2.23)
R3[SEARCH    ]: carry=0 | base=4.42 | wall=2.14 | search=162 | target=site(3.93,-2.25)
R4[RTB       ]: carry=1 | base=1.41 | wall=4.76 | search=  0 | target=none

[DEPOSIT] R1 deposited! Total: 188
  [PHERO] Laid at (3.96, -2.25) density=22 prob=1.00 entries=3
  [TARGET] R1 → SITE (3.96, -2.25)
[DEPOSIT] R4 deposited! Total: 189
  [PHERO] Laid at (4.01, -2.28) density=21 prob=1.00 entries=4
  [TARGET] R4 → SITE (4.01, -2.28)

======================================================================
Step 151000 (80.5 min) | Pickups: 189 | Deposits: 189 | Rate: 2.35 tags/min | phero_entries=4 max_w=0.532
======================================================================
R1[SITE      ]: carry=0 | base=1.53 | wall=4.63 | search=  0 | target=site(3.96,-2.25)
R2[SITE      ]: carry=0 | base=3.89 | wall=2.62 | search=  0 | target=site(3.94,-2.23)
R3[SEARCH    ]: carry=0 | base=5.35 | wall=2.14 | search=662 | target=site(3.93,-2.25)
R4[SITE      ]: carry=0 | base=0.55 | wall=5.48 | search=  0 | target=site(4.01,-2.28)

[PICKUP] R2 picked up tag (density=20) | Total: 190

======================================================================
Step 151500 (80.8 min) | Pickups: 190 | Deposits: 189 | Rate: 2.34 tags/min | phero_entries=3 max_w=0.107
======================================================================
R1[SITE      ]: carry=0 | base=3.45 | wall=2.99 | search=  0 | target=site(3.96,-2.25)
R2[RTB       ]: carry=1 | base=4.55 | wall=2.00 | search=  0 | target=none
R3[SEARCH    ]: carry=0 | base=4.52 | wall=2.09 | search=1162 | target=site(3.93,-2.25)
R4[SITE      ]: carry=0 | base=2.46 | wall=3.83 | search=  0 | target=site(4.01,-2.28)


======================================================================
Step 152000 (81.1 min) | Pickups: 190 | Deposits: 189 | Rate: 2.33 tags/min | phero_entries=3 max_w=0.022
======================================================================
R1[SEARCH    ]: carry=0 | base=4.41 | wall=2.17 | search=226 | target=site(3.96,-2.25)
R2[RTB       ]: carry=1 | base=2.72 | wall=3.59 | search=  0 | target=none
R3[GIVE_UP   ]: carry=0 | base=3.41 | wall=2.68 | search=1560 | target=none
R4[SITE      ]: carry=0 | base=4.34 | wall=2.23 | search=  0 | target=site(4.01,-2.28)

[PICKUP] R3 picked up tag (density=10) | Total: 191
[PICKUP] R4 picked up tag (density=19) | Total: 192

======================================================================
Step 152500 (81.3 min) | Pickups: 192 | Deposits: 189 | Rate: 2.32 tags/min | phero_entries=2 max_w=0.004
======================================================================
R1[SEARCH    ]: carry=0 | base=5.41 | wall=2.09 | search=726 | target=site(3.96,-2.25)
R2[RTB       ]: carry=1 | base=0.80 | wall=5.29 | search=  0 | target=none
R3[RTB       ]: carry=1 | base=2.48 | wall=3.60 | search=  0 | target=none
R4[RTB       ]: carry=1 | base=4.13 | wall=2.36 | search=  0 | target=none

[DEPOSIT] R2 deposited! Total: 190
  [PHERO] Laid at (3.98, -2.20) density=20 prob=1.00 entries=3
  [TARGET] R2 → SITE (3.98, -2.20)

======================================================================
Step 153000 (81.6 min) | Pickups: 192 | Deposits: 190 | Rate: 2.33 tags/min | phero_entries=1 max_w=0.319
======================================================================
R1[SEARCH    ]: carry=0 | base=6.87 | wall=0.59 | search=1226 | target=site(3.96,-2.25)
R2[SITE      ]: carry=0 | base=1.16 | wall=4.95 | search=  0 | target=site(3.98,-2.20)
R3[RTB       ]: carry=1 | base=0.56 | wall=5.46 | search=  0 | target=none
R4[RTB       ]: carry=1 | base=2.21 | wall=4.05 | search=  0 | target=none

[DEPOSIT] R3 deposited! Total: 191
  [PHERO] Laid at (0.71, -3.04) density=10 prob=0.71 entries=2
  [TARGET] R3 → SITE (0.71, -3.04)

======================================================================
Step 153500 (81.9 min) | Pickups: 192 | Deposits: 191 | Rate: 2.33 tags/min | phero_entries=2 max_w=0.262
======================================================================
R1[WALL_ESC  ]: carry=0 | base=7.43 | wall=0.35 | search=1726 | target=site(3.96,-2.25)
R2[SITE      ]: carry=0 | base=3.02 | wall=3.34 | search=  0 | target=site(3.98,-2.20)
R3[SITE      ]: carry=0 | base=1.39 | wall=4.64 | search=  0 | target=site(0.71,-3.04)
R4[RTB       ]: carry=1 | base=0.32 | wall=5.71 | search=  0 | target=none

[DEPOSIT] R4 deposited! Total: 192
  [PHERO] Laid at (4.01, -2.28) density=19 prob=1.00 entries=3
  [TARGET] R4 → SITE (4.01, -2.28)
[PICKUP] R3 picked up tag (density=9) | Total: 193

======================================================================
Step 154000 (82.1 min) | Pickups: 193 | Deposits: 192 | Rate: 2.34 tags/min | phero_entries=3 max_w=0.215
======================================================================
R1[GIVE_UP   ]: carry=0 | base=6.28 | wall=0.89 | search=2028 | target=none
R2[SEARCH    ]: carry=0 | base=4.54 | wall=1.99 | search=117 | target=site(3.98,-2.20)
R3[SURVEY    ]: carry=1 | base=2.58 | wall=3.48 | search=  0 | target=none
R4[SITE      ]: carry=0 | base=1.63 | wall=4.55 | search=  0 | target=site(4.01,-2.28)


======================================================================
Step 154500 (82.4 min) | Pickups: 193 | Deposits: 192 | Rate: 2.33 tags/min | phero_entries=3 max_w=0.043
======================================================================
R1[GIVE_UP   ]: carry=0 | base=4.36 | wall=2.45 | search=2028 | target=none
R2[SEARCH    ]: carry=0 | base=3.04 | wall=3.06 | search=617 | target=site(3.98,-2.20)
R3[RTB       ]: carry=1 | base=0.93 | wall=5.10 | search=  0 | target=none
R4[SITE      ]: carry=0 | base=3.55 | wall=2.90 | search=  0 | target=site(4.01,-2.28)

[DEPOSIT] R3 deposited! Total: 193
  [PHERO] Laid at (0.57, -2.51) density=9 prob=0.59 entries=4
  [TARGET] R3 → SITE (0.57, -2.51)
[PICKUP] R4 picked up tag (density=18) | Total: 194

======================================================================
Step 155000 (82.7 min) | Pickups: 194 | Deposits: 193 | Rate: 2.33 tags/min | phero_entries=3 max_w=0.357
======================================================================
R1[GIVE_UP   ]: carry=0 | base=2.44 | wall=4.01 | search=2028 | target=none
R2[SEARCH    ]: carry=0 | base=1.82 | wall=4.23 | search=1117 | target=site(3.98,-2.20)
R3[SITE      ]: carry=0 | base=1.02 | wall=4.99 | search=  0 | target=site(0.57,-2.51)
R4[RTB       ]: carry=1 | base=4.63 | wall=1.96 | search=  0 | target=none


======================================================================
Step 155500 (82.9 min) | Pickups: 194 | Deposits: 193 | Rate: 2.33 tags/min | phero_entries=2 max_w=0.072
======================================================================
R1[GIVE_UP   ]: carry=0 | base=0.52 | wall=5.58 | search=2028 | target=none
R2[SEARCH    ]: carry=0 | base=2.92 | wall=3.83 | search=1617 | target=site(3.98,-2.20)
R3[SEARCH    ]: carry=0 | base=2.54 | wall=3.51 | search=108 | target=site(0.57,-2.51)
R4[RTB       ]: carry=1 | base=2.98 | wall=3.36 | search=  0 | target=none

  [GIVE-UP] R1 returned empty after 2028 searching steps
  [TARGET] R1 → PHERO (0.57, -2.51)
[PICKUP] R3 picked up tag (density=8) | Total: 195
[PICKUP] R2 picked up tag (density=11) | Total: 196

======================================================================
Step 156000 (83.2 min) | Pickups: 196 | Deposits: 193 | Rate: 2.32 tags/min | phero_entries=1 max_w=0.015
======================================================================
R1[PHERO     ]: carry=0 | base=1.44 | wall=4.61 | search=  0 | target=phero(0.57,-2.51)
R2[RTB       ]: carry=1 | base=3.76 | wall=2.79 | search=  0 | target=none
R3[RTB       ]: carry=1 | base=2.27 | wall=3.78 | search=  0 | target=none
R4[RTB       ]: carry=1 | base=1.06 | wall=5.06 | search=  0 | target=none

[DEPOSIT] R4 deposited! Total: 194
  [PHERO] Laid at (4.02, -2.27) density=18 prob=1.00 entries=2
  [TARGET] R4 → SITE (4.02, -2.27)
[PICKUP] R1 picked up tag (density=7) | Total: 197

======================================================================
Step 156500 (83.5 min) | Pickups: 197 | Deposits: 194 | Rate: 2.32 tags/min | phero_entries=2 max_w=0.399
======================================================================
R1[SURVEY    ]: carry=1 | base=2.64 | wall=3.41 | search=  0 | target=none
R2[RTB       ]: carry=1 | base=1.98 | wall=4.33 | search=  0 | target=none
R3[RTB       ]: carry=1 | base=0.40 | wall=5.61 | search=  0 | target=none
R4[SITE      ]: carry=0 | base=0.89 | wall=5.27 | search=  0 | target=site(4.02,-2.27)

[DEPOSIT] R3 deposited! Total: 195
  [PHERO] Laid at (0.45, -2.62) density=8 prob=0.46 entries=3
  [TARGET] R3 → SITE (0.45, -2.62)
[DEPOSIT] R2 deposited! Total: 196
  [PHERO] Laid at (1.93, 3.21) density=11 prob=0.80 entries=3
  [TARGET] R2 → SITE (1.93, 3.21)

======================================================================
Step 157000 (83.7 min) | Pickups: 197 | Deposits: 196 | Rate: 2.34 tags/min | phero_entries=3 max_w=0.858
======================================================================
R1[RTB       ]: carry=1 | base=1.54 | wall=4.50 | search=  0 | target=none
R2[BASE_ESC  ]: carry=0 | base=0.22 | wall=5.83 | search=  0 | target=site(1.93,3.21)
R3[SITE      ]: carry=0 | base=1.55 | wall=4.46 | search=  0 | target=site(0.45,-2.62)
R4[SITE      ]: carry=0 | base=2.80 | wall=3.58 | search=  0 | target=site(4.02,-2.27)

[DEPOSIT] R1 deposited! Total: 197
  [TARGET] R1 → SITE (0.49, -2.59)
[PICKUP] R4 picked up tag (density=17) | Total: 198

======================================================================
Step 157500 (84.0 min) | Pickups: 198 | Deposits: 197 | Rate: 2.35 tags/min | phero_entries=3 max_w=0.173
======================================================================
R1[SITE      ]: carry=0 | base=0.41 | wall=5.63 | search=  0 | target=site(0.49,-2.59)
R2[SITE      ]: carry=0 | base=1.88 | wall=4.42 | search=  0 | target=site(1.93,3.21)
R3[SEARCH    ]: carry=0 | base=2.47 | wall=3.56 | search=225 | target=site(0.45,-2.62)
R4[SURVEY    ]: carry=1 | base=4.62 | wall=1.96 | search=  0 | target=none


======================================================================
Step 158000 (84.3 min) | Pickups: 198 | Deposits: 197 | Rate: 2.34 tags/min | phero_entries=3 max_w=0.035
======================================================================
R1[SITE      ]: carry=0 | base=2.32 | wall=3.73 | search=  0 | target=site(0.49,-2.59)
R2[SEARCH    ]: carry=0 | base=3.73 | wall=2.80 | search= 26 | target=site(1.93,3.21)
R3[SEARCH    ]: carry=0 | base=0.94 | wall=5.07 | search=725 | target=site(0.45,-2.62)
R4[RTB       ]: carry=1 | base=3.70 | wall=2.73 | search=  0 | target=none

[PICKUP] R2 picked up tag (density=10) | Total: 199

======================================================================
Step 158500 (84.5 min) | Pickups: 199 | Deposits: 197 | Rate: 2.33 tags/min | phero_entries=2 max_w=0.007
======================================================================
R1[SEARCH    ]: carry=0 | base=3.10 | wall=2.91 | search=429 | target=site(0.49,-2.59)
R2[RTB       ]: carry=1 | base=3.05 | wall=3.41 | search=  0 | target=none
R3[SEARCH    ]: carry=0 | base=1.36 | wall=4.64 | search=1225 | target=site(0.45,-2.62)
R4[RTB       ]: carry=1 | base=1.78 | wall=4.43 | search=  0 | target=none

[DEPOSIT] R4 deposited! Total: 198
  [PHERO] Laid at (4.04, -2.25) density=17 prob=0.99 entries=2
  [TARGET] R4 → SITE (4.04, -2.25)
[PICKUP] R3 picked up tag (density=20) | Total: 200

======================================================================
Step 159000 (84.8 min) | Pickups: 200 | Deposits: 198 | Rate: 2.33 tags/min | phero_entries=2 max_w=0.722
======================================================================
R1[SEARCH    ]: carry=0 | base=4.80 | wall=1.20 | search=929 | target=site(0.49,-2.59)
R2[RTB       ]: carry=1 | base=1.13 | wall=5.04 | search=  0 | target=none
R3[SURVEY    ]: carry=1 | base=3.05 | wall=2.96 | search=  0 | target=none
R4[BASE_ESC  ]: carry=0 | base=0.23 | wall=5.82 | search=  0 | target=site(4.04,-2.25)

[PICKUP] R1 picked up tag (density=22) | Total: 201
[DEPOSIT] R2 deposited! Total: 199
  [TARGET] R2 → SITE (1.90, 3.22)

======================================================================
Step 159500 (85.1 min) | Pickups: 201 | Deposits: 199 | Rate: 2.34 tags/min | phero_entries=1 max_w=0.146
======================================================================
R1[RTB       ]: carry=1 | base=4.12 | wall=1.88 | search=  0 | target=none
R2[SITE      ]: carry=0 | base=0.83 | wall=5.25 | search=  0 | target=site(1.90,3.22)
R3[RTB       ]: carry=1 | base=2.17 | wall=3.84 | search=  0 | target=none
R4[SITE      ]: carry=0 | base=2.10 | wall=4.20 | search=  0 | target=site(4.04,-2.25)

[DEPOSIT] R3 deposited! Total: 200
  [PHERO] Laid at (3.04, 0.25) density=20 prob=1.00 entries=2
  [TARGET] R3 → SITE (3.04, 0.25)

======================================================================
Step 160000 (85.3 min) | Pickups: 201 | Deposits: 200 | Rate: 2.34 tags/min | phero_entries=2 max_w=0.997
======================================================================
R1[RTB       ]: carry=1 | base=2.20 | wall=3.80 | search=  0 | target=none
R2[SITE      ]: carry=0 | base=2.75 | wall=3.62 | search=  0 | target=site(1.90,3.22)
R3[BASE_ESC  ]: carry=0 | base=0.25 | wall=5.75 | search=  0 | target=site(3.04,0.25)
R4[SITE      ]: carry=0 | base=4.02 | wall=2.50 | search=  0 | target=site(4.04,-2.25)

[PICKUP] R4 picked up tag (density=16) | Total: 202

======================================================================
Step 160500 (85.6 min) | Pickups: 202 | Deposits: 200 | Rate: 2.34 tags/min | phero_entries=2 max_w=0.201
======================================================================
R1[RTB       ]: carry=1 | base=0.28 | wall=5.72 | search=  0 | target=none
R2[SEARCH    ]: carry=0 | base=3.61 | wall=2.93 | search=254 | target=site(1.90,3.22)
R3[SITE      ]: carry=0 | base=1.71 | wall=4.30 | search=  0 | target=site(3.04,0.25)
R4[RTB       ]: carry=1 | base=4.64 | wall=1.93 | search=  0 | target=none

[DEPOSIT] R1 deposited! Total: 201
  [PHERO] Laid at (-0.07, -4.93) density=22 prob=1.00 entries=3
  [TARGET] R1 → SITE (-0.07, -4.93)

======================================================================
Step 161000 (85.9 min) | Pickups: 202 | Deposits: 201 | Rate: 2.34 tags/min | phero_entries=3 max_w=0.206
======================================================================
R1[SITE      ]: carry=0 | base=1.67 | wall=4.33 | search=  0 | target=site(-0.07,-4.93)
R2[SEARCH    ]: carry=0 | base=5.19 | wall=2.13 | search=754 | target=site(1.90,3.22)
R3[SEARCH    ]: carry=0 | base=2.96 | wall=3.06 | search=165 | target=site(3.04,0.25)
R4[RTB       ]: carry=1 | base=2.75 | wall=3.58 | search=  0 | target=none


======================================================================
Step 161500 (86.1 min) | Pickups: 202 | Deposits: 201 | Rate: 2.33 tags/min | phero_entries=2 max_w=0.042
======================================================================
R1[SITE      ]: carry=0 | base=3.59 | wall=2.41 | search=  0 | target=site(-0.07,-4.93)
R2[SEARCH    ]: carry=0 | base=6.37 | wall=0.65 | search=1254 | target=site(1.90,3.22)
R3[SEARCH    ]: carry=0 | base=3.71 | wall=2.46 | search=665 | target=site(3.04,0.25)
R4[RTB       ]: carry=1 | base=0.83 | wall=5.27 | search=  0 | target=none

[DEPOSIT] R4 deposited! Total: 202
  [PHERO] Laid at (4.06, -2.30) density=16 prob=0.99 entries=3
  [TARGET] R4 → SITE (4.06, -2.30)

======================================================================
Step 162000 (86.4 min) | Pickups: 202 | Deposits: 202 | Rate: 2.34 tags/min | phero_entries=3 max_w=0.327
======================================================================
R1[SEARCH    ]: carry=0 | base=4.85 | wall=1.15 | search=165 | target=site(-0.07,-4.93)
R2[SEARCH    ]: carry=0 | base=6.64 | wall=0.37 | search=1754 | target=site(1.90,3.22)
R3[SEARCH    ]: carry=0 | base=5.38 | wall=1.05 | search=1165 | target=site(3.04,0.25)
R4[SITE      ]: carry=0 | base=1.13 | wall=4.98 | search=  0 | target=site(4.06,-2.30)


======================================================================
Step 162500 (86.7 min) | Pickups: 202 | Deposits: 202 | Rate: 2.33 tags/min | phero_entries=2 max_w=0.066
======================================================================
R1[SEARCH    ]: carry=0 | base=3.84 | wall=2.26 | search=665 | target=site(-0.07,-4.93)
R2[SEARCH    ]: carry=0 | base=6.60 | wall=0.35 | search=2254 | target=site(1.90,3.22)
R3[SEARCH    ]: carry=0 | base=6.41 | wall=0.57 | search=1665 | target=site(3.04,0.25)
R4[SITE      ]: carry=0 | base=3.05 | wall=3.33 | search=  0 | target=site(4.06,-2.30)


======================================================================
Step 163000 (86.9 min) | Pickups: 202 | Deposits: 202 | Rate: 2.32 tags/min | phero_entries=1 max_w=0.013
======================================================================
R1[GIVE_UP   ]: carry=0 | base=2.65 | wall=3.37 | search=1092 | target=none
R2[GIVE_UP   ]: carry=0 | base=5.88 | wall=1.08 | search=2496 | target=none
R3[SEARCH    ]: carry=0 | base=5.26 | wall=1.48 | search=2165 | target=site(3.04,0.25)
R4[SEARCH    ]: carry=0 | base=4.64 | wall=1.99 | search= 93 | target=site(4.06,-2.30)

[PICKUP] R3 picked up tag (density=15) | Total: 203

======================================================================
Step 163500 (87.2 min) | Pickups: 203 | Deposits: 202 | Rate: 2.32 tags/min | phero_entries=1 max_w=0.003
======================================================================
R1[GIVE_UP   ]: carry=0 | base=0.74 | wall=5.27 | search=1092 | target=none
R2[GIVE_UP   ]: carry=0 | base=3.96 | wall=2.68 | search=2496 | target=none
R3[RTB       ]: carry=1 | base=4.59 | wall=1.95 | search=  0 | target=none
R4[SEARCH    ]: carry=0 | base=5.09 | wall=2.23 | search=593 | target=site(4.06,-2.30)

  [GIVE-UP] R1 returned empty after 1092 searching steps
  [TARGET] R1 → PHERO (4.06, -2.30)

======================================================================
Step 164000 (87.5 min) | Pickups: 203 | Deposits: 202 | Rate: 2.31 tags/min | phero_entries=0 max_w=0.000
======================================================================
R1[PHERO     ]: carry=0 | base=1.20 | wall=5.03 | search=  0 | target=phero(4.06,-2.30)
R2[GIVE_UP   ]: carry=0 | base=2.04 | wall=4.29 | search=2496 | target=none
R3[RTB       ]: carry=1 | base=2.67 | wall=3.64 | search=  0 | target=none
R4[GIVE_UP   ]: carry=0 | base=4.63 | wall=2.50 | search=780 | target=none

  [GIVE-UP] R2 returned empty after 2496 searching steps
  [TARGET] R2 → WALL (-5.92, 3.90)

======================================================================
Step 164500 (87.7 min) | Pickups: 203 | Deposits: 202 | Rate: 2.30 tags/min | phero_entries=0 max_w=0.000
======================================================================
R1[PHERO     ]: carry=0 | base=3.11 | wall=3.33 | search=  0 | target=phero(4.06,-2.30)
R2[BASE_ESC  ]: carry=0 | base=0.22 | wall=5.81 | search=  0 | target=none
R3[RTB       ]: carry=1 | base=0.75 | wall=5.34 | search=  0 | target=none
R4[GIVE_UP   ]: carry=0 | base=2.71 | wall=3.95 | search=780 | target=none

[DEPOSIT] R3 deposited! Total: 203
  [PHERO] Laid at (4.44, -2.49) density=15 prob=0.98 entries=1
  [TARGET] R3 → SITE (4.44, -2.49)

======================================================================
Step 165000 (88.0 min) | Pickups: 203 | Deposits: 203 | Rate: 2.31 tags/min | phero_entries=1 max_w=0.306
======================================================================
R1[SEARCH    ]: carry=0 | base=4.70 | wall=1.94 | search=108 | target=phero(4.06,-2.30)
R2[SEARCH    ]: carry=0 | base=1.52 | wall=4.65 | search=269 | target=none
R3[SITE      ]: carry=0 | base=1.21 | wall=4.99 | search=  0 | target=site(4.44,-2.49)
R4[GIVE_UP   ]: carry=0 | base=0.79 | wall=5.40 | search=780 | target=none

[PICKUP] R1 picked up tag (density=14) | Total: 204
  [GIVE-UP] R4 returned empty after 780 searching steps
  [TARGET] R4 → PHERO (4.44, -2.49)

======================================================================
Step 165500 (88.3 min) | Pickups: 204 | Deposits: 203 | Rate: 2.30 tags/min | phero_entries=1 max_w=0.062
======================================================================
R1[RTB       ]: carry=1 | base=3.95 | wall=2.55 | search=  0 | target=none
R2[SEARCH    ]: carry=0 | base=3.08 | wall=2.94 | search=769 | target=none
R3[SITE      ]: carry=0 | base=3.12 | wall=3.29 | search=  0 | target=site(4.44,-2.49)
R4[PHERO     ]: carry=0 | base=1.19 | wall=4.96 | search=  0 | target=phero(4.44,-2.49)

[PICKUP] R3 picked up tag (density=13) | Total: 205

======================================================================
Step 166000 (88.5 min) | Pickups: 205 | Deposits: 203 | Rate: 2.29 tags/min | phero_entries=1 max_w=0.012
======================================================================
R1[RTB       ]: carry=1 | base=2.17 | wall=4.09 | search=  0 | target=none
R2[SEARCH    ]: carry=0 | base=4.64 | wall=1.36 | search=1269 | target=none
R3[SURVEY    ]: carry=1 | base=4.70 | wall=1.90 | search=  0 | target=none
R4[PHERO     ]: carry=0 | base=3.00 | wall=3.38 | search=  0 | target=phero(4.44,-2.49)

[PICKUP] R4 picked up tag (density=12) | Total: 206
[DEPOSIT] R1 deposited! Total: 204
  [PHERO] Laid at (4.09, -2.38) density=14 prob=0.96 entries=2
  [TARGET] R1 → SITE (4.09, -2.38)

======================================================================
Step 166500 (88.8 min) | Pickups: 206 | Deposits: 204 | Rate: 2.30 tags/min | phero_entries=2 max_w=1.000
======================================================================
R1[BASE_ESC  ]: carry=0 | base=0.25 | wall=5.78 | search=  0 | target=site(4.09,-2.38)
R2[SEARCH    ]: carry=0 | base=4.53 | wall=1.72 | search=1769 | target=none
R3[RTB       ]: carry=1 | base=3.57 | wall=2.85 | search=  0 | target=none
R4[SURVEY    ]: carry=1 | base=4.70 | wall=1.90 | search=  0 | target=none

[PICKUP] R2 picked up tag (density=9) | Total: 207

======================================================================
Step 167000 (89.1 min) | Pickups: 207 | Deposits: 204 | Rate: 2.29 tags/min | phero_entries=1 max_w=0.202
======================================================================
R1[SITE      ]: carry=0 | base=1.71 | wall=4.56 | search=  0 | target=site(4.09,-2.38)
R2[RTB       ]: carry=1 | base=3.75 | wall=2.61 | search=  0 | target=none
R3[RTB       ]: carry=1 | base=1.65 | wall=4.54 | search=  0 | target=none
R4[RTB       ]: carry=1 | base=3.65 | wall=2.77 | search=  0 | target=none

[DEPOSIT] R3 deposited! Total: 205
  [PHERO] Laid at (4.09, -2.31) density=13 prob=0.93 entries=2
  [TARGET] R3 → SITE (4.09, -2.31)

======================================================================
Step 167500 (89.3 min) | Pickups: 207 | Deposits: 205 | Rate: 2.29 tags/min | phero_entries=2 max_w=0.651
======================================================================
R1[SITE      ]: carry=0 | base=3.63 | wall=2.88 | search=  0 | target=site(4.09,-2.38)
R2[RTB       ]: carry=1 | base=1.83 | wall=4.35 | search=  0 | target=none
R3[SITE      ]: carry=0 | base=0.32 | wall=5.68 | search=  0 | target=site(4.09,-2.31)
R4[RTB       ]: carry=1 | base=1.73 | wall=4.47 | search=  0 | target=none

[PICKUP] R1 picked up tag (density=11) | Total: 208
[DEPOSIT] R4 deposited! Total: 206
  [TARGET] R4 → SITE (4.09, -2.29)
[DEPOSIT] R2 deposited! Total: 207
  [TARGET] R2 → SITE (1.63, 3.65)

======================================================================
Step 168000 (89.6 min) | Pickups: 208 | Deposits: 207 | Rate: 2.31 tags/min | phero_entries=2 max_w=0.131
======================================================================
R1[SURVEY    ]: carry=1 | base=4.71 | wall=1.87 | search=  0 | target=none
R2[BASE_ESC  ]: carry=0 | base=0.22 | wall=5.78 | search=  0 | target=site(1.63,3.65)
R3[SITE      ]: carry=0 | base=2.20 | wall=4.05 | search=  0 | target=site(4.09,-2.31)
R4[BASE_ESC  ]: carry=0 | base=0.24 | wall=5.76 | search=  0 | target=site(4.09,-2.29)


======================================================================
Step 168500 (89.9 min) | Pickups: 208 | Deposits: 207 | Rate: 2.30 tags/min | phero_entries=2 max_w=0.027
======================================================================
R1[RTB       ]: carry=1 | base=3.49 | wall=2.90 | search=  0 | target=none
R2[SITE      ]: carry=0 | base=2.05 | wall=4.11 | search=  0 | target=site(1.63,3.65)
R3[SITE      ]: carry=0 | base=4.12 | wall=2.40 | search=  0 | target=site(4.09,-2.31)
R4[SITE      ]: carry=0 | base=2.11 | wall=4.13 | search=  0 | target=site(4.09,-2.29)

[PICKUP] R3 picked up tag (density=10) | Total: 209
[PICKUP] R2 picked up tag (density=8) | Total: 210

======================================================================
Step 169000 (90.1 min) | Pickups: 210 | Deposits: 207 | Rate: 2.30 tags/min | phero_entries=1 max_w=0.005
======================================================================
R1[RTB       ]: carry=1 | base=1.60 | wall=4.57 | search=  0 | target=none
R2[SURVEY    ]: carry=1 | base=3.74 | wall=2.58 | search=  0 | target=none
R3[RTB       ]: carry=1 | base=4.68 | wall=1.87 | search=  0 | target=none
R4[SITE      ]: carry=0 | base=4.00 | wall=2.51 | search=  0 | target=site(4.09,-2.29)

[PICKUP] R4 picked up tag (density=9) | Total: 211
[DEPOSIT] R1 deposited! Total: 208
  [PHERO] Laid at (4.13, -2.28) density=11 prob=0.80 entries=2
  [TARGET] R1 → SITE (4.13, -2.28)

======================================================================
Step 169500 (90.4 min) | Pickups: 211 | Deposits: 208 | Rate: 2.30 tags/min | phero_entries=2 max_w=0.625
======================================================================
R1[SITE      ]: carry=0 | base=0.37 | wall=5.64 | search=  0 | target=site(4.13,-2.28)
R2[RTB       ]: carry=1 | base=2.53 | wall=3.71 | search=  0 | target=none
R3[RTB       ]: carry=1 | base=2.89 | wall=3.43 | search=  0 | target=none
R4[RTB       ]: carry=1 | base=4.74 | wall=1.81 | search=  0 | target=none


======================================================================
Step 170000 (90.7 min) | Pickups: 211 | Deposits: 208 | Rate: 2.29 tags/min | phero_entries=1 max_w=0.126
======================================================================
R1[SITE      ]: carry=0 | base=2.23 | wall=4.01 | search=  0 | target=site(4.13,-2.28)
R2[RTB       ]: carry=1 | base=0.61 | wall=5.45 | search=  0 | target=none
R3[RTB       ]: carry=1 | base=1.00 | wall=5.12 | search=  0 | target=none
R4[RTB       ]: carry=1 | base=3.03 | wall=3.29 | search=  0 | target=none

[DEPOSIT] R2 deposited! Total: 209
  [TARGET] R2 → SITE (1.52, 3.41)
[DEPOSIT] R3 deposited! Total: 210
  [PHERO] Laid at (4.10, -2.24) density=10 prob=0.71 entries=2
  [TARGET] R3 → SITE (4.10, -2.24)

======================================================================
Step 170500 (90.9 min) | Pickups: 211 | Deposits: 210 | Rate: 2.31 tags/min | phero_entries=2 max_w=0.378
======================================================================
R1[SITE      ]: carry=0 | base=4.11 | wall=2.39 | search=  0 | target=site(4.13,-2.28)
R2[SITE      ]: carry=0 | base=1.31 | wall=4.84 | search=  0 | target=site(1.52,3.41)
R3[SITE      ]: carry=0 | base=0.95 | wall=5.12 | search=  0 | target=site(4.10,-2.24)
R4[RTB       ]: carry=1 | base=1.15 | wall=4.97 | search=  0 | target=none

[DEPOSIT] R4 deposited! Total: 211
  [PHERO] Laid at (4.17, -2.24) density=9 prob=0.59 entries=3
  [TARGET] R4 → SITE (4.17, -2.24)
[PICKUP] R1 picked up tag (density=8) | Total: 212

======================================================================
Step 171000 (91.2 min) | Pickups: 212 | Deposits: 211 | Rate: 2.31 tags/min | phero_entries=3 max_w=0.438
======================================================================
R1[RTB       ]: carry=1 | base=4.79 | wall=1.81 | search=  0 | target=none
R2[SITE      ]: carry=0 | base=3.23 | wall=3.06 | search=  0 | target=site(1.52,3.41)
R3[SITE      ]: carry=0 | base=2.85 | wall=3.48 | search=  0 | target=site(4.10,-2.24)
R4[SITE      ]: carry=0 | base=0.78 | wall=5.36 | search=  0 | target=site(4.17,-2.24)


======================================================================
Step 171500 (91.5 min) | Pickups: 212 | Deposits: 211 | Rate: 2.31 tags/min | phero_entries=3 max_w=0.088
======================================================================
R1[RTB       ]: carry=1 | base=3.06 | wall=3.29 | search=  0 | target=none
R2[SEARCH    ]: carry=0 | base=2.98 | wall=3.39 | search=381 | target=site(1.52,3.41)
R3[SEARCH    ]: carry=0 | base=4.64 | wall=1.92 | search= 15 | target=site(4.10,-2.24)
R4[SITE      ]: carry=0 | base=2.69 | wall=3.65 | search=  0 | target=site(4.17,-2.24)

[PICKUP] R3 picked up tag (density=7) | Total: 213

======================================================================
Step 172000 (91.7 min) | Pickups: 213 | Deposits: 211 | Rate: 2.30 tags/min | phero_entries=2 max_w=0.018
======================================================================
R1[RTB       ]: carry=1 | base=1.17 | wall=4.96 | search=  0 | target=none
R2[GIVE_UP   ]: carry=0 | base=1.25 | wall=4.84 | search=624 | target=none
R3[RTB       ]: carry=1 | base=4.00 | wall=2.43 | search=  0 | target=none
R4[SITE      ]: carry=0 | base=4.61 | wall=1.94 | search=  0 | target=site(4.17,-2.24)

[PICKUP] R4 picked up tag (density=6) | Total: 214
[DEPOSIT] R1 deposited! Total: 212
  [PHERO] Laid at (4.17, -2.34) density=8 prob=0.46 entries=3
  [TARGET] R1 → SITE (4.17, -2.34)
  [GIVE-UP] R2 returned empty after 624 searching steps
  [TARGET] R2 → PHERO (4.17, -2.34)

======================================================================
Step 172500 (92.0 min) | Pickups: 214 | Deposits: 212 | Rate: 2.30 tags/min | phero_entries=2 max_w=0.437
======================================================================
R1[SITE      ]: carry=0 | base=0.78 | wall=5.27 | search=  0 | target=site(4.17,-2.34)
R2[PHERO     ]: carry=0 | base=0.52 | wall=5.48 | search=  0 | target=phero(4.17,-2.34)
R3[RTB       ]: carry=1 | base=2.08 | wall=4.14 | search=  0 | target=none
R4[RTB       ]: carry=1 | base=4.22 | wall=2.24 | search=  0 | target=none


======================================================================
Step 173000 (92.3 min) | Pickups: 214 | Deposits: 212 | Rate: 2.30 tags/min | phero_entries=1 max_w=0.088
======================================================================
R1[SITE      ]: carry=0 | base=2.31 | wall=3.98 | search=  0 | target=site(4.17,-2.34)
R2[PHERO     ]: carry=0 | base=2.35 | wall=3.87 | search=  0 | target=phero(4.17,-2.34)
R3[RTB       ]: carry=1 | base=0.50 | wall=5.55 | search=  0 | target=none
R4[RTB       ]: carry=1 | base=2.31 | wall=3.94 | search=  0 | target=none

[DEPOSIT] R3 deposited! Total: 213
  [TARGET] R3 → SITE (4.12, -2.19)

======================================================================
Step 173500 (92.5 min) | Pickups: 214 | Deposits: 213 | Rate: 2.30 tags/min | phero_entries=1 max_w=0.018
======================================================================
R1[SITE      ]: carry=0 | base=4.20 | wall=2.34 | search=  0 | target=site(4.17,-2.34)
R2[PHERO     ]: carry=0 | base=4.26 | wall=2.27 | search=  0 | target=phero(4.17,-2.34)
R3[SITE      ]: carry=0 | base=1.44 | wall=4.76 | search=  0 | target=site(4.12,-2.19)
R4[RTB       ]: carry=1 | base=0.40 | wall=5.65 | search=  0 | target=none

[DEPOSIT] R4 deposited! Total: 214
  [TARGET] R4 → SITE (4.20, -2.26)
[PICKUP] R1 picked up tag (density=5) | Total: 215

======================================================================
Step 174000 (92.8 min) | Pickups: 215 | Deposits: 214 | Rate: 2.31 tags/min | phero_entries=1 max_w=0.004
======================================================================
R1[SURVEY    ]: carry=1 | base=4.93 | wall=1.71 | search=  0 | target=none
R2[SEARCH    ]: carry=0 | base=5.01 | wall=1.66 | search=377 | target=phero(4.17,-2.34)
R3[SITE      ]: carry=0 | base=3.36 | wall=3.05 | search=  0 | target=site(4.12,-2.19)
R4[SITE      ]: carry=0 | base=1.56 | wall=4.67 | search=  0 | target=site(4.20,-2.26)


======================================================================
Step 174500 (93.1 min) | Pickups: 215 | Deposits: 214 | Rate: 2.30 tags/min | phero_entries=0 max_w=0.000
======================================================================
R1[RTB       ]: carry=1 | base=3.74 | wall=2.69 | search=  0 | target=none
R2[GIVE_UP   ]: carry=0 | base=5.11 | wall=1.36 | search=624 | target=none
R3[SEARCH    ]: carry=0 | base=4.62 | wall=1.89 | search=111 | target=site(4.12,-2.19)
R4[SITE      ]: carry=0 | base=3.47 | wall=2.96 | search=  0 | target=site(4.20,-2.26)

[PICKUP] R2 picked up tag (density=4) | Total: 216

======================================================================
Step 175000 (93.3 min) | Pickups: 216 | Deposits: 214 | Rate: 2.29 tags/min | phero_entries=0 max_w=0.000
======================================================================
R1[RTB       ]: carry=1 | base=1.84 | wall=4.37 | search=  0 | target=none
R2[RTB       ]: carry=1 | base=4.51 | wall=1.86 | search=  0 | target=none
R3[SEARCH    ]: carry=0 | base=5.34 | wall=1.94 | search=611 | target=site(4.12,-2.19)
R4[SEARCH    ]: carry=0 | base=4.64 | wall=1.94 | search=172 | target=site(4.20,-2.26)

[DEPOSIT] R1 deposited! Total: 215
  [TARGET] R1 → SITE (4.29, -2.43)

======================================================================
Step 175500 (93.6 min) | Pickups: 216 | Deposits: 215 | Rate: 2.30 tags/min | phero_entries=0 max_w=0.000
======================================================================
R1[BASE_ESC  ]: carry=0 | base=0.22 | wall=5.79 | search=  0 | target=site(4.29,-2.43)
R2[RTB       ]: carry=1 | base=2.59 | wall=3.62 | search=  0 | target=none
R3[SEARCH    ]: carry=0 | base=6.78 | wall=0.81 | search=1111 | target=site(4.12,-2.19)
R4[GIVE_UP   ]: carry=0 | base=4.75 | wall=2.11 | search=468 | target=none


======================================================================
Step 176000 (93.9 min) | Pickups: 216 | Deposits: 215 | Rate: 2.29 tags/min | phero_entries=0 max_w=0.000
======================================================================
R1[SITE      ]: carry=0 | base=1.98 | wall=4.25 | search=  0 | target=site(4.29,-2.43)
R2[RTB       ]: carry=1 | base=0.70 | wall=5.36 | search=  0 | target=none
R3[GIVE_UP   ]: carry=0 | base=7.35 | wall=0.51 | search=1560 | target=none
R4[GIVE_UP   ]: carry=0 | base=2.83 | wall=3.69 | search=468 | target=none

[DEPOSIT] R2 deposited! Total: 216
  [TARGET] R2 → SITE (4.54, -2.08)

======================================================================
Step 176500 (94.1 min) | Pickups: 216 | Deposits: 216 | Rate: 2.29 tags/min | phero_entries=0 max_w=0.000
======================================================================
R1[SITE      ]: carry=0 | base=3.90 | wall=2.60 | search=  0 | target=site(4.29,-2.43)
R2[SITE      ]: carry=0 | base=1.26 | wall=4.89 | search=  0 | target=site(4.54,-2.08)
R3[GIVE_UP   ]: carry=0 | base=5.43 | wall=1.95 | search=1560 | target=none
R4[GIVE_UP   ]: carry=0 | base=0.91 | wall=5.26 | search=468 | target=none

  [GIVE-UP] R4 returned empty after 468 searching steps
  [TARGET] R4 → WALL (3.08, 5.92)
[PICKUP] R1 picked up tag (density=3) | Total: 217

======================================================================
Step 177000 (94.4 min) | Pickups: 217 | Deposits: 216 | Rate: 2.29 tags/min | phero_entries=0 max_w=0.000
======================================================================
R1[SURVEY    ]: carry=1 | base=5.04 | wall=1.56 | search=  0 | target=none
R2[SITE      ]: carry=0 | base=3.18 | wall=3.13 | search=  0 | target=site(4.54,-2.08)
R3[GIVE_UP   ]: carry=0 | base=3.51 | wall=3.38 | search=1560 | target=none
R4[DEPART    ]: carry=0 | base=0.82 | wall=5.39 | search=  0 | target=none

[PICKUP] R2 picked up tag (density=2) | Total: 218

======================================================================
Step 177500 (94.7 min) | Pickups: 218 | Deposits: 216 | Rate: 2.28 tags/min | phero_entries=0 max_w=0.000
======================================================================
R1[RTB       ]: carry=1 | base=3.78 | wall=2.64 | search=  0 | target=none
R2[SURVEY    ]: carry=1 | base=4.69 | wall=1.74 | search=  0 | target=none
R3[GIVE_UP   ]: carry=0 | base=1.59 | wall=4.81 | search=1560 | target=none
R4[SEARCH    ]: carry=0 | base=2.26 | wall=3.88 | search=409 | target=none

[PICKUP] R4 picked up tag (density=19) | Total: 219
  [GIVE-UP] R3 returned empty after 1560 searching steps
  [TARGET] R3 → WALL (5.92, 5.05)

======================================================================
Step 178000 (94.9 min) | Pickups: 219 | Deposits: 216 | Rate: 2.28 tags/min | phero_entries=0 max_w=0.000
======================================================================
R1[RTB       ]: carry=1 | base=1.86 | wall=4.35 | search=  0 | target=none
R2[RTB       ]: carry=1 | base=3.46 | wall=2.82 | search=  0 | target=none
R3[DEPART    ]: carry=0 | base=0.33 | wall=5.70 | search=  0 | target=none
R4[SURVEY    ]: carry=1 | base=3.24 | wall=2.78 | search=  0 | target=none

BATCH_RESULT pickups=219 deposits=216
