============================================================
EVALUATION MODE — CPFA-RL Trained Model
Arena: 9×9m  |  Obs space: 18 per robot × 4 robots = 72 total
============================================================

Loading model: ppo_cpfa_v9
Model loaded. Starting evaluation...

============================================================

[PICKUP] Robot 3 picked up tag (density=12) | Total: 1

======================================================================
Step 500 (0.3 min) | Pickups: 1 | Deposits: 0 | Rate: 0.00 tags/min | phero_entries=0 phero_max=0.000
======================================================================
R1[EXPLORE   ]: L=+1.00 R=+1.00 | carry=0 | base=0.42 ba=+0.98 | site=0 sd=0.00 sa=+0.00 | phero=0 pd=0.00 pa=+0.00 | srch=0.12 | wall=3.22
R2[EXPLORE   ]: L=+1.00 R=+1.00 | carry=0 | base=0.69 ba=-1.00 | site=0 sd=0.00 sa=+0.00 | phero=0 pd=0.00 pa=+0.00 | srch=0.12 | wall=2.08
R3[RTB       ]: L=+1.00 R=+1.00 | carry=1 | base=0.17 ba=-0.00 | site=0 sd=0.00 sa=+0.00 | phero=0 pd=0.00 pa=+0.00 | srch=0.00 | wall=3.96
R4[EXPLORE   ]: L=+1.00 R=+0.52 | carry=0 | base=0.30 ba=-0.12 | site=0 sd=0.00 sa=+0.00 | phero=0 pd=0.00 pa=+0.00 | srch=0.12 | wall=3.45

[DEPOSIT] Robot 3 deposited! Total: 1
  [PHERO] Laid at (0.98, 0.52) density=12 prob=1.00 total_entries=1
  [TARGET] Robot 3 → SITE (0.98,0.52)
[PICKUP] Robot 1 picked up tag (density=12) | Total: 2
[PICKUP] Robot 2 picked up tag (density=16) | Total: 3
[PICKUP] Robot 4 picked up tag (density=12) | Total: 4

======================================================================
Step 1000 (0.5 min) | Pickups: 4 | Deposits: 1 | Rate: 1.88 tags/min | phero_entries=1 phero_max=0.516
======================================================================
R1[RTB       ]: L=+1.00 R=+1.00 | carry=1 | base=0.29 ba=+0.00 | site=0 sd=0.00 sa=+0.00 | phero=0 pd=0.00 pa=+0.00 | srch=0.00 | wall=3.66
R2[RTB       ]: L=+1.00 R=+1.00 | carry=1 | base=0.57 ba=-0.00 | site=0 sd=0.00 sa=+0.00 | phero=0 pd=0.00 pa=+0.00 | srch=0.00 | wall=2.50
R3[SITE      ]: L=+0.02 R=-0.01 | carry=0 | base=0.27 ba=-0.97 | site=1 sd=0.05 sa=-0.08 | phero=0 pd=0.00 pa=+0.00 | srch=0.10 | wall=3.68
R4[RTB       ]: L=+1.00 R=+0.99 | carry=1 | base=0.24 ba=-0.00 | site=0 sd=0.00 sa=+0.00 | phero=0 pd=0.00 pa=+0.00 | srch=0.00 | wall=3.65

[DEPOSIT] Robot 4 deposited! Total: 2
  [PHERO] Laid at (0.09, -1.18) density=12 prob=1.00 total_entries=2
  [TARGET] Robot 4 → SITE (0.09,-1.18)
[DEPOSIT] Robot 1 deposited! Total: 3
  [PHERO] Laid at (-1.70, -1.00) density=12 prob=1.00 total_entries=3
  [TARGET] Robot 1 → SITE (-1.70,-1.00)
[PICKUP] Robot 3 picked up tag (density=11) | Total: 5
[DEPOSIT] Robot 2 deposited! Total: 4
  [PHERO] Laid at (2.93, 0.00) density=16 prob=1.00 total_entries=4
  [TARGET] Robot 2 → SITE (2.93,0.00)

======================================================================
Step 1500 (0.8 min) | Pickups: 5 | Deposits: 4 | Rate: 5.00 tags/min | phero_entries=4 phero_max=0.935
======================================================================
R1[SITE      ]: L=+1.00 R=+0.91 | carry=0 | base=0.27 ba=-0.88 | site=1 sd=0.36 sa=-0.17 | phero=0 pd=0.00 pa=+0.00 | srch=0.08 | wall=3.67
R2[BASE_ESC  ]: L=+0.00 R=+1.00 | carry=0 | base=0.06 ba=-0.39 | site=1 sd=0.78 sa=+0.64 | phero=0 pd=0.00 pa=+0.00 | srch=0.01 | wall=4.28
R3[RTB       ]: L=+1.00 R=+0.93 | carry=1 | base=0.29 ba=-0.03 | site=0 sd=0.00 sa=+0.00 | phero=0 pd=0.00 pa=+0.00 | srch=0.00 | wall=3.55
R4[SITE      ]: L=+0.85 R=+1.00 | carry=0 | base=0.31 ba=+0.79 | site=1 sd=0.17 sa=+0.32 | phero=0 pd=0.00 pa=+0.00 | srch=0.09 | wall=3.52

[PICKUP] Robot 4 picked up tag (density=11) | Total: 6
[DEPOSIT] Robot 3 deposited! Total: 5
  [PHERO] Laid at (1.05, 0.53) density=11 prob=1.00 total_entries=5
  [TARGET] Robot 3 → SITE (1.05,0.53)
[PICKUP] Robot 1 picked up tag (density=11) | Total: 7
[DEPOSIT] Robot 4 deposited! Total: 6
  [PHERO] Laid at (-0.29, -1.24) density=11 prob=1.00 total_entries=6
  [TARGET] Robot 4 → SITE (-0.29,-1.24)

======================================================================
Step 2000 (1.1 min) | Pickups: 7 | Deposits: 6 | Rate: 5.62 tags/min | phero_entries=6 phero_max=0.888
======================================================================
R1[RTB       ]: L=+1.00 R=+1.00 | carry=1 | base=0.30 ba=-0.00 | site=0 sd=0.00 sa=+0.00 | phero=0 pd=0.00 pa=+0.00 | srch=0.00 | wall=3.62
R2[SITE      ]: L=+1.00 R=+1.00 | carry=0 | base=0.53 ba=+0.95 | site=1 sd=0.33 sa=+0.09 | phero=0 pd=0.00 pa=+0.00 | srch=0.14 | wall=2.68
R3[SITE      ]: L=+1.00 R=+0.98 | carry=0 | base=0.23 ba=+0.99 | site=1 sd=0.11 sa=-0.07 | phero=0 pd=0.00 pa=+0.00 | srch=0.07 | wall=3.80
R4[BASE_ESC  ]: L=+1.00 R=+0.00 | carry=0 | base=0.06 ba=+0.60 | site=1 sd=0.30 sa=-0.48 | phero=0 pd=0.00 pa=+0.00 | srch=0.02 | wall=4.28

[PICKUP] Robot 3 picked up tag (density=10) | Total: 8
[DEPOSIT] Robot 1 deposited! Total: 7
  [PHERO] Laid at (-1.34, -1.07) density=11 prob=1.00 total_entries=7
  [TARGET] Robot 1 → SITE (-1.34,-1.07)
[PICKUP] Robot 2 picked up tag (density=15) | Total: 9

======================================================================
Step 2500 (1.3 min) | Pickups: 9 | Deposits: 7 | Rate: 5.25 tags/min | phero_entries=7 phero_max=0.632
======================================================================
R1[SITE      ]: L=+0.98 R=+1.00 | carry=0 | base=0.26 ba=-1.00 | site=1 sd=0.26 sa=+0.23 | phero=0 pd=0.00 pa=+0.00 | srch=0.07 | wall=3.62
R2[RTB       ]: L=+1.00 R=+1.00 | carry=1 | base=0.71 ba=+0.00 | site=0 sd=0.00 sa=+0.00 | phero=0 pd=0.00 pa=+0.00 | srch=0.00 | wall=2.01
R3[RTB       ]: L=+1.00 R=+1.00 | carry=1 | base=0.09 ba=-0.00 | site=0 sd=0.00 sa=+0.00 | phero=0 pd=0.00 pa=+0.00 | srch=0.00 | wall=4.21
R4[EXPLORE   ]: L=+1.00 R=+1.00 | carry=0 | base=0.50 ba=+0.97 | site=0 sd=0.00 sa=+0.00 | phero=0 pd=0.00 pa=+0.00 | srch=0.14 | wall=2.81

[DEPOSIT] Robot 3 deposited! Total: 8
  [PHERO] Laid at (1.06, 0.53) density=10 prob=1.00 total_entries=8
  [TARGET] Robot 3 → SITE (1.06,0.53)
[GIVE-UP] R4 giving up after 607 steps
[PICKUP] Robot 3 picked up tag (density=9) | Total: 10
[PICKUP] Robot 1 picked up tag (density=10) | Total: 11

======================================================================
Step 3000 (1.6 min) | Pickups: 11 | Deposits: 8 | Rate: 5.00 tags/min | phero_entries=8 phero_max=0.460
======================================================================
R1[RTB       ]: L=+0.39 R=+1.00 | carry=1 | base=0.65 ba=+0.23 | site=0 sd=0.00 sa=+0.00 | phero=0 pd=0.00 pa=+0.00 | srch=0.00 | wall=2.69
R2[RTB       ]: L=+1.00 R=+1.00 | carry=1 | base=0.16 ba=+0.00 | site=0 sd=0.00 sa=+0.00 | phero=0 pd=0.00 pa=+0.00 | srch=0.00 | wall=3.93
R3[RTB       ]: L=+1.00 R=+0.00 | carry=1 | base=0.36 ba=-0.71 | site=0 sd=0.00 sa=+0.00 | phero=0 pd=0.00 pa=+0.00 | srch=0.00 | wall=3.38
R4[GIVE_UP   ]: L=+1.00 R=+1.00 | carry=0 | base=0.12 ba=-0.00 | site=0 sd=0.00 sa=+0.00 | phero=0 pd=0.00 pa=+0.00 | srch=0.27 | wall=4.11

[EMPTY_RTN] R4 → phero(1.05,0.53)
[DEPOSIT] Robot 2 deposited! Total: 9
  [PHERO] Laid at (2.93, -0.16) density=15 prob=1.00 total_entries=9
  [TARGET] Robot 2 → SITE (2.93,-0.16)
[DEPOSIT] Robot 3 deposited! Total: 10
  [PHERO] Laid at (1.10, 0.55) density=9 prob=1.00 total_entries=10
  [TARGET] Robot 3 → SITE (1.10,0.55)

======================================================================
Step 3500 (1.9 min) | Pickups: 11 | Deposits: 10 | Rate: 5.36 tags/min | phero_entries=10 phero_max=0.801
======================================================================
R1[RTB       ]: L=+1.00 R=+1.00 | carry=1 | base=0.12 ba=+0.00 | site=0 sd=0.00 sa=+0.00 | phero=0 pd=0.00 pa=+0.00 | srch=0.00 | wall=4.17
R2[SITE      ]: L=+0.98 R=+1.00 | carry=0 | base=0.36 ba=-0.87 | site=1 sd=0.54 sa=-0.10 | phero=0 pd=0.00 pa=+0.00 | srch=0.10 | wall=3.34
R3[SITE      ]: L=+1.00 R=+1.00 | carry=0 | base=0.10 ba=+0.91 | site=1 sd=0.25 sa=-0.20 | phero=0 pd=0.00 pa=+0.00 | srch=0.03 | wall=4.23
R4[PHERO     ]: L=+0.17 R=+1.00 | carry=0 | base=0.07 ba=+0.60 | site=0 sd=0.00 sa=+0.00 | phero=1 pd=0.35 pa=+0.20 | srch=0.11 | wall=4.26

[PICKUP] Robot 2 picked up tag (density=8) | Total: 12
[DEPOSIT] Robot 1 deposited! Total: 11
  [PHERO] Laid at (-1.83, -1.37) density=10 prob=1.00 total_entries=11
  [TARGET] Robot 1 → SITE (-1.83,-1.37)
[PICKUP] Robot 3 picked up tag (density=7) | Total: 13
[DEPOSIT] Robot 2 deposited! Total: 12
  [PHERO] Laid at (1.19, 0.45) density=8 prob=1.00 total_entries=12
  [TARGET] Robot 2 → SITE (1.19,0.45)

======================================================================
Step 4000 (2.1 min) | Pickups: 13 | Deposits: 12 | Rate: 5.62 tags/min | phero_entries=12 phero_max=0.825
======================================================================
R1[SITE      ]: L=+1.00 R=+1.00 | carry=0 | base=0.40 ba=-0.77 | site=1 sd=0.32 sa=-0.05 | phero=0 pd=0.00 pa=+0.00 | srch=0.11 | wall=3.30
R2[SITE      ]: L=+0.07 R=+1.00 | carry=0 | base=0.07 ba=-0.99 | site=1 sd=0.30 sa=+0.14 | phero=0 pd=0.00 pa=+0.00 | srch=0.03 | wall=4.25
R3[RTB       ]: L=+1.00 R=+1.00 | carry=1 | base=0.22 ba=-0.00 | site=0 sd=0.00 sa=+0.00 | phero=0 pd=0.00 pa=+0.00 | srch=0.00 | wall=3.81
R4[PHERO     ]: L=+0.84 R=+1.00 | carry=0 | base=0.40 ba=+0.35 | site=0 sd=0.00 sa=+0.00 | phero=1 pd=0.09 pa=+0.11 | srch=0.24 | wall=3.16

[DEPOSIT] Robot 3 deposited! Total: 13
  [PHERO] Laid at (1.04, 0.61) density=7 prob=0.99 total_entries=13
  [TARGET] Robot 3 → SITE (1.04,0.61)
[PICKUP] Robot 1 picked up tag (density=9) | Total: 14

======================================================================
Step 4500 (2.4 min) | Pickups: 14 | Deposits: 13 | Rate: 5.42 tags/min | phero_entries=13 phero_max=0.567
======================================================================
R1[RTB       ]: L=+1.00 R=+1.00 | carry=1 | base=0.26 ba=-0.00 | site=0 sd=0.00 sa=+0.00 | phero=0 pd=0.00 pa=+0.00 | srch=0.00 | wall=3.82
R2[EXPLORE   ]: L=+1.00 R=+1.00 | carry=0 | base=0.49 ba=-0.79 | site=0 sd=0.00 sa=+0.00 | phero=0 pd=0.00 pa=+0.00 | srch=0.16 | wall=2.78
R3[SITE      ]: L=+0.98 R=+1.00 | carry=0 | base=0.31 ba=+0.91 | site=1 sd=0.04 sa=-0.00 | phero=0 pd=0.00 pa=+0.00 | srch=0.09 | wall=3.55
R4[EXPLORE   ]: L=+1.00 R=+1.00 | carry=0 | base=0.57 ba=-0.94 | site=0 sd=0.00 sa=+0.00 | phero=0 pd=0.00 pa=+0.00 | srch=0.36 | wall=2.88

[PICKUP] Robot 3 picked up tag (density=6) | Total: 15
[DEPOSIT] Robot 1 deposited! Total: 14
  [PHERO] Laid at (-1.31, -1.32) density=9 prob=1.00 total_entries=14
  [TARGET] Robot 1 → SITE (-1.31,-1.32)
[DEPOSIT] Robot 3 deposited! Total: 15
  [PHERO] Laid at (1.08, 0.65) density=6 prob=0.97 total_entries=14
  [TARGET] Robot 3 → SITE (1.08,0.65)

======================================================================
Step 5000 (2.7 min) | Pickups: 15 | Deposits: 15 | Rate: 5.62 tags/min | phero_entries=14 phero_max=0.877
======================================================================
R1[SITE      ]: L=+1.00 R=+1.00 | carry=0 | base=0.30 ba=+0.95 | site=1 sd=0.29 sa=+0.24 | phero=0 pd=0.00 pa=+0.00 | srch=0.08 | wall=3.50
R2[EXPLORE   ]: L=+1.00 R=+1.00 | carry=0 | base=0.99 ba=-0.90 | site=0 sd=0.00 sa=+0.00 | phero=0 pd=0.00 pa=+0.00 | srch=0.28 | wall=1.17
R3[BASE_ESC  ]: L=+1.00 R=+0.00 | carry=0 | base=0.06 ba=+0.70 | site=1 sd=0.30 sa=-0.40 | phero=0 pd=0.00 pa=+0.00 | srch=0.02 | wall=4.34
R4[EXPLORE   ]: L=+1.00 R=+1.00 | carry=0 | base=1.09 ba=-0.84 | site=0 sd=0.00 sa=+0.00 | phero=0 pd=0.00 pa=+0.00 | srch=0.49 | wall=1.08

[PICKUP] Robot 3 picked up tag (density=5) | Total: 16

======================================================================
Step 5500 (2.9 min) | Pickups: 16 | Deposits: 15 | Rate: 5.11 tags/min | phero_entries=13 phero_max=0.394
======================================================================
R1[SITE      ]: L=+0.92 R=+1.00 | carry=0 | base=0.72 ba=+0.54 | site=1 sd=0.19 sa=+0.46 | phero=0 pd=0.00 pa=+0.00 | srch=0.21 | wall=2.58
R2[EXPLORE   ]: L=+1.00 R=+1.00 | carry=0 | base=1.15 ba=-0.29 | site=0 sd=0.00 sa=+0.00 | phero=0 pd=0.00 pa=+0.00 | srch=0.41 | wall=0.89
R3[RTB       ]: L=+1.00 R=+0.98 | carry=1 | base=0.30 ba=-0.01 | site=0 sd=0.00 sa=+0.00 | phero=0 pd=0.00 pa=+0.00 | srch=0.00 | wall=3.55
R4[EXPLORE   ]: L=+1.00 R=+0.85 | carry=0 | base=1.21 ba=-0.47 | site=0 sd=0.00 sa=+0.00 | phero=0 pd=0.00 pa=+0.00 | srch=0.61 | wall=0.51

[DEPOSIT] Robot 3 deposited! Total: 16
  [PHERO] Laid at (1.13, 0.67) density=5 prob=0.92 total_entries=13
  [TARGET] Robot 3 → SITE (1.13,0.67)

======================================================================
Step 6000 (3.2 min) | Pickups: 16 | Deposits: 16 | Rate: 5.00 tags/min | phero_entries=12 phero_max=0.629
======================================================================
R1[SITE      ]: L=+0.90 R=+1.00 | carry=0 | base=0.36 ba=-0.33 | site=1 sd=0.18 sa=+0.57 | phero=0 pd=0.00 pa=+0.00 | srch=0.33 | wall=3.51
R2[EXPLORE   ]: L=+1.00 R=+1.00 | carry=0 | base=0.92 ba=-0.45 | site=0 sd=0.00 sa=+0.00 | phero=0 pd=0.00 pa=+0.00 | srch=0.53 | wall=1.91
R3[SITE      ]: L=+0.98 R=+1.00 | carry=0 | base=0.25 ba=+0.93 | site=1 sd=0.13 sa=+0.03 | phero=0 pd=0.00 pa=+0.00 | srch=0.07 | wall=3.71
R4[EXPLORE   ]: L=+1.00 R=+1.00 | carry=0 | base=1.20 ba=+0.83 | site=0 sd=0.00 sa=+0.00 | phero=0 pd=0.00 pa=+0.00 | srch=0.74 | wall=0.60

[PICKUP] Robot 3 picked up tag (density=4) | Total: 17
[PICKUP] Robot 1 picked up tag (density=8) | Total: 18

======================================================================
Step 6500 (3.5 min) | Pickups: 18 | Deposits: 16 | Rate: 4.62 tags/min | phero_entries=10 phero_max=0.283
======================================================================
R1[RTB       ]: L=+0.99 R=+1.00 | carry=1 | base=0.49 ba=+0.00 | site=0 sd=0.00 sa=+0.00 | phero=0 pd=0.00 pa=+0.00 | srch=0.00 | wall=3.10
R2[EXPLORE   ]: L=+1.00 R=+1.00 | carry=0 | base=0.98 ba=-0.63 | site=0 sd=0.00 sa=+0.00 | phero=0 pd=0.00 pa=+0.00 | srch=0.65 | wall=1.06
R3[RTB       ]: L=+1.00 R=+1.00 | carry=1 | base=0.08 ba=+0.00 | site=0 sd=0.00 sa=+0.00 | phero=0 pd=0.00 pa=+0.00 | srch=0.00 | wall=4.26
R4[EXPLORE   ]: L=+1.00 R=+1.00 | carry=0 | base=1.43 ba=+0.79 | site=0 sd=0.00 sa=+0.00 | phero=0 pd=0.00 pa=+0.00 | srch=0.86 | wall=0.46

[DEPOSIT] Robot 3 deposited! Total: 17
  [PHERO] Laid at (1.14, 0.68) density=4 prob=0.82 total_entries=11
  [TARGET] Robot 3 → SITE (1.14,0.68)
[DEPOSIT] Robot 1 deposited! Total: 18
  [PHERO] Laid at (-1.69, -1.03) density=8 prob=1.00 total_entries=10
  [TARGET] Robot 1 → SITE (-1.69,-1.03)

======================================================================
Step 7000 (3.7 min) | Pickups: 18 | Deposits: 18 | Rate: 4.82 tags/min | phero_entries=10 phero_max=0.823
======================================================================
R1[SITE      ]: L=+1.00 R=+1.00 | carry=0 | base=0.08 ba=+0.89 | site=1 sd=0.49 sa=-0.24 | phero=0 pd=0.00 pa=+0.00 | srch=0.03 | wall=4.27
R2[EXPLORE   ]: L=+1.00 R=+1.00 | carry=0 | base=1.23 ba=-0.41 | site=0 sd=0.00 sa=+0.00 | phero=0 pd=0.00 pa=+0.00 | srch=0.78 | wall=0.44
R3[SITE      ]: L=+1.00 R=+0.83 | carry=0 | base=0.40 ba=-0.57 | site=1 sd=0.06 sa=-0.23 | phero=0 pd=0.00 pa=+0.00 | srch=0.12 | wall=3.40
R4[EXPLORE   ]: L=+0.56 R=+1.00 | carry=0 | base=1.51 ba=+0.10 | site=0 sd=0.00 sa=+0.00 | phero=0 pd=0.00 pa=+0.00 | srch=0.99 | wall=0.35


======================================================================
Step 7500 (4.0 min) | Pickups: 18 | Deposits: 18 | Rate: 4.50 tags/min | phero_entries=9 phero_max=0.370
======================================================================
R1[SITE      ]: L=+1.00 R=+0.94 | carry=0 | base=0.57 ba=-0.70 | site=1 sd=0.20 sa=-0.26 | phero=0 pd=0.00 pa=+0.00 | srch=0.16 | wall=2.96
R2[EXPLORE   ]: L=+1.00 R=+1.00 | carry=0 | base=1.19 ba=-0.55 | site=0 sd=0.00 sa=+0.00 | phero=0 pd=0.00 pa=+0.00 | srch=0.90 | wall=1.52
R3[EXPLORE   ]: L=+1.00 R=+1.00 | carry=0 | base=0.33 ba=-0.69 | site=0 sd=0.00 sa=+0.00 | phero=0 pd=0.00 pa=+0.00 | srch=0.25 | wall=3.60
R4[EXPLORE   ]: L=+1.00 R=+1.00 | carry=0 | base=1.02 ba=+0.17 | site=0 sd=0.00 sa=+0.00 | phero=0 pd=0.00 pa=+0.00 | srch=1.00 | wall=1.35

[PICKUP] Robot 1 picked up tag (density=7) | Total: 19
[GIVE-UP] R3 giving up after 1183 steps

======================================================================
Step 8000 (4.3 min) | Pickups: 19 | Deposits: 18 | Rate: 4.22 tags/min | phero_entries=7 phero_max=0.166
======================================================================
R1[RTB       ]: L=+1.00 R=+1.00 | carry=1 | base=0.23 ba=-0.00 | site=0 sd=0.00 sa=+0.00 | phero=0 pd=0.00 pa=+0.00 | srch=0.00 | wall=3.88
R2[EXPLORE   ]: L=+1.00 R=+1.00 | carry=0 | base=1.27 ba=-0.15 | site=0 sd=0.00 sa=+0.00 | phero=0 pd=0.00 pa=+0.00 | srch=1.00 | wall=0.47
R3[GIVE_UP   ]: L=+1.00 R=+1.00 | carry=0 | base=0.25 ba=-0.00 | site=0 sd=0.00 sa=+0.00 | phero=0 pd=0.00 pa=+0.00 | srch=0.37 | wall=3.64
R4[EXPLORE   ]: L=+1.00 R=+1.00 | carry=0 | base=0.62 ba=+0.32 | site=0 sd=0.00 sa=+0.00 | phero=0 pd=0.00 pa=+0.00 | srch=1.00 | wall=2.34

[PICKUP] Robot 4 picked up tag (density=12) | Total: 20
[DEPOSIT] Robot 1 deposited! Total: 19
  [TARGET] Robot 1 → SITE (-1.57,-1.46)
[EMPTY_RTN] R3 → phero(-1.69,-1.03)

======================================================================
Step 8500 (4.5 min) | Pickups: 20 | Deposits: 19 | Rate: 4.19 tags/min | phero_entries=5 phero_max=0.075
======================================================================
R1[SITE      ]: L=+1.00 R=+1.00 | carry=0 | base=0.33 ba=+1.00 | site=1 sd=0.31 sa=+0.17 | phero=0 pd=0.00 pa=+0.00 | srch=0.09 | wall=3.48
R2[EXPLORE   ]: L=+1.00 R=+1.00 | carry=0 | base=0.82 ba=-0.25 | site=0 sd=0.00 sa=+0.00 | phero=0 pd=0.00 pa=+0.00 | srch=1.00 | wall=1.65
R3[PHERO     ]: L=+0.36 R=+0.35 | carry=0 | base=0.13 ba=-0.80 | site=0 sd=0.00 sa=+0.00 | phero=1 pd=0.44 pa=+0.05 | srch=0.08 | wall=4.14
R4[RTB       ]: L=+1.00 R=+1.00 | carry=1 | base=0.10 ba=+0.00 | site=0 sd=0.00 sa=+0.00 | phero=0 pd=0.00 pa=+0.00 | srch=0.00 | wall=4.14

[DEPOSIT] Robot 4 deposited! Total: 20
  [PHERO] Laid at (-0.03, 2.13) density=12 prob=1.00 total_entries=6
  [TARGET] Robot 4 → SITE (-0.03,2.13)
[PICKUP] Robot 2 picked up tag (density=16) | Total: 21
[PICKUP] Robot 1 picked up tag (density=6) | Total: 22

======================================================================
Step 9000 (4.8 min) | Pickups: 22 | Deposits: 20 | Rate: 4.17 tags/min | phero_entries=5 phero_max=0.470
======================================================================
R1[RTB       ]: L=+1.00 R=+1.00 | carry=1 | base=0.28 ba=+0.00 | site=0 sd=0.00 sa=+0.00 | phero=0 pd=0.00 pa=+0.00 | srch=0.00 | wall=3.79
R2[RTB       ]: L=+1.00 R=+1.00 | carry=1 | base=0.31 ba=-0.00 | site=0 sd=0.00 sa=+0.00 | phero=0 pd=0.00 pa=+0.00 | srch=0.00 | wall=3.42
R3[PHERO     ]: L=+0.36 R=+0.36 | carry=0 | base=0.39 ba=-0.97 | site=0 sd=0.00 sa=+0.00 | phero=1 pd=0.18 pa=+0.08 | srch=0.21 | wall=3.30
R4[SITE      ]: L=+1.00 R=+1.00 | carry=0 | base=0.43 ba=-0.97 | site=1 sd=0.19 sa=+0.20 | phero=0 pd=0.00 pa=+0.00 | srch=0.12 | wall=3.00

[DEPOSIT] Robot 1 deposited! Total: 21
  [PHERO] Laid at (-1.37, -1.11) density=6 prob=0.97 total_entries=6
  [TARGET] Robot 1 → SITE (-1.37,-1.11)
[DEPOSIT] Robot 2 deposited! Total: 22
  [PHERO] Laid at (-2.71, -0.17) density=16 prob=1.00 total_entries=7
  [TARGET] Robot 2 → SITE (-2.71,-0.17)
[PICKUP] Robot 3 picked up tag (density=5) | Total: 23
[PICKUP] Robot 4 picked up tag (density=11) | Total: 24

======================================================================
Step 9500 (5.1 min) | Pickups: 24 | Deposits: 22 | Rate: 4.34 tags/min | phero_entries=6 phero_max=0.636
======================================================================
R1[SITE      ]: L=+1.00 R=+0.56 | carry=0 | base=0.28 ba=-0.90 | site=1 sd=0.30 sa=-0.24 | phero=0 pd=0.00 pa=+0.00 | srch=0.08 | wall=3.57
R2[SITE      ]: L=+1.00 R=+1.00 | carry=0 | base=0.25 ba=+1.00 | site=1 sd=0.54 sa=+0.16 | phero=0 pd=0.00 pa=+0.00 | srch=0.07 | wall=3.64
R3[RTB       ]: L=+1.00 R=+1.00 | carry=1 | base=0.40 ba=+0.00 | site=0 sd=0.00 sa=+0.00 | phero=0 pd=0.00 pa=+0.00 | srch=0.00 | wall=3.36
R4[RTB       ]: L=+1.00 R=+1.00 | carry=1 | base=0.45 ba=+0.00 | site=0 sd=0.00 sa=+0.00 | phero=0 pd=0.00 pa=+0.00 | srch=0.00 | wall=2.92

[DEPOSIT] Robot 3 deposited! Total: 23
  [PHERO] Laid at (-1.72, -1.09) density=5 prob=0.92 total_entries=7
  [TARGET] Robot 3 → SITE (-1.72,-1.09)
[PICKUP] Robot 1 picked up tag (density=4) | Total: 25
[DEPOSIT] Robot 4 deposited! Total: 24
  [PHERO] Laid at (-0.14, 2.17) density=11 prob=1.00 total_entries=8
  [TARGET] Robot 4 → SITE (-0.14,2.17)
[PICKUP] Robot 2 picked up tag (density=15) | Total: 26

======================================================================
Step 10000 (5.3 min) | Pickups: 26 | Deposits: 24 | Rate: 4.50 tags/min | phero_entries=8 phero_max=0.783
======================================================================
R1[RTB       ]: L=+1.00 R=+1.00 | carry=1 | base=0.38 ba=-0.00 | site=0 sd=0.00 sa=+0.00 | phero=0 pd=0.00 pa=+0.00 | srch=0.00 | wall=3.41
R2[RTB       ]: L=+0.16 R=+1.00 | carry=1 | base=0.70 ba=+0.32 | site=0 sd=0.00 sa=+0.00 | phero=0 pd=0.00 pa=+0.00 | srch=0.00 | wall=2.05
R3[SITE      ]: L=+1.00 R=+0.97 | carry=0 | base=0.17 ba=-1.00 | site=1 sd=0.43 sa=-0.17 | phero=0 pd=0.00 pa=+0.00 | srch=0.05 | wall=4.02
R4[SITE      ]: L=+1.00 R=+0.97 | carry=0 | base=0.11 ba=+0.99 | site=1 sd=0.51 sa=-0.14 | phero=0 pd=0.00 pa=+0.00 | srch=0.04 | wall=4.13

[DEPOSIT] Robot 1 deposited! Total: 25
  [PHERO] Laid at (-1.39, -1.11) density=4 prob=0.82 total_entries=8
  [TARGET] Robot 1 → SITE (-1.39,-1.11)

======================================================================
Step 10500 (5.6 min) | Pickups: 26 | Deposits: 25 | Rate: 4.46 tags/min | phero_entries=8 phero_max=0.703
======================================================================
R1[SITE      ]: L=+1.00 R=+1.00 | carry=0 | base=0.19 ba=-0.96 | site=1 sd=0.36 sa=+0.29 | phero=0 pd=0.00 pa=+0.00 | srch=0.05 | wall=3.84
R2[RTB       ]: L=+1.00 R=+1.00 | carry=1 | base=0.18 ba=+0.00 | site=0 sd=0.00 sa=+0.00 | phero=0 pd=0.00 pa=+0.00 | srch=0.00 | wall=3.86
R3[SITE      ]: L=+0.42 R=+0.40 | carry=0 | base=0.41 ba=-0.94 | site=1 sd=0.18 sa=-0.03 | phero=0 pd=0.00 pa=+0.00 | srch=0.17 | wall=3.36
R4[SITE      ]: L=+0.77 R=+1.00 | carry=0 | base=0.63 ba=+0.78 | site=1 sd=0.06 sa=+0.34 | phero=0 pd=0.00 pa=+0.00 | srch=0.16 | wall=2.30

[DEPOSIT] Robot 2 deposited! Total: 26
  [PHERO] Laid at (-2.43, 0.06) density=15 prob=1.00 total_entries=9
  [TARGET] Robot 2 → SITE (-2.43,0.06)
[PICKUP] Robot 4 picked up tag (density=10) | Total: 27
[PICKUP] Robot 3 picked up tag (density=3) | Total: 28

======================================================================
Step 11000 (5.9 min) | Pickups: 28 | Deposits: 26 | Rate: 4.43 tags/min | phero_entries=8 phero_max=0.528
======================================================================
R1[SITE      ]: L=+0.88 R=+1.00 | carry=0 | base=0.58 ba=+0.44 | site=1 sd=0.10 sa=+0.21 | phero=0 pd=0.00 pa=+0.00 | srch=0.18 | wall=2.76
R2[SITE      ]: L=+1.00 R=+1.00 | carry=0 | base=0.38 ba=+0.98 | site=1 sd=0.42 sa=-0.36 | phero=0 pd=0.00 pa=+0.00 | srch=0.10 | wall=3.35
R3[RTB       ]: L=+1.00 R=+0.63 | carry=1 | base=0.54 ba=-0.14 | site=0 sd=0.00 sa=+0.00 | phero=0 pd=0.00 pa=+0.00 | srch=0.00 | wall=2.88
R4[RTB       ]: L=+1.00 R=+1.00 | carry=1 | base=0.25 ba=-0.00 | site=0 sd=0.00 sa=+0.00 | phero=0 pd=0.00 pa=+0.00 | srch=0.00 | wall=3.63

[PICKUP] Robot 1 picked up tag (density=2) | Total: 29
[DEPOSIT] Robot 4 deposited! Total: 27
  [PHERO] Laid at (-0.14, 2.13) density=10 prob=1.00 total_entries=9
  [TARGET] Robot 4 → SITE (-0.14,2.13)
[DEPOSIT] Robot 3 deposited! Total: 28
  [PHERO] Laid at (-1.61, -1.08) density=3 prob=0.65 total_entries=9
  [TARGET] Robot 3 → SITE (-1.61,-1.08)

======================================================================
Step 11500 (6.1 min) | Pickups: 29 | Deposits: 28 | Rate: 4.57 tags/min | phero_entries=9 phero_max=0.940
======================================================================
R1[RTB       ]: L=+1.00 R=+1.00 | carry=1 | base=0.09 ba=+0.00 | site=0 sd=0.00 sa=+0.00 | phero=0 pd=0.00 pa=+0.00 | srch=0.00 | wall=4.24
R2[SITE      ]: L=+0.79 R=+0.80 | carry=0 | base=0.69 ba=-0.63 | site=1 sd=0.02 sa=+0.01 | phero=0 pd=0.00 pa=+0.00 | srch=0.22 | wall=2.10
R3[BASE_ESC  ]: L=+0.00 R=+1.00 | carry=0 | base=0.06 ba=-0.33 | site=1 sd=0.49 sa=+0.72 | phero=0 pd=0.00 pa=+0.00 | srch=0.01 | wall=4.30
R4[SITE      ]: L=+0.46 R=+0.46 | carry=0 | base=0.29 ba=+0.92 | site=1 sd=0.34 sa=+0.08 | phero=0 pd=0.00 pa=+0.00 | srch=0.08 | wall=3.50

[DEPOSIT] Robot 1 deposited! Total: 29
  [PHERO] Laid at (-1.64, -1.13) density=2 prob=0.42 total_entries=10
  [TARGET] Robot 1 → SITE (-1.64,-1.13)
[PICKUP] Robot 2 picked up tag (density=14) | Total: 30

======================================================================
Step 12000 (6.4 min) | Pickups: 30 | Deposits: 29 | Rate: 4.53 tags/min | phero_entries=10 phero_max=0.463
======================================================================
R1[SITE      ]: L=+1.00 R=+0.97 | carry=0 | base=0.47 ba=+0.99 | site=1 sd=0.34 sa=-0.53 | phero=0 pd=0.00 pa=+0.00 | srch=0.12 | wall=2.93
R2[RTB       ]: L=+1.00 R=+1.00 | carry=1 | base=0.25 ba=-0.00 | site=0 sd=0.00 sa=+0.00 | phero=0 pd=0.00 pa=+0.00 | srch=0.00 | wall=3.64
R3[SITE      ]: L=+0.64 R=+0.63 | carry=0 | base=0.46 ba=-0.93 | site=1 sd=0.10 sa=-0.04 | phero=0 pd=0.00 pa=+0.00 | srch=0.13 | wall=3.23
R4[SITE      ]: L=+0.91 R=+1.00 | carry=0 | base=0.77 ba=+0.61 | site=1 sd=0.16 sa=+0.57 | phero=0 pd=0.00 pa=+0.00 | srch=0.21 | wall=1.81

[DEPOSIT] Robot 2 deposited! Total: 30
  [PHERO] Laid at (-2.44, 0.09) density=14 prob=1.00 total_entries=11
  [TARGET] Robot 2 → SITE (-2.44,0.09)
[PICKUP] Robot 4 picked up tag (density=9) | Total: 31
[PICKUP] Robot 1 picked up tag (density=1) | Total: 32

======================================================================
Step 12500 (6.7 min) | Pickups: 32 | Deposits: 30 | Rate: 4.50 tags/min | phero_entries=11 phero_max=0.580
======================================================================
R1[RTB       ]: L=+1.00 R=+1.00 | carry=1 | base=0.46 ba=-0.00 | site=0 sd=0.00 sa=+0.00 | phero=0 pd=0.00 pa=+0.00 | srch=0.00 | wall=3.26
R2[SITE      ]: L=+1.00 R=+1.00 | carry=0 | base=0.31 ba=+0.99 | site=1 sd=0.42 sa=+0.19 | phero=0 pd=0.00 pa=+0.00 | srch=0.09 | wall=3.49
R3[EXPLORE   ]: L=+0.57 R=+1.00 | carry=0 | base=0.76 ba=+0.08 | site=0 sd=0.00 sa=+0.00 | phero=0 pd=0.00 pa=+0.00 | srch=0.26 | wall=2.38
R4[RTB       ]: L=+1.00 R=+1.00 | carry=1 | base=0.40 ba=-0.00 | site=0 sd=0.00 sa=+0.00 | phero=0 pd=0.00 pa=+0.00 | srch=0.00 | wall=3.10

[PICKUP] Robot 2 picked up tag (density=12) | Total: 33
[DEPOSIT] Robot 4 deposited! Total: 31
  [PHERO] Laid at (-0.34, 2.20) density=9 prob=1.00 total_entries=12
  [TARGET] Robot 4 → SITE (-0.34,2.20)
[DEPOSIT] Robot 1 deposited! Total: 32
  [TARGET] Robot 1 → SITE (-1.49,-1.39)
[DEPOSIT] Robot 2 deposited! Total: 33
  [PHERO] Laid at (-1.25, 0.52) density=12 prob=1.00 total_entries=12
  [TARGET] Robot 2 → SITE (-1.25,0.52)

======================================================================
Step 13000 (6.9 min) | Pickups: 33 | Deposits: 33 | Rate: 4.76 tags/min | phero_entries=12 phero_max=0.962
======================================================================
R1[SITE      ]: L=+1.00 R=+1.00 | carry=0 | base=0.10 ba=+0.99 | site=1 sd=0.49 sa=+0.11 | phero=0 pd=0.00 pa=+0.00 | srch=0.04 | wall=4.18
R2[BASE_ESC  ]: L=+1.00 R=+0.00 | carry=0 | base=0.07 ba=+0.24 | site=1 sd=0.32 sa=-0.81 | phero=0 pd=0.00 pa=+0.00 | srch=0.01 | wall=4.28
R3[EXPLORE   ]: L=+0.96 R=+1.00 | carry=0 | base=0.74 ba=-0.92 | site=0 sd=0.00 sa=+0.00 | phero=0 pd=0.00 pa=+0.00 | srch=0.38 | wall=2.36
R4[SITE      ]: L=+0.84 R=+1.00 | carry=0 | base=0.15 ba=+0.90 | site=1 sd=0.50 sa=+0.08 | phero=0 pd=0.00 pa=+0.00 | srch=0.05 | wall=3.98

[PICKUP] Robot 4 picked up tag (density=8) | Total: 34

======================================================================
Step 13500 (7.2 min) | Pickups: 34 | Deposits: 33 | Rate: 4.58 tags/min | phero_entries=12 phero_max=0.432
======================================================================
R1[SITE      ]: L=+0.85 R=+1.00 | carry=0 | base=0.62 ba=+0.69 | site=1 sd=0.13 sa=+0.32 | phero=0 pd=0.00 pa=+0.00 | srch=0.16 | wall=2.64
R2[SITE      ]: L=+1.00 R=+0.88 | carry=0 | base=0.46 ba=-0.66 | site=1 sd=0.13 sa=-0.39 | phero=0 pd=0.00 pa=+0.00 | srch=0.13 | wall=2.89
R3[EXPLORE   ]: L=+0.40 R=+1.00 | carry=0 | base=1.13 ba=+0.14 | site=0 sd=0.00 sa=+0.00 | phero=0 pd=0.00 pa=+0.00 | srch=0.51 | wall=1.34
R4[RTB       ]: L=+0.97 R=+1.00 | carry=1 | base=0.45 ba=+0.01 | site=0 sd=0.00 sa=+0.00 | phero=0 pd=0.00 pa=+0.00 | srch=0.00 | wall=2.95

[PICKUP] Robot 2 picked up tag (density=11) | Total: 35
[DEPOSIT] Robot 4 deposited! Total: 34
  [PHERO] Laid at (-0.17, 1.76) density=8 prob=1.00 total_entries=11
  [TARGET] Robot 4 → SITE (-0.17,1.76)

======================================================================
Step 14000 (7.5 min) | Pickups: 35 | Deposits: 34 | Rate: 4.55 tags/min | phero_entries=11 phero_max=0.782
======================================================================
R1[EXPLORE   ]: L=+1.00 R=+1.00 | carry=0 | base=0.28 ba=+0.29 | site=0 sd=0.00 sa=+0.00 | phero=0 pd=0.00 pa=+0.00 | srch=0.29 | wall=3.55
R2[RTB       ]: L=+1.00 R=+1.00 | carry=1 | base=0.09 ba=-0.00 | site=0 sd=0.00 sa=+0.00 | phero=0 pd=0.00 pa=+0.00 | srch=0.00 | wall=4.22
R3[EXPLORE   ]: L=+0.94 R=+0.83 | carry=0 | base=0.95 ba=+0.15 | site=0 sd=0.00 sa=+0.00 | phero=0 pd=0.00 pa=+0.00 | srch=0.63 | wall=1.89
R4[SITE      ]: L=+1.00 R=+0.98 | carry=0 | base=0.11 ba=-0.96 | site=1 sd=0.40 sa=-0.09 | phero=0 pd=0.00 pa=+0.00 | srch=0.04 | wall=4.15

[DEPOSIT] Robot 2 deposited! Total: 35
  [PHERO] Laid at (-1.45, 0.67) density=11 prob=1.00 total_entries=12
  [TARGET] Robot 2 → SITE (-1.45,0.67)
[PICKUP] Robot 4 picked up tag (density=7) | Total: 36

======================================================================
Step 14500 (7.7 min) | Pickups: 36 | Deposits: 35 | Rate: 4.53 tags/min | phero_entries=10 phero_max=0.462
======================================================================
R1[EXPLORE   ]: L=+1.00 R=+1.00 | carry=0 | base=0.43 ba=+0.83 | site=0 sd=0.00 sa=+0.00 | phero=0 pd=0.00 pa=+0.00 | srch=0.41 | wall=3.01
R2[SITE      ]: L=+0.94 R=+1.00 | carry=0 | base=0.47 ba=+0.91 | site=1 sd=0.18 sa=+0.49 | phero=0 pd=0.00 pa=+0.00 | srch=0.12 | wall=3.30
R3[EXPLORE   ]: L=+0.03 R=+0.25 | carry=0 | base=1.07 ba=-0.97 | site=0 sd=0.00 sa=+0.00 | phero=0 pd=0.00 pa=+0.00 | srch=0.76 | wall=1.66
R4[RTB       ]: L=+1.00 R=+0.49 | carry=1 | base=0.50 ba=-0.19 | site=0 sd=0.00 sa=+0.00 | phero=0 pd=0.00 pa=+0.00 | srch=0.00 | wall=2.74

[DEPOSIT] Robot 4 deposited! Total: 36
  [PHERO] Laid at (-0.17, 1.77) density=7 prob=0.99 total_entries=10
  [TARGET] Robot 4 → SITE (-0.17,1.77)
[PICKUP] Robot 2 picked up tag (density=10) | Total: 37

======================================================================
Step 15000 (8.0 min) | Pickups: 37 | Deposits: 36 | Rate: 4.50 tags/min | phero_entries=9 phero_max=0.856
======================================================================
R1[EXPLORE   ]: L=+1.00 R=+1.00 | carry=0 | base=0.94 ba=+0.93 | site=0 sd=0.00 sa=+0.00 | phero=0 pd=0.00 pa=+0.00 | srch=0.54 | wall=1.23
R2[RTB       ]: L=+1.00 R=+0.00 | carry=1 | base=0.44 ba=-0.40 | site=0 sd=0.00 sa=+0.00 | phero=0 pd=0.00 pa=+0.00 | srch=0.00 | wall=3.12
R3[EXPLORE   ]: L=+1.00 R=+1.00 | carry=0 | base=1.03 ba=+0.12 | site=0 sd=0.00 sa=+0.00 | phero=0 pd=0.00 pa=+0.00 | srch=0.88 | wall=1.54
R4[BASE_ESC  ]: L=+0.18 R=+1.00 | carry=0 | base=0.07 ba=-0.82 | site=1 sd=0.45 sa=+0.28 | phero=0 pd=0.00 pa=+0.00 | srch=0.02 | wall=4.27

[PICKUP] Robot 3 picked up tag (density=16) | Total: 38
[DEPOSIT] Robot 2 deposited! Total: 37
  [PHERO] Laid at (-1.39, 0.62) density=10 prob=1.00 total_entries=10
  [TARGET] Robot 2 → SITE (-1.39,0.62)

======================================================================
Step 15500 (8.3 min) | Pickups: 38 | Deposits: 37 | Rate: 4.48 tags/min | phero_entries=9 phero_max=0.810
======================================================================
R1[EXPLORE   ]: L=+1.00 R=+1.00 | carry=0 | base=1.09 ba=+0.23 | site=0 sd=0.00 sa=+0.00 | phero=0 pd=0.00 pa=+0.00 | srch=0.66 | wall=0.87
R2[SITE      ]: L=+1.00 R=+1.00 | carry=0 | base=0.09 ba=-0.92 | site=1 sd=0.35 sa=+0.24 | phero=0 pd=0.00 pa=+0.00 | srch=0.03 | wall=4.26
R3[RTB       ]: L=+1.00 R=+1.00 | carry=1 | base=0.48 ba=+0.00 | site=0 sd=0.00 sa=+0.00 | phero=0 pd=0.00 pa=+0.00 | srch=0.00 | wall=3.09
R4[SITE      ]: L=+0.92 R=+0.94 | carry=0 | base=0.49 ba=+0.60 | site=1 sd=0.11 sa=+0.08 | phero=0 pd=0.00 pa=+0.00 | srch=0.15 | wall=2.79

[PICKUP] Robot 4 picked up tag (density=6) | Total: 39
[PICKUP] Robot 2 picked up tag (density=9) | Total: 40
[DEPOSIT] Robot 3 deposited! Total: 38
  [PHERO] Laid at (-1.94, -2.89) density=16 prob=1.00 total_entries=8
  [TARGET] Robot 3 → SITE (-1.94,-2.89)

======================================================================
Step 16000 (8.5 min) | Pickups: 40 | Deposits: 38 | Rate: 4.45 tags/min | phero_entries=8 phero_max=0.820
======================================================================
R1[EXPLORE   ]: L=+1.00 R=+1.00 | carry=0 | base=0.77 ba=+0.39 | site=0 sd=0.00 sa=+0.00 | phero=0 pd=0.00 pa=+0.00 | srch=0.79 | wall=2.58
R2[RTB       ]: L=+1.00 R=+1.00 | carry=1 | base=0.29 ba=+0.00 | site=0 sd=0.00 sa=+0.00 | phero=0 pd=0.00 pa=+0.00 | srch=0.00 | wall=3.70
R3[SITE      ]: L=+1.00 R=+0.90 | carry=0 | base=0.08 ba=+0.96 | site=1 sd=0.92 sa=-0.14 | phero=0 pd=0.00 pa=+0.00 | srch=0.03 | wall=4.22
R4[RTB       ]: L=+1.00 R=+1.00 | carry=1 | base=0.17 ba=+0.00 | site=0 sd=0.00 sa=+0.00 | phero=0 pd=0.00 pa=+0.00 | srch=0.00 | wall=3.91

[PICKUP] Robot 1 picked up tag (density=16) | Total: 41
[DEPOSIT] Robot 4 deposited! Total: 39
  [TARGET] Robot 4 → SITE (-0.23,1.78)
[DEPOSIT] Robot 2 deposited! Total: 40
  [PHERO] Laid at (-1.05, 0.97) density=9 prob=1.00 total_entries=9
  [TARGET] Robot 2 → SITE (-1.05,0.97)

======================================================================
Step 16500 (8.8 min) | Pickups: 41 | Deposits: 40 | Rate: 4.55 tags/min | phero_entries=8 phero_max=0.619
======================================================================
R1[RTB       ]: L=+1.00 R=+1.00 | carry=1 | base=0.31 ba=+0.00 | site=0 sd=0.00 sa=+0.00 | phero=0 pd=0.00 pa=+0.00 | srch=0.00 | wall=3.63
R2[SITE      ]: L=+1.00 R=+0.95 | carry=0 | base=0.26 ba=-0.86 | site=1 sd=0.20 sa=-0.18 | phero=0 pd=0.00 pa=+0.00 | srch=0.08 | wall=3.62
R3[SITE      ]: L=+0.98 R=+1.00 | carry=0 | base=0.62 ba=-0.97 | site=1 sd=0.38 sa=+0.01 | phero=0 pd=0.00 pa=+0.00 | srch=0.16 | wall=2.67
R4[SITE      ]: L=+0.74 R=+0.76 | carry=0 | base=0.36 ba=-0.92 | site=1 sd=0.16 sa=+0.07 | phero=0 pd=0.00 pa=+0.00 | srch=0.10 | wall=3.27

[PICKUP] Robot 2 picked up tag (density=8) | Total: 42
[DEPOSIT] Robot 1 deposited! Total: 41
  [PHERO] Laid at (1.60, 2.04) density=16 prob=1.00 total_entries=9
  [TARGET] Robot 1 → SITE (1.60,2.04)
[PICKUP] Robot 4 picked up tag (density=5) | Total: 43
[PICKUP] Robot 3 picked up tag (density=15) | Total: 44
[DEPOSIT] Robot 2 deposited! Total: 42
  [PHERO] Laid at (-1.07, 0.52) density=8 prob=1.00 total_entries=10
  [TARGET] Robot 2 → SITE (-1.07,0.52)

======================================================================
Step 17000 (9.1 min) | Pickups: 44 | Deposits: 42 | Rate: 4.63 tags/min | phero_entries=10 phero_max=0.871
======================================================================
R1[SITE      ]: L=+1.00 R=+1.00 | carry=0 | base=0.26 ba=+0.97 | site=1 sd=0.54 sa=-0.29 | phero=0 pd=0.00 pa=+0.00 | srch=0.07 | wall=3.61
R2[BASE_ESC  ]: L=+0.00 R=+1.00 | carry=0 | base=0.06 ba=-0.71 | site=1 sd=0.28 sa=+0.39 | phero=0 pd=0.00 pa=+0.00 | srch=0.02 | wall=4.33
R3[RTB       ]: L=+0.99 R=+1.00 | carry=1 | base=0.75 ba=+0.00 | site=0 sd=0.00 sa=+0.00 | phero=0 pd=0.00 pa=+0.00 | srch=0.00 | wall=2.23
R4[RTB       ]: L=+1.00 R=+1.00 | carry=1 | base=0.31 ba=+0.00 | site=0 sd=0.00 sa=+0.00 | phero=0 pd=0.00 pa=+0.00 | srch=0.00 | wall=3.44

[DEPOSIT] Robot 4 deposited! Total: 43
  [PHERO] Laid at (-0.18, 1.84) density=5 prob=0.92 total_entries=10
  [TARGET] Robot 4 → SITE (-0.18,1.84)
[PICKUP] Robot 2 picked up tag (density=7) | Total: 45

======================================================================
Step 17500 (9.3 min) | Pickups: 45 | Deposits: 43 | Rate: 4.61 tags/min | phero_entries=9 phero_max=0.634
======================================================================
R1[SITE      ]: L=+1.00 R=+0.94 | carry=0 | base=0.70 ba=-0.69 | site=1 sd=0.19 sa=-0.15 | phero=0 pd=0.00 pa=+0.00 | srch=0.20 | wall=2.26
R2[RTB       ]: L=+1.00 R=+1.00 | carry=1 | base=0.21 ba=+0.00 | site=0 sd=0.00 sa=+0.00 | phero=0 pd=0.00 pa=+0.00 | srch=0.00 | wall=3.82
R3[RTB       ]: L=+1.00 R=+1.00 | carry=1 | base=0.20 ba=+0.00 | site=0 sd=0.00 sa=+0.00 | phero=0 pd=0.00 pa=+0.00 | srch=0.00 | wall=3.90
R4[SITE      ]: L=+1.00 R=+0.98 | carry=0 | base=0.25 ba=-0.93 | site=1 sd=0.29 sa=-0.06 | phero=0 pd=0.00 pa=+0.00 | srch=0.07 | wall=3.66

[PICKUP] Robot 1 picked up tag (density=15) | Total: 46
[DEPOSIT] Robot 3 deposited! Total: 44
  [PHERO] Laid at (-1.53, -2.46) density=15 prob=1.00 total_entries=10
  [TARGET] Robot 3 → SITE (-1.53,-2.46)
[DEPOSIT] Robot 2 deposited! Total: 45
  [PHERO] Laid at (-1.03, 0.58) density=7 prob=0.99 total_entries=11
  [TARGET] Robot 2 → SITE (-1.03,0.58)
[PICKUP] Robot 4 picked up tag (density=4) | Total: 47

======================================================================
Step 18000 (9.6 min) | Pickups: 47 | Deposits: 45 | Rate: 4.69 tags/min | phero_entries=11 phero_max=0.552
======================================================================
R1[RTB       ]: L=+1.00 R=+1.00 | carry=1 | base=0.31 ba=-0.00 | site=0 sd=0.00 sa=+0.00 | phero=0 pd=0.00 pa=+0.00 | srch=0.00 | wall=3.57
R2[SITE      ]: L=+1.00 R=+0.85 | carry=0 | base=0.32 ba=-0.75 | site=1 sd=0.06 sa=-0.21 | phero=0 pd=0.00 pa=+0.00 | srch=0.09 | wall=3.43
R3[SITE      ]: L=+0.77 R=+0.77 | carry=0 | base=0.35 ba=-0.92 | site=1 sd=0.51 sa=-0.08 | phero=0 pd=0.00 pa=+0.00 | srch=0.10 | wall=3.32
R4[RTB       ]: L=+1.00 R=+1.00 | carry=1 | base=0.42 ba=-0.00 | site=0 sd=0.00 sa=+0.00 | phero=0 pd=0.00 pa=+0.00 | srch=0.00 | wall=3.04

[PICKUP] Robot 2 picked up tag (density=6) | Total: 48
[DEPOSIT] Robot 1 deposited! Total: 46
  [PHERO] Laid at (1.16, 2.25) density=15 prob=1.00 total_entries=11
  [TARGET] Robot 1 → SITE (1.16,2.25)
[DEPOSIT] Robot 4 deposited! Total: 47
  [PHERO] Laid at (-0.20, 1.88) density=4 prob=0.82 total_entries=12
  [TARGET] Robot 4 → SITE (-0.20,1.88)
[DEPOSIT] Robot 2 deposited! Total: 48
  [PHERO] Laid at (-1.06, 0.59) density=6 prob=0.97 total_entries=12
  [TARGET] Robot 2 → SITE (-1.06,0.59)

======================================================================
Step 18500 (9.9 min) | Pickups: 48 | Deposits: 48 | Rate: 4.86 tags/min | phero_entries=12 phero_max=0.810
======================================================================
R1[SITE      ]: L=+0.97 R=+1.00 | carry=0 | base=0.26 ba=-1.00 | site=1 sd=0.51 sa=+0.25 | phero=0 pd=0.00 pa=+0.00 | srch=0.07 | wall=3.74
R2[SITE      ]: L=+0.95 R=+1.00 | carry=0 | base=0.09 ba=-0.94 | site=1 sd=0.26 sa=+0.23 | phero=0 pd=0.00 pa=+0.00 | srch=0.03 | wall=4.24
R3[SITE      ]: L=+0.66 R=+0.65 | carry=0 | base=0.52 ba=-0.90 | site=1 sd=0.33 sa=-0.07 | phero=0 pd=0.00 pa=+0.00 | srch=0.22 | wall=2.80
R4[SITE      ]: L=+0.96 R=+1.00 | carry=0 | base=0.15 ba=-1.00 | site=1 sd=0.41 sa=+0.19 | phero=0 pd=0.00 pa=+0.00 | srch=0.05 | wall=4.01

[PICKUP] Robot 1 picked up tag (density=3) | Total: 49
[PICKUP] Robot 2 picked up tag (density=5) | Total: 50

======================================================================
Step 19000 (10.1 min) | Pickups: 50 | Deposits: 48 | Rate: 4.74 tags/min | phero_entries=12 phero_max=0.364
======================================================================
R1[RTB       ]: L=+1.00 R=+1.00 | carry=1 | base=0.16 ba=+0.00 | site=0 sd=0.00 sa=+0.00 | phero=0 pd=0.00 pa=+0.00 | srch=0.00 | wall=4.06
R2[RTB       ]: L=+1.00 R=+1.00 | carry=1 | base=0.25 ba=+0.00 | site=0 sd=0.00 sa=+0.00 | phero=0 pd=0.00 pa=+0.00 | srch=0.00 | wall=3.79
R3[SITE      ]: L=+0.32 R=+0.33 | carry=0 | base=0.80 ba=-0.88 | site=1 sd=0.03 sa=-0.01 | phero=0 pd=0.00 pa=+0.00 | srch=0.35 | wall=2.11
R4[SITE      ]: L=+0.17 R=+1.00 | carry=0 | base=0.56 ba=+0.31 | site=1 sd=0.02 sa=+0.44 | phero=0 pd=0.00 pa=+0.00 | srch=0.17 | wall=2.56

[PICKUP] Robot 4 picked up tag (density=3) | Total: 51
[DEPOSIT] Robot 1 deposited! Total: 49
  [TARGET] Robot 1 → SITE (1.22,0.80)
[DEPOSIT] Robot 2 deposited! Total: 50
  [PHERO] Laid at (-1.02, 0.89) density=5 prob=0.92 total_entries=13
  [TARGET] Robot 2 → SITE (-1.02,0.89)
[DEPOSIT] Robot 4 deposited! Total: 51
  [PHERO] Laid at (-0.25, 1.93) density=3 prob=0.65 total_entries=13
  [TARGET] Robot 4 → SITE (-0.25,1.93)

======================================================================
Step 19500 (10.4 min) | Pickups: 51 | Deposits: 51 | Rate: 4.90 tags/min | phero_entries=13 phero_max=0.950
======================================================================
R1[SITE      ]: L=+1.00 R=+1.00 | carry=0 | base=0.37 ba=+1.00 | site=1 sd=0.04 sa=+0.01 | phero=0 pd=0.00 pa=+0.00 | srch=0.11 | wall=3.41
R2[SITE      ]: L=+1.00 R=+1.00 | carry=0 | base=0.29 ba=-0.80 | site=1 sd=0.17 sa=-0.17 | phero=0 pd=0.00 pa=+0.00 | srch=0.08 | wall=3.54
R3[SITE      ]: L=+0.54 R=+0.65 | carry=0 | base=0.81 ba=-0.77 | site=1 sd=0.02 sa=+0.07 | phero=0 pd=0.00 pa=+0.00 | srch=0.47 | wall=2.08
R4[BASE_ESC  ]: L=+1.00 R=+0.00 | carry=0 | base=0.06 ba=+0.34 | site=1 sd=0.49 sa=-0.69 | phero=0 pd=0.00 pa=+0.00 | srch=0.01 | wall=4.28

[PICKUP] Robot 3 picked up tag (density=14) | Total: 52
[PICKUP] Robot 2 picked up tag (density=4) | Total: 53
[DEPOSIT] Robot 2 deposited! Total: 52
  [PHERO] Laid at (-1.16, 0.59) density=4 prob=0.82 total_entries=13
  [TARGET] Robot 2 → SITE (-1.16,0.59)

======================================================================
Step 20000 (10.7 min) | Pickups: 53 | Deposits: 52 | Rate: 4.88 tags/min | phero_entries=13 phero_max=0.946
======================================================================
R1[EXPLORE   ]: L=+1.00 R=+1.00 | carry=0 | base=0.92 ba=+0.99 | site=0 sd=0.00 sa=+0.00 | phero=0 pd=0.00 pa=+0.00 | srch=0.23 | wall=1.92
R2[BASE_ESC  ]: L=+0.00 R=+1.00 | carry=0 | base=0.06 ba=-0.32 | site=1 sd=0.31 sa=+0.73 | phero=0 pd=0.00 pa=+0.00 | srch=0.01 | wall=4.32
R3[RTB       ]: L=+1.00 R=+1.00 | carry=1 | base=0.43 ba=-0.00 | site=0 sd=0.00 sa=+0.00 | phero=0 pd=0.00 pa=+0.00 | srch=0.00 | wall=3.28
R4[SITE      ]: L=+0.84 R=+0.93 | carry=0 | base=0.49 ba=+0.89 | site=1 sd=0.08 sa=+0.14 | phero=0 pd=0.00 pa=+0.00 | srch=0.13 | wall=2.78

[PICKUP] Robot 4 picked up tag (density=2) | Total: 54
[DEPOSIT] Robot 3 deposited! Total: 53
  [PHERO] Laid at (-1.59, -2.46) density=14 prob=1.00 total_entries=13
  [TARGET] Robot 3 → SITE (-1.59,-2.46)
[PICKUP] Robot 2 picked up tag (density=3) | Total: 55
[GIVE-UP] R1 giving up after 1386 steps

======================================================================
Step 20500 (10.9 min) | Pickups: 55 | Deposits: 53 | Rate: 4.85 tags/min | phero_entries=13 phero_max=0.755
======================================================================
R1[GIVE_UP   ]: L=+0.00 R=+1.00 | carry=0 | base=1.43 ba=+0.69 | site=0 sd=0.00 sa=+0.00 | phero=0 pd=0.00 pa=+0.00 | srch=0.36 | wall=0.52
R2[RTB       ]: L=+0.91 R=+1.00 | carry=1 | base=0.33 ba=+0.03 | site=0 sd=0.00 sa=+0.00 | phero=0 pd=0.00 pa=+0.00 | srch=0.00 | wall=3.49
R3[SITE      ]: L=+0.99 R=+1.00 | carry=0 | base=0.12 ba=+0.92 | site=1 sd=0.72 sa=-0.01 | phero=0 pd=0.00 pa=+0.00 | srch=0.04 | wall=4.19
R4[RTB       ]: L=+1.00 R=+1.00 | carry=1 | base=0.22 ba=+0.00 | site=0 sd=0.00 sa=+0.00 | phero=0 pd=0.00 pa=+0.00 | srch=0.00 | wall=3.75

[DEPOSIT] Robot 4 deposited! Total: 54
  [TARGET] Robot 4 → SITE (-0.25,1.96)
[DEPOSIT] Robot 2 deposited! Total: 55
  [PHERO] Laid at (-1.08, 0.73) density=3 prob=0.65 total_entries=13
  [TARGET] Robot 2 → SITE (-1.08,0.73)

======================================================================
Step 21000 (11.2 min) | Pickups: 55 | Deposits: 55 | Rate: 4.91 tags/min | phero_entries=13 phero_max=0.657
======================================================================
R1[GIVE_UP   ]: L=+1.00 R=+1.00 | carry=0 | base=0.97 ba=+0.00 | site=0 sd=0.00 sa=+0.00 | phero=0 pd=0.00 pa=+0.00 | srch=0.48 | wall=1.85
R2[SITE      ]: L=+1.00 R=+0.83 | carry=0 | base=0.23 ba=-0.87 | site=1 sd=0.21 sa=-0.23 | phero=0 pd=0.00 pa=+0.00 | srch=0.07 | wall=3.70
R3[SITE      ]: L=+1.00 R=+1.00 | carry=0 | base=0.66 ba=+0.98 | site=1 sd=0.18 sa=-0.12 | phero=0 pd=0.00 pa=+0.00 | srch=0.17 | wall=2.46
R4[SITE      ]: L=+1.00 R=+0.97 | carry=0 | base=0.34 ba=-0.86 | site=1 sd=0.24 sa=+0.01 | phero=0 pd=0.00 pa=+0.00 | srch=0.09 | wall=3.37

[PICKUP] Robot 3 picked up tag (density=13) | Total: 56
[PICKUP] Robot 2 picked up tag (density=2) | Total: 57
[PICKUP] Robot 4 picked up tag (density=1) | Total: 58

======================================================================
Step 21500 (11.5 min) | Pickups: 58 | Deposits: 55 | Rate: 4.80 tags/min | phero_entries=11 phero_max=0.295
======================================================================
R1[GIVE_UP   ]: L=+1.00 R=+1.00 | carry=0 | base=0.42 ba=+0.00 | site=0 sd=0.00 sa=+0.00 | phero=0 pd=0.00 pa=+0.00 | srch=0.61 | wall=3.35
R2[RTB       ]: L=+1.00 R=+1.00 | carry=1 | base=0.17 ba=-0.00 | site=0 sd=0.00 sa=+0.00 | phero=0 pd=0.00 pa=+0.00 | srch=0.00 | wall=4.01
R3[RTB       ]: L=+1.00 R=+1.00 | carry=1 | base=0.63 ba=-0.00 | site=0 sd=0.00 sa=+0.00 | phero=0 pd=0.00 pa=+0.00 | srch=0.00 | wall=2.69
R4[RTB       ]: L=+0.94 R=+1.00 | carry=1 | base=0.53 ba=+0.02 | site=0 sd=0.00 sa=+0.00 | phero=0 pd=0.00 pa=+0.00 | srch=0.00 | wall=2.66

[DEPOSIT] Robot 2 deposited! Total: 56
  [TARGET] Robot 2 → SITE (-1.22,0.67)
[GIVE-UP] R1 giving up after 2712 steps
[EMPTY_RTN] R1 → phero(-1.06,0.59)
[DEPOSIT] Robot 4 deposited! Total: 57
  [TARGET] Robot 4 → SITE (-0.25,2.02)

======================================================================
Step 22000 (11.7 min) | Pickups: 58 | Deposits: 57 | Rate: 4.86 tags/min | phero_entries=8 phero_max=0.133
======================================================================
R1[PHERO     ]: L=+0.85 R=+1.00 | carry=0 | base=0.07 ba=+0.48 | site=0 sd=0.00 sa=+0.00 | phero=1 pd=0.34 pa=-0.03 | srch=0.05 | wall=4.25
R2[SITE      ]: L=+0.94 R=+1.00 | carry=0 | base=0.37 ba=+0.80 | site=1 sd=0.04 sa=+0.06 | phero=0 pd=0.00 pa=+0.00 | srch=0.10 | wall=3.43
R3[RTB       ]: L=+1.00 R=+1.00 | carry=1 | base=0.09 ba=-0.00 | site=0 sd=0.00 sa=+0.00 | phero=0 pd=0.00 pa=+0.00 | srch=0.00 | wall=4.26
R4[BASE_ESC  ]: L=+1.00 R=+0.00 | carry=0 | base=0.06 ba=+0.69 | site=1 sd=0.52 sa=-0.38 | phero=0 pd=0.00 pa=+0.00 | srch=0.02 | wall=4.29

[DEPOSIT] Robot 3 deposited! Total: 58
  [PHERO] Laid at (-1.63, -2.50) density=13 prob=1.00 total_entries=9
  [TARGET] Robot 3 → SITE (-1.63,-2.50)
[PICKUP] Robot 2 picked up tag (density=1) | Total: 59
[DEPOSIT] Robot 2 deposited! Total: 59
  [PHERO] Laid at (-1.24, 0.68) density=1 prob=0.20 total_entries=10
  [TARGET] Robot 2 → PHERO (-1.24,0.68)

======================================================================
Step 22500 (12.0 min) | Pickups: 59 | Deposits: 59 | Rate: 4.92 tags/min | phero_entries=10 phero_max=0.958
======================================================================
R1[PHERO     ]: L=+1.00 R=+0.85 | carry=0 | base=0.42 ba=-0.92 | site=0 sd=0.00 sa=+0.00 | phero=1 pd=0.10 pa=-0.71 | srch=0.17 | wall=3.10
R2[BASE_ESC  ]: L=+1.00 R=+0.00 | carry=0 | base=0.06 ba=+0.24 | site=0 sd=0.00 sa=+0.00 | phero=1 pd=0.34 pa=-0.82 | srch=0.01 | wall=4.29
R3[SITE      ]: L=+1.00 R=+1.00 | carry=0 | base=0.33 ba=+0.89 | site=1 sd=0.53 sa=-0.07 | phero=0 pd=0.00 pa=+0.00 | srch=0.12 | wall=3.60
R4[SITE      ]: L=+0.36 R=+1.00 | carry=0 | base=0.49 ba=+0.84 | site=1 sd=0.23 sa=+0.26 | phero=0 pd=0.00 pa=+0.00 | srch=0.14 | wall=2.86


======================================================================
Step 23000 (12.3 min) | Pickups: 59 | Deposits: 59 | Rate: 4.81 tags/min | phero_entries=7 phero_max=0.430
======================================================================
R1[PHERO     ]: L=+1.00 R=+0.64 | carry=0 | base=0.27 ba=-0.01 | site=0 sd=0.00 sa=+0.00 | phero=1 pd=0.20 pa=-0.53 | srch=0.30 | wall=3.64
R2[EXPLORE   ]: L=+1.00 R=+1.00 | carry=0 | base=0.48 ba=-0.85 | site=0 sd=0.00 sa=+0.00 | phero=0 pd=0.00 pa=+0.00 | srch=0.13 | wall=3.12
R3[SITE      ]: L=+0.52 R=+0.50 | carry=0 | base=0.75 ba=+0.93 | site=1 sd=0.11 sa=-0.00 | phero=0 pd=0.00 pa=+0.00 | srch=0.25 | wall=2.35
R4[EXPLORE   ]: L=+1.00 R=+0.07 | carry=0 | base=0.61 ba=-0.93 | site=0 sd=0.00 sa=+0.00 | phero=0 pd=0.00 pa=+0.00 | srch=0.27 | wall=2.40

[PICKUP] Robot 3 picked up tag (density=12) | Total: 60
[GIVE-UP] R4 giving up after 1276 steps

======================================================================
Step 23500 (12.5 min) | Pickups: 60 | Deposits: 59 | Rate: 4.71 tags/min | phero_entries=6 phero_max=0.193
======================================================================
R1[PHERO     ]: L=+1.00 R=+0.91 | carry=0 | base=0.38 ba=-0.69 | site=0 sd=0.00 sa=+0.00 | phero=1 pd=0.13 pa=-0.33 | srch=0.42 | wall=3.17
R2[EXPLORE   ]: L=+1.00 R=+1.00 | carry=0 | base=1.00 ba=-0.93 | site=0 sd=0.00 sa=+0.00 | phero=0 pd=0.00 pa=+0.00 | srch=0.26 | wall=1.86
R3[RTB       ]: L=+1.00 R=+1.00 | carry=1 | base=0.64 ba=+0.00 | site=0 sd=0.00 sa=+0.00 | phero=0 pd=0.00 pa=+0.00 | srch=0.00 | wall=2.57
R4[GIVE_UP   ]: L=+1.00 R=+1.00 | carry=0 | base=0.31 ba=+0.00 | site=0 sd=0.00 sa=+0.00 | phero=0 pd=0.00 pa=+0.00 | srch=0.39 | wall=3.45

[EMPTY_RTN] R4 → phero(-1.24,0.68)

======================================================================
Step 24000 (12.8 min) | Pickups: 60 | Deposits: 59 | Rate: 4.61 tags/min | phero_entries=5 phero_max=0.087
======================================================================
R1[PHERO     ]: L=+1.00 R=+0.18 | carry=0 | base=0.36 ba=-0.43 | site=0 sd=0.00 sa=+0.00 | phero=1 pd=0.01 pa=-0.52 | srch=0.55 | wall=3.40
R2[WALL_ESC  ]: L=+1.00 R=+0.00 | carry=0 | base=1.48 ba=-0.45 | site=0 sd=0.00 sa=+0.00 | phero=0 pd=0.00 pa=+0.00 | srch=0.38 | wall=0.31
R3[RTB       ]: L=+1.00 R=+1.00 | carry=1 | base=0.09 ba=+0.00 | site=0 sd=0.00 sa=+0.00 | phero=0 pd=0.00 pa=+0.00 | srch=0.00 | wall=4.22
R4[PHERO     ]: L=+0.18 R=+0.17 | carry=0 | base=0.10 ba=+0.98 | site=0 sd=0.00 sa=+0.00 | phero=1 pd=0.33 pa=+0.23 | srch=0.07 | wall=4.18

[DEPOSIT] Robot 3 deposited! Total: 60
  [PHERO] Laid at (-1.64, -2.53) density=12 prob=1.00 total_entries=6
  [TARGET] Robot 3 → SITE (-1.64,-2.53)
[PICKUP] Robot 2 picked up tag (density=19) | Total: 61

======================================================================
Step 24500 (13.1 min) | Pickups: 61 | Deposits: 60 | Rate: 4.59 tags/min | phero_entries=5 phero_max=0.465
======================================================================
R1[PHERO     ]: L=+1.00 R=+0.88 | carry=0 | base=0.47 ba=-0.48 | site=0 sd=0.00 sa=+0.00 | phero=1 pd=0.12 pa=-0.50 | srch=0.67 | wall=3.09
R2[RTB       ]: L=+1.00 R=+1.00 | carry=1 | base=0.99 ba=-0.00 | site=0 sd=0.00 sa=+0.00 | phero=0 pd=0.00 pa=+0.00 | srch=0.00 | wall=1.62
R3[SITE      ]: L=+0.83 R=+0.82 | carry=0 | base=0.45 ba=-0.93 | site=1 sd=0.44 sa=-0.09 | phero=0 pd=0.00 pa=+0.00 | srch=0.12 | wall=3.01
R4[PHERO     ]: L=+0.58 R=+0.64 | carry=0 | base=0.41 ba=+0.82 | site=0 sd=0.00 sa=+0.00 | phero=1 pd=0.17 pa=+0.39 | srch=0.20 | wall=3.37


======================================================================
Step 25000 (13.3 min) | Pickups: 61 | Deposits: 60 | Rate: 4.50 tags/min | phero_entries=4 phero_max=0.209
======================================================================
R1[PHERO     ]: L=+1.00 R=+0.89 | carry=0 | base=0.32 ba=+0.95 | site=0 sd=0.00 sa=+0.00 | phero=1 pd=0.13 pa=-0.53 | srch=0.80 | wall=3.40
R2[RTB       ]: L=+1.00 R=+1.00 | carry=1 | base=0.44 ba=-0.00 | site=0 sd=0.00 sa=+0.00 | phero=0 pd=0.00 pa=+0.00 | srch=0.00 | wall=3.22
R3[SITE      ]: L=+0.23 R=+0.22 | carry=0 | base=0.70 ba=-0.86 | site=1 sd=0.19 sa=-0.05 | phero=0 pd=0.00 pa=+0.00 | srch=0.24 | wall=2.30
R4[PHERO     ]: L=+0.52 R=+0.63 | carry=0 | base=0.46 ba=+0.19 | site=0 sd=0.00 sa=+0.00 | phero=1 pd=0.08 pa=+0.46 | srch=0.32 | wall=3.00

[DEPOSIT] Robot 2 deposited! Total: 61
  [PHERO] Laid at (-2.30, 3.44) density=19 prob=1.00 total_entries=4
  [TARGET] Robot 2 → SITE (-2.30,3.44)
[PICKUP] Robot 3 picked up tag (density=11) | Total: 62

======================================================================
Step 25500 (13.6 min) | Pickups: 62 | Deposits: 61 | Rate: 4.49 tags/min | phero_entries=4 phero_max=0.770
======================================================================
R1[PHERO     ]: L=+1.00 R=+0.75 | carry=0 | base=0.31 ba=+0.43 | site=0 sd=0.00 sa=+0.00 | phero=1 pd=0.04 pa=-0.50 | srch=0.92 | wall=3.57
R2[SITE      ]: L=+1.00 R=+1.00 | carry=0 | base=0.13 ba=-0.94 | site=1 sd=1.00 sa=+0.20 | phero=0 pd=0.00 pa=+0.00 | srch=0.04 | wall=4.06
R3[RTB       ]: L=+1.00 R=+0.15 | carry=1 | base=0.87 ba=-0.32 | site=0 sd=0.00 sa=+0.00 | phero=0 pd=0.00 pa=+0.00 | srch=0.00 | wall=1.97
R4[EXPLORE   ]: L=+1.00 R=+0.34 | carry=0 | base=0.43 ba=+0.86 | site=0 sd=0.00 sa=+0.00 | phero=0 pd=0.00 pa=+0.00 | srch=0.45 | wall=3.14

[GIVE-UP] R4 giving up after 2024 steps

======================================================================
Step 26000 (13.9 min) | Pickups: 62 | Deposits: 61 | Rate: 4.40 tags/min | phero_entries=4 phero_max=0.346
======================================================================
R1[PHERO     ]: L=+1.00 R=+0.94 | carry=0 | base=0.17 ba=+0.68 | site=0 sd=0.00 sa=+0.00 | phero=1 pd=0.19 pa=-0.46 | srch=1.00 | wall=3.93
R2[SITE      ]: L=+1.00 R=+1.00 | carry=0 | base=0.67 ba=-0.99 | site=1 sd=0.70 sa=+0.35 | phero=0 pd=0.00 pa=+0.00 | srch=0.17 | wall=2.14
R3[RTB       ]: L=+1.00 R=+1.00 | carry=1 | base=0.35 ba=-0.00 | site=0 sd=0.00 sa=+0.00 | phero=0 pd=0.00 pa=+0.00 | srch=0.00 | wall=3.50
R4[GIVE_UP   ]: L=+1.00 R=+1.00 | carry=0 | base=0.14 ba=-0.00 | site=0 sd=0.00 sa=+0.00 | phero=0 pd=0.00 pa=+0.00 | srch=0.57 | wall=4.10

[EMPTY_RTN] R4 → phero(-2.30,3.44)
[DEPOSIT] Robot 3 deposited! Total: 62
  [PHERO] Laid at (-1.67, -2.54) density=11 prob=1.00 total_entries=5
  [TARGET] Robot 3 → SITE (-1.67,-2.54)

======================================================================
Step 26500 (14.1 min) | Pickups: 62 | Deposits: 62 | Rate: 4.39 tags/min | phero_entries=4 phero_max=0.674
======================================================================
R1[EXPLORE   ]: L=+1.00 R=+1.00 | carry=0 | base=0.38 ba=-0.59 | site=0 sd=0.00 sa=+0.00 | phero=0 pd=0.00 pa=+0.00 | srch=1.00 | wall=3.52
R2[SITE      ]: L=+0.98 R=+1.00 | carry=0 | base=1.14 ba=+0.72 | site=1 sd=0.38 sa=+0.23 | phero=0 pd=0.00 pa=+0.00 | srch=0.29 | wall=0.65
R3[SITE      ]: L=+1.00 R=+1.00 | carry=0 | base=0.21 ba=+1.00 | site=1 sd=0.67 sa=+0.12 | phero=0 pd=0.00 pa=+0.00 | srch=0.06 | wall=3.92
R4[PHERO     ]: L=+0.61 R=+0.61 | carry=0 | base=0.17 ba=-1.00 | site=0 sd=0.00 sa=+0.00 | phero=1 pd=1.00 pa=-0.03 | srch=0.11 | wall=4.04


======================================================================
Step 27000 (14.4 min) | Pickups: 62 | Deposits: 62 | Rate: 4.31 tags/min | phero_entries=3 phero_max=0.303
======================================================================
R1[EXPLORE   ]: L=+1.00 R=+1.00 | carry=0 | base=0.75 ba=-0.84 | site=0 sd=0.00 sa=+0.00 | phero=0 pd=0.00 pa=+0.00 | srch=1.00 | wall=1.87
R2[SITE      ]: L=+0.50 R=+1.00 | carry=0 | base=1.18 ba=-0.13 | site=1 sd=0.02 sa=+0.31 | phero=0 pd=0.00 pa=+0.00 | srch=0.42 | wall=1.09
R3[SITE      ]: L=+0.98 R=+1.00 | carry=0 | base=0.74 ba=+0.87 | site=1 sd=0.15 sa=+0.05 | phero=0 pd=0.00 pa=+0.00 | srch=0.19 | wall=2.47
R4[PHERO     ]: L=+0.29 R=+0.29 | carry=0 | base=0.41 ba=-0.96 | site=0 sd=0.00 sa=+0.00 | phero=1 pd=0.77 pa=+0.02 | srch=0.24 | wall=3.34

[PICKUP] Robot 2 picked up tag (density=19) | Total: 63
[PICKUP] Robot 3 picked up tag (density=10) | Total: 64

======================================================================
Step 27500 (14.7 min) | Pickups: 64 | Deposits: 62 | Rate: 4.23 tags/min | phero_entries=3 phero_max=0.136
======================================================================
R1[WALL_ESC  ]: L=+1.00 R=+0.00 | carry=0 | base=1.23 ba=-0.59 | site=0 sd=0.00 sa=+0.00 | phero=0 pd=0.00 pa=+0.00 | srch=1.00 | wall=0.33
R2[RTB       ]: L=+1.00 R=+1.00 | carry=1 | base=0.70 ba=-0.00 | site=0 sd=0.00 sa=+0.00 | phero=0 pd=0.00 pa=+0.00 | srch=0.00 | wall=2.44
R3[RTB       ]: L=+1.00 R=+1.00 | carry=1 | base=0.57 ba=+0.00 | site=0 sd=0.00 sa=+0.00 | phero=0 pd=0.00 pa=+0.00 | srch=0.00 | wall=2.77
R4[PHERO     ]: L=+0.76 R=+0.77 | carry=0 | base=0.80 ba=-0.98 | site=0 sd=0.00 sa=+0.00 | phero=1 pd=0.41 pa=+0.16 | srch=0.36 | wall=1.97

[PICKUP] Robot 4 picked up tag (density=16) | Total: 65
[DEPOSIT] Robot 3 deposited! Total: 63
  [PHERO] Laid at (-1.63, -2.54) density=10 prob=1.00 total_entries=4
  [TARGET] Robot 3 → SITE (-1.63,-2.54)

======================================================================
Step 28000 (14.9 min) | Pickups: 65 | Deposits: 63 | Rate: 4.22 tags/min | phero_entries=4 phero_max=0.935
======================================================================
R1[EXPLORE   ]: L=+1.00 R=+1.00 | carry=0 | base=0.87 ba=-0.30 | site=0 sd=0.00 sa=+0.00 | phero=0 pd=0.00 pa=+0.00 | srch=1.00 | wall=1.93
R2[RTB       ]: L=+1.00 R=+1.00 | carry=1 | base=0.15 ba=-0.00 | site=0 sd=0.00 sa=+0.00 | phero=0 pd=0.00 pa=+0.00 | srch=0.00 | wall=4.06
R3[BASE_ESC  ]: L=+1.00 R=+0.00 | carry=0 | base=0.06 ba=+0.40 | site=1 sd=0.80 sa=-0.64 | phero=0 pd=0.00 pa=+0.00 | srch=0.01 | wall=4.30
R4[RTB       ]: L=+1.00 R=+1.00 | carry=1 | base=0.48 ba=-0.00 | site=0 sd=0.00 sa=+0.00 | phero=0 pd=0.00 pa=+0.00 | srch=0.00 | wall=2.96

[DEPOSIT] Robot 2 deposited! Total: 64
  [PHERO] Laid at (-2.26, 3.39) density=19 prob=1.00 total_entries=5
  [TARGET] Robot 2 → SITE (-2.26,3.39)
[PICKUP] Robot 3 picked up tag (density=10) | Total: 66
[DEPOSIT] Robot 4 deposited! Total: 65
  [PHERO] Laid at (-1.25, 2.66) density=16 prob=1.00 total_entries=5
  [TARGET] Robot 4 → SITE (-1.25,2.66)

======================================================================
Step 28500 (15.2 min) | Pickups: 66 | Deposits: 65 | Rate: 4.28 tags/min | phero_entries=5 phero_max=0.811
======================================================================
R1[EXPLORE   ]: L=+1.00 R=+1.00 | carry=0 | base=0.71 ba=-0.53 | site=0 sd=0.00 sa=+0.00 | phero=0 pd=0.00 pa=+0.00 | srch=1.00 | wall=2.13
R2[SITE      ]: L=+1.00 R=+1.00 | carry=0 | base=0.42 ba=-0.99 | site=1 sd=0.83 sa=+0.26 | phero=0 pd=0.00 pa=+0.00 | srch=0.11 | wall=3.04
R3[RTB       ]: L=+0.92 R=+1.00 | carry=1 | base=0.33 ba=+0.03 | site=0 sd=0.00 sa=+0.00 | phero=0 pd=0.00 pa=+0.00 | srch=0.00 | wall=3.34
R4[SITE      ]: L=+1.00 R=+1.00 | carry=0 | base=0.09 ba=-0.91 | site=1 sd=0.75 sa=+0.23 | phero=0 pd=0.00 pa=+0.00 | srch=0.03 | wall=4.18

[DEPOSIT] Robot 3 deposited! Total: 66
  [PHERO] Laid at (-0.25, -1.27) density=10 prob=1.00 total_entries=6
  [TARGET] Robot 3 → SITE (-0.25,-1.27)
[PICKUP] Robot 1 picked up tag (density=14) | Total: 67

======================================================================
Step 29000 (15.5 min) | Pickups: 67 | Deposits: 66 | Rate: 4.27 tags/min | phero_entries=6 phero_max=0.660
======================================================================
R1[RTB       ]: L=+1.00 R=+1.00 | carry=1 | base=0.74 ba=-0.00 | site=0 sd=0.00 sa=+0.00 | phero=0 pd=0.00 pa=+0.00 | srch=0.00 | wall=1.92
R2[SITE      ]: L=+1.00 R=+1.00 | carry=0 | base=0.93 ba=+0.82 | site=1 sd=0.49 sa=+0.24 | phero=0 pd=0.00 pa=+0.00 | srch=0.23 | wall=1.30
R3[SITE      ]: L=+1.00 R=+0.92 | carry=0 | base=0.22 ba=-0.85 | site=1 sd=0.20 sa=-0.16 | phero=0 pd=0.00 pa=+0.00 | srch=0.06 | wall=3.75
R4[SITE      ]: L=+0.96 R=+1.00 | carry=0 | base=0.61 ba=+0.85 | site=1 sd=0.29 sa=+0.09 | phero=0 pd=0.00 pa=+0.00 | srch=0.16 | wall=2.41

[PICKUP] Robot 3 picked up tag (density=9) | Total: 68
[PICKUP] Robot 4 picked up tag (density=15) | Total: 69
[DEPOSIT] Robot 3 deposited! Total: 67
  [PHERO] Laid at (-0.03, -1.17) density=9 prob=1.00 total_entries=7
  [TARGET] Robot 3 → SITE (-0.03,-1.17)

======================================================================
Step 29500 (15.7 min) | Pickups: 69 | Deposits: 67 | Rate: 4.26 tags/min | phero_entries=7 phero_max=0.934
======================================================================
R1[RTB       ]: L=+1.00 R=+1.00 | carry=1 | base=0.19 ba=-0.00 | site=0 sd=0.00 sa=+0.00 | phero=0 pd=0.00 pa=+0.00 | srch=0.00 | wall=3.82
R2[SITE      ]: L=+1.00 R=+1.00 | carry=0 | base=1.24 ba=+0.39 | site=1 sd=0.14 sa=+0.09 | phero=0 pd=0.00 pa=+0.00 | srch=0.36 | wall=0.67
R3[BASE_ESC  ]: L=+0.00 R=+1.00 | carry=0 | base=0.06 ba=-0.42 | site=1 sd=0.27 sa=+0.65 | phero=0 pd=0.00 pa=+0.00 | srch=0.01 | wall=4.29
R4[RTB       ]: L=+1.00 R=+1.00 | carry=1 | base=0.70 ba=+0.00 | site=0 sd=0.00 sa=+0.00 | phero=0 pd=0.00 pa=+0.00 | srch=0.00 | wall=2.34

[DEPOSIT] Robot 1 deposited! Total: 68
  [PHERO] Laid at (2.93, -0.23) density=14 prob=1.00 total_entries=8
  [TARGET] Robot 1 → SITE (2.93,-0.23)
[PICKUP] Robot 2 picked up tag (density=18) | Total: 70

======================================================================
Step 30000 (16.0 min) | Pickups: 70 | Deposits: 68 | Rate: 4.25 tags/min | phero_entries=7 phero_max=0.538
======================================================================
R1[SITE      ]: L=+1.00 R=+1.00 | carry=0 | base=0.37 ba=-0.98 | site=1 sd=0.57 sa=+0.32 | phero=0 pd=0.00 pa=+0.00 | srch=0.10 | wall=3.48
R2[RTB       ]: L=+1.00 R=+1.00 | carry=1 | base=0.79 ba=+0.00 | site=0 sd=0.00 sa=+0.00 | phero=0 pd=0.00 pa=+0.00 | srch=0.00 | wall=2.24
R3[SITE      ]: L=+0.03 R=+0.02 | carry=0 | base=0.22 ba=-0.95 | site=1 sd=0.13 sa=-0.15 | phero=0 pd=0.00 pa=+0.00 | srch=0.14 | wall=3.75
R4[RTB       ]: L=+1.00 R=+1.00 | carry=1 | base=0.15 ba=+0.00 | site=0 sd=0.00 sa=+0.00 | phero=0 pd=0.00 pa=+0.00 | srch=0.00 | wall=4.04

[DEPOSIT] Robot 4 deposited! Total: 69
  [PHERO] Laid at (-1.28, 2.68) density=15 prob=1.00 total_entries=8
  [TARGET] Robot 4 → SITE (-1.28,2.68)
[PICKUP] Robot 3 picked up tag (density=8) | Total: 71

======================================================================
Step 30500 (16.3 min) | Pickups: 71 | Deposits: 69 | Rate: 4.24 tags/min | phero_entries=8 phero_max=0.503
======================================================================
R1[SITE      ]: L=+0.97 R=+1.00 | carry=0 | base=0.90 ba=+0.87 | site=1 sd=0.39 sa=+0.49 | phero=0 pd=0.00 pa=+0.00 | srch=0.22 | wall=1.79
R2[RTB       ]: L=+1.00 R=+1.00 | carry=1 | base=0.24 ba=+0.00 | site=0 sd=0.00 sa=+0.00 | phero=0 pd=0.00 pa=+0.00 | srch=0.00 | wall=3.81
R3[RTB       ]: L=+1.00 R=+0.99 | carry=1 | base=0.25 ba=-0.00 | site=0 sd=0.00 sa=+0.00 | phero=0 pd=0.00 pa=+0.00 | srch=0.00 | wall=3.63
R4[SITE      ]: L=+1.00 R=+1.00 | carry=0 | base=0.40 ba=-0.97 | site=1 sd=0.45 sa=+0.05 | phero=0 pd=0.00 pa=+0.00 | srch=0.11 | wall=3.23

[DEPOSIT] Robot 2 deposited! Total: 70
  [PHERO] Laid at (-2.28, 3.30) density=18 prob=1.00 total_entries=8
  [TARGET] Robot 2 → SITE (-2.28,3.30)
[DEPOSIT] Robot 3 deposited! Total: 71
  [PHERO] Laid at (-0.03, -1.19) density=8 prob=1.00 total_entries=9
  [TARGET] Robot 3 → SITE (-0.03,-1.19)
[PICKUP] Robot 4 picked up tag (density=14) | Total: 72

======================================================================
Step 31000 (16.5 min) | Pickups: 72 | Deposits: 71 | Rate: 4.29 tags/min | phero_entries=9 phero_max=0.583
======================================================================
R1[SITE      ]: L=+1.00 R=+1.00 | carry=0 | base=1.22 ba=+0.12 | site=1 sd=0.43 sa=-0.01 | phero=0 pd=0.00 pa=+0.00 | srch=0.35 | wall=0.38
R2[SITE      ]: L=+1.00 R=+1.00 | carry=0 | base=0.32 ba=+0.97 | site=1 sd=0.89 sa=-0.27 | phero=0 pd=0.00 pa=+0.00 | srch=0.09 | wall=3.46
R3[SITE      ]: L=+0.59 R=+1.00 | carry=0 | base=0.29 ba=+0.76 | site=1 sd=0.06 sa=-0.01 | phero=0 pd=0.00 pa=+0.00 | srch=0.08 | wall=3.48
R4[RTB       ]: L=+1.00 R=+0.00 | carry=1 | base=0.87 ba=-0.84 | site=0 sd=0.00 sa=+0.00 | phero=0 pd=0.00 pa=+0.00 | srch=0.00 | wall=1.75

[PICKUP] Robot 3 picked up tag (density=7) | Total: 73
[DEPOSIT] Robot 3 deposited! Total: 72
  [PHERO] Laid at (0.08, -1.25) density=7 prob=0.99 total_entries=10
  [TARGET] Robot 3 → SITE (0.08,-1.25)

======================================================================
Step 31500 (16.8 min) | Pickups: 73 | Deposits: 72 | Rate: 4.29 tags/min | phero_entries=10 phero_max=0.903
======================================================================
R1[EXPLORE   ]: L=+1.00 R=+1.00 | carry=0 | base=0.74 ba=+0.21 | site=0 sd=0.00 sa=+0.00 | phero=0 pd=0.00 pa=+0.00 | srch=0.47 | wall=1.90
R2[SITE      ]: L=+1.00 R=+0.95 | carry=0 | base=0.85 ba=-0.82 | site=1 sd=0.60 sa=-0.24 | phero=0 pd=0.00 pa=+0.00 | srch=0.21 | wall=1.81
R3[BASE_ESC  ]: L=+1.00 R=+0.00 | carry=0 | base=0.06 ba=+0.55 | site=1 sd=0.30 sa=-0.53 | phero=0 pd=0.00 pa=+0.00 | srch=0.02 | wall=4.29
R4[RTB       ]: L=+1.00 R=+1.00 | carry=1 | base=0.44 ba=-0.00 | site=0 sd=0.00 sa=+0.00 | phero=0 pd=0.00 pa=+0.00 | srch=0.00 | wall=3.08

[DEPOSIT] Robot 4 deposited! Total: 73
  [PHERO] Laid at (-1.31, 2.74) density=14 prob=1.00 total_entries=11
  [TARGET] Robot 4 → SITE (-1.31,2.74)
[PICKUP] Robot 3 picked up tag (density=6) | Total: 74

======================================================================
Step 32000 (17.1 min) | Pickups: 74 | Deposits: 73 | Rate: 4.28 tags/min | phero_entries=11 phero_max=0.772
======================================================================
R1[EXPLORE   ]: L=+0.85 R=+1.00 | carry=0 | base=0.42 ba=+0.25 | site=0 sd=0.00 sa=+0.00 | phero=0 pd=0.00 pa=+0.00 | srch=0.60 | wall=3.46
R2[SITE      ]: L=+1.00 R=+1.00 | carry=0 | base=1.12 ba=-0.54 | site=1 sd=0.14 sa=+0.01 | phero=0 pd=0.00 pa=+0.00 | srch=0.34 | wall=1.56
R3[RTB       ]: L=+1.00 R=+0.92 | carry=1 | base=0.32 ba=-0.03 | site=0 sd=0.00 sa=+0.00 | phero=0 pd=0.00 pa=+0.00 | srch=0.00 | wall=3.36
R4[SITE      ]: L=+1.00 R=+1.00 | carry=0 | base=0.13 ba=-0.94 | site=1 sd=0.76 sa=+0.23 | phero=0 pd=0.00 pa=+0.00 | srch=0.04 | wall=4.06

[PICKUP] Robot 2 picked up tag (density=17) | Total: 75
[DEPOSIT] Robot 3 deposited! Total: 74
  [PHERO] Laid at (0.09, -1.29) density=6 prob=0.97 total_entries=12
  [TARGET] Robot 3 → SITE (0.09,-1.29)

======================================================================
Step 32500 (17.3 min) | Pickups: 75 | Deposits: 74 | Rate: 4.27 tags/min | phero_entries=10 phero_max=0.651
======================================================================
R1[EXPLORE   ]: L=+1.00 R=+1.00 | carry=0 | base=0.23 ba=-0.74 | site=0 sd=0.00 sa=+0.00 | phero=0 pd=0.00 pa=+0.00 | srch=0.72 | wall=3.86
R2[RTB       ]: L=+1.00 R=+1.00 | carry=1 | base=0.80 ba=-0.00 | site=0 sd=0.00 sa=+0.00 | phero=0 pd=0.00 pa=+0.00 | srch=0.00 | wall=2.15
R3[SITE      ]: L=+1.00 R=+1.00 | carry=0 | base=0.21 ba=+0.93 | site=1 sd=0.16 sa=-0.08 | phero=0 pd=0.00 pa=+0.00 | srch=0.07 | wall=3.77
R4[SITE      ]: L=+0.96 R=+1.00 | carry=0 | base=0.67 ba=+0.96 | site=1 sd=0.38 sa=+0.36 | phero=0 pd=0.00 pa=+0.00 | srch=0.17 | wall=2.16

[PICKUP] Robot 3 picked up tag (density=5) | Total: 76
[PICKUP] Robot 4 picked up tag (density=13) | Total: 77

======================================================================
Step 33000 (17.6 min) | Pickups: 77 | Deposits: 74 | Rate: 4.20 tags/min | phero_entries=9 phero_max=0.293
======================================================================
R1[EXPLORE   ]: L=+1.00 R=+1.00 | carry=0 | base=0.72 ba=-0.93 | site=0 sd=0.00 sa=+0.00 | phero=0 pd=0.00 pa=+0.00 | srch=0.85 | wall=1.97
R2[RTB       ]: L=+1.00 R=+1.00 | carry=1 | base=0.25 ba=-0.00 | site=0 sd=0.00 sa=+0.00 | phero=0 pd=0.00 pa=+0.00 | srch=0.00 | wall=3.76
R3[RTB       ]: L=+1.00 R=+1.00 | carry=1 | base=0.14 ba=-0.00 | site=0 sd=0.00 sa=+0.00 | phero=0 pd=0.00 pa=+0.00 | srch=0.00 | wall=4.00
R4[RTB       ]: L=+0.72 R=+1.00 | carry=1 | base=0.92 ba=+0.11 | site=0 sd=0.00 sa=+0.00 | phero=0 pd=0.00 pa=+0.00 | srch=0.00 | wall=1.55

[DEPOSIT] Robot 3 deposited! Total: 75
  [PHERO] Laid at (0.08, -1.33) density=5 prob=0.92 total_entries=9
  [TARGET] Robot 3 → SITE (0.08,-1.33)
[DEPOSIT] Robot 2 deposited! Total: 76
  [PHERO] Laid at (-2.25, 3.32) density=17 prob=1.00 total_entries=10
  [TARGET] Robot 2 → SITE (-2.25,3.32)
[GIVE-UP] R1 giving up after 3643 steps
[PICKUP] Robot 3 picked up tag (density=4) | Total: 78

======================================================================
Step 33500 (17.9 min) | Pickups: 78 | Deposits: 76 | Rate: 4.25 tags/min | phero_entries=10 phero_max=0.583
======================================================================
R1[GIVE_UP   ]: L=+1.00 R=+1.00 | carry=0 | base=0.86 ba=-0.00 | site=0 sd=0.00 sa=+0.00 | phero=0 pd=0.00 pa=+0.00 | srch=0.97 | wall=1.49
R2[SITE      ]: L=+1.00 R=+1.00 | carry=0 | base=0.32 ba=-0.99 | site=1 sd=0.89 sa=+0.25 | phero=0 pd=0.00 pa=+0.00 | srch=0.08 | wall=3.39
R3[RTB       ]: L=+0.00 R=+1.00 | carry=1 | base=0.39 ba=+0.93 | site=0 sd=0.00 sa=+0.00 | phero=0 pd=0.00 pa=+0.00 | srch=0.00 | wall=3.12
R4[RTB       ]: L=+1.00 R=+1.00 | carry=1 | base=0.38 ba=+0.00 | site=0 sd=0.00 sa=+0.00 | phero=0 pd=0.00 pa=+0.00 | srch=0.00 | wall=3.30

[DEPOSIT] Robot 4 deposited! Total: 77
  [PHERO] Laid at (-1.28, 3.04) density=13 prob=1.00 total_entries=10
  [TARGET] Robot 4 → SITE (-1.28,3.04)
[PICKUP] Robot 1 picked up tag (density=3) | Total: 79
[DEPOSIT] Robot 3 deposited! Total: 78
  [PHERO] Laid at (0.09, -1.37) density=4 prob=0.82 total_entries=11
  [TARGET] Robot 3 → SITE (0.09,-1.37)

======================================================================
Step 34000 (18.1 min) | Pickups: 79 | Deposits: 78 | Rate: 4.30 tags/min | phero_entries=10 phero_max=0.866
======================================================================
R1[RTB       ]: L=+1.00 R=+1.00 | carry=1 | base=0.31 ba=-0.00 | site=0 sd=0.00 sa=+0.00 | phero=0 pd=0.00 pa=+0.00 | srch=0.00 | wall=3.41
R2[SITE      ]: L=+0.91 R=+1.00 | carry=0 | base=0.84 ba=+0.80 | site=1 sd=0.55 sa=+0.20 | phero=0 pd=0.00 pa=+0.00 | srch=0.21 | wall=1.60
R3[BASE_ESC  ]: L=+1.00 R=+0.06 | carry=0 | base=0.06 ba=+0.77 | site=1 sd=0.33 sa=-0.34 | phero=0 pd=0.00 pa=+0.00 | srch=0.02 | wall=4.29
R4[SITE      ]: L=+1.00 R=+1.00 | carry=0 | base=0.19 ba=+1.00 | site=1 sd=0.77 sa=-0.14 | phero=0 pd=0.00 pa=+0.00 | srch=0.06 | wall=4.01

[DEPOSIT] Robot 1 deposited! Total: 79
  [PHERO] Laid at (-0.05, -1.62) density=3 prob=0.65 total_entries=11
  [TARGET] Robot 1 → SITE (-0.05,-1.62)

======================================================================
Step 34500 (18.4 min) | Pickups: 79 | Deposits: 79 | Rate: 4.29 tags/min | phero_entries=10 phero_max=0.638
======================================================================
R1[SITE      ]: L=+1.00 R=+1.00 | carry=0 | base=0.25 ba=+1.00 | site=1 sd=0.23 sa=+0.15 | phero=0 pd=0.00 pa=+0.00 | srch=0.07 | wall=3.67
R2[SITE      ]: L=+0.92 R=+1.00 | carry=0 | base=1.24 ba=+0.65 | site=1 sd=0.18 sa=+0.35 | phero=0 pd=0.00 pa=+0.00 | srch=0.33 | wall=0.62
R3[SITE      ]: L=+0.33 R=+0.30 | carry=0 | base=0.36 ba=-0.79 | site=1 sd=0.04 sa=-0.03 | phero=0 pd=0.00 pa=+0.00 | srch=0.15 | wall=3.25
R4[SITE      ]: L=+1.00 R=+1.00 | carry=0 | base=0.69 ba=-0.87 | site=1 sd=0.25 sa=+0.15 | phero=0 pd=0.00 pa=+0.00 | srch=0.18 | wall=2.25

[PICKUP] Robot 3 picked up tag (density=2) | Total: 80
[PICKUP] Robot 1 picked up tag (density=1) | Total: 81
[PICKUP] Robot 2 picked up tag (density=16) | Total: 82

======================================================================
Step 35000 (18.7 min) | Pickups: 82 | Deposits: 79 | Rate: 4.23 tags/min | phero_entries=8 phero_max=0.287
======================================================================
R1[RTB       ]: L=+1.00 R=+1.00 | carry=1 | base=0.13 ba=+0.00 | site=0 sd=0.00 sa=+0.00 | phero=0 pd=0.00 pa=+0.00 | srch=0.00 | wall=4.06
R2[RTB       ]: L=+1.00 R=+1.00 | carry=1 | base=0.93 ba=-0.00 | site=0 sd=0.00 sa=+0.00 | phero=0 pd=0.00 pa=+0.00 | srch=0.00 | wall=1.79
R3[RTB       ]: L=+1.00 R=+1.00 | carry=1 | base=0.08 ba=-0.00 | site=0 sd=0.00 sa=+0.00 | phero=0 pd=0.00 pa=+0.00 | srch=0.00 | wall=4.23
R4[EXPLORE   ]: L=+1.00 R=+0.99 | carry=0 | base=1.15 ba=-0.78 | site=0 sd=0.00 sa=+0.00 | phero=0 pd=0.00 pa=+0.00 | srch=0.31 | wall=0.68

[DEPOSIT] Robot 3 deposited! Total: 80
  [TARGET] Robot 3 → SITE (0.06,-1.41)
[DEPOSIT] Robot 1 deposited! Total: 81
  [TARGET] Robot 1 → SITE (-0.27,-1.37)

======================================================================
Step 35500 (18.9 min) | Pickups: 82 | Deposits: 81 | Rate: 4.28 tags/min | phero_entries=8 phero_max=0.129
======================================================================
R1[SITE      ]: L=+0.92 R=+1.00 | carry=0 | base=0.41 ba=+0.92 | site=1 sd=0.16 sa=+0.51 | phero=0 pd=0.00 pa=+0.00 | srch=0.11 | wall=3.31
R2[RTB       ]: L=+1.00 R=+1.00 | carry=1 | base=0.38 ba=-0.00 | site=0 sd=0.00 sa=+0.00 | phero=0 pd=0.00 pa=+0.00 | srch=0.00 | wall=3.39
R3[SITE      ]: L=+0.52 R=+0.50 | carry=0 | base=0.37 ba=-0.88 | site=1 sd=0.04 sa=-0.03 | phero=0 pd=0.00 pa=+0.00 | srch=0.12 | wall=3.22
R4[EXPLORE   ]: L=+1.00 R=+0.48 | carry=0 | base=0.82 ba=+0.61 | site=0 sd=0.00 sa=+0.00 | phero=0 pd=0.00 pa=+0.00 | srch=0.43 | wall=1.84

[DEPOSIT] Robot 2 deposited! Total: 82
  [PHERO] Laid at (-2.26, 3.27) density=16 prob=1.00 total_entries=8
  [TARGET] Robot 2 → SITE (-2.26,3.27)

======================================================================
Step 36000 (19.2 min) | Pickups: 82 | Deposits: 82 | Rate: 4.27 tags/min | phero_entries=8 phero_max=0.708
======================================================================
R1[EXPLORE   ]: L=+1.00 R=+1.00 | carry=0 | base=0.20 ba=-0.15 | site=0 sd=0.00 sa=+0.00 | phero=0 pd=0.00 pa=+0.00 | srch=0.23 | wall=3.86
R2[SITE      ]: L=+1.00 R=+1.00 | carry=0 | base=0.19 ba=-0.96 | site=1 sd=0.97 sa=+0.22 | phero=0 pd=0.00 pa=+0.00 | srch=0.05 | wall=3.86
R3[EXPLORE   ]: L=+1.00 R=+1.00 | carry=0 | base=0.86 ba=-0.93 | site=0 sd=0.00 sa=+0.00 | phero=0 pd=0.00 pa=+0.00 | srch=0.25 | wall=1.53
R4[WALL_ESC  ]: L=+1.00 R=+0.00 | carry=0 | base=1.27 ba=-0.51 | site=0 sd=0.00 sa=+0.00 | phero=0 pd=0.00 pa=+0.00 | srch=0.56 | wall=0.31


======================================================================
Step 36500 (19.5 min) | Pickups: 82 | Deposits: 82 | Rate: 4.21 tags/min | phero_entries=7 phero_max=0.318
======================================================================
R1[EXPLORE   ]: L=+1.00 R=+1.00 | carry=0 | base=0.38 ba=-0.92 | site=0 sd=0.00 sa=+0.00 | phero=0 pd=0.00 pa=+0.00 | srch=0.36 | wall=3.23
R2[SITE      ]: L=+1.00 R=+1.00 | carry=0 | base=0.73 ba=-0.99 | site=1 sd=0.65 sa=+0.40 | phero=0 pd=0.00 pa=+0.00 | srch=0.18 | wall=1.94
R3[EXPLORE   ]: L=+1.00 R=+1.00 | carry=0 | base=1.18 ba=-0.17 | site=0 sd=0.00 sa=+0.00 | phero=0 pd=0.00 pa=+0.00 | srch=0.37 | wall=0.57
R4[EXPLORE   ]: L=+1.00 R=+1.00 | carry=0 | base=0.80 ba=-0.12 | site=0 sd=0.00 sa=+0.00 | phero=0 pd=0.00 pa=+0.00 | srch=0.68 | wall=1.74

[PICKUP] Robot 3 picked up tag (density=9) | Total: 83

======================================================================
Step 37000 (19.7 min) | Pickups: 83 | Deposits: 82 | Rate: 4.16 tags/min | phero_entries=6 phero_max=0.143
======================================================================
R1[EXPLORE   ]: L=+1.00 R=+1.00 | carry=0 | base=0.92 ba=-0.97 | site=0 sd=0.00 sa=+0.00 | phero=0 pd=0.00 pa=+0.00 | srch=0.49 | wall=1.31
R2[WALL_ESC  ]: L=+0.00 R=+1.00 | carry=0 | base=1.19 ba=+0.34 | site=1 sd=0.65 sa=-0.04 | phero=0 pd=0.00 pa=+0.00 | srch=0.30 | wall=0.32
R3[RTB       ]: L=+1.00 R=+1.00 | carry=1 | base=0.69 ba=-0.00 | site=0 sd=0.00 sa=+0.00 | phero=0 pd=0.00 pa=+0.00 | srch=0.00 | wall=2.35
R4[EXPLORE   ]: L=+1.00 R=+1.00 | carry=0 | base=0.36 ba=-0.32 | site=0 sd=0.00 sa=+0.00 | phero=0 pd=0.00 pa=+0.00 | srch=0.81 | wall=3.34

[GIVE-UP] R1 giving up after 2069 steps

======================================================================
Step 37500 (20.0 min) | Pickups: 83 | Deposits: 82 | Rate: 4.10 tags/min | phero_entries=4 phero_max=0.064
======================================================================
R1[GIVE_UP   ]: L=+1.00 R=+1.00 | carry=0 | base=0.79 ba=-0.00 | site=0 sd=0.00 sa=+0.00 | phero=0 pd=0.00 pa=+0.00 | srch=0.61 | wall=1.77
R2[SITE      ]: L=+1.00 R=+0.94 | carry=0 | base=0.80 ba=+0.42 | site=1 sd=0.40 sa=-0.36 | phero=0 pd=0.00 pa=+0.00 | srch=0.43 | wall=1.91
R3[RTB       ]: L=+1.00 R=+1.00 | carry=1 | base=0.14 ba=-0.00 | site=0 sd=0.00 sa=+0.00 | phero=0 pd=0.00 pa=+0.00 | srch=0.00 | wall=4.05
R4[EXPLORE   ]: L=+1.00 R=+0.99 | carry=0 | base=0.27 ba=-0.46 | site=0 sd=0.00 sa=+0.00 | phero=0 pd=0.00 pa=+0.00 | srch=0.93 | wall=3.67

[DEPOSIT] Robot 3 deposited! Total: 83
  [PHERO] Laid at (-1.46, -2.91) density=9 prob=1.00 total_entries=5
  [TARGET] Robot 3 → SITE (-1.46,-2.91)
[PICKUP] Robot 2 picked up tag (density=15) | Total: 84

======================================================================
Step 38000 (20.3 min) | Pickups: 84 | Deposits: 83 | Rate: 4.10 tags/min | phero_entries=5 phero_max=0.500
======================================================================
R1[GIVE_UP   ]: L=+1.00 R=+1.00 | carry=0 | base=0.24 ba=-0.00 | site=0 sd=0.00 sa=+0.00 | phero=0 pd=0.00 pa=+0.00 | srch=0.74 | wall=3.67
R2[RTB       ]: L=+1.00 R=+0.00 | carry=1 | base=1.11 ba=-0.63 | site=0 sd=0.00 sa=+0.00 | phero=0 pd=0.00 pa=+0.00 | srch=0.00 | wall=1.37
R3[SITE      ]: L=+0.71 R=+1.00 | carry=0 | base=0.41 ba=+0.86 | site=1 sd=0.58 sa=+0.10 | phero=0 pd=0.00 pa=+0.00 | srch=0.11 | wall=3.37
R4[EXPLORE   ]: L=+1.00 R=+0.56 | carry=0 | base=0.34 ba=-0.48 | site=0 sd=0.00 sa=+0.00 | phero=0 pd=0.00 pa=+0.00 | srch=1.00 | wall=3.66

[EMPTY_RTN] R1 → phero(-1.46,-2.91)

======================================================================
Step 38500 (20.5 min) | Pickups: 84 | Deposits: 83 | Rate: 4.04 tags/min | phero_entries=3 phero_max=0.225
======================================================================
R1[PHERO     ]: L=+1.00 R=+1.00 | carry=0 | base=0.23 ba=-0.86 | site=0 sd=0.00 sa=+0.00 | phero=1 pd=1.00 pa=-0.62 | srch=0.09 | wall=3.71
R2[RTB       ]: L=+1.00 R=+1.00 | carry=1 | base=0.64 ba=-0.00 | site=0 sd=0.00 sa=+0.00 | phero=0 pd=0.00 pa=+0.00 | srch=0.00 | wall=2.66
R3[SITE      ]: L=+0.96 R=+0.91 | carry=0 | base=0.86 ba=+0.94 | site=1 sd=0.07 sa=-0.08 | phero=0 pd=0.00 pa=+0.00 | srch=0.23 | wall=1.80
R4[EXPLORE   ]: L=+1.00 R=+0.06 | carry=0 | base=0.22 ba=+0.80 | site=0 sd=0.00 sa=+0.00 | phero=0 pd=0.00 pa=+0.00 | srch=1.00 | wall=3.91


======================================================================
Step 39000 (20.8 min) | Pickups: 84 | Deposits: 83 | Rate: 3.99 tags/min | phero_entries=2 phero_max=0.101
======================================================================
R1[PHERO     ]: L=+1.00 R=+1.00 | carry=0 | base=0.57 ba=-0.76 | site=0 sd=0.00 sa=+0.00 | phero=1 pd=0.87 pa=-0.33 | srch=0.21 | wall=2.95
R2[RTB       ]: L=+1.00 R=+1.00 | carry=1 | base=0.09 ba=-0.00 | site=0 sd=0.00 sa=+0.00 | phero=0 pd=0.00 pa=+0.00 | srch=0.00 | wall=4.23
R3[EXPLORE   ]: L=+1.00 R=+1.00 | carry=0 | base=1.28 ba=-0.65 | site=0 sd=0.00 sa=+0.00 | phero=0 pd=0.00 pa=+0.00 | srch=0.36 | wall=0.91
R4[EXPLORE   ]: L=+1.00 R=+0.49 | carry=0 | base=0.22 ba=-0.20 | site=0 sd=0.00 sa=+0.00 | phero=0 pd=0.00 pa=+0.00 | srch=1.00 | wall=3.88

[DEPOSIT] Robot 2 deposited! Total: 84
  [PHERO] Laid at (-2.34, 3.11) density=15 prob=1.00 total_entries=3
  [TARGET] Robot 2 → SITE (-2.34,3.11)
[GIVE-UP] R4 giving up after 5353 steps
[EMPTY_RTN] R4 → phero(-2.34,3.11)

======================================================================
Step 39500 (21.1 min) | Pickups: 84 | Deposits: 84 | Rate: 3.99 tags/min | phero_entries=3 phero_max=0.465
======================================================================
R1[PHERO     ]: L=+0.87 R=+1.00 | carry=0 | base=0.72 ba=-0.63 | site=0 sd=0.00 sa=+0.00 | phero=1 pd=0.42 pa=-0.04 | srch=0.34 | wall=1.97
R2[SITE      ]: L=+1.00 R=+1.00 | carry=0 | base=0.47 ba=+1.00 | site=1 sd=0.75 sa=+0.28 | phero=0 pd=0.00 pa=+0.00 | srch=0.12 | wall=2.85
R3[EXPLORE   ]: L=+1.00 R=+0.76 | carry=0 | base=1.25 ba=+0.63 | site=0 sd=0.00 sa=+0.00 | phero=0 pd=0.00 pa=+0.00 | srch=0.48 | wall=1.07
R4[BASE_ESC  ]: L=+0.00 R=+1.00 | carry=0 | base=0.07 ba=-0.67 | site=0 sd=0.00 sa=+0.00 | phero=1 pd=1.00 pa=-0.46 | srch=0.09 | wall=4.25

[PICKUP] Robot 1 picked up tag (density=8) | Total: 85

======================================================================
Step 40000 (21.3 min) | Pickups: 85 | Deposits: 84 | Rate: 3.94 tags/min | phero_entries=3 phero_max=0.209
======================================================================
R1[RTB       ]: L=+1.00 R=+0.87 | carry=1 | base=0.91 ba=-0.05 | site=0 sd=0.00 sa=+0.00 | phero=0 pd=0.00 pa=+0.00 | srch=0.00 | wall=1.72
R2[SITE      ]: L=+0.97 R=+1.00 | carry=0 | base=1.01 ba=+0.84 | site=1 sd=0.54 sa=+0.36 | phero=0 pd=0.00 pa=+0.00 | srch=0.24 | wall=1.00
R3[EXPLORE   ]: L=+1.00 R=+1.00 | carry=0 | base=1.17 ba=+0.09 | site=0 sd=0.00 sa=+0.00 | phero=0 pd=0.00 pa=+0.00 | srch=0.61 | wall=0.91
R4[PHERO     ]: L=+0.55 R=+0.54 | carry=0 | base=0.22 ba=-0.90 | site=0 sd=0.00 sa=+0.00 | phero=1 pd=0.93 pa=-0.11 | srch=0.21 | wall=3.79


======================================================================
Step 40500 (21.6 min) | Pickups: 85 | Deposits: 84 | Rate: 3.89 tags/min | phero_entries=2 phero_max=0.094
======================================================================
R1[RTB       ]: L=+1.00 R=+1.00 | carry=1 | base=0.36 ba=-0.00 | site=0 sd=0.00 sa=+0.00 | phero=0 pd=0.00 pa=+0.00 | srch=0.00 | wall=3.39
R2[SITE      ]: L=+0.94 R=+1.00 | carry=0 | base=1.23 ba=+0.42 | site=1 sd=0.19 sa=+0.14 | phero=0 pd=0.00 pa=+0.00 | srch=0.37 | wall=0.76
R3[EXPLORE   ]: L=+1.00 R=+1.00 | carry=0 | base=0.66 ba=+0.17 | site=0 sd=0.00 sa=+0.00 | phero=0 pd=0.00 pa=+0.00 | srch=0.73 | wall=2.27
R4[PHERO     ]: L=+0.41 R=+0.41 | carry=0 | base=0.47 ba=-0.90 | site=0 sd=0.00 sa=+0.00 | phero=1 pd=0.68 pa=-0.06 | srch=0.34 | wall=3.17

[PICKUP] Robot 2 picked up tag (density=14) | Total: 86
[DEPOSIT] Robot 1 deposited! Total: 85
  [PHERO] Laid at (-1.54, -2.92) density=8 prob=1.00 total_entries=3
  [TARGET] Robot 1 → SITE (-1.54,-2.92)

======================================================================
Step 41000 (21.9 min) | Pickups: 86 | Deposits: 85 | Rate: 3.89 tags/min | phero_entries=3 phero_max=0.688
======================================================================
R1[SITE      ]: L=+1.00 R=+1.00 | carry=0 | base=0.20 ba=-0.96 | site=1 sd=0.77 sa=+0.23 | phero=0 pd=0.00 pa=+0.00 | srch=0.06 | wall=3.91
R2[RTB       ]: L=+0.97 R=+1.00 | carry=1 | base=0.81 ba=+0.01 | site=0 sd=0.00 sa=+0.00 | phero=0 pd=0.00 pa=+0.00 | srch=0.00 | wall=2.23
R3[EXPLORE   ]: L=+0.42 R=+1.00 | carry=0 | base=0.45 ba=+0.72 | site=0 sd=0.00 sa=+0.00 | phero=0 pd=0.00 pa=+0.00 | srch=0.86 | wall=2.92
R4[PHERO     ]: L=+0.86 R=+1.00 | carry=0 | base=0.80 ba=-0.80 | site=0 sd=0.00 sa=+0.00 | phero=1 pd=0.31 pa=+0.18 | srch=0.46 | wall=2.29

[PICKUP] Robot 4 picked up tag (density=21) | Total: 87

======================================================================
Step 41500 (22.1 min) | Pickups: 87 | Deposits: 85 | Rate: 3.84 tags/min | phero_entries=3 phero_max=0.309
======================================================================
R1[SITE      ]: L=+1.00 R=+1.00 | carry=0 | base=0.75 ba=+1.00 | site=1 sd=0.51 sa=+0.47 | phero=0 pd=0.00 pa=+0.00 | srch=0.18 | wall=2.21
R2[RTB       ]: L=+1.00 R=+1.00 | carry=1 | base=0.26 ba=+0.00 | site=0 sd=0.00 sa=+0.00 | phero=0 pd=0.00 pa=+0.00 | srch=0.00 | wall=3.76
R3[EXPLORE   ]: L=+0.09 R=+0.76 | carry=0 | base=0.38 ba=-0.51 | site=0 sd=0.00 sa=+0.00 | phero=0 pd=0.00 pa=+0.00 | srch=0.98 | wall=3.19
R4[RTB       ]: L=+1.00 R=+1.00 | carry=1 | base=0.80 ba=+0.00 | site=0 sd=0.00 sa=+0.00 | phero=0 pd=0.00 pa=+0.00 | srch=0.00 | wall=2.25

[DEPOSIT] Robot 2 deposited! Total: 86
  [PHERO] Laid at (-2.33, 3.05) density=14 prob=1.00 total_entries=4
  [TARGET] Robot 2 → SITE (-2.33,3.05)

======================================================================
Step 42000 (22.4 min) | Pickups: 87 | Deposits: 86 | Rate: 3.84 tags/min | phero_entries=3 phero_max=0.595
======================================================================
R1[SITE      ]: L=+1.00 R=+1.00 | carry=0 | base=1.27 ba=+0.84 | site=1 sd=0.59 sa=+0.59 | phero=0 pd=0.00 pa=+0.00 | srch=0.31 | wall=0.91
R2[SITE      ]: L=+1.00 R=+1.00 | carry=0 | base=0.30 ba=+0.97 | site=1 sd=0.85 sa=-0.26 | phero=0 pd=0.00 pa=+0.00 | srch=0.08 | wall=3.52
R3[EXPLORE   ]: L=+0.87 R=+1.00 | carry=0 | base=0.47 ba=+0.74 | site=0 sd=0.00 sa=+0.00 | phero=0 pd=0.00 pa=+0.00 | srch=1.00 | wall=2.86
R4[RTB       ]: L=+1.00 R=+1.00 | carry=1 | base=0.25 ba=+0.00 | site=0 sd=0.00 sa=+0.00 | phero=0 pd=0.00 pa=+0.00 | srch=0.00 | wall=3.80

[DEPOSIT] Robot 4 deposited! Total: 87
  [PHERO] Laid at (-1.97, 2.88) density=21 prob=1.00 total_entries=4
  [TARGET] Robot 4 → SITE (-1.97,2.88)

======================================================================
Step 42500 (22.7 min) | Pickups: 87 | Deposits: 87 | Rate: 3.84 tags/min | phero_entries=4 phero_max=0.581
======================================================================
R1[WALL_ESC  ]: L=+0.04 R=+1.00 | carry=0 | base=1.54 ba=+0.24 | site=1 sd=0.64 sa=+0.15 | phero=0 pd=0.00 pa=+0.00 | srch=0.43 | wall=0.34
R2[SITE      ]: L=+1.00 R=+1.00 | carry=0 | base=0.85 ba=+0.99 | site=1 sd=0.61 sa=-0.48 | phero=0 pd=0.00 pa=+0.00 | srch=0.21 | wall=1.68
R3[EXPLORE   ]: L=+1.00 R=+1.00 | carry=0 | base=0.38 ba=+0.55 | site=0 sd=0.00 sa=+0.00 | phero=0 pd=0.00 pa=+0.00 | srch=1.00 | wall=3.27
R4[SITE      ]: L=+1.00 R=+1.00 | carry=0 | base=0.32 ba=-0.99 | site=1 sd=0.72 sa=-0.18 | phero=0 pd=0.00 pa=+0.00 | srch=0.08 | wall=3.56


======================================================================
Step 43000 (22.9 min) | Pickups: 87 | Deposits: 87 | Rate: 3.79 tags/min | phero_entries=4 phero_max=0.261
======================================================================
R1[SITE      ]: L=+1.00 R=+1.00 | carry=0 | base=1.05 ba=+0.17 | site=1 sd=0.11 sa=+0.11 | phero=0 pd=0.00 pa=+0.00 | srch=0.56 | wall=1.28
R2[SITE      ]: L=+1.00 R=+0.95 | carry=0 | base=1.29 ba=-0.64 | site=1 sd=0.54 sa=-0.32 | phero=0 pd=0.00 pa=+0.00 | srch=0.33 | wall=0.51
R3[EXPLORE   ]: L=+1.00 R=+1.00 | carry=0 | base=0.72 ba=+0.83 | site=0 sd=0.00 sa=+0.00 | phero=0 pd=0.00 pa=+0.00 | srch=1.00 | wall=2.29
R4[SITE      ]: L=+1.00 R=+0.98 | carry=0 | base=0.82 ba=-0.80 | site=1 sd=0.23 sa=-0.04 | phero=0 pd=0.00 pa=+0.00 | srch=0.21 | wall=2.41

[PICKUP] Robot 1 picked up tag (density=7) | Total: 88
[PICKUP] Robot 4 picked up tag (density=20) | Total: 89

======================================================================
Step 43500 (23.2 min) | Pickups: 89 | Deposits: 87 | Rate: 3.75 tags/min | phero_entries=3 phero_max=0.117
======================================================================
R1[RTB       ]: L=+1.00 R=+1.00 | carry=1 | base=0.54 ba=-0.00 | site=0 sd=0.00 sa=+0.00 | phero=0 pd=0.00 pa=+0.00 | srch=0.00 | wall=2.82
R2[SITE      ]: L=+1.00 R=+0.93 | carry=0 | base=1.34 ba=-0.36 | site=1 sd=0.25 sa=-0.31 | phero=0 pd=0.00 pa=+0.00 | srch=0.46 | wall=0.87
R3[EXPLORE   ]: L=+0.53 R=+1.00 | carry=0 | base=0.89 ba=-0.49 | site=0 sd=0.00 sa=+0.00 | phero=0 pd=0.00 pa=+0.00 | srch=1.00 | wall=2.14
R4[RTB       ]: L=+1.00 R=+1.00 | carry=1 | base=0.79 ba=-0.00 | site=0 sd=0.00 sa=+0.00 | phero=0 pd=0.00 pa=+0.00 | srch=0.00 | wall=2.17

[PICKUP] Robot 2 picked up tag (density=11) | Total: 90
[DEPOSIT] Robot 1 deposited! Total: 88
  [PHERO] Laid at (-1.50, -2.88) density=7 prob=0.99 total_entries=4
  [TARGET] Robot 1 → SITE (-1.50,-2.88)

======================================================================
Step 44000 (23.5 min) | Pickups: 90 | Deposits: 88 | Rate: 3.75 tags/min | phero_entries=4 phero_max=0.897
======================================================================
R1[BASE_ESC  ]: L=+0.00 R=+1.00 | carry=0 | base=0.06 ba=-0.60 | site=1 sd=0.87 sa=+0.45 | phero=0 pd=0.00 pa=+0.00 | srch=0.02 | wall=4.32
R2[RTB       ]: L=+1.00 R=+1.00 | carry=1 | base=0.86 ba=+0.00 | site=0 sd=0.00 sa=+0.00 | phero=0 pd=0.00 pa=+0.00 | srch=0.00 | wall=2.02
R3[EXPLORE   ]: L=-0.60 R=+1.00 | carry=0 | base=0.95 ba=+0.26 | site=0 sd=0.00 sa=+0.00 | phero=0 pd=0.00 pa=+0.00 | srch=1.00 | wall=2.04
R4[RTB       ]: L=+1.00 R=+1.00 | carry=1 | base=0.24 ba=-0.00 | site=0 sd=0.00 sa=+0.00 | phero=0 pd=0.00 pa=+0.00 | srch=0.00 | wall=3.78

[DEPOSIT] Robot 4 deposited! Total: 89
  [PHERO] Laid at (-1.99, 2.89) density=20 prob=1.00 total_entries=5
  [TARGET] Robot 4 → SITE (-1.99,2.89)
[GIVE-UP] R3 giving up after 6721 steps

======================================================================
Step 44500 (23.7 min) | Pickups: 90 | Deposits: 89 | Rate: 3.75 tags/min | phero_entries=5 phero_max=0.578
======================================================================
R1[SITE      ]: L=+1.00 R=+1.00 | carry=0 | base=0.57 ba=+1.00 | site=1 sd=0.52 sa=+0.35 | phero=0 pd=0.00 pa=+0.00 | srch=0.14 | wall=2.81
R2[RTB       ]: L=+1.00 R=+1.00 | carry=1 | base=0.31 ba=+0.00 | site=0 sd=0.00 sa=+0.00 | phero=0 pd=0.00 pa=+0.00 | srch=0.00 | wall=3.60
R3[GIVE_UP   ]: L=+1.00 R=+1.00 | carry=0 | base=0.72 ba=+0.00 | site=0 sd=0.00 sa=+0.00 | phero=0 pd=0.00 pa=+0.00 | srch=1.00 | wall=2.71
R4[SITE      ]: L=+1.00 R=+1.00 | carry=0 | base=0.32 ba=-0.98 | site=1 sd=0.74 sa=+0.26 | phero=0 pd=0.00 pa=+0.00 | srch=0.09 | wall=3.37

[DEPOSIT] Robot 2 deposited! Total: 90
  [PHERO] Laid at (-2.22, 3.28) density=11 prob=1.00 total_entries=6
  [TARGET] Robot 2 → SITE (-2.22,3.28)

======================================================================
Step 45000 (24.0 min) | Pickups: 90 | Deposits: 90 | Rate: 3.75 tags/min | phero_entries=6 phero_max=0.638
======================================================================
R1[SITE      ]: L=+0.96 R=+1.00 | carry=0 | base=1.09 ba=+0.82 | site=1 sd=0.47 sa=+0.50 | phero=0 pd=0.00 pa=+0.00 | srch=0.27 | wall=1.45
R2[SITE      ]: L=+1.00 R=+1.00 | carry=0 | base=0.26 ba=+0.97 | site=1 sd=0.92 sa=-0.24 | phero=0 pd=0.00 pa=+0.00 | srch=0.07 | wall=3.70
R3[GIVE_UP   ]: L=+1.00 R=+1.00 | carry=0 | base=0.17 ba=+0.00 | site=0 sd=0.00 sa=+0.00 | phero=0 pd=0.00 pa=+0.00 | srch=1.00 | wall=4.08
R4[SITE      ]: L=+1.00 R=+1.00 | carry=0 | base=0.72 ba=+0.72 | site=1 sd=0.33 sa=-0.06 | phero=0 pd=0.00 pa=+0.00 | srch=0.21 | wall=2.17

[EMPTY_RTN] R3 → phero(-2.22,3.28)
[PICKUP] Robot 4 picked up tag (density=12) | Total: 91

======================================================================
Step 45500 (24.3 min) | Pickups: 91 | Deposits: 90 | Rate: 3.71 tags/min | phero_entries=5 phero_max=0.287
======================================================================
R1[WALL_ESC  ]: L=+0.00 R=+1.00 | carry=0 | base=1.44 ba=+0.62 | site=1 sd=0.53 sa=+0.55 | phero=0 pd=0.00 pa=+0.00 | srch=0.39 | wall=0.34
R2[SITE      ]: L=+1.00 R=+1.00 | carry=0 | base=0.80 ba=+0.99 | site=1 sd=0.65 sa=-0.44 | phero=0 pd=0.00 pa=+0.00 | srch=0.20 | wall=1.89
R3[PHERO     ]: L=+1.00 R=+1.00 | carry=0 | base=0.33 ba=+0.89 | site=0 sd=0.00 sa=+0.00 | phero=1 pd=0.81 pa=-0.07 | srch=0.10 | wall=3.50
R4[RTB       ]: L=+1.00 R=+1.00 | carry=1 | base=0.69 ba=+0.00 | site=0 sd=0.00 sa=+0.00 | phero=0 pd=0.00 pa=+0.00 | srch=0.00 | wall=2.53


======================================================================
Step 46000 (24.5 min) | Pickups: 91 | Deposits: 90 | Rate: 3.67 tags/min | phero_entries=4 phero_max=0.129
======================================================================
R1[SITE      ]: L=+0.95 R=+1.00 | carry=0 | base=0.99 ba=+0.13 | site=1 sd=0.07 sa=+0.24 | phero=0 pd=0.00 pa=+0.00 | srch=0.52 | wall=1.39
R2[SITE      ]: L=+1.00 R=+0.96 | carry=0 | base=1.20 ba=-0.61 | site=1 sd=0.37 sa=-0.21 | phero=0 pd=0.00 pa=+0.00 | srch=0.32 | wall=1.19
R3[PHERO     ]: L=+1.00 R=+0.95 | carry=0 | base=0.85 ba=+0.98 | site=0 sd=0.00 sa=+0.00 | phero=1 pd=0.30 pa=-0.16 | srch=0.23 | wall=2.24
R4[RTB       ]: L=+1.00 R=+1.00 | carry=1 | base=0.15 ba=-0.00 | site=0 sd=0.00 sa=+0.00 | phero=0 pd=0.00 pa=+0.00 | srch=0.00 | wall=4.05

[DEPOSIT] Robot 4 deposited! Total: 91
  [PHERO] Laid at (-1.68, 2.57) density=12 prob=1.00 total_entries=5
  [TARGET] Robot 4 → SITE (-1.68,2.57)
[PICKUP] Robot 1 picked up tag (density=6) | Total: 92
[PICKUP] Robot 3 picked up tag (density=10) | Total: 93
[PICKUP] Robot 2 picked up tag (density=9) | Total: 94

======================================================================
Step 46500 (24.8 min) | Pickups: 94 | Deposits: 91 | Rate: 3.67 tags/min | phero_entries=4 phero_max=0.507
======================================================================
R1[RTB       ]: L=+1.00 R=+1.00 | carry=1 | base=0.50 ba=-0.00 | site=0 sd=0.00 sa=+0.00 | phero=0 pd=0.00 pa=+0.00 | srch=0.00 | wall=2.97
R2[RTB       ]: L=+1.00 R=+1.00 | carry=1 | base=1.08 ba=-0.00 | site=0 sd=0.00 sa=+0.00 | phero=0 pd=0.00 pa=+0.00 | srch=0.00 | wall=1.33
R3[RTB       ]: L=+1.00 R=+1.00 | carry=1 | base=1.06 ba=+0.00 | site=0 sd=0.00 sa=+0.00 | phero=0 pd=0.00 pa=+0.00 | srch=0.00 | wall=1.41
R4[SITE      ]: L=+1.00 R=+1.00 | carry=0 | base=0.41 ba=+0.96 | site=1 sd=0.48 sa=+0.05 | phero=0 pd=0.00 pa=+0.00 | srch=0.11 | wall=3.19

[PICKUP] Robot 4 picked up tag (density=11) | Total: 95
[DEPOSIT] Robot 1 deposited! Total: 92
  [PHERO] Laid at (-1.51, -2.80) density=6 prob=0.97 total_entries=5
  [TARGET] Robot 1 → SITE (-1.51,-2.80)

======================================================================
Step 47000 (25.1 min) | Pickups: 95 | Deposits: 92 | Rate: 3.67 tags/min | phero_entries=5 phero_max=0.844
======================================================================
R1[BASE_ESC  ]: L=+0.44 R=+1.00 | carry=0 | base=0.07 ba=-0.85 | site=1 sd=0.84 sa=+0.23 | phero=0 pd=0.00 pa=+0.00 | srch=0.03 | wall=4.32
R2[RTB       ]: L=+1.00 R=+1.00 | carry=1 | base=0.53 ba=-0.00 | site=0 sd=0.00 sa=+0.00 | phero=0 pd=0.00 pa=+0.00 | srch=0.00 | wall=2.94
R3[RTB       ]: L=+1.00 R=+1.00 | carry=1 | base=0.51 ba=-0.00 | site=0 sd=0.00 sa=+0.00 | phero=0 pd=0.00 pa=+0.00 | srch=0.00 | wall=3.01
R4[RTB       ]: L=+0.41 R=+1.00 | carry=1 | base=0.84 ba=+0.22 | site=0 sd=0.00 sa=+0.00 | phero=0 pd=0.00 pa=+0.00 | srch=0.00 | wall=1.94

[DEPOSIT] Robot 3 deposited! Total: 93
  [PHERO] Laid at (-2.18, 3.31) density=10 prob=1.00 total_entries=6
  [TARGET] Robot 3 → SITE (-2.18,3.31)
[DEPOSIT] Robot 2 deposited! Total: 94
  [PHERO] Laid at (-2.16, 3.34) density=9 prob=1.00 total_entries=7
  [TARGET] Robot 2 → SITE (-2.16,3.34)

======================================================================
Step 47500 (25.3 min) | Pickups: 95 | Deposits: 94 | Rate: 3.71 tags/min | phero_entries=7 phero_max=0.881
======================================================================
R1[SITE      ]: L=+1.00 R=+1.00 | carry=0 | base=0.61 ba=-0.99 | site=1 sd=0.52 sa=+0.42 | phero=0 pd=0.00 pa=+0.00 | srch=0.15 | wall=2.62
R2[BASE_ESC  ]: L=+0.00 R=+1.00 | carry=0 | base=0.07 ba=-0.69 | site=1 sd=1.00 sa=+0.37 | phero=0 pd=0.00 pa=+0.00 | srch=0.02 | wall=4.29
R3[BASE_ESC  ]: L=+0.01 R=+1.00 | carry=0 | base=0.05 ba=-0.78 | site=1 sd=1.00 sa=+0.24 | phero=0 pd=0.00 pa=+0.00 | srch=0.02 | wall=4.36
R4[RTB       ]: L=+1.00 R=+1.00 | carry=1 | base=0.30 ba=+0.00 | site=0 sd=0.00 sa=+0.00 | phero=0 pd=0.00 pa=+0.00 | srch=0.00 | wall=3.58

[DEPOSIT] Robot 4 deposited! Total: 95
  [PHERO] Laid at (-1.38, 2.58) density=11 prob=1.00 total_entries=8
  [TARGET] Robot 4 → SITE (-1.38,2.58)

======================================================================
Step 48000 (25.6 min) | Pickups: 95 | Deposits: 95 | Rate: 3.71 tags/min | phero_entries=8 phero_max=0.657
======================================================================
R1[SITE      ]: L=+1.00 R=+1.00 | carry=0 | base=1.16 ba=+1.00 | site=1 sd=0.65 sa=+0.71 | phero=0 pd=0.00 pa=+0.00 | srch=0.28 | wall=0.91
R2[SITE      ]: L=+1.00 R=+1.00 | carry=0 | base=0.59 ba=+0.99 | site=1 sd=0.67 sa=+0.28 | phero=0 pd=0.00 pa=+0.00 | srch=0.14 | wall=2.44
R3[SITE      ]: L=+1.00 R=+1.00 | carry=0 | base=0.55 ba=+0.97 | site=1 sd=0.59 sa=-0.06 | phero=0 pd=0.00 pa=+0.00 | srch=0.15 | wall=2.96
R4[SITE      ]: L=+0.96 R=+1.00 | carry=0 | base=0.23 ba=+0.97 | site=1 sd=0.63 sa=+0.14 | phero=0 pd=0.00 pa=+0.00 | srch=0.07 | wall=3.68


======================================================================
Step 48500 (25.9 min) | Pickups: 95 | Deposits: 95 | Rate: 3.67 tags/min | phero_entries=6 phero_max=0.295
======================================================================
R1[SITE      ]: L=+1.00 R=+1.00 | carry=0 | base=1.18 ba=+0.30 | site=1 sd=0.52 sa=+0.04 | phero=0 pd=0.00 pa=+0.00 | srch=0.40 | wall=1.20
R2[SITE      ]: L=+1.00 R=+1.00 | carry=0 | base=1.14 ba=+0.98 | site=1 sd=0.52 sa=+0.55 | phero=0 pd=0.00 pa=+0.00 | srch=0.27 | wall=0.54
R3[SITE      ]: L=+1.00 R=+0.92 | carry=0 | base=1.08 ba=-0.79 | site=1 sd=0.09 sa=-0.10 | phero=0 pd=0.00 pa=+0.00 | srch=0.27 | wall=1.49
R4[SITE      ]: L=+0.94 R=+1.00 | carry=0 | base=0.76 ba=+0.83 | site=1 sd=0.12 sa=+0.13 | phero=0 pd=0.00 pa=+0.00 | srch=0.19 | wall=2.02

[PICKUP] Robot 4 picked up tag (density=10) | Total: 96
[PICKUP] Robot 1 picked up tag (density=5) | Total: 97

======================================================================
Step 49000 (26.1 min) | Pickups: 97 | Deposits: 95 | Rate: 3.64 tags/min | phero_entries=6 phero_max=0.133
======================================================================
R1[RTB       ]: L=+0.98 R=+1.00 | carry=1 | base=0.92 ba=+0.01 | site=0 sd=0.00 sa=+0.00 | phero=0 pd=0.00 pa=+0.00 | srch=0.00 | wall=1.72
R2[SITE      ]: L=+1.00 R=+0.93 | carry=0 | base=0.88 ba=+0.25 | site=1 sd=0.37 sa=-0.45 | phero=0 pd=0.00 pa=+0.00 | srch=0.39 | wall=1.57
R3[EXPLORE   ]: L=+1.00 R=+1.00 | carry=0 | base=1.29 ba=+0.22 | site=0 sd=0.00 sa=+0.00 | phero=0 pd=0.00 pa=+0.00 | srch=0.40 | wall=0.59
R4[RTB       ]: L=+1.00 R=+1.00 | carry=1 | base=0.54 ba=+0.00 | site=0 sd=0.00 sa=+0.00 | phero=0 pd=0.00 pa=+0.00 | srch=0.00 | wall=2.90

[PICKUP] Robot 3 picked up tag (density=8) | Total: 98
[DEPOSIT] Robot 4 deposited! Total: 96
  [PHERO] Laid at (-1.48, 2.57) density=10 prob=1.00 total_entries=6
  [TARGET] Robot 4 → SITE (-1.48,2.57)

======================================================================
Step 49500 (26.4 min) | Pickups: 98 | Deposits: 96 | Rate: 3.64 tags/min | phero_entries=6 phero_max=0.887
======================================================================
R1[RTB       ]: L=+1.00 R=+1.00 | carry=1 | base=0.37 ba=+0.00 | site=0 sd=0.00 sa=+0.00 | phero=0 pd=0.00 pa=+0.00 | srch=0.00 | wall=3.38
R2[SITE      ]: L=+1.00 R=+1.00 | carry=0 | base=1.08 ba=+1.00 | site=1 sd=0.18 sa=-0.43 | phero=0 pd=0.00 pa=+0.00 | srch=0.52 | wall=1.69
R3[RTB       ]: L=+1.00 R=+1.00 | carry=1 | base=0.80 ba=+0.00 | site=0 sd=0.00 sa=+0.00 | phero=0 pd=0.00 pa=+0.00 | srch=0.00 | wall=2.28
R4[BASE_ESC  ]: L=+1.00 R=+0.00 | carry=0 | base=0.06 ba=+0.62 | site=1 sd=0.79 sa=-0.44 | phero=0 pd=0.00 pa=+0.00 | srch=0.02 | wall=4.33

[DEPOSIT] Robot 1 deposited! Total: 97
  [PHERO] Laid at (-1.82, -2.95) density=5 prob=0.92 total_entries=7
  [TARGET] Robot 1 → SITE (-1.82,-2.95)
[PICKUP] Robot 2 picked up tag (density=7) | Total: 99

======================================================================
Step 50000 (26.7 min) | Pickups: 99 | Deposits: 97 | Rate: 3.64 tags/min | phero_entries=7 phero_max=0.697
======================================================================
R1[SITE      ]: L=+1.00 R=+1.00 | carry=0 | base=0.20 ba=+0.97 | site=1 sd=0.82 sa=-0.22 | phero=0 pd=0.00 pa=+0.00 | srch=0.06 | wall=3.81
R2[RTB       ]: L=+1.00 R=+1.00 | carry=1 | base=0.92 ba=-0.00 | site=0 sd=0.00 sa=+0.00 | phero=0 pd=0.00 pa=+0.00 | srch=0.00 | wall=1.77
R3[RTB       ]: L=+1.00 R=+1.00 | carry=1 | base=0.25 ba=+0.00 | site=0 sd=0.00 sa=+0.00 | phero=0 pd=0.00 pa=+0.00 | srch=0.00 | wall=3.81
R4[SITE      ]: L=+1.00 R=+1.00 | carry=0 | base=0.56 ba=-0.94 | site=1 sd=0.29 sa=+0.06 | phero=0 pd=0.00 pa=+0.00 | srch=0.14 | wall=2.80

[DEPOSIT] Robot 3 deposited! Total: 98
  [PHERO] Laid at (-2.25, 3.00) density=8 prob=1.00 total_entries=8
  [TARGET] Robot 3 → SITE (-2.25,3.00)
[PICKUP] Robot 4 picked up tag (density=9) | Total: 100

======================================================================
Step 50500 (26.9 min) | Pickups: 100 | Deposits: 98 | Rate: 3.64 tags/min | phero_entries=7 phero_max=0.581
======================================================================
R1[SITE      ]: L=+1.00 R=+1.00 | carry=0 | base=0.74 ba=+0.99 | site=1 sd=0.52 sa=-0.45 | phero=0 pd=0.00 pa=+0.00 | srch=0.18 | wall=1.89
R2[RTB       ]: L=+1.00 R=+1.00 | carry=1 | base=0.37 ba=-0.00 | site=0 sd=0.00 sa=+0.00 | phero=0 pd=0.00 pa=+0.00 | srch=0.00 | wall=3.41
R3[SITE      ]: L=+0.89 R=+0.88 | carry=0 | base=0.31 ba=-0.91 | site=1 sd=0.80 sa=-0.09 | phero=0 pd=0.00 pa=+0.00 | srch=0.08 | wall=3.57
R4[RTB       ]: L=+1.00 R=+1.00 | carry=1 | base=0.78 ba=-0.00 | site=0 sd=0.00 sa=+0.00 | phero=0 pd=0.00 pa=+0.00 | srch=0.00 | wall=1.99

[DEPOSIT] Robot 2 deposited! Total: 99
  [PHERO] Laid at (-2.10, 3.36) density=7 prob=0.99 total_entries=8
  [TARGET] Robot 2 → SITE (-2.10,3.36)

======================================================================
Step 51000 (27.2 min) | Pickups: 100 | Deposits: 99 | Rate: 3.64 tags/min | phero_entries=8 phero_max=0.692
======================================================================
R1[WALL_ESC  ]: L=+1.00 R=+0.00 | carry=0 | base=1.19 ba=-0.31 | site=1 sd=0.53 sa=-0.00 | phero=0 pd=0.00 pa=+0.00 | srch=0.31 | wall=0.35
R2[SITE      ]: L=+1.00 R=+1.00 | carry=0 | base=0.20 ba=-0.96 | site=1 sd=0.96 sa=+0.22 | phero=0 pd=0.00 pa=+0.00 | srch=0.06 | wall=3.80
R3[SITE      ]: L=+1.00 R=+0.97 | carry=0 | base=0.79 ba=-0.96 | site=1 sd=0.32 sa=-0.16 | phero=0 pd=0.00 pa=+0.00 | srch=0.21 | wall=2.45
R4[RTB       ]: L=+1.00 R=+1.00 | carry=1 | base=0.23 ba=-0.00 | site=0 sd=0.00 sa=+0.00 | phero=0 pd=0.00 pa=+0.00 | srch=0.00 | wall=3.76

[DEPOSIT] Robot 4 deposited! Total: 100
  [PHERO] Laid at (-1.32, 2.76) density=9 prob=1.00 total_entries=9
  [TARGET] Robot 4 → SITE (-1.32,2.76)
[PICKUP] Robot 3 picked up tag (density=6) | Total: 101
[PICKUP] Robot 1 picked up tag (density=4) | Total: 102

======================================================================
Step 51500 (27.5 min) | Pickups: 102 | Deposits: 100 | Rate: 3.64 tags/min | phero_entries=8 phero_max=0.568
======================================================================
R1[RTB       ]: L=+1.00 R=+0.00 | carry=1 | base=0.91 ba=-0.59 | site=0 sd=0.00 sa=+0.00 | phero=0 pd=0.00 pa=+0.00 | srch=0.00 | wall=1.73
R2[SITE      ]: L=+1.00 R=+1.00 | carry=0 | base=0.75 ba=+1.00 | site=1 sd=0.64 sa=+0.39 | phero=0 pd=0.00 pa=+0.00 | srch=0.18 | wall=1.88
R3[RTB       ]: L=+1.00 R=+1.00 | carry=1 | base=0.96 ba=-0.00 | site=0 sd=0.00 sa=+0.00 | phero=0 pd=0.00 pa=+0.00 | srch=0.00 | wall=1.73
R4[SITE      ]: L=+0.75 R=+1.00 | carry=0 | base=0.33 ba=+0.96 | site=1 sd=0.60 sa=+0.20 | phero=0 pd=0.00 pa=+0.00 | srch=0.09 | wall=3.34


======================================================================
Step 52000 (27.7 min) | Pickups: 102 | Deposits: 100 | Rate: 3.61 tags/min | phero_entries=6 phero_max=0.255
======================================================================
R1[RTB       ]: L=+1.00 R=+1.00 | carry=1 | base=0.42 ba=-0.00 | site=0 sd=0.00 sa=+0.00 | phero=0 pd=0.00 pa=+0.00 | srch=0.00 | wall=3.24
R2[WALL_ESC  ]: L=+0.00 R=+1.00 | carry=0 | base=1.20 ba=+0.33 | site=1 sd=0.50 sa=-0.06 | phero=0 pd=0.00 pa=+0.00 | srch=0.31 | wall=0.34
R3[RTB       ]: L=+1.00 R=+1.00 | carry=1 | base=0.42 ba=-0.00 | site=0 sd=0.00 sa=+0.00 | phero=0 pd=0.00 pa=+0.00 | srch=0.00 | wall=3.31
R4[SITE      ]: L=+0.94 R=+1.00 | carry=0 | base=0.81 ba=+0.73 | site=1 sd=0.10 sa=+0.05 | phero=0 pd=0.00 pa=+0.00 | srch=0.21 | wall=1.82

[PICKUP] Robot 4 picked up tag (density=8) | Total: 103
[DEPOSIT] Robot 3 deposited! Total: 101
  [PHERO] Laid at (-2.24, 3.04) density=6 prob=0.97 total_entries=6
  [TARGET] Robot 3 → SITE (-2.24,3.04)
[DEPOSIT] Robot 1 deposited! Total: 102
  [PHERO] Laid at (-1.59, -2.77) density=4 prob=0.82 total_entries=7
  [TARGET] Robot 1 → SITE (-1.59,-2.77)
[PICKUP] Robot 2 picked up tag (density=12) | Total: 104

======================================================================
Step 52500 (28.0 min) | Pickups: 104 | Deposits: 102 | Rate: 3.64 tags/min | phero_entries=7 phero_max=0.751
======================================================================
R1[SITE      ]: L=+1.00 R=+1.00 | carry=0 | base=0.14 ba=-0.94 | site=1 sd=0.79 sa=+0.23 | phero=0 pd=0.00 pa=+0.00 | srch=0.04 | wall=4.08
R2[RTB       ]: L=+0.13 R=+1.00 | carry=1 | base=1.02 ba=+0.35 | site=0 sd=0.00 sa=+0.00 | phero=0 pd=0.00 pa=+0.00 | srch=0.00 | wall=1.44
R3[SITE      ]: L=+0.96 R=+1.00 | carry=0 | base=0.12 ba=+0.81 | site=1 sd=0.96 sa=-0.16 | phero=0 pd=0.00 pa=+0.00 | srch=0.05 | wall=4.15
R4[RTB       ]: L=+1.00 R=+1.00 | carry=1 | base=0.53 ba=+0.00 | site=0 sd=0.00 sa=+0.00 | phero=0 pd=0.00 pa=+0.00 | srch=0.00 | wall=2.88

[DEPOSIT] Robot 4 deposited! Total: 103
  [PHERO] Laid at (-1.35, 2.77) density=8 prob=1.00 total_entries=8
  [TARGET] Robot 4 → SITE (-1.35,2.77)

======================================================================
Step 53000 (28.3 min) | Pickups: 104 | Deposits: 103 | Rate: 3.64 tags/min | phero_entries=8 phero_max=0.871
======================================================================
R1[SITE      ]: L=+1.00 R=+1.00 | carry=0 | base=0.69 ba=+0.97 | site=1 sd=0.50 sa=+0.42 | phero=0 pd=0.00 pa=+0.00 | srch=0.17 | wall=2.36
R2[RTB       ]: L=+1.00 R=+1.00 | carry=1 | base=0.50 ba=+0.00 | site=0 sd=0.00 sa=+0.00 | phero=0 pd=0.00 pa=+0.00 | srch=0.00 | wall=3.01
R3[SITE      ]: L=+0.94 R=+0.97 | carry=0 | base=0.58 ba=-0.87 | site=1 sd=0.54 sa=-0.04 | phero=0 pd=0.00 pa=+0.00 | srch=0.17 | wall=2.91
R4[BASE_ESC  ]: L=+1.00 R=+0.00 | carry=0 | base=0.06 ba=+0.74 | site=1 sd=0.82 sa=-0.33 | phero=0 pd=0.00 pa=+0.00 | srch=0.02 | wall=4.32

[DEPOSIT] Robot 2 deposited! Total: 104
  [PHERO] Laid at (-1.81, 3.07) density=12 prob=1.00 total_entries=9
  [TARGET] Robot 2 → SITE (-1.81,3.07)

======================================================================
Step 53500 (28.5 min) | Pickups: 104 | Deposits: 104 | Rate: 3.64 tags/min | phero_entries=9 phero_max=0.873
======================================================================
R1[SITE      ]: L=+1.00 R=+1.00 | carry=0 | base=1.24 ba=+0.97 | site=1 sd=0.64 sa=+0.71 | phero=0 pd=0.00 pa=+0.00 | srch=0.29 | wall=0.76
R2[BASE_ESC  ]: L=+1.00 R=+0.00 | carry=0 | base=0.06 ba=+0.69 | site=1 sd=0.96 sa=-0.36 | phero=0 pd=0.00 pa=+0.00 | srch=0.02 | wall=4.33
R3[SITE      ]: L=+0.99 R=+1.00 | carry=0 | base=0.93 ba=-0.88 | site=1 sd=0.16 sa=-0.01 | phero=0 pd=0.00 pa=+0.00 | srch=0.30 | wall=1.98
R4[SITE      ]: L=+0.93 R=+0.93 | carry=0 | base=0.52 ba=+0.98 | site=1 sd=0.36 sa=-0.03 | phero=0 pd=0.00 pa=+0.00 | srch=0.15 | wall=2.87

[PICKUP] Robot 4 picked up tag (density=7) | Total: 105
[GIVE-UP] R3 giving up after 1630 steps

======================================================================
Step 54000 (28.8 min) | Pickups: 105 | Deposits: 104 | Rate: 3.61 tags/min | phero_entries=8 phero_max=0.392
======================================================================
R1[SITE      ]: L=+1.00 R=+1.00 | carry=0 | base=1.22 ba=+0.35 | site=1 sd=0.45 sa=+0.14 | phero=0 pd=0.00 pa=+0.00 | srch=0.42 | wall=1.36
R2[SITE      ]: L=+1.00 R=+1.00 | carry=0 | base=0.59 ba=+0.99 | site=1 sd=0.59 sa=-0.35 | phero=0 pd=0.00 pa=+0.00 | srch=0.15 | wall=2.71
R3[WALL_ESC  ]: L=+0.00 R=+1.00 | carry=0 | base=1.39 ba=+0.52 | site=0 sd=0.00 sa=+0.00 | phero=0 pd=0.00 pa=+0.00 | srch=0.42 | wall=0.35
R4[RTB       ]: L=+1.00 R=+0.66 | carry=1 | base=0.88 ba=-0.13 | site=0 sd=0.00 sa=+0.00 | phero=0 pd=0.00 pa=+0.00 | srch=0.00 | wall=1.68

[PICKUP] Robot 3 picked up tag (density=4) | Total: 106

======================================================================
Step 54500 (29.1 min) | Pickups: 106 | Deposits: 104 | Rate: 3.58 tags/min | phero_entries=6 phero_max=0.176
======================================================================
R1[SITE      ]: L=+0.83 R=+1.00 | carry=0 | base=0.97 ba=+0.01 | site=1 sd=0.10 sa=+0.29 | phero=0 pd=0.00 pa=+0.00 | srch=0.54 | wall=1.43
R2[SITE      ]: L=+1.00 R=+0.93 | carry=0 | base=1.12 ba=-0.79 | site=1 sd=0.56 sa=-0.43 | phero=0 pd=0.00 pa=+0.00 | srch=0.27 | wall=1.10
R3[RTB       ]: L=+1.00 R=+1.00 | carry=1 | base=0.90 ba=+0.00 | site=0 sd=0.00 sa=+0.00 | phero=0 pd=0.00 pa=+0.00 | srch=0.00 | wall=1.85
R4[RTB       ]: L=+1.00 R=+1.00 | carry=1 | base=0.34 ba=-0.00 | site=0 sd=0.00 sa=+0.00 | phero=0 pd=0.00 pa=+0.00 | srch=0.00 | wall=3.42

[PICKUP] Robot 1 picked up tag (density=3) | Total: 107
[DEPOSIT] Robot 4 deposited! Total: 105
  [PHERO] Laid at (-1.36, 2.83) density=7 prob=0.99 total_entries=7
  [TARGET] Robot 4 → SITE (-1.36,2.83)

======================================================================
Step 55000 (29.3 min) | Pickups: 107 | Deposits: 105 | Rate: 3.58 tags/min | phero_entries=7 phero_max=0.664
======================================================================
R1[RTB       ]: L=+1.00 R=+1.00 | carry=1 | base=0.60 ba=-0.00 | site=0 sd=0.00 sa=+0.00 | phero=0 pd=0.00 pa=+0.00 | srch=0.00 | wall=2.75
R2[SITE      ]: L=+1.00 R=+0.93 | carry=0 | base=1.23 ba=-0.44 | site=1 sd=0.25 sa=-0.29 | phero=0 pd=0.00 pa=+0.00 | srch=0.40 | wall=1.06
R3[RTB       ]: L=+1.00 R=+1.00 | carry=1 | base=0.35 ba=+0.00 | site=0 sd=0.00 sa=+0.00 | phero=0 pd=0.00 pa=+0.00 | srch=0.00 | wall=3.47
R4[SITE      ]: L=+0.98 R=+1.00 | carry=0 | base=0.23 ba=+0.99 | site=1 sd=0.69 sa=+0.16 | phero=0 pd=0.00 pa=+0.00 | srch=0.06 | wall=3.71

[PICKUP] Robot 2 picked up tag (density=3) | Total: 108
[DEPOSIT] Robot 3 deposited! Total: 106
  [TARGET] Robot 3 → PHERO (-1.36,2.83)
[DEPOSIT] Robot 1 deposited! Total: 107
  [TARGET] Robot 1 → SITE (-1.67,-2.72)

======================================================================
Step 55500 (29.6 min) | Pickups: 108 | Deposits: 107 | Rate: 3.61 tags/min | phero_entries=5 phero_max=0.298
======================================================================
R1[BASE_ESC  ]: L=+0.00 R=+1.00 | carry=0 | base=0.06 ba=-0.21 | site=1 sd=0.85 sa=+0.81 | phero=0 pd=0.00 pa=+0.00 | srch=0.00 | wall=4.31
R2[RTB       ]: L=+1.00 R=+1.00 | carry=1 | base=0.78 ba=-0.00 | site=0 sd=0.00 sa=+0.00 | phero=0 pd=0.00 pa=+0.00 | srch=0.00 | wall=2.10
R3[PHERO     ]: L=+0.07 R=+0.08 | carry=0 | base=0.13 ba=-0.95 | site=0 sd=0.00 sa=+0.00 | phero=1 pd=0.77 pa=-0.01 | srch=0.06 | wall=4.11
R4[SITE      ]: L=+0.93 R=+1.00 | carry=0 | base=0.76 ba=+0.83 | site=1 sd=0.23 sa=+0.17 | phero=0 pd=0.00 pa=+0.00 | srch=0.19 | wall=1.90

[PICKUP] Robot 4 picked up tag (density=6) | Total: 109

======================================================================
Step 56000 (29.9 min) | Pickups: 109 | Deposits: 107 | Rate: 3.58 tags/min | phero_entries=5 phero_max=0.134
======================================================================
R1[SITE      ]: L=+1.00 R=+1.00 | carry=0 | base=0.52 ba=-0.98 | site=1 sd=0.57 sa=+0.38 | phero=0 pd=0.00 pa=+0.00 | srch=0.13 | wall=2.85
R2[RTB       ]: L=+1.00 R=+1.00 | carry=1 | base=0.23 ba=-0.00 | site=0 sd=0.00 sa=+0.00 | phero=0 pd=0.00 pa=+0.00 | srch=0.00 | wall=3.78
R3[PHERO     ]: L=+0.23 R=+0.22 | carry=0 | base=0.30 ba=+0.97 | site=0 sd=0.00 sa=+0.00 | phero=1 pd=0.60 pa=-0.10 | srch=0.19 | wall=3.63
R4[RTB       ]: L=+1.00 R=+1.00 | carry=1 | base=0.68 ba=+0.00 | site=0 sd=0.00 sa=+0.00 | phero=0 pd=0.00 pa=+0.00 | srch=0.00 | wall=2.38

[DEPOSIT] Robot 2 deposited! Total: 108
  [PHERO] Laid at (-1.92, 3.41) density=3 prob=0.65 total_entries=6
  [TARGET] Robot 2 → SITE (-1.92,3.41)

======================================================================
Step 56500 (30.1 min) | Pickups: 109 | Deposits: 108 | Rate: 3.58 tags/min | phero_entries=6 phero_max=0.570
======================================================================
R1[SITE      ]: L=+0.98 R=+1.00 | carry=0 | base=1.05 ba=+0.89 | site=1 sd=0.55 sa=+0.56 | phero=0 pd=0.00 pa=+0.00 | srch=0.25 | wall=1.22
R2[SITE      ]: L=+1.00 R=+1.00 | carry=0 | base=0.33 ba=-0.98 | site=1 sd=0.84 sa=+0.25 | phero=0 pd=0.00 pa=+0.00 | srch=0.09 | wall=3.34
R3[PHERO     ]: L=+0.50 R=+0.50 | carry=0 | base=0.48 ba=-0.97 | site=0 sd=0.00 sa=+0.00 | phero=1 pd=0.42 pa=-0.03 | srch=0.31 | wall=3.05
R4[RTB       ]: L=+1.00 R=+1.00 | carry=1 | base=0.13 ba=+0.00 | site=0 sd=0.00 sa=+0.00 | phero=0 pd=0.00 pa=+0.00 | srch=0.00 | wall=4.09

[DEPOSIT] Robot 4 deposited! Total: 109
  [PHERO] Laid at (-1.39, 2.88) density=6 prob=0.97 total_entries=7
  [TARGET] Robot 4 → SITE (-1.39,2.88)

======================================================================
Step 57000 (30.4 min) | Pickups: 109 | Deposits: 109 | Rate: 3.59 tags/min | phero_entries=5 phero_max=0.491
======================================================================
R1[SITE      ]: L=+0.96 R=+1.00 | carry=0 | base=1.24 ba=+0.46 | site=1 sd=0.37 sa=+0.34 | phero=0 pd=0.00 pa=+0.00 | srch=0.38 | wall=1.21
R2[SITE      ]: L=+1.00 R=+1.00 | carry=0 | base=0.88 ba=+1.00 | site=1 sd=0.57 sa=+0.45 | phero=0 pd=0.00 pa=+0.00 | srch=0.21 | wall=1.42
R3[EXPLORE   ]: L=+1.00 R=+1.00 | carry=0 | base=0.98 ba=-0.88 | site=0 sd=0.00 sa=+0.00 | phero=0 pd=0.00 pa=+0.00 | srch=0.44 | wall=1.37
R4[SITE      ]: L=+1.00 R=+1.00 | carry=0 | base=0.42 ba=-0.95 | site=1 sd=0.49 sa=+0.02 | phero=0 pd=0.00 pa=+0.00 | srch=0.11 | wall=3.20

[PICKUP] Robot 4 picked up tag (density=5) | Total: 110

======================================================================
Step 57500 (30.7 min) | Pickups: 110 | Deposits: 109 | Rate: 3.55 tags/min | phero_entries=4 phero_max=0.220
======================================================================
R1[SITE      ]: L=+0.94 R=+1.00 | carry=0 | base=0.90 ba=-0.32 | site=1 sd=0.05 sa=+0.27 | phero=0 pd=0.00 pa=+0.00 | srch=0.50 | wall=1.74
R2[SITE      ]: L=+1.00 R=+1.00 | carry=0 | base=1.08 ba=+0.11 | site=1 sd=0.53 sa=-0.34 | phero=0 pd=0.00 pa=+0.00 | srch=0.34 | wall=0.71
R3[EXPLORE   ]: L=+0.93 R=+1.00 | carry=0 | base=1.12 ba=-0.10 | site=0 sd=0.00 sa=+0.00 | phero=0 pd=0.00 pa=+0.00 | srch=0.56 | wall=0.73
R4[RTB       ]: L=+0.00 R=+1.00 | carry=1 | base=0.92 ba=+0.91 | site=0 sd=0.00 sa=+0.00 | phero=0 pd=0.00 pa=+0.00 | srch=0.00 | wall=1.60

[PICKUP] Robot 1 picked up tag (density=2) | Total: 111

======================================================================
Step 58000 (30.9 min) | Pickups: 111 | Deposits: 109 | Rate: 3.52 tags/min | phero_entries=3 phero_max=0.099
======================================================================
R1[RTB       ]: L=+1.00 R=+1.00 | carry=1 | base=0.56 ba=-0.00 | site=0 sd=0.00 sa=+0.00 | phero=0 pd=0.00 pa=+0.00 | srch=0.00 | wall=2.87
R2[SITE      ]: L=+1.00 R=+0.95 | carry=0 | base=0.75 ba=+0.57 | site=1 sd=0.37 sa=-0.38 | phero=0 pd=0.00 pa=+0.00 | srch=0.46 | wall=2.15
R3[WALL_ESC  ]: L=+0.03 R=+1.00 | carry=0 | base=1.19 ba=+0.24 | site=0 sd=0.00 sa=+0.00 | phero=0 pd=0.00 pa=+0.00 | srch=0.69 | wall=0.33
R4[RTB       ]: L=+1.00 R=+1.00 | carry=1 | base=0.49 ba=+0.00 | site=0 sd=0.00 sa=+0.00 | phero=0 pd=0.00 pa=+0.00 | srch=0.00 | wall=2.97

[DEPOSIT] Robot 4 deposited! Total: 110
  [PHERO] Laid at (-1.40, 2.89) density=5 prob=0.92 total_entries=4
  [TARGET] Robot 4 → SITE (-1.40,2.89)
[PICKUP] Robot 2 picked up tag (density=2) | Total: 112
[DEPOSIT] Robot 1 deposited! Total: 111
  [PHERO] Laid at (-1.66, -2.67) density=2 prob=0.42 total_entries=5
  [TARGET] Robot 1 → SITE (-1.66,-2.67)

======================================================================
Step 58500 (31.2 min) | Pickups: 112 | Deposits: 111 | Rate: 3.56 tags/min | phero_entries=5 phero_max=0.922
======================================================================
R1[BASE_ESC  ]: L=+0.00 R=+1.00 | carry=0 | base=0.06 ba=-0.49 | site=1 sd=0.84 sa=+0.56 | phero=0 pd=0.00 pa=+0.00 | srch=0.01 | wall=4.33
R2[RTB       ]: L=+1.00 R=+0.67 | carry=1 | base=1.05 ba=-0.12 | site=0 sd=0.00 sa=+0.00 | phero=0 pd=0.00 pa=+0.00 | srch=0.00 | wall=1.44
R3[EXPLORE   ]: L=+0.12 R=+1.00 | carry=0 | base=1.08 ba=-0.41 | site=0 sd=0.00 sa=+0.00 | phero=0 pd=0.00 pa=+0.00 | srch=0.81 | wall=0.71
R4[SITE      ]: L=+1.00 R=+0.70 | carry=0 | base=0.07 ba=+0.91 | site=1 sd=0.85 sa=-0.19 | phero=0 pd=0.00 pa=+0.00 | srch=0.03 | wall=4.31

[GIVE-UP] R3 giving up after 3528 steps

======================================================================
Step 59000 (31.5 min) | Pickups: 112 | Deposits: 111 | Rate: 3.53 tags/min | phero_entries=5 phero_max=0.414
======================================================================
R1[SITE      ]: L=+1.00 R=+1.00 | carry=0 | base=0.55 ba=+1.00 | site=1 sd=0.51 sa=+0.36 | phero=0 pd=0.00 pa=+0.00 | srch=0.14 | wall=2.78
R2[RTB       ]: L=+1.00 R=+1.00 | carry=1 | base=0.51 ba=-0.00 | site=0 sd=0.00 sa=+0.00 | phero=0 pd=0.00 pa=+0.00 | srch=0.00 | wall=3.01
R3[GIVE_UP   ]: L=+1.00 R=+1.00 | carry=0 | base=0.85 ba=-0.00 | site=0 sd=0.00 sa=+0.00 | phero=0 pd=0.00 pa=+0.00 | srch=0.94 | wall=1.53
R4[SITE      ]: L=+1.00 R=+0.98 | carry=0 | base=0.60 ba=-0.85 | site=1 sd=0.35 sa=-0.03 | phero=0 pd=0.00 pa=+0.00 | srch=0.15 | wall=2.83

[DEPOSIT] Robot 2 deposited! Total: 112
  [TARGET] Robot 2 → SITE (-2.17,3.06)

======================================================================
Step 59500 (31.7 min) | Pickups: 112 | Deposits: 112 | Rate: 3.53 tags/min | phero_entries=4 phero_max=0.186
======================================================================
R1[SITE      ]: L=+0.97 R=+1.00 | carry=0 | base=1.10 ba=+0.96 | site=1 sd=0.55 sa=+0.65 | phero=0 pd=0.00 pa=+0.00 | srch=0.26 | wall=1.11
R2[BASE_ESC  ]: L=+0.37 R=+1.00 | carry=0 | base=0.07 ba=-0.84 | site=1 sd=1.00 sa=+0.24 | phero=0 pd=0.00 pa=+0.00 | srch=0.03 | wall=4.28
R3[GIVE_UP   ]: L=+1.00 R=+1.00 | carry=0 | base=0.30 ba=-0.00 | site=0 sd=0.00 sa=+0.00 | phero=0 pd=0.00 pa=+0.00 | srch=1.00 | wall=3.45
R4[EXPLORE   ]: L=+1.00 R=+1.00 | carry=0 | base=1.10 ba=-0.96 | site=0 sd=0.00 sa=+0.00 | phero=0 pd=0.00 pa=+0.00 | srch=0.28 | wall=0.95

[EMPTY_RTN] R3 → phero(-1.40,2.89)

======================================================================
Step 60000 (32.0 min) | Pickups: 112 | Deposits: 112 | Rate: 3.50 tags/min | phero_entries=4 phero_max=0.084
======================================================================
R1[SITE      ]: L=+1.00 R=+1.00 | carry=0 | base=1.38 ba=+0.49 | site=1 sd=0.61 sa=+0.34 | phero=0 pd=0.00 pa=+0.00 | srch=0.39 | wall=0.75
R2[SITE      ]: L=+0.99 R=+1.00 | carry=0 | base=0.60 ba=+0.97 | site=1 sd=0.63 sa=+0.30 | phero=0 pd=0.00 pa=+0.00 | srch=0.15 | wall=2.39
R3[PHERO     ]: L=+0.98 R=+1.00 | carry=0 | base=0.25 ba=+0.93 | site=0 sd=0.00 sa=+0.00 | phero=1 pd=0.71 pa=+0.16 | srch=0.07 | wall=3.61
R4[EXPLORE   ]: L=+1.00 R=+1.00 | carry=0 | base=1.06 ba=+0.14 | site=0 sd=0.00 sa=+0.00 | phero=0 pd=0.00 pa=+0.00 | srch=0.40 | wall=1.14

[PICKUP] Robot 4 picked up tag (density=5) | Total: 113

======================================================================
Step 60500 (32.3 min) | Pickups: 113 | Deposits: 112 | Rate: 3.47 tags/min | phero_entries=3 phero_max=0.038
======================================================================
R1[SITE      ]: L=+1.00 R=+1.00 | carry=0 | base=1.36 ba=+0.12 | site=1 sd=0.46 sa=+0.11 | phero=0 pd=0.00 pa=+0.00 | srch=0.51 | wall=0.50
R2[SITE      ]: L=+0.96 R=+1.00 | carry=0 | base=1.07 ba=+0.68 | site=1 sd=0.28 sa=+0.22 | phero=0 pd=0.00 pa=+0.00 | srch=0.28 | wall=1.00
R3[PHERO     ]: L=+1.00 R=+1.00 | carry=0 | base=0.67 ba=+0.86 | site=0 sd=0.00 sa=+0.00 | phero=1 pd=0.25 pa=-0.13 | srch=0.20 | wall=2.37
R4[RTB       ]: L=+1.00 R=+1.00 | carry=1 | base=0.52 ba=+0.00 | site=0 sd=0.00 sa=+0.00 | phero=0 pd=0.00 pa=+0.00 | srch=0.00 | wall=2.87

[PICKUP] Robot 3 picked up tag (density=3) | Total: 114
[DEPOSIT] Robot 4 deposited! Total: 113
  [PHERO] Laid at (-1.56, 3.08) density=5 prob=0.92 total_entries=3
  [TARGET] Robot 4 → SITE (-1.56,3.08)

======================================================================
Step 61000 (32.5 min) | Pickups: 114 | Deposits: 113 | Rate: 3.47 tags/min | phero_entries=3 phero_max=0.870
======================================================================
R1[SITE      ]: L=+1.00 R=+1.00 | carry=0 | base=0.91 ba=-0.42 | site=1 sd=0.02 sa=-0.09 | phero=0 pd=0.00 pa=+0.00 | srch=0.64 | wall=1.76
R2[SITE      ]: L=+0.28 R=+1.00 | carry=0 | base=1.05 ba=-0.67 | site=1 sd=0.03 sa=+0.37 | phero=0 pd=0.00 pa=+0.00 | srch=0.40 | wall=1.51
R3[RTB       ]: L=+1.00 R=+1.00 | carry=1 | base=0.74 ba=-0.00 | site=0 sd=0.00 sa=+0.00 | phero=0 pd=0.00 pa=+0.00 | srch=0.00 | wall=2.15
R4[BASE_ESC  ]: L=+1.00 R=+0.00 | carry=0 | base=0.06 ba=+0.73 | site=1 sd=0.92 sa=-0.33 | phero=0 pd=0.00 pa=+0.00 | srch=0.02 | wall=4.32

[PICKUP] Robot 1 picked up tag (density=1) | Total: 115
[GIVE-UP] R2 giving up after 1819 steps

======================================================================
Step 61500 (32.8 min) | Pickups: 115 | Deposits: 113 | Rate: 3.45 tags/min | phero_entries=3 phero_max=0.391
======================================================================
R1[RTB       ]: L=+1.00 R=+1.00 | carry=1 | base=0.42 ba=-0.00 | site=0 sd=0.00 sa=+0.00 | phero=0 pd=0.00 pa=+0.00 | srch=0.00 | wall=3.28
R2[GIVE_UP   ]: L=+1.00 R=+1.00 | carry=0 | base=1.05 ba=+0.00 | site=0 sd=0.00 sa=+0.00 | phero=0 pd=0.00 pa=+0.00 | srch=0.52 | wall=1.59
R3[RTB       ]: L=+1.00 R=+1.00 | carry=1 | base=0.19 ba=-0.00 | site=0 sd=0.00 sa=+0.00 | phero=0 pd=0.00 pa=+0.00 | srch=0.00 | wall=3.89
R4[SITE      ]: L=+1.00 R=+0.99 | carry=0 | base=0.58 ba=-0.94 | site=1 sd=0.42 sa=-0.06 | phero=0 pd=0.00 pa=+0.00 | srch=0.15 | wall=2.85

[DEPOSIT] Robot 3 deposited! Total: 114
  [PHERO] Laid at (-1.40, 2.73) density=3 prob=0.65 total_entries=4
  [TARGET] Robot 3 → SITE (-1.40,2.73)
[DEPOSIT] Robot 1 deposited! Total: 115
  [TARGET] Robot 1 → SITE (-1.69,-2.68)

======================================================================
Step 62000 (33.1 min) | Pickups: 115 | Deposits: 115 | Rate: 3.48 tags/min | phero_entries=4 phero_max=0.536
======================================================================
R1[SITE      ]: L=+1.00 R=+1.00 | carry=0 | base=0.15 ba=-0.94 | site=1 sd=0.77 sa=+0.24 | phero=0 pd=0.00 pa=+0.00 | srch=0.05 | wall=4.05
R2[GIVE_UP   ]: L=+1.00 R=+1.00 | carry=0 | base=0.50 ba=+0.00 | site=0 sd=0.00 sa=+0.00 | phero=0 pd=0.00 pa=+0.00 | srch=0.65 | wall=3.11
R3[SITE      ]: L=+1.00 R=+1.00 | carry=0 | base=0.36 ba=+0.94 | site=1 sd=0.52 sa=-0.00 | phero=0 pd=0.00 pa=+0.00 | srch=0.10 | wall=3.32
R4[EXPLORE   ]: L=+1.00 R=+1.00 | carry=0 | base=1.06 ba=+0.84 | site=0 sd=0.00 sa=+0.00 | phero=0 pd=0.00 pa=+0.00 | srch=0.27 | wall=1.24

[EMPTY_RTN] R2 → phero(-1.56,3.08)
[GIVE-UP] R4 giving up after 1548 steps

======================================================================
Step 62500 (33.3 min) | Pickups: 115 | Deposits: 115 | Rate: 3.45 tags/min | phero_entries=4 phero_max=0.241
======================================================================
R1[SITE      ]: L=+1.00 R=+1.00 | carry=0 | base=0.70 ba=-0.99 | site=1 sd=0.52 sa=+0.49 | phero=0 pd=0.00 pa=+0.00 | srch=0.17 | wall=2.25
R2[BASE_ESC  ]: L=+1.00 R=+0.48 | carry=0 | base=0.07 ba=+0.88 | site=0 sd=0.00 sa=+0.00 | phero=1 pd=0.92 pa=-0.26 | srch=0.03 | wall=4.31
R3[SITE      ]: L=+1.00 R=+0.54 | carry=0 | base=0.86 ba=-0.86 | site=1 sd=0.02 sa=-0.09 | phero=0 pd=0.00 pa=+0.00 | srch=0.22 | wall=1.83
R4[GIVE_UP   ]: L=+0.27 R=+1.00 | carry=0 | base=1.50 ba=+0.30 | site=0 sd=0.00 sa=+0.00 | phero=0 pd=0.00 pa=+0.00 | srch=0.40 | wall=0.37


======================================================================
Step 63000 (33.6 min) | Pickups: 115 | Deposits: 115 | Rate: 3.42 tags/min | phero_entries=2 phero_max=0.108
======================================================================
R1[SITE      ]: L=+1.00 R=+1.00 | carry=0 | base=1.24 ba=-0.99 | site=1 sd=0.74 sa=+0.75 | phero=0 pd=0.00 pa=+0.00 | srch=0.30 | wall=0.45
R2[PHERO     ]: L=+1.00 R=+1.00 | carry=0 | base=0.61 ba=+0.99 | site=0 sd=0.00 sa=+0.00 | phero=1 pd=0.70 pa=-0.48 | srch=0.15 | wall=2.47
R3[EXPLORE   ]: L=+1.00 R=+1.00 | carry=0 | base=1.23 ba=-0.10 | site=0 sd=0.00 sa=+0.00 | phero=0 pd=0.00 pa=+0.00 | srch=0.35 | wall=0.36
R4[GIVE_UP   ]: L=+1.00 R=+1.00 | carry=0 | base=0.97 ba=+0.00 | site=0 sd=0.00 sa=+0.00 | phero=0 pd=0.00 pa=+0.00 | srch=0.52 | wall=1.84

[GIVE-UP] R4 giving up after 2562 steps

======================================================================
Step 63500 (33.9 min) | Pickups: 115 | Deposits: 115 | Rate: 3.40 tags/min | phero_entries=2 phero_max=0.049
======================================================================
R1[SITE      ]: L=+1.00 R=+1.00 | carry=0 | base=0.90 ba=-0.09 | site=1 sd=0.64 sa=-0.47 | phero=0 pd=0.00 pa=+0.00 | srch=0.42 | wall=1.47
R2[PHERO     ]: L=+1.00 R=+0.96 | carry=0 | base=1.09 ba=-0.70 | site=0 sd=0.00 sa=+0.00 | phero=1 pd=0.67 pa=-0.35 | srch=0.28 | wall=1.05
R3[EXPLORE   ]: L=+1.00 R=+1.00 | carry=0 | base=0.73 ba=-0.18 | site=0 sd=0.00 sa=+0.00 | phero=0 pd=0.00 pa=+0.00 | srch=0.47 | wall=1.94
R4[GIVE_UP   ]: L=+1.00 R=+1.00 | carry=0 | base=0.42 ba=+0.00 | site=0 sd=0.00 sa=+0.00 | phero=0 pd=0.00 pa=+0.00 | srch=0.65 | wall=3.34

[EMPTY_RTN] R4 → phero(-1.40,2.73)

======================================================================
Step 64000 (34.1 min) | Pickups: 115 | Deposits: 115 | Rate: 3.37 tags/min | phero_entries=2 phero_max=0.022
======================================================================
R1[SITE      ]: L=+1.00 R=+0.96 | carry=0 | base=0.41 ba=+0.39 | site=1 sd=0.63 sa=-0.27 | phero=0 pd=0.00 pa=+0.00 | srch=0.55 | wall=3.14
R2[PHERO     ]: L=+1.00 R=+1.00 | carry=0 | base=1.11 ba=-0.35 | site=0 sd=0.00 sa=+0.00 | phero=1 pd=0.27 pa=-0.03 | srch=0.40 | wall=1.54
R3[EXPLORE   ]: L=+1.00 R=+1.00 | carry=0 | base=0.43 ba=-0.50 | site=0 sd=0.00 sa=+0.00 | phero=0 pd=0.00 pa=+0.00 | srch=0.60 | wall=3.43
R4[PHERO     ]: L=+0.89 R=+0.89 | carry=0 | base=0.10 ba=-0.82 | site=0 sd=0.00 sa=+0.00 | phero=1 pd=0.78 pa=+0.09 | srch=0.04 | wall=4.22

[PICKUP] Robot 3 picked up tag (density=2) | Total: 116
[PICKUP] Robot 2 picked up tag (density=2) | Total: 117
[DEPOSIT] Robot 3 deposited! Total: 116
  [TARGET] Robot 3 → SITE (1.33,0.80)

======================================================================
Step 64500 (34.4 min) | Pickups: 117 | Deposits: 116 | Rate: 3.37 tags/min | phero_entries=2 phero_max=0.010
======================================================================
R1[SITE      ]: L=+1.00 R=+1.00 | carry=0 | base=0.68 ba=+0.98 | site=1 sd=0.28 sa=-0.26 | phero=0 pd=0.00 pa=+0.00 | srch=0.67 | wall=2.27
R2[RTB       ]: L=+1.00 R=+1.00 | carry=1 | base=0.67 ba=-0.00 | site=0 sd=0.00 sa=+0.00 | phero=0 pd=0.00 pa=+0.00 | srch=0.00 | wall=2.51
R3[BASE_ESC  ]: L=+0.00 R=+1.00 | carry=0 | base=0.07 ba=-0.17 | site=1 sd=0.38 sa=+0.86 | phero=0 pd=0.00 pa=+0.00 | srch=0.00 | wall=4.29
R4[PHERO     ]: L=+0.38 R=+0.59 | carry=0 | base=0.60 ba=+0.95 | site=0 sd=0.00 sa=+0.00 | phero=1 pd=0.44 pa=+0.31 | srch=0.17 | wall=2.41


======================================================================
Step 65000 (34.7 min) | Pickups: 117 | Deposits: 116 | Rate: 3.35 tags/min | phero_entries=2 phero_max=0.004
======================================================================
R1[SITE      ]: L=+1.00 R=+0.85 | carry=0 | base=1.04 ba=-0.32 | site=1 sd=0.14 sa=-0.26 | phero=0 pd=0.00 pa=+0.00 | srch=0.80 | wall=1.35
R2[RTB       ]: L=+1.00 R=+1.00 | carry=1 | base=0.13 ba=-0.00 | site=0 sd=0.00 sa=+0.00 | phero=0 pd=0.00 pa=+0.00 | srch=0.00 | wall=4.13
R3[EXPLORE   ]: L=+1.00 R=+1.00 | carry=0 | base=0.45 ba=-0.79 | site=0 sd=0.00 sa=+0.00 | phero=0 pd=0.00 pa=+0.00 | srch=0.13 | wall=3.16
R4[PHERO     ]: L=+0.42 R=+1.00 | carry=0 | base=1.04 ba=+0.60 | site=0 sd=0.00 sa=+0.00 | phero=1 pd=0.28 pa=+0.33 | srch=0.29 | wall=0.96

[DEPOSIT] Robot 2 deposited! Total: 117
  [TARGET] Robot 2 → SITE (-2.04,3.06)

======================================================================
Step 65500 (34.9 min) | Pickups: 117 | Deposits: 117 | Rate: 3.35 tags/min | phero_entries=1 phero_max=0.002
======================================================================
R1[EXPLORE   ]: L=+1.00 R=+1.00 | carry=0 | base=0.65 ba=+0.32 | site=0 sd=0.00 sa=+0.00 | phero=0 pd=0.00 pa=+0.00 | srch=0.92 | wall=2.28
R2[SITE      ]: L=+1.00 R=+1.00 | carry=0 | base=0.44 ba=-0.98 | site=1 sd=0.72 sa=+0.30 | phero=0 pd=0.00 pa=+0.00 | srch=0.11 | wall=2.96
R3[EXPLORE   ]: L=+1.00 R=+1.00 | carry=0 | base=0.95 ba=-0.91 | site=0 sd=0.00 sa=+0.00 | phero=0 pd=0.00 pa=+0.00 | srch=0.25 | wall=1.24
R4[EXPLORE   ]: L=+1.00 R=+0.84 | carry=0 | base=0.86 ba=+0.54 | site=0 sd=0.00 sa=+0.00 | phero=0 pd=0.00 pa=+0.00 | srch=0.42 | wall=1.95

[PICKUP] Robot 4 picked up tag (density=2) | Total: 118

======================================================================
Step 66000 (35.2 min) | Pickups: 118 | Deposits: 117 | Rate: 3.32 tags/min | phero_entries=0 phero_max=0.000
======================================================================
R1[EXPLORE   ]: L=+1.00 R=+1.00 | carry=0 | base=0.58 ba=+0.61 | site=0 sd=0.00 sa=+0.00 | phero=0 pd=0.00 pa=+0.00 | srch=1.00 | wall=2.93
R2[SITE      ]: L=+1.00 R=+1.00 | carry=0 | base=0.99 ba=-0.99 | site=1 sd=0.60 sa=+0.57 | phero=0 pd=0.00 pa=+0.00 | srch=0.24 | wall=1.04
R3[EXPLORE   ]: L=+0.84 R=+1.00 | carry=0 | base=1.11 ba=-0.53 | site=0 sd=0.00 sa=+0.00 | phero=0 pd=0.00 pa=+0.00 | srch=0.38 | wall=0.63
R4[RTB       ]: L=+1.00 R=+1.00 | carry=1 | base=0.73 ba=-0.00 | site=0 sd=0.00 sa=+0.00 | phero=0 pd=0.00 pa=+0.00 | srch=0.00 | wall=2.29


======================================================================
Step 66500 (35.5 min) | Pickups: 118 | Deposits: 117 | Rate: 3.30 tags/min | phero_entries=0 phero_max=0.000
======================================================================
R1[EXPLORE   ]: L=+1.00 R=+1.00 | carry=0 | base=0.93 ba=+0.80 | site=0 sd=0.00 sa=+0.00 | phero=0 pd=0.00 pa=+0.00 | srch=1.00 | wall=1.39
R2[SITE      ]: L=+1.00 R=+1.00 | carry=0 | base=0.99 ba=+0.18 | site=1 sd=0.49 sa=-0.28 | phero=0 pd=0.00 pa=+0.00 | srch=0.36 | wall=1.05
R3[EXPLORE   ]: L=+1.00 R=+1.00 | carry=0 | base=0.93 ba=+0.16 | site=0 sd=0.00 sa=+0.00 | phero=0 pd=0.00 pa=+0.00 | srch=0.50 | wall=1.24
R4[RTB       ]: L=+1.00 R=+1.00 | carry=1 | base=0.18 ba=-0.00 | site=0 sd=0.00 sa=+0.00 | phero=0 pd=0.00 pa=+0.00 | srch=0.00 | wall=3.96

[DEPOSIT] Robot 4 deposited! Total: 118
  [TARGET] Robot 4 → SITE (-1.73,2.96)

======================================================================
Step 67000 (35.7 min) | Pickups: 118 | Deposits: 118 | Rate: 3.30 tags/min | phero_entries=0 phero_max=0.000
======================================================================
R1[EXPLORE   ]: L=+1.00 R=+1.00 | carry=0 | base=1.08 ba=+0.14 | site=0 sd=0.00 sa=+0.00 | phero=0 pd=0.00 pa=+0.00 | srch=1.00 | wall=0.73
R2[SITE      ]: L=+1.00 R=+0.90 | carry=0 | base=0.92 ba=+0.82 | site=1 sd=0.14 sa=-0.27 | phero=0 pd=0.00 pa=+0.00 | srch=0.49 | wall=1.89
R3[EXPLORE   ]: L=+1.00 R=+1.00 | carry=0 | base=0.52 ba=+0.32 | site=0 sd=0.00 sa=+0.00 | phero=0 pd=0.00 pa=+0.00 | srch=0.63 | wall=3.01
R4[SITE      ]: L=+0.99 R=+1.00 | carry=0 | base=0.38 ba=+0.94 | site=1 sd=0.60 sa=+0.02 | phero=0 pd=0.00 pa=+0.00 | srch=0.10 | wall=3.24

[PICKUP] Robot 1 picked up tag (density=13) | Total: 119
[PICKUP] Robot 4 picked up tag (density=1) | Total: 120

======================================================================
Step 67500 (36.0 min) | Pickups: 120 | Deposits: 118 | Rate: 3.28 tags/min | phero_entries=0 phero_max=0.000
======================================================================
R1[RTB       ]: L=+1.00 R=+1.00 | carry=1 | base=0.55 ba=+0.00 | site=0 sd=0.00 sa=+0.00 | phero=0 pd=0.00 pa=+0.00 | srch=0.00 | wall=2.58
R2[EXPLORE   ]: L=+1.00 R=+1.00 | carry=0 | base=1.18 ba=-0.65 | site=0 sd=0.00 sa=+0.00 | phero=0 pd=0.00 pa=+0.00 | srch=0.61 | wall=0.56
R3[EXPLORE   ]: L=+0.94 R=+1.00 | carry=0 | base=0.52 ba=+0.65 | site=0 sd=0.00 sa=+0.00 | phero=0 pd=0.00 pa=+0.00 | srch=0.75 | wall=2.71
R4[RTB       ]: L=+0.00 R=+1.00 | carry=1 | base=0.89 ba=+0.61 | site=0 sd=0.00 sa=+0.00 | phero=0 pd=0.00 pa=+0.00 | srch=0.00 | wall=1.79

[DEPOSIT] Robot 1 deposited! Total: 119
  [PHERO] Laid at (3.46, -0.08) density=13 prob=1.00 total_entries=1
  [TARGET] Robot 1 → SITE (3.46,-0.08)

======================================================================
Step 68000 (36.3 min) | Pickups: 120 | Deposits: 119 | Rate: 3.28 tags/min | phero_entries=1 phero_max=0.901
======================================================================
R1[BASE_ESC  ]: L=+1.00 R=+0.00 | carry=0 | base=0.06 ba=+0.53 | site=1 sd=0.93 sa=-0.52 | phero=0 pd=0.00 pa=+0.00 | srch=0.02 | wall=4.28
R2[EXPLORE   ]: L=+1.00 R=+1.00 | carry=0 | base=0.90 ba=-0.24 | site=0 sd=0.00 sa=+0.00 | phero=0 pd=0.00 pa=+0.00 | srch=0.74 | wall=1.33
R3[EXPLORE   ]: L=+0.48 R=+1.00 | carry=0 | base=0.52 ba=+0.24 | site=0 sd=0.00 sa=+0.00 | phero=0 pd=0.00 pa=+0.00 | srch=0.88 | wall=2.82
R4[RTB       ]: L=+1.00 R=+1.00 | carry=1 | base=0.42 ba=+0.00 | site=0 sd=0.00 sa=+0.00 | phero=0 pd=0.00 pa=+0.00 | srch=0.00 | wall=3.25

[DEPOSIT] Robot 4 deposited! Total: 120
  [PHERO] Laid at (-1.50, 2.70) density=1 prob=0.20 total_entries=2
  [TARGET] Robot 4 → SITE (-1.50,2.70)
[PICKUP] Robot 1 picked up tag (density=1) | Total: 121
[GIVE-UP] R3 giving up after 4008 steps

======================================================================
Step 68500 (36.5 min) | Pickups: 121 | Deposits: 120 | Rate: 3.28 tags/min | phero_entries=2 phero_max=0.744
======================================================================
R1[RTB       ]: L=+0.96 R=+1.00 | carry=1 | base=0.34 ba=+0.02 | site=0 sd=0.00 sa=+0.00 | phero=0 pd=0.00 pa=+0.00 | srch=0.00 | wall=3.49
R2[EXPLORE   ]: L=+1.00 R=+1.00 | carry=0 | base=0.63 ba=-0.45 | site=0 sd=0.00 sa=+0.00 | phero=0 pd=0.00 pa=+0.00 | srch=0.86 | wall=2.72
R3[GIVE_UP   ]: L=+0.00 R=+1.00 | carry=0 | base=0.56 ba=+0.52 | site=0 sd=0.00 sa=+0.00 | phero=0 pd=0.00 pa=+0.00 | srch=1.00 | wall=3.08
R4[SITE      ]: L=+1.00 R=+1.00 | carry=0 | base=0.15 ba=+0.95 | site=1 sd=0.75 sa=-0.23 | phero=0 pd=0.00 pa=+0.00 | srch=0.05 | wall=4.07

[DEPOSIT] Robot 1 deposited! Total: 121
  [TARGET] Robot 1 → SITE (1.21,0.61)
[EMPTY_RTN] R3 → phero(-1.50,2.70)

======================================================================
Step 69000 (36.8 min) | Pickups: 121 | Deposits: 121 | Rate: 3.29 tags/min | phero_entries=2 phero_max=0.334
======================================================================
R1[SITE      ]: L=+0.18 R=+0.42 | carry=0 | base=0.19 ba=-0.93 | site=1 sd=0.20 sa=-0.03 | phero=0 pd=0.00 pa=+0.00 | srch=0.06 | wall=3.96
R2[EXPLORE   ]: L=+0.47 R=-0.14 | carry=0 | base=0.77 ba=-0.68 | site=0 sd=0.00 sa=+0.00 | phero=0 pd=0.00 pa=+0.00 | srch=0.99 | wall=1.85
R3[BASE_ESC  ]: L=+1.00 R=+0.00 | carry=0 | base=0.07 ba=+0.17 | site=0 sd=0.00 sa=+0.00 | phero=1 pd=0.82 pa=-0.94 | srch=0.00 | wall=4.33
R4[SITE      ]: L=+1.00 R=+0.97 | carry=0 | base=0.68 ba=-0.83 | site=1 sd=0.31 sa=-0.15 | phero=0 pd=0.00 pa=+0.00 | srch=0.17 | wall=2.79

[GIVE-UP] R1 giving up after 650 steps
[PICKUP] Robot 2 picked up tag (density=12) | Total: 122

======================================================================
Step 69500 (37.1 min) | Pickups: 122 | Deposits: 121 | Rate: 3.26 tags/min | phero_entries=2 phero_max=0.150
======================================================================
R1[GIVE_UP   ]: L=+0.39 R=+1.00 | carry=0 | base=0.55 ba=+0.23 | site=0 sd=0.00 sa=+0.00 | phero=0 pd=0.00 pa=+0.00 | srch=0.19 | wall=2.79
R2[RTB       ]: L=+1.00 R=+0.99 | carry=1 | base=0.45 ba=-0.00 | site=0 sd=0.00 sa=+0.00 | phero=0 pd=0.00 pa=+0.00 | srch=0.00 | wall=3.00
R3[PHERO     ]: L=+1.00 R=+1.00 | carry=0 | base=0.41 ba=+0.87 | site=0 sd=0.00 sa=+0.00 | phero=1 pd=0.48 pa=-0.02 | srch=0.13 | wall=3.13
R4[EXPLORE   ]: L=+1.00 R=+1.00 | carry=0 | base=0.86 ba=-0.43 | site=0 sd=0.00 sa=+0.00 | phero=0 pd=0.00 pa=+0.00 | srch=0.30 | wall=1.62

[DEPOSIT] Robot 2 deposited! Total: 122
  [PHERO] Laid at (1.80, -0.52) density=12 prob=1.00 total_entries=3
  [TARGET] Robot 2 → SITE (1.80,-0.52)
[EMPTY_RTN] R1 → phero(1.80,-0.52)

======================================================================
Step 70000 (37.3 min) | Pickups: 122 | Deposits: 122 | Rate: 3.27 tags/min | phero_entries=3 phero_max=0.785
======================================================================
R1[BASE_ESC  ]: L=+1.00 R=+0.00 | carry=0 | base=0.06 ba=+0.47 | site=0 sd=0.00 sa=+0.00 | phero=1 pd=0.50 pa=-0.84 | srch=0.01 | wall=4.32
R2[SITE      ]: L=+1.00 R=+1.00 | carry=0 | base=0.11 ba=-0.92 | site=1 sd=0.44 sa=+0.25 | phero=0 pd=0.00 pa=+0.00 | srch=0.04 | wall=4.20
R3[EXPLORE   ]: L=+1.00 R=+0.84 | carry=0 | base=0.89 ba=-0.73 | site=0 sd=0.00 sa=+0.00 | phero=0 pd=0.00 pa=+0.00 | srch=0.25 | wall=1.76
R4[EXPLORE   ]: L=+1.00 R=-0.06 | carry=0 | base=0.91 ba=-0.36 | site=0 sd=0.00 sa=+0.00 | phero=0 pd=0.00 pa=+0.00 | srch=0.42 | wall=1.48


======================================================================
Step 70500 (37.6 min) | Pickups: 122 | Deposits: 122 | Rate: 3.24 tags/min | phero_entries=3 phero_max=0.353
======================================================================
R1[PHERO     ]: L=+1.00 R=+0.96 | carry=0 | base=0.49 ba=-0.85 | site=0 sd=0.00 sa=+0.00 | phero=1 pd=0.14 pa=-0.27 | srch=0.14 | wall=2.79
R2[SITE      ]: L=+0.91 R=+1.00 | carry=0 | base=0.60 ba=+0.67 | site=1 sd=0.15 sa=+0.33 | phero=0 pd=0.00 pa=+0.00 | srch=0.16 | wall=2.70
R3[EXPLORE   ]: L=+1.00 R=+1.00 | carry=0 | base=0.73 ba=-0.44 | site=0 sd=0.00 sa=+0.00 | phero=0 pd=0.00 pa=+0.00 | srch=0.38 | wall=1.95
R4[EXPLORE   ]: L=+1.00 R=+0.73 | carry=0 | base=0.77 ba=+0.90 | site=0 sd=0.00 sa=+0.00 | phero=0 pd=0.00 pa=+0.00 | srch=0.55 | wall=1.84

[PICKUP] Robot 2 picked up tag (density=11) | Total: 123
[PICKUP] Robot 1 picked up tag (density=10) | Total: 124
[PICKUP] Robot 3 picked up tag (density=14) | Total: 125

======================================================================
Step 71000 (37.9 min) | Pickups: 125 | Deposits: 122 | Rate: 3.22 tags/min | phero_entries=3 phero_max=0.159
======================================================================
R1[RTB       ]: L=+1.00 R=+1.00 | carry=1 | base=0.27 ba=-0.00 | site=0 sd=0.00 sa=+0.00 | phero=0 pd=0.00 pa=+0.00 | srch=0.00 | wall=3.59
R2[RTB       ]: L=+1.00 R=+1.00 | carry=1 | base=0.17 ba=+0.00 | site=0 sd=0.00 sa=+0.00 | phero=0 pd=0.00 pa=+0.00 | srch=0.00 | wall=3.96
R3[RTB       ]: L=+1.00 R=+1.00 | carry=1 | base=0.53 ba=-0.00 | site=0 sd=0.00 sa=+0.00 | phero=0 pd=0.00 pa=+0.00 | srch=0.00 | wall=2.86
R4[EXPLORE   ]: L=+1.00 R=+1.00 | carry=0 | base=0.64 ba=-0.40 | site=0 sd=0.00 sa=+0.00 | phero=0 pd=0.00 pa=+0.00 | srch=0.67 | wall=2.40

[DEPOSIT] Robot 2 deposited! Total: 123
  [PHERO] Laid at (1.91, -0.97) density=11 prob=1.00 total_entries=4
  [TARGET] Robot 2 → SITE (1.91,-0.97)
[DEPOSIT] Robot 1 deposited! Total: 124
  [PHERO] Laid at (1.98, -0.52) density=10 prob=1.00 total_entries=5
  [TARGET] Robot 1 → SITE (1.98,-0.52)
[DEPOSIT] Robot 3 deposited! Total: 125
  [PHERO] Laid at (1.17, 2.37) density=14 prob=1.00 total_entries=6
  [TARGET] Robot 3 → SITE (1.17,2.37)

======================================================================
Step 71500 (38.1 min) | Pickups: 125 | Deposits: 125 | Rate: 3.28 tags/min | phero_entries=6 phero_max=0.883
======================================================================
R1[SITE      ]: L=+1.00 R=+1.00 | carry=0 | base=0.20 ba=+0.97 | site=1 sd=0.44 sa=-0.32 | phero=0 pd=0.00 pa=+0.00 | srch=0.06 | wall=3.84
R2[SITE      ]: L=+1.00 R=+1.00 | carry=0 | base=0.32 ba=+1.00 | site=1 sd=0.29 sa=-0.08 | phero=0 pd=0.00 pa=+0.00 | srch=0.10 | wall=3.44
R3[BASE_ESC  ]: L=+0.00 R=+1.00 | carry=0 | base=0.06 ba=-0.68 | site=1 sd=0.69 sa=+0.39 | phero=0 pd=0.00 pa=+0.00 | srch=0.02 | wall=4.32
R4[EXPLORE   ]: L=+1.00 R=+0.85 | carry=0 | base=0.65 ba=-0.29 | site=0 sd=0.00 sa=+0.00 | phero=0 pd=0.00 pa=+0.00 | srch=0.80 | wall=2.42

[PICKUP] Robot 2 picked up tag (density=9) | Total: 126

======================================================================
Step 72000 (38.4 min) | Pickups: 126 | Deposits: 125 | Rate: 3.26 tags/min | phero_entries=6 phero_max=0.397
======================================================================
R1[SITE      ]: L=+1.00 R=+0.94 | carry=0 | base=0.74 ba=-0.83 | site=1 sd=0.46 sa=-0.54 | phero=0 pd=0.00 pa=+0.00 | srch=0.18 | wall=2.13
R2[RTB       ]: L=+1.00 R=+1.00 | carry=1 | base=0.25 ba=+0.00 | site=0 sd=0.00 sa=+0.00 | phero=0 pd=0.00 pa=+0.00 | srch=0.00 | wall=3.69
R3[SITE      ]: L=+0.99 R=+1.00 | carry=0 | base=0.56 ba=+0.94 | site=1 sd=0.20 sa=+0.03 | phero=0 pd=0.00 pa=+0.00 | srch=0.14 | wall=2.79
R4[EXPLORE   ]: L=+1.00 R=+1.00 | carry=0 | base=0.33 ba=-0.47 | site=0 sd=0.00 sa=+0.00 | phero=0 pd=0.00 pa=+0.00 | srch=0.92 | wall=3.52

[DEPOSIT] Robot 2 deposited! Total: 126
  [PHERO] Laid at (1.61, -0.60) density=9 prob=1.00 total_entries=7
  [TARGET] Robot 2 → SITE (1.61,-0.60)
[PICKUP] Robot 3 picked up tag (density=13) | Total: 127

======================================================================
Step 72500 (38.7 min) | Pickups: 127 | Deposits: 126 | Rate: 3.26 tags/min | phero_entries=6 phero_max=0.581
======================================================================
R1[SITE      ]: L=+1.00 R=+0.94 | carry=0 | base=0.76 ba=-0.28 | site=1 sd=0.21 sa=-0.13 | phero=0 pd=0.00 pa=+0.00 | srch=0.31 | wall=1.84
R2[SITE      ]: L=+1.00 R=+1.00 | carry=0 | base=0.32 ba=+0.98 | site=1 sd=0.26 sa=-0.37 | phero=0 pd=0.00 pa=+0.00 | srch=0.08 | wall=3.40
R3[RTB       ]: L=+1.00 R=+1.00 | carry=1 | base=0.52 ba=+0.00 | site=0 sd=0.00 sa=+0.00 | phero=0 pd=0.00 pa=+0.00 | srch=0.00 | wall=2.85
R4[EXPLORE   ]: L=+1.00 R=+1.00 | carry=0 | base=0.61 ba=-0.82 | site=0 sd=0.00 sa=+0.00 | phero=0 pd=0.00 pa=+0.00 | srch=1.00 | wall=2.36

[PICKUP] Robot 1 picked up tag (density=8) | Total: 128
[PICKUP] Robot 2 picked up tag (density=7) | Total: 129
[DEPOSIT] Robot 3 deposited! Total: 127
  [PHERO] Laid at (1.17, 2.36) density=13 prob=1.00 total_entries=6
  [TARGET] Robot 3 → SITE (1.17,2.36)

======================================================================
Step 73000 (38.9 min) | Pickups: 129 | Deposits: 127 | Rate: 3.26 tags/min | phero_entries=6 phero_max=0.859
======================================================================
R1[RTB       ]: L=+1.00 R=+1.00 | carry=1 | base=0.26 ba=-0.00 | site=0 sd=0.00 sa=+0.00 | phero=0 pd=0.00 pa=+0.00 | srch=0.00 | wall=3.61
R2[RTB       ]: L=+1.00 R=+0.99 | carry=1 | base=0.49 ba=-0.00 | site=0 sd=0.00 sa=+0.00 | phero=0 pd=0.00 pa=+0.00 | srch=0.00 | wall=2.90
R3[BASE_ESC  ]: L=+1.00 R=+0.04 | carry=0 | base=0.06 ba=+0.76 | site=1 sd=0.69 sa=-0.32 | phero=0 pd=0.00 pa=+0.00 | srch=0.02 | wall=4.28
R4[EXPLORE   ]: L=+1.00 R=+1.00 | carry=0 | base=1.06 ba=-0.77 | site=0 sd=0.00 sa=+0.00 | phero=0 pd=0.00 pa=+0.00 | srch=1.00 | wall=1.17

[DEPOSIT] Robot 1 deposited! Total: 128
  [PHERO] Laid at (1.96, -0.54) density=8 prob=1.00 total_entries=7
  [TARGET] Robot 1 → SITE (1.96,-0.54)
[DEPOSIT] Robot 2 deposited! Total: 129
  [PHERO] Laid at (1.89, -0.60) density=7 prob=0.99 total_entries=8
  [TARGET] Robot 2 → SITE (1.89,-0.60)

======================================================================
Step 73500 (39.2 min) | Pickups: 129 | Deposits: 129 | Rate: 3.29 tags/min | phero_entries=8 phero_max=0.824
======================================================================
R1[SITE      ]: L=+1.00 R=+1.00 | carry=0 | base=0.30 ba=-0.97 | site=1 sd=0.35 sa=+0.34 | phero=0 pd=0.00 pa=+0.00 | srch=0.08 | wall=3.74
R2[SITE      ]: L=+1.00 R=+1.00 | carry=0 | base=0.08 ba=-0.89 | site=1 sd=0.49 sa=+0.23 | phero=0 pd=0.00 pa=+0.00 | srch=0.03 | wall=4.27
R3[SITE      ]: L=+1.00 R=+1.00 | carry=0 | base=0.55 ba=-0.89 | site=1 sd=0.24 sa=-0.11 | phero=0 pd=0.00 pa=+0.00 | srch=0.15 | wall=2.62
R4[EXPLORE   ]: L=+1.00 R=+1.00 | carry=0 | base=1.51 ba=-0.85 | site=0 sd=0.00 sa=+0.00 | phero=0 pd=0.00 pa=+0.00 | srch=1.00 | wall=0.44

[PICKUP] Robot 3 picked up tag (density=12) | Total: 130

======================================================================
Step 74000 (39.5 min) | Pickups: 130 | Deposits: 129 | Rate: 3.27 tags/min | phero_entries=8 phero_max=0.370
======================================================================
R1[SITE      ]: L=+0.95 R=+1.00 | carry=0 | base=0.83 ba=+0.83 | site=1 sd=0.38 sa=+0.62 | phero=0 pd=0.00 pa=+0.00 | srch=0.21 | wall=2.25
R2[SITE      ]: L=+0.95 R=+1.00 | carry=0 | base=0.62 ba=+0.88 | site=1 sd=0.33 sa=+0.52 | phero=0 pd=0.00 pa=+0.00 | srch=0.16 | wall=2.85
R3[RTB       ]: L=+1.00 R=+1.00 | carry=1 | base=0.58 ba=-0.00 | site=0 sd=0.00 sa=+0.00 | phero=0 pd=0.00 pa=+0.00 | srch=0.00 | wall=2.73
R4[WALL_ESC  ]: L=+0.51 R=+1.00 | carry=0 | base=1.49 ba=+0.11 | site=0 sd=0.00 sa=+0.00 | phero=0 pd=0.00 pa=+0.00 | srch=1.00 | wall=0.34

[DEPOSIT] Robot 3 deposited! Total: 130
  [PHERO] Laid at (1.24, 2.39) density=12 prob=1.00 total_entries=8
  [TARGET] Robot 3 → SITE (1.24,2.39)

======================================================================
Step 74500 (39.7 min) | Pickups: 130 | Deposits: 130 | Rate: 3.27 tags/min | phero_entries=8 phero_max=0.949
======================================================================
R1[SITE      ]: L=+1.00 R=+1.00 | carry=0 | base=1.24 ba=+0.72 | site=1 sd=0.66 sa=+0.71 | phero=0 pd=0.00 pa=+0.00 | srch=0.33 | wall=0.42
R2[SITE      ]: L=+1.00 R=+1.00 | carry=0 | base=0.88 ba=+0.47 | site=1 sd=0.31 sa=+0.45 | phero=0 pd=0.00 pa=+0.00 | srch=0.28 | wall=1.61
R3[BASE_ESC  ]: L=+0.00 R=+1.00 | carry=0 | base=0.06 ba=-0.33 | site=1 sd=0.71 sa=+0.71 | phero=0 pd=0.00 pa=+0.00 | srch=0.01 | wall=4.32
R4[EXPLORE   ]: L=+0.69 R=+0.38 | carry=0 | base=1.31 ba=+0.63 | site=0 sd=0.00 sa=+0.00 | phero=0 pd=0.00 pa=+0.00 | srch=1.00 | wall=0.36

[PICKUP] Robot 1 picked up tag (density=12) | Total: 131

======================================================================
Step 75000 (40.0 min) | Pickups: 131 | Deposits: 130 | Rate: 3.25 tags/min | phero_entries=8 phero_max=0.426
======================================================================
R1[RTB       ]: L=+0.92 R=+1.00 | carry=1 | base=0.88 ba=+0.03 | site=0 sd=0.00 sa=+0.00 | phero=0 pd=0.00 pa=+0.00 | srch=0.00 | wall=1.44
R2[SITE      ]: L=+0.80 R=+1.00 | carry=0 | base=0.55 ba=-0.51 | site=1 sd=0.04 sa=+0.18 | phero=0 pd=0.00 pa=+0.00 | srch=0.41 | wall=2.65
R3[SITE      ]: L=+1.00 R=+1.00 | carry=0 | base=0.52 ba=+0.92 | site=1 sd=0.29 sa=+0.14 | phero=0 pd=0.00 pa=+0.00 | srch=0.13 | wall=3.13
R4[EXPLORE   ]: L=+1.00 R=+1.00 | carry=0 | base=1.07 ba=+0.39 | site=0 sd=0.00 sa=+0.00 | phero=0 pd=0.00 pa=+0.00 | srch=1.00 | wall=0.77

[PICKUP] Robot 2 picked up tag (density=6) | Total: 132
[PICKUP] Robot 3 picked up tag (density=11) | Total: 133

======================================================================
Step 75500 (40.3 min) | Pickups: 133 | Deposits: 130 | Rate: 3.23 tags/min | phero_entries=7 phero_max=0.192
======================================================================
R1[RTB       ]: L=+1.00 R=+1.00 | carry=1 | base=0.33 ba=+0.00 | site=0 sd=0.00 sa=+0.00 | phero=0 pd=0.00 pa=+0.00 | srch=0.00 | wall=3.35
R2[RTB       ]: L=+1.00 R=+1.00 | carry=1 | base=0.14 ba=-0.00 | site=0 sd=0.00 sa=+0.00 | phero=0 pd=0.00 pa=+0.00 | srch=0.00 | wall=4.04
R3[RTB       ]: L=+1.00 R=+1.00 | carry=1 | base=0.44 ba=+0.00 | site=0 sd=0.00 sa=+0.00 | phero=0 pd=0.00 pa=+0.00 | srch=0.00 | wall=3.19
R4[EXPLORE   ]: L=+1.00 R=+1.00 | carry=0 | base=1.02 ba=+0.56 | site=0 sd=0.00 sa=+0.00 | phero=0 pd=0.00 pa=+0.00 | srch=1.00 | wall=1.25

[DEPOSIT] Robot 2 deposited! Total: 131
  [TARGET] Robot 2 → SITE (1.86,-0.61)
[PICKUP] Robot 4 picked up tag (density=20) | Total: 134
[DEPOSIT] Robot 1 deposited! Total: 132
  [PHERO] Laid at (3.18, -0.37) density=12 prob=1.00 total_entries=7
  [TARGET] Robot 1 → SITE (3.18,-0.37)
[DEPOSIT] Robot 3 deposited! Total: 133
  [PHERO] Laid at (1.32, 2.02) density=11 prob=1.00 total_entries=7
  [TARGET] Robot 3 → SITE (1.32,2.02)

======================================================================
Step 76000 (40.5 min) | Pickups: 134 | Deposits: 133 | Rate: 3.28 tags/min | phero_entries=7 phero_max=0.764
======================================================================
R1[SITE      ]: L=+1.00 R=+1.00 | carry=0 | base=0.23 ba=+0.97 | site=1 sd=0.72 sa=-0.24 | phero=0 pd=0.00 pa=+0.00 | srch=0.07 | wall=3.73
R2[SITE      ]: L=+0.97 R=+1.00 | carry=0 | base=0.41 ba=+0.86 | site=1 sd=0.18 sa=+0.09 | phero=0 pd=0.00 pa=+0.00 | srch=0.11 | wall=3.25
R3[SITE      ]: L=+1.00 R=+0.98 | carry=0 | base=0.13 ba=+1.00 | site=1 sd=0.57 sa=-0.14 | phero=0 pd=0.00 pa=+0.00 | srch=0.04 | wall=4.05
R4[RTB       ]: L=+1.00 R=+1.00 | carry=1 | base=0.65 ba=+0.00 | site=0 sd=0.00 sa=+0.00 | phero=0 pd=0.00 pa=+0.00 | srch=0.00 | wall=2.57

[PICKUP] Robot 2 picked up tag (density=5) | Total: 135

======================================================================
Step 76500 (40.8 min) | Pickups: 135 | Deposits: 133 | Rate: 3.26 tags/min | phero_entries=6 phero_max=0.343
======================================================================
R1[SITE      ]: L=+1.00 R=+1.00 | carry=0 | base=0.78 ba=+0.99 | site=1 sd=0.48 sa=-0.51 | phero=0 pd=0.00 pa=+0.00 | srch=0.19 | wall=2.02
R2[RTB       ]: L=+1.00 R=+1.00 | carry=1 | base=0.17 ba=+0.00 | site=0 sd=0.00 sa=+0.00 | phero=0 pd=0.00 pa=+0.00 | srch=0.00 | wall=3.96
R3[SITE      ]: L=+0.46 R=+0.46 | carry=0 | base=0.40 ba=-0.92 | site=1 sd=0.31 sa=-0.07 | phero=0 pd=0.00 pa=+0.00 | srch=0.17 | wall=3.20
R4[RTB       ]: L=+1.00 R=+1.00 | carry=1 | base=0.10 ba=+0.00 | site=0 sd=0.00 sa=+0.00 | phero=0 pd=0.00 pa=+0.00 | srch=0.00 | wall=4.21

[DEPOSIT] Robot 4 deposited! Total: 134
  [PHERO] Laid at (1.81, -3.17) density=20 prob=1.00 total_entries=7
  [TARGET] Robot 4 → SITE (1.81,-3.17)
[DEPOSIT] Robot 2 deposited! Total: 135
  [PHERO] Laid at (1.59, -0.75) density=5 prob=0.92 total_entries=8
  [TARGET] Robot 2 → SITE (1.59,-0.75)
[PICKUP] Robot 3 picked up tag (density=10) | Total: 136
[PICKUP] Robot 1 picked up tag (density=11) | Total: 137

======================================================================
Step 77000 (41.1 min) | Pickups: 137 | Deposits: 135 | Rate: 3.29 tags/min | phero_entries=8 phero_max=0.516
======================================================================
R1[RTB       ]: L=+1.00 R=+0.04 | carry=1 | base=0.98 ba=-0.36 | site=0 sd=0.00 sa=+0.00 | phero=0 pd=0.00 pa=+0.00 | srch=0.00 | wall=1.07
R2[SITE      ]: L=+1.00 R=+0.97 | carry=0 | base=0.40 ba=+0.98 | site=1 sd=0.28 sa=-0.50 | phero=0 pd=0.00 pa=+0.00 | srch=0.10 | wall=3.11
R3[RTB       ]: L=+1.00 R=+1.00 | carry=1 | base=0.57 ba=-0.00 | site=0 sd=0.00 sa=+0.00 | phero=0 pd=0.00 pa=+0.00 | srch=0.00 | wall=2.84
R4[SITE      ]: L=+1.00 R=+0.90 | carry=0 | base=0.46 ba=-0.92 | site=1 sd=0.65 sa=-0.15 | phero=0 pd=0.00 pa=+0.00 | srch=0.12 | wall=3.17

[PICKUP] Robot 2 picked up tag (density=4) | Total: 138
[DEPOSIT] Robot 3 deposited! Total: 136
  [PHERO] Laid at (1.28, 2.08) density=10 prob=1.00 total_entries=8
  [TARGET] Robot 3 → SITE (1.28,2.08)

======================================================================
Step 77500 (41.3 min) | Pickups: 138 | Deposits: 136 | Rate: 3.29 tags/min | phero_entries=7 phero_max=0.934
======================================================================
R1[RTB       ]: L=+1.00 R=+1.00 | carry=1 | base=0.46 ba=-0.00 | site=0 sd=0.00 sa=+0.00 | phero=0 pd=0.00 pa=+0.00 | srch=0.00 | wall=2.88
R2[RTB       ]: L=+1.00 R=+1.00 | carry=1 | base=0.45 ba=-0.00 | site=0 sd=0.00 sa=+0.00 | phero=0 pd=0.00 pa=+0.00 | srch=0.00 | wall=3.02
R3[BASE_ESC  ]: L=+0.00 R=+1.00 | carry=0 | base=0.06 ba=-0.41 | site=1 sd=0.63 sa=+0.63 | phero=0 pd=0.00 pa=+0.00 | srch=0.01 | wall=4.33
R4[SITE      ]: L=+0.93 R=+0.97 | carry=0 | base=0.92 ba=-0.76 | site=1 sd=0.13 sa=+0.16 | phero=0 pd=0.00 pa=+0.00 | srch=0.24 | wall=1.76

[PICKUP] Robot 4 picked up tag (density=19) | Total: 139
[DEPOSIT] Robot 2 deposited! Total: 137
  [PHERO] Laid at (1.98, -0.60) density=4 prob=0.82 total_entries=7
  [TARGET] Robot 2 → SITE (1.98,-0.60)
[DEPOSIT] Robot 1 deposited! Total: 138
  [PHERO] Laid at (3.43, 0.10) density=11 prob=1.00 total_entries=8
  [TARGET] Robot 1 → SITE (3.43,0.10)

======================================================================
Step 78000 (41.6 min) | Pickups: 139 | Deposits: 138 | Rate: 3.32 tags/min | phero_entries=8 phero_max=0.795
======================================================================
R1[SITE      ]: L=+1.00 R=+1.00 | carry=0 | base=0.10 ba=-0.94 | site=1 sd=0.88 sa=+0.19 | phero=0 pd=0.00 pa=+0.00 | srch=0.04 | wall=4.16
R2[SITE      ]: L=+0.97 R=+1.00 | carry=0 | base=0.12 ba=-0.99 | site=1 sd=0.48 sa=+0.15 | phero=0 pd=0.00 pa=+0.00 | srch=0.04 | wall=4.17
R3[SITE      ]: L=+0.93 R=+0.90 | carry=0 | base=0.40 ba=+0.88 | site=1 sd=0.30 sa=-0.19 | phero=0 pd=0.00 pa=+0.00 | srch=0.14 | wall=3.23
R4[RTB       ]: L=+1.00 R=+1.00 | carry=1 | base=0.78 ba=+0.00 | site=0 sd=0.00 sa=+0.00 | phero=0 pd=0.00 pa=+0.00 | srch=0.00 | wall=2.15

[PICKUP] Robot 1 picked up tag (density=3) | Total: 140

======================================================================
Step 78500 (41.9 min) | Pickups: 140 | Deposits: 138 | Rate: 3.30 tags/min | phero_entries=8 phero_max=0.357
======================================================================
R1[RTB       ]: L=+1.00 R=+0.64 | carry=1 | base=0.51 ba=-0.14 | site=0 sd=0.00 sa=+0.00 | phero=0 pd=0.00 pa=+0.00 | srch=0.00 | wall=2.97
R2[SITE      ]: L=+0.91 R=+1.00 | carry=0 | base=0.63 ba=+0.71 | site=1 sd=0.15 sa=+0.34 | phero=0 pd=0.00 pa=+0.00 | srch=0.16 | wall=2.59
R3[SITE      ]: L=+0.15 R=+0.14 | carry=0 | base=0.56 ba=-0.90 | site=1 sd=0.16 sa=-0.09 | phero=0 pd=0.00 pa=+0.00 | srch=0.26 | wall=2.71
R4[RTB       ]: L=+1.00 R=+1.00 | carry=1 | base=0.23 ba=+0.00 | site=0 sd=0.00 sa=+0.00 | phero=0 pd=0.00 pa=+0.00 | srch=0.00 | wall=3.80

[DEPOSIT] Robot 4 deposited! Total: 139
  [PHERO] Laid at (1.81, -3.23) density=19 prob=1.00 total_entries=9
  [TARGET] Robot 4 → SITE (1.81,-3.23)
[PICKUP] Robot 2 picked up tag (density=2) | Total: 141
[PICKUP] Robot 3 picked up tag (density=9) | Total: 142
[DEPOSIT] Robot 1 deposited! Total: 140
  [TARGET] Robot 1 → SITE (1.60,-0.87)

======================================================================
Step 79000 (42.1 min) | Pickups: 142 | Deposits: 140 | Rate: 3.32 tags/min | phero_entries=8 phero_max=0.568
======================================================================
R1[BASE_ESC  ]: L=+0.00 R=+1.00 | carry=0 | base=0.06 ba=-0.75 | site=1 sd=0.46 sa=+0.34 | phero=0 pd=0.00 pa=+0.00 | srch=0.02 | wall=4.33
R2[RTB       ]: L=+1.00 R=+1.00 | carry=1 | base=0.43 ba=-0.00 | site=0 sd=0.00 sa=+0.00 | phero=0 pd=0.00 pa=+0.00 | srch=0.00 | wall=3.12
R3[RTB       ]: L=+1.00 R=+0.95 | carry=1 | base=0.67 ba=-0.02 | site=0 sd=0.00 sa=+0.00 | phero=0 pd=0.00 pa=+0.00 | srch=0.00 | wall=2.58
R4[SITE      ]: L=+1.00 R=+1.00 | carry=0 | base=0.33 ba=-0.98 | site=1 sd=0.74 sa=-0.04 | phero=0 pd=0.00 pa=+0.00 | srch=0.09 | wall=3.60

[DEPOSIT] Robot 2 deposited! Total: 141
  [TARGET] Robot 2 → SITE (1.88,-0.69)
[PICKUP] Robot 4 picked up tag (density=16) | Total: 143

======================================================================
Step 79500 (42.4 min) | Pickups: 143 | Deposits: 141 | Rate: 3.33 tags/min | phero_entries=8 phero_max=0.255
======================================================================
R1[SITE      ]: L=+0.86 R=+1.00 | carry=0 | base=0.56 ba=+0.66 | site=1 sd=0.12 sa=+0.31 | phero=0 pd=0.00 pa=+0.00 | srch=0.15 | wall=3.00
R2[SITE      ]: L=+1.00 R=+1.00 | carry=0 | base=0.14 ba=+1.00 | site=1 sd=0.44 sa=+0.14 | phero=0 pd=0.00 pa=+0.00 | srch=0.04 | wall=4.13
R3[RTB       ]: L=+1.00 R=+1.00 | carry=1 | base=0.12 ba=-0.00 | site=0 sd=0.00 sa=+0.00 | phero=0 pd=0.00 pa=+0.00 | srch=0.00 | wall=4.15
R4[RTB       ]: L=+1.00 R=+0.85 | carry=1 | base=0.70 ba=-0.06 | site=0 sd=0.00 sa=+0.00 | phero=0 pd=0.00 pa=+0.00 | srch=0.00 | wall=2.41

[DEPOSIT] Robot 3 deposited! Total: 142
  [PHERO] Laid at (1.33, 2.11) density=9 prob=1.00 total_entries=9
  [TARGET] Robot 3 → SITE (1.33,2.11)
[PICKUP] Robot 1 picked up tag (density=1) | Total: 144

======================================================================
Step 80000 (42.7 min) | Pickups: 144 | Deposits: 142 | Rate: 3.33 tags/min | phero_entries=9 phero_max=0.484
======================================================================
R1[RTB       ]: L=+1.00 R=+1.00 | carry=1 | base=0.23 ba=+0.00 | site=0 sd=0.00 sa=+0.00 | phero=0 pd=0.00 pa=+0.00 | srch=0.00 | wall=3.76
R2[EXPLORE   ]: L=+1.00 R=+1.00 | carry=0 | base=0.61 ba=+0.70 | site=0 sd=0.00 sa=+0.00 | phero=0 pd=0.00 pa=+0.00 | srch=0.17 | wall=2.46
R3[SITE      ]: L=+0.62 R=+0.62 | carry=0 | base=0.38 ba=+1.00 | site=1 sd=0.34 sa=-0.08 | phero=0 pd=0.00 pa=+0.00 | srch=0.11 | wall=3.29
R4[RTB       ]: L=+1.00 R=+1.00 | carry=1 | base=0.15 ba=-0.00 | site=0 sd=0.00 sa=+0.00 | phero=0 pd=0.00 pa=+0.00 | srch=0.00 | wall=4.04

[DEPOSIT] Robot 4 deposited! Total: 143
  [PHERO] Laid at (1.40, -2.12) density=16 prob=1.00 total_entries=9
  [TARGET] Robot 4 → SITE (1.40,-2.12)
[DEPOSIT] Robot 1 deposited! Total: 144
  [PHERO] Laid at (1.83, -0.87) density=1 prob=0.20 total_entries=10
  [TARGET] Robot 1 → PHERO (1.83,-0.87)
[GIVE-UP] R2 giving up after 1158 steps

======================================================================
Step 80500 (42.9 min) | Pickups: 144 | Deposits: 144 | Rate: 3.35 tags/min | phero_entries=9 phero_max=0.566
======================================================================
R1[PHERO     ]: L=+1.00 R=+1.00 | carry=0 | base=0.34 ba=+0.98 | site=0 sd=0.00 sa=+0.00 | phero=1 pd=0.34 pa=-0.36 | srch=0.09 | wall=3.33
R2[GIVE_UP   ]: L=+0.00 R=+1.00 | carry=0 | base=1.01 ba=+0.67 | site=0 sd=0.00 sa=+0.00 | phero=0 pd=0.00 pa=+0.00 | srch=0.29 | wall=1.01
R3[SITE      ]: L=+0.32 R=+0.32 | carry=0 | base=0.44 ba=-0.89 | site=1 sd=0.28 sa=+0.02 | phero=0 pd=0.00 pa=+0.00 | srch=0.24 | wall=3.12
R4[SITE      ]: L=+0.97 R=+1.00 | carry=0 | base=0.41 ba=+0.95 | site=1 sd=0.44 sa=+0.29 | phero=0 pd=0.00 pa=+0.00 | srch=0.11 | wall=3.05

[PICKUP] Robot 4 picked up tag (density=15) | Total: 145

======================================================================
Step 81000 (43.2 min) | Pickups: 145 | Deposits: 144 | Rate: 3.33 tags/min | phero_entries=7 phero_max=0.254
======================================================================
R1[PHERO     ]: L=+1.00 R=+1.00 | carry=0 | base=0.77 ba=-0.63 | site=0 sd=0.00 sa=+0.00 | phero=1 pd=0.30 pa=-0.41 | srch=0.21 | wall=1.81
R2[GIVE_UP   ]: L=+1.00 R=+1.00 | carry=0 | base=0.54 ba=+0.00 | site=0 sd=0.00 sa=+0.00 | phero=0 pd=0.00 pa=+0.00 | srch=0.42 | wall=2.63
R3[SITE      ]: L=+0.26 R=+0.25 | carry=0 | base=0.67 ba=+0.95 | site=1 sd=0.05 sa=-0.04 | phero=0 pd=0.00 pa=+0.00 | srch=0.36 | wall=2.53
R4[RTB       ]: L=+0.08 R=+1.00 | carry=1 | base=0.76 ba=+0.37 | site=0 sd=0.00 sa=+0.00 | phero=0 pd=0.00 pa=+0.00 | srch=0.00 | wall=2.06

[PICKUP] Robot 3 picked up tag (density=8) | Total: 146
[EMPTY_RTN] R2 → phero(1.40,-2.12)

======================================================================
Step 81500 (43.5 min) | Pickups: 146 | Deposits: 144 | Rate: 3.31 tags/min | phero_entries=7 phero_max=0.114
======================================================================
R1[PHERO     ]: L=+1.00 R=+1.00 | carry=0 | base=0.68 ba=+0.07 | site=0 sd=0.00 sa=+0.00 | phero=1 pd=0.15 pa=-0.15 | srch=0.34 | wall=2.54
R2[BASE_ESC  ]: L=+1.00 R=+0.00 | carry=0 | base=0.06 ba=+0.58 | site=0 sd=0.00 sa=+0.00 | phero=1 pd=0.71 pa=-0.87 | srch=0.02 | wall=4.29
R3[RTB       ]: L=+1.00 R=+1.00 | carry=1 | base=0.45 ba=+0.00 | site=0 sd=0.00 sa=+0.00 | phero=0 pd=0.00 pa=+0.00 | srch=0.00 | wall=3.13
R4[RTB       ]: L=+1.00 R=+1.00 | carry=1 | base=0.25 ba=+0.00 | site=0 sd=0.00 sa=+0.00 | phero=0 pd=0.00 pa=+0.00 | srch=0.00 | wall=3.72

[DEPOSIT] Robot 4 deposited! Total: 145
  [PHERO] Laid at (1.01, -2.45) density=15 prob=1.00 total_entries=8
  [TARGET] Robot 4 → SITE (1.01,-2.45)
[DEPOSIT] Robot 3 deposited! Total: 146
  [PHERO] Laid at (1.33, 2.12) density=8 prob=1.00 total_entries=8
  [TARGET] Robot 3 → SITE (1.33,2.12)

======================================================================
Step 82000 (43.7 min) | Pickups: 146 | Deposits: 146 | Rate: 3.34 tags/min | phero_entries=8 phero_max=0.778
======================================================================
R1[PHERO     ]: L=+1.00 R=+0.82 | carry=0 | base=0.59 ba=-0.15 | site=0 sd=0.00 sa=+0.00 | phero=1 pd=0.08 pa=-0.59 | srch=0.46 | wall=2.77
R2[PHERO     ]: L=+1.00 R=+0.99 | carry=0 | base=0.41 ba=-0.92 | site=0 sd=0.00 sa=+0.00 | phero=1 pd=0.33 pa=-0.03 | srch=0.14 | wall=3.44
R3[SITE      ]: L=+1.00 R=+0.85 | carry=0 | base=0.10 ba=-0.86 | site=1 sd=0.62 sa=+0.04 | phero=0 pd=0.00 pa=+0.00 | srch=0.04 | wall=4.17
R4[SITE      ]: L=+0.82 R=+0.84 | carry=0 | base=0.28 ba=-0.86 | site=1 sd=0.49 sa=+0.23 | phero=0 pd=0.00 pa=+0.00 | srch=0.09 | wall=3.55

[PICKUP] Robot 2 picked up tag (density=14) | Total: 147

======================================================================
Step 82500 (44.0 min) | Pickups: 147 | Deposits: 146 | Rate: 3.32 tags/min | phero_entries=6 phero_max=0.350
======================================================================
R1[PHERO     ]: L=+1.00 R=+1.00 | carry=0 | base=0.63 ba=+0.85 | site=0 sd=0.00 sa=+0.00 | phero=1 pd=0.31 pa=-0.79 | srch=0.59 | wall=2.29
R2[RTB       ]: L=+1.00 R=+1.00 | carry=1 | base=0.64 ba=-0.00 | site=0 sd=0.00 sa=+0.00 | phero=0 pd=0.00 pa=+0.00 | srch=0.00 | wall=2.57
R3[SITE      ]: L=+0.56 R=+0.56 | carry=0 | base=0.49 ba=+0.95 | site=1 sd=0.22 sa=-0.02 | phero=0 pd=0.00 pa=+0.00 | srch=0.16 | wall=3.07
R4[SITE      ]: L=+0.95 R=+1.00 | carry=0 | base=0.68 ba=+1.00 | site=1 sd=0.30 sa=+0.49 | phero=0 pd=0.00 pa=+0.00 | srch=0.21 | wall=2.10

[PICKUP] Robot 3 picked up tag (density=7) | Total: 148

======================================================================
Step 83000 (44.3 min) | Pickups: 148 | Deposits: 146 | Rate: 3.30 tags/min | phero_entries=5 phero_max=0.157
======================================================================
R1[PHERO     ]: L=+1.00 R=+0.98 | carry=0 | base=1.11 ba=-0.80 | site=0 sd=0.00 sa=+0.00 | phero=1 pd=0.69 pa=-0.65 | srch=0.71 | wall=0.64
R2[RTB       ]: L=+1.00 R=+1.00 | carry=1 | base=0.09 ba=-0.00 | site=0 sd=0.00 sa=+0.00 | phero=0 pd=0.00 pa=+0.00 | srch=0.00 | wall=4.22
R3[RTB       ]: L=+1.00 R=+0.99 | carry=1 | base=0.65 ba=-0.00 | site=0 sd=0.00 sa=+0.00 | phero=0 pd=0.00 pa=+0.00 | srch=0.00 | wall=2.64
R4[SITE      ]: L=+0.95 R=+1.00 | carry=0 | base=1.03 ba=+0.54 | site=1 sd=0.28 sa=+0.49 | phero=0 pd=0.00 pa=+0.00 | srch=0.34 | wall=1.09

[DEPOSIT] Robot 2 deposited! Total: 147
  [PHERO] Laid at (1.42, -2.17) density=14 prob=1.00 total_entries=6
  [TARGET] Robot 2 → SITE (1.42,-2.17)
[PICKUP] Robot 4 picked up tag (density=13) | Total: 149

======================================================================
Step 83500 (44.5 min) | Pickups: 149 | Deposits: 147 | Rate: 3.30 tags/min | phero_entries=6 phero_max=0.464
======================================================================
R1[PHERO     ]: L=+1.00 R=+0.98 | carry=0 | base=1.17 ba=-0.50 | site=0 sd=0.00 sa=+0.00 | phero=1 pd=0.60 pa=-0.46 | srch=0.84 | wall=0.63
R2[SITE      ]: L=+0.96 R=+1.00 | carry=0 | base=0.47 ba=+0.98 | site=1 sd=0.41 sa=+0.35 | phero=0 pd=0.00 pa=+0.00 | srch=0.12 | wall=2.84
R3[RTB       ]: L=+1.00 R=+1.00 | carry=1 | base=0.10 ba=-0.00 | site=0 sd=0.00 sa=+0.00 | phero=0 pd=0.00 pa=+0.00 | srch=0.00 | wall=4.21
R4[RTB       ]: L=+1.00 R=+1.00 | carry=1 | base=0.58 ba=+0.00 | site=0 sd=0.00 sa=+0.00 | phero=0 pd=0.00 pa=+0.00 | srch=0.00 | wall=2.71

[DEPOSIT] Robot 3 deposited! Total: 148
  [PHERO] Laid at (1.37, 2.14) density=7 prob=0.99 total_entries=7
  [TARGET] Robot 3 → SITE (1.37,2.14)
[PICKUP] Robot 2 picked up tag (density=12) | Total: 150
[DEPOSIT] Robot 4 deposited! Total: 149
  [PHERO] Laid at (1.39, -2.65) density=13 prob=1.00 total_entries=7
  [TARGET] Robot 4 → SITE (1.39,-2.65)

======================================================================
Step 84000 (44.8 min) | Pickups: 150 | Deposits: 149 | Rate: 3.33 tags/min | phero_entries=7 phero_max=0.940
======================================================================
R1[PHERO     ]: L=+1.00 R=+1.00 | carry=0 | base=1.26 ba=-0.62 | site=0 sd=0.00 sa=+0.00 | phero=1 pd=0.74 pa=-0.71 | srch=0.96 | wall=1.36
R2[RTB       ]: L=+0.81 R=+1.00 | carry=1 | base=0.79 ba=+0.07 | site=0 sd=0.00 sa=+0.00 | phero=0 pd=0.00 pa=+0.00 | srch=0.00 | wall=1.99
R3[SITE      ]: L=+1.00 R=+1.00 | carry=0 | base=0.43 ba=+0.95 | site=1 sd=0.29 sa=-0.05 | phero=0 pd=0.00 pa=+0.00 | srch=0.12 | wall=3.23
R4[BASE_ESC  ]: L=+1.00 R=+0.00 | carry=0 | base=0.06 ba=+0.37 | site=1 sd=0.79 sa=-0.65 | phero=0 pd=0.00 pa=+0.00 | srch=0.01 | wall=4.31

[PICKUP] Robot 3 picked up tag (density=6) | Total: 151

======================================================================
Step 84500 (45.1 min) | Pickups: 151 | Deposits: 149 | Rate: 3.31 tags/min | phero_entries=5 phero_max=0.422
======================================================================
R1[PHERO     ]: L=+1.00 R=+1.00 | carry=0 | base=1.27 ba=-0.11 | site=0 sd=0.00 sa=+0.00 | phero=1 pd=0.86 pa=-0.24 | srch=1.00 | wall=0.66
R2[RTB       ]: L=+1.00 R=+1.00 | carry=1 | base=0.24 ba=+0.00 | site=0 sd=0.00 sa=+0.00 | phero=0 pd=0.00 pa=+0.00 | srch=0.00 | wall=3.73
R3[RTB       ]: L=+1.00 R=+0.96 | carry=1 | base=0.69 ba=-0.01 | site=0 sd=0.00 sa=+0.00 | phero=0 pd=0.00 pa=+0.00 | srch=0.00 | wall=2.53
R4[SITE      ]: L=+1.00 R=+1.00 | carry=0 | base=0.44 ba=-0.93 | site=1 sd=0.69 sa=+0.54 | phero=0 pd=0.00 pa=+0.00 | srch=0.13 | wall=3.13

[DEPOSIT] Robot 2 deposited! Total: 150
  [PHERO] Laid at (1.09, -2.63) density=12 prob=1.00 total_entries=6
  [TARGET] Robot 2 → SITE (1.09,-2.63)

======================================================================
Step 85000 (45.3 min) | Pickups: 151 | Deposits: 150 | Rate: 3.31 tags/min | phero_entries=6 phero_max=0.576
======================================================================
R1[PHERO     ]: L=+1.00 R=+0.96 | carry=0 | base=0.77 ba=-0.13 | site=0 sd=0.00 sa=+0.00 | phero=1 pd=0.57 pa=-0.40 | srch=1.00 | wall=1.92
R2[SITE      ]: L=+1.00 R=+0.96 | carry=0 | base=0.32 ba=+0.99 | site=1 sd=0.55 sa=-0.27 | phero=0 pd=0.00 pa=+0.00 | srch=0.09 | wall=3.61
R3[RTB       ]: L=+1.00 R=+1.00 | carry=1 | base=0.14 ba=-0.00 | site=0 sd=0.00 sa=+0.00 | phero=0 pd=0.00 pa=+0.00 | srch=0.00 | wall=4.10
R4[SITE      ]: L=+0.97 R=+1.00 | carry=0 | base=0.79 ba=+0.64 | site=1 sd=0.48 sa=+0.19 | phero=0 pd=0.00 pa=+0.00 | srch=0.26 | wall=1.75

[DEPOSIT] Robot 3 deposited! Total: 151
  [PHERO] Laid at (1.42, 2.18) density=6 prob=0.97 total_entries=7
  [TARGET] Robot 3 → SITE (1.42,2.18)
[PICKUP] Robot 2 picked up tag (density=11) | Total: 152

======================================================================
Step 85500 (45.6 min) | Pickups: 152 | Deposits: 151 | Rate: 3.31 tags/min | phero_entries=7 phero_max=0.499
======================================================================
R1[PHERO     ]: L=+1.00 R=+1.00 | carry=0 | base=0.33 ba=-0.32 | site=0 sd=0.00 sa=+0.00 | phero=1 pd=0.64 pa=-0.68 | srch=1.00 | wall=3.43
R2[RTB       ]: L=+1.00 R=+0.46 | carry=1 | base=0.69 ba=-0.20 | site=0 sd=0.00 sa=+0.00 | phero=0 pd=0.00 pa=+0.00 | srch=0.00 | wall=2.30
R3[SITE      ]: L=+0.97 R=+0.99 | carry=0 | base=0.41 ba=+0.85 | site=1 sd=0.36 sa=+0.01 | phero=0 pd=0.00 pa=+0.00 | srch=0.11 | wall=3.46
R4[SITE      ]: L=+1.00 R=+1.00 | carry=0 | base=1.00 ba=+0.67 | site=1 sd=0.19 sa=+0.46 | phero=0 pd=0.00 pa=+0.00 | srch=0.38 | wall=1.22

[PICKUP] Robot 4 picked up tag (density=18) | Total: 153

======================================================================
Step 86000 (45.9 min) | Pickups: 153 | Deposits: 151 | Rate: 3.29 tags/min | phero_entries=6 phero_max=0.224
======================================================================
R1[PHERO     ]: L=+1.00 R=+0.98 | carry=0 | base=0.41 ba=-0.69 | site=0 sd=0.00 sa=+0.00 | phero=1 pd=0.99 pa=-0.70 | srch=1.00 | wall=3.18
R2[RTB       ]: L=+1.00 R=+1.00 | carry=1 | base=0.15 ba=-0.00 | site=0 sd=0.00 sa=+0.00 | phero=0 pd=0.00 pa=+0.00 | srch=0.00 | wall=4.01
R3[SITE      ]: L=+0.15 R=+0.15 | carry=0 | base=0.63 ba=+0.91 | site=1 sd=0.12 sa=+0.02 | phero=0 pd=0.00 pa=+0.00 | srch=0.23 | wall=2.73
R4[RTB       ]: L=+1.00 R=+1.00 | carry=1 | base=0.75 ba=+0.00 | site=0 sd=0.00 sa=+0.00 | phero=0 pd=0.00 pa=+0.00 | srch=0.00 | wall=2.26

[DEPOSIT] Robot 2 deposited! Total: 152
  [PHERO] Laid at (1.03, -2.18) density=11 prob=1.00 total_entries=7
  [TARGET] Robot 2 → SITE (1.03,-2.18)
[PICKUP] Robot 3 picked up tag (density=5) | Total: 154

======================================================================
Step 86500 (46.1 min) | Pickups: 154 | Deposits: 152 | Rate: 3.29 tags/min | phero_entries=6 phero_max=0.506
======================================================================
R1[PHERO     ]: L=+1.00 R=+0.97 | carry=0 | base=0.60 ba=-0.58 | site=0 sd=0.00 sa=+0.00 | phero=1 pd=1.00 pa=-0.44 | srch=1.00 | wall=2.44
R2[SITE      ]: L=+1.00 R=+1.00 | carry=0 | base=0.41 ba=+1.00 | site=1 sd=0.39 sa=+0.35 | phero=0 pd=0.00 pa=+0.00 | srch=0.11 | wall=3.06
R3[RTB       ]: L=+0.87 R=+1.00 | carry=1 | base=0.72 ba=+0.05 | site=0 sd=0.00 sa=+0.00 | phero=0 pd=0.00 pa=+0.00 | srch=0.00 | wall=2.34
R4[RTB       ]: L=+1.00 R=+1.00 | carry=1 | base=0.20 ba=+0.00 | site=0 sd=0.00 sa=+0.00 | phero=0 pd=0.00 pa=+0.00 | srch=0.00 | wall=3.90

[DEPOSIT] Robot 4 deposited! Total: 153
  [PHERO] Laid at (1.84, -3.20) density=18 prob=1.00 total_entries=7
  [TARGET] Robot 4 → SITE (1.84,-3.20)
[PICKUP] Robot 1 picked up tag (density=4) | Total: 155

======================================================================
Step 87000 (46.4 min) | Pickups: 155 | Deposits: 153 | Rate: 3.30 tags/min | phero_entries=7 phero_max=0.544
======================================================================
R1[RTB       ]: L=+1.00 R=+0.00 | carry=1 | base=0.78 ba=-0.39 | site=0 sd=0.00 sa=+0.00 | phero=0 pd=0.00 pa=+0.00 | srch=0.00 | wall=2.14
R2[SITE      ]: L=+0.76 R=+1.00 | carry=0 | base=0.82 ba=+0.41 | site=1 sd=0.20 sa=+0.16 | phero=0 pd=0.00 pa=+0.00 | srch=0.23 | wall=1.72
R3[RTB       ]: L=+1.00 R=+1.00 | carry=1 | base=0.17 ba=+0.00 | site=0 sd=0.00 sa=+0.00 | phero=0 pd=0.00 pa=+0.00 | srch=0.00 | wall=3.98
R4[SITE      ]: L=+1.00 R=+1.00 | carry=0 | base=0.34 ba=-0.93 | site=1 sd=0.72 sa=+0.13 | phero=0 pd=0.00 pa=+0.00 | srch=0.10 | wall=3.41

[DEPOSIT] Robot 3 deposited! Total: 154
  [PHERO] Laid at (1.43, 2.18) density=5 prob=0.92 total_entries=8
  [TARGET] Robot 3 → SITE (1.43,2.18)
[PICKUP] Robot 2 picked up tag (density=10) | Total: 156

======================================================================
Step 87500 (46.7 min) | Pickups: 156 | Deposits: 154 | Rate: 3.30 tags/min | phero_entries=7 phero_max=0.521
======================================================================
R1[RTB       ]: L=+1.00 R=+1.00 | carry=1 | base=0.27 ba=-0.00 | site=0 sd=0.00 sa=+0.00 | phero=0 pd=0.00 pa=+0.00 | srch=0.00 | wall=3.70
R2[RTB       ]: L=+1.00 R=+1.00 | carry=1 | base=0.36 ba=+0.00 | site=0 sd=0.00 sa=+0.00 | phero=0 pd=0.00 pa=+0.00 | srch=0.00 | wall=3.34
R3[SITE      ]: L=+0.82 R=+0.81 | carry=0 | base=0.37 ba=-0.89 | site=1 sd=0.39 sa=-0.01 | phero=0 pd=0.00 pa=+0.00 | srch=0.10 | wall=3.31
R4[SITE      ]: L=+1.00 R=+1.00 | carry=0 | base=0.88 ba=-1.00 | site=1 sd=0.25 sa=+0.28 | phero=0 pd=0.00 pa=+0.00 | srch=0.22 | wall=1.59

[DEPOSIT] Robot 1 deposited! Total: 155
  [PHERO] Laid at (1.33, 2.37) density=4 prob=0.82 total_entries=8
  [TARGET] Robot 1 → SITE (1.33,2.37)
[DEPOSIT] Robot 2 deposited! Total: 156
  [PHERO] Laid at (1.00, -2.36) density=10 prob=1.00 total_entries=9
  [TARGET] Robot 2 → SITE (1.00,-2.36)
[PICKUP] Robot 4 picked up tag (density=17) | Total: 157

======================================================================
Step 88000 (46.9 min) | Pickups: 157 | Deposits: 156 | Rate: 3.32 tags/min | phero_entries=8 phero_max=0.688
======================================================================
R1[SITE      ]: L=+1.00 R=+1.00 | carry=0 | base=0.30 ba=-0.97 | site=1 sd=0.54 sa=+0.29 | phero=0 pd=0.00 pa=+0.00 | srch=0.08 | wall=3.59
R2[SITE      ]: L=+1.00 R=+1.00 | carry=0 | base=0.20 ba=+0.96 | site=1 sd=0.56 sa=-0.25 | phero=0 pd=0.00 pa=+0.00 | srch=0.06 | wall=3.95
R3[SITE      ]: L=+0.35 R=+0.29 | carry=0 | base=0.72 ba=-0.85 | site=1 sd=0.04 sa=-0.15 | phero=0 pd=0.00 pa=+0.00 | srch=0.23 | wall=2.33
R4[RTB       ]: L=+1.00 R=+1.00 | carry=1 | base=0.92 ba=+0.00 | site=0 sd=0.00 sa=+0.00 | phero=0 pd=0.00 pa=+0.00 | srch=0.00 | wall=1.74

[PICKUP] Robot 3 picked up tag (density=3) | Total: 158

======================================================================
Step 88500 (47.2 min) | Pickups: 158 | Deposits: 156 | Rate: 3.31 tags/min | phero_entries=7 phero_max=0.309
======================================================================
R1[SITE      ]: L=+0.98 R=+1.00 | carry=0 | base=0.81 ba=+0.79 | site=1 sd=0.32 sa=+0.39 | phero=0 pd=0.00 pa=+0.00 | srch=0.21 | wall=2.24
R2[SITE      ]: L=+1.00 R=+0.95 | carry=0 | base=0.74 ba=-0.86 | site=1 sd=0.40 sa=-0.45 | phero=0 pd=0.00 pa=+0.00 | srch=0.18 | wall=2.37
R3[RTB       ]: L=+1.00 R=+1.00 | carry=1 | base=0.44 ba=-0.00 | site=0 sd=0.00 sa=+0.00 | phero=0 pd=0.00 pa=+0.00 | srch=0.00 | wall=3.24
R4[RTB       ]: L=+1.00 R=+1.00 | carry=1 | base=0.38 ba=+0.00 | site=0 sd=0.00 sa=+0.00 | phero=0 pd=0.00 pa=+0.00 | srch=0.00 | wall=3.38

[DEPOSIT] Robot 4 deposited! Total: 157
  [PHERO] Laid at (1.84, -3.13) density=17 prob=1.00 total_entries=8
  [TARGET] Robot 4 → SITE (1.84,-3.13)
[DEPOSIT] Robot 3 deposited! Total: 158
  [PHERO] Laid at (1.44, 2.22) density=3 prob=0.65 total_entries=9
  [TARGET] Robot 3 → SITE (1.44,2.22)
[PICKUP] Robot 1 picked up tag (density=2) | Total: 159

======================================================================
Step 89000 (47.5 min) | Pickups: 159 | Deposits: 158 | Rate: 3.33 tags/min | phero_entries=8 phero_max=0.772
======================================================================
R1[RTB       ]: L=+1.00 R=+1.00 | carry=1 | base=0.72 ba=+0.00 | site=0 sd=0.00 sa=+0.00 | phero=0 pd=0.00 pa=+0.00 | srch=0.00 | wall=2.36
R2[SITE      ]: L=+1.00 R=+0.92 | carry=0 | base=0.89 ba=-0.31 | site=1 sd=0.16 sa=-0.25 | phero=0 pd=0.00 pa=+0.00 | srch=0.31 | wall=1.68
R3[SITE      ]: L=+1.00 R=+1.00 | carry=0 | base=0.12 ba=+1.00 | site=1 sd=0.64 sa=+0.12 | phero=0 pd=0.00 pa=+0.00 | srch=0.04 | wall=4.17
R4[SITE      ]: L=+1.00 R=+1.00 | carry=0 | base=0.18 ba=-0.95 | site=1 sd=0.86 sa=+0.00 | phero=0 pd=0.00 pa=+0.00 | srch=0.06 | wall=4.01

[PICKUP] Robot 2 picked up tag (density=9) | Total: 160

======================================================================
Step 89500 (47.7 min) | Pickups: 160 | Deposits: 158 | Rate: 3.31 tags/min | phero_entries=7 phero_max=0.347
======================================================================
R1[RTB       ]: L=+1.00 R=+1.00 | carry=1 | base=0.17 ba=+0.00 | site=0 sd=0.00 sa=+0.00 | phero=0 pd=0.00 pa=+0.00 | srch=0.00 | wall=3.98
R2[RTB       ]: L=+1.00 R=+1.00 | carry=1 | base=0.49 ba=+0.00 | site=0 sd=0.00 sa=+0.00 | phero=0 pd=0.00 pa=+0.00 | srch=0.00 | wall=2.98
R3[SITE      ]: L=+0.90 R=+0.88 | carry=0 | base=0.64 ba=+0.92 | site=1 sd=0.12 sa=-0.04 | phero=0 pd=0.00 pa=+0.00 | srch=0.17 | wall=2.65
R4[SITE      ]: L=+1.00 R=+1.00 | carry=0 | base=0.72 ba=-0.99 | site=1 sd=0.31 sa=+0.00 | phero=0 pd=0.00 pa=+0.00 | srch=0.18 | wall=2.33

[PICKUP] Robot 4 picked up tag (density=8) | Total: 161
[DEPOSIT] Robot 1 deposited! Total: 159
  [PHERO] Laid at (1.65, 2.51) density=2 prob=0.42 total_entries=8
  [TARGET] Robot 1 → SITE (1.65,2.51)
[DEPOSIT] Robot 2 deposited! Total: 160
  [PHERO] Laid at (1.08, -2.24) density=9 prob=1.00 total_entries=9
  [TARGET] Robot 2 → SITE (1.08,-2.24)
[PICKUP] Robot 3 picked up tag (density=1) | Total: 162

======================================================================
Step 90000 (48.0 min) | Pickups: 162 | Deposits: 160 | Rate: 3.33 tags/min | phero_entries=9 phero_max=0.828
======================================================================
R1[SITE      ]: L=+1.00 R=+1.00 | carry=0 | base=0.39 ba=+0.99 | site=1 sd=0.56 sa=-0.29 | phero=0 pd=0.00 pa=+0.00 | srch=0.10 | wall=3.13
R2[SITE      ]: L=+1.00 R=+1.00 | carry=0 | base=0.08 ba=+0.90 | site=1 sd=0.64 sa=-0.21 | phero=0 pd=0.00 pa=+0.00 | srch=0.03 | wall=4.30
R3[RTB       ]: L=+1.00 R=+0.00 | carry=1 | base=0.77 ba=-0.68 | site=0 sd=0.00 sa=+0.00 | phero=0 pd=0.00 pa=+0.00 | srch=0.00 | wall=2.23
R4[RTB       ]: L=+1.00 R=+1.00 | carry=1 | base=0.32 ba=-0.00 | site=0 sd=0.00 sa=+0.00 | phero=0 pd=0.00 pa=+0.00 | srch=0.00 | wall=3.51

[DEPOSIT] Robot 4 deposited! Total: 161
  [PHERO] Laid at (1.32, -2.20) density=8 prob=1.00 total_entries=10
  [TARGET] Robot 4 → SITE (1.32,-2.20)

======================================================================
Step 90500 (48.3 min) | Pickups: 162 | Deposits: 161 | Rate: 3.34 tags/min | phero_entries=9 phero_max=0.648
======================================================================
R1[SITE      ]: L=+1.00 R=+1.00 | carry=0 | base=0.81 ba=-0.67 | site=1 sd=0.15 sa=-0.10 | phero=0 pd=0.00 pa=+0.00 | srch=0.23 | wall=1.90
R2[SITE      ]: L=+1.00 R=+0.99 | carry=0 | base=0.59 ba=-0.84 | site=1 sd=0.23 sa=-0.20 | phero=0 pd=0.00 pa=+0.00 | srch=0.15 | wall=2.99
R3[RTB       ]: L=+1.00 R=+1.00 | carry=1 | base=0.30 ba=-0.00 | site=0 sd=0.00 sa=+0.00 | phero=0 pd=0.00 pa=+0.00 | srch=0.00 | wall=3.63
R4[SITE      ]: L=+1.00 R=+1.00 | carry=0 | base=0.24 ba=+1.00 | site=1 sd=0.53 sa=+0.22 | phero=0 pd=0.00 pa=+0.00 | srch=0.07 | wall=3.65

[PICKUP] Robot 2 picked up tag (density=7) | Total: 163
[DEPOSIT] Robot 3 deposited! Total: 162
  [PHERO] Laid at (1.44, 2.26) density=1 prob=0.20 total_entries=10
  [TARGET] Robot 3 → SITE (1.44,2.26)

======================================================================
Step 91000 (48.5 min) | Pickups: 163 | Deposits: 162 | Rate: 3.34 tags/min | phero_entries=9 phero_max=0.631
======================================================================
R1[EXPLORE   ]: L=+1.00 R=+1.00 | carry=0 | base=0.76 ba=-0.47 | site=0 sd=0.00 sa=+0.00 | phero=0 pd=0.00 pa=+0.00 | srch=0.35 | wall=2.25
R2[RTB       ]: L=+1.00 R=+1.00 | carry=1 | base=0.46 ba=-0.00 | site=0 sd=0.00 sa=+0.00 | phero=0 pd=0.00 pa=+0.00 | srch=0.00 | wall=3.06
R3[SITE      ]: L=+0.99 R=+1.00 | carry=0 | base=0.25 ba=+0.96 | site=1 sd=0.52 sa=+0.03 | phero=0 pd=0.00 pa=+0.00 | srch=0.07 | wall=3.84
R4[SITE      ]: L=+0.91 R=+1.00 | carry=0 | base=0.74 ba=+0.76 | site=1 sd=0.16 sa=+0.32 | phero=0 pd=0.00 pa=+0.00 | srch=0.19 | wall=2.04

[PICKUP] Robot 4 picked up tag (density=6) | Total: 164
[DEPOSIT] Robot 2 deposited! Total: 163
  [TARGET] Robot 2 → SITE (1.24,-2.20)
[PICKUP] Robot 1 picked up tag (density=10) | Total: 165

======================================================================
Step 91500 (48.8 min) | Pickups: 165 | Deposits: 163 | Rate: 3.34 tags/min | phero_entries=8 phero_max=0.283
======================================================================
R1[RTB       ]: L=+1.00 R=+0.83 | carry=1 | base=0.81 ba=-0.06 | site=0 sd=0.00 sa=+0.00 | phero=0 pd=0.00 pa=+0.00 | srch=0.00 | wall=1.65
R2[SITE      ]: L=+1.00 R=+1.00 | carry=0 | base=0.11 ba=-0.93 | site=1 sd=0.62 sa=+0.23 | phero=0 pd=0.00 pa=+0.00 | srch=0.04 | wall=4.13
R3[SITE      ]: L=+0.69 R=+0.67 | carry=0 | base=0.65 ba=-0.97 | site=1 sd=0.13 sa=-0.08 | phero=0 pd=0.00 pa=+0.00 | srch=0.20 | wall=2.53
R4[RTB       ]: L=+1.00 R=+1.00 | carry=1 | base=0.39 ba=+0.00 | site=0 sd=0.00 sa=+0.00 | phero=0 pd=0.00 pa=+0.00 | srch=0.00 | wall=3.25

[DEPOSIT] Robot 4 deposited! Total: 164
  [PHERO] Laid at (1.09, -2.53) density=6 prob=0.97 total_entries=9
  [TARGET] Robot 4 → SITE (1.09,-2.53)

======================================================================
Step 92000 (49.1 min) | Pickups: 165 | Deposits: 164 | Rate: 3.34 tags/min | phero_entries=8 phero_max=0.720
======================================================================
R1[RTB       ]: L=+1.00 R=+1.00 | carry=1 | base=0.27 ba=-0.00 | site=0 sd=0.00 sa=+0.00 | phero=0 pd=0.00 pa=+0.00 | srch=0.00 | wall=3.56
R2[SITE      ]: L=+0.96 R=+1.00 | carry=0 | base=0.61 ba=+0.81 | site=1 sd=0.23 sa=+0.20 | phero=0 pd=0.00 pa=+0.00 | srch=0.16 | wall=2.41
R3[EXPLORE   ]: L=+1.00 R=+1.00 | carry=0 | base=0.98 ba=+0.79 | site=0 sd=0.00 sa=+0.00 | phero=0 pd=0.00 pa=+0.00 | srch=0.32 | wall=1.30
R4[SITE      ]: L=+1.00 R=+0.97 | carry=0 | base=0.17 ba=+0.99 | site=1 sd=0.64 sa=-0.19 | phero=0 pd=0.00 pa=+0.00 | srch=0.05 | wall=4.05

[DEPOSIT] Robot 1 deposited! Total: 165
  [PHERO] Laid at (2.96, 0.01) density=10 prob=1.00 total_entries=8
  [TARGET] Robot 1 → SITE (2.96,0.01)
[PICKUP] Robot 2 picked up tag (density=5) | Total: 166

======================================================================
Step 92500 (49.3 min) | Pickups: 166 | Deposits: 165 | Rate: 3.34 tags/min | phero_entries=8 phero_max=0.599
======================================================================
R1[SITE      ]: L=+0.97 R=+1.00 | carry=0 | base=0.30 ba=-0.98 | site=1 sd=0.61 sa=+0.27 | phero=0 pd=0.00 pa=+0.00 | srch=0.08 | wall=3.60
R2[RTB       ]: L=+1.00 R=+1.00 | carry=1 | base=0.47 ba=+0.00 | site=0 sd=0.00 sa=+0.00 | phero=0 pd=0.00 pa=+0.00 | srch=0.00 | wall=3.03
R3[EXPLORE   ]: L=+0.52 R=+1.00 | carry=0 | base=1.12 ba=-0.98 | site=0 sd=0.00 sa=+0.00 | phero=0 pd=0.00 pa=+0.00 | srch=0.45 | wall=0.76
R4[SITE      ]: L=+1.00 R=+0.96 | carry=0 | base=0.68 ba=-0.78 | site=1 sd=0.15 sa=-0.03 | phero=0 pd=0.00 pa=+0.00 | srch=0.18 | wall=2.46

[DEPOSIT] Robot 2 deposited! Total: 166
  [TARGET] Robot 2 → SITE (1.09,-2.36)

======================================================================
Step 93000 (49.6 min) | Pickups: 166 | Deposits: 166 | Rate: 3.35 tags/min | phero_entries=8 phero_max=0.269
======================================================================
R1[SITE      ]: L=+1.00 R=+1.00 | carry=0 | base=0.84 ba=+0.93 | site=1 sd=0.43 sa=+0.50 | phero=0 pd=0.00 pa=+0.00 | srch=0.20 | wall=1.94
R2[SITE      ]: L=+1.00 R=+1.00 | carry=0 | base=0.10 ba=+0.93 | site=1 sd=0.65 sa=-0.20 | phero=0 pd=0.00 pa=+0.00 | srch=0.03 | wall=4.26
R3[EXPLORE   ]: L=+1.00 R=+1.00 | carry=0 | base=0.90 ba=-0.15 | site=0 sd=0.00 sa=+0.00 | phero=0 pd=0.00 pa=+0.00 | srch=0.57 | wall=1.40
R4[EXPLORE   ]: L=+0.93 R=+1.00 | carry=0 | base=1.10 ba=+0.83 | site=0 sd=0.00 sa=+0.00 | phero=0 pd=0.00 pa=+0.00 | srch=0.30 | wall=0.75


======================================================================
Step 93500 (49.9 min) | Pickups: 166 | Deposits: 166 | Rate: 3.33 tags/min | phero_entries=6 phero_max=0.121
======================================================================
R1[SITE      ]: L=+1.00 R=+1.00 | carry=0 | base=1.19 ba=+0.58 | site=1 sd=0.41 sa=+0.44 | phero=0 pd=0.00 pa=+0.00 | srch=0.33 | wall=0.40
R2[SITE      ]: L=+1.00 R=+1.00 | carry=0 | base=0.64 ba=+0.99 | site=1 sd=0.39 sa=-0.52 | phero=0 pd=0.00 pa=+0.00 | srch=0.16 | wall=2.63
R3[EXPLORE   ]: L=+1.00 R=+1.00 | carry=0 | base=0.48 ba=-0.32 | site=0 sd=0.00 sa=+0.00 | phero=0 pd=0.00 pa=+0.00 | srch=0.70 | wall=3.26
R4[EXPLORE   ]: L=+0.69 R=+0.99 | carry=0 | base=1.14 ba=+0.61 | site=0 sd=0.00 sa=+0.00 | phero=0 pd=0.00 pa=+0.00 | srch=0.43 | wall=0.71

[GIVE-UP] R3 giving up after 2871 steps
BATCH_RESULT pickups=166 deposits=166
