============================================================
EVALUATION MODE — CPFA-RL Trained Model
Arena: 9×9m  |  Obs space: 18 per robot × 4 robots = 72 total
============================================================

Loading model: ppo_cpfa_v9
Model loaded. Starting evaluation...

============================================================

[PICKUP] Robot 4 picked up tag (density=12) | Total: 1
[PICKUP] Robot 2 picked up tag (density=12) | Total: 2

======================================================================
Step 500 (0.3 min) | Pickups: 2 | Deposits: 0 | Rate: 0.00 tags/min | phero_entries=0 phero_max=0.000
======================================================================
R1[EXPLORE   ]: L=+1.00 R=+1.00 | carry=0 | base=0.42 ba=+0.98 | site=0 sd=0.00 sa=+0.00 | phero=0 pd=0.00 pa=+0.00 | srch=0.12 | wall=3.22
R2[RTB       ]: L=+0.98 R=+1.00 | carry=1 | base=0.44 ba=+0.01 | site=0 sd=0.00 sa=+0.00 | phero=0 pd=0.00 pa=+0.00 | srch=0.00 | wall=2.97
R3[EXPLORE   ]: L=+0.28 R=+1.00 | carry=0 | base=0.36 ba=+0.02 | site=0 sd=0.00 sa=+0.00 | phero=0 pd=0.00 pa=+0.00 | srch=0.12 | wall=3.41
R4[RTB       ]: L=+1.00 R=+1.00 | carry=1 | base=0.24 ba=-0.00 | site=0 sd=0.00 sa=+0.00 | phero=0 pd=0.00 pa=+0.00 | srch=0.00 | wall=3.75

[DEPOSIT] Robot 4 deposited! Total: 1
  [PHERO] Laid at (0.67, -1.07) density=12 prob=1.00 total_entries=1
  [TARGET] Robot 4 → SITE (0.67,-1.07)
[DEPOSIT] Robot 2 deposited! Total: 2
  [PHERO] Laid at (1.74, 0.00) density=12 prob=1.00 total_entries=2
  [TARGET] Robot 2 → SITE (1.74,0.00)

======================================================================
Step 1000 (0.5 min) | Pickups: 2 | Deposits: 2 | Rate: 3.75 tags/min | phero_entries=2 phero_max=0.767
======================================================================
R1[EXPLORE   ]: L=+1.00 R=+1.00 | carry=0 | base=0.97 ba=+0.99 | site=0 sd=0.00 sa=+0.00 | phero=0 pd=0.00 pa=+0.00 | srch=0.25 | wall=1.61
R2[SITE      ]: L=+1.00 R=+1.00 | carry=0 | base=0.13 ba=+0.93 | site=1 sd=0.39 sa=-0.27 | phero=0 pd=0.00 pa=+0.00 | srch=0.04 | wall=4.10
R3[EXPLORE   ]: L=+1.00 R=+1.00 | carry=0 | base=0.64 ba=+0.83 | site=0 sd=0.00 sa=+0.00 | phero=0 pd=0.00 pa=+0.00 | srch=0.25 | wall=2.72
R4[SITE      ]: L=+0.88 R=+0.86 | carry=0 | base=0.27 ba=+0.87 | site=1 sd=0.10 sa=-0.04 | phero=0 pd=0.00 pa=+0.00 | srch=0.09 | wall=3.67


======================================================================
Step 1500 (0.8 min) | Pickups: 2 | Deposits: 2 | Rate: 2.50 tags/min | phero_entries=2 phero_max=0.345
======================================================================
R1[EXPLORE   ]: L=+1.00 R=+1.00 | carry=0 | base=1.39 ba=+0.33 | site=0 sd=0.00 sa=+0.00 | phero=0 pd=0.00 pa=+0.00 | srch=0.38 | wall=0.41
R2[SITE      ]: L=+1.00 R=+0.97 | carry=0 | base=0.65 ba=-0.80 | site=1 sd=0.36 sa=-0.53 | phero=0 pd=0.00 pa=+0.00 | srch=0.17 | wall=2.58
R3[EXPLORE   ]: L=+1.00 R=+1.00 | carry=0 | base=1.15 ba=+0.91 | site=0 sd=0.00 sa=+0.00 | phero=0 pd=0.00 pa=+0.00 | srch=0.38 | wall=0.82
R4[EXPLORE   ]: L=+1.00 R=+1.00 | carry=0 | base=0.73 ba=+0.83 | site=0 sd=0.00 sa=+0.00 | phero=0 pd=0.00 pa=+0.00 | srch=0.21 | wall=2.67

[PICKUP] Robot 4 picked up tag (density=16) | Total: 3

======================================================================
Step 2000 (1.1 min) | Pickups: 3 | Deposits: 2 | Rate: 1.88 tags/min | phero_entries=2 phero_max=0.155
======================================================================
R1[EXPLORE   ]: L=+1.00 R=+1.00 | carry=0 | base=1.22 ba=+0.46 | site=0 sd=0.00 sa=+0.00 | phero=0 pd=0.00 pa=+0.00 | srch=0.50 | wall=0.96
R2[SITE      ]: L=+1.00 R=+0.93 | carry=0 | base=0.78 ba=-0.36 | site=1 sd=0.29 sa=-0.39 | phero=0 pd=0.00 pa=+0.00 | srch=0.29 | wall=1.77
R3[EXPLORE   ]: L=+1.00 R=+1.00 | carry=0 | base=1.00 ba=+0.12 | site=0 sd=0.00 sa=+0.00 | phero=0 pd=0.00 pa=+0.00 | srch=0.50 | wall=1.14
R4[RTB       ]: L=+1.00 R=+1.00 | carry=1 | base=0.33 ba=+0.00 | site=0 sd=0.00 sa=+0.00 | phero=0 pd=0.00 pa=+0.00 | srch=0.00 | wall=3.65

[PICKUP] Robot 3 picked up tag (density=16) | Total: 4
[DEPOSIT] Robot 4 deposited! Total: 3
  [PHERO] Laid at (1.88, -1.85) density=16 prob=1.00 total_entries=3
  [TARGET] Robot 4 → SITE (1.88,-1.85)

======================================================================
Step 2500 (1.3 min) | Pickups: 4 | Deposits: 3 | Rate: 2.25 tags/min | phero_entries=3 phero_max=0.654
======================================================================
R1[EXPLORE   ]: L=+1.00 R=+1.00 | carry=0 | base=1.14 ba=+0.20 | site=0 sd=0.00 sa=+0.00 | phero=0 pd=0.00 pa=+0.00 | srch=0.62 | wall=0.61
R2[SITE      ]: L=+1.00 R=+0.88 | carry=0 | base=0.37 ba=+0.44 | site=1 sd=0.14 sa=-0.40 | phero=0 pd=0.00 pa=+0.00 | srch=0.42 | wall=3.23
R3[RTB       ]: L=+1.00 R=+1.00 | carry=1 | base=0.47 ba=+0.00 | site=0 sd=0.00 sa=+0.00 | phero=0 pd=0.00 pa=+0.00 | srch=0.00 | wall=2.88
R4[SITE      ]: L=+1.00 R=+0.99 | carry=0 | base=0.23 ba=-0.96 | site=1 sd=0.53 sa=-0.04 | phero=0 pd=0.00 pa=+0.00 | srch=0.07 | wall=3.85

[PICKUP] Robot 1 picked up tag (density=32) | Total: 5
[PICKUP] Robot 2 picked up tag (density=11) | Total: 6
[DEPOSIT] Robot 3 deposited! Total: 4
  [PHERO] Laid at (0.62, 2.87) density=16 prob=1.00 total_entries=4
  [TARGET] Robot 3 → SITE (0.62,2.87)

======================================================================
Step 3000 (1.6 min) | Pickups: 6 | Deposits: 4 | Rate: 2.50 tags/min | phero_entries=4 phero_max=0.806
======================================================================
R1[RTB       ]: L=+1.00 R=+1.00 | carry=1 | base=0.65 ba=+0.00 | site=0 sd=0.00 sa=+0.00 | phero=0 pd=0.00 pa=+0.00 | srch=0.00 | wall=2.22
R2[RTB       ]: L=+1.00 R=+1.00 | carry=1 | base=0.28 ba=-0.00 | site=0 sd=0.00 sa=+0.00 | phero=0 pd=0.00 pa=+0.00 | srch=0.00 | wall=3.52
R3[SITE      ]: L=+1.00 R=+1.00 | carry=0 | base=0.10 ba=+0.92 | site=1 sd=0.75 sa=-0.20 | phero=0 pd=0.00 pa=+0.00 | srch=0.03 | wall=4.17
R4[SITE      ]: L=+0.78 R=+1.00 | carry=0 | base=0.75 ba=+0.88 | site=1 sd=0.05 sa=+0.38 | phero=0 pd=0.00 pa=+0.00 | srch=0.19 | wall=2.52

[PICKUP] Robot 4 picked up tag (density=15) | Total: 7
[DEPOSIT] Robot 2 deposited! Total: 5
  [PHERO] Laid at (1.73, 0.14) density=11 prob=1.00 total_entries=5
  [TARGET] Robot 2 → SITE (1.73,0.14)

======================================================================
Step 3500 (1.9 min) | Pickups: 7 | Deposits: 5 | Rate: 2.68 tags/min | phero_entries=5 phero_max=0.609
======================================================================
R1[RTB       ]: L=+1.00 R=+1.00 | carry=1 | base=0.10 ba=+0.00 | site=0 sd=0.00 sa=+0.00 | phero=0 pd=0.00 pa=+0.00 | srch=0.00 | wall=4.14
R2[SITE      ]: L=+1.00 R=+1.00 | carry=0 | base=0.29 ba=+1.00 | site=1 sd=0.28 sa=+0.31 | phero=0 pd=0.00 pa=+0.00 | srch=0.08 | wall=3.58
R3[SITE      ]: L=+0.21 R=+0.21 | carry=0 | base=0.44 ba=-0.93 | site=1 sd=0.42 sa=-0.06 | phero=0 pd=0.00 pa=+0.00 | srch=0.16 | wall=2.96
R4[RTB       ]: L=+1.00 R=+1.00 | carry=1 | base=0.38 ba=+0.00 | site=0 sd=0.00 sa=+0.00 | phero=0 pd=0.00 pa=+0.00 | srch=0.00 | wall=3.53

[DEPOSIT] Robot 1 deposited! Total: 6
  [PHERO] Laid at (-0.31, -3.43) density=32 prob=1.00 total_entries=6
  [TARGET] Robot 1 → SITE (-0.31,-3.43)
[DEPOSIT] Robot 4 deposited! Total: 7
  [PHERO] Laid at (1.98, -1.88) density=15 prob=1.00 total_entries=7
  [TARGET] Robot 4 → SITE (1.98,-1.88)
[PICKUP] Robot 2 picked up tag (density=10) | Total: 8
[PICKUP] Robot 1 picked up tag (density=11) | Total: 9
[PICKUP] Robot 3 picked up tag (density=15) | Total: 10

======================================================================
Step 4000 (2.1 min) | Pickups: 10 | Deposits: 7 | Rate: 3.28 tags/min | phero_entries=7 phero_max=0.701
======================================================================
R1[RTB       ]: L=+0.60 R=+1.00 | carry=1 | base=0.33 ba=+0.16 | site=0 sd=0.00 sa=+0.00 | phero=0 pd=0.00 pa=+0.00 | srch=0.00 | wall=3.48
R2[RTB       ]: L=+1.00 R=+1.00 | carry=1 | base=0.38 ba=+0.00 | site=0 sd=0.00 sa=+0.00 | phero=0 pd=0.00 pa=+0.00 | srch=0.00 | wall=3.18
R3[RTB       ]: L=+1.00 R=+0.00 | carry=1 | base=0.70 ba=-0.47 | site=0 sd=0.00 sa=+0.00 | phero=0 pd=0.00 pa=+0.00 | srch=0.00 | wall=2.08
R4[SITE      ]: L=+1.00 R=+1.00 | carry=0 | base=0.18 ba=-0.95 | site=1 sd=0.61 sa=-0.01 | phero=0 pd=0.00 pa=+0.00 | srch=0.06 | wall=4.00

[DEPOSIT] Robot 1 deposited! Total: 8
  [PHERO] Laid at (0.44, -1.07) density=11 prob=1.00 total_entries=8
  [TARGET] Robot 1 → SITE (0.44,-1.07)
[DEPOSIT] Robot 2 deposited! Total: 9
  [PHERO] Laid at (1.83, -0.08) density=10 prob=1.00 total_entries=9
  [TARGET] Robot 2 → SITE (1.83,-0.08)

======================================================================
Step 4500 (2.4 min) | Pickups: 10 | Deposits: 9 | Rate: 3.75 tags/min | phero_entries=9 phero_max=0.703
======================================================================
R1[SITE      ]: L=+0.61 R=+0.63 | carry=0 | base=0.16 ba=-0.89 | site=1 sd=0.18 sa=+0.06 | phero=0 pd=0.00 pa=+0.00 | srch=0.07 | wall=4.01
R2[SITE      ]: L=+1.00 R=+0.94 | carry=0 | base=0.18 ba=-0.89 | site=1 sd=0.37 sa=-0.09 | phero=0 pd=0.00 pa=+0.00 | srch=0.05 | wall=3.92
R3[RTB       ]: L=+1.00 R=+1.00 | carry=1 | base=0.20 ba=-0.00 | site=0 sd=0.00 sa=+0.00 | phero=0 pd=0.00 pa=+0.00 | srch=0.00 | wall=3.81
R4[SITE      ]: L=+1.00 R=+1.00 | carry=0 | base=0.72 ba=-0.98 | site=1 sd=0.06 sa=-0.01 | phero=0 pd=0.00 pa=+0.00 | srch=0.18 | wall=2.65

[PICKUP] Robot 4 picked up tag (density=14) | Total: 11
[DEPOSIT] Robot 3 deposited! Total: 10
  [PHERO] Laid at (0.25, 2.41) density=15 prob=1.00 total_entries=10
  [TARGET] Robot 3 → SITE (0.25,2.41)
[PICKUP] Robot 1 picked up tag (density=10) | Total: 12
[PICKUP] Robot 2 picked up tag (density=9) | Total: 13

======================================================================
Step 5000 (2.7 min) | Pickups: 13 | Deposits: 10 | Rate: 3.75 tags/min | phero_entries=9 phero_max=0.541
======================================================================
R1[RTB       ]: L=+1.00 R=+1.00 | carry=1 | base=0.11 ba=+0.00 | site=0 sd=0.00 sa=+0.00 | phero=0 pd=0.00 pa=+0.00 | srch=0.00 | wall=4.16
R2[RTB       ]: L=+1.00 R=+1.00 | carry=1 | base=0.39 ba=-0.00 | site=0 sd=0.00 sa=+0.00 | phero=0 pd=0.00 pa=+0.00 | srch=0.00 | wall=3.13
R3[SITE      ]: L=+0.72 R=+0.71 | carry=0 | base=0.32 ba=+0.97 | site=1 sd=0.38 sa=-0.09 | phero=0 pd=0.00 pa=+0.00 | srch=0.10 | wall=3.39
R4[RTB       ]: L=+1.00 R=+1.00 | carry=1 | base=0.33 ba=-0.00 | site=0 sd=0.00 sa=+0.00 | phero=0 pd=0.00 pa=+0.00 | srch=0.00 | wall=3.68

[DEPOSIT] Robot 1 deposited! Total: 11
  [PHERO] Laid at (0.45, -1.08) density=10 prob=1.00 total_entries=10
  [TARGET] Robot 1 → SITE (0.45,-1.08)
[DEPOSIT] Robot 4 deposited! Total: 12
  [PHERO] Laid at (1.87, -1.76) density=14 prob=1.00 total_entries=10
  [TARGET] Robot 4 → SITE (1.87,-1.76)
[DEPOSIT] Robot 2 deposited! Total: 13
  [PHERO] Laid at (1.73, 0.08) density=9 prob=1.00 total_entries=11
  [TARGET] Robot 2 → SITE (1.73,0.08)
[PICKUP] Robot 1 picked up tag (density=9) | Total: 14

======================================================================
Step 5500 (2.9 min) | Pickups: 14 | Deposits: 13 | Rate: 4.43 tags/min | phero_entries=11 phero_max=0.718
======================================================================
R1[RTB       ]: L=+1.00 R=+0.00 | carry=1 | base=0.35 ba=-0.53 | site=0 sd=0.00 sa=+0.00 | phero=0 pd=0.00 pa=+0.00 | srch=0.00 | wall=3.33
R2[SITE      ]: L=+1.00 R=+1.00 | carry=0 | base=0.17 ba=-1.00 | site=1 sd=0.34 sa=+0.17 | phero=0 pd=0.00 pa=+0.00 | srch=0.05 | wall=3.93
R3[SITE      ]: L=+1.00 R=+0.95 | carry=0 | base=0.58 ba=-0.92 | site=1 sd=0.12 sa=-0.07 | phero=0 pd=0.00 pa=+0.00 | srch=0.22 | wall=2.48
R4[SITE      ]: L=+0.97 R=+1.00 | carry=0 | base=0.23 ba=+0.95 | site=1 sd=0.55 sa=+0.17 | phero=0 pd=0.00 pa=+0.00 | srch=0.06 | wall=3.75

[PICKUP] Robot 4 picked up tag (density=8) | Total: 15
[DEPOSIT] Robot 1 deposited! Total: 14
  [PHERO] Laid at (0.41, -1.15) density=9 prob=1.00 total_entries=12
  [TARGET] Robot 1 → SITE (0.41,-1.15)
[PICKUP] Robot 2 picked up tag (density=8) | Total: 16
[DEPOSIT] Robot 4 deposited! Total: 15
  [PHERO] Laid at (0.47, -1.10) density=8 prob=1.00 total_entries=13
  [TARGET] Robot 4 → SITE (0.47,-1.10)

======================================================================
Step 6000 (3.2 min) | Pickups: 16 | Deposits: 15 | Rate: 4.69 tags/min | phero_entries=13 phero_max=0.946
======================================================================
R1[SITE      ]: L=+1.00 R=+1.00 | carry=0 | base=0.15 ba=+0.97 | site=1 sd=0.22 sa=+0.18 | phero=0 pd=0.00 pa=+0.00 | srch=0.05 | wall=3.98
R2[RTB       ]: L=+0.80 R=+1.00 | carry=1 | base=0.51 ba=+0.08 | site=0 sd=0.00 sa=+0.00 | phero=0 pd=0.00 pa=+0.00 | srch=0.00 | wall=2.71
R3[SITE      ]: L=+0.24 R=+0.27 | carry=0 | base=0.60 ba=-0.84 | site=1 sd=0.10 sa=+0.07 | phero=0 pd=0.00 pa=+0.00 | srch=0.35 | wall=2.42
R4[BASE_ESC  ]: L=+1.00 R=+0.00 | carry=0 | base=0.06 ba=+0.33 | site=1 sd=0.28 sa=-0.73 | phero=0 pd=0.00 pa=+0.00 | srch=0.01 | wall=4.31

[PICKUP] Robot 1 picked up tag (density=7) | Total: 17
[DEPOSIT] Robot 2 deposited! Total: 16
  [PHERO] Laid at (1.88, -0.06) density=8 prob=1.00 total_entries=14
  [TARGET] Robot 2 → SITE (1.88,-0.06)
[PICKUP] Robot 3 picked up tag (density=14) | Total: 18

======================================================================
Step 6500 (3.5 min) | Pickups: 18 | Deposits: 16 | Rate: 4.62 tags/min | phero_entries=14 phero_max=0.856
======================================================================
R1[RTB       ]: L=+1.00 R=+1.00 | carry=1 | base=0.21 ba=+0.00 | site=0 sd=0.00 sa=+0.00 | phero=0 pd=0.00 pa=+0.00 | srch=0.00 | wall=3.78
R2[BASE_ESC  ]: L=+1.00 R=+0.21 | carry=0 | base=0.07 ba=+0.81 | site=1 sd=0.47 sa=-0.28 | phero=0 pd=0.00 pa=+0.00 | srch=0.02 | wall=4.27
R3[RTB       ]: L=+1.00 R=+0.00 | carry=1 | base=0.71 ba=-0.58 | site=0 sd=0.00 sa=+0.00 | phero=0 pd=0.00 pa=+0.00 | srch=0.00 | wall=2.04
R4[EXPLORE   ]: L=+1.00 R=+1.00 | carry=0 | base=0.34 ba=+0.44 | site=0 sd=0.00 sa=+0.00 | phero=0 pd=0.00 pa=+0.00 | srch=0.13 | wall=3.38

[DEPOSIT] Robot 1 deposited! Total: 17
  [PHERO] Laid at (0.26, -1.36) density=7 prob=0.99 total_entries=14
  [TARGET] Robot 1 → SITE (0.26,-1.36)
[PICKUP] Robot 4 picked up tag (density=7) | Total: 19

======================================================================
Step 7000 (3.7 min) | Pickups: 19 | Deposits: 17 | Rate: 4.55 tags/min | phero_entries=14 phero_max=0.553
======================================================================
R1[SITE      ]: L=+1.00 R=+0.97 | carry=0 | base=0.33 ba=-0.86 | site=1 sd=0.08 sa=-0.06 | phero=0 pd=0.00 pa=+0.00 | srch=0.09 | wall=3.40
R2[SITE      ]: L=+1.00 R=+0.84 | carry=0 | base=0.54 ba=-0.61 | site=1 sd=0.16 sa=-0.16 | phero=0 pd=0.00 pa=+0.00 | srch=0.15 | wall=2.69
R3[RTB       ]: L=+1.00 R=+1.00 | carry=1 | base=0.23 ba=-0.00 | site=0 sd=0.00 sa=+0.00 | phero=0 pd=0.00 pa=+0.00 | srch=0.00 | wall=3.72
R4[RTB       ]: L=+0.00 R=+1.00 | carry=1 | base=0.58 ba=+0.60 | site=0 sd=0.00 sa=+0.00 | phero=0 pd=0.00 pa=+0.00 | srch=0.00 | wall=2.46

[PICKUP] Robot 2 picked up tag (density=6) | Total: 20
[DEPOSIT] Robot 3 deposited! Total: 18
  [PHERO] Laid at (0.26, 2.44) density=14 prob=1.00 total_entries=15
  [TARGET] Robot 3 → SITE (0.26,2.44)

======================================================================
Step 7500 (4.0 min) | Pickups: 20 | Deposits: 18 | Rate: 4.50 tags/min | phero_entries=14 phero_max=0.564
======================================================================
R1[EXPLORE   ]: L=+1.00 R=+1.00 | carry=0 | base=0.82 ba=-0.91 | site=0 sd=0.00 sa=+0.00 | phero=0 pd=0.00 pa=+0.00 | srch=0.22 | wall=1.66
R2[RTB       ]: L=+1.00 R=+1.00 | carry=1 | base=0.13 ba=-0.00 | site=0 sd=0.00 sa=+0.00 | phero=0 pd=0.00 pa=+0.00 | srch=0.00 | wall=4.06
R3[SITE      ]: L=+0.93 R=+0.91 | carry=0 | base=0.29 ba=+0.98 | site=1 sd=0.41 sa=-0.11 | phero=0 pd=0.00 pa=+0.00 | srch=0.09 | wall=3.48
R4[RTB       ]: L=+1.00 R=+1.00 | carry=1 | base=0.11 ba=+0.00 | site=0 sd=0.00 sa=+0.00 | phero=0 pd=0.00 pa=+0.00 | srch=0.00 | wall=4.12

[PICKUP] Robot 1 picked up tag (density=15) | Total: 21
[DEPOSIT] Robot 4 deposited! Total: 19
  [PHERO] Laid at (2.02, -0.16) density=7 prob=0.99 total_entries=14
  [TARGET] Robot 4 → SITE (2.02,-0.16)
[DEPOSIT] Robot 2 deposited! Total: 20
  [PHERO] Laid at (1.91, 0.29) density=6 prob=0.97 total_entries=15
  [TARGET] Robot 2 → SITE (1.91,0.29)

======================================================================
Step 8000 (4.3 min) | Pickups: 21 | Deposits: 20 | Rate: 4.69 tags/min | phero_entries=14 phero_max=0.488
======================================================================
R1[RTB       ]: L=+1.00 R=+1.00 | carry=1 | base=0.43 ba=-0.00 | site=0 sd=0.00 sa=+0.00 | phero=0 pd=0.00 pa=+0.00 | srch=0.00 | wall=3.02
R2[SITE      ]: L=+0.49 R=+1.00 | carry=0 | base=0.43 ba=+0.92 | site=1 sd=0.27 sa=+0.36 | phero=0 pd=0.00 pa=+0.00 | srch=0.11 | wall=3.11
R3[EXPLORE   ]: L=+1.00 R=+0.85 | carry=0 | base=0.69 ba=-0.94 | site=0 sd=0.00 sa=+0.00 | phero=0 pd=0.00 pa=+0.00 | srch=0.21 | wall=2.11
R4[SITE      ]: L=+0.49 R=+1.00 | carry=0 | base=0.40 ba=-0.99 | site=1 sd=0.18 sa=+0.06 | phero=0 pd=0.00 pa=+0.00 | srch=0.12 | wall=3.11

[PICKUP] Robot 3 picked up tag (density=13) | Total: 22
[PICKUP] Robot 4 picked up tag (density=5) | Total: 23
[PICKUP] Robot 2 picked up tag (density=4) | Total: 24
[DEPOSIT] Robot 1 deposited! Total: 21
  [PHERO] Laid at (-0.46, -2.91) density=15 prob=1.00 total_entries=14
  [TARGET] Robot 1 → SITE (-0.46,-2.91)

======================================================================
Step 8500 (4.5 min) | Pickups: 24 | Deposits: 21 | Rate: 4.63 tags/min | phero_entries=14 phero_max=0.759
======================================================================
R1[SITE      ]: L=+1.00 R=+1.00 | carry=0 | base=0.14 ba=-0.93 | site=1 sd=0.72 sa=+0.26 | phero=0 pd=0.00 pa=+0.00 | srch=0.04 | wall=4.12
R2[RTB       ]: L=+1.00 R=+1.00 | carry=1 | base=0.41 ba=+0.00 | site=0 sd=0.00 sa=+0.00 | phero=0 pd=0.00 pa=+0.00 | srch=0.00 | wall=3.07
R3[RTB       ]: L=+1.00 R=+1.00 | carry=1 | base=0.32 ba=-0.00 | site=0 sd=0.00 sa=+0.00 | phero=0 pd=0.00 pa=+0.00 | srch=0.00 | wall=3.40
R4[RTB       ]: L=+1.00 R=+1.00 | carry=1 | base=0.37 ba=+0.00 | site=0 sd=0.00 sa=+0.00 | phero=0 pd=0.00 pa=+0.00 | srch=0.00 | wall=3.22

[DEPOSIT] Robot 3 deposited! Total: 22
  [PHERO] Laid at (0.27, 2.49) density=13 prob=1.00 total_entries=13
  [TARGET] Robot 3 → SITE (0.27,2.49)
[DEPOSIT] Robot 4 deposited! Total: 23
  [PHERO] Laid at (2.08, -0.15) density=5 prob=0.92 total_entries=14
  [TARGET] Robot 4 → SITE (2.08,-0.15)
[DEPOSIT] Robot 2 deposited! Total: 24
  [PHERO] Laid at (2.13, -0.08) density=4 prob=0.82 total_entries=15
  [TARGET] Robot 2 → SITE (2.13,-0.08)

======================================================================
Step 9000 (4.8 min) | Pickups: 24 | Deposits: 24 | Rate: 5.00 tags/min | phero_entries=14 phero_max=0.745
======================================================================
R1[SITE      ]: L=+1.00 R=+1.00 | carry=0 | base=0.68 ba=+0.99 | site=1 sd=0.49 sa=+0.49 | phero=0 pd=0.00 pa=+0.00 | srch=0.17 | wall=2.81
R2[SITE      ]: L=+1.00 R=+1.00 | carry=0 | base=0.15 ba=-0.99 | site=1 sd=0.47 sa=+0.13 | phero=0 pd=0.00 pa=+0.00 | srch=0.05 | wall=4.00
R3[SITE      ]: L=+0.99 R=+1.00 | carry=0 | base=0.24 ba=+0.97 | site=1 sd=0.48 sa=+0.04 | phero=0 pd=0.00 pa=+0.00 | srch=0.07 | wall=3.70
R4[SITE      ]: L=+1.00 R=+0.97 | carry=0 | base=0.19 ba=-0.92 | site=1 sd=0.42 sa=-0.06 | phero=0 pd=0.00 pa=+0.00 | srch=0.06 | wall=3.87


======================================================================
Step 9500 (5.1 min) | Pickups: 24 | Deposits: 24 | Rate: 4.74 tags/min | phero_entries=13 phero_max=0.335
======================================================================
R1[SITE      ]: L=+1.00 R=+1.00 | carry=0 | base=1.23 ba=+1.00 | site=1 sd=0.73 sa=+0.76 | phero=0 pd=0.00 pa=+0.00 | srch=0.29 | wall=1.43
R2[SITE      ]: L=+0.90 R=+1.00 | carry=0 | base=0.68 ba=+0.80 | site=1 sd=0.14 sa=+0.50 | phero=0 pd=0.00 pa=+0.00 | srch=0.17 | wall=2.18
R3[SITE      ]: L=+0.85 R=+0.78 | carry=0 | base=0.68 ba=+0.99 | site=1 sd=0.04 sa=-0.08 | phero=0 pd=0.00 pa=+0.00 | srch=0.19 | wall=2.14
R4[EXPLORE   ]: L=+1.00 R=+0.69 | carry=0 | base=0.65 ba=-0.53 | site=0 sd=0.00 sa=+0.00 | phero=0 pd=0.00 pa=+0.00 | srch=0.18 | wall=2.27

[PICKUP] Robot 3 picked up tag (density=12) | Total: 25

======================================================================
Step 10000 (5.3 min) | Pickups: 25 | Deposits: 24 | Rate: 4.50 tags/min | phero_entries=11 phero_max=0.150
======================================================================
R1[SITE      ]: L=+1.00 R=+1.00 | carry=0 | base=1.49 ba=+0.03 | site=1 sd=0.88 sa=-0.13 | phero=0 pd=0.00 pa=+0.00 | srch=0.42 | wall=0.49
R2[SITE      ]: L=+0.91 R=+1.00 | carry=0 | base=0.73 ba=+0.09 | site=1 sd=0.25 sa=+0.38 | phero=0 pd=0.00 pa=+0.00 | srch=0.30 | wall=2.06
R3[RTB       ]: L=+1.00 R=+1.00 | carry=1 | base=0.35 ba=-0.00 | site=0 sd=0.00 sa=+0.00 | phero=0 pd=0.00 pa=+0.00 | srch=0.00 | wall=3.28
R4[EXPLORE   ]: L=+1.00 R=+0.97 | carry=0 | base=0.60 ba=-0.28 | site=0 sd=0.00 sa=+0.00 | phero=0 pd=0.00 pa=+0.00 | srch=0.31 | wall=2.54

[GIVE-UP] R4 giving up after 1258 steps
[PICKUP] Robot 2 picked up tag (density=3) | Total: 26
[DEPOSIT] Robot 3 deposited! Total: 25
  [PHERO] Laid at (0.27, 2.50) density=12 prob=1.00 total_entries=11
  [TARGET] Robot 3 → SITE (0.27,2.50)

======================================================================
Step 10500 (5.6 min) | Pickups: 26 | Deposits: 25 | Rate: 4.46 tags/min | phero_entries=10 phero_max=0.679
======================================================================
R1[SITE      ]: L=+1.00 R=+1.00 | carry=0 | base=0.94 ba=+0.05 | site=1 sd=0.43 sa=-0.30 | phero=0 pd=0.00 pa=+0.00 | srch=0.54 | wall=1.83
R2[RTB       ]: L=+1.00 R=+1.00 | carry=1 | base=0.29 ba=-0.00 | site=0 sd=0.00 sa=+0.00 | phero=0 pd=0.00 pa=+0.00 | srch=0.00 | wall=3.47
R3[SITE      ]: L=+0.98 R=+1.00 | carry=0 | base=0.21 ba=+0.99 | site=1 sd=0.52 sa=+0.13 | phero=0 pd=0.00 pa=+0.00 | srch=0.06 | wall=3.83
R4[GIVE_UP   ]: L=+1.00 R=+1.00 | carry=0 | base=0.08 ba=-0.00 | site=0 sd=0.00 sa=+0.00 | phero=0 pd=0.00 pa=+0.00 | srch=0.43 | wall=4.25

[EMPTY_RTN] R4 → phero(2.13,-0.08)
[DEPOSIT] Robot 2 deposited! Total: 26
  [PHERO] Laid at (1.92, 0.23) density=3 prob=0.65 total_entries=11
  [TARGET] Robot 2 → SITE (1.92,0.23)

======================================================================
Step 11000 (5.9 min) | Pickups: 26 | Deposits: 26 | Rate: 4.43 tags/min | phero_entries=9 phero_max=0.623
======================================================================
R1[SITE      ]: L=+1.00 R=+0.90 | carry=0 | base=0.75 ba=+0.82 | site=1 sd=0.09 sa=-0.27 | phero=0 pd=0.00 pa=+0.00 | srch=0.67 | wall=1.89
R2[SITE      ]: L=+1.00 R=+1.00 | carry=0 | base=0.26 ba=+0.99 | site=1 sd=0.31 sa=+0.13 | phero=0 pd=0.00 pa=+0.00 | srch=0.07 | wall=3.61
R3[SITE      ]: L=+1.00 R=+0.96 | carry=0 | base=0.67 ba=-0.81 | site=1 sd=0.06 sa=-0.04 | phero=0 pd=0.00 pa=+0.00 | srch=0.19 | wall=2.14
R4[PHERO     ]: L=+0.83 R=+0.84 | carry=0 | base=0.43 ba=+0.82 | site=0 sd=0.00 sa=+0.00 | phero=1 pd=0.26 pa=+0.15 | srch=0.12 | wall=3.11

[PICKUP] Robot 3 picked up tag (density=11) | Total: 27
[PICKUP] Robot 1 picked up tag (density=14) | Total: 28

======================================================================
Step 11500 (6.1 min) | Pickups: 28 | Deposits: 26 | Rate: 4.24 tags/min | phero_entries=8 phero_max=0.280
======================================================================
R1[RTB       ]: L=+1.00 R=+1.00 | carry=1 | base=0.50 ba=-0.00 | site=0 sd=0.00 sa=+0.00 | phero=0 pd=0.00 pa=+0.00 | srch=0.00 | wall=2.76
R2[EXPLORE   ]: L=+1.00 R=+1.00 | carry=0 | base=0.66 ba=+0.71 | site=0 sd=0.00 sa=+0.00 | phero=0 pd=0.00 pa=+0.00 | srch=0.20 | wall=2.38
R3[RTB       ]: L=+1.00 R=+1.00 | carry=1 | base=0.33 ba=-0.00 | site=0 sd=0.00 sa=+0.00 | phero=0 pd=0.00 pa=+0.00 | srch=0.00 | wall=3.35
R4[EXPLORE   ]: L=+1.00 R=+1.00 | carry=0 | base=0.72 ba=+0.75 | site=0 sd=0.00 sa=+0.00 | phero=0 pd=0.00 pa=+0.00 | srch=0.25 | wall=2.02

[PICKUP] Robot 4 picked up tag (density=16) | Total: 29
[DEPOSIT] Robot 3 deposited! Total: 27
  [PHERO] Laid at (0.27, 2.52) density=11 prob=1.00 total_entries=9
  [TARGET] Robot 3 → SITE (0.27,2.52)
[DEPOSIT] Robot 1 deposited! Total: 28
  [PHERO] Laid at (-0.39, -2.91) density=14 prob=1.00 total_entries=8
  [TARGET] Robot 1 → SITE (-0.39,-2.91)

======================================================================
Step 12000 (6.4 min) | Pickups: 29 | Deposits: 28 | Rate: 4.38 tags/min | phero_entries=8 phero_max=0.844
======================================================================
R1[BASE_ESC  ]: L=+0.38 R=+1.00 | carry=0 | base=0.07 ba=-0.86 | site=1 sd=0.77 sa=+0.23 | phero=0 pd=0.00 pa=+0.00 | srch=0.03 | wall=4.27
R2[EXPLORE   ]: L=+1.00 R=+1.00 | carry=0 | base=1.08 ba=+0.84 | site=0 sd=0.00 sa=+0.00 | phero=0 pd=0.00 pa=+0.00 | srch=0.32 | wall=1.77
R3[SITE      ]: L=+0.85 R=+0.85 | carry=0 | base=0.16 ba=+0.87 | site=1 sd=0.56 sa=-0.17 | phero=0 pd=0.00 pa=+0.00 | srch=0.07 | wall=3.94
R4[RTB       ]: L=+1.00 R=+1.00 | carry=1 | base=0.60 ba=+0.00 | site=0 sd=0.00 sa=+0.00 | phero=0 pd=0.00 pa=+0.00 | srch=0.00 | wall=2.54

[DEPOSIT] Robot 4 deposited! Total: 29
  [PHERO] Laid at (2.87, 0.94) density=16 prob=1.00 total_entries=9
  [TARGET] Robot 4 → SITE (2.87,0.94)

======================================================================
Step 12500 (6.7 min) | Pickups: 29 | Deposits: 29 | Rate: 4.35 tags/min | phero_entries=9 phero_max=0.969
======================================================================
R1[SITE      ]: L=+0.82 R=+1.00 | carry=0 | base=0.61 ba=+0.91 | site=1 sd=0.49 sa=+0.36 | phero=0 pd=0.00 pa=+0.00 | srch=0.15 | wall=2.96
R2[WALL_ESC  ]: L=+0.71 R=+1.00 | carry=0 | base=1.45 ba=+0.07 | site=0 sd=0.00 sa=+0.00 | phero=0 pd=0.00 pa=+0.00 | srch=0.45 | wall=0.35
R3[SITE      ]: L=+1.00 R=+0.95 | carry=0 | base=0.48 ba=-0.86 | site=1 sd=0.27 sa=-0.05 | phero=0 pd=0.00 pa=+0.00 | srch=0.19 | wall=2.82
R4[BASE_ESC  ]: L=+1.00 R=+0.00 | carry=0 | base=0.06 ba=+0.21 | site=1 sd=0.80 sa=-0.81 | phero=0 pd=0.00 pa=+0.00 | srch=0.00 | wall=4.29

[PICKUP] Robot 3 picked up tag (density=10) | Total: 30

======================================================================
Step 13000 (6.9 min) | Pickups: 30 | Deposits: 29 | Rate: 4.18 tags/min | phero_entries=8 phero_max=0.435
======================================================================
R1[SITE      ]: L=+0.97 R=+1.00 | carry=0 | base=1.09 ba=+0.77 | site=1 sd=0.43 sa=+0.53 | phero=0 pd=0.00 pa=+0.00 | srch=0.28 | wall=1.17
R2[EXPLORE   ]: L=+1.00 R=+1.00 | carry=0 | base=0.92 ba=+0.08 | site=0 sd=0.00 sa=+0.00 | phero=0 pd=0.00 pa=+0.00 | srch=0.57 | wall=1.72
R3[RTB       ]: L=+1.00 R=+0.99 | carry=1 | base=0.65 ba=-0.00 | site=0 sd=0.00 sa=+0.00 | phero=0 pd=0.00 pa=+0.00 | srch=0.00 | wall=2.27
R4[SITE      ]: L=+1.00 R=+1.00 | carry=0 | base=0.50 ba=-0.97 | site=1 sd=0.37 sa=+0.08 | phero=0 pd=0.00 pa=+0.00 | srch=0.13 | wall=2.82

[PICKUP] Robot 4 picked up tag (density=15) | Total: 31

======================================================================
Step 13500 (7.2 min) | Pickups: 31 | Deposits: 29 | Rate: 4.03 tags/min | phero_entries=5 phero_max=0.196
======================================================================
R1[SITE      ]: L=+1.00 R=+1.00 | carry=0 | base=1.08 ba=+0.18 | site=1 sd=0.27 sa=+0.06 | phero=0 pd=0.00 pa=+0.00 | srch=0.40 | wall=0.84
R2[EXPLORE   ]: L=+1.00 R=+1.00 | carry=0 | base=0.41 ba=+0.19 | site=0 sd=0.00 sa=+0.00 | phero=0 pd=0.00 pa=+0.00 | srch=0.70 | wall=3.09
R3[RTB       ]: L=+1.00 R=+1.00 | carry=1 | base=0.10 ba=-0.00 | site=0 sd=0.00 sa=+0.00 | phero=0 pd=0.00 pa=+0.00 | srch=0.00 | wall=4.16
R4[RTB       ]: L=+0.97 R=+1.00 | carry=1 | base=0.81 ba=+0.01 | site=0 sd=0.00 sa=+0.00 | phero=0 pd=0.00 pa=+0.00 | srch=0.00 | wall=1.82

[DEPOSIT] Robot 3 deposited! Total: 30
  [PHERO] Laid at (0.30, 2.55) density=10 prob=1.00 total_entries=6
  [TARGET] Robot 3 → SITE (0.30,2.55)
[PICKUP] Robot 1 picked up tag (density=16) | Total: 32

======================================================================
Step 14000 (7.5 min) | Pickups: 32 | Deposits: 30 | Rate: 4.02 tags/min | phero_entries=6 phero_max=0.468
======================================================================
R1[RTB       ]: L=+1.00 R=+1.00 | carry=1 | base=0.56 ba=+0.00 | site=0 sd=0.00 sa=+0.00 | phero=0 pd=0.00 pa=+0.00 | srch=0.00 | wall=2.57
R2[EXPLORE   ]: L=+1.00 R=+1.00 | carry=0 | base=0.31 ba=+0.74 | site=0 sd=0.00 sa=+0.00 | phero=0 pd=0.00 pa=+0.00 | srch=0.82 | wall=3.42
R3[SITE      ]: L=+0.98 R=+1.00 | carry=0 | base=0.45 ba=+0.91 | site=1 sd=0.29 sa=-0.00 | phero=0 pd=0.00 pa=+0.00 | srch=0.12 | wall=2.96
R4[RTB       ]: L=+1.00 R=+1.00 | carry=1 | base=0.26 ba=+0.00 | site=0 sd=0.00 sa=+0.00 | phero=0 pd=0.00 pa=+0.00 | srch=0.00 | wall=3.63

[DEPOSIT] Robot 4 deposited! Total: 31
  [PHERO] Laid at (2.91, 0.93) density=15 prob=1.00 total_entries=7
  [TARGET] Robot 4 → SITE (2.91,0.93)
[PICKUP] Robot 3 picked up tag (density=9) | Total: 33
[PICKUP] Robot 2 picked up tag (density=16) | Total: 34
[DEPOSIT] Robot 1 deposited! Total: 32
  [PHERO] Laid at (-0.66, -3.40) density=16 prob=1.00 total_entries=8
  [TARGET] Robot 1 → SITE (-0.66,-3.40)

======================================================================
Step 14500 (7.7 min) | Pickups: 34 | Deposits: 32 | Rate: 4.14 tags/min | phero_entries=8 phero_max=0.916
======================================================================
R1[BASE_ESC  ]: L=+1.00 R=+0.00 | carry=0 | base=0.06 ba=+0.46 | site=1 sd=0.93 sa=-0.57 | phero=0 pd=0.00 pa=+0.00 | srch=0.01 | wall=4.28
R2[RTB       ]: L=+0.02 R=+1.00 | carry=1 | base=0.73 ba=+0.39 | site=0 sd=0.00 sa=+0.00 | phero=0 pd=0.00 pa=+0.00 | srch=0.00 | wall=2.26
R3[RTB       ]: L=+1.00 R=+1.00 | carry=1 | base=0.62 ba=-0.00 | site=0 sd=0.00 sa=+0.00 | phero=0 pd=0.00 pa=+0.00 | srch=0.00 | wall=2.35
R4[SITE      ]: L=+1.00 R=+0.95 | carry=0 | base=0.30 ba=-0.92 | site=1 sd=0.61 sa=-0.10 | phero=0 pd=0.00 pa=+0.00 | srch=0.08 | wall=3.69

[PICKUP] Robot 1 picked up tag (density=6) | Total: 35

======================================================================
Step 15000 (8.0 min) | Pickups: 35 | Deposits: 32 | Rate: 4.00 tags/min | phero_entries=7 phero_max=0.411
======================================================================
R1[RTB       ]: L=+0.99 R=+1.00 | carry=1 | base=0.28 ba=+0.01 | site=0 sd=0.00 sa=+0.00 | phero=0 pd=0.00 pa=+0.00 | srch=0.00 | wall=3.62
R2[RTB       ]: L=+1.00 R=+1.00 | carry=1 | base=0.21 ba=+0.00 | site=0 sd=0.00 sa=+0.00 | phero=0 pd=0.00 pa=+0.00 | srch=0.00 | wall=3.85
R3[RTB       ]: L=+1.00 R=+1.00 | carry=1 | base=0.07 ba=-0.00 | site=0 sd=0.00 sa=+0.00 | phero=0 pd=0.00 pa=+0.00 | srch=0.00 | wall=4.25
R4[SITE      ]: L=+1.00 R=+1.00 | carry=0 | base=0.81 ba=-0.90 | site=1 sd=0.07 sa=+0.10 | phero=0 pd=0.00 pa=+0.00 | srch=0.21 | wall=1.81

[DEPOSIT] Robot 3 deposited! Total: 33
  [PHERO] Laid at (0.29, 2.57) density=9 prob=1.00 total_entries=8
  [TARGET] Robot 3 → SITE (0.29,2.57)
[DEPOSIT] Robot 2 deposited! Total: 34
  [PHERO] Laid at (-2.24, -1.16) density=16 prob=1.00 total_entries=8
  [TARGET] Robot 2 → SITE (-2.24,-1.16)
[DEPOSIT] Robot 1 deposited! Total: 35
  [PHERO] Laid at (0.46, -1.15) density=6 prob=0.97 total_entries=9
  [TARGET] Robot 1 → SITE (0.46,-1.15)

======================================================================
Step 15500 (8.3 min) | Pickups: 35 | Deposits: 35 | Rate: 4.23 tags/min | phero_entries=9 phero_max=0.614
======================================================================
R1[SITE      ]: L=+1.00 R=+0.95 | carry=0 | base=0.26 ba=-0.84 | site=1 sd=0.14 sa=-0.17 | phero=0 pd=0.00 pa=+0.00 | srch=0.08 | wall=3.81
R2[SITE      ]: L=+1.00 R=+1.00 | carry=0 | base=0.35 ba=+0.98 | site=1 sd=0.47 sa=-0.34 | phero=0 pd=0.00 pa=+0.00 | srch=0.09 | wall=3.43
R3[SITE      ]: L=+0.99 R=+1.00 | carry=0 | base=0.48 ba=+0.95 | site=1 sd=0.26 sa=+0.03 | phero=0 pd=0.00 pa=+0.00 | srch=0.12 | wall=2.86
R4[WALL_ESC  ]: L=+1.00 R=+0.26 | carry=0 | base=1.21 ba=-0.19 | site=0 sd=0.00 sa=+0.00 | phero=0 pd=0.00 pa=+0.00 | srch=0.33 | wall=0.33

[PICKUP] Robot 1 picked up tag (density=5) | Total: 36
[PICKUP] Robot 2 picked up tag (density=12) | Total: 37
[PICKUP] Robot 3 picked up tag (density=8) | Total: 38
[DEPOSIT] Robot 1 deposited! Total: 36
  [PHERO] Laid at (0.54, -1.15) density=5 prob=0.92 total_entries=10
  [TARGET] Robot 1 → SITE (0.54,-1.15)

======================================================================
Step 16000 (8.5 min) | Pickups: 38 | Deposits: 36 | Rate: 4.22 tags/min | phero_entries=10 phero_max=0.952
======================================================================
R1[BASE_ESC  ]: L=+0.00 R=+1.00 | carry=0 | base=0.06 ba=-0.31 | site=1 sd=0.30 sa=+0.74 | phero=0 pd=0.00 pa=+0.00 | srch=0.01 | wall=4.29
R2[RTB       ]: L=+1.00 R=+1.00 | carry=1 | base=0.26 ba=-0.00 | site=0 sd=0.00 sa=+0.00 | phero=0 pd=0.00 pa=+0.00 | srch=0.00 | wall=3.76
R3[RTB       ]: L=+1.00 R=+1.00 | carry=1 | base=0.58 ba=+0.00 | site=0 sd=0.00 sa=+0.00 | phero=0 pd=0.00 pa=+0.00 | srch=0.00 | wall=2.47
R4[EXPLORE   ]: L=+1.00 R=+1.00 | carry=0 | base=0.72 ba=-0.15 | site=0 sd=0.00 sa=+0.00 | phero=0 pd=0.00 pa=+0.00 | srch=0.46 | wall=1.99

[DEPOSIT] Robot 2 deposited! Total: 37
  [PHERO] Laid at (-0.96, -1.54) density=12 prob=1.00 total_entries=10
  [TARGET] Robot 2 → SITE (-0.96,-1.54)
[PICKUP] Robot 1 picked up tag (density=4) | Total: 39
[DEPOSIT] Robot 3 deposited! Total: 38
  [PHERO] Laid at (0.27, 2.58) density=8 prob=1.00 total_entries=10
  [TARGET] Robot 3 → SITE (0.27,2.58)

======================================================================
Step 16500 (8.8 min) | Pickups: 39 | Deposits: 38 | Rate: 4.32 tags/min | phero_entries=10 phero_max=0.946
======================================================================
R1[RTB       ]: L=+0.75 R=+1.00 | carry=1 | base=0.35 ba=+0.09 | site=0 sd=0.00 sa=+0.00 | phero=0 pd=0.00 pa=+0.00 | srch=0.00 | wall=3.34
R2[SITE      ]: L=+1.00 R=+1.00 | carry=0 | base=0.30 ba=+0.95 | site=1 sd=0.25 sa=+0.17 | phero=0 pd=0.00 pa=+0.00 | srch=0.08 | wall=3.68
R3[BASE_ESC  ]: L=+1.00 R=+0.00 | carry=0 | base=0.06 ba=+0.31 | site=1 sd=0.68 sa=-0.72 | phero=0 pd=0.00 pa=+0.00 | srch=0.01 | wall=4.27
R4[EXPLORE   ]: L=+1.00 R=+1.00 | carry=0 | base=0.22 ba=-0.07 | site=0 sd=0.00 sa=+0.00 | phero=0 pd=0.00 pa=+0.00 | srch=0.58 | wall=3.82

[PICKUP] Robot 2 picked up tag (density=11) | Total: 40
[DEPOSIT] Robot 1 deposited! Total: 39
  [PHERO] Laid at (0.38, -1.27) density=4 prob=0.82 total_entries=10
  [TARGET] Robot 1 → SITE (0.38,-1.27)

======================================================================
Step 17000 (9.1 min) | Pickups: 40 | Deposits: 39 | Rate: 4.30 tags/min | phero_entries=10 phero_max=0.852
======================================================================
R1[BASE_ESC  ]: L=+1.00 R=+0.30 | carry=0 | base=0.07 ba=+0.82 | site=1 sd=0.31 sa=-0.19 | phero=0 pd=0.00 pa=+0.00 | srch=0.03 | wall=4.28
R2[RTB       ]: L=+1.00 R=+1.00 | carry=1 | base=0.34 ba=+0.00 | site=0 sd=0.00 sa=+0.00 | phero=0 pd=0.00 pa=+0.00 | srch=0.00 | wall=3.45
R3[SITE      ]: L=+0.83 R=+0.81 | carry=0 | base=0.50 ba=-0.85 | site=1 sd=0.28 sa=-0.06 | phero=0 pd=0.00 pa=+0.00 | srch=0.13 | wall=2.77
R4[EXPLORE   ]: L=+1.00 R=+0.80 | carry=0 | base=0.26 ba=-0.68 | site=0 sd=0.00 sa=+0.00 | phero=0 pd=0.00 pa=+0.00 | srch=0.71 | wall=3.74

[DEPOSIT] Robot 2 deposited! Total: 40
  [PHERO] Laid at (-0.99, -1.55) density=11 prob=1.00 total_entries=11
  [TARGET] Robot 2 → SITE (-0.99,-1.55)
[PICKUP] Robot 3 picked up tag (density=7) | Total: 41

======================================================================
Step 17500 (9.3 min) | Pickups: 41 | Deposits: 40 | Rate: 4.29 tags/min | phero_entries=11 phero_max=0.667
======================================================================
R1[EXPLORE   ]: L=+1.00 R=+1.00 | carry=0 | base=0.43 ba=-0.71 | site=0 sd=0.00 sa=+0.00 | phero=0 pd=0.00 pa=+0.00 | srch=0.15 | wall=2.99
R2[SITE      ]: L=+1.00 R=+1.00 | carry=0 | base=0.22 ba=+0.97 | site=1 sd=0.35 sa=-0.31 | phero=0 pd=0.00 pa=+0.00 | srch=0.06 | wall=3.71
R3[RTB       ]: L=+1.00 R=+0.99 | carry=1 | base=0.67 ba=-0.00 | site=0 sd=0.00 sa=+0.00 | phero=0 pd=0.00 pa=+0.00 | srch=0.00 | wall=2.20
R4[EXPLORE   ]: L=+1.00 R=+1.00 | carry=0 | base=0.41 ba=+0.89 | site=0 sd=0.00 sa=+0.00 | phero=0 pd=0.00 pa=+0.00 | srch=0.83 | wall=3.06


======================================================================
Step 18000 (9.6 min) | Pickups: 41 | Deposits: 40 | Rate: 4.17 tags/min | phero_entries=10 phero_max=0.300
======================================================================
R1[EXPLORE   ]: L=+1.00 R=+1.00 | carry=0 | base=0.87 ba=-0.86 | site=0 sd=0.00 sa=+0.00 | phero=0 pd=0.00 pa=+0.00 | srch=0.28 | wall=1.72
R2[SITE      ]: L=+1.00 R=+0.90 | carry=0 | base=0.64 ba=-0.56 | site=1 sd=0.15 sa=-0.35 | phero=0 pd=0.00 pa=+0.00 | srch=0.19 | wall=2.45
R3[RTB       ]: L=+1.00 R=+1.00 | carry=1 | base=0.12 ba=-0.00 | site=0 sd=0.00 sa=+0.00 | phero=0 pd=0.00 pa=+0.00 | srch=0.00 | wall=4.09
R4[EXPLORE   ]: L=+1.00 R=+1.00 | carry=0 | base=0.94 ba=+0.94 | site=0 sd=0.00 sa=+0.00 | phero=0 pd=0.00 pa=+0.00 | srch=0.96 | wall=1.21

[DEPOSIT] Robot 3 deposited! Total: 41
  [PHERO] Laid at (0.29, 2.63) density=7 prob=0.99 total_entries=11
  [TARGET] Robot 3 → SITE (0.29,2.63)
[PICKUP] Robot 2 picked up tag (density=10) | Total: 42
[PICKUP] Robot 4 picked up tag (density=24) | Total: 43

======================================================================
Step 18500 (9.9 min) | Pickups: 43 | Deposits: 41 | Rate: 4.16 tags/min | phero_entries=10 phero_max=0.481
======================================================================
R1[EXPLORE   ]: L=+1.00 R=+1.00 | carry=0 | base=1.39 ba=-0.92 | site=0 sd=0.00 sa=+0.00 | phero=0 pd=0.00 pa=+0.00 | srch=0.40 | wall=0.39
R2[RTB       ]: L=+1.00 R=+1.00 | carry=1 | base=0.18 ba=-0.00 | site=0 sd=0.00 sa=+0.00 | phero=0 pd=0.00 pa=+0.00 | srch=0.00 | wall=3.95
R3[SITE      ]: L=+1.00 R=+1.00 | carry=0 | base=0.41 ba=+0.90 | site=1 sd=0.35 sa=-0.12 | phero=0 pd=0.00 pa=+0.00 | srch=0.11 | wall=3.07
R4[RTB       ]: L=+1.00 R=+1.00 | carry=1 | base=0.74 ba=-0.00 | site=0 sd=0.00 sa=+0.00 | phero=0 pd=0.00 pa=+0.00 | srch=0.00 | wall=1.91

[DEPOSIT] Robot 2 deposited! Total: 42
  [PHERO] Laid at (-1.03, -1.99) density=10 prob=1.00 total_entries=11
  [TARGET] Robot 2 → SITE (-1.03,-1.99)
[PICKUP] Robot 3 picked up tag (density=6) | Total: 44

======================================================================
Step 19000 (10.1 min) | Pickups: 44 | Deposits: 42 | Rate: 4.14 tags/min | phero_entries=10 phero_max=0.528
======================================================================
R1[EXPLORE   ]: L=+1.00 R=+1.00 | carry=0 | base=1.32 ba=-0.49 | site=0 sd=0.00 sa=+0.00 | phero=0 pd=0.00 pa=+0.00 | srch=0.52 | wall=0.88
R2[SITE      ]: L=+0.93 R=+1.00 | carry=0 | base=0.38 ba=+1.00 | site=1 sd=0.38 sa=+0.36 | phero=0 pd=0.00 pa=+0.00 | srch=0.10 | wall=3.35
R3[RTB       ]: L=+1.00 R=+0.02 | carry=1 | base=0.76 ba=-0.39 | site=0 sd=0.00 sa=+0.00 | phero=0 pd=0.00 pa=+0.00 | srch=0.00 | wall=1.85
R4[RTB       ]: L=+1.00 R=+1.00 | carry=1 | base=0.20 ba=-0.00 | site=0 sd=0.00 sa=+0.00 | phero=0 pd=0.00 pa=+0.00 | srch=0.00 | wall=3.82

[DEPOSIT] Robot 4 deposited! Total: 43
  [PHERO] Laid at (-0.26, -3.34) density=24 prob=1.00 total_entries=11
  [TARGET] Robot 4 → SITE (-0.26,-3.34)

======================================================================
Step 19500 (10.4 min) | Pickups: 44 | Deposits: 43 | Rate: 4.13 tags/min | phero_entries=9 phero_max=0.539
======================================================================
R1[EXPLORE   ]: L=+1.00 R=+1.00 | carry=0 | base=1.13 ba=-0.21 | site=0 sd=0.00 sa=+0.00 | phero=0 pd=0.00 pa=+0.00 | srch=0.65 | wall=0.79
R2[SITE      ]: L=+0.87 R=+1.00 | carry=0 | base=0.72 ba=+0.42 | site=1 sd=0.09 sa=+0.24 | phero=0 pd=0.00 pa=+0.00 | srch=0.22 | wall=2.36
R3[RTB       ]: L=+1.00 R=+1.00 | carry=1 | base=0.25 ba=-0.00 | site=0 sd=0.00 sa=+0.00 | phero=0 pd=0.00 pa=+0.00 | srch=0.00 | wall=3.62
R4[SITE      ]: L=+0.98 R=+1.00 | carry=0 | base=0.37 ba=+0.95 | site=1 sd=0.64 sa=+0.16 | phero=0 pd=0.00 pa=+0.00 | srch=0.10 | wall=3.37

[PICKUP] Robot 4 picked up tag (density=9) | Total: 45
[PICKUP] Robot 2 picked up tag (density=8) | Total: 46
[DEPOSIT] Robot 3 deposited! Total: 44
  [PHERO] Laid at (0.28, 2.64) density=6 prob=0.97 total_entries=9
  [TARGET] Robot 3 → SITE (0.28,2.64)

======================================================================
Step 20000 (10.7 min) | Pickups: 46 | Deposits: 44 | Rate: 4.12 tags/min | phero_entries=9 phero_max=0.587
======================================================================
R1[EXPLORE   ]: L=+1.00 R=+1.00 | carry=0 | base=0.77 ba=-0.35 | site=0 sd=0.00 sa=+0.00 | phero=0 pd=0.00 pa=+0.00 | srch=0.77 | wall=1.82
R2[RTB       ]: L=+1.00 R=+1.00 | carry=1 | base=0.23 ba=-0.00 | site=0 sd=0.00 sa=+0.00 | phero=0 pd=0.00 pa=+0.00 | srch=0.00 | wall=3.79
R3[SITE      ]: L=+1.00 R=+0.99 | carry=0 | base=0.29 ba=+0.95 | site=1 sd=0.47 sa=-0.07 | phero=0 pd=0.00 pa=+0.00 | srch=0.08 | wall=3.49
R4[RTB       ]: L=+1.00 R=+1.00 | carry=1 | base=0.20 ba=+0.00 | site=0 sd=0.00 sa=+0.00 | phero=0 pd=0.00 pa=+0.00 | srch=0.00 | wall=3.84

[DEPOSIT] Robot 4 deposited! Total: 45
  [PHERO] Laid at (-0.73, -1.57) density=9 prob=1.00 total_entries=10
  [TARGET] Robot 4 → SITE (-0.73,-1.57)
[DEPOSIT] Robot 2 deposited! Total: 46
  [PHERO] Laid at (-0.99, -1.99) density=8 prob=1.00 total_entries=11
  [TARGET] Robot 2 → SITE (-0.99,-1.99)
[PICKUP] Robot 3 picked up tag (density=5) | Total: 47

======================================================================
Step 20500 (10.9 min) | Pickups: 47 | Deposits: 46 | Rate: 4.21 tags/min | phero_entries=9 phero_max=0.567
======================================================================
R1[EXPLORE   ]: L=+1.00 R=+1.00 | carry=0 | base=0.71 ba=-0.59 | site=0 sd=0.00 sa=+0.00 | phero=0 pd=0.00 pa=+0.00 | srch=0.90 | wall=2.64
R2[SITE      ]: L=+1.00 R=+1.00 | carry=0 | base=0.34 ba=+1.00 | site=1 sd=0.38 sa=+0.30 | phero=0 pd=0.00 pa=+0.00 | srch=0.09 | wall=3.53
R3[RTB       ]: L=+0.00 R=+1.00 | carry=1 | base=0.77 ba=+0.66 | site=0 sd=0.00 sa=+0.00 | phero=0 pd=0.00 pa=+0.00 | srch=0.00 | wall=1.82
R4[SITE      ]: L=+1.00 R=+1.00 | carry=0 | base=0.33 ba=+0.95 | site=1 sd=0.17 sa=-0.01 | phero=0 pd=0.00 pa=+0.00 | srch=0.10 | wall=3.49

[PICKUP] Robot 4 picked up tag (density=7) | Total: 48

======================================================================
Step 21000 (11.2 min) | Pickups: 48 | Deposits: 46 | Rate: 4.11 tags/min | phero_entries=8 phero_max=0.255
======================================================================
R1[EXPLORE   ]: L=+1.00 R=+1.00 | carry=0 | base=1.02 ba=-0.77 | site=0 sd=0.00 sa=+0.00 | phero=0 pd=0.00 pa=+0.00 | srch=1.00 | wall=1.01
R2[SITE      ]: L=+0.92 R=+1.00 | carry=0 | base=0.79 ba=+0.59 | site=1 sd=0.22 sa=+0.36 | phero=0 pd=0.00 pa=+0.00 | srch=0.21 | wall=2.39
R3[RTB       ]: L=+1.00 R=+1.00 | carry=1 | base=0.30 ba=+0.00 | site=0 sd=0.00 sa=+0.00 | phero=0 pd=0.00 pa=+0.00 | srch=0.00 | wall=3.44
R4[RTB       ]: L=+1.00 R=+1.00 | carry=1 | base=0.29 ba=+0.00 | site=0 sd=0.00 sa=+0.00 | phero=0 pd=0.00 pa=+0.00 | srch=0.00 | wall=3.56

[DEPOSIT] Robot 4 deposited! Total: 47
  [PHERO] Laid at (-0.76, -1.63) density=7 prob=0.99 total_entries=9
  [TARGET] Robot 4 → SITE (-0.76,-1.63)
[DEPOSIT] Robot 3 deposited! Total: 48
  [TARGET] Robot 3 → SITE (0.28,2.66)
[PICKUP] Robot 2 picked up tag (density=6) | Total: 49
[PICKUP] Robot 1 picked up tag (density=20) | Total: 50

======================================================================
Step 21500 (11.5 min) | Pickups: 50 | Deposits: 48 | Rate: 4.19 tags/min | phero_entries=8 phero_max=0.617
======================================================================
R1[RTB       ]: L=+1.00 R=+1.00 | carry=1 | base=0.97 ba=-0.00 | site=0 sd=0.00 sa=+0.00 | phero=0 pd=0.00 pa=+0.00 | srch=0.00 | wall=1.11
R2[RTB       ]: L=+1.00 R=+1.00 | carry=1 | base=0.49 ba=-0.00 | site=0 sd=0.00 sa=+0.00 | phero=0 pd=0.00 pa=+0.00 | srch=0.00 | wall=2.96
R3[SITE      ]: L=+1.00 R=+0.96 | carry=0 | base=0.25 ba=-0.88 | site=1 sd=0.54 sa=-0.07 | phero=0 pd=0.00 pa=+0.00 | srch=0.07 | wall=3.65
R4[SITE      ]: L=+1.00 R=+0.99 | carry=0 | base=0.26 ba=-0.93 | site=1 sd=0.26 sa=+0.04 | phero=0 pd=0.00 pa=+0.00 | srch=0.08 | wall=3.67

[PICKUP] Robot 4 picked up tag (density=5) | Total: 51
[DEPOSIT] Robot 2 deposited! Total: 49
  [PHERO] Laid at (-0.92, -1.99) density=6 prob=0.97 total_entries=8
  [TARGET] Robot 2 → SITE (-0.92,-1.99)

======================================================================
Step 22000 (11.7 min) | Pickups: 51 | Deposits: 49 | Rate: 4.18 tags/min | phero_entries=8 phero_max=0.952
======================================================================
R1[RTB       ]: L=+1.00 R=+1.00 | carry=1 | base=0.42 ba=-0.00 | site=0 sd=0.00 sa=+0.00 | phero=0 pd=0.00 pa=+0.00 | srch=0.00 | wall=3.03
R2[BASE_ESC  ]: L=+0.00 R=+1.00 | carry=0 | base=0.06 ba=-0.33 | site=1 sd=0.56 sa=+0.70 | phero=0 pd=0.00 pa=+0.00 | srch=0.01 | wall=4.31
R3[SITE      ]: L=-0.04 R=+0.00 | carry=0 | base=0.61 ba=-0.93 | site=1 sd=0.16 sa=-0.03 | phero=0 pd=0.00 pa=+0.00 | srch=0.20 | wall=2.37
R4[RTB       ]: L=+0.95 R=+1.00 | carry=1 | base=0.46 ba=+0.02 | site=0 sd=0.00 sa=+0.00 | phero=0 pd=0.00 pa=+0.00 | srch=0.00 | wall=3.05

[DEPOSIT] Robot 1 deposited! Total: 50
  [PHERO] Laid at (-0.07, 3.88) density=20 prob=1.00 total_entries=9
  [TARGET] Robot 1 → SITE (-0.07,3.88)
[DEPOSIT] Robot 4 deposited! Total: 51
  [PHERO] Laid at (-0.85, -1.55) density=5 prob=0.92 total_entries=10
  [TARGET] Robot 4 → PHERO (-0.92,-1.99)

======================================================================
Step 22500 (12.0 min) | Pickups: 51 | Deposits: 51 | Rate: 4.25 tags/min | phero_entries=9 phero_max=0.790
======================================================================
R1[SITE      ]: L=+1.00 R=+1.00 | carry=0 | base=0.15 ba=-0.95 | site=1 sd=0.98 sa=+0.20 | phero=0 pd=0.00 pa=+0.00 | srch=0.05 | wall=4.03
R2[SITE      ]: L=+0.95 R=+1.00 | carry=0 | base=0.52 ba=+0.91 | site=1 sd=0.28 sa=+0.36 | phero=0 pd=0.00 pa=+0.00 | srch=0.13 | wall=3.09
R3[SITE      ]: L=+0.49 R=+0.33 | carry=0 | base=0.75 ba=-0.88 | site=1 sd=0.02 sa=-0.14 | phero=0 pd=0.00 pa=+0.00 | srch=0.32 | wall=1.88
R4[PHERO     ]: L=+1.00 R=+0.64 | carry=0 | base=0.09 ba=-0.92 | site=0 sd=0.00 sa=+0.00 | phero=1 pd=0.54 pa=-0.01 | srch=0.04 | wall=4.20

[PICKUP] Robot 4 picked up tag (density=4) | Total: 52

======================================================================
Step 23000 (12.3 min) | Pickups: 52 | Deposits: 51 | Rate: 4.16 tags/min | phero_entries=8 phero_max=0.355
======================================================================
R1[SITE      ]: L=+1.00 R=+1.00 | carry=0 | base=0.69 ba=+1.00 | site=1 sd=0.55 sa=+0.30 | phero=0 pd=0.00 pa=+0.00 | srch=0.17 | wall=2.26
R2[EXPLORE   ]: L=+1.00 R=+1.00 | carry=0 | base=0.57 ba=+0.45 | site=0 sd=0.00 sa=+0.00 | phero=0 pd=0.00 pa=+0.00 | srch=0.26 | wall=2.51
R3[EXPLORE   ]: L=+0.30 R=+0.81 | carry=0 | base=0.63 ba=-0.29 | site=0 sd=0.00 sa=+0.00 | phero=0 pd=0.00 pa=+0.00 | srch=0.45 | wall=2.31
R4[RTB       ]: L=+1.00 R=+0.00 | carry=1 | base=0.53 ba=-0.91 | site=0 sd=0.00 sa=+0.00 | phero=0 pd=0.00 pa=+0.00 | srch=0.00 | wall=2.83

[GIVE-UP] R2 giving up after 1381 steps

======================================================================
Step 23500 (12.5 min) | Pickups: 52 | Deposits: 51 | Rate: 4.07 tags/min | phero_entries=7 phero_max=0.160
======================================================================
R1[SITE      ]: L=+1.00 R=+1.00 | carry=0 | base=1.24 ba=+0.97 | site=1 sd=0.49 sa=+0.62 | phero=0 pd=0.00 pa=+0.00 | srch=0.30 | wall=0.49
R2[GIVE_UP   ]: L=+0.99 R=+1.00 | carry=0 | base=0.55 ba=+0.00 | site=0 sd=0.00 sa=+0.00 | phero=0 pd=0.00 pa=+0.00 | srch=0.38 | wall=2.89
R3[EXPLORE   ]: L=+0.78 R=+1.00 | carry=0 | base=0.71 ba=+0.69 | site=0 sd=0.00 sa=+0.00 | phero=0 pd=0.00 pa=+0.00 | srch=0.57 | wall=2.03
R4[RTB       ]: L=+1.00 R=+1.00 | carry=1 | base=0.12 ba=-0.00 | site=0 sd=0.00 sa=+0.00 | phero=0 pd=0.00 pa=+0.00 | srch=0.00 | wall=4.15

[DEPOSIT] Robot 4 deposited! Total: 52
  [PHERO] Laid at (-0.82, -1.64) density=4 prob=0.82 total_entries=8
  [TARGET] Robot 4 → SITE (-0.82,-1.64)
[EMPTY_RTN] R2 → phero(-0.82,-1.64)

======================================================================
Step 24000 (12.8 min) | Pickups: 52 | Deposits: 52 | Rate: 4.06 tags/min | phero_entries=7 phero_max=0.480
======================================================================
R1[SITE      ]: L=+1.00 R=+1.00 | carry=0 | base=0.97 ba=+0.42 | site=1 sd=0.28 sa=-0.21 | phero=0 pd=0.00 pa=+0.00 | srch=0.42 | wall=1.19
R2[BASE_ESC  ]: L=+1.00 R=+0.00 | carry=0 | base=0.06 ba=+0.57 | site=0 sd=0.00 sa=+0.00 | phero=1 pd=0.50 pa=-0.84 | srch=0.02 | wall=4.33
R3[EXPLORE   ]: L=+1.00 R=+1.00 | carry=0 | base=0.84 ba=+0.09 | site=0 sd=0.00 sa=+0.00 | phero=0 pd=0.00 pa=+0.00 | srch=0.70 | wall=2.32
R4[SITE      ]: L=+0.94 R=+1.00 | carry=0 | base=0.42 ba=+0.68 | site=1 sd=0.21 sa=+0.08 | phero=0 pd=0.00 pa=+0.00 | srch=0.11 | wall=3.39

[PICKUP] Robot 4 picked up tag (density=3) | Total: 53

======================================================================
Step 24500 (13.1 min) | Pickups: 53 | Deposits: 52 | Rate: 3.98 tags/min | phero_entries=5 phero_max=0.216
======================================================================
R1[SITE      ]: L=+1.00 R=+0.82 | carry=0 | base=1.15 ba=-0.53 | site=1 sd=0.05 sa=-0.30 | phero=0 pd=0.00 pa=+0.00 | srch=0.55 | wall=0.48
R2[PHERO     ]: L=+0.97 R=+0.95 | carry=0 | base=0.45 ba=-0.78 | site=0 sd=0.00 sa=+0.00 | phero=1 pd=0.10 pa=-0.03 | srch=0.14 | wall=3.02
R3[EXPLORE   ]: L=+1.00 R=+1.00 | carry=0 | base=0.35 ba=+0.24 | site=0 sd=0.00 sa=+0.00 | phero=0 pd=0.00 pa=+0.00 | srch=0.82 | wall=3.37
R4[RTB       ]: L=+1.00 R=+1.00 | carry=1 | base=0.26 ba=+0.00 | site=0 sd=0.00 sa=+0.00 | phero=0 pd=0.00 pa=+0.00 | srch=0.00 | wall=3.68

[PICKUP] Robot 1 picked up tag (density=18) | Total: 54
[PICKUP] Robot 2 picked up tag (density=2) | Total: 55
[DEPOSIT] Robot 4 deposited! Total: 53
  [PHERO] Laid at (-0.92, -1.63) density=3 prob=0.65 total_entries=6
  [TARGET] Robot 4 → SITE (-0.92,-1.63)

======================================================================
Step 25000 (13.3 min) | Pickups: 55 | Deposits: 53 | Rate: 3.97 tags/min | phero_entries=6 phero_max=0.593
======================================================================
R1[RTB       ]: L=+1.00 R=+1.00 | carry=1 | base=0.67 ba=-0.00 | site=0 sd=0.00 sa=+0.00 | phero=0 pd=0.00 pa=+0.00 | srch=0.00 | wall=2.16
R2[RTB       ]: L=+1.00 R=+1.00 | carry=1 | base=0.25 ba=-0.00 | site=0 sd=0.00 sa=+0.00 | phero=0 pd=0.00 pa=+0.00 | srch=0.00 | wall=3.76
R3[EXPLORE   ]: L=+1.00 R=+1.00 | carry=0 | base=0.18 ba=-0.91 | site=0 sd=0.00 sa=+0.00 | phero=0 pd=0.00 pa=+0.00 | srch=0.95 | wall=3.89
R4[SITE      ]: L=+1.00 R=+1.00 | carry=0 | base=0.29 ba=-0.94 | site=1 sd=0.24 sa=+0.01 | phero=0 pd=0.00 pa=+0.00 | srch=0.08 | wall=3.57

[DEPOSIT] Robot 2 deposited! Total: 54
  [PHERO] Laid at (-0.92, -1.71) density=2 prob=0.42 total_entries=7
  [TARGET] Robot 2 → SITE (-0.92,-1.71)

======================================================================
Step 25500 (13.6 min) | Pickups: 55 | Deposits: 54 | Rate: 3.97 tags/min | phero_entries=7 phero_max=0.580
======================================================================
R1[RTB       ]: L=+1.00 R=+1.00 | carry=1 | base=0.12 ba=-0.00 | site=0 sd=0.00 sa=+0.00 | phero=0 pd=0.00 pa=+0.00 | srch=0.00 | wall=4.08
R2[SITE      ]: L=+1.00 R=+1.00 | carry=0 | base=0.32 ba=+1.00 | site=1 sd=0.30 sa=+0.30 | phero=0 pd=0.00 pa=+0.00 | srch=0.09 | wall=3.59
R3[EXPLORE   ]: L=+1.00 R=+1.00 | carry=0 | base=0.38 ba=-0.70 | site=0 sd=0.00 sa=+0.00 | phero=0 pd=0.00 pa=+0.00 | srch=1.00 | wall=3.38
R4[EXPLORE   ]: L=+1.00 R=+1.00 | carry=0 | base=0.83 ba=+0.98 | site=0 sd=0.00 sa=+0.00 | phero=0 pd=0.00 pa=+0.00 | srch=0.21 | wall=1.93

[DEPOSIT] Robot 1 deposited! Total: 55
  [PHERO] Laid at (-0.06, 4.00) density=18 prob=1.00 total_entries=7
  [TARGET] Robot 1 → SITE (-0.06,4.00)
[PICKUP] Robot 1 picked up tag (density=12) | Total: 56
[PICKUP] Robot 2 picked up tag (density=1) | Total: 57

======================================================================
Step 26000 (13.9 min) | Pickups: 57 | Deposits: 55 | Rate: 3.97 tags/min | phero_entries=7 phero_max=0.482
======================================================================
R1[RTB       ]: L=+1.00 R=+0.16 | carry=1 | base=0.36 ba=-0.34 | site=0 sd=0.00 sa=+0.00 | phero=0 pd=0.00 pa=+0.00 | srch=0.00 | wall=3.40
R2[RTB       ]: L=+0.65 R=+1.00 | carry=1 | base=0.60 ba=+0.13 | site=0 sd=0.00 sa=+0.00 | phero=0 pd=0.00 pa=+0.00 | srch=0.00 | wall=2.59
R3[EXPLORE   ]: L=+1.00 R=+1.00 | carry=0 | base=0.47 ba=-0.88 | site=0 sd=0.00 sa=+0.00 | phero=0 pd=0.00 pa=+0.00 | srch=1.00 | wall=2.96
R4[WALL_ESC  ]: L=+0.00 R=+1.00 | carry=0 | base=1.34 ba=+0.60 | site=0 sd=0.00 sa=+0.00 | phero=0 pd=0.00 pa=+0.00 | srch=0.33 | wall=0.32

[DEPOSIT] Robot 1 deposited! Total: 56
  [PHERO] Laid at (0.60, 1.09) density=12 prob=1.00 total_entries=7
  [TARGET] Robot 1 → SITE (0.60,1.09)
[DEPOSIT] Robot 2 deposited! Total: 57
  [TARGET] Robot 2 → SITE (-0.94,-1.94)

======================================================================
Step 26500 (14.1 min) | Pickups: 57 | Deposits: 57 | Rate: 4.03 tags/min | phero_entries=7 phero_max=0.722
======================================================================
R1[SITE      ]: L=+0.95 R=+1.00 | carry=0 | base=0.17 ba=+0.99 | site=1 sd=0.22 sa=+0.27 | phero=0 pd=0.00 pa=+0.00 | srch=0.05 | wall=4.00
R2[BASE_ESC  ]: L=+1.00 R=+0.00 | carry=0 | base=0.07 ba=+0.17 | site=1 sd=0.55 sa=-0.85 | phero=0 pd=0.00 pa=+0.00 | srch=0.00 | wall=4.29
R3[EXPLORE   ]: L=+1.00 R=+1.00 | carry=0 | base=0.76 ba=-0.03 | site=0 sd=0.00 sa=+0.00 | phero=0 pd=0.00 pa=+0.00 | srch=1.00 | wall=2.02
R4[EXPLORE   ]: L=+1.00 R=+1.00 | carry=0 | base=0.87 ba=+0.08 | site=0 sd=0.00 sa=+0.00 | phero=0 pd=0.00 pa=+0.00 | srch=0.46 | wall=1.65

[PICKUP] Robot 1 picked up tag (density=11) | Total: 58

======================================================================
Step 27000 (14.4 min) | Pickups: 58 | Deposits: 57 | Rate: 3.96 tags/min | phero_entries=5 phero_max=0.324
======================================================================
R1[RTB       ]: L=+1.00 R=+1.00 | carry=1 | base=0.09 ba=+0.00 | site=0 sd=0.00 sa=+0.00 | phero=0 pd=0.00 pa=+0.00 | srch=0.00 | wall=4.26
R2[SITE      ]: L=+1.00 R=+0.95 | carry=0 | base=0.47 ba=-0.78 | site=1 sd=0.22 sa=-0.12 | phero=0 pd=0.00 pa=+0.00 | srch=0.13 | wall=2.85
R3[EXPLORE   ]: L=+1.00 R=+1.00 | carry=0 | base=0.22 ba=-0.09 | site=0 sd=0.00 sa=+0.00 | phero=0 pd=0.00 pa=+0.00 | srch=1.00 | wall=3.74
R4[EXPLORE   ]: L=+1.00 R=+1.00 | carry=0 | base=0.35 ba=+0.14 | site=0 sd=0.00 sa=+0.00 | phero=0 pd=0.00 pa=+0.00 | srch=0.58 | wall=3.27

[DEPOSIT] Robot 1 deposited! Total: 58
  [PHERO] Laid at (0.82, 0.88) density=11 prob=1.00 total_entries=6
  [TARGET] Robot 1 → SITE (0.82,0.88)
[GIVE-UP] R3 giving up after 6126 steps
[GIVE-UP] R3 giving up after 6204 steps
[PICKUP] Robot 1 picked up tag (density=10) | Total: 59

======================================================================
Step 27500 (14.7 min) | Pickups: 59 | Deposits: 58 | Rate: 3.95 tags/min | phero_entries=6 phero_max=0.460
======================================================================
R1[RTB       ]: L=+1.00 R=+0.21 | carry=1 | base=0.36 ba=-0.32 | site=0 sd=0.00 sa=+0.00 | phero=0 pd=0.00 pa=+0.00 | srch=0.00 | wall=3.61
R2[EXPLORE   ]: L=+1.00 R=+1.00 | carry=0 | base=0.68 ba=-0.64 | site=0 sd=0.00 sa=+0.00 | phero=0 pd=0.00 pa=+0.00 | srch=0.25 | wall=2.65
R3[GIVE_UP   ]: L=+1.00 R=+0.97 | carry=0 | base=0.11 ba=-0.01 | site=0 sd=0.00 sa=+0.00 | phero=0 pd=0.00 pa=+0.00 | srch=1.00 | wall=4.22
R4[EXPLORE   ]: L=+1.00 R=+1.00 | carry=0 | base=0.29 ba=+0.81 | site=0 sd=0.00 sa=+0.00 | phero=0 pd=0.00 pa=+0.00 | srch=0.71 | wall=3.58

[EMPTY_RTN] R3 → phero(-0.06,4.00)
[PICKUP] Robot 2 picked up tag (density=15) | Total: 60
[DEPOSIT] Robot 1 deposited! Total: 59
  [PHERO] Laid at (0.85, 0.89) density=10 prob=1.00 total_entries=7
  [TARGET] Robot 1 → SITE (0.85,0.89)

======================================================================
Step 28000 (14.9 min) | Pickups: 60 | Deposits: 59 | Rate: 3.95 tags/min | phero_entries=6 phero_max=0.711
======================================================================
R1[SITE      ]: L=+1.00 R=+1.00 | carry=0 | base=0.17 ba=+0.99 | site=1 sd=0.20 sa=+0.19 | phero=0 pd=0.00 pa=+0.00 | srch=0.05 | wall=3.96
R2[RTB       ]: L=+1.00 R=+1.00 | carry=1 | base=0.48 ba=-0.00 | site=0 sd=0.00 sa=+0.00 | phero=0 pd=0.00 pa=+0.00 | srch=0.00 | wall=2.99
R3[PHERO     ]: L=+0.52 R=+0.52 | carry=0 | base=0.15 ba=-0.80 | site=0 sd=0.00 sa=+0.00 | phero=1 pd=1.00 pa=+0.06 | srch=0.12 | wall=4.03
R4[EXPLORE   ]: L=+1.00 R=+0.69 | carry=0 | base=0.33 ba=+0.33 | site=0 sd=0.00 sa=+0.00 | phero=0 pd=0.00 pa=+0.00 | srch=0.83 | wall=3.36

[PICKUP] Robot 1 picked up tag (density=9) | Total: 61
[DEPOSIT] Robot 2 deposited! Total: 60
  [PHERO] Laid at (-2.39, -1.26) density=15 prob=1.00 total_entries=7
  [TARGET] Robot 2 → SITE (-2.39,-1.26)

======================================================================
Step 28500 (15.2 min) | Pickups: 61 | Deposits: 60 | Rate: 3.95 tags/min | phero_entries=7 phero_max=0.815
======================================================================
R1[RTB       ]: L=+1.00 R=+1.00 | carry=1 | base=0.13 ba=+0.00 | site=0 sd=0.00 sa=+0.00 | phero=0 pd=0.00 pa=+0.00 | srch=0.00 | wall=4.15
R2[SITE      ]: L=+0.98 R=+1.00 | carry=0 | base=0.09 ba=-0.93 | site=1 sd=0.69 sa=+0.20 | phero=0 pd=0.00 pa=+0.00 | srch=0.03 | wall=4.19
R3[PHERO     ]: L=+1.00 R=+1.00 | carry=0 | base=0.51 ba=-0.98 | site=0 sd=0.00 sa=+0.00 | phero=1 pd=0.63 pa=+0.05 | srch=0.24 | wall=2.71
R4[EXPLORE   ]: L=+1.00 R=+1.00 | carry=0 | base=0.37 ba=-0.46 | site=0 sd=0.00 sa=+0.00 | phero=0 pd=0.00 pa=+0.00 | srch=0.96 | wall=3.32

[DEPOSIT] Robot 1 deposited! Total: 61
  [PHERO] Laid at (0.92, 0.89) density=9 prob=1.00 total_entries=8
  [TARGET] Robot 1 → SITE (0.92,0.89)
[GIVE-UP] R4 giving up after 3896 steps
[EMPTY_RTN] R4 → phero(-2.39,-1.26)
[PICKUP] Robot 3 picked up tag (density=17) | Total: 62

======================================================================
Step 29000 (15.5 min) | Pickups: 62 | Deposits: 61 | Rate: 3.94 tags/min | phero_entries=7 phero_max=0.492
======================================================================
R1[SITE      ]: L=+0.46 R=+0.48 | carry=0 | base=0.33 ba=-0.65 | site=1 sd=0.11 sa=-0.10 | phero=0 pd=0.00 pa=+0.00 | srch=0.11 | wall=3.48
R2[SITE      ]: L=+1.00 R=+1.00 | carry=0 | base=0.60 ba=+0.93 | site=1 sd=0.18 sa=-0.13 | phero=0 pd=0.00 pa=+0.00 | srch=0.16 | wall=2.70
R3[RTB       ]: L=+0.00 R=+1.00 | carry=1 | base=1.01 ba=+0.54 | site=0 sd=0.00 sa=+0.00 | phero=0 pd=0.00 pa=+0.00 | srch=0.00 | wall=0.98
R4[BASE_ESC  ]: L=+0.42 R=+1.00 | carry=0 | base=0.07 ba=-0.87 | site=0 sd=0.00 sa=+0.00 | phero=1 pd=0.78 pa=-0.44 | srch=0.03 | wall=4.30

[PICKUP] Robot 1 picked up tag (density=8) | Total: 63
[PICKUP] Robot 2 picked up tag (density=14) | Total: 64
[DEPOSIT] Robot 1 deposited! Total: 62
  [PHERO] Laid at (0.60, 1.02) density=8 prob=1.00 total_entries=8
  [TARGET] Robot 1 → SITE (0.60,1.02)

======================================================================
Step 29500 (15.7 min) | Pickups: 64 | Deposits: 62 | Rate: 3.94 tags/min | phero_entries=7 phero_max=0.753
======================================================================
R1[SITE      ]: L=+1.00 R=+1.00 | carry=0 | base=0.14 ba=+1.00 | site=1 sd=0.21 sa=+0.20 | phero=0 pd=0.00 pa=+0.00 | srch=0.04 | wall=4.11
R2[RTB       ]: L=+1.00 R=+1.00 | carry=1 | base=0.55 ba=-0.00 | site=0 sd=0.00 sa=+0.00 | phero=0 pd=0.00 pa=+0.00 | srch=0.00 | wall=2.75
R3[RTB       ]: L=+1.00 R=+1.00 | carry=1 | base=0.52 ba=+0.00 | site=0 sd=0.00 sa=+0.00 | phero=0 pd=0.00 pa=+0.00 | srch=0.00 | wall=2.66
R4[PHERO     ]: L=+1.00 R=+1.00 | carry=0 | base=0.35 ba=-0.92 | site=0 sd=0.00 sa=+0.00 | phero=1 pd=0.44 pa=+0.21 | srch=0.15 | wall=3.33

[PICKUP] Robot 1 picked up tag (density=7) | Total: 65
[PICKUP] Robot 4 picked up tag (density=13) | Total: 66
[DEPOSIT] Robot 3 deposited! Total: 63
  [PHERO] Laid at (0.03, 3.50) density=17 prob=1.00 total_entries=7
  [TARGET] Robot 3 → SITE (0.03,3.50)
[DEPOSIT] Robot 2 deposited! Total: 64
  [PHERO] Laid at (-2.46, -1.25) density=14 prob=1.00 total_entries=8
  [TARGET] Robot 2 → SITE (-2.46,-1.25)

======================================================================
Step 30000 (16.0 min) | Pickups: 66 | Deposits: 64 | Rate: 4.00 tags/min | phero_entries=8 phero_max=0.906
======================================================================
R1[RTB       ]: L=+1.00 R=+1.00 | carry=1 | base=0.21 ba=+0.00 | site=0 sd=0.00 sa=+0.00 | phero=0 pd=0.00 pa=+0.00 | srch=0.00 | wall=3.94
R2[BASE_ESC  ]: L=+0.00 R=+1.00 | carry=0 | base=0.06 ba=-0.56 | site=1 sd=0.73 sa=+0.50 | phero=0 pd=0.00 pa=+0.00 | srch=0.02 | wall=4.29
R3[BASE_ESC  ]: L=+1.00 R=+0.00 | carry=0 | base=0.06 ba=+0.73 | site=1 sd=0.94 sa=-0.34 | phero=0 pd=0.00 pa=+0.00 | srch=0.02 | wall=4.28
R4[RTB       ]: L=+0.71 R=+1.00 | carry=1 | base=0.74 ba=+0.11 | site=0 sd=0.00 sa=+0.00 | phero=0 pd=0.00 pa=+0.00 | srch=0.00 | wall=2.04

[DEPOSIT] Robot 1 deposited! Total: 65
  [PHERO] Laid at (0.96, 0.95) density=7 prob=0.99 total_entries=9
  [TARGET] Robot 1 → SITE (0.96,0.95)

======================================================================
Step 30500 (16.3 min) | Pickups: 66 | Deposits: 65 | Rate: 4.00 tags/min | phero_entries=9 phero_max=0.550
======================================================================
R1[SITE      ]: L=+1.00 R=+0.93 | carry=0 | base=0.33 ba=-0.75 | site=1 sd=0.17 sa=-0.23 | phero=0 pd=0.00 pa=+0.00 | srch=0.09 | wall=3.40
R2[SITE      ]: L=+1.00 R=+1.00 | carry=0 | base=0.56 ba=+0.99 | site=1 sd=0.30 sa=+0.26 | phero=0 pd=0.00 pa=+0.00 | srch=0.14 | wall=2.57
R3[SITE      ]: L=+0.58 R=+0.57 | carry=0 | base=0.48 ba=-0.94 | site=1 sd=0.55 sa=-0.10 | phero=0 pd=0.00 pa=+0.00 | srch=0.15 | wall=2.88
R4[RTB       ]: L=+1.00 R=+1.00 | carry=1 | base=0.19 ba=+0.00 | site=0 sd=0.00 sa=+0.00 | phero=0 pd=0.00 pa=+0.00 | srch=0.00 | wall=3.85

[PICKUP] Robot 1 picked up tag (density=6) | Total: 67
[DEPOSIT] Robot 4 deposited! Total: 66
  [PHERO] Laid at (-2.53, -0.75) density=13 prob=1.00 total_entries=10
  [TARGET] Robot 4 → SITE (-2.53,-0.75)
[DEPOSIT] Robot 1 deposited! Total: 67
  [PHERO] Laid at (0.60, 1.18) density=6 prob=0.97 total_entries=10
  [TARGET] Robot 1 → SITE (0.60,1.18)

======================================================================
Step 31000 (16.5 min) | Pickups: 67 | Deposits: 67 | Rate: 4.05 tags/min | phero_entries=10 phero_max=0.876
======================================================================
R1[BASE_ESC  ]: L=+0.00 R=+1.00 | carry=0 | base=0.06 ba=-0.69 | site=1 sd=0.32 sa=+0.41 | phero=0 pd=0.00 pa=+0.00 | srch=0.02 | wall=4.33
R2[SITE      ]: L=+0.77 R=+1.00 | carry=0 | base=0.84 ba=+0.16 | site=1 sd=0.07 sa=+0.39 | phero=0 pd=0.00 pa=+0.00 | srch=0.27 | wall=1.96
R3[SITE      ]: L=+0.15 R=+0.15 | carry=0 | base=0.78 ba=-0.90 | site=1 sd=0.25 sa=-0.06 | phero=0 pd=0.00 pa=+0.00 | srch=0.27 | wall=1.80
R4[SITE      ]: L=+1.00 R=+1.00 | carry=0 | base=0.34 ba=-0.93 | site=1 sd=0.41 sa=+0.10 | phero=0 pd=0.00 pa=+0.00 | srch=0.10 | wall=3.33

[PICKUP] Robot 2 picked up tag (density=12) | Total: 68
[PICKUP] Robot 1 picked up tag (density=5) | Total: 69
[PICKUP] Robot 4 picked up tag (density=11) | Total: 70

======================================================================
Step 31500 (16.8 min) | Pickups: 70 | Deposits: 67 | Rate: 3.99 tags/min | phero_entries=9 phero_max=0.393
======================================================================
R1[RTB       ]: L=+0.98 R=+1.00 | carry=1 | base=0.32 ba=+0.01 | site=0 sd=0.00 sa=+0.00 | phero=0 pd=0.00 pa=+0.00 | srch=0.00 | wall=3.64
R2[RTB       ]: L=+1.00 R=+1.00 | carry=1 | base=0.43 ba=-0.00 | site=0 sd=0.00 sa=+0.00 | phero=0 pd=0.00 pa=+0.00 | srch=0.00 | wall=3.13
R3[SITE      ]: L=-0.34 R=+0.43 | carry=0 | base=0.93 ba=-0.88 | site=1 sd=0.07 sa=-0.04 | phero=0 pd=0.00 pa=+0.00 | srch=0.40 | wall=1.23
R4[RTB       ]: L=+0.05 R=+1.00 | carry=1 | base=0.79 ba=+0.36 | site=0 sd=0.00 sa=+0.00 | phero=0 pd=0.00 pa=+0.00 | srch=0.00 | wall=1.83

[DEPOSIT] Robot 1 deposited! Total: 68
  [PHERO] Laid at (0.94, 0.96) density=5 prob=0.92 total_entries=10
  [TARGET] Robot 1 → SITE (0.94,0.96)
[DEPOSIT] Robot 2 deposited! Total: 69
  [PHERO] Laid at (-2.37, -1.20) density=12 prob=1.00 total_entries=11
  [TARGET] Robot 2 → SITE (-2.37,-1.20)

======================================================================
Step 32000 (17.1 min) | Pickups: 70 | Deposits: 69 | Rate: 4.04 tags/min | phero_entries=11 phero_max=0.757
======================================================================
R1[SITE      ]: L=+1.00 R=+0.95 | carry=0 | base=0.23 ba=-0.79 | site=1 sd=0.20 sa=-0.09 | phero=0 pd=0.00 pa=+0.00 | srch=0.07 | wall=3.74
R2[SITE      ]: L=+1.00 R=+1.00 | carry=0 | base=0.14 ba=-0.94 | site=1 sd=0.64 sa=+0.24 | phero=0 pd=0.00 pa=+0.00 | srch=0.04 | wall=4.02
R3[SITE      ]: L=+0.18 R=+0.16 | carry=0 | base=0.90 ba=-0.98 | site=1 sd=0.11 sa=-0.12 | phero=0 pd=0.00 pa=+0.00 | srch=0.52 | wall=1.35
R4[RTB       ]: L=+1.00 R=+1.00 | carry=1 | base=0.28 ba=+0.00 | site=0 sd=0.00 sa=+0.00 | phero=0 pd=0.00 pa=+0.00 | srch=0.00 | wall=3.57

[PICKUP] Robot 1 picked up tag (density=4) | Total: 71
[PICKUP] Robot 2 picked up tag (density=12) | Total: 72
[DEPOSIT] Robot 4 deposited! Total: 70
  [PHERO] Laid at (-2.67, -0.76) density=11 prob=1.00 total_entries=11
  [TARGET] Robot 4 → SITE (-2.67,-0.76)
[PICKUP] Robot 3 picked up tag (density=17) | Total: 73
[DEPOSIT] Robot 1 deposited! Total: 71
  [PHERO] Laid at (0.78, 0.96) density=4 prob=0.82 total_entries=12
  [TARGET] Robot 1 → SITE (0.78,0.96)

======================================================================
Step 32500 (17.3 min) | Pickups: 73 | Deposits: 71 | Rate: 4.10 tags/min | phero_entries=12 phero_max=0.984
======================================================================
R1[BASE_ESC  ]: L=+0.00 R=+1.00 | carry=0 | base=0.07 ba=-0.17 | site=1 sd=0.29 sa=+0.87 | phero=0 pd=0.00 pa=+0.00 | srch=0.00 | wall=4.34
R2[RTB       ]: L=+1.00 R=+1.00 | carry=1 | base=0.09 ba=-0.00 | site=0 sd=0.00 sa=+0.00 | phero=0 pd=0.00 pa=+0.00 | srch=0.00 | wall=4.19
R3[RTB       ]: L=+1.00 R=+0.99 | carry=1 | base=0.92 ba=-0.00 | site=0 sd=0.00 sa=+0.00 | phero=0 pd=0.00 pa=+0.00 | srch=0.00 | wall=1.28
R4[SITE      ]: L=+1.00 R=+0.88 | carry=0 | base=0.28 ba=-0.95 | site=1 sd=0.52 sa=-0.06 | phero=0 pd=0.00 pa=+0.00 | srch=0.08 | wall=3.63

[DEPOSIT] Robot 2 deposited! Total: 72
  [PHERO] Laid at (-1.12, 0.11) density=12 prob=1.00 total_entries=13
  [TARGET] Robot 2 → SITE (-1.12,0.11)
[PICKUP] Robot 2 picked up tag (density=11) | Total: 74
[PICKUP] Robot 1 picked up tag (density=3) | Total: 75

======================================================================
Step 33000 (17.6 min) | Pickups: 75 | Deposits: 72 | Rate: 4.09 tags/min | phero_entries=11 phero_max=0.463
======================================================================
R1[RTB       ]: L=+0.46 R=+1.00 | carry=1 | base=0.36 ba=+0.22 | site=0 sd=0.00 sa=+0.00 | phero=0 pd=0.00 pa=+0.00 | srch=0.00 | wall=3.45
R2[RTB       ]: L=+0.79 R=+1.00 | carry=1 | base=0.30 ba=+0.08 | site=0 sd=0.00 sa=+0.00 | phero=0 pd=0.00 pa=+0.00 | srch=0.00 | wall=3.47
R3[RTB       ]: L=+1.00 R=+1.00 | carry=1 | base=0.37 ba=-0.00 | site=0 sd=0.00 sa=+0.00 | phero=0 pd=0.00 pa=+0.00 | srch=0.00 | wall=3.20
R4[SITE      ]: L=+0.27 R=+1.00 | carry=0 | base=0.80 ba=+0.82 | site=1 sd=0.02 sa=+0.41 | phero=0 pd=0.00 pa=+0.00 | srch=0.20 | wall=1.79

[PICKUP] Robot 4 picked up tag (density=10) | Total: 76
[DEPOSIT] Robot 2 deposited! Total: 73
  [PHERO] Laid at (-1.12, 0.19) density=11 prob=1.00 total_entries=12
  [TARGET] Robot 2 → SITE (-1.12,0.19)
[DEPOSIT] Robot 3 deposited! Total: 74
  [PHERO] Laid at (0.05, 3.54) density=17 prob=1.00 total_entries=13
  [TARGET] Robot 3 → SITE (0.05,3.54)
[DEPOSIT] Robot 1 deposited! Total: 75
  [PHERO] Laid at (0.77, 1.04) density=3 prob=0.65 total_entries=14
  [TARGET] Robot 1 → SITE (0.77,1.04)

======================================================================
Step 33500 (17.9 min) | Pickups: 76 | Deposits: 75 | Rate: 4.20 tags/min | phero_entries=14 phero_max=0.700
======================================================================
R1[SITE      ]: L=+1.00 R=+1.00 | carry=0 | base=0.17 ba=+0.93 | site=1 sd=0.24 sa=-0.36 | phero=0 pd=0.00 pa=+0.00 | srch=0.06 | wall=3.90
R2[SITE      ]: L=+1.00 R=+0.93 | carry=0 | base=0.25 ba=-0.82 | site=1 sd=0.13 sa=-0.18 | phero=0 pd=0.00 pa=+0.00 | srch=0.07 | wall=3.65
R3[SITE      ]: L=+1.00 R=+1.00 | carry=0 | base=0.14 ba=+0.94 | site=1 sd=0.87 sa=-0.04 | phero=0 pd=0.00 pa=+0.00 | srch=0.06 | wall=4.02
R4[RTB       ]: L=+1.00 R=+1.00 | carry=1 | base=0.38 ba=+0.00 | site=0 sd=0.00 sa=+0.00 | phero=0 pd=0.00 pa=+0.00 | srch=0.00 | wall=3.23

[PICKUP] Robot 2 picked up tag (density=10) | Total: 77
[DEPOSIT] Robot 4 deposited! Total: 76
  [PHERO] Laid at (-2.66, -0.83) density=10 prob=1.00 total_entries=14
  [TARGET] Robot 4 → SITE (-2.66,-0.83)
[DEPOSIT] Robot 2 deposited! Total: 77
  [PHERO] Laid at (-1.13, 0.21) density=10 prob=1.00 total_entries=15
  [TARGET] Robot 2 → SITE (-1.13,0.21)
[PICKUP] Robot 1 picked up tag (density=2) | Total: 78

======================================================================
Step 34000 (18.1 min) | Pickups: 78 | Deposits: 77 | Rate: 4.25 tags/min | phero_entries=15 phero_max=0.910
======================================================================
R1[RTB       ]: L=+1.00 R=+0.68 | carry=1 | base=0.46 ba=-0.12 | site=0 sd=0.00 sa=+0.00 | phero=0 pd=0.00 pa=+0.00 | srch=0.00 | wall=3.26
R2[BASE_ESC  ]: L=+0.00 R=+1.00 | carry=0 | base=0.06 ba=-0.50 | site=1 sd=0.27 sa=+0.57 | phero=0 pd=0.00 pa=+0.00 | srch=0.01 | wall=4.30
R3[SITE      ]: L=+0.62 R=+0.62 | carry=0 | base=0.65 ba=-0.89 | site=1 sd=0.38 sa=-0.00 | phero=0 pd=0.00 pa=+0.00 | srch=0.18 | wall=2.25
R4[SITE      ]: L=+1.00 R=+0.97 | carry=0 | base=0.17 ba=-0.87 | site=1 sd=0.64 sa=-0.01 | phero=0 pd=0.00 pa=+0.00 | srch=0.05 | wall=4.05

[DEPOSIT] Robot 1 deposited! Total: 78
  [PHERO] Laid at (1.02, 1.32) density=2 prob=0.42 total_entries=14
  [TARGET] Robot 1 → SITE (1.02,1.32)
[PICKUP] Robot 2 picked up tag (density=9) | Total: 79

======================================================================
Step 34500 (18.4 min) | Pickups: 79 | Deposits: 78 | Rate: 4.24 tags/min | phero_entries=13 phero_max=0.798
======================================================================
R1[SITE      ]: L=+1.00 R=+1.00 | carry=0 | base=0.10 ba=-0.92 | site=1 sd=0.39 sa=+0.24 | phero=0 pd=0.00 pa=+0.00 | srch=0.04 | wall=4.19
R2[RTB       ]: L=+0.78 R=+1.00 | carry=1 | base=0.37 ba=+0.08 | site=0 sd=0.00 sa=+0.00 | phero=0 pd=0.00 pa=+0.00 | srch=0.00 | wall=3.25
R3[SITE      ]: L=+0.16 R=+0.15 | carry=0 | base=0.82 ba=-0.94 | site=1 sd=0.20 sa=-0.04 | phero=0 pd=0.00 pa=+0.00 | srch=0.31 | wall=1.64
R4[SITE      ]: L=+1.00 R=+1.00 | carry=0 | base=0.68 ba=-0.96 | site=1 sd=0.12 sa=+0.11 | phero=0 pd=0.00 pa=+0.00 | srch=0.18 | wall=2.22

[PICKUP] Robot 4 picked up tag (density=9) | Total: 80
[DEPOSIT] Robot 2 deposited! Total: 79
  [PHERO] Laid at (-1.32, 0.42) density=9 prob=1.00 total_entries=14
  [TARGET] Robot 2 → SITE (-1.32,0.42)

======================================================================
Step 35000 (18.7 min) | Pickups: 80 | Deposits: 79 | Rate: 4.23 tags/min | phero_entries=13 phero_max=0.695
======================================================================
R1[SITE      ]: L=+0.90 R=+1.00 | carry=0 | base=0.59 ba=+0.66 | site=1 sd=0.21 sa=+0.38 | phero=0 pd=0.00 pa=+0.00 | srch=0.16 | wall=2.77
R2[SITE      ]: L=+1.00 R=+1.00 | carry=0 | base=0.20 ba=+0.96 | site=1 sd=0.25 sa=-0.34 | phero=0 pd=0.00 pa=+0.00 | srch=0.06 | wall=3.83
R3[SITE      ]: L=+0.06 R=+0.07 | carry=0 | base=0.90 ba=-0.94 | site=1 sd=0.12 sa=-0.07 | phero=0 pd=0.00 pa=+0.00 | srch=0.43 | wall=1.36
R4[RTB       ]: L=+1.00 R=+1.00 | carry=1 | base=0.52 ba=+0.00 | site=0 sd=0.00 sa=+0.00 | phero=0 pd=0.00 pa=+0.00 | srch=0.00 | wall=2.77

[PICKUP] Robot 1 picked up tag (density=1) | Total: 81
[DEPOSIT] Robot 4 deposited! Total: 80
  [PHERO] Laid at (-2.66, -0.88) density=9 prob=1.00 total_entries=13
  [TARGET] Robot 4 → SITE (-2.66,-0.88)
[PICKUP] Robot 3 picked up tag (density=16) | Total: 82

======================================================================
Step 35500 (18.9 min) | Pickups: 82 | Deposits: 80 | Rate: 4.23 tags/min | phero_entries=13 phero_max=0.870
======================================================================
R1[RTB       ]: L=+1.00 R=+1.00 | carry=1 | base=0.33 ba=-0.00 | site=0 sd=0.00 sa=+0.00 | phero=0 pd=0.00 pa=+0.00 | srch=0.00 | wall=3.61
R2[SITE      ]: L=+1.00 R=+0.79 | carry=0 | base=0.47 ba=-0.42 | site=1 sd=0.08 sa=-0.51 | phero=0 pd=0.00 pa=+0.00 | srch=0.18 | wall=2.97
R3[RTB       ]: L=+1.00 R=+0.00 | carry=1 | base=1.02 ba=-0.44 | site=0 sd=0.00 sa=+0.00 | phero=0 pd=0.00 pa=+0.00 | srch=0.00 | wall=0.92
R4[BASE_ESC  ]: L=+1.00 R=+0.00 | carry=0 | base=0.06 ba=+0.72 | site=1 sd=0.74 sa=-0.35 | phero=0 pd=0.00 pa=+0.00 | srch=0.02 | wall=4.30

[PICKUP] Robot 2 picked up tag (density=8) | Total: 83
[DEPOSIT] Robot 1 deposited! Total: 81
  [PHERO] Laid at (0.99, 1.30) density=1 prob=0.20 total_entries=14
  [TARGET] Robot 1 → SITE (0.99,1.30)

======================================================================
Step 36000 (19.2 min) | Pickups: 83 | Deposits: 81 | Rate: 4.22 tags/min | phero_entries=14 phero_max=0.659
======================================================================
R1[SITE      ]: L=+1.00 R=+1.00 | carry=0 | base=0.23 ba=+1.00 | site=1 sd=0.26 sa=+0.21 | phero=0 pd=0.00 pa=+0.00 | srch=0.07 | wall=3.81
R2[RTB       ]: L=+1.00 R=+1.00 | carry=1 | base=0.21 ba=+0.00 | site=0 sd=0.00 sa=+0.00 | phero=0 pd=0.00 pa=+0.00 | srch=0.00 | wall=3.77
R3[RTB       ]: L=+1.00 R=+1.00 | carry=1 | base=0.52 ba=-0.00 | site=0 sd=0.00 sa=+0.00 | phero=0 pd=0.00 pa=+0.00 | srch=0.00 | wall=2.68
R4[SITE      ]: L=+1.00 R=+0.99 | carry=0 | base=0.58 ba=-0.90 | site=1 sd=0.23 sa=+0.02 | phero=0 pd=0.00 pa=+0.00 | srch=0.15 | wall=2.64

[PICKUP] Robot 4 picked up tag (density=8) | Total: 84
[DEPOSIT] Robot 2 deposited! Total: 82
  [PHERO] Laid at (-1.29, 0.34) density=8 prob=1.00 total_entries=14
  [TARGET] Robot 2 → SITE (-1.29,0.34)
[DEPOSIT] Robot 3 deposited! Total: 83
  [PHERO] Laid at (0.07, 3.57) density=16 prob=1.00 total_entries=14
  [TARGET] Robot 3 → SITE (0.07,3.57)

======================================================================
Step 36500 (19.5 min) | Pickups: 84 | Deposits: 83 | Rate: 4.26 tags/min | phero_entries=14 phero_max=0.867
======================================================================
R1[EXPLORE   ]: L=+1.00 R=+1.00 | carry=0 | base=0.40 ba=+0.38 | site=0 sd=0.00 sa=+0.00 | phero=0 pd=0.00 pa=+0.00 | srch=0.19 | wall=3.18
R2[SITE      ]: L=+1.00 R=+1.00 | carry=0 | base=0.32 ba=-0.80 | site=1 sd=0.11 sa=-0.14 | phero=0 pd=0.00 pa=+0.00 | srch=0.09 | wall=3.39
R3[BASE_ESC  ]: L=+0.00 R=+1.00 | carry=0 | base=0.06 ba=-0.74 | site=1 sd=0.96 sa=+0.33 | phero=0 pd=0.00 pa=+0.00 | srch=0.02 | wall=4.28
R4[RTB       ]: L=+1.00 R=+1.00 | carry=1 | base=0.38 ba=-0.00 | site=0 sd=0.00 sa=+0.00 | phero=0 pd=0.00 pa=+0.00 | srch=0.00 | wall=3.23

[PICKUP] Robot 2 picked up tag (density=7) | Total: 85
[DEPOSIT] Robot 4 deposited! Total: 84
  [PHERO] Laid at (-2.28, -0.79) density=8 prob=1.00 total_entries=14
  [TARGET] Robot 4 → SITE (-2.28,-0.79)
[DEPOSIT] Robot 2 deposited! Total: 85
  [PHERO] Laid at (-1.21, 0.07) density=7 prob=0.99 total_entries=13
  [TARGET] Robot 2 → SITE (-1.21,0.07)

======================================================================
Step 37000 (19.7 min) | Pickups: 85 | Deposits: 85 | Rate: 4.31 tags/min | phero_entries=13 phero_max=0.819
======================================================================
R1[EXPLORE   ]: L=+1.00 R=+1.00 | carry=0 | base=0.55 ba=+0.76 | site=0 sd=0.00 sa=+0.00 | phero=0 pd=0.00 pa=+0.00 | srch=0.32 | wall=3.06
R2[SITE      ]: L=+1.00 R=+1.00 | carry=0 | base=0.09 ba=-0.92 | site=1 sd=0.27 sa=+0.26 | phero=0 pd=0.00 pa=+0.00 | srch=0.03 | wall=4.22
R3[SITE      ]: L=+0.91 R=+0.91 | carry=0 | base=0.51 ba=-0.94 | site=1 sd=0.52 sa=-0.01 | phero=0 pd=0.00 pa=+0.00 | srch=0.15 | wall=2.73
R4[SITE      ]: L=+0.97 R=+1.00 | carry=0 | base=0.18 ba=-0.98 | site=1 sd=0.54 sa=+0.21 | phero=0 pd=0.00 pa=+0.00 | srch=0.05 | wall=3.88

[PICKUP] Robot 4 picked up tag (density=6) | Total: 86

======================================================================
Step 37500 (20.0 min) | Pickups: 86 | Deposits: 85 | Rate: 4.25 tags/min | phero_entries=13 phero_max=0.368
======================================================================
R1[EXPLORE   ]: L=+1.00 R=+1.00 | carry=0 | base=1.02 ba=+0.88 | site=0 sd=0.00 sa=+0.00 | phero=0 pd=0.00 pa=+0.00 | srch=0.44 | wall=1.14
R2[SITE      ]: L=+0.89 R=+1.00 | carry=0 | base=0.49 ba=+0.48 | site=1 sd=0.14 sa=+0.48 | phero=0 pd=0.00 pa=+0.00 | srch=0.16 | wall=2.79
R3[SITE      ]: L=+0.25 R=+0.25 | carry=0 | base=0.75 ba=-0.98 | site=1 sd=0.28 sa=-0.03 | phero=0 pd=0.00 pa=+0.00 | srch=0.27 | wall=1.89
R4[RTB       ]: L=+1.00 R=+1.00 | carry=1 | base=0.16 ba=+0.00 | site=0 sd=0.00 sa=+0.00 | phero=0 pd=0.00 pa=+0.00 | srch=0.00 | wall=3.95

[DEPOSIT] Robot 4 deposited! Total: 86
  [PHERO] Laid at (-1.33, 0.00) density=6 prob=0.97 total_entries=13
  [TARGET] Robot 4 → SITE (-1.33,0.00)
[PICKUP] Robot 3 picked up tag (density=15) | Total: 87

======================================================================
Step 38000 (20.3 min) | Pickups: 87 | Deposits: 86 | Rate: 4.24 tags/min | phero_entries=11 phero_max=0.510
======================================================================
R1[EXPLORE   ]: L=+1.00 R=+1.00 | carry=0 | base=1.04 ba=+0.13 | site=0 sd=0.00 sa=+0.00 | phero=0 pd=0.00 pa=+0.00 | srch=0.57 | wall=0.93
R2[SITE      ]: L=+0.78 R=+1.00 | carry=0 | base=0.33 ba=+0.97 | site=1 sd=0.04 sa=+0.38 | phero=0 pd=0.00 pa=+0.00 | srch=0.28 | wall=3.35
R3[RTB       ]: L=+0.00 R=+1.00 | carry=1 | base=1.04 ba=+0.41 | site=0 sd=0.00 sa=+0.00 | phero=0 pd=0.00 pa=+0.00 | srch=0.00 | wall=0.87
R4[SITE      ]: L=+0.95 R=+1.00 | carry=0 | base=0.31 ba=+0.93 | site=1 sd=0.07 sa=+0.07 | phero=0 pd=0.00 pa=+0.00 | srch=0.11 | wall=3.41

[PICKUP] Robot 2 picked up tag (density=5) | Total: 88
[PICKUP] Robot 4 picked up tag (density=4) | Total: 89
[DEPOSIT] Robot 2 deposited! Total: 87
  [PHERO] Laid at (-1.20, 0.18) density=5 prob=0.92 total_entries=10
  [TARGET] Robot 2 → SITE (-1.20,0.18)
[DEPOSIT] Robot 4 deposited! Total: 88
  [PHERO] Laid at (-1.38, 0.04) density=4 prob=0.82 total_entries=11
  [TARGET] Robot 4 → SITE (-1.38,0.04)

======================================================================
Step 38500 (20.5 min) | Pickups: 89 | Deposits: 88 | Rate: 4.29 tags/min | phero_entries=11 phero_max=0.989
======================================================================
R1[EXPLORE   ]: L=+1.00 R=+1.00 | carry=0 | base=0.58 ba=+0.25 | site=0 sd=0.00 sa=+0.00 | phero=0 pd=0.00 pa=+0.00 | srch=0.69 | wall=2.50
R2[BASE_ESC  ]: L=+1.00 R=+0.84 | carry=0 | base=0.05 ba=+0.97 | site=1 sd=0.30 sa=-0.21 | phero=0 pd=0.00 pa=+0.00 | srch=0.03 | wall=4.32
R3[RTB       ]: L=+1.00 R=+1.00 | carry=1 | base=0.53 ba=+0.00 | site=0 sd=0.00 sa=+0.00 | phero=0 pd=0.00 pa=+0.00 | srch=0.00 | wall=2.64
R4[BASE_ESC  ]: L=+0.00 R=+1.00 | carry=0 | base=0.07 ba=-0.12 | site=1 sd=0.33 sa=+0.85 | phero=0 pd=0.00 pa=+0.00 | srch=0.00 | wall=4.26

[PICKUP] Robot 2 picked up tag (density=3) | Total: 90
[DEPOSIT] Robot 3 deposited! Total: 89
  [PHERO] Laid at (0.06, 3.60) density=15 prob=1.00 total_entries=11
  [TARGET] Robot 3 → SITE (0.06,3.60)
[PICKUP] Robot 4 picked up tag (density=2) | Total: 91

======================================================================
Step 39000 (20.8 min) | Pickups: 91 | Deposits: 89 | Rate: 4.28 tags/min | phero_entries=11 phero_max=0.878
======================================================================
R1[EXPLORE   ]: L=+1.00 R=+1.00 | carry=0 | base=0.44 ba=+0.60 | site=0 sd=0.00 sa=+0.00 | phero=0 pd=0.00 pa=+0.00 | srch=0.82 | wall=3.02
R2[RTB       ]: L=+1.00 R=+0.99 | carry=1 | base=0.29 ba=-0.00 | site=0 sd=0.00 sa=+0.00 | phero=0 pd=0.00 pa=+0.00 | srch=0.00 | wall=3.52
R3[BASE_ESC  ]: L=+1.00 R=+0.00 | carry=0 | base=0.06 ba=+0.68 | site=1 sd=0.97 sa=-0.39 | phero=0 pd=0.00 pa=+0.00 | srch=0.02 | wall=4.28
R4[RTB       ]: L=+0.32 R=+1.00 | carry=1 | base=0.39 ba=+0.25 | site=0 sd=0.00 sa=+0.00 | phero=0 pd=0.00 pa=+0.00 | srch=0.00 | wall=3.14

[DEPOSIT] Robot 2 deposited! Total: 90
  [PHERO] Laid at (-1.28, 0.22) density=3 prob=0.65 total_entries=11
  [TARGET] Robot 2 → SITE (-1.28,0.22)
[DEPOSIT] Robot 4 deposited! Total: 91
  [PHERO] Laid at (-1.35, 0.19) density=2 prob=0.42 total_entries=12
  [TARGET] Robot 4 → SITE (-1.35,0.19)

======================================================================
Step 39500 (21.1 min) | Pickups: 91 | Deposits: 91 | Rate: 4.32 tags/min | phero_entries=12 phero_max=0.741
======================================================================
R1[EXPLORE   ]: L=+1.00 R=+1.00 | carry=0 | base=0.81 ba=+0.83 | site=0 sd=0.00 sa=+0.00 | phero=0 pd=0.00 pa=+0.00 | srch=0.94 | wall=1.93
R2[SITE      ]: L=+1.00 R=+1.00 | carry=0 | base=0.27 ba=+1.00 | site=1 sd=0.22 sa=+0.46 | phero=0 pd=0.00 pa=+0.00 | srch=0.07 | wall=3.82
R3[SITE      ]: L=+0.83 R=+0.83 | carry=0 | base=0.49 ba=-0.95 | site=1 sd=0.54 sa=+0.07 | phero=0 pd=0.00 pa=+0.00 | srch=0.15 | wall=2.78
R4[SITE      ]: L=+0.86 R=+0.87 | carry=0 | base=0.11 ba=-0.84 | site=1 sd=0.28 sa=+0.12 | phero=0 pd=0.00 pa=+0.00 | srch=0.05 | wall=4.12

[GIVE-UP] R1 giving up after 3892 steps
[PICKUP] Robot 4 picked up tag (density=1) | Total: 92

======================================================================
Step 40000 (21.3 min) | Pickups: 92 | Deposits: 91 | Rate: 4.27 tags/min | phero_entries=11 phero_max=0.333
======================================================================
R1[GIVE_UP   ]: L=+1.00 R=+1.00 | carry=0 | base=0.63 ba=+0.00 | site=0 sd=0.00 sa=+0.00 | phero=0 pd=0.00 pa=+0.00 | srch=1.00 | wall=2.60
R2[SITE      ]: L=+0.88 R=+1.00 | carry=0 | base=0.50 ba=+0.34 | site=1 sd=0.13 sa=+0.39 | phero=0 pd=0.00 pa=+0.00 | srch=0.20 | wall=2.76
R3[SITE      ]: L=+0.54 R=+0.52 | carry=0 | base=0.92 ba=+0.91 | site=1 sd=0.11 sa=-0.05 | phero=0 pd=0.00 pa=+0.00 | srch=0.27 | wall=1.30
R4[RTB       ]: L=+0.97 R=+1.00 | carry=1 | base=0.34 ba=+0.01 | site=0 sd=0.00 sa=+0.00 | phero=0 pd=0.00 pa=+0.00 | srch=0.00 | wall=3.32

[GIVE-UP] R1 giving up after 4360 steps
[PICKUP] Robot 1 picked up tag (density=3) | Total: 93
[DEPOSIT] Robot 4 deposited! Total: 92
  [PHERO] Laid at (-1.37, 0.20) density=1 prob=0.20 total_entries=11
  [TARGET] Robot 4 → PHERO (-1.28,0.22)
[PICKUP] Robot 3 picked up tag (density=14) | Total: 94

======================================================================
Step 40500 (21.6 min) | Pickups: 94 | Deposits: 92 | Rate: 4.26 tags/min | phero_entries=10 phero_max=0.662
======================================================================
R1[RTB       ]: L=+1.00 R=+1.00 | carry=1 | base=0.08 ba=+0.00 | site=0 sd=0.00 sa=+0.00 | phero=0 pd=0.00 pa=+0.00 | srch=0.00 | wall=4.25
R2[EXPLORE   ]: L=+1.00 R=+1.00 | carry=0 | base=0.58 ba=-0.88 | site=0 sd=0.00 sa=+0.00 | phero=0 pd=0.00 pa=+0.00 | srch=0.32 | wall=2.63
R3[RTB       ]: L=+1.00 R=+1.00 | carry=1 | base=0.89 ba=+0.00 | site=0 sd=0.00 sa=+0.00 | phero=0 pd=0.00 pa=+0.00 | srch=0.00 | wall=1.40
R4[PHERO     ]: L=+0.88 R=+0.90 | carry=0 | base=0.18 ba=-0.92 | site=0 sd=0.00 sa=+0.00 | phero=1 pd=0.20 pa=+0.10 | srch=0.06 | wall=3.90

[DEPOSIT] Robot 1 deposited! Total: 93
  [PHERO] Laid at (0.79, -1.33) density=3 prob=0.65 total_entries=11
  [TARGET] Robot 1 → SITE (0.79,-1.33)
[GIVE-UP] R2 giving up after 1535 steps

======================================================================
Step 41000 (21.9 min) | Pickups: 94 | Deposits: 93 | Rate: 4.25 tags/min | phero_entries=10 phero_max=0.457
======================================================================
R1[EXPLORE   ]: L=+1.00 R=+1.00 | carry=0 | base=0.45 ba=-0.86 | site=0 sd=0.00 sa=+0.00 | phero=0 pd=0.00 pa=+0.00 | srch=0.12 | wall=3.13
R2[GIVE_UP   ]: L=+1.00 R=+1.00 | carry=0 | base=0.66 ba=-0.00 | site=0 sd=0.00 sa=+0.00 | phero=0 pd=0.00 pa=+0.00 | srch=0.45 | wall=2.56
R3[RTB       ]: L=+1.00 R=+1.00 | carry=1 | base=0.34 ba=+0.00 | site=0 sd=0.00 sa=+0.00 | phero=0 pd=0.00 pa=+0.00 | srch=0.00 | wall=3.32
R4[EXPLORE   ]: L=+1.00 R=+1.00 | carry=0 | base=0.19 ba=+0.06 | site=0 sd=0.00 sa=+0.00 | phero=0 pd=0.00 pa=+0.00 | srch=0.19 | wall=3.83

[DEPOSIT] Robot 3 deposited! Total: 94
  [PHERO] Laid at (0.00, 3.67) density=14 prob=1.00 total_entries=9
  [TARGET] Robot 3 → SITE (0.00,3.67)

======================================================================
Step 41500 (22.1 min) | Pickups: 94 | Deposits: 94 | Rate: 4.25 tags/min | phero_entries=9 phero_max=0.664
======================================================================
R1[EXPLORE   ]: L=+1.00 R=+1.00 | carry=0 | base=0.98 ba=-0.94 | site=0 sd=0.00 sa=+0.00 | phero=0 pd=0.00 pa=+0.00 | srch=0.25 | wall=1.22
R2[GIVE_UP   ]: L=+1.00 R=+1.00 | carry=0 | base=0.11 ba=-0.00 | site=0 sd=0.00 sa=+0.00 | phero=0 pd=0.00 pa=+0.00 | srch=0.57 | wall=4.18
R3[SITE      ]: L=+1.00 R=+1.00 | carry=0 | base=0.23 ba=+0.97 | site=1 sd=0.85 sa=-0.22 | phero=0 pd=0.00 pa=+0.00 | srch=0.06 | wall=3.79
R4[EXPLORE   ]: L=+1.00 R=+1.00 | carry=0 | base=0.40 ba=+0.97 | site=0 sd=0.00 sa=+0.00 | phero=0 pd=0.00 pa=+0.00 | srch=0.31 | wall=3.40

[EMPTY_RTN] R2 → phero(0.79,-1.33)
[PICKUP] Robot 3 picked up tag (density=12) | Total: 95
[GIVE-UP] R4 giving up after 1676 steps

======================================================================
Step 42000 (22.4 min) | Pickups: 95 | Deposits: 94 | Rate: 4.20 tags/min | phero_entries=8 phero_max=0.298
======================================================================
R1[EXPLORE   ]: L=+1.00 R=+1.00 | carry=0 | base=1.07 ba=-0.14 | site=0 sd=0.00 sa=+0.00 | phero=0 pd=0.00 pa=+0.00 | srch=0.37 | wall=0.83
R2[PHERO     ]: L=+1.00 R=+0.95 | carry=0 | base=0.20 ba=-0.79 | site=0 sd=0.00 sa=+0.00 | phero=1 pd=0.45 pa=-0.37 | srch=0.12 | wall=3.85
R3[RTB       ]: L=+1.00 R=+1.00 | carry=1 | base=0.34 ba=+0.00 | site=0 sd=0.00 sa=+0.00 | phero=0 pd=0.00 pa=+0.00 | srch=0.00 | wall=3.50
R4[GIVE_UP   ]: L=+1.00 R=+0.27 | carry=0 | base=0.85 ba=-0.27 | site=0 sd=0.00 sa=+0.00 | phero=0 pd=0.00 pa=+0.00 | srch=0.44 | wall=2.13

[DEPOSIT] Robot 3 deposited! Total: 95
  [PHERO] Laid at (-0.86, 1.50) density=12 prob=1.00 total_entries=9
  [TARGET] Robot 3 → SITE (-0.86,1.50)

======================================================================
Step 42500 (22.7 min) | Pickups: 95 | Deposits: 95 | Rate: 4.19 tags/min | phero_entries=9 phero_max=0.667
======================================================================
R1[EXPLORE   ]: L=+1.00 R=+1.00 | carry=0 | base=0.61 ba=-0.26 | site=0 sd=0.00 sa=+0.00 | phero=0 pd=0.00 pa=+0.00 | srch=0.50 | wall=2.40
R2[PHERO     ]: L=+1.00 R=+0.91 | carry=0 | base=0.46 ba=-0.53 | site=0 sd=0.00 sa=+0.00 | phero=1 pd=0.08 pa=-0.15 | srch=0.24 | wall=3.25
R3[SITE      ]: L=+1.00 R=+0.96 | carry=0 | base=0.22 ba=+1.00 | site=1 sd=0.32 sa=-0.30 | phero=0 pd=0.00 pa=+0.00 | srch=0.06 | wall=3.81
R4[GIVE_UP   ]: L=+1.00 R=+1.00 | carry=0 | base=0.33 ba=-0.00 | site=0 sd=0.00 sa=+0.00 | phero=0 pd=0.00 pa=+0.00 | srch=0.56 | wall=3.61

[PICKUP] Robot 2 picked up tag (density=2) | Total: 96
[GIVE-UP] R4 giving up after 2456 steps
[EMPTY_RTN] R4 → phero(0.79,-1.33)
[DEPOSIT] Robot 2 deposited! Total: 96
  [PHERO] Laid at (0.79, -1.39) density=2 prob=0.42 total_entries=8
  [TARGET] Robot 2 → SITE (0.79,-1.39)

======================================================================
Step 43000 (22.9 min) | Pickups: 96 | Deposits: 96 | Rate: 4.19 tags/min | phero_entries=8 phero_max=0.943
======================================================================
R1[EXPLORE   ]: L=+1.00 R=+1.00 | carry=0 | base=0.64 ba=-0.79 | site=0 sd=0.00 sa=+0.00 | phero=0 pd=0.00 pa=+0.00 | srch=0.62 | wall=2.65
R2[BASE_ESC  ]: L=+0.00 R=+1.00 | carry=0 | base=0.06 ba=-0.33 | site=1 sd=0.39 sa=+0.70 | phero=0 pd=0.00 pa=+0.00 | srch=0.01 | wall=4.30
R3[EXPLORE   ]: L=+1.00 R=+1.00 | carry=0 | base=0.54 ba=-0.70 | site=0 sd=0.00 sa=+0.00 | phero=0 pd=0.00 pa=+0.00 | srch=0.19 | wall=2.74
R4[PHERO     ]: L=+0.40 R=+0.42 | carry=0 | base=0.14 ba=+0.68 | site=0 sd=0.00 sa=+0.00 | phero=1 pd=0.35 pa=+0.02 | srch=0.07 | wall=4.02

[PICKUP] Robot 1 picked up tag (density=7) | Total: 97
[PICKUP] Robot 2 picked up tag (density=1) | Total: 98

======================================================================
Step 43500 (23.2 min) | Pickups: 98 | Deposits: 96 | Rate: 4.14 tags/min | phero_entries=7 phero_max=0.424
======================================================================
R1[RTB       ]: L=+1.00 R=+1.00 | carry=1 | base=0.54 ba=-0.00 | site=0 sd=0.00 sa=+0.00 | phero=0 pd=0.00 pa=+0.00 | srch=0.00 | wall=2.75
R2[RTB       ]: L=+0.29 R=+1.00 | carry=1 | base=0.39 ba=+0.27 | site=0 sd=0.00 sa=+0.00 | phero=0 pd=0.00 pa=+0.00 | srch=0.00 | wall=3.23
R3[EXPLORE   ]: L=+1.00 R=+1.00 | carry=0 | base=0.98 ba=-0.85 | site=0 sd=0.00 sa=+0.00 | phero=0 pd=0.00 pa=+0.00 | srch=0.31 | wall=1.09
R4[PHERO     ]: L=+1.00 R=+1.00 | carry=0 | base=0.34 ba=+0.97 | site=0 sd=0.00 sa=+0.00 | phero=1 pd=0.12 pa=+0.16 | srch=0.19 | wall=3.40

[PICKUP] Robot 3 picked up tag (density=13) | Total: 99
[DEPOSIT] Robot 2 deposited! Total: 97
  [TARGET] Robot 2 → SITE (0.45,-1.28)
[GIVE-UP] R4 giving up after 1179 steps
[DEPOSIT] Robot 1 deposited! Total: 98
  [PHERO] Laid at (-2.51, -1.23) density=7 prob=0.99 total_entries=6
  [TARGET] Robot 1 → SITE (-2.51,-1.23)

======================================================================
Step 44000 (23.5 min) | Pickups: 99 | Deposits: 98 | Rate: 4.18 tags/min | phero_entries=6 phero_max=0.897
======================================================================
R1[BASE_ESC  ]: L=+0.00 R=+1.00 | carry=0 | base=0.06 ba=-0.56 | site=1 sd=0.74 sa=+0.50 | phero=0 pd=0.00 pa=+0.00 | srch=0.02 | wall=4.29
R2[SITE      ]: L=+1.00 R=+1.00 | carry=0 | base=0.09 ba=+0.92 | site=1 sd=0.30 sa=-0.24 | phero=0 pd=0.00 pa=+0.00 | srch=0.03 | wall=4.25
R3[RTB       ]: L=+1.00 R=+1.00 | carry=1 | base=0.59 ba=-0.00 | site=0 sd=0.00 sa=+0.00 | phero=0 pd=0.00 pa=+0.00 | srch=0.00 | wall=2.46
R4[GIVE_UP   ]: L=+1.00 R=+0.97 | carry=0 | base=0.33 ba=-0.01 | site=0 sd=0.00 sa=+0.00 | phero=0 pd=0.00 pa=+0.00 | srch=0.32 | wall=3.39

[EMPTY_RTN] R4 → phero(-2.51,-1.23)
[DEPOSIT] Robot 3 deposited! Total: 99
  [PHERO] Laid at (0.30, 3.49) density=13 prob=1.00 total_entries=7
  [TARGET] Robot 3 → SITE (0.30,3.49)

======================================================================
Step 44500 (23.7 min) | Pickups: 99 | Deposits: 99 | Rate: 4.17 tags/min | phero_entries=7 phero_max=0.955
======================================================================
R1[SITE      ]: L=+1.00 R=+1.00 | carry=0 | base=0.54 ba=+0.85 | site=1 sd=0.31 sa=+0.10 | phero=0 pd=0.00 pa=+0.00 | srch=0.14 | wall=2.63
R2[SITE      ]: L=+1.00 R=+0.80 | carry=0 | base=0.43 ba=-0.30 | site=1 sd=0.04 sa=-0.15 | phero=0 pd=0.00 pa=+0.00 | srch=0.16 | wall=3.12
R3[BASE_ESC  ]: L=+0.00 R=+1.00 | carry=0 | base=0.06 ba=-0.26 | site=1 sd=0.94 sa=+0.76 | phero=0 pd=0.00 pa=+0.00 | srch=0.01 | wall=4.28
R4[PHERO     ]: L=+0.01 R=+0.00 | carry=0 | base=0.10 ba=-0.75 | site=0 sd=0.00 sa=+0.00 | phero=1 pd=0.71 pa=+0.06 | srch=0.06 | wall=4.21

[PICKUP] Robot 1 picked up tag (density=6) | Total: 100

======================================================================
Step 45000 (24.0 min) | Pickups: 100 | Deposits: 99 | Rate: 4.12 tags/min | phero_entries=5 phero_max=0.429
======================================================================
R1[RTB       ]: L=+1.00 R=+1.00 | carry=1 | base=0.49 ba=+0.00 | site=0 sd=0.00 sa=+0.00 | phero=0 pd=0.00 pa=+0.00 | srch=0.00 | wall=2.88
R2[EXPLORE   ]: L=+1.00 R=+1.00 | carry=0 | base=0.27 ba=-0.71 | site=0 sd=0.00 sa=+0.00 | phero=0 pd=0.00 pa=+0.00 | srch=0.28 | wall=3.59
R3[SITE      ]: L=+0.97 R=+1.00 | carry=0 | base=0.52 ba=+0.94 | site=1 sd=0.52 sa=+0.11 | phero=0 pd=0.00 pa=+0.00 | srch=0.13 | wall=2.79
R4[PHERO     ]: L=+1.00 R=+0.99 | carry=0 | base=0.55 ba=-0.99 | site=0 sd=0.00 sa=+0.00 | phero=1 pd=0.25 pa=+0.01 | srch=0.19 | wall=2.76

[PICKUP] Robot 4 picked up tag (density=5) | Total: 101
[PICKUP] Robot 3 picked up tag (density=4) | Total: 102
[DEPOSIT] Robot 1 deposited! Total: 100
  [PHERO] Laid at (-2.43, -0.75) density=6 prob=0.97 total_entries=6
  [TARGET] Robot 1 → SITE (-2.43,-0.75)

======================================================================
Step 45500 (24.3 min) | Pickups: 102 | Deposits: 100 | Rate: 4.12 tags/min | phero_entries=6 phero_max=0.829
======================================================================
R1[SITE      ]: L=+1.00 R=+1.00 | carry=0 | base=0.08 ba=+0.88 | site=1 sd=0.65 sa=-0.23 | phero=0 pd=0.00 pa=+0.00 | srch=0.03 | wall=4.28
R2[EXPLORE   ]: L=+1.00 R=+1.00 | carry=0 | base=0.74 ba=-0.91 | site=0 sd=0.00 sa=+0.00 | phero=0 pd=0.00 pa=+0.00 | srch=0.41 | wall=2.11
R3[RTB       ]: L=+1.00 R=+1.00 | carry=1 | base=0.49 ba=+0.00 | site=0 sd=0.00 sa=+0.00 | phero=0 pd=0.00 pa=+0.00 | srch=0.00 | wall=2.82
R4[RTB       ]: L=+1.00 R=+1.00 | carry=1 | base=0.50 ba=-0.00 | site=0 sd=0.00 sa=+0.00 | phero=0 pd=0.00 pa=+0.00 | srch=0.00 | wall=2.90

[DEPOSIT] Robot 3 deposited! Total: 101
  [PHERO] Laid at (0.57, 2.43) density=4 prob=0.82 total_entries=6
  [TARGET] Robot 3 → SITE (0.57,2.43)
[DEPOSIT] Robot 4 deposited! Total: 102
  [PHERO] Laid at (-2.32, -1.10) density=5 prob=0.92 total_entries=7
  [TARGET] Robot 4 → SITE (-2.32,-1.10)

======================================================================
Step 46000 (24.5 min) | Pickups: 102 | Deposits: 102 | Rate: 4.16 tags/min | phero_entries=7 phero_max=0.837
======================================================================
R1[SITE      ]: L=+1.00 R=+0.95 | carry=0 | base=0.62 ba=-0.95 | site=1 sd=0.43 sa=-0.47 | phero=0 pd=0.00 pa=+0.00 | srch=0.15 | wall=2.77
R2[EXPLORE   ]: L=+1.00 R=+1.00 | carry=0 | base=1.28 ba=-0.94 | site=0 sd=0.00 sa=+0.00 | phero=0 pd=0.00 pa=+0.00 | srch=0.53 | wall=0.65
R3[SITE      ]: L=+1.00 R=+1.00 | carry=0 | base=0.08 ba=+0.91 | site=1 sd=0.64 sa=-0.21 | phero=0 pd=0.00 pa=+0.00 | srch=0.03 | wall=4.22
R4[SITE      ]: L=+0.56 R=+1.00 | carry=0 | base=0.07 ba=-0.89 | site=1 sd=0.67 sa=+0.22 | phero=0 pd=0.00 pa=+0.00 | srch=0.03 | wall=4.25


======================================================================
Step 46500 (24.8 min) | Pickups: 102 | Deposits: 102 | Rate: 4.11 tags/min | phero_entries=7 phero_max=0.376
======================================================================
R1[SITE      ]: L=+1.00 R=+1.00 | carry=0 | base=1.01 ba=-0.66 | site=1 sd=0.35 sa=-0.49 | phero=0 pd=0.00 pa=+0.00 | srch=0.28 | wall=1.49
R2[EXPLORE   ]: L=+1.00 R=+1.00 | carry=0 | base=1.28 ba=-0.43 | site=0 sd=0.00 sa=+0.00 | phero=0 pd=0.00 pa=+0.00 | srch=0.66 | wall=1.27
R3[SITE      ]: L=+1.00 R=+0.96 | carry=0 | base=0.59 ba=-0.84 | site=1 sd=0.26 sa=-0.25 | phero=0 pd=0.00 pa=+0.00 | srch=0.16 | wall=2.44
R4[SITE      ]: L=+0.97 R=+1.00 | carry=0 | base=0.61 ba=+0.96 | site=1 sd=0.42 sa=+0.46 | phero=0 pd=0.00 pa=+0.00 | srch=0.15 | wall=2.38

[PICKUP] Robot 3 picked up tag (density=3) | Total: 103

======================================================================
Step 47000 (25.1 min) | Pickups: 103 | Deposits: 102 | Rate: 4.07 tags/min | phero_entries=6 phero_max=0.169
======================================================================
R1[SITE      ]: L=+1.00 R=+0.96 | carry=0 | base=1.08 ba=-0.41 | site=1 sd=0.41 sa=-0.54 | phero=0 pd=0.00 pa=+0.00 | srch=0.40 | wall=0.72
R2[WALL_ESC  ]: L=+1.00 R=+0.26 | carry=0 | base=1.27 ba=-0.19 | site=0 sd=0.00 sa=+0.00 | phero=0 pd=0.00 pa=+0.00 | srch=0.78 | wall=0.35
R3[RTB       ]: L=+1.00 R=+1.00 | carry=1 | base=0.54 ba=-0.00 | site=0 sd=0.00 sa=+0.00 | phero=0 pd=0.00 pa=+0.00 | srch=0.00 | wall=2.64
R4[SITE      ]: L=+0.94 R=+1.00 | carry=0 | base=0.98 ba=+0.57 | site=1 sd=0.31 sa=+0.40 | phero=0 pd=0.00 pa=+0.00 | srch=0.28 | wall=1.14

[DEPOSIT] Robot 3 deposited! Total: 103
  [PHERO] Laid at (0.34, 2.64) density=3 prob=0.65 total_entries=6
  [TARGET] Robot 3 → SITE (0.34,2.64)

======================================================================
Step 47500 (25.3 min) | Pickups: 103 | Deposits: 103 | Rate: 4.07 tags/min | phero_entries=6 phero_max=0.890
======================================================================
R1[SITE      ]: L=+1.00 R=+1.00 | carry=0 | base=0.70 ba=-0.05 | site=1 sd=0.39 sa=-0.49 | phero=0 pd=0.00 pa=+0.00 | srch=0.53 | wall=2.14
R2[EXPLORE   ]: L=+1.00 R=+1.00 | carry=0 | base=0.85 ba=-0.24 | site=0 sd=0.00 sa=+0.00 | phero=0 pd=0.00 pa=+0.00 | srch=0.91 | wall=1.54
R3[BASE_ESC  ]: L=+0.00 R=+1.00 | carry=0 | base=0.06 ba=-0.61 | site=1 sd=0.70 sa=+0.45 | phero=0 pd=0.00 pa=+0.00 | srch=0.02 | wall=4.29
R4[SITE      ]: L=+1.00 R=+1.00 | carry=0 | base=0.76 ba=-0.12 | site=1 sd=0.12 sa=+0.29 | phero=0 pd=0.00 pa=+0.00 | srch=0.40 | wall=2.32

[PICKUP] Robot 4 picked up tag (density=4) | Total: 104

======================================================================
Step 48000 (25.6 min) | Pickups: 104 | Deposits: 103 | Rate: 4.02 tags/min | phero_entries=6 phero_max=0.400
======================================================================
R1[SITE      ]: L=+1.00 R=+0.97 | carry=0 | base=0.25 ba=+0.44 | site=1 sd=0.48 sa=-0.63 | phero=0 pd=0.00 pa=+0.00 | srch=0.65 | wall=3.70
R2[EXPLORE   ]: L=+1.00 R=+1.00 | carry=0 | base=0.37 ba=-0.04 | site=0 sd=0.00 sa=+0.00 | phero=0 pd=0.00 pa=+0.00 | srch=1.00 | wall=3.23
R3[SITE      ]: L=+0.99 R=+1.00 | carry=0 | base=0.54 ba=+0.87 | site=1 sd=0.23 sa=+0.02 | phero=0 pd=0.00 pa=+0.00 | srch=0.14 | wall=2.66
R4[RTB       ]: L=+1.00 R=+1.00 | carry=1 | base=0.53 ba=-0.00 | site=0 sd=0.00 sa=+0.00 | phero=0 pd=0.00 pa=+0.00 | srch=0.00 | wall=2.73

[PICKUP] Robot 3 picked up tag (density=2) | Total: 105
[DEPOSIT] Robot 4 deposited! Total: 104
  [PHERO] Laid at (-2.33, -0.91) density=4 prob=0.82 total_entries=6
  [TARGET] Robot 4 → SITE (-2.33,-0.91)

======================================================================
Step 48500 (25.9 min) | Pickups: 105 | Deposits: 104 | Rate: 4.02 tags/min | phero_entries=6 phero_max=0.883
======================================================================
R1[SITE      ]: L=+1.00 R=+0.94 | carry=0 | base=0.63 ba=-0.84 | site=1 sd=0.64 sa=-0.45 | phero=0 pd=0.00 pa=+0.00 | srch=0.78 | wall=2.39
R2[EXPLORE   ]: L=+1.00 R=+1.00 | carry=0 | base=0.22 ba=-0.94 | site=0 sd=0.00 sa=+0.00 | phero=0 pd=0.00 pa=+0.00 | srch=1.00 | wall=3.72
R3[RTB       ]: L=+1.00 R=+1.00 | carry=1 | base=0.58 ba=+0.00 | site=0 sd=0.00 sa=+0.00 | phero=0 pd=0.00 pa=+0.00 | srch=0.00 | wall=2.49
R4[BASE_ESC  ]: L=+0.00 R=+1.00 | carry=0 | base=0.06 ba=-0.66 | site=1 sd=0.65 sa=+0.41 | phero=0 pd=0.00 pa=+0.00 | srch=0.02 | wall=4.28

[DEPOSIT] Robot 3 deposited! Total: 105
  [PHERO] Laid at (0.34, 2.66) density=2 prob=0.42 total_entries=6
  [TARGET] Robot 3 → SITE (0.34,2.66)

======================================================================
Step 49000 (26.1 min) | Pickups: 105 | Deposits: 105 | Rate: 4.02 tags/min | phero_entries=6 phero_max=0.940
======================================================================
R1[SITE      ]: L=+1.00 R=+1.00 | carry=0 | base=0.98 ba=-0.68 | site=1 sd=0.47 sa=-0.43 | phero=0 pd=0.00 pa=+0.00 | srch=0.90 | wall=2.04
R2[EXPLORE   ]: L=+1.00 R=+1.00 | carry=0 | base=0.77 ba=-0.96 | site=0 sd=0.00 sa=+0.00 | phero=0 pd=0.00 pa=+0.00 | srch=1.00 | wall=1.82
R3[BASE_ESC  ]: L=+1.00 R=+0.00 | carry=0 | base=0.06 ba=+0.37 | site=1 sd=0.70 sa=-0.67 | phero=0 pd=0.00 pa=+0.00 | srch=0.01 | wall=4.28
R4[SITE      ]: L=+1.00 R=+1.00 | carry=0 | base=0.58 ba=+0.96 | site=1 sd=0.38 sa=+0.44 | phero=0 pd=0.00 pa=+0.00 | srch=0.14 | wall=2.51


======================================================================
Step 49500 (26.4 min) | Pickups: 105 | Deposits: 105 | Rate: 3.98 tags/min | phero_entries=6 phero_max=0.422
======================================================================
R1[WALL_ESC  ]: L=+1.00 R=+0.00 | carry=0 | base=1.32 ba=-0.36 | site=1 sd=0.61 sa=-0.31 | phero=0 pd=0.00 pa=+0.00 | srch=1.00 | wall=0.33
R2[WALL_ESC  ]: L=+1.00 R=+0.23 | carry=0 | base=1.20 ba=-0.17 | site=0 sd=0.00 sa=+0.00 | phero=0 pd=0.00 pa=+0.00 | srch=1.00 | wall=0.34
R3[SITE      ]: L=+1.00 R=+1.00 | carry=0 | base=0.54 ba=+0.99 | site=1 sd=0.42 sa=-0.42 | phero=0 pd=0.00 pa=+0.00 | srch=0.13 | wall=2.79
R4[SITE      ]: L=+0.83 R=+1.00 | carry=0 | base=1.09 ba=+0.70 | site=1 sd=0.51 sa=+0.51 | phero=0 pd=0.00 pa=+0.00 | srch=0.27 | wall=0.69

[PICKUP] Robot 3 picked up tag (density=11) | Total: 106

======================================================================
Step 50000 (26.7 min) | Pickups: 106 | Deposits: 105 | Rate: 3.94 tags/min | phero_entries=5 phero_max=0.190
======================================================================
R1[SITE      ]: L=+1.00 R=+1.00 | carry=0 | base=0.84 ba=-0.14 | site=1 sd=0.12 sa=-0.20 | phero=0 pd=0.00 pa=+0.00 | srch=1.00 | wall=1.66
R2[EXPLORE   ]: L=+1.00 R=+1.00 | carry=0 | base=0.74 ba=-0.24 | site=0 sd=0.00 sa=+0.00 | phero=0 pd=0.00 pa=+0.00 | srch=1.00 | wall=2.17
R3[RTB       ]: L=+1.00 R=+1.00 | carry=1 | base=0.16 ba=+0.00 | site=0 sd=0.00 sa=+0.00 | phero=0 pd=0.00 pa=+0.00 | srch=0.00 | wall=4.00
R4[SITE      ]: L=+0.96 R=+1.00 | carry=0 | base=0.93 ba=+0.26 | site=1 sd=0.23 sa=+0.32 | phero=0 pd=0.00 pa=+0.00 | srch=0.39 | wall=1.53

[DEPOSIT] Robot 3 deposited! Total: 106
  [PHERO] Laid at (-0.80, 1.77) density=11 prob=1.00 total_entries=6
  [TARGET] Robot 3 → SITE (-0.80,1.77)
[PICKUP] Robot 1 picked up tag (density=3) | Total: 107

======================================================================
Step 50500 (26.9 min) | Pickups: 107 | Deposits: 106 | Rate: 3.94 tags/min | phero_entries=4 phero_max=0.512
======================================================================
R1[RTB       ]: L=+1.00 R=+0.99 | carry=1 | base=0.65 ba=-0.00 | site=0 sd=0.00 sa=+0.00 | phero=0 pd=0.00 pa=+0.00 | srch=0.00 | wall=2.35
R2[EXPLORE   ]: L=+1.00 R=+1.00 | carry=0 | base=0.77 ba=+0.78 | site=0 sd=0.00 sa=+0.00 | phero=0 pd=0.00 pa=+0.00 | srch=1.00 | wall=1.82
R3[SITE      ]: L=+1.00 R=+1.00 | carry=0 | base=0.39 ba=-0.93 | site=1 sd=0.17 sa=-0.05 | phero=0 pd=0.00 pa=+0.00 | srch=0.10 | wall=3.32
R4[EXPLORE   ]: L=+1.00 R=+1.00 | carry=0 | base=0.72 ba=-0.86 | site=0 sd=0.00 sa=+0.00 | phero=0 pd=0.00 pa=+0.00 | srch=0.52 | wall=2.12

[PICKUP] Robot 3 picked up tag (density=10) | Total: 108
[GIVE-UP] R2 giving up after 7065 steps

======================================================================
Step 51000 (27.2 min) | Pickups: 108 | Deposits: 106 | Rate: 3.90 tags/min | phero_entries=4 phero_max=0.230
======================================================================
R1[RTB       ]: L=+1.00 R=+1.00 | carry=1 | base=0.10 ba=-0.00 | site=0 sd=0.00 sa=+0.00 | phero=0 pd=0.00 pa=+0.00 | srch=0.00 | wall=4.16
R2[GIVE_UP   ]: L=+0.11 R=+1.00 | carry=0 | base=1.18 ba=+0.34 | site=0 sd=0.00 sa=+0.00 | phero=0 pd=0.00 pa=+0.00 | srch=1.00 | wall=0.40
R3[RTB       ]: L=+1.00 R=+1.00 | carry=1 | base=0.22 ba=-0.00 | site=0 sd=0.00 sa=+0.00 | phero=0 pd=0.00 pa=+0.00 | srch=0.00 | wall=3.79
R4[WALL_ESC  ]: L=+1.00 R=+0.00 | carry=0 | base=1.21 ba=-0.62 | site=0 sd=0.00 sa=+0.00 | phero=0 pd=0.00 pa=+0.00 | srch=0.64 | wall=0.32

[DEPOSIT] Robot 1 deposited! Total: 107
  [PHERO] Laid at (-2.35, -0.96) density=3 prob=0.65 total_entries=5
  [TARGET] Robot 1 → SITE (-2.35,-0.96)
[DEPOSIT] Robot 3 deposited! Total: 108
  [PHERO] Laid at (-0.83, 1.60) density=10 prob=1.00 total_entries=6
  [TARGET] Robot 3 → SITE (-0.83,1.60)

======================================================================
Step 51500 (27.5 min) | Pickups: 108 | Deposits: 108 | Rate: 3.93 tags/min | phero_entries=6 phero_max=0.560
======================================================================
R1[SITE      ]: L=+1.00 R=+1.00 | carry=0 | base=0.46 ba=-0.99 | site=1 sd=0.40 sa=+0.38 | phero=0 pd=0.00 pa=+0.00 | srch=0.12 | wall=2.90
R2[GIVE_UP   ]: L=+1.00 R=+1.00 | carry=0 | base=0.66 ba=+0.00 | site=0 sd=0.00 sa=+0.00 | phero=0 pd=0.00 pa=+0.00 | srch=1.00 | wall=2.21
R3[SITE      ]: L=+0.96 R=+1.00 | carry=0 | base=0.33 ba=+0.92 | site=1 sd=0.20 sa=+0.11 | phero=0 pd=0.00 pa=+0.00 | srch=0.09 | wall=3.37
R4[EXPLORE   ]: L=+1.00 R=+1.00 | carry=0 | base=0.76 ba=+0.09 | site=0 sd=0.00 sa=+0.00 | phero=0 pd=0.00 pa=+0.00 | srch=0.77 | wall=1.93

[PICKUP] Robot 2 picked up tag (density=2) | Total: 109
[PICKUP] Robot 3 picked up tag (density=9) | Total: 110

======================================================================
Step 52000 (27.7 min) | Pickups: 110 | Deposits: 108 | Rate: 3.89 tags/min | phero_entries=5 phero_max=0.252
======================================================================
R1[SITE      ]: L=+0.99 R=+1.00 | carry=0 | base=1.00 ba=+0.91 | site=1 sd=0.47 sa=+0.67 | phero=0 pd=0.00 pa=+0.00 | srch=0.24 | wall=1.02
R2[RTB       ]: L=+1.00 R=+1.00 | carry=1 | base=0.11 ba=+0.00 | site=0 sd=0.00 sa=+0.00 | phero=0 pd=0.00 pa=+0.00 | srch=0.00 | wall=4.11
R3[RTB       ]: L=+1.00 R=+1.00 | carry=1 | base=0.37 ba=-0.00 | site=0 sd=0.00 sa=+0.00 | phero=0 pd=0.00 pa=+0.00 | srch=0.00 | wall=3.31
R4[EXPLORE   ]: L=+1.00 R=+0.85 | carry=0 | base=0.69 ba=-0.51 | site=0 sd=0.00 sa=+0.00 | phero=0 pd=0.00 pa=+0.00 | srch=0.89 | wall=2.19

[DEPOSIT] Robot 2 deposited! Total: 109
  [TARGET] Robot 2 → PHERO (-2.35,-0.96)
[DEPOSIT] Robot 3 deposited! Total: 110
  [PHERO] Laid at (-0.88, 1.66) density=9 prob=1.00 total_entries=6
  [TARGET] Robot 3 → SITE (-0.88,1.66)

======================================================================
Step 52500 (28.0 min) | Pickups: 110 | Deposits: 110 | Rate: 3.93 tags/min | phero_entries=6 phero_max=0.698
======================================================================
R1[SITE      ]: L=+1.00 R=+1.00 | carry=0 | base=1.18 ba=+0.44 | site=1 sd=0.46 sa=+0.40 | phero=0 pd=0.00 pa=+0.00 | srch=0.37 | wall=0.55
R2[BASE_ESC  ]: L=+1.00 R=+0.00 | carry=0 | base=0.07 ba=+0.68 | site=0 sd=0.00 sa=+0.00 | phero=1 pd=0.78 pa=+0.51 | srch=0.12 | wall=4.30
R3[SITE      ]: L=+0.88 R=+1.00 | carry=0 | base=0.16 ba=+0.89 | site=1 sd=0.37 sa=-0.09 | phero=0 pd=0.00 pa=+0.00 | srch=0.06 | wall=3.98
R4[EXPLORE   ]: L=+1.00 R=+1.00 | carry=0 | base=0.56 ba=-0.29 | site=0 sd=0.00 sa=+0.00 | phero=0 pd=0.00 pa=+0.00 | srch=1.00 | wall=2.57

[PICKUP] Robot 3 picked up tag (density=8) | Total: 111

======================================================================
Step 53000 (28.3 min) | Pickups: 111 | Deposits: 110 | Rate: 3.89 tags/min | phero_entries=5 phero_max=0.313
======================================================================
R1[SITE      ]: L=+1.00 R=+1.00 | carry=0 | base=1.19 ba=+0.55 | site=1 sd=0.58 sa=+0.70 | phero=0 pd=0.00 pa=+0.00 | srch=0.49 | wall=1.50
R2[PHERO     ]: L=+1.00 R=+1.00 | carry=0 | base=0.34 ba=+0.93 | site=0 sd=0.00 sa=+0.00 | phero=1 pd=0.44 pa=+0.17 | srch=0.24 | wall=3.33
R3[RTB       ]: L=+1.00 R=+0.95 | carry=1 | base=0.47 ba=-0.02 | site=0 sd=0.00 sa=+0.00 | phero=0 pd=0.00 pa=+0.00 | srch=0.00 | wall=3.01
R4[EXPLORE   ]: L=+1.00 R=+0.89 | carry=0 | base=0.44 ba=+0.94 | site=0 sd=0.00 sa=+0.00 | phero=0 pd=0.00 pa=+0.00 | srch=1.00 | wall=2.95

[DEPOSIT] Robot 3 deposited! Total: 111
  [PHERO] Laid at (-0.88, 1.58) density=8 prob=1.00 total_entries=5
  [TARGET] Robot 3 → SITE (-0.88,1.58)

======================================================================
Step 53500 (28.5 min) | Pickups: 111 | Deposits: 111 | Rate: 3.89 tags/min | phero_entries=5 phero_max=0.804
======================================================================
R1[SITE      ]: L=+1.00 R=+1.00 | carry=0 | base=0.99 ba=+0.31 | site=1 sd=0.72 sa=+0.57 | phero=0 pd=0.00 pa=+0.00 | srch=0.62 | wall=1.27
R2[PHERO     ]: L=+0.37 R=+1.00 | carry=0 | base=0.82 ba=+0.67 | site=0 sd=0.00 sa=+0.00 | phero=1 pd=0.14 pa=+0.42 | srch=0.37 | wall=1.72
R3[SITE      ]: L=+0.75 R=+1.00 | carry=0 | base=0.08 ba=+0.95 | site=1 sd=0.44 sa=+0.07 | phero=0 pd=0.00 pa=+0.00 | srch=0.03 | wall=4.22
R4[EXPLORE   ]: L=+1.00 R=+1.00 | carry=0 | base=0.85 ba=-0.24 | site=0 sd=0.00 sa=+0.00 | phero=0 pd=0.00 pa=+0.00 | srch=1.00 | wall=1.53

[PICKUP] Robot 2 picked up tag (density=2) | Total: 112
[PICKUP] Robot 1 picked up tag (density=11) | Total: 113
[PICKUP] Robot 3 picked up tag (density=7) | Total: 114

======================================================================
Step 54000 (28.8 min) | Pickups: 114 | Deposits: 111 | Rate: 3.85 tags/min | phero_entries=5 phero_max=0.361
======================================================================
R1[RTB       ]: L=+1.00 R=+1.00 | carry=1 | base=0.55 ba=+0.00 | site=0 sd=0.00 sa=+0.00 | phero=0 pd=0.00 pa=+0.00 | srch=0.00 | wall=2.61
R2[RTB       ]: L=+1.00 R=+1.00 | carry=1 | base=0.40 ba=+0.00 | site=0 sd=0.00 sa=+0.00 | phero=0 pd=0.00 pa=+0.00 | srch=0.00 | wall=3.21
R3[RTB       ]: L=+0.03 R=+1.00 | carry=1 | base=0.55 ba=+0.36 | site=0 sd=0.00 sa=+0.00 | phero=0 pd=0.00 pa=+0.00 | srch=0.00 | wall=2.85
R4[EXPLORE   ]: L=+1.00 R=+1.00 | carry=0 | base=0.38 ba=+0.21 | site=0 sd=0.00 sa=+0.00 | phero=0 pd=0.00 pa=+0.00 | srch=1.00 | wall=3.17

[DEPOSIT] Robot 2 deposited! Total: 112
  [TARGET] Robot 2 → SITE (-2.71,-0.94)
[GIVE-UP] R4 giving up after 5953 steps
[DEPOSIT] Robot 1 deposited! Total: 113
  [PHERO] Laid at (-0.71, -3.10) density=11 prob=1.00 total_entries=5
  [TARGET] Robot 1 → SITE (-0.71,-3.10)
[DEPOSIT] Robot 3 deposited! Total: 114
  [PHERO] Laid at (-0.93, 1.65) density=7 prob=0.99 total_entries=6
  [TARGET] Robot 3 → SITE (-0.93,1.65)

======================================================================
Step 54500 (29.1 min) | Pickups: 114 | Deposits: 114 | Rate: 3.92 tags/min | phero_entries=6 phero_max=0.949
======================================================================
R1[BASE_ESC  ]: L=+1.00 R=+0.00 | carry=0 | base=0.06 ba=+0.39 | site=1 sd=0.85 sa=-0.66 | phero=0 pd=0.00 pa=+0.00 | srch=0.01 | wall=4.28
R2[SITE      ]: L=+1.00 R=+1.00 | carry=0 | base=0.17 ba=+0.95 | site=1 sd=0.67 sa=-0.25 | phero=0 pd=0.00 pa=+0.00 | srch=0.05 | wall=4.06
R3[BASE_ESC  ]: L=+1.00 R=+0.00 | carry=0 | base=0.06 ba=+0.32 | site=1 sd=0.48 sa=-0.72 | phero=0 pd=0.00 pa=+0.00 | srch=0.01 | wall=4.32
R4[GIVE_UP   ]: L=+0.97 R=+1.00 | carry=0 | base=0.09 ba=+0.01 | site=0 sd=0.00 sa=+0.00 | phero=0 pd=0.00 pa=+0.00 | srch=1.00 | wall=4.18

[EMPTY_RTN] R4 → phero(-0.71,-3.10)

======================================================================
Step 55000 (29.3 min) | Pickups: 114 | Deposits: 114 | Rate: 3.89 tags/min | phero_entries=6 phero_max=0.426
======================================================================
R1[SITE      ]: L=+1.00 R=+0.99 | carry=0 | base=0.50 ba=-0.86 | site=1 sd=0.43 sa=+0.01 | phero=0 pd=0.00 pa=+0.00 | srch=0.14 | wall=2.76
R2[SITE      ]: L=+1.00 R=+0.97 | carry=0 | base=0.69 ba=-0.83 | site=1 sd=0.34 sa=-0.27 | phero=0 pd=0.00 pa=+0.00 | srch=0.18 | wall=2.73
R3[SITE      ]: L=+1.00 R=+0.92 | carry=0 | base=0.50 ba=-0.77 | site=1 sd=0.11 sa=-0.19 | phero=0 pd=0.00 pa=+0.00 | srch=0.13 | wall=3.17
R4[PHERO     ]: L=+0.70 R=+0.70 | carry=0 | base=0.39 ba=-0.92 | site=0 sd=0.00 sa=+0.00 | phero=1 pd=0.52 pa=+0.05 | srch=0.12 | wall=3.17

[PICKUP] Robot 3 picked up tag (density=6) | Total: 115

======================================================================
Step 55500 (29.6 min) | Pickups: 115 | Deposits: 114 | Rate: 3.85 tags/min | phero_entries=4 phero_max=0.192
======================================================================
R1[EXPLORE   ]: L=+1.00 R=+1.00 | carry=0 | base=0.99 ba=+1.00 | site=0 sd=0.00 sa=+0.00 | phero=0 pd=0.00 pa=+0.00 | srch=0.26 | wall=1.12
R2[SITE      ]: L=+1.00 R=+0.30 | carry=0 | base=0.81 ba=+0.25 | site=1 sd=0.02 sa=-0.49 | phero=0 pd=0.00 pa=+0.00 | srch=0.30 | wall=1.82
R3[RTB       ]: L=+1.00 R=+1.00 | carry=1 | base=0.12 ba=-0.00 | site=0 sd=0.00 sa=+0.00 | phero=0 pd=0.00 pa=+0.00 | srch=0.00 | wall=4.16
R4[PHERO     ]: L=+0.10 R=+0.11 | carry=0 | base=0.64 ba=-0.97 | site=0 sd=0.00 sa=+0.00 | phero=1 pd=0.27 pa=+0.06 | srch=0.24 | wall=2.34

[DEPOSIT] Robot 3 deposited! Total: 115
  [PHERO] Laid at (-1.14, 1.47) density=6 prob=0.97 total_entries=5
  [TARGET] Robot 3 → SITE (-1.14,1.47)
[PICKUP] Robot 2 picked up tag (density=1) | Total: 116

======================================================================
Step 56000 (29.9 min) | Pickups: 116 | Deposits: 115 | Rate: 3.85 tags/min | phero_entries=5 phero_max=0.481
======================================================================
R1[EXPLORE   ]: L=+1.00 R=+1.00 | carry=0 | base=1.03 ba=+0.10 | site=0 sd=0.00 sa=+0.00 | phero=0 pd=0.00 pa=+0.00 | srch=0.39 | wall=0.94
R2[RTB       ]: L=+1.00 R=+1.00 | carry=1 | base=0.44 ba=+0.00 | site=0 sd=0.00 sa=+0.00 | phero=0 pd=0.00 pa=+0.00 | srch=0.00 | wall=3.08
R3[SITE      ]: L=+0.97 R=+1.00 | carry=0 | base=0.42 ba=+0.96 | site=1 sd=0.11 sa=-0.09 | phero=0 pd=0.00 pa=+0.00 | srch=0.11 | wall=3.36
R4[PHERO     ]: L=+0.37 R=+1.00 | carry=0 | base=0.93 ba=+0.39 | site=0 sd=0.00 sa=+0.00 | phero=1 pd=0.02 pa=+0.39 | srch=0.37 | wall=1.33

[PICKUP] Robot 4 picked up tag (density=10) | Total: 117
[PICKUP] Robot 1 picked up tag (density=21) | Total: 118
[PICKUP] Robot 3 picked up tag (density=5) | Total: 119
[DEPOSIT] Robot 2 deposited! Total: 116
  [TARGET] Robot 2 → SITE (-2.65,-0.95)

======================================================================
Step 56500 (30.1 min) | Pickups: 119 | Deposits: 116 | Rate: 3.85 tags/min | phero_entries=5 phero_max=0.216
======================================================================
R1[RTB       ]: L=+1.00 R=+1.00 | carry=1 | base=0.49 ba=+0.00 | site=0 sd=0.00 sa=+0.00 | phero=0 pd=0.00 pa=+0.00 | srch=0.00 | wall=2.81
R2[SITE      ]: L=+1.00 R=+1.00 | carry=0 | base=0.13 ba=+0.95 | site=1 sd=0.69 sa=-0.21 | phero=0 pd=0.00 pa=+0.00 | srch=0.04 | wall=4.17
R3[RTB       ]: L=+1.00 R=+1.00 | carry=1 | base=0.37 ba=-0.00 | site=0 sd=0.00 sa=+0.00 | phero=0 pd=0.00 pa=+0.00 | srch=0.00 | wall=3.44
R4[RTB       ]: L=+1.00 R=+1.00 | carry=1 | base=0.42 ba=+0.00 | site=0 sd=0.00 sa=+0.00 | phero=0 pd=0.00 pa=+0.00 | srch=0.00 | wall=3.07

[DEPOSIT] Robot 3 deposited! Total: 117
  [PHERO] Laid at (-1.17, 1.49) density=5 prob=0.92 total_entries=5
  [TARGET] Robot 3 → SITE (-1.17,1.49)
[DEPOSIT] Robot 4 deposited! Total: 118
  [PHERO] Laid at (-0.70, -3.17) density=10 prob=1.00 total_entries=6
  [TARGET] Robot 4 → SITE (-0.70,-3.17)
[DEPOSIT] Robot 1 deposited! Total: 119
  [PHERO] Laid at (-0.48, -3.43) density=21 prob=1.00 total_entries=7
  [TARGET] Robot 1 → SITE (-0.48,-3.43)

======================================================================
Step 57000 (30.4 min) | Pickups: 119 | Deposits: 119 | Rate: 3.91 tags/min | phero_entries=7 phero_max=0.837
======================================================================
R1[SITE      ]: L=+1.00 R=+1.00 | carry=0 | base=0.08 ba=-0.83 | site=1 sd=0.92 sa=+0.25 | phero=0 pd=0.00 pa=+0.00 | srch=0.03 | wall=4.25
R2[SITE      ]: L=+1.00 R=+1.00 | carry=0 | base=0.59 ba=-0.81 | site=1 sd=0.23 sa=+0.04 | phero=0 pd=0.00 pa=+0.00 | srch=0.17 | wall=2.65
R3[SITE      ]: L=+1.00 R=+1.00 | carry=0 | base=0.17 ba=+0.91 | site=1 sd=0.37 sa=-0.07 | phero=0 pd=0.00 pa=+0.00 | srch=0.06 | wall=4.03
R4[SITE      ]: L=+1.00 R=+1.00 | carry=0 | base=0.12 ba=+0.99 | site=1 sd=0.81 sa=-0.14 | phero=0 pd=0.00 pa=+0.00 | srch=0.05 | wall=4.07

[GIVE-UP] R2 giving up after 1103 steps

======================================================================
Step 57500 (30.7 min) | Pickups: 119 | Deposits: 119 | Rate: 3.88 tags/min | phero_entries=7 phero_max=0.376
======================================================================
R1[SITE      ]: L=+1.00 R=+1.00 | carry=0 | base=0.62 ba=+1.00 | site=1 sd=0.64 sa=+0.42 | phero=0 pd=0.00 pa=+0.00 | srch=0.15 | wall=2.94
R2[GIVE_UP   ]: L=+0.00 R=+1.00 | carry=0 | base=1.06 ba=+0.48 | site=0 sd=0.00 sa=+0.00 | phero=0 pd=0.00 pa=+0.00 | srch=0.29 | wall=1.03
R3[EXPLORE   ]: L=+0.91 R=+1.00 | carry=0 | base=0.53 ba=-0.80 | site=0 sd=0.00 sa=+0.00 | phero=0 pd=0.00 pa=+0.00 | srch=0.18 | wall=3.04
R4[SITE      ]: L=+0.90 R=+1.00 | carry=0 | base=0.63 ba=-0.79 | site=1 sd=0.31 sa=+0.08 | phero=0 pd=0.00 pa=+0.00 | srch=0.17 | wall=2.30

[PICKUP] Robot 3 picked up tag (density=4) | Total: 120
[GIVE-UP] R4 giving up after 1136 steps

======================================================================
Step 58000 (30.9 min) | Pickups: 120 | Deposits: 119 | Rate: 3.85 tags/min | phero_entries=6 phero_max=0.169
======================================================================
R1[SITE      ]: L=+1.00 R=+1.00 | carry=0 | base=1.16 ba=+1.00 | site=1 sd=0.73 sa=+0.68 | phero=0 pd=0.00 pa=+0.00 | srch=0.28 | wall=1.55
R2[GIVE_UP   ]: L=+1.00 R=+1.00 | carry=0 | base=0.56 ba=+0.00 | site=0 sd=0.00 sa=+0.00 | phero=0 pd=0.00 pa=+0.00 | srch=0.42 | wall=2.67
R3[RTB       ]: L=+1.00 R=+1.00 | carry=1 | base=0.14 ba=-0.00 | site=0 sd=0.00 sa=+0.00 | phero=0 pd=0.00 pa=+0.00 | srch=0.00 | wall=4.09
R4[GIVE_UP   ]: L=+1.00 R=+0.00 | carry=0 | base=1.07 ba=-0.43 | site=0 sd=0.00 sa=+0.00 | phero=0 pd=0.00 pa=+0.00 | srch=0.30 | wall=0.87

[DEPOSIT] Robot 3 deposited! Total: 120
  [PHERO] Laid at (-1.19, 1.55) density=4 prob=0.82 total_entries=7
  [TARGET] Robot 3 → SITE (-1.19,1.55)
[EMPTY_RTN] R2 → phero(-0.48,-3.43)

======================================================================
Step 58500 (31.2 min) | Pickups: 120 | Deposits: 120 | Rate: 3.85 tags/min | phero_entries=7 phero_max=0.498
======================================================================
R1[WALL_ESC  ]: L=+0.00 R=+1.00 | carry=0 | base=1.68 ba=+0.63 | site=1 sd=1.00 sa=+0.44 | phero=0 pd=0.00 pa=+0.00 | srch=0.40 | wall=0.32
R2[BASE_ESC  ]: L=+1.00 R=+0.00 | carry=0 | base=0.06 ba=+0.47 | site=0 sd=0.00 sa=+0.00 | phero=1 pd=0.96 pa=-0.20 | srch=0.01 | wall=4.30
R3[SITE      ]: L=+0.87 R=+1.00 | carry=0 | base=0.41 ba=+0.88 | site=1 sd=0.16 sa=+0.08 | phero=0 pd=0.00 pa=+0.00 | srch=0.11 | wall=3.22
R4[GIVE_UP   ]: L=+1.00 R=+1.00 | carry=0 | base=0.57 ba=-0.00 | site=0 sd=0.00 sa=+0.00 | phero=0 pd=0.00 pa=+0.00 | srch=0.42 | wall=2.60

[EMPTY_RTN] R4 → phero(-1.19,1.55)
[PICKUP] Robot 3 picked up tag (density=16) | Total: 121

======================================================================
Step 59000 (31.5 min) | Pickups: 121 | Deposits: 120 | Rate: 3.81 tags/min | phero_entries=5 phero_max=0.224
======================================================================
R1[SITE      ]: L=+1.00 R=+1.00 | carry=0 | base=1.21 ba=+0.03 | site=1 sd=0.68 sa=-0.27 | phero=0 pd=0.00 pa=+0.00 | srch=0.53 | wall=1.37
R2[PHERO     ]: L=+1.00 R=+1.00 | carry=0 | base=0.53 ba=+0.90 | site=0 sd=0.00 sa=+0.00 | phero=1 pd=0.49 pa=+0.05 | srch=0.14 | wall=2.77
R3[RTB       ]: L=+0.00 R=+1.00 | carry=1 | base=0.87 ba=+0.54 | site=0 sd=0.00 sa=+0.00 | phero=0 pd=0.00 pa=+0.00 | srch=0.00 | wall=2.21
R4[BASE_ESC  ]: L=+0.00 R=+1.00 | carry=0 | base=0.06 ba=-0.42 | site=0 sd=0.00 sa=+0.00 | phero=1 pd=0.59 pa=-0.12 | srch=0.01 | wall=4.29


======================================================================
Step 59500 (31.7 min) | Pickups: 121 | Deposits: 120 | Rate: 3.78 tags/min | phero_entries=5 phero_max=0.100
======================================================================
R1[SITE      ]: L=+1.00 R=+0.93 | carry=0 | base=0.73 ba=+0.38 | site=1 sd=0.42 sa=-0.27 | phero=0 pd=0.00 pa=+0.00 | srch=0.65 | wall=2.30
R2[EXPLORE   ]: L=+1.00 R=+1.00 | carry=0 | base=1.00 ba=+0.60 | site=0 sd=0.00 sa=+0.00 | phero=0 pd=0.00 pa=+0.00 | srch=0.26 | wall=1.02
R3[RTB       ]: L=+1.00 R=+1.00 | carry=1 | base=0.38 ba=+0.00 | site=0 sd=0.00 sa=+0.00 | phero=0 pd=0.00 pa=+0.00 | srch=0.00 | wall=3.46
R4[PHERO     ]: L=+1.00 R=+1.00 | carry=0 | base=0.32 ba=-0.92 | site=0 sd=0.00 sa=+0.00 | phero=1 pd=0.25 pa=+0.18 | srch=0.14 | wall=3.53

[PICKUP] Robot 2 picked up tag (density=27) | Total: 122
[DEPOSIT] Robot 3 deposited! Total: 121
  [PHERO] Laid at (-2.26, 2.00) density=16 prob=1.00 total_entries=6
  [TARGET] Robot 3 → SITE (-2.26,2.00)

======================================================================
Step 60000 (32.0 min) | Pickups: 122 | Deposits: 121 | Rate: 3.78 tags/min | phero_entries=5 phero_max=0.708
======================================================================
R1[SITE      ]: L=+1.00 R=+0.93 | carry=0 | base=0.88 ba=+0.84 | site=1 sd=0.24 sa=-0.55 | phero=0 pd=0.00 pa=+0.00 | srch=0.78 | wall=1.43
R2[RTB       ]: L=+1.00 R=+1.00 | carry=1 | base=0.56 ba=-0.00 | site=0 sd=0.00 sa=+0.00 | phero=0 pd=0.00 pa=+0.00 | srch=0.00 | wall=2.54
R3[SITE      ]: L=+1.00 R=+1.00 | carry=0 | base=0.19 ba=+0.96 | site=1 sd=0.70 sa=-0.25 | phero=0 pd=0.00 pa=+0.00 | srch=0.05 | wall=3.87
R4[PHERO     ]: L=+0.92 R=+1.00 | carry=0 | base=0.75 ba=+0.59 | site=0 sd=0.00 sa=+0.00 | phero=1 pd=0.20 pa=+0.63 | srch=0.26 | wall=2.48

[PICKUP] Robot 1 picked up tag (density=19) | Total: 123
[DEPOSIT] Robot 2 deposited! Total: 122
  [PHERO] Laid at (-0.38, -3.51) density=27 prob=1.00 total_entries=6
  [TARGET] Robot 2 → SITE (-0.38,-3.51)

======================================================================
Step 60500 (32.3 min) | Pickups: 123 | Deposits: 122 | Rate: 3.78 tags/min | phero_entries=6 phero_max=0.920
======================================================================
R1[RTB       ]: L=+1.00 R=+1.00 | carry=1 | base=0.93 ba=-0.00 | site=0 sd=0.00 sa=+0.00 | phero=0 pd=0.00 pa=+0.00 | srch=0.00 | wall=1.26
R2[BASE_ESC  ]: L=+0.00 R=+1.00 | carry=0 | base=0.06 ba=-0.47 | site=1 sd=0.95 sa=+0.55 | phero=0 pd=0.00 pa=+0.00 | srch=0.01 | wall=4.28
R3[SITE      ]: L=+1.00 R=+1.00 | carry=0 | base=0.68 ba=-0.73 | site=1 sd=0.34 sa=-0.11 | phero=0 pd=0.00 pa=+0.00 | srch=0.18 | wall=2.27
R4[PHERO     ]: L=+0.79 R=+0.83 | carry=0 | base=0.52 ba=-0.54 | site=0 sd=0.00 sa=+0.00 | phero=1 pd=0.10 pa=+0.03 | srch=0.39 | wall=3.14

[PICKUP] Robot 4 picked up tag (density=3) | Total: 124
[PICKUP] Robot 3 picked up tag (density=15) | Total: 125

======================================================================
Step 61000 (32.5 min) | Pickups: 125 | Deposits: 122 | Rate: 3.75 tags/min | phero_entries=6 phero_max=0.413
======================================================================
R1[RTB       ]: L=+1.00 R=+1.00 | carry=1 | base=0.38 ba=-0.00 | site=0 sd=0.00 sa=+0.00 | phero=0 pd=0.00 pa=+0.00 | srch=0.00 | wall=3.18
R2[SITE      ]: L=+1.00 R=+1.00 | carry=0 | base=0.55 ba=+1.00 | site=1 sd=0.62 sa=+0.34 | phero=0 pd=0.00 pa=+0.00 | srch=0.14 | wall=2.99
R3[RTB       ]: L=+1.00 R=+1.00 | carry=1 | base=0.65 ba=-0.00 | site=0 sd=0.00 sa=+0.00 | phero=0 pd=0.00 pa=+0.00 | srch=0.00 | wall=2.71
R4[RTB       ]: L=+1.00 R=+1.00 | carry=1 | base=0.21 ba=-0.00 | site=0 sd=0.00 sa=+0.00 | phero=0 pd=0.00 pa=+0.00 | srch=0.00 | wall=3.88

[DEPOSIT] Robot 4 deposited! Total: 123
  [TARGET] Robot 4 → SITE (-1.17,1.57)
[DEPOSIT] Robot 1 deposited! Total: 124
  [PHERO] Laid at (0.07, -3.88) density=19 prob=1.00 total_entries=4
  [TARGET] Robot 1 → SITE (0.07,-3.88)

======================================================================
Step 61500 (32.8 min) | Pickups: 125 | Deposits: 124 | Rate: 3.78 tags/min | phero_entries=4 phero_max=0.702
======================================================================
R1[SITE      ]: L=+1.00 R=+1.00 | carry=0 | base=0.19 ba=-0.96 | site=1 sd=0.94 sa=+0.22 | phero=0 pd=0.00 pa=+0.00 | srch=0.06 | wall=3.91
R2[SITE      ]: L=+0.94 R=+1.00 | carry=0 | base=0.98 ba=+0.70 | site=1 sd=0.22 sa=+0.20 | phero=0 pd=0.00 pa=+0.00 | srch=0.26 | wall=1.24
R3[RTB       ]: L=+1.00 R=+1.00 | carry=1 | base=0.10 ba=-0.00 | site=0 sd=0.00 sa=+0.00 | phero=0 pd=0.00 pa=+0.00 | srch=0.00 | wall=4.23
R4[SITE      ]: L=+0.95 R=+1.00 | carry=0 | base=0.35 ba=+0.97 | site=1 sd=0.24 sa=+0.18 | phero=0 pd=0.00 pa=+0.00 | srch=0.09 | wall=3.35

[DEPOSIT] Robot 3 deposited! Total: 125
  [PHERO] Laid at (-2.40, 1.71) density=15 prob=1.00 total_entries=5
  [TARGET] Robot 3 → SITE (-2.40,1.71)

======================================================================
Step 62000 (33.1 min) | Pickups: 125 | Deposits: 125 | Rate: 3.78 tags/min | phero_entries=5 phero_max=0.467
======================================================================
R1[SITE      ]: L=+1.00 R=+1.00 | carry=0 | base=0.74 ba=-0.99 | site=1 sd=0.60 sa=+0.39 | phero=0 pd=0.00 pa=+0.00 | srch=0.18 | wall=2.25
R2[EXPLORE   ]: L=+1.00 R=+1.00 | carry=0 | base=0.85 ba=+0.31 | site=0 sd=0.00 sa=+0.00 | phero=0 pd=0.00 pa=+0.00 | srch=0.39 | wall=1.53
R3[SITE      ]: L=+0.99 R=+1.00 | carry=0 | base=0.45 ba=+0.97 | site=1 sd=0.39 sa=+0.02 | phero=0 pd=0.00 pa=+0.00 | srch=0.12 | wall=3.29
R4[EXPLORE   ]: L=+1.00 R=+1.00 | carry=0 | base=0.74 ba=+0.77 | site=0 sd=0.00 sa=+0.00 | phero=0 pd=0.00 pa=+0.00 | srch=0.22 | wall=2.38

[PICKUP] Robot 3 picked up tag (density=14) | Total: 126

======================================================================
Step 62500 (33.3 min) | Pickups: 126 | Deposits: 125 | Rate: 3.75 tags/min | phero_entries=4 phero_max=0.210
======================================================================
R1[SITE      ]: L=+1.00 R=+1.00 | carry=0 | base=1.28 ba=-1.00 | site=1 sd=0.66 sa=+0.67 | phero=0 pd=0.00 pa=+0.00 | srch=0.31 | wall=0.60
R2[EXPLORE   ]: L=+1.00 R=+1.00 | carry=0 | base=0.70 ba=+0.53 | site=0 sd=0.00 sa=+0.00 | phero=0 pd=0.00 pa=+0.00 | srch=0.51 | wall=2.73
R3[RTB       ]: L=+0.83 R=+1.00 | carry=1 | base=0.83 ba=+0.06 | site=0 sd=0.00 sa=+0.00 | phero=0 pd=0.00 pa=+0.00 | srch=0.00 | wall=2.08
R4[EXPLORE   ]: L=+1.00 R=+1.00 | carry=0 | base=1.20 ba=+0.87 | site=0 sd=0.00 sa=+0.00 | phero=0 pd=0.00 pa=+0.00 | srch=0.34 | wall=0.47

[PICKUP] Robot 2 picked up tag (density=13) | Total: 127

======================================================================
Step 63000 (33.6 min) | Pickups: 127 | Deposits: 125 | Rate: 3.72 tags/min | phero_entries=4 phero_max=0.094
======================================================================
R1[SITE      ]: L=+1.00 R=+1.00 | carry=0 | base=1.14 ba=-0.30 | site=1 sd=0.83 sa=-0.67 | phero=0 pd=0.00 pa=+0.00 | srch=0.43 | wall=1.56
R2[RTB       ]: L=+1.00 R=+1.00 | carry=1 | base=0.25 ba=+0.00 | site=0 sd=0.00 sa=+0.00 | phero=0 pd=0.00 pa=+0.00 | srch=0.00 | wall=3.82
R3[RTB       ]: L=+1.00 R=+1.00 | carry=1 | base=0.28 ba=+0.00 | site=0 sd=0.00 sa=+0.00 | phero=0 pd=0.00 pa=+0.00 | srch=0.00 | wall=3.68
R4[EXPLORE   ]: L=+1.00 R=+1.00 | carry=0 | base=0.87 ba=+0.17 | site=0 sd=0.00 sa=+0.00 | phero=0 pd=0.00 pa=+0.00 | srch=0.47 | wall=1.46

[DEPOSIT] Robot 2 deposited! Total: 126
  [PHERO] Laid at (1.86, -1.64) density=13 prob=1.00 total_entries=5
  [TARGET] Robot 2 → SITE (1.86,-1.64)
[DEPOSIT] Robot 3 deposited! Total: 127
  [PHERO] Laid at (-2.43, 1.71) density=14 prob=1.00 total_entries=6
  [TARGET] Robot 3 → SITE (-2.43,1.71)

======================================================================
Step 63500 (33.9 min) | Pickups: 127 | Deposits: 127 | Rate: 3.75 tags/min | phero_entries=6 phero_max=0.609
======================================================================
R1[SITE      ]: L=+1.00 R=+1.00 | carry=0 | base=0.69 ba=-0.09 | site=1 sd=0.94 sa=-0.56 | phero=0 pd=0.00 pa=+0.00 | srch=0.56 | wall=2.48
R2[SITE      ]: L=+1.00 R=+1.00 | carry=0 | base=0.32 ba=+0.98 | site=1 sd=0.47 sa=-0.32 | phero=0 pd=0.00 pa=+0.00 | srch=0.08 | wall=3.40
R3[SITE      ]: L=+1.00 R=+1.00 | carry=0 | base=0.29 ba=+0.97 | site=1 sd=0.62 sa=-0.28 | phero=0 pd=0.00 pa=+0.00 | srch=0.08 | wall=3.49
R4[EXPLORE   ]: L=+1.00 R=+1.00 | carry=0 | base=0.50 ba=+0.38 | site=0 sd=0.00 sa=+0.00 | phero=0 pd=0.00 pa=+0.00 | srch=0.59 | wall=2.97


======================================================================
Step 64000 (34.1 min) | Pickups: 127 | Deposits: 127 | Rate: 3.72 tags/min | phero_entries=6 phero_max=0.274
======================================================================
R1[SITE      ]: L=+1.00 R=+0.79 | carry=0 | base=0.17 ba=-0.12 | site=1 sd=1.00 sa=-0.61 | phero=0 pd=0.00 pa=+0.00 | srch=0.68 | wall=3.90
R2[SITE      ]: L=+1.00 R=+1.00 | carry=0 | base=0.84 ba=-0.83 | site=1 sd=0.41 sa=-0.51 | phero=0 pd=0.00 pa=+0.00 | srch=0.21 | wall=1.61
R3[SITE      ]: L=+1.00 R=+0.57 | carry=0 | base=0.84 ba=-0.98 | site=1 sd=0.50 sa=-0.57 | phero=0 pd=0.00 pa=+0.00 | srch=0.20 | wall=1.58
R4[EXPLORE   ]: L=+1.00 R=+1.00 | carry=0 | base=0.59 ba=+0.71 | site=0 sd=0.00 sa=+0.00 | phero=0 pd=0.00 pa=+0.00 | srch=0.72 | wall=2.43


======================================================================
Step 64500 (34.4 min) | Pickups: 127 | Deposits: 127 | Rate: 3.69 tags/min | phero_entries=5 phero_max=0.123
======================================================================
R1[SITE      ]: L=+1.00 R=+1.00 | carry=0 | base=0.38 ba=+0.95 | site=1 sd=1.00 sa=+0.54 | phero=0 pd=0.00 pa=+0.00 | srch=0.81 | wall=3.19
R2[SITE      ]: L=+1.00 R=+1.00 | carry=0 | base=1.32 ba=-0.86 | site=1 sd=0.66 sa=-0.78 | phero=0 pd=0.00 pa=+0.00 | srch=0.33 | wall=0.37
R3[SITE      ]: L=+1.00 R=+0.98 | carry=0 | base=1.18 ba=-0.66 | site=1 sd=0.41 sa=-0.49 | phero=0 pd=0.00 pa=+0.00 | srch=0.33 | wall=0.64
R4[EXPLORE   ]: L=+1.00 R=+0.61 | carry=0 | base=0.72 ba=+0.53 | site=0 sd=0.00 sa=+0.00 | phero=0 pd=0.00 pa=+0.00 | srch=0.84 | wall=2.02


======================================================================
Step 65000 (34.7 min) | Pickups: 127 | Deposits: 127 | Rate: 3.66 tags/min | phero_entries=4 phero_max=0.055
======================================================================
R1[SITE      ]: L=+0.99 R=+1.00 | carry=0 | base=0.92 ba=+0.91 | site=1 sd=1.00 sa=+0.59 | phero=0 pd=0.00 pa=+0.00 | srch=0.93 | wall=1.35
R2[SITE      ]: L=+1.00 R=+1.00 | carry=0 | base=1.28 ba=-0.52 | site=1 sd=0.58 sa=-0.57 | phero=0 pd=0.00 pa=+0.00 | srch=0.46 | wall=1.17
R3[SITE      ]: L=+1.00 R=+0.97 | carry=0 | base=1.11 ba=-0.30 | site=1 sd=0.31 sa=-0.46 | phero=0 pd=0.00 pa=+0.00 | srch=0.45 | wall=1.72
R4[EXPLORE   ]: L=+1.00 R=+0.65 | carry=0 | base=0.80 ba=-0.73 | site=0 sd=0.00 sa=+0.00 | phero=0 pd=0.00 pa=+0.00 | srch=0.97 | wall=1.73


======================================================================
Step 65500 (34.9 min) | Pickups: 127 | Deposits: 127 | Rate: 3.64 tags/min | phero_entries=4 phero_max=0.025
======================================================================
R1[SITE      ]: L=+1.00 R=+1.00 | carry=0 | base=1.15 ba=+0.23 | site=1 sd=1.00 sa=-0.07 | phero=0 pd=0.00 pa=+0.00 | srch=1.00 | wall=0.72
R2[SITE      ]: L=+1.00 R=+1.00 | carry=0 | base=1.20 ba=-0.17 | site=1 sd=0.63 sa=-0.32 | phero=0 pd=0.00 pa=+0.00 | srch=0.58 | wall=0.66
R3[SITE      ]: L=+1.00 R=+0.96 | carry=0 | base=0.66 ba=+0.02 | site=1 sd=0.38 sa=-0.57 | phero=0 pd=0.00 pa=+0.00 | srch=0.58 | wall=2.49
R4[EXPLORE   ]: L=+1.00 R=+1.00 | carry=0 | base=0.95 ba=-0.96 | site=0 sd=0.00 sa=+0.00 | phero=0 pd=0.00 pa=+0.00 | srch=1.00 | wall=1.22

[PICKUP] Robot 3 picked up tag (density=2) | Total: 128

======================================================================
Step 66000 (35.2 min) | Pickups: 128 | Deposits: 127 | Rate: 3.61 tags/min | phero_entries=2 phero_max=0.011
======================================================================
R1[SITE      ]: L=+1.00 R=+1.00 | carry=0 | base=0.82 ba=+0.37 | site=1 sd=0.78 sa=-0.12 | phero=0 pd=0.00 pa=+0.00 | srch=1.00 | wall=2.43
R2[SITE      ]: L=+1.00 R=+0.94 | carry=0 | base=0.77 ba=-0.19 | site=1 sd=0.57 sa=-0.54 | phero=0 pd=0.00 pa=+0.00 | srch=0.71 | wall=1.82
R3[RTB       ]: L=+1.00 R=+1.00 | carry=1 | base=0.11 ba=+0.00 | site=0 sd=0.00 sa=+0.00 | phero=0 pd=0.00 pa=+0.00 | srch=0.00 | wall=4.16
R4[EXPLORE   ]: L=+1.00 R=+1.00 | carry=0 | base=1.04 ba=-0.13 | site=0 sd=0.00 sa=+0.00 | phero=0 pd=0.00 pa=+0.00 | srch=1.00 | wall=0.88

[DEPOSIT] Robot 3 deposited! Total: 128
  [PHERO] Laid at (-1.08, 1.92) density=2 prob=0.42 total_entries=3
  [TARGET] Robot 3 → SITE (-1.08,1.92)

======================================================================
Step 66500 (35.5 min) | Pickups: 128 | Deposits: 128 | Rate: 3.61 tags/min | phero_entries=3 phero_max=0.477
======================================================================
R1[SITE      ]: L=+1.00 R=+1.00 | carry=0 | base=0.79 ba=+0.59 | site=1 sd=0.33 sa=-0.32 | phero=0 pd=0.00 pa=+0.00 | srch=1.00 | wall=1.75
R2[SITE      ]: L=+1.00 R=+0.97 | carry=0 | base=0.34 ba=+0.45 | site=1 sd=0.40 sa=-0.35 | phero=0 pd=0.00 pa=+0.00 | srch=0.83 | wall=3.46
R3[SITE      ]: L=+1.00 R=+1.00 | carry=0 | base=0.45 ba=+0.99 | site=1 sd=0.32 sa=-0.42 | phero=0 pd=0.00 pa=+0.00 | srch=0.12 | wall=3.15
R4[EXPLORE   ]: L=+1.00 R=+1.00 | carry=0 | base=0.55 ba=-0.21 | site=0 sd=0.00 sa=+0.00 | phero=0 pd=0.00 pa=+0.00 | srch=1.00 | wall=2.64

[PICKUP] Robot 1 picked up tag (density=18) | Total: 129

======================================================================
Step 67000 (35.7 min) | Pickups: 129 | Deposits: 128 | Rate: 3.58 tags/min | phero_entries=3 phero_max=0.214
======================================================================
R1[RTB       ]: L=+1.00 R=+0.23 | carry=1 | base=1.12 ba=-0.29 | site=0 sd=0.00 sa=+0.00 | phero=0 pd=0.00 pa=+0.00 | srch=0.00 | wall=0.56
R2[SITE      ]: L=+1.00 R=+1.00 | carry=0 | base=0.65 ba=-0.81 | site=1 sd=0.24 sa=-0.29 | phero=0 pd=0.00 pa=+0.00 | srch=0.96 | wall=2.37
R3[SITE      ]: L=+1.00 R=+0.90 | carry=0 | base=0.74 ba=-0.38 | site=1 sd=0.11 sa=-0.43 | phero=0 pd=0.00 pa=+0.00 | srch=0.24 | wall=2.22
R4[EXPLORE   ]: L=+1.00 R=+1.00 | carry=0 | base=0.36 ba=-0.60 | site=0 sd=0.00 sa=+0.00 | phero=0 pd=0.00 pa=+0.00 | srch=1.00 | wall=3.26

[PICKUP] Robot 2 picked up tag (density=12) | Total: 130
[PICKUP] Robot 3 picked up tag (density=1) | Total: 131

======================================================================
Step 67500 (36.0 min) | Pickups: 131 | Deposits: 128 | Rate: 3.56 tags/min | phero_entries=2 phero_max=0.096
======================================================================
R1[RTB       ]: L=+1.00 R=+1.00 | carry=1 | base=0.60 ba=-0.00 | site=0 sd=0.00 sa=+0.00 | phero=0 pd=0.00 pa=+0.00 | srch=0.00 | wall=2.40
R2[RTB       ]: L=+1.00 R=+1.00 | carry=1 | base=0.60 ba=-0.00 | site=0 sd=0.00 sa=+0.00 | phero=0 pd=0.00 pa=+0.00 | srch=0.00 | wall=2.81
R3[RTB       ]: L=+1.00 R=+1.00 | carry=1 | base=0.45 ba=+0.00 | site=0 sd=0.00 sa=+0.00 | phero=0 pd=0.00 pa=+0.00 | srch=0.00 | wall=3.19
R4[EXPLORE   ]: L=+1.00 R=+1.00 | carry=0 | base=0.74 ba=-0.85 | site=0 sd=0.00 sa=+0.00 | phero=0 pd=0.00 pa=+0.00 | srch=1.00 | wall=2.51

[DEPOSIT] Robot 3 deposited! Total: 129
  [PHERO] Laid at (-1.04, 1.73) density=1 prob=0.20 total_entries=2
  [TARGET] Robot 3 → PHERO (-1.04,1.73)
[DEPOSIT] Robot 1 deposited! Total: 130
  [PHERO] Laid at (0.07, -3.94) density=18 prob=1.00 total_entries=3
  [TARGET] Robot 1 → SITE (0.07,-3.94)
[DEPOSIT] Robot 2 deposited! Total: 131
  [PHERO] Laid at (2.39, -1.63) density=12 prob=1.00 total_entries=4
  [TARGET] Robot 2 → SITE (2.39,-1.63)

======================================================================
Step 68000 (36.3 min) | Pickups: 131 | Deposits: 131 | Rate: 3.61 tags/min | phero_entries=4 phero_max=0.972
======================================================================
R1[BASE_ESC  ]: L=+0.00 R=+1.00 | carry=0 | base=0.07 ba=-0.19 | site=1 sd=1.00 sa=+0.82 | phero=0 pd=0.00 pa=+0.00 | srch=0.00 | wall=4.27
R2[BASE_ESC  ]: L=+0.00 R=+1.00 | carry=0 | base=0.07 ba=-0.19 | site=1 sd=0.76 sa=+0.83 | phero=0 pd=0.00 pa=+0.00 | srch=0.00 | wall=4.32
R3[PHERO     ]: L=+0.37 R=+0.32 | carry=0 | base=0.10 ba=-0.92 | site=0 sd=0.00 sa=+0.00 | phero=1 pd=0.48 pa=-0.04 | srch=0.04 | wall=4.24
R4[EXPLORE   ]: L=+0.85 R=+0.99 | carry=0 | base=1.26 ba=-0.96 | site=0 sd=0.00 sa=+0.00 | phero=0 pd=0.00 pa=+0.00 | srch=1.00 | wall=1.06


======================================================================
Step 68500 (36.5 min) | Pickups: 131 | Deposits: 131 | Rate: 3.59 tags/min | phero_entries=4 phero_max=0.437
======================================================================
R1[SITE      ]: L=+1.00 R=+1.00 | carry=0 | base=0.51 ba=-0.99 | site=1 sd=0.73 sa=+0.30 | phero=0 pd=0.00 pa=+0.00 | srch=0.13 | wall=2.94
R2[SITE      ]: L=+1.00 R=+1.00 | carry=0 | base=0.51 ba=+1.00 | site=1 sd=0.47 sa=+0.36 | phero=0 pd=0.00 pa=+0.00 | srch=0.13 | wall=2.87
R3[PHERO     ]: L=+1.00 R=+0.85 | carry=0 | base=0.59 ba=-0.68 | site=0 sd=0.00 sa=+0.00 | phero=1 pd=0.07 pa=-0.28 | srch=0.16 | wall=2.86
R4[EXPLORE   ]: L=+1.00 R=+1.00 | carry=0 | base=1.36 ba=-0.03 | site=0 sd=0.00 sa=+0.00 | phero=0 pd=0.00 pa=+0.00 | srch=1.00 | wall=0.70


======================================================================
Step 69000 (36.8 min) | Pickups: 131 | Deposits: 131 | Rate: 3.56 tags/min | phero_entries=4 phero_max=0.196
======================================================================
R1[SITE      ]: L=+0.96 R=+1.00 | carry=0 | base=1.06 ba=+0.99 | site=1 sd=0.59 sa=+0.54 | phero=0 pd=0.00 pa=+0.00 | srch=0.25 | wall=1.28
R2[SITE      ]: L=+1.00 R=+1.00 | carry=0 | base=0.92 ba=+0.75 | site=1 sd=0.16 sa=+0.48 | phero=0 pd=0.00 pa=+0.00 | srch=0.25 | wall=2.12
R3[EXPLORE   ]: L=+1.00 R=+1.00 | carry=0 | base=0.72 ba=-0.81 | site=0 sd=0.00 sa=+0.00 | phero=0 pd=0.00 pa=+0.00 | srch=0.29 | wall=2.17
R4[EXPLORE   ]: L=+0.99 R=+0.75 | carry=0 | base=1.02 ba=-0.96 | site=0 sd=0.00 sa=+0.00 | phero=0 pd=0.00 pa=+0.00 | srch=1.00 | wall=1.81


======================================================================
Step 69500 (37.1 min) | Pickups: 131 | Deposits: 131 | Rate: 3.53 tags/min | phero_entries=4 phero_max=0.088
======================================================================
R1[SITE      ]: L=+1.00 R=+1.00 | carry=0 | base=1.25 ba=+0.05 | site=1 sd=0.60 sa=-0.31 | phero=0 pd=0.00 pa=+0.00 | srch=0.38 | wall=0.64
R2[SITE      ]: L=+0.93 R=+1.00 | carry=0 | base=1.03 ba=+0.33 | site=1 sd=0.35 sa=+0.59 | phero=0 pd=0.00 pa=+0.00 | srch=0.38 | wall=1.05
R3[WALL_ESC  ]: L=+1.00 R=+0.00 | carry=0 | base=1.20 ba=-0.73 | site=0 sd=0.00 sa=+0.00 | phero=0 pd=0.00 pa=+0.00 | srch=0.41 | wall=0.33
R4[EXPLORE   ]: L=+1.00 R=+1.00 | carry=0 | base=1.18 ba=-0.99 | site=0 sd=0.00 sa=+0.00 | phero=0 pd=0.00 pa=+0.00 | srch=1.00 | wall=1.40

[GIVE-UP] R3 giving up after 2006 steps

======================================================================
Step 70000 (37.3 min) | Pickups: 131 | Deposits: 131 | Rate: 3.51 tags/min | phero_entries=4 phero_max=0.040
======================================================================
R1[SITE      ]: L=+1.00 R=+0.97 | carry=0 | base=0.75 ba=+0.27 | site=1 sd=0.47 sa=-0.48 | phero=0 pd=0.00 pa=+0.00 | srch=0.50 | wall=1.98
R2[SITE      ]: L=+0.92 R=+1.00 | carry=0 | base=0.64 ba=-0.53 | site=1 sd=0.22 sa=+0.27 | phero=0 pd=0.00 pa=+0.00 | srch=0.50 | wall=2.47
R3[GIVE_UP   ]: L=+1.00 R=+1.00 | carry=0 | base=0.77 ba=-0.00 | site=0 sd=0.00 sa=+0.00 | phero=0 pd=0.00 pa=+0.00 | srch=0.54 | wall=1.80
R4[EXPLORE   ]: L=+1.00 R=+1.00 | carry=0 | base=1.54 ba=-0.03 | site=0 sd=0.00 sa=+0.00 | phero=0 pd=0.00 pa=+0.00 | srch=1.00 | wall=0.36

[PICKUP] Robot 2 picked up tag (density=11) | Total: 132
[GIVE-UP] R4 giving up after 9346 steps

======================================================================
Step 70500 (37.6 min) | Pickups: 132 | Deposits: 131 | Rate: 3.48 tags/min | phero_entries=3 phero_max=0.018
======================================================================
R1[SITE      ]: L=+1.00 R=+0.97 | carry=0 | base=0.79 ba=+0.77 | site=1 sd=0.51 sa=-0.56 | phero=0 pd=0.00 pa=+0.00 | srch=0.63 | wall=1.98
R2[RTB       ]: L=+1.00 R=+1.00 | carry=1 | base=0.38 ba=-0.00 | site=0 sd=0.00 sa=+0.00 | phero=0 pd=0.00 pa=+0.00 | srch=0.00 | wall=3.43
R3[GIVE_UP   ]: L=+1.00 R=+1.00 | carry=0 | base=0.22 ba=-0.00 | site=0 sd=0.00 sa=+0.00 | phero=0 pd=0.00 pa=+0.00 | srch=0.66 | wall=3.72
R4[GIVE_UP   ]: L=+1.00 R=+0.99 | carry=0 | base=0.99 ba=-0.00 | site=0 sd=0.00 sa=+0.00 | phero=0 pd=0.00 pa=+0.00 | srch=1.00 | wall=1.78

[EMPTY_RTN] R3 → phero(-1.04,1.73)
[DEPOSIT] Robot 2 deposited! Total: 132
  [PHERO] Laid at (2.02, -1.40) density=11 prob=1.00 total_entries=4
  [TARGET] Robot 2 → SITE (2.02,-1.40)

======================================================================
Step 71000 (37.9 min) | Pickups: 132 | Deposits: 132 | Rate: 3.49 tags/min | phero_entries=4 phero_max=0.709
======================================================================
R1[SITE      ]: L=+1.00 R=+1.00 | carry=0 | base=1.31 ba=+0.99 | site=1 sd=0.63 sa=-0.68 | phero=0 pd=0.00 pa=+0.00 | srch=0.75 | wall=0.53
R2[SITE      ]: L=+1.00 R=+1.00 | carry=0 | base=0.17 ba=+0.99 | site=1 sd=0.54 sa=+0.09 | phero=0 pd=0.00 pa=+0.00 | srch=0.05 | wall=4.05
R3[PHERO     ]: L=+0.96 R=+1.00 | carry=0 | base=0.34 ba=+0.97 | site=0 sd=0.00 sa=+0.00 | phero=1 pd=0.40 pa=+0.40 | srch=0.09 | wall=3.34
R4[GIVE_UP   ]: L=+1.00 R=+1.00 | carry=0 | base=0.44 ba=-0.00 | site=0 sd=0.00 sa=+0.00 | phero=0 pd=0.00 pa=+0.00 | srch=1.00 | wall=3.29

[EMPTY_RTN] R4 → phero(2.02,-1.40)

======================================================================
Step 71500 (38.1 min) | Pickups: 132 | Deposits: 132 | Rate: 3.46 tags/min | phero_entries=4 phero_max=0.319
======================================================================
R1[SITE      ]: L=+1.00 R=+1.00 | carry=0 | base=1.12 ba=-0.38 | site=1 sd=0.61 sa=+0.04 | phero=0 pd=0.00 pa=+0.00 | srch=0.88 | wall=1.18
R2[SITE      ]: L=+0.87 R=+1.00 | carry=0 | base=0.69 ba=+0.76 | site=1 sd=0.03 sa=+0.12 | phero=0 pd=0.00 pa=+0.00 | srch=0.18 | wall=2.57
R3[PHERO     ]: L=+0.42 R=+1.00 | carry=0 | base=0.62 ba=+0.48 | site=0 sd=0.00 sa=+0.00 | phero=1 pd=0.05 pa=+0.42 | srch=0.22 | wall=2.62
R4[PHERO     ]: L=+1.00 R=-0.69 | carry=0 | base=0.07 ba=-0.40 | site=0 sd=0.00 sa=+0.00 | phero=1 pd=0.77 pa=-0.25 | srch=0.04 | wall=4.27

[PICKUP] Robot 2 picked up tag (density=10) | Total: 133

======================================================================
Step 72000 (38.4 min) | Pickups: 133 | Deposits: 132 | Rate: 3.44 tags/min | phero_entries=4 phero_max=0.143
======================================================================
R1[SITE      ]: L=+1.00 R=+0.94 | carry=0 | base=1.15 ba=-0.57 | site=1 sd=0.09 sa=-0.15 | phero=0 pd=0.00 pa=+0.00 | srch=1.00 | wall=0.51
R2[RTB       ]: L=+1.00 R=+1.00 | carry=1 | base=0.26 ba=+0.00 | site=0 sd=0.00 sa=+0.00 | phero=0 pd=0.00 pa=+0.00 | srch=0.00 | wall=3.75
R3[EXPLORE   ]: L=+1.00 R=+1.00 | carry=0 | base=0.83 ba=-0.86 | site=0 sd=0.00 sa=+0.00 | phero=0 pd=0.00 pa=+0.00 | srch=0.34 | wall=1.70
R4[BASE_ESC  ]: L=+0.00 R=+1.00 | carry=0 | base=0.07 ba=-0.60 | site=0 sd=0.00 sa=+0.00 | phero=1 pd=0.72 pa=-0.21 | srch=0.17 | wall=4.27

[PICKUP] Robot 1 picked up tag (density=17) | Total: 134
[DEPOSIT] Robot 2 deposited! Total: 133
  [PHERO] Laid at (1.98, -1.44) density=10 prob=1.00 total_entries=4
  [TARGET] Robot 2 → SITE (1.98,-1.44)

======================================================================
Step 72500 (38.7 min) | Pickups: 134 | Deposits: 133 | Rate: 3.44 tags/min | phero_entries=2 phero_max=0.590
======================================================================
R1[RTB       ]: L=+1.00 R=+1.00 | carry=1 | base=0.72 ba=-0.00 | site=0 sd=0.00 sa=+0.00 | phero=0 pd=0.00 pa=+0.00 | srch=0.00 | wall=1.99
R2[SITE      ]: L=+1.00 R=+1.00 | carry=0 | base=0.31 ba=+0.98 | site=1 sd=0.46 sa=-0.31 | phero=0 pd=0.00 pa=+0.00 | srch=0.08 | wall=3.42
R3[EXPLORE   ]: L=+1.00 R=+1.00 | carry=0 | base=1.16 ba=-0.13 | site=0 sd=0.00 sa=+0.00 | phero=0 pd=0.00 pa=+0.00 | srch=0.47 | wall=0.46
R4[PHERO     ]: L=+0.41 R=+0.40 | carry=0 | base=0.19 ba=-0.92 | site=0 sd=0.00 sa=+0.00 | phero=1 pd=0.54 pa=-0.13 | srch=0.29 | wall=3.83


======================================================================
Step 73000 (38.9 min) | Pickups: 134 | Deposits: 133 | Rate: 3.42 tags/min | phero_entries=2 phero_max=0.265
======================================================================
R1[RTB       ]: L=+1.00 R=+1.00 | carry=1 | base=0.17 ba=-0.00 | site=0 sd=0.00 sa=+0.00 | phero=0 pd=0.00 pa=+0.00 | srch=0.00 | wall=3.90
R2[SITE      ]: L=+1.00 R=+0.84 | carry=0 | base=0.70 ba=-0.54 | site=1 sd=0.02 sa=-0.10 | phero=0 pd=0.00 pa=+0.00 | srch=0.21 | wall=2.46
R3[EXPLORE   ]: L=+1.00 R=+1.00 | carry=0 | base=0.70 ba=-0.24 | site=0 sd=0.00 sa=+0.00 | phero=0 pd=0.00 pa=+0.00 | srch=0.59 | wall=2.12
R4[PHERO     ]: L=+0.20 R=+0.20 | carry=0 | base=0.34 ba=-0.87 | site=0 sd=0.00 sa=+0.00 | phero=1 pd=0.38 pa=-0.02 | srch=0.42 | wall=3.37

[DEPOSIT] Robot 1 deposited! Total: 134
  [PHERO] Laid at (-0.01, -3.93) density=17 prob=1.00 total_entries=3
  [TARGET] Robot 1 → SITE (-0.01,-3.93)
[PICKUP] Robot 4 picked up tag (density=9) | Total: 135

======================================================================
Step 73500 (39.2 min) | Pickups: 135 | Deposits: 134 | Rate: 3.42 tags/min | phero_entries=3 phero_max=0.519
======================================================================
R1[SITE      ]: L=+1.00 R=+1.00 | carry=0 | base=0.40 ba=-0.98 | site=1 sd=0.81 sa=+0.27 | phero=0 pd=0.00 pa=+0.00 | srch=0.10 | wall=3.31
R2[EXPLORE   ]: L=+1.00 R=+1.00 | carry=0 | base=0.88 ba=-0.70 | site=0 sd=0.00 sa=+0.00 | phero=0 pd=0.00 pa=+0.00 | srch=0.33 | wall=1.58
R3[EXPLORE   ]: L=+0.03 R=+1.00 | carry=0 | base=0.85 ba=+0.36 | site=0 sd=0.00 sa=+0.00 | phero=0 pd=0.00 pa=+0.00 | srch=0.72 | wall=1.60
R4[RTB       ]: L=+1.00 R=+0.00 | carry=1 | base=0.73 ba=-0.53 | site=0 sd=0.00 sa=+0.00 | phero=0 pd=0.00 pa=+0.00 | srch=0.00 | wall=2.43


======================================================================
Step 74000 (39.5 min) | Pickups: 135 | Deposits: 134 | Rate: 3.40 tags/min | phero_entries=3 phero_max=0.233
======================================================================
R1[SITE      ]: L=+1.00 R=+1.00 | carry=0 | base=0.94 ba=+1.00 | site=1 sd=0.60 sa=+0.50 | phero=0 pd=0.00 pa=+0.00 | srch=0.23 | wall=1.72
R2[EXPLORE   ]: L=+1.00 R=+1.00 | carry=0 | base=1.17 ba=-0.20 | site=0 sd=0.00 sa=+0.00 | phero=0 pd=0.00 pa=+0.00 | srch=0.46 | wall=0.42
R3[EXPLORE   ]: L=+0.35 R=+1.00 | carry=0 | base=0.83 ba=-0.79 | site=0 sd=0.00 sa=+0.00 | phero=0 pd=0.00 pa=+0.00 | srch=0.84 | wall=1.68
R4[RTB       ]: L=+1.00 R=+1.00 | carry=1 | base=0.24 ba=-0.00 | site=0 sd=0.00 sa=+0.00 | phero=0 pd=0.00 pa=+0.00 | srch=0.00 | wall=3.84

[PICKUP] Robot 2 picked up tag (density=16) | Total: 136
[DEPOSIT] Robot 4 deposited! Total: 135
  [PHERO] Laid at (2.06, -1.44) density=9 prob=1.00 total_entries=4
  [TARGET] Robot 4 → SITE (2.06,-1.44)
[PICKUP] Robot 3 picked up tag (density=1) | Total: 137

======================================================================
Step 74500 (39.7 min) | Pickups: 137 | Deposits: 135 | Rate: 3.40 tags/min | phero_entries=4 phero_max=0.573
======================================================================
R1[WALL_ESC  ]: L=+0.00 R=+1.00 | carry=0 | base=1.40 ba=+0.31 | site=1 sd=0.73 sa=+0.02 | phero=0 pd=0.00 pa=+0.00 | srch=0.35 | wall=0.31
R2[RTB       ]: L=+1.00 R=+1.00 | carry=1 | base=0.63 ba=-0.00 | site=0 sd=0.00 sa=+0.00 | phero=0 pd=0.00 pa=+0.00 | srch=0.00 | wall=2.29
R3[RTB       ]: L=+1.00 R=+1.00 | carry=1 | base=0.51 ba=-0.00 | site=0 sd=0.00 sa=+0.00 | phero=0 pd=0.00 pa=+0.00 | srch=0.00 | wall=2.76
R4[SITE      ]: L=+1.00 R=+1.00 | carry=0 | base=0.33 ba=-0.98 | site=1 sd=0.47 sa=+0.31 | phero=0 pd=0.00 pa=+0.00 | srch=0.09 | wall=3.45

[DEPOSIT] Robot 3 deposited! Total: 136
  [TARGET] Robot 3 → SITE (0.61,2.81)

======================================================================
Step 75000 (40.0 min) | Pickups: 137 | Deposits: 136 | Rate: 3.40 tags/min | phero_entries=4 phero_max=0.257
======================================================================
R1[SITE      ]: L=+1.00 R=+1.00 | carry=0 | base=0.89 ba=+0.06 | site=1 sd=0.51 sa=-0.50 | phero=0 pd=0.00 pa=+0.00 | srch=0.48 | wall=1.71
R2[RTB       ]: L=+1.00 R=+1.00 | carry=1 | base=0.08 ba=-0.00 | site=0 sd=0.00 sa=+0.00 | phero=0 pd=0.00 pa=+0.00 | srch=0.00 | wall=4.21
R3[BASE_ESC  ]: L=+0.32 R=+1.00 | carry=0 | base=0.07 ba=-0.83 | site=1 sd=0.76 sa=+0.25 | phero=0 pd=0.00 pa=+0.00 | srch=0.03 | wall=4.28
R4[SITE      ]: L=+1.00 R=+1.00 | carry=0 | base=0.84 ba=+0.79 | site=1 sd=0.40 sa=+0.46 | phero=0 pd=0.00 pa=+0.00 | srch=0.21 | wall=1.87

[DEPOSIT] Robot 2 deposited! Total: 137
  [PHERO] Laid at (-0.11, -4.03) density=16 prob=1.00 total_entries=5
  [TARGET] Robot 2 → SITE (-0.11,-4.03)

======================================================================
Step 75500 (40.3 min) | Pickups: 137 | Deposits: 137 | Rate: 3.40 tags/min | phero_entries=4 phero_max=0.457
======================================================================
R1[SITE      ]: L=+1.00 R=+0.98 | carry=0 | base=0.45 ba=+0.39 | site=1 sd=0.67 sa=-0.63 | phero=0 pd=0.00 pa=+0.00 | srch=0.60 | wall=2.92
R2[SITE      ]: L=+1.00 R=+1.00 | carry=0 | base=0.48 ba=+1.00 | site=1 sd=0.74 sa=+0.22 | phero=0 pd=0.00 pa=+0.00 | srch=0.12 | wall=2.99
R3[SITE      ]: L=+0.98 R=+1.00 | carry=0 | base=0.59 ba=+0.87 | site=1 sd=0.26 sa=+0.04 | phero=0 pd=0.00 pa=+0.00 | srch=0.15 | wall=2.58
R4[SITE      ]: L=+0.92 R=+1.00 | carry=0 | base=0.88 ba=+0.28 | site=1 sd=0.17 sa=+0.35 | phero=0 pd=0.00 pa=+0.00 | srch=0.34 | wall=1.89

[PICKUP] Robot 4 picked up tag (density=8) | Total: 138
[PICKUP] Robot 3 picked up tag (density=12) | Total: 139

======================================================================
Step 76000 (40.5 min) | Pickups: 139 | Deposits: 137 | Rate: 3.38 tags/min | phero_entries=4 phero_max=0.205
======================================================================
R1[SITE      ]: L=+1.00 R=+1.00 | carry=0 | base=0.73 ba=+0.89 | site=1 sd=0.81 sa=-0.59 | phero=0 pd=0.00 pa=+0.00 | srch=0.73 | wall=2.66
R2[SITE      ]: L=+1.00 R=+1.00 | carry=0 | base=1.02 ba=+0.94 | site=1 sd=0.42 sa=+0.40 | phero=0 pd=0.00 pa=+0.00 | srch=0.25 | wall=1.20
R3[RTB       ]: L=+0.15 R=+1.00 | carry=1 | base=1.03 ba=+0.34 | site=0 sd=0.00 sa=+0.00 | phero=0 pd=0.00 pa=+0.00 | srch=0.00 | wall=0.92
R4[RTB       ]: L=+0.83 R=+1.00 | carry=1 | base=0.69 ba=+0.06 | site=0 sd=0.00 sa=+0.00 | phero=0 pd=0.00 pa=+0.00 | srch=0.00 | wall=2.48

[PICKUP] Robot 1 picked up tag (density=7) | Total: 140

======================================================================
Step 76500 (40.8 min) | Pickups: 140 | Deposits: 137 | Rate: 3.36 tags/min | phero_entries=3 phero_max=0.092
======================================================================
R1[RTB       ]: L=+1.00 R=+1.00 | carry=1 | base=0.43 ba=+0.00 | site=0 sd=0.00 sa=+0.00 | phero=0 pd=0.00 pa=+0.00 | srch=0.00 | wall=3.36
R2[SITE      ]: L=+1.00 R=+0.93 | carry=0 | base=1.09 ba=+0.28 | site=1 sd=0.25 sa=-0.27 | phero=0 pd=0.00 pa=+0.00 | srch=0.37 | wall=0.81
R3[RTB       ]: L=+1.00 R=+1.00 | carry=1 | base=0.51 ba=+0.00 | site=0 sd=0.00 sa=+0.00 | phero=0 pd=0.00 pa=+0.00 | srch=0.00 | wall=2.72
R4[RTB       ]: L=+1.00 R=+1.00 | carry=1 | base=0.15 ba=+0.00 | site=0 sd=0.00 sa=+0.00 | phero=0 pd=0.00 pa=+0.00 | srch=0.00 | wall=4.07

[DEPOSIT] Robot 4 deposited! Total: 138
  [PHERO] Laid at (2.04, -1.48) density=8 prob=1.00 total_entries=4
  [TARGET] Robot 4 → SITE (2.04,-1.48)
[PICKUP] Robot 2 picked up tag (density=18) | Total: 141
[DEPOSIT] Robot 1 deposited! Total: 139
  [PHERO] Laid at (2.05, -1.87) density=7 prob=0.99 total_entries=5
  [TARGET] Robot 1 → SITE (2.05,-1.87)
[DEPOSIT] Robot 3 deposited! Total: 140
  [PHERO] Laid at (0.36, 3.56) density=12 prob=1.00 total_entries=6
  [TARGET] Robot 3 → SITE (0.36,3.56)

======================================================================
Step 77000 (41.1 min) | Pickups: 141 | Deposits: 140 | Rate: 3.41 tags/min | phero_entries=6 phero_max=0.851
======================================================================
R1[SITE      ]: L=+1.00 R=+1.00 | carry=0 | base=0.14 ba=+0.94 | site=1 sd=0.67 sa=-0.24 | phero=0 pd=0.00 pa=+0.00 | srch=0.04 | wall=4.02
R2[RTB       ]: L=+1.00 R=+1.00 | carry=1 | base=0.69 ba=+0.00 | site=0 sd=0.00 sa=+0.00 | phero=0 pd=0.00 pa=+0.00 | srch=0.00 | wall=2.10
R3[BASE_ESC  ]: L=+1.00 R=+0.22 | carry=0 | base=0.07 ba=+0.80 | site=1 sd=0.96 sa=-0.28 | phero=0 pd=0.00 pa=+0.00 | srch=0.03 | wall=4.27
R4[SITE      ]: L=+1.00 R=+1.00 | carry=0 | base=0.40 ba=-0.95 | site=1 sd=0.32 sa=+0.04 | phero=0 pd=0.00 pa=+0.00 | srch=0.11 | wall=3.34

[PICKUP] Robot 4 picked up tag (density=6) | Total: 142

======================================================================
Step 77500 (41.3 min) | Pickups: 142 | Deposits: 140 | Rate: 3.39 tags/min | phero_entries=5 phero_max=0.382
======================================================================
R1[SITE      ]: L=+1.00 R=+1.00 | carry=0 | base=0.69 ba=+0.99 | site=1 sd=0.45 sa=-0.54 | phero=0 pd=0.00 pa=+0.00 | srch=0.17 | wall=2.11
R2[RTB       ]: L=+1.00 R=+1.00 | carry=1 | base=0.14 ba=+0.00 | site=0 sd=0.00 sa=+0.00 | phero=0 pd=0.00 pa=+0.00 | srch=0.00 | wall=4.01
R3[SITE      ]: L=+0.60 R=+0.59 | carry=0 | base=0.49 ba=-0.97 | site=1 sd=0.55 sa=-0.07 | phero=0 pd=0.00 pa=+0.00 | srch=0.15 | wall=2.79
R4[RTB       ]: L=+1.00 R=+0.99 | carry=1 | base=0.64 ba=-0.00 | site=0 sd=0.00 sa=+0.00 | phero=0 pd=0.00 pa=+0.00 | srch=0.00 | wall=2.84

[DEPOSIT] Robot 2 deposited! Total: 141
  [PHERO] Laid at (-0.44, -3.64) density=18 prob=1.00 total_entries=6
  [TARGET] Robot 2 → SITE (-0.44,-3.64)

======================================================================
Step 78000 (41.6 min) | Pickups: 142 | Deposits: 141 | Rate: 3.39 tags/min | phero_entries=6 phero_max=0.497
======================================================================
R1[SITE      ]: L=+1.00 R=+0.93 | carry=0 | base=0.87 ba=-0.43 | site=1 sd=0.13 sa=-0.15 | phero=0 pd=0.00 pa=+0.00 | srch=0.29 | wall=2.02
R2[SITE      ]: L=+1.00 R=+1.00 | carry=0 | base=0.43 ba=+0.98 | site=1 sd=0.71 sa=-0.28 | phero=0 pd=0.00 pa=+0.00 | srch=0.11 | wall=3.13
R3[SITE      ]: L=+0.83 R=+0.77 | carry=0 | base=0.98 ba=-0.82 | site=1 sd=0.07 sa=-0.12 | phero=0 pd=0.00 pa=+0.00 | srch=0.28 | wall=1.08
R4[RTB       ]: L=+1.00 R=+1.00 | carry=1 | base=0.09 ba=-0.00 | site=0 sd=0.00 sa=+0.00 | phero=0 pd=0.00 pa=+0.00 | srch=0.00 | wall=4.26

[DEPOSIT] Robot 4 deposited! Total: 142
  [PHERO] Laid at (1.96, -1.63) density=6 prob=0.97 total_entries=7
  [TARGET] Robot 4 → SITE (1.96,-1.63)
[PICKUP] Robot 1 picked up tag (density=5) | Total: 143
[PICKUP] Robot 3 picked up tag (density=11) | Total: 144

======================================================================
Step 78500 (41.9 min) | Pickups: 144 | Deposits: 142 | Rate: 3.39 tags/min | phero_entries=6 phero_max=0.463
======================================================================
R1[RTB       ]: L=+1.00 R=+1.00 | carry=1 | base=0.38 ba=-0.00 | site=0 sd=0.00 sa=+0.00 | phero=0 pd=0.00 pa=+0.00 | srch=0.00 | wall=3.47
R2[SITE      ]: L=+1.00 R=+0.94 | carry=0 | base=0.95 ba=-0.79 | site=1 sd=0.48 sa=-0.30 | phero=0 pd=0.00 pa=+0.00 | srch=0.23 | wall=1.37
R3[RTB       ]: L=+1.00 R=+1.00 | carry=1 | base=0.63 ba=-0.00 | site=0 sd=0.00 sa=+0.00 | phero=0 pd=0.00 pa=+0.00 | srch=0.00 | wall=2.30
R4[SITE      ]: L=+1.00 R=+1.00 | carry=0 | base=0.46 ba=+0.96 | site=1 sd=0.27 sa=+0.05 | phero=0 pd=0.00 pa=+0.00 | srch=0.12 | wall=3.34

[DEPOSIT] Robot 1 deposited! Total: 143
  [PHERO] Laid at (2.38, -1.83) density=5 prob=0.92 total_entries=7
  [TARGET] Robot 1 → SITE (2.38,-1.83)
[PICKUP] Robot 4 picked up tag (density=4) | Total: 145
[PICKUP] Robot 2 picked up tag (density=14) | Total: 146

======================================================================
Step 79000 (42.1 min) | Pickups: 146 | Deposits: 143 | Rate: 3.39 tags/min | phero_entries=7 phero_max=0.703
======================================================================
R1[SITE      ]: L=+1.00 R=+1.00 | carry=0 | base=0.19 ba=-0.96 | site=1 sd=0.69 sa=+0.22 | phero=0 pd=0.00 pa=+0.00 | srch=0.05 | wall=3.91
R2[RTB       ]: L=+1.00 R=+0.97 | carry=1 | base=1.06 ba=-0.01 | site=0 sd=0.00 sa=+0.00 | phero=0 pd=0.00 pa=+0.00 | srch=0.00 | wall=0.80
R3[RTB       ]: L=+1.00 R=+1.00 | carry=1 | base=0.08 ba=-0.00 | site=0 sd=0.00 sa=+0.00 | phero=0 pd=0.00 pa=+0.00 | srch=0.00 | wall=4.21
R4[RTB       ]: L=+1.00 R=+1.00 | carry=1 | base=0.65 ba=+0.00 | site=0 sd=0.00 sa=+0.00 | phero=0 pd=0.00 pa=+0.00 | srch=0.00 | wall=2.69

[DEPOSIT] Robot 3 deposited! Total: 144
  [PHERO] Laid at (0.28, 3.57) density=11 prob=1.00 total_entries=8
  [TARGET] Robot 3 → SITE (0.28,3.57)

======================================================================
Step 79500 (42.4 min) | Pickups: 146 | Deposits: 144 | Rate: 3.40 tags/min | phero_entries=7 phero_max=0.459
======================================================================
R1[SITE      ]: L=+1.00 R=+1.00 | carry=0 | base=0.74 ba=+1.00 | site=1 sd=0.43 sa=+0.49 | phero=0 pd=0.00 pa=+0.00 | srch=0.18 | wall=2.12
R2[RTB       ]: L=+1.00 R=+1.00 | carry=1 | base=0.51 ba=-0.00 | site=0 sd=0.00 sa=+0.00 | phero=0 pd=0.00 pa=+0.00 | srch=0.00 | wall=2.72
R3[SITE      ]: L=+0.45 R=+0.44 | carry=0 | base=0.42 ba=-0.92 | site=1 sd=0.63 sa=-0.07 | phero=0 pd=0.00 pa=+0.00 | srch=0.12 | wall=3.05
R4[RTB       ]: L=+1.00 R=+1.00 | carry=1 | base=0.10 ba=+0.00 | site=0 sd=0.00 sa=+0.00 | phero=0 pd=0.00 pa=+0.00 | srch=0.00 | wall=4.23

[DEPOSIT] Robot 4 deposited! Total: 145
  [PHERO] Laid at (2.02, -1.67) density=4 prob=0.82 total_entries=8
  [TARGET] Robot 4 → SITE (2.02,-1.67)
[DEPOSIT] Robot 2 deposited! Total: 146
  [PHERO] Laid at (0.01, -3.92) density=14 prob=1.00 total_entries=9
  [TARGET] Robot 2 → SITE (0.01,-3.92)

======================================================================
Step 80000 (42.7 min) | Pickups: 146 | Deposits: 146 | Rate: 3.42 tags/min | phero_entries=9 phero_max=0.849
======================================================================
R1[SITE      ]: L=+1.00 R=+1.00 | carry=0 | base=1.27 ba=+0.94 | site=1 sd=0.59 sa=+0.74 | phero=0 pd=0.00 pa=+0.00 | srch=0.31 | wall=0.63
R2[BASE_ESC  ]: L=+0.25 R=+1.00 | carry=0 | base=0.07 ba=-0.81 | site=1 sd=1.00 sa=+0.27 | phero=0 pd=0.00 pa=+0.00 | srch=0.03 | wall=4.27
R3[SITE      ]: L=+1.00 R=+1.00 | carry=0 | base=0.80 ba=-0.93 | site=1 sd=0.23 sa=-0.02 | phero=0 pd=0.00 pa=+0.00 | srch=0.25 | wall=1.71
R4[SITE      ]: L=+0.96 R=+1.00 | carry=0 | base=0.45 ba=-0.99 | site=1 sd=0.31 sa=+0.05 | phero=0 pd=0.00 pa=+0.00 | srch=0.12 | wall=3.36

[PICKUP] Robot 3 picked up tag (density=10) | Total: 147
[PICKUP] Robot 4 picked up tag (density=3) | Total: 148

======================================================================
Step 80500 (42.9 min) | Pickups: 148 | Deposits: 146 | Rate: 3.40 tags/min | phero_entries=9 phero_max=0.382
======================================================================
R1[SITE      ]: L=+1.00 R=+1.00 | carry=0 | base=1.20 ba=+0.37 | site=1 sd=0.38 sa=+0.26 | phero=0 pd=0.00 pa=+0.00 | srch=0.43 | wall=1.47
R2[SITE      ]: L=+1.00 R=+1.00 | carry=0 | base=0.61 ba=-0.99 | site=1 sd=0.69 sa=+0.35 | phero=0 pd=0.00 pa=+0.00 | srch=0.15 | wall=2.72
R3[RTB       ]: L=+1.00 R=+1.00 | carry=1 | base=0.83 ba=-0.00 | site=0 sd=0.00 sa=+0.00 | phero=0 pd=0.00 pa=+0.00 | srch=0.00 | wall=1.60
R4[RTB       ]: L=+1.00 R=+1.00 | carry=1 | base=0.65 ba=+0.00 | site=0 sd=0.00 sa=+0.00 | phero=0 pd=0.00 pa=+0.00 | srch=0.00 | wall=2.69


======================================================================
Step 81000 (43.2 min) | Pickups: 148 | Deposits: 146 | Rate: 3.38 tags/min | phero_entries=8 phero_max=0.171
======================================================================
R1[SITE      ]: L=+0.88 R=+1.00 | carry=0 | base=0.91 ba=-0.12 | site=1 sd=0.17 sa=+0.25 | phero=0 pd=0.00 pa=+0.00 | srch=0.56 | wall=1.66
R2[SITE      ]: L=+0.94 R=+1.00 | carry=0 | base=1.14 ba=+0.80 | site=1 sd=0.59 sa=+0.39 | phero=0 pd=0.00 pa=+0.00 | srch=0.28 | wall=1.06
R3[RTB       ]: L=+1.00 R=+1.00 | carry=1 | base=0.28 ba=-0.00 | site=0 sd=0.00 sa=+0.00 | phero=0 pd=0.00 pa=+0.00 | srch=0.00 | wall=3.51
R4[RTB       ]: L=+1.00 R=+1.00 | carry=1 | base=0.10 ba=+0.00 | site=0 sd=0.00 sa=+0.00 | phero=0 pd=0.00 pa=+0.00 | srch=0.00 | wall=4.22

[DEPOSIT] Robot 4 deposited! Total: 147
  [PHERO] Laid at (2.04, -1.70) density=3 prob=0.65 total_entries=9
  [TARGET] Robot 4 → SITE (2.04,-1.70)
[DEPOSIT] Robot 3 deposited! Total: 148
  [PHERO] Laid at (0.25, 3.58) density=10 prob=1.00 total_entries=9
  [TARGET] Robot 3 → SITE (0.25,3.58)

======================================================================
Step 81500 (43.5 min) | Pickups: 148 | Deposits: 148 | Rate: 3.40 tags/min | phero_entries=8 phero_max=0.613
======================================================================
R1[EXPLORE   ]: L=+1.00 R=+1.00 | carry=0 | base=0.94 ba=-0.62 | site=0 sd=0.00 sa=+0.00 | phero=0 pd=0.00 pa=+0.00 | srch=0.68 | wall=1.68
R2[SITE      ]: L=+1.00 R=+0.97 | carry=0 | base=1.09 ba=+0.36 | site=1 sd=0.25 sa=-0.14 | phero=0 pd=0.00 pa=+0.00 | srch=0.40 | wall=0.78
R3[SITE      ]: L=+1.00 R=+1.00 | carry=0 | base=0.28 ba=+1.00 | site=1 sd=0.78 sa=+0.18 | phero=0 pd=0.00 pa=+0.00 | srch=0.08 | wall=3.63
R4[SITE      ]: L=+0.98 R=+1.00 | carry=0 | base=0.44 ba=-0.98 | site=1 sd=0.32 sa=+0.06 | phero=0 pd=0.00 pa=+0.00 | srch=0.12 | wall=3.39

[PICKUP] Robot 2 picked up tag (density=16) | Total: 149
[PICKUP] Robot 4 picked up tag (density=2) | Total: 150

======================================================================
Step 82000 (43.7 min) | Pickups: 150 | Deposits: 148 | Rate: 3.38 tags/min | phero_entries=7 phero_max=0.275
======================================================================
R1[WALL_ESC  ]: L=+1.00 R=+0.04 | carry=0 | base=1.20 ba=-0.23 | site=0 sd=0.00 sa=+0.00 | phero=0 pd=0.00 pa=+0.00 | srch=0.81 | wall=0.34
R2[RTB       ]: L=+1.00 R=+1.00 | carry=1 | base=0.68 ba=+0.00 | site=0 sd=0.00 sa=+0.00 | phero=0 pd=0.00 pa=+0.00 | srch=0.00 | wall=2.14
R3[SITE      ]: L=+0.98 R=+0.95 | carry=0 | base=0.76 ba=+0.78 | site=1 sd=0.28 sa=-0.11 | phero=0 pd=0.00 pa=+0.00 | srch=0.20 | wall=1.88
R4[RTB       ]: L=+0.99 R=+1.00 | carry=1 | base=0.69 ba=+0.00 | site=0 sd=0.00 sa=+0.00 | phero=0 pd=0.00 pa=+0.00 | srch=0.00 | wall=2.58


======================================================================
Step 82500 (44.0 min) | Pickups: 150 | Deposits: 148 | Rate: 3.36 tags/min | phero_entries=6 phero_max=0.124
======================================================================
R1[EXPLORE   ]: L=+1.00 R=+1.00 | carry=0 | base=0.75 ba=-0.24 | site=0 sd=0.00 sa=+0.00 | phero=0 pd=0.00 pa=+0.00 | srch=0.93 | wall=1.91
R2[RTB       ]: L=+1.00 R=+1.00 | carry=1 | base=0.13 ba=+0.00 | site=0 sd=0.00 sa=+0.00 | phero=0 pd=0.00 pa=+0.00 | srch=0.00 | wall=4.06
R3[SITE      ]: L=+0.07 R=+0.06 | carry=0 | base=1.01 ba=-0.90 | site=1 sd=0.02 sa=-0.03 | phero=0 pd=0.00 pa=+0.00 | srch=0.33 | wall=0.96
R4[RTB       ]: L=+1.00 R=+1.00 | carry=1 | base=0.14 ba=+0.00 | site=0 sd=0.00 sa=+0.00 | phero=0 pd=0.00 pa=+0.00 | srch=0.00 | wall=4.12

[DEPOSIT] Robot 2 deposited! Total: 149
  [PHERO] Laid at (-0.39, -3.66) density=16 prob=1.00 total_entries=7
  [TARGET] Robot 2 → SITE (-0.39,-3.66)
[PICKUP] Robot 3 picked up tag (density=9) | Total: 151
[DEPOSIT] Robot 4 deposited! Total: 150
  [TARGET] Robot 4 → SITE (2.09,-1.69)

======================================================================
Step 83000 (44.3 min) | Pickups: 151 | Deposits: 150 | Rate: 3.39 tags/min | phero_entries=7 phero_max=0.488
======================================================================
R1[EXPLORE   ]: L=+1.00 R=+1.00 | carry=0 | base=0.66 ba=+0.99 | site=0 sd=0.00 sa=+0.00 | phero=0 pd=0.00 pa=+0.00 | srch=1.00 | wall=2.83
R2[SITE      ]: L=+1.00 R=+1.00 | carry=0 | base=0.44 ba=+0.98 | site=1 sd=0.73 sa=-0.31 | phero=0 pd=0.00 pa=+0.00 | srch=0.11 | wall=3.15
R3[RTB       ]: L=+1.00 R=+1.00 | carry=1 | base=0.70 ba=+0.00 | site=0 sd=0.00 sa=+0.00 | phero=0 pd=0.00 pa=+0.00 | srch=0.00 | wall=2.07
R4[SITE      ]: L=+1.00 R=+0.97 | carry=0 | base=0.42 ba=-0.83 | site=1 sd=0.39 sa=-0.02 | phero=0 pd=0.00 pa=+0.00 | srch=0.11 | wall=3.15


======================================================================
Step 83500 (44.5 min) | Pickups: 151 | Deposits: 150 | Rate: 3.37 tags/min | phero_entries=5 phero_max=0.219
======================================================================
R1[EXPLORE   ]: L=+1.00 R=+1.00 | carry=0 | base=1.21 ba=+1.00 | site=0 sd=0.00 sa=+0.00 | phero=0 pd=0.00 pa=+0.00 | srch=1.00 | wall=1.48
R2[SITE      ]: L=+1.00 R=+1.00 | carry=0 | base=0.93 ba=-0.77 | site=1 sd=0.45 sa=-0.25 | phero=0 pd=0.00 pa=+0.00 | srch=0.24 | wall=1.43
R3[RTB       ]: L=+1.00 R=+1.00 | carry=1 | base=0.15 ba=+0.00 | site=0 sd=0.00 sa=+0.00 | phero=0 pd=0.00 pa=+0.00 | srch=0.00 | wall=3.99
R4[EXPLORE   ]: L=+1.00 R=+0.24 | carry=0 | base=0.76 ba=-1.00 | site=0 sd=0.00 sa=+0.00 | phero=0 pd=0.00 pa=+0.00 | srch=0.23 | wall=2.45

[DEPOSIT] Robot 3 deposited! Total: 151
  [PHERO] Laid at (0.24, 3.65) density=9 prob=1.00 total_entries=6
  [TARGET] Robot 3 → SITE (0.24,3.65)

======================================================================
Step 84000 (44.8 min) | Pickups: 151 | Deposits: 151 | Rate: 3.37 tags/min | phero_entries=5 phero_max=0.502
======================================================================
R1[WALL_ESC  ]: L=+0.00 R=+1.00 | carry=0 | base=1.68 ba=+0.33 | site=0 sd=0.00 sa=+0.00 | phero=0 pd=0.00 pa=+0.00 | srch=1.00 | wall=0.33
R2[SITE      ]: L=+1.00 R=+1.00 | carry=0 | base=1.10 ba=-0.21 | site=1 sd=0.17 sa=+0.17 | phero=0 pd=0.00 pa=+0.00 | srch=0.36 | wall=0.65
R3[SITE      ]: L=+1.00 R=+1.00 | carry=0 | base=0.42 ba=+0.98 | site=1 sd=0.72 sa=-0.29 | phero=0 pd=0.00 pa=+0.00 | srch=0.11 | wall=3.20
R4[EXPLORE   ]: L=+1.00 R=+0.71 | carry=0 | base=0.76 ba=-0.28 | site=0 sd=0.00 sa=+0.00 | phero=0 pd=0.00 pa=+0.00 | srch=0.36 | wall=2.59

[PICKUP] Robot 2 picked up tag (density=12) | Total: 152

======================================================================
Step 84500 (45.1 min) | Pickups: 152 | Deposits: 151 | Rate: 3.35 tags/min | phero_entries=4 phero_max=0.225
======================================================================
R1[EXPLORE   ]: L=+1.00 R=+1.00 | carry=0 | base=1.18 ba=+0.10 | site=0 sd=0.00 sa=+0.00 | phero=0 pd=0.00 pa=+0.00 | srch=1.00 | wall=1.28
R2[RTB       ]: L=+1.00 R=+1.00 | carry=1 | base=0.58 ba=-0.00 | site=0 sd=0.00 sa=+0.00 | phero=0 pd=0.00 pa=+0.00 | srch=0.00 | wall=2.48
R3[SITE      ]: L=+1.00 R=+0.97 | carry=0 | base=0.90 ba=-0.75 | site=1 sd=0.36 sa=-0.17 | phero=0 pd=0.00 pa=+0.00 | srch=0.23 | wall=1.48
R4[EXPLORE   ]: L=+1.00 R=+0.40 | carry=0 | base=0.68 ba=+0.53 | site=0 sd=0.00 sa=+0.00 | phero=0 pd=0.00 pa=+0.00 | srch=0.48 | wall=2.70

[PICKUP] Robot 3 picked up tag (density=8) | Total: 153
[DEPOSIT] Robot 2 deposited! Total: 152
  [PHERO] Laid at (0.07, -3.72) density=12 prob=1.00 total_entries=5
  [TARGET] Robot 2 → SITE (0.07,-3.72)
[PICKUP] Robot 4 picked up tag (density=1) | Total: 154

======================================================================
Step 85000 (45.3 min) | Pickups: 154 | Deposits: 152 | Rate: 3.35 tags/min | phero_entries=5 phero_max=0.941
======================================================================
R1[EXPLORE   ]: L=+1.00 R=+1.00 | carry=0 | base=0.69 ba=+0.18 | site=0 sd=0.00 sa=+0.00 | phero=0 pd=0.00 pa=+0.00 | srch=1.00 | wall=2.31
R2[BASE_ESC  ]: L=+0.00 R=+1.00 | carry=0 | base=0.06 ba=-0.35 | site=1 sd=1.00 sa=+0.68 | phero=0 pd=0.00 pa=+0.00 | srch=0.01 | wall=4.28
R3[RTB       ]: L=+1.00 R=+1.00 | carry=1 | base=0.91 ba=-0.00 | site=0 sd=0.00 sa=+0.00 | phero=0 pd=0.00 pa=+0.00 | srch=0.00 | wall=1.33
R4[RTB       ]: L=+1.00 R=+0.00 | carry=1 | base=0.75 ba=-0.72 | site=0 sd=0.00 sa=+0.00 | phero=0 pd=0.00 pa=+0.00 | srch=0.00 | wall=2.39


======================================================================
Step 85500 (45.6 min) | Pickups: 154 | Deposits: 152 | Rate: 3.33 tags/min | phero_entries=4 phero_max=0.423
======================================================================
R1[EXPLORE   ]: L=+1.00 R=+1.00 | carry=0 | base=0.38 ba=+0.48 | site=0 sd=0.00 sa=+0.00 | phero=0 pd=0.00 pa=+0.00 | srch=1.00 | wall=3.34
R2[SITE      ]: L=+1.00 R=+1.00 | carry=0 | base=0.54 ba=-0.99 | site=1 sd=0.67 sa=+0.33 | phero=0 pd=0.00 pa=+0.00 | srch=0.13 | wall=2.88
R3[RTB       ]: L=+1.00 R=+1.00 | carry=1 | base=0.36 ba=-0.00 | site=0 sd=0.00 sa=+0.00 | phero=0 pd=0.00 pa=+0.00 | srch=0.00 | wall=3.25
R4[RTB       ]: L=+1.00 R=+1.00 | carry=1 | base=0.30 ba=-0.00 | site=0 sd=0.00 sa=+0.00 | phero=0 pd=0.00 pa=+0.00 | srch=0.00 | wall=3.69

[DEPOSIT] Robot 4 deposited! Total: 153
  [TARGET] Robot 4 → PHERO (0.07,-3.72)
[DEPOSIT] Robot 3 deposited! Total: 154
  [PHERO] Laid at (0.09, 3.66) density=8 prob=1.00 total_entries=4
  [TARGET] Robot 3 → SITE (0.09,3.66)

======================================================================
Step 86000 (45.9 min) | Pickups: 154 | Deposits: 154 | Rate: 3.36 tags/min | phero_entries=4 phero_max=0.682
======================================================================
R1[EXPLORE   ]: L=+1.00 R=+1.00 | carry=0 | base=0.64 ba=+0.79 | site=0 sd=0.00 sa=+0.00 | phero=0 pd=0.00 pa=+0.00 | srch=1.00 | wall=2.28
R2[SITE      ]: L=+0.97 R=+1.00 | carry=0 | base=1.03 ba=+0.73 | site=1 sd=0.41 sa=+0.27 | phero=0 pd=0.00 pa=+0.00 | srch=0.26 | wall=1.14
R3[SITE      ]: L=+1.00 R=+1.00 | carry=0 | base=0.21 ba=+1.00 | site=1 sd=0.85 sa=+0.14 | phero=0 pd=0.00 pa=+0.00 | srch=0.06 | wall=3.82
R4[PHERO     ]: L=+0.58 R=+0.57 | carry=0 | base=0.13 ba=-0.89 | site=0 sd=0.00 sa=+0.00 | phero=1 pd=0.93 pa=+0.03 | srch=0.07 | wall=4.04

[PICKUP] Robot 2 picked up tag (density=10) | Total: 155

======================================================================
Step 86500 (46.1 min) | Pickups: 155 | Deposits: 154 | Rate: 3.34 tags/min | phero_entries=4 phero_max=0.307
======================================================================
R1[EXPLORE   ]: L=+1.00 R=+1.00 | carry=0 | base=1.12 ba=+0.89 | site=0 sd=0.00 sa=+0.00 | phero=0 pd=0.00 pa=+0.00 | srch=1.00 | wall=0.72
R2[RTB       ]: L=+1.00 R=+1.00 | carry=1 | base=1.06 ba=+0.00 | site=0 sd=0.00 sa=+0.00 | phero=0 pd=0.00 pa=+0.00 | srch=0.00 | wall=0.80
R3[SITE      ]: L=+1.00 R=+1.00 | carry=0 | base=0.73 ba=+0.82 | site=1 sd=0.35 sa=-0.01 | phero=0 pd=0.00 pa=+0.00 | srch=0.18 | wall=2.01
R4[PHERO     ]: L=+0.72 R=+0.73 | carry=0 | base=0.38 ba=-0.83 | site=0 sd=0.00 sa=+0.00 | phero=1 pd=0.69 pa=+0.25 | srch=0.20 | wall=3.18

[PICKUP] Robot 3 picked up tag (density=7) | Total: 156

======================================================================
Step 87000 (46.4 min) | Pickups: 156 | Deposits: 154 | Rate: 3.32 tags/min | phero_entries=3 phero_max=0.138
======================================================================
R1[EXPLORE   ]: L=+1.00 R=+1.00 | carry=0 | base=1.01 ba=+0.27 | site=0 sd=0.00 sa=+0.00 | phero=0 pd=0.00 pa=+0.00 | srch=1.00 | wall=1.40
R2[RTB       ]: L=+1.00 R=+1.00 | carry=1 | base=0.51 ba=+0.00 | site=0 sd=0.00 sa=+0.00 | phero=0 pd=0.00 pa=+0.00 | srch=0.00 | wall=2.72
R3[RTB       ]: L=+0.83 R=+1.00 | carry=1 | base=1.06 ba=+0.06 | site=0 sd=0.00 sa=+0.00 | phero=0 pd=0.00 pa=+0.00 | srch=0.00 | wall=0.81
R4[PHERO     ]: L=+0.90 R=+0.92 | carry=0 | base=0.82 ba=+0.93 | site=0 sd=0.00 sa=+0.00 | phero=1 pd=0.34 pa=+0.22 | srch=0.32 | wall=1.73

[PICKUP] Robot 4 picked up tag (density=8) | Total: 157
[DEPOSIT] Robot 2 deposited! Total: 155
  [PHERO] Laid at (-0.38, -4.08) density=10 prob=1.00 total_entries=4
  [TARGET] Robot 2 → SITE (-0.38,-4.08)

======================================================================
Step 87500 (46.7 min) | Pickups: 157 | Deposits: 155 | Rate: 3.32 tags/min | phero_entries=4 phero_max=0.854
======================================================================
R1[EXPLORE   ]: L=+1.00 R=+1.00 | carry=0 | base=0.78 ba=+0.45 | site=0 sd=0.00 sa=+0.00 | phero=0 pd=0.00 pa=+0.00 | srch=1.00 | wall=2.11
R2[BASE_ESC  ]: L=+1.00 R=+0.21 | carry=0 | base=0.07 ba=+0.80 | site=1 sd=1.00 sa=-0.27 | phero=0 pd=0.00 pa=+0.00 | srch=0.02 | wall=4.27
R3[RTB       ]: L=+1.00 R=+1.00 | carry=1 | base=0.51 ba=+0.00 | site=0 sd=0.00 sa=+0.00 | phero=0 pd=0.00 pa=+0.00 | srch=0.00 | wall=2.72
R4[RTB       ]: L=+1.00 R=+1.00 | carry=1 | base=0.49 ba=+0.00 | site=0 sd=0.00 sa=+0.00 | phero=0 pd=0.00 pa=+0.00 | srch=0.00 | wall=2.83

[DEPOSIT] Robot 4 deposited! Total: 156
  [PHERO] Laid at (-0.67, -2.95) density=8 prob=1.00 total_entries=5
  [TARGET] Robot 4 → SITE (-0.67,-2.95)
[DEPOSIT] Robot 3 deposited! Total: 157
  [PHERO] Laid at (0.05, 3.77) density=7 prob=0.99 total_entries=5
  [TARGET] Robot 3 → SITE (0.05,3.77)

======================================================================
Step 88000 (46.9 min) | Pickups: 157 | Deposits: 157 | Rate: 3.35 tags/min | phero_entries=5 phero_max=0.851
======================================================================
R1[EXPLORE   ]: L=+1.00 R=+1.00 | carry=0 | base=0.80 ba=+0.40 | site=0 sd=0.00 sa=+0.00 | phero=0 pd=0.00 pa=+0.00 | srch=1.00 | wall=1.74
R2[SITE      ]: L=+1.00 R=+1.00 | carry=0 | base=0.60 ba=-0.98 | site=1 sd=0.70 sa=-0.27 | phero=0 pd=0.00 pa=+0.00 | srch=0.15 | wall=2.56
R3[BASE_ESC  ]: L=+1.00 R=+0.24 | carry=0 | base=0.07 ba=+0.81 | site=1 sd=1.00 sa=-0.27 | phero=0 pd=0.00 pa=+0.00 | srch=0.03 | wall=4.27
R4[SITE      ]: L=+1.00 R=+0.91 | carry=0 | base=0.08 ba=+0.94 | site=1 sd=0.79 sa=-0.17 | phero=0 pd=0.00 pa=+0.00 | srch=0.03 | wall=4.22


======================================================================
Step 88500 (47.2 min) | Pickups: 157 | Deposits: 157 | Rate: 3.33 tags/min | phero_entries=5 phero_max=0.382
======================================================================
R1[EXPLORE   ]: L=+1.00 R=+1.00 | carry=0 | base=0.82 ba=+0.62 | site=0 sd=0.00 sa=+0.00 | phero=0 pd=0.00 pa=+0.00 | srch=1.00 | wall=2.34
R2[SITE      ]: L=+1.00 R=+1.00 | carry=0 | base=1.10 ba=-0.81 | site=1 sd=0.33 sa=-0.29 | phero=0 pd=0.00 pa=+0.00 | srch=0.27 | wall=0.72
R3[SITE      ]: L=+1.00 R=+0.98 | carry=0 | base=0.60 ba=-0.88 | site=1 sd=0.63 sa=-0.20 | phero=0 pd=0.00 pa=+0.00 | srch=0.15 | wall=2.68
R4[SITE      ]: L=+0.80 R=+0.81 | carry=0 | base=0.59 ba=-0.82 | site=1 sd=0.28 sa=+0.13 | phero=0 pd=0.00 pa=+0.00 | srch=0.16 | wall=2.47

[PICKUP] Robot 2 picked up tag (density=10) | Total: 158

======================================================================
Step 89000 (47.5 min) | Pickups: 158 | Deposits: 157 | Rate: 3.31 tags/min | phero_entries=5 phero_max=0.172
======================================================================
R1[EXPLORE   ]: L=+1.00 R=+1.00 | carry=0 | base=1.14 ba=+0.77 | site=0 sd=0.00 sa=+0.00 | phero=0 pd=0.00 pa=+0.00 | srch=1.00 | wall=0.64
R2[RTB       ]: L=+1.00 R=+1.00 | carry=1 | base=0.90 ba=-0.00 | site=0 sd=0.00 sa=+0.00 | phero=0 pd=0.00 pa=+0.00 | srch=0.00 | wall=1.33
R3[SITE      ]: L=+0.91 R=+0.90 | carry=0 | base=0.99 ba=-0.73 | site=1 sd=0.13 sa=-0.01 | phero=0 pd=0.00 pa=+0.00 | srch=0.28 | wall=1.04
R4[SITE      ]: L=+0.13 R=+1.00 | carry=0 | base=0.88 ba=+0.34 | site=1 sd=0.01 sa=+0.42 | phero=0 pd=0.00 pa=+0.00 | srch=0.28 | wall=1.50

[PICKUP] Robot 3 picked up tag (density=6) | Total: 159
[PICKUP] Robot 4 picked up tag (density=7) | Total: 160

======================================================================
Step 89500 (47.7 min) | Pickups: 160 | Deposits: 157 | Rate: 3.29 tags/min | phero_entries=4 phero_max=0.077
======================================================================
R1[EXPLORE   ]: L=+1.00 R=+1.00 | carry=0 | base=0.89 ba=+0.18 | site=0 sd=0.00 sa=+0.00 | phero=0 pd=0.00 pa=+0.00 | srch=1.00 | wall=1.40
R2[RTB       ]: L=+1.00 R=+1.00 | carry=1 | base=0.36 ba=-0.00 | site=0 sd=0.00 sa=+0.00 | phero=0 pd=0.00 pa=+0.00 | srch=0.00 | wall=3.25
R3[RTB       ]: L=+1.00 R=+1.00 | carry=1 | base=0.78 ba=-0.00 | site=0 sd=0.00 sa=+0.00 | phero=0 pd=0.00 pa=+0.00 | srch=0.00 | wall=1.79
R4[RTB       ]: L=+0.00 R=+1.00 | carry=1 | base=0.87 ba=+0.67 | site=0 sd=0.00 sa=+0.00 | phero=0 pd=0.00 pa=+0.00 | srch=0.00 | wall=1.48

[GIVE-UP] R1 giving up after 10741 steps
[DEPOSIT] Robot 2 deposited! Total: 158
  [PHERO] Laid at (0.06, -3.61) density=10 prob=1.00 total_entries=5
  [TARGET] Robot 2 → SITE (0.06,-3.61)

======================================================================
Step 90000 (48.0 min) | Pickups: 160 | Deposits: 158 | Rate: 3.29 tags/min | phero_entries=5 phero_max=0.681
======================================================================
R1[GIVE_UP   ]: L=+1.00 R=+1.00 | carry=0 | base=0.35 ba=+0.00 | site=0 sd=0.00 sa=+0.00 | phero=0 pd=0.00 pa=+0.00 | srch=1.00 | wall=3.27
R2[SITE      ]: L=+1.00 R=+1.00 | carry=0 | base=0.21 ba=-0.96 | site=1 sd=0.85 sa=+0.22 | phero=0 pd=0.00 pa=+0.00 | srch=0.06 | wall=3.84
R3[RTB       ]: L=+1.00 R=+1.00 | carry=1 | base=0.23 ba=-0.00 | site=0 sd=0.00 sa=+0.00 | phero=0 pd=0.00 pa=+0.00 | srch=0.00 | wall=3.70
R4[RTB       ]: L=+1.00 R=+1.00 | carry=1 | base=0.41 ba=+0.00 | site=0 sd=0.00 sa=+0.00 | phero=0 pd=0.00 pa=+0.00 | srch=0.00 | wall=3.06

[DEPOSIT] Robot 3 deposited! Total: 159
  [PHERO] Laid at (0.09, 3.82) density=6 prob=0.97 total_entries=5
  [TARGET] Robot 3 → SITE (0.09,3.82)
[EMPTY_RTN] R1 → phero(0.06,-3.61)
[DEPOSIT] Robot 4 deposited! Total: 160
  [PHERO] Laid at (-0.53, -2.99) density=7 prob=0.99 total_entries=6
  [TARGET] Robot 4 → SITE (-0.53,-2.99)

======================================================================
Step 90500 (48.3 min) | Pickups: 160 | Deposits: 160 | Rate: 3.31 tags/min | phero_entries=6 phero_max=0.741
======================================================================
R1[PHERO     ]: L=+1.00 R=+1.00 | carry=0 | base=0.21 ba=+0.97 | site=0 sd=0.00 sa=+0.00 | phero=1 pd=0.96 pa=+0.40 | srch=0.06 | wall=3.82
R2[SITE      ]: L=+0.99 R=+1.00 | carry=0 | base=0.73 ba=+0.87 | site=1 sd=0.45 sa=+0.20 | phero=0 pd=0.00 pa=+0.00 | srch=0.19 | wall=2.11
R3[SITE      ]: L=+1.00 R=+1.00 | carry=0 | base=0.31 ba=+0.99 | site=1 sd=0.78 sa=+0.04 | phero=0 pd=0.00 pa=+0.00 | srch=0.09 | wall=3.41
R4[SITE      ]: L=+1.00 R=+0.97 | carry=0 | base=0.15 ba=+0.99 | site=1 sd=0.73 sa=-0.17 | phero=0 pd=0.00 pa=+0.00 | srch=0.05 | wall=3.98


======================================================================
Step 91000 (48.5 min) | Pickups: 160 | Deposits: 160 | Rate: 3.30 tags/min | phero_entries=6 phero_max=0.333
======================================================================
R1[PHERO     ]: L=+1.00 R=+1.00 | carry=0 | base=0.76 ba=+0.99 | site=0 sd=0.00 sa=+0.00 | phero=1 pd=0.95 pa=+0.59 | srch=0.19 | wall=2.17
R2[WALL_ESC  ]: L=+0.00 R=+1.00 | carry=0 | base=1.20 ba=+0.50 | site=1 sd=0.25 sa=+0.27 | phero=0 pd=0.00 pa=+0.00 | srch=0.31 | wall=0.33
R3[SITE      ]: L=+0.55 R=+0.57 | carry=0 | base=0.59 ba=-0.98 | site=1 sd=0.52 sa=+0.14 | phero=0 pd=0.00 pa=+0.00 | srch=0.21 | wall=2.49
R4[SITE      ]: L=+1.00 R=+1.00 | carry=0 | base=0.66 ba=-0.91 | site=1 sd=0.20 sa=+0.14 | phero=0 pd=0.00 pa=+0.00 | srch=0.17 | wall=2.22

[PICKUP] Robot 2 picked up tag (density=9) | Total: 161
[PICKUP] Robot 4 picked up tag (density=6) | Total: 162

======================================================================
Step 91500 (48.8 min) | Pickups: 162 | Deposits: 160 | Rate: 3.28 tags/min | phero_entries=6 phero_max=0.150
======================================================================
R1[PHERO     ]: L=+1.00 R=+1.00 | carry=0 | base=1.31 ba=+1.00 | site=0 sd=0.00 sa=+0.00 | phero=1 pd=1.00 pa=+0.73 | srch=0.31 | wall=0.51
R2[RTB       ]: L=+1.00 R=+1.00 | carry=1 | base=0.72 ba=+0.00 | site=0 sd=0.00 sa=+0.00 | phero=0 pd=0.00 pa=+0.00 | srch=0.00 | wall=1.99
R3[SITE      ]: L=+0.23 R=+0.24 | carry=0 | base=0.86 ba=+0.91 | site=1 sd=0.26 sa=+0.07 | phero=0 pd=0.00 pa=+0.00 | srch=0.34 | wall=1.52
R4[RTB       ]: L=+1.00 R=+1.00 | carry=1 | base=0.80 ba=+0.00 | site=0 sd=0.00 sa=+0.00 | phero=0 pd=0.00 pa=+0.00 | srch=0.00 | wall=1.74


======================================================================
Step 92000 (49.1 min) | Pickups: 162 | Deposits: 160 | Rate: 3.26 tags/min | phero_entries=5 phero_max=0.067
======================================================================
R1[PHERO     ]: L=+1.00 R=+1.00 | carry=0 | base=1.12 ba=+0.31 | site=0 sd=0.00 sa=+0.00 | phero=1 pd=0.87 pa=-0.03 | srch=0.44 | wall=1.67
R2[RTB       ]: L=+1.00 R=+1.00 | carry=1 | base=0.17 ba=+0.00 | site=0 sd=0.00 sa=+0.00 | phero=0 pd=0.00 pa=+0.00 | srch=0.00 | wall=3.90
R3[SITE      ]: L=+0.09 R=+0.10 | carry=0 | base=0.98 ba=+0.87 | site=1 sd=0.12 sa=+0.03 | phero=0 pd=0.00 pa=+0.00 | srch=0.46 | wall=1.07
R4[RTB       ]: L=+1.00 R=+1.00 | carry=1 | base=0.25 ba=+0.00 | site=0 sd=0.00 sa=+0.00 | phero=0 pd=0.00 pa=+0.00 | srch=0.00 | wall=3.63

[DEPOSIT] Robot 2 deposited! Total: 161
  [PHERO] Laid at (-0.44, -3.96) density=9 prob=1.00 total_entries=6
  [TARGET] Robot 2 → SITE (-0.44,-3.96)
[DEPOSIT] Robot 4 deposited! Total: 162
  [PHERO] Laid at (-0.63, -3.25) density=6 prob=0.97 total_entries=7
  [TARGET] Robot 4 → SITE (-0.63,-3.25)

======================================================================
Step 92500 (49.3 min) | Pickups: 162 | Deposits: 162 | Rate: 3.28 tags/min | phero_entries=5 phero_max=0.585
======================================================================
R1[PHERO     ]: L=+1.00 R=+1.00 | carry=0 | base=0.92 ba=+0.47 | site=0 sd=0.00 sa=+0.00 | phero=1 pd=0.33 pa=-0.09 | srch=0.56 | wall=1.41
R2[SITE      ]: L=+1.00 R=+1.00 | carry=0 | base=0.39 ba=+0.98 | site=1 sd=0.83 sa=-0.27 | phero=0 pd=0.00 pa=+0.00 | srch=0.10 | wall=3.25
R3[EXPLORE   ]: L=+1.00 R=+1.00 | carry=0 | base=1.09 ba=+0.14 | site=0 sd=0.00 sa=+0.00 | phero=0 pd=0.00 pa=+0.00 | srch=0.59 | wall=0.68
R4[SITE      ]: L=+1.00 R=+0.97 | carry=0 | base=0.31 ba=-0.94 | site=1 sd=0.67 sa=-0.12 | phero=0 pd=0.00 pa=+0.00 | srch=0.08 | wall=3.43

[PICKUP] Robot 1 picked up tag (density=5) | Total: 163

======================================================================
Step 93000 (49.6 min) | Pickups: 163 | Deposits: 162 | Rate: 3.27 tags/min | phero_entries=5 phero_max=0.263
======================================================================
R1[RTB       ]: L=+1.00 R=+1.00 | carry=1 | base=0.54 ba=+0.00 | site=0 sd=0.00 sa=+0.00 | phero=0 pd=0.00 pa=+0.00 | srch=0.00 | wall=2.64
R2[SITE      ]: L=+1.00 R=+0.95 | carry=0 | base=0.91 ba=-0.78 | site=1 sd=0.55 sa=-0.23 | phero=0 pd=0.00 pa=+0.00 | srch=0.23 | wall=1.53
R3[EXPLORE   ]: L=+1.00 R=+1.00 | carry=0 | base=0.64 ba=+0.26 | site=0 sd=0.00 sa=+0.00 | phero=0 pd=0.00 pa=+0.00 | srch=0.71 | wall=2.46
R4[SITE      ]: L=+0.97 R=+0.95 | carry=0 | base=0.83 ba=-0.83 | site=1 sd=0.15 sa=-0.05 | phero=0 pd=0.00 pa=+0.00 | srch=0.21 | wall=1.61

[PICKUP] Robot 4 picked up tag (density=4) | Total: 164
[DEPOSIT] Robot 1 deposited! Total: 163
  [PHERO] Laid at (-0.55, -3.17) density=5 prob=0.92 total_entries=6
  [TARGET] Robot 1 → SITE (-0.55,-3.17)

======================================================================
Step 93500 (49.9 min) | Pickups: 164 | Deposits: 163 | Rate: 3.27 tags/min | phero_entries=6 phero_max=0.886
======================================================================
R1[BASE_ESC  ]: L=+1.00 R=+0.00 | carry=0 | base=0.06 ba=+0.61 | site=1 sd=0.86 sa=-0.45 | phero=0 pd=0.00 pa=+0.00 | srch=0.02 | wall=4.28
R2[SITE      ]: L=+1.00 R=+1.00 | carry=0 | base=1.17 ba=-0.57 | site=1 sd=0.09 sa=-0.20 | phero=0 pd=0.00 pa=+0.00 | srch=0.35 | wall=0.40
R3[EXPLORE   ]: L=+0.06 R=+1.00 | carry=0 | base=0.59 ba=-0.51 | site=0 sd=0.00 sa=+0.00 | phero=0 pd=0.00 pa=+0.00 | srch=0.84 | wall=2.62
R4[RTB       ]: L=+1.00 R=+1.00 | carry=1 | base=0.40 ba=-0.00 | site=0 sd=0.00 sa=+0.00 | phero=0 pd=0.00 pa=+0.00 | srch=0.00 | wall=3.12

BATCH_RESULT pickups=164 deposits=163
