=================================================================
CPFA BASELINE — ARGoS-calibrated parameters  (7×7m arena  256 tags)
  Params file                  = /home/sara/Documents/RL-FL-Foraging/controllers/cpfa_baseline/cpfa_params.yaml
  Results file                 = /home/sara/Documents/RL-FL-Foraging/controllers/cpfa_baseline/cpfa_baseline_7x7_results_20260811_135828.txt
  RateOfLayingPheromone        = 9.0
  RateOfSiteFidelity           = 2.29
  RateOfPheromoneDecay         = 0.1 /s  (lifetime ~69s)
  ProbabilityOfReturningToNest = 0.08 (every 5 sec → E[give-up] ~62s)
  UninformedSearchVariation    = 0.13 rad (7.4°)
  RateOfInformedSearchDecay    = 1.26 /waypoint
  ProbabilityOfSwitchingToSearching = 0.55 (every 5 sec in uninformed DEPARTING)
=================================================================

[PICKUP] R11 picked up tag (density=16) | Total: 1
[PICKUP] R15 picked up tag (density=16) | Total: 2
[DEPOSIT] R15 deposited! Total: 1
  [PHERO] Laid at (-0.23, -0.55) density=16 prob=0.99 entries=1
  [TARGET] R15 → SITE (-0.23, -0.55)
[DEPOSIT] R11 deposited! Total: 2
  [PHERO] Laid at (-0.53, -0.53) density=16 prob=0.99 entries=2
  [TARGET] R11 → SITE (-0.53, -0.53)

======================================================================
Step 500 (0.3 min) | Pickups: 2 | Deposits: 2 | Rate: 7.50 tags/min | phero_entries=2 max_w=0.562
======================================================================
R1[SEARCH    ]: carry=0 | base=1.02 | wall=2.68 | search=123 | target=none
R2[SEARCH    ]: carry=0 | base=2.33 | wall=1.35 | search= 32 | target=none
R3[DEPART    ]: carry=0 | base=0.71 | wall=2.84 | search=  0 | target=none
R4[SEARCH    ]: carry=0 | base=1.13 | wall=2.42 | search=344 | target=none
R5[GIVE_UP   ]: carry=0 | base=0.53 | wall=3.05 | search=156 | target=none
R6[SEARCH    ]: carry=0 | base=1.93 | wall=1.97 | search= 32 | target=none
R7[SEARCH    ]: carry=0 | base=1.09 | wall=2.45 | search=304 | target=none
R8[SEARCH    ]: carry=0 | base=1.69 | wall=1.83 | search=186 | target=none
R9[SEARCH    ]: carry=0 | base=0.56 | wall=3.09 | search=170 | target=none
R10[SEARCH    ]: carry=0 | base=0.71 | wall=2.96 | search=344 | target=none
R11[SITE      ]: carry=0 | base=0.45 | wall=3.12 | search=  0 | target=site(-0.53,-0.53)
R12[SEARCH    ]: carry=0 | base=1.56 | wall=2.21 | search=185 | target=none
R13[SEARCH    ]: carry=0 | base=2.21 | wall=1.31 | search=344 | target=none
R14[SEARCH    ]: carry=0 | base=1.95 | wall=1.89 | search=344 | target=none
R15[SITE      ]: carry=0 | base=0.47 | wall=3.04 | search=  0 | target=site(-0.23,-0.55)
R16[SEARCH    ]: carry=0 | base=1.56 | wall=1.95 | search=344 | target=none

[PICKUP] R11 picked up tag (density=14) | Total: 3
  [GIVE-UP] R5 returned empty after 156 searching steps
  [TARGET] R5 → PHERO (-0.53, -0.53)
[PICKUP] R15 picked up tag (density=13) | Total: 4
[PICKUP] R3 picked up tag (density=16) | Total: 5
[PICKUP] R14 picked up tag (density=16) | Total: 6
[PICKUP] R9 picked up tag (density=16) | Total: 7
[PICKUP] R8 picked up tag (density=16) | Total: 8
[PICKUP] R4 picked up tag (density=16) | Total: 9
[DEPOSIT] R11 deposited! Total: 3
  [PHERO] Laid at (-0.35, -0.44) density=14 prob=0.96 entries=3
  [TARGET] R11 → SITE (-0.35, -0.44)
[PICKUP] R7 picked up tag (density=16) | Total: 10
[PICKUP] R5 picked up tag (density=12) | Total: 11
[PICKUP] R6 picked up tag (density=16) | Total: 12
[PICKUP] R1 picked up tag (density=16) | Total: 13
[DEPOSIT] R15 deposited! Total: 4
  [PHERO] Laid at (-0.25, -0.53) density=13 prob=0.93 entries=4
  [TARGET] R15 → SITE (-0.25, -0.53)

======================================================================
Step 1000 (0.5 min) | Pickups: 13 | Deposits: 4 | Rate: 7.50 tags/min | phero_entries=4 max_w=0.869
======================================================================
R1[SURVEY    ]: carry=1 | base=2.29 | wall=1.47 | search=  0 | target=none
R2[WALL_ESC  ]: carry=0 | base=3.82 | wall=0.34 | search=532 | target=none
R3[RTB       ]: carry=1 | base=0.56 | wall=2.97 | search=  0 | target=none
R4[RTB       ]: carry=1 | base=1.47 | wall=2.21 | search=  0 | target=none
R5[SURVEY    ]: carry=1 | base=0.62 | wall=3.02 | search=  0 | target=none
R6[SURVEY    ]: carry=1 | base=3.31 | wall=1.03 | search=  0 | target=none
R7[SURVEY    ]: carry=1 | base=2.33 | wall=1.17 | search=  0 | target=none
R8[RTB       ]: carry=1 | base=2.52 | wall=1.01 | search=  0 | target=none
R9[SURVEY    ]: carry=1 | base=1.24 | wall=2.27 | search=  0 | target=none
R10[SEARCH    ]: carry=0 | base=2.44 | wall=1.54 | search=844 | target=none
R11[BASE_ESC  ]: carry=0 | base=0.18 | wall=3.33 | search=  0 | target=site(-0.35,-0.44)
R12[SEARCH    ]: carry=0 | base=3.16 | wall=0.96 | search=685 | target=none
R13[SEARCH    ]: carry=0 | base=3.14 | wall=0.38 | search=844 | target=none
R14[RTB       ]: carry=1 | base=2.52 | wall=1.32 | search=  0 | target=none
R15[BASE_ESC  ]: carry=0 | base=0.24 | wall=3.26 | search=  0 | target=site(-0.25,-0.53)
R16[GIVE_UP   ]: carry=0 | base=2.04 | wall=1.47 | search=624 | target=none

[DEPOSIT] R3 deposited! Total: 5
  [PHERO] Laid at (0.26, -1.05) density=16 prob=0.99 entries=5
  [TARGET] R3 → SITE (0.26, -1.05)
[PICKUP] R16 picked up tag (density=15) | Total: 14
[DEPOSIT] R9 deposited! Total: 6
  [PHERO] Laid at (-1.22, -0.16) density=16 prob=0.99 entries=6
  [TARGET] R9 → SITE (-1.22, -0.16)
[DEPOSIT] R5 deposited! Total: 7
  [PHERO] Laid at (-0.39, -0.48) density=12 prob=0.88 entries=7
  [TARGET] R5 → SITE (-0.39, -0.48)
[DEPOSIT] R4 deposited! Total: 8
  [PHERO] Laid at (-0.73, 1.29) density=16 prob=0.99 entries=8
  [TARGET] R4 → SITE (-0.73, 1.29)

======================================================================
Step 1500 (0.8 min) | Pickups: 14 | Deposits: 8 | Rate: 10.00 tags/min | phero_entries=8 max_w=0.592
======================================================================
R1[RTB       ]: carry=1 | base=1.15 | wall=2.46 | search=  0 | target=none
R2[SEARCH    ]: carry=0 | base=4.15 | wall=0.37 | search=1032 | target=none
R3[SEARCH    ]: carry=0 | base=1.09 | wall=2.45 | search= 81 | target=site(0.26,-1.05)
R4[SITE      ]: carry=0 | base=0.42 | wall=3.10 | search=  0 | target=site(-0.73,1.29)
R5[SITE      ]: carry=0 | base=0.36 | wall=3.16 | search=  0 | target=site(-0.39,-0.48)
R6[RTB       ]: carry=1 | base=1.88 | wall=2.11 | search=  0 | target=none
R7[RTB       ]: carry=1 | base=1.02 | wall=2.48 | search=  0 | target=none
R8[RTB       ]: carry=1 | base=0.95 | wall=2.55 | search=  0 | target=none
R9[SITE      ]: carry=0 | base=0.66 | wall=2.85 | search=  0 | target=site(-1.22,-0.16)
R10[SEARCH    ]: carry=0 | base=3.38 | wall=0.39 | search=1344 | target=none
R11[BASE_ESC  ]: carry=0 | base=0.24 | wall=3.29 | search=344 | target=site(-0.35,-0.44)
R12[WALL_ESC  ]: carry=0 | base=4.44 | wall=0.30 | search=1185 | target=none
R13[SEARCH    ]: carry=0 | base=3.14 | wall=0.38 | search=1344 | target=none
R14[RTB       ]: carry=1 | base=0.61 | wall=2.98 | search=  0 | target=none
R15[GIVE_UP   ]: carry=0 | base=0.31 | wall=3.28 | search=156 | target=none
R16[RTB       ]: carry=1 | base=1.07 | wall=2.44 | search=  0 | target=none

  [GIVE-UP] R15 returned empty after 156 searching steps
  [TARGET] R15 → PHERO (-0.39, -0.48)
[DEPOSIT] R14 deposited! Total: 9
  [PHERO] Laid at (-1.40, 2.27) density=16 prob=0.99 entries=9
  [TARGET] R14 → SITE (-1.40, 2.27)
[PICKUP] R5 picked up tag (density=11) | Total: 15
[PICKUP] R12 picked up tag (density=16) | Total: 16
[DEPOSIT] R8 deposited! Total: 10
  [PHERO] Laid at (2.47, -0.40) density=16 prob=0.99 entries=10
  [TARGET] R8 → SITE (2.47, -0.40)
[DEPOSIT] R7 deposited! Total: 11
  [PHERO] Laid at (-0.12, 2.33) density=16 prob=0.99 entries=11
  [TARGET] R7 → SITE (-0.12, 2.33)
[DEPOSIT] R16 deposited! Total: 12
  [PHERO] Laid at (0.13, -1.53) density=15 prob=0.98 entries=12
  [TARGET] R16 → SITE (0.13, -1.53)
[PICKUP] R4 picked up tag (density=15) | Total: 17
[DEPOSIT] R1 deposited! Total: 13
  [PHERO] Laid at (2.03, 1.04) density=16 prob=0.99 entries=13
  [TARGET] R1 → SITE (2.03, 1.04)
  [GIVE-UP] R3 returned empty after 468 searching steps
  [TARGET] R3 → PHERO (-0.12, 2.33)
[DEPOSIT] R6 deposited! Total: 14
  [PHERO] Laid at (-2.47, 2.20) density=16 prob=0.99 entries=14
  [TARGET] R6 → SITE (-2.47, 2.20)

======================================================================
Step 2000 (1.1 min) | Pickups: 17 | Deposits: 14 | Rate: 13.12 tags/min | phero_entries=14 max_w=0.787
======================================================================
R1[SITE      ]: carry=0 | base=0.74 | wall=2.80 | search=  0 | target=site(2.03,1.04)
R2[WALL_ESC  ]: carry=0 | base=4.47 | wall=0.34 | search=1532 | target=none
R3[PHERO     ]: carry=0 | base=0.26 | wall=3.27 | search=  0 | target=phero(-0.12,2.33)
R4[RTB       ]: carry=1 | base=1.05 | wall=2.55 | search=  0 | target=none
R5[RTB       ]: carry=1 | base=0.32 | wall=3.24 | search=  0 | target=none
R6[BASE_ESC  ]: carry=0 | base=0.22 | wall=3.32 | search=  0 | target=site(-2.47,2.20)
R7[SITE      ]: carry=0 | base=0.92 | wall=2.58 | search=  0 | target=site(-0.12,2.33)
R8[SITE      ]: carry=0 | base=0.93 | wall=2.58 | search=  0 | target=site(2.47,-0.40)
R9[SEARCH    ]: carry=0 | base=0.52 | wall=2.98 | search=363 | target=site(-1.22,-0.16)
R10[WALL_ESC  ]: carry=0 | base=3.47 | wall=0.31 | search=1844 | target=none
R11[SEARCH    ]: carry=0 | base=0.48 | wall=3.08 | search=844 | target=site(-0.35,-0.44)
R12[RTB       ]: carry=1 | base=3.81 | wall=0.81 | search=  0 | target=none
R13[SEARCH    ]: carry=0 | base=3.14 | wall=0.38 | search=1844 | target=none
R14[SITE      ]: carry=0 | base=1.34 | wall=2.38 | search=  0 | target=site(-1.40,2.27)
R15[BASE_ESC  ]: carry=0 | base=0.25 | wall=3.29 | search=247 | target=phero(-0.39,-0.48)
R16[SITE      ]: carry=0 | base=0.86 | wall=2.65 | search=  0 | target=site(0.13,-1.53)

[DEPOSIT] R5 deposited! Total: 15
  [TARGET] R5 → SITE (-0.45, -0.49)
[PICKUP] R16 picked up tag (density=14) | Total: 18
[DEPOSIT] R4 deposited! Total: 16
  [PHERO] Laid at (-0.58, 1.09) density=15 prob=0.98 entries=15
  [TARGET] R4 → SITE (-0.58, 1.09)
[PICKUP] R5 picked up tag (density=10) | Total: 19
[PICKUP] R7 picked up tag (density=15) | Total: 20
[PICKUP] R15 picked up tag (density=14) | Total: 21
[PICKUP] R11 picked up tag (density=14) | Total: 22

======================================================================
Step 2500 (1.3 min) | Pickups: 22 | Deposits: 16 | Rate: 12.00 tags/min | phero_entries=13 max_w=0.485
======================================================================
R1[SEARCH    ]: carry=0 | base=2.25 | wall=1.47 | search=110 | target=site(2.03,1.04)
R2[SEARCH    ]: carry=0 | base=4.36 | wall=0.39 | search=2032 | target=none
R3[PHERO     ]: carry=0 | base=1.13 | wall=2.38 | search=  0 | target=phero(-0.12,2.33)
R4[SITE      ]: carry=0 | base=0.59 | wall=2.93 | search=  0 | target=site(-0.58,1.09)
R5[SURVEY    ]: carry=1 | base=0.67 | wall=2.98 | search=  0 | target=none
R6[SITE      ]: carry=0 | base=1.99 | wall=1.99 | search=  0 | target=site(-2.47,2.20)
R7[SURVEY    ]: carry=1 | base=2.18 | wall=1.32 | search=  0 | target=none
R8[SEARCH    ]: carry=0 | base=2.52 | wall=0.99 | search=103 | target=site(2.47,-0.40)
R9[SEARCH    ]: carry=0 | base=1.09 | wall=2.53 | search=863 | target=site(-1.22,-0.16)
R10[GIVE_UP   ]: carry=0 | base=2.60 | wall=1.16 | search=2028 | target=none
R11[SURVEY    ]: carry=1 | base=2.10 | wall=1.44 | search=  0 | target=none
R12[RTB       ]: carry=1 | base=1.90 | wall=2.15 | search=  0 | target=none
R13[SEARCH    ]: carry=0 | base=3.16 | wall=0.36 | search=2344 | target=none
R14[SEARCH    ]: carry=0 | base=2.57 | wall=1.26 | search=169 | target=site(-1.40,2.27)
R15[SURVEY    ]: carry=1 | base=1.31 | wall=2.35 | search=  0 | target=none
R16[RTB       ]: carry=1 | base=0.57 | wall=2.94 | search=  0 | target=none

[DEPOSIT] R16 deposited! Total: 17
  [PHERO] Laid at (0.14, -1.17) density=14 prob=0.96 entries=14
  [TARGET] R16 → SITE (0.14, -1.17)
[DEPOSIT] R5 deposited! Total: 18
  [PHERO] Laid at (-0.42, -0.52) density=10 prob=0.71 entries=15
  [TARGET] R5 → SITE (-0.42, -0.52)
[PICKUP] R10 picked up tag (density=13) | Total: 23
[PICKUP] R9 picked up tag (density=15) | Total: 24
[PICKUP] R4 picked up tag (density=13) | Total: 25
[DEPOSIT] R12 deposited! Total: 19
  [PHERO] Laid at (2.69, 2.81) density=16 prob=0.99 entries=16
  [TARGET] R12 → SITE (2.69, 2.81)
[DEPOSIT] R15 deposited! Total: 20
  [PHERO] Laid at (-0.63, 1.14) density=14 prob=0.96 entries=17
  [TARGET] R15 → SITE (-0.63, 1.14)

======================================================================
Step 3000 (1.6 min) | Pickups: 25 | Deposits: 20 | Rate: 12.50 tags/min | phero_entries=17 max_w=0.911
======================================================================
R1[SEARCH    ]: carry=0 | base=3.29 | wall=0.38 | search=610 | target=site(2.03,1.04)
R2[WALL_ESC  ]: carry=0 | base=4.46 | wall=0.33 | search=2532 | target=none
R3[SEARCH    ]: carry=0 | base=2.41 | wall=1.09 | search=156 | target=phero(-0.12,2.33)
R4[SURVEY    ]: carry=1 | base=1.16 | wall=2.41 | search=  0 | target=none
R5[SEARCH    ]: carry=0 | base=0.58 | wall=3.09 | search=119 | target=site(-0.42,-0.52)
R6[SEARCH    ]: carry=0 | base=3.18 | wall=1.06 | search=171 | target=site(-2.47,2.20)
R7[RTB       ]: carry=1 | base=1.24 | wall=2.26 | search=  0 | target=none
R8[GIVE_UP   ]: carry=0 | base=1.58 | wall=1.95 | search=312 | target=none
R9[RTB       ]: carry=1 | base=2.07 | wall=1.90 | search=  0 | target=none
R10[SURVEY    ]: carry=1 | base=1.44 | wall=2.21 | search=  0 | target=none
R11[RTB       ]: carry=1 | base=1.11 | wall=2.40 | search=  0 | target=none
R12[BASE_ESC  ]: carry=0 | base=0.22 | wall=3.32 | search=  0 | target=site(2.69,2.81)
R13[GIVE_UP   ]: carry=0 | base=1.85 | wall=1.66 | search=2496 | target=none
R14[GIVE_UP   ]: carry=0 | base=2.99 | wall=0.90 | search=468 | target=none
R15[BASE_ESC  ]: carry=0 | base=0.22 | wall=3.29 | search=  0 | target=site(-0.63,1.14)
R16[SEARCH    ]: carry=0 | base=1.16 | wall=2.35 | search= 56 | target=site(0.14,-1.17)

[PICKUP] R3 picked up tag (density=13) | Total: 26
[PICKUP] R5 picked up tag (density=9) | Total: 27
[PICKUP] R6 picked up tag (density=15) | Total: 28
[DEPOSIT] R11 deposited! Total: 21
  [PHERO] Laid at (-0.41, 2.06) density=14 prob=0.96 entries=16
  [TARGET] R11 → SITE (-0.41, 2.06)
[DEPOSIT] R7 deposited! Total: 22
  [PHERO] Laid at (-0.12, 2.17) density=15 prob=0.98 entries=16
  [TARGET] R7 → SITE (-0.12, 2.17)
  [GIVE-UP] R16 returned empty after 156 searching steps
  [TARGET] R16 → PHERO (-0.41, 2.06)
  [GIVE-UP] R8 returned empty after 312 searching steps
  [TARGET] R8 → PHERO (-0.12, 2.17)
[DEPOSIT] R4 deposited! Total: 23
  [PHERO] Laid at (-0.41, 1.09) density=13 prob=0.93 entries=17
  [TARGET] R4 → SITE (-0.41, 1.09)
[DEPOSIT] R10 deposited! Total: 24
  [PHERO] Laid at (0.63, -1.30) density=13 prob=0.93 entries=18
  [TARGET] R10 → SITE (0.63, -1.30)
  [GIVE-UP] R13 returned empty after 2496 searching steps
  [TARGET] R13 → PHERO (-0.12, 2.33)
[DEPOSIT] R5 deposited! Total: 25
  [TARGET] R5 → SITE (-0.55, -0.42)

======================================================================
Step 3500 (1.9 min) | Pickups: 28 | Deposits: 25 | Rate: 13.39 tags/min | phero_entries=15 max_w=0.701
======================================================================
R1[SEARCH    ]: carry=0 | base=3.30 | wall=0.38 | search=1110 | target=site(2.03,1.04)
R2[WALL_ESC  ]: carry=0 | base=4.46 | wall=0.34 | search=3032 | target=none
R3[RTB       ]: carry=1 | base=1.67 | wall=1.83 | search=  0 | target=none
R4[SITE      ]: carry=0 | base=0.31 | wall=3.24 | search=  0 | target=site(-0.41,1.09)
R5[BASE_ESC  ]: carry=0 | base=0.24 | wall=3.32 | search=  0 | target=site(-0.55,-0.42)
R6[RTB       ]: carry=1 | base=2.06 | wall=2.00 | search=  0 | target=none
R7[SITE      ]: carry=0 | base=0.66 | wall=2.85 | search=  0 | target=site(-0.12,2.17)
R8[PHERO     ]: carry=0 | base=0.34 | wall=3.24 | search=  0 | target=phero(-0.12,2.17)
R9[RTB       ]: carry=1 | base=0.43 | wall=3.15 | search=  0 | target=none
R10[BASE_ESC  ]: carry=0 | base=0.25 | wall=3.32 | search=  0 | target=site(0.63,-1.30)
R11[SITE      ]: carry=0 | base=0.79 | wall=2.75 | search=  0 | target=site(-0.41,2.06)
R12[SITE      ]: carry=0 | base=1.97 | wall=2.09 | search=  0 | target=site(2.69,2.81)
R13[BASE_ESC  ]: carry=0 | base=0.23 | wall=3.28 | search=  0 | target=phero(-0.12,2.33)
R14[GIVE_UP   ]: carry=0 | base=1.09 | wall=2.56 | search=468 | target=none
R15[SEARCH    ]: carry=0 | base=1.26 | wall=2.36 | search=134 | target=site(-0.63,1.14)
R16[PHERO     ]: carry=0 | base=0.27 | wall=3.25 | search=  0 | target=phero(-0.41,2.06)

[DEPOSIT] R9 deposited! Total: 26
  [PHERO] Laid at (1.59, 1.32) density=15 prob=0.98 entries=16
  [TARGET] R9 → SITE (1.59, 1.32)
[PICKUP] R11 picked up tag (density=12) | Total: 29
[PICKUP] R15 picked up tag (density=11) | Total: 30
  [GIVE-UP] R14 returned empty after 468 searching steps
  [TARGET] R14 → PHERO (0.63, -1.30)
[PICKUP] R10 picked up tag (density=12) | Total: 31
[PICKUP] R12 picked up tag (density=15) | Total: 32
[PICKUP] R4 picked up tag (density=10) | Total: 33
[DEPOSIT] R6 deposited! Total: 27
  [PHERO] Laid at (-1.84, 1.86) density=15 prob=0.98 entries=12
  [TARGET] R6 → SITE (-1.84, 1.86)

======================================================================
Step 4000 (2.1 min) | Pickups: 33 | Deposits: 27 | Rate: 12.66 tags/min | phero_entries=12 max_w=0.911
======================================================================
R1[SEARCH    ]: carry=0 | base=3.33 | wall=0.36 | search=1610 | target=site(2.03,1.04)
R2[SEARCH    ]: carry=0 | base=4.30 | wall=0.39 | search=3532 | target=none
R3[RTB       ]: carry=1 | base=1.10 | wall=2.40 | search=  0 | target=none
R4[SURVEY    ]: carry=1 | base=1.21 | wall=2.33 | search=  0 | target=none
R5[SEARCH    ]: carry=0 | base=0.53 | wall=2.97 | search=256 | target=site(-0.55,-0.42)
R6[BASE_ESC  ]: carry=0 | base=0.23 | wall=3.33 | search=  0 | target=site(-1.84,1.86)
R7[SITE      ]: carry=0 | base=1.88 | wall=1.62 | search=  0 | target=site(-0.12,2.17)
R8[PHERO     ]: carry=0 | base=2.04 | wall=1.46 | search=  0 | target=phero(-0.12,2.17)
R9[SITE      ]: carry=0 | base=1.50 | wall=2.36 | search=  0 | target=site(1.59,1.32)
R10[RTB       ]: carry=1 | base=1.20 | wall=2.44 | search=  0 | target=none
R11[RTB       ]: carry=1 | base=0.43 | wall=3.08 | search=  0 | target=none
R12[SURVEY    ]: carry=1 | base=3.58 | wall=0.92 | search=  0 | target=none
R13[PHERO     ]: carry=0 | base=1.89 | wall=1.61 | search=  0 | target=phero(-0.12,2.33)
R14[PHERO     ]: carry=0 | base=0.26 | wall=3.24 | search=  0 | target=phero(0.63,-1.30)
R15[RTB       ]: carry=1 | base=0.78 | wall=2.75 | search=  0 | target=none
R16[PHERO     ]: carry=0 | base=1.15 | wall=2.40 | search=  0 | target=phero(-0.41,2.06)

[DEPOSIT] R11 deposited! Total: 28
  [PHERO] Laid at (-0.28, 1.10) density=12 prob=0.88 entries=13
  [TARGET] R11 → SITE (-0.28, 1.10)
[PICKUP] R16 picked up tag (density=9) | Total: 34
[PICKUP] R13 picked up tag (density=12) | Total: 35
[DEPOSIT] R15 deposited! Total: 29
  [TARGET] R15 → SITE (-0.45, 1.16)
[PICKUP] R9 picked up tag (density=14) | Total: 36
[PICKUP] R7 picked up tag (density=11) | Total: 37
[DEPOSIT] R3 deposited! Total: 30
  [PHERO] Laid at (-0.11, 2.46) density=13 prob=0.93 entries=13
  [TARGET] R3 → SITE (-0.11, 2.46)
[DEPOSIT] R10 deposited! Total: 31
  [PHERO] Laid at (0.55, -1.07) density=12 prob=0.88 entries=14
  [TARGET] R10 → SITE (0.55, -1.07)
  [GIVE-UP] R5 returned empty after 312 searching steps
  [TARGET] R5 → PHERO (-0.12, 2.17)
[PICKUP] R14 picked up tag (density=11) | Total: 38

======================================================================
Step 4500 (2.4 min) | Pickups: 38 | Deposits: 31 | Rate: 12.92 tags/min | phero_entries=13 max_w=0.506
======================================================================
R1[WALL_ESC  ]: carry=0 | base=3.35 | wall=0.34 | search=2110 | target=site(2.03,1.04)
R2[WALL_ESC  ]: carry=0 | base=4.49 | wall=0.29 | search=4032 | target=none
R3[SITE      ]: carry=0 | base=0.53 | wall=2.98 | search=  0 | target=site(-0.11,2.46)
R4[RTB       ]: carry=1 | base=0.55 | wall=2.96 | search=  0 | target=none
R5[PHERO     ]: carry=0 | base=0.25 | wall=3.32 | search=  0 | target=phero(-0.12,2.17)
R6[SITE      ]: carry=0 | base=1.80 | wall=2.19 | search=  0 | target=site(-1.84,1.86)
R7[RTB       ]: carry=1 | base=2.19 | wall=1.32 | search=  0 | target=none
R8[GIVE_UP   ]: carry=0 | base=1.62 | wall=1.90 | search=312 | target=none
R9[RTB       ]: carry=1 | base=1.73 | wall=2.10 | search=  0 | target=none
R10[SITE      ]: carry=0 | base=0.58 | wall=3.04 | search=  0 | target=site(0.55,-1.07)
R11[SITE      ]: carry=0 | base=0.64 | wall=2.88 | search=  0 | target=site(-0.28,1.10)
R12[RTB       ]: carry=1 | base=2.30 | wall=1.86 | search=  0 | target=none
R13[RTB       ]: carry=1 | base=1.84 | wall=1.66 | search=  0 | target=none
R14[SURVEY    ]: carry=1 | base=1.15 | wall=2.44 | search=  0 | target=none
R15[SITE      ]: carry=0 | base=1.16 | wall=2.42 | search=  0 | target=site(-0.45,1.16)
R16[RTB       ]: carry=1 | base=0.69 | wall=2.82 | search=  0 | target=none

[PICKUP] R15 picked up tag (density=8) | Total: 39
[DEPOSIT] R4 deposited! Total: 32
  [PHERO] Laid at (-0.30, 1.17) density=10 prob=0.71 entries=14
  [TARGET] R4 → SITE (-0.30, 1.17)
[PICKUP] R2 picked up tag (density=14) | Total: 40
[DEPOSIT] R16 deposited! Total: 33
  [PHERO] Laid at (-0.34, 1.24) density=9 prob=0.59 entries=15
  [TARGET] R16 → SITE (-0.34, 1.24)
  [GIVE-UP] R8 returned empty after 312 searching steps
  [TARGET] R8 → PHERO (-0.30, 1.17)
[DEPOSIT] R9 deposited! Total: 34
  [PHERO] Laid at (1.59, 1.30) density=14 prob=0.96 entries=14
  [TARGET] R9 → SITE (1.59, 1.30)
[DEPOSIT] R14 deposited! Total: 35
  [PHERO] Laid at (0.45, -1.06) density=11 prob=0.80 entries=15
  [TARGET] R14 → SITE (0.45, -1.06)
[DEPOSIT] R13 deposited! Total: 36
  [PHERO] Laid at (-0.14, 2.29) density=12 prob=0.88 entries=16
  [TARGET] R13 → SITE (-0.14, 2.29)
[PICKUP] R6 picked up tag (density=14) | Total: 41

======================================================================
Step 5000 (2.7 min) | Pickups: 41 | Deposits: 36 | Rate: 13.50 tags/min | phero_entries=16 max_w=0.839
======================================================================
R1[WALL_ESC  ]: carry=0 | base=3.36 | wall=0.34 | search=2610 | target=site(2.03,1.04)
R2[RTB       ]: carry=1 | base=3.89 | wall=0.63 | search=  0 | target=none
R3[SITE      ]: carry=0 | base=2.28 | wall=1.23 | search=  0 | target=site(-0.11,2.46)
R4[SITE      ]: carry=0 | base=1.01 | wall=2.53 | search=  0 | target=site(-0.30,1.17)
R5[PHERO     ]: carry=0 | base=1.48 | wall=2.03 | search=  0 | target=phero(-0.12,2.17)
R6[SURVEY    ]: carry=1 | base=2.45 | wall=1.64 | search=  0 | target=none
R7[RTB       ]: carry=1 | base=0.38 | wall=3.12 | search=  0 | target=none
R8[BASE_ESC  ]: carry=0 | base=0.25 | wall=3.27 | search=  0 | target=phero(-0.30,1.17)
R9[SITE      ]: carry=0 | base=0.25 | wall=3.26 | search=  0 | target=site(1.59,1.30)
R10[SEARCH    ]: carry=0 | base=0.60 | wall=2.99 | search=322 | target=site(0.55,-1.07)
R11[SEARCH    ]: carry=0 | base=1.32 | wall=2.19 | search=367 | target=site(-0.28,1.10)
R12[RTB       ]: carry=1 | base=0.38 | wall=3.23 | search=  0 | target=none
R13[BASE_ESC  ]: carry=0 | base=0.22 | wall=3.28 | search=  0 | target=site(-0.14,2.29)
R14[BASE_ESC  ]: carry=0 | base=0.22 | wall=3.32 | search=  0 | target=site(0.45,-1.06)
R15[RTB       ]: carry=1 | base=0.81 | wall=2.71 | search=  0 | target=none
R16[SITE      ]: carry=0 | base=0.75 | wall=2.76 | search=  0 | target=site(-0.34,1.24)

[DEPOSIT] R12 deposited! Total: 37
  [PHERO] Laid at (2.48, 2.58) density=15 prob=0.98 entries=17
  [TARGET] R12 → SITE (2.48, 2.58)
[DEPOSIT] R7 deposited! Total: 38
  [PHERO] Laid at (-0.19, 2.20) density=11 prob=0.80 entries=18
  [TARGET] R7 → SITE (-0.19, 2.20)
[DEPOSIT] R15 deposited! Total: 39
  [PHERO] Laid at (-0.46, 1.17) density=8 prob=0.46 entries=17
  [TARGET] R15 → SITE (-0.46, 1.17)
[PICKUP] R16 picked up tag (density=7) | Total: 42
[PICKUP] R5 picked up tag (density=10) | Total: 43

======================================================================
Step 5500 (2.9 min) | Pickups: 43 | Deposits: 39 | Rate: 13.30 tags/min | phero_entries=15 max_w=0.404
======================================================================
R1[WALL_ESC  ]: carry=0 | base=3.36 | wall=0.33 | search=3110 | target=site(2.03,1.04)
R2[RTB       ]: carry=1 | base=1.97 | wall=2.04 | search=  0 | target=none
R3[WALL_ESC  ]: carry=0 | base=3.15 | wall=0.35 | search=464 | target=site(-0.11,2.46)
R4[BASE_ESC  ]: carry=0 | base=0.22 | wall=3.34 | search=460 | target=site(-0.30,1.17)
R5[SURVEY    ]: carry=1 | base=2.45 | wall=1.05 | search=  0 | target=none
R6[RTB       ]: carry=1 | base=1.08 | wall=2.66 | search=  0 | target=none
R7[SITE      ]: carry=0 | base=1.37 | wall=2.14 | search=  0 | target=site(-0.19,2.20)
R8[GIVE_UP   ]: carry=0 | base=0.96 | wall=2.56 | search=156 | target=none
R9[SEARCH    ]: carry=0 | base=2.06 | wall=1.91 | search= 30 | target=site(1.59,1.30)
R10[SEARCH    ]: carry=0 | base=0.30 | wall=3.27 | search=822 | target=site(0.55,-1.07)
R11[SEARCH    ]: carry=0 | base=2.92 | wall=0.70 | search=867 | target=site(-0.28,1.10)
R12[SITE      ]: carry=0 | base=1.57 | wall=2.36 | search=  0 | target=site(2.48,2.58)
R13[SITE      ]: carry=0 | base=1.89 | wall=1.61 | search=  0 | target=site(-0.14,2.29)
R14[SEARCH    ]: carry=0 | base=0.99 | wall=2.58 | search=208 | target=site(0.45,-1.06)
R15[SITE      ]: carry=0 | base=0.90 | wall=2.67 | search=  0 | target=site(-0.46,1.17)
R16[SURVEY    ]: carry=1 | base=1.37 | wall=2.16 | search=  0 | target=none

  [GIVE-UP] R4 returned empty after 468 searching steps
  [TARGET] R4 → PHERO (-0.14, 2.29)
[PICKUP] R13 picked up tag (density=9) | Total: 44
[DEPOSIT] R6 deposited! Total: 40
  [PHERO] Laid at (-1.61, 1.85) density=14 prob=0.96 entries=13
  [TARGET] R6 → SITE (-1.61, 1.85)
[PICKUP] R15 picked up tag (density=6) | Total: 45
  [GIVE-UP] R8 returned empty after 156 searching steps
  [TARGET] R8 → PHERO (-1.61, 1.85)
[PICKUP] R10 picked up tag (density=5) | Total: 46
[DEPOSIT] R16 deposited! Total: 41
  [PHERO] Laid at (-0.29, 1.33) density=7 prob=0.32 entries=14
  [TARGET] R16 → SITE (-0.29, 1.33)
[DEPOSIT] R2 deposited! Total: 42
  [PHERO] Laid at (2.92, 2.80) density=14 prob=0.96 entries=15
  [TARGET] R2 → SITE (2.92, 2.80)

======================================================================
Step 6000 (3.2 min) | Pickups: 46 | Deposits: 42 | Rate: 13.12 tags/min | phero_entries=15 max_w=0.858
======================================================================
R1[WALL_ESC  ]: carry=0 | base=3.36 | wall=0.33 | search=3610 | target=site(2.03,1.04)
R2[BASE_ESC  ]: carry=0 | base=0.22 | wall=3.34 | search=  0 | target=site(2.92,2.80)
R3[SEARCH    ]: carry=0 | base=3.13 | wall=0.37 | search=964 | target=site(-0.11,2.46)
R4[PHERO     ]: carry=0 | base=1.61 | wall=1.90 | search=  0 | target=phero(-0.14,2.29)
R5[RTB       ]: carry=1 | base=1.28 | wall=2.22 | search=  0 | target=none
R6[SITE      ]: carry=0 | base=0.82 | wall=2.90 | search=  0 | target=site(-1.61,1.85)
R7[SEARCH    ]: carry=0 | base=2.57 | wall=0.95 | search=295 | target=site(-0.19,2.20)
R8[PHERO     ]: carry=0 | base=0.81 | wall=2.85 | search=  0 | target=phero(-1.61,1.85)
R9[SEARCH    ]: carry=0 | base=1.18 | wall=2.32 | search=530 | target=site(1.59,1.30)
R10[SURVEY    ]: carry=1 | base=1.36 | wall=2.25 | search=  0 | target=none
R11[SEARCH    ]: carry=0 | base=3.33 | wall=0.36 | search=1367 | target=site(-0.28,1.10)
R12[SITE      ]: carry=0 | base=3.42 | wall=1.04 | search=  0 | target=site(2.48,2.58)
R13[RTB       ]: carry=1 | base=2.18 | wall=1.32 | search=  0 | target=none
R14[GIVE_UP   ]: carry=0 | base=2.06 | wall=1.46 | search=624 | target=none
R15[RTB       ]: carry=1 | base=1.28 | wall=2.27 | search=  0 | target=none
R16[BASE_ESC  ]: carry=0 | base=0.22 | wall=3.28 | search=  0 | target=site(-0.29,1.33)

[PICKUP] R4 picked up tag (density=8) | Total: 47
[DEPOSIT] R15 deposited! Total: 43
  [TARGET] R15 → SITE (-0.42, 1.26)
[PICKUP] R12 picked up tag (density=13) | Total: 48
[DEPOSIT] R5 deposited! Total: 44
  [TARGET] R5 → SITE (-0.19, 2.44)
[DEPOSIT] R10 deposited! Total: 45
  [TARGET] R10 → SITE (-0.55, 1.24)
[PICKUP] R16 picked up tag (density=4) | Total: 49
  [GIVE-UP] R14 returned empty after 624 searching steps
  [TARGET] R14 → PHERO (2.92, 2.80)

======================================================================
Step 6500 (3.5 min) | Pickups: 49 | Deposits: 45 | Rate: 12.98 tags/min | phero_entries=11 max_w=0.173
======================================================================
R1[GIVE_UP   ]: carry=0 | base=2.52 | wall=1.09 | search=3900 | target=none
R2[SITE      ]: carry=0 | base=1.89 | wall=2.15 | search=  0 | target=site(2.92,2.80)
R3[SEARCH    ]: carry=0 | base=3.14 | wall=0.36 | search=1464 | target=site(-0.11,2.46)
R4[SURVEY    ]: carry=1 | base=2.36 | wall=1.14 | search=  0 | target=none
R5[SITE      ]: carry=0 | base=0.47 | wall=3.03 | search=  0 | target=site(-0.19,2.44)
R6[SEARCH    ]: carry=0 | base=2.49 | wall=1.67 | search= 78 | target=site(-1.61,1.85)
R7[GIVE_UP   ]: carry=0 | base=3.50 | wall=0.36 | search=780 | target=none
R8[SEARCH    ]: carry=0 | base=2.43 | wall=1.67 | search= 56 | target=phero(-1.61,1.85)
R9[SEARCH    ]: carry=0 | base=1.01 | wall=2.50 | search=1030 | target=site(1.59,1.30)
R10[BASE_ESC  ]: carry=0 | base=0.23 | wall=3.27 | search=  0 | target=site(-0.55,1.24)
R11[SEARCH    ]: carry=0 | base=3.32 | wall=0.37 | search=1867 | target=site(-0.28,1.10)
R12[RTB       ]: carry=1 | base=3.47 | wall=1.00 | search=  0 | target=none
R13[RTB       ]: carry=1 | base=0.39 | wall=3.11 | search=  0 | target=none
R14[BASE_ESC  ]: carry=0 | base=0.24 | wall=3.26 | search=  0 | target=phero(2.92,2.80)
R15[SITE      ]: carry=0 | base=0.31 | wall=3.19 | search=  0 | target=site(-0.42,1.26)
R16[SURVEY    ]: carry=1 | base=1.36 | wall=2.17 | search=  0 | target=none

[DEPOSIT] R13 deposited! Total: 46
  [PHERO] Laid at (-0.19, 2.29) density=9 prob=0.59 entries=12
  [TARGET] R13 → SITE (-0.19, 2.29)
[PICKUP] R8 picked up tag (density=13) | Total: 50
  [GIVE-UP] R9 returned empty after 1092 searching steps
  [TARGET] R9 → PHERO (-0.19, 2.29)
[PICKUP] R2 picked up tag (density=12) | Total: 51

======================================================================
Step 7000 (3.7 min) | Pickups: 51 | Deposits: 46 | Rate: 12.32 tags/min | phero_entries=10 max_w=0.296
======================================================================
R1[GIVE_UP   ]: carry=0 | base=0.60 | wall=2.93 | search=3900 | target=none
R2[SURVEY    ]: carry=1 | base=3.49 | wall=0.99 | search=  0 | target=none
R3[GIVE_UP   ]: carry=0 | base=1.65 | wall=1.86 | search=1560 | target=none
R4[RTB       ]: carry=1 | base=1.07 | wall=2.43 | search=  0 | target=none
R5[SITE      ]: carry=0 | base=1.95 | wall=1.55 | search=  0 | target=site(-0.19,2.44)
R6[SEARCH    ]: carry=0 | base=1.05 | wall=2.68 | search=578 | target=site(-1.61,1.85)
R7[GIVE_UP   ]: carry=0 | base=1.78 | wall=1.92 | search=780 | target=none
R8[RTB       ]: carry=1 | base=2.17 | wall=1.71 | search=  0 | target=none
R9[PHERO     ]: carry=0 | base=0.29 | wall=3.22 | search=  0 | target=phero(-0.19,2.29)
R10[SEARCH    ]: carry=0 | base=1.30 | wall=2.28 | search=156 | target=site(-0.55,1.24)
R11[GIVE_UP   ]: carry=0 | base=1.43 | wall=2.15 | search=1872 | target=none
R12[RTB       ]: carry=1 | base=1.71 | wall=2.24 | search=  0 | target=none
R13[SITE      ]: carry=0 | base=0.98 | wall=2.53 | search=  0 | target=site(-0.19,2.29)
R14[BASE_ESC  ]: carry=0 | base=0.24 | wall=3.28 | search=  0 | target=phero(2.92,2.80)
R15[SEARCH    ]: carry=0 | base=1.23 | wall=2.30 | search=224 | target=site(-0.42,1.26)
R16[RTB       ]: carry=1 | base=0.28 | wall=3.22 | search=  0 | target=none

[DEPOSIT] R16 deposited! Total: 47
  [TARGET] R16 → SITE (-0.29, 1.33)
[PICKUP] R10 picked up tag (density=3) | Total: 52
  [GIVE-UP] R1 returned empty after 3900 searching steps
  [TARGET] R1 → PHERO (-0.19, 2.29)
[DEPOSIT] R4 deposited! Total: 48
  [PHERO] Laid at (-0.19, 2.35) density=8 prob=0.46 entries=6
  [TARGET] R4 → SITE (-0.19, 2.35)
[PICKUP] R15 picked up tag (density=7) | Total: 53
  [GIVE-UP] R11 returned empty after 1872 searching steps
  [TARGET] R11 → PHERO (-0.19, 2.35)
  [GIVE-UP] R3 returned empty after 1560 searching steps
  [TARGET] R3 → PHERO (-0.19, 2.35)
[DEPOSIT] R12 deposited! Total: 49
  [PHERO] Laid at (2.48, 2.42) density=13 prob=0.93 entries=6
  [TARGET] R12 → SITE (2.48, 2.42)
  [GIVE-UP] R7 returned empty after 780 searching steps
  [TARGET] R7 → PHERO (2.48, 2.42)
[PICKUP] R13 picked up tag (density=6) | Total: 54

======================================================================
Step 7500 (4.0 min) | Pickups: 54 | Deposits: 49 | Rate: 12.25 tags/min | phero_entries=6 max_w=0.681
======================================================================
R1[PHERO     ]: carry=0 | base=1.19 | wall=2.31 | search=  0 | target=phero(-0.19,2.29)
R2[RTB       ]: carry=1 | base=2.20 | wall=1.87 | search=  0 | target=none
R3[BASE_ESC  ]: carry=0 | base=0.19 | wall=3.33 | search=  0 | target=phero(-0.19,2.35)
R4[SITE      ]: carry=0 | base=0.89 | wall=2.62 | search=  0 | target=site(-0.19,2.35)
R5[GIVE_UP   ]: carry=0 | base=1.49 | wall=2.02 | search=156 | target=none
R6[BASE_ESC  ]: carry=0 | base=0.25 | wall=3.28 | search=1078 | target=site(-1.61,1.85)
R7[BASE_ESC  ]: carry=0 | base=0.24 | wall=3.26 | search=  0 | target=phero(2.48,2.42)
R8[RTB       ]: carry=1 | base=0.25 | wall=3.29 | search=  0 | target=none
R9[PHERO     ]: carry=0 | base=1.69 | wall=1.83 | search=  0 | target=phero(-0.19,2.29)
R10[RTB       ]: carry=1 | base=1.17 | wall=2.35 | search=  0 | target=none
R11[PHERO     ]: carry=0 | base=0.40 | wall=3.14 | search=  0 | target=phero(-0.19,2.35)
R12[BASE_ESC  ]: carry=0 | base=0.23 | wall=3.31 | search=  0 | target=site(2.48,2.42)
R13[SURVEY    ]: carry=1 | base=2.44 | wall=1.08 | search=  0 | target=none
R14[PHERO     ]: carry=0 | base=0.50 | wall=3.03 | search=  0 | target=phero(2.92,2.80)
R15[SURVEY    ]: carry=1 | base=2.17 | wall=1.36 | search=  0 | target=none
R16[SITE      ]: carry=0 | base=1.31 | wall=2.22 | search=  0 | target=site(-0.29,1.33)

[DEPOSIT] R8 deposited! Total: 50
  [PHERO] Laid at (-1.40, 1.95) density=13 prob=0.93 entries=7
  [TARGET] R8 → SITE (-1.40, 1.95)
[PICKUP] R16 picked up tag (density=2) | Total: 55
[PICKUP] R9 picked up tag (density=5) | Total: 56
  [GIVE-UP] R5 returned empty after 156 searching steps
  [TARGET] R5 → PHERO (-0.19, 2.35)
[DEPOSIT] R10 deposited! Total: 51
  [TARGET] R10 → SITE (-0.40, 1.32)

======================================================================
Step 8000 (4.3 min) | Pickups: 56 | Deposits: 51 | Rate: 11.95 tags/min | phero_entries=6 max_w=0.203
======================================================================
R1[SEARCH    ]: carry=0 | base=2.29 | wall=1.21 | search=222 | target=phero(-0.19,2.29)
R2[RTB       ]: carry=1 | base=0.28 | wall=3.29 | search=  0 | target=none
R3[PHERO     ]: carry=0 | base=1.77 | wall=1.74 | search=  0 | target=phero(-0.19,2.35)
R4[SITE      ]: carry=0 | base=1.84 | wall=1.67 | search=  0 | target=site(-0.19,2.35)
R5[PHERO     ]: carry=0 | base=0.32 | wall=3.21 | search=  0 | target=phero(-0.19,2.35)
R6[GIVE_UP   ]: carry=0 | base=0.55 | wall=3.03 | search=1560 | target=none
R7[PHERO     ]: carry=0 | base=1.73 | wall=2.22 | search=  0 | target=phero(2.48,2.42)
R8[SITE      ]: carry=0 | base=1.67 | wall=2.17 | search=  0 | target=site(-1.40,1.95)
R9[SURVEY    ]: carry=1 | base=2.31 | wall=1.21 | search=  0 | target=none
R10[BASE_ESC  ]: carry=0 | base=0.22 | wall=3.28 | search=  0 | target=site(-0.40,1.32)
R11[PHERO     ]: carry=0 | base=2.22 | wall=1.29 | search=  0 | target=phero(-0.19,2.35)
R12[SITE      ]: carry=0 | base=2.10 | wall=2.01 | search=  0 | target=site(2.48,2.42)
R13[RTB       ]: carry=1 | base=2.19 | wall=1.31 | search=  0 | target=none
R14[PHERO     ]: carry=0 | base=2.36 | wall=1.79 | search=  0 | target=phero(2.92,2.80)
R15[RTB       ]: carry=1 | base=1.41 | wall=2.09 | search=  0 | target=none
R16[RTB       ]: carry=1 | base=1.05 | wall=2.47 | search=  0 | target=none

[DEPOSIT] R2 deposited! Total: 52
  [PHERO] Laid at (2.51, 2.43) density=12 prob=0.88 entries=7
  [TARGET] R2 → SITE (2.51, 2.43)
[PICKUP] R1 picked up tag (density=4) | Total: 57
  [GIVE-UP] R6 returned empty after 1560 searching steps
  [TARGET] R6 → PHERO (2.51, 2.43)
[PICKUP] R14 picked up tag (density=11) | Total: 58
[DEPOSIT] R15 deposited! Total: 53
  [TARGET] R15 → SITE (-0.37, 2.14)
[PICKUP] R3 picked up tag (density=3) | Total: 59
[DEPOSIT] R16 deposited! Total: 54
  [TARGET] R16 → SITE (-0.38, 1.38)
[PICKUP] R10 picked up tag (density=1) | Total: 60

======================================================================
Step 8500 (4.5 min) | Pickups: 60 | Deposits: 54 | Rate: 11.91 tags/min | phero_entries=5 max_w=0.208
======================================================================
R1[RTB       ]: carry=1 | base=1.55 | wall=1.96 | search=  0 | target=none
R2[SITE      ]: carry=0 | base=1.66 | wall=2.26 | search=  0 | target=site(2.51,2.43)
R3[SURVEY    ]: carry=1 | base=2.54 | wall=0.99 | search=  0 | target=none
R4[SEARCH    ]: carry=0 | base=3.02 | wall=0.53 | search=376 | target=site(-0.19,2.35)
R5[PHERO     ]: carry=0 | base=1.49 | wall=2.02 | search=  0 | target=phero(-0.19,2.35)
R6[PHERO     ]: carry=0 | base=0.90 | wall=2.71 | search=  0 | target=phero(2.51,2.43)
R7[SEARCH    ]: carry=0 | base=3.45 | wall=1.04 | search= 57 | target=phero(2.48,2.42)
R8[SEARCH    ]: carry=0 | base=2.24 | wall=1.50 | search=325 | target=site(-1.40,1.95)
R9[RTB       ]: carry=1 | base=0.89 | wall=2.61 | search=  0 | target=none
R10[SURVEY    ]: carry=1 | base=1.46 | wall=2.12 | search=  0 | target=none
R11[GIVE_UP   ]: carry=0 | base=1.61 | wall=1.91 | search=156 | target=none
R12[SEARCH    ]: carry=0 | base=3.37 | wall=1.09 | search=157 | target=site(2.48,2.42)
R13[RTB       ]: carry=1 | base=0.27 | wall=3.23 | search=  0 | target=none
R14[RTB       ]: carry=1 | base=3.59 | wall=0.92 | search=  0 | target=none
R15[SITE      ]: carry=0 | base=0.41 | wall=3.12 | search=  0 | target=site(-0.37,2.14)
R16[SITE      ]: carry=0 | base=0.27 | wall=3.24 | search=  0 | target=site(-0.38,1.38)

[DEPOSIT] R13 deposited! Total: 55
  [TARGET] R13 → SITE (-0.27, 2.42)
[PICKUP] R8 picked up tag (density=2) | Total: 61
[PICKUP] R2 picked up tag (density=13) | Total: 62
[DEPOSIT] R9 deposited! Total: 56
  [TARGET] R9 → SITE (-0.27, 2.29)
[PICKUP] R12 picked up tag (density=10) | Total: 63
[PICKUP] R6 picked up tag (density=12) | Total: 64
[DEPOSIT] R1 deposited! Total: 57
  [TARGET] R1 → SITE (-0.27, 2.33)

======================================================================
Step 9000 (4.8 min) | Pickups: 64 | Deposits: 57 | Rate: 11.88 tags/min | phero_entries=4 max_w=0.042
======================================================================
R1[SITE      ]: carry=0 | base=0.26 | wall=3.26 | search=  0 | target=site(-0.27,2.33)
R2[RTB       ]: carry=1 | base=1.99 | wall=2.00 | search=  0 | target=none
R3[RTB       ]: carry=1 | base=1.65 | wall=1.86 | search=  0 | target=none
R4[SEARCH    ]: carry=0 | base=3.18 | wall=0.39 | search=876 | target=site(-0.19,2.35)
R5[PHERO     ]: carry=0 | base=1.58 | wall=1.93 | search=  0 | target=phero(-0.19,2.35)
R6[SURVEY    ]: carry=1 | base=2.19 | wall=1.81 | search=  0 | target=none
R7[WALL_ESC  ]: carry=0 | base=3.76 | wall=0.31 | search=557 | target=phero(2.48,2.42)
R8[RTB       ]: carry=1 | base=1.71 | wall=1.83 | search=  0 | target=none
R9[SITE      ]: carry=0 | base=0.87 | wall=2.63 | search=  0 | target=site(-0.27,2.29)
R10[RTB       ]: carry=1 | base=0.76 | wall=2.76 | search=  0 | target=none
R11[GIVE_UP   ]: carry=0 | base=0.94 | wall=2.56 | search=156 | target=none
R12[RTB       ]: carry=1 | base=3.43 | wall=0.83 | search=  0 | target=none
R13[SITE      ]: carry=0 | base=1.53 | wall=1.98 | search=  0 | target=site(-0.27,2.42)
R14[RTB       ]: carry=1 | base=2.13 | wall=1.91 | search=  0 | target=none
R15[SEARCH    ]: carry=0 | base=2.16 | wall=1.37 | search= 25 | target=site(-0.37,2.14)
R16[SEARCH    ]: carry=0 | base=1.46 | wall=2.11 | search= 88 | target=site(-0.38,1.38)

[PICKUP] R15 picked up tag (density=1) | Total: 65
[DEPOSIT] R10 deposited! Total: 58
  [TARGET] R10 → PHERO (-1.40, 1.95)
  [GIVE-UP] R11 returned empty after 156 searching steps
  [TARGET] R11 → PHERO (2.51, 2.43)
[DEPOSIT] R2 deposited! Total: 59
  [PHERO] Laid at (1.62, 1.50) density=13 prob=0.93 entries=4
  [TARGET] R2 → SITE (1.62, 1.50)
[DEPOSIT] R14 deposited! Total: 60
  [PHERO] Laid at (2.56, 2.50) density=11 prob=0.80 entries=5
  [TARGET] R14 → SITE (2.56, 2.50)

======================================================================
Step 9500 (5.1 min) | Pickups: 65 | Deposits: 60 | Rate: 11.84 tags/min | phero_entries=5 max_w=0.978
======================================================================
R1[SITE      ]: carry=0 | base=1.58 | wall=1.94 | search=  0 | target=site(-0.27,2.33)
R2[BASE_ESC  ]: carry=0 | base=0.18 | wall=3.35 | search=  0 | target=site(1.62,1.50)
R3[RTB       ]: carry=1 | base=0.40 | wall=3.10 | search=  0 | target=none
R4[SEARCH    ]: carry=0 | base=3.18 | wall=0.39 | search=1376 | target=site(-0.19,2.35)
R5[SEARCH    ]: carry=0 | base=2.30 | wall=1.20 | search=307 | target=phero(-0.19,2.35)
R6[RTB       ]: carry=1 | base=0.69 | wall=2.95 | search=  0 | target=none
R7[WALL_ESC  ]: carry=0 | base=3.74 | wall=0.33 | search=1057 | target=phero(2.48,2.42)
R8[RTB       ]: carry=1 | base=0.37 | wall=3.13 | search=  0 | target=none
R9[SITE      ]: carry=0 | base=2.17 | wall=1.35 | search=  0 | target=site(-0.27,2.29)
R10[PHERO     ]: carry=0 | base=0.75 | wall=2.81 | search=  0 | target=phero(-1.40,1.95)
R11[PHERO     ]: carry=0 | base=0.56 | wall=3.01 | search=  0 | target=phero(2.51,2.43)
R12[RTB       ]: carry=1 | base=1.52 | wall=2.31 | search=  0 | target=none
R13[SEARCH    ]: carry=0 | base=2.24 | wall=1.27 | search=276 | target=site(-0.27,2.42)
R14[BASE_ESC  ]: carry=0 | base=0.23 | wall=3.32 | search=  0 | target=site(2.56,2.50)
R15[RTB       ]: carry=1 | base=1.74 | wall=1.78 | search=  0 | target=none
R16[SEARCH    ]: carry=0 | base=1.16 | wall=2.48 | search=588 | target=site(-0.38,1.38)

[DEPOSIT] R8 deposited! Total: 61
  [TARGET] R8 → SITE (-0.64, 2.27)
[DEPOSIT] R3 deposited! Total: 62
  [TARGET] R3 → SITE (-0.36, 2.51)
[DEPOSIT] R6 deposited! Total: 63
  [PHERO] Laid at (1.67, 1.43) density=12 prob=0.88 entries=5
  [TARGET] R6 → SITE (1.67, 1.43)
[DEPOSIT] R12 deposited! Total: 64
  [TARGET] R12 → SITE (2.67, 2.28)

======================================================================
Step 10000 (5.3 min) | Pickups: 65 | Deposits: 64 | Rate: 12.00 tags/min | phero_entries=4 max_w=0.291
======================================================================
R1[SEARCH    ]: carry=0 | base=2.33 | wall=1.19 | search=127 | target=site(-0.27,2.33)
R2[SITE      ]: carry=0 | base=1.85 | wall=2.16 | search=  0 | target=site(1.62,1.50)
R3[SITE      ]: carry=0 | base=1.48 | wall=2.03 | search=  0 | target=site(-0.36,2.51)
R4[SEARCH    ]: carry=0 | base=3.18 | wall=0.39 | search=1876 | target=site(-0.19,2.35)
R5[GIVE_UP   ]: carry=0 | base=3.48 | wall=0.41 | search=780 | target=none
R6[SITE      ]: carry=0 | base=1.28 | wall=2.56 | search=  0 | target=site(1.67,1.43)
R7[GIVE_UP   ]: carry=0 | base=2.87 | wall=1.14 | search=1248 | target=none
R8[SITE      ]: carry=0 | base=1.57 | wall=2.00 | search=  0 | target=site(-0.64,2.27)
R9[SEARCH    ]: carry=0 | base=2.27 | wall=1.23 | search=180 | target=site(-0.27,2.29)
R10[SEARCH    ]: carry=0 | base=2.38 | wall=1.55 | search= 75 | target=phero(-1.40,1.95)
R11[PHERO     ]: carry=0 | base=2.46 | wall=1.75 | search=  0 | target=phero(2.51,2.43)
R12[SITE      ]: carry=0 | base=0.44 | wall=3.10 | search=  0 | target=site(2.67,2.28)
R13[GIVE_UP   ]: carry=0 | base=1.54 | wall=1.96 | search=468 | target=none
R14[SITE      ]: carry=0 | base=1.72 | wall=2.27 | search=  0 | target=site(2.56,2.50)
R15[RTB       ]: carry=1 | base=0.52 | wall=2.99 | search=  0 | target=none
R16[SEARCH    ]: carry=0 | base=1.92 | wall=1.58 | search=1088 | target=site(-0.38,1.38)

[DEPOSIT] R15 deposited! Total: 65
  [TARGET] R15 → PHERO (2.56, 2.50)
[PICKUP] R7 picked up tag (density=11) | Total: 66
[PICKUP] R16 picked up tag (density=15) | Total: 67
[PICKUP] R2 picked up tag (density=10) | Total: 68
  [GIVE-UP] R13 returned empty after 468 searching steps
  [TARGET] R13 → PHERO (1.67, 1.43)
[PICKUP] R6 picked up tag (density=9) | Total: 69

======================================================================
Step 10500 (5.6 min) | Pickups: 69 | Deposits: 65 | Rate: 11.61 tags/min | phero_entries=3 max_w=0.059
======================================================================
R1[GIVE_UP   ]: carry=0 | base=0.54 | wall=2.98 | search=312 | target=none
R2[SURVEY    ]: carry=1 | base=2.18 | wall=1.79 | search=  0 | target=none
R3[SEARCH    ]: carry=0 | base=2.59 | wall=0.98 | search=139 | target=site(-0.36,2.51)
R4[SEARCH    ]: carry=0 | base=3.18 | wall=0.38 | search=2376 | target=site(-0.19,2.35)
R5[GIVE_UP   ]: carry=0 | base=1.88 | wall=1.86 | search=780 | target=none
R6[SURVEY    ]: carry=1 | base=1.98 | wall=1.91 | search=  0 | target=none
R7[RTB       ]: carry=1 | base=2.18 | wall=1.65 | search=  0 | target=none
R8[SEARCH    ]: carry=0 | base=2.24 | wall=1.65 | search=306 | target=site(-0.64,2.27)
R9[SEARCH    ]: carry=0 | base=3.28 | wall=0.44 | search=680 | target=site(-0.27,2.29)
R10[SEARCH    ]: carry=0 | base=3.39 | wall=0.83 | search=575 | target=phero(-1.40,1.95)
R11[SEARCH    ]: carry=0 | base=3.26 | wall=1.10 | search=244 | target=phero(2.51,2.43)
R12[SITE      ]: carry=0 | base=2.23 | wall=1.80 | search=  0 | target=site(2.67,2.28)
R13[BASE_ESC  ]: carry=0 | base=0.22 | wall=3.28 | search=  0 | target=phero(1.67,1.43)
R14[SEARCH    ]: carry=0 | base=3.58 | wall=0.93 | search= 29 | target=site(2.56,2.50)
R15[PHERO     ]: carry=0 | base=1.41 | wall=2.44 | search=  0 | target=phero(2.56,2.50)
R16[RTB       ]: carry=1 | base=2.50 | wall=1.04 | search=  0 | target=none

[PICKUP] R14 picked up tag (density=9) | Total: 70
[PICKUP] R12 picked up tag (density=8) | Total: 71
[PICKUP] R10 picked up tag (density=15) | Total: 72
  [GIVE-UP] R1 returned empty after 312 searching steps
  [TARGET] R1 → PHERO (2.56, 2.50)
[PICKUP] R3 picked up tag (density=12) | Total: 73
  [GIVE-UP] R5 returned empty after 780 searching steps
  [TARGET] R5 → PHERO (1.62, 1.50)

======================================================================
Step 11000 (5.9 min) | Pickups: 73 | Deposits: 65 | Rate: 11.08 tags/min | phero_entries=3 max_w=0.012
======================================================================
R1[PHERO     ]: carry=0 | base=1.27 | wall=2.54 | search=  0 | target=phero(2.56,2.50)
R2[RTB       ]: carry=1 | base=0.85 | wall=2.80 | search=  0 | target=none
R3[RTB       ]: carry=1 | base=2.64 | wall=1.27 | search=  0 | target=none
R4[SEARCH    ]: carry=0 | base=3.19 | wall=0.38 | search=2876 | target=site(-0.19,2.35)
R5[BASE_ESC  ]: carry=0 | base=0.22 | wall=3.32 | search=  0 | target=phero(1.62,1.50)
R6[RTB       ]: carry=1 | base=1.12 | wall=2.57 | search=  0 | target=none
R7[RTB       ]: carry=1 | base=0.26 | wall=3.28 | search=  0 | target=none
R8[GIVE_UP   ]: carry=0 | base=1.95 | wall=1.75 | search=624 | target=none
R9[WALL_ESC  ]: carry=0 | base=3.64 | wall=0.35 | search=1180 | target=site(-0.27,2.29)
R10[RTB       ]: carry=1 | base=2.99 | wall=1.22 | search=  0 | target=none
R11[SEARCH    ]: carry=0 | base=2.12 | wall=1.47 | search=744 | target=phero(2.51,2.43)
R12[RTB       ]: carry=1 | base=1.44 | wall=2.36 | search=  0 | target=none
R13[PHERO     ]: carry=0 | base=1.92 | wall=2.06 | search=  0 | target=phero(1.67,1.43)
R14[RTB       ]: carry=1 | base=2.70 | wall=1.50 | search=  0 | target=none
R15[PHERO     ]: carry=0 | base=3.32 | wall=1.13 | search=  0 | target=phero(2.56,2.50)
R16[RTB       ]: carry=1 | base=0.68 | wall=2.83 | search=  0 | target=none

[DEPOSIT] R7 deposited! Total: 66
  [PHERO] Laid at (2.11, 1.45) density=11 prob=0.80 entries=4
  [TARGET] R7 → SITE (2.11, 1.45)
[DEPOSIT] R16 deposited! Total: 67
  [PHERO] Laid at (2.43, -0.50) density=15 prob=0.98 entries=5
  [TARGET] R16 → SITE (2.43, -0.50)
[DEPOSIT] R2 deposited! Total: 68
  [PHERO] Laid at (1.66, 1.35) density=10 prob=0.71 entries=6
  [TARGET] R2 → SITE (1.66, 1.35)
[DEPOSIT] R6 deposited! Total: 69
  [PHERO] Laid at (1.59, 1.19) density=9 prob=0.59 entries=7
  [TARGET] R6 → SITE (1.59, 1.19)
[DEPOSIT] R12 deposited! Total: 70
  [TARGET] R12 → SITE (1.76, 1.49)
  [GIVE-UP] R8 returned empty after 624 searching steps
  [TARGET] R8 → PHERO (1.59, 1.19)

======================================================================
Step 11500 (6.1 min) | Pickups: 73 | Deposits: 70 | Rate: 11.41 tags/min | phero_entries=7 max_w=0.419
======================================================================
R1[PHERO     ]: carry=0 | base=3.18 | wall=1.24 | search=  0 | target=phero(2.56,2.50)
R2[SITE      ]: carry=0 | base=1.06 | wall=2.62 | search=  0 | target=site(1.66,1.35)
R3[RTB       ]: carry=1 | base=0.77 | wall=2.84 | search=  0 | target=none
R4[SEARCH    ]: carry=0 | base=3.20 | wall=0.36 | search=3376 | target=site(-0.19,2.35)
R5[PHERO     ]: carry=0 | base=1.86 | wall=2.14 | search=  0 | target=phero(1.62,1.50)
R6[SITE      ]: carry=0 | base=0.80 | wall=2.92 | search=  0 | target=site(1.59,1.19)
R7[SITE      ]: carry=0 | base=1.68 | wall=2.09 | search=  0 | target=site(2.11,1.45)
R8[BASE_ESC  ]: carry=0 | base=0.22 | wall=3.31 | search=  0 | target=phero(1.59,1.19)
R9[SEARCH    ]: carry=0 | base=3.69 | wall=0.36 | search=1680 | target=site(-0.27,2.29)
R10[RTB       ]: carry=1 | base=1.07 | wall=2.68 | search=  0 | target=none
R11[SEARCH    ]: carry=0 | base=0.96 | wall=2.68 | search=1244 | target=phero(2.51,2.43)
R12[SITE      ]: carry=0 | base=0.49 | wall=3.05 | search=  0 | target=site(1.76,1.49)
R13[SEARCH    ]: carry=0 | base=2.47 | wall=1.18 | search=442 | target=phero(1.67,1.43)
R14[RTB       ]: carry=1 | base=0.86 | wall=2.85 | search=  0 | target=none
R15[SEARCH    ]: carry=0 | base=2.99 | wall=0.94 | search=447 | target=phero(2.56,2.50)
R16[SITE      ]: carry=0 | base=1.19 | wall=2.35 | search=  0 | target=site(2.43,-0.50)

[PICKUP] R7 picked up tag (density=7) | Total: 74
[DEPOSIT] R3 deposited! Total: 71
  [TARGET] R3 → SITE (-1.41, 2.23)
[DEPOSIT] R14 deposited! Total: 72
  [TARGET] R14 → SITE (2.59, 2.50)
[DEPOSIT] R10 deposited! Total: 73
  [PHERO] Laid at (-2.35, 2.69) density=15 prob=0.98 entries=6
  [TARGET] R10 → SITE (-2.35, 2.69)

======================================================================
Step 12000 (6.4 min) | Pickups: 74 | Deposits: 73 | Rate: 11.41 tags/min | phero_entries=5 max_w=0.438
======================================================================
R1[SEARCH    ]: carry=0 | base=2.96 | wall=1.05 | search=410 | target=phero(2.56,2.50)
R2[SEARCH    ]: carry=0 | base=1.99 | wall=1.97 | search=230 | target=site(1.66,1.35)
R3[SITE      ]: carry=0 | base=1.12 | wall=2.50 | search=  0 | target=site(-1.41,2.23)
R4[WALL_ESC  ]: carry=0 | base=3.21 | wall=0.35 | search=3876 | target=site(-0.19,2.35)
R5[SEARCH    ]: carry=0 | base=3.09 | wall=1.19 | search=423 | target=phero(1.62,1.50)
R6[SEARCH    ]: carry=0 | base=2.07 | wall=1.95 | search=189 | target=site(1.59,1.19)
R7[RTB       ]: carry=1 | base=1.43 | wall=2.27 | search=  0 | target=none
R8[PHERO     ]: carry=0 | base=0.86 | wall=2.84 | search=  0 | target=phero(1.59,1.19)
R9[SEARCH    ]: carry=0 | base=3.64 | wall=0.39 | search=2180 | target=site(-0.27,2.29)
R10[SITE      ]: carry=0 | base=0.75 | wall=2.85 | search=  0 | target=site(-2.35,2.69)
R11[SEARCH    ]: carry=0 | base=2.09 | wall=1.47 | search=1744 | target=phero(2.51,2.43)
R12[SITE      ]: carry=0 | base=2.20 | wall=1.85 | search=  0 | target=site(1.76,1.49)
R13[SEARCH    ]: carry=0 | base=3.16 | wall=0.36 | search=942 | target=phero(1.67,1.43)
R14[SITE      ]: carry=0 | base=1.02 | wall=2.75 | search=  0 | target=site(2.59,2.50)
R15[GIVE_UP   ]: carry=0 | base=1.51 | wall=2.08 | search=624 | target=none
R16[SEARCH    ]: carry=0 | base=2.41 | wall=1.17 | search=177 | target=site(2.43,-0.50)

[PICKUP] R2 picked up tag (density=6) | Total: 75
[PICKUP] R16 picked up tag (density=14) | Total: 76
[PICKUP] R11 picked up tag (density=16) | Total: 77
[DEPOSIT] R7 deposited! Total: 74
  [TARGET] R7 → SITE (1.68, 1.12)
  [GIVE-UP] R15 returned empty after 624 searching steps
  [TARGET] R15 → PHERO (-2.35, 2.69)
[PICKUP] R10 picked up tag (density=11) | Total: 78
[PICKUP] R3 picked up tag (density=10) | Total: 79

======================================================================
Step 12500 (6.7 min) | Pickups: 79 | Deposits: 74 | Rate: 11.10 tags/min | phero_entries=5 max_w=0.088
======================================================================
R1[SEARCH    ]: carry=0 | base=2.49 | wall=1.01 | search=910 | target=phero(2.56,2.50)
R2[RTB       ]: carry=1 | base=1.57 | wall=2.12 | search=  0 | target=none
R3[SURVEY    ]: carry=1 | base=2.64 | wall=1.29 | search=  0 | target=none
R4[WALL_ESC  ]: carry=0 | base=3.22 | wall=0.34 | search=4376 | target=site(-0.19,2.35)
R5[SEARCH    ]: carry=0 | base=3.77 | wall=0.35 | search=923 | target=phero(1.62,1.50)
R6[SEARCH    ]: carry=0 | base=3.31 | wall=0.71 | search=689 | target=site(1.59,1.19)
R7[SITE      ]: carry=0 | base=0.40 | wall=3.12 | search=  0 | target=site(1.68,1.12)
R8[SEARCH    ]: carry=0 | base=1.84 | wall=2.05 | search=213 | target=phero(1.59,1.19)
R9[WALL_ESC  ]: carry=0 | base=3.75 | wall=0.31 | search=2680 | target=site(-0.27,2.29)
R10[SURVEY    ]: carry=1 | base=2.48 | wall=1.60 | search=  0 | target=none
R11[RTB       ]: carry=1 | base=2.16 | wall=1.38 | search=  0 | target=none
R12[SEARCH    ]: carry=0 | base=1.73 | wall=1.84 | search=477 | target=site(1.76,1.49)
R13[SEARCH    ]: carry=0 | base=3.14 | wall=0.38 | search=1442 | target=phero(1.67,1.43)
R14[SITE      ]: carry=0 | base=2.94 | wall=1.40 | search=  0 | target=site(2.59,2.50)
R15[PHERO     ]: carry=0 | base=0.28 | wall=3.22 | search=  0 | target=phero(-2.35,2.69)
R16[RTB       ]: carry=1 | base=1.94 | wall=1.61 | search=  0 | target=none

[DEPOSIT] R2 deposited! Total: 75
  [PHERO] Laid at (1.71, 1.15) density=6 prob=0.21 entries=6
  [TARGET] R2 → SITE (1.71, 1.15)
[DEPOSIT] R16 deposited! Total: 76
  [PHERO] Laid at (2.39, -0.65) density=14 prob=0.96 entries=7
  [TARGET] R16 → SITE (2.39, -0.65)
[DEPOSIT] R11 deposited! Total: 77
  [PHERO] Laid at (0.35, -2.51) density=16 prob=0.99 entries=8
  [TARGET] R11 → SITE (0.35, -2.51)

======================================================================
Step 13000 (6.9 min) | Pickups: 79 | Deposits: 77 | Rate: 11.11 tags/min | phero_entries=8 max_w=0.990
======================================================================
R1[GIVE_UP   ]: carry=0 | base=1.09 | wall=2.41 | search=936 | target=none
R2[SITE      ]: carry=0 | base=0.38 | wall=3.22 | search=  0 | target=site(1.71,1.15)
R3[RTB       ]: carry=1 | base=1.60 | wall=2.15 | search=  0 | target=none
R4[WALL_ESC  ]: carry=0 | base=3.22 | wall=0.34 | search=4876 | target=site(-0.19,2.35)
R5[SEARCH    ]: carry=0 | base=3.70 | wall=0.38 | search=1423 | target=phero(1.62,1.50)
R6[SEARCH    ]: carry=0 | base=3.79 | wall=0.36 | search=1189 | target=site(1.59,1.19)
R7[SEARCH    ]: carry=0 | base=2.00 | wall=1.86 | search= 72 | target=site(1.68,1.12)
R8[GIVE_UP   ]: carry=0 | base=0.53 | wall=3.01 | search=312 | target=none
R9[SEARCH    ]: carry=0 | base=3.71 | wall=0.37 | search=3180 | target=site(-0.27,2.29)
R10[RTB       ]: carry=1 | base=1.27 | wall=2.50 | search=  0 | target=none
R11[BASE_ESC  ]: carry=0 | base=0.24 | wall=3.26 | search=  0 | target=site(0.35,-2.51)
R12[GIVE_UP   ]: carry=0 | base=0.33 | wall=3.17 | search=624 | target=none
R13[SEARCH    ]: carry=0 | base=3.13 | wall=0.38 | search=1942 | target=phero(1.67,1.43)
R14[SEARCH    ]: carry=0 | base=3.51 | wall=0.67 | search=342 | target=site(2.59,2.50)
R15[PHERO     ]: carry=0 | base=1.57 | wall=2.22 | search=  0 | target=phero(-2.35,2.69)
R16[BASE_ESC  ]: carry=0 | base=0.21 | wall=3.30 | search=  0 | target=site(2.39,-0.65)

  [GIVE-UP] R12 returned empty after 624 searching steps
  [TARGET] R12 → PHERO (2.39, -0.65)
  [GIVE-UP] R8 returned empty after 312 searching steps
  [TARGET] R8 → PHERO (1.71, 1.15)
  [GIVE-UP] R1 returned empty after 936 searching steps
  [TARGET] R1 → PHERO (0.35, -2.51)
[PICKUP] R15 picked up tag (density=9) | Total: 80
[DEPOSIT] R10 deposited! Total: 78
  [PHERO] Laid at (-1.58, 1.90) density=11 prob=0.80 entries=8
  [TARGET] R10 → SITE (-1.58, 1.90)
[DEPOSIT] R3 deposited! Total: 79
  [PHERO] Laid at (-1.46, 2.20) density=10 prob=0.71 entries=7
  [TARGET] R3 → SITE (-1.46, 2.20)
[PICKUP] R11 picked up tag (density=10) | Total: 81

======================================================================
Step 13500 (7.2 min) | Pickups: 81 | Deposits: 79 | Rate: 10.97 tags/min | phero_entries=6 max_w=0.623
======================================================================
R1[PHERO     ]: carry=0 | base=0.72 | wall=2.85 | search=  0 | target=phero(0.35,-2.51)
R2[SEARCH    ]: carry=0 | base=2.04 | wall=1.79 | search= 74 | target=site(1.71,1.15)
R3[SITE      ]: carry=0 | base=0.37 | wall=3.15 | search=  0 | target=site(-1.46,2.20)
R4[WALL_ESC  ]: carry=0 | base=3.22 | wall=0.33 | search=5376 | target=site(-0.19,2.35)
R5[SEARCH    ]: carry=0 | base=3.65 | wall=0.39 | search=1923 | target=phero(1.62,1.50)
R6[SEARCH    ]: carry=0 | base=3.80 | wall=0.39 | search=1689 | target=site(1.59,1.19)
R7[SEARCH    ]: carry=0 | base=2.96 | wall=0.91 | search=572 | target=site(1.68,1.12)
R8[PHERO     ]: carry=0 | base=1.35 | wall=2.35 | search=  0 | target=phero(1.71,1.15)
R9[SEARCH    ]: carry=0 | base=3.66 | wall=0.38 | search=3680 | target=site(-0.27,2.29)
R10[SITE      ]: carry=0 | base=0.69 | wall=3.00 | search=  0 | target=site(-1.58,1.90)
R11[SURVEY    ]: carry=1 | base=1.28 | wall=2.23 | search=  0 | target=none
R12[PHERO     ]: carry=0 | base=1.50 | wall=2.04 | search=  0 | target=phero(2.39,-0.65)
R13[SEARCH    ]: carry=0 | base=3.13 | wall=0.38 | search=2442 | target=phero(1.67,1.43)
R14[WALL_ESC  ]: carry=0 | base=3.69 | wall=0.33 | search=780 | target=none
R15[RTB       ]: carry=1 | base=2.41 | wall=1.61 | search=  0 | target=none
R16[SITE      ]: carry=0 | base=1.92 | wall=1.65 | search=  0 | target=site(2.39,-0.65)

[PICKUP] R1 picked up tag (density=9) | Total: 82
[PICKUP] R14 picked up tag (density=5) | Total: 83
[PICKUP] R12 picked up tag (density=13) | Total: 84
[DEPOSIT] R11 deposited! Total: 80
  [PHERO] Laid at (0.12, -1.27) density=10 prob=0.71 entries=6
  [TARGET] R11 → SITE (0.12, -1.27)

======================================================================
Step 14000 (7.5 min) | Pickups: 84 | Deposits: 80 | Rate: 10.71 tags/min | phero_entries=6 max_w=0.740
======================================================================
R1[RTB       ]: carry=1 | base=0.62 | wall=2.93 | search=  0 | target=none
R2[GIVE_UP   ]: carry=0 | base=0.75 | wall=2.84 | search=156 | target=none
R3[SITE      ]: carry=0 | base=2.27 | wall=1.60 | search=  0 | target=site(-1.46,2.20)
R4[GIVE_UP   ]: carry=0 | base=2.89 | wall=0.66 | search=5772 | target=none
R5[SEARCH    ]: carry=0 | base=3.73 | wall=0.36 | search=2423 | target=phero(1.62,1.50)
R6[GIVE_UP   ]: carry=0 | base=2.28 | wall=1.59 | search=1716 | target=none
R7[SEARCH    ]: carry=0 | base=4.07 | wall=0.36 | search=1072 | target=site(1.68,1.12)
R8[SEARCH    ]: carry=0 | base=1.54 | wall=2.38 | search=329 | target=phero(1.71,1.15)
R9[GIVE_UP   ]: carry=0 | base=3.47 | wall=0.61 | search=4056 | target=none
R10[SEARCH    ]: carry=0 | base=2.45 | wall=1.61 | search= 46 | target=site(-1.58,1.90)
R11[BASE_ESC  ]: carry=0 | base=0.23 | wall=3.28 | search=  0 | target=site(0.12,-1.27)
R12[SURVEY    ]: carry=1 | base=2.50 | wall=1.12 | search=  0 | target=none
R13[GIVE_UP   ]: carry=0 | base=2.07 | wall=1.45 | search=2652 | target=none
R14[SURVEY    ]: carry=1 | base=2.46 | wall=1.39 | search=  0 | target=none
R15[RTB       ]: carry=1 | base=0.49 | wall=3.11 | search=  0 | target=none
R16[SEARCH    ]: carry=0 | base=2.67 | wall=1.05 | search=370 | target=site(2.39,-0.65)

[DEPOSIT] R15 deposited! Total: 81
  [PHERO] Laid at (-1.57, 1.94) density=9 prob=0.59 entries=7
  [TARGET] R15 → SITE (-1.57, 1.94)
[PICKUP] R3 picked up tag (density=8) | Total: 85
  [GIVE-UP] R2 returned empty after 156 searching steps
  [TARGET] R2 → PHERO (0.12, -1.27)
[PICKUP] R9 picked up tag (density=7) | Total: 86
[DEPOSIT] R1 deposited! Total: 82
  [PHERO] Laid at (0.32, -1.05) density=9 prob=0.59 entries=8
  [TARGET] R1 → SITE (0.32, -1.05)
[PICKUP] R11 picked up tag (density=8) | Total: 87
  [GIVE-UP] R13 returned empty after 2652 searching steps
  [TARGET] R13 → PHERO (0.32, -1.05)

======================================================================
Step 14500 (7.7 min) | Pickups: 87 | Deposits: 82 | Rate: 10.60 tags/min | phero_entries=8 max_w=0.340
======================================================================
R1[SEARCH    ]: carry=0 | base=1.06 | wall=2.49 | search=  2 | target=site(0.32,-1.05)
R2[PHERO     ]: carry=0 | base=0.47 | wall=3.09 | search=  0 | target=phero(0.12,-1.27)
R3[RTB       ]: carry=1 | base=2.16 | wall=1.68 | search=  0 | target=none
R4[GIVE_UP   ]: carry=0 | base=0.97 | wall=2.55 | search=5772 | target=none
R5[SEARCH    ]: carry=0 | base=3.75 | wall=0.35 | search=2923 | target=phero(1.62,1.50)
R6[GIVE_UP   ]: carry=0 | base=0.36 | wall=3.20 | search=1716 | target=none
R7[WALL_ESC  ]: carry=0 | base=4.08 | wall=0.35 | search=1572 | target=site(1.68,1.12)
R8[SEARCH    ]: carry=0 | base=0.44 | wall=3.07 | search=829 | target=phero(1.71,1.15)
R9[RTB       ]: carry=1 | base=2.35 | wall=1.52 | search=  0 | target=none
R10[SEARCH    ]: carry=0 | base=3.18 | wall=0.70 | search=546 | target=site(-1.58,1.90)
R11[SURVEY    ]: carry=1 | base=1.29 | wall=2.22 | search=  0 | target=none
R12[RTB       ]: carry=1 | base=1.20 | wall=2.34 | search=  0 | target=none
R13[BASE_ESC  ]: carry=0 | base=0.22 | wall=3.28 | search=  0 | target=phero(0.32,-1.05)
R14[RTB       ]: carry=1 | base=1.12 | wall=2.51 | search=  0 | target=none
R15[SITE      ]: carry=0 | base=1.45 | wall=2.34 | search=  0 | target=site(-1.57,1.94)
R16[GIVE_UP   ]: carry=0 | base=1.93 | wall=1.72 | search=468 | target=none

  [GIVE-UP] R6 returned empty after 1716 searching steps
  [TARGET] R6 → PHERO (-1.57, 1.94)
  [GIVE-UP] R4 returned empty after 5772 searching steps
  [TARGET] R4 → PHERO (0.12, -1.27)
[DEPOSIT] R14 deposited! Total: 83
  [TARGET] R14 → SITE (2.12, 1.25)
[DEPOSIT] R12 deposited! Total: 84
  [PHERO] Laid at (2.38, -0.74) density=13 prob=0.93 entries=9
  [TARGET] R12 → SITE (2.38, -0.74)
[PICKUP] R1 picked up tag (density=8) | Total: 88
  [GIVE-UP] R16 returned empty after 468 searching steps
  [TARGET] R16 → PHERO (0.32, -1.05)
[DEPOSIT] R11 deposited! Total: 85
  [TARGET] R11 → SITE (0.17, -1.28)
[DEPOSIT] R3 deposited! Total: 86
  [PHERO] Laid at (-1.47, 2.19) density=8 prob=0.46 entries=10
  [TARGET] R3 → SITE (-1.47, 2.19)

======================================================================
Step 15000 (8.0 min) | Pickups: 88 | Deposits: 86 | Rate: 10.75 tags/min | phero_entries=10 max_w=0.997
======================================================================
R1[SURVEY    ]: carry=1 | base=0.93 | wall=2.61 | search=  0 | target=none
R2[SEARCH    ]: carry=0 | base=0.85 | wall=2.66 | search=290 | target=phero(0.12,-1.27)
R3[BASE_ESC  ]: carry=0 | base=0.24 | wall=3.30 | search=  0 | target=site(-1.47,2.19)
R4[PHERO     ]: carry=0 | base=0.26 | wall=3.30 | search=  0 | target=phero(0.12,-1.27)
R5[SEARCH    ]: carry=0 | base=3.69 | wall=0.40 | search=3423 | target=phero(1.62,1.50)
R6[PHERO     ]: carry=0 | base=1.46 | wall=2.29 | search=  0 | target=phero(-1.57,1.94)
R7[SEARCH    ]: carry=0 | base=3.99 | wall=0.38 | search=2072 | target=site(1.68,1.12)
R8[SEARCH    ]: carry=0 | base=1.70 | wall=2.01 | search=1329 | target=phero(1.71,1.15)
R9[RTB       ]: carry=1 | base=0.44 | wall=3.13 | search=  0 | target=none
R10[GIVE_UP   ]: carry=0 | base=2.47 | wall=1.28 | search=780 | target=none
R11[BASE_ESC  ]: carry=0 | base=0.22 | wall=3.29 | search=  0 | target=site(0.17,-1.28)
R12[SITE      ]: carry=0 | base=0.72 | wall=2.84 | search=  0 | target=site(2.38,-0.74)
R13[PHERO     ]: carry=0 | base=0.35 | wall=3.17 | search=  0 | target=phero(0.32,-1.05)
R14[SITE      ]: carry=0 | base=0.84 | wall=2.81 | search=  0 | target=site(2.12,1.25)
R15[SEARCH    ]: carry=0 | base=2.36 | wall=1.63 | search=241 | target=site(-1.57,1.94)
R16[BASE_ESC  ]: carry=0 | base=0.22 | wall=3.29 | search=  0 | target=phero(0.32,-1.05)

[DEPOSIT] R9 deposited! Total: 87
  [TARGET] R9 → SITE (-1.58, 2.37)
[PICKUP] R2 picked up tag (density=7) | Total: 89
[PICKUP] R8 picked up tag (density=16) | Total: 90
[DEPOSIT] R1 deposited! Total: 88
  [PHERO] Laid at (-0.25, -0.89) density=8 prob=0.46 entries=8
  [TARGET] R1 → SITE (-0.25, -0.89)
[PICKUP] R14 picked up tag (density=4) | Total: 91
[PICKUP] R11 picked up tag (density=7) | Total: 92
[DEPOSIT] R2 deposited! Total: 89
  [TARGET] R2 → SITE (-0.22, -0.67)

======================================================================
Step 15500 (8.3 min) | Pickups: 92 | Deposits: 89 | Rate: 10.77 tags/min | phero_entries=7 max_w=0.546
======================================================================
R1[SITE      ]: carry=0 | base=0.48 | wall=3.02 | search=  0 | target=site(-0.25,-0.89)
R2[BASE_ESC  ]: carry=0 | base=0.22 | wall=3.28 | search=  0 | target=site(-0.22,-0.67)
R3[SITE      ]: carry=0 | base=1.66 | wall=2.09 | search=  0 | target=site(-1.47,2.19)
R4[SEARCH    ]: carry=0 | base=1.29 | wall=2.22 | search= 57 | target=phero(0.12,-1.27)
R5[WALL_ESC  ]: carry=0 | base=3.75 | wall=0.34 | search=3923 | target=phero(1.62,1.50)
R6[SEARCH    ]: carry=0 | base=2.36 | wall=1.63 | search=242 | target=phero(-1.57,1.94)
R7[WALL_ESC  ]: carry=0 | base=4.11 | wall=0.31 | search=2572 | target=site(1.68,1.12)
R8[RTB       ]: carry=1 | base=2.43 | wall=1.49 | search=  0 | target=none
R9[SITE      ]: carry=0 | base=1.50 | wall=2.22 | search=  0 | target=site(-1.58,2.37)
R10[GIVE_UP   ]: carry=0 | base=0.59 | wall=2.97 | search=780 | target=none
R11[SURVEY    ]: carry=1 | base=1.28 | wall=2.23 | search=  0 | target=none
R12[SEARCH    ]: carry=0 | base=2.52 | wall=1.09 | search= 50 | target=site(2.38,-0.74)
R13[SEARCH    ]: carry=0 | base=1.04 | wall=2.51 | search=294 | target=phero(0.32,-1.05)
R14[RTB       ]: carry=1 | base=2.09 | wall=1.70 | search=  0 | target=none
R15[SEARCH    ]: carry=0 | base=3.06 | wall=0.45 | search=741 | target=site(-1.57,1.94)
R16[SEARCH    ]: carry=0 | base=0.97 | wall=2.57 | search= 87 | target=phero(0.32,-1.05)

[PICKUP] R12 picked up tag (density=12) | Total: 93
  [GIVE-UP] R10 returned empty after 780 searching steps
  [TARGET] R10 → PHERO (-0.25, -0.89)
[PICKUP] R16 picked up tag (density=6) | Total: 94
[PICKUP] R13 picked up tag (density=6) | Total: 95
[PICKUP] R9 picked up tag (density=6) | Total: 96
[DEPOSIT] R11 deposited! Total: 90
  [PHERO] Laid at (0.20, -1.27) density=7 prob=0.32 entries=7
  [TARGET] R11 → SITE (0.20, -1.27)

======================================================================
Step 16000 (8.5 min) | Pickups: 96 | Deposits: 90 | Rate: 10.55 tags/min | phero_entries=7 max_w=0.807
======================================================================
R1[GIVE_UP   ]: carry=0 | base=1.30 | wall=2.21 | search=312 | target=none
R2[SEARCH    ]: carry=0 | base=1.24 | wall=2.32 | search=301 | target=site(-0.22,-0.67)
R3[SEARCH    ]: carry=0 | base=2.56 | wall=1.33 | search=257 | target=site(-1.47,2.19)
R4[SEARCH    ]: carry=0 | base=0.85 | wall=2.68 | search=557 | target=phero(0.12,-1.27)
R5[WALL_ESC  ]: carry=0 | base=3.79 | wall=0.33 | search=4423 | target=phero(1.62,1.50)
R6[SEARCH    ]: carry=0 | base=3.33 | wall=0.37 | search=742 | target=phero(-1.57,1.94)
R7[SEARCH    ]: carry=0 | base=4.02 | wall=0.39 | search=3072 | target=site(1.68,1.12)
R8[RTB       ]: carry=1 | base=0.62 | wall=2.98 | search=  0 | target=none
R9[SURVEY    ]: carry=1 | base=2.84 | wall=1.15 | search=  0 | target=none
R10[PHERO     ]: carry=0 | base=0.26 | wall=3.27 | search=  0 | target=phero(-0.25,-0.89)
R11[BASE_ESC  ]: carry=0 | base=0.22 | wall=3.30 | search=  0 | target=site(0.20,-1.27)
R12[RTB       ]: carry=1 | base=1.91 | wall=1.64 | search=  0 | target=none
R13[SURVEY    ]: carry=1 | base=1.08 | wall=2.56 | search=  0 | target=none
R14[RTB       ]: carry=1 | base=0.49 | wall=3.07 | search=  0 | target=none
R15[GIVE_UP   ]: carry=0 | base=1.71 | wall=1.79 | search=780 | target=none
R16[RTB       ]: carry=1 | base=0.78 | wall=2.79 | search=  0 | target=none

[PICKUP] R2 picked up tag (density=5) | Total: 97
[DEPOSIT] R14 deposited! Total: 91
  [TARGET] R14 → SITE (1.79, 1.07)
[DEPOSIT] R8 deposited! Total: 92
  [PHERO] Laid at (-1.39, -2.03) density=16 prob=0.99 entries=7
  [TARGET] R8 → SITE (-1.39, -2.03)
[DEPOSIT] R16 deposited! Total: 93
  [TARGET] R16 → SITE (0.32, -1.15)
  [GIVE-UP] R1 returned empty after 312 searching steps
  [TARGET] R1 → PHERO (0.20, -1.27)
[DEPOSIT] R13 deposited! Total: 94
  [TARGET] R13 → SITE (-0.56, -0.94)
[PICKUP] R8 picked up tag (density=5) | Total: 98
  [GIVE-UP] R4 returned empty after 624 searching steps
  [TARGET] R4 → PHERO (-1.39, -2.03)
  [GIVE-UP] R15 returned empty after 780 searching steps
  [TARGET] R15 → PHERO (-1.39, -2.03)
[DEPOSIT] R12 deposited! Total: 95
  [PHERO] Laid at (2.46, -0.74) density=12 prob=0.88 entries=6
  [TARGET] R12 → SITE (2.46, -0.74)

======================================================================
Step 16500 (8.8 min) | Pickups: 98 | Deposits: 95 | Rate: 10.80 tags/min | phero_entries=6 max_w=0.810
======================================================================
R1[PHERO     ]: carry=0 | base=0.48 | wall=3.05 | search=  0 | target=phero(0.20,-1.27)
R2[RTB       ]: carry=1 | base=0.54 | wall=3.02 | search=  0 | target=none
R3[GIVE_UP   ]: carry=0 | base=1.37 | wall=2.31 | search=312 | target=none
R4[PHERO     ]: carry=0 | base=0.28 | wall=3.23 | search=  0 | target=phero(-1.39,-2.03)
R5[SEARCH    ]: carry=0 | base=3.69 | wall=0.39 | search=4923 | target=phero(1.62,1.50)
R6[SEARCH    ]: carry=0 | base=3.32 | wall=0.37 | search=1242 | target=phero(-1.57,1.94)
R7[SEARCH    ]: carry=0 | base=4.02 | wall=0.36 | search=3572 | target=site(1.68,1.12)
R8[SURVEY    ]: carry=1 | base=0.71 | wall=2.87 | search=  0 | target=none
R9[RTB       ]: carry=1 | base=1.58 | wall=2.17 | search=  0 | target=none
R10[PHERO     ]: carry=0 | base=0.72 | wall=2.80 | search=  0 | target=phero(-0.25,-0.89)
R11[SEARCH    ]: carry=0 | base=1.19 | wall=2.34 | search=165 | target=site(0.20,-1.27)
R12[BASE_ESC  ]: carry=0 | base=0.22 | wall=3.30 | search=  0 | target=site(2.46,-0.74)
R13[SITE      ]: carry=0 | base=0.50 | wall=3.12 | search=  0 | target=site(-0.56,-0.94)
R14[SITE      ]: carry=0 | base=1.45 | wall=2.23 | search=  0 | target=site(1.79,1.07)
R15[PHERO     ]: carry=0 | base=0.27 | wall=3.24 | search=  0 | target=phero(-1.39,-2.03)
R16[SITE      ]: carry=0 | base=0.90 | wall=2.63 | search=  0 | target=site(0.32,-1.15)

[PICKUP] R13 picked up tag (density=4) | Total: 99
[DEPOSIT] R2 deposited! Total: 96
  [TARGET] R2 → SITE (0.44, -1.21)
[DEPOSIT] R8 deposited! Total: 97
  [TARGET] R8 → SITE (-0.31, -0.63)
[PICKUP] R16 picked up tag (density=4) | Total: 100
  [GIVE-UP] R3 returned empty after 312 searching steps
  [TARGET] R3 → PHERO (2.46, -0.74)
[PICKUP] R10 picked up tag (density=3) | Total: 101
[DEPOSIT] R9 deposited! Total: 98
  [TARGET] R9 → SITE (-1.60, 2.34)
[DEPOSIT] R13 deposited! Total: 99
  [TARGET] R13 → SITE (-0.41, -0.60)

======================================================================
Step 17000 (9.1 min) | Pickups: 101 | Deposits: 99 | Rate: 10.92 tags/min | phero_entries=5 max_w=0.163
======================================================================
R1[SEARCH    ]: carry=0 | base=1.19 | wall=2.31 | search=280 | target=phero(0.20,-1.27)
R2[SEARCH    ]: carry=0 | base=1.28 | wall=2.30 | search= 17 | target=site(0.44,-1.21)
R3[PHERO     ]: carry=0 | base=0.29 | wall=3.29 | search=  0 | target=phero(2.46,-0.74)
R4[PHERO     ]: carry=0 | base=1.28 | wall=2.37 | search=  0 | target=phero(-1.39,-2.03)
R5[GIVE_UP   ]: carry=0 | base=2.69 | wall=1.22 | search=5148 | target=none
R6[SEARCH    ]: carry=0 | base=3.31 | wall=0.38 | search=1742 | target=phero(-1.57,1.94)
R7[WALL_ESC  ]: carry=0 | base=4.10 | wall=0.33 | search=4072 | target=site(1.68,1.12)
R8[SEARCH    ]: carry=0 | base=0.72 | wall=2.86 | search= 41 | target=site(-0.31,-0.63)
R9[SITE      ]: carry=0 | base=0.36 | wall=3.15 | search=  0 | target=site(-1.60,2.34)
R10[SURVEY    ]: carry=1 | base=0.93 | wall=2.62 | search=  0 | target=none
R11[SEARCH    ]: carry=0 | base=1.53 | wall=2.31 | search=665 | target=site(0.20,-1.27)
R12[SITE      ]: carry=0 | base=1.96 | wall=1.63 | search=  0 | target=site(2.46,-0.74)
R13[BASE_ESC  ]: carry=0 | base=0.22 | wall=3.29 | search=  0 | target=site(-0.41,-0.60)
R14[GIVE_UP   ]: carry=0 | base=1.90 | wall=1.98 | search=312 | target=none
R15[PHERO     ]: carry=0 | base=0.25 | wall=3.31 | search=  0 | target=phero(-1.39,-2.03)
R16[RTB       ]: carry=1 | base=1.29 | wall=2.24 | search=  0 | target=none

[PICKUP] R2 picked up tag (density=3) | Total: 102
[PICKUP] R11 picked up tag (density=15) | Total: 103
[PICKUP] R12 picked up tag (density=11) | Total: 104
[PICKUP] R15 picked up tag (density=2) | Total: 105
[DEPOSIT] R16 deposited! Total: 100
  [TARGET] R16 → SITE (0.25, -1.30)
[DEPOSIT] R10 deposited! Total: 101
  [TARGET] R10 → SITE (-0.29, -0.78)
  [GIVE-UP] R14 returned empty after 312 searching steps
  [TARGET] R14 → PHERO (0.20, -1.27)
[PICKUP] R7 picked up tag (density=8) | Total: 106

======================================================================
Step 17500 (9.3 min) | Pickups: 106 | Deposits: 101 | Rate: 10.82 tags/min | phero_entries=3 max_w=0.033
======================================================================
R1[SEARCH    ]: carry=0 | base=2.31 | wall=1.76 | search=780 | target=phero(0.20,-1.27)
R2[RTB       ]: carry=1 | base=0.54 | wall=3.02 | search=  0 | target=none
R3[PHERO     ]: carry=0 | base=1.29 | wall=2.23 | search=  0 | target=phero(2.46,-0.74)
R4[SEARCH    ]: carry=0 | base=2.24 | wall=1.61 | search=202 | target=phero(-1.39,-2.03)
R5[GIVE_UP   ]: carry=0 | base=0.77 | wall=2.85 | search=5148 | target=none
R6[GIVE_UP   ]: carry=0 | base=2.39 | wall=1.30 | search=1872 | target=none
R7[SURVEY    ]: carry=1 | base=3.83 | wall=0.50 | search=  0 | target=none
R8[GIVE_UP   ]: carry=0 | base=0.49 | wall=3.08 | search=312 | target=none
R9[SITE      ]: carry=0 | base=2.26 | wall=1.62 | search=  0 | target=site(-1.60,2.34)
R10[SITE      ]: carry=0 | base=0.49 | wall=3.02 | search=  0 | target=site(-0.29,-0.78)
R11[RTB       ]: carry=1 | base=1.00 | wall=2.59 | search=  0 | target=none
R12[RTB       ]: carry=1 | base=2.38 | wall=1.19 | search=  0 | target=none
R13[SEARCH    ]: carry=0 | base=0.78 | wall=2.84 | search=323 | target=site(-0.41,-0.60)
R14[BASE_ESC  ]: carry=0 | base=0.22 | wall=3.33 | search=  0 | target=phero(0.20,-1.27)
R15[RTB       ]: carry=1 | base=0.79 | wall=2.76 | search=  0 | target=none
R16[SITE      ]: carry=0 | base=0.57 | wall=2.96 | search=  0 | target=site(0.25,-1.30)

  [GIVE-UP] R8 returned empty after 312 searching steps
  [TARGET] R8 → PHERO (-1.39, -2.03)
[DEPOSIT] R2 deposited! Total: 102
  [TARGET] R2 → SITE (0.45, -1.21)
  [GIVE-UP] R5 returned empty after 5148 searching steps
  [TARGET] R5 → PHERO (-1.39, -2.03)
[DEPOSIT] R15 deposited! Total: 103
  [TARGET] R15 → PHERO (2.46, -0.74)
[DEPOSIT] R11 deposited! Total: 104
  [PHERO] Laid at (-1.45, -0.62) density=15 prob=0.98 entries=4
  [TARGET] R11 → SITE (-1.45, -0.62)
[PICKUP] R13 picked up tag (density=14) | Total: 107
[PICKUP] R9 picked up tag (density=5) | Total: 108
[PICKUP] R10 picked up tag (density=1) | Total: 109

======================================================================
Step 18000 (9.6 min) | Pickups: 109 | Deposits: 104 | Rate: 10.83 tags/min | phero_entries=4 max_w=0.380
======================================================================
R1[GIVE_UP   ]: carry=0 | base=2.53 | wall=1.24 | search=1092 | target=none
R2[SEARCH    ]: carry=0 | base=1.28 | wall=2.29 | search= 42 | target=site(0.45,-1.21)
R3[SEARCH    ]: carry=0 | base=2.51 | wall=1.07 | search=129 | target=phero(2.46,-0.74)
R4[SEARCH    ]: carry=0 | base=0.65 | wall=2.93 | search=702 | target=phero(-1.39,-2.03)
R5[PHERO     ]: carry=0 | base=0.27 | wall=3.25 | search=  0 | target=phero(-1.39,-2.03)
R6[GIVE_UP   ]: carry=0 | base=0.47 | wall=3.07 | search=1872 | target=none
R7[RTB       ]: carry=1 | base=2.98 | wall=1.12 | search=  0 | target=none
R8[PHERO     ]: carry=0 | base=0.99 | wall=2.58 | search=  0 | target=phero(-1.39,-2.03)
R9[RTB       ]: carry=1 | base=2.70 | wall=1.28 | search=  0 | target=none
R10[SURVEY    ]: carry=1 | base=0.81 | wall=2.83 | search=  0 | target=none
R11[SITE      ]: carry=0 | base=0.90 | wall=2.70 | search=  0 | target=site(-1.45,-0.62)
R12[RTB       ]: carry=1 | base=0.67 | wall=2.85 | search=  0 | target=none
R13[RTB       ]: carry=1 | base=1.03 | wall=2.56 | search=  0 | target=none
R14[PHERO     ]: carry=0 | base=1.12 | wall=2.40 | search=  0 | target=phero(0.20,-1.27)
R15[PHERO     ]: carry=0 | base=0.87 | wall=2.76 | search=  0 | target=phero(2.46,-0.74)
R16[SEARCH    ]: carry=0 | base=1.63 | wall=1.88 | search=316 | target=site(0.25,-1.30)

  [GIVE-UP] R6 returned empty after 1872 searching steps
  [TARGET] R6 → PHERO (-1.45, -0.62)
[PICKUP] R2 picked up tag (density=2) | Total: 110
[DEPOSIT] R12 deposited! Total: 105
  [PHERO] Laid at (2.47, -0.74) density=11 prob=0.80 entries=4
  [TARGET] R12 → SITE (2.47, -0.74)
[DEPOSIT] R13 deposited! Total: 106
  [PHERO] Laid at (-1.20, -0.50) density=14 prob=0.96 entries=5
  [TARGET] R13 → SITE (-1.20, -0.50)
[DEPOSIT] R10 deposited! Total: 107
  [TARGET] R10 → PHERO (2.47, -0.74)
[PICKUP] R8 picked up tag (density=15) | Total: 111

======================================================================
Step 18500 (9.9 min) | Pickups: 111 | Deposits: 107 | Rate: 10.84 tags/min | phero_entries=4 max_w=0.404
======================================================================
R1[GIVE_UP   ]: carry=0 | base=0.77 | wall=2.80 | search=1092 | target=none
R2[RTB       ]: carry=1 | base=0.70 | wall=2.86 | search=  0 | target=none
R3[SEARCH    ]: carry=0 | base=2.23 | wall=1.83 | search=629 | target=phero(2.46,-0.74)
R4[SEARCH    ]: carry=0 | base=0.25 | wall=3.30 | search=1202 | target=phero(-1.39,-2.03)
R5[PHERO     ]: carry=0 | base=1.82 | wall=1.96 | search=  0 | target=phero(-1.39,-2.03)
R6[PHERO     ]: carry=0 | base=0.89 | wall=2.64 | search=  0 | target=phero(-1.45,-0.62)
R7[RTB       ]: carry=1 | base=1.06 | wall=2.65 | search=  0 | target=none
R8[SURVEY    ]: carry=1 | base=2.43 | wall=1.50 | search=  0 | target=none
R9[RTB       ]: carry=1 | base=0.78 | wall=2.85 | search=  0 | target=none
R10[PHERO     ]: carry=0 | base=0.37 | wall=3.14 | search=  0 | target=phero(2.47,-0.74)
R11[SEARCH    ]: carry=0 | base=1.15 | wall=2.62 | search=323 | target=site(-1.45,-0.62)
R12[SITE      ]: carry=0 | base=1.25 | wall=2.28 | search=  0 | target=site(2.47,-0.74)
R13[SITE      ]: carry=0 | base=0.72 | wall=2.87 | search=  0 | target=site(-1.20,-0.50)
R14[SEARCH    ]: carry=0 | base=0.65 | wall=2.87 | search=470 | target=phero(0.20,-1.27)
R15[SEARCH    ]: carry=0 | base=2.59 | wall=1.01 | search= 59 | target=phero(2.46,-0.74)
R16[SEARCH    ]: carry=0 | base=2.23 | wall=1.70 | search=816 | target=site(0.25,-1.30)

[PICKUP] R15 picked up tag (density=10) | Total: 112
[PICKUP] R6 picked up tag (density=13) | Total: 113
[DEPOSIT] R2 deposited! Total: 108
  [TARGET] R2 → PHERO (2.47, -0.74)
[DEPOSIT] R9 deposited! Total: 109
  [TARGET] R9 → SITE (-1.63, 2.29)
  [GIVE-UP] R1 returned empty after 1092 searching steps
  [TARGET] R1 → PHERO (-1.20, -0.50)
[DEPOSIT] R7 deposited! Total: 110
  [PHERO] Laid at (3.01, 2.38) density=8 prob=0.46 entries=4
  [TARGET] R7 → SITE (3.01, 2.38)
[PICKUP] R11 picked up tag (density=1) | Total: 114
[PICKUP] R13 picked up tag (density=12) | Total: 115

======================================================================
Step 19000 (10.1 min) | Pickups: 115 | Deposits: 110 | Rate: 10.86 tags/min | phero_entries=4 max_w=0.395
======================================================================
R1[PHERO     ]: carry=0 | base=0.95 | wall=2.62 | search=  0 | target=phero(-1.20,-0.50)
R2[PHERO     ]: carry=0 | base=1.23 | wall=2.35 | search=  0 | target=phero(2.47,-0.74)
R3[SEARCH    ]: carry=0 | base=0.50 | wall=3.14 | search=1129 | target=phero(2.46,-0.74)
R4[SEARCH    ]: carry=0 | base=1.20 | wall=2.50 | search=1702 | target=phero(-1.39,-2.03)
R5[SEARCH    ]: carry=0 | base=1.82 | wall=1.88 | search=339 | target=phero(-1.39,-2.03)
R6[RTB       ]: carry=1 | base=0.97 | wall=2.58 | search=  0 | target=none
R7[SITE      ]: carry=0 | base=0.90 | wall=2.74 | search=  0 | target=site(3.01,2.38)
R8[RTB       ]: carry=1 | base=1.40 | wall=2.35 | search=  0 | target=none
R9[SITE      ]: carry=0 | base=1.14 | wall=2.60 | search=  0 | target=site(-1.63,2.29)
R10[PHERO     ]: carry=0 | base=2.11 | wall=1.49 | search=  0 | target=phero(2.47,-0.74)
R11[SURVEY    ]: carry=1 | base=1.37 | wall=2.18 | search=  0 | target=none
R12[SEARCH    ]: carry=0 | base=2.48 | wall=1.10 | search=168 | target=site(2.47,-0.74)
R13[SURVEY    ]: carry=1 | base=1.25 | wall=2.30 | search=  0 | target=none
R14[SEARCH    ]: carry=0 | base=1.14 | wall=2.40 | search=970 | target=phero(0.20,-1.27)
R15[RTB       ]: carry=1 | base=1.87 | wall=1.67 | search=  0 | target=none
R16[SEARCH    ]: carry=0 | base=3.35 | wall=0.54 | search=1316 | target=site(0.25,-1.30)

[DEPOSIT] R6 deposited! Total: 111
  [PHERO] Laid at (-1.21, -0.45) density=13 prob=0.93 entries=5
  [TARGET] R6 → SITE (-1.21, -0.45)
[PICKUP] R1 picked up tag (density=11) | Total: 116
[DEPOSIT] R8 deposited! Total: 112
  [PHERO] Laid at (-1.39, -2.00) density=15 prob=0.98 entries=6
  [TARGET] R8 → SITE (-1.39, -2.00)
[PICKUP] R4 picked up tag (density=3) | Total: 117
[PICKUP] R7 picked up tag (density=2) | Total: 118
[PICKUP] R10 picked up tag (density=9) | Total: 119
[DEPOSIT] R11 deposited! Total: 113
  [TARGET] R11 → SITE (0.38, -1.32)
[DEPOSIT] R13 deposited! Total: 114
  [PHERO] Laid at (-1.20, -0.35) density=12 prob=0.88 entries=7
  [TARGET] R13 → SITE (-1.20, -0.35)
[DEPOSIT] R15 deposited! Total: 115
  [TARGET] R15 → SITE (2.49, -0.71)

======================================================================
Step 19500 (10.4 min) | Pickups: 119 | Deposits: 115 | Rate: 11.06 tags/min | phero_entries=7 max_w=0.710
======================================================================
R1[RTB       ]: carry=1 | base=1.32 | wall=2.24 | search=  0 | target=none
R2[SEARCH    ]: carry=0 | base=2.65 | wall=0.98 | search=153 | target=phero(2.47,-0.74)
R3[SEARCH    ]: carry=0 | base=0.38 | wall=3.23 | search=1629 | target=phero(2.46,-0.74)
R4[SURVEY    ]: carry=1 | base=2.27 | wall=1.54 | search=  0 | target=none
R5[SEARCH    ]: carry=0 | base=0.88 | wall=2.82 | search=839 | target=phero(-1.39,-2.03)
R6[SITE      ]: carry=0 | base=0.95 | wall=2.60 | search=  0 | target=site(-1.21,-0.45)
R7[SURVEY    ]: carry=1 | base=2.19 | wall=1.75 | search=  0 | target=none
R8[SITE      ]: carry=0 | base=0.56 | wall=2.99 | search=  0 | target=site(-1.39,-2.00)
R9[SEARCH    ]: carry=0 | base=2.83 | wall=1.17 | search= 78 | target=site(-1.63,2.29)
R10[SURVEY    ]: carry=1 | base=2.58 | wall=1.00 | search=  0 | target=none
R11[SITE      ]: carry=0 | base=0.29 | wall=3.22 | search=  0 | target=site(0.38,-1.32)
R12[GIVE_UP   ]: carry=0 | base=1.30 | wall=2.25 | search=312 | target=none
R13[BASE_ESC  ]: carry=0 | base=0.24 | wall=3.29 | search=  0 | target=site(-1.20,-0.35)
R14[GIVE_UP   ]: carry=0 | base=2.44 | wall=1.62 | search=1404 | target=none
R15[BASE_ESC  ]: carry=0 | base=0.22 | wall=3.28 | search=  0 | target=site(2.49,-0.71)
R16[WALL_ESC  ]: carry=0 | base=3.51 | wall=0.34 | search=1816 | target=site(0.25,-1.30)

[PICKUP] R2 picked up tag (density=8) | Total: 120
  [GIVE-UP] R12 returned empty after 312 searching steps
  [TARGET] R12 → PHERO (-1.20, -0.35)
[DEPOSIT] R1 deposited! Total: 116
  [PHERO] Laid at (-1.28, -0.42) density=11 prob=0.80 entries=7
  [TARGET] R1 → SITE (-1.28, -0.42)

======================================================================
Step 20000 (10.7 min) | Pickups: 120 | Deposits: 116 | Rate: 10.88 tags/min | phero_entries=7 max_w=0.675
======================================================================
R1[SITE      ]: carry=0 | base=0.28 | wall=3.22 | search=  0 | target=site(-1.28,-0.42)
R2[RTB       ]: carry=1 | base=1.96 | wall=1.61 | search=  0 | target=none
R3[SEARCH    ]: carry=0 | base=2.05 | wall=1.66 | search=2129 | target=phero(2.46,-0.74)
R4[RTB       ]: carry=1 | base=0.75 | wall=2.83 | search=  0 | target=none
R5[GIVE_UP   ]: carry=0 | base=1.13 | wall=2.51 | search=1092 | target=none
R6[GIVE_UP   ]: carry=0 | base=0.74 | wall=2.90 | search=312 | target=none
R7[RTB       ]: carry=1 | base=0.61 | wall=2.99 | search=  0 | target=none
R8[SEARCH    ]: carry=0 | base=2.41 | wall=1.51 | search= 22 | target=site(-1.39,-2.00)
R9[SEARCH    ]: carry=0 | base=2.61 | wall=1.21 | search=578 | target=site(-1.63,2.29)
R10[RTB       ]: carry=1 | base=1.29 | wall=2.23 | search=  0 | target=none
R11[SEARCH    ]: carry=0 | base=1.40 | wall=2.12 | search=225 | target=site(0.38,-1.32)
R12[BASE_ESC  ]: carry=0 | base=0.25 | wall=3.26 | search=  0 | target=phero(-1.20,-0.35)
R13[SEARCH    ]: carry=0 | base=1.19 | wall=2.33 | search=198 | target=site(-1.20,-0.35)
R14[GIVE_UP   ]: carry=0 | base=0.57 | wall=3.07 | search=1404 | target=none
R15[SITE      ]: carry=0 | base=1.89 | wall=1.68 | search=  0 | target=site(2.49,-0.71)
R16[WALL_ESC  ]: carry=0 | base=3.52 | wall=0.34 | search=2316 | target=site(0.25,-1.30)

[PICKUP] R13 picked up tag (density=10) | Total: 121
  [GIVE-UP] R14 returned empty after 1404 searching steps
  [TARGET] R14 → PHERO (-1.28, -0.42)
[DEPOSIT] R7 deposited! Total: 117
  [TARGET] R7 → SITE (1.74, 1.32)
[PICKUP] R9 picked up tag (density=17) | Total: 122
  [GIVE-UP] R6 returned empty after 312 searching steps
  [TARGET] R6 → PHERO (-1.28, -0.42)
[DEPOSIT] R4 deposited! Total: 118
  [TARGET] R4 → PHERO (-1.28, -0.42)
  [GIVE-UP] R5 returned empty after 1092 searching steps
  [TARGET] R5 → PHERO (-1.39, -2.00)
[PICKUP] R8 picked up tag (density=14) | Total: 123
[DEPOSIT] R10 deposited! Total: 119
  [PHERO] Laid at (2.50, -0.64) density=9 prob=0.59 entries=7
  [TARGET] R10 → SITE (2.50, -0.64)
[DEPOSIT] R2 deposited! Total: 120
  [TARGET] R2 → SITE (2.54, -0.81)

======================================================================
Step 20500 (10.9 min) | Pickups: 123 | Deposits: 120 | Rate: 10.98 tags/min | phero_entries=6 max_w=0.482
======================================================================
R1[SEARCH    ]: carry=0 | base=1.20 | wall=2.35 | search=224 | target=site(-1.28,-0.42)
R2[BASE_ESC  ]: carry=0 | base=0.22 | wall=3.28 | search=  0 | target=site(2.54,-0.81)
R3[SEARCH    ]: carry=0 | base=3.04 | wall=0.47 | search=2629 | target=phero(2.46,-0.74)
R4[PHERO     ]: carry=0 | base=0.26 | wall=3.30 | search=  0 | target=phero(-1.28,-0.42)
R5[PHERO     ]: carry=0 | base=0.61 | wall=2.90 | search=  0 | target=phero(-1.39,-2.00)
R6[WALL_ESC  ]: carry=0 | base=1.09 | wall=2.48 | search=  0 | target=phero(-1.28,-0.42)
R7[SITE      ]: carry=0 | base=1.18 | wall=2.53 | search=  0 | target=site(1.74,1.32)
R8[RTB       ]: carry=1 | base=2.31 | wall=1.66 | search=  0 | target=none
R9[RTB       ]: carry=1 | base=1.79 | wall=1.82 | search=  0 | target=none
R10[SITE      ]: carry=0 | base=0.68 | wall=2.87 | search=  0 | target=site(2.50,-0.64)
R11[SEARCH    ]: carry=0 | base=2.89 | wall=1.13 | search=725 | target=site(0.38,-1.32)
R12[SEARCH    ]: carry=0 | base=1.13 | wall=2.40 | search=172 | target=phero(-1.20,-0.35)
R13[RTB       ]: carry=1 | base=0.62 | wall=2.89 | search=  0 | target=none
R14[PHERO     ]: carry=0 | base=1.10 | wall=2.45 | search=  0 | target=phero(-1.28,-0.42)
R15[SEARCH    ]: carry=0 | base=1.96 | wall=1.56 | search=309 | target=site(2.49,-0.71)
R16[WALL_ESC  ]: carry=0 | base=3.52 | wall=0.33 | search=2816 | target=site(0.25,-1.30)

[DEPOSIT] R13 deposited! Total: 121
  [PHERO] Laid at (-1.28, -0.22) density=10 prob=0.71 entries=7
  [TARGET] R13 → SITE (-1.28, -0.22)
[PICKUP] R14 picked up tag (density=9) | Total: 124
[PICKUP] R12 picked up tag (density=8) | Total: 125
[PICKUP] R1 picked up tag (density=15) | Total: 126
[DEPOSIT] R9 deposited! Total: 122
  [PHERO] Laid at (-2.31, 0.83) density=17 prob=0.99 entries=7
  [TARGET] R9 → SITE (-2.31, 0.83)

======================================================================
Step 21000 (11.2 min) | Pickups: 126 | Deposits: 122 | Rate: 10.89 tags/min | phero_entries=7 max_w=0.731
======================================================================
R1[SURVEY    ]: carry=1 | base=2.14 | wall=1.44 | search=  0 | target=none
R2[SITE      ]: carry=0 | base=1.82 | wall=1.75 | search=  0 | target=site(2.54,-0.81)
R3[WALL_ESC  ]: carry=0 | base=3.20 | wall=0.33 | search=3129 | target=phero(2.46,-0.74)
R4[SEARCH    ]: carry=0 | base=1.33 | wall=2.24 | search= 10 | target=phero(-1.28,-0.42)
R5[SEARCH    ]: carry=0 | base=2.44 | wall=1.50 | search= 17 | target=phero(-1.39,-2.00)
R6[SEARCH    ]: carry=0 | base=0.74 | wall=2.77 | search=395 | target=phero(-1.28,-0.42)
R7[GIVE_UP   ]: carry=0 | base=1.74 | wall=2.16 | search=156 | target=none
R8[RTB       ]: carry=1 | base=0.45 | wall=3.13 | search=  0 | target=none
R9[BASE_ESC  ]: carry=0 | base=0.23 | wall=3.27 | search=  0 | target=site(-2.31,0.83)
R10[SEARCH    ]: carry=0 | base=2.55 | wall=1.03 | search= 16 | target=site(2.50,-0.64)
R11[GIVE_UP   ]: carry=0 | base=2.93 | wall=1.06 | search=936 | target=none
R12[RTB       ]: carry=1 | base=1.15 | wall=2.36 | search=  0 | target=none
R13[SITE      ]: carry=0 | base=1.20 | wall=2.32 | search=  0 | target=site(-1.28,-0.22)
R14[RTB       ]: carry=1 | base=1.15 | wall=2.39 | search=  0 | target=none
R15[SEARCH    ]: carry=0 | base=1.47 | wall=2.33 | search=809 | target=site(2.49,-0.71)
R16[SEARCH    ]: carry=0 | base=3.43 | wall=0.39 | search=3316 | target=site(0.25,-1.30)

[DEPOSIT] R8 deposited! Total: 123
  [PHERO] Laid at (-1.41, -1.84) density=14 prob=0.96 entries=8
  [TARGET] R8 → SITE (-1.41, -1.84)
[PICKUP] R10 picked up tag (density=7) | Total: 127
[DEPOSIT] R12 deposited! Total: 124
  [TARGET] R12 → SITE (-1.37, -0.18)
[DEPOSIT] R14 deposited! Total: 125
  [PHERO] Laid at (-1.32, -0.42) density=9 prob=0.59 entries=9
  [TARGET] R14 → SITE (-1.32, -0.42)
[PICKUP] R3 picked up tag (density=14) | Total: 128
  [GIVE-UP] R7 returned empty after 156 searching steps
  [TARGET] R7 → PHERO (-1.32, -0.42)

======================================================================
Step 21500 (11.5 min) | Pickups: 128 | Deposits: 125 | Rate: 10.90 tags/min | phero_entries=7 max_w=0.432
======================================================================
R1[RTB       ]: carry=1 | base=0.65 | wall=2.87 | search=  0 | target=none
R2[SEARCH    ]: carry=0 | base=2.88 | wall=0.80 | search=292 | target=site(2.54,-0.81)
R3[SURVEY    ]: carry=1 | base=2.62 | wall=0.92 | search=  0 | target=none
R4[SEARCH    ]: carry=0 | base=1.87 | wall=1.72 | search=510 | target=phero(-1.28,-0.42)
R5[SEARCH    ]: carry=0 | base=1.90 | wall=1.61 | search=517 | target=phero(-1.39,-2.00)
R6[GIVE_UP   ]: carry=0 | base=0.31 | wall=3.21 | search=624 | target=none
R7[BASE_ESC  ]: carry=0 | base=0.25 | wall=3.30 | search=  0 | target=phero(-1.32,-0.42)
R8[SITE      ]: carry=0 | base=1.50 | wall=2.28 | search=  0 | target=site(-1.41,-1.84)
R9[SITE      ]: carry=0 | base=2.00 | wall=1.62 | search=  0 | target=site(-2.31,0.83)
R10[RTB       ]: carry=1 | base=2.72 | wall=0.88 | search=  0 | target=none
R11[GIVE_UP   ]: carry=0 | base=1.01 | wall=2.66 | search=936 | target=none
R12[SITE      ]: carry=0 | base=0.78 | wall=2.72 | search=  0 | target=site(-1.37,-0.18)
R13[SEARCH    ]: carry=0 | base=2.04 | wall=1.99 | search=487 | target=site(-1.28,-0.22)
R14[SITE      ]: carry=0 | base=0.77 | wall=2.79 | search=  0 | target=site(-1.32,-0.42)
R15[SEARCH    ]: carry=0 | base=0.79 | wall=2.89 | search=1309 | target=site(2.49,-0.71)
R16[WALL_ESC  ]: carry=0 | base=3.52 | wall=0.31 | search=3816 | target=site(0.25,-1.30)

  [GIVE-UP] R6 returned empty after 624 searching steps
  [TARGET] R6 → PHERO (-1.28, -0.22)
[PICKUP] R9 picked up tag (density=13) | Total: 129
[DEPOSIT] R1 deposited! Total: 126
  [PHERO] Laid at (-2.06, 0.60) density=15 prob=0.98 entries=7
  [TARGET] R1 → SITE (-2.06, 0.60)
  [GIVE-UP] R11 returned empty after 936 searching steps
  [TARGET] R11 → PHERO (-2.06, 0.60)

======================================================================
Step 22000 (11.7 min) | Pickups: 129 | Deposits: 126 | Rate: 10.74 tags/min | phero_entries=7 max_w=0.283
======================================================================
R1[SITE      ]: carry=0 | base=1.30 | wall=2.26 | search=  0 | target=site(-2.06,0.60)
R2[WALL_ESC  ]: carry=0 | base=3.32 | wall=0.35 | search=792 | target=site(2.54,-0.81)
R3[RTB       ]: carry=1 | base=0.79 | wall=2.72 | search=  0 | target=none
R4[SEARCH    ]: carry=0 | base=2.78 | wall=0.84 | search=1010 | target=phero(-1.28,-0.42)
R5[SEARCH    ]: carry=0 | base=2.48 | wall=1.62 | search=1017 | target=phero(-1.39,-2.00)
R6[PHERO     ]: carry=0 | base=0.99 | wall=2.51 | search=  0 | target=phero(-1.28,-0.22)
R7[PHERO     ]: carry=0 | base=1.01 | wall=2.52 | search=  0 | target=phero(-1.32,-0.42)
R8[SEARCH    ]: carry=0 | base=2.44 | wall=1.25 | search=299 | target=site(-1.41,-1.84)
R9[RTB       ]: carry=1 | base=1.39 | wall=2.19 | search=  0 | target=none
R10[RTB       ]: carry=1 | base=0.83 | wall=2.70 | search=  0 | target=none
R11[PHERO     ]: carry=0 | base=0.26 | wall=3.24 | search=  0 | target=phero(-2.06,0.60)
R12[SEARCH    ]: carry=0 | base=0.72 | wall=2.80 | search=356 | target=site(-1.37,-0.18)
R13[SEARCH    ]: carry=0 | base=3.47 | wall=0.39 | search=987 | target=site(-1.28,-0.22)
R14[GIVE_UP   ]: carry=0 | base=1.39 | wall=2.13 | search=312 | target=none
R15[GIVE_UP   ]: carry=0 | base=1.04 | wall=2.60 | search=1560 | target=none
R16[GIVE_UP   ]: carry=0 | base=1.92 | wall=1.77 | search=3900 | target=none

[DEPOSIT] R3 deposited! Total: 127
  [PHERO] Laid at (-2.59, 0.46) density=14 prob=0.96 entries=7
  [TARGET] R3 → SITE (-2.59, 0.46)
[DEPOSIT] R10 deposited! Total: 128
  [PHERO] Laid at (2.62, -0.82) density=7 prob=0.32 entries=8
  [TARGET] R10 → SITE (2.62, -0.82)
  [GIVE-UP] R15 returned empty after 1560 searching steps
  [TARGET] R15 → PHERO (2.62, -0.82)
[PICKUP] R1 picked up tag (density=12) | Total: 130
  [GIVE-UP] R14 returned empty after 312 searching steps
  [TARGET] R14 → PHERO (2.62, -0.82)
[DEPOSIT] R9 deposited! Total: 129
  [PHERO] Laid at (-2.07, 0.73) density=13 prob=0.93 entries=9
  [TARGET] R9 → SITE (-2.07, 0.73)
  [GIVE-UP] R16 returned empty after 3900 searching steps
  [TARGET] R16 → PHERO (-1.41, -1.84)

======================================================================
Step 22500 (12.0 min) | Pickups: 130 | Deposits: 129 | Rate: 10.75 tags/min | phero_entries=8 max_w=0.664
======================================================================
R1[SURVEY    ]: carry=1 | base=2.14 | wall=1.44 | search=  0 | target=none
R2[SEARCH    ]: carry=0 | base=3.31 | wall=0.36 | search=1292 | target=site(2.54,-0.81)
R3[SITE      ]: carry=0 | base=0.92 | wall=2.59 | search=  0 | target=site(-2.59,0.46)
R4[SEARCH    ]: carry=0 | base=3.24 | wall=0.35 | search=1510 | target=phero(-1.28,-0.42)
R5[SEARCH    ]: carry=0 | base=3.42 | wall=0.36 | search=1517 | target=phero(-1.39,-2.00)
R6[SEARCH    ]: carry=0 | base=0.50 | wall=3.04 | search=430 | target=phero(-1.28,-0.22)
R7[SEARCH    ]: carry=0 | base=0.34 | wall=3.18 | search=414 | target=phero(-1.32,-0.42)
R8[GIVE_UP   ]: carry=0 | base=1.28 | wall=2.23 | search=468 | target=none
R9[SITE      ]: carry=0 | base=0.25 | wall=3.25 | search=  0 | target=site(-2.07,0.73)
R10[SITE      ]: carry=0 | base=0.86 | wall=2.72 | search=  0 | target=site(2.62,-0.82)
R11[PHERO     ]: carry=0 | base=1.66 | wall=1.89 | search=  0 | target=phero(-2.06,0.60)
R12[SEARCH    ]: carry=0 | base=1.81 | wall=1.71 | search=856 | target=site(-1.37,-0.18)
R13[SEARCH    ]: carry=0 | base=3.25 | wall=0.38 | search=1487 | target=site(-1.28,-0.22)
R14[BASE_ESC  ]: carry=0 | base=0.24 | wall=3.27 | search=  0 | target=phero(2.62,-0.82)
R15[BASE_ESC  ]: carry=0 | base=0.25 | wall=3.27 | search=  0 | target=phero(2.62,-0.82)
R16[BASE_ESC  ]: carry=0 | base=0.22 | wall=3.31 | search=  0 | target=phero(-1.41,-1.84)

[PICKUP] R11 picked up tag (density=11) | Total: 131
  [GIVE-UP] R8 returned empty after 468 searching steps
  [TARGET] R8 → PHERO (2.62, -0.82)
[PICKUP] R3 picked up tag (density=10) | Total: 132

======================================================================
Step 23000 (12.3 min) | Pickups: 132 | Deposits: 129 | Rate: 10.52 tags/min | phero_entries=7 max_w=0.134
======================================================================
R1[RTB       ]: carry=1 | base=0.51 | wall=3.01 | search=  0 | target=none
R2[SEARCH    ]: carry=0 | base=3.31 | wall=0.36 | search=1792 | target=site(2.54,-0.81)
R3[SURVEY    ]: carry=1 | base=2.19 | wall=1.34 | search=  0 | target=none
R4[SEARCH    ]: carry=0 | base=3.23 | wall=0.36 | search=2010 | target=phero(-1.28,-0.42)
R5[SEARCH    ]: carry=0 | base=3.42 | wall=0.37 | search=2017 | target=phero(-1.39,-2.00)
R6[SEARCH    ]: carry=0 | base=1.86 | wall=1.87 | search=930 | target=phero(-1.28,-0.22)
R7[SEARCH    ]: carry=0 | base=0.43 | wall=3.16 | search=914 | target=phero(-1.32,-0.42)
R8[PHERO     ]: carry=0 | base=0.55 | wall=3.10 | search=  0 | target=phero(2.62,-0.82)
R9[SITE      ]: carry=0 | base=1.93 | wall=1.68 | search=  0 | target=site(-2.07,0.73)
R10[SEARCH    ]: carry=0 | base=2.73 | wall=0.89 | search= 21 | target=site(2.62,-0.82)
R11[RTB       ]: carry=1 | base=1.97 | wall=1.60 | search=  0 | target=none
R12[SEARCH    ]: carry=0 | base=2.78 | wall=0.96 | search=1356 | target=site(-1.37,-0.18)
R13[SEARCH    ]: carry=0 | base=3.25 | wall=0.38 | search=1987 | target=site(-1.28,-0.22)
R14[PHERO     ]: carry=0 | base=0.38 | wall=3.16 | search=  0 | target=phero(2.62,-0.82)
R15[PHERO     ]: carry=0 | base=0.34 | wall=3.16 | search=  0 | target=phero(2.62,-0.82)
R16[PHERO     ]: carry=0 | base=1.45 | wall=2.27 | search=  0 | target=phero(-1.41,-1.84)

[PICKUP] R10 picked up tag (density=6) | Total: 133
[DEPOSIT] R1 deposited! Total: 130
  [PHERO] Laid at (-2.07, 0.59) density=12 prob=0.88 entries=7
  [TARGET] R1 → SITE (-2.07, 0.59)
[PICKUP] R6 picked up tag (density=15) | Total: 134
[PICKUP] R16 picked up tag (density=13) | Total: 135
[DEPOSIT] R11 deposited! Total: 131
  [PHERO] Laid at (-2.09, 0.54) density=11 prob=0.80 entries=6
  [TARGET] R11 → SITE (-2.09, 0.54)

======================================================================
Step 23500 (12.5 min) | Pickups: 135 | Deposits: 131 | Rate: 10.45 tags/min | phero_entries=6 max_w=0.858
======================================================================
R1[SITE      ]: carry=0 | base=1.14 | wall=2.41 | search=  0 | target=site(-2.07,0.59)
R2[SEARCH    ]: carry=0 | base=3.30 | wall=0.37 | search=2292 | target=site(2.54,-0.81)
R3[RTB       ]: carry=1 | base=0.61 | wall=2.90 | search=  0 | target=none
R4[SEARCH    ]: carry=0 | base=3.23 | wall=0.36 | search=2510 | target=phero(-1.28,-0.42)
R5[SEARCH    ]: carry=0 | base=3.42 | wall=0.37 | search=2517 | target=phero(-1.39,-2.00)
R6[SURVEY    ]: carry=1 | base=2.79 | wall=0.76 | search=  0 | target=none
R7[SEARCH    ]: carry=0 | base=1.84 | wall=1.68 | search=1414 | target=phero(-1.32,-0.42)
R8[PHERO     ]: carry=0 | base=2.40 | wall=1.22 | search=  0 | target=phero(2.62,-0.82)
R9[GIVE_UP   ]: carry=0 | base=1.15 | wall=2.38 | search=156 | target=none
R10[RTB       ]: carry=1 | base=1.95 | wall=1.62 | search=  0 | target=none
R11[BASE_ESC  ]: carry=0 | base=0.22 | wall=3.28 | search=  0 | target=site(-2.09,0.54)
R12[SEARCH    ]: carry=0 | base=3.71 | wall=0.36 | search=1856 | target=site(-1.37,-0.18)
R13[SEARCH    ]: carry=0 | base=3.25 | wall=0.38 | search=2487 | target=site(-1.28,-0.22)
R14[PHERO     ]: carry=0 | base=2.17 | wall=1.45 | search=  0 | target=phero(2.62,-0.82)
R15[PHERO     ]: carry=0 | base=2.05 | wall=1.57 | search=  0 | target=phero(2.62,-0.82)
R16[SURVEY    ]: carry=1 | base=2.35 | wall=1.71 | search=  0 | target=none

[DEPOSIT] R3 deposited! Total: 132
  [PHERO] Laid at (-2.15, 0.38) density=10 prob=0.71 entries=7
  [TARGET] R3 → SITE (-2.15, 0.38)
[PICKUP] R14 picked up tag (density=5) | Total: 136
  [GIVE-UP] R9 returned empty after 156 searching steps
  [TARGET] R9 → PHERO (-2.15, 0.38)
[DEPOSIT] R10 deposited! Total: 133
  [TARGET] R10 → SITE (2.62, -0.80)

======================================================================
Step 24000 (12.8 min) | Pickups: 136 | Deposits: 133 | Rate: 10.39 tags/min | phero_entries=6 max_w=0.281
======================================================================
R1[SEARCH    ]: carry=0 | base=1.94 | wall=1.56 | search=250 | target=site(-2.07,0.59)
R2[SEARCH    ]: carry=0 | base=3.30 | wall=0.37 | search=2792 | target=site(2.54,-0.81)
R3[SITE      ]: carry=0 | base=1.32 | wall=2.19 | search=  0 | target=site(-2.15,0.38)
R4[SEARCH    ]: carry=0 | base=3.22 | wall=0.37 | search=3010 | target=phero(-1.28,-0.42)
R5[WALL_ESC  ]: carry=0 | base=3.51 | wall=0.32 | search=3017 | target=phero(-1.39,-2.00)
R6[RTB       ]: carry=1 | base=1.39 | wall=2.14 | search=  0 | target=none
R7[SEARCH    ]: carry=0 | base=2.59 | wall=1.31 | search=1914 | target=phero(-1.32,-0.42)
R8[SEARCH    ]: carry=0 | base=3.02 | wall=0.62 | search=424 | target=phero(2.62,-0.82)
R9[PHERO     ]: carry=0 | base=0.80 | wall=2.70 | search=  0 | target=phero(-2.15,0.38)
R10[BASE_ESC  ]: carry=0 | base=0.22 | wall=3.28 | search=  0 | target=site(2.62,-0.80)
R11[SITE      ]: carry=0 | base=1.84 | wall=1.71 | search=  0 | target=site(-2.09,0.54)
R12[WALL_ESC  ]: carry=0 | base=3.82 | wall=0.33 | search=2356 | target=site(-1.37,-0.18)
R13[SEARCH    ]: carry=0 | base=3.25 | wall=0.39 | search=2987 | target=site(-1.28,-0.22)
R14[RTB       ]: carry=1 | base=2.77 | wall=0.82 | search=  0 | target=none
R15[SEARCH    ]: carry=0 | base=2.35 | wall=1.38 | search=321 | target=phero(2.62,-0.82)
R16[RTB       ]: carry=1 | base=1.04 | wall=2.69 | search=  0 | target=none

[PICKUP] R1 picked up tag (density=7) | Total: 137
[DEPOSIT] R16 deposited! Total: 134
  [PHERO] Laid at (-1.52, -1.80) density=13 prob=0.93 entries=7
  [TARGET] R16 → SITE (-1.52, -1.80)
[PICKUP] R15 picked up tag (density=16) | Total: 138
[DEPOSIT] R6 deposited! Total: 135
  [PHERO] Laid at (0.52, -2.74) density=15 prob=0.98 entries=8
  [TARGET] R6 → SITE (0.52, -2.74)
[PICKUP] R7 picked up tag (density=7) | Total: 139

======================================================================
Step 24500 (13.1 min) | Pickups: 139 | Deposits: 135 | Rate: 10.33 tags/min | phero_entries=6 max_w=0.524
======================================================================
R1[RTB       ]: carry=1 | base=0.86 | wall=2.65 | search=  0 | target=none
R2[SEARCH    ]: carry=0 | base=3.30 | wall=0.37 | search=3292 | target=site(2.54,-0.81)
R3[SEARCH    ]: carry=0 | base=2.02 | wall=1.51 | search=260 | target=site(-2.15,0.38)
R4[SEARCH    ]: carry=0 | base=3.22 | wall=0.37 | search=3510 | target=phero(-1.28,-0.42)
R5[SEARCH    ]: carry=0 | base=3.42 | wall=0.39 | search=3517 | target=phero(-1.39,-2.00)
R6[SITE      ]: carry=0 | base=0.56 | wall=2.98 | search=  0 | target=site(0.52,-2.74)
R7[SURVEY    ]: carry=1 | base=3.71 | wall=0.61 | search=  0 | target=none
R8[SEARCH    ]: carry=0 | base=3.15 | wall=0.37 | search=924 | target=phero(2.62,-0.82)
R9[SEARCH    ]: carry=0 | base=2.10 | wall=1.45 | search=139 | target=phero(-2.15,0.38)
R10[SITE      ]: carry=0 | base=1.74 | wall=1.84 | search=  0 | target=site(2.62,-0.80)
R11[SEARCH    ]: carry=0 | base=1.36 | wall=2.14 | search=431 | target=site(-2.09,0.54)
R12[SEARCH    ]: carry=0 | base=3.72 | wall=0.39 | search=2856 | target=site(-1.37,-0.18)
R13[SEARCH    ]: carry=0 | base=3.25 | wall=0.39 | search=3487 | target=site(-1.28,-0.22)
R14[RTB       ]: carry=1 | base=1.04 | wall=2.49 | search=  0 | target=none
R15[RTB       ]: carry=1 | base=2.75 | wall=1.52 | search=  0 | target=none
R16[SITE      ]: carry=0 | base=0.91 | wall=2.76 | search=  0 | target=site(-1.52,-1.80)

[DEPOSIT] R1 deposited! Total: 136
  [PHERO] Laid at (-1.72, -0.21) density=7 prob=0.32 entries=6
  [TARGET] R1 → SITE (-1.72, -0.21)
[DEPOSIT] R14 deposited! Total: 137
  [TARGET] R14 → SITE (2.65, -0.79)
[PICKUP] R10 picked up tag (density=4) | Total: 140
[PICKUP] R16 picked up tag (density=12) | Total: 141

======================================================================
Step 25000 (13.3 min) | Pickups: 141 | Deposits: 137 | Rate: 10.28 tags/min | phero_entries=6 max_w=0.335
======================================================================
R1[SITE      ]: carry=0 | base=1.09 | wall=2.42 | search=  0 | target=site(-1.72,-0.21)
R2[SEARCH    ]: carry=0 | base=3.29 | wall=0.38 | search=3792 | target=site(2.54,-0.81)
R3[GIVE_UP   ]: carry=0 | base=1.60 | wall=2.09 | search=468 | target=none
R4[SEARCH    ]: carry=0 | base=3.21 | wall=0.38 | search=4010 | target=phero(-1.28,-0.42)
R5[GIVE_UP   ]: carry=0 | base=3.42 | wall=0.38 | search=3900 | target=none
R6[SITE      ]: carry=0 | base=2.47 | wall=1.08 | search=  0 | target=site(0.52,-2.74)
R7[RTB       ]: carry=1 | base=2.23 | wall=1.72 | search=  0 | target=none
R8[SEARCH    ]: carry=0 | base=3.17 | wall=0.35 | search=1424 | target=phero(2.62,-0.82)
R9[GIVE_UP   ]: carry=0 | base=0.43 | wall=3.08 | search=156 | target=none
R10[SURVEY    ]: carry=1 | base=2.72 | wall=0.88 | search=  0 | target=none
R11[SEARCH    ]: carry=0 | base=2.13 | wall=1.89 | search=931 | target=site(-2.09,0.54)
R12[WALL_ESC  ]: carry=0 | base=3.81 | wall=0.31 | search=3356 | target=site(-1.37,-0.18)
R13[SEARCH    ]: carry=0 | base=3.24 | wall=0.40 | search=3987 | target=site(-1.28,-0.22)
R14[SITE      ]: carry=0 | base=0.90 | wall=2.61 | search=  0 | target=site(2.65,-0.79)
R15[RTB       ]: carry=1 | base=1.03 | wall=2.73 | search=  0 | target=none
R16[SURVEY    ]: carry=1 | base=2.40 | wall=1.69 | search=  0 | target=none

  [GIVE-UP] R9 returned empty after 156 searching steps
  [TARGET] R9 → PHERO (-1.72, -0.21)
[PICKUP] R1 picked up tag (density=6) | Total: 142
[PICKUP] R6 picked up tag (density=14) | Total: 143
[DEPOSIT] R15 deposited! Total: 138
  [TARGET] R15 → SITE (1.96, -1.91)
  [GIVE-UP] R3 returned empty after 468 searching steps
  [TARGET] R3 → PHERO (-1.72, -0.21)

======================================================================
Step 25500 (13.6 min) | Pickups: 143 | Deposits: 138 | Rate: 10.15 tags/min | phero_entries=5 max_w=0.068
======================================================================
R1[RTB       ]: carry=1 | base=0.87 | wall=2.64 | search=  0 | target=none
R2[SEARCH    ]: carry=0 | base=3.29 | wall=0.38 | search=4292 | target=site(2.54,-0.81)
R3[PHERO     ]: carry=0 | base=0.30 | wall=3.28 | search=  0 | target=phero(-1.72,-0.21)
R4[SEARCH    ]: carry=0 | base=3.21 | wall=0.38 | search=4510 | target=phero(-1.28,-0.42)
R5[GIVE_UP   ]: carry=0 | base=1.50 | wall=2.13 | search=3900 | target=none
R6[RTB       ]: carry=1 | base=2.55 | wall=1.00 | search=  0 | target=none
R7[RTB       ]: carry=1 | base=0.31 | wall=3.25 | search=  0 | target=none
R8[WALL_ESC  ]: carry=0 | base=3.18 | wall=0.34 | search=1924 | target=phero(2.62,-0.82)
R9[PHERO     ]: carry=0 | base=1.41 | wall=2.10 | search=  0 | target=phero(-1.72,-0.21)
R10[RTB       ]: carry=1 | base=1.34 | wall=2.19 | search=  0 | target=none
R11[SEARCH    ]: carry=0 | base=2.88 | wall=0.74 | search=1431 | target=site(-2.09,0.54)
R12[SEARCH    ]: carry=0 | base=3.80 | wall=0.35 | search=3856 | target=site(-1.37,-0.18)
R13[GIVE_UP   ]: carry=0 | base=2.93 | wall=0.68 | search=4368 | target=none
R14[SEARCH    ]: carry=0 | base=2.74 | wall=0.87 | search= 26 | target=site(2.65,-0.79)
R15[SITE      ]: carry=0 | base=0.93 | wall=2.81 | search=  0 | target=site(1.96,-1.91)
R16[RTB       ]: carry=1 | base=1.35 | wall=2.44 | search=  0 | target=none

[DEPOSIT] R7 deposited! Total: 139
  [TARGET] R7 → SITE (2.89, 2.32)
[PICKUP] R9 picked up tag (density=5) | Total: 144
[DEPOSIT] R1 deposited! Total: 140
  [TARGET] R1 → SITE (-1.42, -0.19)
[PICKUP] R11 picked up tag (density=13) | Total: 145
[DEPOSIT] R10 deposited! Total: 141
  [TARGET] R10 → PHERO (-1.72, -0.21)
[DEPOSIT] R16 deposited! Total: 142
  [PHERO] Laid at (-1.58, -1.81) density=12 prob=0.88 entries=4
  [TARGET] R16 → SITE (-1.58, -1.81)
[PICKUP] R13 picked up tag (density=4) | Total: 146
  [GIVE-UP] R5 returned empty after 3900 searching steps
  [TARGET] R5 → PHERO (-1.58, -1.81)

======================================================================
Step 26000 (13.9 min) | Pickups: 146 | Deposits: 142 | Rate: 10.24 tags/min | phero_entries=4 max_w=0.507
======================================================================
R1[SITE      ]: carry=0 | base=1.03 | wall=2.49 | search=  0 | target=site(-1.42,-0.19)
R2[SEARCH    ]: carry=0 | base=3.28 | wall=0.38 | search=4792 | target=site(2.54,-0.81)
R3[SEARCH    ]: carry=0 | base=1.73 | wall=1.78 | search= 91 | target=phero(-1.72,-0.21)
R4[GIVE_UP   ]: carry=0 | base=2.00 | wall=1.54 | search=4680 | target=none
R5[BASE_ESC  ]: carry=0 | base=0.24 | wall=3.29 | search=  0 | target=phero(-1.58,-1.81)
R6[RTB       ]: carry=1 | base=0.64 | wall=2.88 | search=  0 | target=none
R7[SITE      ]: carry=0 | base=1.64 | wall=2.18 | search=  0 | target=site(2.89,2.32)
R8[GIVE_UP   ]: carry=0 | base=1.65 | wall=1.86 | search=2028 | target=none
R9[RTB       ]: carry=1 | base=0.91 | wall=2.60 | search=  0 | target=none
R10[PHERO     ]: carry=0 | base=0.28 | wall=3.23 | search=  0 | target=phero(-1.72,-0.21)
R11[RTB       ]: carry=1 | base=2.51 | wall=0.99 | search=  0 | target=none
R12[SEARCH    ]: carry=0 | base=3.72 | wall=0.38 | search=4356 | target=site(-1.37,-0.18)
R13[RTB       ]: carry=1 | base=1.69 | wall=1.89 | search=  0 | target=none
R14[SEARCH    ]: carry=0 | base=3.16 | wall=0.39 | search=526 | target=site(2.65,-0.79)
R15[SEARCH    ]: carry=0 | base=2.75 | wall=1.52 | search= 41 | target=site(1.96,-1.91)
R16[SITE      ]: carry=0 | base=0.61 | wall=3.05 | search=  0 | target=site(-1.58,-1.81)

[DEPOSIT] R6 deposited! Total: 143
  [PHERO] Laid at (0.49, -2.72) density=14 prob=0.96 entries=5
  [TARGET] R6 → SITE (0.49, -2.72)
[DEPOSIT] R9 deposited! Total: 144
  [TARGET] R9 → SITE (-1.59, -0.17)
[PICKUP] R1 picked up tag (density=3) | Total: 147
  [GIVE-UP] R8 returned empty after 2028 searching steps
  [TARGET] R8 → PHERO (-1.58, -1.81)
[DEPOSIT] R13 deposited! Total: 145
  [PHERO] Laid at (-1.73, -0.50) density=4 prob=0.05 entries=5
  [TARGET] R13 → SITE (-1.73, -0.50)
  [GIVE-UP] R4 returned empty after 4680 searching steps
  [TARGET] R4 → PHERO (-1.73, -0.50)

======================================================================
Step 26500 (14.1 min) | Pickups: 147 | Deposits: 145 | Rate: 10.26 tags/min | phero_entries=4 max_w=0.759
======================================================================
R1[RTB       ]: carry=1 | base=1.04 | wall=2.48 | search=  0 | target=none
R2[GIVE_UP   ]: carry=0 | base=1.73 | wall=1.84 | search=4836 | target=none
R3[SEARCH    ]: carry=0 | base=2.89 | wall=0.80 | search=591 | target=phero(-1.72,-0.21)
R4[BASE_ESC  ]: carry=0 | base=0.22 | wall=3.29 | search=  0 | target=phero(-1.73,-0.50)
R5[PHERO     ]: carry=0 | base=1.13 | wall=2.51 | search=  0 | target=phero(-1.58,-1.81)
R6[SITE      ]: carry=0 | base=1.12 | wall=2.39 | search=  0 | target=site(0.49,-2.72)
R7[SITE      ]: carry=0 | base=3.55 | wall=0.73 | search=  0 | target=site(2.89,2.32)
R8[PHERO     ]: carry=0 | base=0.26 | wall=3.24 | search=  0 | target=phero(-1.58,-1.81)
R9[SITE      ]: carry=0 | base=0.88 | wall=2.63 | search=  0 | target=site(-1.59,-0.17)
R10[PHERO     ]: carry=0 | base=1.00 | wall=2.53 | search=  0 | target=phero(-1.72,-0.21)
R11[RTB       ]: carry=1 | base=0.82 | wall=2.68 | search=  0 | target=none
R12[WALL_ESC  ]: carry=0 | base=3.83 | wall=0.31 | search=4856 | target=site(-1.37,-0.18)
R13[BASE_ESC  ]: carry=0 | base=0.22 | wall=3.28 | search=  0 | target=site(-1.73,-0.50)
R14[SEARCH    ]: carry=0 | base=3.15 | wall=0.40 | search=1026 | target=site(2.65,-0.79)
R15[SEARCH    ]: carry=0 | base=2.55 | wall=1.17 | search=541 | target=site(1.96,-1.91)
R16[SEARCH    ]: carry=0 | base=2.39 | wall=1.71 | search= 44 | target=site(-1.58,-1.81)

[PICKUP] R7 picked up tag (density=6) | Total: 148
[DEPOSIT] R11 deposited! Total: 146
  [PHERO] Laid at (-0.01, -2.63) density=13 prob=0.93 entries=5
  [TARGET] R11 → SITE (-0.01, -2.63)
[PICKUP] R16 picked up tag (density=11) | Total: 149
[PICKUP] R13 picked up tag (density=2) | Total: 150
  [GIVE-UP] R2 returned empty after 4836 searching steps
  [TARGET] R2 → PHERO (-0.01, -2.63)
[PICKUP] R5 picked up tag (density=10) | Total: 151
[PICKUP] R6 picked up tag (density=12) | Total: 152

======================================================================
Step 27000 (14.4 min) | Pickups: 152 | Deposits: 146 | Rate: 10.14 tags/min | phero_entries=4 max_w=0.325
======================================================================
R1[RTB       ]: carry=1 | base=0.39 | wall=3.11 | search=  0 | target=none
R2[PHERO     ]: carry=0 | base=0.26 | wall=3.24 | search=  0 | target=phero(-0.01,-2.63)
R3[GIVE_UP   ]: carry=0 | base=3.29 | wall=0.96 | search=936 | target=none
R4[PHERO     ]: carry=0 | base=1.31 | wall=2.27 | search=  0 | target=phero(-1.73,-0.50)
R5[SURVEY    ]: carry=1 | base=2.42 | wall=1.66 | search=  0 | target=none
R6[SURVEY    ]: carry=1 | base=2.75 | wall=0.78 | search=  0 | target=none
R7[RTB       ]: carry=1 | base=3.27 | wall=0.90 | search=  0 | target=none
R8[PHERO     ]: carry=0 | base=1.39 | wall=2.38 | search=  0 | target=phero(-1.58,-1.81)
R9[GIVE_UP   ]: carry=0 | base=1.22 | wall=2.29 | search=156 | target=none
R10[SEARCH    ]: carry=0 | base=1.65 | wall=1.85 | search=290 | target=phero(-1.72,-0.21)
R11[SITE      ]: carry=0 | base=1.13 | wall=2.38 | search=  0 | target=site(-0.01,-2.63)
R12[SEARCH    ]: carry=0 | base=3.75 | wall=0.39 | search=5356 | target=site(-1.37,-0.18)
R13[SURVEY    ]: carry=1 | base=1.45 | wall=2.10 | search=  0 | target=none
R14[SEARCH    ]: carry=0 | base=3.16 | wall=0.39 | search=1526 | target=site(2.65,-0.79)
R15[SEARCH    ]: carry=0 | base=3.31 | wall=0.36 | search=1041 | target=site(1.96,-1.91)
R16[RTB       ]: carry=1 | base=2.26 | wall=1.86 | search=  0 | target=none

[DEPOSIT] R1 deposited! Total: 147
  [TARGET] R1 → SITE (-1.44, -0.26)
[PICKUP] R4 picked up tag (density=1) | Total: 153
[PICKUP] R10 picked up tag (density=9) | Total: 154
  [GIVE-UP] R9 returned empty after 156 searching steps
  [TARGET] R9 → PHERO (-0.01, -2.63)

======================================================================
Step 27500 (14.7 min) | Pickups: 154 | Deposits: 147 | Rate: 10.02 tags/min | phero_entries=4 max_w=0.066
======================================================================
R1[SITE      ]: carry=0 | base=1.17 | wall=2.36 | search=  0 | target=site(-1.44,-0.26)
R2[PHERO     ]: carry=0 | base=1.67 | wall=1.84 | search=  0 | target=phero(-0.01,-2.63)
R3[GIVE_UP   ]: carry=0 | base=1.37 | wall=2.44 | search=936 | target=none
R4[RTB       ]: carry=1 | base=0.85 | wall=2.69 | search=  0 | target=none
R5[RTB       ]: carry=1 | base=0.96 | wall=2.75 | search=  0 | target=none
R6[RTB       ]: carry=1 | base=2.00 | wall=1.53 | search=  0 | target=none
R7[RTB       ]: carry=1 | base=1.35 | wall=2.43 | search=  0 | target=none
R8[SEARCH    ]: carry=0 | base=2.08 | wall=1.91 | search=230 | target=phero(-1.58,-1.81)
R9[PHERO     ]: carry=0 | base=0.31 | wall=3.20 | search=  0 | target=phero(-0.01,-2.63)
R10[RTB       ]: carry=1 | base=1.92 | wall=1.60 | search=  0 | target=none
R11[SEARCH    ]: carry=0 | base=2.58 | wall=0.92 | search=120 | target=site(-0.01,-2.63)
R12[SEARCH    ]: carry=0 | base=3.74 | wall=0.37 | search=5856 | target=site(-1.37,-0.18)
R13[RTB       ]: carry=1 | base=0.38 | wall=3.12 | search=  0 | target=none
R14[SEARCH    ]: carry=0 | base=3.16 | wall=0.39 | search=2026 | target=site(2.65,-0.79)
R15[SEARCH    ]: carry=0 | base=3.33 | wall=0.35 | search=1541 | target=site(1.96,-1.91)
R16[RTB       ]: carry=1 | base=0.34 | wall=3.25 | search=  0 | target=none

[DEPOSIT] R16 deposited! Total: 148
  [PHERO] Laid at (-1.75, -1.77) density=11 prob=0.80 entries=5
  [TARGET] R16 → SITE (-1.75, -1.77)
[DEPOSIT] R13 deposited! Total: 149
  [TARGET] R13 → SITE (-1.40, -0.37)
[DEPOSIT] R4 deposited! Total: 150
  [TARGET] R4 → PHERO (-1.75, -1.77)
[DEPOSIT] R5 deposited! Total: 151
  [PHERO] Laid at (-1.57, -1.85) density=10 prob=0.71 entries=6
  [TARGET] R5 → SITE (-1.57, -1.85)
[DEPOSIT] R7 deposited! Total: 152
  [TARGET] R7 → SITE (2.90, 2.36)
  [GIVE-UP] R3 returned empty after 936 searching steps
  [TARGET] R3 → PHERO (-1.57, -1.85)
[DEPOSIT] R10 deposited! Total: 153
  [PHERO] Laid at (-2.24, 0.36) density=9 prob=0.59 entries=7
  [TARGET] R10 → SITE (-2.24, 0.36)
[DEPOSIT] R6 deposited! Total: 154
  [PHERO] Laid at (0.44, -2.72) density=12 prob=0.88 entries=7
  [TARGET] R6 → SITE (0.44, -2.72)

======================================================================
Step 28000 (14.9 min) | Pickups: 154 | Deposits: 154 | Rate: 10.31 tags/min | phero_entries=7 max_w=0.874
======================================================================
R1[SEARCH    ]: carry=0 | base=1.43 | wall=2.16 | search=434 | target=site(-1.44,-0.26)
R2[SEARCH    ]: carry=0 | base=2.48 | wall=1.02 | search=258 | target=phero(-0.01,-2.63)
R3[PHERO     ]: carry=0 | base=0.35 | wall=3.19 | search=  0 | target=phero(-1.57,-1.85)
R4[PHERO     ]: carry=0 | base=0.94 | wall=2.80 | search=  0 | target=phero(-1.75,-1.77)
R5[SITE      ]: carry=0 | base=0.85 | wall=2.89 | search=  0 | target=site(-1.57,-1.85)
R6[BASE_ESC  ]: carry=0 | base=0.22 | wall=3.28 | search=  0 | target=site(0.44,-2.72)
R7[SITE      ]: carry=0 | base=0.60 | wall=2.98 | search=  0 | target=site(2.90,2.36)
R8[GIVE_UP   ]: carry=0 | base=0.57 | wall=2.95 | search=624 | target=none
R9[PHERO     ]: carry=0 | base=1.96 | wall=1.54 | search=  0 | target=phero(-0.01,-2.63)
R10[BASE_ESC  ]: carry=0 | base=0.22 | wall=3.29 | search=  0 | target=site(-2.24,0.36)
R11[SEARCH    ]: carry=0 | base=3.15 | wall=0.37 | search=620 | target=site(-0.01,-2.63)
R12[WALL_ESC  ]: carry=0 | base=3.82 | wall=0.32 | search=6356 | target=site(-1.37,-0.18)
R13[SEARCH    ]: carry=0 | base=1.42 | wall=2.13 | search=  9 | target=site(-1.40,-0.37)
R14[SEARCH    ]: carry=0 | base=3.16 | wall=0.39 | search=2526 | target=site(2.65,-0.79)
R15[WALL_ESC  ]: carry=0 | base=3.34 | wall=0.34 | search=2041 | target=site(1.96,-1.91)
R16[SITE      ]: carry=0 | base=1.47 | wall=2.43 | search=  0 | target=site(-1.75,-1.77)

  [GIVE-UP] R8 returned empty after 624 searching steps
  [TARGET] R8 → PHERO (-2.24, 0.36)
BATCH_RESULT pickups=154 deposits=154
