=================================================================
CPFA BASELINE — ARGoS-calibrated parameters  (7×7m arena  256 tags)
  Params file                  = /home/sara/Documents/RL-FL-Foraging/controllers/cpfa_baseline/cpfa_params.yaml
  Results file                 = /home/sara/Documents/RL-FL-Foraging/controllers/cpfa_baseline/cpfa_baseline_7x7_results_20260811_132421_5.txt
  RateOfLayingPheromone        = 9.0
  RateOfSiteFidelity           = 2.29
  RateOfPheromoneDecay         = 0.1 /s  (lifetime ~69s)
  ProbabilityOfReturningToNest = 0.08 (every 5 sec → E[give-up] ~62s)
  UninformedSearchVariation    = 0.13 rad (7.4°)
  RateOfInformedSearchDecay    = 1.26 /waypoint
  ProbabilityOfSwitchingToSearching = 0.55 (every 5 sec in uninformed DEPARTING)
=================================================================

[PICKUP] R5 picked up tag (density=16) | Total: 1
[PICKUP] R1 picked up tag (density=16) | Total: 2
[PICKUP] R2 picked up tag (density=16) | Total: 3
  [GIVE-UP] R13 returned empty after 156 searching steps
  [TARGET] R13 → WALL (3.42, -2.59)
[PICKUP] R12 picked up tag (density=15) | Total: 4

======================================================================
Step 500 (0.3 min) | Pickups: 4 | Deposits: 0 | Rate: 0.00 tags/min | phero_entries=0 max_w=0.000
======================================================================
R1[SURVEY    ]: carry=1 | base=1.04 | wall=2.46 | search=  0 | target=none
R2[SURVEY    ]: carry=1 | base=1.93 | wall=1.57 | search=  0 | target=none
R3[SEARCH    ]: carry=0 | base=0.99 | wall=2.58 | search=248 | target=none
R4[SEARCH    ]: carry=0 | base=0.85 | wall=2.82 | search=344 | target=none
R5[RTB       ]: carry=1 | base=0.64 | wall=2.87 | search=  0 | target=none
R6[SEARCH    ]: carry=0 | base=1.26 | wall=2.30 | search=314 | target=none
R7[SEARCH    ]: carry=0 | base=1.45 | wall=2.27 | search=344 | target=none
R8[DEPART    ]: carry=0 | base=0.47 | wall=3.04 | search=  0 | target=none
R9[SEARCH    ]: carry=0 | base=1.84 | wall=1.94 | search= 32 | target=none
R10[SEARCH    ]: carry=0 | base=2.21 | wall=1.80 | search=188 | target=none
R11[SEARCH    ]: carry=0 | base=2.21 | wall=1.46 | search=344 | target=none
R12[SURVEY    ]: carry=1 | base=1.65 | wall=1.93 | search=  0 | target=none
R13[BASE_ESC  ]: carry=0 | base=0.23 | wall=3.28 | search=  0 | target=none
R14[SEARCH    ]: carry=0 | base=1.44 | wall=2.28 | search=188 | target=none
R15[SEARCH    ]: carry=0 | base=0.92 | wall=2.69 | search=344 | target=none
R16[SEARCH    ]: carry=0 | base=1.35 | wall=2.30 | search=188 | target=none

[PICKUP] R10 picked up tag (density=16) | Total: 5
[DEPOSIT] R5 deposited! Total: 1
  [PHERO] Laid at (0.09, 0.65) density=16 prob=0.99 entries=1
  [TARGET] R5 → SITE (0.09, 0.65)
[DEPOSIT] R1 deposited! Total: 2
  [PHERO] Laid at (-1.03, -0.12) density=16 prob=0.99 entries=2
  [TARGET] R1 → SITE (-1.03, -0.12)
[PICKUP] R14 picked up tag (density=16) | Total: 6
[PICKUP] R7 picked up tag (density=15) | Total: 7
[PICKUP] R16 picked up tag (density=16) | Total: 8

======================================================================
Step 1000 (0.5 min) | Pickups: 8 | Deposits: 2 | Rate: 3.75 tags/min | phero_entries=2 max_w=0.460
======================================================================
R1[SITE      ]: carry=0 | base=0.71 | wall=2.81 | search=  0 | target=site(-1.03,-0.12)
R2[RTB       ]: carry=1 | base=0.63 | wall=2.87 | search=  0 | target=none
R3[SEARCH    ]: carry=0 | base=2.69 | wall=1.09 | search=748 | target=none
R4[SEARCH    ]: carry=0 | base=2.37 | wall=1.32 | search=844 | target=none
R5[SEARCH    ]: carry=0 | base=0.59 | wall=2.91 | search=142 | target=site(0.09,0.65)
R6[GIVE_UP   ]: carry=0 | base=1.82 | wall=2.02 | search=624 | target=none
R7[SURVEY    ]: carry=1 | base=2.40 | wall=1.64 | search=  0 | target=none
R8[SEARCH    ]: carry=0 | base=2.17 | wall=1.73 | search=262 | target=none
R9[SEARCH    ]: carry=0 | base=3.58 | wall=0.51 | search=532 | target=none
R10[RTB       ]: carry=1 | base=1.94 | wall=2.07 | search=  0 | target=none
R11[SEARCH    ]: carry=0 | base=3.66 | wall=0.36 | search=844 | target=none
R12[RTB       ]: carry=1 | base=0.76 | wall=2.76 | search=  0 | target=none
R13[DEPART    ]: carry=0 | base=1.63 | wall=2.32 | search=  0 | target=none
R14[RTB       ]: carry=1 | base=2.44 | wall=1.25 | search=  0 | target=none
R15[SEARCH    ]: carry=0 | base=2.30 | wall=1.21 | search=844 | target=none
R16[SURVEY    ]: carry=1 | base=1.91 | wall=2.01 | search=  0 | target=none

[DEPOSIT] R2 deposited! Total: 3
  [PHERO] Laid at (1.92, 0.06) density=16 prob=0.99 entries=3
  [TARGET] R2 → SITE (1.92, 0.06)
[DEPOSIT] R12 deposited! Total: 4
  [PHERO] Laid at (1.57, 0.50) density=15 prob=0.98 entries=4
  [TARGET] R12 → SITE (1.57, 0.50)
[PICKUP] R11 picked up tag (density=16) | Total: 9
[PICKUP] R3 picked up tag (density=14) | Total: 10
  [GIVE-UP] R6 returned empty after 624 searching steps
  [TARGET] R6 → PHERO (0.09, 0.65)
  [GIVE-UP] R1 returned empty after 156 searching steps
  [TARGET] R1 → PHERO (1.57, 0.50)
[DEPOSIT] R10 deposited! Total: 5
  [PHERO] Laid at (-1.75, 1.83) density=16 prob=0.99 entries=5
  [TARGET] R10 → SITE (-1.75, 1.83)

======================================================================
Step 1500 (0.8 min) | Pickups: 10 | Deposits: 5 | Rate: 6.25 tags/min | phero_entries=5 max_w=0.825
======================================================================
R1[BASE_ESC  ]: carry=0 | base=0.22 | wall=3.28 | search=  0 | target=phero(1.57,0.50)
R2[SITE      ]: carry=0 | base=1.24 | wall=2.26 | search=  0 | target=site(1.92,0.06)
R3[RTB       ]: carry=1 | base=2.44 | wall=1.70 | search=  0 | target=none
R4[SEARCH    ]: carry=0 | base=3.31 | wall=0.38 | search=1344 | target=none
R5[SEARCH    ]: carry=0 | base=1.49 | wall=2.05 | search=642 | target=site(0.09,0.65)
R6[BASE_ESC  ]: carry=0 | base=0.22 | wall=3.34 | search=  0 | target=phero(0.09,0.65)
R7[RTB       ]: carry=1 | base=0.84 | wall=2.83 | search=  0 | target=none
R8[WALL_ESC  ]: carry=0 | base=3.42 | wall=0.33 | search=762 | target=none
R9[SEARCH    ]: carry=0 | base=4.26 | wall=0.35 | search=1032 | target=none
R10[BASE_ESC  ]: carry=0 | base=0.22 | wall=3.34 | search=  0 | target=site(-1.75,1.83)
R11[RTB       ]: carry=1 | base=3.83 | wall=0.37 | search=  0 | target=none
R12[SITE      ]: carry=0 | base=1.11 | wall=2.44 | search=  0 | target=site(1.57,0.50)
R13[GIVE_UP   ]: carry=0 | base=2.62 | wall=1.63 | search=312 | target=none
R14[RTB       ]: carry=1 | base=0.94 | wall=2.62 | search=  0 | target=none
R15[WALL_ESC  ]: carry=0 | base=3.24 | wall=0.34 | search=1344 | target=none
R16[RTB       ]: carry=1 | base=0.60 | wall=3.02 | search=  0 | target=none

[PICKUP] R5 picked up tag (density=14) | Total: 11
[DEPOSIT] R16 deposited! Total: 6
  [PHERO] Laid at (-1.20, -1.49) density=16 prob=0.99 entries=6
  [TARGET] R16 → SITE (-1.20, -1.49)
[DEPOSIT] R7 deposited! Total: 7
  [PHERO] Laid at (-1.52, 1.86) density=15 prob=0.98 entries=7
  [TARGET] R7 → SITE (-1.52, 1.86)
[DEPOSIT] R14 deposited! Total: 8
  [PHERO] Laid at (2.22, 0.96) density=16 prob=0.99 entries=8
  [TARGET] R14 → SITE (2.22, 0.96)

======================================================================
Step 2000 (1.1 min) | Pickups: 11 | Deposits: 8 | Rate: 7.50 tags/min | phero_entries=8 max_w=0.359
======================================================================
R1[PHERO     ]: carry=0 | base=0.87 | wall=2.73 | search=  0 | target=phero(1.57,0.50)
R2[SEARCH    ]: carry=0 | base=2.51 | wall=1.00 | search=336 | target=site(1.92,0.06)
R3[RTB       ]: carry=1 | base=0.67 | wall=2.97 | search=  0 | target=none
R4[SEARCH    ]: carry=0 | base=3.30 | wall=0.39 | search=1844 | target=none
R5[RTB       ]: carry=1 | base=0.89 | wall=2.62 | search=  0 | target=none
R6[SEARCH    ]: carry=0 | base=0.66 | wall=2.84 | search=100 | target=phero(0.09,0.65)
R7[SITE      ]: carry=0 | base=0.94 | wall=2.80 | search=  0 | target=site(-1.52,1.86)
R8[WALL_ESC  ]: carry=0 | base=3.43 | wall=0.34 | search=1262 | target=none
R9[GIVE_UP   ]: carry=0 | base=3.67 | wall=0.86 | search=1248 | target=none
R10[SITE      ]: carry=0 | base=1.80 | wall=2.22 | search=  0 | target=site(-1.75,1.83)
R11[RTB       ]: carry=1 | base=1.94 | wall=1.91 | search=  0 | target=none
R12[GIVE_UP   ]: carry=0 | base=0.73 | wall=2.81 | search=156 | target=none
R13[GIVE_UP   ]: carry=0 | base=0.70 | wall=3.00 | search=312 | target=none
R14[SITE      ]: carry=0 | base=1.02 | wall=2.59 | search=  0 | target=site(2.22,0.96)
R15[WALL_ESC  ]: carry=0 | base=3.25 | wall=0.34 | search=1844 | target=none
R16[SITE      ]: carry=0 | base=1.35 | wall=2.42 | search=  0 | target=site(-1.20,-1.49)

[PICKUP] R16 picked up tag (density=15) | Total: 12
[DEPOSIT] R3 deposited! Total: 9
  [PHERO] Laid at (-1.73, 1.83) density=14 prob=0.96 entries=9
  [TARGET] R3 → SITE (-1.73, 1.83)
  [GIVE-UP] R13 returned empty after 312 searching steps
  [TARGET] R13 → PHERO (2.22, 0.96)
  [GIVE-UP] R12 returned empty after 156 searching steps
  [TARGET] R12 → PHERO (-1.52, 1.86)
[DEPOSIT] R5 deposited! Total: 10
  [PHERO] Laid at (1.56, 0.34) density=14 prob=0.96 entries=10
  [TARGET] R5 → SITE (1.56, 0.34)
[DEPOSIT] R11 deposited! Total: 11
  [PHERO] Laid at (-2.25, -3.14) density=16 prob=0.99 entries=11
  [TARGET] R11 → SITE (-2.25, -3.14)
[PICKUP] R10 picked up tag (density=13) | Total: 13

======================================================================
Step 2500 (1.3 min) | Pickups: 13 | Deposits: 11 | Rate: 8.25 tags/min | phero_entries=11 max_w=0.825
======================================================================
R1[SEARCH    ]: carry=0 | base=1.10 | wall=2.51 | search=305 | target=phero(1.57,0.50)
R2[GIVE_UP   ]: carry=0 | base=2.62 | wall=0.97 | search=624 | target=none
R3[SITE      ]: carry=0 | base=1.26 | wall=2.53 | search=  0 | target=site(-1.73,1.83)
R4[SEARCH    ]: carry=0 | base=3.30 | wall=0.39 | search=2344 | target=none
R5[SITE      ]: carry=0 | base=1.08 | wall=2.43 | search=  0 | target=site(1.56,0.34)
R6[SEARCH    ]: carry=0 | base=1.16 | wall=2.66 | search=600 | target=phero(0.09,0.65)
R7[SEARCH    ]: carry=0 | base=2.34 | wall=1.63 | search=132 | target=site(-1.52,1.86)
R8[WALL_ESC  ]: carry=0 | base=3.43 | wall=0.34 | search=1762 | target=none
R9[GIVE_UP   ]: carry=0 | base=1.75 | wall=2.24 | search=1248 | target=none
R10[SURVEY    ]: carry=1 | base=2.47 | wall=1.57 | search=  0 | target=none
R11[BASE_ESC  ]: carry=0 | base=0.22 | wall=3.34 | search=  0 | target=site(-2.25,-3.14)
R12[PHERO     ]: carry=0 | base=0.47 | wall=3.04 | search=  0 | target=phero(-1.52,1.86)
R13[PHERO     ]: carry=0 | base=1.14 | wall=2.40 | search=  0 | target=phero(2.22,0.96)
R14[SEARCH    ]: carry=0 | base=2.38 | wall=1.42 | search=148 | target=site(2.22,0.96)
R15[WALL_ESC  ]: carry=0 | base=3.26 | wall=0.33 | search=2344 | target=none
R16[RTB       ]: carry=1 | base=0.91 | wall=2.76 | search=  0 | target=none

[PICKUP] R2 picked up tag (density=13) | Total: 14
[PICKUP] R7 picked up tag (density=12) | Total: 15
[DEPOSIT] R16 deposited! Total: 12
  [PHERO] Laid at (-0.99, -1.27) density=15 prob=0.98 entries=12
  [TARGET] R16 → SITE (-0.99, -1.27)
[PICKUP] R14 picked up tag (density=16) | Total: 16
  [GIVE-UP] R9 returned empty after 1248 searching steps
  [TARGET] R9 → PHERO (-0.99, -1.27)
[PICKUP] R11 picked up tag (density=14) | Total: 17

======================================================================
Step 3000 (1.6 min) | Pickups: 17 | Deposits: 12 | Rate: 7.50 tags/min | phero_entries=10 max_w=0.349
======================================================================
R1[SEARCH    ]: carry=0 | base=0.93 | wall=2.59 | search=805 | target=phero(1.57,0.50)
R2[RTB       ]: carry=1 | base=2.04 | wall=1.51 | search=  0 | target=none
R3[SEARCH    ]: carry=0 | base=2.52 | wall=1.52 | search=183 | target=site(-1.73,1.83)
R4[SEARCH    ]: carry=0 | base=3.30 | wall=0.40 | search=2844 | target=none
R5[SEARCH    ]: carry=0 | base=0.86 | wall=2.64 | search=379 | target=site(1.56,0.34)
R6[GIVE_UP   ]: carry=0 | base=1.32 | wall=2.18 | search=936 | target=none
R7[RTB       ]: carry=1 | base=2.01 | wall=1.83 | search=  0 | target=none
R8[WALL_ESC  ]: carry=0 | base=3.43 | wall=0.34 | search=2262 | target=none
R9[BASE_ESC  ]: carry=0 | base=0.22 | wall=3.30 | search=  0 | target=phero(-0.99,-1.27)
R10[RTB       ]: carry=1 | base=1.31 | wall=2.45 | search=  0 | target=none
R11[SURVEY    ]: carry=1 | base=1.63 | wall=2.21 | search=  0 | target=none
R12[PHERO     ]: carry=0 | base=2.21 | wall=1.77 | search=  0 | target=phero(-1.52,1.86)
R13[GIVE_UP   ]: carry=0 | base=2.28 | wall=1.43 | search=156 | target=none
R14[SURVEY    ]: carry=1 | base=2.87 | wall=1.25 | search=  0 | target=none
R15[WALL_ESC  ]: carry=0 | base=3.26 | wall=0.33 | search=2808 | target=none
R16[SITE      ]: carry=0 | base=1.05 | wall=2.70 | search=  0 | target=site(-0.99,-1.27)

[PICKUP] R15 picked up tag (density=16) | Total: 18
[PICKUP] R16 picked up tag (density=13) | Total: 19
[PICKUP] R3 picked up tag (density=16) | Total: 20
[DEPOSIT] R10 deposited! Total: 13
  [PHERO] Laid at (-1.54, 1.93) density=13 prob=0.93 entries=10
  [TARGET] R10 → SITE (-1.54, 1.93)
  [GIVE-UP] R6 returned empty after 936 searching steps
  [TARGET] R6 → PHERO (-0.99, -1.27)
[DEPOSIT] R7 deposited! Total: 14
  [PHERO] Laid at (-1.47, 2.10) density=12 prob=0.88 entries=10
  [TARGET] R7 → SITE (-1.47, 2.10)
[DEPOSIT] R2 deposited! Total: 15
  [PHERO] Laid at (2.05, 0.53) density=13 prob=0.93 entries=11
  [TARGET] R2 → SITE (2.05, 0.53)

======================================================================
Step 3500 (1.9 min) | Pickups: 20 | Deposits: 15 | Rate: 8.04 tags/min | phero_entries=11 max_w=0.906
======================================================================
R1[SEARCH    ]: carry=0 | base=2.53 | wall=1.00 | search=1305 | target=phero(1.57,0.50)
R2[BASE_ESC  ]: carry=0 | base=0.22 | wall=3.28 | search=  0 | target=site(2.05,0.53)
R3[RTB       ]: carry=1 | base=2.95 | wall=0.82 | search=  0 | target=none
R4[SEARCH    ]: carry=0 | base=3.30 | wall=0.40 | search=3344 | target=none
R5[SEARCH    ]: carry=0 | base=1.39 | wall=2.16 | search=879 | target=site(1.56,0.34)
R6[PHERO     ]: carry=0 | base=0.63 | wall=2.96 | search=  0 | target=phero(-0.99,-1.27)
R7[BASE_ESC  ]: carry=0 | base=0.22 | wall=3.31 | search=  0 | target=site(-1.47,2.10)
R8[SEARCH    ]: carry=0 | base=3.42 | wall=0.35 | search=2762 | target=none
R9[SEARCH    ]: carry=0 | base=1.60 | wall=2.25 | search= 17 | target=phero(-0.99,-1.27)
R10[SITE      ]: carry=0 | base=0.65 | wall=3.03 | search=  0 | target=site(-1.54,1.93)
R11[RTB       ]: carry=1 | base=0.54 | wall=3.07 | search=  0 | target=none
R12[GIVE_UP   ]: carry=0 | base=1.49 | wall=2.43 | search=156 | target=none
R13[GIVE_UP   ]: carry=0 | base=0.37 | wall=3.17 | search=156 | target=none
R14[RTB       ]: carry=1 | base=1.27 | wall=2.53 | search=  0 | target=none
R15[RTB       ]: carry=1 | base=2.46 | wall=1.11 | search=  0 | target=none
R16[RTB       ]: carry=1 | base=1.26 | wall=2.48 | search=  0 | target=none

  [GIVE-UP] R13 returned empty after 156 searching steps
  [TARGET] R13 → PHERO (-1.47, 2.10)
[DEPOSIT] R11 deposited! Total: 16
  [TARGET] R11 → SITE (-1.00, -1.29)
[PICKUP] R1 picked up tag (density=16) | Total: 21
[DEPOSIT] R14 deposited! Total: 17
  [PHERO] Laid at (1.77, 2.25) density=16 prob=0.99 entries=10
  [TARGET] R14 → SITE (1.77, 2.25)
[DEPOSIT] R16 deposited! Total: 18
  [PHERO] Laid at (-0.99, -1.23) density=13 prob=0.93 entries=11
  [TARGET] R16 → SITE (-0.99, -1.23)
  [GIVE-UP] R12 returned empty after 156 searching steps
  [TARGET] R12 → PHERO (2.05, 0.53)
[PICKUP] R2 picked up tag (density=12) | Total: 22

======================================================================
Step 4000 (2.1 min) | Pickups: 22 | Deposits: 18 | Rate: 8.44 tags/min | phero_entries=9 max_w=0.524
======================================================================
R1[RTB       ]: carry=1 | base=2.12 | wall=1.47 | search=  0 | target=none
R2[SURVEY    ]: carry=1 | base=1.70 | wall=1.86 | search=  0 | target=none
R3[RTB       ]: carry=1 | base=1.04 | wall=2.56 | search=  0 | target=none
R4[GIVE_UP   ]: carry=0 | base=2.47 | wall=1.19 | search=3588 | target=none
R5[SEARCH    ]: carry=0 | base=3.09 | wall=0.61 | search=1379 | target=site(1.56,0.34)
R6[SEARCH    ]: carry=0 | base=1.40 | wall=2.21 | search=218 | target=phero(-0.99,-1.27)
R7[SITE      ]: carry=0 | base=1.85 | wall=1.96 | search=  0 | target=site(-1.47,2.10)
R8[SEARCH    ]: carry=0 | base=3.42 | wall=0.36 | search=3262 | target=none
R9[SEARCH    ]: carry=0 | base=1.91 | wall=1.63 | search=517 | target=phero(-0.99,-1.27)
R10[SEARCH    ]: carry=0 | base=2.44 | wall=1.60 | search= 39 | target=site(-1.54,1.93)
R11[SITE      ]: carry=0 | base=1.40 | wall=2.38 | search=  0 | target=site(-1.00,-1.29)
R12[PHERO     ]: carry=0 | base=0.28 | wall=3.26 | search=  0 | target=phero(2.05,0.53)
R13[PHERO     ]: carry=0 | base=1.36 | wall=2.30 | search=  0 | target=phero(-1.47,2.10)
R14[SITE      ]: carry=0 | base=0.69 | wall=2.91 | search=  0 | target=site(1.77,2.25)
R15[RTB       ]: carry=1 | base=0.54 | wall=2.98 | search=  0 | target=none
R16[SITE      ]: carry=0 | base=0.56 | wall=3.09 | search=  0 | target=site(-0.99,-1.23)

[PICKUP] R14 picked up tag (density=15) | Total: 23
[DEPOSIT] R15 deposited! Total: 19
  [PHERO] Laid at (-0.77, 2.93) density=16 prob=0.99 entries=10
  [TARGET] R15 → SITE (-0.77, 2.93)
[DEPOSIT] R3 deposited! Total: 20
  [PHERO] Laid at (-2.72, 1.26) density=16 prob=0.99 entries=11
  [TARGET] R3 → SITE (-2.72, 1.26)
[PICKUP] R9 picked up tag (density=15) | Total: 24
  [GIVE-UP] R6 returned empty after 312 searching steps
  [TARGET] R6 → PHERO (1.77, 2.25)
[DEPOSIT] R14 deposited! Total: 21
  [PHERO] Laid at (0.44, 0.67) density=15 prob=0.98 entries=10
  [TARGET] R14 → SITE (0.44, 0.67)
[DEPOSIT] R1 deposited! Total: 22
  [PHERO] Laid at (0.71, -2.65) density=16 prob=0.99 entries=11
  [TARGET] R1 → SITE (0.71, -2.65)

======================================================================
Step 4500 (2.4 min) | Pickups: 24 | Deposits: 22 | Rate: 9.17 tags/min | phero_entries=11 max_w=0.972
======================================================================
R1[BASE_ESC  ]: carry=0 | base=0.23 | wall=3.28 | search=  0 | target=site(0.71,-2.65)
R2[RTB       ]: carry=1 | base=0.73 | wall=2.78 | search=  0 | target=none
R3[SITE      ]: carry=0 | base=0.92 | wall=2.64 | search=  0 | target=site(-2.72,1.26)
R4[GIVE_UP   ]: carry=0 | base=0.63 | wall=2.91 | search=3588 | target=none
R5[GIVE_UP   ]: carry=0 | base=2.17 | wall=1.43 | search=1560 | target=none
R6[BASE_ESC  ]: carry=0 | base=0.25 | wall=3.25 | search=  0 | target=phero(1.77,2.25)
R7[SEARCH    ]: carry=0 | base=2.42 | wall=1.32 | search=329 | target=site(-1.47,2.10)
R8[SEARCH    ]: carry=0 | base=3.41 | wall=0.36 | search=3762 | target=none
R9[RTB       ]: carry=1 | base=2.67 | wall=0.92 | search=  0 | target=none
R10[SEARCH    ]: carry=0 | base=1.27 | wall=2.54 | search=539 | target=site(-1.54,1.93)
R11[SEARCH    ]: carry=0 | base=1.78 | wall=1.72 | search=454 | target=site(-1.00,-1.29)
R12[PHERO     ]: carry=0 | base=1.49 | wall=2.08 | search=  0 | target=phero(2.05,0.53)
R13[SEARCH    ]: carry=0 | base=2.32 | wall=1.63 | search=196 | target=phero(-1.47,2.10)
R14[BASE_ESC  ]: carry=0 | base=0.22 | wall=3.33 | search=  0 | target=site(0.44,0.67)
R15[SITE      ]: carry=0 | base=1.35 | wall=2.21 | search=  0 | target=site(-0.77,2.93)
R16[SEARCH    ]: carry=0 | base=1.44 | wall=2.44 | search=245 | target=site(-0.99,-1.23)

[PICKUP] R16 picked up tag (density=12) | Total: 25
[PICKUP] R12 picked up tag (density=11) | Total: 26
  [GIVE-UP] R4 returned empty after 3588 searching steps
  [TARGET] R4 → PHERO (0.44, 0.67)
[DEPOSIT] R2 deposited! Total: 23
  [TARGET] R2 → SITE (1.63, 0.44)
[PICKUP] R10 picked up tag (density=15) | Total: 27
[PICKUP] R14 picked up tag (density=14) | Total: 28
[PICKUP] R15 picked up tag (density=15) | Total: 29
[PICKUP] R11 picked up tag (density=16) | Total: 30
  [GIVE-UP] R5 returned empty after 1560 searching steps
  [TARGET] R5 → PHERO (0.44, 0.67)

======================================================================
Step 5000 (2.7 min) | Pickups: 30 | Deposits: 23 | Rate: 8.62 tags/min | phero_entries=9 max_w=0.196
======================================================================
R1[SITE      ]: carry=0 | base=1.67 | wall=1.88 | search=  0 | target=site(0.71,-2.65)
R2[SITE      ]: carry=0 | base=1.23 | wall=2.32 | search=  0 | target=site(1.63,0.44)
R3[SITE      ]: carry=0 | base=2.83 | wall=0.93 | search=  0 | target=site(-2.72,1.26)
R4[SEARCH    ]: carry=0 | base=0.85 | wall=2.78 | search=126 | target=phero(0.44,0.67)
R5[BASE_ESC  ]: carry=0 | base=0.25 | wall=3.26 | search=  0 | target=phero(0.44,0.67)
R6[PHERO     ]: carry=0 | base=1.42 | wall=2.47 | search=  0 | target=phero(1.77,2.25)
R7[WALL_ESC  ]: carry=0 | base=3.17 | wall=0.33 | search=829 | target=site(-1.47,2.10)
R8[SEARCH    ]: carry=0 | base=3.41 | wall=0.37 | search=4262 | target=none
R9[RTB       ]: carry=1 | base=0.79 | wall=2.74 | search=  0 | target=none
R10[RTB       ]: carry=1 | base=0.83 | wall=2.67 | search=  0 | target=none
R11[SURVEY    ]: carry=1 | base=2.73 | wall=1.14 | search=  0 | target=none
R12[RTB       ]: carry=1 | base=1.18 | wall=2.35 | search=  0 | target=none
R13[GIVE_UP   ]: carry=0 | base=0.50 | wall=3.07 | search=468 | target=none
R14[SURVEY    ]: carry=1 | base=0.81 | wall=2.78 | search=  0 | target=none
R15[RTB       ]: carry=1 | base=2.51 | wall=1.08 | search=  0 | target=none
R16[RTB       ]: carry=1 | base=0.55 | wall=3.09 | search=  0 | target=none

  [GIVE-UP] R13 returned empty after 468 searching steps
  [TARGET] R13 → PHERO (-0.77, 2.93)
[DEPOSIT] R16 deposited! Total: 24
  [PHERO] Laid at (-1.00, -1.04) density=12 prob=0.88 entries=10
  [TARGET] R16 → SITE (-1.00, -1.04)
[DEPOSIT] R9 deposited! Total: 25
  [PHERO] Laid at (0.60, -2.65) density=15 prob=0.98 entries=11
  [TARGET] R9 → SITE (0.60, -2.65)
[DEPOSIT] R10 deposited! Total: 26
  [PHERO] Laid at (-1.11, 0.14) density=15 prob=0.98 entries=12
  [TARGET] R10 → SITE (-1.11, 0.14)
[PICKUP] R4 picked up tag (density=13) | Total: 31
[DEPOSIT] R12 deposited! Total: 27
  [PHERO] Laid at (1.71, 0.49) density=11 prob=0.80 entries=13
  [TARGET] R12 → SITE (1.71, 0.49)
[DEPOSIT] R14 deposited! Total: 28
  [PHERO] Laid at (0.38, 0.69) density=14 prob=0.96 entries=14
  [TARGET] R14 → SITE (0.38, 0.69)
[PICKUP] R1 picked up tag (density=14) | Total: 32

======================================================================
Step 5500 (2.9 min) | Pickups: 32 | Deposits: 28 | Rate: 9.55 tags/min | phero_entries=13 max_w=0.464
======================================================================
R1[RTB       ]: carry=1 | base=2.74 | wall=0.86 | search=  0 | target=none
R2[SEARCH    ]: carry=0 | base=2.06 | wall=1.94 | search=393 | target=site(1.63,0.44)
R3[SEARCH    ]: carry=0 | base=1.84 | wall=1.72 | search=471 | target=site(-2.72,1.26)
R4[RTB       ]: carry=1 | base=0.68 | wall=2.90 | search=  0 | target=none
R5[PHERO     ]: carry=0 | base=0.25 | wall=3.26 | search=  0 | target=phero(0.44,0.67)
R6[SEARCH    ]: carry=0 | base=2.80 | wall=1.34 | search=134 | target=phero(1.77,2.25)
R7[WALL_ESC  ]: carry=0 | base=3.17 | wall=0.33 | search=1329 | target=site(-1.47,2.10)
R8[SEARCH    ]: carry=0 | base=3.40 | wall=0.37 | search=4762 | target=none
R9[SITE      ]: carry=0 | base=1.16 | wall=2.36 | search=  0 | target=site(0.60,-2.65)
R10[SEARCH    ]: carry=0 | base=1.08 | wall=2.42 | search= 10 | target=site(-1.11,0.14)
R11[RTB       ]: carry=1 | base=1.47 | wall=2.26 | search=  0 | target=none
R12[SITE      ]: carry=0 | base=0.78 | wall=2.77 | search=  0 | target=site(1.71,0.49)
R13[PHERO     ]: carry=0 | base=1.38 | wall=2.17 | search=  0 | target=phero(-0.77,2.93)
R14[SITE      ]: carry=0 | base=0.65 | wall=2.95 | search=  0 | target=site(0.38,0.69)
R15[RTB       ]: carry=1 | base=0.80 | wall=2.72 | search=  0 | target=none
R16[SITE      ]: carry=0 | base=1.39 | wall=2.50 | search=  0 | target=site(-1.00,-1.04)

[DEPOSIT] R15 deposited! Total: 29
  [PHERO] Laid at (-0.65, 2.42) density=15 prob=0.98 entries=12
  [TARGET] R15 → SITE (-0.65, 2.42)
[DEPOSIT] R4 deposited! Total: 30
  [PHERO] Laid at (0.27, 0.66) density=13 prob=0.93 entries=13
  [TARGET] R4 → SITE (0.27, 0.66)
[PICKUP] R6 picked up tag (density=15) | Total: 33
[PICKUP] R12 picked up tag (density=10) | Total: 34
[PICKUP] R13 picked up tag (density=14) | Total: 35
[DEPOSIT] R11 deposited! Total: 31
  [PHERO] Laid at (1.37, -2.35) density=16 prob=0.99 entries=14
  [TARGET] R11 → SITE (1.37, -2.35)
[PICKUP] R5 picked up tag (density=12) | Total: 36

======================================================================
Step 6000 (3.2 min) | Pickups: 36 | Deposits: 31 | Rate: 9.69 tags/min | phero_entries=12 max_w=0.560
======================================================================
R1[RTB       ]: carry=1 | base=0.95 | wall=2.59 | search=  0 | target=none
R2[SEARCH    ]: carry=0 | base=2.48 | wall=1.02 | search=893 | target=site(1.63,0.44)
R3[BASE_ESC  ]: carry=0 | base=0.23 | wall=3.27 | search=971 | target=site(-2.72,1.26)
R4[SEARCH    ]: carry=0 | base=0.68 | wall=2.86 | search=100 | target=site(0.27,0.66)
R5[SURVEY    ]: carry=1 | base=0.83 | wall=2.77 | search=  0 | target=none
R6[RTB       ]: carry=1 | base=2.87 | wall=1.45 | search=  0 | target=none
R7[WALL_ESC  ]: carry=0 | base=3.17 | wall=0.33 | search=1829 | target=site(-1.47,2.10)
R8[SEARCH    ]: carry=0 | base=3.40 | wall=0.38 | search=5262 | target=none
R9[SEARCH    ]: carry=0 | base=2.79 | wall=0.79 | search=109 | target=site(0.60,-2.65)
R10[SEARCH    ]: carry=0 | base=1.78 | wall=1.99 | search=510 | target=site(-1.11,0.14)
R11[SITE      ]: carry=0 | base=0.48 | wall=3.15 | search=  0 | target=site(1.37,-2.35)
R12[RTB       ]: carry=1 | base=1.80 | wall=1.76 | search=  0 | target=none
R13[RTB       ]: carry=1 | base=2.52 | wall=1.06 | search=  0 | target=none
R14[SEARCH    ]: carry=0 | base=1.41 | wall=2.43 | search=432 | target=site(0.38,0.69)
R15[SITE      ]: carry=0 | base=1.14 | wall=2.38 | search=  0 | target=site(-0.65,2.42)
R16[SEARCH    ]: carry=0 | base=1.88 | wall=1.72 | search=498 | target=site(-1.00,-1.04)

[PICKUP] R9 picked up tag (density=13) | Total: 37
[DEPOSIT] R1 deposited! Total: 32
  [PHERO] Laid at (0.72, -2.65) density=14 prob=0.96 entries=13
  [TARGET] R1 → SITE (0.72, -2.65)
[PICKUP] R10 picked up tag (density=11) | Total: 38
[DEPOSIT] R5 deposited! Total: 33
  [PHERO] Laid at (0.39, 0.73) density=12 prob=0.88 entries=13
  [TARGET] R5 → SITE (0.39, 0.73)
[PICKUP] R2 picked up tag (density=13) | Total: 39
[PICKUP] R14 picked up tag (density=9) | Total: 40
[DEPOSIT] R12 deposited! Total: 34
  [PHERO] Laid at (1.72, 0.49) density=10 prob=0.71 entries=13
  [TARGET] R12 → SITE (1.72, 0.49)

======================================================================
Step 6500 (3.5 min) | Pickups: 40 | Deposits: 34 | Rate: 9.81 tags/min | phero_entries=13 max_w=0.828
======================================================================
R1[SITE      ]: carry=0 | base=0.99 | wall=2.57 | search=  0 | target=site(0.72,-2.65)
R2[SURVEY    ]: carry=1 | base=3.01 | wall=0.56 | search=  0 | target=none
R3[SEARCH    ]: carry=0 | base=0.54 | wall=3.05 | search=1471 | target=site(-2.72,1.26)
R4[SEARCH    ]: carry=0 | base=1.76 | wall=2.01 | search=600 | target=site(0.27,0.66)
R5[SITE      ]: carry=0 | base=0.38 | wall=3.21 | search=  0 | target=site(0.39,0.73)
R6[RTB       ]: carry=1 | base=0.95 | wall=2.82 | search=  0 | target=none
R7[WALL_ESC  ]: carry=0 | base=3.17 | wall=0.33 | search=2329 | target=site(-1.47,2.10)
R8[SEARCH    ]: carry=0 | base=3.39 | wall=0.38 | search=5762 | target=none
R9[RTB       ]: carry=1 | base=1.85 | wall=1.73 | search=  0 | target=none
R10[SURVEY    ]: carry=1 | base=2.59 | wall=1.39 | search=  0 | target=none
R11[SITE      ]: carry=0 | base=2.39 | wall=1.45 | search=  0 | target=site(1.37,-2.35)
R12[BASE_ESC  ]: carry=0 | base=0.22 | wall=3.28 | search=  0 | target=site(1.72,0.49)
R13[RTB       ]: carry=1 | base=0.71 | wall=2.80 | search=  0 | target=none
R14[SURVEY    ]: carry=1 | base=1.91 | wall=1.65 | search=  0 | target=none
R15[SEARCH    ]: carry=0 | base=2.48 | wall=1.13 | search=123 | target=site(-0.65,2.42)
R16[SEARCH    ]: carry=0 | base=1.62 | wall=2.08 | search=998 | target=site(-1.00,-1.04)

[DEPOSIT] R13 deposited! Total: 35
  [PHERO] Laid at (-0.65, 2.44) density=14 prob=0.96 entries=13
  [TARGET] R13 → SITE (-0.65, 2.44)
[DEPOSIT] R6 deposited! Total: 36
  [PHERO] Laid at (2.02, 2.20) density=15 prob=0.98 entries=13
  [TARGET] R6 → SITE (2.02, 2.20)
[PICKUP] R4 picked up tag (density=15) | Total: 41
[PICKUP] R5 picked up tag (density=11) | Total: 42
[DEPOSIT] R9 deposited! Total: 37
  [PHERO] Laid at (0.72, -2.71) density=13 prob=0.93 entries=14
  [TARGET] R9 → SITE (0.72, -2.71)

======================================================================
Step 7000 (3.7 min) | Pickups: 42 | Deposits: 37 | Rate: 9.91 tags/min | phero_entries=14 max_w=0.888
======================================================================
R1[SITE      ]: carry=0 | base=2.68 | wall=0.92 | search=  0 | target=site(0.72,-2.65)
R2[RTB       ]: carry=1 | base=1.69 | wall=1.84 | search=  0 | target=none
R3[SEARCH    ]: carry=0 | base=1.97 | wall=1.62 | search=1971 | target=site(-2.72,1.26)
R4[RTB       ]: carry=1 | base=2.53 | wall=1.29 | search=  0 | target=none
R5[SURVEY    ]: carry=1 | base=1.01 | wall=2.61 | search=  0 | target=none
R6[SITE      ]: carry=0 | base=0.98 | wall=2.73 | search=  0 | target=site(2.02,2.20)
R7[WALL_ESC  ]: carry=0 | base=3.17 | wall=0.33 | search=2829 | target=site(-1.47,2.10)
R8[SEARCH    ]: carry=0 | base=3.39 | wall=0.38 | search=6262 | target=none
R9[BASE_ESC  ]: carry=0 | base=0.22 | wall=3.29 | search=  0 | target=site(0.72,-2.71)
R10[RTB       ]: carry=1 | base=0.99 | wall=2.66 | search=  0 | target=none
R11[SEARCH    ]: carry=0 | base=2.46 | wall=1.10 | search=426 | target=site(1.37,-2.35)
R12[SEARCH    ]: carry=0 | base=1.78 | wall=1.79 | search= 40 | target=site(1.72,0.49)
R13[SITE      ]: carry=0 | base=1.23 | wall=2.29 | search=  0 | target=site(-0.65,2.44)
R14[RTB       ]: carry=1 | base=0.91 | wall=2.61 | search=  0 | target=none
R15[SEARCH    ]: carry=0 | base=2.18 | wall=1.44 | search=623 | target=site(-0.65,2.42)
R16[SEARCH    ]: carry=0 | base=2.59 | wall=1.33 | search=1498 | target=site(-1.00,-1.04)

[PICKUP] R16 picked up tag (density=10) | Total: 43
[DEPOSIT] R14 deposited! Total: 38
  [PHERO] Laid at (1.85, 0.51) density=9 prob=0.59 entries=15
  [TARGET] R14 → SITE (1.85, 0.51)
[DEPOSIT] R10 deposited! Total: 39
  [PHERO] Laid at (-1.51, 2.11) density=11 prob=0.80 entries=16
  [TARGET] R10 → SITE (-1.51, 2.11)
[PICKUP] R11 picked up tag (density=16) | Total: 44
[DEPOSIT] R5 deposited! Total: 40
  [PHERO] Laid at (0.49, 0.89) density=11 prob=0.80 entries=14
  [TARGET] R5 → SITE (0.49, 0.89)
[DEPOSIT] R2 deposited! Total: 41
  [PHERO] Laid at (-0.62, 2.95) density=13 prob=0.93 entries=15
  [TARGET] R2 → SITE (-0.62, 2.95)
[PICKUP] R1 picked up tag (density=15) | Total: 45

======================================================================
Step 7500 (4.0 min) | Pickups: 45 | Deposits: 41 | Rate: 10.25 tags/min | phero_entries=13 max_w=0.708
======================================================================
R1[SURVEY    ]: carry=1 | base=2.70 | wall=0.81 | search=  0 | target=none
R2[SITE      ]: carry=0 | base=0.25 | wall=3.27 | search=  0 | target=site(-0.62,2.95)
R3[SEARCH    ]: carry=0 | base=3.16 | wall=0.36 | search=2471 | target=site(-2.72,1.26)
R4[RTB       ]: carry=1 | base=0.62 | wall=2.95 | search=  0 | target=none
R5[SITE      ]: carry=0 | base=0.38 | wall=3.22 | search=  0 | target=site(0.49,0.89)
R6[SITE      ]: carry=0 | base=2.90 | wall=1.36 | search=  0 | target=site(2.02,2.20)
R7[WALL_ESC  ]: carry=0 | base=3.17 | wall=0.33 | search=3329 | target=site(-1.47,2.10)
R8[SEARCH    ]: carry=0 | base=3.39 | wall=0.38 | search=6762 | target=none
R9[SITE      ]: carry=0 | base=1.84 | wall=1.73 | search=  0 | target=site(0.72,-2.71)
R10[SITE      ]: carry=0 | base=0.91 | wall=2.72 | search=  0 | target=site(-1.51,2.11)
R11[RTB       ]: carry=1 | base=2.66 | wall=0.85 | search=  0 | target=none
R12[SEARCH    ]: carry=0 | base=0.82 | wall=2.80 | search=540 | target=site(1.72,0.49)
R13[SEARCH    ]: carry=0 | base=2.40 | wall=1.20 | search=175 | target=site(-0.65,2.44)
R14[SITE      ]: carry=0 | base=1.03 | wall=2.49 | search=  0 | target=site(1.85,0.51)
R15[GIVE_UP   ]: carry=0 | base=0.95 | wall=2.74 | search=780 | target=none
R16[RTB       ]: carry=1 | base=1.95 | wall=1.87 | search=  0 | target=none

[PICKUP] R6 picked up tag (density=14) | Total: 46
[DEPOSIT] R4 deposited! Total: 42
  [PHERO] Laid at (2.21, 1.34) density=15 prob=0.98 entries=14
  [TARGET] R4 → SITE (2.21, 1.34)
[PICKUP] R13 picked up tag (density=12) | Total: 47
  [GIVE-UP] R15 returned empty after 780 searching steps
  [TARGET] R15 → PHERO (1.72, 0.49)
[PICKUP] R5 picked up tag (density=10) | Total: 48
[PICKUP] R8 picked up tag (density=15) | Total: 49
[DEPOSIT] R16 deposited! Total: 43
  [PHERO] Laid at (-1.55, 2.24) density=10 prob=0.71 entries=13
  [TARGET] R16 → SITE (-1.55, 2.24)

======================================================================
Step 8000 (4.3 min) | Pickups: 49 | Deposits: 43 | Rate: 10.08 tags/min | phero_entries=12 max_w=0.926
======================================================================
R1[RTB       ]: carry=1 | base=1.90 | wall=1.60 | search=  0 | target=none
R2[SITE      ]: carry=0 | base=2.12 | wall=1.43 | search=  0 | target=site(-0.62,2.95)
R3[SEARCH    ]: carry=0 | base=3.17 | wall=0.35 | search=2971 | target=site(-2.72,1.26)
R4[SITE      ]: carry=0 | base=1.32 | wall=2.34 | search=  0 | target=site(2.21,1.34)
R5[SURVEY    ]: carry=1 | base=0.98 | wall=2.62 | search=  0 | target=none
R6[RTB       ]: carry=1 | base=2.25 | wall=1.89 | search=  0 | target=none
R7[WALL_ESC  ]: carry=0 | base=3.16 | wall=0.34 | search=3829 | target=site(-1.47,2.10)
R8[SURVEY    ]: carry=1 | base=3.37 | wall=0.41 | search=  0 | target=none
R9[SEARCH    ]: carry=0 | base=2.69 | wall=0.89 | search=264 | target=site(0.72,-2.71)
R10[SEARCH    ]: carry=0 | base=2.60 | wall=1.40 | search= 46 | target=site(-1.51,2.11)
R11[RTB       ]: carry=1 | base=0.86 | wall=2.64 | search=  0 | target=none
R12[SEARCH    ]: carry=0 | base=1.25 | wall=2.61 | search=1040 | target=site(1.72,0.49)
R13[RTB       ]: carry=1 | base=1.80 | wall=1.72 | search=  0 | target=none
R14[SEARCH    ]: carry=0 | base=1.92 | wall=1.94 | search=281 | target=site(1.85,0.51)
R15[PHERO     ]: carry=0 | base=0.92 | wall=2.64 | search=  0 | target=phero(1.72,0.49)
R16[BASE_ESC  ]: carry=0 | base=0.23 | wall=3.31 | search=  0 | target=site(-1.55,2.24)

[PICKUP] R10 picked up tag (density=9) | Total: 50
[PICKUP] R9 picked up tag (density=12) | Total: 51
[PICKUP] R2 picked up tag (density=11) | Total: 52
[DEPOSIT] R11 deposited! Total: 44
  [PHERO] Laid at (-0.16, -2.66) density=16 prob=0.99 entries=13
  [TARGET] R11 → SITE (-0.16, -2.66)
[DEPOSIT] R5 deposited! Total: 45
  [PHERO] Laid at (0.43, 0.87) density=10 prob=0.71 entries=14
  [TARGET] R5 → SITE (0.43, 0.87)
[PICKUP] R15 picked up tag (density=8) | Total: 53
[DEPOSIT] R13 deposited! Total: 46
  [PHERO] Laid at (-0.49, 2.42) density=12 prob=0.88 entries=14
  [TARGET] R13 → SITE (-0.49, 2.42)
[DEPOSIT] R1 deposited! Total: 47
  [PHERO] Laid at (-0.18, -2.69) density=15 prob=0.98 entries=15
  [TARGET] R1 → SITE (-0.18, -2.69)
[PICKUP] R14 picked up tag (density=9) | Total: 54

======================================================================
Step 8500 (4.5 min) | Pickups: 54 | Deposits: 47 | Rate: 10.37 tags/min | phero_entries=14 max_w=0.802
======================================================================
R1[BASE_ESC  ]: carry=0 | base=0.22 | wall=3.28 | search=  0 | target=site(-0.18,-2.69)
R2[RTB       ]: carry=1 | base=1.78 | wall=1.76 | search=  0 | target=none
R3[SEARCH    ]: carry=0 | base=3.16 | wall=0.36 | search=3471 | target=site(-2.72,1.26)
R4[SEARCH    ]: carry=0 | base=2.43 | wall=1.45 | search=184 | target=site(2.21,1.34)
R5[SITE      ]: carry=0 | base=0.43 | wall=3.17 | search=  0 | target=site(0.43,0.87)
R6[RTB       ]: carry=1 | base=0.45 | wall=3.17 | search=  0 | target=none
R7[WALL_ESC  ]: carry=0 | base=3.16 | wall=0.34 | search=4329 | target=site(-1.47,2.10)
R8[RTB       ]: carry=1 | base=1.85 | wall=1.81 | search=  0 | target=none
R9[RTB       ]: carry=1 | base=2.08 | wall=1.48 | search=  0 | target=none
R10[RTB       ]: carry=1 | base=1.83 | wall=1.99 | search=  0 | target=none
R11[SITE      ]: carry=0 | base=1.09 | wall=2.41 | search=  0 | target=site(-0.16,-2.66)
R12[SEARCH    ]: carry=0 | base=2.41 | wall=1.10 | search=1540 | target=site(1.72,0.49)
R13[BASE_ESC  ]: carry=0 | base=0.23 | wall=3.27 | search=  0 | target=site(-0.49,2.42)
R14[SURVEY    ]: carry=1 | base=1.23 | wall=2.33 | search=  0 | target=none
R15[SURVEY    ]: carry=1 | base=1.75 | wall=1.81 | search=  0 | target=none
R16[SITE      ]: carry=0 | base=1.78 | wall=2.07 | search=  0 | target=site(-1.55,2.24)

[DEPOSIT] R6 deposited! Total: 48
  [PHERO] Laid at (1.99, 2.19) density=14 prob=0.96 entries=15
  [TARGET] R6 → SITE (1.99, 2.19)
[PICKUP] R5 picked up tag (density=8) | Total: 55
[PICKUP] R4 picked up tag (density=7) | Total: 56
[DEPOSIT] R2 deposited! Total: 49
  [PHERO] Laid at (-0.53, 2.42) density=11 prob=0.80 entries=13
  [TARGET] R2 → SITE (-0.53, 2.42)
[DEPOSIT] R8 deposited! Total: 50
  [PHERO] Laid at (-3.10, 1.35) density=15 prob=0.98 entries=14
  [TARGET] R8 → SITE (-3.10, 1.35)
[DEPOSIT] R10 deposited! Total: 51
  [TARGET] R10 → SITE (-1.55, 2.09)
[DEPOSIT] R9 deposited! Total: 52
  [PHERO] Laid at (0.57, -2.73) density=12 prob=0.88 entries=15
  [TARGET] R9 → SITE (0.57, -2.73)

======================================================================
Step 9000 (4.8 min) | Pickups: 56 | Deposits: 52 | Rate: 10.83 tags/min | phero_entries=15 max_w=0.932
======================================================================
R1[SITE      ]: carry=0 | base=1.95 | wall=1.55 | search=  0 | target=site(-0.18,-2.69)
R2[BASE_ESC  ]: carry=0 | base=0.23 | wall=3.27 | search=  0 | target=site(-0.53,2.42)
R3[SEARCH    ]: carry=0 | base=3.16 | wall=0.36 | search=3971 | target=site(-2.72,1.26)
R4[RTB       ]: carry=1 | base=2.07 | wall=1.49 | search=  0 | target=none
R5[RTB       ]: carry=1 | base=0.91 | wall=2.71 | search=  0 | target=none
R6[SITE      ]: carry=0 | base=1.47 | wall=2.45 | search=  0 | target=site(1.99,2.19)
R7[SEARCH    ]: carry=0 | base=3.15 | wall=0.35 | search=4829 | target=site(-1.47,2.10)
R8[BASE_ESC  ]: carry=0 | base=0.22 | wall=3.32 | search=  0 | target=site(-3.10,1.35)
R9[BASE_ESC  ]: carry=0 | base=0.23 | wall=3.28 | search=  0 | target=site(0.57,-2.73)
R10[BASE_ESC  ]: carry=0 | base=0.22 | wall=3.30 | search=  0 | target=site(-1.55,2.09)
R11[SEARCH    ]: carry=0 | base=2.66 | wall=0.84 | search=102 | target=site(-0.16,-2.66)
R12[SEARCH    ]: carry=0 | base=2.92 | wall=1.00 | search=2040 | target=site(1.72,0.49)
R13[SITE      ]: carry=0 | base=2.04 | wall=1.49 | search=  0 | target=site(-0.49,2.42)
R14[RTB       ]: carry=1 | base=0.37 | wall=3.16 | search=  0 | target=none
R15[RTB       ]: carry=1 | base=0.46 | wall=3.05 | search=  0 | target=none
R16[SEARCH    ]: carry=0 | base=2.98 | wall=1.03 | search=260 | target=site(-1.55,2.24)

[DEPOSIT] R14 deposited! Total: 53
  [PHERO] Laid at (0.40, 1.17) density=9 prob=0.59 entries=16
  [TARGET] R14 → SITE (0.40, 1.17)
[DEPOSIT] R15 deposited! Total: 54
  [PHERO] Laid at (1.69, 0.43) density=8 prob=0.46 entries=17
  [TARGET] R15 → SITE (1.69, 0.43)
[PICKUP] R12 picked up tag (density=8) | Total: 57
[DEPOSIT] R5 deposited! Total: 55
  [TARGET] R5 → SITE (0.41, 0.89)
[PICKUP] R14 picked up tag (density=7) | Total: 58
[PICKUP] R1 picked up tag (density=14) | Total: 59

======================================================================
Step 9500 (5.1 min) | Pickups: 59 | Deposits: 55 | Rate: 10.86 tags/min | phero_entries=14 max_w=0.240
======================================================================
R1[SURVEY    ]: carry=1 | base=2.65 | wall=0.87 | search=  0 | target=none
R2[SITE      ]: carry=0 | base=2.05 | wall=1.49 | search=  0 | target=site(-0.53,2.42)
R3[SEARCH    ]: carry=0 | base=3.16 | wall=0.37 | search=4471 | target=site(-2.72,1.26)
R4[RTB       ]: carry=1 | base=0.49 | wall=3.01 | search=  0 | target=none
R5[SITE      ]: carry=0 | base=0.89 | wall=2.70 | search=  0 | target=site(0.41,0.89)
R6[SEARCH    ]: carry=0 | base=2.95 | wall=1.27 | search=123 | target=site(1.99,2.19)
R7[SEARCH    ]: carry=0 | base=3.14 | wall=0.36 | search=5329 | target=site(-1.47,2.10)
R8[SITE      ]: carry=0 | base=2.01 | wall=1.67 | search=  0 | target=site(-3.10,1.35)
R9[SITE      ]: carry=0 | base=1.79 | wall=1.74 | search=  0 | target=site(0.57,-2.73)
R10[SITE      ]: carry=0 | base=2.01 | wall=1.87 | search=  0 | target=site(-1.55,2.09)
R11[SEARCH    ]: carry=0 | base=2.35 | wall=1.17 | search=602 | target=site(-0.16,-2.66)
R12[RTB       ]: carry=1 | base=2.26 | wall=1.90 | search=  0 | target=none
R13[GIVE_UP   ]: carry=0 | base=1.46 | wall=2.08 | search=156 | target=none
R14[SURVEY    ]: carry=1 | base=0.88 | wall=2.68 | search=  0 | target=none
R15[SITE      ]: carry=0 | base=1.28 | wall=2.26 | search=  0 | target=site(1.69,0.43)
R16[SEARCH    ]: carry=0 | base=3.55 | wall=0.42 | search=760 | target=site(-1.55,2.24)

[DEPOSIT] R4 deposited! Total: 56
  [PHERO] Laid at (1.99, 0.50) density=7 prob=0.32 entries=13
  [TARGET] R4 → SITE (1.99, 0.50)
[PICKUP] R5 picked up tag (density=6) | Total: 60
[PICKUP] R15 picked up tag (density=6) | Total: 61
[DEPOSIT] R14 deposited! Total: 57
  [PHERO] Laid at (0.33, 0.81) density=7 prob=0.32 entries=14
  [TARGET] R14 → SITE (0.33, 0.81)
[PICKUP] R8 picked up tag (density=14) | Total: 62
  [GIVE-UP] R13 returned empty after 156 searching steps
  [TARGET] R13 → PHERO (0.57, -2.73)
[PICKUP] R9 picked up tag (density=11) | Total: 63
[PICKUP] R2 picked up tag (density=10) | Total: 64

======================================================================
Step 10000 (5.3 min) | Pickups: 64 | Deposits: 57 | Rate: 10.69 tags/min | phero_entries=13 max_w=0.437
======================================================================
R1[RTB       ]: carry=1 | base=1.35 | wall=2.15 | search=  0 | target=none
R2[SURVEY    ]: carry=1 | base=2.57 | wall=0.96 | search=  0 | target=none
R3[SEARCH    ]: carry=0 | base=3.15 | wall=0.37 | search=4971 | target=site(-2.72,1.26)
R4[SITE      ]: carry=0 | base=1.43 | wall=2.10 | search=  0 | target=site(1.99,0.50)
R5[RTB       ]: carry=1 | base=0.71 | wall=2.86 | search=  0 | target=none
R6[SEARCH    ]: carry=0 | base=1.65 | wall=2.02 | search=623 | target=site(1.99,2.19)
R7[SEARCH    ]: carry=0 | base=3.14 | wall=0.36 | search=5829 | target=site(-1.47,2.10)
R8[SURVEY    ]: carry=1 | base=3.15 | wall=0.61 | search=  0 | target=none
R9[RTB       ]: carry=1 | base=2.81 | wall=0.77 | search=  0 | target=none
R10[SEARCH    ]: carry=0 | base=2.85 | wall=1.16 | search=359 | target=site(-1.55,2.09)
R11[GIVE_UP   ]: carry=0 | base=0.50 | wall=3.00 | search=624 | target=none
R12[RTB       ]: carry=1 | base=0.34 | wall=3.26 | search=  0 | target=none
R13[PHERO     ]: carry=0 | base=0.27 | wall=3.23 | search=  0 | target=phero(0.57,-2.73)
R14[SITE      ]: carry=0 | base=0.64 | wall=2.93 | search=  0 | target=site(0.33,0.81)
R15[RTB       ]: carry=1 | base=1.66 | wall=1.86 | search=  0 | target=none
R16[SEARCH    ]: carry=0 | base=3.28 | wall=0.36 | search=1260 | target=site(-1.55,2.24)

[DEPOSIT] R12 deposited! Total: 58
  [PHERO] Laid at (-1.97, 1.89) density=8 prob=0.46 entries=14
  [TARGET] R12 → SITE (-1.97, 1.89)
  [GIVE-UP] R11 returned empty after 624 searching steps
  [TARGET] R11 → PHERO (-1.97, 1.89)
[PICKUP] R6 picked up tag (density=5) | Total: 65
[DEPOSIT] R5 deposited! Total: 59
  [TARGET] R5 → SITE (0.33, 0.88)
[DEPOSIT] R1 deposited! Total: 60
  [PHERO] Laid at (-0.24, -2.64) density=14 prob=0.96 entries=13
  [TARGET] R1 → SITE (-0.24, -2.64)
[DEPOSIT] R15 deposited! Total: 61
  [TARGET] R15 → SITE (1.68, 0.40)

======================================================================
Step 10500 (5.6 min) | Pickups: 65 | Deposits: 61 | Rate: 10.89 tags/min | phero_entries=12 max_w=0.568
======================================================================
R1[SITE      ]: carry=0 | base=0.45 | wall=3.05 | search=  0 | target=site(-0.24,-2.64)
R2[RTB       ]: carry=1 | base=1.13 | wall=2.38 | search=  0 | target=none
R3[SEARCH    ]: carry=0 | base=3.14 | wall=0.38 | search=5471 | target=site(-2.72,1.26)
R4[GIVE_UP   ]: carry=0 | base=1.21 | wall=2.33 | search=156 | target=none
R5[SEARCH    ]: carry=0 | base=0.92 | wall=2.65 | search= 71 | target=site(0.33,0.88)
R6[RTB       ]: carry=1 | base=1.34 | wall=2.17 | search=  0 | target=none
R7[GIVE_UP   ]: carry=0 | base=2.20 | wall=1.30 | search=6084 | target=none
R8[RTB       ]: carry=1 | base=1.37 | wall=2.25 | search=  0 | target=none
R9[RTB       ]: carry=1 | base=1.11 | wall=2.43 | search=  0 | target=none
R10[WALL_ESC  ]: carry=0 | base=3.61 | wall=0.35 | search=859 | target=site(-1.55,2.09)
R11[PHERO     ]: carry=0 | base=0.42 | wall=3.08 | search=  0 | target=phero(-1.97,1.89)
R12[SITE      ]: carry=0 | base=1.61 | wall=2.35 | search=  0 | target=site(-1.97,1.89)
R13[PHERO     ]: carry=0 | base=1.16 | wall=2.41 | search=  0 | target=phero(0.57,-2.73)
R14[SEARCH    ]: carry=0 | base=1.24 | wall=2.45 | search=426 | target=site(0.33,0.81)
R15[SITE      ]: carry=0 | base=0.29 | wall=3.21 | search=  0 | target=site(1.68,0.40)
R16[SEARCH    ]: carry=0 | base=3.16 | wall=0.40 | search=1760 | target=site(-1.55,2.24)

[DEPOSIT] R9 deposited! Total: 62
  [PHERO] Laid at (0.62, -2.74) density=11 prob=0.80 entries=10
  [TARGET] R9 → SITE (0.62, -2.74)
[DEPOSIT] R2 deposited! Total: 63
  [PHERO] Laid at (-0.37, 2.54) density=10 prob=0.71 entries=11
  [TARGET] R2 → SITE (-0.37, 2.54)
  [GIVE-UP] R4 returned empty after 156 searching steps
  [TARGET] R4 → PHERO (0.62, -2.74)
[PICKUP] R7 picked up tag (density=5) | Total: 66
[DEPOSIT] R8 deposited! Total: 64
  [PHERO] Laid at (-2.88, 1.26) density=14 prob=0.96 entries=12
  [TARGET] R8 → SITE (-2.88, 1.26)
[DEPOSIT] R6 deposited! Total: 65
  [TARGET] R6 → PHERO (-0.53, 2.42)
  [GIVE-UP] R14 returned empty after 468 searching steps
  [TARGET] R14 → PHERO (-1.97, 1.89)

======================================================================
Step 11000 (5.9 min) | Pickups: 66 | Deposits: 65 | Rate: 11.08 tags/min | phero_entries=12 max_w=0.534
======================================================================
R1[SITE      ]: carry=0 | base=2.35 | wall=1.15 | search=  0 | target=site(-0.24,-2.64)
R2[SITE      ]: carry=0 | base=0.81 | wall=2.69 | search=  0 | target=site(-0.37,2.54)
R3[SEARCH    ]: carry=0 | base=3.14 | wall=0.38 | search=5971 | target=site(-2.72,1.26)
R4[PHERO     ]: carry=0 | base=0.33 | wall=3.18 | search=  0 | target=phero(0.62,-2.74)
R5[SEARCH    ]: carry=0 | base=2.05 | wall=1.46 | search=571 | target=site(0.33,0.88)
R6[PHERO     ]: carry=0 | base=0.27 | wall=3.25 | search=  0 | target=phero(-0.53,2.42)
R7[RTB       ]: carry=1 | base=1.13 | wall=2.38 | search=  0 | target=none
R8[SITE      ]: carry=0 | base=0.54 | wall=2.97 | search=  0 | target=site(-2.88,1.26)
R9[SITE      ]: carry=0 | base=0.83 | wall=2.72 | search=  0 | target=site(0.62,-2.74)
R10[SEARCH    ]: carry=0 | base=3.62 | wall=0.35 | search=1359 | target=site(-1.55,2.09)
R11[PHERO     ]: carry=0 | base=2.17 | wall=1.89 | search=  0 | target=phero(-1.97,1.89)
R12[SEARCH    ]: carry=0 | base=2.43 | wall=1.75 | search=224 | target=site(-1.97,1.89)
R13[SEARCH    ]: carry=0 | base=2.80 | wall=0.77 | search= 84 | target=phero(0.57,-2.73)
R14[BASE_ESC  ]: carry=0 | base=0.22 | wall=3.30 | search=  0 | target=phero(-1.97,1.89)
R15[SEARCH    ]: carry=0 | base=1.71 | wall=1.84 | search= 77 | target=site(1.68,0.40)
R16[SEARCH    ]: carry=0 | base=3.18 | wall=0.40 | search=2260 | target=site(-1.55,2.24)

[PICKUP] R11 picked up tag (density=7) | Total: 67
[DEPOSIT] R7 deposited! Total: 66
  [TARGET] R7 → SITE (0.02, 1.14)

======================================================================
Step 11500 (6.1 min) | Pickups: 67 | Deposits: 66 | Rate: 10.76 tags/min | phero_entries=7 max_w=0.108
======================================================================
R1[GIVE_UP   ]: carry=0 | base=1.88 | wall=1.68 | search=312 | target=none
R2[SEARCH    ]: carry=0 | base=2.55 | wall=0.98 | search= 55 | target=site(-0.37,2.54)
R3[SEARCH    ]: carry=0 | base=3.14 | wall=0.39 | search=6471 | target=site(-2.72,1.26)
R4[PHERO     ]: carry=0 | base=2.04 | wall=1.53 | search=  0 | target=phero(0.62,-2.74)
R5[SEARCH    ]: carry=0 | base=3.13 | wall=0.37 | search=1071 | target=site(0.33,0.88)
R6[PHERO     ]: carry=0 | base=1.51 | wall=2.01 | search=  0 | target=phero(-0.53,2.42)
R7[BASE_ESC  ]: carry=0 | base=0.23 | wall=3.27 | search=  0 | target=site(0.02,1.14)
R8[SITE      ]: carry=0 | base=2.45 | wall=1.24 | search=  0 | target=site(-2.88,1.26)
R9[SITE      ]: carry=0 | base=2.74 | wall=0.83 | search=  0 | target=site(0.62,-2.74)
R10[WALL_ESC  ]: carry=0 | base=3.70 | wall=0.34 | search=1859 | target=site(-1.55,2.09)
R11[RTB       ]: carry=1 | base=2.44 | wall=1.75 | search=  0 | target=none
R12[SEARCH    ]: carry=0 | base=0.87 | wall=2.67 | search=724 | target=site(-1.97,1.89)
R13[SEARCH    ]: carry=0 | base=1.77 | wall=1.78 | search=584 | target=phero(0.57,-2.73)
R14[PHERO     ]: carry=0 | base=1.71 | wall=2.24 | search=  0 | target=phero(-1.97,1.89)
R15[SEARCH    ]: carry=0 | base=2.29 | wall=1.32 | search=577 | target=site(1.68,0.40)
R16[SEARCH    ]: carry=0 | base=3.19 | wall=0.39 | search=2760 | target=site(-1.55,2.24)

[PICKUP] R7 picked up tag (density=4) | Total: 68
[PICKUP] R13 picked up tag (density=11) | Total: 69
[PICKUP] R4 picked up tag (density=10) | Total: 70
[PICKUP] R9 picked up tag (density=9) | Total: 71
[PICKUP] R8 picked up tag (density=13) | Total: 72
  [GIVE-UP] R1 returned empty after 312 searching steps
  [TARGET] R1 → PHERO (-0.37, 2.54)

======================================================================
Step 12000 (6.4 min) | Pickups: 72 | Deposits: 66 | Rate: 10.31 tags/min | phero_entries=5 max_w=0.022
======================================================================
R1[BASE_ESC  ]: carry=0 | base=0.22 | wall=3.28 | search=  0 | target=phero(-0.37,2.54)
R2[SEARCH    ]: carry=0 | base=2.46 | wall=1.20 | search=555 | target=site(-0.37,2.54)
R3[SEARCH    ]: carry=0 | base=3.13 | wall=0.39 | search=6971 | target=site(-2.72,1.26)
R4[RTB       ]: carry=1 | base=2.83 | wall=0.76 | search=  0 | target=none
R5[GIVE_UP   ]: carry=0 | base=3.13 | wall=0.38 | search=1560 | target=none
R6[SEARCH    ]: carry=0 | base=2.02 | wall=1.61 | search=261 | target=phero(-0.53,2.42)
R7[RTB       ]: carry=1 | base=0.30 | wall=3.21 | search=  0 | target=none
R8[SURVEY    ]: carry=1 | base=3.02 | wall=0.77 | search=  0 | target=none
R9[SURVEY    ]: carry=1 | base=2.92 | wall=0.62 | search=  0 | target=none
R10[SEARCH    ]: carry=0 | base=3.60 | wall=0.39 | search=2359 | target=site(-1.55,2.09)
R11[RTB       ]: carry=1 | base=0.74 | wall=2.97 | search=  0 | target=none
R12[GIVE_UP   ]: carry=0 | base=0.67 | wall=2.83 | search=1092 | target=none
R13[RTB       ]: carry=1 | base=1.85 | wall=2.05 | search=  0 | target=none
R14[SEARCH    ]: carry=0 | base=2.57 | wall=1.64 | search=208 | target=phero(-1.97,1.89)
R15[WALL_ESC  ]: carry=0 | base=3.22 | wall=0.33 | search=1077 | target=site(1.68,0.40)
R16[SEARCH    ]: carry=0 | base=3.19 | wall=0.38 | search=3260 | target=site(-1.55,2.24)

[DEPOSIT] R7 deposited! Total: 67
  [TARGET] R7 → SITE (0.07, 0.73)
[PICKUP] R14 picked up tag (density=6) | Total: 73
  [GIVE-UP] R12 returned empty after 1092 searching steps
  [TARGET] R12 → PHERO (-0.37, 2.54)
[DEPOSIT] R11 deposited! Total: 68
  [TARGET] R11 → SITE (-1.93, 1.93)
[DEPOSIT] R13 deposited! Total: 69
  [PHERO] Laid at (-1.23, -1.48) density=11 prob=0.80 entries=5
  [TARGET] R13 → SITE (-1.23, -1.48)
[PICKUP] R2 picked up tag (density=14) | Total: 74

======================================================================
Step 12500 (6.7 min) | Pickups: 74 | Deposits: 69 | Rate: 10.35 tags/min | phero_entries=4 max_w=0.777
======================================================================
R1[PHERO     ]: carry=0 | base=0.31 | wall=3.25 | search=  0 | target=phero(-0.37,2.54)
R2[SURVEY    ]: carry=1 | base=2.57 | wall=1.27 | search=  0 | target=none
R3[SEARCH    ]: carry=0 | base=3.13 | wall=0.39 | search=7471 | target=site(-2.72,1.26)
R4[RTB       ]: carry=1 | base=0.94 | wall=2.59 | search=  0 | target=none
R5[GIVE_UP   ]: carry=0 | base=1.45 | wall=2.06 | search=1560 | target=none
R6[SEARCH    ]: carry=0 | base=1.33 | wall=2.19 | search=761 | target=phero(-0.53,2.42)
R7[SEARCH    ]: carry=0 | base=0.62 | wall=2.90 | search=234 | target=site(0.07,0.73)
R8[RTB       ]: carry=1 | base=1.60 | wall=2.06 | search=  0 | target=none
R9[RTB       ]: carry=1 | base=1.25 | wall=2.28 | search=  0 | target=none
R10[WALL_ESC  ]: carry=0 | base=3.70 | wall=0.31 | search=2859 | target=site(-1.55,2.09)
R11[SITE      ]: carry=0 | base=1.19 | wall=2.61 | search=  0 | target=site(-1.93,1.93)
R12[PHERO     ]: carry=0 | base=0.70 | wall=2.82 | search=  0 | target=phero(-0.37,2.54)
R13[BASE_ESC  ]: carry=0 | base=0.22 | wall=3.30 | search=  0 | target=site(-1.23,-1.48)
R14[RTB       ]: carry=1 | base=1.75 | wall=2.21 | search=  0 | target=none
R15[GIVE_UP   ]: carry=0 | base=2.57 | wall=1.00 | search=1404 | target=none
R16[GIVE_UP   ]: carry=0 | base=1.74 | wall=1.82 | search=3276 | target=none

[PICKUP] R12 picked up tag (density=3) | Total: 75
[PICKUP] R5 picked up tag (density=2) | Total: 76
[DEPOSIT] R4 deposited! Total: 70
  [PHERO] Laid at (0.64, -2.78) density=10 prob=0.71 entries=5
  [TARGET] R4 → SITE (0.64, -2.78)
[DEPOSIT] R9 deposited! Total: 71
  [PHERO] Laid at (0.48, -2.87) density=9 prob=0.59 entries=6
  [TARGET] R9 → SITE (0.48, -2.87)
[PICKUP] R3 picked up tag (density=4) | Total: 77
[DEPOSIT] R8 deposited! Total: 72
  [PHERO] Laid at (-2.73, 1.29) density=13 prob=0.93 entries=7
  [TARGET] R8 → SITE (-2.73, 1.29)
  [GIVE-UP] R16 returned empty after 3276 searching steps
  [TARGET] R16 → PHERO (0.64, -2.78)
[DEPOSIT] R14 deposited! Total: 73
  [TARGET] R14 → SITE (-1.81, 1.91)
[PICKUP] R13 picked up tag (density=10) | Total: 78
[DEPOSIT] R12 deposited! Total: 74
  [PHERO] Laid at (0.13, 0.81) density=3 prob=0.02 entries=6
  [TARGET] R12 → SITE (0.13, 0.81)

======================================================================
Step 13000 (6.9 min) | Pickups: 78 | Deposits: 74 | Rate: 10.67 tags/min | phero_entries=5 max_w=0.807
======================================================================
R1[PHERO     ]: carry=0 | base=1.99 | wall=1.52 | search=  0 | target=phero(-0.37,2.54)
R2[RTB       ]: carry=1 | base=1.62 | wall=2.07 | search=  0 | target=none
R3[SURVEY    ]: carry=1 | base=2.05 | wall=1.46 | search=  0 | target=none
R4[SITE      ]: carry=0 | base=0.83 | wall=2.68 | search=  0 | target=site(0.64,-2.78)
R5[RTB       ]: carry=1 | base=0.47 | wall=3.04 | search=  0 | target=none
R6[SEARCH    ]: carry=0 | base=2.76 | wall=0.83 | search=1261 | target=phero(-0.53,2.42)
R7[SEARCH    ]: carry=0 | base=2.19 | wall=1.65 | search=734 | target=site(0.07,0.73)
R8[BASE_ESC  ]: carry=0 | base=0.23 | wall=3.28 | search=  0 | target=site(-2.73,1.29)
R9[SITE      ]: carry=0 | base=0.59 | wall=2.94 | search=  0 | target=site(0.48,-2.87)
R10[SEARCH    ]: carry=0 | base=3.67 | wall=0.36 | search=3359 | target=site(-1.55,2.09)
R11[SEARCH    ]: carry=0 | base=2.71 | wall=1.53 | search= 88 | target=site(-1.93,1.93)
R12[BASE_ESC  ]: carry=0 | base=0.22 | wall=3.30 | search=  0 | target=site(0.13,0.81)
R13[SURVEY    ]: carry=1 | base=1.70 | wall=2.18 | search=  0 | target=none
R14[BASE_ESC  ]: carry=0 | base=0.23 | wall=3.32 | search=  0 | target=site(-1.81,1.91)
R15[GIVE_UP   ]: carry=0 | base=0.65 | wall=2.87 | search=1404 | target=none
R16[PHERO     ]: carry=0 | base=0.26 | wall=3.24 | search=  0 | target=phero(0.64,-2.78)

[DEPOSIT] R5 deposited! Total: 75
  [TARGET] R5 → SITE (0.09, 1.14)
  [GIVE-UP] R15 returned empty after 1404 searching steps
  [TARGET] R15 → PHERO (0.64, -2.78)
[DEPOSIT] R2 deposited! Total: 76
  [PHERO] Laid at (2.23, 1.28) density=14 prob=0.96 entries=6
  [TARGET] R2 → SITE (2.23, 1.28)

======================================================================
Step 13500 (7.2 min) | Pickups: 78 | Deposits: 76 | Rate: 10.56 tags/min | phero_entries=6 max_w=0.631
======================================================================
R1[SEARCH    ]: carry=0 | base=2.78 | wall=0.73 | search=363 | target=phero(-0.37,2.54)
R2[SITE      ]: carry=0 | base=0.35 | wall=3.24 | search=  0 | target=site(2.23,1.28)
R3[RTB       ]: carry=1 | base=0.96 | wall=2.54 | search=  0 | target=none
R4[SITE      ]: carry=0 | base=2.75 | wall=0.82 | search=  0 | target=site(0.64,-2.78)
R5[SEARCH    ]: carry=0 | base=1.19 | wall=2.31 | search= 87 | target=site(0.09,1.14)
R6[SEARCH    ]: carry=0 | base=3.43 | wall=0.36 | search=1761 | target=phero(-0.53,2.42)
R7[GIVE_UP   ]: carry=0 | base=0.92 | wall=2.67 | search=780 | target=none
R8[SITE      ]: carry=0 | base=2.13 | wall=1.56 | search=  0 | target=site(-2.73,1.29)
R9[SITE      ]: carry=0 | base=2.50 | wall=1.04 | search=  0 | target=site(0.48,-2.87)
R10[SEARCH    ]: carry=0 | base=3.61 | wall=0.37 | search=3859 | target=site(-1.55,2.09)
R11[SEARCH    ]: carry=0 | base=1.98 | wall=1.60 | search=588 | target=site(-1.93,1.93)
R12[SEARCH    ]: carry=0 | base=1.39 | wall=2.12 | search=297 | target=site(0.13,0.81)
R13[RTB       ]: carry=1 | base=0.43 | wall=3.16 | search=  0 | target=none
R14[SITE      ]: carry=0 | base=2.06 | wall=2.02 | search=  0 | target=site(-1.81,1.91)
R15[PHERO     ]: carry=0 | base=1.24 | wall=2.33 | search=  0 | target=phero(0.64,-2.78)
R16[PHERO     ]: carry=0 | base=1.76 | wall=1.76 | search=  0 | target=phero(0.64,-2.78)

[DEPOSIT] R13 deposited! Total: 77
  [PHERO] Laid at (-1.07, -1.31) density=10 prob=0.71 entries=7
  [TARGET] R13 → SITE (-1.07, -1.31)
  [GIVE-UP] R7 returned empty after 780 searching steps
  [TARGET] R7 → PHERO (-1.07, -1.31)
[DEPOSIT] R3 deposited! Total: 78
  [TARGET] R3 → SITE (2.04, 0.18)
[PICKUP] R1 picked up tag (density=9) | Total: 79
[PICKUP] R14 picked up tag (density=5) | Total: 80
[PICKUP] R9 picked up tag (density=13) | Total: 81

======================================================================
Step 14000 (7.5 min) | Pickups: 81 | Deposits: 78 | Rate: 10.45 tags/min | phero_entries=7 max_w=0.235
======================================================================
R1[RTB       ]: carry=1 | base=2.80 | wall=0.73 | search=  0 | target=none
R2[SITE      ]: carry=0 | base=2.26 | wall=1.55 | search=  0 | target=site(2.23,1.28)
R3[SITE      ]: carry=0 | base=0.98 | wall=2.52 | search=  0 | target=site(2.04,0.18)
R4[SEARCH    ]: carry=0 | base=1.65 | wall=2.02 | search=485 | target=site(0.64,-2.78)
R5[SEARCH    ]: carry=0 | base=1.99 | wall=2.06 | search=587 | target=site(0.09,1.14)
R6[SEARCH    ]: carry=0 | base=3.41 | wall=0.36 | search=2261 | target=phero(-0.53,2.42)
R7[PHERO     ]: carry=0 | base=0.27 | wall=3.27 | search=  0 | target=phero(-1.07,-1.31)
R8[SEARCH    ]: carry=0 | base=2.95 | wall=0.90 | search=283 | target=site(-2.73,1.29)
R9[SURVEY    ]: carry=1 | base=2.90 | wall=0.61 | search=  0 | target=none
R10[GIVE_UP   ]: carry=0 | base=2.73 | wall=1.13 | search=4056 | target=none
R11[SEARCH    ]: carry=0 | base=1.46 | wall=2.45 | search=1088 | target=site(-1.93,1.93)
R12[GIVE_UP   ]: carry=0 | base=2.26 | wall=1.35 | search=624 | target=none
R13[SITE      ]: carry=0 | base=1.51 | wall=2.32 | search=  0 | target=site(-1.07,-1.31)
R14[SURVEY    ]: carry=1 | base=2.58 | wall=1.50 | search=  0 | target=none
R15[SEARCH    ]: carry=0 | base=2.83 | wall=0.73 | search= 89 | target=phero(0.64,-2.78)
R16[SEARCH    ]: carry=0 | base=2.66 | wall=0.89 | search=224 | target=phero(0.64,-2.78)

[PICKUP] R8 picked up tag (density=12) | Total: 82
[PICKUP] R13 picked up tag (density=9) | Total: 83
[PICKUP] R3 picked up tag (density=3) | Total: 84
[PICKUP] R11 picked up tag (density=2) | Total: 85

======================================================================
Step 14500 (7.7 min) | Pickups: 85 | Deposits: 78 | Rate: 10.09 tags/min | phero_entries=7 max_w=0.047
======================================================================
R1[RTB       ]: carry=1 | base=0.88 | wall=2.63 | search=  0 | target=none
R2[SEARCH    ]: carry=0 | base=1.61 | wall=2.27 | search=432 | target=site(2.23,1.28)
R3[RTB       ]: carry=1 | base=1.50 | wall=2.00 | search=  0 | target=none
R4[SEARCH    ]: carry=0 | base=0.40 | wall=3.12 | search=985 | target=site(0.64,-2.78)
R5[SEARCH    ]: carry=0 | base=3.66 | wall=0.83 | search=1087 | target=site(0.09,1.14)
R6[SEARCH    ]: carry=0 | base=3.41 | wall=0.37 | search=2761 | target=phero(-0.53,2.42)
R7[SEARCH    ]: carry=0 | base=1.70 | wall=2.16 | search= 64 | target=phero(-1.07,-1.31)
R8[RTB       ]: carry=1 | base=1.84 | wall=1.89 | search=  0 | target=none
R9[RTB       ]: carry=1 | base=2.07 | wall=1.43 | search=  0 | target=none
R10[GIVE_UP   ]: carry=0 | base=0.81 | wall=2.80 | search=4056 | target=none
R11[RTB       ]: carry=1 | base=1.79 | wall=1.75 | search=  0 | target=none
R12[GIVE_UP   ]: carry=0 | base=0.34 | wall=3.18 | search=624 | target=none
R13[RTB       ]: carry=1 | base=1.12 | wall=2.61 | search=  0 | target=none
R14[RTB       ]: carry=1 | base=1.20 | wall=2.55 | search=  0 | target=none
R15[GIVE_UP   ]: carry=0 | base=1.12 | wall=2.40 | search=156 | target=none
R16[GIVE_UP   ]: carry=0 | base=1.31 | wall=2.19 | search=312 | target=none

  [GIVE-UP] R12 returned empty after 624 searching steps
  [TARGET] R12 → PHERO (0.13, 0.81)
[PICKUP] R5 picked up tag (density=16) | Total: 86
  [GIVE-UP] R10 returned empty after 4056 searching steps
  [TARGET] R10 → PHERO (0.13, 0.81)
[DEPOSIT] R1 deposited! Total: 79
  [TARGET] R1 → SITE (-0.50, 2.95)
  [GIVE-UP] R15 returned empty after 156 searching steps
  [TARGET] R15 → PHERO (-1.07, -1.31)
[DEPOSIT] R13 deposited! Total: 80
  [PHERO] Laid at (-1.08, -1.27) density=9 prob=0.59 entries=7
  [TARGET] R13 → SITE (-1.08, -1.27)
[DEPOSIT] R14 deposited! Total: 81
  [TARGET] R14 → SITE (-1.64, 1.99)
  [GIVE-UP] R16 returned empty after 312 searching steps
  [TARGET] R16 → PHERO (-1.08, -1.27)
[DEPOSIT] R3 deposited! Total: 82
  [TARGET] R3 → SITE (1.66, 0.12)
  [GIVE-UP] R2 returned empty after 468 searching steps
  [TARGET] R2 → PHERO (-1.08, -1.27)
[DEPOSIT] R8 deposited! Total: 83
  [PHERO] Laid at (-2.61, 1.41) density=12 prob=0.88 entries=7
  [TARGET] R8 → SITE (-2.61, 1.41)
[DEPOSIT] R9 deposited! Total: 84
  [PHERO] Laid at (-0.15, -2.89) density=13 prob=0.93 entries=7
  [TARGET] R9 → SITE (-0.15, -2.89)

======================================================================
Step 15000 (8.0 min) | Pickups: 86 | Deposits: 84 | Rate: 10.50 tags/min | phero_entries=7 max_w=0.923
======================================================================
R1[SITE      ]: carry=0 | base=0.75 | wall=2.75 | search=  0 | target=site(-0.50,2.95)
R2[BASE_ESC  ]: carry=0 | base=0.23 | wall=3.29 | search=  0 | target=phero(-1.08,-1.27)
R3[SITE      ]: carry=0 | base=0.29 | wall=3.23 | search=  0 | target=site(1.66,0.12)
R4[SEARCH    ]: carry=0 | base=2.04 | wall=1.61 | search=1485 | target=site(0.64,-2.78)
R5[RTB       ]: carry=1 | base=3.03 | wall=1.36 | search=  0 | target=none
R6[SEARCH    ]: carry=0 | base=3.40 | wall=0.37 | search=3261 | target=phero(-0.53,2.42)
R7[SEARCH    ]: carry=0 | base=0.72 | wall=2.79 | search=564 | target=phero(-1.07,-1.31)
R8[BASE_ESC  ]: carry=0 | base=0.22 | wall=3.29 | search=  0 | target=site(-2.61,1.41)
R9[BASE_ESC  ]: carry=0 | base=0.23 | wall=3.27 | search=  0 | target=site(-0.15,-2.89)
R10[PHERO     ]: carry=0 | base=0.71 | wall=2.79 | search=  0 | target=phero(0.13,0.81)
R11[RTB       ]: carry=1 | base=0.32 | wall=3.18 | search=  0 | target=none
R12[SEARCH    ]: carry=0 | base=0.79 | wall=2.71 | search=193 | target=phero(0.13,0.81)
R13[SITE      ]: carry=0 | base=0.84 | wall=2.90 | search=  0 | target=site(-1.08,-1.27)
R14[SITE      ]: carry=0 | base=0.71 | wall=2.89 | search=  0 | target=site(-1.64,1.99)
R15[PHERO     ]: carry=0 | base=0.61 | wall=2.96 | search=  0 | target=phero(-1.07,-1.31)
R16[PHERO     ]: carry=0 | base=0.69 | wall=2.93 | search=  0 | target=phero(-1.08,-1.27)

[DEPOSIT] R11 deposited! Total: 85
  [TARGET] R11 → PHERO (-2.61, 1.41)
[PICKUP] R4 picked up tag (density=11) | Total: 87
[PICKUP] R7 picked up tag (density=1) | Total: 88

======================================================================
Step 15500 (8.3 min) | Pickups: 88 | Deposits: 85 | Rate: 10.28 tags/min | phero_entries=5 max_w=0.186
======================================================================
R1[SITE      ]: carry=0 | base=2.51 | wall=1.02 | search=  0 | target=site(-0.50,2.95)
R2[PHERO     ]: carry=0 | base=0.97 | wall=2.68 | search=  0 | target=phero(-1.08,-1.27)
R3[SEARCH    ]: carry=0 | base=1.59 | wall=1.92 | search=136 | target=site(1.66,0.12)
R4[SURVEY    ]: carry=1 | base=3.03 | wall=0.80 | search=  0 | target=none
R5[RTB       ]: carry=1 | base=1.11 | wall=2.72 | search=  0 | target=none
R6[GIVE_UP   ]: carry=0 | base=3.06 | wall=0.70 | search=3588 | target=none
R7[SURVEY    ]: carry=1 | base=1.08 | wall=2.43 | search=  0 | target=none
R8[SITE      ]: carry=0 | base=2.03 | wall=1.69 | search=  0 | target=site(-2.61,1.41)
R9[SITE      ]: carry=0 | base=1.78 | wall=1.72 | search=  0 | target=site(-0.15,-2.89)
R10[SEARCH    ]: carry=0 | base=1.12 | wall=2.64 | search=446 | target=phero(0.13,0.81)
R11[PHERO     ]: carry=0 | base=0.89 | wall=2.82 | search=  0 | target=phero(-2.61,1.41)
R12[SEARCH    ]: carry=0 | base=1.04 | wall=2.69 | search=693 | target=phero(0.13,0.81)
R13[SEARCH    ]: carry=0 | base=1.55 | wall=2.06 | search=295 | target=site(-1.08,-1.27)
R14[SEARCH    ]: carry=0 | base=2.55 | wall=1.53 | search= 23 | target=site(-1.64,1.99)
R15[GIVE_UP   ]: carry=0 | base=1.52 | wall=2.24 | search=156 | target=none
R16[SEARCH    ]: carry=0 | base=1.49 | wall=2.40 | search=256 | target=phero(-1.08,-1.27)

[PICKUP] R1 picked up tag (density=8) | Total: 89
[PICKUP] R10 picked up tag (density=14) | Total: 90
[DEPOSIT] R5 deposited! Total: 86
  [PHERO] Laid at (-2.77, 2.70) density=16 prob=0.99 entries=4
  [TARGET] R5 → SITE (-2.77, 2.70)
[PICKUP] R2 picked up tag (density=8) | Total: 91
[PICKUP] R9 picked up tag (density=12) | Total: 92
  [GIVE-UP] R15 returned empty after 156 searching steps
  [TARGET] R15 → PHERO (-2.77, 2.70)
[DEPOSIT] R7 deposited! Total: 87
  [TARGET] R7 → PHERO (-2.77, 2.70)

======================================================================
Step 16000 (8.5 min) | Pickups: 92 | Deposits: 87 | Rate: 10.20 tags/min | phero_entries=4 max_w=0.413
======================================================================
R1[RTB       ]: carry=1 | base=1.70 | wall=1.81 | search=  0 | target=none
R2[RTB       ]: carry=1 | base=1.60 | wall=2.29 | search=  0 | target=none
R3[SEARCH    ]: carry=0 | base=2.61 | wall=1.05 | search=636 | target=site(1.66,0.12)
R4[RTB       ]: carry=1 | base=1.46 | wall=2.20 | search=  0 | target=none
R5[SITE      ]: carry=0 | base=0.84 | wall=2.85 | search=  0 | target=site(-2.77,2.70)
R6[GIVE_UP   ]: carry=0 | base=1.14 | wall=2.46 | search=3588 | target=none
R7[PHERO     ]: carry=0 | base=0.26 | wall=3.27 | search=  0 | target=phero(-2.77,2.70)
R8[SEARCH    ]: carry=0 | base=2.97 | wall=0.96 | search=206 | target=site(-2.61,1.41)
R9[SURVEY    ]: carry=1 | base=2.89 | wall=0.62 | search=  0 | target=none
R10[RTB       ]: carry=1 | base=1.17 | wall=2.33 | search=  0 | target=none
R11[PHERO     ]: carry=0 | base=2.78 | wall=1.06 | search=  0 | target=phero(-2.61,1.41)
R12[SEARCH    ]: carry=0 | base=2.72 | wall=1.35 | search=1193 | target=phero(0.13,0.81)
R13[GIVE_UP   ]: carry=0 | base=1.22 | wall=2.41 | search=624 | target=none
R14[SEARCH    ]: carry=0 | base=3.14 | wall=0.74 | search=523 | target=site(-1.64,1.99)
R15[PHERO     ]: carry=0 | base=0.33 | wall=3.21 | search=  0 | target=phero(-2.77,2.70)
R16[GIVE_UP   ]: carry=0 | base=1.82 | wall=1.68 | search=624 | target=none

[PICKUP] R8 picked up tag (density=10) | Total: 93
[PICKUP] R16 picked up tag (density=13) | Total: 94
  [GIVE-UP] R6 returned empty after 3588 searching steps
  [TARGET] R6 → PHERO (-2.77, 2.70)
[DEPOSIT] R10 deposited! Total: 88
  [PHERO] Laid at (-1.35, 0.16) density=14 prob=0.96 entries=5
  [TARGET] R10 → SITE (-1.35, 0.16)
  [GIVE-UP] R13 returned empty after 624 searching steps
  [TARGET] R13 → PHERO (-2.77, 2.70)
[DEPOSIT] R4 deposited! Total: 89
  [TARGET] R4 → SITE (-2.69, 1.39)
[DEPOSIT] R2 deposited! Total: 90
  [TARGET] R2 → SITE (-1.10, -1.22)
[DEPOSIT] R1 deposited! Total: 91
  [TARGET] R1 → SITE (-0.41, 2.59)

======================================================================
Step 16500 (8.8 min) | Pickups: 94 | Deposits: 91 | Rate: 10.34 tags/min | phero_entries=5 max_w=0.437
======================================================================
R1[SITE      ]: carry=0 | base=0.28 | wall=3.24 | search=  0 | target=site(-0.41,2.59)
R2[BASE_ESC  ]: carry=0 | base=0.23 | wall=3.31 | search=  0 | target=site(-1.10,-1.22)
R3[WALL_ESC  ]: carry=0 | base=3.36 | wall=0.34 | search=1136 | target=site(1.66,0.12)
R4[SITE      ]: carry=0 | base=0.42 | wall=3.10 | search=  0 | target=site(-2.69,1.39)
R5[SITE      ]: carry=0 | base=2.75 | wall=1.51 | search=  0 | target=site(-2.77,2.70)
R6[PHERO     ]: carry=0 | base=0.70 | wall=2.85 | search=  0 | target=phero(-2.77,2.70)
R7[PHERO     ]: carry=0 | base=1.84 | wall=2.09 | search=  0 | target=phero(-2.77,2.70)
R8[RTB       ]: carry=1 | base=2.14 | wall=1.68 | search=  0 | target=none
R9[RTB       ]: carry=1 | base=1.16 | wall=2.34 | search=  0 | target=none
R10[SITE      ]: carry=0 | base=0.78 | wall=2.75 | search=  0 | target=site(-1.35,0.16)
R11[SEARCH    ]: carry=0 | base=2.03 | wall=2.01 | search=467 | target=phero(-2.61,1.41)
R12[GIVE_UP   ]: carry=0 | base=1.49 | wall=2.39 | search=1248 | target=none
R13[PHERO     ]: carry=0 | base=0.30 | wall=3.23 | search=  0 | target=phero(-2.77,2.70)
R14[GIVE_UP   ]: carry=0 | base=2.35 | wall=1.48 | search=624 | target=none
R15[PHERO     ]: carry=0 | base=1.95 | wall=2.00 | search=  0 | target=phero(-2.77,2.70)
R16[RTB       ]: carry=1 | base=0.52 | wall=2.98 | search=  0 | target=none

[DEPOSIT] R16 deposited! Total: 92
  [PHERO] Laid at (-1.56, -0.05) density=13 prob=0.93 entries=6
  [TARGET] R16 → SITE (-1.56, -0.05)
[PICKUP] R10 picked up tag (density=12) | Total: 95
[DEPOSIT] R9 deposited! Total: 93
  [PHERO] Laid at (-0.16, -2.89) density=12 prob=0.88 entries=7
  [TARGET] R9 → SITE (-0.16, -2.89)
[PICKUP] R7 picked up tag (density=4) | Total: 96
[PICKUP] R5 picked up tag (density=15) | Total: 97
  [GIVE-UP] R12 returned empty after 1248 searching steps
  [TARGET] R12 → PHERO (-1.56, -0.05)
[PICKUP] R16 picked up tag (density=11) | Total: 98
[DEPOSIT] R8 deposited! Total: 94
  [TARGET] R8 → SITE (-2.58, 1.56)

======================================================================
Step 17000 (9.1 min) | Pickups: 98 | Deposits: 94 | Rate: 10.37 tags/min | phero_entries=6 max_w=0.430
======================================================================
R1[SITE      ]: carry=0 | base=2.17 | wall=1.36 | search=  0 | target=site(-0.41,2.59)
R2[SEARCH    ]: carry=0 | base=1.61 | wall=2.31 | search= 22 | target=site(-1.10,-1.22)
R3[WALL_ESC  ]: carry=0 | base=3.36 | wall=0.34 | search=1636 | target=site(1.66,0.12)
R4[SITE      ]: carry=0 | base=2.33 | wall=1.42 | search=  0 | target=site(-2.69,1.39)
R5[SURVEY    ]: carry=1 | base=3.89 | wall=0.74 | search=  0 | target=none
R6[PHERO     ]: carry=0 | base=2.55 | wall=1.60 | search=  0 | target=phero(-2.77,2.70)
R7[RTB       ]: carry=1 | base=2.66 | wall=1.55 | search=  0 | target=none
R8[BASE_ESC  ]: carry=0 | base=0.23 | wall=3.30 | search=  0 | target=site(-2.58,1.56)
R9[SITE      ]: carry=0 | base=0.79 | wall=2.71 | search=  0 | target=site(-0.16,-2.89)
R10[RTB       ]: carry=1 | base=1.13 | wall=2.38 | search=  0 | target=none
R11[SEARCH    ]: carry=0 | base=1.97 | wall=1.54 | search=967 | target=phero(-2.61,1.41)
R12[PHERO     ]: carry=0 | base=0.28 | wall=3.27 | search=  0 | target=phero(-1.56,-0.05)
R13[PHERO     ]: carry=0 | base=1.58 | wall=2.16 | search=  0 | target=phero(-2.77,2.70)
R14[GIVE_UP   ]: carry=0 | base=0.43 | wall=3.13 | search=624 | target=none
R15[SEARCH    ]: carry=0 | base=3.83 | wall=0.75 | search=  4 | target=phero(-2.77,2.70)
R16[SURVEY    ]: carry=1 | base=1.06 | wall=2.44 | search=  0 | target=none

  [GIVE-UP] R14 returned empty after 624 searching steps
  [TARGET] R14 → PHERO (-1.56, -0.05)
[PICKUP] R1 picked up tag (density=7) | Total: 99
[DEPOSIT] R10 deposited! Total: 95
  [PHERO] Laid at (-1.37, 0.15) density=12 prob=0.88 entries=5
  [TARGET] R10 → SITE (-1.37, 0.15)
[DEPOSIT] R16 deposited! Total: 96
  [PHERO] Laid at (-1.05, 0.01) density=11 prob=0.80 entries=6
  [TARGET] R16 → SITE (-1.05, 0.01)
[PICKUP] R14 picked up tag (density=10) | Total: 100
[PICKUP] R12 picked up tag (density=9) | Total: 101

======================================================================
Step 17500 (9.3 min) | Pickups: 101 | Deposits: 96 | Rate: 10.29 tags/min | phero_entries=6 max_w=0.666
======================================================================
R1[RTB       ]: carry=1 | base=2.19 | wall=1.33 | search=  0 | target=none
R2[SEARCH    ]: carry=0 | base=1.81 | wall=1.75 | search=522 | target=site(-1.10,-1.22)
R3[WALL_ESC  ]: carry=0 | base=3.36 | wall=0.34 | search=2136 | target=site(1.66,0.12)
R4[GIVE_UP   ]: carry=0 | base=2.29 | wall=1.43 | search=156 | target=none
R5[RTB       ]: carry=1 | base=2.07 | wall=2.02 | search=  0 | target=none
R6[SEARCH    ]: carry=0 | base=3.77 | wall=0.74 | search=167 | target=phero(-2.77,2.70)
R7[RTB       ]: carry=1 | base=0.75 | wall=2.95 | search=  0 | target=none
R8[SITE      ]: carry=0 | base=1.74 | wall=1.99 | search=  0 | target=site(-2.58,1.56)
R9[SITE      ]: carry=0 | base=2.70 | wall=0.80 | search=  0 | target=site(-0.16,-2.89)
R10[SITE      ]: carry=0 | base=0.82 | wall=2.70 | search=  0 | target=site(-1.37,0.15)
R11[GIVE_UP   ]: carry=0 | base=1.44 | wall=2.08 | search=1092 | target=none
R12[SURVEY    ]: carry=1 | base=1.08 | wall=2.43 | search=  0 | target=none
R13[PHERO     ]: carry=0 | base=3.45 | wall=0.99 | search=  0 | target=phero(-2.77,2.70)
R14[SURVEY    ]: carry=1 | base=1.12 | wall=2.38 | search=  0 | target=none
R15[GIVE_UP   ]: carry=0 | base=2.69 | wall=1.34 | search=312 | target=none
R16[SITE      ]: carry=0 | base=0.29 | wall=3.22 | search=  0 | target=site(-1.05,0.01)

[DEPOSIT] R7 deposited! Total: 97
  [TARGET] R7 → SITE (-1.90, 1.99)
[PICKUP] R13 picked up tag (density=14) | Total: 102
[PICKUP] R9 picked up tag (density=11) | Total: 103
[PICKUP] R10 picked up tag (density=8) | Total: 104
[PICKUP] R2 picked up tag (density=16) | Total: 105
  [GIVE-UP] R11 returned empty after 1092 searching steps
  [TARGET] R11 → PHERO (-1.05, 0.01)
[DEPOSIT] R12 deposited! Total: 98
  [PHERO] Laid at (-1.07, -0.13) density=9 prob=0.59 entries=6
  [TARGET] R12 → SITE (-1.07, -0.13)
[DEPOSIT] R5 deposited! Total: 99
  [PHERO] Laid at (-2.75, 2.71) density=15 prob=0.98 entries=7
  [TARGET] R5 → SITE (-2.75, 2.71)

======================================================================
Step 18000 (9.6 min) | Pickups: 105 | Deposits: 99 | Rate: 10.31 tags/min | phero_entries=7 max_w=0.923
======================================================================
R1[RTB       ]: carry=1 | base=0.27 | wall=3.23 | search=  0 | target=none
R2[RTB       ]: carry=1 | base=2.54 | wall=0.96 | search=  0 | target=none
R3[WALL_ESC  ]: carry=0 | base=3.37 | wall=0.34 | search=2636 | target=site(1.66,0.12)
R4[GIVE_UP   ]: carry=0 | base=0.37 | wall=3.16 | search=156 | target=none
R5[BASE_ESC  ]: carry=0 | base=0.23 | wall=3.33 | search=  0 | target=site(-2.75,2.71)
R6[SEARCH    ]: carry=0 | base=3.13 | wall=0.59 | search=667 | target=phero(-2.77,2.70)
R7[SITE      ]: carry=0 | base=1.20 | wall=2.63 | search=  0 | target=site(-1.90,1.99)
R8[GIVE_UP   ]: carry=0 | base=2.99 | wall=1.01 | search=156 | target=none
R9[RTB       ]: carry=1 | base=2.50 | wall=1.00 | search=  0 | target=none
R10[RTB       ]: carry=1 | base=1.08 | wall=2.42 | search=  0 | target=none
R11[PHERO     ]: carry=0 | base=0.35 | wall=3.21 | search=  0 | target=phero(-1.05,0.01)
R12[BASE_ESC  ]: carry=0 | base=0.25 | wall=3.27 | search=  0 | target=site(-1.07,-0.13)
R13[RTB       ]: carry=1 | base=3.34 | wall=1.10 | search=  0 | target=none
R14[RTB       ]: carry=1 | base=1.01 | wall=2.49 | search=  0 | target=none
R15[GIVE_UP   ]: carry=0 | base=0.77 | wall=2.88 | search=312 | target=none
R16[SITE      ]: carry=0 | base=0.96 | wall=2.54 | search=  0 | target=site(-1.05,0.01)

[DEPOSIT] R1 deposited! Total: 100
  [PHERO] Laid at (-0.41, 2.60) density=7 prob=0.32 entries=8
  [TARGET] R1 → SITE (-0.41, 2.60)
  [GIVE-UP] R4 returned empty after 156 searching steps
  [TARGET] R4 → PHERO (-1.07, -0.13)
  [GIVE-UP] R15 returned empty after 312 searching steps
  [TARGET] R15 → PHERO (-0.41, 2.60)
[DEPOSIT] R14 deposited! Total: 101
  [TARGET] R14 → SITE (-1.11, 0.04)
[DEPOSIT] R10 deposited! Total: 102
  [PHERO] Laid at (-1.35, 0.08) density=8 prob=0.46 entries=9
  [TARGET] R10 → SITE (-1.35, 0.08)

======================================================================
Step 18500 (9.9 min) | Pickups: 105 | Deposits: 102 | Rate: 10.34 tags/min | phero_entries=8 max_w=0.560
======================================================================
R1[SITE      ]: carry=0 | base=1.67 | wall=1.85 | search=  0 | target=site(-0.41,2.60)
R2[RTB       ]: carry=1 | base=0.75 | wall=2.75 | search=  0 | target=none
R3[WALL_ESC  ]: carry=0 | base=3.37 | wall=0.33 | search=3136 | target=site(1.66,0.12)
R4[PHERO     ]: carry=0 | base=0.68 | wall=2.82 | search=  0 | target=phero(-1.07,-0.13)
R5[SITE      ]: carry=0 | base=1.71 | wall=2.23 | search=  0 | target=site(-2.75,2.71)
R6[SEARCH    ]: carry=0 | base=2.81 | wall=0.76 | search=1167 | target=phero(-2.77,2.70)
R7[SEARCH    ]: carry=0 | base=2.75 | wall=1.49 | search= 51 | target=site(-1.90,1.99)
R8[GIVE_UP   ]: carry=0 | base=1.26 | wall=2.47 | search=156 | target=none
R9[RTB       ]: carry=1 | base=0.58 | wall=2.92 | search=  0 | target=none
R10[SITE      ]: carry=0 | base=0.50 | wall=3.01 | search=  0 | target=site(-1.35,0.08)
R11[SEARCH    ]: carry=0 | base=0.90 | wall=2.65 | search=280 | target=phero(-1.05,0.01)
R12[SEARCH    ]: carry=0 | base=0.58 | wall=2.97 | search=282 | target=site(-1.07,-0.13)
R13[RTB       ]: carry=1 | base=1.62 | wall=2.34 | search=  0 | target=none
R14[SITE      ]: carry=0 | base=0.47 | wall=3.05 | search=  0 | target=site(-1.11,0.04)
R15[PHERO     ]: carry=0 | base=1.19 | wall=2.34 | search=  0 | target=phero(-0.41,2.60)
R16[SEARCH    ]: carry=0 | base=1.02 | wall=2.49 | search=118 | target=site(-1.05,0.01)

[PICKUP] R7 picked up tag (density=3) | Total: 106
[DEPOSIT] R9 deposited! Total: 103
  [PHERO] Laid at (-0.23, -2.80) density=11 prob=0.80 entries=9
  [TARGET] R9 → SITE (-0.23, -2.80)
[PICKUP] R10 picked up tag (density=7) | Total: 107
  [GIVE-UP] R8 returned empty after 156 searching steps
  [TARGET] R8 → PHERO (-0.23, -2.80)
  [GIVE-UP] R12 returned empty after 468 searching steps
  [TARGET] R12 → PHERO (-1.35, 0.08)
[DEPOSIT] R13 deposited! Total: 104
  [PHERO] Laid at (-2.72, 2.74) density=14 prob=0.96 entries=9
  [TARGET] R13 → SITE (-2.72, 2.74)
[PICKUP] R4 picked up tag (density=6) | Total: 108
[PICKUP] R15 picked up tag (density=6) | Total: 109

======================================================================
Step 19000 (10.1 min) | Pickups: 109 | Deposits: 104 | Rate: 10.26 tags/min | phero_entries=8 max_w=0.662
======================================================================
R1[SEARCH    ]: carry=0 | base=2.42 | wall=1.09 | search=261 | target=site(-0.41,2.60)
R2[RTB       ]: carry=1 | base=0.53 | wall=2.97 | search=  0 | target=none
R3[WALL_ESC  ]: carry=0 | base=3.36 | wall=0.34 | search=3588 | target=none
R4[SURVEY    ]: carry=1 | base=1.18 | wall=2.32 | search=  0 | target=none
R5[SITE      ]: carry=0 | base=3.62 | wall=0.93 | search=  0 | target=site(-2.75,2.71)
R6[SEARCH    ]: carry=0 | base=1.43 | wall=2.27 | search=1667 | target=phero(-2.77,2.70)
R7[RTB       ]: carry=1 | base=1.58 | wall=2.32 | search=  0 | target=none
R8[PHERO     ]: carry=0 | base=0.29 | wall=3.27 | search=  0 | target=phero(-0.23,-2.80)
R9[SITE      ]: carry=0 | base=1.37 | wall=2.14 | search=  0 | target=site(-0.23,-2.80)
R10[RTB       ]: carry=1 | base=0.99 | wall=2.51 | search=  0 | target=none
R11[SEARCH    ]: carry=0 | base=2.31 | wall=1.47 | search=780 | target=phero(-1.05,0.01)
R12[PHERO     ]: carry=0 | base=0.29 | wall=3.29 | search=  0 | target=phero(-1.35,0.08)
R13[SITE      ]: carry=0 | base=0.30 | wall=3.21 | search=  0 | target=site(-2.72,2.74)
R14[SEARCH    ]: carry=0 | base=0.97 | wall=2.70 | search=310 | target=site(-1.11,0.04)
R15[SURVEY    ]: carry=1 | base=2.64 | wall=0.90 | search=  0 | target=none
R16[SEARCH    ]: carry=0 | base=2.07 | wall=1.47 | search=618 | target=site(-1.05,0.01)

[DEPOSIT] R2 deposited! Total: 105
  [PHERO] Laid at (-2.55, -0.08) density=16 prob=0.99 entries=9
  [TARGET] R2 → SITE (-2.55, -0.08)
[PICKUP] R5 picked up tag (density=13) | Total: 110
[DEPOSIT] R10 deposited! Total: 106
  [TARGET] R10 → SITE (-1.14, 0.03)
[DEPOSIT] R7 deposited! Total: 107
  [TARGET] R7 → SITE (-1.87, 2.02)
[PICKUP] R9 picked up tag (density=10) | Total: 111
[DEPOSIT] R4 deposited! Total: 108
  [TARGET] R4 → SITE (-1.17, -0.02)

======================================================================
Step 19500 (10.4 min) | Pickups: 111 | Deposits: 108 | Rate: 10.38 tags/min | phero_entries=8 max_w=0.278
======================================================================
R1[SEARCH    ]: carry=0 | base=2.06 | wall=1.86 | search=761 | target=site(-0.41,2.60)
R2[SITE      ]: carry=0 | base=0.85 | wall=2.65 | search=  0 | target=site(-2.55,-0.08)
R3[GIVE_UP   ]: carry=0 | base=1.67 | wall=1.95 | search=3588 | target=none
R4[BASE_ESC  ]: carry=0 | base=0.22 | wall=3.28 | search=  0 | target=site(-1.17,-0.02)
R5[RTB       ]: carry=1 | base=3.30 | wall=1.14 | search=  0 | target=none
R6[GIVE_UP   ]: carry=0 | base=1.12 | wall=2.38 | search=2028 | target=none
R7[SITE      ]: carry=0 | base=0.38 | wall=3.16 | search=  0 | target=site(-1.87,2.02)
R8[PHERO     ]: carry=0 | base=1.53 | wall=1.99 | search=  0 | target=phero(-0.23,-2.80)
R9[SURVEY    ]: carry=1 | base=2.81 | wall=0.70 | search=  0 | target=none
R10[SITE      ]: carry=0 | base=0.93 | wall=2.58 | search=  0 | target=site(-1.14,0.03)
R11[SEARCH    ]: carry=0 | base=3.38 | wall=0.38 | search=1280 | target=phero(-1.05,0.01)
R12[SEARCH    ]: carry=0 | base=1.32 | wall=2.18 | search= 39 | target=phero(-1.35,0.08)
R13[SITE      ]: carry=0 | base=2.17 | wall=1.91 | search=  0 | target=site(-2.72,2.74)
R14[GIVE_UP   ]: carry=0 | base=0.38 | wall=3.18 | search=468 | target=none
R15[RTB       ]: carry=1 | base=1.63 | wall=1.88 | search=  0 | target=none
R16[WALL_ESC  ]: carry=0 | base=3.18 | wall=0.34 | search=1118 | target=site(-1.05,0.01)

  [GIVE-UP] R14 returned empty after 468 searching steps
  [TARGET] R14 → PHERO (-0.23, -2.80)
[PICKUP] R2 picked up tag (density=5) | Total: 112
  [GIVE-UP] R6 returned empty after 2028 searching steps
  [TARGET] R6 → PHERO (-2.72, 2.74)
[PICKUP] R4 picked up tag (density=4) | Total: 113
[DEPOSIT] R15 deposited! Total: 109
  [TARGET] R15 → SITE (-0.48, 2.60)
  [GIVE-UP] R3 returned empty after 3588 searching steps
  [TARGET] R3 → PHERO (-2.55, -0.08)
[PICKUP] R10 picked up tag (density=3) | Total: 114
[PICKUP] R8 picked up tag (density=9) | Total: 115

======================================================================
Step 20000 (10.7 min) | Pickups: 115 | Deposits: 109 | Rate: 10.22 tags/min | phero_entries=7 max_w=0.056
======================================================================
R1[SEARCH    ]: carry=0 | base=3.64 | wall=0.59 | search=1261 | target=site(-0.41,2.60)
R2[RTB       ]: carry=1 | base=1.04 | wall=2.46 | search=  0 | target=none
R3[PHERO     ]: carry=0 | base=0.26 | wall=3.24 | search=  0 | target=phero(-2.55,-0.08)
R4[SURVEY    ]: carry=1 | base=1.24 | wall=2.27 | search=  0 | target=none
R5[RTB       ]: carry=1 | base=1.41 | wall=2.50 | search=  0 | target=none
R6[PHERO     ]: carry=0 | base=0.26 | wall=3.29 | search=  0 | target=phero(-2.72,2.74)
R7[SITE      ]: carry=0 | base=2.28 | wall=1.81 | search=  0 | target=site(-1.87,2.02)
R8[SURVEY    ]: carry=1 | base=2.82 | wall=0.70 | search=  0 | target=none
R9[RTB       ]: carry=1 | base=1.52 | wall=1.98 | search=  0 | target=none
R10[SURVEY    ]: carry=1 | base=1.20 | wall=2.30 | search=  0 | target=none
R11[SEARCH    ]: carry=0 | base=3.38 | wall=0.39 | search=1780 | target=phero(-1.05,0.01)
R12[SEARCH    ]: carry=0 | base=1.98 | wall=1.56 | search=539 | target=phero(-1.35,0.08)
R13[SEARCH    ]: carry=0 | base=3.87 | wall=0.72 | search= 64 | target=site(-2.72,2.74)
R14[PHERO     ]: carry=0 | base=1.57 | wall=1.94 | search=  0 | target=phero(-0.23,-2.80)
R15[SITE      ]: carry=0 | base=0.34 | wall=3.19 | search=  0 | target=site(-0.48,2.60)
R16[SEARCH    ]: carry=0 | base=3.16 | wall=0.37 | search=1618 | target=site(-1.05,0.01)

[PICKUP] R13 picked up tag (density=12) | Total: 116
[DEPOSIT] R2 deposited! Total: 110
  [TARGET] R2 → SITE (-1.40, 0.00)
[DEPOSIT] R5 deposited! Total: 111
  [PHERO] Laid at (-2.76, 2.74) density=13 prob=0.93 entries=5
  [TARGET] R5 → SITE (-2.76, 2.74)
[DEPOSIT] R9 deposited! Total: 112
  [TARGET] R9 → SITE (-0.24, -2.79)
[DEPOSIT] R10 deposited! Total: 113
  [TARGET] R10 → SITE (-1.20, -0.09)
[PICKUP] R7 picked up tag (density=2) | Total: 117
[DEPOSIT] R4 deposited! Total: 114
  [TARGET] R4 → SITE (-1.22, -0.05)
[PICKUP] R14 picked up tag (density=8) | Total: 118

======================================================================
Step 20500 (10.9 min) | Pickups: 118 | Deposits: 114 | Rate: 10.43 tags/min | phero_entries=4 max_w=0.531
======================================================================
R1[SEARCH    ]: carry=0 | base=3.77 | wall=0.36 | search=1761 | target=site(-0.41,2.60)
R2[SITE      ]: carry=0 | base=0.90 | wall=2.60 | search=  0 | target=site(-1.40,0.00)
R3[PHERO     ]: carry=0 | base=0.43 | wall=3.14 | search=  0 | target=phero(-2.55,-0.08)
R4[SITE      ]: carry=0 | base=0.29 | wall=3.22 | search=  0 | target=site(-1.22,-0.05)
R5[SITE      ]: carry=0 | base=0.55 | wall=3.05 | search=  0 | target=site(-2.76,2.74)
R6[PHERO     ]: carry=0 | base=1.87 | wall=2.08 | search=  0 | target=phero(-2.72,2.74)
R7[SURVEY    ]: carry=1 | base=2.68 | wall=1.42 | search=  0 | target=none
R8[RTB       ]: carry=1 | base=1.96 | wall=1.55 | search=  0 | target=none
R9[SITE      ]: carry=0 | base=0.44 | wall=3.08 | search=  0 | target=site(-0.24,-2.79)
R10[SITE      ]: carry=0 | base=0.25 | wall=3.29 | search=  0 | target=site(-1.20,-0.09)
R11[SEARCH    ]: carry=0 | base=3.38 | wall=0.39 | search=2280 | target=phero(-1.05,0.01)
R12[GIVE_UP   ]: carry=0 | base=0.92 | wall=2.64 | search=624 | target=none
R13[RTB       ]: carry=1 | base=2.78 | wall=1.48 | search=  0 | target=none
R14[SURVEY    ]: carry=1 | base=2.77 | wall=0.75 | search=  0 | target=none
R15[SITE      ]: carry=0 | base=2.24 | wall=1.30 | search=  0 | target=site(-0.48,2.60)
R16[SEARCH    ]: carry=0 | base=3.16 | wall=0.38 | search=2118 | target=site(-1.05,0.01)

  [GIVE-UP] R12 returned empty after 624 searching steps
  [TARGET] R12 → PHERO (-2.76, 2.74)
[PICKUP] R15 picked up tag (density=5) | Total: 119
[DEPOSIT] R8 deposited! Total: 115
  [PHERO] Laid at (-0.30, -2.81) density=9 prob=0.59 entries=4
  [TARGET] R8 → SITE (-0.30, -2.81)

======================================================================
Step 21000 (11.2 min) | Pickups: 119 | Deposits: 115 | Rate: 10.27 tags/min | phero_entries=4 max_w=0.839
======================================================================
R1[WALL_ESC  ]: carry=0 | base=3.86 | wall=0.32 | search=2261 | target=site(-0.41,2.60)
R2[SEARCH    ]: carry=0 | base=1.47 | wall=2.03 | search=384 | target=site(-1.40,0.00)
R3[PHERO     ]: carry=0 | base=2.21 | wall=1.29 | search=  0 | target=phero(-2.55,-0.08)
R4[SEARCH    ]: carry=0 | base=1.12 | wall=2.38 | search=246 | target=site(-1.22,-0.05)
R5[SITE      ]: carry=0 | base=2.47 | wall=1.72 | search=  0 | target=site(-2.76,2.74)
R6[PHERO     ]: carry=0 | base=3.76 | wall=0.82 | search=  0 | target=phero(-2.72,2.74)
R7[RTB       ]: carry=1 | base=1.08 | wall=2.65 | search=  0 | target=none
R8[BASE_ESC  ]: carry=0 | base=0.22 | wall=3.28 | search=  0 | target=site(-0.30,-2.81)
R9[SITE      ]: carry=0 | base=2.23 | wall=1.29 | search=  0 | target=site(-0.24,-2.79)
R10[SEARCH    ]: carry=0 | base=1.19 | wall=2.32 | search= 79 | target=site(-1.20,-0.09)
R11[WALL_ESC  ]: carry=0 | base=3.48 | wall=0.31 | search=2780 | target=phero(-1.05,0.01)
R12[PHERO     ]: carry=0 | base=0.35 | wall=3.16 | search=  0 | target=phero(-2.76,2.74)
R13[RTB       ]: carry=1 | base=0.88 | wall=2.86 | search=  0 | target=none
R14[RTB       ]: carry=1 | base=2.01 | wall=1.49 | search=  0 | target=none
R15[SURVEY    ]: carry=1 | base=2.84 | wall=0.69 | search=  0 | target=none
R16[SEARCH    ]: carry=0 | base=3.16 | wall=0.38 | search=2618 | target=site(-1.05,0.01)

[PICKUP] R3 picked up tag (density=15) | Total: 120
[DEPOSIT] R13 deposited! Total: 116
  [TARGET] R13 → SITE (-2.70, 2.78)
[DEPOSIT] R7 deposited! Total: 117
  [TARGET] R7 → SITE (-1.69, 2.08)
[PICKUP] R9 picked up tag (density=7) | Total: 121
[DEPOSIT] R14 deposited! Total: 118
  [PHERO] Laid at (-0.31, -2.75) density=8 prob=0.46 entries=3
  [TARGET] R14 → SITE (-0.31, -2.75)

======================================================================
Step 21500 (11.5 min) | Pickups: 121 | Deposits: 118 | Rate: 10.29 tags/min | phero_entries=3 max_w=0.880
======================================================================
R1[SEARCH    ]: carry=0 | base=3.76 | wall=0.40 | search=2761 | target=site(-0.41,2.60)
R2[SEARCH    ]: carry=0 | base=2.72 | wall=0.83 | search=884 | target=site(-1.40,0.00)
R3[RTB       ]: carry=1 | base=1.95 | wall=1.55 | search=  0 | target=none
R4[SEARCH    ]: carry=0 | base=2.68 | wall=0.95 | search=746 | target=site(-1.22,-0.05)
R5[SEARCH    ]: carry=0 | base=3.80 | wall=0.77 | search=143 | target=site(-2.76,2.74)
R6[GIVE_UP   ]: carry=0 | base=2.63 | wall=1.41 | search=312 | target=none
R7[SITE      ]: carry=0 | base=0.86 | wall=2.77 | search=  0 | target=site(-1.69,2.08)
R8[SITE      ]: carry=0 | base=1.92 | wall=1.59 | search=  0 | target=site(-0.30,-2.81)
R9[RTB       ]: carry=1 | base=2.75 | wall=0.77 | search=  0 | target=none
R10[SEARCH    ]: carry=0 | base=1.62 | wall=2.32 | search=579 | target=site(-1.20,-0.09)
R11[GIVE_UP   ]: carry=0 | base=3.45 | wall=0.36 | search=3276 | target=none
R12[PHERO     ]: carry=0 | base=2.09 | wall=1.91 | search=  0 | target=phero(-2.76,2.74)
R13[SITE      ]: carry=0 | base=0.89 | wall=2.83 | search=  0 | target=site(-2.70,2.78)
R14[BASE_ESC  ]: carry=0 | base=0.22 | wall=3.28 | search=  0 | target=site(-0.31,-2.75)
R15[RTB       ]: carry=1 | base=1.44 | wall=2.07 | search=  0 | target=none
R16[SEARCH    ]: carry=0 | base=3.16 | wall=0.38 | search=3118 | target=site(-1.05,0.01)

[PICKUP] R5 picked up tag (density=11) | Total: 122
[PICKUP] R4 picked up tag (density=9) | Total: 123
[PICKUP] R8 picked up tag (density=6) | Total: 124
[DEPOSIT] R15 deposited! Total: 119
  [TARGET] R15 → SITE (-0.41, 2.81)
[DEPOSIT] R3 deposited! Total: 120
  [PHERO] Laid at (-2.55, -0.09) density=15 prob=0.98 entries=4
  [TARGET] R3 → SITE (-2.55, -0.09)

======================================================================
Step 22000 (11.7 min) | Pickups: 124 | Deposits: 120 | Rate: 10.23 tags/min | phero_entries=4 max_w=0.836
======================================================================
R1[GIVE_UP   ]: carry=0 | base=3.69 | wall=0.53 | search=3120 | target=none
R2[WALL_ESC  ]: carry=0 | base=3.24 | wall=0.34 | search=1384 | target=site(-1.40,0.00)
R3[BASE_ESC  ]: carry=0 | base=0.22 | wall=3.28 | search=  0 | target=site(-2.55,-0.09)
R4[RTB       ]: carry=1 | base=2.58 | wall=1.20 | search=  0 | target=none
R5[RTB       ]: carry=1 | base=3.29 | wall=1.04 | search=  0 | target=none
R6[GIVE_UP   ]: carry=0 | base=0.71 | wall=2.94 | search=312 | target=none
R7[SEARCH    ]: carry=0 | base=2.66 | wall=1.45 | search= 37 | target=site(-1.69,2.08)
R8[SURVEY    ]: carry=1 | base=2.81 | wall=0.71 | search=  0 | target=none
R9[RTB       ]: carry=1 | base=0.91 | wall=2.59 | search=  0 | target=none
R10[SEARCH    ]: carry=0 | base=2.49 | wall=1.02 | search=1079 | target=site(-1.20,-0.09)
R11[GIVE_UP   ]: carry=0 | base=1.96 | wall=1.74 | search=3276 | target=none
R12[SEARCH    ]: carry=0 | base=3.87 | wall=0.74 | search= 43 | target=phero(-2.76,2.74)
R13[SITE      ]: carry=0 | base=2.81 | wall=1.47 | search=  0 | target=site(-2.70,2.78)
R14[SITE      ]: carry=0 | base=1.86 | wall=1.66 | search=  0 | target=site(-0.31,-2.75)
R15[SITE      ]: carry=0 | base=0.52 | wall=3.01 | search=  0 | target=site(-0.41,2.81)
R16[SEARCH    ]: carry=0 | base=3.15 | wall=0.39 | search=3618 | target=site(-1.05,0.01)

  [GIVE-UP] R6 returned empty after 312 searching steps
  [TARGET] R6 → PHERO (-0.31, -2.75)
[DEPOSIT] R9 deposited! Total: 121
  [PHERO] Laid at (-0.31, -2.74) density=7 prob=0.32 entries=5
  [TARGET] R9 → SITE (-0.31, -2.74)
[PICKUP] R12 picked up tag (density=10) | Total: 125
[PICKUP] R3 picked up tag (density=2) | Total: 126
  [GIVE-UP] R11 returned empty after 3276 searching steps
  [TARGET] R11 → PHERO (-2.55, -0.09)

======================================================================
Step 22500 (12.0 min) | Pickups: 126 | Deposits: 121 | Rate: 10.08 tags/min | phero_entries=4 max_w=0.352
======================================================================
R1[GIVE_UP   ]: carry=0 | base=1.78 | wall=2.07 | search=3120 | target=none
R2[WALL_ESC  ]: carry=0 | base=3.23 | wall=0.35 | search=1884 | target=site(-1.40,0.00)
R3[SURVEY    ]: carry=1 | base=1.25 | wall=2.25 | search=  0 | target=none
R4[RTB       ]: carry=1 | base=0.66 | wall=2.91 | search=  0 | target=none
R5[RTB       ]: carry=1 | base=1.37 | wall=2.47 | search=  0 | target=none
R6[PHERO     ]: carry=0 | base=0.49 | wall=3.10 | search=  0 | target=phero(-0.31,-2.75)
R7[SEARCH    ]: carry=0 | base=2.08 | wall=1.46 | search=537 | target=site(-1.69,2.08)
R8[RTB       ]: carry=1 | base=1.24 | wall=2.26 | search=  0 | target=none
R9[SITE      ]: carry=0 | base=1.02 | wall=2.48 | search=  0 | target=site(-0.31,-2.74)
R10[SEARCH    ]: carry=0 | base=3.38 | wall=0.36 | search=1579 | target=site(-1.20,-0.09)
R11[BASE_ESC  ]: carry=0 | base=0.22 | wall=3.31 | search=  0 | target=phero(-2.55,-0.09)
R12[RTB       ]: carry=1 | base=3.76 | wall=0.69 | search=  0 | target=none
R13[SEARCH    ]: carry=0 | base=3.70 | wall=0.79 | search=237 | target=site(-2.70,2.78)
R14[SEARCH    ]: carry=0 | base=2.25 | wall=1.25 | search=276 | target=site(-0.31,-2.75)
R15[SITE      ]: carry=0 | base=2.43 | wall=1.10 | search=  0 | target=site(-0.41,2.81)
R16[SEARCH    ]: carry=0 | base=3.15 | wall=0.39 | search=4118 | target=site(-1.05,0.01)

[DEPOSIT] R4 deposited! Total: 122
  [PHERO] Laid at (-2.78, 1.38) density=9 prob=0.59 entries=5
  [TARGET] R4 → SITE (-2.78, 1.38)
[PICKUP] R15 picked up tag (density=4) | Total: 127
[PICKUP] R13 picked up tag (density=1) | Total: 128
[DEPOSIT] R5 deposited! Total: 123
  [TARGET] R5 → SITE (-2.57, 2.80)
[DEPOSIT] R3 deposited! Total: 124
  [TARGET] R3 → SITE (-1.24, -0.10)
  [GIVE-UP] R1 returned empty after 3120 searching steps
  [TARGET] R1 → PHERO (-0.31, -2.74)
[DEPOSIT] R8 deposited! Total: 125
  [TARGET] R8 → SITE (-0.32, -2.79)

======================================================================
Step 23000 (12.3 min) | Pickups: 128 | Deposits: 125 | Rate: 10.19 tags/min | phero_entries=5 max_w=0.285
======================================================================
R1[BASE_ESC  ]: carry=0 | base=0.24 | wall=3.32 | search=  0 | target=phero(-0.31,-2.74)
R2[SEARCH    ]: carry=0 | base=3.23 | wall=0.35 | search=2384 | target=site(-1.40,0.00)
R3[SITE      ]: carry=0 | base=0.40 | wall=3.12 | search=  0 | target=site(-1.24,-0.10)
R4[SITE      ]: carry=0 | base=1.29 | wall=2.31 | search=  0 | target=site(-2.78,1.38)
R5[SITE      ]: carry=0 | base=0.58 | wall=3.04 | search=  0 | target=site(-2.57,2.80)
R6[PHERO     ]: carry=0 | base=2.34 | wall=1.18 | search=  0 | target=phero(-0.31,-2.75)
R7[SEARCH    ]: carry=0 | base=1.96 | wall=1.99 | search=1037 | target=site(-1.69,2.08)
R8[BASE_ESC  ]: carry=0 | base=0.22 | wall=3.28 | search=  0 | target=site(-0.32,-2.79)
R9[SITE      ]: carry=0 | base=2.56 | wall=0.96 | search=  0 | target=site(-0.31,-2.74)
R10[SEARCH    ]: carry=0 | base=4.24 | wall=0.49 | search=2079 | target=site(-1.20,-0.09)
R11[PHERO     ]: carry=0 | base=1.82 | wall=1.68 | search=  0 | target=phero(-2.55,-0.09)
R12[RTB       ]: carry=1 | base=2.21 | wall=1.78 | search=  0 | target=none
R13[RTB       ]: carry=1 | base=2.78 | wall=1.35 | search=  0 | target=none
R14[SEARCH    ]: carry=0 | base=0.89 | wall=2.78 | search=776 | target=site(-0.31,-2.75)
R15[RTB       ]: carry=1 | base=2.82 | wall=0.72 | search=  0 | target=none
R16[GIVE_UP   ]: carry=0 | base=1.82 | wall=1.69 | search=4212 | target=none

[PICKUP] R7 picked up tag (density=13) | Total: 129
  [GIVE-UP] R16 returned empty after 4212 searching steps
  [TARGET] R16 → PHERO (-2.78, 1.38)

======================================================================
Step 23500 (12.5 min) | Pickups: 129 | Deposits: 125 | Rate: 9.97 tags/min | phero_entries=4 max_w=0.058
======================================================================
R1[PHERO     ]: carry=0 | base=1.11 | wall=2.39 | search=  0 | target=phero(-0.31,-2.74)
R2[SEARCH    ]: carry=0 | base=3.22 | wall=0.36 | search=2884 | target=site(-1.40,0.00)
R3[SEARCH    ]: carry=0 | base=1.04 | wall=2.47 | search=287 | target=site(-1.24,-0.10)
R4[SEARCH    ]: carry=0 | base=3.11 | wall=0.71 | search= 41 | target=site(-2.78,1.38)
R5[SITE      ]: carry=0 | base=2.49 | wall=1.69 | search=  0 | target=site(-2.57,2.80)
R6[SEARCH    ]: carry=0 | base=1.88 | wall=1.66 | search=396 | target=phero(-0.31,-2.75)
R7[RTB       ]: carry=1 | base=3.04 | wall=1.30 | search=  0 | target=none
R8[SITE      ]: carry=0 | base=2.00 | wall=1.51 | search=  0 | target=site(-0.32,-2.79)
R9[SEARCH    ]: carry=0 | base=1.99 | wall=1.69 | search=461 | target=site(-0.31,-2.74)
R10[GIVE_UP   ]: carry=0 | base=4.32 | wall=0.37 | search=2496 | target=none
R11[SEARCH    ]: carry=0 | base=2.27 | wall=1.25 | search=323 | target=phero(-2.55,-0.09)
R12[RTB       ]: carry=1 | base=0.29 | wall=3.28 | search=  0 | target=none
R13[RTB       ]: carry=1 | base=0.86 | wall=2.83 | search=  0 | target=none
R14[SEARCH    ]: carry=0 | base=1.23 | wall=2.54 | search=1276 | target=site(-0.31,-2.75)
R15[RTB       ]: carry=1 | base=0.91 | wall=2.60 | search=  0 | target=none
R16[BASE_ESC  ]: carry=0 | base=0.23 | wall=3.28 | search=  0 | target=phero(-2.78,1.38)

[DEPOSIT] R12 deposited! Total: 126
  [PHERO] Laid at (-2.60, 2.86) density=10 prob=0.71 entries=5
  [TARGET] R12 → SITE (-2.60, 2.86)
[DEPOSIT] R13 deposited! Total: 127
  [TARGET] R13 → SITE (-1.92, 2.34)
[DEPOSIT] R15 deposited! Total: 128
  [TARGET] R15 → SITE (-0.53, 2.83)
[PICKUP] R6 picked up tag (density=7) | Total: 130
[PICKUP] R9 picked up tag (density=6) | Total: 131
[PICKUP] R8 picked up tag (density=5) | Total: 132

======================================================================
Step 24000 (12.8 min) | Pickups: 132 | Deposits: 128 | Rate: 10.00 tags/min | phero_entries=4 max_w=0.208
======================================================================
R1[SEARCH    ]: carry=0 | base=2.77 | wall=0.74 | search= 78 | target=phero(-0.31,-2.74)
R2[SEARCH    ]: carry=0 | base=3.21 | wall=0.37 | search=3384 | target=site(-1.40,0.00)
R3[SEARCH    ]: carry=0 | base=1.77 | wall=1.79 | search=787 | target=site(-1.24,-0.10)
R4[SEARCH    ]: carry=0 | base=1.81 | wall=1.70 | search=541 | target=site(-2.78,1.38)
R5[SEARCH    ]: carry=0 | base=3.68 | wall=0.85 | search=175 | target=site(-2.57,2.80)
R6[SURVEY    ]: carry=1 | base=1.86 | wall=2.08 | search=  0 | target=none
R7[RTB       ]: carry=1 | base=1.39 | wall=2.51 | search=  0 | target=none
R8[SURVEY    ]: carry=1 | base=2.65 | wall=0.88 | search=  0 | target=none
R9[SURVEY    ]: carry=1 | base=1.91 | wall=2.08 | search=  0 | target=none
R10[GIVE_UP   ]: carry=0 | base=2.51 | wall=1.71 | search=2496 | target=none
R11[SEARCH    ]: carry=0 | base=2.79 | wall=1.50 | search=823 | target=phero(-2.55,-0.09)
R12[SITE      ]: carry=0 | base=1.67 | wall=2.29 | search=  0 | target=site(-2.60,2.86)
R13[SITE      ]: carry=0 | base=1.04 | wall=2.66 | search=  0 | target=site(-1.92,2.34)
R14[SEARCH    ]: carry=0 | base=2.95 | wall=0.84 | search=1776 | target=site(-0.31,-2.75)
R15[SITE      ]: carry=0 | base=0.96 | wall=2.56 | search=  0 | target=site(-0.53,2.83)
R16[PHERO     ]: carry=0 | base=2.08 | wall=1.64 | search=  0 | target=phero(-2.78,1.38)

[PICKUP] R3 picked up tag (density=3) | Total: 133
[DEPOSIT] R7 deposited! Total: 129
  [PHERO] Laid at (2.09, 2.19) density=13 prob=0.93 entries=4
  [TARGET] R7 → SITE (2.09, 2.19)
[PICKUP] R16 picked up tag (density=8) | Total: 134
[PICKUP] R15 picked up tag (density=2) | Total: 135
[DEPOSIT] R9 deposited! Total: 130
  [TARGET] R9 → SITE (-1.28, -1.42)
  [GIVE-UP] R4 returned empty after 780 searching steps
  [TARGET] R4 → PHERO (2.09, 2.19)
[DEPOSIT] R6 deposited! Total: 131
  [TARGET] R6 → SITE (-1.24, -1.43)

======================================================================
Step 24500 (13.1 min) | Pickups: 135 | Deposits: 131 | Rate: 10.03 tags/min | phero_entries=3 max_w=0.521
======================================================================
R1[SEARCH    ]: carry=0 | base=1.71 | wall=1.98 | search=578 | target=phero(-0.31,-2.74)
R2[SEARCH    ]: carry=0 | base=3.21 | wall=0.37 | search=3884 | target=site(-1.40,0.00)
R3[RTB       ]: carry=1 | base=2.50 | wall=1.09 | search=  0 | target=none
R4[BASE_ESC  ]: carry=0 | base=0.23 | wall=3.28 | search=  0 | target=phero(2.09,2.19)
R5[SEARCH    ]: carry=0 | base=2.45 | wall=1.22 | search=675 | target=site(-2.57,2.80)
R6[BASE_ESC  ]: carry=0 | base=0.24 | wall=3.30 | search=  0 | target=site(-1.24,-1.43)
R7[SITE      ]: carry=0 | base=0.57 | wall=3.04 | search=  0 | target=site(2.09,2.19)
R8[RTB       ]: carry=1 | base=1.77 | wall=1.74 | search=  0 | target=none
R9[BASE_ESC  ]: carry=0 | base=0.20 | wall=3.35 | search=  0 | target=site(-1.28,-1.42)
R10[GIVE_UP   ]: carry=0 | base=0.59 | wall=3.08 | search=2496 | target=none
R11[SEARCH    ]: carry=0 | base=3.87 | wall=0.37 | search=1323 | target=phero(-2.55,-0.09)
R12[SITE      ]: carry=0 | base=3.59 | wall=0.84 | search=  0 | target=site(-2.60,2.86)
R13[SITE      ]: carry=0 | base=2.96 | wall=1.21 | search=  0 | target=site(-1.92,2.34)
R14[SEARCH    ]: carry=0 | base=3.58 | wall=0.39 | search=2276 | target=site(-0.31,-2.75)
R15[SURVEY    ]: carry=1 | base=2.65 | wall=0.90 | search=  0 | target=none
R16[SURVEY    ]: carry=1 | base=3.10 | wall=0.75 | search=  0 | target=none

  [GIVE-UP] R10 returned empty after 2496 searching steps
  [TARGET] R10 → PHERO (2.09, 2.19)
[PICKUP] R1 picked up tag (density=5) | Total: 136
[DEPOSIT] R8 deposited! Total: 132
  [TARGET] R8 → SITE (-0.41, -2.62)

======================================================================
Step 25000 (13.3 min) | Pickups: 136 | Deposits: 132 | Rate: 9.90 tags/min | phero_entries=2 max_w=0.105
======================================================================
R1[RTB       ]: carry=1 | base=1.33 | wall=2.49 | search=  0 | target=none
R2[SEARCH    ]: carry=0 | base=3.20 | wall=0.37 | search=4384 | target=site(-1.40,0.00)
R3[RTB       ]: carry=1 | base=0.59 | wall=2.93 | search=  0 | target=none
R4[PHERO     ]: carry=0 | base=0.28 | wall=3.23 | search=  0 | target=phero(2.09,2.19)
R5[SEARCH    ]: carry=0 | base=2.77 | wall=0.83 | search=1175 | target=site(-2.57,2.80)
R6[SITE      ]: carry=0 | base=1.69 | wall=2.21 | search=  0 | target=site(-1.24,-1.43)
R7[SITE      ]: carry=0 | base=2.48 | wall=1.72 | search=  0 | target=site(2.09,2.19)
R8[BASE_ESC  ]: carry=0 | base=0.21 | wall=3.30 | search=  0 | target=site(-0.41,-2.62)
R9[SITE      ]: carry=0 | base=1.42 | wall=2.47 | search=  0 | target=site(-1.28,-1.42)
R10[PHERO     ]: carry=0 | base=1.35 | wall=2.52 | search=  0 | target=phero(2.09,2.19)
R11[WALL_ESC  ]: carry=0 | base=3.99 | wall=0.32 | search=1823 | target=phero(-2.55,-0.09)
R12[GIVE_UP   ]: carry=0 | base=2.85 | wall=1.33 | search=312 | target=none
R13[SEARCH    ]: carry=0 | base=3.60 | wall=0.35 | search=497 | target=site(-1.92,2.34)
R14[GIVE_UP   ]: carry=0 | base=2.11 | wall=1.61 | search=2340 | target=none
R15[RTB       ]: carry=1 | base=1.36 | wall=2.15 | search=  0 | target=none
R16[RTB       ]: carry=1 | base=1.23 | wall=2.42 | search=  0 | target=none

[DEPOSIT] R3 deposited! Total: 133
  [TARGET] R3 → SITE (-0.76, 2.50)
[DEPOSIT] R16 deposited! Total: 134
  [PHERO] Laid at (-2.75, 1.43) density=8 prob=0.46 entries=3
  [TARGET] R16 → SITE (-2.75, 1.43)
[DEPOSIT] R1 deposited! Total: 135
  [TARGET] R1 → SITE (-1.14, -1.16)
[DEPOSIT] R15 deposited! Total: 136
  [TARGET] R15 → SITE (-0.49, 2.60)
[PICKUP] R9 picked up tag (density=4) | Total: 137
  [GIVE-UP] R14 returned empty after 2340 searching steps
  [TARGET] R14 → PHERO (-2.75, 1.43)

======================================================================
Step 25500 (13.6 min) | Pickups: 137 | Deposits: 136 | Rate: 10.00 tags/min | phero_entries=3 max_w=0.457
======================================================================
R1[SITE      ]: carry=0 | base=0.61 | wall=3.00 | search=  0 | target=site(-1.14,-1.16)
R2[GIVE_UP   ]: carry=0 | base=3.07 | wall=0.51 | search=4836 | target=none
R3[SITE      ]: carry=0 | base=1.29 | wall=2.25 | search=  0 | target=site(-0.76,2.50)
R4[PHERO     ]: carry=0 | base=1.33 | wall=2.47 | search=  0 | target=phero(2.09,2.19)
R5[SEARCH    ]: carry=0 | base=3.41 | wall=0.37 | search=1675 | target=site(-2.57,2.80)
R6[SEARCH    ]: carry=0 | base=1.32 | wall=2.18 | search=460 | target=site(-1.24,-1.43)
R7[SEARCH    ]: carry=0 | base=2.55 | wall=1.44 | search=370 | target=site(2.09,2.19)
R8[SITE      ]: carry=0 | base=2.01 | wall=1.52 | search=  0 | target=site(-0.41,-2.62)
R9[SURVEY    ]: carry=1 | base=1.77 | wall=2.21 | search=  0 | target=none
R10[SEARCH    ]: carry=0 | base=3.04 | wall=1.28 | search= 67 | target=phero(2.09,2.19)
R11[GIVE_UP   ]: carry=0 | base=3.07 | wall=1.10 | search=2028 | target=none
R12[GIVE_UP   ]: carry=0 | base=0.93 | wall=2.79 | search=312 | target=none
R13[SEARCH    ]: carry=0 | base=3.54 | wall=0.39 | search=997 | target=site(-1.92,2.34)
R14[BASE_ESC  ]: carry=0 | base=0.23 | wall=3.30 | search=  0 | target=phero(-2.75,1.43)
R15[SITE      ]: carry=0 | base=0.53 | wall=2.97 | search=  0 | target=site(-0.49,2.60)
R16[SITE      ]: carry=0 | base=0.74 | wall=2.81 | search=  0 | target=site(-2.75,1.43)

[PICKUP] R7 picked up tag (density=13) | Total: 138
  [GIVE-UP] R12 returned empty after 312 searching steps
  [TARGET] R12 → PHERO (-2.75, 1.43)
[PICKUP] R2 picked up tag (density=1) | Total: 139
[PICKUP] R8 picked up tag (density=4) | Total: 140

======================================================================
Step 26000 (13.9 min) | Pickups: 140 | Deposits: 136 | Rate: 9.81 tags/min | phero_entries=2 max_w=0.092
======================================================================
R1[SEARCH    ]: carry=0 | base=1.28 | wall=2.40 | search=242 | target=site(-1.14,-1.16)
R2[SURVEY    ]: carry=1 | base=1.53 | wall=2.01 | search=  0 | target=none
R3[SEARCH    ]: carry=0 | base=2.51 | wall=1.07 | search=167 | target=site(-0.76,2.50)
R4[SEARCH    ]: carry=0 | base=3.04 | wall=1.27 | search= 67 | target=phero(2.09,2.19)
R5[GIVE_UP   ]: carry=0 | base=2.21 | wall=1.43 | search=1872 | target=none
R6[SEARCH    ]: carry=0 | base=2.44 | wall=1.64 | search=960 | target=site(-1.24,-1.43)
R7[RTB       ]: carry=1 | base=2.08 | wall=1.63 | search=  0 | target=none
R8[SURVEY    ]: carry=1 | base=2.70 | wall=0.86 | search=  0 | target=none
R9[RTB       ]: carry=1 | base=0.27 | wall=3.29 | search=  0 | target=none
R10[SEARCH    ]: carry=0 | base=1.51 | wall=2.34 | search=567 | target=phero(2.09,2.19)
R11[GIVE_UP   ]: carry=0 | base=1.15 | wall=2.60 | search=2028 | target=none
R12[PHERO     ]: carry=0 | base=0.93 | wall=2.77 | search=  0 | target=phero(-2.75,1.43)
R13[WALL_ESC  ]: carry=0 | base=3.63 | wall=0.31 | search=1497 | target=site(-1.92,2.34)
R14[PHERO     ]: carry=0 | base=1.19 | wall=2.56 | search=  0 | target=phero(-2.75,1.43)
R15[SITE      ]: carry=0 | base=2.44 | wall=1.10 | search=  0 | target=site(-0.49,2.60)
R16[SITE      ]: carry=0 | base=2.65 | wall=1.14 | search=  0 | target=site(-2.75,1.43)

[DEPOSIT] R9 deposited! Total: 137
  [TARGET] R9 → PHERO (-2.75, 1.43)
[PICKUP] R3 picked up tag (density=1) | Total: 141
  [GIVE-UP] R11 returned empty after 2028 searching steps
  [TARGET] R11 → PHERO (-2.75, 1.43)
[DEPOSIT] R2 deposited! Total: 138
  [TARGET] R2 → SITE (-1.49, -0.35)
[DEPOSIT] R7 deposited! Total: 139
  [PHERO] Laid at (2.26, 1.24) density=13 prob=0.93 entries=2
  [TARGET] R7 → SITE (2.26, 1.24)

======================================================================
Step 26500 (14.1 min) | Pickups: 141 | Deposits: 139 | Rate: 9.83 tags/min | phero_entries=2 max_w=0.932
======================================================================
R1[SEARCH    ]: carry=0 | base=0.40 | wall=3.16 | search=742 | target=site(-1.14,-1.16)
R2[BASE_ESC  ]: carry=0 | base=0.23 | wall=3.29 | search=  0 | target=site(-1.49,-0.35)
R3[RTB       ]: carry=1 | base=2.23 | wall=1.31 | search=  0 | target=none
R4[SEARCH    ]: carry=0 | base=1.89 | wall=1.86 | search=567 | target=phero(2.09,2.19)
R5[GIVE_UP   ]: carry=0 | base=0.29 | wall=3.23 | search=1872 | target=none
R6[SEARCH    ]: carry=0 | base=3.21 | wall=0.64 | search=1460 | target=site(-1.24,-1.43)
R7[BASE_ESC  ]: carry=0 | base=0.22 | wall=3.30 | search=  0 | target=site(2.26,1.24)
R8[RTB       ]: carry=1 | base=1.65 | wall=1.88 | search=  0 | target=none
R9[PHERO     ]: carry=0 | base=1.21 | wall=2.34 | search=  0 | target=phero(-2.75,1.43)
R10[SEARCH    ]: carry=0 | base=0.32 | wall=3.22 | search=1067 | target=phero(2.09,2.19)
R11[PHERO     ]: carry=0 | base=0.71 | wall=2.98 | search=  0 | target=phero(-2.75,1.43)
R12[PHERO     ]: carry=0 | base=2.82 | wall=1.00 | search=  0 | target=phero(-2.75,1.43)
R13[SEARCH    ]: carry=0 | base=3.60 | wall=0.36 | search=1997 | target=site(-1.92,2.34)
R14[SEARCH    ]: carry=0 | base=3.07 | wall=0.78 | search=  8 | target=phero(-2.75,1.43)
R15[WALL_ESC  ]: carry=0 | base=3.28 | wall=0.35 | search=459 | target=site(-0.49,2.60)
R16[GIVE_UP   ]: carry=0 | base=2.35 | wall=1.50 | search=156 | target=none

  [GIVE-UP] R5 returned empty after 1872 searching steps
  [TARGET] R5 → PHERO (2.26, 1.24)
[PICKUP] R14 picked up tag (density=7) | Total: 142
[PICKUP] R12 picked up tag (density=6) | Total: 143
[DEPOSIT] R8 deposited! Total: 140
  [TARGET] R8 → SITE (-0.57, -2.64)
  [GIVE-UP] R10 returned empty after 1248 searching steps
  [TARGET] R10 → PHERO (2.26, 1.24)

======================================================================
Step 27000 (14.4 min) | Pickups: 143 | Deposits: 140 | Rate: 9.72 tags/min | phero_entries=2 max_w=0.188
======================================================================
R1[SEARCH    ]: carry=0 | base=0.26 | wall=3.31 | search=1242 | target=site(-1.14,-1.16)
R2[SEARCH    ]: carry=0 | base=1.49 | wall=2.07 | search=151 | target=site(-1.49,-0.35)
R3[RTB       ]: carry=1 | base=0.31 | wall=3.20 | search=  0 | target=none
R4[SEARCH    ]: carry=0 | base=2.27 | wall=1.36 | search=1067 | target=phero(2.09,2.19)
R5[PHERO     ]: carry=0 | base=1.67 | wall=2.06 | search=  0 | target=phero(2.26,1.24)
R6[SEARCH    ]: carry=0 | base=3.25 | wall=0.40 | search=1960 | target=site(-1.24,-1.43)
R7[SITE      ]: carry=0 | base=1.79 | wall=1.95 | search=  0 | target=site(2.26,1.24)
R8[SITE      ]: carry=0 | base=0.27 | wall=3.30 | search=  0 | target=site(-0.57,-2.64)
R9[SEARCH    ]: carry=0 | base=3.06 | wall=0.78 | search= 14 | target=phero(-2.75,1.43)
R10[BASE_ESC  ]: carry=0 | base=0.23 | wall=3.29 | search=  0 | target=phero(2.26,1.24)
R11[PHERO     ]: carry=0 | base=2.47 | wall=1.33 | search=  0 | target=phero(-2.75,1.43)
R12[SURVEY    ]: carry=1 | base=3.10 | wall=0.82 | search=  0 | target=none
R13[SEARCH    ]: carry=0 | base=3.55 | wall=0.38 | search=2497 | target=site(-1.92,2.34)
R14[RTB       ]: carry=1 | base=2.29 | wall=1.52 | search=  0 | target=none
R15[GIVE_UP   ]: carry=0 | base=1.48 | wall=2.08 | search=468 | target=none
R16[GIVE_UP   ]: carry=0 | base=0.56 | wall=3.02 | search=156 | target=none

[DEPOSIT] R3 deposited! Total: 141
  [TARGET] R3 → PHERO (2.26, 1.24)
  [GIVE-UP] R16 returned empty after 156 searching steps
  [TARGET] R16 → PHERO (2.26, 1.24)
[PICKUP] R7 picked up tag (density=12) | Total: 144
  [GIVE-UP] R15 returned empty after 468 searching steps
  [TARGET] R15 → PHERO (2.26, 1.24)

======================================================================
Step 27500 (14.7 min) | Pickups: 144 | Deposits: 141 | Rate: 9.61 tags/min | phero_entries=1 max_w=0.038
======================================================================
R1[SEARCH    ]: carry=0 | base=1.02 | wall=2.61 | search=1742 | target=site(-1.14,-1.16)
R2[SEARCH    ]: carry=0 | base=0.84 | wall=2.69 | search=651 | target=site(-1.49,-0.35)
R3[PHERO     ]: carry=0 | base=1.48 | wall=2.27 | search=  0 | target=phero(2.26,1.24)
R4[GIVE_UP   ]: carry=0 | base=0.80 | wall=2.76 | search=1092 | target=none
R5[SEARCH    ]: carry=0 | base=2.10 | wall=1.81 | search=274 | target=phero(2.26,1.24)
R6[SEARCH    ]: carry=0 | base=3.27 | wall=0.40 | search=2460 | target=site(-1.24,-1.43)
R7[RTB       ]: carry=1 | base=2.59 | wall=1.17 | search=  0 | target=none
R8[SITE      ]: carry=0 | base=2.13 | wall=1.42 | search=  0 | target=site(-0.57,-2.64)
R9[SEARCH    ]: carry=0 | base=2.85 | wall=1.35 | search=514 | target=phero(-2.75,1.43)
R10[PHERO     ]: carry=0 | base=0.86 | wall=2.67 | search=  0 | target=phero(2.26,1.24)
R11[SEARCH    ]: carry=0 | base=3.05 | wall=1.05 | search=349 | target=phero(-2.75,1.43)
R12[RTB       ]: carry=1 | base=1.46 | wall=2.25 | search=  0 | target=none
R13[WALL_ESC  ]: carry=0 | base=3.64 | wall=0.31 | search=2997 | target=site(-1.92,2.34)
R14[RTB       ]: carry=1 | base=0.37 | wall=3.18 | search=  0 | target=none
R15[PHERO     ]: carry=0 | base=0.43 | wall=3.11 | search=  0 | target=phero(2.26,1.24)
R16[PHERO     ]: carry=0 | base=0.62 | wall=3.03 | search=  0 | target=phero(2.26,1.24)

[DEPOSIT] R14 deposited! Total: 142
  [PHERO] Laid at (-2.72, 1.49) density=7 prob=0.32 entries=2
  [TARGET] R14 → SITE (-2.72, 1.49)
  [GIVE-UP] R4 returned empty after 1092 searching steps
  [TARGET] R4 → PHERO (-2.72, 1.49)
[DEPOSIT] R12 deposited! Total: 143
  [PHERO] Laid at (-2.68, 1.56) density=6 prob=0.21 entries=3
  [TARGET] R12 → SITE (-2.68, 1.56)
[PICKUP] R3 picked up tag (density=11) | Total: 145

======================================================================
Step 28000 (14.9 min) | Pickups: 145 | Deposits: 143 | Rate: 9.58 tags/min | phero_entries=3 max_w=0.553
======================================================================
R1[SEARCH    ]: carry=0 | base=2.01 | wall=1.51 | search=2242 | target=site(-1.14,-1.16)
R2[GIVE_UP   ]: carry=0 | base=1.74 | wall=2.16 | search=1092 | target=none
R3[SURVEY    ]: carry=1 | base=2.54 | wall=1.22 | search=  0 | target=none
R4[PHERO     ]: carry=0 | base=0.25 | wall=3.25 | search=  0 | target=phero(-2.72,1.49)
R5[GIVE_UP   ]: carry=0 | base=0.32 | wall=3.23 | search=468 | target=none
R6[SEARCH    ]: carry=0 | base=3.27 | wall=0.40 | search=2960 | target=site(-1.24,-1.43)
R7[RTB       ]: carry=1 | base=0.87 | wall=2.71 | search=  0 | target=none
R8[SEARCH    ]: carry=0 | base=2.86 | wall=0.67 | search=366 | target=site(-0.57,-2.64)
R9[WALL_ESC  ]: carry=0 | base=3.20 | wall=0.35 | search=1014 | target=phero(-2.75,1.43)
R10[SEARCH    ]: carry=0 | base=2.57 | wall=1.25 | search= 21 | target=phero(2.26,1.24)
R11[GIVE_UP   ]: carry=0 | base=2.13 | wall=1.99 | search=468 | target=none
R12[SITE      ]: carry=0 | base=0.50 | wall=3.13 | search=  0 | target=site(-2.68,1.56)
R13[SEARCH    ]: carry=0 | base=3.56 | wall=0.39 | search=3497 | target=site(-1.92,2.34)
R14[SITE      ]: carry=0 | base=1.58 | wall=2.09 | search=  0 | target=site(-2.72,1.49)
R15[PHERO     ]: carry=0 | base=2.25 | wall=1.54 | search=  0 | target=phero(2.26,1.24)
R16[PHERO     ]: carry=0 | base=2.38 | wall=1.42 | search=  0 | target=phero(2.26,1.24)

  [GIVE-UP] R5 returned empty after 468 searching steps
  [TARGET] R5 → PHERO (-2.68, 1.56)
[PICKUP] R10 picked up tag (density=10) | Total: 146
[PICKUP] R8 picked up tag (density=8) | Total: 147
BATCH_RESULT pickups=147 deposits=143
