=================================================================
CPFA BASELINE — ARGoS-calibrated parameters  (7×7m arena  256 tags)
  Params file                  = /home/sara/Documents/RL-FL-Foraging/controllers/cpfa_baseline/cpfa_params.yaml
  Results file                 = /home/sara/Documents/RL-FL-Foraging/controllers/cpfa_baseline/cpfa_baseline_7x7_results_20260811_132424.txt
  RateOfLayingPheromone        = 9.0
  RateOfSiteFidelity           = 2.29
  RateOfPheromoneDecay         = 0.1 /s  (lifetime ~69s)
  ProbabilityOfReturningToNest = 0.08 (every 5 sec → E[give-up] ~62s)
  UninformedSearchVariation    = 0.13 rad (7.4°)
  RateOfInformedSearchDecay    = 1.26 /waypoint
  ProbabilityOfSwitchingToSearching = 0.55 (every 5 sec in uninformed DEPARTING)
=================================================================

[PICKUP] R11 picked up tag (density=16) | Total: 1
[PICKUP] R13 picked up tag (density=16) | Total: 2
[PICKUP] R3 picked up tag (density=15) | Total: 3
[PICKUP] R9 picked up tag (density=16) | Total: 4
[DEPOSIT] R13 deposited! Total: 1
  [PHERO] Laid at (0.23, 0.55) density=16 prob=0.99 entries=1
  [TARGET] R13 → SITE (0.23, 0.55)
[PICKUP] R10 picked up tag (density=16) | Total: 5
[DEPOSIT] R3 deposited! Total: 2
  [PHERO] Laid at (0.02, 0.52) density=15 prob=0.98 entries=2
  [TARGET] R3 → SITE (0.02, 0.52)
[PICKUP] R14 picked up tag (density=14) | Total: 6
[DEPOSIT] R11 deposited! Total: 3
  [PHERO] Laid at (-0.53, -0.53) density=16 prob=0.99 entries=3
  [TARGET] R11 → SITE (-0.53, -0.53)

======================================================================
Step 500 (0.3 min) | Pickups: 6 | Deposits: 3 | Rate: 11.25 tags/min | phero_entries=3 max_w=0.929
======================================================================
R1[SEARCH    ]: carry=0 | base=0.75 | wall=2.80 | search=256 | target=none
R2[DEPART    ]: carry=0 | base=0.49 | wall=3.08 | search=  0 | target=none
R3[SITE      ]: carry=0 | base=0.30 | wall=3.24 | search=  0 | target=site(0.02,0.52)
R4[DEPART    ]: carry=0 | base=0.36 | wall=3.14 | search=  0 | target=none
R5[SEARCH    ]: carry=0 | base=0.89 | wall=2.62 | search=188 | target=none
R6[DEPART    ]: carry=0 | base=0.56 | wall=3.09 | search=  0 | target=none
R7[SEARCH    ]: carry=0 | base=0.33 | wall=3.26 | search=255 | target=none
R8[DEPART    ]: carry=0 | base=0.32 | wall=3.24 | search=  0 | target=none
R9[RTB       ]: carry=1 | base=0.94 | wall=2.80 | search=  0 | target=none
R10[SURVEY    ]: carry=1 | base=1.69 | wall=1.90 | search=  0 | target=none
R11[BASE_ESC  ]: carry=0 | base=0.23 | wall=3.29 | search=  0 | target=site(-0.53,-0.53)
R12[SEARCH    ]: carry=0 | base=1.74 | wall=1.84 | search=188 | target=none
R13[SITE      ]: carry=0 | base=0.40 | wall=3.20 | search=  0 | target=site(0.23,0.55)
R14[SURVEY    ]: carry=1 | base=0.52 | wall=2.98 | search=  0 | target=none
R15[DEPART    ]: carry=0 | base=0.33 | wall=3.20 | search=  0 | target=none
R16[SEARCH    ]: carry=0 | base=2.04 | wall=1.88 | search=343 | target=none

[PICKUP] R3 picked up tag (density=13) | Total: 7
[DEPOSIT] R9 deposited! Total: 4
  [PHERO] Laid at (0.88, 0.93) density=16 prob=0.99 entries=4
  [TARGET] R9 → SITE (0.88, 0.93)
[DEPOSIT] R14 deposited! Total: 5
  [PHERO] Laid at (-0.02, 0.52) density=14 prob=0.96 entries=5
  [TARGET] R14 → SITE (-0.02, 0.52)
[PICKUP] R12 picked up tag (density=16) | Total: 8
[PICKUP] R5 picked up tag (density=16) | Total: 9
[PICKUP] R6 picked up tag (density=16) | Total: 10
[PICKUP] R13 picked up tag (density=12) | Total: 11
  [GIVE-UP] R4 returned empty after 156 searching steps
  [TARGET] R4 → PHERO (-0.02, 0.52)
[PICKUP] R7 picked up tag (density=15) | Total: 12
[PICKUP] R15 picked up tag (density=14) | Total: 13
[DEPOSIT] R3 deposited! Total: 6
  [PHERO] Laid at (0.07, 0.52) density=13 prob=0.93 entries=6
  [TARGET] R3 → SITE (0.07, 0.52)
[DEPOSIT] R10 deposited! Total: 7
  [PHERO] Laid at (-0.52, 1.61) density=16 prob=0.99 entries=7
  [TARGET] R10 → SITE (-0.52, 1.61)

======================================================================
Step 1000 (0.5 min) | Pickups: 13 | Deposits: 7 | Rate: 13.12 tags/min | phero_entries=7 max_w=1.000
======================================================================
R1[SEARCH    ]: carry=0 | base=2.22 | wall=1.33 | search=756 | target=none
R2[SEARCH    ]: carry=0 | base=2.19 | wall=1.32 | search=454 | target=none
R3[BASE_ESC  ]: carry=0 | base=0.22 | wall=3.30 | search=  0 | target=site(0.07,0.52)
R4[BASE_ESC  ]: carry=0 | base=0.19 | wall=3.33 | search=  0 | target=phero(-0.02,0.52)
R5[SURVEY    ]: carry=1 | base=1.95 | wall=1.55 | search=  0 | target=none
R6[SURVEY    ]: carry=1 | base=1.83 | wall=1.77 | search=  0 | target=none
R7[SURVEY    ]: carry=1 | base=1.66 | wall=1.89 | search=  0 | target=none
R8[SEARCH    ]: carry=0 | base=2.02 | wall=1.68 | search= 94 | target=none
R9[SITE      ]: carry=0 | base=0.99 | wall=2.79 | search=  0 | target=site(0.88,0.93)
R10[BASE_ESC  ]: carry=0 | base=0.25 | wall=3.26 | search=  0 | target=site(-0.52,1.61)
R11[BASE_ESC  ]: carry=0 | base=0.23 | wall=3.31 | search=274 | target=site(-0.53,-0.53)
R12[RTB       ]: carry=1 | base=2.71 | wall=1.07 | search=  0 | target=none
R13[SURVEY    ]: carry=1 | base=0.79 | wall=2.78 | search=  0 | target=none
R14[SEARCH    ]: carry=0 | base=0.54 | wall=2.97 | search= 57 | target=site(-0.02,0.52)
R15[SURVEY    ]: carry=1 | base=1.79 | wall=1.80 | search=  0 | target=none
R16[GIVE_UP   ]: carry=0 | base=2.67 | wall=1.45 | search=624 | target=none

[PICKUP] R2 picked up tag (density=15) | Total: 14
[PICKUP] R9 picked up tag (density=15) | Total: 15
[PICKUP] R8 picked up tag (density=16) | Total: 16
[PICKUP] R4 picked up tag (density=11) | Total: 17
[PICKUP] R10 picked up tag (density=10) | Total: 18
[DEPOSIT] R13 deposited! Total: 8
  [PHERO] Laid at (0.33, 0.72) density=12 prob=0.88 entries=8
  [TARGET] R13 → SITE (0.33, 0.72)
  [GIVE-UP] R14 returned empty after 312 searching steps
  [TARGET] R14 → PHERO (-0.53, -0.53)
  [GIVE-UP] R3 returned empty after 156 searching steps
  [TARGET] R3 → PHERO (0.07, 0.52)

======================================================================
Step 1500 (0.8 min) | Pickups: 18 | Deposits: 8 | Rate: 10.00 tags/min | phero_entries=8 max_w=0.474
======================================================================
R1[SEARCH    ]: carry=0 | base=3.11 | wall=0.39 | search=1256 | target=none
R2[RTB       ]: carry=1 | base=1.44 | wall=2.06 | search=  0 | target=none
R3[BASE_ESC  ]: carry=0 | base=0.22 | wall=3.32 | search=  0 | target=phero(0.07,0.52)
R4[RTB       ]: carry=1 | base=0.49 | wall=3.02 | search=  0 | target=none
R5[RTB       ]: carry=1 | base=0.30 | wall=3.20 | search=  0 | target=none
R6[RTB       ]: carry=1 | base=0.33 | wall=3.18 | search=  0 | target=none
R7[RTB       ]: carry=1 | base=0.31 | wall=3.19 | search=  0 | target=none
R8[RTB       ]: carry=1 | base=1.95 | wall=1.98 | search=  0 | target=none
R9[RTB       ]: carry=1 | base=0.62 | wall=3.03 | search=  0 | target=none
R10[RTB       ]: carry=1 | base=0.60 | wall=2.90 | search=  0 | target=none
R11[SEARCH    ]: carry=0 | base=0.36 | wall=3.18 | search=774 | target=site(-0.53,-0.53)
R12[RTB       ]: carry=1 | base=0.96 | wall=2.62 | search=  0 | target=none
R13[SITE      ]: carry=0 | base=0.62 | wall=2.97 | search=  0 | target=site(0.33,0.72)
R14[PHERO     ]: carry=0 | base=0.38 | wall=3.16 | search=  0 | target=phero(-0.53,-0.53)
R15[RTB       ]: carry=1 | base=0.48 | wall=3.04 | search=  0 | target=none
R16[GIVE_UP   ]: carry=0 | base=0.75 | wall=2.92 | search=624 | target=none

[DEPOSIT] R5 deposited! Total: 9
  [PHERO] Laid at (-1.95, 0.03) density=16 prob=0.99 entries=9
  [TARGET] R5 → SITE (-1.95, 0.03)
[DEPOSIT] R7 deposited! Total: 10
  [PHERO] Laid at (-0.43, 1.60) density=15 prob=0.98 entries=10
  [TARGET] R7 → SITE (-0.43, 1.60)
[DEPOSIT] R6 deposited! Total: 11
  [PHERO] Laid at (-0.59, -1.73) density=16 prob=0.99 entries=11
  [TARGET] R6 → SITE (-0.59, -1.73)
[DEPOSIT] R4 deposited! Total: 12
  [PHERO] Laid at (-0.02, 0.60) density=11 prob=0.80 entries=12
  [TARGET] R4 → SITE (-0.02, 0.60)
[DEPOSIT] R9 deposited! Total: 13
  [PHERO] Laid at (0.87, 0.91) density=15 prob=0.98 entries=13
  [TARGET] R9 → SITE (0.87, 0.91)
  [GIVE-UP] R11 returned empty after 780 searching steps
  [TARGET] R11 → PHERO (-0.02, 0.60)
  [GIVE-UP] R16 returned empty after 624 searching steps
  [TARGET] R16 → PHERO (0.87, 0.91)
[DEPOSIT] R12 deposited! Total: 14
  [PHERO] Laid at (2.41, 1.20) density=16 prob=0.99 entries=14
  [TARGET] R12 → SITE (2.41, 1.20)
[DEPOSIT] R15 deposited! Total: 15
  [PHERO] Laid at (-0.55, 1.70) density=14 prob=0.96 entries=15
  [TARGET] R15 → SITE (-0.55, 1.70)
[PICKUP] R13 picked up tag (density=9) | Total: 19
[PICKUP] R3 picked up tag (density=8) | Total: 20
[DEPOSIT] R2 deposited! Total: 16
  [PHERO] Laid at (-2.29, -0.06) density=15 prob=0.98 entries=16
  [TARGET] R2 → SITE (-2.29, -0.06)
[PICKUP] R4 picked up tag (density=7) | Total: 21
[PICKUP] R14 picked up tag (density=15) | Total: 22
[DEPOSIT] R8 deposited! Total: 17
  [PHERO] Laid at (-1.93, 1.49) density=16 prob=0.99 entries=17
  [TARGET] R8 → SITE (-1.93, 1.49)

======================================================================
Step 2000 (1.1 min) | Pickups: 22 | Deposits: 17 | Rate: 15.94 tags/min | phero_entries=17 max_w=0.833
======================================================================
R1[SEARCH    ]: carry=0 | base=3.11 | wall=0.39 | search=1756 | target=none
R2[SITE      ]: carry=0 | base=0.51 | wall=3.00 | search=  0 | target=site(-2.29,-0.06)
R3[SURVEY    ]: carry=1 | base=0.61 | wall=2.90 | search=  0 | target=none
R4[SURVEY    ]: carry=1 | base=0.61 | wall=2.89 | search=  0 | target=none
R5[SITE      ]: carry=0 | base=1.60 | wall=1.90 | search=  0 | target=site(-1.95,0.03)
R6[SITE      ]: carry=0 | base=1.61 | wall=1.98 | search=  0 | target=site(-0.59,-1.73)
R7[SITE      ]: carry=0 | base=1.01 | wall=2.52 | search=  0 | target=site(-0.43,1.60)
R8[BASE_ESC  ]: carry=0 | base=0.22 | wall=3.34 | search=  0 | target=site(-1.93,1.49)
R9[SITE      ]: carry=0 | base=1.19 | wall=2.65 | search=  0 | target=site(0.87,0.91)
R10[RTB       ]: carry=1 | base=0.54 | wall=2.96 | search=  0 | target=none
R11[PHERO     ]: carry=0 | base=0.47 | wall=3.03 | search=  0 | target=phero(-0.02,0.60)
R12[SITE      ]: carry=0 | base=0.97 | wall=2.60 | search=  0 | target=site(2.41,1.20)
R13[RTB       ]: carry=1 | base=0.96 | wall=2.61 | search=  0 | target=none
R14[SURVEY    ]: carry=1 | base=0.78 | wall=2.83 | search=  0 | target=none
R15[SITE      ]: carry=0 | base=0.53 | wall=2.98 | search=  0 | target=site(-0.55,1.70)
R16[PHERO     ]: carry=0 | base=0.96 | wall=2.77 | search=  0 | target=phero(0.87,0.91)

[PICKUP] R15 picked up tag (density=6) | Total: 23
[DEPOSIT] R10 deposited! Total: 18
  [PHERO] Laid at (-0.12, 0.69) density=10 prob=0.71 entries=18
  [TARGET] R10 → SITE (-0.12, 0.69)
[DEPOSIT] R3 deposited! Total: 19
  [PHERO] Laid at (0.10, 0.60) density=8 prob=0.46 entries=19
  [TARGET] R3 → SITE (0.10, 0.60)
[DEPOSIT] R13 deposited! Total: 20
  [PHERO] Laid at (0.33, 0.90) density=9 prob=0.59 entries=20
  [TARGET] R13 → SITE (0.33, 0.90)
[DEPOSIT] R4 deposited! Total: 21
  [TARGET] R4 → SITE (-0.00, 0.60)
[DEPOSIT] R14 deposited! Total: 22
  [PHERO] Laid at (-0.67, -0.42) density=15 prob=0.98 entries=21
  [TARGET] R14 → SITE (-0.67, -0.42)
[PICKUP] R16 picked up tag (density=14) | Total: 24
[PICKUP] R7 picked up tag (density=13) | Total: 25
[PICKUP] R2 picked up tag (density=14) | Total: 26
[DEPOSIT] R15 deposited! Total: 23
  [TARGET] R15 → SITE (0.04, 0.67)
[PICKUP] R13 picked up tag (density=5) | Total: 27

======================================================================
Step 2500 (1.3 min) | Pickups: 27 | Deposits: 23 | Rate: 17.25 tags/min | phero_entries=20 max_w=0.479
======================================================================
R1[SEARCH    ]: carry=0 | base=3.11 | wall=0.39 | search=2256 | target=none
R2[SURVEY    ]: carry=1 | base=2.15 | wall=1.35 | search=  0 | target=none
R3[SEARCH    ]: carry=0 | base=0.63 | wall=2.90 | search= 96 | target=site(0.10,0.60)
R4[SEARCH    ]: carry=0 | base=0.59 | wall=2.91 | search= 74 | target=site(-0.00,0.60)
R5[SEARCH    ]: carry=0 | base=0.98 | wall=2.52 | search=422 | target=site(-1.95,0.03)
R6[SEARCH    ]: carry=0 | base=2.33 | wall=1.53 | search=458 | target=site(-0.59,-1.73)
R7[SURVEY    ]: carry=1 | base=1.63 | wall=1.89 | search=  0 | target=none
R8[SITE      ]: carry=0 | base=1.92 | wall=2.00 | search=  0 | target=site(-1.93,1.49)
R9[SEARCH    ]: carry=0 | base=1.50 | wall=2.06 | search=495 | target=site(0.87,0.91)
R10[SEARCH    ]: carry=0 | base=0.67 | wall=2.84 | search= 64 | target=site(-0.12,0.69)
R11[SEARCH    ]: carry=0 | base=0.27 | wall=3.26 | search=398 | target=phero(-0.02,0.60)
R12[SEARCH    ]: carry=0 | base=2.68 | wall=1.10 | search= 64 | target=site(2.41,1.20)
R13[SURVEY    ]: carry=1 | base=0.81 | wall=2.75 | search=  0 | target=none
R14[SITE      ]: carry=0 | base=0.63 | wall=2.99 | search=  0 | target=site(-0.67,-0.42)
R15[BASE_ESC  ]: carry=0 | base=0.22 | wall=3.29 | search=  0 | target=site(0.04,0.67)
R16[RTB       ]: carry=1 | base=1.15 | wall=2.61 | search=  0 | target=none

[PICKUP] R14 picked up tag (density=14) | Total: 28
[PICKUP] R3 picked up tag (density=4) | Total: 29
[PICKUP] R6 picked up tag (density=16) | Total: 30
[PICKUP] R10 picked up tag (density=3) | Total: 31
[PICKUP] R12 picked up tag (density=15) | Total: 32
[DEPOSIT] R16 deposited! Total: 24
  [PHERO] Laid at (0.87, 0.74) density=14 prob=0.96 entries=19
  [TARGET] R16 → SITE (0.87, 0.74)
[PICKUP] R15 picked up tag (density=2) | Total: 33
[DEPOSIT] R13 deposited! Total: 25
  [TARGET] R13 → SITE (0.32, 0.75)
[DEPOSIT] R14 deposited! Total: 26
  [PHERO] Laid at (-0.63, -0.47) density=14 prob=0.96 entries=18
  [TARGET] R14 → SITE (-0.63, -0.47)

======================================================================
Step 3000 (1.6 min) | Pickups: 33 | Deposits: 26 | Rate: 16.25 tags/min | phero_entries=18 max_w=0.863
======================================================================
R1[SEARCH    ]: carry=0 | base=3.11 | wall=0.39 | search=2756 | target=none
R2[RTB       ]: carry=1 | base=0.92 | wall=2.58 | search=  0 | target=none
R3[RTB       ]: carry=1 | base=0.46 | wall=3.09 | search=  0 | target=none
R4[SEARCH    ]: carry=0 | base=0.95 | wall=2.59 | search=574 | target=site(-0.00,0.60)
R5[SEARCH    ]: carry=0 | base=0.27 | wall=3.25 | search=922 | target=site(-1.95,0.03)
R6[RTB       ]: carry=1 | base=2.60 | wall=1.54 | search=  0 | target=none
R7[RTB       ]: carry=1 | base=0.30 | wall=3.21 | search=  0 | target=none
R8[SEARCH    ]: carry=0 | base=2.01 | wall=1.57 | search=378 | target=site(-1.93,1.49)
R9[SEARCH    ]: carry=0 | base=1.13 | wall=2.37 | search=995 | target=site(0.87,0.91)
R10[RTB       ]: carry=1 | base=0.73 | wall=2.77 | search=  0 | target=none
R11[GIVE_UP   ]: carry=0 | base=0.48 | wall=3.12 | search=780 | target=none
R12[RTB       ]: carry=1 | base=2.90 | wall=0.82 | search=  0 | target=none
R13[SITE      ]: carry=0 | base=0.26 | wall=3.31 | search=  0 | target=site(0.32,0.75)
R14[BASE_ESC  ]: carry=0 | base=0.22 | wall=3.34 | search=  0 | target=site(-0.63,-0.47)
R15[SURVEY    ]: carry=1 | base=0.76 | wall=2.74 | search=  0 | target=none
R16[SITE      ]: carry=0 | base=0.46 | wall=3.08 | search=  0 | target=site(0.87,0.74)

[DEPOSIT] R7 deposited! Total: 27
  [PHERO] Laid at (-0.25, 1.60) density=13 prob=0.93 entries=19
  [TARGET] R7 → SITE (-0.25, 1.60)
[DEPOSIT] R3 deposited! Total: 28
  [TARGET] R3 → SITE (0.22, 0.71)
  [GIVE-UP] R11 returned empty after 780 searching steps
  [TARGET] R11 → PHERO (-0.55, 1.70)
[DEPOSIT] R10 deposited! Total: 29
  [TARGET] R10 → SITE (0.02, 0.75)
[DEPOSIT] R2 deposited! Total: 30
  [PHERO] Laid at (-2.14, -0.07) density=14 prob=0.96 entries=18
  [TARGET] R2 → SITE (-2.14, -0.07)
[PICKUP] R16 picked up tag (density=13) | Total: 34
[DEPOSIT] R15 deposited! Total: 31
  [TARGET] R15 → SITE (0.10, 0.75)
[PICKUP] R7 picked up tag (density=1) | Total: 35
  [GIVE-UP] R9 returned empty after 1092 searching steps
  [TARGET] R9 → PHERO (-0.63, -0.47)

======================================================================
Step 3500 (1.9 min) | Pickups: 35 | Deposits: 31 | Rate: 16.61 tags/min | phero_entries=17 max_w=0.352
======================================================================
R1[GIVE_UP   ]: carry=0 | base=1.75 | wall=1.75 | search=2808 | target=none
R2[SITE      ]: carry=0 | base=1.03 | wall=2.47 | search=  0 | target=site(-2.14,-0.07)
R3[SEARCH    ]: carry=0 | base=0.57 | wall=2.93 | search=187 | target=site(0.22,0.71)
R4[SEARCH    ]: carry=0 | base=2.19 | wall=1.66 | search=1074 | target=site(-0.00,0.60)
R5[SEARCH    ]: carry=0 | base=1.02 | wall=2.72 | search=1422 | target=site(-1.95,0.03)
R6[RTB       ]: carry=1 | base=0.68 | wall=2.98 | search=  0 | target=none
R7[RTB       ]: carry=1 | base=0.85 | wall=2.67 | search=  0 | target=none
R8[SEARCH    ]: carry=0 | base=1.47 | wall=2.34 | search=878 | target=site(-1.93,1.49)
R9[PHERO     ]: carry=0 | base=0.40 | wall=3.19 | search=  0 | target=phero(-0.63,-0.47)
R10[SEARCH    ]: carry=0 | base=0.77 | wall=2.73 | search= 82 | target=site(0.02,0.75)
R11[PHERO     ]: carry=0 | base=0.66 | wall=2.84 | search=  0 | target=phero(-0.55,1.70)
R12[RTB       ]: carry=1 | base=1.07 | wall=2.50 | search=  0 | target=none
R13[SEARCH    ]: carry=0 | base=0.95 | wall=2.80 | search=344 | target=site(0.32,0.75)
R14[SEARCH    ]: carry=0 | base=0.69 | wall=2.89 | search=285 | target=site(-0.63,-0.47)
R15[SITE      ]: carry=0 | base=0.53 | wall=2.99 | search=  0 | target=site(0.10,0.75)
R16[RTB       ]: carry=1 | base=1.04 | wall=2.63 | search=  0 | target=none

[PICKUP] R13 picked up tag (density=12) | Total: 36
[DEPOSIT] R6 deposited! Total: 32
  [PHERO] Laid at (-1.88, -2.07) density=16 prob=0.99 entries=18
  [TARGET] R6 → SITE (-1.88, -2.07)
[DEPOSIT] R16 deposited! Total: 33
  [PHERO] Laid at (0.91, 0.72) density=13 prob=0.93 entries=16
  [TARGET] R16 → SITE (0.91, 0.72)
[DEPOSIT] R12 deposited! Total: 34
  [PHERO] Laid at (2.65, 1.16) density=15 prob=0.98 entries=17
  [TARGET] R12 → SITE (2.65, 1.16)
[DEPOSIT] R7 deposited! Total: 35
  [TARGET] R7 → SITE (-0.18, 0.84)
[PICKUP] R4 picked up tag (density=16) | Total: 37
  [GIVE-UP] R10 returned empty after 312 searching steps
  [TARGET] R10 → PHERO (2.65, 1.16)
  [GIVE-UP] R1 returned empty after 2808 searching steps
  [TARGET] R1 → PHERO (-1.88, -2.07)
[PICKUP] R6 picked up tag (density=13) | Total: 38
[PICKUP] R11 picked up tag (density=12) | Total: 39

======================================================================
Step 4000 (2.1 min) | Pickups: 39 | Deposits: 35 | Rate: 16.41 tags/min | phero_entries=12 max_w=0.398
======================================================================
R1[BASE_ESC  ]: carry=0 | base=0.24 | wall=3.26 | search=  0 | target=phero(-1.88,-2.07)
R2[SEARCH    ]: carry=0 | base=2.02 | wall=1.55 | search=223 | target=site(-2.14,-0.07)
R3[SEARCH    ]: carry=0 | base=0.40 | wall=3.10 | search=687 | target=site(0.22,0.71)
R4[RTB       ]: carry=1 | base=2.84 | wall=0.73 | search=  0 | target=none
R5[SEARCH    ]: carry=0 | base=1.73 | wall=2.02 | search=1922 | target=site(-1.95,0.03)
R6[SURVEY    ]: carry=1 | base=0.89 | wall=2.79 | search=  0 | target=none
R7[SITE      ]: carry=0 | base=0.45 | wall=3.05 | search=  0 | target=site(-0.18,0.84)
R8[SEARCH    ]: carry=0 | base=2.57 | wall=1.06 | search=1378 | target=site(-1.93,1.49)
R9[SEARCH    ]: carry=0 | base=1.15 | wall=2.40 | search=412 | target=phero(-0.63,-0.47)
R10[PHERO     ]: carry=0 | base=0.29 | wall=3.22 | search=  0 | target=phero(2.65,1.16)
R11[SURVEY    ]: carry=1 | base=1.75 | wall=1.82 | search=  0 | target=none
R12[SITE      ]: carry=0 | base=0.88 | wall=2.66 | search=  0 | target=site(2.65,1.16)
R13[RTB       ]: carry=1 | base=0.59 | wall=3.01 | search=  0 | target=none
R14[GIVE_UP   ]: carry=0 | base=2.31 | wall=1.34 | search=780 | target=none
R15[SEARCH    ]: carry=0 | base=0.70 | wall=2.80 | search=108 | target=site(0.10,0.75)
R16[SITE      ]: carry=0 | base=0.91 | wall=2.81 | search=  0 | target=site(0.91,0.72)

[DEPOSIT] R13 deposited! Total: 36
  [PHERO] Laid at (0.95, 0.76) density=12 prob=0.88 entries=13
  [TARGET] R13 → SITE (0.95, 0.76)
  [GIVE-UP] R15 returned empty after 156 searching steps
  [TARGET] R15 → PHERO (0.95, 0.76)
[PICKUP] R5 picked up tag (density=15) | Total: 40
[PICKUP] R1 picked up tag (density=12) | Total: 41
[DEPOSIT] R6 deposited! Total: 37
  [PHERO] Laid at (-0.53, -0.71) density=13 prob=0.93 entries=11
  [TARGET] R6 → SITE (-0.53, -0.71)
[PICKUP] R2 picked up tag (density=11) | Total: 42
[PICKUP] R10 picked up tag (density=11) | Total: 43

======================================================================
Step 4500 (2.4 min) | Pickups: 43 | Deposits: 37 | Rate: 15.42 tags/min | phero_entries=9 max_w=0.664
======================================================================
R1[RTB       ]: carry=1 | base=1.00 | wall=2.64 | search=  0 | target=none
R2[SURVEY    ]: carry=1 | base=1.18 | wall=2.44 | search=  0 | target=none
R3[SEARCH    ]: carry=0 | base=0.66 | wall=2.87 | search=1187 | target=site(0.22,0.71)
R4[RTB       ]: carry=1 | base=1.26 | wall=2.26 | search=  0 | target=none
R5[SURVEY    ]: carry=1 | base=2.22 | wall=1.88 | search=  0 | target=none
R6[SITE      ]: carry=0 | base=0.29 | wall=3.22 | search=  0 | target=site(-0.53,-0.71)
R7[SEARCH    ]: carry=0 | base=1.26 | wall=2.32 | search=405 | target=site(-0.18,0.84)
R8[GIVE_UP   ]: carry=0 | base=1.50 | wall=2.00 | search=1560 | target=none
R9[SEARCH    ]: carry=0 | base=2.71 | wall=1.27 | search=912 | target=phero(-0.63,-0.47)
R10[SURVEY    ]: carry=1 | base=1.24 | wall=2.47 | search=  0 | target=none
R11[RTB       ]: carry=1 | base=0.51 | wall=3.00 | search=  0 | target=none
R12[SITE      ]: carry=0 | base=2.79 | wall=0.94 | search=  0 | target=site(2.65,1.16)
R13[SEARCH    ]: carry=0 | base=1.21 | wall=2.54 | search= 43 | target=site(0.95,0.76)
R14[GIVE_UP   ]: carry=0 | base=0.78 | wall=2.76 | search=780 | target=none
R15[PHERO     ]: carry=0 | base=1.08 | wall=2.67 | search=  0 | target=phero(0.95,0.76)
R16[SEARCH    ]: carry=0 | base=1.18 | wall=2.35 | search=448 | target=site(0.91,0.72)

[PICKUP] R12 picked up tag (density=14) | Total: 44
[PICKUP] R9 picked up tag (density=15) | Total: 45
[DEPOSIT] R11 deposited! Total: 38
  [PHERO] Laid at (-0.47, 1.68) density=12 prob=0.88 entries=10
  [TARGET] R11 → SITE (-0.47, 1.68)
[PICKUP] R13 picked up tag (density=10) | Total: 46
  [GIVE-UP] R14 returned empty after 780 searching steps
  [TARGET] R14 → PHERO (-0.53, -0.71)
[DEPOSIT] R1 deposited! Total: 39
  [PHERO] Laid at (-0.57, -0.87) density=12 prob=0.88 entries=11
  [TARGET] R1 → SITE (-0.57, -0.87)
[PICKUP] R7 picked up tag (density=13) | Total: 47
[DEPOSIT] R4 deposited! Total: 40
  [PHERO] Laid at (2.75, -0.65) density=16 prob=0.99 entries=12
  [TARGET] R4 → SITE (2.75, -0.65)
  [GIVE-UP] R8 returned empty after 1560 searching steps
  [TARGET] R8 → PHERO (-0.57, -0.87)
[DEPOSIT] R2 deposited! Total: 41
  [PHERO] Laid at (-1.06, -0.54) density=11 prob=0.80 entries=13
  [TARGET] R2 → SITE (-1.06, -0.54)

======================================================================
Step 5000 (2.7 min) | Pickups: 47 | Deposits: 41 | Rate: 15.38 tags/min | phero_entries=12 max_w=0.649
======================================================================
R1[SITE      ]: carry=0 | base=0.77 | wall=2.87 | search=  0 | target=site(-0.57,-0.87)
R2[SITE      ]: carry=0 | base=0.33 | wall=3.25 | search=  0 | target=site(-1.06,-0.54)
R3[GIVE_UP   ]: carry=0 | base=0.45 | wall=3.06 | search=1404 | target=none
R4[SITE      ]: carry=0 | base=0.70 | wall=2.84 | search=  0 | target=site(2.75,-0.65)
R5[RTB       ]: carry=1 | base=1.41 | wall=2.42 | search=  0 | target=none
R6[SEARCH    ]: carry=0 | base=1.26 | wall=2.24 | search=316 | target=site(-0.53,-0.71)
R7[RTB       ]: carry=1 | base=1.86 | wall=1.65 | search=  0 | target=none
R8[PHERO     ]: carry=0 | base=0.36 | wall=3.15 | search=  0 | target=phero(-0.57,-0.87)
R9[RTB       ]: carry=1 | base=2.11 | wall=1.86 | search=  0 | target=none
R10[RTB       ]: carry=1 | base=0.35 | wall=3.19 | search=  0 | target=none
R11[SITE      ]: carry=0 | base=1.44 | wall=2.12 | search=  0 | target=site(-0.47,1.68)
R12[RTB       ]: carry=1 | base=2.33 | wall=1.34 | search=  0 | target=none
R13[RTB       ]: carry=1 | base=1.01 | wall=2.62 | search=  0 | target=none
R14[SEARCH    ]: carry=0 | base=0.84 | wall=2.83 | search=  2 | target=phero(-0.53,-0.71)
R15[SEARCH    ]: carry=0 | base=1.01 | wall=2.50 | search=472 | target=phero(0.95,0.76)
R16[GIVE_UP   ]: carry=0 | base=0.75 | wall=2.86 | search=624 | target=none

[DEPOSIT] R10 deposited! Total: 42
  [TARGET] R10 → SITE (1.03, 0.68)
  [GIVE-UP] R3 returned empty after 1404 searching steps
  [TARGET] R3 → PHERO (2.75, -0.65)
[PICKUP] R11 picked up tag (density=11) | Total: 48
  [GIVE-UP] R16 returned empty after 624 searching steps
  [TARGET] R16 → PHERO (-0.53, -0.71)
[PICKUP] R2 picked up tag (density=10) | Total: 49
[DEPOSIT] R13 deposited! Total: 43
  [PHERO] Laid at (1.03, 0.71) density=10 prob=0.71 entries=11
  [TARGET] R13 → SITE (1.03, 0.71)
[DEPOSIT] R5 deposited! Total: 44
  [PHERO] Laid at (-1.62, 1.52) density=15 prob=0.98 entries=12
  [TARGET] R5 → SITE (-1.62, 1.52)
[DEPOSIT] R7 deposited! Total: 45
  [TARGET] R7 → SITE (-1.94, 0.13)
[PICKUP] R8 picked up tag (density=9) | Total: 50
[DEPOSIT] R9 deposited! Total: 46
  [PHERO] Laid at (-2.27, -1.77) density=15 prob=0.98 entries=12
  [TARGET] R9 → SITE (-2.27, -1.77)

======================================================================
Step 5500 (2.9 min) | Pickups: 50 | Deposits: 46 | Rate: 15.68 tags/min | phero_entries=12 max_w=0.950
======================================================================
R1[SEARCH    ]: carry=0 | base=0.61 | wall=3.07 | search=440 | target=site(-0.57,-0.87)
R2[RTB       ]: carry=1 | base=0.45 | wall=3.12 | search=  0 | target=none
R3[PHERO     ]: carry=0 | base=0.27 | wall=3.27 | search=  0 | target=phero(2.75,-0.65)
R4[SITE      ]: carry=0 | base=2.61 | wall=0.96 | search=  0 | target=site(2.75,-0.65)
R5[SITE      ]: carry=0 | base=0.57 | wall=3.06 | search=  0 | target=site(-1.62,1.52)
R6[GIVE_UP   ]: carry=0 | base=0.71 | wall=2.83 | search=468 | target=none
R7[BASE_ESC  ]: carry=0 | base=0.22 | wall=3.28 | search=  0 | target=site(-1.94,0.13)
R8[SURVEY    ]: carry=1 | base=0.92 | wall=2.81 | search=  0 | target=none
R9[BASE_ESC  ]: carry=0 | base=0.23 | wall=3.32 | search=  0 | target=site(-2.27,-1.77)
R10[SEARCH    ]: carry=0 | base=1.21 | wall=2.45 | search= 98 | target=site(1.03,0.68)
R11[RTB       ]: carry=1 | base=1.00 | wall=2.52 | search=  0 | target=none
R12[RTB       ]: carry=1 | base=0.43 | wall=3.10 | search=  0 | target=none
R13[SITE      ]: carry=0 | base=0.90 | wall=2.73 | search=  0 | target=site(1.03,0.71)
R14[SEARCH    ]: carry=0 | base=0.83 | wall=2.75 | search=502 | target=phero(-0.53,-0.71)
R15[SEARCH    ]: carry=0 | base=2.77 | wall=0.85 | search=972 | target=phero(0.95,0.76)
R16[PHERO     ]: carry=0 | base=0.40 | wall=3.14 | search=  0 | target=phero(-0.53,-0.71)

[PICKUP] R4 picked up tag (density=15) | Total: 51
[DEPOSIT] R12 deposited! Total: 47
  [PHERO] Laid at (2.67, 1.18) density=14 prob=0.96 entries=13
  [TARGET] R12 → SITE (2.67, 1.18)
[DEPOSIT] R2 deposited! Total: 48
  [PHERO] Laid at (-0.74, -0.41) density=10 prob=0.71 entries=14
  [TARGET] R2 → SITE (-0.74, -0.41)
  [GIVE-UP] R6 returned empty after 468 searching steps
  [TARGET] R6 → PHERO (-0.53, -0.71)
[PICKUP] R10 picked up tag (density=9) | Total: 52
[DEPOSIT] R11 deposited! Total: 49
  [PHERO] Laid at (-0.45, 1.68) density=11 prob=0.80 entries=15
  [TARGET] R11 → SITE (-0.45, 1.68)
[PICKUP] R9 picked up tag (density=8) | Total: 53
[DEPOSIT] R8 deposited! Total: 50
  [TARGET] R8 → SITE (-0.61, -0.70)
  [GIVE-UP] R1 returned empty after 624 searching steps
  [TARGET] R1 → PHERO (2.67, 1.18)

======================================================================
Step 6000 (3.2 min) | Pickups: 53 | Deposits: 50 | Rate: 15.62 tags/min | phero_entries=12 max_w=0.378
======================================================================
R1[BASE_ESC  ]: carry=0 | base=0.25 | wall=3.26 | search=  0 | target=phero(2.67,1.18)
R2[SEARCH    ]: carry=0 | base=0.75 | wall=2.82 | search=142 | target=site(-0.74,-0.41)
R3[PHERO     ]: carry=0 | base=0.84 | wall=2.66 | search=  0 | target=phero(2.75,-0.65)
R4[RTB       ]: carry=1 | base=1.90 | wall=1.63 | search=  0 | target=none
R5[SEARCH    ]: carry=0 | base=2.23 | wall=1.85 | search= 82 | target=site(-1.62,1.52)
R6[SEARCH    ]: carry=0 | base=0.87 | wall=2.79 | search= 56 | target=phero(-0.53,-0.71)
R7[SEARCH    ]: carry=0 | base=1.93 | wall=1.58 | search= 27 | target=site(-1.94,0.13)
R8[BASE_ESC  ]: carry=0 | base=0.20 | wall=3.33 | search=  0 | target=site(-0.61,-0.70)
R9[SURVEY    ]: carry=1 | base=0.88 | wall=2.76 | search=  0 | target=none
R10[RTB       ]: carry=1 | base=1.10 | wall=2.47 | search=  0 | target=none
R11[SITE      ]: carry=0 | base=0.96 | wall=2.59 | search=  0 | target=site(-0.45,1.68)
R12[SITE      ]: carry=0 | base=1.53 | wall=2.12 | search=  0 | target=site(2.67,1.18)
R13[SEARCH    ]: carry=0 | base=1.03 | wall=2.48 | search=422 | target=site(1.03,0.71)
R14[SEARCH    ]: carry=0 | base=1.78 | wall=1.73 | search=1002 | target=phero(-0.53,-0.71)
R15[WALL_ESC  ]: carry=0 | base=3.48 | wall=0.35 | search=1472 | target=phero(0.95,0.76)
R16[BASE_ESC  ]: carry=0 | base=0.24 | wall=3.27 | search=357 | target=phero(-0.53,-0.71)

[PICKUP] R7 picked up tag (density=12) | Total: 54
[DEPOSIT] R9 deposited! Total: 51
  [PHERO] Laid at (-0.74, -0.46) density=8 prob=0.46 entries=13
  [TARGET] R9 → SITE (-0.74, -0.46)
[DEPOSIT] R10 deposited! Total: 52
  [PHERO] Laid at (1.21, 0.59) density=9 prob=0.59 entries=14
  [TARGET] R10 → SITE (1.21, 0.59)
[DEPOSIT] R4 deposited! Total: 53
  [PHERO] Laid at (2.58, -0.62) density=15 prob=0.98 entries=14
  [TARGET] R4 → SITE (2.58, -0.62)

======================================================================
Step 6500 (3.5 min) | Pickups: 54 | Deposits: 53 | Rate: 15.29 tags/min | phero_entries=14 max_w=0.965
======================================================================
R1[PHERO     ]: carry=0 | base=1.64 | wall=1.97 | search=  0 | target=phero(2.67,1.18)
R2[SEARCH    ]: carry=0 | base=2.02 | wall=1.50 | search=642 | target=site(-0.74,-0.41)
R3[PHERO     ]: carry=0 | base=2.53 | wall=1.04 | search=  0 | target=phero(2.75,-0.65)
R4[BASE_ESC  ]: carry=0 | base=0.23 | wall=3.27 | search=  0 | target=site(2.58,-0.62)
R5[SEARCH    ]: carry=0 | base=0.73 | wall=2.85 | search=582 | target=site(-1.62,1.52)
R6[SEARCH    ]: carry=0 | base=1.54 | wall=2.03 | search=556 | target=phero(-0.53,-0.71)
R7[RTB       ]: carry=1 | base=1.12 | wall=2.39 | search=  0 | target=none
R8[SEARCH    ]: carry=0 | base=0.78 | wall=2.83 | search=282 | target=site(-0.61,-0.70)
R9[SEARCH    ]: carry=0 | base=0.86 | wall=2.78 | search= 36 | target=site(-0.74,-0.46)
R10[SITE      ]: carry=0 | base=0.83 | wall=2.73 | search=  0 | target=site(1.21,0.59)
R11[SEARCH    ]: carry=0 | base=1.46 | wall=2.37 | search=308 | target=site(-0.45,1.68)
R12[SEARCH    ]: carry=0 | base=2.91 | wall=0.79 | search=150 | target=site(2.67,1.18)
R13[GIVE_UP   ]: carry=0 | base=1.75 | wall=2.17 | search=780 | target=none
R14[WALL_ESC  ]: carry=0 | base=3.16 | wall=0.34 | search=1502 | target=phero(-0.53,-0.71)
R15[SEARCH    ]: carry=0 | base=3.95 | wall=0.51 | search=1972 | target=phero(0.95,0.76)
R16[SEARCH    ]: carry=0 | base=0.25 | wall=3.27 | search=857 | target=phero(-0.53,-0.71)

[PICKUP] R9 picked up tag (density=7) | Total: 55
[PICKUP] R12 picked up tag (density=13) | Total: 56
[DEPOSIT] R7 deposited! Total: 54
  [PHERO] Laid at (-1.95, 0.20) density=12 prob=0.88 entries=14
  [TARGET] R7 → SITE (-1.95, 0.20)
[PICKUP] R6 picked up tag (density=11) | Total: 57
  [GIVE-UP] R13 returned empty after 780 searching steps
  [TARGET] R13 → PHERO (-1.95, 0.20)
[DEPOSIT] R9 deposited! Total: 55
  [TARGET] R9 → SITE (-0.72, -0.51)
[PICKUP] R8 picked up tag (density=10) | Total: 58

======================================================================
Step 7000 (3.7 min) | Pickups: 58 | Deposits: 55 | Rate: 14.73 tags/min | phero_entries=11 max_w=0.416
======================================================================
R1[SEARCH    ]: carry=0 | base=2.79 | wall=0.93 | search=178 | target=phero(2.67,1.18)
R2[WALL_ESC  ]: carry=0 | base=3.25 | wall=0.35 | search=1142 | target=site(-0.74,-0.41)
R3[SEARCH    ]: carry=0 | base=3.21 | wall=0.36 | search=436 | target=phero(2.75,-0.65)
R4[SITE      ]: carry=0 | base=1.64 | wall=1.88 | search=  0 | target=site(2.58,-0.62)
R5[SEARCH    ]: carry=0 | base=1.11 | wall=2.43 | search=1082 | target=site(-1.62,1.52)
R6[RTB       ]: carry=1 | base=2.08 | wall=1.42 | search=  0 | target=none
R7[SITE      ]: carry=0 | base=0.83 | wall=2.68 | search=  0 | target=site(-1.95,0.20)
R8[SURVEY    ]: carry=1 | base=2.01 | wall=1.50 | search=  0 | target=none
R9[BASE_ESC  ]: carry=0 | base=0.22 | wall=3.33 | search=  0 | target=site(-0.72,-0.51)
R10[SEARCH    ]: carry=0 | base=1.86 | wall=1.80 | search=378 | target=site(1.21,0.59)
R11[SEARCH    ]: carry=0 | base=1.07 | wall=2.51 | search=808 | target=site(-0.45,1.68)
R12[RTB       ]: carry=1 | base=2.78 | wall=0.91 | search=  0 | target=none
R13[BASE_ESC  ]: carry=0 | base=0.24 | wall=3.30 | search=  0 | target=phero(-1.95,0.20)
R14[WALL_ESC  ]: carry=0 | base=3.16 | wall=0.34 | search=2002 | target=phero(-0.53,-0.71)
R15[SEARCH    ]: carry=0 | base=3.95 | wall=0.38 | search=2472 | target=phero(0.95,0.76)
R16[SEARCH    ]: carry=0 | base=1.48 | wall=2.09 | search=1357 | target=phero(-0.53,-0.71)

[PICKUP] R16 picked up tag (density=16) | Total: 59
[PICKUP] R10 picked up tag (density=12) | Total: 60
[PICKUP] R4 picked up tag (density=14) | Total: 61
[DEPOSIT] R6 deposited! Total: 56
  [PHERO] Laid at (-2.04, 0.09) density=11 prob=0.80 entries=9
  [TARGET] R6 → SITE (-2.04, 0.09)

======================================================================
Step 7500 (4.0 min) | Pickups: 61 | Deposits: 56 | Rate: 14.00 tags/min | phero_entries=9 max_w=0.935
======================================================================
R1[SEARCH    ]: carry=0 | base=3.75 | wall=0.37 | search=678 | target=phero(2.67,1.18)
R2[SEARCH    ]: carry=0 | base=3.20 | wall=0.39 | search=1642 | target=site(-0.74,-0.41)
R3[SEARCH    ]: carry=0 | base=3.20 | wall=0.36 | search=936 | target=phero(2.75,-0.65)
R4[SURVEY    ]: carry=1 | base=2.66 | wall=0.90 | search=  0 | target=none
R5[SEARCH    ]: carry=0 | base=2.75 | wall=0.76 | search=1582 | target=site(-1.62,1.52)
R6[BASE_ESC  ]: carry=0 | base=0.23 | wall=3.27 | search=  0 | target=site(-2.04,0.09)
R7[SEARCH    ]: carry=0 | base=1.76 | wall=1.74 | search=190 | target=site(-1.95,0.20)
R8[RTB       ]: carry=1 | base=0.52 | wall=2.98 | search=  0 | target=none
R9[SEARCH    ]: carry=0 | base=0.82 | wall=2.72 | search=306 | target=site(-0.72,-0.51)
R10[RTB       ]: carry=1 | base=2.79 | wall=0.96 | search=  0 | target=none
R11[SEARCH    ]: carry=0 | base=2.69 | wall=1.37 | search=1308 | target=site(-0.45,1.68)
R12[RTB       ]: carry=1 | base=0.86 | wall=2.70 | search=  0 | target=none
R13[PHERO     ]: carry=0 | base=1.02 | wall=2.48 | search=  0 | target=phero(-1.95,0.20)
R14[WALL_ESC  ]: carry=0 | base=3.16 | wall=0.34 | search=2502 | target=phero(-0.53,-0.71)
R15[WALL_ESC  ]: carry=0 | base=4.06 | wall=0.31 | search=2972 | target=phero(0.95,0.76)
R16[RTB       ]: carry=1 | base=1.12 | wall=2.43 | search=  0 | target=none

[PICKUP] R11 picked up tag (density=14) | Total: 62
[DEPOSIT] R8 deposited! Total: 57
  [PHERO] Laid at (-2.10, 0.09) density=10 prob=0.71 entries=10
  [TARGET] R8 → SITE (-2.10, 0.09)
[DEPOSIT] R12 deposited! Total: 58
  [PHERO] Laid at (2.83, 1.27) density=13 prob=0.93 entries=10
  [TARGET] R12 → SITE (2.83, 1.27)
[DEPOSIT] R16 deposited! Total: 59
  [PHERO] Laid at (0.43, 1.71) density=16 prob=0.99 entries=10
  [TARGET] R16 → SITE (0.43, 1.71)

======================================================================
Step 8000 (4.3 min) | Pickups: 62 | Deposits: 59 | Rate: 13.83 tags/min | phero_entries=8 max_w=0.417
======================================================================
R1[WALL_ESC  ]: carry=0 | base=4.19 | wall=0.34 | search=1178 | target=phero(2.67,1.18)
R2[SEARCH    ]: carry=0 | base=3.20 | wall=0.40 | search=2142 | target=site(-0.74,-0.41)
R3[SEARCH    ]: carry=0 | base=3.20 | wall=0.36 | search=1436 | target=phero(2.75,-0.65)
R4[RTB       ]: carry=1 | base=1.30 | wall=2.22 | search=  0 | target=none
R5[SEARCH    ]: carry=0 | base=3.14 | wall=0.39 | search=2082 | target=site(-1.62,1.52)
R6[SITE      ]: carry=0 | base=1.75 | wall=1.75 | search=  0 | target=site(-2.04,0.09)
R7[SEARCH    ]: carry=0 | base=0.58 | wall=3.00 | search=690 | target=site(-1.95,0.20)
R8[SITE      ]: carry=0 | base=1.34 | wall=2.16 | search=  0 | target=site(-2.10,0.09)
R9[SEARCH    ]: carry=0 | base=2.06 | wall=1.67 | search=806 | target=site(-0.72,-0.51)
R10[RTB       ]: carry=1 | base=0.98 | wall=2.60 | search=  0 | target=none
R11[RTB       ]: carry=1 | base=2.07 | wall=1.91 | search=  0 | target=none
R12[SITE      ]: carry=0 | base=1.07 | wall=2.49 | search=  0 | target=site(2.83,1.27)
R13[SEARCH    ]: carry=0 | base=1.97 | wall=1.53 | search=159 | target=phero(-1.95,0.20)
R14[SEARCH    ]: carry=0 | base=3.15 | wall=0.36 | search=3002 | target=phero(-0.53,-0.71)
R15[SEARCH    ]: carry=0 | base=3.97 | wall=0.39 | search=3472 | target=phero(0.95,0.76)
R16[SITE      ]: carry=0 | base=0.83 | wall=2.68 | search=  0 | target=site(0.43,1.71)

[DEPOSIT] R10 deposited! Total: 60
  [PHERO] Laid at (2.51, 1.18) density=12 prob=0.88 entries=9
  [TARGET] R10 → SITE (2.51, 1.18)
[DEPOSIT] R4 deposited! Total: 61
  [PHERO] Laid at (2.60, -0.56) density=14 prob=0.96 entries=10
  [TARGET] R4 → SITE (2.60, -0.56)
[PICKUP] R6 picked up tag (density=9) | Total: 63
[PICKUP] R16 picked up tag (density=15) | Total: 64
[PICKUP] R9 picked up tag (density=10) | Total: 65
[DEPOSIT] R11 deposited! Total: 62
  [PHERO] Laid at (-2.22, -1.77) density=14 prob=0.96 entries=9
  [TARGET] R11 → SITE (-2.22, -1.77)

======================================================================
Step 8500 (4.5 min) | Pickups: 65 | Deposits: 62 | Rate: 13.68 tags/min | phero_entries=9 max_w=0.920
======================================================================
R1[SEARCH    ]: carry=0 | base=4.18 | wall=0.40 | search=1678 | target=phero(2.67,1.18)
R2[SEARCH    ]: carry=0 | base=3.20 | wall=0.40 | search=2642 | target=site(-0.74,-0.41)
R3[SEARCH    ]: carry=0 | base=3.19 | wall=0.37 | search=1936 | target=phero(2.75,-0.65)
R4[SITE      ]: carry=0 | base=0.67 | wall=2.87 | search=  0 | target=site(2.60,-0.56)
R5[GIVE_UP   ]: carry=0 | base=2.48 | wall=1.04 | search=2340 | target=none
R6[SURVEY    ]: carry=1 | base=1.98 | wall=1.53 | search=  0 | target=none
R7[SEARCH    ]: carry=0 | base=1.96 | wall=1.54 | search=1190 | target=site(-1.95,0.20)
R8[SEARCH    ]: carry=0 | base=1.90 | wall=1.65 | search=308 | target=site(-2.10,0.09)
R9[SURVEY    ]: carry=1 | base=1.85 | wall=1.73 | search=  0 | target=none
R10[SITE      ]: carry=0 | base=0.96 | wall=2.60 | search=  0 | target=site(2.51,1.18)
R11[BASE_ESC  ]: carry=0 | base=0.22 | wall=3.33 | search=  0 | target=site(-2.22,-1.77)
R12[SITE      ]: carry=0 | base=2.98 | wall=0.77 | search=  0 | target=site(2.83,1.27)
R13[GIVE_UP   ]: carry=0 | base=0.93 | wall=2.63 | search=312 | target=none
R14[GIVE_UP   ]: carry=0 | base=1.92 | wall=1.58 | search=3120 | target=none
R15[SEARCH    ]: carry=0 | base=3.96 | wall=0.36 | search=3972 | target=phero(0.95,0.76)
R16[SURVEY    ]: carry=1 | base=1.78 | wall=1.80 | search=  0 | target=none

  [GIVE-UP] R13 returned empty after 312 searching steps
  [TARGET] R13 → PHERO (2.60, -0.56)
[PICKUP] R11 picked up tag (density=6) | Total: 66
[PICKUP] R12 picked up tag (density=17) | Total: 67
  [GIVE-UP] R14 returned empty after 3120 searching steps
  [TARGET] R14 → PHERO (-2.22, -1.77)
[DEPOSIT] R16 deposited! Total: 63
  [PHERO] Laid at (0.51, 1.70) density=15 prob=0.98 entries=8
  [TARGET] R16 → SITE (0.51, 1.70)

======================================================================
Step 9000 (4.8 min) | Pickups: 67 | Deposits: 63 | Rate: 13.12 tags/min | phero_entries=8 max_w=0.947
======================================================================
R1[SEARCH    ]: carry=0 | base=4.19 | wall=0.36 | search=2178 | target=phero(2.67,1.18)
R2[GIVE_UP   ]: carry=0 | base=3.19 | wall=0.41 | search=3120 | target=none
R3[SEARCH    ]: carry=0 | base=3.19 | wall=0.38 | search=2436 | target=phero(2.75,-0.65)
R4[SITE      ]: carry=0 | base=2.58 | wall=0.98 | search=  0 | target=site(2.60,-0.56)
R5[GIVE_UP   ]: carry=0 | base=0.56 | wall=2.94 | search=2340 | target=none
R6[RTB       ]: carry=1 | base=0.26 | wall=3.24 | search=  0 | target=none
R7[GIVE_UP   ]: carry=0 | base=0.92 | wall=2.58 | search=1248 | target=none
R8[SEARCH    ]: carry=0 | base=2.92 | wall=0.59 | search=808 | target=site(-2.10,0.09)
R9[RTB       ]: carry=1 | base=0.48 | wall=3.04 | search=  0 | target=none
R10[SEARCH    ]: carry=0 | base=2.75 | wall=1.02 | search= 41 | target=site(2.51,1.18)
R11[SURVEY    ]: carry=1 | base=0.93 | wall=2.83 | search=  0 | target=none
R12[SURVEY    ]: carry=1 | base=3.47 | wall=0.69 | search=  0 | target=none
R13[PHERO     ]: carry=0 | base=0.45 | wall=3.17 | search=  0 | target=phero(2.60,-0.56)
R14[BASE_ESC  ]: carry=0 | base=0.22 | wall=3.28 | search=  0 | target=phero(-2.22,-1.77)
R15[WALL_ESC  ]: carry=0 | base=4.05 | wall=0.33 | search=4472 | target=phero(0.95,0.76)
R16[BASE_ESC  ]: carry=0 | base=0.23 | wall=3.29 | search=  0 | target=site(0.51,1.70)

[DEPOSIT] R6 deposited! Total: 64
  [PHERO] Laid at (-1.96, 0.24) density=9 prob=0.59 entries=9
  [TARGET] R6 → SITE (-1.96, 0.24)
[DEPOSIT] R9 deposited! Total: 65
  [PHERO] Laid at (-0.54, 1.77) density=10 prob=0.71 entries=10
  [TARGET] R9 → SITE (-0.54, 1.77)
  [GIVE-UP] R5 returned empty after 2340 searching steps
  [TARGET] R5 → PHERO (0.51, 1.70)
[PICKUP] R4 picked up tag (density=13) | Total: 68
  [GIVE-UP] R7 returned empty after 1248 searching steps
  [TARGET] R7 → PHERO (0.51, 1.70)
[DEPOSIT] R11 deposited! Total: 66
  [TARGET] R11 → SITE (-0.67, -0.64)
[PICKUP] R14 picked up tag (density=5) | Total: 69

======================================================================
Step 9500 (5.1 min) | Pickups: 69 | Deposits: 66 | Rate: 13.03 tags/min | phero_entries=10 max_w=0.245
======================================================================
R1[GIVE_UP   ]: carry=0 | base=2.30 | wall=1.78 | search=2184 | target=none
R2[GIVE_UP   ]: carry=0 | base=1.34 | wall=2.21 | search=3120 | target=none
R3[GIVE_UP   ]: carry=0 | base=2.27 | wall=1.31 | search=2652 | target=none
R4[RTB       ]: carry=1 | base=2.58 | wall=0.95 | search=  0 | target=none
R5[PHERO     ]: carry=0 | base=0.98 | wall=2.62 | search=  0 | target=phero(0.51,1.70)
R6[SITE      ]: carry=0 | base=1.69 | wall=1.82 | search=  0 | target=site(-1.96,0.24)
R7[PHERO     ]: carry=0 | base=0.27 | wall=3.23 | search=  0 | target=phero(0.51,1.70)
R8[SEARCH    ]: carry=0 | base=3.13 | wall=0.37 | search=1308 | target=site(-2.10,0.09)
R9[SITE      ]: carry=0 | base=1.47 | wall=2.10 | search=  0 | target=site(-0.54,1.77)
R10[SEARCH    ]: carry=0 | base=2.24 | wall=1.26 | search=541 | target=site(2.51,1.18)
R11[SEARCH    ]: carry=0 | base=0.88 | wall=2.87 | search=  1 | target=site(-0.67,-0.64)
R12[RTB       ]: carry=1 | base=2.15 | wall=1.72 | search=  0 | target=none
R13[PHERO     ]: carry=0 | base=2.27 | wall=1.29 | search=  0 | target=phero(2.60,-0.56)
R14[SURVEY    ]: carry=1 | base=0.99 | wall=2.64 | search=  0 | target=none
R15[GIVE_UP   ]: carry=0 | base=3.64 | wall=0.61 | search=4836 | target=none
R16[SEARCH    ]: carry=0 | base=1.75 | wall=1.82 | search=  7 | target=site(0.51,1.70)

[PICKUP] R16 picked up tag (density=14) | Total: 70
[PICKUP] R6 picked up tag (density=8) | Total: 71
  [GIVE-UP] R2 returned empty after 3120 searching steps
  [TARGET] R2 → PHERO (-1.96, 0.24)
[DEPOSIT] R14 deposited! Total: 67
  [PHERO] Laid at (-0.86, -0.47) density=5 prob=0.12 entries=7
  [TARGET] R14 → SITE (-0.86, -0.47)
[DEPOSIT] R12 deposited! Total: 68
  [PHERO] Laid at (2.81, 2.03) density=17 prob=0.99 entries=8
  [TARGET] R12 → SITE (2.81, 2.03)

======================================================================
Step 10000 (5.3 min) | Pickups: 71 | Deposits: 68 | Rate: 12.75 tags/min | phero_entries=8 max_w=0.981
======================================================================
R1[GIVE_UP   ]: carry=0 | base=0.38 | wall=3.22 | search=2184 | target=none
R2[PHERO     ]: carry=0 | base=0.60 | wall=2.94 | search=  0 | target=phero(-1.96,0.24)
R3[GIVE_UP   ]: carry=0 | base=0.36 | wall=3.15 | search=2652 | target=none
R4[RTB       ]: carry=1 | base=0.67 | wall=2.84 | search=  0 | target=none
R5[SEARCH    ]: carry=0 | base=1.73 | wall=1.94 | search=289 | target=phero(0.51,1.70)
R6[RTB       ]: carry=1 | base=1.73 | wall=1.78 | search=  0 | target=none
R7[PHERO     ]: carry=0 | base=1.70 | wall=1.87 | search=  0 | target=phero(0.51,1.70)
R8[SEARCH    ]: carry=0 | base=3.13 | wall=0.37 | search=1808 | target=site(-2.10,0.09)
R9[SEARCH    ]: carry=0 | base=1.60 | wall=2.23 | search=415 | target=site(-0.54,1.77)
R10[SEARCH    ]: carry=0 | base=1.32 | wall=2.53 | search=1041 | target=site(2.51,1.18)
R11[SEARCH    ]: carry=0 | base=1.25 | wall=2.45 | search=501 | target=site(-0.67,-0.64)
R12[BASE_ESC  ]: carry=0 | base=0.24 | wall=3.30 | search=  0 | target=site(2.81,2.03)
R13[SEARCH    ]: carry=0 | base=2.02 | wall=1.71 | search=403 | target=phero(2.60,-0.56)
R14[BASE_ESC  ]: carry=0 | base=0.23 | wall=3.33 | search=  0 | target=site(-0.86,-0.47)
R15[GIVE_UP   ]: carry=0 | base=1.72 | wall=2.13 | search=4836 | target=none
R16[RTB       ]: carry=1 | base=1.44 | wall=2.11 | search=  0 | target=none

  [GIVE-UP] R3 returned empty after 2652 searching steps
  [TARGET] R3 → PHERO (2.81, 2.03)
  [GIVE-UP] R1 returned empty after 2184 searching steps
  [TARGET] R1 → PHERO (-0.86, -0.47)
[DEPOSIT] R4 deposited! Total: 69
  [PHERO] Laid at (2.60, -0.48) density=13 prob=0.93 entries=9
  [TARGET] R4 → SITE (2.60, -0.48)
[PICKUP] R5 picked up tag (density=16) | Total: 72
[DEPOSIT] R16 deposited! Total: 70
  [PHERO] Laid at (0.51, 1.71) density=14 prob=0.96 entries=10
  [TARGET] R16 → SITE (0.51, 1.71)
  [GIVE-UP] R15 returned empty after 4836 searching steps
  [TARGET] R15 → PHERO (0.51, 1.71)
[DEPOSIT] R6 deposited! Total: 71
  [TARGET] R6 → SITE (-2.02, 0.27)
[PICKUP] R12 picked up tag (density=8) | Total: 73

======================================================================
Step 10500 (5.6 min) | Pickups: 73 | Deposits: 71 | Rate: 12.68 tags/min | phero_entries=8 max_w=0.544
======================================================================
R1[PHERO     ]: carry=0 | base=0.69 | wall=2.85 | search=  0 | target=phero(-0.86,-0.47)
R2[SEARCH    ]: carry=0 | base=1.90 | wall=1.61 | search=146 | target=phero(-1.96,0.24)
R3[PHERO     ]: carry=0 | base=1.33 | wall=2.32 | search=  0 | target=phero(2.81,2.03)
R4[SITE      ]: carry=0 | base=1.29 | wall=2.24 | search=  0 | target=site(2.60,-0.48)
R5[RTB       ]: carry=1 | base=2.45 | wall=1.61 | search=  0 | target=none
R6[BASE_ESC  ]: carry=0 | base=0.25 | wall=3.25 | search=  0 | target=site(-2.02,0.27)
R7[SEARCH    ]: carry=0 | base=0.55 | wall=2.97 | search=494 | target=phero(0.51,1.70)
R8[SEARCH    ]: carry=0 | base=3.14 | wall=0.36 | search=2308 | target=site(-2.10,0.09)
R9[SEARCH    ]: carry=0 | base=2.09 | wall=1.49 | search=915 | target=site(-0.54,1.77)
R10[SEARCH    ]: carry=0 | base=1.33 | wall=2.46 | search=1541 | target=site(2.51,1.18)
R11[SEARCH    ]: carry=0 | base=2.86 | wall=1.34 | search=1001 | target=site(-0.67,-0.64)
R12[SURVEY    ]: carry=1 | base=1.27 | wall=2.50 | search=  0 | target=none
R13[GIVE_UP   ]: carry=0 | base=0.65 | wall=2.91 | search=780 | target=none
R14[SEARCH    ]: carry=0 | base=1.04 | wall=2.51 | search=294 | target=site(-0.86,-0.47)
R15[PHERO     ]: carry=0 | base=0.26 | wall=3.29 | search=  0 | target=phero(0.51,1.71)
R16[SITE      ]: carry=0 | base=0.52 | wall=3.03 | search=  0 | target=site(0.51,1.71)

[PICKUP] R3 picked up tag (density=7) | Total: 74
  [GIVE-UP] R13 returned empty after 780 searching steps
  [TARGET] R13 → PHERO (0.51, 1.71)
[PICKUP] R9 picked up tag (density=16) | Total: 75
[PICKUP] R4 picked up tag (density=12) | Total: 76
[DEPOSIT] R12 deposited! Total: 72
  [PHERO] Laid at (1.00, 0.78) density=8 prob=0.46 entries=8
  [TARGET] R12 → SITE (1.00, 0.78)
  [GIVE-UP] R14 returned empty after 312 searching steps
  [TARGET] R14 → PHERO (0.51, 1.71)
[PICKUP] R15 picked up tag (density=13) | Total: 77

======================================================================
Step 11000 (5.9 min) | Pickups: 77 | Deposits: 72 | Rate: 12.27 tags/min | phero_entries=8 max_w=0.762
======================================================================
R1[SEARCH    ]: carry=0 | base=1.41 | wall=2.23 | search=432 | target=phero(-0.86,-0.47)
R2[SEARCH    ]: carry=0 | base=2.94 | wall=0.98 | search=646 | target=phero(-1.96,0.24)
R3[RTB       ]: carry=1 | base=0.62 | wall=2.93 | search=  0 | target=none
R4[SURVEY    ]: carry=1 | base=2.65 | wall=0.89 | search=  0 | target=none
R5[RTB       ]: carry=1 | base=0.59 | wall=3.06 | search=  0 | target=none
R6[SEARCH    ]: carry=0 | base=2.02 | wall=1.50 | search= 32 | target=site(-2.02,0.27)
R7[SEARCH    ]: carry=0 | base=1.10 | wall=2.44 | search=994 | target=phero(0.51,1.70)
R8[GIVE_UP   ]: carry=0 | base=2.04 | wall=1.46 | search=2496 | target=none
R9[RTB       ]: carry=1 | base=2.12 | wall=1.61 | search=  0 | target=none
R10[GIVE_UP   ]: carry=0 | base=2.85 | wall=1.10 | search=2028 | target=none
R11[SEARCH    ]: carry=0 | base=3.73 | wall=0.39 | search=1501 | target=site(-0.67,-0.64)
R12[BASE_ESC  ]: carry=0 | base=0.22 | wall=3.30 | search=  0 | target=site(1.00,0.78)
R13[PHERO     ]: carry=0 | base=0.30 | wall=3.20 | search=  0 | target=phero(0.51,1.71)
R14[BASE_ESC  ]: carry=0 | base=0.22 | wall=3.29 | search=  0 | target=phero(0.51,1.71)
R15[SURVEY    ]: carry=1 | base=1.81 | wall=1.77 | search=  0 | target=none
R16[SEARCH    ]: carry=0 | base=1.65 | wall=1.90 | search=184 | target=site(0.51,1.71)

[PICKUP] R10 picked up tag (density=15) | Total: 78
[DEPOSIT] R5 deposited! Total: 73
  [PHERO] Laid at (1.53, 1.92) density=16 prob=0.99 entries=9
  [TARGET] R5 → SITE (1.53, 1.92)
[DEPOSIT] R3 deposited! Total: 74
  [TARGET] R3 → SITE (1.26, 0.66)
[PICKUP] R6 picked up tag (density=7) | Total: 79
[PICKUP] R16 picked up tag (density=6) | Total: 80
[PICKUP] R2 picked up tag (density=14) | Total: 81
  [GIVE-UP] R8 returned empty after 2496 searching steps
  [TARGET] R8 → PHERO (1.00, 0.78)

======================================================================
Step 11500 (6.1 min) | Pickups: 81 | Deposits: 74 | Rate: 12.07 tags/min | phero_entries=6 max_w=0.268
======================================================================
R1[SEARCH    ]: carry=0 | base=2.98 | wall=1.06 | search=932 | target=phero(-0.86,-0.47)
R2[SURVEY    ]: carry=1 | base=2.69 | wall=1.42 | search=  0 | target=none
R3[SITE      ]: carry=0 | base=1.27 | wall=2.37 | search=  0 | target=site(1.26,0.66)
R4[RTB       ]: carry=1 | base=1.39 | wall=2.12 | search=  0 | target=none
R5[SITE      ]: carry=0 | base=1.37 | wall=2.40 | search=  0 | target=site(1.53,1.92)
R6[RTB       ]: carry=1 | base=1.91 | wall=1.62 | search=  0 | target=none
R7[GIVE_UP   ]: carry=0 | base=2.43 | wall=1.07 | search=1404 | target=none
R8[BASE_ESC  ]: carry=0 | base=0.22 | wall=3.28 | search=  0 | target=phero(1.00,0.78)
R9[RTB       ]: carry=1 | base=0.31 | wall=3.23 | search=  0 | target=none
R10[RTB       ]: carry=1 | base=1.87 | wall=1.92 | search=  0 | target=none
R11[WALL_ESC  ]: carry=0 | base=3.85 | wall=0.31 | search=2001 | target=site(-0.67,-0.64)
R12[SEARCH    ]: carry=0 | base=1.17 | wall=2.51 | search=186 | target=site(1.00,0.78)
R13[SEARCH    ]: carry=0 | base=1.75 | wall=1.83 | search= 15 | target=phero(0.51,1.71)
R14[PHERO     ]: carry=0 | base=1.41 | wall=2.13 | search=  0 | target=phero(0.51,1.71)
R15[RTB       ]: carry=1 | base=1.24 | wall=2.31 | search=  0 | target=none
R16[RTB       ]: carry=1 | base=1.45 | wall=2.44 | search=  0 | target=none

[DEPOSIT] R9 deposited! Total: 75
  [PHERO] Laid at (-2.27, -1.10) density=16 prob=0.99 entries=7
  [TARGET] R9 → SITE (-2.27, -1.10)
[PICKUP] R12 picked up tag (density=5) | Total: 82
[PICKUP] R13 picked up tag (density=12) | Total: 83
[PICKUP] R3 picked up tag (density=4) | Total: 84
[DEPOSIT] R15 deposited! Total: 76
  [PHERO] Laid at (0.53, 1.73) density=13 prob=0.93 entries=8
  [TARGET] R15 → SITE (0.53, 1.73)
[DEPOSIT] R4 deposited! Total: 77
  [PHERO] Laid at (2.61, -0.46) density=12 prob=0.88 entries=9
  [TARGET] R4 → SITE (2.61, -0.46)
[DEPOSIT] R16 deposited! Total: 78
  [TARGET] R16 → SITE (1.07, 1.11)
[DEPOSIT] R10 deposited! Total: 79
  [PHERO] Laid at (-2.38, -1.43) density=15 prob=0.98 entries=10
  [TARGET] R10 → SITE (-2.38, -1.43)
[DEPOSIT] R6 deposited! Total: 80
  [TARGET] R6 → SITE (-2.05, 0.40)

======================================================================
Step 12000 (6.4 min) | Pickups: 84 | Deposits: 80 | Rate: 12.50 tags/min | phero_entries=10 max_w=0.777
======================================================================
R1[GIVE_UP   ]: carry=0 | base=1.55 | wall=2.26 | search=936 | target=none
R2[RTB       ]: carry=1 | base=0.91 | wall=2.81 | search=  0 | target=none
R3[RTB       ]: carry=1 | base=1.44 | wall=2.20 | search=  0 | target=none
R4[SITE      ]: carry=0 | base=0.57 | wall=2.96 | search=  0 | target=site(2.61,-0.46)
R5[SEARCH    ]: carry=0 | base=2.35 | wall=1.74 | search=230 | target=site(1.53,1.92)
R6[BASE_ESC  ]: carry=0 | base=0.22 | wall=3.28 | search=  0 | target=site(-2.05,0.40)
R7[GIVE_UP   ]: carry=0 | base=0.60 | wall=2.90 | search=1404 | target=none
R8[PHERO     ]: carry=0 | base=1.16 | wall=2.60 | search=  0 | target=phero(1.00,0.78)
R9[SITE      ]: carry=0 | base=1.64 | wall=2.01 | search=  0 | target=site(-2.27,-1.10)
R10[BASE_ESC  ]: carry=0 | base=0.22 | wall=3.33 | search=  0 | target=site(-2.38,-1.43)
R11[SEARCH    ]: carry=0 | base=3.81 | wall=0.37 | search=2501 | target=site(-0.67,-0.64)
R12[RTB       ]: carry=1 | base=0.88 | wall=2.70 | search=  0 | target=none
R13[RTB       ]: carry=1 | base=1.46 | wall=2.14 | search=  0 | target=none
R14[SEARCH    ]: carry=0 | base=1.25 | wall=2.30 | search=414 | target=phero(0.51,1.71)
R15[SITE      ]: carry=0 | base=0.70 | wall=2.86 | search=  0 | target=site(0.53,1.73)
R16[SITE      ]: carry=0 | base=0.49 | wall=3.09 | search=  0 | target=site(1.07,1.11)

[PICKUP] R1 picked up tag (density=4) | Total: 85
  [GIVE-UP] R7 returned empty after 1404 searching steps
  [TARGET] R7 → PHERO (2.61, -0.46)
[DEPOSIT] R12 deposited! Total: 81
  [TARGET] R12 → SITE (1.16, 0.66)
[DEPOSIT] R2 deposited! Total: 82
  [PHERO] Laid at (-2.09, 1.70) density=14 prob=0.96 entries=9
  [TARGET] R2 → SITE (-2.09, 1.70)
[PICKUP] R10 picked up tag (density=3) | Total: 86
[PICKUP] R9 picked up tag (density=14) | Total: 87
[DEPOSIT] R3 deposited! Total: 83
  [TARGET] R3 → PHERO (-2.09, 1.70)
[DEPOSIT] R13 deposited! Total: 84
  [PHERO] Laid at (0.57, 1.78) density=12 prob=0.88 entries=9
  [TARGET] R13 → SITE (0.57, 1.78)

======================================================================
Step 12500 (6.7 min) | Pickups: 87 | Deposits: 84 | Rate: 12.60 tags/min | phero_entries=8 max_w=0.651
======================================================================
R1[RTB       ]: carry=1 | base=0.34 | wall=3.24 | search=  0 | target=none
R2[SITE      ]: carry=0 | base=1.02 | wall=2.76 | search=  0 | target=site(-2.09,1.70)
R3[PHERO     ]: carry=0 | base=0.29 | wall=3.22 | search=  0 | target=phero(-2.09,1.70)
R4[SITE      ]: carry=0 | base=2.48 | wall=1.06 | search=  0 | target=site(2.61,-0.46)
R5[SEARCH    ]: carry=0 | base=3.71 | wall=0.43 | search=730 | target=site(1.53,1.92)
R6[SITE      ]: carry=0 | base=1.95 | wall=1.59 | search=  0 | target=site(-2.05,0.40)
R7[PHERO     ]: carry=0 | base=1.22 | wall=2.34 | search=  0 | target=phero(2.61,-0.46)
R8[SEARCH    ]: carry=0 | base=2.05 | wall=1.67 | search=485 | target=phero(1.00,0.78)
R9[RTB       ]: carry=1 | base=2.51 | wall=1.24 | search=  0 | target=none
R10[RTB       ]: carry=1 | base=0.86 | wall=2.82 | search=  0 | target=none
R11[SEARCH    ]: carry=0 | base=3.76 | wall=0.37 | search=3001 | target=site(-0.67,-0.64)
R12[SITE      ]: carry=0 | base=1.03 | wall=2.58 | search=  0 | target=site(1.16,0.66)
R13[SITE      ]: carry=0 | base=0.31 | wall=3.19 | search=  0 | target=site(0.57,1.78)
R14[SEARCH    ]: carry=0 | base=2.23 | wall=1.42 | search=914 | target=phero(0.51,1.71)
R15[SEARCH    ]: carry=0 | base=1.84 | wall=1.78 | search=164 | target=site(0.53,1.73)
R16[SEARCH    ]: carry=0 | base=1.17 | wall=2.64 | search=234 | target=site(1.07,1.11)

[DEPOSIT] R1 deposited! Total: 85
  [TARGET] R1 → SITE (-1.05, -0.80)
[PICKUP] R15 picked up tag (density=11) | Total: 88
[PICKUP] R6 picked up tag (density=6) | Total: 89
[DEPOSIT] R10 deposited! Total: 86
  [TARGET] R10 → SITE (-0.77, -0.56)
[PICKUP] R4 picked up tag (density=11) | Total: 90
[PICKUP] R12 picked up tag (density=3) | Total: 91
[PICKUP] R2 picked up tag (density=13) | Total: 92
[PICKUP] R1 picked up tag (density=2) | Total: 93
[PICKUP] R13 picked up tag (density=10) | Total: 94

======================================================================
Step 13000 (6.9 min) | Pickups: 94 | Deposits: 86 | Rate: 12.40 tags/min | phero_entries=8 max_w=0.131
======================================================================
R1[SURVEY    ]: carry=1 | base=1.00 | wall=2.73 | search=  0 | target=none
R2[SURVEY    ]: carry=1 | base=2.33 | wall=1.70 | search=  0 | target=none
R3[PHERO     ]: carry=0 | base=1.65 | wall=2.30 | search=  0 | target=phero(-2.09,1.70)
R4[RTB       ]: carry=1 | base=2.80 | wall=0.76 | search=  0 | target=none
R5[WALL_ESC  ]: carry=0 | base=4.44 | wall=0.32 | search=1230 | target=site(1.53,1.92)
R6[RTB       ]: carry=1 | base=1.66 | wall=1.87 | search=  0 | target=none
R7[SEARCH    ]: carry=0 | base=2.56 | wall=0.96 | search=137 | target=phero(2.61,-0.46)
R8[SEARCH    ]: carry=0 | base=3.06 | wall=0.47 | search=985 | target=phero(1.00,0.78)
R9[RTB       ]: carry=1 | base=0.61 | wall=2.95 | search=  0 | target=none
R10[SEARCH    ]: carry=0 | base=0.92 | wall=2.74 | search= 43 | target=site(-0.77,-0.56)
R11[WALL_ESC  ]: carry=0 | base=3.85 | wall=0.32 | search=3501 | target=site(-0.67,-0.64)
R12[RTB       ]: carry=1 | base=1.51 | wall=2.20 | search=  0 | target=none
R13[SURVEY    ]: carry=1 | base=1.93 | wall=1.66 | search=  0 | target=none
R14[SEARCH    ]: carry=0 | base=3.13 | wall=0.39 | search=1414 | target=phero(0.51,1.71)
R15[RTB       ]: carry=1 | base=1.08 | wall=2.51 | search=  0 | target=none
R16[SEARCH    ]: carry=0 | base=1.18 | wall=2.65 | search=734 | target=site(1.07,1.11)

[DEPOSIT] R9 deposited! Total: 87
  [PHERO] Laid at (-2.27, -1.07) density=14 prob=0.96 entries=8
  [TARGET] R9 → SITE (-2.27, -1.07)
[PICKUP] R10 picked up tag (density=1) | Total: 95
[DEPOSIT] R15 deposited! Total: 88
  [PHERO] Laid at (0.65, 1.78) density=11 prob=0.80 entries=9
  [TARGET] R15 → SITE (0.65, 1.78)
[PICKUP] R3 picked up tag (density=12) | Total: 96
[PICKUP] R7 picked up tag (density=16) | Total: 97
[DEPOSIT] R1 deposited! Total: 89
  [TARGET] R1 → PHERO (-2.27, -1.07)
[DEPOSIT] R6 deposited! Total: 90
  [TARGET] R6 → SITE (-2.13, 0.40)
[DEPOSIT] R12 deposited! Total: 91
  [TARGET] R12 → SITE (1.28, 0.78)

======================================================================
Step 13500 (7.2 min) | Pickups: 97 | Deposits: 91 | Rate: 12.64 tags/min | phero_entries=8 max_w=0.403
======================================================================
R1[PHERO     ]: carry=0 | base=0.53 | wall=3.13 | search=  0 | target=phero(-2.27,-1.07)
R2[RTB       ]: carry=1 | base=0.89 | wall=2.81 | search=  0 | target=none
R3[RTB       ]: carry=1 | base=2.17 | wall=1.87 | search=  0 | target=none
R4[RTB       ]: carry=1 | base=1.01 | wall=2.50 | search=  0 | target=none
R5[GIVE_UP   ]: carry=0 | base=3.80 | wall=0.76 | search=1560 | target=none
R6[SITE      ]: carry=0 | base=0.31 | wall=3.19 | search=  0 | target=site(-2.13,0.40)
R7[RTB       ]: carry=1 | base=2.89 | wall=0.85 | search=  0 | target=none
R8[SEARCH    ]: carry=0 | base=3.13 | wall=0.50 | search=1485 | target=phero(1.00,0.78)
R9[SITE      ]: carry=0 | base=1.35 | wall=2.26 | search=  0 | target=site(-2.27,-1.07)
R10[RTB       ]: carry=1 | base=0.89 | wall=2.75 | search=  0 | target=none
R11[SEARCH    ]: carry=0 | base=3.76 | wall=0.40 | search=4001 | target=site(-0.67,-0.64)
R12[SITE      ]: carry=0 | base=0.29 | wall=3.22 | search=  0 | target=site(1.28,0.78)
R13[RTB       ]: carry=1 | base=0.94 | wall=2.62 | search=  0 | target=none
R14[SEARCH    ]: carry=0 | base=3.13 | wall=0.39 | search=1914 | target=phero(0.51,1.71)
R15[SITE      ]: carry=0 | base=0.86 | wall=2.72 | search=  0 | target=site(0.65,1.78)
R16[SEARCH    ]: carry=0 | base=2.44 | wall=1.14 | search=1234 | target=site(1.07,1.11)

[PICKUP] R5 picked up tag (density=15) | Total: 98
[DEPOSIT] R10 deposited! Total: 92
  [TARGET] R10 → PHERO (0.65, 1.78)
[DEPOSIT] R2 deposited! Total: 93
  [PHERO] Laid at (-1.80, 1.49) density=13 prob=0.93 entries=9
  [TARGET] R2 → SITE (-1.80, 1.49)
[DEPOSIT] R13 deposited! Total: 94
  [PHERO] Laid at (0.58, 1.83) density=10 prob=0.71 entries=9
  [TARGET] R13 → SITE (0.58, 1.83)
[DEPOSIT] R4 deposited! Total: 95
  [TARGET] R4 → SITE (2.71, -0.59)
[PICKUP] R12 picked up tag (density=2) | Total: 99

======================================================================
Step 14000 (7.5 min) | Pickups: 99 | Deposits: 95 | Rate: 12.72 tags/min | phero_entries=7 max_w=0.358
======================================================================
R1[PHERO     ]: carry=0 | base=2.32 | wall=1.42 | search=  0 | target=phero(-2.27,-1.07)
R2[SITE      ]: carry=0 | base=1.02 | wall=2.77 | search=  0 | target=site(-1.80,1.49)
R3[RTB       ]: carry=1 | base=0.29 | wall=3.28 | search=  0 | target=none
R4[SITE      ]: carry=0 | base=0.93 | wall=2.58 | search=  0 | target=site(2.71,-0.59)
R5[RTB       ]: carry=1 | base=3.03 | wall=1.33 | search=  0 | target=none
R6[SEARCH    ]: carry=0 | base=2.14 | wall=1.40 | search= 24 | target=site(-2.13,0.40)
R7[RTB       ]: carry=1 | base=1.34 | wall=2.25 | search=  0 | target=none
R8[SEARCH    ]: carry=0 | base=3.22 | wall=1.08 | search=1985 | target=phero(1.00,0.78)
R9[SEARCH    ]: carry=0 | base=2.38 | wall=1.35 | search=212 | target=site(-2.27,-1.07)
R10[PHERO     ]: carry=0 | base=0.27 | wall=3.23 | search=  0 | target=phero(0.65,1.78)
R11[SEARCH    ]: carry=0 | base=3.77 | wall=0.36 | search=4501 | target=site(-0.67,-0.64)
R12[SURVEY    ]: carry=1 | base=1.51 | wall=2.24 | search=  0 | target=none
R13[SITE      ]: carry=0 | base=1.00 | wall=2.57 | search=  0 | target=site(0.58,1.83)
R14[GIVE_UP   ]: carry=0 | base=2.87 | wall=0.64 | search=2340 | target=none
R15[SEARCH    ]: carry=0 | base=1.74 | wall=1.89 | search=242 | target=site(0.65,1.78)
R16[WALL_ESC  ]: carry=0 | base=3.24 | wall=0.33 | search=1734 | target=site(1.07,1.11)

[DEPOSIT] R3 deposited! Total: 96
  [PHERO] Laid at (-1.78, 1.51) density=12 prob=0.88 entries=8
  [TARGET] R3 → SITE (-1.78, 1.51)
[PICKUP] R14 picked up tag (density=5) | Total: 100
[PICKUP] R11 picked up tag (density=15) | Total: 101
[DEPOSIT] R7 deposited! Total: 97
  [PHERO] Laid at (2.64, -1.13) density=16 prob=0.99 entries=8
  [TARGET] R7 → SITE (2.64, -1.13)
[PICKUP] R13 picked up tag (density=9) | Total: 102

======================================================================
Step 14500 (7.7 min) | Pickups: 102 | Deposits: 97 | Rate: 12.54 tags/min | phero_entries=7 max_w=0.501
======================================================================
R1[SEARCH    ]: carry=0 | base=2.87 | wall=0.70 | search=458 | target=phero(-2.27,-1.07)
R2[SEARCH    ]: carry=0 | base=2.21 | wall=1.83 | search=169 | target=site(-1.80,1.49)
R3[SITE      ]: carry=0 | base=1.65 | wall=2.22 | search=  0 | target=site(-1.78,1.51)
R4[SEARCH    ]: carry=0 | base=2.78 | wall=0.78 | search= 31 | target=site(2.71,-0.59)
R5[RTB       ]: carry=1 | base=1.11 | wall=2.70 | search=  0 | target=none
R6[GIVE_UP   ]: carry=0 | base=1.05 | wall=2.49 | search=156 | target=none
R7[SITE      ]: carry=0 | base=0.61 | wall=2.90 | search=  0 | target=site(2.64,-1.13)
R8[SEARCH    ]: carry=0 | base=3.44 | wall=0.40 | search=2485 | target=phero(1.00,0.78)
R9[SEARCH    ]: carry=0 | base=2.50 | wall=1.03 | search=712 | target=site(-2.27,-1.07)
R10[PHERO     ]: carry=0 | base=1.72 | wall=1.87 | search=  0 | target=phero(0.65,1.78)
R11[SURVEY    ]: carry=1 | base=2.83 | wall=1.16 | search=  0 | target=none
R12[RTB       ]: carry=1 | base=0.40 | wall=3.15 | search=  0 | target=none
R13[SURVEY    ]: carry=1 | base=1.94 | wall=1.64 | search=  0 | target=none
R14[RTB       ]: carry=1 | base=1.58 | wall=1.93 | search=  0 | target=none
R15[SEARCH    ]: carry=0 | base=3.05 | wall=1.26 | search=742 | target=site(0.65,1.78)
R16[WALL_ESC  ]: carry=0 | base=3.24 | wall=0.34 | search=2234 | target=site(1.07,1.11)

[DEPOSIT] R12 deposited! Total: 98
  [TARGET] R12 → SITE (1.26, 0.82)
[PICKUP] R4 picked up tag (density=10) | Total: 103
[PICKUP] R2 picked up tag (density=11) | Total: 104
  [GIVE-UP] R6 returned empty after 156 searching steps
  [TARGET] R6 → PHERO (2.64, -1.13)
[DEPOSIT] R5 deposited! Total: 99
  [PHERO] Laid at (2.40, 2.50) density=15 prob=0.98 entries=7
  [TARGET] R5 → SITE (2.40, 2.50)
[DEPOSIT] R14 deposited! Total: 100
  [TARGET] R14 → SITE (-2.47, 0.27)
[PICKUP] R3 picked up tag (density=10) | Total: 105

======================================================================
Step 15000 (8.0 min) | Pickups: 105 | Deposits: 100 | Rate: 12.50 tags/min | phero_entries=7 max_w=0.415
======================================================================
R1[GIVE_UP   ]: carry=0 | base=1.42 | wall=2.11 | search=468 | target=none
R2[RTB       ]: carry=1 | base=1.70 | wall=2.28 | search=  0 | target=none
R3[SURVEY    ]: carry=1 | base=2.34 | wall=1.85 | search=  0 | target=none
R4[RTB       ]: carry=1 | base=2.41 | wall=1.12 | search=  0 | target=none
R5[SITE      ]: carry=0 | base=0.84 | wall=2.85 | search=  0 | target=site(2.40,2.50)
R6[PHERO     ]: carry=0 | base=0.28 | wall=3.27 | search=  0 | target=phero(2.64,-1.13)
R7[SITE      ]: carry=0 | base=2.52 | wall=1.17 | search=  0 | target=site(2.64,-1.13)
R8[GIVE_UP   ]: carry=0 | base=3.44 | wall=0.40 | search=2964 | target=none
R9[SEARCH    ]: carry=0 | base=2.34 | wall=1.69 | search=1212 | target=site(-2.27,-1.07)
R10[SEARCH    ]: carry=0 | base=2.14 | wall=1.78 | search=467 | target=phero(0.65,1.78)
R11[RTB       ]: carry=1 | base=1.30 | wall=2.40 | search=  0 | target=none
R12[SEARCH    ]: carry=0 | base=1.49 | wall=2.24 | search= 22 | target=site(1.26,0.82)
R13[RTB       ]: carry=1 | base=0.45 | wall=3.08 | search=  0 | target=none
R14[SITE      ]: carry=0 | base=0.26 | wall=3.25 | search=  0 | target=site(-2.47,0.27)
R15[WALL_ESC  ]: carry=0 | base=4.38 | wall=0.31 | search=1242 | target=site(0.65,1.78)
R16[WALL_ESC  ]: carry=0 | base=3.24 | wall=0.33 | search=2734 | target=site(1.07,1.11)

[DEPOSIT] R13 deposited! Total: 101
  [TARGET] R13 → SITE (0.56, 1.86)
[PICKUP] R12 picked up tag (density=1) | Total: 106
[PICKUP] R9 picked up tag (density=17) | Total: 107
[DEPOSIT] R11 deposited! Total: 102
  [PHERO] Laid at (2.34, -1.59) density=15 prob=0.98 entries=7
  [TARGET] R11 → SITE (2.34, -1.59)
[PICKUP] R7 picked up tag (density=14) | Total: 108
  [GIVE-UP] R1 returned empty after 468 searching steps
  [TARGET] R1 → PHERO (2.34, -1.59)
[PICKUP] R10 picked up tag (density=11) | Total: 109
[DEPOSIT] R2 deposited! Total: 103
  [PHERO] Laid at (-1.61, 1.60) density=11 prob=0.80 entries=7
  [TARGET] R2 → SITE (-1.61, 1.60)
[PICKUP] R14 picked up tag (density=4) | Total: 110

======================================================================
Step 15500 (8.3 min) | Pickups: 110 | Deposits: 103 | Rate: 12.46 tags/min | phero_entries=7 max_w=0.675
======================================================================
R1[PHERO     ]: carry=0 | base=0.29 | wall=3.21 | search=  0 | target=phero(2.34,-1.59)
R2[SITE      ]: carry=0 | base=0.28 | wall=3.25 | search=  0 | target=site(-1.61,1.60)
R3[RTB       ]: carry=1 | base=1.22 | wall=2.62 | search=  0 | target=none
R4[RTB       ]: carry=1 | base=0.49 | wall=3.01 | search=  0 | target=none
R5[SITE      ]: carry=0 | base=2.76 | wall=1.53 | search=  0 | target=site(2.40,2.50)
R6[PHERO     ]: carry=0 | base=1.64 | wall=2.04 | search=  0 | target=phero(2.64,-1.13)
R7[SURVEY    ]: carry=1 | base=2.69 | wall=1.03 | search=  0 | target=none
R8[GIVE_UP   ]: carry=0 | base=1.69 | wall=2.00 | search=2964 | target=none
R9[RTB       ]: carry=1 | base=2.23 | wall=1.60 | search=  0 | target=none
R10[RTB       ]: carry=1 | base=2.89 | wall=1.10 | search=  0 | target=none
R11[SITE      ]: carry=0 | base=0.66 | wall=3.00 | search=  0 | target=site(2.34,-1.59)
R12[RTB       ]: carry=1 | base=1.25 | wall=2.44 | search=  0 | target=none
R13[SITE      ]: carry=0 | base=1.48 | wall=2.09 | search=  0 | target=site(0.56,1.86)
R14[SURVEY    ]: carry=1 | base=2.11 | wall=1.40 | search=  0 | target=none
R15[SEARCH    ]: carry=0 | base=4.32 | wall=0.40 | search=1742 | target=site(0.65,1.78)
R16[GIVE_UP   ]: carry=0 | base=2.29 | wall=1.24 | search=2964 | target=none

[DEPOSIT] R4 deposited! Total: 104
  [PHERO] Laid at (2.73, -0.54) density=10 prob=0.71 entries=8
  [TARGET] R4 → SITE (2.73, -0.54)
[PICKUP] R13 picked up tag (density=8) | Total: 111
[DEPOSIT] R3 deposited! Total: 105
  [PHERO] Laid at (-1.65, 1.65) density=10 prob=0.71 entries=9
  [TARGET] R3 → SITE (-1.65, 1.65)
[DEPOSIT] R12 deposited! Total: 106
  [TARGET] R12 → PHERO (2.73, -0.54)
[PICKUP] R6 picked up tag (density=13) | Total: 112
  [GIVE-UP] R8 returned empty after 2964 searching steps
  [TARGET] R8 → PHERO (-1.61, 1.60)

======================================================================
Step 16000 (8.5 min) | Pickups: 112 | Deposits: 106 | Rate: 12.42 tags/min | phero_entries=7 max_w=0.461
======================================================================
R1[PHERO     ]: carry=0 | base=1.33 | wall=2.50 | search=  0 | target=phero(2.34,-1.59)
R2[SITE      ]: carry=0 | base=2.15 | wall=1.98 | search=  0 | target=site(-1.61,1.60)
R3[SITE      ]: carry=0 | base=0.72 | wall=2.94 | search=  0 | target=site(-1.65,1.65)
R4[SITE      ]: carry=0 | base=1.44 | wall=2.10 | search=  0 | target=site(2.73,-0.54)
R5[SEARCH    ]: carry=0 | base=2.83 | wall=1.42 | search=329 | target=site(2.40,2.50)
R6[SURVEY    ]: carry=1 | base=2.86 | wall=0.89 | search=  0 | target=none
R7[RTB       ]: carry=1 | base=1.34 | wall=2.25 | search=  0 | target=none
R8[BASE_ESC  ]: carry=0 | base=0.23 | wall=3.32 | search=  0 | target=phero(-1.61,1.60)
R9[RTB       ]: carry=1 | base=0.31 | wall=3.24 | search=  0 | target=none
R10[RTB       ]: carry=1 | base=1.26 | wall=2.43 | search=  0 | target=none
R11[SITE      ]: carry=0 | base=2.58 | wall=1.38 | search=  0 | target=site(2.34,-1.59)
R12[PHERO     ]: carry=0 | base=0.72 | wall=2.78 | search=  0 | target=phero(2.73,-0.54)
R13[RTB       ]: carry=1 | base=1.54 | wall=2.06 | search=  0 | target=none
R14[RTB       ]: carry=1 | base=1.10 | wall=2.40 | search=  0 | target=none
R15[WALL_ESC  ]: carry=0 | base=4.34 | wall=0.35 | search=2242 | target=site(0.65,1.78)
R16[GIVE_UP   ]: carry=0 | base=0.37 | wall=3.13 | search=2964 | target=none

[PICKUP] R11 picked up tag (density=12) | Total: 113
[DEPOSIT] R9 deposited! Total: 107
  [PHERO] Laid at (-1.49, 2.30) density=17 prob=0.99 entries=8
  [TARGET] R9 → SITE (-1.49, 2.30)
  [GIVE-UP] R16 returned empty after 2964 searching steps
  [TARGET] R16 → PHERO (-1.65, 1.65)
[DEPOSIT] R14 deposited! Total: 108
  [TARGET] R14 → SITE (-2.10, 0.21)
[DEPOSIT] R10 deposited! Total: 109
  [PHERO] Laid at (2.38, 1.62) density=11 prob=0.80 entries=8
  [TARGET] R10 → SITE (2.38, 1.62)
[DEPOSIT] R7 deposited! Total: 110
  [PHERO] Laid at (2.47, -1.07) density=14 prob=0.96 entries=9
  [TARGET] R7 → SITE (2.47, -1.07)
[DEPOSIT] R13 deposited! Total: 111
  [TARGET] R13 → SITE (0.57, 1.86)
[PICKUP] R4 picked up tag (density=9) | Total: 114

======================================================================
Step 16500 (8.8 min) | Pickups: 114 | Deposits: 111 | Rate: 12.61 tags/min | phero_entries=8 max_w=0.503
======================================================================
R1[SEARCH    ]: carry=0 | base=2.79 | wall=1.25 | search=117 | target=phero(2.34,-1.59)
R2[SEARCH    ]: carry=0 | base=1.61 | wall=1.98 | search=482 | target=site(-1.61,1.60)
R3[SEARCH    ]: carry=0 | base=2.31 | wall=1.84 | search= 92 | target=site(-1.65,1.65)
R4[SURVEY    ]: carry=1 | base=2.84 | wall=0.72 | search=  0 | target=none
R5[GIVE_UP   ]: carry=0 | base=1.43 | wall=2.18 | search=624 | target=none
R6[RTB       ]: carry=1 | base=1.86 | wall=1.77 | search=  0 | target=none
R7[SITE      ]: carry=0 | base=0.62 | wall=2.97 | search=  0 | target=site(2.47,-1.07)
R8[PHERO     ]: carry=0 | base=0.46 | wall=3.07 | search=  0 | target=phero(-1.61,1.60)
R9[SITE      ]: carry=0 | base=1.65 | wall=2.09 | search=  0 | target=site(-1.49,2.30)
R10[WALL_ESC  ]: carry=0 | base=0.44 | wall=3.07 | search=  0 | target=site(2.38,1.62)
R11[RTB       ]: carry=1 | base=1.77 | wall=2.00 | search=  0 | target=none
R12[PHERO     ]: carry=0 | base=2.62 | wall=0.92 | search=  0 | target=phero(2.73,-0.54)
R13[SITE      ]: carry=0 | base=0.39 | wall=3.11 | search=  0 | target=site(0.57,1.86)
R14[SITE      ]: carry=0 | base=0.78 | wall=2.72 | search=  0 | target=site(-2.10,0.21)
R15[WALL_ESC  ]: carry=0 | base=4.42 | wall=0.34 | search=2742 | target=site(0.65,1.78)
R16[PHERO     ]: carry=0 | base=0.63 | wall=2.92 | search=  0 | target=phero(-1.65,1.65)

[PICKUP] R12 picked up tag (density=8) | Total: 115
  [GIVE-UP] R5 returned empty after 624 searching steps
  [TARGET] R5 → PHERO (-1.65, 1.65)
[PICKUP] R9 picked up tag (density=16) | Total: 116
[DEPOSIT] R11 deposited! Total: 112
  [PHERO] Laid at (2.14, -1.47) density=12 prob=0.88 entries=8
  [TARGET] R11 → SITE (2.14, -1.47)
[DEPOSIT] R6 deposited! Total: 113
  [PHERO] Laid at (2.61, -1.17) density=13 prob=0.93 entries=9
  [TARGET] R6 → SITE (2.61, -1.17)
[PICKUP] R16 picked up tag (density=9) | Total: 117

======================================================================
Step 17000 (9.1 min) | Pickups: 117 | Deposits: 113 | Rate: 12.46 tags/min | phero_entries=9 max_w=0.804
======================================================================
R1[WALL_ESC  ]: carry=0 | base=3.71 | wall=0.31 | search=617 | target=phero(2.34,-1.59)
R2[SEARCH    ]: carry=0 | base=1.75 | wall=2.20 | search=982 | target=site(-1.61,1.60)
R3[GIVE_UP   ]: carry=0 | base=0.56 | wall=3.09 | search=156 | target=none
R4[RTB       ]: carry=1 | base=1.83 | wall=1.69 | search=  0 | target=none
R5[PHERO     ]: carry=0 | base=0.29 | wall=3.22 | search=  0 | target=phero(-1.65,1.65)
R6[BASE_ESC  ]: carry=0 | base=0.23 | wall=3.27 | search=  0 | target=site(2.61,-1.17)
R7[SITE      ]: carry=0 | base=2.53 | wall=1.18 | search=  0 | target=site(2.47,-1.07)
R8[PHERO     ]: carry=0 | base=1.26 | wall=2.44 | search=  0 | target=phero(-1.61,1.60)
R9[RTB       ]: carry=1 | base=2.72 | wall=1.21 | search=  0 | target=none
R10[SITE      ]: carry=0 | base=1.66 | wall=2.30 | search=  0 | target=site(2.38,1.62)
R11[BASE_ESC  ]: carry=0 | base=0.20 | wall=3.33 | search=  0 | target=site(2.14,-1.47)
R12[RTB       ]: carry=1 | base=2.27 | wall=1.25 | search=  0 | target=none
R13[SEARCH    ]: carry=0 | base=1.93 | wall=1.64 | search= 67 | target=site(0.57,1.86)
R14[SEARCH    ]: carry=0 | base=2.01 | wall=1.50 | search=166 | target=site(-2.10,0.21)
R15[SEARCH    ]: carry=0 | base=4.30 | wall=0.39 | search=3242 | target=site(0.65,1.78)
R16[SURVEY    ]: carry=1 | base=2.33 | wall=1.84 | search=  0 | target=none

[PICKUP] R13 picked up tag (density=7) | Total: 118
  [GIVE-UP] R3 returned empty after 156 searching steps
  [TARGET] R3 → PHERO (2.14, -1.47)
[PICKUP] R2 picked up tag (density=10) | Total: 119
[DEPOSIT] R4 deposited! Total: 114
  [TARGET] R4 → SITE (2.78, -0.58)

======================================================================
Step 17500 (9.3 min) | Pickups: 119 | Deposits: 114 | Rate: 12.21 tags/min | phero_entries=8 max_w=0.162
======================================================================
R1[SEARCH    ]: carry=0 | base=3.71 | wall=0.35 | search=1117 | target=phero(2.34,-1.59)
R2[SURVEY    ]: carry=1 | base=2.87 | wall=1.09 | search=  0 | target=none
R3[PHERO     ]: carry=0 | base=0.26 | wall=3.29 | search=  0 | target=phero(2.14,-1.47)
R4[BASE_ESC  ]: carry=0 | base=0.23 | wall=3.27 | search=  0 | target=site(2.78,-0.58)
R5[PHERO     ]: carry=0 | base=1.69 | wall=2.25 | search=  0 | target=phero(-1.65,1.65)
R6[SITE      ]: carry=0 | base=1.96 | wall=1.70 | search=  0 | target=site(2.61,-1.17)
R7[GIVE_UP   ]: carry=0 | base=1.46 | wall=2.12 | search=156 | target=none
R8[PHERO     ]: carry=0 | base=1.91 | wall=2.00 | search=  0 | target=phero(-1.61,1.60)
R9[RTB       ]: carry=1 | base=0.87 | wall=2.75 | search=  0 | target=none
R10[GIVE_UP   ]: carry=0 | base=2.99 | wall=1.20 | search=156 | target=none
R11[SITE      ]: carry=0 | base=1.98 | wall=1.85 | search=  0 | target=site(2.14,-1.47)
R12[RTB       ]: carry=1 | base=0.35 | wall=3.15 | search=  0 | target=none
R13[RTB       ]: carry=1 | base=1.29 | wall=2.28 | search=  0 | target=none
R14[SEARCH    ]: carry=0 | base=2.92 | wall=1.05 | search=666 | target=site(-2.10,0.21)
R15[WALL_ESC  ]: carry=0 | base=4.42 | wall=0.31 | search=3742 | target=site(0.65,1.78)
R16[RTB       ]: carry=1 | base=1.19 | wall=2.64 | search=  0 | target=none

[DEPOSIT] R12 deposited! Total: 115
  [PHERO] Laid at (2.75, -0.50) density=8 prob=0.46 entries=9
  [TARGET] R12 → SITE (2.75, -0.50)
[DEPOSIT] R9 deposited! Total: 116
  [PHERO] Laid at (-1.47, 2.30) density=16 prob=0.99 entries=9
  [TARGET] R9 → SITE (-1.47, 2.30)
[PICKUP] R6 picked up tag (density=11) | Total: 120
[PICKUP] R11 picked up tag (density=10) | Total: 121
[DEPOSIT] R16 deposited! Total: 117
  [PHERO] Laid at (-1.64, 1.66) density=9 prob=0.59 entries=9
  [TARGET] R16 → SITE (-1.64, 1.66)
[DEPOSIT] R13 deposited! Total: 118
  [TARGET] R13 → SITE (0.52, 1.86)
  [GIVE-UP] R7 returned empty after 156 searching steps
  [TARGET] R7 → PHERO (-1.64, 1.66)

======================================================================
Step 18000 (9.6 min) | Pickups: 121 | Deposits: 118 | Rate: 12.29 tags/min | phero_entries=8 max_w=0.451
======================================================================
R1[SEARCH    ]: carry=0 | base=3.64 | wall=0.38 | search=1617 | target=phero(2.34,-1.59)
R2[RTB       ]: carry=1 | base=1.44 | wall=2.27 | search=  0 | target=none
R3[PHERO     ]: carry=0 | base=1.82 | wall=2.04 | search=  0 | target=phero(2.14,-1.47)
R4[SITE      ]: carry=0 | base=2.02 | wall=1.51 | search=  0 | target=site(2.78,-0.58)
R5[SEARCH    ]: carry=0 | base=2.43 | wall=1.56 | search=339 | target=phero(-1.65,1.65)
R6[RTB       ]: carry=1 | base=2.50 | wall=1.18 | search=  0 | target=none
R7[PHERO     ]: carry=0 | base=0.28 | wall=3.22 | search=  0 | target=phero(-1.64,1.66)
R8[SEARCH    ]: carry=0 | base=2.37 | wall=1.41 | search=399 | target=phero(-1.61,1.60)
R9[SITE      ]: carry=0 | base=1.01 | wall=2.66 | search=  0 | target=site(-1.47,2.30)
R10[GIVE_UP   ]: carry=0 | base=1.16 | wall=2.62 | search=156 | target=none
R11[RTB       ]: carry=1 | base=2.42 | wall=1.43 | search=  0 | target=none
R12[SITE      ]: carry=0 | base=1.16 | wall=2.38 | search=  0 | target=site(2.75,-0.50)
R13[SITE      ]: carry=0 | base=0.65 | wall=2.91 | search=  0 | target=site(0.52,1.86)
R14[SEARCH    ]: carry=0 | base=3.95 | wall=0.37 | search=1166 | target=site(-2.10,0.21)
R15[SEARCH    ]: carry=0 | base=4.35 | wall=0.39 | search=4242 | target=site(0.65,1.78)
R16[SITE      ]: carry=0 | base=0.71 | wall=2.93 | search=  0 | target=site(-1.64,1.66)

  [GIVE-UP] R10 returned empty after 156 searching steps
  [TARGET] R10 → PHERO (2.14, -1.47)
[PICKUP] R4 picked up tag (density=7) | Total: 122
[PICKUP] R3 picked up tag (density=9) | Total: 123
[DEPOSIT] R2 deposited! Total: 119
  [PHERO] Laid at (2.41, 1.57) density=10 prob=0.71 entries=8
  [TARGET] R2 → SITE (2.41, 1.57)
[PICKUP] R13 picked up tag (density=6) | Total: 124

======================================================================
Step 18500 (9.9 min) | Pickups: 124 | Deposits: 119 | Rate: 12.06 tags/min | phero_entries=6 max_w=0.555
======================================================================
R1[WALL_ESC  ]: carry=0 | base=3.74 | wall=0.31 | search=2117 | target=phero(2.34,-1.59)
R2[SITE      ]: carry=0 | base=0.49 | wall=3.01 | search=  0 | target=site(2.41,1.57)
R3[RTB       ]: carry=1 | base=2.68 | wall=1.24 | search=  0 | target=none
R4[RTB       ]: carry=1 | base=2.87 | wall=0.68 | search=  0 | target=none
R5[SEARCH    ]: carry=0 | base=4.02 | wall=0.62 | search=839 | target=phero(-1.65,1.65)
R6[RTB       ]: carry=1 | base=0.58 | wall=2.96 | search=  0 | target=none
R7[PHERO     ]: carry=0 | base=1.61 | wall=2.30 | search=  0 | target=phero(-1.64,1.66)
R8[SEARCH    ]: carry=0 | base=3.22 | wall=0.39 | search=899 | target=phero(-1.61,1.60)
R9[SEARCH    ]: carry=0 | base=2.71 | wall=1.23 | search= 66 | target=site(-1.47,2.30)
R10[PHERO     ]: carry=0 | base=0.51 | wall=3.00 | search=  0 | target=phero(2.14,-1.47)
R11[RTB       ]: carry=1 | base=0.50 | wall=3.07 | search=  0 | target=none
R12[SEARCH    ]: carry=0 | base=2.79 | wall=0.76 | search= 87 | target=site(2.75,-0.50)
R13[SURVEY    ]: carry=1 | base=2.00 | wall=1.58 | search=  0 | target=none
R14[WALL_ESC  ]: carry=0 | base=4.08 | wall=0.32 | search=1666 | target=site(-2.10,0.21)
R15[SEARCH    ]: carry=0 | base=4.32 | wall=0.36 | search=4742 | target=site(0.65,1.78)
R16[SEARCH    ]: carry=0 | base=2.31 | wall=1.81 | search= 88 | target=site(-1.64,1.66)

[DEPOSIT] R11 deposited! Total: 120
  [PHERO] Laid at (2.16, -1.45) density=10 prob=0.71 entries=7
  [TARGET] R11 → SITE (2.16, -1.45)
[DEPOSIT] R6 deposited! Total: 121
  [PHERO] Laid at (2.41, -1.07) density=11 prob=0.80 entries=8
  [TARGET] R6 → SITE (2.41, -1.07)
[PICKUP] R16 picked up tag (density=8) | Total: 125
[PICKUP] R12 picked up tag (density=6) | Total: 126
[PICKUP] R9 picked up tag (density=14) | Total: 127
[PICKUP] R8 picked up tag (density=9) | Total: 128

======================================================================
Step 19000 (10.1 min) | Pickups: 128 | Deposits: 121 | Rate: 11.94 tags/min | phero_entries=8 max_w=0.275
======================================================================
R1[SEARCH    ]: carry=0 | base=3.66 | wall=0.39 | search=2617 | target=phero(2.34,-1.59)
R2[SITE      ]: carry=0 | base=1.83 | wall=1.77 | search=  0 | target=site(2.41,1.57)
R3[RTB       ]: carry=1 | base=1.14 | wall=2.51 | search=  0 | target=none
R4[RTB       ]: carry=1 | base=1.33 | wall=2.18 | search=  0 | target=none
R5[WALL_ESC  ]: carry=0 | base=4.36 | wall=0.31 | search=1339 | target=phero(-1.65,1.65)
R6[SITE      ]: carry=0 | base=1.28 | wall=2.29 | search=  0 | target=site(2.41,-1.07)
R7[SEARCH    ]: carry=0 | base=2.39 | wall=1.64 | search=323 | target=phero(-1.64,1.66)
R8[SURVEY    ]: carry=1 | base=2.12 | wall=1.48 | search=  0 | target=none
R9[RTB       ]: carry=1 | base=2.38 | wall=1.37 | search=  0 | target=none
R10[PHERO     ]: carry=0 | base=1.77 | wall=1.87 | search=  0 | target=phero(2.14,-1.47)
R11[SITE      ]: carry=0 | base=1.29 | wall=2.41 | search=  0 | target=site(2.16,-1.45)
R12[RTB       ]: carry=1 | base=2.69 | wall=0.83 | search=  0 | target=none
R13[RTB       ]: carry=1 | base=0.78 | wall=2.77 | search=  0 | target=none
R14[SEARCH    ]: carry=0 | base=3.96 | wall=0.40 | search=2166 | target=site(-2.10,0.21)
R15[WALL_ESC  ]: carry=0 | base=4.43 | wall=0.32 | search=5242 | target=site(0.65,1.78)
R16[RTB       ]: carry=1 | base=1.83 | wall=2.09 | search=  0 | target=none

[DEPOSIT] R13 deposited! Total: 122
  [PHERO] Laid at (0.58, 1.91) density=6 prob=0.21 entries=7
  [TARGET] R13 → SITE (0.58, 1.91)
[DEPOSIT] R3 deposited! Total: 123
  [TARGET] R3 → SITE (2.24, -1.45)
[DEPOSIT] R4 deposited! Total: 124
  [PHERO] Laid at (2.80, -0.53) density=7 prob=0.32 entries=8
  [TARGET] R4 → SITE (2.80, -0.53)
[PICKUP] R10 picked up tag (density=8) | Total: 129
[PICKUP] R6 picked up tag (density=7) | Total: 130
[DEPOSIT] R16 deposited! Total: 125
  [PHERO] Laid at (-1.58, 1.79) density=8 prob=0.46 entries=9
  [TARGET] R16 → SITE (-1.58, 1.79)

======================================================================
Step 19500 (10.4 min) | Pickups: 130 | Deposits: 125 | Rate: 12.02 tags/min | phero_entries=9 max_w=0.757
======================================================================
R1[SEARCH    ]: carry=0 | base=3.66 | wall=0.36 | search=3117 | target=phero(2.34,-1.59)
R2[SEARCH    ]: carry=0 | base=2.74 | wall=1.20 | search=202 | target=site(2.41,1.57)
R3[SITE      ]: carry=0 | base=0.83 | wall=2.84 | search=  0 | target=site(2.24,-1.45)
R4[SITE      ]: carry=0 | base=0.61 | wall=2.89 | search=  0 | target=site(2.80,-0.53)
R5[SEARCH    ]: carry=0 | base=4.32 | wall=0.37 | search=1839 | target=phero(-1.65,1.65)
R6[SURVEY    ]: carry=1 | base=2.62 | wall=1.12 | search=  0 | target=none
R7[WALL_ESC  ]: carry=0 | base=3.71 | wall=0.33 | search=823 | target=phero(-1.64,1.66)
R8[RTB       ]: carry=1 | base=0.65 | wall=2.87 | search=  0 | target=none
R9[RTB       ]: carry=1 | base=0.46 | wall=3.09 | search=  0 | target=none
R10[SURVEY    ]: carry=1 | base=2.59 | wall=1.29 | search=  0 | target=none
R11[GIVE_UP   ]: carry=0 | base=2.62 | wall=1.31 | search=156 | target=none
R12[RTB       ]: carry=1 | base=0.77 | wall=2.73 | search=  0 | target=none
R13[SITE      ]: carry=0 | base=1.16 | wall=2.41 | search=  0 | target=site(0.58,1.91)
R14[WALL_ESC  ]: carry=0 | base=4.05 | wall=0.32 | search=2666 | target=site(-2.10,0.21)
R15[SEARCH    ]: carry=0 | base=4.30 | wall=0.40 | search=5742 | target=site(0.65,1.78)
R16[BASE_ESC  ]: carry=0 | base=0.23 | wall=3.33 | search=  0 | target=site(-1.58,1.79)

[PICKUP] R2 picked up tag (density=9) | Total: 131
[DEPOSIT] R9 deposited! Total: 126
  [PHERO] Laid at (-1.26, 2.34) density=14 prob=0.96 entries=10
  [TARGET] R9 → SITE (-1.26, 2.34)
[DEPOSIT] R8 deposited! Total: 127
  [TARGET] R8 → SITE (-0.63, 2.03)
[DEPOSIT] R12 deposited! Total: 128
  [PHERO] Laid at (2.93, -0.50) density=6 prob=0.21 entries=11
  [TARGET] R12 → SITE (2.93, -0.50)
[PICKUP] R13 picked up tag (density=5) | Total: 132

======================================================================
Step 20000 (10.7 min) | Pickups: 132 | Deposits: 128 | Rate: 12.00 tags/min | phero_entries=8 max_w=0.318
======================================================================
R1[WALL_ESC  ]: carry=0 | base=3.74 | wall=0.32 | search=3617 | target=phero(2.34,-1.59)
R2[RTB       ]: carry=1 | base=2.00 | wall=1.75 | search=  0 | target=none
R3[SEARCH    ]: carry=0 | base=2.65 | wall=1.28 | search= 28 | target=site(2.24,-1.45)
R4[SITE      ]: carry=0 | base=2.48 | wall=1.06 | search=  0 | target=site(2.80,-0.53)
R5[GIVE_UP   ]: carry=0 | base=2.97 | wall=1.31 | search=1872 | target=none
R6[RTB       ]: carry=1 | base=1.56 | wall=2.06 | search=  0 | target=none
R7[SEARCH    ]: carry=0 | base=3.69 | wall=0.38 | search=1323 | target=phero(-1.64,1.66)
R8[SITE      ]: carry=0 | base=1.29 | wall=2.25 | search=  0 | target=site(-0.63,2.03)
R9[SITE      ]: carry=0 | base=1.34 | wall=2.30 | search=  0 | target=site(-1.26,2.34)
R10[RTB       ]: carry=1 | base=1.11 | wall=2.53 | search=  0 | target=none
R11[GIVE_UP   ]: carry=0 | base=0.81 | wall=2.81 | search=156 | target=none
R12[SITE      ]: carry=0 | base=1.16 | wall=2.37 | search=  0 | target=site(2.93,-0.50)
R13[SURVEY    ]: carry=1 | base=2.09 | wall=1.53 | search=  0 | target=none
R14[WALL_ESC  ]: carry=0 | base=4.06 | wall=0.34 | search=3166 | target=site(-2.10,0.21)
R15[WALL_ESC  ]: carry=0 | base=4.41 | wall=0.31 | search=6242 | target=site(0.65,1.78)
R16[SITE      ]: carry=0 | base=2.04 | wall=1.98 | search=  0 | target=site(-1.58,1.79)

[PICKUP] R5 picked up tag (density=7) | Total: 133
[PICKUP] R3 picked up tag (density=6) | Total: 134
[PICKUP] R4 picked up tag (density=5) | Total: 135
  [GIVE-UP] R11 returned empty after 156 searching steps
  [TARGET] R11 → PHERO (-1.26, 2.34)
[DEPOSIT] R10 deposited! Total: 129
  [TARGET] R10 → SITE (2.19, -1.40)
[PICKUP] R8 picked up tag (density=8) | Total: 136
[DEPOSIT] R6 deposited! Total: 130
  [PHERO] Laid at (2.38, -1.10) density=7 prob=0.32 entries=9
  [TARGET] R6 → SITE (2.38, -1.10)
[DEPOSIT] R2 deposited! Total: 131
  [PHERO] Laid at (2.37, 1.42) density=9 prob=0.59 entries=10
  [TARGET] R2 → SITE (2.37, 1.42)

======================================================================
Step 20500 (10.9 min) | Pickups: 136 | Deposits: 131 | Rate: 11.98 tags/min | phero_entries=9 max_w=0.866
======================================================================
R1[SEARCH    ]: carry=0 | base=3.64 | wall=0.40 | search=4117 | target=phero(2.34,-1.59)
R2[BASE_ESC  ]: carry=0 | base=0.22 | wall=3.30 | search=  0 | target=site(2.37,1.42)
R3[RTB       ]: carry=1 | base=2.33 | wall=1.51 | search=  0 | target=none
R4[RTB       ]: carry=1 | base=2.56 | wall=0.97 | search=  0 | target=none
R5[RTB       ]: carry=1 | base=1.79 | wall=2.20 | search=  0 | target=none
R6[SITE      ]: carry=0 | base=0.40 | wall=3.11 | search=  0 | target=site(2.38,-1.10)
R7[SEARCH    ]: carry=0 | base=3.64 | wall=0.37 | search=1823 | target=phero(-1.64,1.66)
R8[RTB       ]: carry=1 | base=2.07 | wall=1.49 | search=  0 | target=none
R9[SEARCH    ]: carry=0 | base=2.54 | wall=1.30 | search=172 | target=site(-1.26,2.34)
R10[SITE      ]: carry=0 | base=0.81 | wall=2.85 | search=  0 | target=site(2.19,-1.40)
R11[PHERO     ]: carry=0 | base=0.26 | wall=3.24 | search=  0 | target=phero(-1.26,2.34)
R12[SEARCH    ]: carry=0 | base=2.95 | wall=0.59 | search= 40 | target=site(2.93,-0.50)
R13[RTB       ]: carry=1 | base=0.86 | wall=2.71 | search=  0 | target=none
R14[SEARCH    ]: carry=0 | base=3.96 | wall=0.39 | search=3666 | target=site(-2.10,0.21)
R15[SEARCH    ]: carry=0 | base=4.38 | wall=0.37 | search=6742 | target=site(0.65,1.78)
R16[SEARCH    ]: carry=0 | base=1.65 | wall=2.06 | search=422 | target=site(-1.58,1.79)

[PICKUP] R12 picked up tag (density=4) | Total: 137
[DEPOSIT] R13 deposited! Total: 132
  [TARGET] R13 → SITE (0.71, 1.96)
[DEPOSIT] R5 deposited! Total: 133
  [TARGET] R5 → SITE (-2.08, 1.91)
[DEPOSIT] R8 deposited! Total: 134
  [TARGET] R8 → SITE (-0.55, 2.02)

======================================================================
Step 21000 (11.2 min) | Pickups: 137 | Deposits: 134 | Rate: 11.96 tags/min | phero_entries=7 max_w=0.175
======================================================================
R1[WALL_ESC  ]: carry=0 | base=3.71 | wall=0.32 | search=4617 | target=phero(2.34,-1.59)
R2[SITE      ]: carry=0 | base=1.87 | wall=1.88 | search=  0 | target=site(2.37,1.42)
R3[RTB       ]: carry=1 | base=0.41 | wall=3.15 | search=  0 | target=none
R4[RTB       ]: carry=1 | base=0.64 | wall=2.87 | search=  0 | target=none
R5[BASE_ESC  ]: carry=0 | base=0.23 | wall=3.31 | search=  0 | target=site(-2.08,1.91)
R6[SITE      ]: carry=0 | base=2.30 | wall=1.41 | search=  0 | target=site(2.38,-1.10)
R7[WALL_ESC  ]: carry=0 | base=3.74 | wall=0.32 | search=2323 | target=phero(-1.64,1.66)
R8[BASE_ESC  ]: carry=0 | base=0.23 | wall=3.27 | search=  0 | target=site(-0.55,2.02)
R9[SEARCH    ]: carry=0 | base=2.98 | wall=0.53 | search=672 | target=site(-1.26,2.34)
R10[SEARCH    ]: carry=0 | base=2.58 | wall=1.33 | search= 46 | target=site(2.19,-1.40)
R11[PHERO     ]: carry=0 | base=1.10 | wall=2.62 | search=  0 | target=phero(-1.26,2.34)
R12[RTB       ]: carry=1 | base=2.64 | wall=0.87 | search=  0 | target=none
R13[SITE      ]: carry=0 | base=1.07 | wall=2.52 | search=  0 | target=site(0.71,1.96)
R14[WALL_ESC  ]: carry=0 | base=4.08 | wall=0.31 | search=4166 | target=site(-2.10,0.21)
R15[GIVE_UP   ]: carry=0 | base=4.20 | wall=0.45 | search=7176 | target=none
R16[SEARCH    ]: carry=0 | base=0.45 | wall=3.11 | search=922 | target=site(-1.58,1.79)

[DEPOSIT] R3 deposited! Total: 135
  [TARGET] R3 → SITE (2.31, -1.53)
[DEPOSIT] R4 deposited! Total: 136
  [TARGET] R4 → SITE (2.80, -0.50)
[PICKUP] R15 picked up tag (density=14) | Total: 138
[PICKUP] R9 picked up tag (density=4) | Total: 139

======================================================================
Step 21500 (11.5 min) | Pickups: 139 | Deposits: 136 | Rate: 11.86 tags/min | phero_entries=5 max_w=0.035
======================================================================
R1[WALL_ESC  ]: carry=0 | base=3.72 | wall=0.34 | search=5117 | target=phero(2.34,-1.59)
R2[SEARCH    ]: carry=0 | base=2.31 | wall=1.47 | search=280 | target=site(2.37,1.42)
R3[SITE      ]: carry=0 | base=1.48 | wall=2.24 | search=  0 | target=site(2.31,-1.53)
R4[SITE      ]: carry=0 | base=1.33 | wall=2.20 | search=  0 | target=site(2.80,-0.50)
R5[SITE      ]: carry=0 | base=2.05 | wall=1.97 | search=  0 | target=site(-2.08,1.91)
R6[SEARCH    ]: carry=0 | base=1.60 | wall=2.06 | search=429 | target=site(2.38,-1.10)
R7[SEARCH    ]: carry=0 | base=3.64 | wall=0.40 | search=2823 | target=phero(-1.64,1.66)
R8[SITE      ]: carry=0 | base=1.75 | wall=1.81 | search=  0 | target=site(-0.55,2.02)
R9[SURVEY    ]: carry=1 | base=2.27 | wall=1.27 | search=  0 | target=none
R10[SEARCH    ]: carry=0 | base=3.33 | wall=1.14 | search=546 | target=site(2.19,-1.40)
R11[SEARCH    ]: carry=0 | base=2.67 | wall=1.19 | search=103 | target=phero(-1.26,2.34)
R12[RTB       ]: carry=1 | base=0.72 | wall=2.78 | search=  0 | target=none
R13[SEARCH    ]: carry=0 | base=2.11 | wall=1.58 | search=247 | target=site(0.71,1.96)
R14[GIVE_UP   ]: carry=0 | base=3.29 | wall=1.00 | search=4368 | target=none
R15[RTB       ]: carry=1 | base=3.44 | wall=0.93 | search=  0 | target=none
R16[SEARCH    ]: carry=0 | base=1.68 | wall=1.99 | search=1422 | target=site(-1.58,1.79)

[PICKUP] R8 picked up tag (density=7) | Total: 140
[PICKUP] R5 picked up tag (density=6) | Total: 141
[DEPOSIT] R12 deposited! Total: 137
  [TARGET] R12 → SITE (2.90, -0.42)
[PICKUP] R14 picked up tag (density=5) | Total: 142

======================================================================
Step 22000 (11.7 min) | Pickups: 142 | Deposits: 137 | Rate: 11.68 tags/min | phero_entries=2 max_w=0.007
======================================================================
R1[SEARCH    ]: carry=0 | base=3.64 | wall=0.39 | search=5617 | target=phero(2.34,-1.59)
R2[SEARCH    ]: carry=0 | base=0.60 | wall=2.91 | search=780 | target=site(2.37,1.42)
R3[SEARCH    ]: carry=0 | base=2.91 | wall=1.07 | search=176 | target=site(2.31,-1.53)
R4[SEARCH    ]: carry=0 | base=2.79 | wall=0.76 | search=119 | target=site(2.80,-0.50)
R5[RTB       ]: carry=1 | base=1.67 | wall=2.28 | search=  0 | target=none
R6[SEARCH    ]: carry=0 | base=1.39 | wall=2.28 | search=929 | target=site(2.38,-1.10)
R7[WALL_ESC  ]: carry=0 | base=3.68 | wall=0.34 | search=3323 | target=phero(-1.64,1.66)
R8[RTB       ]: carry=1 | base=0.91 | wall=2.61 | search=  0 | target=none
R9[RTB       ]: carry=1 | base=0.98 | wall=2.55 | search=  0 | target=none
R10[SEARCH    ]: carry=0 | base=4.04 | wall=0.37 | search=1046 | target=site(2.19,-1.40)
R11[SEARCH    ]: carry=0 | base=1.98 | wall=1.65 | search=603 | target=phero(-1.26,2.34)
R12[SITE      ]: carry=0 | base=1.22 | wall=2.29 | search=  0 | target=site(2.90,-0.42)
R13[SEARCH    ]: carry=0 | base=3.42 | wall=0.37 | search=747 | target=site(0.71,1.96)
R14[RTB       ]: carry=1 | base=2.11 | wall=1.92 | search=  0 | target=none
R15[RTB       ]: carry=1 | base=1.52 | wall=2.36 | search=  0 | target=none
R16[WALL_ESC  ]: carry=0 | base=3.28 | wall=0.33 | search=1922 | target=site(-1.58,1.79)

[PICKUP] R3 picked up tag (density=5) | Total: 143
[PICKUP] R11 picked up tag (density=3) | Total: 144
[DEPOSIT] R8 deposited! Total: 138
  [TARGET] R8 → SITE (-0.50, 1.79)
[DEPOSIT] R9 deposited! Total: 139
  [TARGET] R9 → PHERO (2.38, -1.10)
[DEPOSIT] R15 deposited! Total: 140
  [PHERO] Laid at (2.68, 2.52) density=14 prob=0.96 entries=3
  [TARGET] R15 → SITE (2.68, 2.52)
[PICKUP] R12 picked up tag (density=3) | Total: 145
[PICKUP] R6 picked up tag (density=15) | Total: 146
[DEPOSIT] R5 deposited! Total: 141
  [TARGET] R5 → PHERO (2.68, 2.52)
[PICKUP] R7 picked up tag (density=13) | Total: 147
[DEPOSIT] R14 deposited! Total: 142
  [TARGET] R14 → SITE (-2.09, 1.79)

======================================================================
Step 22500 (12.0 min) | Pickups: 147 | Deposits: 142 | Rate: 11.83 tags/min | phero_entries=3 max_w=0.584
======================================================================
R1[WALL_ESC  ]: carry=0 | base=3.74 | wall=0.31 | search=6117 | target=phero(2.34,-1.59)
R2[SEARCH    ]: carry=0 | base=0.26 | wall=3.24 | search=1280 | target=site(2.37,1.42)
R3[RTB       ]: carry=1 | base=2.09 | wall=1.69 | search=  0 | target=none
R4[SEARCH    ]: carry=0 | base=3.22 | wall=0.38 | search=619 | target=site(2.80,-0.50)
R5[PHERO     ]: carry=0 | base=0.26 | wall=3.27 | search=  0 | target=phero(2.68,2.52)
R6[SURVEY    ]: carry=1 | base=2.34 | wall=1.58 | search=  0 | target=none
R7[SURVEY    ]: carry=1 | base=3.25 | wall=0.70 | search=  0 | target=none
R8[SITE      ]: carry=0 | base=1.05 | wall=2.50 | search=  0 | target=site(-0.50,1.79)
R9[PHERO     ]: carry=0 | base=0.39 | wall=3.16 | search=  0 | target=phero(2.38,-1.10)
R10[SEARCH    ]: carry=0 | base=3.99 | wall=0.37 | search=1546 | target=site(2.19,-1.40)
R11[RTB       ]: carry=1 | base=1.62 | wall=1.89 | search=  0 | target=none
R12[SURVEY    ]: carry=1 | base=2.58 | wall=0.94 | search=  0 | target=none
R13[SEARCH    ]: carry=0 | base=3.38 | wall=0.39 | search=1247 | target=site(0.71,1.96)
R14[BASE_ESC  ]: carry=0 | base=0.25 | wall=3.32 | search=  0 | target=site(-2.09,1.79)
R15[SITE      ]: carry=0 | base=0.35 | wall=3.17 | search=  0 | target=site(2.68,2.52)
R16[SEARCH    ]: carry=0 | base=3.27 | wall=0.35 | search=2422 | target=site(-1.58,1.79)

[PICKUP] R8 picked up tag (density=6) | Total: 148
[DEPOSIT] R11 deposited! Total: 143
  [TARGET] R11 → PHERO (2.68, 2.52)
[DEPOSIT] R3 deposited! Total: 144
  [TARGET] R3 → SITE (2.47, -1.58)

======================================================================
Step 23000 (12.3 min) | Pickups: 148 | Deposits: 144 | Rate: 11.74 tags/min | phero_entries=1 max_w=0.118
======================================================================
R1[GIVE_UP   ]: carry=0 | base=3.10 | wall=0.83 | search=6396 | target=none
R2[SEARCH    ]: carry=0 | base=1.70 | wall=1.80 | search=1780 | target=site(2.37,1.42)
R3[BASE_ESC  ]: carry=0 | base=0.23 | wall=3.31 | search=  0 | target=site(2.47,-1.58)
R4[SEARCH    ]: carry=0 | base=3.23 | wall=0.38 | search=1119 | target=site(2.80,-0.50)
R5[PHERO     ]: carry=0 | base=1.52 | wall=2.31 | search=  0 | target=phero(2.68,2.52)
R6[RTB       ]: carry=1 | base=0.96 | wall=2.75 | search=  0 | target=none
R7[RTB       ]: carry=1 | base=1.83 | wall=1.91 | search=  0 | target=none
R8[RTB       ]: carry=1 | base=1.66 | wall=1.88 | search=  0 | target=none
R9[PHERO     ]: carry=0 | base=2.03 | wall=1.61 | search=  0 | target=phero(2.38,-1.10)
R10[WALL_ESC  ]: carry=0 | base=4.10 | wall=0.32 | search=2028 | target=none
R11[PHERO     ]: carry=0 | base=0.27 | wall=3.25 | search=  0 | target=phero(2.68,2.52)
R12[RTB       ]: carry=1 | base=1.25 | wall=2.26 | search=  0 | target=none
R13[SEARCH    ]: carry=0 | base=3.39 | wall=0.39 | search=1747 | target=site(0.71,1.96)
R14[SITE      ]: carry=0 | base=1.72 | wall=2.17 | search=  0 | target=site(-2.09,1.79)
R15[SITE      ]: carry=0 | base=2.08 | wall=1.89 | search=  0 | target=site(2.68,2.52)
R16[SEARCH    ]: carry=0 | base=3.27 | wall=0.36 | search=2922 | target=site(-1.58,1.79)

[PICKUP] R1 picked up tag (density=4) | Total: 149
[PICKUP] R2 picked up tag (density=2) | Total: 150
[DEPOSIT] R6 deposited! Total: 145
  [PHERO] Laid at (1.33, 1.92) density=15 prob=0.98 entries=2
  [TARGET] R6 → SITE (1.33, 1.92)
[DEPOSIT] R12 deposited! Total: 146
  [TARGET] R12 → SITE (2.55, -0.36)
[PICKUP] R15 picked up tag (density=13) | Total: 151
[DEPOSIT] R8 deposited! Total: 147
  [TARGET] R8 → SITE (-0.47, 1.78)
[DEPOSIT] R7 deposited! Total: 148
  [TARGET] R7 → SITE (-1.66, 2.81)
[PICKUP] R9 picked up tag (density=3) | Total: 152
[PICKUP] R5 picked up tag (density=12) | Total: 153

======================================================================
Step 23500 (12.5 min) | Pickups: 153 | Deposits: 148 | Rate: 11.81 tags/min | phero_entries=2 max_w=0.365
======================================================================
R1[RTB       ]: carry=1 | base=2.51 | wall=1.28 | search=  0 | target=none
R2[RTB       ]: carry=1 | base=1.96 | wall=1.54 | search=  0 | target=none
R3[SITE      ]: carry=0 | base=1.78 | wall=2.03 | search=  0 | target=site(2.47,-1.58)
R4[SEARCH    ]: carry=0 | base=3.24 | wall=0.38 | search=1619 | target=site(2.80,-0.50)
R5[SURVEY    ]: carry=1 | base=3.27 | wall=1.15 | search=  0 | target=none
R6[SITE      ]: carry=0 | base=1.00 | wall=2.65 | search=  0 | target=site(1.33,1.92)
R7[BASE_ESC  ]: carry=0 | base=0.22 | wall=3.29 | search=  0 | target=site(-1.66,2.81)
R8[SITE      ]: carry=0 | base=0.30 | wall=3.20 | search=  0 | target=site(-0.47,1.78)
R9[SURVEY    ]: carry=1 | base=2.46 | wall=1.35 | search=  0 | target=none
R10[GIVE_UP   ]: carry=0 | base=2.45 | wall=1.58 | search=2028 | target=none
R11[PHERO     ]: carry=0 | base=1.75 | wall=2.19 | search=  0 | target=phero(2.68,2.52)
R12[SITE      ]: carry=0 | base=0.70 | wall=2.80 | search=  0 | target=site(2.55,-0.36)
R13[SEARCH    ]: carry=0 | base=3.41 | wall=0.38 | search=2247 | target=site(0.71,1.96)
R14[SEARCH    ]: carry=0 | base=3.06 | wall=1.10 | search=246 | target=site(-2.09,1.79)
R15[RTB       ]: carry=1 | base=3.19 | wall=1.13 | search=  0 | target=none
R16[SEARCH    ]: carry=0 | base=3.26 | wall=0.36 | search=3422 | target=site(-1.58,1.79)

[PICKUP] R11 picked up tag (density=11) | Total: 154
[PICKUP] R3 picked up tag (density=2) | Total: 155
[DEPOSIT] R2 deposited! Total: 149
  [TARGET] R2 → PHERO (1.33, 1.92)

======================================================================
Step 24000 (12.8 min) | Pickups: 155 | Deposits: 149 | Rate: 11.64 tags/min | phero_entries=2 max_w=0.074
======================================================================
R1[RTB       ]: carry=1 | base=0.59 | wall=2.98 | search=  0 | target=none
R2[BASE_ESC  ]: carry=0 | base=0.22 | wall=3.28 | search=  0 | target=phero(1.33,1.92)
R3[SURVEY    ]: carry=1 | base=2.91 | wall=1.00 | search=  0 | target=none
R4[SEARCH    ]: carry=0 | base=3.24 | wall=0.37 | search=2119 | target=site(2.80,-0.50)
R5[RTB       ]: carry=1 | base=2.15 | wall=1.91 | search=  0 | target=none
R6[SEARCH    ]: carry=0 | base=2.21 | wall=1.61 | search=166 | target=site(1.33,1.92)
R7[SITE      ]: carry=0 | base=2.03 | wall=1.73 | search=  0 | target=site(-1.66,2.81)
R8[SEARCH    ]: carry=0 | base=1.81 | wall=1.76 | search=105 | target=site(-0.47,1.78)
R9[RTB       ]: carry=1 | base=1.42 | wall=2.23 | search=  0 | target=none
R10[GIVE_UP   ]: carry=0 | base=0.53 | wall=3.08 | search=2028 | target=none
R11[SURVEY    ]: carry=1 | base=3.27 | wall=1.15 | search=  0 | target=none
R12[SEARCH    ]: carry=0 | base=2.55 | wall=0.97 | search= 21 | target=site(2.55,-0.36)
R13[SEARCH    ]: carry=0 | base=3.39 | wall=0.37 | search=2747 | target=site(0.71,1.96)
R14[WALL_ESC  ]: carry=0 | base=3.64 | wall=0.34 | search=746 | target=site(-2.09,1.79)
R15[RTB       ]: carry=1 | base=1.41 | wall=2.43 | search=  0 | target=none
R16[SEARCH    ]: carry=0 | base=3.26 | wall=0.37 | search=3922 | target=site(-1.58,1.79)

  [GIVE-UP] R10 returned empty after 2028 searching steps
  [TARGET] R10 → PHERO (1.33, 1.92)
[DEPOSIT] R1 deposited! Total: 150
  [TARGET] R1 → PHERO (1.33, 1.92)
[PICKUP] R7 picked up tag (density=12) | Total: 156
[DEPOSIT] R15 deposited! Total: 151
  [PHERO] Laid at (2.34, 2.15) density=13 prob=0.93 entries=3
  [TARGET] R15 → SITE (2.34, 2.15)
[DEPOSIT] R9 deposited! Total: 152
  [TARGET] R9 → SITE (2.25, -1.20)
  [GIVE-UP] R8 returned empty after 156 searching steps
  [TARGET] R8 → PHERO (2.34, 2.15)
[DEPOSIT] R5 deposited! Total: 153
  [PHERO] Laid at (2.35, 2.27) density=12 prob=0.88 entries=3
  [TARGET] R5 → SITE (2.35, 2.27)

======================================================================
Step 24500 (13.1 min) | Pickups: 156 | Deposits: 153 | Rate: 11.71 tags/min | phero_entries=3 max_w=0.987
======================================================================
R1[PHERO     ]: carry=0 | base=0.69 | wall=2.95 | search=  0 | target=phero(1.33,1.92)
R2[PHERO     ]: carry=0 | base=1.42 | wall=2.27 | search=  0 | target=phero(1.33,1.92)
R3[RTB       ]: carry=1 | base=1.85 | wall=1.88 | search=  0 | target=none
R4[GIVE_UP   ]: carry=0 | base=2.83 | wall=0.80 | search=2496 | target=none
R5[BASE_ESC  ]: carry=0 | base=0.24 | wall=3.32 | search=  0 | target=site(2.35,2.27)
R6[SEARCH    ]: carry=0 | base=0.47 | wall=3.08 | search=666 | target=site(1.33,1.92)
R7[RTB       ]: carry=1 | base=2.43 | wall=1.37 | search=  0 | target=none
R8[BASE_ESC  ]: carry=0 | base=0.22 | wall=3.29 | search=  0 | target=phero(2.34,2.15)
R9[SITE      ]: carry=0 | base=0.45 | wall=3.06 | search=  0 | target=site(2.25,-1.20)
R10[PHERO     ]: carry=0 | base=1.04 | wall=2.76 | search=  0 | target=phero(1.33,1.92)
R11[RTB       ]: carry=1 | base=1.90 | wall=2.09 | search=  0 | target=none
R12[GIVE_UP   ]: carry=0 | base=2.55 | wall=1.24 | search=468 | target=none
R13[GIVE_UP   ]: carry=0 | base=2.56 | wall=1.14 | search=2964 | target=none
R14[GIVE_UP   ]: carry=0 | base=2.46 | wall=1.37 | search=936 | target=none
R15[SITE      ]: carry=0 | base=0.55 | wall=3.07 | search=  0 | target=site(2.34,2.15)
R16[SEARCH    ]: carry=0 | base=3.25 | wall=0.37 | search=4422 | target=site(-1.58,1.79)

[PICKUP] R2 picked up tag (density=14) | Total: 157
[DEPOSIT] R3 deposited! Total: 154
  [TARGET] R3 → SITE (2.50, -1.50)
[DEPOSIT] R11 deposited! Total: 155
  [PHERO] Laid at (2.35, 2.26) density=11 prob=0.80 entries=4
  [TARGET] R11 → SITE (2.35, 2.26)

======================================================================
Step 25000 (13.3 min) | Pickups: 157 | Deposits: 155 | Rate: 11.62 tags/min | phero_entries=4 max_w=0.825
======================================================================
R1[SEARCH    ]: carry=0 | base=2.32 | wall=1.61 | search= 73 | target=phero(1.33,1.92)
R2[SURVEY    ]: carry=1 | base=2.38 | wall=1.58 | search=  0 | target=none
R3[BASE_ESC  ]: carry=0 | base=0.22 | wall=3.29 | search=  0 | target=site(2.50,-1.50)
R4[GIVE_UP   ]: carry=0 | base=0.91 | wall=2.63 | search=2496 | target=none
R5[SITE      ]: carry=0 | base=1.71 | wall=2.23 | search=  0 | target=site(2.35,2.27)
R6[SEARCH    ]: carry=0 | base=0.33 | wall=3.17 | search=1166 | target=site(1.33,1.92)
R7[RTB       ]: carry=1 | base=0.51 | wall=3.05 | search=  0 | target=none
R8[PHERO     ]: carry=0 | base=1.56 | wall=2.32 | search=  0 | target=phero(2.34,2.15)
R9[SITE      ]: carry=0 | base=2.33 | wall=1.43 | search=  0 | target=site(2.25,-1.20)
R10[SEARCH    ]: carry=0 | base=2.18 | wall=1.64 | search=168 | target=phero(1.33,1.92)
R11[BASE_ESC  ]: carry=0 | base=0.22 | wall=3.33 | search=  0 | target=site(2.35,2.26)
R12[GIVE_UP   ]: carry=0 | base=0.65 | wall=2.93 | search=468 | target=none
R13[GIVE_UP   ]: carry=0 | base=0.64 | wall=2.91 | search=2964 | target=none
R14[GIVE_UP   ]: carry=0 | base=0.54 | wall=3.03 | search=936 | target=none
R15[SITE      ]: carry=0 | base=2.44 | wall=1.71 | search=  0 | target=site(2.34,2.15)
R16[GIVE_UP   ]: carry=0 | base=3.11 | wall=0.51 | search=4836 | target=none

[DEPOSIT] R7 deposited! Total: 156
  [PHERO] Laid at (-1.38, 2.37) density=12 prob=0.88 entries=5
  [TARGET] R7 → SITE (-1.38, 2.37)
  [GIVE-UP] R14 returned empty after 936 searching steps
  [TARGET] R14 → PHERO (2.35, 2.26)
  [GIVE-UP] R13 returned empty after 2964 searching steps
  [TARGET] R13 → PHERO (2.35, 2.26)
  [GIVE-UP] R12 returned empty after 468 searching steps
  [TARGET] R12 → PHERO (2.35, 2.26)
[PICKUP] R1 picked up tag (density=13) | Total: 158
  [GIVE-UP] R4 returned empty after 2496 searching steps
  [TARGET] R4 → PHERO (-1.38, 2.37)
[PICKUP] R9 picked up tag (density=2) | Total: 159

======================================================================
Step 25500 (13.6 min) | Pickups: 159 | Deposits: 156 | Rate: 11.47 tags/min | phero_entries=4 max_w=0.251
======================================================================
R1[RTB       ]: carry=1 | base=2.26 | wall=1.77 | search=  0 | target=none
R2[RTB       ]: carry=1 | base=0.95 | wall=2.78 | search=  0 | target=none
R3[SITE      ]: carry=0 | base=1.97 | wall=1.80 | search=  0 | target=site(2.50,-1.50)
R4[PHERO     ]: carry=0 | base=0.51 | wall=2.99 | search=  0 | target=phero(-1.38,2.37)
R5[SEARCH    ]: carry=0 | base=3.35 | wall=1.12 | search=107 | target=site(2.35,2.27)
R6[SEARCH    ]: carry=0 | base=1.98 | wall=1.80 | search=1666 | target=site(1.33,1.92)
R7[SITE      ]: carry=0 | base=1.44 | wall=2.28 | search=  0 | target=site(-1.38,2.37)
R8[SEARCH    ]: carry=0 | base=3.16 | wall=1.20 | search= 88 | target=phero(2.34,2.15)
R9[SURVEY    ]: carry=1 | base=2.68 | wall=0.84 | search=  0 | target=none
R10[SEARCH    ]: carry=0 | base=0.79 | wall=2.81 | search=668 | target=phero(1.33,1.92)
R11[SITE      ]: carry=0 | base=1.89 | wall=2.16 | search=  0 | target=site(2.35,2.26)
R12[PHERO     ]: carry=0 | base=0.86 | wall=2.73 | search=  0 | target=phero(2.35,2.26)
R13[PHERO     ]: carry=0 | base=1.32 | wall=2.56 | search=  0 | target=phero(2.35,2.26)
R14[PHERO     ]: carry=0 | base=0.76 | wall=2.82 | search=  0 | target=phero(2.35,2.26)
R15[SEARCH    ]: carry=0 | base=3.78 | wall=0.56 | search=323 | target=site(2.34,2.15)
R16[GIVE_UP   ]: carry=0 | base=1.19 | wall=2.35 | search=4836 | target=none

[PICKUP] R6 picked up tag (density=13) | Total: 160
[DEPOSIT] R2 deposited! Total: 157
  [PHERO] Laid at (1.41, 1.92) density=14 prob=0.96 entries=5
  [TARGET] R2 → SITE (1.41, 1.92)
[PICKUP] R3 picked up tag (density=1) | Total: 161
  [GIVE-UP] R16 returned empty after 4836 searching steps
  [TARGET] R16 → PHERO (1.41, 1.92)
[PICKUP] R8 picked up tag (density=10) | Total: 162
[PICKUP] R7 picked up tag (density=11) | Total: 163

======================================================================
Step 26000 (13.9 min) | Pickups: 163 | Deposits: 157 | Rate: 11.32 tags/min | phero_entries=5 max_w=0.361
======================================================================
R1[RTB       ]: carry=1 | base=0.39 | wall=3.20 | search=  0 | target=none
R2[SITE      ]: carry=0 | base=1.02 | wall=2.65 | search=  0 | target=site(1.41,1.92)
R3[RTB       ]: carry=1 | base=2.65 | wall=1.18 | search=  0 | target=none
R4[PHERO     ]: carry=0 | base=2.35 | wall=1.45 | search=  0 | target=phero(-1.38,2.37)
R5[WALL_ESC  ]: carry=0 | base=3.28 | wall=0.35 | search=607 | target=site(2.35,2.27)
R6[RTB       ]: carry=1 | base=2.40 | wall=1.43 | search=  0 | target=none
R7[SURVEY    ]: carry=1 | base=2.76 | wall=1.13 | search=  0 | target=none
R8[RTB       ]: carry=1 | base=3.14 | wall=0.84 | search=  0 | target=none
R9[RTB       ]: carry=1 | base=1.50 | wall=2.00 | search=  0 | target=none
R10[SEARCH    ]: carry=0 | base=1.89 | wall=1.78 | search=1168 | target=phero(1.33,1.92)
R11[SEARCH    ]: carry=0 | base=3.20 | wall=1.11 | search=156 | target=site(2.35,2.26)
R12[PHERO     ]: carry=0 | base=2.73 | wall=1.50 | search=  0 | target=phero(2.35,2.26)
R13[SEARCH    ]: carry=0 | base=3.23 | wall=1.17 | search=  9 | target=phero(2.35,2.26)
R14[PHERO     ]: carry=0 | base=2.49 | wall=1.71 | search=  0 | target=phero(2.35,2.26)
R15[SEARCH    ]: carry=0 | base=3.83 | wall=0.38 | search=823 | target=site(2.34,2.15)
R16[PHERO     ]: carry=0 | base=0.39 | wall=3.12 | search=  0 | target=phero(1.41,1.92)

[DEPOSIT] R1 deposited! Total: 158
  [PHERO] Laid at (1.48, 1.92) density=13 prob=0.93 entries=6
  [TARGET] R1 → SITE (1.48, 1.92)
[PICKUP] R11 picked up tag (density=12) | Total: 164
[PICKUP] R4 picked up tag (density=10) | Total: 165
[PICKUP] R13 picked up tag (density=10) | Total: 166
[DEPOSIT] R9 deposited! Total: 159
  [TARGET] R9 → SITE (2.66, -0.38)
[PICKUP] R14 picked up tag (density=9) | Total: 167

======================================================================
Step 26500 (14.1 min) | Pickups: 167 | Deposits: 159 | Rate: 11.25 tags/min | phero_entries=5 max_w=0.228
======================================================================
R1[SITE      ]: carry=0 | base=1.54 | wall=2.31 | search=  0 | target=site(1.48,1.92)
R2[SEARCH    ]: carry=0 | base=2.28 | wall=1.63 | search=158 | target=site(1.41,1.92)
R3[RTB       ]: carry=1 | base=0.74 | wall=2.85 | search=  0 | target=none
R4[RTB       ]: carry=1 | base=2.74 | wall=1.07 | search=  0 | target=none
R5[GIVE_UP   ]: carry=0 | base=2.71 | wall=0.88 | search=1092 | target=none
R6[RTB       ]: carry=1 | base=0.48 | wall=3.09 | search=  0 | target=none
R7[RTB       ]: carry=1 | base=1.45 | wall=2.24 | search=  0 | target=none
R8[RTB       ]: carry=1 | base=1.44 | wall=2.26 | search=  0 | target=none
R9[SITE      ]: carry=0 | base=0.43 | wall=3.07 | search=  0 | target=site(2.66,-0.38)
R10[GIVE_UP   ]: carry=0 | base=0.79 | wall=2.73 | search=1248 | target=none
R11[RTB       ]: carry=1 | base=2.76 | wall=1.29 | search=  0 | target=none
R12[SEARCH    ]: carry=0 | base=2.44 | wall=1.60 | search=373 | target=phero(2.35,2.26)
R13[RTB       ]: carry=1 | base=3.21 | wall=1.04 | search=  0 | target=none
R14[SURVEY    ]: carry=1 | base=3.26 | wall=1.07 | search=  0 | target=none
R15[GIVE_UP   ]: carry=0 | base=2.97 | wall=1.07 | search=1092 | target=none
R16[PHERO     ]: carry=0 | base=2.17 | wall=1.77 | search=  0 | target=phero(1.41,1.92)

[PICKUP] R15 picked up tag (density=11) | Total: 168
[DEPOSIT] R6 deposited! Total: 160
  [PHERO] Laid at (-2.30, -1.30) density=13 prob=0.93 entries=6
  [TARGET] R6 → SITE (-2.30, -1.30)
[DEPOSIT] R3 deposited! Total: 161
  [TARGET] R3 → PHERO (-2.30, -1.30)
  [GIVE-UP] R10 returned empty after 1248 searching steps
  [TARGET] R10 → PHERO (-2.30, -1.30)
[PICKUP] R16 picked up tag (density=10) | Total: 169
[DEPOSIT] R8 deposited! Total: 162
  [PHERO] Laid at (2.64, 1.68) density=10 prob=0.71 entries=6
  [TARGET] R8 → SITE (2.64, 1.68)
[DEPOSIT] R7 deposited! Total: 163
  [PHERO] Laid at (-1.40, 2.37) density=11 prob=0.80 entries=7
  [TARGET] R7 → SITE (-1.40, 2.37)
[PICKUP] R2 picked up tag (density=8) | Total: 170

======================================================================
Step 27000 (14.4 min) | Pickups: 170 | Deposits: 163 | Rate: 11.32 tags/min | phero_entries=7 max_w=0.551
======================================================================
R1[SEARCH    ]: carry=0 | base=1.91 | wall=1.90 | search=273 | target=site(1.48,1.92)
R2[SURVEY    ]: carry=1 | base=3.10 | wall=0.90 | search=  0 | target=none
R3[PHERO     ]: carry=0 | base=0.41 | wall=3.12 | search=  0 | target=phero(-2.30,-1.30)
R4[RTB       ]: carry=1 | base=0.84 | wall=2.75 | search=  0 | target=none
R5[GIVE_UP   ]: carry=0 | base=0.98 | wall=2.56 | search=1092 | target=none
R6[SITE      ]: carry=0 | base=1.48 | wall=2.19 | search=  0 | target=site(-2.30,-1.30)
R7[SITE      ]: carry=0 | base=0.50 | wall=3.12 | search=  0 | target=site(-1.40,2.37)
R8[SITE      ]: carry=0 | base=0.52 | wall=3.01 | search=  0 | target=site(2.64,1.68)
R9[SITE      ]: carry=0 | base=2.34 | wall=1.19 | search=  0 | target=site(2.66,-0.38)
R10[PHERO     ]: carry=0 | base=0.29 | wall=3.22 | search=  0 | target=phero(-2.30,-1.30)
R11[RTB       ]: carry=1 | base=1.07 | wall=2.64 | search=  0 | target=none
R12[SEARCH    ]: carry=0 | base=2.75 | wall=0.95 | search=873 | target=phero(2.35,2.26)
R13[RTB       ]: carry=1 | base=1.36 | wall=2.43 | search=  0 | target=none
R14[RTB       ]: carry=1 | base=1.74 | wall=2.17 | search=  0 | target=none
R15[RTB       ]: carry=1 | base=2.14 | wall=1.79 | search=  0 | target=none
R16[RTB       ]: carry=1 | base=2.41 | wall=1.58 | search=  0 | target=none

[PICKUP] R12 picked up tag (density=6) | Total: 171
[DEPOSIT] R4 deposited! Total: 164
  [PHERO] Laid at (-1.31, 2.46) density=10 prob=0.71 entries=7
  [TARGET] R4 → SITE (-1.31, 2.46)
  [GIVE-UP] R5 returned empty after 1092 searching steps
  [TARGET] R5 → PHERO (-2.30, -1.30)
[DEPOSIT] R11 deposited! Total: 165
  [PHERO] Laid at (1.68, 2.40) density=12 prob=0.88 entries=8
  [TARGET] R11 → SITE (1.68, 2.40)
[DEPOSIT] R13 deposited! Total: 166
  [TARGET] R13 → SITE (2.43, 2.09)
[DEPOSIT] R14 deposited! Total: 167
  [TARGET] R14 → SITE (2.43, 2.17)

======================================================================
Step 27500 (14.7 min) | Pickups: 171 | Deposits: 167 | Rate: 11.39 tags/min | phero_entries=7 max_w=0.400
======================================================================
R1[BASE_ESC  ]: carry=0 | base=0.24 | wall=3.26 | search=773 | target=site(1.48,1.92)
R2[RTB       ]: carry=1 | base=2.15 | wall=1.65 | search=  0 | target=none
R3[PHERO     ]: carry=0 | base=2.25 | wall=1.57 | search=  0 | target=phero(-2.30,-1.30)
R4[SITE      ]: carry=0 | base=1.05 | wall=2.61 | search=  0 | target=site(-1.31,2.46)
R5[PHERO     ]: carry=0 | base=0.38 | wall=3.15 | search=  0 | target=phero(-2.30,-1.30)
R6[GIVE_UP   ]: carry=0 | base=2.33 | wall=1.52 | search=156 | target=none
R7[SITE      ]: carry=0 | base=2.41 | wall=1.43 | search=  0 | target=site(-1.40,2.37)
R8[SITE      ]: carry=0 | base=2.39 | wall=1.48 | search=  0 | target=site(2.64,1.68)
R9[SEARCH    ]: carry=0 | base=2.02 | wall=1.65 | search=423 | target=site(2.66,-0.38)
R10[PHERO     ]: carry=0 | base=1.97 | wall=1.83 | search=  0 | target=phero(-2.30,-1.30)
R11[SITE      ]: carry=0 | base=0.49 | wall=3.14 | search=  0 | target=site(1.68,2.40)
R12[RTB       ]: carry=1 | base=2.42 | wall=1.26 | search=  0 | target=none
R13[SITE      ]: carry=0 | base=0.41 | wall=3.10 | search=  0 | target=site(2.43,2.09)
R14[BASE_ESC  ]: carry=0 | base=0.22 | wall=3.33 | search=  0 | target=site(2.43,2.17)
R15[RTB       ]: carry=1 | base=0.32 | wall=3.24 | search=  0 | target=none
R16[WALL_ESC  ]: carry=1 | base=0.54 | wall=3.07 | search=  0 | target=none

  [GIVE-UP] R1 returned empty after 780 searching steps
  [TARGET] R1 → PHERO (1.68, 2.40)
[DEPOSIT] R15 deposited! Total: 168
  [TARGET] R15 → SITE (1.65, 2.35)
[DEPOSIT] R16 deposited! Total: 169
  [TARGET] R16 → SITE (1.44, 2.00)
[PICKUP] R10 picked up tag (density=13) | Total: 172
[PICKUP] R8 picked up tag (density=5) | Total: 173
[DEPOSIT] R2 deposited! Total: 170
  [TARGET] R2 → SITE (2.60, 1.69)

======================================================================
Step 28000 (14.9 min) | Pickups: 173 | Deposits: 170 | Rate: 11.38 tags/min | phero_entries=6 max_w=0.081
======================================================================
R1[PHERO     ]: carry=0 | base=1.71 | wall=2.18 | search=  0 | target=phero(1.68,2.40)
R2[BASE_ESC  ]: carry=0 | base=0.24 | wall=3.29 | search=  0 | target=site(2.60,1.69)
R3[GIVE_UP   ]: carry=0 | base=1.98 | wall=2.08 | search=312 | target=none
R4[SEARCH    ]: carry=0 | base=2.80 | wall=1.04 | search= 61 | target=site(-1.31,2.46)
R5[PHERO     ]: carry=0 | base=2.15 | wall=1.60 | search=  0 | target=phero(-2.30,-1.30)
R6[GIVE_UP   ]: carry=0 | base=0.46 | wall=3.11 | search=156 | target=none
R7[SEARCH    ]: carry=0 | base=2.88 | wall=0.74 | search=424 | target=site(-1.40,2.37)
R8[SURVEY    ]: carry=1 | base=2.97 | wall=0.99 | search=  0 | target=none
R9[SEARCH    ]: carry=0 | base=2.19 | wall=1.45 | search=923 | target=site(2.66,-0.38)
R10[SURVEY    ]: carry=1 | base=2.98 | wall=1.16 | search=  0 | target=none
R11[SITE      ]: carry=0 | base=2.32 | wall=1.61 | search=  0 | target=site(1.68,2.40)
R12[RTB       ]: carry=1 | base=0.50 | wall=3.04 | search=  0 | target=none
R13[SITE      ]: carry=0 | base=2.28 | wall=1.73 | search=  0 | target=site(2.43,2.09)
R14[SITE      ]: carry=0 | base=1.93 | wall=2.06 | search=  0 | target=site(2.43,2.17)
R15[SITE      ]: carry=0 | base=1.55 | wall=2.27 | search=  0 | target=site(1.65,2.35)
R16[SITE      ]: carry=0 | base=1.40 | wall=2.33 | search=  0 | target=site(1.44,2.00)

[PICKUP] R11 picked up tag (density=9) | Total: 174
  [GIVE-UP] R6 returned empty after 156 searching steps
  [TARGET] R6 → PHERO (1.68, 2.40)
[DEPOSIT] R12 deposited! Total: 171
  [TARGET] R12 → SITE (2.69, 1.24)
BATCH_RESULT pickups=174 deposits=171
