=================================================================
CPFA BASELINE — ARGoS-calibrated parameters  (7×7m arena  256 tags)
  Params file                  = /home/sara/Documents/RL-FL-Foraging/controllers/cpfa_baseline/cpfa_params.yaml
  Results file                 = /home/sara/Documents/RL-FL-Foraging/controllers/cpfa_baseline/cpfa_baseline_7x7_results_20260811_132421_1.txt
  RateOfLayingPheromone        = 9.0
  RateOfSiteFidelity           = 2.29
  RateOfPheromoneDecay         = 0.1 /s  (lifetime ~69s)
  ProbabilityOfReturningToNest = 0.08 (every 5 sec → E[give-up] ~62s)
  UninformedSearchVariation    = 0.13 rad (7.4°)
  RateOfInformedSearchDecay    = 1.26 /waypoint
  ProbabilityOfSwitchingToSearching = 0.55 (every 5 sec in uninformed DEPARTING)
=================================================================

[PICKUP] R2 picked up tag (density=16) | Total: 1
[PICKUP] R15 picked up tag (density=16) | Total: 2
[PICKUP] R11 picked up tag (density=16) | Total: 3

======================================================================
Step 500 (0.3 min) | Pickups: 3 | Deposits: 0 | Rate: 0.00 tags/min | phero_entries=0 max_w=0.000
======================================================================
R1[SEARCH    ]: carry=0 | base=1.79 | wall=1.87 | search=188 | target=none
R2[RTB       ]: carry=1 | base=0.54 | wall=2.98 | search=  0 | target=none
R3[SEARCH    ]: carry=0 | base=1.22 | wall=2.46 | search= 32 | target=none
R4[SEARCH    ]: carry=0 | base=2.15 | wall=1.37 | search=344 | target=none
R5[SEARCH    ]: carry=0 | base=2.14 | wall=1.41 | search=344 | target=none
R6[GIVE_UP   ]: carry=0 | base=1.73 | wall=2.21 | search=312 | target=none
R7[SEARCH    ]: carry=0 | base=1.17 | wall=2.44 | search=325 | target=none
R8[SEARCH    ]: carry=0 | base=1.68 | wall=1.96 | search=344 | target=none
R9[SEARCH    ]: carry=0 | base=1.03 | wall=2.75 | search=344 | target=none
R10[SEARCH    ]: carry=0 | base=2.23 | wall=1.90 | search=344 | target=none
R11[SURVEY    ]: carry=1 | base=2.24 | wall=1.77 | search=  0 | target=none
R12[GIVE_UP   ]: carry=0 | base=2.45 | wall=1.28 | search=156 | target=none
R13[SEARCH    ]: carry=0 | base=2.30 | wall=1.44 | search=344 | target=none
R14[SEARCH    ]: carry=0 | base=0.80 | wall=2.77 | search=222 | target=none
R15[SURVEY    ]: carry=1 | base=1.98 | wall=1.77 | search=  0 | target=none
R16[SEARCH    ]: carry=0 | base=2.32 | wall=1.37 | search=344 | target=none

[PICKUP] R10 picked up tag (density=16) | Total: 4
[PICKUP] R5 picked up tag (density=16) | Total: 5
[DEPOSIT] R2 deposited! Total: 1
  [PHERO] Laid at (0.76, 0.34) density=16 prob=0.99 entries=1
  [TARGET] R2 → SITE (0.76, 0.34)
[PICKUP] R7 picked up tag (density=16) | Total: 6
[PICKUP] R2 picked up tag (density=15) | Total: 7
  [GIVE-UP] R14 returned empty after 312 searching steps
  [TARGET] R14 → PHERO (0.76, 0.34)
  [GIVE-UP] R6 returned empty after 312 searching steps
  [TARGET] R6 → PHERO (0.76, 0.34)

======================================================================
Step 1000 (0.5 min) | Pickups: 7 | Deposits: 1 | Rate: 1.88 tags/min | phero_entries=1 max_w=0.258
======================================================================
R1[SEARCH    ]: carry=0 | base=3.39 | wall=0.74 | search=688 | target=none
R2[SURVEY    ]: carry=1 | base=0.83 | wall=2.74 | search=  0 | target=none
R3[SEARCH    ]: carry=0 | base=2.77 | wall=1.14 | search=532 | target=none
R4[SEARCH    ]: carry=0 | base=3.20 | wall=0.38 | search=844 | target=none
R5[RTB       ]: carry=1 | base=1.78 | wall=1.75 | search=  0 | target=none
R6[BASE_ESC  ]: carry=0 | base=0.22 | wall=3.34 | search=  0 | target=phero(0.76,0.34)
R7[RTB       ]: carry=1 | base=1.11 | wall=2.64 | search=  0 | target=none
R8[GIVE_UP   ]: carry=0 | base=0.41 | wall=3.19 | search=468 | target=none
R9[SEARCH    ]: carry=0 | base=2.59 | wall=1.46 | search=844 | target=none
R10[RTB       ]: carry=1 | base=1.47 | wall=2.42 | search=  0 | target=none
R11[RTB       ]: carry=1 | base=1.23 | wall=2.57 | search=  0 | target=none
R12[GIVE_UP   ]: carry=0 | base=0.78 | wall=2.78 | search=156 | target=none
R13[GIVE_UP   ]: carry=0 | base=1.75 | wall=1.95 | search=468 | target=none
R14[BASE_ESC  ]: carry=0 | base=0.22 | wall=3.34 | search=  0 | target=phero(0.76,0.34)
R15[RTB       ]: carry=1 | base=0.91 | wall=2.73 | search=  0 | target=none
R16[GIVE_UP   ]: carry=0 | base=3.25 | wall=1.09 | search=780 | target=none

  [GIVE-UP] R8 returned empty after 468 searching steps
  [TARGET] R8 → PHERO (0.76, 0.34)
  [GIVE-UP] R12 returned empty after 156 searching steps
  [TARGET] R12 → PHERO (0.76, 0.34)
[DEPOSIT] R15 deposited! Total: 2
  [PHERO] Laid at (0.96, -1.73) density=16 prob=0.99 entries=2
  [TARGET] R15 → SITE (0.96, -1.73)
[PICKUP] R16 picked up tag (density=16) | Total: 8
[DEPOSIT] R7 deposited! Total: 3
  [PHERO] Laid at (0.92, 1.31) density=16 prob=0.99 entries=3
  [TARGET] R7 → SITE (0.92, 1.31)
[DEPOSIT] R11 deposited! Total: 4
  [PHERO] Laid at (-1.72, -1.42) density=16 prob=0.99 entries=4
  [TARGET] R11 → SITE (-1.72, -1.42)
[PICKUP] R9 picked up tag (density=16) | Total: 9
[DEPOSIT] R10 deposited! Total: 5
  [PHERO] Laid at (-1.58, 1.60) density=16 prob=0.99 entries=5
  [TARGET] R10 → SITE (-1.58, 1.60)
[DEPOSIT] R2 deposited! Total: 6
  [PHERO] Laid at (0.75, 0.35) density=15 prob=0.98 entries=6
  [TARGET] R2 → SITE (0.75, 0.35)
  [GIVE-UP] R13 returned empty after 468 searching steps
  [TARGET] R13 → PHERO (0.92, 1.31)
[PICKUP] R14 picked up tag (density=14) | Total: 10
[DEPOSIT] R5 deposited! Total: 7
  [PHERO] Laid at (2.33, 0.54) density=16 prob=0.99 entries=7
  [TARGET] R5 → SITE (2.33, 0.54)

======================================================================
Step 1500 (0.8 min) | Pickups: 10 | Deposits: 7 | Rate: 8.75 tags/min | phero_entries=7 max_w=0.863
======================================================================
R1[SEARCH    ]: carry=0 | base=4.28 | wall=0.36 | search=1188 | target=none
R2[BASE_ESC  ]: carry=0 | base=0.21 | wall=3.29 | search=  0 | target=site(0.75,0.35)
R3[SEARCH    ]: carry=0 | base=4.12 | wall=0.56 | search=1032 | target=none
R4[GIVE_UP   ]: carry=0 | base=2.11 | wall=1.47 | search=936 | target=none
R5[SITE      ]: carry=0 | base=0.27 | wall=3.23 | search=  0 | target=site(2.33,0.54)
R6[SEARCH    ]: carry=0 | base=0.88 | wall=2.68 | search= 99 | target=phero(0.76,0.34)
R7[SITE      ]: carry=0 | base=0.82 | wall=2.88 | search=  0 | target=site(0.92,1.31)
R8[PHERO     ]: carry=0 | base=0.26 | wall=3.26 | search=  0 | target=phero(0.76,0.34)
R9[RTB       ]: carry=1 | base=3.11 | wall=0.57 | search=  0 | target=none
R10[SITE      ]: carry=0 | base=0.48 | wall=3.09 | search=  0 | target=site(-1.58,1.60)
R11[SITE      ]: carry=0 | base=0.72 | wall=2.98 | search=  0 | target=site(-1.72,-1.42)
R12[SEARCH    ]: carry=0 | base=0.81 | wall=2.77 | search= 74 | target=phero(0.76,0.34)
R13[BASE_ESC  ]: carry=0 | base=0.24 | wall=3.32 | search=  0 | target=phero(0.92,1.31)
R14[SURVEY    ]: carry=1 | base=0.97 | wall=2.59 | search=  0 | target=none
R15[SITE      ]: carry=0 | base=1.03 | wall=2.64 | search=  0 | target=site(0.96,-1.73)
R16[RTB       ]: carry=1 | base=2.46 | wall=1.69 | search=  0 | target=none

[PICKUP] R7 picked up tag (density=13) | Total: 11
[PICKUP] R6 picked up tag (density=12) | Total: 12
[PICKUP] R15 picked up tag (density=15) | Total: 13
[DEPOSIT] R14 deposited! Total: 8
  [PHERO] Laid at (0.91, 0.34) density=14 prob=0.96 entries=8
  [TARGET] R14 → SITE (0.91, 0.34)
[PICKUP] R11 picked up tag (density=15) | Total: 14
[DEPOSIT] R7 deposited! Total: 9
  [PHERO] Laid at (0.59, 0.73) density=13 prob=0.93 entries=9
  [TARGET] R7 → SITE (0.59, 0.73)
  [GIVE-UP] R4 returned empty after 936 searching steps
  [TARGET] R4 → PHERO (0.92, 1.31)
[PICKUP] R10 picked up tag (density=15) | Total: 15

======================================================================
Step 2000 (1.1 min) | Pickups: 15 | Deposits: 9 | Rate: 8.44 tags/min | phero_entries=9 max_w=0.923
======================================================================
R1[WALL_ESC  ]: carry=0 | base=4.23 | wall=0.35 | search=1688 | target=none
R2[SEARCH    ]: carry=0 | base=0.96 | wall=2.59 | search=282 | target=site(0.75,0.35)
R3[SEARCH    ]: carry=0 | base=4.27 | wall=0.35 | search=1532 | target=none
R4[BASE_ESC  ]: carry=0 | base=0.23 | wall=3.27 | search=  0 | target=phero(0.92,1.31)
R5[SITE      ]: carry=0 | base=1.91 | wall=1.62 | search=  0 | target=site(2.33,0.54)
R6[RTB       ]: carry=1 | base=0.95 | wall=2.63 | search=  0 | target=none
R7[BASE_ESC  ]: carry=0 | base=0.23 | wall=3.33 | search=  0 | target=site(0.59,0.73)
R8[SEARCH    ]: carry=0 | base=0.74 | wall=2.79 | search=167 | target=phero(0.76,0.34)
R9[RTB       ]: carry=1 | base=1.24 | wall=2.33 | search=  0 | target=none
R10[SURVEY    ]: carry=1 | base=2.24 | wall=1.91 | search=  0 | target=none
R11[SURVEY    ]: carry=1 | base=2.21 | wall=1.80 | search=  0 | target=none
R12[SEARCH    ]: carry=0 | base=1.75 | wall=1.76 | search=574 | target=phero(0.76,0.34)
R13[SEARCH    ]: carry=0 | base=1.53 | wall=2.19 | search=141 | target=phero(0.92,1.31)
R14[BASE_ESC  ]: carry=0 | base=0.23 | wall=3.27 | search=  0 | target=site(0.91,0.34)
R15[RTB       ]: carry=1 | base=1.98 | wall=1.79 | search=  0 | target=none
R16[RTB       ]: carry=1 | base=0.60 | wall=3.07 | search=  0 | target=none

[PICKUP] R12 picked up tag (density=16) | Total: 16
[PICKUP] R2 picked up tag (density=11) | Total: 17
[DEPOSIT] R16 deposited! Total: 10
  [PHERO] Laid at (1.63, -1.86) density=16 prob=0.99 entries=10
  [TARGET] R16 → SITE (1.63, -1.86)
[DEPOSIT] R6 deposited! Total: 11
  [PHERO] Laid at (0.88, 0.37) density=12 prob=0.88 entries=11
  [TARGET] R6 → SITE (0.88, 0.37)
[DEPOSIT] R9 deposited! Total: 12
  [PHERO] Laid at (-1.06, 2.94) density=16 prob=0.99 entries=12
  [TARGET] R9 → SITE (-1.06, 2.94)
  [GIVE-UP] R13 returned empty after 156 searching steps
  [TARGET] R13 → PHERO (0.88, 0.37)
[DEPOSIT] R15 deposited! Total: 13
  [PHERO] Laid at (0.97, -1.72) density=15 prob=0.98 entries=13
  [TARGET] R15 → SITE (0.97, -1.72)

======================================================================
Step 2500 (1.3 min) | Pickups: 17 | Deposits: 13 | Rate: 9.75 tags/min | phero_entries=13 max_w=0.938
======================================================================
R1[WALL_ESC  ]: carry=0 | base=4.30 | wall=0.34 | search=2188 | target=none
R2[RTB       ]: carry=1 | base=0.47 | wall=3.06 | search=  0 | target=none
R3[WALL_ESC  ]: carry=0 | base=4.36 | wall=0.34 | search=2032 | target=none
R4[PHERO     ]: carry=0 | base=0.74 | wall=2.95 | search=  0 | target=phero(0.92,1.31)
R5[GIVE_UP   ]: carry=0 | base=1.40 | wall=2.17 | search=156 | target=none
R6[SITE      ]: carry=0 | base=0.63 | wall=2.90 | search=  0 | target=site(0.88,0.37)
R7[SEARCH    ]: carry=0 | base=0.60 | wall=3.02 | search=222 | target=site(0.59,0.73)
R8[SEARCH    ]: carry=0 | base=2.26 | wall=1.37 | search=667 | target=phero(0.76,0.34)
R9[SITE      ]: carry=0 | base=0.71 | wall=2.81 | search=  0 | target=site(-1.06,2.94)
R10[RTB       ]: carry=1 | base=1.34 | wall=2.53 | search=  0 | target=none
R11[RTB       ]: carry=1 | base=0.85 | wall=2.86 | search=  0 | target=none
R12[RTB       ]: carry=1 | base=1.31 | wall=2.20 | search=  0 | target=none
R13[PHERO     ]: carry=0 | base=0.32 | wall=3.20 | search=  0 | target=phero(0.88,0.37)
R14[SEARCH    ]: carry=0 | base=0.99 | wall=2.53 | search=290 | target=site(0.91,0.34)
R15[BASE_ESC  ]: carry=0 | base=0.22 | wall=3.31 | search=  0 | target=site(0.97,-1.72)
R16[SITE      ]: carry=0 | base=1.35 | wall=2.53 | search=  0 | target=site(1.63,-1.86)

[PICKUP] R9 picked up tag (density=16) | Total: 18
[PICKUP] R4 picked up tag (density=10) | Total: 19
[DEPOSIT] R2 deposited! Total: 14
  [PHERO] Laid at (0.90, 0.42) density=11 prob=0.80 entries=14
  [TARGET] R2 → SITE (0.90, 0.42)
[PICKUP] R8 picked up tag (density=15) | Total: 20
[DEPOSIT] R11 deposited! Total: 15
  [PHERO] Laid at (-1.70, -1.42) density=15 prob=0.98 entries=15
  [TARGET] R11 → SITE (-1.70, -1.42)
[PICKUP] R6 picked up tag (density=9) | Total: 21
[PICKUP] R16 picked up tag (density=15) | Total: 22
[DEPOSIT] R12 deposited! Total: 16
  [PHERO] Laid at (1.83, -0.35) density=16 prob=0.99 entries=15
  [TARGET] R12 → SITE (1.83, -0.35)
[DEPOSIT] R10 deposited! Total: 17
  [PHERO] Laid at (-1.59, 1.58) density=15 prob=0.98 entries=16
  [TARGET] R10 → SITE (-1.59, 1.58)
  [GIVE-UP] R5 returned empty after 156 searching steps
  [TARGET] R5 → PHERO (0.88, 0.37)
[DEPOSIT] R9 deposited! Total: 18
  [PHERO] Laid at (-0.17, 0.74) density=16 prob=0.99 entries=17
  [TARGET] R9 → SITE (-0.17, 0.74)
[DEPOSIT] R4 deposited! Total: 19
  [PHERO] Laid at (0.60, 0.60) density=10 prob=0.71 entries=18
  [TARGET] R4 → SITE (0.60, 0.60)
[PICKUP] R2 picked up tag (density=8) | Total: 23

======================================================================
Step 3000 (1.6 min) | Pickups: 23 | Deposits: 19 | Rate: 11.88 tags/min | phero_entries=18 max_w=0.852
======================================================================
R1[GIVE_UP   ]: carry=0 | base=3.94 | wall=0.56 | search=2496 | target=none
R2[SURVEY    ]: carry=1 | base=1.03 | wall=2.55 | search=  0 | target=none
R3[SEARCH    ]: carry=0 | base=4.25 | wall=0.39 | search=2532 | target=none
R4[BASE_ESC  ]: carry=0 | base=0.22 | wall=3.31 | search=  0 | target=site(0.60,0.60)
R5[PHERO     ]: carry=0 | base=0.41 | wall=3.10 | search=  0 | target=phero(0.88,0.37)
R6[RTB       ]: carry=1 | base=0.97 | wall=2.63 | search=  0 | target=none
R7[SEARCH    ]: carry=0 | base=1.44 | wall=2.47 | search=722 | target=site(0.59,0.73)
R8[RTB       ]: carry=1 | base=1.83 | wall=1.72 | search=  0 | target=none
R9[SITE      ]: carry=0 | base=0.25 | wall=3.25 | search=  0 | target=site(-0.17,0.74)
R10[SITE      ]: carry=0 | base=0.62 | wall=3.01 | search=  0 | target=site(-1.59,1.58)
R11[SITE      ]: carry=0 | base=1.10 | wall=2.62 | search=  0 | target=site(-1.70,-1.42)
R12[SITE      ]: carry=0 | base=0.65 | wall=2.87 | search=  0 | target=site(1.83,-0.35)
R13[SEARCH    ]: carry=0 | base=0.79 | wall=2.75 | search=252 | target=phero(0.88,0.37)
R14[SEARCH    ]: carry=0 | base=2.53 | wall=1.44 | search=790 | target=site(0.91,0.34)
R15[SITE      ]: carry=0 | base=1.76 | wall=1.98 | search=  0 | target=site(0.97,-1.72)
R16[RTB       ]: carry=1 | base=2.04 | wall=2.04 | search=  0 | target=none

[PICKUP] R1 picked up tag (density=16) | Total: 24
[PICKUP] R15 picked up tag (density=14) | Total: 25
[DEPOSIT] R6 deposited! Total: 20
  [PHERO] Laid at (0.82, 0.41) density=9 prob=0.59 entries=19
  [TARGET] R6 → SITE (0.82, 0.41)
[PICKUP] R7 picked up tag (density=13) | Total: 26
[PICKUP] R11 picked up tag (density=14) | Total: 27
[DEPOSIT] R8 deposited! Total: 21
  [PHERO] Laid at (2.33, 0.71) density=15 prob=0.98 entries=17
  [TARGET] R8 → SITE (2.33, 0.71)
[PICKUP] R10 picked up tag (density=14) | Total: 28
[DEPOSIT] R2 deposited! Total: 22
  [TARGET] R2 → SITE (0.94, 0.42)
[PICKUP] R12 picked up tag (density=15) | Total: 29
[DEPOSIT] R16 deposited! Total: 23
  [PHERO] Laid at (1.42, -1.58) density=15 prob=0.98 entries=18
  [TARGET] R16 → SITE (1.42, -1.58)

======================================================================
Step 3500 (1.9 min) | Pickups: 29 | Deposits: 23 | Rate: 12.32 tags/min | phero_entries=16 max_w=0.903
======================================================================
R1[RTB       ]: carry=1 | base=2.75 | wall=1.41 | search=  0 | target=none
R2[BASE_ESC  ]: carry=0 | base=0.23 | wall=3.29 | search=  0 | target=site(0.94,0.42)
R3[WALL_ESC  ]: carry=0 | base=4.37 | wall=0.31 | search=3032 | target=none
R4[SEARCH    ]: carry=0 | base=0.72 | wall=2.86 | search=271 | target=site(0.60,0.60)
R5[SEARCH    ]: carry=0 | base=0.90 | wall=2.62 | search=350 | target=phero(0.88,0.37)
R6[SITE      ]: carry=0 | base=0.70 | wall=2.85 | search=  0 | target=site(0.82,0.41)
R7[RTB       ]: carry=1 | base=1.88 | wall=1.80 | search=  0 | target=none
R8[BASE_ESC  ]: carry=0 | base=0.17 | wall=3.36 | search=  0 | target=site(2.33,0.71)
R9[SEARCH    ]: carry=0 | base=0.84 | wall=2.76 | search=355 | target=site(-0.17,0.74)
R10[SURVEY    ]: carry=1 | base=2.26 | wall=1.89 | search=  0 | target=none
R11[SURVEY    ]: carry=1 | base=2.22 | wall=1.81 | search=  0 | target=none
R12[SURVEY    ]: carry=1 | base=1.99 | wall=1.55 | search=  0 | target=none
R13[SEARCH    ]: carry=0 | base=1.88 | wall=1.83 | search=752 | target=phero(0.88,0.37)
R14[GIVE_UP   ]: carry=0 | base=2.09 | wall=1.93 | search=936 | target=none
R15[RTB       ]: carry=1 | base=1.90 | wall=1.82 | search=  0 | target=none
R16[BASE_ESC  ]: carry=0 | base=0.22 | wall=3.33 | search=  0 | target=site(1.42,-1.58)

[PICKUP] R9 picked up tag (density=7) | Total: 30
[PICKUP] R13 picked up tag (density=15) | Total: 31
[PICKUP] R14 picked up tag (density=6) | Total: 32
[PICKUP] R2 picked up tag (density=5) | Total: 33
[PICKUP] R4 picked up tag (density=14) | Total: 34
[DEPOSIT] R15 deposited! Total: 24
  [PHERO] Laid at (0.84, -1.72) density=14 prob=0.96 entries=16
  [TARGET] R15 → SITE (0.84, -1.72)

======================================================================
Step 4000 (2.1 min) | Pickups: 34 | Deposits: 24 | Rate: 11.25 tags/min | phero_entries=16 max_w=0.959
======================================================================
R1[RTB       ]: carry=1 | base=0.83 | wall=2.87 | search=  0 | target=none
R2[SURVEY    ]: carry=1 | base=1.04 | wall=2.58 | search=  0 | target=none
R3[SEARCH    ]: carry=0 | base=4.29 | wall=0.39 | search=3532 | target=none
R4[SURVEY    ]: carry=1 | base=1.84 | wall=1.67 | search=  0 | target=none
R5[SEARCH    ]: carry=0 | base=0.98 | wall=2.57 | search=850 | target=phero(0.88,0.37)
R6[SEARCH    ]: carry=0 | base=0.27 | wall=3.28 | search=438 | target=site(0.82,0.41)
R7[RTB       ]: carry=1 | base=0.27 | wall=3.25 | search=  0 | target=none
R8[SITE      ]: carry=0 | base=1.94 | wall=1.65 | search=  0 | target=site(2.33,0.71)
R9[RTB       ]: carry=1 | base=0.28 | wall=3.29 | search=  0 | target=none
R10[RTB       ]: carry=1 | base=1.03 | wall=2.75 | search=  0 | target=none
R11[RTB       ]: carry=1 | base=0.46 | wall=3.16 | search=  0 | target=none
R12[RTB       ]: carry=1 | base=1.05 | wall=2.46 | search=  0 | target=none
R13[RTB       ]: carry=1 | base=1.58 | wall=2.27 | search=  0 | target=none
R14[RTB       ]: carry=1 | base=1.30 | wall=2.49 | search=  0 | target=none
R15[BASE_ESC  ]: carry=0 | base=0.20 | wall=3.33 | search=  0 | target=site(0.84,-1.72)
R16[SITE      ]: carry=0 | base=1.83 | wall=2.12 | search=  0 | target=site(1.42,-1.58)

[DEPOSIT] R7 deposited! Total: 25
  [PHERO] Laid at (0.77, -1.72) density=13 prob=0.93 entries=17
  [TARGET] R7 → SITE (0.77, -1.72)
[DEPOSIT] R9 deposited! Total: 26
  [PHERO] Laid at (0.62, 0.73) density=7 prob=0.32 entries=18
  [TARGET] R9 → SITE (0.62, 0.73)
[DEPOSIT] R11 deposited! Total: 27
  [PHERO] Laid at (-1.69, -1.45) density=14 prob=0.96 entries=19
  [TARGET] R11 → SITE (-1.69, -1.45)
[DEPOSIT] R1 deposited! Total: 28
  [PHERO] Laid at (-2.26, -2.54) density=16 prob=0.99 entries=18
  [TARGET] R1 → SITE (-2.26, -2.54)
[DEPOSIT] R10 deposited! Total: 29
  [PHERO] Laid at (-1.58, 1.61) density=14 prob=0.96 entries=19
  [TARGET] R10 → SITE (-1.58, 1.61)
[DEPOSIT] R12 deposited! Total: 30
  [PHERO] Laid at (1.95, -0.40) density=15 prob=0.98 entries=20
  [TARGET] R12 → SITE (1.95, -0.40)
[DEPOSIT] R14 deposited! Total: 31
  [PHERO] Laid at (0.99, 0.87) density=6 prob=0.21 entries=20
  [TARGET] R14 → SITE (0.99, 0.87)
[DEPOSIT] R13 deposited! Total: 32
  [PHERO] Laid at (1.33, 1.20) density=15 prob=0.98 entries=21
  [TARGET] R13 → SITE (1.33, 1.20)
[PICKUP] R16 picked up tag (density=16) | Total: 35
[DEPOSIT] R2 deposited! Total: 33
  [TARGET] R2 → SITE (0.92, 0.49)

======================================================================
Step 4500 (2.4 min) | Pickups: 35 | Deposits: 33 | Rate: 13.75 tags/min | phero_entries=19 max_w=0.666
======================================================================
R1[SITE      ]: carry=0 | base=1.08 | wall=2.71 | search=  0 | target=site(-2.26,-2.54)
R2[BASE_ESC  ]: carry=0 | base=0.24 | wall=3.26 | search=  0 | target=site(0.92,0.49)
R3[SEARCH    ]: carry=0 | base=4.26 | wall=0.36 | search=4032 | target=none
R4[RTB       ]: carry=1 | base=0.87 | wall=2.64 | search=  0 | target=none
R5[SEARCH    ]: carry=0 | base=2.00 | wall=2.09 | search=1350 | target=phero(0.88,0.37)
R6[SEARCH    ]: carry=0 | base=1.10 | wall=2.41 | search=938 | target=site(0.82,0.41)
R7[SITE      ]: carry=0 | base=1.70 | wall=1.94 | search=  0 | target=site(0.77,-1.72)
R8[SEARCH    ]: carry=0 | base=1.87 | wall=1.64 | search=383 | target=site(2.33,0.71)
R9[SEARCH    ]: carry=0 | base=0.89 | wall=2.77 | search=144 | target=site(0.62,0.73)
R10[SITE      ]: carry=0 | base=0.90 | wall=2.81 | search=  0 | target=site(-1.58,1.61)
R11[SITE      ]: carry=0 | base=1.43 | wall=2.46 | search=  0 | target=site(-1.69,-1.45)
R12[SITE      ]: carry=0 | base=0.80 | wall=2.71 | search=  0 | target=site(1.95,-0.40)
R13[BASE_ESC  ]: carry=0 | base=0.24 | wall=3.28 | search=  0 | target=site(1.33,1.20)
R14[SITE      ]: carry=0 | base=0.40 | wall=3.15 | search=  0 | target=site(0.99,0.87)
R15[SITE      ]: carry=0 | base=1.65 | wall=2.01 | search=  0 | target=site(0.84,-1.72)
R16[SURVEY    ]: carry=1 | base=2.32 | wall=1.69 | search=  0 | target=none

[PICKUP] R8 picked up tag (density=13) | Total: 36
[PICKUP] R5 picked up tag (density=13) | Total: 37
[PICKUP] R7 picked up tag (density=12) | Total: 38
[PICKUP] R14 picked up tag (density=4) | Total: 39
[DEPOSIT] R4 deposited! Total: 34
  [TARGET] R4 → SITE (1.83, -0.11)
[PICKUP] R1 picked up tag (density=12) | Total: 40
[PICKUP] R13 picked up tag (density=3) | Total: 41
[PICKUP] R11 picked up tag (density=11) | Total: 42
[PICKUP] R12 picked up tag (density=12) | Total: 43

======================================================================
Step 5000 (2.7 min) | Pickups: 43 | Deposits: 34 | Rate: 12.75 tags/min | phero_entries=14 max_w=0.134
======================================================================
R1[RTB       ]: carry=1 | base=2.08 | wall=1.98 | search=  0 | target=none
R2[SEARCH    ]: carry=0 | base=0.92 | wall=2.65 | search=250 | target=site(0.92,0.49)
R3[WALL_ESC  ]: carry=0 | base=4.37 | wall=0.33 | search=4532 | target=none
R4[SITE      ]: carry=0 | base=0.75 | wall=2.75 | search=  0 | target=site(1.83,-0.11)
R5[RTB       ]: carry=1 | base=1.31 | wall=2.57 | search=  0 | target=none
R6[GIVE_UP   ]: carry=0 | base=0.56 | wall=2.96 | search=1092 | target=none
R7[RTB       ]: carry=1 | base=1.56 | wall=2.10 | search=  0 | target=none
R8[RTB       ]: carry=1 | base=1.24 | wall=2.26 | search=  0 | target=none
R9[SEARCH    ]: carry=0 | base=0.85 | wall=2.86 | search=644 | target=site(0.62,0.73)
R10[SEARCH    ]: carry=0 | base=2.16 | wall=1.92 | search=160 | target=site(-1.58,1.61)
R11[RTB       ]: carry=1 | base=2.14 | wall=1.93 | search=  0 | target=none
R12[SURVEY    ]: carry=1 | base=1.97 | wall=1.56 | search=  0 | target=none
R13[RTB       ]: carry=1 | base=1.00 | wall=2.67 | search=  0 | target=none
R14[RTB       ]: carry=1 | base=0.56 | wall=3.05 | search=  0 | target=none
R15[SEARCH    ]: carry=0 | base=1.64 | wall=1.86 | search=444 | target=site(0.84,-1.72)
R16[RTB       ]: carry=1 | base=0.93 | wall=2.81 | search=  0 | target=none

  [GIVE-UP] R6 returned empty after 1092 searching steps
  [TARGET] R6 → PHERO (-2.26, -2.54)
[DEPOSIT] R14 deposited! Total: 35
  [TARGET] R14 → SITE (0.67, 0.66)
[DEPOSIT] R16 deposited! Total: 36
  [PHERO] Laid at (1.45, -1.81) density=16 prob=0.99 entries=13
  [TARGET] R16 → SITE (1.45, -1.81)
[DEPOSIT] R13 deposited! Total: 37
  [TARGET] R13 → SITE (0.81, 0.57)
[DEPOSIT] R5 deposited! Total: 38
  [PHERO] Laid at (-1.50, -1.42) density=13 prob=0.93 entries=14
  [TARGET] R5 → SITE (-1.50, -1.42)
  [GIVE-UP] R9 returned empty after 780 searching steps
  [TARGET] R9 → PHERO (1.45, -1.81)
[DEPOSIT] R7 deposited! Total: 39
  [PHERO] Laid at (0.78, -1.80) density=12 prob=0.88 entries=15
  [TARGET] R7 → SITE (0.78, -1.80)
[DEPOSIT] R8 deposited! Total: 40
  [PHERO] Laid at (1.87, 0.04) density=13 prob=0.93 entries=15
  [TARGET] R8 → SITE (1.87, 0.04)
[DEPOSIT] R1 deposited! Total: 41
  [PHERO] Laid at (-1.43, -1.52) density=12 prob=0.88 entries=16
  [TARGET] R1 → SITE (-1.43, -1.52)

======================================================================
Step 5500 (2.9 min) | Pickups: 43 | Deposits: 41 | Rate: 13.98 tags/min | phero_entries=16 max_w=0.959
======================================================================
R1[BASE_ESC  ]: carry=0 | base=0.22 | wall=3.32 | search=  0 | target=site(-1.43,-1.52)
R2[SEARCH    ]: carry=0 | base=0.84 | wall=2.80 | search=750 | target=site(0.92,0.49)
R3[SEARCH    ]: carry=0 | base=4.25 | wall=0.40 | search=5032 | target=none
R4[SITE      ]: carry=0 | base=1.24 | wall=2.26 | search=  0 | target=site(1.83,-0.11)
R5[SITE      ]: carry=0 | base=0.60 | wall=3.01 | search=  0 | target=site(-1.50,-1.42)
R6[PHERO     ]: carry=0 | base=1.34 | wall=2.55 | search=  0 | target=phero(-2.26,-2.54)
R7[SITE      ]: carry=0 | base=0.30 | wall=3.26 | search=  0 | target=site(0.78,-1.80)
R8[BASE_ESC  ]: carry=0 | base=0.22 | wall=3.28 | search=  0 | target=site(1.87,0.04)
R9[PHERO     ]: carry=0 | base=0.31 | wall=3.19 | search=  0 | target=phero(1.45,-1.81)
R10[SEARCH    ]: carry=0 | base=0.42 | wall=3.17 | search=660 | target=site(-1.58,1.61)
R11[RTB       ]: carry=1 | base=0.28 | wall=3.30 | search=  0 | target=none
R12[RTB       ]: carry=1 | base=1.12 | wall=2.39 | search=  0 | target=none
R13[SITE      ]: carry=0 | base=0.73 | wall=2.87 | search=  0 | target=site(0.81,0.57)
R14[SEARCH    ]: carry=0 | base=0.91 | wall=2.83 | search= 89 | target=site(0.67,0.66)
R15[SEARCH    ]: carry=0 | base=2.14 | wall=1.72 | search=944 | target=site(0.84,-1.72)
R16[SITE      ]: carry=0 | base=0.80 | wall=2.86 | search=  0 | target=site(1.45,-1.81)

[DEPOSIT] R11 deposited! Total: 42
  [PHERO] Laid at (-1.67, -1.49) density=11 prob=0.80 entries=17
  [TARGET] R11 → SITE (-1.67, -1.49)
[PICKUP] R6 picked up tag (density=10) | Total: 44
[PICKUP] R15 picked up tag (density=18) | Total: 45
[PICKUP] R10 picked up tag (density=2) | Total: 46
[PICKUP] R4 picked up tag (density=11) | Total: 47

======================================================================
Step 6000 (3.2 min) | Pickups: 47 | Deposits: 42 | Rate: 13.12 tags/min | phero_entries=15 max_w=0.207
======================================================================
R1[SITE      ]: carry=0 | base=1.70 | wall=2.23 | search=  0 | target=site(-1.43,-1.52)
R2[SEARCH    ]: carry=0 | base=1.22 | wall=2.29 | search=1250 | target=site(0.92,0.49)
R3[WALL_ESC  ]: carry=0 | base=4.36 | wall=0.31 | search=5532 | target=none
R4[SURVEY    ]: carry=1 | base=1.92 | wall=1.59 | search=  0 | target=none
R5[SEARCH    ]: carry=0 | base=2.01 | wall=2.00 | search=131 | target=site(-1.50,-1.42)
R6[RTB       ]: carry=1 | base=1.97 | wall=2.03 | search=  0 | target=none
R7[SEARCH    ]: carry=0 | base=1.98 | wall=1.70 | search= 75 | target=site(0.78,-1.80)
R8[SITE      ]: carry=0 | base=0.34 | wall=3.17 | search=  0 | target=site(1.87,0.04)
R9[PHERO     ]: carry=0 | base=2.03 | wall=1.90 | search=  0 | target=phero(1.45,-1.81)
R10[RTB       ]: carry=1 | base=1.03 | wall=2.73 | search=  0 | target=none
R11[SITE      ]: carry=0 | base=1.67 | wall=2.23 | search=  0 | target=site(-1.67,-1.49)
R12[RTB       ]: carry=1 | base=0.41 | wall=3.09 | search=  0 | target=none
R13[SEARCH    ]: carry=0 | base=1.39 | wall=2.11 | search=446 | target=site(0.81,0.57)
R14[SEARCH    ]: carry=0 | base=1.90 | wall=1.63 | search=589 | target=site(0.67,0.66)
R15[SURVEY    ]: carry=1 | base=2.54 | wall=1.02 | search=  0 | target=none
R16[SEARCH    ]: carry=0 | base=2.40 | wall=1.66 | search=119 | target=site(1.45,-1.81)

[PICKUP] R16 picked up tag (density=13) | Total: 48
[PICKUP] R14 picked up tag (density=10) | Total: 49
[PICKUP] R13 picked up tag (density=9) | Total: 50
[DEPOSIT] R10 deposited! Total: 43
  [TARGET] R10 → SITE (0.75, 0.69)
[PICKUP] R2 picked up tag (density=15) | Total: 51
[PICKUP] R1 picked up tag (density=9) | Total: 52
[DEPOSIT] R6 deposited! Total: 44
  [PHERO] Laid at (-1.46, -1.57) density=10 prob=0.71 entries=9
  [TARGET] R6 → SITE (-1.46, -1.57)
[DEPOSIT] R12 deposited! Total: 45
  [PHERO] Laid at (1.94, -0.36) density=12 prob=0.88 entries=10
  [TARGET] R12 → SITE (1.94, -0.36)

======================================================================
Step 6500 (3.5 min) | Pickups: 52 | Deposits: 45 | Rate: 12.98 tags/min | phero_entries=9 max_w=0.965
======================================================================
R1[SURVEY    ]: carry=1 | base=2.21 | wall=1.93 | search=  0 | target=none
R2[SURVEY    ]: carry=1 | base=2.23 | wall=1.32 | search=  0 | target=none
R3[SEARCH    ]: carry=0 | base=4.33 | wall=0.37 | search=6032 | target=none
R4[RTB       ]: carry=1 | base=0.58 | wall=2.92 | search=  0 | target=none
R5[SEARCH    ]: carry=0 | base=3.14 | wall=0.74 | search=631 | target=site(-1.50,-1.42)
R6[BASE_ESC  ]: carry=0 | base=0.23 | wall=3.33 | search=  0 | target=site(-1.46,-1.57)
R7[SEARCH    ]: carry=0 | base=1.17 | wall=2.37 | search=575 | target=site(0.78,-1.80)
R8[SITE      ]: carry=0 | base=0.65 | wall=2.85 | search=  0 | target=site(1.87,0.04)
R9[SEARCH    ]: carry=0 | base=2.91 | wall=1.33 | search=438 | target=phero(1.45,-1.81)
R10[SITE      ]: carry=0 | base=0.62 | wall=2.99 | search=  0 | target=site(0.75,0.69)
R11[SEARCH    ]: carry=0 | base=2.25 | wall=1.69 | search=322 | target=site(-1.67,-1.49)
R12[BASE_ESC  ]: carry=0 | base=0.23 | wall=3.27 | search=  0 | target=site(1.94,-0.36)
R13[RTB       ]: carry=1 | base=1.87 | wall=1.64 | search=  0 | target=none
R14[RTB       ]: carry=1 | base=1.68 | wall=1.82 | search=  0 | target=none
R15[RTB       ]: carry=1 | base=0.66 | wall=2.86 | search=  0 | target=none
R16[RTB       ]: carry=1 | base=1.58 | wall=2.37 | search=  0 | target=none

[DEPOSIT] R4 deposited! Total: 46
  [PHERO] Laid at (1.91, -0.21) density=11 prob=0.80 entries=9
  [TARGET] R4 → SITE (1.91, -0.21)
[DEPOSIT] R15 deposited! Total: 47
  [PHERO] Laid at (-2.47, -0.58) density=18 prob=1.00 entries=10
  [TARGET] R15 → SITE (-2.47, -0.58)
[DEPOSIT] R16 deposited! Total: 48
  [PHERO] Laid at (1.60, -1.80) density=13 prob=0.93 entries=11
  [TARGET] R16 → SITE (1.60, -1.80)
[DEPOSIT] R14 deposited! Total: 49
  [PHERO] Laid at (2.10, 0.08) density=10 prob=0.71 entries=12
  [TARGET] R14 → SITE (2.10, 0.08)
[PICKUP] R10 picked up tag (density=1) | Total: 53
[DEPOSIT] R13 deposited! Total: 50
  [TARGET] R13 → SITE (1.92, -0.21)

======================================================================
Step 7000 (3.7 min) | Pickups: 53 | Deposits: 50 | Rate: 13.39 tags/min | phero_entries=12 max_w=0.675
======================================================================
R1[RTB       ]: carry=1 | base=0.61 | wall=3.05 | search=  0 | target=none
R2[RTB       ]: carry=1 | base=0.42 | wall=3.09 | search=  0 | target=none
R3[SEARCH    ]: carry=0 | base=4.26 | wall=0.37 | search=6532 | target=none
R4[SITE      ]: carry=0 | base=1.27 | wall=2.23 | search=  0 | target=site(1.91,-0.21)
R5[WALL_ESC  ]: carry=0 | base=3.61 | wall=0.31 | search=1092 | target=none
R6[SITE      ]: carry=0 | base=1.79 | wall=2.21 | search=  0 | target=site(-1.46,-1.57)
R7[GIVE_UP   ]: carry=0 | base=1.67 | wall=2.08 | search=936 | target=none
R8[SEARCH    ]: carry=0 | base=1.66 | wall=1.87 | search=195 | target=site(1.87,0.04)
R9[WALL_ESC  ]: carry=0 | base=4.25 | wall=0.31 | search=938 | target=phero(1.45,-1.81)
R10[SURVEY    ]: carry=1 | base=1.02 | wall=2.65 | search=  0 | target=none
R11[SEARCH    ]: carry=0 | base=3.46 | wall=0.36 | search=822 | target=site(-1.67,-1.49)
R12[SITE      ]: carry=0 | base=1.75 | wall=1.78 | search=  0 | target=site(1.94,-0.36)
R13[BASE_ESC  ]: carry=0 | base=0.22 | wall=3.28 | search=  0 | target=site(1.92,-0.21)
R14[SITE      ]: carry=0 | base=0.26 | wall=3.25 | search=  0 | target=site(2.10,0.08)
R15[SITE      ]: carry=0 | base=1.28 | wall=2.24 | search=  0 | target=site(-2.47,-0.58)
R16[SITE      ]: carry=0 | base=0.39 | wall=3.16 | search=  0 | target=site(1.60,-1.80)

[DEPOSIT] R2 deposited! Total: 51
  [PHERO] Laid at (-2.18, -0.46) density=15 prob=0.98 entries=13
  [TARGET] R2 → SITE (-2.18, -0.46)
[DEPOSIT] R1 deposited! Total: 52
  [TARGET] R1 → SITE (-1.55, -1.58)
[PICKUP] R12 picked up tag (density=8) | Total: 54
[PICKUP] R15 picked up tag (density=14) | Total: 55
[DEPOSIT] R10 deposited! Total: 53
  [TARGET] R10 → PHERO (1.60, -1.80)
  [GIVE-UP] R7 returned empty after 936 searching steps
  [TARGET] R7 → PHERO (-2.18, -0.46)
[PICKUP] R6 picked up tag (density=8) | Total: 56
[PICKUP] R16 picked up tag (density=12) | Total: 57
[PICKUP] R14 picked up tag (density=7) | Total: 58

======================================================================
Step 7500 (4.0 min) | Pickups: 58 | Deposits: 53 | Rate: 13.25 tags/min | phero_entries=11 max_w=0.233
======================================================================
R1[SITE      ]: carry=0 | base=1.26 | wall=2.59 | search=  0 | target=site(-1.55,-1.58)
R2[SITE      ]: carry=0 | base=1.52 | wall=2.02 | search=  0 | target=site(-2.18,-0.46)
R3[WALL_ESC  ]: carry=0 | base=4.37 | wall=0.31 | search=7032 | target=none
R4[GIVE_UP   ]: carry=0 | base=1.94 | wall=1.61 | search=312 | target=none
R5[GIVE_UP   ]: carry=0 | base=1.83 | wall=1.87 | search=1092 | target=none
R6[SURVEY    ]: carry=1 | base=2.25 | wall=1.86 | search=  0 | target=none
R7[PHERO     ]: carry=0 | base=0.30 | wall=3.20 | search=  0 | target=phero(-2.18,-0.46)
R8[BASE_ESC  ]: carry=0 | base=0.23 | wall=3.33 | search=695 | target=site(1.87,0.04)
R9[SEARCH    ]: carry=0 | base=4.25 | wall=0.37 | search=1438 | target=phero(1.45,-1.81)
R10[PHERO     ]: carry=0 | base=0.37 | wall=3.13 | search=  0 | target=phero(1.60,-1.80)
R11[SEARCH    ]: carry=0 | base=3.38 | wall=0.39 | search=1322 | target=site(-1.67,-1.49)
R12[RTB       ]: carry=1 | base=1.89 | wall=1.63 | search=  0 | target=none
R13[SITE      ]: carry=0 | base=1.81 | wall=1.70 | search=  0 | target=site(1.92,-0.21)
R14[SURVEY    ]: carry=1 | base=2.03 | wall=1.47 | search=  0 | target=none
R15[SURVEY    ]: carry=1 | base=2.34 | wall=1.22 | search=  0 | target=none
R16[SURVEY    ]: carry=1 | base=2.15 | wall=1.89 | search=  0 | target=none

  [GIVE-UP] R8 returned empty after 780 searching steps
  [TARGET] R8 → PHERO (1.60, -1.80)
[PICKUP] R2 picked up tag (density=13) | Total: 59
[PICKUP] R1 picked up tag (density=7) | Total: 60
  [GIVE-UP] R5 returned empty after 1092 searching steps
  [TARGET] R5 → PHERO (1.60, -1.80)
[PICKUP] R10 picked up tag (density=11) | Total: 61

======================================================================
Step 8000 (4.3 min) | Pickups: 61 | Deposits: 53 | Rate: 12.42 tags/min | phero_entries=7 max_w=0.047
======================================================================
R1[SURVEY    ]: carry=1 | base=2.25 | wall=1.91 | search=  0 | target=none
R2[SURVEY    ]: carry=1 | base=2.21 | wall=1.32 | search=  0 | target=none
R3[SEARCH    ]: carry=0 | base=4.26 | wall=0.40 | search=7532 | target=none
R4[GIVE_UP   ]: carry=0 | base=0.28 | wall=3.24 | search=312 | target=none
R5[BASE_ESC  ]: carry=0 | base=0.22 | wall=3.29 | search=  0 | target=phero(1.60,-1.80)
R6[RTB       ]: carry=1 | base=0.90 | wall=2.85 | search=  0 | target=none
R7[SEARCH    ]: carry=0 | base=2.20 | wall=1.34 | search=  9 | target=phero(-2.18,-0.46)
R8[PHERO     ]: carry=0 | base=0.66 | wall=2.90 | search=  0 | target=phero(1.60,-1.80)
R9[SEARCH    ]: carry=0 | base=4.18 | wall=0.37 | search=1938 | target=phero(1.45,-1.81)
R10[SURVEY    ]: carry=1 | base=2.07 | wall=1.99 | search=  0 | target=none
R11[SEARCH    ]: carry=0 | base=3.39 | wall=0.40 | search=1822 | target=site(-1.67,-1.49)
R12[RTB       ]: carry=1 | base=0.67 | wall=2.84 | search=  0 | target=none
R13[SEARCH    ]: carry=0 | base=1.69 | wall=1.95 | search=403 | target=site(1.92,-0.21)
R14[RTB       ]: carry=1 | base=1.11 | wall=2.39 | search=  0 | target=none
R15[RTB       ]: carry=1 | base=0.71 | wall=2.81 | search=  0 | target=none
R16[RTB       ]: carry=1 | base=1.13 | wall=2.68 | search=  0 | target=none

  [GIVE-UP] R4 returned empty after 312 searching steps
  [TARGET] R4 → PHERO (1.60, -1.80)
[DEPOSIT] R12 deposited! Total: 54
  [PHERO] Laid at (2.00, -0.36) density=8 prob=0.46 entries=8
  [TARGET] R12 → SITE (2.00, -0.36)
[DEPOSIT] R15 deposited! Total: 55
  [PHERO] Laid at (-2.29, -0.53) density=14 prob=0.96 entries=9
  [TARGET] R15 → SITE (-2.29, -0.53)
[PICKUP] R13 picked up tag (density=14) | Total: 62
[DEPOSIT] R6 deposited! Total: 56
  [TARGET] R6 → SITE (-1.64, -1.54)
[DEPOSIT] R14 deposited! Total: 57
  [TARGET] R14 → SITE (2.02, 0.08)
[DEPOSIT] R16 deposited! Total: 58
  [PHERO] Laid at (1.42, -1.61) density=12 prob=0.88 entries=10
  [TARGET] R16 → SITE (1.42, -1.61)
[PICKUP] R8 picked up tag (density=10) | Total: 63
[PICKUP] R3 picked up tag (density=15) | Total: 64

======================================================================
Step 8500 (4.5 min) | Pickups: 64 | Deposits: 58 | Rate: 12.79 tags/min | phero_entries=10 max_w=0.491
======================================================================
R1[RTB       ]: carry=1 | base=0.57 | wall=3.09 | search=  0 | target=none
R2[RTB       ]: carry=1 | base=0.49 | wall=3.02 | search=  0 | target=none
R3[SURVEY    ]: carry=1 | base=3.56 | wall=0.95 | search=  0 | target=none
R4[PHERO     ]: carry=0 | base=1.40 | wall=2.46 | search=  0 | target=phero(1.60,-1.80)
R5[PHERO     ]: carry=0 | base=0.95 | wall=2.67 | search=  0 | target=phero(1.60,-1.80)
R6[SITE      ]: carry=0 | base=0.80 | wall=2.85 | search=  0 | target=site(-1.64,-1.54)
R7[SEARCH    ]: carry=0 | base=1.80 | wall=2.07 | search=509 | target=phero(-2.18,-0.46)
R8[SURVEY    ]: carry=1 | base=2.22 | wall=1.86 | search=  0 | target=none
R9[WALL_ESC  ]: carry=0 | base=4.29 | wall=0.32 | search=2438 | target=phero(1.45,-1.81)
R10[RTB       ]: carry=1 | base=1.21 | wall=2.62 | search=  0 | target=none
R11[GIVE_UP   ]: carry=0 | base=2.35 | wall=1.38 | search=2028 | target=none
R12[SITE      ]: carry=0 | base=1.22 | wall=2.28 | search=  0 | target=site(2.00,-0.36)
R13[RTB       ]: carry=1 | base=1.58 | wall=2.29 | search=  0 | target=none
R14[SITE      ]: carry=0 | base=0.83 | wall=2.68 | search=  0 | target=site(2.02,0.08)
R15[SITE      ]: carry=0 | base=1.07 | wall=2.45 | search=  0 | target=site(-2.29,-0.53)
R16[SITE      ]: carry=0 | base=0.63 | wall=3.00 | search=  0 | target=site(1.42,-1.61)

[DEPOSIT] R2 deposited! Total: 59
  [PHERO] Laid at (-2.18, -0.39) density=13 prob=0.93 entries=11
  [TARGET] R2 → SITE (-2.18, -0.39)
[DEPOSIT] R1 deposited! Total: 60
  [TARGET] R1 → SITE (-1.59, -1.59)
[PICKUP] R7 picked up tag (density=16) | Total: 65
[DEPOSIT] R10 deposited! Total: 61
  [PHERO] Laid at (1.42, -1.51) density=11 prob=0.80 entries=8
  [TARGET] R10 → SITE (1.42, -1.51)
[PICKUP] R12 picked up tag (density=6) | Total: 66
[DEPOSIT] R13 deposited! Total: 62
  [PHERO] Laid at (1.29, 1.22) density=14 prob=0.96 entries=9
  [TARGET] R13 → SITE (1.29, 1.22)
[PICKUP] R4 picked up tag (density=9) | Total: 67

======================================================================
Step 9000 (4.8 min) | Pickups: 67 | Deposits: 62 | Rate: 12.92 tags/min | phero_entries=9 max_w=0.615
======================================================================
R1[SITE      ]: carry=0 | base=1.39 | wall=2.49 | search=  0 | target=site(-1.59,-1.59)
R2[SITE      ]: carry=0 | base=1.46 | wall=2.06 | search=  0 | target=site(-2.18,-0.39)
R3[RTB       ]: carry=1 | base=2.31 | wall=1.86 | search=  0 | target=none
R4[SURVEY    ]: carry=1 | base=2.39 | wall=1.75 | search=  0 | target=none
R5[SEARCH    ]: carry=0 | base=2.37 | wall=1.67 | search=120 | target=phero(1.60,-1.80)
R6[SEARCH    ]: carry=0 | base=2.23 | wall=1.91 | search=128 | target=site(-1.64,-1.54)
R7[RTB       ]: carry=1 | base=2.04 | wall=1.55 | search=  0 | target=none
R8[RTB       ]: carry=1 | base=1.05 | wall=2.75 | search=  0 | target=none
R9[SEARCH    ]: carry=0 | base=4.19 | wall=0.40 | search=2938 | target=phero(1.45,-1.81)
R10[SITE      ]: carry=0 | base=0.66 | wall=2.99 | search=  0 | target=site(1.42,-1.51)
R11[GIVE_UP   ]: carry=0 | base=0.43 | wall=3.11 | search=2028 | target=none
R12[RTB       ]: carry=1 | base=2.10 | wall=1.42 | search=  0 | target=none
R13[SITE      ]: carry=0 | base=0.38 | wall=3.19 | search=  0 | target=site(1.29,1.22)
R14[GIVE_UP   ]: carry=0 | base=1.76 | wall=1.74 | search=156 | target=none
R15[SEARCH    ]: carry=0 | base=2.47 | wall=1.13 | search=180 | target=site(-2.29,-0.53)
R16[SEARCH    ]: carry=0 | base=2.17 | wall=1.92 | search= 98 | target=site(1.42,-1.61)

[PICKUP] R16 picked up tag (density=8) | Total: 68
  [GIVE-UP] R11 returned empty after 2028 searching steps
  [TARGET] R11 → PHERO (1.29, 1.22)
[DEPOSIT] R8 deposited! Total: 63
  [TARGET] R8 → SITE (1.49, -1.64)
  [GIVE-UP] R14 returned empty after 156 searching steps
  [TARGET] R14 → PHERO (1.42, -1.51)
[PICKUP] R1 picked up tag (density=6) | Total: 69
[PICKUP] R2 picked up tag (density=12) | Total: 70
[PICKUP] R13 picked up tag (density=13) | Total: 71
[DEPOSIT] R7 deposited! Total: 64
  [PHERO] Laid at (-0.77, -2.14) density=16 prob=0.99 entries=7
  [TARGET] R7 → SITE (-0.77, -2.14)

======================================================================
Step 9500 (5.1 min) | Pickups: 71 | Deposits: 64 | Rate: 12.63 tags/min | phero_entries=7 max_w=0.903
======================================================================
R1[SURVEY    ]: carry=1 | base=2.31 | wall=1.80 | search=  0 | target=none
R2[SURVEY    ]: carry=1 | base=2.19 | wall=1.32 | search=  0 | target=none
R3[RTB       ]: carry=1 | base=0.50 | wall=3.14 | search=  0 | target=none
R4[RTB       ]: carry=1 | base=1.00 | wall=2.78 | search=  0 | target=none
R5[WALL_ESC  ]: carry=0 | base=3.56 | wall=0.35 | search=620 | target=phero(1.60,-1.80)
R6[GIVE_UP   ]: carry=0 | base=1.41 | wall=2.19 | search=468 | target=none
R7[BASE_ESC  ]: carry=0 | base=0.22 | wall=3.29 | search=  0 | target=site(-0.77,-2.14)
R8[SITE      ]: carry=0 | base=0.87 | wall=2.82 | search=  0 | target=site(1.49,-1.64)
R9[WALL_ESC  ]: carry=0 | base=4.21 | wall=0.35 | search=3438 | target=phero(1.45,-1.81)
R10[SEARCH    ]: carry=0 | base=2.03 | wall=1.97 | search=111 | target=site(1.42,-1.51)
R11[PHERO     ]: carry=0 | base=0.64 | wall=2.94 | search=  0 | target=phero(1.29,1.22)
R12[RTB       ]: carry=1 | base=0.47 | wall=3.04 | search=  0 | target=none
R13[SURVEY    ]: carry=1 | base=1.78 | wall=2.24 | search=  0 | target=none
R14[BASE_ESC  ]: carry=0 | base=0.24 | wall=3.27 | search=  0 | target=phero(1.42,-1.51)
R15[GIVE_UP   ]: carry=0 | base=2.07 | wall=1.95 | search=468 | target=none
R16[RTB       ]: carry=1 | base=1.33 | wall=2.54 | search=  0 | target=none

[DEPOSIT] R12 deposited! Total: 65
  [TARGET] R12 → SITE (2.05, -0.35)
[DEPOSIT] R3 deposited! Total: 66
  [PHERO] Laid at (-2.55, -2.48) density=15 prob=0.98 entries=8
  [TARGET] R3 → SITE (-2.55, -2.48)
[DEPOSIT] R4 deposited! Total: 67
  [PHERO] Laid at (1.62, -1.75) density=9 prob=0.59 entries=9
  [TARGET] R4 → SITE (1.62, -1.75)
[DEPOSIT] R16 deposited! Total: 68
  [TARGET] R16 → SITE (1.49, -1.56)
  [GIVE-UP] R6 returned empty after 468 searching steps
  [TARGET] R6 → PHERO (1.62, -1.75)
[PICKUP] R11 picked up tag (density=12) | Total: 72
  [GIVE-UP] R15 returned empty after 468 searching steps
  [TARGET] R15 → PHERO (-0.77, -2.14)

======================================================================
Step 10000 (5.3 min) | Pickups: 72 | Deposits: 68 | Rate: 12.75 tags/min | phero_entries=9 max_w=0.377
======================================================================
R1[RTB       ]: carry=1 | base=0.91 | wall=2.85 | search=  0 | target=none
R2[RTB       ]: carry=1 | base=0.93 | wall=2.57 | search=  0 | target=none
R3[SITE      ]: carry=0 | base=1.39 | wall=2.45 | search=  0 | target=site(-2.55,-2.48)
R4[SITE      ]: carry=0 | base=0.93 | wall=2.79 | search=  0 | target=site(1.62,-1.75)
R5[WALL_ESC  ]: carry=0 | base=3.57 | wall=0.35 | search=1120 | target=phero(1.60,-1.80)
R6[PHERO     ]: carry=0 | base=0.31 | wall=3.20 | search=  0 | target=phero(1.62,-1.75)
R7[SITE      ]: carry=0 | base=1.78 | wall=1.84 | search=  0 | target=site(-0.77,-2.14)
R8[SEARCH    ]: carry=0 | base=2.23 | wall=1.77 | search=161 | target=site(1.49,-1.64)
R9[WALL_ESC  ]: carry=0 | base=4.28 | wall=0.34 | search=3938 | target=phero(1.45,-1.81)
R10[SEARCH    ]: carry=0 | base=3.28 | wall=1.14 | search=611 | target=site(1.42,-1.51)
R11[SURVEY    ]: carry=1 | base=1.82 | wall=2.20 | search=  0 | target=none
R12[SITE      ]: carry=0 | base=1.46 | wall=2.05 | search=  0 | target=site(2.05,-0.35)
R13[RTB       ]: carry=1 | base=0.71 | wall=2.97 | search=  0 | target=none
R14[PHERO     ]: carry=0 | base=1.82 | wall=2.20 | search=  0 | target=phero(1.42,-1.51)
R15[BASE_ESC  ]: carry=0 | base=0.23 | wall=3.33 | search=  0 | target=phero(-0.77,-2.14)
R16[SITE      ]: carry=0 | base=0.62 | wall=3.00 | search=  0 | target=site(1.49,-1.56)

[PICKUP] R7 picked up tag (density=15) | Total: 73
[DEPOSIT] R13 deposited! Total: 69
  [PHERO] Laid at (1.26, 1.26) density=13 prob=0.93 entries=10
  [TARGET] R13 → SITE (1.26, 1.26)
[PICKUP] R8 picked up tag (density=7) | Total: 74
[DEPOSIT] R1 deposited! Total: 70
  [PHERO] Laid at (-1.70, -1.57) density=6 prob=0.21 entries=11
  [TARGET] R1 → SITE (-1.70, -1.57)
[DEPOSIT] R2 deposited! Total: 71
  [TARGET] R2 → SITE (-2.18, -0.23)
[PICKUP] R12 picked up tag (density=5) | Total: 75
[PICKUP] R3 picked up tag (density=5) | Total: 76

======================================================================
Step 10500 (5.6 min) | Pickups: 76 | Deposits: 71 | Rate: 12.68 tags/min | phero_entries=8 max_w=0.351
======================================================================
R1[SITE      ]: carry=0 | base=0.95 | wall=2.76 | search=  0 | target=site(-1.70,-1.57)
R2[SITE      ]: carry=0 | base=1.02 | wall=2.49 | search=  0 | target=site(-2.18,-0.23)
R3[RTB       ]: carry=1 | base=2.25 | wall=1.89 | search=  0 | target=none
R4[SEARCH    ]: carry=0 | base=2.35 | wall=1.71 | search=133 | target=site(1.62,-1.75)
R5[WALL_ESC  ]: carry=0 | base=3.58 | wall=0.31 | search=1620 | target=phero(1.60,-1.80)
R6[PHERO     ]: carry=0 | base=2.05 | wall=1.97 | search=  0 | target=phero(1.62,-1.75)
R7[RTB       ]: carry=1 | base=1.38 | wall=2.19 | search=  0 | target=none
R8[RTB       ]: carry=1 | base=2.07 | wall=2.01 | search=  0 | target=none
R9[SEARCH    ]: carry=0 | base=4.17 | wall=0.39 | search=4438 | target=phero(1.45,-1.81)
R10[GIVE_UP   ]: carry=0 | base=3.60 | wall=0.69 | search=936 | target=none
R11[RTB       ]: carry=1 | base=0.55 | wall=3.09 | search=  0 | target=none
R12[RTB       ]: carry=1 | base=2.07 | wall=1.44 | search=  0 | target=none
R13[SITE      ]: carry=0 | base=1.24 | wall=2.60 | search=  0 | target=site(1.26,1.26)
R14[SEARCH    ]: carry=0 | base=1.13 | wall=2.44 | search=447 | target=phero(1.42,-1.51)
R15[PHERO     ]: carry=0 | base=1.76 | wall=1.85 | search=  0 | target=phero(-0.77,-2.14)
R16[SEARCH    ]: carry=0 | base=2.12 | wall=1.91 | search=112 | target=site(1.49,-1.56)

[DEPOSIT] R11 deposited! Total: 72
  [PHERO] Laid at (1.30, 1.28) density=12 prob=0.88 entries=9
  [TARGET] R11 → SITE (1.30, 1.28)
[PICKUP] R13 picked up tag (density=11) | Total: 77
[PICKUP] R15 picked up tag (density=14) | Total: 78
[PICKUP] R6 picked up tag (density=6) | Total: 79
[DEPOSIT] R7 deposited! Total: 73
  [PHERO] Laid at (-0.71, -1.94) density=15 prob=0.98 entries=9
  [TARGET] R7 → SITE (-0.71, -1.94)
[DEPOSIT] R8 deposited! Total: 74
  [TARGET] R8 → SITE (1.75, -1.85)
[PICKUP] R1 picked up tag (density=4) | Total: 80
[DEPOSIT] R12 deposited! Total: 75
  [TARGET] R12 → SITE (2.06, -0.31)

======================================================================
Step 11000 (5.9 min) | Pickups: 80 | Deposits: 75 | Rate: 12.78 tags/min | phero_entries=8 max_w=0.517
======================================================================
R1[SURVEY    ]: carry=1 | base=2.25 | wall=1.85 | search=  0 | target=none
R2[SEARCH    ]: carry=0 | base=2.02 | wall=1.49 | search=210 | target=site(-2.18,-0.23)
R3[RTB       ]: carry=1 | base=0.34 | wall=3.26 | search=  0 | target=none
R4[SEARCH    ]: carry=0 | base=3.06 | wall=0.69 | search=633 | target=site(1.62,-1.75)
R5[SEARCH    ]: carry=0 | base=3.52 | wall=0.38 | search=2120 | target=phero(1.60,-1.80)
R6[RTB       ]: carry=1 | base=2.32 | wall=1.81 | search=  0 | target=none
R7[SITE      ]: carry=0 | base=0.57 | wall=2.94 | search=  0 | target=site(-0.71,-1.94)
R8[BASE_ESC  ]: carry=0 | base=0.22 | wall=3.33 | search=  0 | target=site(1.75,-1.85)
R9[WALL_ESC  ]: carry=0 | base=4.29 | wall=0.31 | search=4938 | target=phero(1.45,-1.81)
R10[GIVE_UP   ]: carry=0 | base=1.68 | wall=2.19 | search=936 | target=none
R11[SITE      ]: carry=0 | base=1.27 | wall=2.59 | search=  0 | target=site(1.30,1.28)
R12[BASE_ESC  ]: carry=0 | base=0.23 | wall=3.27 | search=  0 | target=site(2.06,-0.31)
R13[RTB       ]: carry=1 | base=1.64 | wall=2.29 | search=  0 | target=none
R14[SEARCH    ]: carry=0 | base=0.78 | wall=2.72 | search=947 | target=phero(1.42,-1.51)
R15[RTB       ]: carry=1 | base=1.84 | wall=1.74 | search=  0 | target=none
R16[SEARCH    ]: carry=0 | base=2.92 | wall=1.35 | search=612 | target=site(1.49,-1.56)

[PICKUP] R14 picked up tag (density=15) | Total: 81
[DEPOSIT] R3 deposited! Total: 76
  [TARGET] R3 → SITE (-1.69, -1.59)
[DEPOSIT] R13 deposited! Total: 77
  [PHERO] Laid at (1.26, 1.28) density=11 prob=0.80 entries=8
  [TARGET] R13 → SITE (1.26, 1.28)
  [GIVE-UP] R10 returned empty after 936 searching steps
  [TARGET] R10 → PHERO (1.26, 1.28)
[DEPOSIT] R14 deposited! Total: 78
  [TARGET] R14 → SITE (-0.11, 0.84)
[DEPOSIT] R15 deposited! Total: 79
  [PHERO] Laid at (-0.74, -2.13) density=14 prob=0.96 entries=9
  [TARGET] R15 → SITE (-0.74, -2.13)

======================================================================
Step 11500 (6.1 min) | Pickups: 81 | Deposits: 79 | Rate: 12.88 tags/min | phero_entries=9 max_w=0.863
======================================================================
R1[RTB       ]: carry=1 | base=0.98 | wall=2.76 | search=  0 | target=none
R2[GIVE_UP   ]: carry=0 | base=0.58 | wall=2.92 | search=312 | target=none
R3[SITE      ]: carry=0 | base=1.60 | wall=2.36 | search=  0 | target=site(-1.69,-1.59)
R4[SEARCH    ]: carry=0 | base=3.15 | wall=0.36 | search=1133 | target=site(1.62,-1.75)
R5[GIVE_UP   ]: carry=0 | base=3.44 | wall=0.42 | search=2496 | target=none
R6[RTB       ]: carry=1 | base=0.62 | wall=3.06 | search=  0 | target=none
R7[SEARCH    ]: carry=0 | base=2.04 | wall=1.60 | search= 93 | target=site(-0.71,-1.94)
R8[SITE      ]: carry=0 | base=1.55 | wall=2.39 | search=  0 | target=site(1.75,-1.85)
R9[SEARCH    ]: carry=0 | base=4.22 | wall=0.39 | search=5438 | target=phero(1.45,-1.81)
R10[PHERO     ]: carry=0 | base=0.27 | wall=3.27 | search=  0 | target=phero(1.26,1.28)
R11[SEARCH    ]: carry=0 | base=1.97 | wall=1.84 | search=367 | target=site(1.30,1.28)
R12[SITE      ]: carry=0 | base=1.70 | wall=1.82 | search=  0 | target=site(2.06,-0.31)
R13[SITE      ]: carry=0 | base=0.32 | wall=3.23 | search=  0 | target=site(1.26,1.28)
R14[BASE_ESC  ]: carry=0 | base=0.22 | wall=3.28 | search=  0 | target=site(-0.11,0.84)
R15[BASE_ESC  ]: carry=0 | base=0.22 | wall=3.29 | search=  0 | target=site(-0.74,-2.13)
R16[SEARCH    ]: carry=0 | base=3.69 | wall=0.40 | search=1112 | target=site(1.49,-1.56)

  [GIVE-UP] R2 returned empty after 312 searching steps
  [TARGET] R2 → PHERO (-0.74, -2.13)
[DEPOSIT] R6 deposited! Total: 80
  [TARGET] R6 → SITE (1.72, -1.76)
[PICKUP] R12 picked up tag (density=4) | Total: 82
[DEPOSIT] R1 deposited! Total: 81
  [TARGET] R1 → PHERO (-0.74, -2.13)
[PICKUP] R5 picked up tag (density=11) | Total: 83
[PICKUP] R14 picked up tag (density=14) | Total: 84
[PICKUP] R13 picked up tag (density=10) | Total: 85

======================================================================
Step 12000 (6.4 min) | Pickups: 85 | Deposits: 81 | Rate: 12.66 tags/min | phero_entries=6 max_w=0.174
======================================================================
R1[PHERO     ]: carry=0 | base=1.00 | wall=2.56 | search=  0 | target=phero(-0.74,-2.13)
R2[PHERO     ]: carry=0 | base=0.90 | wall=2.75 | search=  0 | target=phero(-0.74,-2.13)
R3[SEARCH    ]: carry=0 | base=2.32 | wall=1.63 | search=326 | target=site(-1.69,-1.59)
R4[SEARCH    ]: carry=0 | base=3.13 | wall=0.38 | search=1633 | target=site(1.62,-1.75)
R5[RTB       ]: carry=1 | base=2.47 | wall=1.30 | search=  0 | target=none
R6[SITE      ]: carry=0 | base=1.33 | wall=2.53 | search=  0 | target=site(1.72,-1.76)
R7[SEARCH    ]: carry=0 | base=3.12 | wall=0.85 | search=593 | target=site(-0.71,-1.94)
R8[SEARCH    ]: carry=0 | base=2.42 | wall=1.71 | search=251 | target=site(1.75,-1.85)
R9[SEARCH    ]: carry=0 | base=4.19 | wall=0.36 | search=5938 | target=phero(1.45,-1.81)
R10[SEARCH    ]: carry=0 | base=1.77 | wall=2.24 | search= 35 | target=phero(1.26,1.28)
R11[WALL_ESC  ]: carry=0 | base=3.30 | wall=0.32 | search=867 | target=site(1.30,1.28)
R12[RTB       ]: carry=1 | base=1.93 | wall=1.58 | search=  0 | target=none
R13[SURVEY    ]: carry=1 | base=1.79 | wall=2.18 | search=  0 | target=none
R14[SURVEY    ]: carry=1 | base=0.82 | wall=2.69 | search=  0 | target=none
R15[SITE      ]: carry=0 | base=1.89 | wall=1.72 | search=  0 | target=site(-0.74,-2.13)
R16[WALL_ESC  ]: carry=0 | base=3.73 | wall=0.34 | search=1612 | target=site(1.49,-1.56)

[PICKUP] R15 picked up tag (density=13) | Total: 86
[PICKUP] R6 picked up tag (density=5) | Total: 87
[DEPOSIT] R14 deposited! Total: 82
  [TARGET] R14 → SITE (-0.14, 0.80)
[DEPOSIT] R12 deposited! Total: 83
  [TARGET] R12 → SITE (2.07, -0.28)
[PICKUP] R4 picked up tag (density=3) | Total: 88
[PICKUP] R2 picked up tag (density=12) | Total: 89

======================================================================
Step 12500 (6.7 min) | Pickups: 89 | Deposits: 83 | Rate: 12.45 tags/min | phero_entries=4 max_w=0.035
======================================================================
R1[SEARCH    ]: carry=0 | base=2.19 | wall=1.48 | search=187 | target=phero(-0.74,-2.13)
R2[SURVEY    ]: carry=1 | base=2.28 | wall=1.33 | search=  0 | target=none
R3[GIVE_UP   ]: carry=0 | base=1.27 | wall=2.33 | search=468 | target=none
R4[SURVEY    ]: carry=1 | base=2.35 | wall=1.15 | search=  0 | target=none
R5[RTB       ]: carry=1 | base=0.67 | wall=2.92 | search=  0 | target=none
R6[RTB       ]: carry=1 | base=2.02 | wall=2.01 | search=  0 | target=none
R7[GIVE_UP   ]: carry=0 | base=3.15 | wall=0.86 | search=936 | target=none
R8[WALL_ESC  ]: carry=0 | base=3.93 | wall=0.31 | search=751 | target=site(1.75,-1.85)
R9[WALL_ESC  ]: carry=0 | base=4.29 | wall=0.33 | search=6396 | target=none
R10[SEARCH    ]: carry=0 | base=2.89 | wall=1.19 | search=535 | target=phero(1.26,1.28)
R11[WALL_ESC  ]: carry=0 | base=3.28 | wall=0.33 | search=1367 | target=site(1.30,1.28)
R12[BASE_ESC  ]: carry=0 | base=0.22 | wall=3.28 | search=  0 | target=site(2.07,-0.28)
R13[RTB       ]: carry=1 | base=0.83 | wall=2.90 | search=  0 | target=none
R14[SEARCH    ]: carry=0 | base=0.79 | wall=2.72 | search= 23 | target=site(-0.14,0.80)
R15[RTB       ]: carry=1 | base=1.83 | wall=1.73 | search=  0 | target=none
R16[WALL_ESC  ]: carry=0 | base=3.78 | wall=0.34 | search=2112 | target=site(1.49,-1.56)

[DEPOSIT] R5 deposited! Total: 84
  [PHERO] Laid at (1.10, -2.22) density=11 prob=0.80 entries=5
  [TARGET] R5 → SITE (1.10, -2.22)
[DEPOSIT] R13 deposited! Total: 85
  [PHERO] Laid at (1.22, 1.30) density=10 prob=0.71 entries=6
  [TARGET] R13 → SITE (1.22, 1.30)
[PICKUP] R14 picked up tag (density=13) | Total: 90
[PICKUP] R1 picked up tag (density=11) | Total: 91
  [GIVE-UP] R3 returned empty after 468 searching steps
  [TARGET] R3 → PHERO (1.10, -2.22)
[DEPOSIT] R15 deposited! Total: 86
  [PHERO] Laid at (-0.70, -2.16) density=13 prob=0.93 entries=6
  [TARGET] R15 → SITE (-0.70, -2.16)
[DEPOSIT] R6 deposited! Total: 87
  [TARGET] R6 → SITE (1.49, -1.50)

======================================================================
Step 13000 (6.9 min) | Pickups: 91 | Deposits: 87 | Rate: 12.55 tags/min | phero_entries=5 max_w=0.757
======================================================================
R1[RTB       ]: carry=1 | base=2.34 | wall=1.21 | search=  0 | target=none
R2[RTB       ]: carry=1 | base=1.00 | wall=2.53 | search=  0 | target=none
R3[PHERO     ]: carry=0 | base=0.33 | wall=3.24 | search=  0 | target=phero(1.10,-2.22)
R4[RTB       ]: carry=1 | base=1.62 | wall=1.88 | search=  0 | target=none
R5[SITE      ]: carry=0 | base=1.29 | wall=2.32 | search=  0 | target=site(1.10,-2.22)
R6[BASE_ESC  ]: carry=0 | base=0.22 | wall=3.33 | search=  0 | target=site(1.49,-1.50)
R7[GIVE_UP   ]: carry=0 | base=1.23 | wall=2.47 | search=936 | target=none
R8[SEARCH    ]: carry=0 | base=3.84 | wall=0.40 | search=1251 | target=site(1.75,-1.85)
R9[GIVE_UP   ]: carry=0 | base=2.66 | wall=1.51 | search=6396 | target=none
R10[WALL_ESC  ]: carry=0 | base=3.58 | wall=0.35 | search=1035 | target=phero(1.26,1.28)
R11[WALL_ESC  ]: carry=0 | base=3.27 | wall=0.34 | search=1867 | target=site(1.30,1.28)
R12[SITE      ]: carry=0 | base=1.92 | wall=1.60 | search=  0 | target=site(2.07,-0.28)
R13[SITE      ]: carry=0 | base=1.12 | wall=2.66 | search=  0 | target=site(1.22,1.30)
R14[RTB       ]: carry=1 | base=0.80 | wall=2.70 | search=  0 | target=none
R15[BASE_ESC  ]: carry=0 | base=0.22 | wall=3.30 | search=  0 | target=site(-0.70,-2.16)
R16[SEARCH    ]: carry=0 | base=3.69 | wall=0.39 | search=2612 | target=site(1.49,-1.56)

[PICKUP] R12 picked up tag (density=2) | Total: 92
[DEPOSIT] R14 deposited! Total: 88
  [PHERO] Laid at (-0.13, 0.89) density=13 prob=0.93 entries=6
  [TARGET] R14 → SITE (-0.13, 0.89)
[PICKUP] R5 picked up tag (density=10) | Total: 93
[DEPOSIT] R2 deposited! Total: 89
  [PHERO] Laid at (-0.69, -2.17) density=12 prob=0.88 entries=7
  [TARGET] R2 → SITE (-0.69, -2.17)
  [GIVE-UP] R7 returned empty after 936 searching steps
  [TARGET] R7 → PHERO (-0.13, 0.89)
[DEPOSIT] R4 deposited! Total: 90
  [TARGET] R4 → PHERO (1.22, 1.30)
[PICKUP] R13 picked up tag (density=9) | Total: 94
[PICKUP] R14 picked up tag (density=12) | Total: 95

======================================================================
Step 13500 (7.2 min) | Pickups: 95 | Deposits: 90 | Rate: 12.50 tags/min | phero_entries=7 max_w=0.379
======================================================================
R1[RTB       ]: carry=1 | base=0.66 | wall=2.85 | search=  0 | target=none
R2[SITE      ]: carry=0 | base=0.63 | wall=2.90 | search=  0 | target=site(-0.69,-2.17)
R3[PHERO     ]: carry=0 | base=1.97 | wall=1.70 | search=  0 | target=phero(1.10,-2.22)
R4[PHERO     ]: carry=0 | base=0.34 | wall=3.17 | search=  0 | target=phero(1.22,1.30)
R5[RTB       ]: carry=1 | base=1.81 | wall=1.91 | search=  0 | target=none
R6[SITE      ]: carry=0 | base=1.83 | wall=2.20 | search=  0 | target=site(1.49,-1.50)
R7[PHERO     ]: carry=0 | base=0.27 | wall=3.25 | search=  0 | target=phero(-0.13,0.89)
R8[WALL_ESC  ]: carry=0 | base=3.91 | wall=0.33 | search=1751 | target=site(1.75,-1.85)
R9[GIVE_UP   ]: carry=0 | base=0.74 | wall=2.95 | search=6396 | target=none
R10[SEARCH    ]: carry=0 | base=3.52 | wall=0.38 | search=1535 | target=phero(1.26,1.28)
R11[WALL_ESC  ]: carry=0 | base=3.27 | wall=0.34 | search=2367 | target=site(1.30,1.28)
R12[RTB       ]: carry=1 | base=1.47 | wall=2.04 | search=  0 | target=none
R13[SURVEY    ]: carry=1 | base=1.97 | wall=2.10 | search=  0 | target=none
R14[SURVEY    ]: carry=1 | base=0.91 | wall=2.60 | search=  0 | target=none
R15[SITE      ]: carry=0 | base=2.02 | wall=1.58 | search=  0 | target=site(-0.70,-2.16)
R16[WALL_ESC  ]: carry=0 | base=3.79 | wall=0.31 | search=3112 | target=site(1.49,-1.56)

[PICKUP] R15 picked up tag (density=10) | Total: 96
[PICKUP] R3 picked up tag (density=9) | Total: 97
[DEPOSIT] R1 deposited! Total: 91
  [TARGET] R1 → SITE (-0.62, -2.42)
  [GIVE-UP] R9 returned empty after 6396 searching steps
  [TARGET] R9 → PHERO (-0.69, -2.17)
[DEPOSIT] R12 deposited! Total: 92
  [TARGET] R12 → SITE (2.06, -0.28)
[DEPOSIT] R5 deposited! Total: 93
  [PHERO] Laid at (0.87, -1.80) density=10 prob=0.71 entries=6
  [TARGET] R5 → SITE (0.87, -1.80)
[PICKUP] R2 picked up tag (density=9) | Total: 98
[PICKUP] R4 picked up tag (density=8) | Total: 99
[PICKUP] R6 picked up tag (density=8) | Total: 100

======================================================================
Step 14000 (7.5 min) | Pickups: 100 | Deposits: 93 | Rate: 12.46 tags/min | phero_entries=6 max_w=0.743
======================================================================
R1[SITE      ]: carry=0 | base=1.27 | wall=2.25 | search=  0 | target=site(-0.62,-2.42)
R2[SURVEY    ]: carry=1 | base=2.27 | wall=1.34 | search=  0 | target=none
R3[RTB       ]: carry=1 | base=1.13 | wall=2.49 | search=  0 | target=none
R4[SURVEY    ]: carry=1 | base=1.86 | wall=2.14 | search=  0 | target=none
R5[BASE_ESC  ]: carry=0 | base=0.22 | wall=3.29 | search=  0 | target=site(0.87,-1.80)
R6[SURVEY    ]: carry=1 | base=2.30 | wall=1.51 | search=  0 | target=none
R7[SEARCH    ]: carry=0 | base=0.95 | wall=2.55 | search=302 | target=phero(-0.13,0.89)
R8[WALL_ESC  ]: carry=0 | base=3.95 | wall=0.34 | search=2251 | target=site(1.75,-1.85)
R9[PHERO     ]: carry=0 | base=1.15 | wall=2.37 | search=  0 | target=phero(-0.69,-2.17)
R10[GIVE_UP   ]: carry=0 | base=1.84 | wall=1.89 | search=1560 | target=none
R11[SEARCH    ]: carry=0 | base=3.25 | wall=0.35 | search=2867 | target=site(1.30,1.28)
R12[SITE      ]: carry=0 | base=0.50 | wall=3.02 | search=  0 | target=site(2.06,-0.28)
R13[RTB       ]: carry=1 | base=0.83 | wall=2.88 | search=  0 | target=none
R14[RTB       ]: carry=1 | base=0.35 | wall=3.15 | search=  0 | target=none
R15[RTB       ]: carry=1 | base=1.13 | wall=2.41 | search=  0 | target=none
R16[SEARCH    ]: carry=0 | base=3.74 | wall=0.37 | search=3612 | target=site(1.49,-1.56)

[DEPOSIT] R14 deposited! Total: 94
  [TARGET] R14 → SITE (-0.15, 0.90)
[DEPOSIT] R13 deposited! Total: 95
  [TARGET] R13 → SITE (1.40, 1.39)
[PICKUP] R1 picked up tag (density=8) | Total: 101
[PICKUP] R11 picked up tag (density=14) | Total: 102
[DEPOSIT] R15 deposited! Total: 96
  [PHERO] Laid at (-0.64, -1.95) density=10 prob=0.71 entries=7
  [TARGET] R15 → SITE (-0.64, -1.95)
[DEPOSIT] R3 deposited! Total: 97
  [PHERO] Laid at (0.84, -1.83) density=9 prob=0.59 entries=8
  [TARGET] R3 → SITE (0.84, -1.83)
[PICKUP] R14 picked up tag (density=11) | Total: 103
  [GIVE-UP] R10 returned empty after 1560 searching steps
  [TARGET] R10 → PHERO (0.84, -1.83)

======================================================================
Step 14500 (7.7 min) | Pickups: 103 | Deposits: 97 | Rate: 12.54 tags/min | phero_entries=8 max_w=0.423
======================================================================
R1[RTB       ]: carry=1 | base=1.74 | wall=1.79 | search=  0 | target=none
R2[RTB       ]: carry=1 | base=1.12 | wall=2.41 | search=  0 | target=none
R3[SITE      ]: carry=0 | base=0.80 | wall=2.81 | search=  0 | target=site(0.84,-1.83)
R4[RTB       ]: carry=1 | base=0.91 | wall=2.85 | search=  0 | target=none
R5[SEARCH    ]: carry=0 | base=2.00 | wall=1.70 | search= 30 | target=site(0.87,-1.80)
R6[RTB       ]: carry=1 | base=1.39 | wall=2.33 | search=  0 | target=none
R7[SEARCH    ]: carry=0 | base=2.47 | wall=1.13 | search=802 | target=phero(-0.13,0.89)
R8[GIVE_UP   ]: carry=0 | base=3.22 | wall=0.97 | search=2496 | target=none
R9[SEARCH    ]: carry=0 | base=2.35 | wall=1.31 | search=213 | target=phero(-0.69,-2.17)
R10[BASE_ESC  ]: carry=0 | base=0.22 | wall=3.33 | search=  0 | target=phero(0.84,-1.83)
R11[RTB       ]: carry=1 | base=2.93 | wall=0.69 | search=  0 | target=none
R12[SEARCH    ]: carry=0 | base=2.06 | wall=1.45 | search= 99 | target=site(2.06,-0.28)
R13[SITE      ]: carry=0 | base=1.09 | wall=2.68 | search=  0 | target=site(1.40,1.39)
R14[SURVEY    ]: carry=1 | base=0.93 | wall=2.59 | search=  0 | target=none
R15[SITE      ]: carry=0 | base=0.83 | wall=2.73 | search=  0 | target=site(-0.64,-1.95)
R16[SEARCH    ]: carry=0 | base=3.70 | wall=0.38 | search=4112 | target=site(1.49,-1.56)

[PICKUP] R7 picked up tag (density=15) | Total: 104
[DEPOSIT] R4 deposited! Total: 98
  [PHERO] Laid at (1.26, 1.36) density=8 prob=0.46 entries=9
  [TARGET] R4 → SITE (1.26, 1.36)
[DEPOSIT] R2 deposited! Total: 99
  [TARGET] R2 → SITE (-0.69, -2.16)
[DEPOSIT] R6 deposited! Total: 100
  [PHERO] Laid at (1.15, -1.99) density=8 prob=0.46 entries=9
  [TARGET] R6 → SITE (1.15, -1.99)
[DEPOSIT] R14 deposited! Total: 101
  [PHERO] Laid at (-0.19, 0.91) density=11 prob=0.80 entries=9
  [TARGET] R14 → SITE (-0.19, 0.91)
[DEPOSIT] R1 deposited! Total: 102
  [TARGET] R1 → SITE (-0.45, -1.91)
[PICKUP] R3 picked up tag (density=7) | Total: 105

======================================================================
Step 15000 (8.0 min) | Pickups: 105 | Deposits: 102 | Rate: 12.75 tags/min | phero_entries=9 max_w=0.645
======================================================================
R1[BASE_ESC  ]: carry=0 | base=0.25 | wall=3.25 | search=  0 | target=site(-0.45,-1.91)
R2[SITE      ]: carry=0 | base=0.81 | wall=2.70 | search=  0 | target=site(-0.69,-2.16)
R3[SURVEY    ]: carry=1 | base=2.02 | wall=1.63 | search=  0 | target=none
R4[SITE      ]: carry=0 | base=1.05 | wall=2.70 | search=  0 | target=site(1.26,1.36)
R5[SEARCH    ]: carry=0 | base=0.63 | wall=3.01 | search=530 | target=site(0.87,-1.80)
R6[SITE      ]: carry=0 | base=0.56 | wall=3.08 | search=  0 | target=site(1.15,-1.99)
R7[RTB       ]: carry=1 | base=1.90 | wall=1.69 | search=  0 | target=none
R8[GIVE_UP   ]: carry=0 | base=1.30 | wall=2.48 | search=2496 | target=none
R9[SEARCH    ]: carry=0 | base=3.21 | wall=0.39 | search=713 | target=phero(-0.69,-2.17)
R10[PHERO     ]: carry=0 | base=1.50 | wall=2.17 | search=  0 | target=phero(0.84,-1.83)
R11[RTB       ]: carry=1 | base=1.28 | wall=2.26 | search=  0 | target=none
R12[SEARCH    ]: carry=0 | base=1.84 | wall=2.10 | search=599 | target=site(2.06,-0.28)
R13[SEARCH    ]: carry=0 | base=2.32 | wall=1.69 | search=283 | target=site(1.40,1.39)
R14[SITE      ]: carry=0 | base=0.31 | wall=3.20 | search=  0 | target=site(-0.19,0.91)
R15[SEARCH    ]: carry=0 | base=1.92 | wall=1.67 | search=194 | target=site(-0.64,-1.95)
R16[WALL_ESC  ]: carry=0 | base=3.79 | wall=0.32 | search=4612 | target=site(1.49,-1.56)

[PICKUP] R12 picked up tag (density=6) | Total: 106
[PICKUP] R14 picked up tag (density=10) | Total: 107
[DEPOSIT] R11 deposited! Total: 103
  [PHERO] Laid at (2.79, 0.84) density=14 prob=0.96 entries=9
  [TARGET] R11 → SITE (2.79, 0.84)
[PICKUP] R4 picked up tag (density=7) | Total: 108
  [GIVE-UP] R8 returned empty after 2496 searching steps
  [TARGET] R8 → PHERO (1.15, -1.99)
[PICKUP] R15 picked up tag (density=3) | Total: 109
[PICKUP] R10 picked up tag (density=5) | Total: 110
[DEPOSIT] R7 deposited! Total: 104
  [PHERO] Laid at (-0.85, 2.48) density=15 prob=0.98 entries=8
  [TARGET] R7 → SITE (-0.85, 2.48)

======================================================================
Step 15500 (8.3 min) | Pickups: 110 | Deposits: 104 | Rate: 12.58 tags/min | phero_entries=8 max_w=0.797
======================================================================
R1[SEARCH    ]: carry=0 | base=1.98 | wall=1.58 | search= 52 | target=site(-0.45,-1.91)
R2[SEARCH    ]: carry=0 | base=2.19 | wall=1.44 | search=133 | target=site(-0.69,-2.16)
R3[RTB       ]: carry=1 | base=1.02 | wall=2.57 | search=  0 | target=none
R4[SURVEY    ]: carry=1 | base=1.84 | wall=2.12 | search=  0 | target=none
R5[SEARCH    ]: carry=0 | base=1.33 | wall=2.17 | search=1030 | target=site(0.87,-1.80)
R6[SEARCH    ]: carry=0 | base=2.31 | wall=1.49 | search= 45 | target=site(1.15,-1.99)
R7[BASE_ESC  ]: carry=0 | base=0.22 | wall=3.28 | search=  0 | target=site(-0.85,2.48)
R8[PHERO     ]: carry=0 | base=0.62 | wall=2.94 | search=  0 | target=phero(1.15,-1.99)
R9[SEARCH    ]: carry=0 | base=3.22 | wall=0.39 | search=1213 | target=phero(-0.69,-2.17)
R10[SURVEY    ]: carry=1 | base=2.07 | wall=1.56 | search=  0 | target=none
R11[SITE      ]: carry=0 | base=0.67 | wall=2.88 | search=  0 | target=site(2.79,0.84)
R12[RTB       ]: carry=1 | base=1.79 | wall=2.01 | search=  0 | target=none
R13[SEARCH    ]: carry=0 | base=1.65 | wall=1.85 | search=783 | target=site(1.40,1.39)
R14[RTB       ]: carry=1 | base=0.68 | wall=2.82 | search=  0 | target=none
R15[SURVEY    ]: carry=1 | base=2.33 | wall=1.68 | search=  0 | target=none
R16[SEARCH    ]: carry=0 | base=3.70 | wall=0.40 | search=5112 | target=site(1.49,-1.56)

[PICKUP] R1 picked up tag (density=7) | Total: 111
[PICKUP] R13 picked up tag (density=9) | Total: 112
[DEPOSIT] R3 deposited! Total: 105
  [TARGET] R3 → SITE (0.76, -1.88)
[DEPOSIT] R14 deposited! Total: 106
  [PHERO] Laid at (-0.17, 0.93) density=10 prob=0.71 entries=9
  [TARGET] R14 → SITE (-0.17, 0.93)
[PICKUP] R7 picked up tag (density=8) | Total: 113
[DEPOSIT] R12 deposited! Total: 107
  [TARGET] R12 → SITE (1.09, -1.83)
[PICKUP] R11 picked up tag (density=13) | Total: 114

======================================================================
Step 16000 (8.5 min) | Pickups: 114 | Deposits: 107 | Rate: 12.54 tags/min | phero_entries=9 max_w=0.419
======================================================================
R1[RTB       ]: carry=1 | base=1.15 | wall=2.37 | search=  0 | target=none
R2[GIVE_UP   ]: carry=0 | base=1.60 | wall=2.06 | search=312 | target=none
R3[SITE      ]: carry=0 | base=0.80 | wall=2.80 | search=  0 | target=site(0.76,-1.88)
R4[RTB       ]: carry=1 | base=0.27 | wall=3.31 | search=  0 | target=none
R5[SEARCH    ]: carry=0 | base=3.10 | wall=0.40 | search=1530 | target=site(0.87,-1.80)
R6[GIVE_UP   ]: carry=0 | base=2.49 | wall=1.49 | search=312 | target=none
R7[SURVEY    ]: carry=1 | base=0.88 | wall=2.66 | search=  0 | target=none
R8[SEARCH    ]: carry=0 | base=2.28 | wall=1.51 | search= 64 | target=phero(1.15,-1.99)
R9[SEARCH    ]: carry=0 | base=3.23 | wall=0.38 | search=1713 | target=phero(-0.69,-2.17)
R10[RTB       ]: carry=1 | base=0.50 | wall=3.04 | search=  0 | target=none
R11[SURVEY    ]: carry=1 | base=2.48 | wall=1.13 | search=  0 | target=none
R12[BASE_ESC  ]: carry=0 | base=0.22 | wall=3.33 | search=  0 | target=site(1.09,-1.83)
R13[RTB       ]: carry=1 | base=0.86 | wall=2.65 | search=  0 | target=none
R14[SITE      ]: carry=0 | base=0.77 | wall=2.74 | search=  0 | target=site(-0.17,0.93)
R15[RTB       ]: carry=1 | base=0.59 | wall=3.03 | search=  0 | target=none
R16[GIVE_UP   ]: carry=0 | base=3.70 | wall=0.37 | search=5460 | target=none

[DEPOSIT] R4 deposited! Total: 108
  [TARGET] R4 → SITE (1.22, 1.37)
[PICKUP] R8 picked up tag (density=4) | Total: 115
[DEPOSIT] R10 deposited! Total: 109
  [TARGET] R10 → SITE (0.73, -1.94)
[DEPOSIT] R15 deposited! Total: 110
  [TARGET] R15 → SITE (-1.45, -1.82)
[DEPOSIT] R7 deposited! Total: 111
  [PHERO] Laid at (-0.25, 0.85) density=8 prob=0.46 entries=9
  [TARGET] R7 → SITE (-0.25, 0.85)
[DEPOSIT] R1 deposited! Total: 112
  [PHERO] Laid at (-0.49, -1.95) density=7 prob=0.32 entries=10
  [TARGET] R1 → SITE (-0.49, -1.95)
[DEPOSIT] R13 deposited! Total: 113
  [TARGET] R13 → SITE (-0.29, 1.27)
  [GIVE-UP] R2 returned empty after 312 searching steps
  [TARGET] R2 → PHERO (-0.25, 0.85)
  [GIVE-UP] R14 returned empty after 156 searching steps
  [TARGET] R14 → PHERO (-0.49, -1.95)

======================================================================
Step 16500 (8.8 min) | Pickups: 115 | Deposits: 113 | Rate: 12.84 tags/min | phero_entries=8 max_w=0.446
======================================================================
R1[SITE      ]: carry=0 | base=0.74 | wall=2.77 | search=  0 | target=site(-0.49,-1.95)
R2[PHERO     ]: carry=0 | base=0.26 | wall=3.24 | search=  0 | target=phero(-0.25,0.85)
R3[SEARCH    ]: carry=0 | base=1.89 | wall=1.77 | search=192 | target=site(0.76,-1.88)
R4[SITE      ]: carry=0 | base=1.68 | wall=2.24 | search=  0 | target=site(1.22,1.37)
R5[SEARCH    ]: carry=0 | base=3.13 | wall=0.37 | search=2030 | target=site(0.87,-1.80)
R6[GIVE_UP   ]: carry=0 | base=0.57 | wall=3.04 | search=312 | target=none
R7[SITE      ]: carry=0 | base=0.68 | wall=2.84 | search=  0 | target=site(-0.25,0.85)
R8[RTB       ]: carry=1 | base=1.83 | wall=1.91 | search=  0 | target=none
R9[SEARCH    ]: carry=0 | base=3.24 | wall=0.38 | search=2213 | target=phero(-0.69,-2.17)
R10[SITE      ]: carry=0 | base=1.46 | wall=2.13 | search=  0 | target=site(0.73,-1.94)
R11[RTB       ]: carry=1 | base=1.48 | wall=2.07 | search=  0 | target=none
R12[SITE      ]: carry=0 | base=1.90 | wall=1.89 | search=  0 | target=site(1.09,-1.83)
R13[SITE      ]: carry=0 | base=0.70 | wall=2.81 | search=  0 | target=site(-0.29,1.27)
R14[BASE_ESC  ]: carry=0 | base=0.22 | wall=3.29 | search=  0 | target=phero(-0.49,-1.95)
R15[SITE      ]: carry=0 | base=1.20 | wall=2.54 | search=  0 | target=site(-1.45,-1.82)
R16[GIVE_UP   ]: carry=0 | base=1.78 | wall=1.99 | search=5460 | target=none

[PICKUP] R4 picked up tag (density=6) | Total: 116
[PICKUP] R13 picked up tag (density=7) | Total: 117
  [GIVE-UP] R6 returned empty after 312 searching steps
  [TARGET] R6 → PHERO (-0.25, 0.85)
[PICKUP] R7 picked up tag (density=6) | Total: 118
[DEPOSIT] R11 deposited! Total: 114
  [PHERO] Laid at (2.37, 0.73) density=13 prob=0.93 entries=9
  [TARGET] R11 → SITE (2.37, 0.73)
[PICKUP] R12 picked up tag (density=3) | Total: 119
  [GIVE-UP] R16 returned empty after 5460 searching steps
  [TARGET] R16 → PHERO (2.37, 0.73)
[DEPOSIT] R8 deposited! Total: 115
  [TARGET] R8 → SITE (1.07, -1.97)

======================================================================
Step 17000 (9.1 min) | Pickups: 119 | Deposits: 115 | Rate: 12.68 tags/min | phero_entries=7 max_w=0.562
======================================================================
R1[SEARCH    ]: carry=0 | base=1.88 | wall=1.66 | search=180 | target=site(-0.49,-1.95)
R2[PHERO     ]: carry=0 | base=0.27 | wall=3.28 | search=  0 | target=phero(-0.25,0.85)
R3[WALL_ESC  ]: carry=0 | base=3.22 | wall=0.33 | search=692 | target=site(0.76,-1.88)
R4[RTB       ]: carry=1 | base=0.81 | wall=2.93 | search=  0 | target=none
R5[SEARCH    ]: carry=0 | base=3.14 | wall=0.36 | search=2530 | target=site(0.87,-1.80)
R6[PHERO     ]: carry=0 | base=0.44 | wall=3.07 | search=  0 | target=phero(-0.25,0.85)
R7[SURVEY    ]: carry=1 | base=0.89 | wall=2.65 | search=  0 | target=none
R8[BASE_ESC  ]: carry=0 | base=0.23 | wall=3.29 | search=  0 | target=site(1.07,-1.97)
R9[SEARCH    ]: carry=0 | base=3.25 | wall=0.37 | search=2713 | target=phero(-0.69,-2.17)
R10[SEARCH    ]: carry=0 | base=1.50 | wall=2.30 | search=353 | target=site(0.73,-1.94)
R11[SITE      ]: carry=0 | base=0.45 | wall=3.05 | search=  0 | target=site(2.37,0.73)
R12[SURVEY    ]: carry=1 | base=2.10 | wall=1.54 | search=  0 | target=none
R13[RTB       ]: carry=1 | base=0.29 | wall=3.21 | search=  0 | target=none
R14[PHERO     ]: carry=0 | base=1.20 | wall=2.37 | search=  0 | target=phero(-0.49,-1.95)
R15[GIVE_UP   ]: carry=0 | base=2.12 | wall=1.67 | search=156 | target=none
R16[BASE_ESC  ]: carry=0 | base=0.21 | wall=3.32 | search=  0 | target=phero(2.37,0.73)

[DEPOSIT] R13 deposited! Total: 116
  [PHERO] Laid at (-0.18, 0.98) density=7 prob=0.32 entries=8
  [TARGET] R13 → SITE (-0.18, 0.98)
[DEPOSIT] R4 deposited! Total: 117
  [TARGET] R4 → SITE (1.15, 1.30)
[PICKUP] R10 picked up tag (density=4) | Total: 120
[DEPOSIT] R7 deposited! Total: 118
  [PHERO] Laid at (-0.27, 0.85) density=6 prob=0.21 entries=8
  [TARGET] R7 → SITE (-0.27, 0.85)
[PICKUP] R13 picked up tag (density=5) | Total: 121
[PICKUP] R2 picked up tag (density=4) | Total: 122
  [GIVE-UP] R15 returned empty after 156 searching steps
  [TARGET] R15 → PHERO (-0.18, 0.98)

======================================================================
Step 17500 (9.3 min) | Pickups: 122 | Deposits: 118 | Rate: 12.64 tags/min | phero_entries=7 max_w=0.575
======================================================================
R1[GIVE_UP   ]: carry=0 | base=0.31 | wall=3.23 | search=468 | target=none
R2[SURVEY    ]: carry=1 | base=0.94 | wall=2.61 | search=  0 | target=none
R3[WALL_ESC  ]: carry=0 | base=3.20 | wall=0.34 | search=1192 | target=site(0.76,-1.88)
R4[SITE      ]: carry=0 | base=1.08 | wall=2.73 | search=  0 | target=site(1.15,1.30)
R5[WALL_ESC  ]: carry=0 | base=3.16 | wall=0.34 | search=3030 | target=site(0.87,-1.80)
R6[SEARCH    ]: carry=0 | base=1.14 | wall=2.36 | search=382 | target=phero(-0.25,0.85)
R7[SITE      ]: carry=0 | base=0.42 | wall=3.16 | search=  0 | target=site(-0.27,0.85)
R8[SITE      ]: carry=0 | base=2.03 | wall=1.71 | search=  0 | target=site(1.07,-1.97)
R9[SEARCH    ]: carry=0 | base=3.27 | wall=0.35 | search=3213 | target=phero(-0.69,-2.17)
R10[RTB       ]: carry=1 | base=2.29 | wall=1.63 | search=  0 | target=none
R11[SITE      ]: carry=0 | base=2.35 | wall=1.25 | search=  0 | target=site(2.37,0.73)
R12[RTB       ]: carry=1 | base=0.90 | wall=2.68 | search=  0 | target=none
R13[SURVEY    ]: carry=1 | base=1.01 | wall=2.51 | search=  0 | target=none
R14[SEARCH    ]: carry=0 | base=1.69 | wall=1.97 | search=300 | target=phero(-0.49,-1.95)
R15[BASE_ESC  ]: carry=0 | base=0.23 | wall=3.30 | search=  0 | target=phero(-0.18,0.98)
R16[PHERO     ]: carry=0 | base=1.71 | wall=1.84 | search=  0 | target=phero(2.37,0.73)

  [GIVE-UP] R1 returned empty after 468 searching steps
  [TARGET] R1 → PHERO (2.37, 0.73)
[DEPOSIT] R12 deposited! Total: 119
  [TARGET] R12 → SITE (0.74, -1.96)
[PICKUP] R4 picked up tag (density=5) | Total: 123
  [GIVE-UP] R7 returned empty after 156 searching steps
  [TARGET] R7 → PHERO (-0.18, 0.98)
[DEPOSIT] R2 deposited! Total: 120
  [TARGET] R2 → SITE (-0.29, 0.89)

======================================================================
Step 18000 (9.6 min) | Pickups: 123 | Deposits: 120 | Rate: 12.50 tags/min | phero_entries=5 max_w=0.116
======================================================================
R1[PHERO     ]: carry=0 | base=1.17 | wall=2.34 | search=  0 | target=phero(2.37,0.73)
R2[BASE_ESC  ]: carry=0 | base=0.22 | wall=3.28 | search=  0 | target=site(-0.29,0.89)
R3[WALL_ESC  ]: carry=0 | base=3.20 | wall=0.35 | search=1692 | target=site(0.76,-1.88)
R4[RTB       ]: carry=1 | base=1.78 | wall=2.14 | search=  0 | target=none
R5[WALL_ESC  ]: carry=0 | base=3.16 | wall=0.34 | search=3530 | target=site(0.87,-1.80)
R6[SEARCH    ]: carry=0 | base=2.83 | wall=0.77 | search=882 | target=phero(-0.25,0.85)
R7[BASE_ESC  ]: carry=0 | base=0.22 | wall=3.32 | search=  0 | target=phero(-0.18,0.98)
R8[GIVE_UP   ]: carry=0 | base=1.05 | wall=2.70 | search=312 | target=none
R9[WALL_ESC  ]: carry=0 | base=3.28 | wall=0.34 | search=3713 | target=phero(-0.69,-2.17)
R10[RTB       ]: carry=1 | base=0.56 | wall=3.03 | search=  0 | target=none
R11[SEARCH    ]: carry=0 | base=1.92 | wall=1.60 | search=482 | target=site(2.37,0.73)
R12[SITE      ]: carry=0 | base=1.06 | wall=2.50 | search=  0 | target=site(0.74,-1.96)
R13[RTB       ]: carry=1 | base=0.85 | wall=2.68 | search=  0 | target=none
R14[SEARCH    ]: carry=0 | base=2.83 | wall=1.18 | search=800 | target=phero(-0.49,-1.95)
R15[PHERO     ]: carry=0 | base=0.38 | wall=3.21 | search=  0 | target=phero(-0.18,0.98)
R16[GIVE_UP   ]: carry=0 | base=1.92 | wall=1.83 | search=312 | target=none

[DEPOSIT] R10 deposited! Total: 121
  [TARGET] R10 → SITE (1.84, -1.34)
[DEPOSIT] R13 deposited! Total: 122
  [TARGET] R13 → SITE (-0.20, 0.99)
  [GIVE-UP] R8 returned empty after 312 searching steps
  [TARGET] R8 → PHERO (-0.27, 0.85)
[DEPOSIT] R4 deposited! Total: 123
  [TARGET] R4 → SITE (1.13, 1.37)
  [GIVE-UP] R16 returned empty after 312 searching steps
  [TARGET] R16 → PHERO (2.37, 0.73)

======================================================================
Step 18500 (9.9 min) | Pickups: 123 | Deposits: 123 | Rate: 12.47 tags/min | phero_entries=3 max_w=0.023
======================================================================
R1[SEARCH    ]: carry=0 | base=2.37 | wall=1.25 | search=169 | target=phero(2.37,0.73)
R2[SEARCH    ]: carry=0 | base=0.53 | wall=2.99 | search=250 | target=site(-0.29,0.89)
R3[GIVE_UP   ]: carry=0 | base=2.66 | wall=0.88 | search=2028 | target=none
R4[BASE_ESC  ]: carry=0 | base=0.21 | wall=3.35 | search=  0 | target=site(1.13,1.37)
R5[WALL_ESC  ]: carry=0 | base=3.17 | wall=0.33 | search=4030 | target=site(0.87,-1.80)
R6[SEARCH    ]: carry=0 | base=3.48 | wall=0.95 | search=1382 | target=phero(-0.25,0.85)
R7[SEARCH    ]: carry=0 | base=0.92 | wall=2.58 | search=212 | target=phero(-0.18,0.98)
R8[PHERO     ]: carry=0 | base=0.28 | wall=3.23 | search=  0 | target=phero(-0.27,0.85)
R9[WALL_ESC  ]: carry=0 | base=3.28 | wall=0.34 | search=4213 | target=phero(-0.69,-2.17)
R10[SITE      ]: carry=0 | base=1.38 | wall=2.35 | search=  0 | target=site(1.84,-1.34)
R11[SEARCH    ]: carry=0 | base=1.97 | wall=1.83 | search=982 | target=site(2.37,0.73)
R12[SEARCH    ]: carry=0 | base=1.72 | wall=2.02 | search=243 | target=site(0.74,-1.96)
R13[SEARCH    ]: carry=0 | base=0.98 | wall=2.54 | search= 12 | target=site(-0.20,0.99)
R14[SEARCH    ]: carry=0 | base=3.73 | wall=0.40 | search=1300 | target=phero(-0.49,-1.95)
R15[GIVE_UP   ]: carry=0 | base=0.34 | wall=3.18 | search=156 | target=none
R16[BASE_ESC  ]: carry=0 | base=0.22 | wall=3.30 | search=  0 | target=phero(2.37,0.73)

  [GIVE-UP] R15 returned empty after 156 searching steps
  [TARGET] R15 → PHERO (-0.27, 0.85)
[PICKUP] R6 picked up tag (density=16) | Total: 124
[PICKUP] R11 picked up tag (density=2) | Total: 125
  [GIVE-UP] R2 returned empty after 468 searching steps
  [TARGET] R2 → PHERO (-0.27, 0.85)

======================================================================
Step 19000 (10.1 min) | Pickups: 125 | Deposits: 123 | Rate: 12.14 tags/min | phero_entries=2 max_w=0.005
======================================================================
R1[SEARCH    ]: carry=0 | base=0.81 | wall=2.84 | search=669 | target=phero(2.37,0.73)
R2[PHERO     ]: carry=0 | base=0.58 | wall=3.01 | search=  0 | target=phero(-0.27,0.85)
R3[GIVE_UP   ]: carry=0 | base=0.74 | wall=2.78 | search=2028 | target=none
R4[SEARCH    ]: carry=0 | base=1.75 | wall=2.15 | search= 10 | target=site(1.13,1.37)
R5[WALL_ESC  ]: carry=0 | base=3.17 | wall=0.33 | search=4530 | target=site(0.87,-1.80)
R6[RTB       ]: carry=1 | base=2.69 | wall=1.54 | search=  0 | target=none
R7[SEARCH    ]: carry=0 | base=2.51 | wall=1.10 | search=712 | target=phero(-0.18,0.98)
R8[SEARCH    ]: carry=0 | base=0.77 | wall=2.80 | search=212 | target=phero(-0.27,0.85)
R9[WALL_ESC  ]: carry=0 | base=3.29 | wall=0.33 | search=4713 | target=phero(-0.69,-2.17)
R10[SEARCH    ]: carry=0 | base=2.11 | wall=1.94 | search=281 | target=site(1.84,-1.34)
R11[RTB       ]: carry=1 | base=1.66 | wall=2.05 | search=  0 | target=none
R12[SEARCH    ]: carry=0 | base=1.48 | wall=2.02 | search=743 | target=site(0.74,-1.96)
R13[SEARCH    ]: carry=0 | base=1.13 | wall=2.61 | search=512 | target=site(-0.20,0.99)
R14[WALL_ESC  ]: carry=0 | base=3.85 | wall=0.31 | search=1800 | target=phero(-0.49,-1.95)
R15[SEARCH    ]: carry=0 | base=0.84 | wall=2.73 | search=173 | target=phero(-0.27,0.85)
R16[PHERO     ]: carry=0 | base=1.85 | wall=1.73 | search=  0 | target=phero(2.37,0.73)

  [GIVE-UP] R3 returned empty after 2028 searching steps
  [TARGET] R3 → PHERO (-0.18, 0.98)
[PICKUP] R12 picked up tag (density=12) | Total: 126
[PICKUP] R1 picked up tag (density=3) | Total: 127
[DEPOSIT] R11 deposited! Total: 124
  [TARGET] R11 → SITE (0.99, -1.97)
[PICKUP] R16 picked up tag (density=11) | Total: 128
  [GIVE-UP] R13 returned empty after 624 searching steps
  [TARGET] R13 → WALL (3.42, 1.07)

======================================================================
Step 19500 (10.4 min) | Pickups: 128 | Deposits: 124 | Rate: 11.92 tags/min | phero_entries=0 max_w=0.000
======================================================================
R1[SURVEY    ]: carry=1 | base=1.07 | wall=2.45 | search=  0 | target=none
R2[SEARCH    ]: carry=0 | base=0.60 | wall=2.91 | search=352 | target=phero(-0.27,0.85)
R3[PHERO     ]: carry=0 | base=0.26 | wall=3.24 | search=  0 | target=phero(-0.18,0.98)
R4[SEARCH    ]: carry=0 | base=2.36 | wall=1.50 | search=510 | target=site(1.13,1.37)
R5[GIVE_UP   ]: carry=0 | base=1.93 | wall=1.57 | search=4680 | target=none
R6[RTB       ]: carry=1 | base=0.77 | wall=2.94 | search=  0 | target=none
R7[SEARCH    ]: carry=0 | base=3.40 | wall=0.39 | search=1212 | target=phero(-0.18,0.98)
R8[SEARCH    ]: carry=0 | base=0.63 | wall=2.98 | search=712 | target=phero(-0.27,0.85)
R9[WALL_ESC  ]: carry=0 | base=3.29 | wall=0.33 | search=5213 | target=phero(-0.69,-2.17)
R10[SEARCH    ]: carry=0 | base=3.32 | wall=0.39 | search=781 | target=site(1.84,-1.34)
R11[SITE      ]: carry=0 | base=0.30 | wall=3.29 | search=  0 | target=site(0.99,-1.97)
R12[RTB       ]: carry=1 | base=2.43 | wall=1.10 | search=  0 | target=none
R13[BASE_ESC  ]: carry=0 | base=0.24 | wall=3.28 | search=  0 | target=none
R14[GIVE_UP   ]: carry=0 | base=2.17 | wall=1.71 | search=1872 | target=none
R15[SEARCH    ]: carry=0 | base=1.86 | wall=1.81 | search=673 | target=phero(-0.27,0.85)
R16[SURVEY    ]: carry=1 | base=2.48 | wall=1.08 | search=  0 | target=none

[DEPOSIT] R6 deposited! Total: 125
  [PHERO] Laid at (2.46, 2.46) density=16 prob=0.99 entries=1
  [TARGET] R6 → SITE (2.46, 2.46)
[DEPOSIT] R1 deposited! Total: 126
  [TARGET] R1 → PHERO (2.46, 2.46)
  [GIVE-UP] R5 returned empty after 4680 searching steps
  [TARGET] R5 → PHERO (2.46, 2.46)

======================================================================
Step 20000 (10.7 min) | Pickups: 128 | Deposits: 126 | Rate: 11.81 tags/min | phero_entries=1 max_w=0.319
======================================================================
R1[PHERO     ]: carry=0 | base=0.71 | wall=2.90 | search=  0 | target=phero(2.46,2.46)
R2[SEARCH    ]: carry=0 | base=2.21 | wall=1.30 | search=852 | target=phero(-0.27,0.85)
R3[SEARCH    ]: carry=0 | base=0.84 | wall=2.66 | search=214 | target=phero(-0.18,0.98)
R4[SEARCH    ]: carry=0 | base=3.38 | wall=0.37 | search=1010 | target=site(1.13,1.37)
R5[BASE_ESC  ]: carry=0 | base=0.22 | wall=3.28 | search=  0 | target=phero(2.46,2.46)
R6[SITE      ]: carry=0 | base=1.15 | wall=2.63 | search=  0 | target=site(2.46,2.46)
R7[SEARCH    ]: carry=0 | base=3.40 | wall=0.40 | search=1712 | target=phero(-0.18,0.98)
R8[SEARCH    ]: carry=0 | base=1.27 | wall=2.23 | search=1212 | target=phero(-0.27,0.85)
R9[WALL_ESC  ]: carry=0 | base=3.29 | wall=0.33 | search=5713 | target=phero(-0.69,-2.17)
R10[GIVE_UP   ]: carry=0 | base=3.30 | wall=0.39 | search=1248 | target=none
R11[SEARCH    ]: carry=0 | base=2.18 | wall=1.55 | search=  9 | target=site(0.99,-1.97)
R12[RTB       ]: carry=1 | base=1.33 | wall=2.17 | search=  0 | target=none
R13[SEARCH    ]: carry=0 | base=1.61 | wall=1.98 | search=226 | target=none
R14[GIVE_UP   ]: carry=0 | base=0.25 | wall=3.29 | search=1872 | target=none
R15[SEARCH    ]: carry=0 | base=3.12 | wall=0.99 | search=1173 | target=phero(-0.27,0.85)
R16[RTB       ]: carry=1 | base=1.54 | wall=1.98 | search=  0 | target=none

  [GIVE-UP] R14 returned empty after 1872 searching steps
  [TARGET] R14 → PHERO (2.46, 2.46)
[PICKUP] R2 picked up tag (density=11) | Total: 129
[PICKUP] R10 picked up tag (density=1) | Total: 130
[PICKUP] R13 picked up tag (density=4) | Total: 131
[PICKUP] R8 picked up tag (density=1) | Total: 132
[DEPOSIT] R12 deposited! Total: 127
  [TARGET] R12 → SITE (2.38, 0.38)
[DEPOSIT] R16 deposited! Total: 128
  [PHERO] Laid at (2.41, 0.53) density=11 prob=0.80 entries=2
  [TARGET] R16 → SITE (2.41, 0.53)
  [GIVE-UP] R3 returned empty after 312 searching steps
  [TARGET] R3 → PHERO (2.41, 0.53)

======================================================================
Step 20500 (10.9 min) | Pickups: 132 | Deposits: 128 | Rate: 11.71 tags/min | phero_entries=2 max_w=0.603
======================================================================
R1[PHERO     ]: carry=0 | base=2.59 | wall=1.63 | search=  0 | target=phero(2.46,2.46)
R2[RTB       ]: carry=1 | base=1.32 | wall=2.19 | search=  0 | target=none
R3[BASE_ESC  ]: carry=0 | base=0.23 | wall=3.29 | search=  0 | target=phero(2.41,0.53)
R4[SEARCH    ]: carry=0 | base=3.37 | wall=0.38 | search=1510 | target=site(1.13,1.37)
R5[PHERO     ]: carry=0 | base=1.69 | wall=2.20 | search=  0 | target=phero(2.46,2.46)
R6[SITE      ]: carry=0 | base=3.07 | wall=1.32 | search=  0 | target=site(2.46,2.46)
R7[SEARCH    ]: carry=0 | base=3.40 | wall=0.40 | search=2212 | target=phero(-0.18,0.98)
R8[RTB       ]: carry=1 | base=2.17 | wall=1.33 | search=  0 | target=none
R9[WALL_ESC  ]: carry=0 | base=3.30 | wall=0.33 | search=6213 | target=phero(-0.69,-2.17)
R10[RTB       ]: carry=1 | base=2.41 | wall=1.25 | search=  0 | target=none
R11[SEARCH    ]: carry=0 | base=3.07 | wall=1.05 | search=509 | target=site(0.99,-1.97)
R12[SITE      ]: carry=0 | base=0.40 | wall=3.10 | search=  0 | target=site(2.38,0.38)
R13[SURVEY    ]: carry=1 | base=2.08 | wall=2.02 | search=  0 | target=none
R14[PHERO     ]: carry=0 | base=0.74 | wall=2.84 | search=  0 | target=phero(2.46,2.46)
R15[SEARCH    ]: carry=0 | base=3.86 | wall=0.38 | search=1673 | target=phero(-0.27,0.85)
R16[SITE      ]: carry=0 | base=0.42 | wall=3.14 | search=  0 | target=site(2.41,0.53)

[PICKUP] R5 picked up tag (density=3) | Total: 133
[PICKUP] R6 picked up tag (density=15) | Total: 134
[PICKUP] R1 picked up tag (density=14) | Total: 135
[DEPOSIT] R2 deposited! Total: 129
  [PHERO] Laid at (-2.22, -0.17) density=11 prob=0.80 entries=3
  [TARGET] R2 → SITE (-2.22, -0.17)

======================================================================
Step 21000 (11.2 min) | Pickups: 135 | Deposits: 129 | Rate: 11.52 tags/min | phero_entries=3 max_w=0.491
======================================================================
R1[RTB       ]: carry=1 | base=3.45 | wall=1.01 | search=  0 | target=none
R2[SITE      ]: carry=0 | base=0.64 | wall=2.88 | search=  0 | target=site(-2.22,-0.17)
R3[PHERO     ]: carry=0 | base=1.96 | wall=1.60 | search=  0 | target=phero(2.41,0.53)
R4[SEARCH    ]: carry=0 | base=3.37 | wall=0.38 | search=2010 | target=site(1.13,1.37)
R5[RTB       ]: carry=1 | base=1.10 | wall=2.71 | search=  0 | target=none
R6[RTB       ]: carry=1 | base=3.20 | wall=1.15 | search=  0 | target=none
R7[WALL_ESC  ]: carry=0 | base=3.49 | wall=0.32 | search=2712 | target=phero(-0.18,0.98)
R8[RTB       ]: carry=1 | base=0.62 | wall=2.88 | search=  0 | target=none
R9[GIVE_UP   ]: carry=0 | base=2.67 | wall=0.93 | search=6552 | target=none
R10[RTB       ]: carry=1 | base=0.66 | wall=2.89 | search=  0 | target=none
R11[WALL_ESC  ]: carry=0 | base=3.93 | wall=0.31 | search=1009 | target=site(0.99,-1.97)
R12[SITE      ]: carry=0 | base=2.29 | wall=1.23 | search=  0 | target=site(2.38,0.38)
R13[RTB       ]: carry=1 | base=0.45 | wall=3.16 | search=  0 | target=none
R14[PHERO     ]: carry=0 | base=2.61 | wall=1.61 | search=  0 | target=phero(2.46,2.46)
R15[SEARCH    ]: carry=0 | base=3.84 | wall=0.35 | search=2173 | target=phero(-0.27,0.85)
R16[SITE      ]: carry=0 | base=2.31 | wall=1.25 | search=  0 | target=site(2.41,0.53)

[DEPOSIT] R13 deposited! Total: 130
  [TARGET] R13 → SITE (1.41, 1.48)
[PICKUP] R9 picked up tag (density=6) | Total: 136
[DEPOSIT] R8 deposited! Total: 131
  [TARGET] R8 → PHERO (-2.22, -0.17)
[DEPOSIT] R10 deposited! Total: 132
  [TARGET] R10 → PHERO (-2.22, -0.17)
[PICKUP] R3 picked up tag (density=10) | Total: 137
[DEPOSIT] R5 deposited! Total: 133
  [TARGET] R5 → SITE (1.23, 1.43)
[PICKUP] R12 picked up tag (density=9) | Total: 138

======================================================================
Step 21500 (11.5 min) | Pickups: 138 | Deposits: 133 | Rate: 11.60 tags/min | phero_entries=3 max_w=0.099
======================================================================
R1[RTB       ]: carry=1 | base=1.61 | wall=2.32 | search=  0 | target=none
R2[SEARCH    ]: carry=0 | base=2.19 | wall=1.31 | search= 98 | target=site(-2.22,-0.17)
R3[RTB       ]: carry=1 | base=2.18 | wall=1.35 | search=  0 | target=none
R4[SEARCH    ]: carry=0 | base=3.37 | wall=0.38 | search=2510 | target=site(1.13,1.37)
R5[SITE      ]: carry=0 | base=0.86 | wall=2.81 | search=  0 | target=site(1.23,1.43)
R6[RTB       ]: carry=1 | base=1.34 | wall=2.51 | search=  0 | target=none
R7[WALL_ESC  ]: carry=0 | base=3.49 | wall=0.34 | search=3212 | target=phero(-0.18,0.98)
R8[PHERO     ]: carry=0 | base=0.36 | wall=3.24 | search=  0 | target=phero(-2.22,-0.17)
R9[RTB       ]: carry=1 | base=1.63 | wall=1.91 | search=  0 | target=none
R10[PHERO     ]: carry=0 | base=0.94 | wall=2.60 | search=  0 | target=phero(-2.22,-0.17)
R11[SEARCH    ]: carry=0 | base=3.90 | wall=0.38 | search=1509 | target=site(0.99,-1.97)
R12[SURVEY    ]: carry=1 | base=2.73 | wall=0.79 | search=  0 | target=none
R13[SITE      ]: carry=0 | base=1.43 | wall=2.49 | search=  0 | target=site(1.41,1.48)
R14[SEARCH    ]: carry=0 | base=3.50 | wall=0.58 | search=286 | target=phero(2.46,2.46)
R15[WALL_ESC  ]: carry=0 | base=3.95 | wall=0.34 | search=2673 | target=phero(-0.27,0.85)
R16[SEARCH    ]: carry=0 | base=2.57 | wall=0.94 | search=470 | target=site(2.41,0.53)

[PICKUP] R2 picked up tag (density=10) | Total: 139
[DEPOSIT] R6 deposited! Total: 134
  [PHERO] Laid at (2.47, 2.47) density=15 prob=0.98 entries=4
  [TARGET] R6 → SITE (2.47, 2.47)
[DEPOSIT] R9 deposited! Total: 135
  [TARGET] R9 → SITE (-0.62, -2.28)
[DEPOSIT] R1 deposited! Total: 136
  [PHERO] Laid at (2.47, 2.42) density=14 prob=0.96 entries=4
  [TARGET] R1 → SITE (2.47, 2.42)
[PICKUP] R10 picked up tag (density=9) | Total: 140

======================================================================
Step 22000 (11.7 min) | Pickups: 140 | Deposits: 136 | Rate: 11.59 tags/min | phero_entries=4 max_w=0.658
======================================================================
R1[SITE      ]: carry=0 | base=0.30 | wall=3.22 | search=  0 | target=site(2.47,2.42)
R2[RTB       ]: carry=1 | base=1.90 | wall=1.60 | search=  0 | target=none
R3[RTB       ]: carry=1 | base=0.26 | wall=3.24 | search=  0 | target=none
R4[SEARCH    ]: carry=0 | base=3.37 | wall=0.38 | search=3010 | target=site(1.13,1.37)
R5[SEARCH    ]: carry=0 | base=2.20 | wall=1.69 | search=245 | target=site(1.23,1.43)
R6[SITE      ]: carry=0 | base=0.62 | wall=3.00 | search=  0 | target=site(2.47,2.47)
R7[SEARCH    ]: carry=0 | base=3.41 | wall=0.39 | search=3712 | target=phero(-0.18,0.98)
R8[SEARCH    ]: carry=0 | base=2.17 | wall=1.33 | search=  1 | target=phero(-2.22,-0.17)
R9[SITE      ]: carry=0 | base=0.33 | wall=3.17 | search=  0 | target=site(-0.62,-2.28)
R10[SURVEY    ]: carry=1 | base=2.34 | wall=1.17 | search=  0 | target=none
R11[WALL_ESC  ]: carry=0 | base=3.86 | wall=0.35 | search=2009 | target=site(0.99,-1.97)
R12[RTB       ]: carry=1 | base=1.57 | wall=1.94 | search=  0 | target=none
R13[SEARCH    ]: carry=0 | base=2.10 | wall=1.89 | search=344 | target=site(1.41,1.48)
R14[SEARCH    ]: carry=0 | base=3.47 | wall=0.40 | search=786 | target=phero(2.46,2.46)
R15[SEARCH    ]: carry=0 | base=3.85 | wall=0.39 | search=3173 | target=phero(-0.27,0.85)
R16[SEARCH    ]: carry=0 | base=3.39 | wall=0.69 | search=970 | target=site(2.41,0.53)

[DEPOSIT] R3 deposited! Total: 137
  [PHERO] Laid at (2.41, 0.51) density=10 prob=0.71 entries=5
  [TARGET] R3 → SITE (2.41, 0.51)
[DEPOSIT] R12 deposited! Total: 138
  [TARGET] R12 → SITE (2.70, 0.33)
[DEPOSIT] R2 deposited! Total: 139
  [TARGET] R2 → SITE (-2.32, -0.07)
[PICKUP] R9 picked up tag (density=5) | Total: 141

======================================================================
Step 22500 (12.0 min) | Pickups: 141 | Deposits: 139 | Rate: 11.58 tags/min | phero_entries=5 max_w=0.204
======================================================================
R1[SITE      ]: carry=0 | base=2.18 | wall=1.90 | search=  0 | target=site(2.47,2.42)
R2[BASE_ESC  ]: carry=0 | base=0.22 | wall=3.28 | search=  0 | target=site(-2.32,-0.07)
R3[SITE      ]: carry=0 | base=1.38 | wall=2.15 | search=  0 | target=site(2.41,0.51)
R4[SEARCH    ]: carry=0 | base=3.36 | wall=0.38 | search=3510 | target=site(1.13,1.37)
R5[GIVE_UP   ]: carry=0 | base=3.08 | wall=0.49 | search=624 | target=none
R6[SITE      ]: carry=0 | base=2.53 | wall=1.69 | search=  0 | target=site(2.47,2.47)
R7[GIVE_UP   ]: carry=0 | base=1.86 | wall=1.83 | search=3744 | target=none
R8[SEARCH    ]: carry=0 | base=1.70 | wall=1.97 | search=501 | target=phero(-2.22,-0.17)
R9[SURVEY    ]: carry=1 | base=2.07 | wall=1.50 | search=  0 | target=none
R10[RTB       ]: carry=1 | base=1.25 | wall=2.25 | search=  0 | target=none
R11[WALL_ESC  ]: carry=0 | base=3.92 | wall=0.34 | search=2509 | target=site(0.99,-1.97)
R12[BASE_ESC  ]: carry=0 | base=0.22 | wall=3.28 | search=  0 | target=site(2.70,0.33)
R13[SEARCH    ]: carry=0 | base=3.80 | wall=0.38 | search=844 | target=site(1.41,1.48)
R14[SEARCH    ]: carry=0 | base=3.49 | wall=0.40 | search=1286 | target=phero(2.46,2.46)
R15[WALL_ESC  ]: carry=0 | base=3.96 | wall=0.31 | search=3588 | target=none
R16[WALL_ESC  ]: carry=0 | base=4.20 | wall=0.30 | search=1470 | target=site(2.41,0.53)

[DEPOSIT] R10 deposited! Total: 140
  [PHERO] Laid at (-2.33, -0.14) density=9 prob=0.59 entries=5
  [TARGET] R10 → SITE (-2.33, -0.14)
[PICKUP] R6 picked up tag (density=13) | Total: 142
[PICKUP] R3 picked up tag (density=8) | Total: 143
  [GIVE-UP] R7 returned empty after 3744 searching steps
  [TARGET] R7 → PHERO (-2.33, -0.14)

======================================================================
Step 23000 (12.3 min) | Pickups: 143 | Deposits: 140 | Rate: 11.41 tags/min | phero_entries=4 max_w=0.479
======================================================================
R1[SEARCH    ]: carry=0 | base=3.49 | wall=1.00 | search=177 | target=site(2.47,2.42)
R2[SITE      ]: carry=0 | base=1.93 | wall=1.57 | search=  0 | target=site(-2.32,-0.07)
R3[SURVEY    ]: carry=1 | base=2.53 | wall=1.03 | search=  0 | target=none
R4[GIVE_UP   ]: carry=0 | base=3.08 | wall=0.67 | search=3900 | target=none
R5[GIVE_UP   ]: carry=0 | base=1.17 | wall=2.35 | search=624 | target=none
R6[SURVEY    ]: carry=1 | base=3.54 | wall=0.93 | search=  0 | target=none
R7[BASE_ESC  ]: carry=0 | base=0.22 | wall=3.32 | search=  0 | target=phero(-2.33,-0.14)
R8[SEARCH    ]: carry=0 | base=1.76 | wall=1.82 | search=1001 | target=phero(-2.22,-0.17)
R9[RTB       ]: carry=1 | base=0.95 | wall=2.57 | search=  0 | target=none
R10[SITE      ]: carry=0 | base=0.66 | wall=2.84 | search=  0 | target=site(-2.33,-0.14)
R11[SEARCH    ]: carry=0 | base=3.82 | wall=0.39 | search=3009 | target=site(0.99,-1.97)
R12[SITE      ]: carry=0 | base=1.95 | wall=1.56 | search=  0 | target=site(2.70,0.33)
R13[SEARCH    ]: carry=0 | base=3.85 | wall=0.37 | search=1344 | target=site(1.41,1.48)
R14[GIVE_UP   ]: carry=0 | base=2.83 | wall=0.98 | search=1560 | target=none
R15[GIVE_UP   ]: carry=0 | base=2.18 | wall=1.73 | search=3588 | target=none
R16[SEARCH    ]: carry=0 | base=4.21 | wall=0.38 | search=1970 | target=site(2.41,0.53)

[DEPOSIT] R9 deposited! Total: 141
  [TARGET] R9 → SITE (-0.53, -2.00)
  [GIVE-UP] R5 returned empty after 624 searching steps
  [TARGET] R5 → PHERO (-2.33, -0.14)
[PICKUP] R13 picked up tag (density=19) | Total: 144

======================================================================
Step 23500 (12.5 min) | Pickups: 144 | Deposits: 141 | Rate: 11.25 tags/min | phero_entries=4 max_w=0.097
======================================================================
R1[GIVE_UP   ]: carry=0 | base=3.09 | wall=0.92 | search=468 | target=none
R2[GIVE_UP   ]: carry=0 | base=1.30 | wall=2.21 | search=312 | target=none
R3[RTB       ]: carry=1 | base=1.14 | wall=2.38 | search=  0 | target=none
R4[GIVE_UP   ]: carry=0 | base=1.16 | wall=2.43 | search=3900 | target=none
R5[PHERO     ]: carry=0 | base=0.31 | wall=3.20 | search=  0 | target=phero(-2.33,-0.14)
R6[RTB       ]: carry=1 | base=2.05 | wall=1.97 | search=  0 | target=none
R7[PHERO     ]: carry=0 | base=1.22 | wall=2.28 | search=  0 | target=phero(-2.33,-0.14)
R8[SEARCH    ]: carry=0 | base=0.89 | wall=2.77 | search=1501 | target=phero(-2.22,-0.17)
R9[SITE      ]: carry=0 | base=1.01 | wall=2.54 | search=  0 | target=site(-0.53,-2.00)
R10[SEARCH    ]: carry=0 | base=2.32 | wall=1.19 | search= 75 | target=site(-2.33,-0.14)
R11[GIVE_UP   ]: carry=0 | base=2.83 | wall=1.18 | search=3120 | target=none
R12[SEARCH    ]: carry=0 | base=3.04 | wall=0.49 | search=312 | target=site(2.70,0.33)
R13[SURVEY    ]: carry=1 | base=3.30 | wall=0.78 | search=  0 | target=none
R14[GIVE_UP   ]: carry=0 | base=0.91 | wall=2.69 | search=1560 | target=none
R15[GIVE_UP   ]: carry=0 | base=0.26 | wall=3.29 | search=3588 | target=none
R16[SEARCH    ]: carry=0 | base=4.17 | wall=0.37 | search=2470 | target=site(2.41,0.53)

  [GIVE-UP] R15 returned empty after 3588 searching steps
  [TARGET] R15 → PHERO (-2.33, -0.14)
  [GIVE-UP] R14 returned empty after 1560 searching steps
  [TARGET] R14 → PHERO (2.41, 0.51)
  [GIVE-UP] R4 returned empty after 3900 searching steps
  [TARGET] R4 → PHERO (-2.33, -0.14)
[DEPOSIT] R3 deposited! Total: 142
  [PHERO] Laid at (2.47, 0.52) density=8 prob=0.46 entries=5
  [TARGET] R3 → SITE (2.47, 0.52)
[PICKUP] R1 picked up tag (density=2) | Total: 145
  [GIVE-UP] R2 returned empty after 312 searching steps
  [TARGET] R2 → PHERO (2.47, 0.52)
[PICKUP] R12 picked up tag (density=7) | Total: 146
[PICKUP] R9 picked up tag (density=4) | Total: 147
[DEPOSIT] R6 deposited! Total: 143
  [PHERO] Laid at (2.51, 2.41) density=13 prob=0.93 entries=5
  [TARGET] R6 → SITE (2.51, 2.41)

======================================================================
Step 24000 (12.8 min) | Pickups: 147 | Deposits: 143 | Rate: 11.17 tags/min | phero_entries=5 max_w=0.903
======================================================================
R1[RTB       ]: carry=1 | base=2.07 | wall=1.78 | search=  0 | target=none
R2[BASE_ESC  ]: carry=0 | base=0.24 | wall=3.32 | search=  0 | target=phero(2.47,0.52)
R3[SITE      ]: carry=0 | base=0.70 | wall=2.80 | search=  0 | target=site(2.47,0.52)
R4[PHERO     ]: carry=0 | base=0.27 | wall=3.23 | search=  0 | target=phero(-2.33,-0.14)
R5[PHERO     ]: carry=0 | base=1.97 | wall=1.53 | search=  0 | target=phero(-2.33,-0.14)
R6[BASE_ESC  ]: carry=0 | base=0.22 | wall=3.33 | search=  0 | target=site(2.51,2.41)
R7[SEARCH    ]: carry=0 | base=2.19 | wall=1.31 | search=217 | target=phero(-2.33,-0.14)
R8[SEARCH    ]: carry=0 | base=2.26 | wall=1.28 | search=2001 | target=phero(-2.22,-0.17)
R9[SURVEY    ]: carry=1 | base=2.10 | wall=1.46 | search=  0 | target=none
R10[GIVE_UP   ]: carry=0 | base=0.63 | wall=2.87 | search=156 | target=none
R11[GIVE_UP   ]: carry=0 | base=0.91 | wall=2.76 | search=3120 | target=none
R12[SURVEY    ]: carry=1 | base=2.93 | wall=0.66 | search=  0 | target=none
R13[RTB       ]: carry=1 | base=1.82 | wall=1.97 | search=  0 | target=none
R14[PHERO     ]: carry=0 | base=1.02 | wall=2.53 | search=  0 | target=phero(2.41,0.51)
R15[BASE_ESC  ]: carry=0 | base=0.25 | wall=3.31 | search=  0 | target=phero(-2.33,-0.14)
R16[WALL_ESC  ]: carry=0 | base=4.28 | wall=0.32 | search=2970 | target=site(2.41,0.53)

  [GIVE-UP] R10 returned empty after 156 searching steps
  [TARGET] R10 → PHERO (2.51, 2.41)
[PICKUP] R5 picked up tag (density=8) | Total: 148
  [GIVE-UP] R11 returned empty after 3120 searching steps
  [TARGET] R11 → PHERO (2.51, 2.41)
[DEPOSIT] R13 deposited! Total: 144
  [PHERO] Laid at (2.72, 1.87) density=19 prob=1.00 entries=4
  [TARGET] R13 → SITE (2.72, 1.87)
[PICKUP] R7 picked up tag (density=13) | Total: 149

======================================================================
Step 24500 (13.1 min) | Pickups: 149 | Deposits: 144 | Rate: 11.02 tags/min | phero_entries=4 max_w=0.769
======================================================================
R1[RTB       ]: carry=1 | base=0.33 | wall=3.23 | search=  0 | target=none
R2[PHERO     ]: carry=0 | base=0.69 | wall=2.82 | search=  0 | target=phero(2.47,0.52)
R3[SITE      ]: carry=0 | base=2.28 | wall=1.27 | search=  0 | target=site(2.47,0.52)
R4[PHERO     ]: carry=0 | base=1.83 | wall=1.67 | search=  0 | target=phero(-2.33,-0.14)
R5[RTB       ]: carry=1 | base=1.79 | wall=1.71 | search=  0 | target=none
R6[SITE      ]: carry=0 | base=1.80 | wall=2.16 | search=  0 | target=site(2.51,2.41)
R7[SURVEY    ]: carry=1 | base=2.47 | wall=1.46 | search=  0 | target=none
R8[SEARCH    ]: carry=0 | base=3.18 | wall=0.39 | search=2501 | target=phero(-2.22,-0.17)
R9[RTB       ]: carry=1 | base=0.38 | wall=3.12 | search=  0 | target=none
R10[PHERO     ]: carry=0 | base=0.33 | wall=3.19 | search=  0 | target=phero(2.51,2.41)
R11[PHERO     ]: carry=0 | base=0.64 | wall=2.88 | search=  0 | target=phero(2.51,2.41)
R12[RTB       ]: carry=1 | base=1.81 | wall=1.72 | search=  0 | target=none
R13[BASE_ESC  ]: carry=0 | base=0.22 | wall=3.30 | search=  0 | target=site(2.72,1.87)
R14[SEARCH    ]: carry=0 | base=2.45 | wall=1.12 | search= 98 | target=phero(2.41,0.51)
R15[PHERO     ]: carry=0 | base=1.33 | wall=2.18 | search=  0 | target=phero(-2.33,-0.14)
R16[GIVE_UP   ]: carry=0 | base=3.82 | wall=0.63 | search=3276 | target=none

[DEPOSIT] R1 deposited! Total: 145
  [TARGET] R1 → SITE (1.14, 1.73)
[DEPOSIT] R9 deposited! Total: 146
  [TARGET] R9 → SITE (-0.50, -2.04)
[DEPOSIT] R5 deposited! Total: 147
  [TARGET] R5 → SITE (-2.34, -0.15)
[DEPOSIT] R12 deposited! Total: 148
  [TARGET] R12 → SITE (2.84, 0.72)

======================================================================
Step 25000 (13.3 min) | Pickups: 149 | Deposits: 148 | Rate: 11.10 tags/min | phero_entries=3 max_w=0.155
======================================================================
R1[SITE      ]: carry=0 | base=1.63 | wall=2.13 | search=  0 | target=site(1.14,1.73)
R2[SEARCH    ]: carry=0 | base=2.50 | wall=1.06 | search= 23 | target=phero(2.47,0.52)
R3[SEARCH    ]: carry=0 | base=2.97 | wall=0.57 | search=449 | target=site(2.47,0.52)
R4[SEARCH    ]: carry=0 | base=2.70 | wall=0.80 | search=381 | target=phero(-2.33,-0.14)
R5[BASE_ESC  ]: carry=0 | base=0.23 | wall=3.27 | search=  0 | target=site(-2.34,-0.15)
R6[SEARCH    ]: carry=0 | base=3.46 | wall=0.98 | search= 76 | target=site(2.51,2.41)
R7[RTB       ]: carry=1 | base=1.01 | wall=2.67 | search=  0 | target=none
R8[SEARCH    ]: carry=0 | base=3.18 | wall=0.40 | search=3001 | target=phero(-2.22,-0.17)
R9[SITE      ]: carry=0 | base=1.55 | wall=1.98 | search=  0 | target=site(-0.50,-2.04)
R10[PHERO     ]: carry=0 | base=2.08 | wall=1.98 | search=  0 | target=phero(2.51,2.41)
R11[PHERO     ]: carry=0 | base=2.46 | wall=1.65 | search=  0 | target=phero(2.51,2.41)
R12[BASE_ESC  ]: carry=0 | base=0.23 | wall=3.29 | search=  0 | target=site(2.84,0.72)
R13[SITE      ]: carry=0 | base=2.01 | wall=1.82 | search=  0 | target=site(2.72,1.87)
R14[SEARCH    ]: carry=0 | base=2.93 | wall=0.66 | search=598 | target=phero(2.41,0.51)
R15[SEARCH    ]: carry=0 | base=2.18 | wall=1.32 | search=248 | target=phero(-2.33,-0.14)
R16[GIVE_UP   ]: carry=0 | base=1.90 | wall=2.07 | search=3276 | target=none

[PICKUP] R1 picked up tag (density=1) | Total: 150
[DEPOSIT] R7 deposited! Total: 149
  [PHERO] Laid at (-2.04, 1.39) density=13 prob=0.93 entries=4
  [TARGET] R7 → SITE (-2.04, 1.39)
[PICKUP] R6 picked up tag (density=12) | Total: 151
[PICKUP] R11 picked up tag (density=11) | Total: 152
[PICKUP] R13 picked up tag (density=17) | Total: 153
  [GIVE-UP] R16 returned empty after 3276 searching steps
  [TARGET] R16 → PHERO (-2.04, 1.39)

======================================================================
Step 25500 (13.6 min) | Pickups: 153 | Deposits: 149 | Rate: 10.96 tags/min | phero_entries=4 max_w=0.382
======================================================================
R1[RTB       ]: carry=1 | base=0.89 | wall=2.78 | search=  0 | target=none
R2[GIVE_UP   ]: carry=0 | base=1.98 | wall=1.57 | search=468 | target=none
R3[SEARCH    ]: carry=0 | base=3.28 | wall=0.35 | search=949 | target=site(2.47,0.52)
R4[WALL_ESC  ]: carry=0 | base=3.16 | wall=0.34 | search=881 | target=phero(-2.33,-0.14)
R5[SITE      ]: carry=0 | base=2.07 | wall=1.43 | search=  0 | target=site(-2.34,-0.15)
R6[RTB       ]: carry=1 | base=3.31 | wall=0.93 | search=  0 | target=none
R7[SITE      ]: carry=0 | base=0.95 | wall=2.68 | search=  0 | target=site(-2.04,1.39)
R8[SEARCH    ]: carry=0 | base=3.18 | wall=0.39 | search=3501 | target=phero(-2.22,-0.17)
R9[SEARCH    ]: carry=0 | base=2.22 | wall=1.48 | search=371 | target=site(-0.50,-2.04)
R10[SEARCH    ]: carry=0 | base=3.39 | wall=1.01 | search=145 | target=phero(2.51,2.41)
R11[SURVEY    ]: carry=1 | base=3.50 | wall=0.93 | search=  0 | target=none
R12[SITE      ]: carry=0 | base=2.07 | wall=1.50 | search=  0 | target=site(2.84,0.72)
R13[SURVEY    ]: carry=1 | base=3.29 | wall=0.77 | search=  0 | target=none
R14[SEARCH    ]: carry=0 | base=3.38 | wall=0.36 | search=1098 | target=phero(2.41,0.51)
R15[GIVE_UP   ]: carry=0 | base=2.93 | wall=0.57 | search=624 | target=none
R16[BASE_ESC  ]: carry=0 | base=0.22 | wall=3.33 | search=  0 | target=phero(-2.04,1.39)

[PICKUP] R12 picked up tag (density=6) | Total: 154
[PICKUP] R5 picked up tag (density=7) | Total: 155
[DEPOSIT] R1 deposited! Total: 150
  [TARGET] R1 → PHERO (-2.04, 1.39)
[PICKUP] R10 picked up tag (density=10) | Total: 156
  [GIVE-UP] R2 returned empty after 468 searching steps
  [TARGET] R2 → PHERO (-2.04, 1.39)

======================================================================
Step 26000 (13.9 min) | Pickups: 156 | Deposits: 150 | Rate: 10.82 tags/min | phero_entries=3 max_w=0.077
======================================================================
R1[PHERO     ]: carry=0 | base=0.53 | wall=3.01 | search=  0 | target=phero(-2.04,1.39)
R2[BASE_ESC  ]: carry=0 | base=0.22 | wall=3.29 | search=  0 | target=phero(-2.04,1.39)
R3[SEARCH    ]: carry=0 | base=3.29 | wall=0.35 | search=1449 | target=site(2.47,0.52)
R4[SEARCH    ]: carry=0 | base=3.15 | wall=0.35 | search=1381 | target=phero(-2.33,-0.14)
R5[RTB       ]: carry=1 | base=1.80 | wall=1.71 | search=  0 | target=none
R6[RTB       ]: carry=1 | base=1.40 | wall=2.41 | search=  0 | target=none
R7[SEARCH    ]: carry=0 | base=2.47 | wall=1.42 | search=116 | target=site(-2.04,1.39)
R8[SEARCH    ]: carry=0 | base=3.19 | wall=0.39 | search=4001 | target=phero(-2.22,-0.17)
R9[GIVE_UP   ]: carry=0 | base=1.01 | wall=2.68 | search=468 | target=none
R10[RTB       ]: carry=1 | base=3.24 | wall=0.98 | search=  0 | target=none
R11[RTB       ]: carry=1 | base=2.05 | wall=1.93 | search=  0 | target=none
R12[RTB       ]: carry=1 | base=2.08 | wall=1.46 | search=  0 | target=none
R13[RTB       ]: carry=1 | base=2.02 | wall=1.78 | search=  0 | target=none
R14[SEARCH    ]: carry=0 | base=3.35 | wall=0.37 | search=1598 | target=phero(2.41,0.51)
R15[GIVE_UP   ]: carry=0 | base=1.01 | wall=2.49 | search=624 | target=none
R16[PHERO     ]: carry=0 | base=0.47 | wall=3.09 | search=  0 | target=phero(-2.04,1.39)

  [GIVE-UP] R9 returned empty after 468 searching steps
  [TARGET] R9 → PHERO (-2.04, 1.39)
  [GIVE-UP] R15 returned empty after 624 searching steps
  [TARGET] R15 → PHERO (-2.04, 1.39)
[DEPOSIT] R6 deposited! Total: 151
  [PHERO] Laid at (2.56, 2.21) density=12 prob=0.88 entries=3
  [TARGET] R6 → SITE (2.56, 2.21)
[DEPOSIT] R5 deposited! Total: 152
  [TARGET] R5 → SITE (-2.37, -0.18)
[DEPOSIT] R13 deposited! Total: 153
  [PHERO] Laid at (2.73, 1.83) density=17 prob=0.99 entries=4
  [TARGET] R13 → SITE (2.73, 1.83)
[DEPOSIT] R11 deposited! Total: 154
  [TARGET] R11 → SITE (2.54, 2.38)
[DEPOSIT] R12 deposited! Total: 155
  [TARGET] R12 → SITE (2.44, 0.63)

======================================================================
Step 26500 (14.1 min) | Pickups: 156 | Deposits: 155 | Rate: 10.97 tags/min | phero_entries=4 max_w=0.880
======================================================================
R1[PHERO     ]: carry=0 | base=2.38 | wall=1.55 | search=  0 | target=phero(-2.04,1.39)
R2[PHERO     ]: carry=0 | base=0.30 | wall=3.24 | search=  0 | target=phero(-2.04,1.39)
R3[GIVE_UP   ]: carry=0 | base=2.78 | wall=0.87 | search=1716 | target=none
R4[SEARCH    ]: carry=0 | base=3.14 | wall=0.36 | search=1881 | target=phero(-2.33,-0.14)
R5[BASE_ESC  ]: carry=0 | base=0.23 | wall=3.27 | search=  0 | target=site(-2.37,-0.18)
R6[SITE      ]: carry=0 | base=0.54 | wall=3.09 | search=  0 | target=site(2.56,2.21)
R7[SEARCH    ]: carry=0 | base=1.65 | wall=1.87 | search=616 | target=site(-2.04,1.39)
R8[GIVE_UP   ]: carry=0 | base=2.74 | wall=0.81 | search=4368 | target=none
R9[PHERO     ]: carry=0 | base=0.48 | wall=3.03 | search=  0 | target=phero(-2.04,1.39)
R10[RTB       ]: carry=1 | base=1.32 | wall=2.47 | search=  0 | target=none
R11[BASE_ESC  ]: carry=0 | base=0.23 | wall=3.33 | search=  0 | target=site(2.54,2.38)
R12[BASE_ESC  ]: carry=0 | base=0.24 | wall=3.26 | search=  0 | target=site(2.44,0.63)
R13[BASE_ESC  ]: carry=0 | base=0.21 | wall=3.31 | search=  0 | target=site(2.73,1.83)
R14[SEARCH    ]: carry=0 | base=3.34 | wall=0.37 | search=2098 | target=phero(2.41,0.51)
R15[PHERO     ]: carry=0 | base=0.96 | wall=2.68 | search=  0 | target=phero(-2.04,1.39)
R16[PHERO     ]: carry=0 | base=2.30 | wall=1.60 | search=  0 | target=phero(-2.04,1.39)

[PICKUP] R1 picked up tag (density=12) | Total: 157
[DEPOSIT] R10 deposited! Total: 156
  [PHERO] Laid at (2.62, 2.25) density=10 prob=0.71 entries=4
  [TARGET] R10 → SITE (2.62, 2.25)

======================================================================
Step 27000 (14.4 min) | Pickups: 157 | Deposits: 156 | Rate: 10.83 tags/min | phero_entries=4 max_w=0.498
======================================================================
R1[RTB       ]: carry=1 | base=1.83 | wall=2.03 | search=  0 | target=none
R2[PHERO     ]: carry=0 | base=1.91 | wall=1.87 | search=  0 | target=phero(-2.04,1.39)
R3[GIVE_UP   ]: carry=0 | base=0.86 | wall=2.69 | search=1716 | target=none
R4[SEARCH    ]: carry=0 | base=3.14 | wall=0.36 | search=2381 | target=phero(-2.33,-0.14)
R5[SITE      ]: carry=0 | base=2.05 | wall=1.46 | search=  0 | target=site(-2.37,-0.18)
R6[SITE      ]: carry=0 | base=2.46 | wall=1.66 | search=  0 | target=site(2.56,2.21)
R7[SEARCH    ]: carry=0 | base=2.90 | wall=1.33 | search=1116 | target=site(-2.04,1.39)
R8[GIVE_UP   ]: carry=0 | base=0.82 | wall=2.70 | search=4368 | target=none
R9[PHERO     ]: carry=0 | base=2.28 | wall=1.60 | search=  0 | target=phero(-2.04,1.39)
R10[SITE      ]: carry=0 | base=0.63 | wall=2.97 | search=  0 | target=site(2.62,2.25)
R11[SITE      ]: carry=0 | base=1.74 | wall=2.19 | search=  0 | target=site(2.54,2.38)
R12[SITE      ]: carry=0 | base=1.76 | wall=1.78 | search=  0 | target=site(2.44,0.63)
R13[SITE      ]: carry=0 | base=1.78 | wall=1.98 | search=  0 | target=site(2.73,1.83)
R14[SEARCH    ]: carry=0 | base=3.34 | wall=0.38 | search=2598 | target=phero(2.41,0.51)
R15[SEARCH    ]: carry=0 | base=2.44 | wall=1.43 | search=120 | target=phero(-2.04,1.39)
R16[GIVE_UP   ]: carry=0 | base=1.31 | wall=2.33 | search=156 | target=none

[PICKUP] R7 picked up tag (density=14) | Total: 158
[PICKUP] R15 picked up tag (density=11) | Total: 159
  [GIVE-UP] R8 returned empty after 4368 searching steps
  [TARGET] R8 → PHERO (2.62, 2.25)
  [GIVE-UP] R3 returned empty after 1716 searching steps
  [TARGET] R3 → PHERO (2.62, 2.25)
  [GIVE-UP] R16 returned empty after 156 searching steps
  [TARGET] R16 → PHERO (2.73, 1.83)
[PICKUP] R12 picked up tag (density=5) | Total: 160
[PICKUP] R2 picked up tag (density=10) | Total: 161
[PICKUP] R6 picked up tag (density=9) | Total: 162
[DEPOSIT] R1 deposited! Total: 157
  [PHERO] Laid at (-2.07, 1.49) density=12 prob=0.88 entries=4
  [TARGET] R1 → SITE (-2.07, 1.49)
[PICKUP] R13 picked up tag (density=14) | Total: 163

======================================================================
Step 27500 (14.7 min) | Pickups: 163 | Deposits: 157 | Rate: 10.70 tags/min | phero_entries=4 max_w=0.752
======================================================================
R1[BASE_ESC  ]: carry=0 | base=0.22 | wall=3.30 | search=  0 | target=site(-2.07,1.49)
R2[SURVEY    ]: carry=1 | base=2.35 | wall=1.61 | search=  0 | target=none
R3[PHERO     ]: carry=0 | base=1.00 | wall=2.64 | search=  0 | target=phero(2.62,2.25)
R4[SEARCH    ]: carry=0 | base=3.14 | wall=0.37 | search=2881 | target=phero(-2.33,-0.14)
R5[SEARCH    ]: carry=0 | base=2.81 | wall=0.70 | search=428 | target=site(-2.37,-0.18)
R6[SURVEY    ]: carry=1 | base=3.50 | wall=0.82 | search=  0 | target=none
R7[RTB       ]: carry=1 | base=2.06 | wall=2.00 | search=  0 | target=none
R8[PHERO     ]: carry=0 | base=0.88 | wall=2.69 | search=  0 | target=phero(2.62,2.25)
R9[SEARCH    ]: carry=0 | base=1.52 | wall=2.20 | search=462 | target=phero(-2.04,1.39)
R10[SITE      ]: carry=0 | base=2.54 | wall=1.55 | search=  0 | target=site(2.62,2.25)
R11[SEARCH    ]: carry=0 | base=3.47 | wall=0.99 | search= 59 | target=site(2.54,2.38)
R12[RTB       ]: carry=1 | base=2.57 | wall=0.99 | search=  0 | target=none
R13[SURVEY    ]: carry=1 | base=3.28 | wall=0.76 | search=  0 | target=none
R14[SEARCH    ]: carry=0 | base=3.33 | wall=0.38 | search=3098 | target=phero(2.41,0.51)
R15[RTB       ]: carry=1 | base=1.56 | wall=2.25 | search=  0 | target=none
R16[PHERO     ]: carry=0 | base=0.30 | wall=3.24 | search=  0 | target=phero(2.73,1.83)

[PICKUP] R11 picked up tag (density=9) | Total: 164
[DEPOSIT] R15 deposited! Total: 158
  [PHERO] Laid at (-1.88, 1.36) density=11 prob=0.80 entries=5
  [TARGET] R15 → SITE (-1.88, 1.36)
[DEPOSIT] R7 deposited! Total: 159
  [PHERO] Laid at (-2.21, -2.01) density=14 prob=0.96 entries=6
  [TARGET] R7 → SITE (-2.21, -2.01)

======================================================================
Step 28000 (14.9 min) | Pickups: 164 | Deposits: 159 | Rate: 10.65 tags/min | phero_entries=6 max_w=0.917
======================================================================
R1[SITE      ]: carry=0 | base=2.04 | wall=1.83 | search=  0 | target=site(-2.07,1.49)
R2[RTB       ]: carry=1 | base=0.63 | wall=3.00 | search=  0 | target=none
R3[PHERO     ]: carry=0 | base=2.86 | wall=1.32 | search=  0 | target=phero(2.62,2.25)
R4[GIVE_UP   ]: carry=0 | base=3.04 | wall=0.46 | search=3276 | target=none
R5[SEARCH    ]: carry=0 | base=3.17 | wall=0.39 | search=928 | target=site(-2.37,-0.18)
R6[RTB       ]: carry=1 | base=2.29 | wall=1.68 | search=  0 | target=none
R7[BASE_ESC  ]: carry=0 | base=0.22 | wall=3.34 | search=  0 | target=site(-2.21,-2.01)
R8[PHERO     ]: carry=0 | base=2.68 | wall=1.43 | search=  0 | target=phero(2.62,2.25)
R9[SEARCH    ]: carry=0 | base=1.84 | wall=1.90 | search=962 | target=phero(-2.04,1.39)
R10[SEARCH    ]: carry=0 | base=3.47 | wall=0.76 | search=237 | target=site(2.62,2.25)
R11[RTB       ]: carry=1 | base=3.53 | wall=0.74 | search=  0 | target=none
R12[RTB       ]: carry=1 | base=0.93 | wall=2.58 | search=  0 | target=none
R13[RTB       ]: carry=1 | base=2.15 | wall=1.66 | search=  0 | target=none
R14[GIVE_UP   ]: carry=0 | base=1.58 | wall=2.01 | search=3120 | target=none
R15[SITE      ]: carry=0 | base=0.41 | wall=3.12 | search=  0 | target=site(-1.88,1.36)
R16[PHERO     ]: carry=0 | base=1.77 | wall=2.11 | search=  0 | target=phero(2.73,1.83)

[DEPOSIT] R2 deposited! Total: 160
  [PHERO] Laid at (-1.90, 1.39) density=10 prob=0.71 entries=7
  [TARGET] R2 → SITE (-1.90, 1.39)
[PICKUP] R4 picked up tag (density=6) | Total: 165
[PICKUP] R10 picked up tag (density=7) | Total: 166
BATCH_RESULT pickups=166 deposits=160
