=================================================================
CPFA BASELINE — ARGoS-calibrated parameters  (7×7m arena  256 tags)
  Params file                  = /home/sara/Documents/RL-FL-Foraging/controllers/cpfa_baseline/cpfa_params.yaml
  Results file                 = /home/sara/Documents/RL-FL-Foraging/controllers/cpfa_baseline/cpfa_baseline_7x7_results_20260811_135843.txt
  RateOfLayingPheromone        = 9.0
  RateOfSiteFidelity           = 2.29
  RateOfPheromoneDecay         = 0.1 /s  (lifetime ~69s)
  ProbabilityOfReturningToNest = 0.08 (every 5 sec → E[give-up] ~62s)
  UninformedSearchVariation    = 0.13 rad (7.4°)
  RateOfInformedSearchDecay    = 1.26 /waypoint
  ProbabilityOfSwitchingToSearching = 0.55 (every 5 sec in uninformed DEPARTING)
=================================================================

[PICKUP] R1 picked up tag (density=16) | Total: 1
[PICKUP] R10 picked up tag (density=15) | Total: 2
[PICKUP] R7 picked up tag (density=16) | Total: 3
[PICKUP] R13 picked up tag (density=16) | Total: 4
[PICKUP] R9 picked up tag (density=14) | Total: 5

======================================================================
Step 500 (0.3 min) | Pickups: 5 | Deposits: 0 | Rate: 0.00 tags/min | phero_entries=0 max_w=0.000
======================================================================
R1[RTB       ]: carry=1 | base=0.66 | wall=2.85 | search=  0 | target=none
R2[SEARCH    ]: carry=0 | base=1.18 | wall=2.43 | search=188 | target=none
R3[SEARCH    ]: carry=0 | base=1.14 | wall=2.67 | search=307 | target=none
R4[SEARCH    ]: carry=0 | base=1.98 | wall=1.75 | search=188 | target=none
R5[SEARCH    ]: carry=0 | base=0.95 | wall=2.65 | search=165 | target=none
R6[SEARCH    ]: carry=0 | base=0.97 | wall=2.71 | search=137 | target=none
R7[SURVEY    ]: carry=1 | base=1.48 | wall=2.10 | search=  0 | target=none
R8[SEARCH    ]: carry=0 | base=1.94 | wall=1.56 | search= 32 | target=none
R9[SURVEY    ]: carry=1 | base=0.83 | wall=2.67 | search=  0 | target=none
R10[RTB       ]: carry=1 | base=0.83 | wall=2.67 | search=  0 | target=none
R11[GIVE_UP   ]: carry=0 | base=1.30 | wall=2.49 | search=156 | target=none
R12[SEARCH    ]: carry=0 | base=0.61 | wall=3.00 | search=344 | target=none
R13[SURVEY    ]: carry=1 | base=1.56 | wall=2.13 | search=  0 | target=none
R14[SEARCH    ]: carry=0 | base=0.74 | wall=2.76 | search= 99 | target=none
R15[DEPART    ]: carry=0 | base=1.03 | wall=2.65 | search=  0 | target=none
R16[SEARCH    ]: carry=0 | base=2.07 | wall=1.78 | search=188 | target=none

[PICKUP] R16 picked up tag (density=16) | Total: 6
[DEPOSIT] R1 deposited! Total: 1
  [PHERO] Laid at (-0.82, 0.16) density=16 prob=0.99 entries=1
  [TARGET] R1 → SITE (-0.82, 0.16)
[PICKUP] R3 picked up tag (density=15) | Total: 7
[DEPOSIT] R10 deposited! Total: 2
  [PHERO] Laid at (-0.83, -0.01) density=15 prob=0.98 entries=2
  [TARGET] R10 → SITE (-0.83, -0.01)
[PICKUP] R6 picked up tag (density=14) | Total: 8
  [GIVE-UP] R11 returned empty after 156 searching steps
  [TARGET] R11 → PHERO (-0.83, -0.01)
[DEPOSIT] R9 deposited! Total: 3
  [PHERO] Laid at (-0.83, 0.03) density=14 prob=0.96 entries=3
  [TARGET] R9 → SITE (-0.83, 0.03)
[PICKUP] R2 picked up tag (density=16) | Total: 9

======================================================================
Step 1000 (0.5 min) | Pickups: 9 | Deposits: 3 | Rate: 5.62 tags/min | phero_entries=3 max_w=0.722
======================================================================
R1[SEARCH    ]: carry=0 | base=0.83 | wall=2.71 | search=124 | target=site(-0.82,0.16)
R2[SURVEY    ]: carry=1 | base=2.24 | wall=1.27 | search=  0 | target=none
R3[RTB       ]: carry=1 | base=1.23 | wall=2.49 | search=  0 | target=none
R4[SEARCH    ]: carry=0 | base=3.54 | wall=0.99 | search=688 | target=none
R5[SEARCH    ]: carry=0 | base=2.40 | wall=1.57 | search=665 | target=none
R6[RTB       ]: carry=1 | base=1.76 | wall=1.88 | search=  0 | target=none
R7[RTB       ]: carry=1 | base=0.37 | wall=3.16 | search=  0 | target=none
R8[SEARCH    ]: carry=0 | base=3.17 | wall=0.38 | search=532 | target=none
R9[BASE_ESC  ]: carry=0 | base=0.23 | wall=3.27 | search=  0 | target=site(-0.83,0.03)
R10[SEARCH    ]: carry=0 | base=0.82 | wall=2.68 | search= 80 | target=site(-0.83,-0.01)
R11[PHERO     ]: carry=0 | base=0.41 | wall=3.17 | search=  0 | target=phero(-0.83,-0.01)
R12[SEARCH    ]: carry=0 | base=2.14 | wall=1.79 | search=844 | target=none
R13[RTB       ]: carry=1 | base=0.64 | wall=2.92 | search=  0 | target=none
R14[SEARCH    ]: carry=0 | base=2.32 | wall=1.25 | search=599 | target=none
R15[GIVE_UP   ]: carry=0 | base=2.31 | wall=1.82 | search=312 | target=none
R16[RTB       ]: carry=1 | base=1.80 | wall=1.96 | search=  0 | target=none

[DEPOSIT] R7 deposited! Total: 4
  [PHERO] Laid at (0.50, -1.39) density=16 prob=0.99 entries=4
  [TARGET] R7 → SITE (0.50, -1.39)
[PICKUP] R5 picked up tag (density=19) | Total: 10
[DEPOSIT] R13 deposited! Total: 5
  [PHERO] Laid at (1.36, -0.74) density=16 prob=0.99 entries=5
  [TARGET] R13 → SITE (1.36, -0.74)
[PICKUP] R1 picked up tag (density=13) | Total: 11
[PICKUP] R11 picked up tag (density=12) | Total: 12
[DEPOSIT] R3 deposited! Total: 6
  [PHERO] Laid at (1.23, -1.00) density=15 prob=0.98 entries=6
  [TARGET] R3 → SITE (1.23, -1.00)
[PICKUP] R14 picked up tag (density=16) | Total: 13
[PICKUP] R9 picked up tag (density=11) | Total: 14
[DEPOSIT] R16 deposited! Total: 7
  [PHERO] Laid at (1.98, 1.34) density=16 prob=0.99 entries=7
  [TARGET] R16 → SITE (1.98, 1.34)
[DEPOSIT] R6 deposited! Total: 8
  [PHERO] Laid at (1.59, -0.74) density=14 prob=0.96 entries=8
  [TARGET] R6 → SITE (1.59, -0.74)

======================================================================
Step 1500 (0.8 min) | Pickups: 14 | Deposits: 8 | Rate: 10.00 tags/min | phero_entries=8 max_w=0.820
======================================================================
R1[RTB       ]: carry=1 | base=0.41 | wall=3.10 | search=  0 | target=none
R2[RTB       ]: carry=1 | base=0.85 | wall=2.65 | search=  0 | target=none
R3[SITE      ]: carry=0 | base=0.67 | wall=2.92 | search=  0 | target=site(1.23,-1.00)
R4[WALL_ESC  ]: carry=0 | base=4.23 | wall=0.34 | search=1188 | target=none
R5[RTB       ]: carry=1 | base=1.66 | wall=2.23 | search=  0 | target=none
R6[BASE_ESC  ]: carry=0 | base=0.22 | wall=3.30 | search=  0 | target=site(1.59,-0.74)
R7[SEARCH    ]: carry=0 | base=1.46 | wall=2.13 | search= 33 | target=site(0.50,-1.39)
R8[SEARCH    ]: carry=0 | base=3.18 | wall=0.38 | search=1032 | target=none
R9[SURVEY    ]: carry=1 | base=0.91 | wall=2.60 | search=  0 | target=none
R10[SEARCH    ]: carry=0 | base=1.38 | wall=2.38 | search=580 | target=site(-0.83,-0.01)
R11[RTB       ]: carry=1 | base=0.65 | wall=2.85 | search=  0 | target=none
R12[SEARCH    ]: carry=0 | base=2.19 | wall=1.49 | search=1344 | target=none
R13[SITE      ]: carry=0 | base=1.20 | wall=2.43 | search=  0 | target=site(1.36,-0.74)
R14[RTB       ]: carry=1 | base=3.10 | wall=0.83 | search=  0 | target=none
R15[GIVE_UP   ]: carry=0 | base=1.02 | wall=2.75 | search=312 | target=none
R16[BASE_ESC  ]: carry=0 | base=0.23 | wall=3.28 | search=  0 | target=site(1.98,1.34)

[DEPOSIT] R1 deposited! Total: 9
  [PHERO] Laid at (-0.92, 0.24) density=13 prob=0.93 entries=9
  [TARGET] R1 → SITE (-0.92, 0.24)
[DEPOSIT] R11 deposited! Total: 10
  [PHERO] Laid at (-0.84, -0.00) density=12 prob=0.88 entries=10
  [TARGET] R11 → SITE (-0.84, -0.00)
[DEPOSIT] R2 deposited! Total: 11
  [PHERO] Laid at (0.08, 2.23) density=16 prob=0.99 entries=11
  [TARGET] R2 → SITE (0.08, 2.23)
  [GIVE-UP] R15 returned empty after 312 searching steps
  [TARGET] R15 → PHERO (0.08, 2.23)
[PICKUP] R12 picked up tag (density=16) | Total: 15
[PICKUP] R3 picked up tag (density=13) | Total: 16
[DEPOSIT] R9 deposited! Total: 12
  [PHERO] Laid at (-0.91, 0.13) density=11 prob=0.80 entries=12
  [TARGET] R9 → SITE (-0.91, 0.13)
[PICKUP] R10 picked up tag (density=16) | Total: 17
[DEPOSIT] R5 deposited! Total: 13
  [PHERO] Laid at (-1.96, -1.60) density=19 prob=1.00 entries=13
  [TARGET] R5 → SITE (-1.96, -1.60)

======================================================================
Step 2000 (1.1 min) | Pickups: 17 | Deposits: 13 | Rate: 12.19 tags/min | phero_entries=13 max_w=0.655
======================================================================
R1[SEARCH    ]: carry=0 | base=0.89 | wall=2.63 | search=159 | target=site(-0.92,0.24)
R2[SITE      ]: carry=0 | base=1.09 | wall=2.41 | search=  0 | target=site(0.08,2.23)
R3[RTB       ]: carry=1 | base=1.58 | wall=2.25 | search=  0 | target=none
R4[GIVE_UP   ]: carry=0 | base=3.31 | wall=1.07 | search=1404 | target=none
R5[SITE      ]: carry=0 | base=0.31 | wall=3.25 | search=  0 | target=site(-1.96,-1.60)
R6[SEARCH    ]: carry=0 | base=1.73 | wall=1.94 | search= 22 | target=site(1.59,-0.74)
R7[SEARCH    ]: carry=0 | base=2.10 | wall=1.41 | search=533 | target=site(0.50,-1.39)
R8[GIVE_UP   ]: carry=0 | base=1.69 | wall=1.82 | search=1092 | target=none
R9[SITE      ]: carry=0 | base=0.68 | wall=2.83 | search=  0 | target=site(-0.91,0.13)
R10[SURVEY    ]: carry=1 | base=2.47 | wall=1.61 | search=  0 | target=none
R11[SEARCH    ]: carry=0 | base=0.85 | wall=2.66 | search=126 | target=site(-0.84,-0.00)
R12[RTB       ]: carry=1 | base=2.56 | wall=0.99 | search=  0 | target=none
R13[SEARCH    ]: carry=0 | base=0.80 | wall=2.76 | search=421 | target=site(1.36,-0.74)
R14[RTB       ]: carry=1 | base=1.33 | wall=2.37 | search=  0 | target=none
R15[PHERO     ]: carry=0 | base=0.71 | wall=2.82 | search=  0 | target=phero(0.08,2.23)
R16[SITE      ]: carry=0 | base=2.06 | wall=1.79 | search=  0 | target=site(1.98,1.34)

[PICKUP] R6 picked up tag (density=12) | Total: 18
[PICKUP] R11 picked up tag (density=10) | Total: 19
[PICKUP] R7 picked up tag (density=16) | Total: 20
[PICKUP] R9 picked up tag (density=9) | Total: 21
[PICKUP] R4 picked up tag (density=16) | Total: 22
[DEPOSIT] R14 deposited! Total: 14
  [PHERO] Laid at (1.55, -2.67) density=16 prob=0.99 entries=14
  [TARGET] R14 → SITE (1.55, -2.67)
[PICKUP] R2 picked up tag (density=15) | Total: 23
[DEPOSIT] R3 deposited! Total: 15
  [PHERO] Laid at (1.23, -0.98) density=13 prob=0.93 entries=15
  [TARGET] R3 → SITE (1.23, -0.98)
  [GIVE-UP] R8 returned empty after 1092 searching steps
  [TARGET] R8 → PHERO (1.55, -2.67)
[PICKUP] R5 picked up tag (density=15) | Total: 24
[DEPOSIT] R11 deposited! Total: 16
  [PHERO] Laid at (-0.93, 0.08) density=10 prob=0.71 entries=16
  [TARGET] R11 → SITE (-0.93, 0.08)

======================================================================
Step 2500 (1.3 min) | Pickups: 24 | Deposits: 16 | Rate: 12.00 tags/min | phero_entries=16 max_w=0.965
======================================================================
R1[GIVE_UP   ]: carry=0 | base=0.93 | wall=2.73 | search=624 | target=none
R2[SURVEY    ]: carry=1 | base=2.27 | wall=1.24 | search=  0 | target=none
R3[SITE      ]: carry=0 | base=0.27 | wall=3.24 | search=  0 | target=site(1.23,-0.98)
R4[RTB       ]: carry=1 | base=2.12 | wall=1.91 | search=  0 | target=none
R5[SURVEY    ]: carry=1 | base=1.79 | wall=2.14 | search=  0 | target=none
R6[RTB       ]: carry=1 | base=1.04 | wall=2.54 | search=  0 | target=none
R7[RTB       ]: carry=1 | base=2.43 | wall=1.08 | search=  0 | target=none
R8[PHERO     ]: carry=0 | base=0.26 | wall=3.26 | search=  0 | target=phero(1.55,-2.67)
R9[RTB       ]: carry=1 | base=0.74 | wall=2.77 | search=  0 | target=none
R10[RTB       ]: carry=1 | base=0.77 | wall=2.90 | search=  0 | target=none
R11[BASE_ESC  ]: carry=0 | base=0.23 | wall=3.27 | search=  0 | target=site(-0.93,0.08)
R12[RTB       ]: carry=1 | base=0.64 | wall=2.87 | search=  0 | target=none
R13[SEARCH    ]: carry=0 | base=1.50 | wall=2.12 | search=921 | target=site(1.36,-0.74)
R14[SITE      ]: carry=0 | base=0.46 | wall=3.16 | search=  0 | target=site(1.55,-2.67)
R15[SEARCH    ]: carry=0 | base=2.24 | wall=1.26 | search= 96 | target=phero(0.08,2.23)
R16[SEARCH    ]: carry=0 | base=1.49 | wall=2.40 | search=427 | target=site(1.98,1.34)

[PICKUP] R13 picked up tag (density=16) | Total: 25
[DEPOSIT] R12 deposited! Total: 17
  [PHERO] Laid at (-0.61, 2.73) density=16 prob=0.99 entries=17
  [TARGET] R12 → SITE (-0.61, 2.73)
[DEPOSIT] R10 deposited! Total: 18
  [PHERO] Laid at (-1.59, 1.89) density=16 prob=0.99 entries=18
  [TARGET] R10 → SITE (-1.59, 1.89)
[DEPOSIT] R9 deposited! Total: 19
  [PHERO] Laid at (-0.98, 0.15) density=9 prob=0.59 entries=19
  [TARGET] R9 → SITE (-0.98, 0.15)
[DEPOSIT] R6 deposited! Total: 20
  [PHERO] Laid at (1.56, -0.74) density=12 prob=0.88 entries=20
  [TARGET] R6 → SITE (1.56, -0.74)
  [GIVE-UP] R1 returned empty after 624 searching steps
  [TARGET] R1 → PHERO (-0.98, 0.15)
[PICKUP] R14 picked up tag (density=15) | Total: 26
[PICKUP] R3 picked up tag (density=12) | Total: 27
[DEPOSIT] R4 deposited! Total: 21
  [PHERO] Laid at (-1.56, -1.68) density=16 prob=0.99 entries=19
  [TARGET] R4 → SITE (-1.56, -1.68)

======================================================================
Step 3000 (1.6 min) | Pickups: 27 | Deposits: 21 | Rate: 13.12 tags/min | phero_entries=19 max_w=0.959
======================================================================
R1[PHERO     ]: carry=0 | base=0.27 | wall=3.26 | search=  0 | target=phero(-0.98,0.15)
R2[RTB       ]: carry=1 | base=0.52 | wall=2.99 | search=  0 | target=none
R3[SURVEY    ]: carry=1 | base=1.65 | wall=2.27 | search=  0 | target=none
R4[BASE_ESC  ]: carry=0 | base=0.23 | wall=3.33 | search=  0 | target=site(-1.56,-1.68)
R5[RTB       ]: carry=1 | base=0.41 | wall=3.19 | search=  0 | target=none
R6[SITE      ]: carry=0 | base=0.75 | wall=2.80 | search=  0 | target=site(1.56,-0.74)
R7[RTB       ]: carry=1 | base=0.51 | wall=3.00 | search=  0 | target=none
R8[PHERO     ]: carry=0 | base=1.45 | wall=2.34 | search=  0 | target=phero(1.55,-2.67)
R9[SEARCH    ]: carry=0 | base=0.96 | wall=2.55 | search= 12 | target=site(-0.98,0.15)
R10[SITE      ]: carry=0 | base=0.87 | wall=2.83 | search=  0 | target=site(-1.59,1.89)
R11[SEARCH    ]: carry=0 | base=0.93 | wall=2.60 | search=210 | target=site(-0.93,0.08)
R12[SITE      ]: carry=0 | base=1.29 | wall=2.23 | search=  0 | target=site(-0.61,2.73)
R13[RTB       ]: carry=1 | base=0.78 | wall=2.80 | search=  0 | target=none
R14[RTB       ]: carry=1 | base=1.48 | wall=2.26 | search=  0 | target=none
R15[SEARCH    ]: carry=0 | base=1.46 | wall=2.44 | search=596 | target=phero(0.08,2.23)
R16[SEARCH    ]: carry=0 | base=0.93 | wall=2.82 | search=927 | target=site(1.98,1.34)

[PICKUP] R8 picked up tag (density=14) | Total: 28
[DEPOSIT] R5 deposited! Total: 22
  [PHERO] Laid at (-1.36, -1.16) density=15 prob=0.98 entries=20
  [TARGET] R5 → SITE (-1.36, -1.16)
[PICKUP] R11 picked up tag (density=8) | Total: 29
[DEPOSIT] R7 deposited! Total: 23
  [PHERO] Laid at (0.15, -2.70) density=16 prob=0.99 entries=20
  [TARGET] R7 → SITE (0.15, -2.70)
[DEPOSIT] R2 deposited! Total: 24
  [PHERO] Laid at (0.11, 2.22) density=15 prob=0.98 entries=21
  [TARGET] R2 → SITE (0.11, 2.22)
[DEPOSIT] R13 deposited! Total: 25
  [PHERO] Laid at (0.65, 1.50) density=16 prob=0.99 entries=22
  [TARGET] R13 → SITE (0.65, 1.50)
[DEPOSIT] R14 deposited! Total: 26
  [TARGET] R14 → SITE (0.79, -1.24)
  [GIVE-UP] R9 returned empty after 312 searching steps
  [TARGET] R9 → PHERO (0.15, -2.70)
  [GIVE-UP] R15 returned empty after 780 searching steps
  [TARGET] R15 → PHERO (-1.36, -1.16)

======================================================================
Step 3500 (1.9 min) | Pickups: 29 | Deposits: 26 | Rate: 13.93 tags/min | phero_entries=19 max_w=0.315
======================================================================
R1[SEARCH    ]: carry=0 | base=0.85 | wall=2.66 | search=191 | target=phero(-0.98,0.15)
R2[SITE      ]: carry=0 | base=1.39 | wall=2.11 | search=  0 | target=site(0.11,2.22)
R3[RTB       ]: carry=1 | base=0.70 | wall=2.95 | search=  0 | target=none
R4[SITE      ]: carry=0 | base=1.60 | wall=2.33 | search=  0 | target=site(-1.56,-1.68)
R5[SITE      ]: carry=0 | base=1.46 | wall=2.37 | search=  0 | target=site(-1.36,-1.16)
R6[SEARCH    ]: carry=0 | base=1.42 | wall=2.25 | search=256 | target=site(1.56,-0.74)
R7[SITE      ]: carry=0 | base=1.44 | wall=2.07 | search=  0 | target=site(0.15,-2.70)
R8[RTB       ]: carry=1 | base=0.79 | wall=2.90 | search=  0 | target=none
R9[BASE_ESC  ]: carry=0 | base=0.22 | wall=3.33 | search=  0 | target=phero(0.15,-2.70)
R10[SEARCH    ]: carry=0 | base=2.48 | wall=1.64 | search= 77 | target=site(-1.59,1.89)
R11[RTB       ]: carry=1 | base=0.39 | wall=3.12 | search=  0 | target=none
R12[SEARCH    ]: carry=0 | base=2.77 | wall=0.82 | search=121 | target=site(-0.61,2.73)
R13[SITE      ]: carry=0 | base=1.15 | wall=2.47 | search=  0 | target=site(0.65,1.50)
R14[SITE      ]: carry=0 | base=0.32 | wall=3.25 | search=  0 | target=site(0.79,-1.24)
R15[BASE_ESC  ]: carry=0 | base=0.23 | wall=3.28 | search=  0 | target=phero(-1.36,-1.16)
R16[SEARCH    ]: carry=0 | base=1.89 | wall=1.67 | search=1427 | target=site(1.98,1.34)

[PICKUP] R4 picked up tag (density=14) | Total: 30
[DEPOSIT] R11 deposited! Total: 27
  [TARGET] R11 → SITE (-1.05, 0.21)
[DEPOSIT] R3 deposited! Total: 28
  [TARGET] R3 → SITE (1.23, -1.09)
[DEPOSIT] R8 deposited! Total: 29
  [PHERO] Laid at (0.91, -1.24) density=14 prob=0.96 entries=18
  [TARGET] R8 → SITE (0.91, -1.24)
[PICKUP] R16 picked up tag (density=13) | Total: 31
[PICKUP] R2 picked up tag (density=14) | Total: 32
[PICKUP] R7 picked up tag (density=15) | Total: 33
[PICKUP] R13 picked up tag (density=15) | Total: 34

======================================================================
Step 4000 (2.1 min) | Pickups: 34 | Deposits: 29 | Rate: 13.59 tags/min | phero_entries=14 max_w=0.328
======================================================================
R1[SEARCH    ]: carry=0 | base=1.68 | wall=1.83 | search=691 | target=phero(-0.98,0.15)
R2[RTB       ]: carry=1 | base=2.19 | wall=1.32 | search=  0 | target=none
R3[SITE      ]: carry=0 | base=1.19 | wall=2.62 | search=  0 | target=site(1.23,-1.09)
R4[RTB       ]: carry=1 | base=0.82 | wall=2.88 | search=  0 | target=none
R5[SEARCH    ]: carry=0 | base=0.71 | wall=2.97 | search=428 | target=site(-1.36,-1.16)
R6[GIVE_UP   ]: carry=0 | base=0.94 | wall=2.56 | search=624 | target=none
R7[SURVEY    ]: carry=1 | base=2.71 | wall=0.79 | search=  0 | target=none
R8[SITE      ]: carry=0 | base=1.14 | wall=2.56 | search=  0 | target=site(0.91,-1.24)
R9[PHERO     ]: carry=0 | base=0.71 | wall=2.82 | search=  0 | target=phero(0.15,-2.70)
R10[SEARCH    ]: carry=0 | base=1.37 | wall=2.16 | search=577 | target=site(-1.59,1.89)
R11[SEARCH    ]: carry=0 | base=0.98 | wall=2.55 | search=139 | target=site(-1.05,0.21)
R12[GIVE_UP   ]: carry=0 | base=1.39 | wall=2.40 | search=468 | target=none
R13[SURVEY    ]: carry=1 | base=1.50 | wall=2.15 | search=  0 | target=none
R14[GIVE_UP   ]: carry=0 | base=1.31 | wall=2.37 | search=156 | target=none
R15[PHERO     ]: carry=0 | base=1.44 | wall=2.38 | search=  0 | target=phero(-1.36,-1.16)
R16[RTB       ]: carry=1 | base=1.68 | wall=2.18 | search=  0 | target=none

[DEPOSIT] R4 deposited! Total: 30
  [PHERO] Laid at (-1.16, -1.24) density=14 prob=0.96 entries=14
  [TARGET] R4 → SITE (-1.16, -1.24)
  [GIVE-UP] R6 returned empty after 624 searching steps
  [TARGET] R6 → PHERO (0.15, -2.70)
[PICKUP] R15 picked up tag (density=12) | Total: 35
  [GIVE-UP] R14 returned empty after 156 searching steps
  [TARGET] R14 → PHERO (-1.16, -1.24)
  [GIVE-UP] R12 returned empty after 468 searching steps
  [TARGET] R12 → PHERO (-1.16, -1.24)
  [GIVE-UP] R10 returned empty after 624 searching steps
  [TARGET] R10 → PHERO (0.11, 2.22)
[DEPOSIT] R16 deposited! Total: 31
  [PHERO] Laid at (-1.62, -1.19) density=13 prob=0.93 entries=15
  [TARGET] R16 → SITE (-1.62, -1.19)
[DEPOSIT] R13 deposited! Total: 32
  [PHERO] Laid at (0.67, 1.35) density=15 prob=0.98 entries=16
  [TARGET] R13 → SITE (0.67, 1.35)
  [GIVE-UP] R11 returned empty after 312 searching steps
  [TARGET] R11 → PHERO (0.91, -1.24)

======================================================================
Step 4500 (2.4 min) | Pickups: 35 | Deposits: 32 | Rate: 13.33 tags/min | phero_entries=15 max_w=0.757
======================================================================
R1[SEARCH    ]: carry=0 | base=2.90 | wall=1.08 | search=1191 | target=phero(-0.98,0.15)
R2[RTB       ]: carry=1 | base=0.36 | wall=3.14 | search=  0 | target=none
R3[SEARCH    ]: carry=0 | base=0.82 | wall=2.85 | search=396 | target=site(1.23,-1.09)
R4[SITE      ]: carry=0 | base=1.12 | wall=2.65 | search=  0 | target=site(-1.16,-1.24)
R5[SEARCH    ]: carry=0 | base=0.30 | wall=3.23 | search=928 | target=site(-1.36,-1.16)
R6[PHERO     ]: carry=0 | base=1.01 | wall=2.50 | search=  0 | target=phero(0.15,-2.70)
R7[RTB       ]: carry=1 | base=1.16 | wall=2.34 | search=  0 | target=none
R8[SEARCH    ]: carry=0 | base=1.17 | wall=2.36 | search=408 | target=site(0.91,-1.24)
R9[PHERO     ]: carry=0 | base=2.58 | wall=0.92 | search=  0 | target=phero(0.15,-2.70)
R10[PHERO     ]: carry=0 | base=0.30 | wall=3.21 | search=  0 | target=phero(0.11,2.22)
R11[BASE_ESC  ]: carry=0 | base=0.22 | wall=3.32 | search=  0 | target=phero(0.91,-1.24)
R12[PHERO     ]: carry=0 | base=0.30 | wall=3.25 | search=  0 | target=phero(-1.16,-1.24)
R13[BASE_ESC  ]: carry=0 | base=0.22 | wall=3.33 | search=  0 | target=site(0.67,1.35)
R14[PHERO     ]: carry=0 | base=0.37 | wall=3.16 | search=  0 | target=phero(-1.16,-1.24)
R15[RTB       ]: carry=1 | base=1.79 | wall=2.12 | search=  0 | target=none
R16[BASE_ESC  ]: carry=0 | base=0.24 | wall=3.28 | search=  0 | target=site(-1.62,-1.19)

[PICKUP] R1 picked up tag (density=15) | Total: 36
[DEPOSIT] R2 deposited! Total: 33
  [PHERO] Laid at (0.16, 2.19) density=14 prob=0.96 entries=15
  [TARGET] R2 → SITE (0.16, 2.19)
[DEPOSIT] R7 deposited! Total: 34
  [PHERO] Laid at (0.15, -2.71) density=15 prob=0.98 entries=13
  [TARGET] R7 → SITE (0.15, -2.71)
[DEPOSIT] R15 deposited! Total: 35
  [PHERO] Laid at (-1.46, -1.16) density=12 prob=0.88 entries=13
  [TARGET] R15 → SITE (-1.46, -1.16)

======================================================================
Step 5000 (2.7 min) | Pickups: 36 | Deposits: 35 | Rate: 13.12 tags/min | phero_entries=12 max_w=0.736
======================================================================
R1[RTB       ]: carry=1 | base=2.03 | wall=1.79 | search=  0 | target=none
R2[SITE      ]: carry=0 | base=1.33 | wall=2.18 | search=  0 | target=site(0.16,2.19)
R3[GIVE_UP   ]: carry=0 | base=1.15 | wall=2.43 | search=780 | target=none
R4[SEARCH    ]: carry=0 | base=1.25 | wall=2.48 | search=361 | target=site(-1.16,-1.24)
R5[SEARCH    ]: carry=0 | base=1.93 | wall=1.66 | search=1428 | target=site(-1.36,-1.16)
R6[SEARCH    ]: carry=0 | base=2.66 | wall=0.84 | search=  2 | target=phero(0.15,-2.70)
R7[SITE      ]: carry=0 | base=0.53 | wall=2.99 | search=  0 | target=site(0.15,-2.71)
R8[SEARCH    ]: carry=0 | base=1.97 | wall=2.02 | search=908 | target=site(0.91,-1.24)
R9[SEARCH    ]: carry=0 | base=1.99 | wall=1.81 | search=480 | target=phero(0.15,-2.70)
R10[PHERO     ]: carry=0 | base=1.88 | wall=1.63 | search=  0 | target=phero(0.11,2.22)
R11[PHERO     ]: carry=0 | base=0.27 | wall=3.31 | search=  0 | target=phero(0.91,-1.24)
R12[SEARCH    ]: carry=0 | base=1.67 | wall=2.29 | search= 13 | target=phero(-1.16,-1.24)
R13[SEARCH    ]: carry=0 | base=1.45 | wall=2.17 | search=144 | target=site(0.67,1.35)
R14[SEARCH    ]: carry=0 | base=1.72 | wall=2.22 | search= 68 | target=phero(-1.16,-1.24)
R15[BASE_ESC  ]: carry=0 | base=0.23 | wall=3.32 | search=  0 | target=site(-1.46,-1.16)
R16[SEARCH    ]: carry=0 | base=1.99 | wall=1.91 | search= 39 | target=site(-1.62,-1.19)

[PICKUP] R5 picked up tag (density=16) | Total: 37
[PICKUP] R16 picked up tag (density=11) | Total: 38
[PICKUP] R9 picked up tag (density=10) | Total: 39
  [GIVE-UP] R3 returned empty after 780 searching steps
  [TARGET] R3 → PHERO (-1.46, -1.16)
[PICKUP] R2 picked up tag (density=13) | Total: 40
[PICKUP] R4 picked up tag (density=7) | Total: 41
[DEPOSIT] R1 deposited! Total: 36
  [PHERO] Laid at (-1.60, 2.42) density=15 prob=0.98 entries=8
  [TARGET] R1 → SITE (-1.60, 2.42)
[PICKUP] R12 picked up tag (density=6) | Total: 42
[PICKUP] R14 picked up tag (density=5) | Total: 43

======================================================================
Step 5500 (2.9 min) | Pickups: 43 | Deposits: 36 | Rate: 12.27 tags/min | phero_entries=8 max_w=0.888
======================================================================
R1[BASE_ESC  ]: carry=0 | base=0.22 | wall=3.32 | search=  0 | target=site(-1.60,2.42)
R2[RTB       ]: carry=1 | base=2.22 | wall=1.29 | search=  0 | target=none
R3[PHERO     ]: carry=0 | base=0.63 | wall=2.97 | search=  0 | target=phero(-1.46,-1.16)
R4[RTB       ]: carry=1 | base=1.17 | wall=2.33 | search=  0 | target=none
R5[RTB       ]: carry=1 | base=1.23 | wall=2.31 | search=  0 | target=none
R6[SEARCH    ]: carry=0 | base=1.89 | wall=1.63 | search=502 | target=phero(0.15,-2.70)
R7[SITE      ]: carry=0 | base=2.08 | wall=1.42 | search=  0 | target=site(0.15,-2.71)
R8[SEARCH    ]: carry=0 | base=3.24 | wall=0.37 | search=1408 | target=site(0.91,-1.24)
R9[RTB       ]: carry=1 | base=1.98 | wall=1.90 | search=  0 | target=none
R10[SEARCH    ]: carry=0 | base=2.22 | wall=1.54 | search=422 | target=phero(0.11,2.22)
R11[SEARCH    ]: carry=0 | base=1.56 | wall=2.27 | search= 91 | target=phero(0.91,-1.24)
R12[SURVEY    ]: carry=1 | base=1.31 | wall=2.20 | search=  0 | target=none
R13[SEARCH    ]: carry=0 | base=1.64 | wall=1.86 | search=644 | target=site(0.67,1.35)
R14[SURVEY    ]: carry=1 | base=1.03 | wall=2.49 | search=  0 | target=none
R15[SEARCH    ]: carry=0 | base=1.87 | wall=2.06 | search= 53 | target=site(-1.46,-1.16)
R16[RTB       ]: carry=1 | base=1.05 | wall=2.71 | search=  0 | target=none

[DEPOSIT] R16 deposited! Total: 37
  [PHERO] Laid at (-1.55, -1.24) density=11 prob=0.80 entries=9
  [TARGET] R16 → SITE (-1.55, -1.24)
[DEPOSIT] R4 deposited! Total: 38
  [TARGET] R4 → SITE (-1.35, 0.05)
[PICKUP] R6 picked up tag (density=13) | Total: 44
[DEPOSIT] R5 deposited! Total: 39
  [PHERO] Laid at (1.94, 0.63) density=16 prob=0.99 entries=10
  [TARGET] R5 → SITE (1.94, 0.63)
[PICKUP] R7 picked up tag (density=14) | Total: 45
[DEPOSIT] R9 deposited! Total: 40
  [PHERO] Laid at (1.60, -1.27) density=10 prob=0.71 entries=10
  [TARGET] R9 → SITE (1.60, -1.27)
[DEPOSIT] R14 deposited! Total: 41
  [TARGET] R14 → SITE (-1.01, -0.21)
[DEPOSIT] R12 deposited! Total: 42
  [PHERO] Laid at (-1.30, -0.19) density=6 prob=0.21 entries=11
  [TARGET] R12 → SITE (-1.30, -0.19)

======================================================================
Step 6000 (3.2 min) | Pickups: 45 | Deposits: 42 | Rate: 13.12 tags/min | phero_entries=11 max_w=0.975
======================================================================
R1[SITE      ]: carry=0 | base=1.85 | wall=1.98 | search=  0 | target=site(-1.60,2.42)
R2[RTB       ]: carry=1 | base=0.38 | wall=3.12 | search=  0 | target=none
R3[GIVE_UP   ]: carry=0 | base=1.73 | wall=2.08 | search=156 | target=none
R4[SITE      ]: carry=0 | base=0.41 | wall=3.09 | search=  0 | target=site(-1.35,0.05)
R5[SITE      ]: carry=0 | base=0.71 | wall=2.80 | search=  0 | target=site(1.94,0.63)
R6[RTB       ]: carry=1 | base=1.90 | wall=1.75 | search=  0 | target=none
R7[RTB       ]: carry=1 | base=2.76 | wall=0.75 | search=  0 | target=none
R8[SEARCH    ]: carry=0 | base=3.24 | wall=0.36 | search=1908 | target=site(0.91,-1.24)
R9[BASE_ESC  ]: carry=0 | base=0.22 | wall=3.33 | search=  0 | target=site(1.60,-1.27)
R10[SEARCH    ]: carry=0 | base=2.14 | wall=1.45 | search=922 | target=phero(0.11,2.22)
R11[SEARCH    ]: carry=0 | base=1.23 | wall=2.27 | search=591 | target=phero(0.91,-1.24)
R12[BASE_ESC  ]: carry=0 | base=0.23 | wall=3.27 | search=  0 | target=site(-1.30,-0.19)
R13[WALL_ESC  ]: carry=0 | base=3.18 | wall=0.33 | search=1144 | target=site(0.67,1.35)
R14[BASE_ESC  ]: carry=0 | base=0.17 | wall=3.34 | search=  0 | target=site(-1.01,-0.21)
R15[SEARCH    ]: carry=0 | base=0.65 | wall=2.91 | search=553 | target=site(-1.46,-1.16)
R16[SITE      ]: carry=0 | base=0.91 | wall=2.75 | search=  0 | target=site(-1.55,-1.24)

[DEPOSIT] R2 deposited! Total: 43
  [PHERO] Laid at (0.19, 2.22) density=13 prob=0.93 entries=12
  [TARGET] R2 → SITE (0.19, 2.22)
[PICKUP] R4 picked up tag (density=4) | Total: 46
[PICKUP] R1 picked up tag (density=14) | Total: 47
[PICKUP] R11 picked up tag (density=15) | Total: 48
[PICKUP] R12 picked up tag (density=3) | Total: 49
[PICKUP] R10 picked up tag (density=2) | Total: 50
  [GIVE-UP] R3 returned empty after 156 searching steps
  [TARGET] R3 → PHERO (1.60, -1.27)
[PICKUP] R9 picked up tag (density=9) | Total: 51
[DEPOSIT] R6 deposited! Total: 44
  [PHERO] Laid at (0.70, -1.77) density=13 prob=0.93 entries=12
  [TARGET] R6 → SITE (0.70, -1.77)

======================================================================
Step 6500 (3.5 min) | Pickups: 51 | Deposits: 44 | Rate: 12.69 tags/min | phero_entries=12 max_w=0.858
======================================================================
R1[RTB       ]: carry=1 | base=2.10 | wall=1.73 | search=  0 | target=none
R2[SITE      ]: carry=0 | base=1.55 | wall=1.96 | search=  0 | target=site(0.19,2.22)
R3[BASE_ESC  ]: carry=0 | base=0.25 | wall=3.32 | search=  0 | target=phero(1.60,-1.27)
R4[RTB       ]: carry=1 | base=0.59 | wall=2.91 | search=  0 | target=none
R5[SEARCH    ]: carry=0 | base=1.94 | wall=1.68 | search=165 | target=site(1.94,0.63)
R6[BASE_ESC  ]: carry=0 | base=0.22 | wall=3.29 | search=  0 | target=site(0.70,-1.77)
R7[RTB       ]: carry=1 | base=0.90 | wall=2.61 | search=  0 | target=none
R8[GIVE_UP   ]: carry=0 | base=3.04 | wall=0.56 | search=2340 | target=none
R9[SURVEY    ]: carry=1 | base=1.68 | wall=2.19 | search=  0 | target=none
R10[RTB       ]: carry=1 | base=1.30 | wall=2.23 | search=  0 | target=none
R11[RTB       ]: carry=1 | base=2.06 | wall=1.47 | search=  0 | target=none
R12[SURVEY    ]: carry=1 | base=0.99 | wall=2.51 | search=  0 | target=none
R13[WALL_ESC  ]: carry=0 | base=3.17 | wall=0.34 | search=1644 | target=site(0.67,1.35)
R14[SEARCH    ]: carry=0 | base=0.89 | wall=2.62 | search=219 | target=site(-1.01,-0.21)
R15[SEARCH    ]: carry=0 | base=1.16 | wall=2.40 | search=1053 | target=site(-1.46,-1.16)
R16[SEARCH    ]: carry=0 | base=1.83 | wall=2.03 | search=232 | target=site(-1.55,-1.24)

[DEPOSIT] R4 deposited! Total: 45
  [TARGET] R4 → SITE (-0.98, 0.00)
[PICKUP] R8 picked up tag (density=12) | Total: 52
[PICKUP] R14 picked up tag (density=1) | Total: 53
[DEPOSIT] R7 deposited! Total: 46
  [PHERO] Laid at (0.12, -2.78) density=14 prob=0.96 entries=11
  [TARGET] R7 → SITE (0.12, -2.78)
[DEPOSIT] R10 deposited! Total: 47
  [TARGET] R10 → SITE (-1.29, 0.28)
[PICKUP] R15 picked up tag (density=14) | Total: 54
[DEPOSIT] R12 deposited! Total: 48
  [TARGET] R12 → SITE (-0.98, -0.10)
[PICKUP] R6 picked up tag (density=12) | Total: 55
[DEPOSIT] R1 deposited! Total: 49
  [PHERO] Laid at (-1.39, 2.08) density=14 prob=0.96 entries=10
  [TARGET] R1 → SITE (-1.39, 2.08)
[DEPOSIT] R11 deposited! Total: 50
  [PHERO] Laid at (2.02, 0.43) density=15 prob=0.98 entries=11
  [TARGET] R11 → SITE (2.02, 0.43)

======================================================================
Step 7000 (3.7 min) | Pickups: 55 | Deposits: 50 | Rate: 13.39 tags/min | phero_entries=11 max_w=0.962
======================================================================
R1[BASE_ESC  ]: carry=0 | base=0.23 | wall=3.31 | search=  0 | target=site(-1.39,2.08)
R2[SEARCH    ]: carry=0 | base=2.05 | wall=1.54 | search=337 | target=site(0.19,2.22)
R3[PHERO     ]: carry=0 | base=1.68 | wall=2.22 | search=  0 | target=phero(1.60,-1.27)
R4[SEARCH    ]: carry=0 | base=0.92 | wall=2.59 | search= 89 | target=site(-0.98,0.00)
R5[GIVE_UP   ]: carry=0 | base=1.46 | wall=2.07 | search=468 | target=none
R6[SURVEY    ]: carry=1 | base=1.49 | wall=2.11 | search=  0 | target=none
R7[SITE      ]: carry=0 | base=0.91 | wall=2.60 | search=  0 | target=site(0.12,-2.78)
R8[RTB       ]: carry=1 | base=2.11 | wall=1.47 | search=  0 | target=none
R9[RTB       ]: carry=1 | base=0.61 | wall=3.00 | search=  0 | target=none
R10[SITE      ]: carry=0 | base=0.64 | wall=2.90 | search=  0 | target=site(-1.29,0.28)
R11[BASE_ESC  ]: carry=0 | base=0.23 | wall=3.27 | search=  0 | target=site(2.02,0.43)
R12[SITE      ]: carry=0 | base=0.50 | wall=3.02 | search=  0 | target=site(-0.98,-0.10)
R13[WALL_ESC  ]: carry=0 | base=3.17 | wall=0.34 | search=2144 | target=site(0.67,1.35)
R14[RTB       ]: carry=1 | base=0.86 | wall=2.64 | search=  0 | target=none
R15[RTB       ]: carry=1 | base=2.14 | wall=1.53 | search=  0 | target=none
R16[GIVE_UP   ]: carry=0 | base=1.49 | wall=2.09 | search=468 | target=none

[PICKUP] R3 picked up tag (density=8) | Total: 56
[PICKUP] R2 picked up tag (density=14) | Total: 57
[DEPOSIT] R9 deposited! Total: 51
  [PHERO] Laid at (1.30, -1.06) density=9 prob=0.59 entries=11
  [TARGET] R9 → SITE (1.30, -1.06)
[DEPOSIT] R14 deposited! Total: 52
  [TARGET] R14 → PHERO (1.30, -1.06)
  [GIVE-UP] R5 returned empty after 468 searching steps
  [TARGET] R5 → PHERO (-1.39, 2.08)
  [GIVE-UP] R16 returned empty after 468 searching steps
  [TARGET] R16 → PHERO (2.02, 0.43)
[PICKUP] R4 picked up tag (density=16) | Total: 58
[DEPOSIT] R6 deposited! Total: 53
  [TARGET] R6 → SITE (0.53, -1.39)
[DEPOSIT] R8 deposited! Total: 54
  [PHERO] Laid at (0.61, 2.39) density=12 prob=0.88 entries=12
  [TARGET] R8 → SITE (0.61, 2.39)

======================================================================
Step 7500 (4.0 min) | Pickups: 58 | Deposits: 54 | Rate: 13.50 tags/min | phero_entries=12 max_w=0.959
======================================================================
R1[SITE      ]: carry=0 | base=1.78 | wall=2.04 | search=  0 | target=site(-1.39,2.08)
R2[RTB       ]: carry=1 | base=1.25 | wall=2.39 | search=  0 | target=none
R3[RTB       ]: carry=1 | base=0.94 | wall=2.73 | search=  0 | target=none
R4[SURVEY    ]: carry=1 | base=2.17 | wall=1.52 | search=  0 | target=none
R5[PHERO     ]: carry=0 | base=0.29 | wall=3.23 | search=  0 | target=phero(-1.39,2.08)
R6[BASE_ESC  ]: carry=0 | base=0.23 | wall=3.29 | search=  0 | target=site(0.53,-1.39)
R7[SEARCH    ]: carry=0 | base=2.77 | wall=0.73 | search= 25 | target=site(0.12,-2.78)
R8[BASE_ESC  ]: carry=0 | base=0.23 | wall=3.28 | search=  0 | target=site(0.61,2.39)
R9[SITE      ]: carry=0 | base=1.25 | wall=2.52 | search=  0 | target=site(1.30,-1.06)
R10[GIVE_UP   ]: carry=0 | base=1.54 | wall=1.99 | search=312 | target=none
R11[SITE      ]: carry=0 | base=1.75 | wall=1.79 | search=  0 | target=site(2.02,0.43)
R12[SEARCH    ]: carry=0 | base=1.17 | wall=2.37 | search=382 | target=site(-0.98,-0.10)
R13[WALL_ESC  ]: carry=0 | base=3.17 | wall=0.33 | search=2644 | target=site(0.67,1.35)
R14[PHERO     ]: carry=0 | base=0.26 | wall=3.32 | search=  0 | target=phero(1.30,-1.06)
R15[RTB       ]: carry=1 | base=0.38 | wall=3.14 | search=  0 | target=none
R16[PHERO     ]: carry=0 | base=0.27 | wall=3.29 | search=  0 | target=phero(2.02,0.43)

[DEPOSIT] R15 deposited! Total: 55
  [PHERO] Laid at (1.94, 0.84) density=14 prob=0.96 entries=13
  [TARGET] R15 → SITE (1.94, 0.84)
[PICKUP] R7 picked up tag (density=13) | Total: 59
[PICKUP] R9 picked up tag (density=7) | Total: 60
[DEPOSIT] R3 deposited! Total: 56
  [TARGET] R3 → SITE (1.31, -1.10)
[PICKUP] R1 picked up tag (density=13) | Total: 61
[DEPOSIT] R2 deposited! Total: 57
  [PHERO] Laid at (0.82, 1.80) density=14 prob=0.96 entries=13
  [TARGET] R2 → SITE (0.82, 1.80)
  [GIVE-UP] R10 returned empty after 312 searching steps
  [TARGET] R10 → PHERO (0.82, 1.80)

======================================================================
Step 8000 (4.3 min) | Pickups: 61 | Deposits: 57 | Rate: 13.36 tags/min | phero_entries=11 max_w=0.607
======================================================================
R1[RTB       ]: carry=1 | base=2.47 | wall=1.45 | search=  0 | target=none
R2[SITE      ]: carry=0 | base=0.38 | wall=3.12 | search=  0 | target=site(0.82,1.80)
R3[SITE      ]: carry=0 | base=1.03 | wall=2.74 | search=  0 | target=site(1.31,-1.10)
R4[RTB       ]: carry=1 | base=0.63 | wall=2.92 | search=  0 | target=none
R5[PHERO     ]: carry=0 | base=1.27 | wall=2.37 | search=  0 | target=phero(-1.39,2.08)
R6[SEARCH    ]: carry=0 | base=1.46 | wall=2.11 | search= 78 | target=site(0.53,-1.39)
R7[RTB       ]: carry=1 | base=2.03 | wall=1.47 | search=  0 | target=none
R8[SITE      ]: carry=0 | base=1.61 | wall=1.95 | search=  0 | target=site(0.61,2.39)
R9[RTB       ]: carry=1 | base=1.44 | wall=2.31 | search=  0 | target=none
R10[PHERO     ]: carry=0 | base=0.27 | wall=3.26 | search=  0 | target=phero(0.82,1.80)
R11[GIVE_UP   ]: carry=0 | base=0.92 | wall=2.61 | search=156 | target=none
R12[SEARCH    ]: carry=0 | base=1.82 | wall=1.95 | search=882 | target=site(-0.98,-0.10)
R13[WALL_ESC  ]: carry=0 | base=3.17 | wall=0.33 | search=3144 | target=site(0.67,1.35)
R14[PHERO     ]: carry=0 | base=0.71 | wall=2.86 | search=  0 | target=phero(1.30,-1.06)
R15[SITE      ]: carry=0 | base=1.52 | wall=2.10 | search=  0 | target=site(1.94,0.84)
R16[PHERO     ]: carry=0 | base=1.32 | wall=2.19 | search=  0 | target=phero(2.02,0.43)

[DEPOSIT] R4 deposited! Total: 58
  [PHERO] Laid at (-1.98, 0.89) density=16 prob=0.99 entries=12
  [TARGET] R4 → SITE (-1.98, 0.89)
[PICKUP] R6 picked up tag (density=11) | Total: 62
[PICKUP] R8 picked up tag (density=11) | Total: 63
  [GIVE-UP] R11 returned empty after 156 searching steps
  [TARGET] R11 → PHERO (-1.98, 0.89)
[PICKUP] R3 picked up tag (density=6) | Total: 64
[PICKUP] R2 picked up tag (density=13) | Total: 65
[DEPOSIT] R9 deposited! Total: 59
  [TARGET] R9 → SITE (1.31, -1.02)
[PICKUP] R14 picked up tag (density=5) | Total: 66
[PICKUP] R5 picked up tag (density=12) | Total: 67
[PICKUP] R15 picked up tag (density=13) | Total: 68
[DEPOSIT] R7 deposited! Total: 60
  [PHERO] Laid at (0.10, -2.82) density=13 prob=0.93 entries=10
  [TARGET] R7 → SITE (0.10, -2.82)

======================================================================
Step 8500 (4.5 min) | Pickups: 68 | Deposits: 60 | Rate: 13.24 tags/min | phero_entries=10 max_w=0.894
======================================================================
R1[RTB       ]: carry=1 | base=0.64 | wall=2.97 | search=  0 | target=none
R2[SURVEY    ]: carry=1 | base=1.66 | wall=1.97 | search=  0 | target=none
R3[RTB       ]: carry=1 | base=1.74 | wall=2.09 | search=  0 | target=none
R4[SITE      ]: carry=0 | base=1.26 | wall=2.34 | search=  0 | target=site(-1.98,0.89)
R5[SURVEY    ]: carry=1 | base=2.54 | wall=1.40 | search=  0 | target=none
R6[RTB       ]: carry=1 | base=1.12 | wall=2.46 | search=  0 | target=none
R7[BASE_ESC  ]: carry=0 | base=0.22 | wall=3.28 | search=  0 | target=site(0.10,-2.82)
R8[RTB       ]: carry=1 | base=1.78 | wall=1.80 | search=  0 | target=none
R9[SITE      ]: carry=0 | base=0.41 | wall=3.20 | search=  0 | target=site(1.31,-1.02)
R10[PHERO     ]: carry=0 | base=1.13 | wall=2.42 | search=  0 | target=phero(0.82,1.80)
R11[PHERO     ]: carry=0 | base=0.27 | wall=3.30 | search=  0 | target=phero(-1.98,0.89)
R12[SEARCH    ]: carry=0 | base=1.68 | wall=1.89 | search=1382 | target=site(-0.98,-0.10)
R13[GIVE_UP   ]: carry=0 | base=1.88 | wall=1.62 | search=3276 | target=none
R14[SURVEY    ]: carry=1 | base=1.78 | wall=2.12 | search=  0 | target=none
R15[SURVEY    ]: carry=1 | base=2.06 | wall=1.55 | search=  0 | target=none
R16[SEARCH    ]: carry=0 | base=1.45 | wall=2.06 | search=318 | target=phero(2.02,0.43)

[DEPOSIT] R1 deposited! Total: 61
  [PHERO] Laid at (-1.40, 2.05) density=13 prob=0.93 entries=11
  [TARGET] R1 → SITE (-1.40, 2.05)
[PICKUP] R10 picked up tag (density=12) | Total: 69
[DEPOSIT] R6 deposited! Total: 62
  [PHERO] Laid at (0.50, -1.53) density=11 prob=0.80 entries=11
  [TARGET] R6 → SITE (0.50, -1.53)
[PICKUP] R9 picked up tag (density=4) | Total: 70
[DEPOSIT] R8 deposited! Total: 63
  [PHERO] Laid at (0.56, 2.13) density=11 prob=0.80 entries=11
  [TARGET] R8 → SITE (0.56, 2.13)
  [GIVE-UP] R13 returned empty after 3276 searching steps
  [TARGET] R13 → PHERO (0.56, 2.13)
[DEPOSIT] R2 deposited! Total: 64
  [PHERO] Laid at (0.66, 1.52) density=13 prob=0.93 entries=12
  [TARGET] R2 → SITE (0.66, 1.52)
[DEPOSIT] R3 deposited! Total: 65
  [TARGET] R3 → SITE (1.38, -1.04)

======================================================================
Step 9000 (4.8 min) | Pickups: 70 | Deposits: 65 | Rate: 13.54 tags/min | phero_entries=12 max_w=0.869
======================================================================
R1[SITE      ]: carry=0 | base=1.32 | wall=2.44 | search=  0 | target=site(-1.40,2.05)
R2[BASE_ESC  ]: carry=0 | base=0.22 | wall=3.31 | search=  0 | target=site(0.66,1.52)
R3[BASE_ESC  ]: carry=0 | base=0.22 | wall=3.31 | search=  0 | target=site(1.38,-1.04)
R4[SEARCH    ]: carry=0 | base=1.77 | wall=1.93 | search=278 | target=site(-1.98,0.89)
R5[RTB       ]: carry=1 | base=1.24 | wall=2.46 | search=  0 | target=none
R6[SITE      ]: carry=0 | base=0.81 | wall=2.75 | search=  0 | target=site(0.50,-1.53)
R7[SITE      ]: carry=0 | base=1.84 | wall=1.66 | search=  0 | target=site(0.10,-2.82)
R8[BASE_ESC  ]: carry=0 | base=0.23 | wall=3.27 | search=  0 | target=site(0.56,2.13)
R9[SURVEY    ]: carry=1 | base=1.65 | wall=2.17 | search=  0 | target=none
R10[RTB       ]: carry=1 | base=1.57 | wall=2.10 | search=  0 | target=none
R11[PHERO     ]: carry=0 | base=1.73 | wall=1.94 | search=  0 | target=phero(-1.98,0.89)
R12[SEARCH    ]: carry=0 | base=1.17 | wall=2.37 | search=1882 | target=site(-0.98,-0.10)
R13[BASE_ESC  ]: carry=0 | base=0.22 | wall=3.28 | search=  0 | target=phero(0.56,2.13)
R14[RTB       ]: carry=1 | base=0.48 | wall=3.11 | search=  0 | target=none
R15[RTB       ]: carry=1 | base=0.93 | wall=2.60 | search=  0 | target=none
R16[SEARCH    ]: carry=0 | base=1.27 | wall=2.32 | search=818 | target=phero(2.02,0.43)

[DEPOSIT] R14 deposited! Total: 66
  [TARGET] R14 → SITE (1.38, -1.13)
[PICKUP] R11 picked up tag (density=15) | Total: 71
[DEPOSIT] R15 deposited! Total: 67
  [PHERO] Laid at (1.95, 0.65) density=13 prob=0.93 entries=11
  [TARGET] R15 → SITE (1.95, 0.65)
[DEPOSIT] R5 deposited! Total: 68
  [PHERO] Laid at (-1.42, 2.10) density=12 prob=0.88 entries=11
  [TARGET] R5 → SITE (-1.42, 2.10)
[PICKUP] R7 picked up tag (density=12) | Total: 72
[PICKUP] R6 picked up tag (density=10) | Total: 73
[DEPOSIT] R10 deposited! Total: 69
  [PHERO] Laid at (0.73, 1.65) density=12 prob=0.88 entries=12
  [TARGET] R10 → SITE (0.73, 1.65)

======================================================================
Step 9500 (5.1 min) | Pickups: 73 | Deposits: 69 | Rate: 13.62 tags/min | phero_entries=12 max_w=0.635
======================================================================
R1[SEARCH    ]: carry=0 | base=2.60 | wall=1.29 | search=210 | target=site(-1.40,2.05)
R2[SEARCH    ]: carry=0 | base=1.62 | wall=2.02 | search=  3 | target=site(0.66,1.52)
R3[SEARCH    ]: carry=0 | base=1.73 | wall=2.12 | search= 24 | target=site(1.38,-1.04)
R4[SEARCH    ]: carry=0 | base=1.52 | wall=1.98 | search=778 | target=site(-1.98,0.89)
R5[SITE      ]: carry=0 | base=0.72 | wall=2.95 | search=  0 | target=site(-1.42,2.10)
R6[SURVEY    ]: carry=1 | base=1.59 | wall=2.02 | search=  0 | target=none
R7[RTB       ]: carry=1 | base=2.81 | wall=0.70 | search=  0 | target=none
R8[SITE      ]: carry=0 | base=2.10 | wall=1.47 | search=  0 | target=site(0.56,2.13)
R9[RTB       ]: carry=1 | base=0.48 | wall=3.09 | search=  0 | target=none
R10[SITE      ]: carry=0 | base=0.34 | wall=3.16 | search=  0 | target=site(0.73,1.65)
R11[RTB       ]: carry=1 | base=1.60 | wall=2.05 | search=  0 | target=none
R12[SEARCH    ]: carry=0 | base=2.47 | wall=1.33 | search=2382 | target=site(-0.98,-0.10)
R13[PHERO     ]: carry=0 | base=1.66 | wall=1.91 | search=  0 | target=phero(0.56,2.13)
R14[SITE      ]: carry=0 | base=1.47 | wall=2.38 | search=  0 | target=site(1.38,-1.13)
R15[SITE      ]: carry=0 | base=1.03 | wall=2.54 | search=  0 | target=site(1.95,0.65)
R16[SEARCH    ]: carry=0 | base=2.44 | wall=1.26 | search=1318 | target=phero(2.02,0.43)

[PICKUP] R1 picked up tag (density=11) | Total: 74
[PICKUP] R3 picked up tag (density=3) | Total: 75
[DEPOSIT] R9 deposited! Total: 70
  [TARGET] R9 → SITE (1.33, -0.97)
[DEPOSIT] R11 deposited! Total: 71
  [PHERO] Laid at (-1.95, 0.90) density=15 prob=0.98 entries=11
  [TARGET] R11 → SITE (-1.95, 0.90)
[PICKUP] R15 picked up tag (density=12) | Total: 76
[PICKUP] R10 picked up tag (density=11) | Total: 77
[DEPOSIT] R6 deposited! Total: 72
  [PHERO] Laid at (0.58, -1.48) density=10 prob=0.71 entries=12
  [TARGET] R6 → SITE (0.58, -1.48)

======================================================================
Step 10000 (5.3 min) | Pickups: 77 | Deposits: 72 | Rate: 13.50 tags/min | phero_entries=12 max_w=0.784
======================================================================
R1[RTB       ]: carry=1 | base=1.69 | wall=2.04 | search=  0 | target=none
R2[SEARCH    ]: carry=0 | base=1.58 | wall=2.07 | search=503 | target=site(0.66,1.52)
R3[RTB       ]: carry=1 | base=0.96 | wall=2.69 | search=  0 | target=none
R4[GIVE_UP   ]: carry=0 | base=2.65 | wall=1.17 | search=1248 | target=none
R5[SEARCH    ]: carry=0 | base=2.55 | wall=1.39 | search= 40 | target=site(-1.42,2.10)
R6[BASE_ESC  ]: carry=0 | base=0.22 | wall=3.32 | search=  0 | target=site(0.58,-1.48)
R7[RTB       ]: carry=1 | base=1.00 | wall=2.50 | search=  0 | target=none
R8[GIVE_UP   ]: carry=0 | base=2.89 | wall=0.63 | search=468 | target=none
R9[SITE      ]: carry=0 | base=1.48 | wall=2.31 | search=  0 | target=site(1.33,-0.97)
R10[SURVEY    ]: carry=1 | base=1.80 | wall=1.87 | search=  0 | target=none
R11[SITE      ]: carry=0 | base=0.36 | wall=3.14 | search=  0 | target=site(-1.95,0.90)
R12[SEARCH    ]: carry=0 | base=3.85 | wall=0.63 | search=2882 | target=site(-0.98,-0.10)
R13[SEARCH    ]: carry=0 | base=2.09 | wall=1.69 | search=372 | target=phero(0.56,2.13)
R14[SEARCH    ]: carry=0 | base=2.39 | wall=1.49 | search=431 | target=site(1.38,-1.13)
R15[SURVEY    ]: carry=1 | base=2.10 | wall=1.49 | search=  0 | target=none
R16[SEARCH    ]: carry=0 | base=3.90 | wall=0.60 | search=1818 | target=phero(2.02,0.43)

[PICKUP] R13 picked up tag (density=10) | Total: 78
[PICKUP] R5 picked up tag (density=10) | Total: 79
[PICKUP] R8 picked up tag (density=11) | Total: 80
[DEPOSIT] R3 deposited! Total: 73
  [TARGET] R3 → SITE (1.40, -1.04)
[DEPOSIT] R7 deposited! Total: 74
  [PHERO] Laid at (0.13, -2.81) density=12 prob=0.88 entries=12
  [TARGET] R7 → SITE (0.13, -2.81)
[PICKUP] R4 picked up tag (density=9) | Total: 81
[DEPOSIT] R1 deposited! Total: 75
  [TARGET] R1 → SITE (-1.39, 2.23)
[PICKUP] R9 picked up tag (density=2) | Total: 82
[PICKUP] R6 picked up tag (density=9) | Total: 83
[PICKUP] R11 picked up tag (density=14) | Total: 84

======================================================================
Step 10500 (5.6 min) | Pickups: 84 | Deposits: 75 | Rate: 13.39 tags/min | phero_entries=11 max_w=0.379
======================================================================
R1[SITE      ]: carry=0 | base=0.29 | wall=3.22 | search=  0 | target=site(-1.39,2.23)
R2[GIVE_UP   ]: carry=0 | base=1.50 | wall=2.31 | search=780 | target=none
R3[SITE      ]: carry=0 | base=0.98 | wall=2.68 | search=  0 | target=site(1.40,-1.04)
R4[RTB       ]: carry=1 | base=2.05 | wall=1.76 | search=  0 | target=none
R5[RTB       ]: carry=1 | base=1.86 | wall=1.94 | search=  0 | target=none
R6[SURVEY    ]: carry=1 | base=1.58 | wall=2.04 | search=  0 | target=none
R7[SITE      ]: carry=0 | base=0.95 | wall=2.55 | search=  0 | target=site(0.13,-2.81)
R8[RTB       ]: carry=1 | base=2.17 | wall=1.35 | search=  0 | target=none
R9[SURVEY    ]: carry=1 | base=1.93 | wall=1.96 | search=  0 | target=none
R10[RTB       ]: carry=1 | base=0.36 | wall=3.18 | search=  0 | target=none
R11[SURVEY    ]: carry=1 | base=2.13 | wall=1.57 | search=  0 | target=none
R12[WALL_ESC  ]: carry=0 | base=4.01 | wall=0.33 | search=3382 | target=site(-0.98,-0.10)
R13[RTB       ]: carry=1 | base=1.10 | wall=2.59 | search=  0 | target=none
R14[SEARCH    ]: carry=0 | base=3.35 | wall=0.36 | search=931 | target=site(1.38,-1.13)
R15[RTB       ]: carry=1 | base=0.76 | wall=2.76 | search=  0 | target=none
R16[WALL_ESC  ]: carry=0 | base=4.29 | wall=0.31 | search=2318 | target=phero(2.02,0.43)

[DEPOSIT] R10 deposited! Total: 76
  [PHERO] Laid at (0.74, 1.63) density=11 prob=0.80 entries=12
  [TARGET] R10 → SITE (0.74, 1.63)
[DEPOSIT] R15 deposited! Total: 77
  [PHERO] Laid at (2.01, 0.58) density=12 prob=0.88 entries=12
  [TARGET] R15 → SITE (2.01, 0.58)
[DEPOSIT] R13 deposited! Total: 78
  [PHERO] Laid at (1.07, 1.79) density=10 prob=0.71 entries=13
  [TARGET] R13 → SITE (1.07, 1.79)
[PICKUP] R12 picked up tag (density=15) | Total: 85
  [GIVE-UP] R2 returned empty after 780 searching steps
  [TARGET] R2 → PHERO (0.74, 1.63)
[DEPOSIT] R5 deposited! Total: 79
  [PHERO] Laid at (-1.46, 2.12) density=10 prob=0.71 entries=12
  [TARGET] R5 → SITE (-1.46, 2.12)
[DEPOSIT] R4 deposited! Total: 80
  [PHERO] Laid at (1.04, 1.77) density=9 prob=0.59 entries=13
  [TARGET] R4 → SITE (1.04, 1.77)
[DEPOSIT] R8 deposited! Total: 81
  [PHERO] Laid at (0.21, 2.62) density=11 prob=0.80 entries=14
  [TARGET] R8 → SITE (0.21, 2.62)

======================================================================
Step 11000 (5.9 min) | Pickups: 85 | Deposits: 81 | Rate: 13.81 tags/min | phero_entries=14 max_w=0.997
======================================================================
R1[SITE      ]: carry=0 | base=2.18 | wall=1.64 | search=  0 | target=site(-1.39,2.23)
R2[PHERO     ]: carry=0 | base=0.30 | wall=3.24 | search=  0 | target=phero(0.74,1.63)
R3[SEARCH    ]: carry=0 | base=1.29 | wall=2.57 | search=313 | target=site(1.40,-1.04)
R4[BASE_ESC  ]: carry=0 | base=0.23 | wall=3.31 | search=  0 | target=site(1.04,1.77)
R5[BASE_ESC  ]: carry=0 | base=0.22 | wall=3.30 | search=  0 | target=site(-1.46,2.12)
R6[RTB       ]: carry=1 | base=0.35 | wall=3.19 | search=  0 | target=none
R7[SEARCH    ]: carry=0 | base=2.78 | wall=0.72 | search= 27 | target=site(0.13,-2.81)
R8[BASE_ESC  ]: carry=0 | base=0.25 | wall=3.26 | search=  0 | target=site(0.21,2.62)
R9[RTB       ]: carry=1 | base=0.63 | wall=2.98 | search=  0 | target=none
R10[SITE      ]: carry=0 | base=1.60 | wall=2.04 | search=  0 | target=site(0.74,1.63)
R11[RTB       ]: carry=1 | base=0.97 | wall=2.62 | search=  0 | target=none
R12[SURVEY    ]: carry=1 | base=3.26 | wall=0.97 | search=  0 | target=none
R13[SITE      ]: carry=0 | base=0.86 | wall=2.73 | search=  0 | target=site(1.07,1.79)
R14[GIVE_UP   ]: carry=0 | base=1.81 | wall=1.83 | search=936 | target=none
R15[SITE      ]: carry=0 | base=1.20 | wall=2.36 | search=  0 | target=site(2.01,0.58)
R16[SEARCH    ]: carry=0 | base=4.22 | wall=0.39 | search=2818 | target=phero(2.02,0.43)

[DEPOSIT] R6 deposited! Total: 82
  [PHERO] Laid at (0.60, -1.46) density=9 prob=0.59 entries=15
  [TARGET] R6 → SITE (0.60, -1.46)
[DEPOSIT] R9 deposited! Total: 83
  [TARGET] R9 → SITE (1.53, -1.17)
[PICKUP] R13 picked up tag (density=8) | Total: 86
[DEPOSIT] R11 deposited! Total: 84
  [PHERO] Laid at (-1.93, 0.90) density=14 prob=0.96 entries=14
  [TARGET] R11 → SITE (-1.93, 0.90)
[PICKUP] R1 picked up tag (density=9) | Total: 87
[PICKUP] R15 picked up tag (density=11) | Total: 88
  [GIVE-UP] R14 returned empty after 936 searching steps
  [TARGET] R14 → PHERO (-1.46, 2.12)
[PICKUP] R4 picked up tag (density=7) | Total: 89

======================================================================
Step 11500 (6.1 min) | Pickups: 89 | Deposits: 84 | Rate: 13.70 tags/min | phero_entries=12 max_w=0.368
======================================================================
R1[RTB       ]: carry=1 | base=2.49 | wall=1.39 | search=  0 | target=none
R2[PHERO     ]: carry=0 | base=1.34 | wall=2.16 | search=  0 | target=phero(0.74,1.63)
R3[GIVE_UP   ]: carry=0 | base=0.93 | wall=2.57 | search=624 | target=none
R4[SURVEY    ]: carry=1 | base=1.58 | wall=2.15 | search=  0 | target=none
R5[SITE      ]: carry=0 | base=1.47 | wall=2.06 | search=  0 | target=site(-1.46,2.12)
R6[SEARCH    ]: carry=0 | base=1.53 | wall=2.09 | search=  1 | target=site(0.60,-1.46)
R7[SEARCH    ]: carry=0 | base=3.15 | wall=0.35 | search=527 | target=site(0.13,-2.81)
R8[SITE      ]: carry=0 | base=1.71 | wall=1.79 | search=  0 | target=site(0.21,2.62)
R9[SITE      ]: carry=0 | base=1.26 | wall=2.52 | search=  0 | target=site(1.53,-1.17)
R10[SEARCH    ]: carry=0 | base=1.86 | wall=2.17 | search=462 | target=site(0.74,1.63)
R11[SITE      ]: carry=0 | base=0.99 | wall=2.58 | search=  0 | target=site(-1.93,0.90)
R12[RTB       ]: carry=1 | base=1.78 | wall=2.16 | search=  0 | target=none
R13[RTB       ]: carry=1 | base=1.31 | wall=2.45 | search=  0 | target=none
R14[BASE_ESC  ]: carry=0 | base=0.23 | wall=3.31 | search=  0 | target=phero(-1.46,2.12)
R15[RTB       ]: carry=1 | base=2.12 | wall=1.46 | search=  0 | target=none
R16[SEARCH    ]: carry=0 | base=4.19 | wall=0.36 | search=3318 | target=phero(2.02,0.43)

[PICKUP] R8 picked up tag (density=9) | Total: 90
  [GIVE-UP] R3 returned empty after 624 searching steps
  [TARGET] R3 → PHERO (-1.93, 0.90)
[DEPOSIT] R13 deposited! Total: 85
  [PHERO] Laid at (0.76, 1.33) density=8 prob=0.46 entries=12
  [TARGET] R13 → SITE (0.76, 1.33)
[PICKUP] R10 picked up tag (density=12) | Total: 91
[PICKUP] R11 picked up tag (density=13) | Total: 92
[DEPOSIT] R12 deposited! Total: 86
  [PHERO] Laid at (2.06, -2.53) density=15 prob=0.98 entries=13
  [TARGET] R12 → SITE (2.06, -2.53)

======================================================================
Step 12000 (6.4 min) | Pickups: 92 | Deposits: 86 | Rate: 13.44 tags/min | phero_entries=13 max_w=0.724
======================================================================
R1[RTB       ]: carry=1 | base=0.57 | wall=3.02 | search=  0 | target=none
R2[SEARCH    ]: carry=0 | base=2.61 | wall=1.00 | search=326 | target=phero(0.74,1.63)
R3[PHERO     ]: carry=0 | base=0.69 | wall=2.81 | search=  0 | target=phero(-1.93,0.90)
R4[RTB       ]: carry=1 | base=0.49 | wall=3.10 | search=  0 | target=none
R5[SEARCH    ]: carry=0 | base=2.58 | wall=1.31 | search=162 | target=site(-1.46,2.12)
R6[GIVE_UP   ]: carry=0 | base=1.58 | wall=1.95 | search=468 | target=none
R7[SEARCH    ]: carry=0 | base=3.14 | wall=0.37 | search=1027 | target=site(0.13,-2.81)
R8[RTB       ]: carry=1 | base=1.79 | wall=1.72 | search=  0 | target=none
R9[SEARCH    ]: carry=0 | base=2.11 | wall=1.95 | search=339 | target=site(1.53,-1.17)
R10[SURVEY    ]: carry=1 | base=2.40 | wall=1.28 | search=  0 | target=none
R11[SURVEY    ]: carry=1 | base=2.13 | wall=1.60 | search=  0 | target=none
R12[BASE_ESC  ]: carry=0 | base=0.23 | wall=3.30 | search=  0 | target=site(2.06,-2.53)
R13[SITE      ]: carry=0 | base=0.61 | wall=3.04 | search=  0 | target=site(0.76,1.33)
R14[PHERO     ]: carry=0 | base=0.27 | wall=3.28 | search=  0 | target=phero(-1.46,2.12)
R15[RTB       ]: carry=1 | base=0.39 | wall=3.12 | search=  0 | target=none
R16[WALL_ESC  ]: carry=0 | base=4.30 | wall=0.32 | search=3818 | target=phero(2.02,0.43)

[DEPOSIT] R15 deposited! Total: 87
  [PHERO] Laid at (2.02, 0.60) density=11 prob=0.80 entries=13
  [TARGET] R15 → SITE (2.02, 0.60)
[DEPOSIT] R4 deposited! Total: 88
  [TARGET] R4 → SITE (0.83, 1.34)
[DEPOSIT] R1 deposited! Total: 89
  [TARGET] R1 → SITE (-1.47, 2.22)
[PICKUP] R5 picked up tag (density=8) | Total: 93
[PICKUP] R9 picked up tag (density=14) | Total: 94
[PICKUP] R13 picked up tag (density=6) | Total: 95
  [GIVE-UP] R6 returned empty after 468 searching steps
  [TARGET] R6 → PHERO (2.02, 0.60)
[DEPOSIT] R8 deposited! Total: 90
  [TARGET] R8 → SITE (0.17, 2.26)

======================================================================
Step 12500 (6.7 min) | Pickups: 95 | Deposits: 90 | Rate: 13.50 tags/min | phero_entries=11 max_w=0.228
======================================================================
R1[SITE      ]: carry=0 | base=1.39 | wall=2.37 | search=  0 | target=site(-1.47,2.22)
R2[WALL_ESC  ]: carry=0 | base=3.28 | wall=0.33 | search=826 | target=phero(0.74,1.63)
R3[SEARCH    ]: carry=0 | base=2.10 | wall=1.64 | search=123 | target=phero(-1.93,0.90)
R4[SITE      ]: carry=0 | base=1.47 | wall=2.24 | search=  0 | target=site(0.83,1.34)
R5[RTB       ]: carry=1 | base=2.24 | wall=1.61 | search=  0 | target=none
R6[PHERO     ]: carry=0 | base=0.26 | wall=3.27 | search=  0 | target=phero(2.02,0.60)
R7[SEARCH    ]: carry=0 | base=3.14 | wall=0.37 | search=1527 | target=site(0.13,-2.81)
R8[BASE_ESC  ]: carry=0 | base=0.23 | wall=3.27 | search=  0 | target=site(0.17,2.26)
R9[SURVEY    ]: carry=1 | base=3.03 | wall=1.23 | search=  0 | target=none
R10[RTB       ]: carry=1 | base=1.12 | wall=2.44 | search=  0 | target=none
R11[RTB       ]: carry=1 | base=0.56 | wall=3.01 | search=  0 | target=none
R12[SITE      ]: carry=0 | base=2.10 | wall=1.85 | search=  0 | target=site(2.06,-2.53)
R13[SURVEY    ]: carry=1 | base=1.59 | wall=2.12 | search=  0 | target=none
R14[PHERO     ]: carry=0 | base=1.90 | wall=1.98 | search=  0 | target=phero(-1.46,2.12)
R15[SITE      ]: carry=0 | base=1.31 | wall=2.27 | search=  0 | target=site(2.02,0.60)
R16[SEARCH    ]: carry=0 | base=4.18 | wall=0.40 | search=4318 | target=phero(2.02,0.43)

[PICKUP] R3 picked up tag (density=12) | Total: 96
[DEPOSIT] R11 deposited! Total: 91
  [TARGET] R11 → SITE (-1.90, 0.97)
[PICKUP] R12 picked up tag (density=13) | Total: 97
[DEPOSIT] R10 deposited! Total: 92
  [PHERO] Laid at (2.21, 0.94) density=12 prob=0.88 entries=11
  [TARGET] R10 → SITE (2.21, 0.94)
[PICKUP] R4 picked up tag (density=5) | Total: 98
[PICKUP] R2 picked up tag (density=8) | Total: 99
[DEPOSIT] R13 deposited! Total: 93
  [PHERO] Laid at (0.79, 1.38) density=6 prob=0.21 entries=10
  [TARGET] R13 → SITE (0.79, 1.38)
[PICKUP] R1 picked up tag (density=7) | Total: 100

======================================================================
Step 13000 (6.9 min) | Pickups: 100 | Deposits: 93 | Rate: 13.41 tags/min | phero_entries=10 max_w=0.894
======================================================================
R1[SURVEY    ]: carry=1 | base=2.82 | wall=1.18 | search=  0 | target=none
R2[SURVEY    ]: carry=1 | base=2.62 | wall=0.94 | search=  0 | target=none
R3[RTB       ]: carry=1 | base=1.18 | wall=2.45 | search=  0 | target=none
R4[SURVEY    ]: carry=1 | base=1.64 | wall=2.23 | search=  0 | target=none
R5[RTB       ]: carry=1 | base=0.36 | wall=3.19 | search=  0 | target=none
R6[PHERO     ]: carry=0 | base=1.39 | wall=2.15 | search=  0 | target=phero(2.02,0.60)
R7[GIVE_UP   ]: carry=0 | base=1.40 | wall=2.11 | search=1560 | target=none
R8[SITE      ]: carry=0 | base=2.08 | wall=1.42 | search=  0 | target=site(0.17,2.26)
R9[RTB       ]: carry=1 | base=1.47 | wall=2.43 | search=  0 | target=none
R10[SITE      ]: carry=0 | base=0.85 | wall=2.74 | search=  0 | target=site(2.21,0.94)
R11[SITE      ]: carry=0 | base=1.32 | wall=2.35 | search=  0 | target=site(-1.90,0.97)
R12[RTB       ]: carry=1 | base=2.75 | wall=1.42 | search=  0 | target=none
R13[BASE_ESC  ]: carry=0 | base=0.22 | wall=3.32 | search=  0 | target=site(0.79,1.38)
R14[GIVE_UP   ]: carry=0 | base=2.32 | wall=1.41 | search=312 | target=none
R15[SEARCH    ]: carry=0 | base=1.84 | wall=1.68 | search=306 | target=site(2.02,0.60)
R16[GIVE_UP   ]: carry=0 | base=2.95 | wall=1.38 | search=4368 | target=none

[DEPOSIT] R5 deposited! Total: 94
  [PHERO] Laid at (-1.55, 2.30) density=8 prob=0.46 entries=11
  [TARGET] R5 → SITE (-1.55, 2.30)
[PICKUP] R16 picked up tag (density=10) | Total: 101
[DEPOSIT] R3 deposited! Total: 95
  [PHERO] Laid at (-1.87, 0.98) density=12 prob=0.88 entries=8
  [TARGET] R3 → SITE (-1.87, 0.98)
  [GIVE-UP] R7 returned empty after 1560 searching steps
  [TARGET] R7 → PHERO (-1.55, 2.30)
[DEPOSIT] R9 deposited! Total: 96
  [PHERO] Laid at (2.01, -2.26) density=14 prob=0.96 entries=9
  [TARGET] R9 → SITE (2.01, -2.26)
[PICKUP] R10 picked up tag (density=9) | Total: 102
[DEPOSIT] R4 deposited! Total: 97
  [TARGET] R4 → SITE (1.03, 1.27)

======================================================================
Step 13500 (7.2 min) | Pickups: 102 | Deposits: 97 | Rate: 13.47 tags/min | phero_entries=8 max_w=0.560
======================================================================
R1[RTB       ]: carry=1 | base=1.97 | wall=1.86 | search=  0 | target=none
R2[RTB       ]: carry=1 | base=1.50 | wall=2.05 | search=  0 | target=none
R3[SITE      ]: carry=0 | base=0.77 | wall=2.78 | search=  0 | target=site(-1.87,0.98)
R4[BASE_ESC  ]: carry=0 | base=0.23 | wall=3.33 | search=  0 | target=site(1.03,1.27)
R5[SITE      ]: carry=0 | base=1.57 | wall=2.17 | search=  0 | target=site(-1.55,2.30)
R6[SEARCH    ]: carry=0 | base=1.42 | wall=2.20 | search=324 | target=phero(2.02,0.60)
R7[PHERO     ]: carry=0 | base=0.28 | wall=3.30 | search=  0 | target=phero(-1.55,2.30)
R8[SEARCH    ]: carry=0 | base=2.17 | wall=1.56 | search=466 | target=site(0.17,2.26)
R9[SITE      ]: carry=0 | base=0.49 | wall=3.08 | search=  0 | target=site(2.01,-2.26)
R10[SURVEY    ]: carry=1 | base=2.22 | wall=1.46 | search=  0 | target=none
R11[SEARCH    ]: carry=0 | base=1.57 | wall=2.16 | search=300 | target=site(-1.90,0.97)
R12[RTB       ]: carry=1 | base=0.83 | wall=2.87 | search=  0 | target=none
R13[SEARCH    ]: carry=0 | base=1.57 | wall=2.15 | search= 73 | target=site(0.79,1.38)
R14[GIVE_UP   ]: carry=0 | base=0.46 | wall=3.09 | search=312 | target=none
R15[SEARCH    ]: carry=0 | base=0.25 | wall=3.32 | search=806 | target=site(2.02,0.60)
R16[RTB       ]: carry=1 | base=1.75 | wall=2.21 | search=  0 | target=none

  [GIVE-UP] R14 returned empty after 312 searching steps
  [TARGET] R14 → PHERO (-1.87, 0.98)
[DEPOSIT] R12 deposited! Total: 98
  [PHERO] Laid at (1.80, -2.23) density=13 prob=0.93 entries=9
  [TARGET] R12 → SITE (1.80, -2.23)
[PICKUP] R13 picked up tag (density=4) | Total: 103
[PICKUP] R8 picked up tag (density=15) | Total: 104
[DEPOSIT] R2 deposited! Total: 99
  [PHERO] Laid at (0.57, 2.57) density=8 prob=0.46 entries=10
  [TARGET] R2 → SITE (0.57, 2.57)
[DEPOSIT] R16 deposited! Total: 100
  [TARGET] R16 → SITE (-1.57, -1.62)
[PICKUP] R5 picked up tag (density=6) | Total: 105
[PICKUP] R3 picked up tag (density=11) | Total: 106
[DEPOSIT] R1 deposited! Total: 101
  [PHERO] Laid at (-1.61, 2.32) density=7 prob=0.32 entries=10
  [TARGET] R1 → SITE (-1.61, 2.32)

======================================================================
Step 14000 (7.5 min) | Pickups: 106 | Deposits: 101 | Rate: 13.53 tags/min | phero_entries=10 max_w=0.866
======================================================================
R1[BASE_ESC  ]: carry=0 | base=0.22 | wall=3.31 | search=  0 | target=site(-1.61,2.32)
R2[SITE      ]: carry=0 | base=0.46 | wall=3.09 | search=  0 | target=site(0.57,2.57)
R3[SURVEY    ]: carry=1 | base=2.10 | wall=1.69 | search=  0 | target=none
R4[SITE      ]: carry=0 | base=1.58 | wall=2.31 | search=  0 | target=site(1.03,1.27)
R5[SURVEY    ]: carry=1 | base=2.75 | wall=1.26 | search=  0 | target=none
R6[SEARCH    ]: carry=0 | base=0.52 | wall=3.12 | search=824 | target=phero(2.02,0.60)
R7[PHERO     ]: carry=0 | base=1.86 | wall=2.02 | search=  0 | target=phero(-1.55,2.30)
R8[RTB       ]: carry=1 | base=2.73 | wall=1.44 | search=  0 | target=none
R9[SITE      ]: carry=0 | base=2.40 | wall=1.69 | search=  0 | target=site(2.01,-2.26)
R10[RTB       ]: carry=1 | base=0.76 | wall=2.79 | search=  0 | target=none
R11[SEARCH    ]: carry=0 | base=0.27 | wall=3.23 | search=800 | target=site(-1.90,0.97)
R12[SITE      ]: carry=0 | base=1.11 | wall=2.69 | search=  0 | target=site(1.80,-2.23)
R13[RTB       ]: carry=1 | base=1.59 | wall=2.26 | search=  0 | target=none
R14[PHERO     ]: carry=0 | base=1.29 | wall=2.42 | search=  0 | target=phero(-1.87,0.98)
R15[SEARCH    ]: carry=0 | base=1.26 | wall=2.29 | search=1306 | target=site(2.02,0.60)
R16[BASE_ESC  ]: carry=0 | base=0.25 | wall=3.29 | search=  0 | target=site(-1.57,-1.62)

[DEPOSIT] R10 deposited! Total: 102
  [PHERO] Laid at (2.04, 0.87) density=9 prob=0.59 entries=10
  [TARGET] R10 → SITE (2.04, 0.87)
[PICKUP] R9 picked up tag (density=12) | Total: 107
[DEPOSIT] R13 deposited! Total: 103
  [TARGET] R13 → SITE (0.96, 1.35)
[PICKUP] R16 picked up tag (density=9) | Total: 108
[PICKUP] R2 picked up tag (density=7) | Total: 109

======================================================================
Step 14500 (7.7 min) | Pickups: 109 | Deposits: 103 | Rate: 13.32 tags/min | phero_entries=9 max_w=0.309
======================================================================
R1[SITE      ]: carry=0 | base=1.81 | wall=2.00 | search=  0 | target=site(-1.61,2.32)
R2[SURVEY    ]: carry=1 | base=2.20 | wall=1.35 | search=  0 | target=none
R3[RTB       ]: carry=1 | base=0.69 | wall=2.91 | search=  0 | target=none
R4[SEARCH    ]: carry=0 | base=1.44 | wall=2.08 | search=467 | target=site(1.03,1.27)
R5[RTB       ]: carry=1 | base=1.79 | wall=1.97 | search=  0 | target=none
R6[SEARCH    ]: carry=0 | base=1.99 | wall=1.54 | search=1324 | target=phero(2.02,0.60)
R7[SEARCH    ]: carry=0 | base=2.91 | wall=1.02 | search=206 | target=phero(-1.55,2.30)
R8[RTB       ]: carry=1 | base=1.03 | wall=2.70 | search=  0 | target=none
R9[RTB       ]: carry=1 | base=3.03 | wall=1.21 | search=  0 | target=none
R10[SITE      ]: carry=0 | base=1.19 | wall=2.39 | search=  0 | target=site(2.04,0.87)
R11[SEARCH    ]: carry=0 | base=1.54 | wall=1.96 | search=1300 | target=site(-1.90,0.97)
R12[SEARCH    ]: carry=0 | base=2.85 | wall=1.27 | search= 53 | target=site(1.80,-2.23)
R13[SITE      ]: carry=0 | base=0.25 | wall=3.29 | search=  0 | target=site(0.96,1.35)
R14[SEARCH    ]: carry=0 | base=2.10 | wall=1.76 | search=295 | target=phero(-1.87,0.98)
R15[SEARCH    ]: carry=0 | base=3.05 | wall=0.65 | search=1806 | target=site(2.02,0.60)
R16[SURVEY    ]: carry=1 | base=1.76 | wall=2.25 | search=  0 | target=none

[PICKUP] R14 picked up tag (density=10) | Total: 110
[PICKUP] R12 picked up tag (density=11) | Total: 111
[DEPOSIT] R3 deposited! Total: 104
  [PHERO] Laid at (-1.81, 1.05) density=11 prob=0.80 entries=10
  [TARGET] R3 → SITE (-1.81, 1.05)
[DEPOSIT] R8 deposited! Total: 105
  [PHERO] Laid at (2.04, 1.80) density=15 prob=0.98 entries=11
  [TARGET] R8 → SITE (2.04, 1.80)
[PICKUP] R1 picked up tag (density=5) | Total: 112
[PICKUP] R11 picked up tag (density=11) | Total: 113
[DEPOSIT] R5 deposited! Total: 106
  [TARGET] R5 → SITE (-1.60, 2.23)

======================================================================
Step 15000 (8.0 min) | Pickups: 113 | Deposits: 106 | Rate: 13.25 tags/min | phero_entries=10 max_w=0.390
======================================================================
R1[SURVEY    ]: carry=1 | base=2.82 | wall=1.19 | search=  0 | target=none
R2[RTB       ]: carry=1 | base=1.04 | wall=2.50 | search=  0 | target=none
R3[SITE      ]: carry=0 | base=1.27 | wall=2.38 | search=  0 | target=site(-1.81,1.05)
R4[SEARCH    ]: carry=0 | base=3.07 | wall=0.45 | search=967 | target=site(1.03,1.27)
R5[BASE_ESC  ]: carry=0 | base=0.23 | wall=3.33 | search=  0 | target=site(-1.60,2.23)
R6[WALL_ESC  ]: carry=0 | base=3.44 | wall=0.34 | search=1824 | target=phero(2.02,0.60)
R7[WALL_ESC  ]: carry=0 | base=3.61 | wall=0.33 | search=706 | target=phero(-1.55,2.30)
R8[SITE      ]: carry=0 | base=0.90 | wall=2.77 | search=  0 | target=site(2.04,1.80)
R9[RTB       ]: carry=1 | base=1.29 | wall=2.55 | search=  0 | target=none
R10[SEARCH    ]: carry=0 | base=2.26 | wall=1.69 | search=245 | target=site(2.04,0.87)
R11[SURVEY    ]: carry=1 | base=2.72 | wall=0.80 | search=  0 | target=none
R12[SURVEY    ]: carry=1 | base=2.84 | wall=1.26 | search=  0 | target=none
R13[SEARCH    ]: carry=0 | base=1.60 | wall=2.25 | search=125 | target=site(0.96,1.35)
R14[RTB       ]: carry=1 | base=1.00 | wall=2.68 | search=  0 | target=none
R15[WALL_ESC  ]: carry=0 | base=3.52 | wall=0.27 | search=2306 | target=site(2.02,0.60)
R16[RTB       ]: carry=1 | base=0.40 | wall=3.21 | search=  0 | target=none

[DEPOSIT] R16 deposited! Total: 107
  [TARGET] R16 → SITE (-1.24, -1.24)
[DEPOSIT] R14 deposited! Total: 108
  [PHERO] Laid at (-1.75, 1.18) density=10 prob=0.71 entries=9
  [TARGET] R14 → SITE (-1.75, 1.18)
[DEPOSIT] R2 deposited! Total: 109
  [PHERO] Laid at (0.50, 2.14) density=7 prob=0.32 entries=10
  [TARGET] R2 → SITE (0.50, 2.14)
[PICKUP] R10 picked up tag (density=3) | Total: 114
[DEPOSIT] R9 deposited! Total: 110
  [TARGET] R9 → SITE (1.96, -2.30)
  [GIVE-UP] R13 returned empty after 156 searching steps
  [TARGET] R13 → PHERO (0.50, 2.14)

======================================================================
Step 15500 (8.3 min) | Pickups: 114 | Deposits: 110 | Rate: 13.31 tags/min | phero_entries=8 max_w=0.389
======================================================================
R1[RTB       ]: carry=1 | base=1.11 | wall=2.58 | search=  0 | target=none
R2[SITE      ]: carry=0 | base=0.92 | wall=2.59 | search=  0 | target=site(0.50,2.14)
R3[SEARCH    ]: carry=0 | base=1.90 | wall=2.01 | search=297 | target=site(-1.81,1.05)
R4[SEARCH    ]: carry=0 | base=3.13 | wall=0.39 | search=1467 | target=site(1.03,1.27)
R5[SITE      ]: carry=0 | base=2.08 | wall=1.82 | search=  0 | target=site(-1.60,2.23)
R6[SEARCH    ]: carry=0 | base=3.36 | wall=0.40 | search=2324 | target=phero(2.02,0.60)
R7[GIVE_UP   ]: carry=0 | base=3.30 | wall=0.58 | search=1092 | target=none
R8[SEARCH    ]: carry=0 | base=2.73 | wall=1.46 | search= 38 | target=site(2.04,1.80)
R9[SITE      ]: carry=0 | base=0.66 | wall=3.00 | search=  0 | target=site(1.96,-2.30)
R10[RTB       ]: carry=1 | base=1.90 | wall=2.03 | search=  0 | target=none
R11[RTB       ]: carry=1 | base=1.23 | wall=2.29 | search=  0 | target=none
R12[RTB       ]: carry=1 | base=1.18 | wall=2.55 | search=  0 | target=none
R13[BASE_ESC  ]: carry=0 | base=0.24 | wall=3.30 | search=  0 | target=phero(0.50,2.14)
R14[SITE      ]: carry=0 | base=0.95 | wall=2.75 | search=  0 | target=site(-1.75,1.18)
R15[SEARCH    ]: carry=0 | base=3.33 | wall=0.40 | search=2806 | target=site(2.02,0.60)
R16[SITE      ]: carry=0 | base=1.53 | wall=2.41 | search=  0 | target=site(-1.24,-1.24)

[DEPOSIT] R1 deposited! Total: 111
  [TARGET] R1 → SITE (-1.62, 2.30)
[PICKUP] R16 picked up tag (density=8) | Total: 115
[PICKUP] R5 picked up tag (density=4) | Total: 116
[DEPOSIT] R12 deposited! Total: 112
  [PHERO] Laid at (1.75, -2.24) density=11 prob=0.80 entries=9
  [TARGET] R12 → SITE (1.75, -2.24)
[DEPOSIT] R11 deposited! Total: 113
  [PHERO] Laid at (0.34, -2.70) density=11 prob=0.80 entries=10
  [TARGET] R11 → SITE (0.34, -2.70)
[DEPOSIT] R10 deposited! Total: 114
  [TARGET] R10 → SITE (1.18, 1.50)
[PICKUP] R2 picked up tag (density=6) | Total: 117

======================================================================
Step 16000 (8.5 min) | Pickups: 117 | Deposits: 114 | Rate: 13.36 tags/min | phero_entries=8 max_w=0.458
======================================================================
R1[SITE      ]: carry=0 | base=0.84 | wall=2.76 | search=  0 | target=site(-1.62,2.30)
R2[SURVEY    ]: carry=1 | base=2.29 | wall=1.28 | search=  0 | target=none
R3[SEARCH    ]: carry=0 | base=1.53 | wall=1.98 | search=797 | target=site(-1.81,1.05)
R4[SEARCH    ]: carry=0 | base=3.14 | wall=0.38 | search=1967 | target=site(1.03,1.27)
R5[SURVEY    ]: carry=1 | base=2.80 | wall=1.24 | search=  0 | target=none
R6[SEARCH    ]: carry=0 | base=3.39 | wall=0.39 | search=2824 | target=phero(2.02,0.60)
R7[GIVE_UP   ]: carry=0 | base=1.38 | wall=2.28 | search=1092 | target=none
R8[SEARCH    ]: carry=0 | base=2.50 | wall=1.13 | search=538 | target=site(2.04,1.80)
R9[SITE      ]: carry=0 | base=2.57 | wall=1.56 | search=  0 | target=site(1.96,-2.30)
R10[BASE_ESC  ]: carry=0 | base=0.22 | wall=3.34 | search=  0 | target=site(1.18,1.50)
R11[SITE      ]: carry=0 | base=0.72 | wall=2.81 | search=  0 | target=site(0.34,-2.70)
R12[SITE      ]: carry=0 | base=0.77 | wall=2.94 | search=  0 | target=site(1.75,-2.24)
R13[PHERO     ]: carry=0 | base=1.96 | wall=1.60 | search=  0 | target=phero(0.50,2.14)
R14[SEARCH    ]: carry=0 | base=2.16 | wall=1.77 | search=210 | target=site(-1.75,1.18)
R15[SEARCH    ]: carry=0 | base=3.36 | wall=0.39 | search=3306 | target=site(2.02,0.60)
R16[RTB       ]: carry=1 | base=1.68 | wall=2.28 | search=  0 | target=none

[PICKUP] R14 picked up tag (density=9) | Total: 118
[PICKUP] R9 picked up tag (density=10) | Total: 119
[PICKUP] R3 picked up tag (density=2) | Total: 120
  [GIVE-UP] R7 returned empty after 1092 searching steps
  [TARGET] R7 → PHERO (0.34, -2.70)
[DEPOSIT] R16 deposited! Total: 115
  [TARGET] R16 → SITE (-1.38, -1.23)

======================================================================
Step 16500 (8.8 min) | Pickups: 120 | Deposits: 115 | Rate: 13.07 tags/min | phero_entries=6 max_w=0.092
======================================================================
R1[SITE      ]: carry=0 | base=2.72 | wall=1.27 | search=  0 | target=site(-1.62,2.30)
R2[RTB       ]: carry=1 | base=1.24 | wall=2.32 | search=  0 | target=none
R3[RTB       ]: carry=1 | base=1.66 | wall=2.07 | search=  0 | target=none
R4[SEARCH    ]: carry=0 | base=3.15 | wall=0.37 | search=2467 | target=site(1.03,1.27)
R5[RTB       ]: carry=1 | base=2.04 | wall=1.89 | search=  0 | target=none
R6[SEARCH    ]: carry=0 | base=3.41 | wall=0.38 | search=3324 | target=phero(2.02,0.60)
R7[PHERO     ]: carry=0 | base=0.26 | wall=3.24 | search=  0 | target=phero(0.34,-2.70)
R8[SEARCH    ]: carry=0 | base=3.24 | wall=0.35 | search=1038 | target=site(2.04,1.80)
R9[RTB       ]: carry=1 | base=2.76 | wall=1.46 | search=  0 | target=none
R10[SEARCH    ]: carry=0 | base=1.87 | wall=2.03 | search=  5 | target=site(1.18,1.50)
R11[SITE      ]: carry=0 | base=2.63 | wall=0.89 | search=  0 | target=site(0.34,-2.70)
R12[SITE      ]: carry=0 | base=2.69 | wall=1.38 | search=  0 | target=site(1.75,-2.24)
R13[SEARCH    ]: carry=0 | base=1.12 | wall=2.44 | search=449 | target=phero(0.50,2.14)
R14[RTB       ]: carry=1 | base=1.46 | wall=2.33 | search=  0 | target=none
R15[SEARCH    ]: carry=0 | base=3.38 | wall=0.39 | search=3806 | target=site(2.02,0.60)
R16[SITE      ]: carry=0 | base=0.29 | wall=3.24 | search=  0 | target=site(-1.38,-1.23)

[DEPOSIT] R2 deposited! Total: 116
  [TARGET] R2 → SITE (0.57, 2.22)
[DEPOSIT] R14 deposited! Total: 117
  [TARGET] R14 → SITE (-1.80, 1.30)
[DEPOSIT] R3 deposited! Total: 118
  [TARGET] R3 → SITE (0.90, 1.71)
[PICKUP] R16 picked up tag (density=7) | Total: 121
[DEPOSIT] R5 deposited! Total: 119
  [TARGET] R5 → SITE (-1.64, 2.26)

======================================================================
Step 17000 (9.1 min) | Pickups: 121 | Deposits: 119 | Rate: 13.12 tags/min | phero_entries=4 max_w=0.019
======================================================================
R1[SEARCH    ]: carry=0 | base=3.19 | wall=0.54 | search=488 | target=site(-1.62,2.30)
R2[SITE      ]: carry=0 | base=0.58 | wall=2.98 | search=  0 | target=site(0.57,2.22)
R3[BASE_ESC  ]: carry=0 | base=0.24 | wall=3.27 | search=  0 | target=site(0.90,1.71)
R4[SEARCH    ]: carry=0 | base=3.16 | wall=0.36 | search=2967 | target=site(1.03,1.27)
R5[BASE_ESC  ]: carry=0 | base=0.22 | wall=3.33 | search=  0 | target=site(-1.64,2.26)
R6[SEARCH    ]: carry=0 | base=3.44 | wall=0.38 | search=3824 | target=phero(2.02,0.60)
R7[PHERO     ]: carry=0 | base=0.81 | wall=2.75 | search=  0 | target=phero(0.34,-2.70)
R8[WALL_ESC  ]: carry=0 | base=3.26 | wall=0.34 | search=1538 | target=site(2.04,1.80)
R9[RTB       ]: carry=1 | base=0.84 | wall=2.88 | search=  0 | target=none
R10[SEARCH    ]: carry=0 | base=2.96 | wall=0.78 | search=505 | target=site(1.18,1.50)
R11[GIVE_UP   ]: carry=0 | base=2.01 | wall=1.71 | search=312 | target=none
R12[SEARCH    ]: carry=0 | base=2.46 | wall=1.30 | search=473 | target=site(1.75,-2.24)
R13[SEARCH    ]: carry=0 | base=1.85 | wall=1.67 | search=949 | target=phero(0.50,2.14)
R14[SITE      ]: carry=0 | base=0.51 | wall=3.04 | search=  0 | target=site(-1.80,1.30)
R15[SEARCH    ]: carry=0 | base=3.33 | wall=0.40 | search=4306 | target=site(2.02,0.60)
R16[SURVEY    ]: carry=1 | base=1.85 | wall=2.14 | search=  0 | target=none

[PICKUP] R11 picked up tag (density=8) | Total: 122
[DEPOSIT] R9 deposited! Total: 120
  [PHERO] Laid at (1.95, -2.31) density=10 prob=0.71 entries=5
  [TARGET] R9 → SITE (1.95, -2.31)
[PICKUP] R13 picked up tag (density=8) | Total: 123
[PICKUP] R14 picked up tag (density=8) | Total: 124

======================================================================
Step 17500 (9.3 min) | Pickups: 124 | Deposits: 120 | Rate: 12.86 tags/min | phero_entries=3 max_w=0.330
======================================================================
R1[SEARCH    ]: carry=0 | base=3.34 | wall=0.39 | search=988 | target=site(-1.62,2.30)
R2[SITE      ]: carry=0 | base=2.10 | wall=1.47 | search=  0 | target=site(0.57,2.22)
R3[SEARCH    ]: carry=0 | base=1.91 | wall=1.79 | search= 55 | target=site(0.90,1.71)
R4[SEARCH    ]: carry=0 | base=3.17 | wall=0.35 | search=3467 | target=site(1.03,1.27)
R5[SITE      ]: carry=0 | base=1.82 | wall=2.05 | search=  0 | target=site(-1.64,2.26)
R6[WALL_ESC  ]: carry=0 | base=3.43 | wall=0.35 | search=4324 | target=phero(2.02,0.60)
R7[SEARCH    ]: carry=0 | base=2.68 | wall=0.84 | search=  5 | target=phero(0.34,-2.70)
R8[GIVE_UP   ]: carry=0 | base=2.05 | wall=1.51 | search=1560 | target=none
R9[SITE      ]: carry=0 | base=1.11 | wall=2.71 | search=  0 | target=site(1.95,-2.31)
R10[GIVE_UP   ]: carry=0 | base=2.26 | wall=1.35 | search=624 | target=none
R11[RTB       ]: carry=1 | base=1.16 | wall=2.50 | search=  0 | target=none
R12[SEARCH    ]: carry=0 | base=2.86 | wall=0.66 | search=973 | target=site(1.75,-2.24)
R13[RTB       ]: carry=1 | base=2.37 | wall=1.15 | search=  0 | target=none
R14[SURVEY    ]: carry=1 | base=2.25 | wall=1.66 | search=  0 | target=none
R15[WALL_ESC  ]: carry=0 | base=3.40 | wall=0.35 | search=4806 | target=site(2.02,0.60)
R16[RTB       ]: carry=1 | base=0.56 | wall=3.10 | search=  0 | target=none

[DEPOSIT] R16 deposited! Total: 121
  [TARGET] R16 → SITE (-1.36, -1.27)
[PICKUP] R3 picked up tag (density=1) | Total: 125
[DEPOSIT] R11 deposited! Total: 122
  [PHERO] Laid at (0.89, -1.77) density=8 prob=0.46 entries=4
  [TARGET] R11 → SITE (0.89, -1.77)
[PICKUP] R5 picked up tag (density=3) | Total: 126
  [GIVE-UP] R8 returned empty after 1560 searching steps
  [TARGET] R8 → PHERO (1.95, -2.31)

======================================================================
Step 18000 (9.6 min) | Pickups: 126 | Deposits: 122 | Rate: 12.71 tags/min | phero_entries=2 max_w=0.430
======================================================================
R1[SEARCH    ]: carry=0 | base=3.34 | wall=0.39 | search=1488 | target=site(-1.62,2.30)
R2[SEARCH    ]: carry=0 | base=2.70 | wall=1.03 | search=463 | target=site(0.57,2.22)
R3[RTB       ]: carry=1 | base=1.52 | wall=2.23 | search=  0 | target=none
R4[WALL_ESC  ]: carry=0 | base=3.18 | wall=0.34 | search=3967 | target=site(1.03,1.27)
R5[SURVEY    ]: carry=1 | base=2.81 | wall=1.25 | search=  0 | target=none
R6[SEARCH    ]: carry=0 | base=3.41 | wall=0.35 | search=4824 | target=phero(2.02,0.60)
R7[SEARCH    ]: carry=0 | base=2.38 | wall=1.22 | search=505 | target=phero(0.34,-2.70)
R8[BASE_ESC  ]: carry=0 | base=0.22 | wall=3.28 | search=  0 | target=phero(1.95,-2.31)
R9[SEARCH    ]: carry=0 | base=3.01 | wall=1.21 | search= 13 | target=site(1.95,-2.31)
R10[GIVE_UP   ]: carry=0 | base=0.34 | wall=3.18 | search=624 | target=none
R11[SITE      ]: carry=0 | base=0.81 | wall=2.75 | search=  0 | target=site(0.89,-1.77)
R12[SEARCH    ]: carry=0 | base=3.20 | wall=0.37 | search=1473 | target=site(1.75,-2.24)
R13[RTB       ]: carry=1 | base=0.46 | wall=3.04 | search=  0 | target=none
R14[RTB       ]: carry=1 | base=1.30 | wall=2.45 | search=  0 | target=none
R15[GIVE_UP   ]: carry=0 | base=3.08 | wall=0.67 | search=5148 | target=none
R16[SITE      ]: carry=0 | base=1.38 | wall=2.52 | search=  0 | target=site(-1.36,-1.27)

  [GIVE-UP] R10 returned empty after 624 searching steps
  [TARGET] R10 → PHERO (0.89, -1.77)
[DEPOSIT] R13 deposited! Total: 123
  [PHERO] Laid at (2.38, 0.43) density=8 prob=0.46 entries=3
  [TARGET] R13 → SITE (2.38, 0.43)
[PICKUP] R11 picked up tag (density=7) | Total: 127
[DEPOSIT] R14 deposited! Total: 124
  [TARGET] R14 → SITE (-1.84, 1.29)
[PICKUP] R16 picked up tag (density=6) | Total: 128
[DEPOSIT] R3 deposited! Total: 125
  [TARGET] R3 → SITE (0.89, 1.54)
[PICKUP] R2 picked up tag (density=14) | Total: 129

======================================================================
Step 18500 (9.9 min) | Pickups: 129 | Deposits: 125 | Rate: 12.67 tags/min | phero_entries=3 max_w=0.242
======================================================================
R1[SEARCH    ]: carry=0 | base=3.34 | wall=0.39 | search=1988 | target=site(-1.62,2.30)
R2[SURVEY    ]: carry=1 | base=2.91 | wall=1.22 | search=  0 | target=none
R3[SITE      ]: carry=0 | base=0.43 | wall=3.09 | search=  0 | target=site(0.89,1.54)
R4[WALL_ESC  ]: carry=0 | base=3.19 | wall=0.34 | search=4467 | target=site(1.03,1.27)
R5[RTB       ]: carry=1 | base=1.21 | wall=2.52 | search=  0 | target=none
R6[SEARCH    ]: carry=0 | base=3.42 | wall=0.36 | search=5324 | target=phero(2.02,0.60)
R7[SEARCH    ]: carry=0 | base=3.26 | wall=1.06 | search=1005 | target=phero(0.34,-2.70)
R8[PHERO     ]: carry=0 | base=0.89 | wall=2.79 | search=  0 | target=phero(1.95,-2.31)
R9[SEARCH    ]: carry=0 | base=2.09 | wall=1.60 | search=513 | target=site(1.95,-2.31)
R10[PHERO     ]: carry=0 | base=0.46 | wall=3.09 | search=  0 | target=phero(0.89,-1.77)
R11[RTB       ]: carry=1 | base=1.41 | wall=2.27 | search=  0 | target=none
R12[GIVE_UP   ]: carry=0 | base=1.71 | wall=1.82 | search=1560 | target=none
R13[SITE      ]: carry=0 | base=1.49 | wall=2.04 | search=  0 | target=site(2.38,0.43)
R14[SITE      ]: carry=0 | base=0.66 | wall=2.92 | search=  0 | target=site(-1.84,1.29)
R15[GIVE_UP   ]: carry=0 | base=1.16 | wall=2.43 | search=5148 | target=none
R16[SURVEY    ]: carry=1 | base=1.98 | wall=2.02 | search=  0 | target=none

[PICKUP] R13 picked up tag (density=7) | Total: 130
  [GIVE-UP] R15 returned empty after 5148 searching steps
  [TARGET] R15 → PHERO (0.89, -1.77)
[DEPOSIT] R5 deposited! Total: 126
  [TARGET] R5 → SITE (-1.69, 2.24)
[PICKUP] R9 picked up tag (density=10) | Total: 131
[DEPOSIT] R11 deposited! Total: 127
  [TARGET] R11 → SITE (0.68, -1.40)
[PICKUP] R10 picked up tag (density=6) | Total: 132
  [GIVE-UP] R12 returned empty after 1560 searching steps
  [TARGET] R12 → PHERO (2.38, 0.43)
[DEPOSIT] R16 deposited! Total: 128
  [TARGET] R16 → SITE (-1.48, -1.32)

======================================================================
Step 19000 (10.1 min) | Pickups: 132 | Deposits: 128 | Rate: 12.63 tags/min | phero_entries=3 max_w=0.049
======================================================================
R1[GIVE_UP   ]: carry=0 | base=3.03 | wall=0.69 | search=2340 | target=none
R2[RTB       ]: carry=1 | base=1.88 | wall=1.99 | search=  0 | target=none
R3[SEARCH    ]: carry=0 | base=1.74 | wall=1.88 | search=157 | target=site(0.89,1.54)
R4[WALL_ESC  ]: carry=0 | base=3.19 | wall=0.34 | search=4967 | target=site(1.03,1.27)
R5[SITE      ]: carry=0 | base=0.75 | wall=2.85 | search=  0 | target=site(-1.69,2.24)
R6[SEARCH    ]: carry=0 | base=3.43 | wall=0.35 | search=5824 | target=phero(2.02,0.60)
R7[SEARCH    ]: carry=0 | base=3.59 | wall=0.39 | search=1505 | target=phero(0.34,-2.70)
R8[PHERO     ]: carry=0 | base=2.78 | wall=1.39 | search=  0 | target=phero(1.95,-2.31)
R9[SURVEY    ]: carry=1 | base=2.84 | wall=0.69 | search=  0 | target=none
R10[SURVEY    ]: carry=1 | base=1.58 | wall=2.12 | search=  0 | target=none
R11[SITE      ]: carry=0 | base=0.52 | wall=3.08 | search=  0 | target=site(0.68,-1.40)
R12[BASE_ESC  ]: carry=0 | base=0.23 | wall=3.29 | search=  0 | target=phero(2.38,0.43)
R13[RTB       ]: carry=1 | base=2.21 | wall=1.31 | search=  0 | target=none
R14[SEARCH    ]: carry=0 | base=2.22 | wall=1.71 | search= 97 | target=site(-1.84,1.29)
R15[PHERO     ]: carry=0 | base=0.35 | wall=3.22 | search=  0 | target=phero(0.89,-1.77)
R16[BASE_ESC  ]: carry=0 | base=0.23 | wall=3.33 | search=  0 | target=site(-1.48,-1.32)

[PICKUP] R8 picked up tag (density=9) | Total: 133
[PICKUP] R15 picked up tag (density=5) | Total: 134
[PICKUP] R3 picked up tag (density=15) | Total: 135
[PICKUP] R14 picked up tag (density=2) | Total: 136
[DEPOSIT] R2 deposited! Total: 129
  [PHERO] Laid at (2.28, 1.81) density=14 prob=0.96 entries=3
  [TARGET] R2 → SITE (2.28, 1.81)
[DEPOSIT] R10 deposited! Total: 130
  [TARGET] R10 → SITE (0.77, -1.38)
[PICKUP] R5 picked up tag (density=1) | Total: 137

======================================================================
Step 19500 (10.4 min) | Pickups: 137 | Deposits: 130 | Rate: 12.50 tags/min | phero_entries=3 max_w=0.784
======================================================================
R1[GIVE_UP   ]: carry=0 | base=1.11 | wall=2.47 | search=2340 | target=none
R2[BASE_ESC  ]: carry=0 | base=0.22 | wall=3.31 | search=  0 | target=site(2.28,1.81)
R3[SURVEY    ]: carry=1 | base=2.67 | wall=0.83 | search=  0 | target=none
R4[WALL_ESC  ]: carry=0 | base=3.19 | wall=0.34 | search=5467 | target=site(1.03,1.27)
R5[SURVEY    ]: carry=1 | base=2.58 | wall=1.43 | search=  0 | target=none
R6[WALL_ESC  ]: carry=0 | base=3.44 | wall=0.35 | search=6324 | target=phero(2.02,0.60)
R7[SEARCH    ]: carry=0 | base=3.61 | wall=0.39 | search=2005 | target=phero(0.34,-2.70)
R8[SURVEY    ]: carry=1 | base=2.90 | wall=1.19 | search=  0 | target=none
R9[RTB       ]: carry=1 | base=1.26 | wall=2.26 | search=  0 | target=none
R10[BASE_ESC  ]: carry=0 | base=0.22 | wall=3.30 | search=  0 | target=site(0.77,-1.38)
R11[GIVE_UP   ]: carry=0 | base=1.18 | wall=2.47 | search=156 | target=none
R12[PHERO     ]: carry=0 | base=2.03 | wall=1.51 | search=  0 | target=phero(2.38,0.43)
R13[RTB       ]: carry=1 | base=0.30 | wall=3.20 | search=  0 | target=none
R14[SURVEY    ]: carry=1 | base=2.70 | wall=1.56 | search=  0 | target=none
R15[SURVEY    ]: carry=1 | base=1.57 | wall=2.07 | search=  0 | target=none
R16[SITE      ]: carry=0 | base=1.79 | wall=2.16 | search=  0 | target=site(-1.48,-1.32)

[DEPOSIT] R13 deposited! Total: 131
  [PHERO] Laid at (2.24, 0.41) density=7 prob=0.32 entries=4
  [TARGET] R13 → SITE (2.24, 0.41)
[PICKUP] R12 picked up tag (density=6) | Total: 138
  [GIVE-UP] R1 returned empty after 2340 searching steps
  [TARGET] R1 → PHERO (2.28, 1.81)
  [GIVE-UP] R11 returned empty after 156 searching steps
  [TARGET] R11 → PHERO (2.24, 0.41)
[DEPOSIT] R9 deposited! Total: 132
  [PHERO] Laid at (0.45, -2.81) density=10 prob=0.71 entries=5
  [TARGET] R9 → SITE (0.45, -2.81)

======================================================================
Step 20000 (10.7 min) | Pickups: 138 | Deposits: 132 | Rate: 12.38 tags/min | phero_entries=4 max_w=0.470
======================================================================
R1[PHERO     ]: carry=0 | base=0.49 | wall=3.02 | search=  0 | target=phero(2.28,1.81)
R2[SITE      ]: carry=0 | base=1.93 | wall=1.96 | search=  0 | target=site(2.28,1.81)
R3[RTB       ]: carry=1 | base=1.27 | wall=2.23 | search=  0 | target=none
R4[WALL_ESC  ]: carry=0 | base=3.20 | wall=0.33 | search=5967 | target=site(1.03,1.27)
R5[RTB       ]: carry=1 | base=1.47 | wall=2.30 | search=  0 | target=none
R6[WALL_ESC  ]: carry=0 | base=3.44 | wall=0.34 | search=6824 | target=phero(2.02,0.60)
R7[WALL_ESC  ]: carry=0 | base=3.71 | wall=0.31 | search=2505 | target=phero(0.34,-2.70)
R8[RTB       ]: carry=1 | base=1.43 | wall=2.39 | search=  0 | target=none
R9[SITE      ]: carry=0 | base=0.69 | wall=2.84 | search=  0 | target=site(0.45,-2.81)
R10[SEARCH    ]: carry=0 | base=1.60 | wall=2.11 | search= 49 | target=site(0.77,-1.38)
R11[PHERO     ]: carry=0 | base=0.68 | wall=2.83 | search=  0 | target=phero(2.24,0.41)
R12[RTB       ]: carry=1 | base=2.38 | wall=1.16 | search=  0 | target=none
R13[SITE      ]: carry=0 | base=1.68 | wall=1.85 | search=  0 | target=site(2.24,0.41)
R14[RTB       ]: carry=1 | base=1.18 | wall=2.64 | search=  0 | target=none
R15[RTB       ]: carry=1 | base=0.35 | wall=3.20 | search=  0 | target=none
R16[SEARCH    ]: carry=0 | base=2.56 | wall=1.57 | search=464 | target=site(-1.48,-1.32)

[DEPOSIT] R15 deposited! Total: 133
  [TARGET] R15 → SITE (0.63, -1.43)
[PICKUP] R2 picked up tag (density=13) | Total: 139
[DEPOSIT] R14 deposited! Total: 134
  [TARGET] R14 → SITE (-1.88, 1.94)
[DEPOSIT] R3 deposited! Total: 135
  [PHERO] Laid at (-0.16, 2.67) density=15 prob=0.98 entries=4
  [TARGET] R3 → SITE (-0.16, 2.67)
[DEPOSIT] R8 deposited! Total: 136
  [PHERO] Laid at (1.76, -2.31) density=9 prob=0.59 entries=5
  [TARGET] R8 → SITE (1.76, -2.31)
[DEPOSIT] R5 deposited! Total: 137
  [TARGET] R5 → SITE (-1.54, 2.07)
  [GIVE-UP] R10 returned empty after 156 searching steps
  [TARGET] R10 → PHERO (-0.16, 2.67)

======================================================================
Step 20500 (10.9 min) | Pickups: 139 | Deposits: 137 | Rate: 12.53 tags/min | phero_entries=5 max_w=0.566
======================================================================
R1[PHERO     ]: carry=0 | base=2.29 | wall=1.76 | search=  0 | target=phero(2.28,1.81)
R2[RTB       ]: carry=1 | base=2.06 | wall=1.82 | search=  0 | target=none
R3[SITE      ]: carry=0 | base=0.69 | wall=2.82 | search=  0 | target=site(-0.16,2.67)
R4[WALL_ESC  ]: carry=0 | base=3.20 | wall=0.33 | search=6467 | target=site(1.03,1.27)
R5[SITE      ]: carry=0 | base=0.42 | wall=3.10 | search=  0 | target=site(-1.54,2.07)
R6[WALL_ESC  ]: carry=0 | base=3.44 | wall=0.34 | search=7324 | target=phero(2.02,0.60)
R7[SEARCH    ]: carry=0 | base=3.67 | wall=0.37 | search=3005 | target=phero(0.34,-2.70)
R8[SITE      ]: carry=0 | base=0.49 | wall=3.07 | search=  0 | target=site(1.76,-2.31)
R9[SITE      ]: carry=0 | base=2.60 | wall=0.94 | search=  0 | target=site(0.45,-2.81)
R10[BASE_ESC  ]: carry=0 | base=0.22 | wall=3.34 | search=  0 | target=phero(-0.16,2.67)
R11[SEARCH    ]: carry=0 | base=2.26 | wall=1.28 | search= 54 | target=phero(2.24,0.41)
R12[RTB       ]: carry=1 | base=0.58 | wall=2.93 | search=  0 | target=none
R13[SEARCH    ]: carry=0 | base=2.41 | wall=1.11 | search=339 | target=site(2.24,0.41)
R14[SITE      ]: carry=0 | base=0.57 | wall=3.07 | search=  0 | target=site(-1.88,1.94)
R15[SEARCH    ]: carry=0 | base=1.52 | wall=2.12 | search=  1 | target=site(0.63,-1.43)
R16[SEARCH    ]: carry=0 | base=3.70 | wall=0.36 | search=964 | target=site(-1.48,-1.32)

[PICKUP] R1 picked up tag (density=12) | Total: 140
[DEPOSIT] R12 deposited! Total: 138
  [TARGET] R12 → SITE (2.35, 0.49)
[PICKUP] R9 picked up tag (density=9) | Total: 141
[DEPOSIT] R2 deposited! Total: 139
  [PHERO] Laid at (1.94, 1.52) density=13 prob=0.93 entries=6
  [TARGET] R2 → SITE (1.94, 1.52)
  [GIVE-UP] R15 returned empty after 156 searching steps
  [TARGET] R15 → PHERO (1.94, 1.52)

======================================================================
Step 21000 (11.2 min) | Pickups: 141 | Deposits: 139 | Rate: 12.41 tags/min | phero_entries=6 max_w=0.914
======================================================================
R1[RTB       ]: carry=1 | base=1.81 | wall=2.06 | search=  0 | target=none
R2[BASE_ESC  ]: carry=0 | base=0.22 | wall=3.32 | search=  0 | target=site(1.94,1.52)
R3[SITE      ]: carry=0 | base=2.61 | wall=0.90 | search=  0 | target=site(-0.16,2.67)
R4[WALL_ESC  ]: carry=0 | base=3.20 | wall=0.33 | search=6967 | target=site(1.03,1.27)
R5[SITE      ]: carry=0 | base=2.31 | wall=1.64 | search=  0 | target=site(-1.54,2.07)
R6[WALL_ESC  ]: carry=0 | base=3.44 | wall=0.34 | search=7824 | target=phero(2.02,0.60)
R7[GIVE_UP   ]: carry=0 | base=2.33 | wall=1.48 | search=3120 | target=none
R8[SITE      ]: carry=0 | base=2.40 | wall=1.58 | search=  0 | target=site(1.76,-2.31)
R9[RTB       ]: carry=1 | base=2.57 | wall=0.97 | search=  0 | target=none
R10[PHERO     ]: carry=0 | base=1.27 | wall=2.24 | search=  0 | target=phero(-0.16,2.67)
R11[SEARCH    ]: carry=0 | base=2.24 | wall=1.41 | search=554 | target=phero(2.24,0.41)
R12[SITE      ]: carry=0 | base=1.34 | wall=2.18 | search=  0 | target=site(2.35,0.49)
R13[SEARCH    ]: carry=0 | base=3.21 | wall=0.36 | search=839 | target=site(2.24,0.41)
R14[SITE      ]: carry=0 | base=2.49 | wall=1.71 | search=  0 | target=site(-1.88,1.94)
R15[BASE_ESC  ]: carry=0 | base=0.23 | wall=3.31 | search=  0 | target=phero(1.94,1.52)
R16[WALL_ESC  ]: carry=0 | base=3.95 | wall=0.35 | search=1464 | target=site(-1.48,-1.32)

[PICKUP] R8 picked up tag (density=8) | Total: 142
[PICKUP] R3 picked up tag (density=14) | Total: 143
[PICKUP] R12 picked up tag (density=5) | Total: 144
[DEPOSIT] R1 deposited! Total: 140
  [PHERO] Laid at (1.95, 1.61) density=12 prob=0.88 entries=7
  [TARGET] R1 → SITE (1.95, 1.61)

======================================================================
Step 21500 (11.5 min) | Pickups: 144 | Deposits: 140 | Rate: 12.21 tags/min | phero_entries=7 max_w=0.740
======================================================================
R1[BASE_ESC  ]: carry=0 | base=0.23 | wall=3.33 | search=  0 | target=site(1.95,1.61)
R2[SITE      ]: carry=0 | base=1.80 | wall=2.10 | search=  0 | target=site(1.94,1.52)
R3[RTB       ]: carry=1 | base=2.72 | wall=0.78 | search=  0 | target=none
R4[WALL_ESC  ]: carry=0 | base=3.20 | wall=0.33 | search=7467 | target=site(1.03,1.27)
R5[SEARCH    ]: carry=0 | base=2.65 | wall=1.01 | search=443 | target=site(-1.54,2.07)
R6[GIVE_UP   ]: carry=0 | base=2.04 | wall=1.64 | search=7956 | target=none
R7[GIVE_UP   ]: carry=0 | base=0.41 | wall=3.14 | search=3120 | target=none
R8[RTB       ]: carry=1 | base=2.64 | wall=1.45 | search=  0 | target=none
R9[RTB       ]: carry=1 | base=0.65 | wall=2.86 | search=  0 | target=none
R10[SEARCH    ]: carry=0 | base=2.59 | wall=0.92 | search=143 | target=phero(-0.16,2.67)
R11[SEARCH    ]: carry=0 | base=2.58 | wall=1.30 | search=1054 | target=phero(2.24,0.41)
R12[SURVEY    ]: carry=1 | base=2.41 | wall=1.15 | search=  0 | target=none
R13[SEARCH    ]: carry=0 | base=3.73 | wall=0.55 | search=1339 | target=site(2.24,0.41)
R14[SEARCH    ]: carry=0 | base=1.67 | wall=2.16 | search=458 | target=site(-1.88,1.94)
R15[PHERO     ]: carry=0 | base=1.49 | wall=2.25 | search=  0 | target=phero(1.94,1.52)
R16[SEARCH    ]: carry=0 | base=3.89 | wall=0.40 | search=1964 | target=site(-1.48,-1.32)

  [GIVE-UP] R7 returned empty after 3120 searching steps
  [TARGET] R7 → PHERO (1.95, 1.61)
[DEPOSIT] R9 deposited! Total: 141
  [PHERO] Laid at (0.38, -2.82) density=9 prob=0.59 entries=7
  [TARGET] R9 → SITE (0.38, -2.82)
[PICKUP] R10 picked up tag (density=5) | Total: 145
  [GIVE-UP] R6 returned empty after 7956 searching steps
  [TARGET] R6 → PHERO (1.95, 1.61)

======================================================================
Step 22000 (11.7 min) | Pickups: 145 | Deposits: 141 | Rate: 12.02 tags/min | phero_entries=5 max_w=0.281
======================================================================
R1[SITE      ]: carry=0 | base=2.07 | wall=1.91 | search=  0 | target=site(1.95,1.61)
R2[SEARCH    ]: carry=0 | base=2.34 | wall=1.41 | search=339 | target=site(1.94,1.52)
R3[RTB       ]: carry=1 | base=0.81 | wall=2.69 | search=  0 | target=none
R4[WALL_ESC  ]: carry=0 | base=3.20 | wall=0.34 | search=7967 | target=site(1.03,1.27)
R5[GIVE_UP   ]: carry=0 | base=1.05 | wall=2.49 | search=468 | target=none
R6[BASE_ESC  ]: carry=0 | base=0.22 | wall=3.30 | search=  0 | target=phero(1.95,1.61)
R7[PHERO     ]: carry=0 | base=0.29 | wall=3.27 | search=  0 | target=phero(1.95,1.61)
R8[RTB       ]: carry=1 | base=0.72 | wall=2.94 | search=  0 | target=none
R9[SITE      ]: carry=0 | base=1.30 | wall=2.22 | search=  0 | target=site(0.38,-2.82)
R10[RTB       ]: carry=1 | base=2.15 | wall=1.36 | search=  0 | target=none
R11[SEARCH    ]: carry=0 | base=2.72 | wall=0.79 | search=1554 | target=phero(2.24,0.41)
R12[RTB       ]: carry=1 | base=1.13 | wall=2.39 | search=  0 | target=none
R13[SEARCH    ]: carry=0 | base=4.33 | wall=0.38 | search=1839 | target=site(2.24,0.41)
R14[SEARCH    ]: carry=0 | base=1.48 | wall=2.21 | search=958 | target=site(-1.88,1.94)
R15[SEARCH    ]: carry=0 | base=2.34 | wall=1.56 | search=254 | target=phero(1.94,1.52)
R16[WALL_ESC  ]: carry=0 | base=4.01 | wall=0.31 | search=2464 | target=site(-1.48,-1.32)

[PICKUP] R2 picked up tag (density=4) | Total: 146
[DEPOSIT] R8 deposited! Total: 142
  [PHERO] Laid at (1.75, -2.32) density=8 prob=0.46 entries=6
  [TARGET] R8 → SITE (1.75, -2.32)
[DEPOSIT] R3 deposited! Total: 143
  [PHERO] Laid at (-0.10, 2.82) density=14 prob=0.96 entries=7
  [TARGET] R3 → SITE (-0.10, 2.82)
  [GIVE-UP] R5 returned empty after 468 searching steps
  [TARGET] R5 → PHERO (1.75, -2.32)
[DEPOSIT] R12 deposited! Total: 144
  [TARGET] R12 → SITE (2.35, 0.54)
[PICKUP] R14 picked up tag (density=3) | Total: 147

======================================================================
Step 22500 (12.0 min) | Pickups: 147 | Deposits: 144 | Rate: 12.00 tags/min | phero_entries=5 max_w=0.322
======================================================================
R1[SEARCH    ]: carry=0 | base=1.68 | wall=2.13 | search=396 | target=site(1.95,1.61)
R2[RTB       ]: carry=1 | base=1.94 | wall=1.66 | search=  0 | target=none
R3[SITE      ]: carry=0 | base=0.64 | wall=2.86 | search=  0 | target=site(-0.10,2.82)
R4[GIVE_UP   ]: carry=0 | base=2.39 | wall=1.12 | search=8268 | target=none
R5[PHERO     ]: carry=0 | base=0.30 | wall=3.22 | search=  0 | target=phero(1.75,-2.32)
R6[PHERO     ]: carry=0 | base=0.36 | wall=3.14 | search=  0 | target=phero(1.95,1.61)
R7[PHERO     ]: carry=0 | base=1.98 | wall=1.94 | search=  0 | target=phero(1.95,1.61)
R8[SITE      ]: carry=0 | base=1.24 | wall=2.47 | search=  0 | target=site(1.75,-2.32)
R9[SEARCH    ]: carry=0 | base=2.80 | wall=0.72 | search=112 | target=site(0.38,-2.82)
R10[RTB       ]: carry=1 | base=0.72 | wall=2.79 | search=  0 | target=none
R11[SEARCH    ]: carry=0 | base=2.91 | wall=1.35 | search=2054 | target=phero(2.24,0.41)
R12[SITE      ]: carry=0 | base=0.83 | wall=2.71 | search=  0 | target=site(2.35,0.54)
R13[SEARCH    ]: carry=0 | base=4.29 | wall=0.37 | search=2339 | target=site(2.24,0.41)
R14[SURVEY    ]: carry=1 | base=2.08 | wall=1.54 | search=  0 | target=none
R15[SEARCH    ]: carry=0 | base=3.09 | wall=0.42 | search=754 | target=phero(1.94,1.52)
R16[SEARCH    ]: carry=0 | base=3.99 | wall=0.36 | search=2964 | target=site(-1.48,-1.32)

[PICKUP] R9 picked up tag (density=8) | Total: 148
[PICKUP] R7 picked up tag (density=11) | Total: 149
[DEPOSIT] R2 deposited! Total: 145
  [TARGET] R2 → SITE (2.22, 0.90)
[PICKUP] R12 picked up tag (density=2) | Total: 150

======================================================================
Step 23000 (12.3 min) | Pickups: 150 | Deposits: 145 | Rate: 11.82 tags/min | phero_entries=5 max_w=0.065
======================================================================
R1[SEARCH    ]: carry=0 | base=1.53 | wall=2.12 | search=896 | target=site(1.95,1.61)
R2[BASE_ESC  ]: carry=0 | base=0.22 | wall=3.30 | search=  0 | target=site(2.22,0.90)
R3[SITE      ]: carry=0 | base=0.65 | wall=2.86 | search=  0 | target=site(-0.10,2.82)
R4[GIVE_UP   ]: carry=0 | base=0.47 | wall=3.03 | search=8268 | target=none
R5[PHERO     ]: carry=0 | base=1.99 | wall=1.97 | search=  0 | target=phero(1.75,-2.32)
R6[PHERO     ]: carry=0 | base=2.18 | wall=1.80 | search=  0 | target=phero(1.95,1.61)
R7[SURVEY    ]: carry=1 | base=2.45 | wall=1.46 | search=  0 | target=none
R8[SEARCH    ]: carry=0 | base=2.89 | wall=1.23 | search= 79 | target=site(1.75,-2.32)
R9[RTB       ]: carry=1 | base=2.74 | wall=0.78 | search=  0 | target=none
R10[RTB       ]: carry=1 | base=0.70 | wall=2.80 | search=  0 | target=none
R11[SEARCH    ]: carry=0 | base=3.89 | wall=0.36 | search=2554 | target=phero(2.24,0.41)
R12[SURVEY    ]: carry=1 | base=2.43 | wall=1.14 | search=  0 | target=none
R13[WALL_ESC  ]: carry=0 | base=4.40 | wall=0.32 | search=2808 | target=none
R14[RTB       ]: carry=1 | base=0.87 | wall=2.67 | search=  0 | target=none
R15[GIVE_UP   ]: carry=0 | base=1.97 | wall=1.54 | search=936 | target=none
R16[SEARCH    ]: carry=0 | base=3.91 | wall=0.38 | search=3464 | target=site(-1.48,-1.32)

  [GIVE-UP] R4 returned empty after 8268 searching steps
  [TARGET] R4 → PHERO (1.95, 1.61)
[DEPOSIT] R10 deposited! Total: 146
  [TARGET] R10 → SITE (0.23, 2.60)
[DEPOSIT] R14 deposited! Total: 147
  [TARGET] R14 → SITE (2.01, 0.70)
[PICKUP] R1 picked up tag (density=7) | Total: 151
  [GIVE-UP] R15 returned empty after 936 searching steps
  [TARGET] R15 → PHERO (-0.10, 2.82)

======================================================================
Step 23500 (12.5 min) | Pickups: 151 | Deposits: 147 | Rate: 11.73 tags/min | phero_entries=4 max_w=0.013
======================================================================
R1[SURVEY    ]: carry=1 | base=2.22 | wall=1.62 | search=  0 | target=none
R2[SITE      ]: carry=0 | base=1.94 | wall=1.71 | search=  0 | target=site(2.22,0.90)
R3[SITE      ]: carry=0 | base=2.43 | wall=1.07 | search=  0 | target=site(-0.10,2.82)
R4[PHERO     ]: carry=0 | base=1.28 | wall=2.44 | search=  0 | target=phero(1.95,1.61)
R5[SEARCH    ]: carry=0 | base=2.74 | wall=1.21 | search=274 | target=phero(1.75,-2.32)
R6[SEARCH    ]: carry=0 | base=2.73 | wall=1.03 | search=424 | target=phero(1.95,1.61)
R7[RTB       ]: carry=1 | base=1.27 | wall=2.40 | search=  0 | target=none
R8[WALL_ESC  ]: carry=0 | base=3.38 | wall=0.33 | search=579 | target=site(1.75,-2.32)
R9[RTB       ]: carry=1 | base=0.82 | wall=2.68 | search=  0 | target=none
R10[SITE      ]: carry=0 | base=1.10 | wall=2.40 | search=  0 | target=site(0.23,2.60)
R11[SEARCH    ]: carry=0 | base=4.23 | wall=0.36 | search=3054 | target=phero(2.24,0.41)
R12[RTB       ]: carry=1 | base=1.56 | wall=1.97 | search=  0 | target=none
R13[GIVE_UP   ]: carry=0 | base=2.77 | wall=1.47 | search=2808 | target=none
R14[SITE      ]: carry=0 | base=1.05 | wall=2.49 | search=  0 | target=site(2.01,0.70)
R15[BASE_ESC  ]: carry=0 | base=0.22 | wall=3.28 | search=  0 | target=phero(-0.10,2.82)
R16[WALL_ESC  ]: carry=0 | base=4.02 | wall=0.31 | search=3964 | target=site(-1.48,-1.32)

[DEPOSIT] R9 deposited! Total: 148
  [PHERO] Laid at (0.19, -2.85) density=8 prob=0.46 entries=4
  [TARGET] R9 → SITE (0.19, -2.85)
[PICKUP] R3 picked up tag (density=13) | Total: 152
[PICKUP] R2 picked up tag (density=1) | Total: 153
[DEPOSIT] R7 deposited! Total: 149
  [PHERO] Laid at (2.04, 1.37) density=11 prob=0.80 entries=4
  [TARGET] R7 → SITE (2.04, 1.37)
[PICKUP] R10 picked up tag (density=4) | Total: 154
[DEPOSIT] R12 deposited! Total: 150
  [TARGET] R12 → SITE (2.36, 0.57)

======================================================================
Step 24000 (12.8 min) | Pickups: 154 | Deposits: 150 | Rate: 11.72 tags/min | phero_entries=4 max_w=0.479
======================================================================
R1[RTB       ]: carry=1 | base=0.72 | wall=2.90 | search=  0 | target=none
R2[RTB       ]: carry=1 | base=2.28 | wall=1.34 | search=  0 | target=none
R3[RTB       ]: carry=1 | base=2.74 | wall=0.76 | search=  0 | target=none
R4[SEARCH    ]: carry=0 | base=2.31 | wall=1.80 | search=186 | target=phero(1.95,1.61)
R5[SEARCH    ]: carry=0 | base=2.43 | wall=1.07 | search=774 | target=phero(1.75,-2.32)
R6[WALL_ESC  ]: carry=0 | base=3.31 | wall=0.33 | search=924 | target=phero(1.95,1.61)
R7[SITE      ]: carry=0 | base=0.51 | wall=3.03 | search=  0 | target=site(2.04,1.37)
R8[WALL_ESC  ]: carry=0 | base=3.36 | wall=0.34 | search=1079 | target=site(1.75,-2.32)
R9[SITE      ]: carry=0 | base=1.13 | wall=2.37 | search=  0 | target=site(0.19,-2.85)
R10[SURVEY    ]: carry=1 | base=2.31 | wall=1.19 | search=  0 | target=none
R11[WALL_ESC  ]: carry=0 | base=4.27 | wall=0.33 | search=3554 | target=phero(2.24,0.41)
R12[SITE      ]: carry=0 | base=0.35 | wall=3.15 | search=  0 | target=site(2.36,0.57)
R13[GIVE_UP   ]: carry=0 | base=0.85 | wall=2.87 | search=2808 | target=none
R14[SEARCH    ]: carry=0 | base=1.98 | wall=1.61 | search=230 | target=site(2.01,0.70)
R15[PHERO     ]: carry=0 | base=1.31 | wall=2.19 | search=  0 | target=phero(-0.10,2.82)
R16[SEARCH    ]: carry=0 | base=3.93 | wall=0.40 | search=4464 | target=site(-1.48,-1.32)

[DEPOSIT] R1 deposited! Total: 151
  [TARGET] R1 → SITE (-1.87, 1.20)
  [GIVE-UP] R13 returned empty after 2808 searching steps
  [TARGET] R13 → PHERO (2.04, 1.37)
[PICKUP] R15 picked up tag (density=12) | Total: 155

======================================================================
Step 24500 (13.1 min) | Pickups: 155 | Deposits: 151 | Rate: 11.56 tags/min | phero_entries=2 max_w=0.097
======================================================================
R1[SITE      ]: carry=0 | base=1.23 | wall=2.50 | search=  0 | target=site(-1.87,1.20)
R2[RTB       ]: carry=1 | base=0.41 | wall=3.12 | search=  0 | target=none
R3[RTB       ]: carry=1 | base=0.83 | wall=2.67 | search=  0 | target=none
R4[GIVE_UP   ]: carry=0 | base=0.57 | wall=3.02 | search=624 | target=none
R5[SEARCH    ]: carry=0 | base=2.87 | wall=1.14 | search=1274 | target=phero(1.75,-2.32)
R6[WALL_ESC  ]: carry=0 | base=3.31 | wall=0.33 | search=1424 | target=phero(1.95,1.61)
R7[SEARCH    ]: carry=0 | base=2.41 | wall=1.50 | search=  4 | target=site(2.04,1.37)
R8[WALL_ESC  ]: carry=0 | base=3.37 | wall=0.33 | search=1579 | target=site(1.75,-2.32)
R9[SEARCH    ]: carry=0 | base=2.84 | wall=0.66 | search= 62 | target=site(0.19,-2.85)
R10[RTB       ]: carry=1 | base=0.57 | wall=2.93 | search=  0 | target=none
R11[SEARCH    ]: carry=0 | base=4.27 | wall=0.39 | search=4054 | target=phero(2.24,0.41)
R12[SITE      ]: carry=0 | base=2.24 | wall=1.32 | search=  0 | target=site(2.36,0.57)
R13[PHERO     ]: carry=0 | base=0.92 | wall=2.65 | search=  0 | target=phero(2.04,1.37)
R14[SEARCH    ]: carry=0 | base=2.97 | wall=1.00 | search=730 | target=site(2.01,0.70)
R15[SURVEY    ]: carry=1 | base=2.84 | wall=0.67 | search=  0 | target=none
R16[GIVE_UP   ]: carry=0 | base=2.86 | wall=1.23 | search=4680 | target=none

[DEPOSIT] R2 deposited! Total: 152
  [TARGET] R2 → SITE (2.21, 0.86)
  [GIVE-UP] R4 returned empty after 624 searching steps
  [TARGET] R4 → PHERO (0.19, -2.85)
[DEPOSIT] R10 deposited! Total: 153
  [TARGET] R10 → SITE (0.19, 2.30)
[DEPOSIT] R3 deposited! Total: 154
  [PHERO] Laid at (-0.14, 2.84) density=13 prob=0.93 entries=3
  [TARGET] R3 → SITE (-0.14, 2.84)
[PICKUP] R16 picked up tag (density=5) | Total: 156
[PICKUP] R14 picked up tag (density=16) | Total: 157

======================================================================
Step 25000 (13.3 min) | Pickups: 157 | Deposits: 154 | Rate: 11.55 tags/min | phero_entries=3 max_w=0.342
======================================================================
R1[SEARCH    ]: carry=0 | base=2.07 | wall=1.81 | search=254 | target=site(-1.87,1.20)
R2[SITE      ]: carry=0 | base=1.54 | wall=2.08 | search=  0 | target=site(2.21,0.86)
R3[SITE      ]: carry=0 | base=1.03 | wall=2.47 | search=  0 | target=site(-0.14,2.84)
R4[PHERO     ]: carry=0 | base=0.34 | wall=3.21 | search=  0 | target=phero(0.19,-2.85)
R5[WALL_ESC  ]: carry=0 | base=4.06 | wall=0.32 | search=1774 | target=phero(1.75,-2.32)
R6[WALL_ESC  ]: carry=0 | base=3.31 | wall=0.33 | search=1924 | target=phero(1.95,1.61)
R7[SEARCH    ]: carry=0 | base=2.51 | wall=1.03 | search=504 | target=site(2.04,1.37)
R8[WALL_ESC  ]: carry=0 | base=3.36 | wall=0.34 | search=2079 | target=site(1.75,-2.32)
R9[GIVE_UP   ]: carry=0 | base=2.57 | wall=1.02 | search=468 | target=none
R10[SITE      ]: carry=0 | base=1.25 | wall=2.25 | search=  0 | target=site(0.19,2.30)
R11[SEARCH    ]: carry=0 | base=4.25 | wall=0.36 | search=4554 | target=phero(2.24,0.41)
R12[SEARCH    ]: carry=0 | base=2.99 | wall=0.53 | search=463 | target=site(2.36,0.57)
R13[SEARCH    ]: carry=0 | base=2.43 | wall=1.43 | search=104 | target=phero(2.04,1.37)
R14[RTB       ]: carry=1 | base=3.60 | wall=0.65 | search=  0 | target=none
R15[RTB       ]: carry=1 | base=1.98 | wall=1.53 | search=  0 | target=none
R16[RTB       ]: carry=1 | base=1.68 | wall=2.14 | search=  0 | target=none

[PICKUP] R13 picked up tag (density=10) | Total: 158
[DEPOSIT] R16 deposited! Total: 155
  [TARGET] R16 → SITE (-1.30, -1.69)

======================================================================
Step 25500 (13.6 min) | Pickups: 158 | Deposits: 155 | Rate: 11.40 tags/min | phero_entries=3 max_w=0.069
======================================================================
R1[SEARCH    ]: carry=0 | base=3.64 | wall=0.72 | search=754 | target=site(-1.87,1.20)
R2[SEARCH    ]: carry=0 | base=1.82 | wall=1.91 | search=298 | target=site(2.21,0.86)
R3[SITE      ]: carry=0 | base=2.54 | wall=0.97 | search=  0 | target=site(-0.14,2.84)
R4[PHERO     ]: carry=0 | base=2.12 | wall=1.39 | search=  0 | target=phero(0.19,-2.85)
R5[SEARCH    ]: carry=0 | base=3.99 | wall=0.40 | search=2274 | target=phero(1.75,-2.32)
R6[WALL_ESC  ]: carry=0 | base=3.32 | wall=0.33 | search=2424 | target=phero(1.95,1.61)
R7[SEARCH    ]: carry=0 | base=3.22 | wall=0.36 | search=1004 | target=site(2.04,1.37)
R8[WALL_ESC  ]: carry=0 | base=3.36 | wall=0.33 | search=2579 | target=site(1.75,-2.32)
R9[GIVE_UP   ]: carry=0 | base=0.65 | wall=2.87 | search=468 | target=none
R10[SEARCH    ]: carry=0 | base=2.34 | wall=1.19 | search=237 | target=site(0.19,2.30)
R11[WALL_ESC  ]: carry=0 | base=4.35 | wall=0.33 | search=5054 | target=phero(2.24,0.41)
R12[SEARCH    ]: carry=0 | base=3.13 | wall=0.39 | search=963 | target=site(2.36,0.57)
R13[RTB       ]: carry=1 | base=2.03 | wall=1.72 | search=  0 | target=none
R14[RTB       ]: carry=1 | base=1.70 | wall=2.15 | search=  0 | target=none
R15[RTB       ]: carry=1 | base=0.35 | wall=3.15 | search=  0 | target=none
R16[SITE      ]: carry=0 | base=0.30 | wall=3.26 | search=  0 | target=site(-1.30,-1.69)

[DEPOSIT] R15 deposited! Total: 156
  [PHERO] Laid at (-0.18, 2.83) density=12 prob=0.88 entries=4
  [TARGET] R15 → SITE (-0.18, 2.83)
  [GIVE-UP] R9 returned empty after 468 searching steps
  [TARGET] R9 → PHERO (-0.18, 2.83)
[PICKUP] R3 picked up tag (density=11) | Total: 159
[DEPOSIT] R14 deposited! Total: 157
  [PHERO] Laid at (2.84, 2.31) density=16 prob=0.99 entries=4
  [TARGET] R14 → SITE (2.84, 2.31)
[PICKUP] R4 picked up tag (density=7) | Total: 160
[PICKUP] R16 picked up tag (density=4) | Total: 161
[DEPOSIT] R13 deposited! Total: 158
  [TARGET] R13 → SITE (2.17, 1.31)

======================================================================
Step 26000 (13.9 min) | Pickups: 161 | Deposits: 158 | Rate: 11.39 tags/min | phero_entries=3 max_w=0.675
======================================================================
R1[WALL_ESC  ]: carry=0 | base=3.78 | wall=0.34 | search=1254 | target=site(-1.87,1.20)
R2[SEARCH    ]: carry=0 | base=0.71 | wall=2.80 | search=798 | target=site(2.21,0.86)
R3[RTB       ]: carry=1 | base=2.57 | wall=0.93 | search=  0 | target=none
R4[SURVEY    ]: carry=1 | base=2.87 | wall=0.63 | search=  0 | target=none
R5[SEARCH    ]: carry=0 | base=3.99 | wall=0.36 | search=2774 | target=phero(1.75,-2.32)
R6[GIVE_UP   ]: carry=0 | base=3.04 | wall=0.60 | search=2808 | target=none
R7[GIVE_UP   ]: carry=0 | base=1.75 | wall=1.81 | search=1092 | target=none
R8[WALL_ESC  ]: carry=0 | base=3.36 | wall=0.33 | search=3079 | target=site(1.75,-2.32)
R9[PHERO     ]: carry=0 | base=0.51 | wall=3.07 | search=  0 | target=phero(-0.18,2.83)
R10[GIVE_UP   ]: carry=0 | base=0.91 | wall=2.64 | search=312 | target=none
R11[GIVE_UP   ]: carry=0 | base=3.80 | wall=0.81 | search=5304 | target=none
R12[GIVE_UP   ]: carry=0 | base=2.65 | wall=0.87 | search=1248 | target=none
R13[BASE_ESC  ]: carry=0 | base=0.24 | wall=3.28 | search=  0 | target=site(2.17,1.31)
R14[BASE_ESC  ]: carry=0 | base=0.17 | wall=3.35 | search=  0 | target=site(2.84,2.31)
R15[SITE      ]: carry=0 | base=1.60 | wall=1.90 | search=  0 | target=site(-0.18,2.83)
R16[SURVEY    ]: carry=1 | base=1.86 | wall=2.03 | search=  0 | target=none

  [GIVE-UP] R10 returned empty after 312 searching steps
  [TARGET] R10 → PHERO (2.84, 2.31)
  [GIVE-UP] R2 returned empty after 936 searching steps
  [TARGET] R2 → PHERO (2.84, 2.31)
[PICKUP] R15 picked up tag (density=10) | Total: 162
  [GIVE-UP] R7 returned empty after 1092 searching steps
  [TARGET] R7 → PHERO (2.84, 2.31)
[PICKUP] R11 picked up tag (density=3) | Total: 163

======================================================================
Step 26500 (14.1 min) | Pickups: 163 | Deposits: 158 | Rate: 11.18 tags/min | phero_entries=3 max_w=0.136
======================================================================
R1[GIVE_UP   ]: carry=0 | base=3.18 | wall=0.85 | search=1560 | target=none
R2[PHERO     ]: carry=0 | base=0.31 | wall=3.27 | search=  0 | target=phero(2.84,2.31)
R3[RTB       ]: carry=1 | base=0.65 | wall=2.85 | search=  0 | target=none
R4[RTB       ]: carry=1 | base=1.57 | wall=1.93 | search=  0 | target=none
R5[WALL_ESC  ]: carry=0 | base=4.08 | wall=0.33 | search=3274 | target=phero(1.75,-2.32)
R6[GIVE_UP   ]: carry=0 | base=1.12 | wall=2.43 | search=2808 | target=none
R7[BASE_ESC  ]: carry=0 | base=0.25 | wall=3.28 | search=  0 | target=phero(2.84,2.31)
R8[WALL_ESC  ]: carry=0 | base=3.36 | wall=0.34 | search=3579 | target=site(1.75,-2.32)
R9[PHERO     ]: carry=0 | base=2.02 | wall=1.49 | search=  0 | target=phero(-0.18,2.83)
R10[PHERO     ]: carry=0 | base=0.92 | wall=2.78 | search=  0 | target=phero(2.84,2.31)
R11[SURVEY    ]: carry=1 | base=2.25 | wall=1.90 | search=  0 | target=none
R12[GIVE_UP   ]: carry=0 | base=0.73 | wall=2.78 | search=1248 | target=none
R13[SITE      ]: carry=0 | base=1.85 | wall=1.89 | search=  0 | target=site(2.17,1.31)
R14[SITE      ]: carry=0 | base=1.91 | wall=2.00 | search=  0 | target=site(2.84,2.31)
R15[RTB       ]: carry=1 | base=2.77 | wall=0.74 | search=  0 | target=none
R16[RTB       ]: carry=1 | base=0.54 | wall=3.06 | search=  0 | target=none

[DEPOSIT] R16 deposited! Total: 159
  [TARGET] R16 → SITE (-1.14, -1.46)
  [GIVE-UP] R12 returned empty after 1248 searching steps
  [TARGET] R12 → PHERO (2.84, 2.31)
[DEPOSIT] R3 deposited! Total: 160
  [PHERO] Laid at (-0.15, 2.90) density=11 prob=0.80 entries=4
  [TARGET] R3 → SITE (-0.15, 2.90)
[PICKUP] R14 picked up tag (density=9) | Total: 164
  [GIVE-UP] R6 returned empty after 2808 searching steps
  [TARGET] R6 → PHERO (-0.15, 2.90)
[PICKUP] R9 picked up tag (density=9) | Total: 165
[DEPOSIT] R4 deposited! Total: 161
  [TARGET] R4 → SITE (0.05, -2.87)
[PICKUP] R10 picked up tag (density=8) | Total: 166

======================================================================
Step 27000 (14.4 min) | Pickups: 166 | Deposits: 161 | Rate: 11.18 tags/min | phero_entries=3 max_w=0.308
======================================================================
R1[GIVE_UP   ]: carry=0 | base=1.26 | wall=2.45 | search=1560 | target=none
R2[PHERO     ]: carry=0 | base=1.84 | wall=2.16 | search=  0 | target=phero(2.84,2.31)
R3[SITE      ]: carry=0 | base=1.18 | wall=2.32 | search=  0 | target=site(-0.15,2.90)
R4[SITE      ]: carry=0 | base=0.38 | wall=3.12 | search=  0 | target=site(0.05,-2.87)
R5[SEARCH    ]: carry=0 | base=3.97 | wall=0.40 | search=3774 | target=phero(1.75,-2.32)
R6[PHERO     ]: carry=0 | base=0.47 | wall=3.13 | search=  0 | target=phero(-0.15,2.90)
R7[PHERO     ]: carry=0 | base=1.83 | wall=1.98 | search=  0 | target=phero(2.84,2.31)
R8[WALL_ESC  ]: carry=0 | base=3.35 | wall=0.34 | search=4079 | target=site(1.75,-2.32)
R9[SURVEY    ]: carry=1 | base=2.82 | wall=0.69 | search=  0 | target=none
R10[SURVEY    ]: carry=1 | base=2.70 | wall=1.45 | search=  0 | target=none
R11[RTB       ]: carry=1 | base=0.68 | wall=3.01 | search=  0 | target=none
R12[PHERO     ]: carry=0 | base=1.08 | wall=2.55 | search=  0 | target=phero(2.84,2.31)
R13[SEARCH    ]: carry=0 | base=2.35 | wall=1.30 | search=335 | target=site(2.17,1.31)
R14[RTB       ]: carry=1 | base=2.32 | wall=1.62 | search=  0 | target=none
R15[RTB       ]: carry=1 | base=1.02 | wall=2.48 | search=  0 | target=none
R16[SITE      ]: carry=0 | base=1.40 | wall=2.37 | search=  0 | target=site(-1.14,-1.46)

[DEPOSIT] R11 deposited! Total: 162
  [TARGET] R11 → PHERO (-0.15, 2.90)
[PICKUP] R7 picked up tag (density=7) | Total: 167
[DEPOSIT] R15 deposited! Total: 163
  [PHERO] Laid at (-0.17, 2.76) density=10 prob=0.71 entries=4
  [TARGET] R15 → SITE (-0.17, 2.76)
  [GIVE-UP] R1 returned empty after 1560 searching steps
  [TARGET] R1 → PHERO (-0.17, 2.76)
[PICKUP] R16 picked up tag (density=2) | Total: 168
[PICKUP] R12 picked up tag (density=6) | Total: 169
[PICKUP] R2 picked up tag (density=15) | Total: 170

======================================================================
Step 27500 (14.7 min) | Pickups: 170 | Deposits: 163 | Rate: 11.11 tags/min | phero_entries=4 max_w=0.383
======================================================================
R1[PHERO     ]: carry=0 | base=0.72 | wall=2.78 | search=  0 | target=phero(-0.17,2.76)
R2[SURVEY    ]: carry=1 | base=3.67 | wall=0.66 | search=  0 | target=none
R3[SEARCH    ]: carry=0 | base=2.89 | wall=0.61 | search= 43 | target=site(-0.15,2.90)
R4[SITE      ]: carry=0 | base=2.29 | wall=1.21 | search=  0 | target=site(0.05,-2.87)
R5[WALL_ESC  ]: carry=0 | base=4.07 | wall=0.31 | search=4274 | target=phero(1.75,-2.32)
R6[PHERO     ]: carry=0 | base=2.26 | wall=1.24 | search=  0 | target=phero(-0.15,2.90)
R7[RTB       ]: carry=1 | base=2.40 | wall=1.51 | search=  0 | target=none
R8[SEARCH    ]: carry=0 | base=3.33 | wall=0.35 | search=4579 | target=site(1.75,-2.32)
R9[RTB       ]: carry=1 | base=1.33 | wall=2.18 | search=  0 | target=none
R10[RTB       ]: carry=1 | base=1.69 | wall=2.17 | search=  0 | target=none
R11[PHERO     ]: carry=0 | base=0.77 | wall=2.78 | search=  0 | target=phero(-0.15,2.90)
R12[SURVEY    ]: carry=1 | base=2.67 | wall=1.39 | search=  0 | target=none
R13[SEARCH    ]: carry=0 | base=3.09 | wall=0.49 | search=835 | target=site(2.17,1.31)
R14[RTB       ]: carry=1 | base=0.44 | wall=3.14 | search=  0 | target=none
R15[SITE      ]: carry=0 | base=0.93 | wall=2.57 | search=  0 | target=site(-0.17,2.76)
R16[SURVEY    ]: carry=1 | base=1.85 | wall=2.12 | search=  0 | target=none

[DEPOSIT] R14 deposited! Total: 164
  [PHERO] Laid at (2.02, 1.61) density=9 prob=0.59 entries=5
  [TARGET] R14 → SITE (2.02, 1.61)
[PICKUP] R6 picked up tag (density=8) | Total: 171
[PICKUP] R4 picked up tag (density=6) | Total: 172
[DEPOSIT] R9 deposited! Total: 165
  [PHERO] Laid at (-0.25, 2.81) density=9 prob=0.59 entries=5
  [TARGET] R9 → SITE (-0.25, 2.81)
[DEPOSIT] R10 deposited! Total: 166
  [PHERO] Laid at (2.05, 1.75) density=8 prob=0.46 entries=6
  [TARGET] R10 → SITE (2.05, 1.75)
[DEPOSIT] R16 deposited! Total: 167
  [TARGET] R16 → SITE (-1.24, -1.39)

======================================================================
Step 28000 (14.9 min) | Pickups: 172 | Deposits: 167 | Rate: 11.18 tags/min | phero_entries=6 max_w=0.672
======================================================================
R1[PHERO     ]: carry=0 | base=2.53 | wall=0.98 | search=  0 | target=phero(-0.17,2.76)
R2[RTB       ]: carry=1 | base=2.72 | wall=1.34 | search=  0 | target=none
R3[GIVE_UP   ]: carry=0 | base=1.42 | wall=2.08 | search=156 | target=none
R4[RTB       ]: carry=1 | base=2.78 | wall=0.73 | search=  0 | target=none
R5[SEARCH    ]: carry=0 | base=4.04 | wall=0.37 | search=4774 | target=phero(1.75,-2.32)
R6[RTB       ]: carry=1 | base=2.84 | wall=0.66 | search=  0 | target=none
R7[RTB       ]: carry=1 | base=0.69 | wall=2.93 | search=  0 | target=none
R8[SEARCH    ]: carry=0 | base=3.33 | wall=0.36 | search=5079 | target=site(1.75,-2.32)
R9[SITE      ]: carry=0 | base=0.33 | wall=3.19 | search=  0 | target=site(-0.25,2.81)
R10[SITE      ]: carry=0 | base=0.28 | wall=3.27 | search=  0 | target=site(2.05,1.75)
R11[PHERO     ]: carry=0 | base=2.64 | wall=0.86 | search=  0 | target=phero(-0.15,2.90)
R12[RTB       ]: carry=1 | base=1.45 | wall=2.31 | search=  0 | target=none
R13[GIVE_UP   ]: carry=0 | base=2.70 | wall=0.98 | search=1092 | target=none
R14[SITE      ]: carry=0 | base=1.33 | wall=2.45 | search=  0 | target=site(2.02,1.61)
R15[SEARCH    ]: carry=0 | base=2.77 | wall=0.73 | search= 32 | target=site(-0.17,2.76)
R16[BASE_ESC  ]: carry=0 | base=0.22 | wall=3.33 | search=  0 | target=site(-1.24,-1.39)

[DEPOSIT] R7 deposited! Total: 168
  [TARGET] R7 → SITE (2.02, 1.51)
BATCH_RESULT pickups=172 deposits=168
