Gym has been unmaintained since 2022 and does not support NumPy 2.0 amongst other critical functionality.
Please upgrade to Gymnasium, the maintained drop-in replacement of Gym, or contact the authors of your software and request that they upgrade.
Users of this version of Gym should be able to simply replace 'import gym' with 'import gymnasium as gym' in the vast majority of cases.
See the migration guide at https://gymnasium.farama.org/introduction/migration_guide/ for additional information.
============================================================
EVALUATION MODE — CPFA-RL Trained Model
Arena: 9×9m  |  Obs space: 18 per robot × 4 robots = 72 total
============================================================

Loading model: ppo_cpfa_v9
Model loaded. Starting evaluation...

============================================================


======================================================================
Step 500 (0.3 min) | Pickups: 0 | Deposits: 0 | Rate: 0.00 tags/min | phero_entries=0 phero_max=0.000
======================================================================
R1[EXPLORE   ]: L=+1.00 R=+1.00 | carry=0 | base=0.23 ba=+0.98 | site=0 sd=0.00 sa=+0.00 | phero=0 pd=0.00 pa=+0.00 | srch=0.12 | wall=3.22
R2[EXPLORE   ]: L=+1.00 R=+1.00 | carry=0 | base=0.38 ba=-1.00 | site=0 sd=0.00 sa=+0.00 | phero=0 pd=0.00 pa=+0.00 | srch=0.12 | wall=2.08
R3[EXPLORE   ]: L=+1.00 R=+1.00 | carry=0 | base=0.17 ba=-0.60 | site=0 sd=0.00 sa=+0.00 | phero=0 pd=0.00 pa=+0.00 | srch=0.12 | wall=3.52
R4[EXPLORE   ]: L=+1.00 R=+0.68 | carry=0 | base=0.22 ba=-0.35 | site=0 sd=0.00 sa=+0.00 | phero=0 pd=0.00 pa=+0.00 | srch=0.12 | wall=3.16

[PICKUP] Robot 1 picked up tag (density=12) | Total: 1
[PICKUP] Robot 3 picked up tag (density=16) | Total: 2

======================================================================
Step 1000 (0.5 min) | Pickups: 2 | Deposits: 0 | Rate: 0.00 tags/min | phero_entries=0 phero_max=0.000
======================================================================
R1[RTB       ]: L=+1.00 R=+1.00 | carry=1 | base=0.10 ba=+0.00 | site=0 sd=0.00 sa=+0.00 | phero=0 pd=0.00 pa=+0.00 | srch=0.00 | wall=3.99
R2[WALL_ESC  ]: L=+1.00 R=+0.00 | carry=0 | base=0.66 ba=-0.60 | site=0 sd=0.00 sa=+0.00 | phero=0 pd=0.00 pa=+0.00 | srch=0.25 | wall=0.32
R3[RTB       ]: L=+1.00 R=+0.00 | carry=1 | base=0.39 ba=-0.67 | site=0 sd=0.00 sa=+0.00 | phero=0 pd=0.00 pa=+0.00 | srch=0.00 | wall=2.15
R4[EXPLORE   ]: L=+1.00 R=+0.75 | carry=0 | base=0.15 ba=-0.88 | site=0 sd=0.00 sa=+0.00 | phero=0 pd=0.00 pa=+0.00 | srch=0.25 | wall=3.64

[DEPOSIT] Robot 1 deposited! Total: 1
  [PHERO] Laid at (-1.53, -0.90) density=12 prob=1.00 total_entries=1
  [TARGET] Robot 1 → SITE (-1.53,-0.90)

======================================================================
Step 1500 (0.8 min) | Pickups: 2 | Deposits: 1 | Rate: 1.25 tags/min | phero_entries=1 phero_max=0.524
======================================================================
R1[SITE      ]: L=+1.00 R=+1.00 | carry=0 | base=0.20 ba=-0.89 | site=1 sd=0.08 sa=+0.01 | phero=0 pd=0.00 pa=+0.00 | srch=0.10 | wall=3.45
R2[EXPLORE   ]: L=+1.00 R=+1.00 | carry=0 | base=0.42 ba=-0.19 | site=0 sd=0.00 sa=+0.00 | phero=0 pd=0.00 pa=+0.00 | srch=0.38 | wall=1.89
R3[RTB       ]: L=+1.00 R=+1.00 | carry=1 | base=0.13 ba=-0.00 | site=0 sd=0.00 sa=+0.00 | phero=0 pd=0.00 pa=+0.00 | srch=0.00 | wall=3.70
R4[EXPLORE   ]: L=+1.00 R=+1.00 | carry=0 | base=0.40 ba=-0.89 | site=0 sd=0.00 sa=+0.00 | phero=0 pd=0.00 pa=+0.00 | srch=0.38 | wall=2.27

[PICKUP] Robot 1 picked up tag (density=11) | Total: 3
[DEPOSIT] Robot 3 deposited! Total: 2
  [PHERO] Laid at (0.71, -2.33) density=16 prob=1.00 total_entries=2
  [TARGET] Robot 3 → SITE (0.71,-2.33)
[PICKUP] Robot 2 picked up tag (density=12) | Total: 4
[PICKUP] Robot 4 picked up tag (density=15) | Total: 5

======================================================================
Step 2000 (1.1 min) | Pickups: 5 | Deposits: 2 | Rate: 1.88 tags/min | phero_entries=2 phero_max=0.570
======================================================================
R1[RTB       ]: L=+1.00 R=+1.00 | carry=1 | base=0.13 ba=-0.00 | site=0 sd=0.00 sa=+0.00 | phero=0 pd=0.00 pa=+0.00 | srch=0.00 | wall=3.74
R2[RTB       ]: L=+1.00 R=+1.00 | carry=1 | base=0.16 ba=-0.00 | site=0 sd=0.00 sa=+0.00 | phero=0 pd=0.00 pa=+0.00 | srch=0.00 | wall=3.60
R3[SITE      ]: L=+0.56 R=+0.56 | carry=0 | base=0.13 ba=+0.92 | site=1 sd=0.25 sa=-0.08 | phero=0 pd=0.00 pa=+0.00 | srch=0.09 | wall=3.68
R4[RTB       ]: L=+1.00 R=+1.00 | carry=1 | base=0.38 ba=-0.00 | site=0 sd=0.00 sa=+0.00 | phero=0 pd=0.00 pa=+0.00 | srch=0.00 | wall=2.16

[DEPOSIT] Robot 1 deposited! Total: 3
  [PHERO] Laid at (-1.55, -0.90) density=11 prob=1.00 total_entries=3
  [TARGET] Robot 1 → SITE (-1.55,-0.90)
[DEPOSIT] Robot 2 deposited! Total: 4
  [PHERO] Laid at (1.85, -0.91) density=12 prob=1.00 total_entries=4
  [TARGET] Robot 2 → SITE (1.85,-0.91)

======================================================================
Step 2500 (1.3 min) | Pickups: 5 | Deposits: 4 | Rate: 3.00 tags/min | phero_entries=4 phero_max=0.618
======================================================================
R1[SITE      ]: L=+1.00 R=+1.00 | carry=0 | base=0.18 ba=+1.00 | site=1 sd=0.15 sa=+0.33 | phero=0 pd=0.00 pa=+0.00 | srch=0.09 | wall=3.37
R2[SITE      ]: L=+1.00 R=+1.00 | carry=0 | base=0.14 ba=+0.98 | site=1 sd=0.18 sa=+0.03 | phero=0 pd=0.00 pa=+0.00 | srch=0.08 | wall=3.73
R3[SITE      ]: L=+0.05 R=+0.05 | carry=0 | base=0.19 ba=+0.98 | site=1 sd=0.20 sa=-0.06 | phero=0 pd=0.00 pa=+0.00 | srch=0.21 | wall=3.38
R4[RTB       ]: L=+1.00 R=+1.00 | carry=1 | base=0.08 ba=-0.00 | site=0 sd=0.00 sa=+0.00 | phero=0 pd=0.00 pa=+0.00 | srch=0.00 | wall=4.00

[DEPOSIT] Robot 4 deposited! Total: 5
  [PHERO] Laid at (0.90, -2.85) density=15 prob=1.00 total_entries=5
  [TARGET] Robot 4 → SITE (0.90,-2.85)
[PICKUP] Robot 1 picked up tag (density=10) | Total: 6

======================================================================
Step 3000 (1.6 min) | Pickups: 6 | Deposits: 5 | Rate: 3.12 tags/min | phero_entries=5 phero_max=0.504
======================================================================
R1[RTB       ]: L=+1.00 R=+1.00 | carry=1 | base=0.17 ba=+0.00 | site=0 sd=0.00 sa=+0.00 | phero=0 pd=0.00 pa=+0.00 | srch=0.00 | wall=3.52
R2[EXPLORE   ]: L=+1.00 R=+1.00 | carry=0 | base=0.40 ba=-0.81 | site=0 sd=0.00 sa=+0.00 | phero=0 pd=0.00 pa=+0.00 | srch=0.20 | wall=2.41
R3[SITE      ]: L=+0.59 R=+0.59 | carry=0 | base=0.33 ba=-0.97 | site=1 sd=0.06 sa=+0.02 | phero=0 pd=0.00 pa=+0.00 | srch=0.34 | wall=2.52
R4[SITE      ]: L=+1.00 R=+1.00 | carry=0 | base=0.22 ba=+0.98 | site=1 sd=0.26 sa=+0.15 | phero=0 pd=0.00 pa=+0.00 | srch=0.11 | wall=3.07

[PICKUP] Robot 3 picked up tag (density=14) | Total: 7
[DEPOSIT] Robot 1 deposited! Total: 6
  [PHERO] Laid at (-1.64, -0.66) density=10 prob=1.00 total_entries=6
  [TARGET] Robot 1 → SITE (-1.64,-0.66)
[PICKUP] Robot 4 picked up tag (density=13) | Total: 8

======================================================================
Step 3500 (1.9 min) | Pickups: 8 | Deposits: 6 | Rate: 3.21 tags/min | phero_entries=6 phero_max=0.637
======================================================================
R1[SITE      ]: L=+1.00 R=+0.59 | carry=0 | base=0.14 ba=-0.90 | site=1 sd=0.17 sa=-0.19 | phero=0 pd=0.00 pa=+0.00 | srch=0.07 | wall=3.82
R2[EXPLORE   ]: L=+1.00 R=+1.00 | carry=0 | base=0.66 ba=-0.88 | site=0 sd=0.00 sa=+0.00 | phero=0 pd=0.00 pa=+0.00 | srch=0.33 | wall=1.22
R3[RTB       ]: L=+1.00 R=+1.00 | carry=1 | base=0.26 ba=+0.00 | site=0 sd=0.00 sa=+0.00 | phero=0 pd=0.00 pa=+0.00 | srch=0.00 | wall=2.94
R4[RTB       ]: L=+0.94 R=+1.00 | carry=1 | base=0.41 ba=+0.02 | site=0 sd=0.00 sa=+0.00 | phero=0 pd=0.00 pa=+0.00 | srch=0.00 | wall=1.97

[DEPOSIT] Robot 3 deposited! Total: 7
  [PHERO] Laid at (0.71, -2.35) density=14 prob=1.00 total_entries=7
  [TARGET] Robot 3 → SITE (0.71,-2.35)

======================================================================
Step 4000 (2.1 min) | Pickups: 8 | Deposits: 7 | Rate: 3.28 tags/min | phero_entries=7 phero_max=0.806
======================================================================
R1[EXPLORE   ]: L=+1.00 R=+1.00 | carry=0 | base=0.38 ba=-0.93 | site=0 sd=0.00 sa=+0.00 | phero=0 pd=0.00 pa=+0.00 | srch=0.20 | wall=2.16
R2[EXPLORE   ]: L=+1.00 R=+1.00 | carry=0 | base=0.71 ba=-0.03 | site=0 sd=0.00 sa=+0.00 | phero=0 pd=0.00 pa=+0.00 | srch=0.45 | wall=0.76
R3[SITE      ]: L=+0.69 R=+0.23 | carry=0 | base=0.05 ba=-0.98 | site=1 sd=0.34 sa=-0.10 | phero=0 pd=0.00 pa=+0.00 | srch=0.03 | wall=4.25
R4[RTB       ]: L=+1.00 R=+1.00 | carry=1 | base=0.11 ba=+0.00 | site=0 sd=0.00 sa=+0.00 | phero=0 pd=0.00 pa=+0.00 | srch=0.00 | wall=3.85

[DEPOSIT] Robot 4 deposited! Total: 8
  [PHERO] Laid at (0.48, -2.69) density=13 prob=1.00 total_entries=8
  [TARGET] Robot 4 → SITE (0.48,-2.69)

======================================================================
Step 4500 (2.4 min) | Pickups: 8 | Deposits: 8 | Rate: 3.33 tags/min | phero_entries=8 phero_max=0.536
======================================================================
R1[WALL_ESC  ]: L=+0.00 R=+1.00 | carry=0 | base=0.67 ba=+0.81 | site=0 sd=0.00 sa=+0.00 | phero=0 pd=0.00 pa=+0.00 | srch=0.32 | wall=0.33
R2[EXPLORE   ]: L=+1.00 R=+1.00 | carry=0 | base=0.41 ba=-0.01 | site=0 sd=0.00 sa=+0.00 | phero=0 pd=0.00 pa=+0.00 | srch=0.58 | wall=2.32
R3[SITE      ]: L=+0.69 R=+0.70 | carry=0 | base=0.25 ba=-0.98 | site=1 sd=0.13 sa=+0.06 | phero=0 pd=0.00 pa=+0.00 | srch=0.16 | wall=2.93
R4[SITE      ]: L=+1.00 R=+1.00 | carry=0 | base=0.19 ba=-0.95 | site=1 sd=0.25 sa=+0.15 | phero=0 pd=0.00 pa=+0.00 | srch=0.10 | wall=3.31

[PICKUP] Robot 3 picked up tag (density=12) | Total: 9

======================================================================
Step 5000 (2.7 min) | Pickups: 9 | Deposits: 8 | Rate: 3.00 tags/min | phero_entries=8 phero_max=0.241
======================================================================
R1[EXPLORE   ]: L=+1.00 R=+1.00 | carry=0 | base=0.46 ba=+0.23 | site=0 sd=0.00 sa=+0.00 | phero=0 pd=0.00 pa=+0.00 | srch=0.45 | wall=1.85
R2[EXPLORE   ]: L=+1.00 R=+1.00 | carry=0 | base=0.11 ba=-0.02 | site=0 sd=0.00 sa=+0.00 | phero=0 pd=0.00 pa=+0.00 | srch=0.70 | wall=3.92
R3[RTB       ]: L=+1.00 R=+1.00 | carry=1 | base=0.29 ba=+0.00 | site=0 sd=0.00 sa=+0.00 | phero=0 pd=0.00 pa=+0.00 | srch=0.00 | wall=2.77
R4[EXPLORE   ]: L=+1.00 R=+1.00 | carry=0 | base=0.44 ba=+0.42 | site=0 sd=0.00 sa=+0.00 | phero=0 pd=0.00 pa=+0.00 | srch=0.22 | wall=1.77

[PICKUP] Robot 4 picked up tag (density=11) | Total: 10
[DEPOSIT] Robot 3 deposited! Total: 9
  [PHERO] Laid at (0.69, -2.34) density=12 prob=1.00 total_entries=9
  [TARGET] Robot 3 → SITE (0.69,-2.34)
[PICKUP] Robot 2 picked up tag (density=12) | Total: 11

======================================================================
Step 5500 (2.9 min) | Pickups: 11 | Deposits: 9 | Rate: 3.07 tags/min | phero_entries=8 phero_max=0.870
======================================================================
R1[EXPLORE   ]: L=+1.00 R=+1.00 | carry=0 | base=0.30 ba=+0.40 | site=0 sd=0.00 sa=+0.00 | phero=0 pd=0.00 pa=+0.00 | srch=0.57 | wall=2.74
R2[RTB       ]: L=+1.00 R=+0.00 | carry=1 | base=0.19 ba=-0.58 | site=0 sd=0.00 sa=+0.00 | phero=0 pd=0.00 pa=+0.00 | srch=0.00 | wall=3.34
R3[BASE_ESC  ]: L=+1.00 R=+0.00 | carry=0 | base=0.03 ba=+0.71 | site=1 sd=0.35 sa=-0.37 | phero=0 pd=0.00 pa=+0.00 | srch=0.02 | wall=4.31
R4[RTB       ]: L=+1.00 R=+1.00 | carry=1 | base=0.16 ba=+0.00 | site=0 sd=0.00 sa=+0.00 | phero=0 pd=0.00 pa=+0.00 | srch=0.00 | wall=3.51

[DEPOSIT] Robot 4 deposited! Total: 10
  [PHERO] Laid at (0.51, -2.72) density=11 prob=1.00 total_entries=9
  [TARGET] Robot 4 → SITE (0.51,-2.72)
[DEPOSIT] Robot 2 deposited! Total: 11
  [PHERO] Laid at (-0.18, -1.14) density=12 prob=1.00 total_entries=10
  [TARGET] Robot 2 → SITE (-0.18,-1.14)

======================================================================
Step 6000 (3.2 min) | Pickups: 11 | Deposits: 11 | Rate: 3.44 tags/min | phero_entries=9 phero_max=0.731
======================================================================
R1[EXPLORE   ]: L=+1.00 R=+1.00 | carry=0 | base=0.36 ba=+0.70 | site=0 sd=0.00 sa=+0.00 | phero=0 pd=0.00 pa=+0.00 | srch=0.70 | wall=2.51
R2[SITE      ]: L=+1.00 R=+1.00 | carry=0 | base=0.09 ba=+1.00 | site=1 sd=0.11 sa=+0.24 | phero=0 pd=0.00 pa=+0.00 | srch=0.05 | wall=4.02
R3[SITE      ]: L=+0.33 R=+0.34 | carry=0 | base=0.14 ba=-0.97 | site=1 sd=0.24 sa=+0.06 | phero=0 pd=0.00 pa=+0.00 | srch=0.15 | wall=3.61
R4[SITE      ]: L=+0.89 R=+0.89 | carry=0 | base=0.12 ba=-0.99 | site=1 sd=0.32 sa=+0.10 | phero=0 pd=0.00 pa=+0.00 | srch=0.08 | wall=3.73

[PICKUP] Robot 2 picked up tag (density=11) | Total: 12

======================================================================
Step 6500 (3.5 min) | Pickups: 12 | Deposits: 11 | Rate: 3.17 tags/min | phero_entries=8 phero_max=0.328
======================================================================
R1[EXPLORE   ]: L=+1.00 R=+1.00 | carry=0 | base=0.59 ba=+0.84 | site=0 sd=0.00 sa=+0.00 | phero=0 pd=0.00 pa=+0.00 | srch=0.82 | wall=1.49
R2[RTB       ]: L=+1.00 R=+1.00 | carry=1 | base=0.06 ba=+0.00 | site=0 sd=0.00 sa=+0.00 | phero=0 pd=0.00 pa=+0.00 | srch=0.00 | wall=4.15
R3[SITE      ]: L=+0.90 R=+0.90 | carry=0 | base=0.29 ba=+0.95 | site=1 sd=0.09 sa=+0.01 | phero=0 pd=0.00 pa=+0.00 | srch=0.27 | wall=2.71
R4[SITE      ]: L=+0.92 R=+1.00 | carry=0 | base=0.40 ba=+0.92 | site=1 sd=0.11 sa=+0.34 | phero=0 pd=0.00 pa=+0.00 | srch=0.20 | wall=1.98

[DEPOSIT] Robot 2 deposited! Total: 12
  [PHERO] Laid at (-0.44, -1.13) density=11 prob=1.00 total_entries=8
  [TARGET] Robot 2 → SITE (-0.44,-1.13)
[PICKUP] Robot 3 picked up tag (density=10) | Total: 13
[PICKUP] Robot 2 picked up tag (density=10) | Total: 14

======================================================================
Step 7000 (3.7 min) | Pickups: 14 | Deposits: 12 | Rate: 3.21 tags/min | phero_entries=7 phero_max=0.471
======================================================================
R1[EXPLORE   ]: L=+1.00 R=+1.00 | carry=0 | base=0.69 ba=+0.07 | site=0 sd=0.00 sa=+0.00 | phero=0 pd=0.00 pa=+0.00 | srch=0.95 | wall=0.61
R2[RTB       ]: L=+1.00 R=+0.30 | carry=1 | base=0.19 ba=-0.26 | site=0 sd=0.00 sa=+0.00 | phero=0 pd=0.00 pa=+0.00 | srch=0.00 | wall=3.38
R3[RTB       ]: L=+1.00 R=+1.00 | carry=1 | base=0.27 ba=+0.00 | site=0 sd=0.00 sa=+0.00 | phero=0 pd=0.00 pa=+0.00 | srch=0.00 | wall=2.89
R4[EXPLORE   ]: L=+1.00 R=+0.77 | carry=0 | base=0.48 ba=-0.34 | site=0 sd=0.00 sa=+0.00 | phero=0 pd=0.00 pa=+0.00 | srch=0.33 | wall=1.48

[PICKUP] Robot 4 picked up tag (density=9) | Total: 15
[DEPOSIT] Robot 2 deposited! Total: 13
  [PHERO] Laid at (-0.37, -1.13) density=10 prob=1.00 total_entries=8
  [TARGET] Robot 2 → SITE (-0.37,-1.13)
[DEPOSIT] Robot 3 deposited! Total: 14
  [PHERO] Laid at (0.73, -2.41) density=10 prob=1.00 total_entries=9
  [TARGET] Robot 3 → SITE (0.73,-2.41)

======================================================================
Step 7500 (4.0 min) | Pickups: 15 | Deposits: 14 | Rate: 3.50 tags/min | phero_entries=9 phero_max=0.825
======================================================================
R1[EXPLORE   ]: L=+1.00 R=+1.00 | carry=0 | base=0.41 ba=-0.13 | site=0 sd=0.00 sa=+0.00 | phero=0 pd=0.00 pa=+0.00 | srch=1.00 | wall=2.15
R2[SITE      ]: L=+0.91 R=+1.00 | carry=0 | base=0.11 ba=+0.90 | site=1 sd=0.09 sa=+0.15 | phero=0 pd=0.00 pa=+0.00 | srch=0.06 | wall=3.96
R3[SITE      ]: L=+1.00 R=+0.05 | carry=0 | base=0.04 ba=+0.95 | site=1 sd=0.36 sa=-0.15 | phero=0 pd=0.00 pa=+0.00 | srch=0.03 | wall=4.29
R4[RTB       ]: L=+1.00 R=+1.00 | carry=1 | base=0.26 ba=+0.00 | site=0 sd=0.00 sa=+0.00 | phero=0 pd=0.00 pa=+0.00 | srch=0.00 | wall=2.90

[PICKUP] Robot 1 picked up tag (density=11) | Total: 16
[PICKUP] Robot 2 picked up tag (density=9) | Total: 17
[DEPOSIT] Robot 4 deposited! Total: 15
  [PHERO] Laid at (0.51, -2.46) density=9 prob=1.00 total_entries=9
  [TARGET] Robot 4 → SITE (0.51,-2.46)

======================================================================
Step 8000 (4.3 min) | Pickups: 17 | Deposits: 15 | Rate: 3.52 tags/min | phero_entries=9 phero_max=0.806
======================================================================
R1[RTB       ]: L=+1.00 R=+1.00 | carry=1 | base=0.11 ba=-0.00 | site=0 sd=0.00 sa=+0.00 | phero=0 pd=0.00 pa=+0.00 | srch=0.00 | wall=3.87
R2[RTB       ]: L=+1.00 R=+1.00 | carry=1 | base=0.05 ba=+0.00 | site=0 sd=0.00 sa=+0.00 | phero=0 pd=0.00 pa=+0.00 | srch=0.00 | wall=4.20
R3[SITE      ]: L=+0.42 R=+0.45 | carry=0 | base=0.14 ba=-0.96 | site=1 sd=0.25 sa=+0.03 | phero=0 pd=0.00 pa=+0.00 | srch=0.16 | wall=3.64
R4[SITE      ]: L=+1.00 R=+0.57 | carry=0 | base=0.04 ba=-0.93 | site=1 sd=0.35 sa=-0.03 | phero=0 pd=0.00 pa=+0.00 | srch=0.03 | wall=4.25

[DEPOSIT] Robot 2 deposited! Total: 16
  [PHERO] Laid at (-0.38, -1.16) density=9 prob=1.00 total_entries=10
  [TARGET] Robot 2 → SITE (-0.38,-1.16)
[DEPOSIT] Robot 1 deposited! Total: 17
  [PHERO] Laid at (1.91, -1.06) density=11 prob=1.00 total_entries=11
  [TARGET] Robot 1 → SITE (1.91,-1.06)
[PICKUP] Robot 2 picked up tag (density=8) | Total: 18

======================================================================
Step 8500 (4.5 min) | Pickups: 18 | Deposits: 17 | Rate: 3.75 tags/min | phero_entries=9 phero_max=0.549
======================================================================
R1[SITE      ]: L=+1.00 R=+1.00 | carry=0 | base=0.20 ba=+0.97 | site=1 sd=0.17 sa=+0.20 | phero=0 pd=0.00 pa=+0.00 | srch=0.09 | wall=3.57
R2[RTB       ]: L=+1.00 R=+0.00 | carry=1 | base=0.20 ba=-0.74 | site=0 sd=0.00 sa=+0.00 | phero=0 pd=0.00 pa=+0.00 | srch=0.00 | wall=3.28
R3[SITE      ]: L=-0.20 R=+0.12 | carry=0 | base=0.28 ba=-0.91 | site=1 sd=0.12 sa=+0.06 | phero=0 pd=0.00 pa=+0.00 | srch=0.28 | wall=2.84
R4[SITE      ]: L=+1.00 R=+0.90 | carry=0 | base=0.30 ba=-0.96 | site=1 sd=0.10 sa=+0.18 | phero=0 pd=0.00 pa=+0.00 | srch=0.16 | wall=2.57

[DEPOSIT] Robot 2 deposited! Total: 18
  [PHERO] Laid at (-0.42, -1.21) density=8 prob=1.00 total_entries=10
  [TARGET] Robot 2 → SITE (-0.42,-1.21)

======================================================================
Step 9000 (4.8 min) | Pickups: 18 | Deposits: 18 | Rate: 3.75 tags/min | phero_entries=10 phero_max=0.785
======================================================================
R1[SITE      ]: L=+0.88 R=+1.00 | carry=0 | base=0.39 ba=+0.34 | site=1 sd=0.05 sa=+0.26 | phero=0 pd=0.00 pa=+0.00 | srch=0.22 | wall=2.35
R2[SITE      ]: L=+0.95 R=+1.00 | carry=0 | base=0.06 ba=-0.96 | site=1 sd=0.15 sa=+0.24 | phero=0 pd=0.00 pa=+0.00 | srch=0.04 | wall=4.22
R3[SITE      ]: L=+0.62 R=+0.62 | carry=0 | base=0.30 ba=-0.97 | site=1 sd=0.10 sa=-0.01 | phero=0 pd=0.00 pa=+0.00 | srch=0.41 | wall=2.70
R4[EXPLORE   ]: L=+1.00 R=+0.41 | carry=0 | base=0.36 ba=+0.27 | site=0 sd=0.00 sa=+0.00 | phero=0 pd=0.00 pa=+0.00 | srch=0.28 | wall=2.25

[PICKUP] Robot 4 picked up tag (density=8) | Total: 19
[PICKUP] Robot 1 picked up tag (density=10) | Total: 20
[PICKUP] Robot 2 picked up tag (density=7) | Total: 21

======================================================================
Step 9500 (5.1 min) | Pickups: 21 | Deposits: 18 | Rate: 3.55 tags/min | phero_entries=10 phero_max=0.353
======================================================================
R1[RTB       ]: L=+1.00 R=+1.00 | carry=1 | base=0.12 ba=-0.00 | site=0 sd=0.00 sa=+0.00 | phero=0 pd=0.00 pa=+0.00 | srch=0.00 | wall=3.83
R2[RTB       ]: L=+1.00 R=+1.00 | carry=1 | base=0.14 ba=+0.00 | site=0 sd=0.00 sa=+0.00 | phero=0 pd=0.00 pa=+0.00 | srch=0.00 | wall=3.62
R3[SITE      ]: L=+0.22 R=+0.21 | carry=0 | base=0.35 ba=+1.00 | site=1 sd=0.04 sa=-0.09 | phero=0 pd=0.00 pa=+0.00 | srch=0.53 | wall=2.37
R4[RTB       ]: L=+1.00 R=+1.00 | carry=1 | base=0.24 ba=+0.00 | site=0 sd=0.00 sa=+0.00 | phero=0 pd=0.00 pa=+0.00 | srch=0.00 | wall=3.06

[DEPOSIT] Robot 1 deposited! Total: 19
  [PHERO] Laid at (1.84, -1.03) density=10 prob=1.00 total_entries=11
  [TARGET] Robot 1 → SITE (1.84,-1.03)
[DEPOSIT] Robot 2 deposited! Total: 20
  [PHERO] Laid at (-0.47, -1.24) density=7 prob=0.99 total_entries=12
  [TARGET] Robot 2 → SITE (-0.47,-1.24)
[DEPOSIT] Robot 4 deposited! Total: 21
  [PHERO] Laid at (0.78, -2.36) density=8 prob=1.00 total_entries=12
  [TARGET] Robot 4 → SITE (0.78,-2.36)

======================================================================
Step 10000 (5.3 min) | Pickups: 21 | Deposits: 21 | Rate: 3.94 tags/min | phero_entries=12 phero_max=0.772
======================================================================
R1[SITE      ]: L=+1.00 R=+1.00 | carry=0 | base=0.19 ba=+0.96 | site=1 sd=0.16 sa=+0.15 | phero=0 pd=0.00 pa=+0.00 | srch=0.09 | wall=3.67
R2[SITE      ]: L=+1.00 R=+1.00 | carry=0 | base=0.16 ba=-0.94 | site=1 sd=0.05 sa=-0.03 | phero=0 pd=0.00 pa=+0.00 | srch=0.08 | wall=3.54
R3[SITE      ]: L=-0.04 R=-0.03 | carry=0 | base=0.35 ba=-0.92 | site=1 sd=0.04 sa=+0.01 | phero=0 pd=0.00 pa=+0.00 | srch=0.65 | wall=2.36
R4[SITE      ]: L=+1.00 R=+0.90 | carry=0 | base=0.05 ba=-0.81 | site=1 sd=0.34 sa=+0.13 | phero=0 pd=0.00 pa=+0.00 | srch=0.04 | wall=4.21

[PICKUP] Robot 2 picked up tag (density=6) | Total: 22
[PICKUP] Robot 1 picked up tag (density=9) | Total: 23

======================================================================
Step 10500 (5.6 min) | Pickups: 23 | Deposits: 21 | Rate: 3.75 tags/min | phero_entries=10 phero_max=0.347
======================================================================
R1[RTB       ]: L=+1.00 R=+1.00 | carry=1 | base=0.16 ba=+0.00 | site=0 sd=0.00 sa=+0.00 | phero=0 pd=0.00 pa=+0.00 | srch=0.00 | wall=3.68
R2[RTB       ]: L=+1.00 R=+1.00 | carry=1 | base=0.04 ba=-0.00 | site=0 sd=0.00 sa=+0.00 | phero=0 pd=0.00 pa=+0.00 | srch=0.00 | wall=4.27
R3[SITE      ]: L=+0.34 R=+0.33 | carry=0 | base=0.39 ba=-0.92 | site=1 sd=0.01 sa=-0.00 | phero=0 pd=0.00 pa=+0.00 | srch=0.78 | wall=2.15
R4[SITE      ]: L=+0.94 R=+1.00 | carry=0 | base=0.34 ba=+0.90 | site=1 sd=0.13 sa=+0.33 | phero=0 pd=0.00 pa=+0.00 | srch=0.17 | wall=2.32

[DEPOSIT] Robot 2 deposited! Total: 22
  [PHERO] Laid at (-0.46, -1.29) density=6 prob=0.97 total_entries=11
  [TARGET] Robot 2 → SITE (-0.46,-1.29)
[DEPOSIT] Robot 1 deposited! Total: 23
  [PHERO] Laid at (1.39, -1.19) density=9 prob=1.00 total_entries=12
  [TARGET] Robot 1 → SITE (1.39,-1.19)
[PICKUP] Robot 3 picked up tag (density=5) | Total: 24
[GIVE-UP] R4 giving up after 1140 steps

======================================================================
Step 11000 (5.9 min) | Pickups: 24 | Deposits: 23 | Rate: 3.92 tags/min | phero_entries=11 phero_max=0.620
======================================================================
R1[SITE      ]: L=+1.00 R=+1.00 | carry=0 | base=0.14 ba=-0.94 | site=1 sd=0.15 sa=-0.02 | phero=0 pd=0.00 pa=+0.00 | srch=0.07 | wall=3.74
R2[EXPLORE   ]: L=+1.00 R=+1.00 | carry=0 | base=0.25 ba=+0.95 | site=0 sd=0.00 sa=+0.00 | phero=0 pd=0.00 pa=+0.00 | srch=0.12 | wall=2.96
R3[RTB       ]: L=+1.00 R=+0.95 | carry=1 | base=0.23 ba=-0.02 | site=0 sd=0.00 sa=+0.00 | phero=0 pd=0.00 pa=+0.00 | srch=0.00 | wall=3.11
R4[GIVE_UP   ]: L=+0.00 R=+1.00 | carry=0 | base=0.48 ba=+0.52 | site=0 sd=0.00 sa=+0.00 | phero=0 pd=0.00 pa=+0.00 | srch=0.29 | wall=1.93

[GIVE-UP] R2 giving up after 574 steps
[PICKUP] Robot 2 picked up tag (density=4) | Total: 25
[DEPOSIT] Robot 3 deposited! Total: 24
  [PHERO] Laid at (-0.35, -1.58) density=5 prob=0.92 total_entries=12
  [TARGET] Robot 3 → SITE (-0.35,-1.58)

======================================================================
Step 11500 (6.1 min) | Pickups: 25 | Deposits: 24 | Rate: 3.91 tags/min | phero_entries=12 phero_max=0.738
======================================================================
R1[EXPLORE   ]: L=+1.00 R=+1.00 | carry=0 | base=0.44 ba=-0.95 | site=0 sd=0.00 sa=+0.00 | phero=0 pd=0.00 pa=+0.00 | srch=0.20 | wall=2.51
R2[RTB       ]: L=+1.00 R=+1.00 | carry=1 | base=0.11 ba=+0.00 | site=0 sd=0.00 sa=+0.00 | phero=0 pd=0.00 pa=+0.00 | srch=0.00 | wall=3.80
R3[SITE      ]: L=+1.00 R=+1.00 | carry=0 | base=0.07 ba=+0.93 | site=1 sd=0.18 sa=-0.01 | phero=0 pd=0.00 pa=+0.00 | srch=0.05 | wall=4.05
R4[GIVE_UP   ]: L=+1.00 R=+1.00 | carry=0 | base=0.21 ba=+0.00 | site=0 sd=0.00 sa=+0.00 | phero=0 pd=0.00 pa=+0.00 | srch=0.42 | wall=3.39

[DEPOSIT] Robot 2 deposited! Total: 25
  [PHERO] Laid at (-0.36, -1.57) density=4 prob=0.82 total_entries=12
  [TARGET] Robot 2 → SITE (-0.36,-1.57)
[PICKUP] Robot 3 picked up tag (density=3) | Total: 26
[EMPTY_RTN] R4 → phero(-0.36,-1.57)

======================================================================
Step 12000 (6.4 min) | Pickups: 26 | Deposits: 25 | Rate: 3.91 tags/min | phero_entries=11 phero_max=0.558
======================================================================
R1[EXPLORE   ]: L=+1.00 R=+1.00 | carry=0 | base=0.62 ba=+0.44 | site=0 sd=0.00 sa=+0.00 | phero=0 pd=0.00 pa=+0.00 | srch=0.32 | wall=1.54
R2[SITE      ]: L=+1.00 R=+1.00 | carry=0 | base=0.17 ba=+0.92 | site=1 sd=0.09 sa=-0.19 | phero=0 pd=0.00 pa=+0.00 | srch=0.09 | wall=3.45
R3[RTB       ]: L=+1.00 R=+1.00 | carry=1 | base=0.10 ba=+0.00 | site=0 sd=0.00 sa=+0.00 | phero=0 pd=0.00 pa=+0.00 | srch=0.00 | wall=3.87
R4[PHERO     ]: L=+0.47 R=+0.48 | carry=0 | base=0.05 ba=-0.67 | site=0 sd=0.00 sa=+0.00 | phero=1 pd=0.22 pa=+0.05 | srch=0.05 | wall=4.24

[PICKUP] Robot 2 picked up tag (density=2) | Total: 27
[DEPOSIT] Robot 3 deposited! Total: 26
  [PHERO] Laid at (-0.23, -1.21) density=3 prob=0.65 total_entries=12
  [TARGET] Robot 3 → SITE (-0.23,-1.21)
[DEPOSIT] Robot 2 deposited! Total: 27
  [TARGET] Robot 2 → SITE (-0.09,-1.37)

======================================================================
Step 12500 (6.7 min) | Pickups: 27 | Deposits: 27 | Rate: 4.05 tags/min | phero_entries=9 phero_max=0.528
======================================================================
R1[EXPLORE   ]: L=+1.00 R=+1.00 | carry=0 | base=0.64 ba=+0.59 | site=0 sd=0.00 sa=+0.00 | phero=0 pd=0.00 pa=+0.00 | srch=0.45 | wall=0.57
R2[BASE_ESC  ]: L=+0.00 R=+1.00 | carry=0 | base=0.04 ba=-0.07 | site=1 sd=0.18 sa=+0.97 | phero=0 pd=0.00 pa=+0.00 | srch=0.00 | wall=4.27
R3[SITE      ]: L=+0.37 R=-0.03 | carry=0 | base=0.16 ba=-0.91 | site=1 sd=0.04 sa=-0.07 | phero=0 pd=0.00 pa=+0.00 | srch=0.10 | wall=3.48
R4[PHERO     ]: L=+0.18 R=+0.42 | carry=0 | base=0.26 ba=+0.63 | site=0 sd=0.00 sa=+0.00 | phero=1 pd=0.05 pa=+0.21 | srch=0.18 | wall=2.99

[PICKUP] Robot 3 picked up tag (density=1) | Total: 28
[DEPOSIT] Robot 3 deposited! Total: 28
  [TARGET] Robot 3 → PHERO (0.78,-2.36)

======================================================================
Step 13000 (6.9 min) | Pickups: 28 | Deposits: 28 | Rate: 4.04 tags/min | phero_entries=9 phero_max=0.237
======================================================================
R1[EXPLORE   ]: L=+1.00 R=+1.00 | carry=0 | base=0.53 ba=+0.26 | site=0 sd=0.00 sa=+0.00 | phero=0 pd=0.00 pa=+0.00 | srch=0.57 | wall=1.18
R2[EXPLORE   ]: L=+1.00 R=+1.00 | carry=0 | base=0.24 ba=+0.76 | site=0 sd=0.00 sa=+0.00 | phero=0 pd=0.00 pa=+0.00 | srch=0.13 | wall=3.00
R3[BASE_ESC  ]: L=+0.00 R=+1.00 | carry=0 | base=0.04 ba=-0.23 | site=0 sd=0.00 sa=+0.00 | phero=1 pd=0.36 pa=+0.99 | srch=0.01 | wall=4.28
R4[EXPLORE   ]: L=+1.00 R=+0.88 | carry=0 | base=0.33 ba=-0.90 | site=0 sd=0.00 sa=+0.00 | phero=0 pd=0.00 pa=+0.00 | srch=0.30 | wall=2.41

[GIVE-UP] R2 giving up after 606 steps
[GIVE-UP] R1 giving up after 2640 steps

======================================================================
Step 13500 (7.2 min) | Pickups: 28 | Deposits: 28 | Rate: 3.89 tags/min | phero_entries=8 phero_max=0.107
======================================================================
R1[GIVE_UP   ]: L=+1.00 R=+1.00 | carry=0 | base=0.33 ba=+0.00 | site=0 sd=0.00 sa=+0.00 | phero=0 pd=0.00 pa=+0.00 | srch=0.70 | wall=2.67
R2[GIVE_UP   ]: L=+1.00 R=+1.00 | carry=0 | base=0.10 ba=+0.00 | site=0 sd=0.00 sa=+0.00 | phero=0 pd=0.00 pa=+0.00 | srch=0.25 | wall=3.89
R3[PHERO     ]: L=+0.97 R=+1.00 | carry=0 | base=0.26 ba=+0.90 | site=0 sd=0.00 sa=+0.00 | phero=1 pd=0.16 pa=+0.15 | srch=0.13 | wall=2.83
R4[EXPLORE   ]: L=+1.00 R=+1.00 | carry=0 | base=0.46 ba=-0.70 | site=0 sd=0.00 sa=+0.00 | phero=0 pd=0.00 pa=+0.00 | srch=0.43 | wall=1.98

[EMPTY_RTN] R2 → phero(-0.23,-1.21)
[PICKUP] Robot 4 picked up tag (density=35) | Total: 29
[PICKUP] Robot 3 picked up tag (density=7) | Total: 30
[EMPTY_RTN] R1 → phero(-0.23,-1.21)

======================================================================
Step 14000 (7.5 min) | Pickups: 30 | Deposits: 28 | Rate: 3.75 tags/min | phero_entries=6 phero_max=0.048
======================================================================
R1[BASE_ESC  ]: L=+1.00 R=+0.00 | carry=0 | base=0.04 ba=+0.16 | site=0 sd=0.00 sa=+0.00 | phero=1 pd=0.22 pa=+0.39 | srch=0.00 | wall=4.30
R2[PHERO     ]: L=+0.51 R=+1.00 | carry=0 | base=0.15 ba=-0.99 | site=0 sd=0.00 sa=+0.00 | phero=1 pd=0.04 pa=+0.05 | srch=0.10 | wall=3.55
R3[RTB       ]: L=+0.98 R=+1.00 | carry=1 | base=0.37 ba=+0.01 | site=0 sd=0.00 sa=+0.00 | phero=0 pd=0.00 pa=+0.00 | srch=0.00 | wall=2.34
R4[RTB       ]: L=+1.00 R=+1.00 | carry=1 | base=0.45 ba=-0.00 | site=0 sd=0.00 sa=+0.00 | phero=0 pd=0.00 pa=+0.00 | srch=0.00 | wall=2.43


======================================================================
Step 14500 (7.7 min) | Pickups: 30 | Deposits: 28 | Rate: 3.62 tags/min | phero_entries=5 phero_max=0.022
======================================================================
R1[PHERO     ]: L=+1.00 R=+0.95 | carry=0 | base=0.15 ba=-0.82 | site=0 sd=0.00 sa=+0.00 | phero=1 pd=0.06 pa=-0.12 | srch=0.13 | wall=3.53
R2[EXPLORE   ]: L=+1.00 R=+1.00 | carry=0 | base=0.45 ba=+0.98 | site=0 sd=0.00 sa=+0.00 | phero=0 pd=0.00 pa=+0.00 | srch=0.23 | wall=1.64
R3[RTB       ]: L=+1.00 R=+1.00 | carry=1 | base=0.06 ba=+0.00 | site=0 sd=0.00 sa=+0.00 | phero=0 pd=0.00 pa=+0.00 | srch=0.00 | wall=4.12
R4[RTB       ]: L=+1.00 R=+1.00 | carry=1 | base=0.15 ba=-0.00 | site=0 sd=0.00 sa=+0.00 | phero=0 pd=0.00 pa=+0.00 | srch=0.00 | wall=3.82

[DEPOSIT] Robot 3 deposited! Total: 29
  [PHERO] Laid at (0.85, -2.41) density=7 prob=0.99 total_entries=6
  [TARGET] Robot 3 → SITE (0.85,-2.41)
[DEPOSIT] Robot 4 deposited! Total: 30
  [PHERO] Laid at (-2.36, -2.65) density=35 prob=1.00 total_entries=7
  [TARGET] Robot 4 → SITE (-2.36,-2.65)

======================================================================
Step 15000 (8.0 min) | Pickups: 30 | Deposits: 30 | Rate: 3.75 tags/min | phero_entries=6 phero_max=0.598
======================================================================
R1[PHERO     ]: L=+1.00 R=+0.64 | carry=0 | base=0.22 ba=-0.61 | site=0 sd=0.00 sa=+0.00 | phero=1 pd=0.03 pa=-0.51 | srch=0.25 | wall=3.13
R2[EXPLORE   ]: L=+1.00 R=+1.00 | carry=0 | base=0.43 ba=-0.32 | site=0 sd=0.00 sa=+0.00 | phero=0 pd=0.00 pa=+0.00 | srch=0.35 | wall=2.10
R3[SITE      ]: L=+0.59 R=+0.58 | carry=0 | base=0.09 ba=-0.94 | site=1 sd=0.31 sa=+0.04 | phero=0 pd=0.00 pa=+0.00 | srch=0.11 | wall=3.96
R4[SITE      ]: L=+0.99 R=+1.00 | carry=0 | base=0.16 ba=+0.98 | site=1 sd=0.43 sa=+0.21 | phero=0 pd=0.00 pa=+0.00 | srch=0.08 | wall=3.53

[PICKUP] Robot 4 picked up tag (density=9) | Total: 31
[PICKUP] Robot 2 picked up tag (density=8) | Total: 32

======================================================================
Step 15500 (8.3 min) | Pickups: 32 | Deposits: 30 | Rate: 3.63 tags/min | phero_entries=5 phero_max=0.269
======================================================================
R1[PHERO     ]: L=+1.00 R=+0.91 | carry=0 | base=0.27 ba=-0.65 | site=0 sd=0.00 sa=+0.00 | phero=1 pd=0.08 pa=-0.55 | srch=0.38 | wall=2.78
R2[RTB       ]: L=+1.00 R=+0.99 | carry=1 | base=0.31 ba=-0.00 | site=0 sd=0.00 sa=+0.00 | phero=0 pd=0.00 pa=+0.00 | srch=0.00 | wall=2.70
R3[SITE      ]: L=+0.04 R=+0.03 | carry=0 | base=0.18 ba=+0.92 | site=1 sd=0.22 sa=-0.06 | phero=0 pd=0.00 pa=+0.00 | srch=0.24 | wall=3.41
R4[RTB       ]: L=+1.00 R=+1.00 | carry=1 | base=0.20 ba=+0.00 | site=0 sd=0.00 sa=+0.00 | phero=0 pd=0.00 pa=+0.00 | srch=0.00 | wall=3.31

[DEPOSIT] Robot 4 deposited! Total: 31
  [PHERO] Laid at (-1.74, -0.65) density=9 prob=1.00 total_entries=5
  [TARGET] Robot 4 → SITE (-1.74,-0.65)
[DEPOSIT] Robot 2 deposited! Total: 32
  [PHERO] Laid at (-2.03, -1.05) density=8 prob=1.00 total_entries=5
  [TARGET] Robot 2 → SITE (-2.03,-1.05)

======================================================================
Step 16000 (8.5 min) | Pickups: 32 | Deposits: 32 | Rate: 3.75 tags/min | phero_entries=5 phero_max=0.938
======================================================================
R1[PHERO     ]: L=+1.00 R=+0.86 | carry=0 | base=0.16 ba=+0.38 | site=0 sd=0.00 sa=+0.00 | phero=1 pd=0.07 pa=-0.24 | srch=0.50 | wall=3.61
R2[BASE_ESC  ]: L=+0.00 R=+1.00 | carry=0 | base=0.03 ba=-0.35 | site=1 sd=0.32 sa=+0.70 | phero=0 pd=0.00 pa=+0.00 | srch=0.01 | wall=4.29
R3[SITE      ]: L=-0.30 R=-0.32 | carry=0 | base=0.18 ba=-0.90 | site=1 sd=0.22 sa=+0.12 | phero=0 pd=0.00 pa=+0.00 | srch=0.36 | wall=3.38
R4[SITE      ]: L=+1.00 R=+0.25 | carry=0 | base=0.04 ba=-0.81 | site=1 sd=0.25 sa=+0.09 | phero=0 pd=0.00 pa=+0.00 | srch=0.06 | wall=4.29


======================================================================
Step 16500 (8.8 min) | Pickups: 32 | Deposits: 32 | Rate: 3.64 tags/min | phero_entries=4 phero_max=0.421
======================================================================
R1[EXPLORE   ]: L=+1.00 R=+1.00 | carry=0 | base=0.35 ba=-0.87 | site=0 sd=0.00 sa=+0.00 | phero=0 pd=0.00 pa=+0.00 | srch=0.63 | wall=2.56
R2[SITE      ]: L=+1.00 R=+1.00 | carry=0 | base=0.29 ba=+0.90 | site=1 sd=0.10 sa=+0.16 | phero=0 pd=0.00 pa=+0.00 | srch=0.14 | wall=2.75
R3[SITE      ]: L=+0.51 R=+0.51 | carry=0 | base=0.36 ba=-0.97 | site=1 sd=0.04 sa=+0.02 | phero=0 pd=0.00 pa=+0.00 | srch=0.49 | wall=2.36
R4[SITE      ]: L=+0.59 R=+0.66 | carry=0 | base=0.28 ba=+0.89 | site=1 sd=0.02 sa=+0.08 | phero=0 pd=0.00 pa=+0.00 | srch=0.18 | wall=2.82

[PICKUP] Robot 4 picked up tag (density=7) | Total: 33
[PICKUP] Robot 2 picked up tag (density=6) | Total: 34
[PICKUP] Robot 1 picked up tag (density=31) | Total: 35

======================================================================
Step 17000 (9.1 min) | Pickups: 35 | Deposits: 32 | Rate: 3.53 tags/min | phero_entries=4 phero_max=0.189
======================================================================
R1[RTB       ]: L=+1.00 R=+0.99 | carry=1 | base=0.50 ba=-0.00 | site=0 sd=0.00 sa=+0.00 | phero=0 pd=0.00 pa=+0.00 | srch=0.00 | wall=2.07
R2[RTB       ]: L=+1.00 R=+1.00 | carry=1 | base=0.12 ba=+0.00 | site=0 sd=0.00 sa=+0.00 | phero=0 pd=0.00 pa=+0.00 | srch=0.00 | wall=3.77
R3[SITE      ]: L=-0.10 R=-0.10 | carry=0 | base=0.38 ba=-0.99 | site=1 sd=0.02 sa=-0.06 | phero=0 pd=0.00 pa=+0.00 | srch=0.61 | wall=2.21
R4[RTB       ]: L=+1.00 R=+1.00 | carry=1 | base=0.09 ba=+0.00 | site=0 sd=0.00 sa=+0.00 | phero=0 pd=0.00 pa=+0.00 | srch=0.00 | wall=3.99

[DEPOSIT] Robot 4 deposited! Total: 33
  [PHERO] Laid at (-1.78, -0.66) density=7 prob=0.99 total_entries=5
  [TARGET] Robot 4 → SITE (-1.78,-0.66)
[DEPOSIT] Robot 2 deposited! Total: 34
  [PHERO] Laid at (-1.97, -0.66) density=6 prob=0.97 total_entries=6
  [TARGET] Robot 2 → SITE (-1.97,-0.66)
[PICKUP] Robot 3 picked up tag (density=6) | Total: 36

======================================================================
Step 17500 (9.3 min) | Pickups: 36 | Deposits: 34 | Rate: 3.64 tags/min | phero_entries=6 phero_max=0.568
======================================================================
R1[RTB       ]: L=+1.00 R=+1.00 | carry=1 | base=0.20 ba=-0.00 | site=0 sd=0.00 sa=+0.00 | phero=0 pd=0.00 pa=+0.00 | srch=0.00 | wall=3.52
R2[SITE      ]: L=+0.97 R=+1.00 | carry=0 | base=0.18 ba=+0.95 | site=1 sd=0.15 sa=+0.08 | phero=0 pd=0.00 pa=+0.00 | srch=0.09 | wall=3.36
R3[RTB       ]: L=+1.00 R=+1.00 | carry=1 | base=0.25 ba=-0.00 | site=0 sd=0.00 sa=+0.00 | phero=0 pd=0.00 pa=+0.00 | srch=0.00 | wall=2.95
R4[SITE      ]: L=+0.98 R=+1.00 | carry=0 | base=0.21 ba=-0.99 | site=1 sd=0.09 sa=+0.03 | phero=0 pd=0.00 pa=+0.00 | srch=0.10 | wall=3.26

[PICKUP] Robot 4 picked up tag (density=5) | Total: 37
[DEPOSIT] Robot 1 deposited! Total: 35
  [PHERO] Laid at (-2.18, -2.68) density=31 prob=1.00 total_entries=7
  [TARGET] Robot 1 → SITE (-2.18,-2.68)
[DEPOSIT] Robot 3 deposited! Total: 36
  [PHERO] Laid at (0.83, -2.41) density=6 prob=0.97 total_entries=8
  [TARGET] Robot 3 → SITE (0.83,-2.41)

======================================================================
Step 18000 (9.6 min) | Pickups: 37 | Deposits: 36 | Rate: 3.75 tags/min | phero_entries=8 phero_max=0.794
======================================================================
R1[SITE      ]: L=+1.00 R=+1.00 | carry=0 | base=0.11 ba=-0.95 | site=1 sd=0.45 sa=+0.25 | phero=0 pd=0.00 pa=+0.00 | srch=0.06 | wall=3.86
R2[EXPLORE   ]: L=+1.00 R=+1.00 | carry=0 | base=0.44 ba=+0.84 | site=0 sd=0.00 sa=+0.00 | phero=0 pd=0.00 pa=+0.00 | srch=0.21 | wall=2.06
R3[SITE      ]: L=+0.36 R=+0.42 | carry=0 | base=0.04 ba=+0.80 | site=1 sd=0.36 sa=-0.10 | phero=0 pd=0.00 pa=+0.00 | srch=0.04 | wall=4.24
R4[RTB       ]: L=+1.00 R=+1.00 | carry=1 | base=0.20 ba=+0.00 | site=0 sd=0.00 sa=+0.00 | phero=0 pd=0.00 pa=+0.00 | srch=0.00 | wall=3.34

[DEPOSIT] Robot 4 deposited! Total: 37
  [PHERO] Laid at (-1.90, -0.73) density=5 prob=0.92 total_entries=9
  [TARGET] Robot 4 → SITE (-1.90,-0.73)

======================================================================
Step 18500 (9.9 min) | Pickups: 37 | Deposits: 37 | Rate: 3.75 tags/min | phero_entries=9 phero_max=0.690
======================================================================
R1[SITE      ]: L=+0.98 R=+1.00 | carry=0 | base=0.40 ba=+0.93 | site=1 sd=0.28 sa=+0.35 | phero=0 pd=0.00 pa=+0.00 | srch=0.18 | wall=2.11
R2[EXPLORE   ]: L=+1.00 R=+1.00 | carry=0 | base=0.73 ba=+0.92 | site=0 sd=0.00 sa=+0.00 | phero=0 pd=0.00 pa=+0.00 | srch=0.34 | wall=1.02
R3[SITE      ]: L=+0.25 R=+0.26 | carry=0 | base=0.16 ba=-0.96 | site=1 sd=0.24 sa=+0.04 | phero=0 pd=0.00 pa=+0.00 | srch=0.16 | wall=3.56
R4[SITE      ]: L=+1.00 R=+1.00 | carry=0 | base=0.09 ba=-0.90 | site=1 sd=0.23 sa=+0.10 | phero=0 pd=0.00 pa=+0.00 | srch=0.06 | wall=3.94

[PICKUP] Robot 4 picked up tag (density=4) | Total: 38

======================================================================
Step 19000 (10.1 min) | Pickups: 38 | Deposits: 37 | Rate: 3.65 tags/min | phero_entries=7 phero_max=0.310
======================================================================
R1[SITE      ]: L=+1.00 R=+1.00 | carry=0 | base=0.66 ba=+0.77 | site=1 sd=0.19 sa=+0.52 | phero=0 pd=0.00 pa=+0.00 | srch=0.31 | wall=1.10
R2[EXPLORE   ]: L=+1.00 R=+1.00 | carry=0 | base=0.88 ba=+0.10 | site=0 sd=0.00 sa=+0.00 | phero=0 pd=0.00 pa=+0.00 | srch=0.46 | wall=0.44
R3[SITE      ]: L=+0.44 R=+0.42 | carry=0 | base=0.28 ba=+0.92 | site=1 sd=0.12 sa=-0.05 | phero=0 pd=0.00 pa=+0.00 | srch=0.29 | wall=2.77
R4[RTB       ]: L=+0.04 R=+1.00 | carry=1 | base=0.33 ba=+0.39 | site=0 sd=0.00 sa=+0.00 | phero=0 pd=0.00 pa=+0.00 | srch=0.00 | wall=2.57

[PICKUP] Robot 2 picked up tag (density=18) | Total: 39

======================================================================
Step 19500 (10.4 min) | Pickups: 39 | Deposits: 37 | Rate: 3.56 tags/min | phero_entries=7 phero_max=0.139
======================================================================
R1[SITE      ]: L=+1.00 R=+1.00 | carry=0 | base=0.79 ba=+0.44 | site=1 sd=0.25 sa=+0.48 | phero=0 pd=0.00 pa=+0.00 | srch=0.43 | wall=0.42
R2[RTB       ]: L=+0.99 R=+1.00 | carry=1 | base=0.60 ba=+0.00 | site=0 sd=0.00 sa=+0.00 | phero=0 pd=0.00 pa=+0.00 | srch=0.00 | wall=1.40
R3[SITE      ]: L=+0.21 R=+0.19 | carry=0 | base=0.38 ba=+0.98 | site=1 sd=0.02 sa=-0.08 | phero=0 pd=0.00 pa=+0.00 | srch=0.41 | wall=2.22
R4[RTB       ]: L=+1.00 R=+1.00 | carry=1 | base=0.05 ba=+0.00 | site=0 sd=0.00 sa=+0.00 | phero=0 pd=0.00 pa=+0.00 | srch=0.00 | wall=4.22

[DEPOSIT] Robot 4 deposited! Total: 38
  [TARGET] Robot 4 → PHERO (-1.90,-0.73)
[PICKUP] Robot 3 picked up tag (density=5) | Total: 40
[PICKUP] Robot 1 picked up tag (density=17) | Total: 41

======================================================================
Step 20000 (10.7 min) | Pickups: 41 | Deposits: 38 | Rate: 3.56 tags/min | phero_entries=7 phero_max=0.063
======================================================================
R1[RTB       ]: L=+1.00 R=+1.00 | carry=1 | base=0.52 ba=-0.00 | site=0 sd=0.00 sa=+0.00 | phero=0 pd=0.00 pa=+0.00 | srch=0.00 | wall=1.84
R2[RTB       ]: L=+1.00 R=+1.00 | carry=1 | base=0.30 ba=+0.00 | site=0 sd=0.00 sa=+0.00 | phero=0 pd=0.00 pa=+0.00 | srch=0.00 | wall=2.97
R3[RTB       ]: L=+1.00 R=+1.00 | carry=1 | base=0.23 ba=-0.00 | site=0 sd=0.00 sa=+0.00 | phero=0 pd=0.00 pa=+0.00 | srch=0.00 | wall=3.11
R4[PHERO     ]: L=+0.95 R=+1.00 | carry=0 | base=0.23 ba=+0.97 | site=0 sd=0.00 sa=+0.00 | phero=1 pd=0.13 pa=+0.29 | srch=0.12 | wall=3.03

[DEPOSIT] Robot 3 deposited! Total: 39
  [PHERO] Laid at (0.79, -2.48) density=5 prob=0.92 total_entries=6
  [TARGET] Robot 3 → SITE (0.79,-2.48)
[PICKUP] Robot 4 picked up tag (density=3) | Total: 42
[DEPOSIT] Robot 2 deposited! Total: 40
  [PHERO] Laid at (-2.35, -3.26) density=18 prob=1.00 total_entries=7
  [TARGET] Robot 2 → SITE (-2.35,-3.26)

======================================================================
Step 20500 (10.9 min) | Pickups: 42 | Deposits: 40 | Rate: 3.66 tags/min | phero_entries=7 phero_max=0.887
======================================================================
R1[RTB       ]: L=+1.00 R=+1.00 | carry=1 | base=0.22 ba=-0.00 | site=0 sd=0.00 sa=+0.00 | phero=0 pd=0.00 pa=+0.00 | srch=0.00 | wall=3.39
R2[BASE_ESC  ]: L=+1.00 R=+0.00 | carry=0 | base=0.03 ba=+0.64 | site=1 sd=0.60 sa=-0.41 | phero=0 pd=0.00 pa=+0.00 | srch=0.02 | wall=4.30
R3[SITE      ]: L=+1.00 R=+1.00 | carry=0 | base=0.07 ba=+0.90 | site=1 sd=0.34 sa=-0.06 | phero=0 pd=0.00 pa=+0.00 | srch=0.05 | wall=4.04
R4[RTB       ]: L=+1.00 R=+1.00 | carry=1 | base=0.27 ba=+0.00 | site=0 sd=0.00 sa=+0.00 | phero=0 pd=0.00 pa=+0.00 | srch=0.00 | wall=2.95

[DEPOSIT] Robot 1 deposited! Total: 41
  [PHERO] Laid at (-2.37, -3.24) density=17 prob=1.00 total_entries=8
  [TARGET] Robot 1 → SITE (-2.37,-3.24)
[DEPOSIT] Robot 4 deposited! Total: 42
  [PHERO] Laid at (-1.85, -0.76) density=3 prob=0.65 total_entries=9
  [TARGET] Robot 4 → SITE (-1.85,-0.76)

======================================================================
Step 21000 (11.2 min) | Pickups: 42 | Deposits: 42 | Rate: 3.75 tags/min | phero_entries=9 phero_max=0.819
======================================================================
R1[SITE      ]: L=+1.00 R=+1.00 | carry=0 | base=0.09 ba=-0.99 | site=1 sd=0.55 sa=+0.12 | phero=0 pd=0.00 pa=+0.00 | srch=0.05 | wall=4.05
R2[SITE      ]: L=+1.00 R=+1.00 | carry=0 | base=0.31 ba=-0.92 | site=1 sd=0.34 sa=-0.07 | phero=0 pd=0.00 pa=+0.00 | srch=0.14 | wall=2.67
R3[SITE      ]: L=+1.00 R=+0.99 | carry=0 | base=0.33 ba=-0.92 | site=1 sd=0.08 sa=-0.06 | phero=0 pd=0.00 pa=+0.00 | srch=0.17 | wall=2.53
R4[SITE      ]: L=+1.00 R=+0.11 | carry=0 | base=0.04 ba=+0.92 | site=1 sd=0.28 sa=-0.17 | phero=0 pd=0.00 pa=+0.00 | srch=0.03 | wall=4.29

[PICKUP] Robot 3 picked up tag (density=4) | Total: 43

======================================================================
Step 21500 (11.5 min) | Pickups: 43 | Deposits: 42 | Rate: 3.66 tags/min | phero_entries=7 phero_max=0.368
======================================================================
R1[SITE      ]: L=+1.00 R=+1.00 | carry=0 | base=0.39 ba=+0.99 | site=1 sd=0.28 sa=+0.20 | phero=0 pd=0.00 pa=+0.00 | srch=0.18 | wall=2.56
R2[SITE      ]: L=+1.00 R=+0.91 | carry=0 | base=0.60 ba=-0.83 | site=1 sd=0.07 sa=-0.21 | phero=0 pd=0.00 pa=+0.00 | srch=0.27 | wall=1.17
R3[RTB       ]: L=+1.00 R=+1.00 | carry=1 | base=0.32 ba=-0.00 | site=0 sd=0.00 sa=+0.00 | phero=0 pd=0.00 pa=+0.00 | srch=0.00 | wall=2.50
R4[SITE      ]: L=+0.82 R=+0.96 | carry=0 | base=0.31 ba=+0.74 | site=1 sd=0.02 sa=+0.15 | phero=0 pd=0.00 pa=+0.00 | srch=0.16 | wall=2.64

[PICKUP] Robot 4 picked up tag (density=2) | Total: 44
[PICKUP] Robot 2 picked up tag (density=16) | Total: 45
[DEPOSIT] Robot 3 deposited! Total: 43
  [PHERO] Laid at (0.79, -2.50) density=4 prob=0.82 total_entries=8
  [TARGET] Robot 3 → SITE (0.79,-2.50)

======================================================================
Step 22000 (11.7 min) | Pickups: 45 | Deposits: 43 | Rate: 3.66 tags/min | phero_entries=8 phero_max=0.958
======================================================================
R1[SITE      ]: L=+1.00 R=+1.00 | carry=0 | base=0.66 ba=+0.71 | site=1 sd=0.07 sa=+0.36 | phero=0 pd=0.00 pa=+0.00 | srch=0.30 | wall=1.35
R2[RTB       ]: L=+1.00 R=+1.00 | carry=1 | base=0.48 ba=+0.00 | site=0 sd=0.00 sa=+0.00 | phero=0 pd=0.00 pa=+0.00 | srch=0.00 | wall=2.02
R3[BASE_ESC  ]: L=+0.00 R=+1.00 | carry=0 | base=0.04 ba=-0.24 | site=1 sd=0.38 sa=+0.79 | phero=0 pd=0.00 pa=+0.00 | srch=0.01 | wall=4.28
R4[RTB       ]: L=+1.00 R=+1.00 | carry=1 | base=0.13 ba=+0.00 | site=0 sd=0.00 sa=+0.00 | phero=0 pd=0.00 pa=+0.00 | srch=0.00 | wall=3.77

[DEPOSIT] Robot 4 deposited! Total: 44
  [TARGET] Robot 4 → SITE (-1.91,-0.82)
[PICKUP] Robot 1 picked up tag (density=15) | Total: 46

======================================================================
Step 22500 (12.0 min) | Pickups: 46 | Deposits: 44 | Rate: 3.67 tags/min | phero_entries=6 phero_max=0.430
======================================================================
R1[RTB       ]: L=+1.00 R=+0.99 | carry=1 | base=0.56 ba=-0.00 | site=0 sd=0.00 sa=+0.00 | phero=0 pd=0.00 pa=+0.00 | srch=0.00 | wall=1.64
R2[RTB       ]: L=+1.00 R=+1.00 | carry=1 | base=0.18 ba=+0.00 | site=0 sd=0.00 sa=+0.00 | phero=0 pd=0.00 pa=+0.00 | srch=0.00 | wall=3.58
R3[SITE      ]: L=+0.99 R=+1.00 | carry=0 | base=0.24 ba=+0.96 | site=1 sd=0.18 sa=+0.02 | phero=0 pd=0.00 pa=+0.00 | srch=0.13 | wall=3.02
R4[SITE      ]: L=+1.00 R=+1.00 | carry=0 | base=0.17 ba=-0.97 | site=1 sd=0.15 sa=-0.01 | phero=0 pd=0.00 pa=+0.00 | srch=0.09 | wall=3.52

[DEPOSIT] Robot 2 deposited! Total: 45
  [PHERO] Laid at (-2.38, -3.22) density=16 prob=1.00 total_entries=6
  [TARGET] Robot 2 → SITE (-2.38,-3.22)
[PICKUP] Robot 3 picked up tag (density=3) | Total: 47

======================================================================
Step 23000 (12.3 min) | Pickups: 47 | Deposits: 45 | Rate: 3.67 tags/min | phero_entries=6 phero_max=0.651
======================================================================
R1[RTB       ]: L=+1.00 R=+1.00 | carry=1 | base=0.26 ba=-0.00 | site=0 sd=0.00 sa=+0.00 | phero=0 pd=0.00 pa=+0.00 | srch=0.00 | wall=3.19
R2[SITE      ]: L=+1.00 R=+1.00 | carry=0 | base=0.13 ba=+0.97 | site=1 sd=0.52 sa=-0.23 | phero=0 pd=0.00 pa=+0.00 | srch=0.07 | wall=3.66
R3[RTB       ]: L=+0.99 R=+1.00 | carry=1 | base=0.36 ba=+0.00 | site=0 sd=0.00 sa=+0.00 | phero=0 pd=0.00 pa=+0.00 | srch=0.00 | wall=2.32
R4[EXPLORE   ]: L=+1.00 R=+1.00 | carry=0 | base=0.47 ba=-0.99 | site=0 sd=0.00 sa=+0.00 | phero=0 pd=0.00 pa=+0.00 | srch=0.21 | wall=1.73

[DEPOSIT] Robot 1 deposited! Total: 46
  [PHERO] Laid at (-2.24, -3.18) density=15 prob=1.00 total_entries=7
  [TARGET] Robot 1 → SITE (-2.24,-3.18)

======================================================================
Step 23500 (12.5 min) | Pickups: 47 | Deposits: 46 | Rate: 3.67 tags/min | phero_entries=7 phero_max=0.801
======================================================================
R1[SITE      ]: L=+0.97 R=+1.00 | carry=0 | base=0.06 ba=-0.96 | site=1 sd=0.56 sa=+0.16 | phero=0 pd=0.00 pa=+0.00 | srch=0.03 | wall=4.21
R2[SITE      ]: L=+1.00 R=+1.00 | carry=0 | base=0.43 ba=-0.91 | site=1 sd=0.31 sa=-0.27 | phero=0 pd=0.00 pa=+0.00 | srch=0.19 | wall=1.83
R3[RTB       ]: L=+1.00 R=+1.00 | carry=1 | base=0.06 ba=+0.00 | site=0 sd=0.00 sa=+0.00 | phero=0 pd=0.00 pa=+0.00 | srch=0.00 | wall=4.12
R4[WALL_ESC  ]: L=+1.00 R=+0.51 | carry=0 | base=0.70 ba=-0.11 | site=0 sd=0.00 sa=+0.00 | phero=0 pd=0.00 pa=+0.00 | srch=0.34 | wall=0.33

[DEPOSIT] Robot 3 deposited! Total: 47
  [PHERO] Laid at (0.79, -2.51) density=3 prob=0.65 total_entries=8
  [TARGET] Robot 3 → SITE (0.79,-2.51)

======================================================================
Step 24000 (12.8 min) | Pickups: 47 | Deposits: 47 | Rate: 3.67 tags/min | phero_entries=8 phero_max=0.479
======================================================================
R1[SITE      ]: L=+1.00 R=+1.00 | carry=0 | base=0.36 ba=+0.99 | site=1 sd=0.29 sa=+0.21 | phero=0 pd=0.00 pa=+0.00 | srch=0.16 | wall=2.70
R2[SITE      ]: L=+1.00 R=+0.96 | carry=0 | base=0.70 ba=-0.80 | site=1 sd=0.17 sa=-0.47 | phero=0 pd=0.00 pa=+0.00 | srch=0.32 | wall=0.41
R3[SITE      ]: L=+1.00 R=+0.98 | carry=0 | base=0.24 ba=-0.90 | site=1 sd=0.23 sa=-0.21 | phero=0 pd=0.00 pa=+0.00 | srch=0.12 | wall=3.40
R4[EXPLORE   ]: L=+1.00 R=+0.46 | carry=0 | base=0.47 ba=+0.71 | site=0 sd=0.00 sa=+0.00 | phero=0 pd=0.00 pa=+0.00 | srch=0.46 | wall=1.71

[PICKUP] Robot 1 picked up tag (density=17) | Total: 48

======================================================================
Step 24500 (13.1 min) | Pickups: 48 | Deposits: 47 | Rate: 3.60 tags/min | phero_entries=8 phero_max=0.215
======================================================================
R1[RTB       ]: L=+0.37 R=+1.00 | carry=1 | base=0.59 ba=+0.25 | site=0 sd=0.00 sa=+0.00 | phero=0 pd=0.00 pa=+0.00 | srch=0.00 | wall=1.75
R2[SITE      ]: L=+1.00 R=+0.85 | carry=0 | base=0.65 ba=+0.10 | site=1 sd=0.05 sa=-0.27 | phero=0 pd=0.00 pa=+0.00 | srch=0.44 | wall=1.37
R3[EXPLORE   ]: L=+1.00 R=+1.00 | carry=0 | base=0.41 ba=-0.40 | site=0 sd=0.00 sa=+0.00 | phero=0 pd=0.00 pa=+0.00 | srch=0.24 | wall=1.97
R4[EXPLORE   ]: L=+1.00 R=+0.98 | carry=0 | base=0.53 ba=-0.79 | site=0 sd=0.00 sa=+0.00 | phero=0 pd=0.00 pa=+0.00 | srch=0.59 | wall=1.30

[PICKUP] Robot 2 picked up tag (density=13) | Total: 49
[GIVE-UP] R3 giving up after 1054 steps

======================================================================
Step 25000 (13.3 min) | Pickups: 49 | Deposits: 47 | Rate: 3.52 tags/min | phero_entries=6 phero_max=0.097
======================================================================
R1[RTB       ]: L=+1.00 R=+1.00 | carry=1 | base=0.30 ba=+0.00 | site=0 sd=0.00 sa=+0.00 | phero=0 pd=0.00 pa=+0.00 | srch=0.00 | wall=3.08
R2[RTB       ]: L=+1.00 R=+1.00 | carry=1 | base=0.35 ba=+0.00 | site=0 sd=0.00 sa=+0.00 | phero=0 pd=0.00 pa=+0.00 | srch=0.00 | wall=2.81
R3[GIVE_UP   ]: L=+1.00 R=+1.00 | carry=0 | base=0.17 ba=-0.00 | site=0 sd=0.00 sa=+0.00 | phero=0 pd=0.00 pa=+0.00 | srch=0.37 | wall=3.41
R4[EXPLORE   ]: L=+1.00 R=+1.00 | carry=0 | base=0.59 ba=-0.16 | site=0 sd=0.00 sa=+0.00 | phero=0 pd=0.00 pa=+0.00 | srch=0.71 | wall=0.79

[EMPTY_RTN] R3 → phero(-2.38,-3.22)
[DEPOSIT] Robot 1 deposited! Total: 48
  [PHERO] Laid at (-2.64, -2.73) density=17 prob=1.00 total_entries=5
  [TARGET] Robot 1 → SITE (-2.64,-2.73)

======================================================================
Step 25500 (13.6 min) | Pickups: 49 | Deposits: 48 | Rate: 3.53 tags/min | phero_entries=5 phero_max=0.906
======================================================================
R1[BASE_ESC  ]: L=+1.00 R=+0.00 | carry=0 | base=0.03 ba=+0.56 | site=1 sd=0.56 sa=-0.49 | phero=0 pd=0.00 pa=+0.00 | srch=0.02 | wall=4.32
R2[RTB       ]: L=+1.00 R=+1.00 | carry=1 | base=0.05 ba=+0.00 | site=0 sd=0.00 sa=+0.00 | phero=0 pd=0.00 pa=+0.00 | srch=0.00 | wall=4.27
R3[PHERO     ]: L=+0.97 R=+0.97 | carry=0 | base=0.13 ba=-0.98 | site=0 sd=0.00 sa=+0.00 | phero=1 pd=0.50 pa=-0.00 | srch=0.07 | wall=3.83
R4[EXPLORE   ]: L=+1.00 R=+1.00 | carry=0 | base=0.33 ba=-0.08 | site=0 sd=0.00 sa=+0.00 | phero=0 pd=0.00 pa=+0.00 | srch=0.84 | wall=2.44

[DEPOSIT] Robot 2 deposited! Total: 49
  [PHERO] Laid at (-2.66, -3.11) density=13 prob=1.00 total_entries=6
  [TARGET] Robot 2 → SITE (-2.66,-3.11)
[GIVE-UP] R4 giving up after 3798 steps

======================================================================
Step 26000 (13.9 min) | Pickups: 49 | Deposits: 49 | Rate: 3.53 tags/min | phero_entries=6 phero_max=0.461
======================================================================
R1[SITE      ]: L=+1.00 R=+1.00 | carry=0 | base=0.31 ba=+0.99 | site=1 sd=0.37 sa=-0.33 | phero=0 pd=0.00 pa=+0.00 | srch=0.14 | wall=2.57
R2[SITE      ]: L=+1.00 R=+1.00 | carry=0 | base=0.26 ba=+1.00 | site=1 sd=0.40 sa=+0.15 | phero=0 pd=0.00 pa=+0.00 | srch=0.12 | wall=3.10
R3[PHERO     ]: L=+1.00 R=+1.00 | carry=0 | base=0.42 ba=-0.99 | site=0 sd=0.00 sa=+0.00 | phero=1 pd=0.21 pa=+0.02 | srch=0.19 | wall=2.37
R4[GIVE_UP   ]: L=+1.00 R=+0.89 | carry=0 | base=0.08 ba=-0.04 | site=0 sd=0.00 sa=+0.00 | phero=0 pd=0.00 pa=+0.00 | srch=0.96 | wall=4.07

[EMPTY_RTN] R4 → phero(-2.64,-2.73)
[PICKUP] Robot 3 picked up tag (density=16) | Total: 50
[PICKUP] Robot 2 picked up tag (density=15) | Total: 51

======================================================================
Step 26500 (14.1 min) | Pickups: 51 | Deposits: 49 | Rate: 3.47 tags/min | phero_entries=5 phero_max=0.207
======================================================================
R1[SITE      ]: L=+1.00 R=+1.00 | carry=0 | base=0.46 ba=-0.77 | site=1 sd=0.15 sa=+0.05 | phero=0 pd=0.00 pa=+0.00 | srch=0.27 | wall=2.13
R2[RTB       ]: L=+0.85 R=+1.00 | carry=1 | base=0.44 ba=+0.06 | site=0 sd=0.00 sa=+0.00 | phero=0 pd=0.00 pa=+0.00 | srch=0.00 | wall=2.36
R3[RTB       ]: L=+1.00 R=+1.00 | carry=1 | base=0.34 ba=-0.00 | site=0 sd=0.00 sa=+0.00 | phero=0 pd=0.00 pa=+0.00 | srch=0.00 | wall=2.86
R4[PHERO     ]: L=+1.00 R=+1.00 | carry=0 | base=0.10 ba=+0.89 | site=0 sd=0.00 sa=+0.00 | phero=1 pd=0.51 pa=+0.08 | srch=0.11 | wall=3.90

[PICKUP] Robot 1 picked up tag (density=14) | Total: 52
[PICKUP] Robot 4 picked up tag (density=1) | Total: 53
[DEPOSIT] Robot 3 deposited! Total: 50
  [PHERO] Laid at (-1.97, -2.47) density=16 prob=1.00 total_entries=6
  [TARGET] Robot 3 → SITE (-1.97,-2.47)

======================================================================
Step 27000 (14.4 min) | Pickups: 53 | Deposits: 50 | Rate: 3.47 tags/min | phero_entries=6 phero_max=0.997
======================================================================
R1[RTB       ]: L=+1.00 R=+1.00 | carry=1 | base=0.28 ba=-0.00 | site=0 sd=0.00 sa=+0.00 | phero=0 pd=0.00 pa=+0.00 | srch=0.00 | wall=3.15
R2[RTB       ]: L=+1.00 R=+1.00 | carry=1 | base=0.14 ba=+0.00 | site=0 sd=0.00 sa=+0.00 | phero=0 pd=0.00 pa=+0.00 | srch=0.00 | wall=3.81
R3[BASE_ESC  ]: L=+0.00 R=+1.00 | carry=0 | base=0.04 ba=-0.02 | site=1 sd=0.46 sa=+0.98 | phero=0 pd=0.00 pa=+0.00 | srch=0.00 | wall=4.31
R4[RTB       ]: L=+0.98 R=+1.00 | carry=1 | base=0.26 ba=+0.01 | site=0 sd=0.00 sa=+0.00 | phero=0 pd=0.00 pa=+0.00 | srch=0.00 | wall=3.13

[DEPOSIT] Robot 2 deposited! Total: 51
  [PHERO] Laid at (-1.97, -2.14) density=15 prob=1.00 total_entries=6
  [TARGET] Robot 2 → SITE (-1.97,-2.14)
[DEPOSIT] Robot 4 deposited! Total: 52
  [TARGET] Robot 4 → SITE (-1.61,-0.93)
[DEPOSIT] Robot 1 deposited! Total: 53
  [PHERO] Laid at (-1.99, -2.43) density=14 prob=1.00 total_entries=7
  [TARGET] Robot 1 → SITE (-1.99,-2.43)

======================================================================
Step 27500 (14.7 min) | Pickups: 53 | Deposits: 53 | Rate: 3.61 tags/min | phero_entries=7 phero_max=0.862
======================================================================
R1[BASE_ESC  ]: L=+1.00 R=+0.32 | carry=0 | base=0.04 ba=+0.85 | site=1 sd=0.46 sa=-0.23 | phero=0 pd=0.00 pa=+0.00 | srch=0.02 | wall=4.28
R2[SITE      ]: L=+1.00 R=+1.00 | carry=0 | base=0.16 ba=-0.91 | site=1 sd=0.30 sa=+0.02 | phero=0 pd=0.00 pa=+0.00 | srch=0.08 | wall=3.68
R3[SITE      ]: L=+0.88 R=+0.89 | carry=0 | base=0.24 ba=-0.97 | site=1 sd=0.26 sa=+0.01 | phero=0 pd=0.00 pa=+0.00 | srch=0.13 | wall=3.28
R4[SITE      ]: L=+1.00 R=-0.15 | carry=0 | base=0.04 ba=+0.92 | site=1 sd=0.25 sa=-0.17 | phero=0 pd=0.00 pa=+0.00 | srch=0.03 | wall=4.32


======================================================================
Step 28000 (14.9 min) | Pickups: 53 | Deposits: 53 | Rate: 3.55 tags/min | phero_entries=5 phero_max=0.387
======================================================================
R1[SITE      ]: L=+1.00 R=+0.97 | carry=0 | base=0.33 ba=-0.87 | site=1 sd=0.19 sa=-0.06 | phero=0 pd=0.00 pa=+0.00 | srch=0.15 | wall=2.64
R2[SITE      ]: L=+1.00 R=+0.92 | carry=0 | base=0.44 ba=-0.92 | site=1 sd=0.01 sa=-0.04 | phero=0 pd=0.00 pa=+0.00 | srch=0.21 | wall=2.40
R3[SITE      ]: L=+0.73 R=+0.71 | carry=0 | base=0.48 ba=-0.88 | site=1 sd=0.02 sa=-0.02 | phero=0 pd=0.00 pa=+0.00 | srch=0.25 | wall=2.08
R4[SITE      ]: L=+0.68 R=+1.00 | carry=0 | base=0.30 ba=+0.57 | site=1 sd=0.01 sa=+0.17 | phero=0 pd=0.00 pa=+0.00 | srch=0.16 | wall=2.84

[PICKUP] Robot 2 picked up tag (density=13) | Total: 54
[PICKUP] Robot 3 picked up tag (density=21) | Total: 55
[PICKUP] Robot 1 picked up tag (density=13) | Total: 56

======================================================================
Step 28500 (15.2 min) | Pickups: 56 | Deposits: 53 | Rate: 3.49 tags/min | phero_entries=5 phero_max=0.174
======================================================================
R1[RTB       ]: L=+1.00 R=+0.99 | carry=1 | base=0.45 ba=-0.00 | site=0 sd=0.00 sa=+0.00 | phero=0 pd=0.00 pa=+0.00 | srch=0.00 | wall=2.33
R2[RTB       ]: L=+1.00 R=+1.00 | carry=1 | base=0.25 ba=-0.00 | site=0 sd=0.00 sa=+0.00 | phero=0 pd=0.00 pa=+0.00 | srch=0.00 | wall=3.39
R3[RTB       ]: L=+1.00 R=+1.00 | carry=1 | base=0.41 ba=-0.00 | site=0 sd=0.00 sa=+0.00 | phero=0 pd=0.00 pa=+0.00 | srch=0.00 | wall=2.60
R4[EXPLORE   ]: L=+1.00 R=+1.00 | carry=0 | base=0.48 ba=+0.80 | site=0 sd=0.00 sa=+0.00 | phero=0 pd=0.00 pa=+0.00 | srch=0.28 | wall=1.74

[DEPOSIT] Robot 2 deposited! Total: 54
  [PHERO] Laid at (-1.99, -2.17) density=13 prob=1.00 total_entries=6
  [TARGET] Robot 2 → SITE (-1.99,-2.17)

======================================================================
Step 29000 (15.5 min) | Pickups: 56 | Deposits: 54 | Rate: 3.49 tags/min | phero_entries=6 phero_max=0.777
======================================================================
R1[RTB       ]: L=+1.00 R=+1.00 | carry=1 | base=0.15 ba=-0.00 | site=0 sd=0.00 sa=+0.00 | phero=0 pd=0.00 pa=+0.00 | srch=0.00 | wall=3.78
R2[SITE      ]: L=+1.00 R=+1.00 | carry=0 | base=0.07 ba=+1.00 | site=1 sd=0.40 sa=+0.12 | phero=0 pd=0.00 pa=+0.00 | srch=0.04 | wall=4.13
R3[RTB       ]: L=+1.00 R=+1.00 | carry=1 | base=0.10 ba=-0.00 | site=0 sd=0.00 sa=+0.00 | phero=0 pd=0.00 pa=+0.00 | srch=0.00 | wall=4.01
R4[EXPLORE   ]: L=+1.00 R=+1.00 | carry=0 | base=0.66 ba=+0.11 | site=0 sd=0.00 sa=+0.00 | phero=0 pd=0.00 pa=+0.00 | srch=0.41 | wall=0.42

[DEPOSIT] Robot 3 deposited! Total: 55
  [PHERO] Laid at (-2.33, -2.69) density=21 prob=1.00 total_entries=7
  [TARGET] Robot 3 → SITE (-2.33,-2.69)
[DEPOSIT] Robot 1 deposited! Total: 56
  [PHERO] Laid at (-2.05, -2.48) density=13 prob=1.00 total_entries=8
  [TARGET] Robot 1 → SITE (-2.05,-2.48)

======================================================================
Step 29500 (15.7 min) | Pickups: 56 | Deposits: 56 | Rate: 3.56 tags/min | phero_entries=8 phero_max=0.607
======================================================================
R1[SITE      ]: L=+1.00 R=+1.00 | carry=0 | base=0.16 ba=+0.97 | site=1 sd=0.38 sa=-0.27 | phero=0 pd=0.00 pa=+0.00 | srch=0.08 | wall=3.49
R2[SITE      ]: L=+1.00 R=+1.00 | carry=0 | base=0.36 ba=+0.92 | site=1 sd=0.11 sa=+0.02 | phero=0 pd=0.00 pa=+0.00 | srch=0.16 | wall=2.84
R3[SITE      ]: L=+1.00 R=+1.00 | carry=0 | base=0.20 ba=+0.96 | site=1 sd=0.36 sa=+0.02 | phero=0 pd=0.00 pa=+0.00 | srch=0.10 | wall=3.56
R4[EXPLORE   ]: L=+1.00 R=+1.00 | carry=0 | base=0.59 ba=+0.57 | site=0 sd=0.00 sa=+0.00 | phero=0 pd=0.00 pa=+0.00 | srch=0.53 | wall=0.82

[PICKUP] Robot 2 picked up tag (density=11) | Total: 57
[GIVE-UP] R4 giving up after 2512 steps

======================================================================
Step 30000 (16.0 min) | Pickups: 57 | Deposits: 56 | Rate: 3.50 tags/min | phero_entries=6 phero_max=0.273
======================================================================
R1[SITE      ]: L=+1.00 R=+0.98 | carry=0 | base=0.46 ba=+0.99 | site=1 sd=0.29 sa=-0.55 | phero=0 pd=0.00 pa=+0.00 | srch=0.20 | wall=1.58
R2[RTB       ]: L=+1.00 R=+1.00 | carry=1 | base=0.38 ba=+0.00 | site=0 sd=0.00 sa=+0.00 | phero=0 pd=0.00 pa=+0.00 | srch=0.00 | wall=2.65
R3[SITE      ]: L=+1.00 R=+1.00 | carry=0 | base=0.50 ba=+0.95 | site=1 sd=0.06 sa=-0.11 | phero=0 pd=0.00 pa=+0.00 | srch=0.22 | wall=2.06
R4[GIVE_UP   ]: L=+0.98 R=+1.00 | carry=0 | base=0.64 ba=+0.01 | site=0 sd=0.00 sa=+0.00 | phero=0 pd=0.00 pa=+0.00 | srch=0.66 | wall=0.99

[PICKUP] Robot 3 picked up tag (density=18) | Total: 58
[GIVE-UP] R4 giving up after 3058 steps

======================================================================
Step 30500 (16.3 min) | Pickups: 58 | Deposits: 56 | Rate: 3.44 tags/min | phero_entries=6 phero_max=0.123
======================================================================
R1[SITE      ]: L=+1.00 R=+0.94 | carry=0 | base=0.61 ba=-0.51 | site=1 sd=0.14 sa=-0.29 | phero=0 pd=0.00 pa=+0.00 | srch=0.33 | wall=1.15
R2[RTB       ]: L=+1.00 R=+1.00 | carry=1 | base=0.07 ba=+0.00 | site=0 sd=0.00 sa=+0.00 | phero=0 pd=0.00 pa=+0.00 | srch=0.00 | wall=4.13
R3[RTB       ]: L=+1.00 R=+1.00 | carry=1 | base=0.38 ba=-0.00 | site=0 sd=0.00 sa=+0.00 | phero=0 pd=0.00 pa=+0.00 | srch=0.00 | wall=2.68
R4[GIVE_UP   ]: L=+1.00 R=+1.00 | carry=0 | base=0.34 ba=+0.00 | site=0 sd=0.00 sa=+0.00 | phero=0 pd=0.00 pa=+0.00 | srch=0.78 | wall=2.65

[DEPOSIT] Robot 2 deposited! Total: 57
  [PHERO] Laid at (-2.04, -2.31) density=11 prob=1.00 total_entries=7
  [TARGET] Robot 2 → SITE (-2.04,-2.31)
[GIVE-UP] R1 giving up after 1734 steps
[EMPTY_RTN] R4 → phero(-2.04,-2.31)

======================================================================
Step 31000 (16.5 min) | Pickups: 58 | Deposits: 57 | Rate: 3.45 tags/min | phero_entries=7 phero_max=0.494
======================================================================
R1[GIVE_UP   ]: L=+1.00 R=+0.99 | carry=0 | base=0.38 ba=-0.00 | site=0 sd=0.00 sa=+0.00 | phero=0 pd=0.00 pa=+0.00 | srch=0.45 | wall=2.76
R2[SITE      ]: L=+1.00 R=+0.26 | carry=0 | base=0.23 ba=-0.92 | site=1 sd=0.31 sa=-0.23 | phero=0 pd=0.00 pa=+0.00 | srch=0.11 | wall=3.03
R3[RTB       ]: L=+1.00 R=+1.00 | carry=1 | base=0.08 ba=-0.00 | site=0 sd=0.00 sa=+0.00 | phero=0 pd=0.00 pa=+0.00 | srch=0.00 | wall=4.12
R4[BASE_ESC  ]: L=+1.00 R=+0.00 | carry=0 | base=0.04 ba=+0.14 | site=0 sd=0.00 sa=+0.00 | phero=1 pd=0.47 pa=+0.71 | srch=0.00 | wall=4.30

[DEPOSIT] Robot 3 deposited! Total: 58
  [PHERO] Laid at (-2.26, -2.73) density=18 prob=1.00 total_entries=8
  [TARGET] Robot 3 → SITE (-2.26,-2.73)

======================================================================
Step 31500 (16.8 min) | Pickups: 58 | Deposits: 58 | Rate: 3.45 tags/min | phero_entries=6 phero_max=0.501
======================================================================
R1[GIVE_UP   ]: L=+1.00 R=+1.00 | carry=0 | base=0.08 ba=-0.00 | site=0 sd=0.00 sa=+0.00 | phero=0 pd=0.00 pa=+0.00 | srch=0.58 | wall=4.12
R2[SITE      ]: L=+0.57 R=+0.56 | carry=0 | base=0.37 ba=-0.83 | site=1 sd=0.13 sa=-0.02 | phero=0 pd=0.00 pa=+0.00 | srch=0.24 | wall=2.50
R3[SITE      ]: L=+0.99 R=+1.00 | carry=0 | base=0.22 ba=+0.95 | site=1 sd=0.34 sa=+0.03 | phero=0 pd=0.00 pa=+0.00 | srch=0.11 | wall=3.43
R4[PHERO     ]: L=+0.64 R=+0.64 | carry=0 | base=0.12 ba=-0.88 | site=0 sd=0.00 sa=+0.00 | phero=1 pd=0.37 pa=+0.06 | srch=0.13 | wall=3.88

[EMPTY_RTN] R1 → phero(-2.26,-2.73)

======================================================================
Step 32000 (17.1 min) | Pickups: 58 | Deposits: 58 | Rate: 3.40 tags/min | phero_entries=5 phero_max=0.225
======================================================================
R1[PHERO     ]: L=+1.00 R=+1.00 | carry=0 | base=0.23 ba=-0.98 | site=0 sd=0.00 sa=+0.00 | phero=1 pd=0.40 pa=+0.33 | srch=0.11 | wall=3.09
R2[SITE      ]: L=+0.29 R=+0.29 | carry=0 | base=0.40 ba=-0.86 | site=1 sd=0.10 sa=-0.05 | phero=0 pd=0.00 pa=+0.00 | srch=0.36 | wall=2.42
R3[SITE      ]: L=+0.99 R=+1.00 | carry=0 | base=0.47 ba=+0.94 | site=1 sd=0.09 sa=+0.01 | phero=0 pd=0.00 pa=+0.00 | srch=0.23 | wall=2.27
R4[PHERO     ]: L=+0.97 R=+1.00 | carry=0 | base=0.39 ba=+0.97 | site=0 sd=0.00 sa=+0.00 | phero=1 pd=0.10 pa=+0.08 | srch=0.25 | wall=2.73

[PICKUP] Robot 4 picked up tag (density=10) | Total: 59
[PICKUP] Robot 2 picked up tag (density=9) | Total: 60

======================================================================
Step 32500 (17.3 min) | Pickups: 60 | Deposits: 58 | Rate: 3.35 tags/min | phero_entries=5 phero_max=0.101
======================================================================
R1[PHERO     ]: L=+1.00 R=+1.00 | carry=0 | base=0.52 ba=+0.92 | site=0 sd=0.00 sa=+0.00 | phero=1 pd=0.27 pa=+0.45 | srch=0.23 | wall=1.44
R2[RTB       ]: L=+1.00 R=+1.00 | carry=1 | base=0.40 ba=-0.00 | site=0 sd=0.00 sa=+0.00 | phero=0 pd=0.00 pa=+0.00 | srch=0.00 | wall=2.67
R3[EXPLORE   ]: L=+0.52 R=-0.03 | carry=0 | base=0.55 ba=+0.97 | site=0 sd=0.00 sa=+0.00 | phero=0 pd=0.00 pa=+0.00 | srch=0.36 | wall=1.78
R4[RTB       ]: L=+1.00 R=+1.00 | carry=1 | base=0.31 ba=+0.00 | site=0 sd=0.00 sa=+0.00 | phero=0 pd=0.00 pa=+0.00 | srch=0.00 | wall=3.00

[DEPOSIT] Robot 4 deposited! Total: 59
  [PHERO] Laid at (-2.04, -2.20) density=10 prob=1.00 total_entries=6
  [TARGET] Robot 4 → SITE (-2.04,-2.20)

======================================================================
Step 33000 (17.6 min) | Pickups: 60 | Deposits: 59 | Rate: 3.35 tags/min | phero_entries=6 phero_max=0.922
======================================================================
R1[PHERO     ]: L=+1.00 R=+1.00 | carry=0 | base=0.74 ba=+0.43 | site=0 sd=0.00 sa=+0.00 | phero=1 pd=0.28 pa=+0.21 | srch=0.36 | wall=0.49
R2[RTB       ]: L=+1.00 R=+1.00 | carry=1 | base=0.09 ba=-0.00 | site=0 sd=0.00 sa=+0.00 | phero=0 pd=0.00 pa=+0.00 | srch=0.00 | wall=4.07
R3[EXPLORE   ]: L=+1.00 R=+0.23 | carry=0 | base=0.56 ba=+0.85 | site=0 sd=0.00 sa=+0.00 | phero=0 pd=0.00 pa=+0.00 | srch=0.48 | wall=1.67
R4[BASE_ESC  ]: L=+1.00 R=+0.00 | carry=0 | base=0.03 ba=+0.46 | site=1 sd=0.44 sa=-0.58 | phero=0 pd=0.00 pa=+0.00 | srch=0.01 | wall=4.32

[PICKUP] Robot 3 picked up tag (density=13) | Total: 61
[DEPOSIT] Robot 2 deposited! Total: 60
  [PHERO] Laid at (-2.05, -2.32) density=9 prob=1.00 total_entries=7
  [TARGET] Robot 2 → SITE (-2.05,-2.32)
[PICKUP] Robot 1 picked up tag (density=9) | Total: 62

======================================================================
Step 33500 (17.9 min) | Pickups: 62 | Deposits: 60 | Rate: 3.36 tags/min | phero_entries=5 phero_max=0.520
======================================================================
R1[RTB       ]: L=+0.95 R=+1.00 | carry=1 | base=0.62 ba=+0.02 | site=0 sd=0.00 sa=+0.00 | phero=0 pd=0.00 pa=+0.00 | srch=0.00 | wall=1.42
R2[SITE      ]: L=+0.97 R=+1.00 | carry=0 | base=0.22 ba=+0.94 | site=1 sd=0.30 sa=+0.17 | phero=0 pd=0.00 pa=+0.00 | srch=0.10 | wall=3.25
R3[RTB       ]: L=+1.00 R=+1.00 | carry=1 | base=0.33 ba=+0.00 | site=0 sd=0.00 sa=+0.00 | phero=0 pd=0.00 pa=+0.00 | srch=0.00 | wall=2.82
R4[SITE      ]: L=+1.00 R=+1.00 | carry=0 | base=0.30 ba=-0.97 | site=1 sd=0.18 sa=+0.01 | phero=0 pd=0.00 pa=+0.00 | srch=0.14 | wall=3.09

[PICKUP] Robot 4 picked up tag (density=8) | Total: 63
[DEPOSIT] Robot 3 deposited! Total: 61
  [PHERO] Laid at (-2.19, -2.83) density=13 prob=1.00 total_entries=5
  [TARGET] Robot 3 → SITE (-2.19,-2.83)

======================================================================
Step 34000 (18.1 min) | Pickups: 63 | Deposits: 61 | Rate: 3.36 tags/min | phero_entries=5 phero_max=0.962
======================================================================
R1[RTB       ]: L=+1.00 R=+1.00 | carry=1 | base=0.32 ba=+0.00 | site=0 sd=0.00 sa=+0.00 | phero=0 pd=0.00 pa=+0.00 | srch=0.00 | wall=2.91
R2[SITE      ]: L=+1.00 R=+1.00 | carry=0 | base=0.47 ba=+0.71 | site=1 sd=0.02 sa=+0.06 | phero=0 pd=0.00 pa=+0.00 | srch=0.23 | wall=2.33
R3[BASE_ESC  ]: L=+1.00 R=+0.00 | carry=0 | base=0.04 ba=+0.25 | site=1 sd=0.53 sa=-0.77 | phero=0 pd=0.00 pa=+0.00 | srch=0.01 | wall=4.31
R4[RTB       ]: L=+0.98 R=+1.00 | carry=1 | base=0.45 ba=+0.01 | site=0 sd=0.00 sa=+0.00 | phero=0 pd=0.00 pa=+0.00 | srch=0.00 | wall=2.31

[DEPOSIT] Robot 1 deposited! Total: 62
  [PHERO] Laid at (-2.59, -3.15) density=9 prob=1.00 total_entries=6
  [TARGET] Robot 1 → SITE (-2.59,-3.15)

======================================================================
Step 34500 (18.4 min) | Pickups: 63 | Deposits: 62 | Rate: 3.37 tags/min | phero_entries=6 phero_max=0.953
======================================================================
R1[BASE_ESC  ]: L=+1.00 R=+0.00 | carry=0 | base=0.03 ba=+0.30 | site=1 sd=0.61 sa=-0.71 | phero=0 pd=0.00 pa=+0.00 | srch=0.01 | wall=4.32
R2[EXPLORE   ]: L=+1.00 R=+1.00 | carry=0 | base=0.68 ba=+0.79 | site=0 sd=0.00 sa=+0.00 | phero=0 pd=0.00 pa=+0.00 | srch=0.35 | wall=0.49
R3[SITE      ]: L=+0.96 R=+0.94 | carry=0 | base=0.15 ba=+0.94 | site=1 sd=0.42 sa=-0.13 | phero=0 pd=0.00 pa=+0.00 | srch=0.13 | wall=3.66
R4[RTB       ]: L=+1.00 R=+1.00 | carry=1 | base=0.15 ba=+0.00 | site=0 sd=0.00 sa=+0.00 | phero=0 pd=0.00 pa=+0.00 | srch=0.00 | wall=3.76

[DEPOSIT] Robot 4 deposited! Total: 63
  [PHERO] Laid at (-2.11, -2.28) density=8 prob=1.00 total_entries=7
  [TARGET] Robot 4 → SITE (-2.11,-2.28)

======================================================================
Step 35000 (18.7 min) | Pickups: 63 | Deposits: 63 | Rate: 3.38 tags/min | phero_entries=6 phero_max=0.607
======================================================================
R1[SITE      ]: L=+1.00 R=+1.00 | carry=0 | base=0.29 ba=+0.99 | site=1 sd=0.42 sa=-0.31 | phero=0 pd=0.00 pa=+0.00 | srch=0.13 | wall=2.67
R2[EXPLORE   ]: L=+1.00 R=+1.00 | carry=0 | base=0.49 ba=+0.17 | site=0 sd=0.00 sa=+0.00 | phero=0 pd=0.00 pa=+0.00 | srch=0.48 | wall=1.41
R3[SITE      ]: L=+0.66 R=+0.65 | carry=0 | base=0.36 ba=-0.92 | site=1 sd=0.21 sa=+0.03 | phero=0 pd=0.00 pa=+0.00 | srch=0.26 | wall=2.62
R4[SITE      ]: L=+1.00 R=+0.99 | carry=0 | base=0.15 ba=-0.95 | site=1 sd=0.34 sa=+0.02 | phero=0 pd=0.00 pa=+0.00 | srch=0.08 | wall=3.77


======================================================================
Step 35500 (18.9 min) | Pickups: 63 | Deposits: 63 | Rate: 3.33 tags/min | phero_entries=5 phero_max=0.273
======================================================================
R1[SITE      ]: L=+1.00 R=+1.00 | carry=0 | base=0.53 ba=-0.77 | site=1 sd=0.15 sa=-0.05 | phero=0 pd=0.00 pa=+0.00 | srch=0.26 | wall=1.53
R2[EXPLORE   ]: L=+1.00 R=+1.00 | carry=0 | base=0.28 ba=+0.35 | site=0 sd=0.00 sa=+0.00 | phero=0 pd=0.00 pa=+0.00 | srch=0.60 | wall=2.87
R3[EXPLORE   ]: L=+1.00 R=+1.00 | carry=0 | base=0.56 ba=+0.95 | site=0 sd=0.00 sa=+0.00 | phero=0 pd=0.00 pa=+0.00 | srch=0.38 | wall=1.68
R4[SITE      ]: L=+0.88 R=+1.00 | carry=0 | base=0.45 ba=+0.98 | site=1 sd=0.05 sa=+0.18 | phero=0 pd=0.00 pa=+0.00 | srch=0.20 | wall=2.44

[PICKUP] Robot 3 picked up tag (density=10) | Total: 64
[PICKUP] Robot 4 picked up tag (density=7) | Total: 65

======================================================================
Step 36000 (19.2 min) | Pickups: 65 | Deposits: 63 | Rate: 3.28 tags/min | phero_entries=5 phero_max=0.123
======================================================================
R1[EXPLORE   ]: L=+1.00 R=+1.00 | carry=0 | base=0.67 ba=-0.58 | site=0 sd=0.00 sa=+0.00 | phero=0 pd=0.00 pa=+0.00 | srch=0.38 | wall=1.21
R2[EXPLORE   ]: L=+1.00 R=+1.00 | carry=0 | base=0.31 ba=+0.70 | site=0 sd=0.00 sa=+0.00 | phero=0 pd=0.00 pa=+0.00 | srch=0.73 | wall=2.56
R3[RTB       ]: L=+1.00 R=+1.00 | carry=1 | base=0.34 ba=+0.00 | site=0 sd=0.00 sa=+0.00 | phero=0 pd=0.00 pa=+0.00 | srch=0.00 | wall=2.74
R4[RTB       ]: L=+1.00 R=+1.00 | carry=1 | base=0.26 ba=+0.00 | site=0 sd=0.00 sa=+0.00 | phero=0 pd=0.00 pa=+0.00 | srch=0.00 | wall=3.29

[GIVE-UP] R2 giving up after 3123 steps
[DEPOSIT] Robot 4 deposited! Total: 64
  [PHERO] Laid at (-2.15, -2.09) density=7 prob=0.99 total_entries=6
  [TARGET] Robot 4 → SITE (-2.15,-2.09)

======================================================================
Step 36500 (19.5 min) | Pickups: 65 | Deposits: 64 | Rate: 3.29 tags/min | phero_entries=6 phero_max=0.811
======================================================================
R1[EXPLORE   ]: L=+1.00 R=+1.00 | carry=0 | base=0.68 ba=-0.39 | site=0 sd=0.00 sa=+0.00 | phero=0 pd=0.00 pa=+0.00 | srch=0.51 | wall=0.44
R2[GIVE_UP   ]: L=+1.00 R=+1.00 | carry=0 | base=0.27 ba=+0.00 | site=0 sd=0.00 sa=+0.00 | phero=0 pd=0.00 pa=+0.00 | srch=0.85 | wall=2.80
R3[RTB       ]: L=+0.99 R=+1.00 | carry=1 | base=0.04 ba=+0.00 | site=0 sd=0.00 sa=+0.00 | phero=0 pd=0.00 pa=+0.00 | srch=0.00 | wall=4.28
R4[SITE      ]: L=+1.00 R=+1.00 | carry=0 | base=0.04 ba=-0.99 | site=1 sd=0.43 sa=-0.12 | phero=0 pd=0.00 pa=+0.00 | srch=0.03 | wall=4.24

[DEPOSIT] Robot 3 deposited! Total: 65
  [PHERO] Laid at (-2.20, -2.86) density=10 prob=1.00 total_entries=7
  [TARGET] Robot 3 → SITE (-2.20,-2.86)
[PICKUP] Robot 2 picked up tag (density=12) | Total: 66
[DEPOSIT] Robot 2 deposited! Total: 66
  [PHERO] Laid at (1.61, 0.37) density=12 prob=1.00 total_entries=8
  [TARGET] Robot 2 → SITE (1.61,0.37)

======================================================================
Step 37000 (19.7 min) | Pickups: 66 | Deposits: 66 | Rate: 3.34 tags/min | phero_entries=8 phero_max=0.840
======================================================================
R1[EXPLORE   ]: L=+1.00 R=+1.00 | carry=0 | base=0.51 ba=-0.27 | site=0 sd=0.00 sa=+0.00 | phero=0 pd=0.00 pa=+0.00 | srch=0.63 | wall=1.25
R2[SITE      ]: L=+1.00 R=+0.57 | carry=0 | base=0.04 ba=+0.90 | site=1 sd=0.22 sa=-0.18 | phero=0 pd=0.00 pa=+0.00 | srch=0.03 | wall=4.28
R3[SITE      ]: L=+0.91 R=+0.89 | carry=0 | base=0.25 ba=-0.98 | site=1 sd=0.32 sa=+0.04 | phero=0 pd=0.00 pa=+0.00 | srch=0.12 | wall=3.30
R4[SITE      ]: L=+0.70 R=+0.75 | carry=0 | base=0.30 ba=-1.00 | site=1 sd=0.17 sa=+0.03 | phero=0 pd=0.00 pa=+0.00 | srch=0.16 | wall=3.08

[PICKUP] Robot 1 picked up tag (density=16) | Total: 67
[PICKUP] Robot 2 picked up tag (density=11) | Total: 68
[PICKUP] Robot 4 picked up tag (density=6) | Total: 69

======================================================================
Step 37500 (20.0 min) | Pickups: 69 | Deposits: 66 | Rate: 3.30 tags/min | phero_entries=6 phero_max=0.377
======================================================================
R1[RTB       ]: L=+1.00 R=+1.00 | carry=1 | base=0.27 ba=-0.00 | site=0 sd=0.00 sa=+0.00 | phero=0 pd=0.00 pa=+0.00 | srch=0.00 | wall=2.83
R2[RTB       ]: L=+1.00 R=+1.00 | carry=1 | base=0.10 ba=-0.00 | site=0 sd=0.00 sa=+0.00 | phero=0 pd=0.00 pa=+0.00 | srch=0.00 | wall=3.89
R3[SITE      ]: L=+0.39 R=+0.38 | carry=0 | base=0.49 ba=+0.91 | site=1 sd=0.08 sa=-0.08 | phero=0 pd=0.00 pa=+0.00 | srch=0.25 | wall=2.04
R4[RTB       ]: L=+0.84 R=+1.00 | carry=1 | base=0.47 ba=+0.06 | site=0 sd=0.00 sa=+0.00 | phero=0 pd=0.00 pa=+0.00 | srch=0.00 | wall=2.38

[DEPOSIT] Robot 2 deposited! Total: 67
  [PHERO] Laid at (1.08, 0.40) density=11 prob=1.00 total_entries=7
  [TARGET] Robot 2 → SITE (1.08,0.40)
[DEPOSIT] Robot 1 deposited! Total: 68
  [PHERO] Laid at (-2.82, 0.42) density=16 prob=1.00 total_entries=8
  [TARGET] Robot 1 → SITE (-2.82,0.42)
[PICKUP] Robot 2 picked up tag (density=10) | Total: 70

======================================================================
Step 38000 (20.3 min) | Pickups: 70 | Deposits: 68 | Rate: 3.36 tags/min | phero_entries=8 phero_max=0.821
======================================================================
R1[SITE      ]: L=+1.00 R=+1.00 | carry=0 | base=0.05 ba=-0.89 | site=1 sd=0.40 sa=+0.23 | phero=0 pd=0.00 pa=+0.00 | srch=0.03 | wall=4.24
R2[RTB       ]: L=+0.00 R=+1.00 | carry=1 | base=0.18 ba=+0.61 | site=0 sd=0.00 sa=+0.00 | phero=0 pd=0.00 pa=+0.00 | srch=0.00 | wall=3.40
R3[SITE      ]: L=-0.08 R=-0.07 | carry=0 | base=0.51 ba=+0.88 | site=1 sd=0.06 sa=-0.13 | phero=0 pd=0.00 pa=+0.00 | srch=0.37 | wall=1.94
R4[RTB       ]: L=+1.00 R=+1.00 | carry=1 | base=0.17 ba=+0.00 | site=0 sd=0.00 sa=+0.00 | phero=0 pd=0.00 pa=+0.00 | srch=0.00 | wall=3.74

[DEPOSIT] Robot 4 deposited! Total: 69
  [PHERO] Laid at (-2.22, -2.11) density=6 prob=0.97 total_entries=9
  [TARGET] Robot 4 → SITE (-2.22,-2.11)
[PICKUP] Robot 1 picked up tag (density=12) | Total: 71
[DEPOSIT] Robot 2 deposited! Total: 70
  [PHERO] Laid at (1.10, 0.40) density=10 prob=1.00 total_entries=9
  [TARGET] Robot 2 → SITE (1.10,0.40)
[PICKUP] Robot 3 picked up tag (density=9) | Total: 72

======================================================================
Step 38500 (20.5 min) | Pickups: 72 | Deposits: 70 | Rate: 3.41 tags/min | phero_entries=9 phero_max=0.736
======================================================================
R1[RTB       ]: L=+1.00 R=+1.00 | carry=1 | base=0.09 ba=+0.00 | site=0 sd=0.00 sa=+0.00 | phero=0 pd=0.00 pa=+0.00 | srch=0.00 | wall=4.05
R2[SITE      ]: L=+1.00 R=+0.77 | carry=0 | base=0.08 ba=-0.92 | site=1 sd=0.11 sa=-0.16 | phero=0 pd=0.00 pa=+0.00 | srch=0.05 | wall=4.12
R3[RTB       ]: L=+0.42 R=+1.00 | carry=1 | base=0.57 ba=+0.22 | site=0 sd=0.00 sa=+0.00 | phero=0 pd=0.00 pa=+0.00 | srch=0.00 | wall=1.56
R4[SITE      ]: L=+1.00 R=+0.94 | carry=0 | base=0.14 ba=-0.91 | site=1 sd=0.35 sa=-0.02 | phero=0 pd=0.00 pa=+0.00 | srch=0.07 | wall=3.73

[DEPOSIT] Robot 1 deposited! Total: 71
  [PHERO] Laid at (-0.84, 0.76) density=12 prob=1.00 total_entries=10
  [TARGET] Robot 1 → SITE (-0.84,0.76)
[PICKUP] Robot 2 picked up tag (density=9) | Total: 73
[PICKUP] Robot 1 picked up tag (density=11) | Total: 74

======================================================================
Step 39000 (20.8 min) | Pickups: 74 | Deposits: 71 | Rate: 3.41 tags/min | phero_entries=9 phero_max=0.511
======================================================================
R1[RTB       ]: L=+0.00 R=+1.00 | carry=1 | base=0.19 ba=+0.70 | site=0 sd=0.00 sa=+0.00 | phero=0 pd=0.00 pa=+0.00 | srch=0.00 | wall=3.61
R2[RTB       ]: L=+1.00 R=+1.00 | carry=1 | base=0.06 ba=-0.00 | site=0 sd=0.00 sa=+0.00 | phero=0 pd=0.00 pa=+0.00 | srch=0.00 | wall=4.11
R3[RTB       ]: L=+1.00 R=+1.00 | carry=1 | base=0.28 ba=+0.00 | site=0 sd=0.00 sa=+0.00 | phero=0 pd=0.00 pa=+0.00 | srch=0.00 | wall=3.06
R4[SITE      ]: L=+1.00 R=+1.00 | carry=0 | base=0.43 ba=-0.94 | site=1 sd=0.06 sa=+0.22 | phero=0 pd=0.00 pa=+0.00 | srch=0.20 | wall=2.41

[DEPOSIT] Robot 2 deposited! Total: 72
  [PHERO] Laid at (1.12, 0.41) density=9 prob=1.00 total_entries=9
  [TARGET] Robot 2 → SITE (1.12,0.41)
[PICKUP] Robot 4 picked up tag (density=5) | Total: 75
[DEPOSIT] Robot 1 deposited! Total: 73
  [PHERO] Laid at (-0.87, 0.79) density=11 prob=1.00 total_entries=10
  [TARGET] Robot 1 → SITE (-0.87,0.79)
[DEPOSIT] Robot 3 deposited! Total: 74
  [PHERO] Laid at (-2.22, -2.89) density=9 prob=1.00 total_entries=11
  [TARGET] Robot 3 → SITE (-2.22,-2.89)
[PICKUP] Robot 2 picked up tag (density=8) | Total: 76

======================================================================
Step 39500 (21.1 min) | Pickups: 76 | Deposits: 74 | Rate: 3.51 tags/min | phero_entries=11 phero_max=0.848
======================================================================
R1[SITE      ]: L=+1.00 R=+1.00 | carry=0 | base=0.07 ba=+0.97 | site=1 sd=0.12 sa=-0.26 | phero=0 pd=0.00 pa=+0.00 | srch=0.04 | wall=4.05
R2[RTB       ]: L=+1.00 R=+0.00 | carry=1 | base=0.20 ba=-0.65 | site=0 sd=0.00 sa=+0.00 | phero=0 pd=0.00 pa=+0.00 | srch=0.00 | wall=3.32
R3[BASE_ESC  ]: L=+1.00 R=+0.38 | carry=0 | base=0.04 ba=+0.84 | site=1 sd=0.54 sa=-0.24 | phero=0 pd=0.00 pa=+0.00 | srch=0.03 | wall=4.28
R4[RTB       ]: L=+1.00 R=+1.00 | carry=1 | base=0.32 ba=+0.00 | site=0 sd=0.00 sa=+0.00 | phero=0 pd=0.00 pa=+0.00 | srch=0.00 | wall=3.00

[PICKUP] Robot 1 picked up tag (density=10) | Total: 77
[DEPOSIT] Robot 2 deposited! Total: 75
  [PHERO] Laid at (1.16, 0.44) density=8 prob=1.00 total_entries=12
  [TARGET] Robot 2 → SITE (1.16,0.44)
[DEPOSIT] Robot 4 deposited! Total: 76
  [PHERO] Laid at (-2.20, -2.21) density=5 prob=0.92 total_entries=13
  [TARGET] Robot 4 → SITE (-2.20,-2.21)

======================================================================
Step 40000 (21.3 min) | Pickups: 77 | Deposits: 76 | Rate: 3.56 tags/min | phero_entries=13 phero_max=0.950
======================================================================
R1[RTB       ]: L=+1.00 R=+1.00 | carry=1 | base=0.10 ba=-0.00 | site=0 sd=0.00 sa=+0.00 | phero=0 pd=0.00 pa=+0.00 | srch=0.00 | wall=4.03
R2[SITE      ]: L=+1.00 R=+1.00 | carry=0 | base=0.07 ba=+0.98 | site=1 sd=0.13 sa=+0.14 | phero=0 pd=0.00 pa=+0.00 | srch=0.04 | wall=4.08
R3[SITE      ]: L=+0.89 R=+0.91 | carry=0 | base=0.12 ba=-0.86 | site=1 sd=0.46 sa=+0.07 | phero=0 pd=0.00 pa=+0.00 | srch=0.15 | wall=3.83
R4[BASE_ESC  ]: L=+1.00 R=+0.00 | carry=0 | base=0.03 ba=+0.32 | site=1 sd=0.45 sa=-0.71 | phero=0 pd=0.00 pa=+0.00 | srch=0.01 | wall=4.33

[DEPOSIT] Robot 1 deposited! Total: 77
  [PHERO] Laid at (-1.00, 0.75) density=10 prob=1.00 total_entries=14
  [TARGET] Robot 1 → SITE (-1.00,0.75)
[PICKUP] Robot 2 picked up tag (density=7) | Total: 78
[PICKUP] Robot 1 picked up tag (density=9) | Total: 79

======================================================================
Step 40500 (21.6 min) | Pickups: 79 | Deposits: 77 | Rate: 3.56 tags/min | phero_entries=14 phero_max=0.528
======================================================================
R1[RTB       ]: L=+0.00 R=+1.00 | carry=1 | base=0.19 ba=+0.67 | site=0 sd=0.00 sa=+0.00 | phero=0 pd=0.00 pa=+0.00 | srch=0.00 | wall=3.58
R2[RTB       ]: L=+1.00 R=+1.00 | carry=1 | base=0.07 ba=+0.00 | site=0 sd=0.00 sa=+0.00 | phero=0 pd=0.00 pa=+0.00 | srch=0.00 | wall=4.06
R3[SITE      ]: L=+0.54 R=+0.55 | carry=0 | base=0.20 ba=-0.95 | site=1 sd=0.37 sa=+0.04 | phero=0 pd=0.00 pa=+0.00 | srch=0.28 | wall=3.47
R4[SITE      ]: L=+1.00 R=+1.00 | carry=0 | base=0.28 ba=-0.96 | site=1 sd=0.22 sa=+0.12 | phero=0 pd=0.00 pa=+0.00 | srch=0.13 | wall=3.14

[DEPOSIT] Robot 2 deposited! Total: 78
  [PHERO] Laid at (1.16, 0.30) density=7 prob=0.99 total_entries=15
  [TARGET] Robot 2 → SITE (1.16,0.30)
[DEPOSIT] Robot 1 deposited! Total: 79
  [PHERO] Laid at (-0.75, 0.91) density=9 prob=1.00 total_entries=14
  [TARGET] Robot 1 → SITE (-0.75,0.91)
[PICKUP] Robot 4 picked up tag (density=4) | Total: 80
[PICKUP] Robot 2 picked up tag (density=6) | Total: 81

======================================================================
Step 41000 (21.9 min) | Pickups: 81 | Deposits: 79 | Rate: 3.61 tags/min | phero_entries=14 phero_max=0.756
======================================================================
R1[SITE      ]: L=+1.00 R=+1.00 | carry=0 | base=0.08 ba=+0.94 | site=1 sd=0.12 sa=-0.32 | phero=0 pd=0.00 pa=+0.00 | srch=0.04 | wall=4.04
R2[RTB       ]: L=+1.00 R=+0.00 | carry=1 | base=0.19 ba=-0.46 | site=0 sd=0.00 sa=+0.00 | phero=0 pd=0.00 pa=+0.00 | srch=0.00 | wall=3.30
R3[SITE      ]: L=+0.19 R=+0.19 | carry=0 | base=0.42 ba=+0.91 | site=1 sd=0.15 sa=-0.08 | phero=0 pd=0.00 pa=+0.00 | srch=0.40 | wall=2.37
R4[RTB       ]: L=+0.00 R=+1.00 | carry=1 | base=0.49 ba=+0.41 | site=0 sd=0.00 sa=+0.00 | phero=0 pd=0.00 pa=+0.00 | srch=0.00 | wall=2.24

[PICKUP] Robot 1 picked up tag (density=8) | Total: 82
[DEPOSIT] Robot 2 deposited! Total: 80
  [PHERO] Laid at (1.18, 0.30) density=6 prob=0.97 total_entries=14
  [TARGET] Robot 2 → SITE (1.18,0.30)

======================================================================
Step 41500 (22.1 min) | Pickups: 82 | Deposits: 80 | Rate: 3.61 tags/min | phero_entries=14 phero_max=0.728
======================================================================
R1[RTB       ]: L=+1.00 R=+1.00 | carry=1 | base=0.11 ba=-0.00 | site=0 sd=0.00 sa=+0.00 | phero=0 pd=0.00 pa=+0.00 | srch=0.00 | wall=3.98
R2[SITE      ]: L=+0.97 R=+1.00 | carry=0 | base=0.08 ba=+0.95 | site=1 sd=0.12 sa=+0.10 | phero=0 pd=0.00 pa=+0.00 | srch=0.05 | wall=3.98
R3[SITE      ]: L=+0.18 R=+0.18 | carry=0 | base=0.48 ba=+0.96 | site=1 sd=0.10 sa=-0.09 | phero=0 pd=0.00 pa=+0.00 | srch=0.53 | wall=2.04
R4[RTB       ]: L=+1.00 R=+1.00 | carry=1 | base=0.21 ba=+0.00 | site=0 sd=0.00 sa=+0.00 | phero=0 pd=0.00 pa=+0.00 | srch=0.00 | wall=3.53

[DEPOSIT] Robot 1 deposited! Total: 81
  [PHERO] Laid at (-1.04, 0.78) density=8 prob=1.00 total_entries=15
  [TARGET] Robot 1 → SITE (-1.04,0.78)
[PICKUP] Robot 2 picked up tag (density=5) | Total: 83
[DEPOSIT] Robot 4 deposited! Total: 82
  [PHERO] Laid at (-2.27, -2.13) density=4 prob=0.82 total_entries=16
  [TARGET] Robot 4 → SITE (-2.27,-2.13)

======================================================================
Step 42000 (22.4 min) | Pickups: 83 | Deposits: 82 | Rate: 3.66 tags/min | phero_entries=15 phero_max=0.715
======================================================================
R1[SITE      ]: L=+0.88 R=+1.00 | carry=0 | base=0.19 ba=+0.82 | site=1 sd=0.05 sa=+0.27 | phero=0 pd=0.00 pa=+0.00 | srch=0.10 | wall=3.55
R2[RTB       ]: L=+1.00 R=+1.00 | carry=1 | base=0.09 ba=+0.00 | site=0 sd=0.00 sa=+0.00 | phero=0 pd=0.00 pa=+0.00 | srch=0.00 | wall=3.97
R3[SITE      ]: L=-0.23 R=-0.23 | carry=0 | base=0.45 ba=-0.93 | site=1 sd=0.12 sa=+0.03 | phero=0 pd=0.00 pa=+0.00 | srch=0.65 | wall=2.16
R4[SITE      ]: L=+1.00 R=+1.00 | carry=0 | base=0.08 ba=-0.91 | site=1 sd=0.41 sa=+0.07 | phero=0 pd=0.00 pa=+0.00 | srch=0.05 | wall=4.12

[PICKUP] Robot 1 picked up tag (density=7) | Total: 84
[DEPOSIT] Robot 2 deposited! Total: 83
  [PHERO] Laid at (1.24, 0.36) density=5 prob=0.92 total_entries=16
  [TARGET] Robot 2 → SITE (1.24,0.36)
[DEPOSIT] Robot 1 deposited! Total: 84
  [PHERO] Laid at (-0.78, 0.95) density=7 prob=0.99 total_entries=16
  [TARGET] Robot 1 → SITE (-0.78,0.95)

======================================================================
Step 42500 (22.7 min) | Pickups: 84 | Deposits: 84 | Rate: 3.71 tags/min | phero_entries=16 phero_max=0.801
======================================================================
R1[SITE      ]: L=+1.00 R=+0.00 | carry=0 | base=0.04 ba=-0.93 | site=1 sd=0.15 sa=-0.07 | phero=0 pd=0.00 pa=+0.00 | srch=0.03 | wall=4.27
R2[SITE      ]: L=+1.00 R=+0.50 | carry=0 | base=0.20 ba=-0.67 | site=1 sd=0.01 sa=-0.12 | phero=0 pd=0.00 pa=+0.00 | srch=0.10 | wall=3.30
R3[SITE      ]: L=+0.09 R=+0.05 | carry=0 | base=0.56 ba=-0.96 | site=1 sd=0.01 sa=-0.03 | phero=0 pd=0.00 pa=+0.00 | srch=0.78 | wall=1.66
R4[SITE      ]: L=+0.93 R=+1.00 | carry=0 | base=0.36 ba=-0.99 | site=1 sd=0.14 sa=+0.12 | phero=0 pd=0.00 pa=+0.00 | srch=0.18 | wall=2.70

[PICKUP] Robot 2 picked up tag (density=4) | Total: 85
[PICKUP] Robot 3 picked up tag (density=6) | Total: 86
[PICKUP] Robot 1 picked up tag (density=6) | Total: 87
[PICKUP] Robot 4 picked up tag (density=3) | Total: 88
[DEPOSIT] Robot 2 deposited! Total: 85
  [PHERO] Laid at (1.25, 0.37) density=4 prob=0.82 total_entries=15
  [TARGET] Robot 2 → SITE (1.25,0.37)

======================================================================
Step 43000 (22.9 min) | Pickups: 88 | Deposits: 85 | Rate: 3.71 tags/min | phero_entries=14 phero_max=0.802
======================================================================
R1[RTB       ]: L=+1.00 R=+1.00 | carry=1 | base=0.13 ba=-0.00 | site=0 sd=0.00 sa=+0.00 | phero=0 pd=0.00 pa=+0.00 | srch=0.00 | wall=3.81
R2[SITE      ]: L=+1.00 R=+1.00 | carry=0 | base=0.05 ba=+0.98 | site=1 sd=0.16 sa=+0.12 | phero=0 pd=0.00 pa=+0.00 | srch=0.03 | wall=4.19
R3[RTB       ]: L=+1.00 R=+1.00 | carry=1 | base=0.39 ba=+0.00 | site=0 sd=0.00 sa=+0.00 | phero=0 pd=0.00 pa=+0.00 | srch=0.00 | wall=2.45
R4[RTB       ]: L=+1.00 R=+1.00 | carry=1 | base=0.43 ba=+0.00 | site=0 sd=0.00 sa=+0.00 | phero=0 pd=0.00 pa=+0.00 | srch=0.00 | wall=2.52

[DEPOSIT] Robot 1 deposited! Total: 86
  [PHERO] Laid at (-0.82, 0.96) density=6 prob=0.97 total_entries=15
  [TARGET] Robot 1 → SITE (-0.82,0.96)
[PICKUP] Robot 2 picked up tag (density=3) | Total: 89

======================================================================
Step 43500 (23.2 min) | Pickups: 89 | Deposits: 86 | Rate: 3.71 tags/min | phero_entries=14 phero_max=0.574
======================================================================
R1[SITE      ]: L=+0.88 R=+1.00 | carry=0 | base=0.17 ba=+0.87 | site=1 sd=0.06 sa=+0.27 | phero=0 pd=0.00 pa=+0.00 | srch=0.09 | wall=3.49
R2[RTB       ]: L=+1.00 R=+1.00 | carry=1 | base=0.13 ba=+0.00 | site=0 sd=0.00 sa=+0.00 | phero=0 pd=0.00 pa=+0.00 | srch=0.00 | wall=3.73
R3[RTB       ]: L=+1.00 R=+1.00 | carry=1 | base=0.09 ba=+0.00 | site=0 sd=0.00 sa=+0.00 | phero=0 pd=0.00 pa=+0.00 | srch=0.00 | wall=4.02
R4[RTB       ]: L=+1.00 R=+1.00 | carry=1 | base=0.13 ba=+0.00 | site=0 sd=0.00 sa=+0.00 | phero=0 pd=0.00 pa=+0.00 | srch=0.00 | wall=3.90

[DEPOSIT] Robot 3 deposited! Total: 87
  [PHERO] Laid at (-2.24, -2.94) density=6 prob=0.97 total_entries=15
  [TARGET] Robot 3 → SITE (-2.24,-2.94)
[PICKUP] Robot 1 picked up tag (density=5) | Total: 90
[DEPOSIT] Robot 2 deposited! Total: 88
  [PHERO] Laid at (1.26, 0.39) density=3 prob=0.65 total_entries=15
  [TARGET] Robot 2 → SITE (1.26,0.39)
[DEPOSIT] Robot 4 deposited! Total: 89
  [PHERO] Laid at (-2.40, -2.21) density=3 prob=0.65 total_entries=16
  [TARGET] Robot 4 → SITE (-2.40,-2.21)
[DEPOSIT] Robot 1 deposited! Total: 90
  [TARGET] Robot 1 → SITE (-0.82,1.04)

======================================================================
Step 44000 (23.5 min) | Pickups: 90 | Deposits: 90 | Rate: 3.84 tags/min | phero_entries=15 phero_max=0.575
======================================================================
R1[BASE_ESC  ]: L=+1.00 R=+0.00 | carry=0 | base=0.03 ba=+0.46 | site=1 sd=0.17 sa=-0.60 | phero=0 pd=0.00 pa=+0.00 | srch=0.01 | wall=4.34
R2[SITE      ]: L=+1.00 R=+1.00 | carry=0 | base=0.17 ba=-0.90 | site=1 sd=0.05 sa=-0.07 | phero=0 pd=0.00 pa=+0.00 | srch=0.09 | wall=3.53
R3[SITE      ]: L=+0.79 R=+0.77 | carry=0 | base=0.20 ba=-0.93 | site=1 sd=0.39 sa=+0.01 | phero=0 pd=0.00 pa=+0.00 | srch=0.10 | wall=3.43
R4[SITE      ]: L=+1.00 R=+1.00 | carry=0 | base=0.17 ba=-0.94 | site=1 sd=0.34 sa=+0.08 | phero=0 pd=0.00 pa=+0.00 | srch=0.09 | wall=3.69

[PICKUP] Robot 2 picked up tag (density=2) | Total: 91
[DEPOSIT] Robot 2 deposited! Total: 91
  [PHERO] Laid at (1.33, 0.39) density=2 prob=0.42 total_entries=13
  [TARGET] Robot 2 → SITE (1.33,0.39)

======================================================================
Step 44500 (23.7 min) | Pickups: 91 | Deposits: 91 | Rate: 3.83 tags/min | phero_entries=13 phero_max=0.979
======================================================================
R1[EXPLORE   ]: L=+1.00 R=+1.00 | carry=0 | base=0.25 ba=-0.75 | site=0 sd=0.00 sa=+0.00 | phero=0 pd=0.00 pa=+0.00 | srch=0.14 | wall=3.10
R2[BASE_ESC  ]: L=+0.00 R=+1.00 | carry=0 | base=0.04 ba=-0.14 | site=1 sd=0.18 sa=+0.89 | phero=0 pd=0.00 pa=+0.00 | srch=0.00 | wall=4.27
R3[SITE      ]: L=+0.11 R=+0.10 | carry=0 | base=0.33 ba=-0.96 | site=1 sd=0.25 sa=+0.01 | phero=0 pd=0.00 pa=+0.00 | srch=0.23 | wall=2.81
R4[SITE      ]: L=+0.43 R=+1.00 | carry=0 | base=0.46 ba=+0.84 | site=1 sd=0.10 sa=+0.20 | phero=0 pd=0.00 pa=+0.00 | srch=0.21 | wall=2.02

[PICKUP] Robot 4 picked up tag (density=2) | Total: 92
[PICKUP] Robot 2 picked up tag (density=1) | Total: 93

======================================================================
Step 45000 (24.0 min) | Pickups: 93 | Deposits: 91 | Rate: 3.79 tags/min | phero_entries=12 phero_max=0.440
======================================================================
R1[EXPLORE   ]: L=+1.00 R=+1.00 | carry=0 | base=0.51 ba=-0.89 | site=0 sd=0.00 sa=+0.00 | phero=0 pd=0.00 pa=+0.00 | srch=0.26 | wall=1.27
R2[RTB       ]: L=+0.50 R=+1.00 | carry=1 | base=0.21 ba=+0.20 | site=0 sd=0.00 sa=+0.00 | phero=0 pd=0.00 pa=+0.00 | srch=0.00 | wall=3.22
R3[SITE      ]: L=+0.38 R=+0.38 | carry=0 | base=0.47 ba=+0.96 | site=1 sd=0.11 sa=-0.12 | phero=0 pd=0.00 pa=+0.00 | srch=0.35 | wall=2.04
R4[RTB       ]: L=+1.00 R=+1.00 | carry=1 | base=0.39 ba=+0.00 | site=0 sd=0.00 sa=+0.00 | phero=0 pd=0.00 pa=+0.00 | srch=0.00 | wall=2.73

[DEPOSIT] Robot 2 deposited! Total: 92
  [PHERO] Laid at (1.31, 0.30) density=1 prob=0.20 total_entries=12
  [TARGET] Robot 2 → SITE (1.31,0.30)
[GIVE-UP] R1 giving up after 1533 steps

======================================================================
Step 45500 (24.3 min) | Pickups: 93 | Deposits: 92 | Rate: 3.79 tags/min | phero_entries=12 phero_max=0.719
======================================================================
R1[GIVE_UP   ]: L=+1.00 R=+0.79 | carry=0 | base=0.58 ba=-0.08 | site=0 sd=0.00 sa=+0.00 | phero=0 pd=0.00 pa=+0.00 | srch=0.39 | wall=0.84
R2[SITE      ]: L=+1.00 R=+0.96 | carry=0 | base=0.09 ba=+0.98 | site=1 sd=0.14 sa=-0.31 | phero=0 pd=0.00 pa=+0.00 | srch=0.05 | wall=4.07
R3[SITE      ]: L=+0.10 R=+0.10 | carry=0 | base=0.53 ba=-0.91 | site=1 sd=0.06 sa=-0.07 | phero=0 pd=0.00 pa=+0.00 | srch=0.48 | wall=1.72
R4[RTB       ]: L=+1.00 R=+1.00 | carry=1 | base=0.09 ba=+0.00 | site=0 sd=0.00 sa=+0.00 | phero=0 pd=0.00 pa=+0.00 | srch=0.00 | wall=4.10

[DEPOSIT] Robot 4 deposited! Total: 93
  [PHERO] Laid at (-2.37, -2.27) density=2 prob=0.42 total_entries=13
  [TARGET] Robot 4 → SITE (-2.37,-2.27)
[PICKUP] Robot 3 picked up tag (density=5) | Total: 94
[GIVE-UP] R1 giving up after 1767 steps
[PICKUP] Robot 1 picked up tag (density=12) | Total: 95

======================================================================
Step 46000 (24.5 min) | Pickups: 95 | Deposits: 93 | Rate: 3.79 tags/min | phero_entries=11 phero_max=0.512
======================================================================
R1[RTB       ]: L=+1.00 R=+1.00 | carry=1 | base=0.28 ba=-0.00 | site=0 sd=0.00 sa=+0.00 | phero=0 pd=0.00 pa=+0.00 | srch=0.00 | wall=2.74
R2[EXPLORE   ]: L=+1.00 R=+1.00 | carry=0 | base=0.19 ba=-0.51 | site=0 sd=0.00 sa=+0.00 | phero=0 pd=0.00 pa=+0.00 | srch=0.18 | wall=3.32
R3[RTB       ]: L=+1.00 R=+1.00 | carry=1 | base=0.46 ba=-0.00 | site=0 sd=0.00 sa=+0.00 | phero=0 pd=0.00 pa=+0.00 | srch=0.00 | wall=2.22
R4[SITE      ]: L=+1.00 R=+1.00 | carry=0 | base=0.21 ba=-0.97 | site=1 sd=0.31 sa=+0.07 | phero=0 pd=0.00 pa=+0.00 | srch=0.10 | wall=3.49

[DEPOSIT] Robot 1 deposited! Total: 94
  [PHERO] Laid at (0.27, 2.22) density=12 prob=1.00 total_entries=11
  [TARGET] Robot 1 → SITE (0.27,2.22)

======================================================================
Step 46500 (24.8 min) | Pickups: 95 | Deposits: 94 | Rate: 3.79 tags/min | phero_entries=10 phero_max=0.849
======================================================================
R1[BASE_ESC  ]: L=+0.28 R=+1.00 | carry=0 | base=0.04 ba=-0.81 | site=1 sd=0.32 sa=+0.26 | phero=0 pd=0.00 pa=+0.00 | srch=0.03 | wall=4.28
R2[EXPLORE   ]: L=+1.00 R=+1.00 | carry=0 | base=0.36 ba=-0.83 | site=0 sd=0.00 sa=+0.00 | phero=0 pd=0.00 pa=+0.00 | srch=0.30 | wall=2.28
R3[RTB       ]: L=+1.00 R=+1.00 | carry=1 | base=0.16 ba=-0.00 | site=0 sd=0.00 sa=+0.00 | phero=0 pd=0.00 pa=+0.00 | srch=0.00 | wall=3.70
R4[SITE      ]: L=+0.94 R=+1.00 | carry=0 | base=0.50 ba=+0.86 | site=1 sd=0.03 sa=+0.17 | phero=0 pd=0.00 pa=+0.00 | srch=0.23 | wall=2.10

[PICKUP] Robot 4 picked up tag (density=1) | Total: 96
[PICKUP] Robot 2 picked up tag (density=2) | Total: 97
[DEPOSIT] Robot 3 deposited! Total: 95
  [PHERO] Laid at (-2.28, -2.96) density=5 prob=0.92 total_entries=10
  [TARGET] Robot 3 → SITE (-2.28,-2.96)

======================================================================
Step 47000 (25.1 min) | Pickups: 97 | Deposits: 95 | Rate: 3.79 tags/min | phero_entries=10 phero_max=0.623
======================================================================
R1[SITE      ]: L=+1.00 R=+1.00 | carry=0 | base=0.33 ba=+0.99 | site=1 sd=0.14 sa=+0.52 | phero=0 pd=0.00 pa=+0.00 | srch=0.15 | wall=2.68
R2[RTB       ]: L=+1.00 R=+1.00 | carry=1 | base=0.24 ba=-0.00 | site=0 sd=0.00 sa=+0.00 | phero=0 pd=0.00 pa=+0.00 | srch=0.00 | wall=2.97
R3[SITE      ]: L=+0.34 R=+0.33 | carry=0 | base=0.08 ba=+0.94 | site=1 sd=0.51 sa=-0.04 | phero=0 pd=0.00 pa=+0.00 | srch=0.07 | wall=4.13
R4[RTB       ]: L=+1.00 R=+1.00 | carry=1 | base=0.31 ba=+0.00 | site=0 sd=0.00 sa=+0.00 | phero=0 pd=0.00 pa=+0.00 | srch=0.00 | wall=3.10

[DEPOSIT] Robot 2 deposited! Total: 96
  [TARGET] Robot 2 → SITE (0.59,-2.62)
[DEPOSIT] Robot 4 deposited! Total: 97
  [TARGET] Robot 4 → SITE (-2.38,-2.33)

======================================================================
Step 47500 (25.3 min) | Pickups: 97 | Deposits: 97 | Rate: 3.83 tags/min | phero_entries=8 phero_max=0.280
======================================================================
R1[SITE      ]: L=+0.91 R=+1.00 | carry=0 | base=0.52 ba=+0.26 | site=1 sd=0.18 sa=+0.18 | phero=0 pd=0.00 pa=+0.00 | srch=0.28 | wall=1.29
R2[SITE      ]: L=+1.00 R=+1.00 | carry=0 | base=0.06 ba=+0.99 | site=1 sd=0.36 sa=+0.11 | phero=0 pd=0.00 pa=+0.00 | srch=0.04 | wall=4.09
R3[SITE      ]: L=+0.94 R=+0.95 | carry=0 | base=0.18 ba=-0.94 | site=1 sd=0.41 sa=+0.05 | phero=0 pd=0.00 pa=+0.00 | srch=0.20 | wall=3.57
R4[BASE_ESC  ]: L=+1.00 R=+0.00 | carry=0 | base=0.03 ba=+0.49 | site=1 sd=0.49 sa=-0.55 | phero=0 pd=0.00 pa=+0.00 | srch=0.01 | wall=4.33

[PICKUP] Robot 1 picked up tag (density=11) | Total: 98

======================================================================
Step 48000 (25.6 min) | Pickups: 98 | Deposits: 97 | Rate: 3.79 tags/min | phero_entries=5 phero_max=0.126
======================================================================
R1[RTB       ]: L=+1.00 R=+1.00 | carry=1 | base=0.25 ba=-0.00 | site=0 sd=0.00 sa=+0.00 | phero=0 pd=0.00 pa=+0.00 | srch=0.00 | wall=2.94
R2[SITE      ]: L=+0.98 R=+1.00 | carry=0 | base=0.35 ba=+0.84 | site=1 sd=0.09 sa=+0.08 | phero=0 pd=0.00 pa=+0.00 | srch=0.17 | wall=2.27
R3[SITE      ]: L=+0.97 R=+0.97 | carry=0 | base=0.41 ba=+0.99 | site=1 sd=0.18 sa=-0.02 | phero=0 pd=0.00 pa=+0.00 | srch=0.32 | wall=2.42
R4[SITE      ]: L=+1.00 R=+1.00 | carry=0 | base=0.30 ba=-0.96 | site=1 sd=0.23 sa=+0.05 | phero=0 pd=0.00 pa=+0.00 | srch=0.14 | wall=3.13

[PICKUP] Robot 2 picked up tag (density=1) | Total: 99
[DEPOSIT] Robot 1 deposited! Total: 98
  [PHERO] Laid at (0.27, 2.19) density=11 prob=1.00 total_entries=6
  [TARGET] Robot 1 → SITE (0.27,2.19)

======================================================================
Step 48500 (25.9 min) | Pickups: 99 | Deposits: 98 | Rate: 3.79 tags/min | phero_entries=6 phero_max=0.780
======================================================================
R1[SITE      ]: L=+1.00 R=+1.00 | carry=0 | base=0.06 ba=-0.93 | site=1 sd=0.29 sa=+0.23 | phero=0 pd=0.00 pa=+0.00 | srch=0.04 | wall=4.14
R2[RTB       ]: L=+1.00 R=+1.00 | carry=1 | base=0.29 ba=+0.00 | site=0 sd=0.00 sa=+0.00 | phero=0 pd=0.00 pa=+0.00 | srch=0.00 | wall=2.75
R3[SITE      ]: L=+0.45 R=+0.43 | carry=0 | base=0.54 ba=+0.98 | site=1 sd=0.05 sa=-0.09 | phero=0 pd=0.00 pa=+0.00 | srch=0.45 | wall=1.74
R4[SITE      ]: L=+0.26 R=+1.00 | carry=0 | base=0.53 ba=+0.27 | site=1 sd=0.01 sa=+0.50 | phero=0 pd=0.00 pa=+0.00 | srch=0.26 | wall=2.08

[DEPOSIT] Robot 2 deposited! Total: 99
  [TARGET] Robot 2 → SITE (0.64,-2.69)
[PICKUP] Robot 3 picked up tag (density=4) | Total: 100

======================================================================
Step 49000 (26.1 min) | Pickups: 100 | Deposits: 99 | Rate: 3.79 tags/min | phero_entries=5 phero_max=0.351
======================================================================
R1[SITE      ]: L=+1.00 R=+1.00 | carry=0 | base=0.34 ba=+0.69 | site=1 sd=0.14 sa=+0.23 | phero=0 pd=0.00 pa=+0.00 | srch=0.16 | wall=2.66
R2[BASE_ESC  ]: L=+1.00 R=+0.01 | carry=0 | base=0.04 ba=+0.78 | site=1 sd=0.40 sa=-0.30 | phero=0 pd=0.00 pa=+0.00 | srch=0.02 | wall=4.30
R3[RTB       ]: L=+1.00 R=+0.02 | carry=1 | base=0.59 ba=-0.39 | site=0 sd=0.00 sa=+0.00 | phero=0 pd=0.00 pa=+0.00 | srch=0.00 | wall=1.53
R4[EXPLORE   ]: L=+1.00 R=+1.00 | carry=0 | base=0.51 ba=+0.80 | site=0 sd=0.00 sa=+0.00 | phero=0 pd=0.00 pa=+0.00 | srch=0.39 | wall=2.07

[PICKUP] Robot 1 picked up tag (density=10) | Total: 101

======================================================================
Step 49500 (26.4 min) | Pickups: 101 | Deposits: 99 | Rate: 3.75 tags/min | phero_entries=5 phero_max=0.158
======================================================================
R1[RTB       ]: L=+1.00 R=+1.00 | carry=1 | base=0.25 ba=+0.00 | site=0 sd=0.00 sa=+0.00 | phero=0 pd=0.00 pa=+0.00 | srch=0.00 | wall=2.93
R2[SITE      ]: L=+1.00 R=+0.95 | carry=0 | base=0.32 ba=-0.87 | site=1 sd=0.24 sa=-0.31 | phero=0 pd=0.00 pa=+0.00 | srch=0.15 | wall=3.03
R3[RTB       ]: L=+1.00 R=+1.00 | carry=1 | base=0.32 ba=+0.00 | site=0 sd=0.00 sa=+0.00 | phero=0 pd=0.00 pa=+0.00 | srch=0.00 | wall=2.94
R4[WALL_ESC  ]: L=+0.00 R=+1.00 | carry=0 | base=0.76 ba=+0.50 | site=0 sd=0.00 sa=+0.00 | phero=0 pd=0.00 pa=+0.00 | srch=0.51 | wall=0.32

[GIVE-UP] R4 giving up after 2301 steps
[DEPOSIT] Robot 1 deposited! Total: 100
  [PHERO] Laid at (0.22, 2.16) density=10 prob=1.00 total_entries=5
  [TARGET] Robot 1 → SITE (0.22,2.16)
[DEPOSIT] Robot 3 deposited! Total: 101
  [PHERO] Laid at (-2.29, -2.98) density=4 prob=0.82 total_entries=5
  [TARGET] Robot 3 → SITE (-2.29,-2.98)

======================================================================
Step 50000 (26.7 min) | Pickups: 101 | Deposits: 101 | Rate: 3.79 tags/min | phero_entries=5 phero_max=0.941
======================================================================
R1[SITE      ]: L=+1.00 R=+1.00 | carry=0 | base=0.06 ba=+0.93 | site=1 sd=0.28 sa=-0.23 | phero=0 pd=0.00 pa=+0.00 | srch=0.04 | wall=4.11
R2[SITE      ]: L=+1.00 R=+0.79 | carry=0 | base=0.47 ba=-0.44 | site=1 sd=0.04 sa=-0.38 | phero=0 pd=0.00 pa=+0.00 | srch=0.27 | wall=1.59
R3[BASE_ESC  ]: L=+1.00 R=+0.00 | carry=0 | base=0.03 ba=+0.33 | site=1 sd=0.56 sa=-0.68 | phero=0 pd=0.00 pa=+0.00 | srch=0.01 | wall=4.32
R4[GIVE_UP   ]: L=+1.00 R=+1.00 | carry=0 | base=0.50 ba=+0.00 | site=0 sd=0.00 sa=+0.00 | phero=0 pd=0.00 pa=+0.00 | srch=0.64 | wall=1.70


======================================================================
Step 50500 (26.9 min) | Pickups: 101 | Deposits: 101 | Rate: 3.75 tags/min | phero_entries=5 phero_max=0.423
======================================================================
R1[SITE      ]: L=+1.00 R=+0.93 | carry=0 | base=0.33 ba=-0.72 | site=1 sd=0.07 sa=-0.18 | phero=0 pd=0.00 pa=+0.00 | srch=0.16 | wall=2.43
R2[EXPLORE   ]: L=+1.00 R=+1.00 | carry=0 | base=0.55 ba=+0.77 | site=0 sd=0.00 sa=+0.00 | phero=0 pd=0.00 pa=+0.00 | srch=0.40 | wall=1.51
R3[SITE      ]: L=+1.00 R=+0.98 | carry=0 | base=0.29 ba=-0.93 | site=1 sd=0.32 sa=-0.11 | phero=0 pd=0.00 pa=+0.00 | srch=0.13 | wall=2.76
R4[GIVE_UP   ]: L=+1.00 R=+1.00 | carry=0 | base=0.20 ba=+0.00 | site=0 sd=0.00 sa=+0.00 | phero=0 pd=0.00 pa=+0.00 | srch=0.76 | wall=3.39

[GIVE-UP] R4 giving up after 3081 steps
[PICKUP] Robot 1 picked up tag (density=9) | Total: 102
[EMPTY_RTN] R4 → phero(-2.29,-2.98)

======================================================================
Step 51000 (27.2 min) | Pickups: 102 | Deposits: 101 | Rate: 3.71 tags/min | phero_entries=4 phero_max=0.190
======================================================================
R1[RTB       ]: L=+1.00 R=+1.00 | carry=1 | base=0.10 ba=-0.00 | site=0 sd=0.00 sa=+0.00 | phero=0 pd=0.00 pa=+0.00 | srch=0.00 | wall=3.88
R2[EXPLORE   ]: L=+1.00 R=+1.00 | carry=0 | base=0.80 ba=+0.85 | site=0 sd=0.00 sa=+0.00 | phero=0 pd=0.00 pa=+0.00 | srch=0.52 | wall=0.89
R3[SITE      ]: L=+0.59 R=+0.59 | carry=0 | base=0.52 ba=-0.88 | site=1 sd=0.08 sa=-0.03 | phero=0 pd=0.00 pa=+0.00 | srch=0.26 | wall=1.76
R4[PHERO     ]: L=+0.63 R=+0.64 | carry=0 | base=0.07 ba=-0.88 | site=0 sd=0.00 sa=+0.00 | phero=1 pd=0.52 pa=+0.08 | srch=0.06 | wall=4.11

[DEPOSIT] Robot 1 deposited! Total: 102
  [PHERO] Laid at (-0.11, 2.14) density=9 prob=1.00 total_entries=4
  [TARGET] Robot 1 → SITE (-0.11,2.14)
[PICKUP] Robot 3 picked up tag (density=3) | Total: 103

======================================================================
Step 51500 (27.5 min) | Pickups: 103 | Deposits: 102 | Rate: 3.71 tags/min | phero_entries=4 phero_max=0.526
======================================================================
R1[SITE      ]: L=+1.00 R=+1.00 | carry=0 | base=0.21 ba=+0.99 | site=1 sd=0.15 sa=+0.22 | phero=0 pd=0.00 pa=+0.00 | srch=0.10 | wall=3.20
R2[EXPLORE   ]: L=+1.00 R=+1.00 | carry=0 | base=0.73 ba=+0.05 | site=0 sd=0.00 sa=+0.00 | phero=0 pd=0.00 pa=+0.00 | srch=0.65 | wall=0.95
R3[RTB       ]: L=+1.00 R=+0.96 | carry=1 | base=0.58 ba=-0.02 | site=0 sd=0.00 sa=+0.00 | phero=0 pd=0.00 pa=+0.00 | srch=0.00 | wall=1.69
R4[PHERO     ]: L=+1.00 R=+1.00 | carry=0 | base=0.32 ba=-0.97 | site=0 sd=0.00 sa=+0.00 | phero=1 pd=0.29 pa=+0.18 | srch=0.18 | wall=2.94

[PICKUP] Robot 4 picked up tag (density=2) | Total: 104

======================================================================
Step 52000 (27.7 min) | Pickups: 104 | Deposits: 102 | Rate: 3.68 tags/min | phero_entries=4 phero_max=0.236
======================================================================
R1[SITE      ]: L=+0.44 R=+1.00 | carry=0 | base=0.34 ba=-0.07 | site=1 sd=0.02 sa=+0.30 | phero=0 pd=0.00 pa=+0.00 | srch=0.23 | wall=2.33
R2[EXPLORE   ]: L=+1.00 R=+1.00 | carry=0 | base=0.43 ba=+0.08 | site=0 sd=0.00 sa=+0.00 | phero=0 pd=0.00 pa=+0.00 | srch=0.77 | wall=2.23
R3[RTB       ]: L=+1.00 R=+1.00 | carry=1 | base=0.27 ba=-0.00 | site=0 sd=0.00 sa=+0.00 | phero=0 pd=0.00 pa=+0.00 | srch=0.00 | wall=3.16
R4[RTB       ]: L=+0.00 R=+1.00 | carry=1 | base=0.58 ba=+0.50 | site=0 sd=0.00 sa=+0.00 | phero=0 pd=0.00 pa=+0.00 | srch=0.00 | wall=1.75

[PICKUP] Robot 1 picked up tag (density=8) | Total: 105
[DEPOSIT] Robot 3 deposited! Total: 103
  [PHERO] Laid at (-2.37, -3.02) density=3 prob=0.65 total_entries=5
  [TARGET] Robot 3 → SITE (-2.37,-3.02)

======================================================================
Step 52500 (28.0 min) | Pickups: 105 | Deposits: 103 | Rate: 3.68 tags/min | phero_entries=5 phero_max=0.839
======================================================================
R1[RTB       ]: L=+1.00 R=+1.00 | carry=1 | base=0.11 ba=-0.00 | site=0 sd=0.00 sa=+0.00 | phero=0 pd=0.00 pa=+0.00 | srch=0.00 | wall=3.81
R2[EXPLORE   ]: L=+1.00 R=+1.00 | carry=0 | base=0.16 ba=+0.28 | site=0 sd=0.00 sa=+0.00 | phero=0 pd=0.00 pa=+0.00 | srch=0.90 | wall=3.48
R3[BASE_ESC  ]: L=+0.47 R=+1.00 | carry=0 | base=0.04 ba=-0.87 | site=1 sd=0.57 sa=+0.23 | phero=0 pd=0.00 pa=+0.00 | srch=0.03 | wall=4.30
R4[RTB       ]: L=+1.00 R=+1.00 | carry=1 | base=0.31 ba=+0.00 | site=0 sd=0.00 sa=+0.00 | phero=0 pd=0.00 pa=+0.00 | srch=0.00 | wall=3.00

[DEPOSIT] Robot 1 deposited! Total: 104
  [PHERO] Laid at (-0.08, 2.10) density=8 prob=1.00 total_entries=6
  [TARGET] Robot 1 → SITE (-0.08,2.10)
[DEPOSIT] Robot 4 deposited! Total: 105
  [TARGET] Robot 4 → SITE (-2.48,-2.73)

======================================================================
Step 53000 (28.3 min) | Pickups: 105 | Deposits: 105 | Rate: 3.71 tags/min | phero_entries=5 phero_max=0.540
======================================================================
R1[SITE      ]: L=+0.82 R=+1.00 | carry=0 | base=0.20 ba=+0.83 | site=1 sd=0.18 sa=+0.15 | phero=0 pd=0.00 pa=+0.00 | srch=0.10 | wall=3.38
R2[EXPLORE   ]: L=+1.00 R=+1.00 | carry=0 | base=0.22 ba=+0.82 | site=0 sd=0.00 sa=+0.00 | phero=0 pd=0.00 pa=+0.00 | srch=1.00 | wall=3.10
R3[SITE      ]: L=+1.00 R=+0.98 | carry=0 | base=0.26 ba=-0.89 | site=1 sd=0.34 sa=+0.12 | phero=0 pd=0.00 pa=+0.00 | srch=0.15 | wall=3.21
R4[BASE_ESC  ]: L=+1.00 R=+0.00 | carry=0 | base=0.04 ba=+0.30 | site=1 sd=0.54 sa=-0.74 | phero=0 pd=0.00 pa=+0.00 | srch=0.01 | wall=4.32

[PICKUP] Robot 1 picked up tag (density=7) | Total: 106

======================================================================
Step 53500 (28.5 min) | Pickups: 106 | Deposits: 105 | Rate: 3.68 tags/min | phero_entries=5 phero_max=0.243
======================================================================
R1[RTB       ]: L=+1.00 R=+1.00 | carry=1 | base=0.16 ba=+0.00 | site=0 sd=0.00 sa=+0.00 | phero=0 pd=0.00 pa=+0.00 | srch=0.00 | wall=3.49
R2[EXPLORE   ]: L=+1.00 R=+1.00 | carry=0 | base=0.50 ba=+0.92 | site=0 sd=0.00 sa=+0.00 | phero=0 pd=0.00 pa=+0.00 | srch=1.00 | wall=1.65
R3[SITE      ]: L=+0.96 R=+1.00 | carry=0 | base=0.54 ba=+0.91 | site=1 sd=0.07 sa=+0.08 | phero=0 pd=0.00 pa=+0.00 | srch=0.28 | wall=1.93
R4[SITE      ]: L=+1.00 R=+1.00 | carry=0 | base=0.29 ba=-0.98 | site=1 sd=0.30 sa=-0.09 | phero=0 pd=0.00 pa=+0.00 | srch=0.13 | wall=2.95

[PICKUP] Robot 3 picked up tag (density=1) | Total: 107
[DEPOSIT] Robot 1 deposited! Total: 106
  [PHERO] Laid at (0.37, 1.82) density=7 prob=0.99 total_entries=6
  [TARGET] Robot 1 → SITE (0.37,1.82)

======================================================================
Step 54000 (28.8 min) | Pickups: 107 | Deposits: 106 | Rate: 3.68 tags/min | phero_entries=6 phero_max=0.621
======================================================================
R1[SITE      ]: L=+0.88 R=+0.86 | carry=0 | base=0.14 ba=-0.91 | site=1 sd=0.16 sa=-0.03 | phero=0 pd=0.00 pa=+0.00 | srch=0.07 | wall=3.62
R2[WALL_ESC  ]: L=+0.00 R=+1.00 | carry=0 | base=0.77 ba=+0.53 | site=0 sd=0.00 sa=+0.00 | phero=0 pd=0.00 pa=+0.00 | srch=1.00 | wall=0.34
R3[RTB       ]: L=+1.00 R=+1.00 | carry=1 | base=0.36 ba=+0.00 | site=0 sd=0.00 sa=+0.00 | phero=0 pd=0.00 pa=+0.00 | srch=0.00 | wall=2.72
R4[SITE      ]: L=+1.00 R=+0.85 | carry=0 | base=0.57 ba=-0.76 | site=1 sd=0.02 sa=-0.14 | phero=0 pd=0.00 pa=+0.00 | srch=0.26 | wall=1.73


======================================================================
Step 54500 (29.1 min) | Pickups: 107 | Deposits: 106 | Rate: 3.65 tags/min | phero_entries=4 phero_max=0.279
======================================================================
R1[EXPLORE   ]: L=+1.00 R=+1.00 | carry=0 | base=0.42 ba=-0.90 | site=0 sd=0.00 sa=+0.00 | phero=0 pd=0.00 pa=+0.00 | srch=0.20 | wall=1.98
R2[EXPLORE   ]: L=+1.00 R=+1.00 | carry=0 | base=0.66 ba=+0.43 | site=0 sd=0.00 sa=+0.00 | phero=0 pd=0.00 pa=+0.00 | srch=1.00 | wall=1.15
R3[RTB       ]: L=+1.00 R=+1.00 | carry=1 | base=0.06 ba=+0.00 | site=0 sd=0.00 sa=+0.00 | phero=0 pd=0.00 pa=+0.00 | srch=0.00 | wall=4.22
R4[EXPLORE   ]: L=+1.00 R=+1.00 | carry=0 | base=0.73 ba=-0.74 | site=0 sd=0.00 sa=+0.00 | phero=0 pd=0.00 pa=+0.00 | srch=0.38 | wall=0.36

[DEPOSIT] Robot 3 deposited! Total: 107
  [PHERO] Laid at (-2.35, -2.75) density=1 prob=0.20 total_entries=5
  [TARGET] Robot 3 → SITE (-2.35,-2.75)
[GIVE-UP] R2 giving up after 6038 steps

======================================================================
Step 55000 (29.3 min) | Pickups: 107 | Deposits: 107 | Rate: 3.65 tags/min | phero_entries=5 phero_max=0.471
======================================================================
R1[WALL_ESC  ]: L=+0.00 R=+1.00 | carry=0 | base=0.70 ba=+0.62 | site=0 sd=0.00 sa=+0.00 | phero=0 pd=0.00 pa=+0.00 | srch=0.32 | wall=0.32
R2[GIVE_UP   ]: L=+0.52 R=+1.00 | carry=0 | base=0.64 ba=+0.18 | site=0 sd=0.00 sa=+0.00 | phero=0 pd=0.00 pa=+0.00 | srch=1.00 | wall=0.50
R3[SITE      ]: L=+1.00 R=+1.00 | carry=0 | base=0.25 ba=-0.91 | site=1 sd=0.36 sa=-0.15 | phero=0 pd=0.00 pa=+0.00 | srch=0.12 | wall=2.96
R4[EXPLORE   ]: L=+1.00 R=+0.99 | carry=0 | base=0.50 ba=-0.09 | site=0 sd=0.00 sa=+0.00 | phero=0 pd=0.00 pa=+0.00 | srch=0.51 | wall=1.44

[PICKUP] Robot 2 picked up tag (density=15) | Total: 108

======================================================================
Step 55500 (29.6 min) | Pickups: 108 | Deposits: 107 | Rate: 3.61 tags/min | phero_entries=4 phero_max=0.211
======================================================================
R1[EXPLORE   ]: L=+1.00 R=+1.00 | carry=0 | base=0.45 ba=+0.11 | site=0 sd=0.00 sa=+0.00 | phero=0 pd=0.00 pa=+0.00 | srch=0.45 | wall=1.71
R2[RTB       ]: L=+1.00 R=+1.00 | carry=1 | base=0.35 ba=+0.00 | site=0 sd=0.00 sa=+0.00 | phero=0 pd=0.00 pa=+0.00 | srch=0.00 | wall=2.35
R3[SITE      ]: L=+1.00 R=+0.97 | carry=0 | base=0.51 ba=-0.77 | site=1 sd=0.09 sa=-0.07 | phero=0 pd=0.00 pa=+0.00 | srch=0.24 | wall=1.77
R4[EXPLORE   ]: L=+1.00 R=+0.56 | carry=0 | base=0.32 ba=+0.94 | site=0 sd=0.00 sa=+0.00 | phero=0 pd=0.00 pa=+0.00 | srch=0.63 | wall=2.58

[PICKUP] Robot 1 picked up tag (density=6) | Total: 109

======================================================================
Step 56000 (29.9 min) | Pickups: 109 | Deposits: 107 | Rate: 3.58 tags/min | phero_entries=4 phero_max=0.095
======================================================================
R1[RTB       ]: L=+1.00 R=+1.00 | carry=1 | base=0.16 ba=+0.00 | site=0 sd=0.00 sa=+0.00 | phero=0 pd=0.00 pa=+0.00 | srch=0.00 | wall=3.50
R2[RTB       ]: L=+1.00 R=+1.00 | carry=1 | base=0.04 ba=+0.00 | site=0 sd=0.00 sa=+0.00 | phero=0 pd=0.00 pa=+0.00 | srch=0.00 | wall=4.23
R3[EXPLORE   ]: L=+1.00 R=+1.00 | carry=0 | base=0.69 ba=-0.74 | site=0 sd=0.00 sa=+0.00 | phero=0 pd=0.00 pa=+0.00 | srch=0.37 | wall=0.92
R4[EXPLORE   ]: L=+1.00 R=+1.00 | carry=0 | base=0.21 ba=-0.39 | site=0 sd=0.00 sa=+0.00 | phero=0 pd=0.00 pa=+0.00 | srch=0.76 | wall=3.28

[DEPOSIT] Robot 2 deposited! Total: 108
  [PHERO] Laid at (-2.88, 0.59) density=15 prob=1.00 total_entries=5
  [TARGET] Robot 2 → SITE (-2.88,0.59)
[PICKUP] Robot 4 picked up tag (density=4) | Total: 110
[DEPOSIT] Robot 1 deposited! Total: 109
  [PHERO] Laid at (0.19, 2.14) density=6 prob=0.97 total_entries=6
  [TARGET] Robot 1 → SITE (0.19,2.14)
[DEPOSIT] Robot 4 deposited! Total: 110
  [PHERO] Laid at (-1.11, 0.82) density=4 prob=0.82 total_entries=7
  [TARGET] Robot 4 → SITE (-1.11,0.82)

======================================================================
Step 56500 (30.1 min) | Pickups: 110 | Deposits: 110 | Rate: 3.65 tags/min | phero_entries=7 phero_max=0.926
======================================================================
R1[SITE      ]: L=+1.00 R=+1.00 | carry=0 | base=0.14 ba=-0.90 | site=1 sd=0.20 sa=+0.01 | phero=0 pd=0.00 pa=+0.00 | srch=0.08 | wall=3.64
R2[SITE      ]: L=+0.38 R=+0.38 | carry=0 | base=0.24 ba=-0.72 | site=1 sd=0.25 sa=+0.05 | phero=0 pd=0.00 pa=+0.00 | srch=0.12 | wall=3.00
R3[EXPLORE   ]: L=+0.59 R=+1.00 | carry=0 | base=0.75 ba=+0.78 | site=0 sd=0.00 sa=+0.00 | phero=0 pd=0.00 pa=+0.00 | srch=0.49 | wall=0.56
R4[BASE_ESC  ]: L=+0.00 R=+1.00 | carry=0 | base=0.03 ba=-0.43 | site=1 sd=0.18 sa=+0.64 | phero=0 pd=0.00 pa=+0.00 | srch=0.01 | wall=4.34

[PICKUP] Robot 1 picked up tag (density=5) | Total: 111
[PICKUP] Robot 2 picked up tag (density=14) | Total: 112

======================================================================
Step 57000 (30.4 min) | Pickups: 112 | Deposits: 110 | Rate: 3.62 tags/min | phero_entries=5 phero_max=0.416
======================================================================
R1[RTB       ]: L=+1.00 R=+1.00 | carry=1 | base=0.20 ba=-0.00 | site=0 sd=0.00 sa=+0.00 | phero=0 pd=0.00 pa=+0.00 | srch=0.00 | wall=3.26
R2[RTB       ]: L=+1.00 R=+0.97 | carry=1 | base=0.36 ba=-0.01 | site=0 sd=0.00 sa=+0.00 | phero=0 pd=0.00 pa=+0.00 | srch=0.00 | wall=2.24
R3[EXPLORE   ]: L=+1.00 R=+1.00 | carry=0 | base=0.83 ba=+0.07 | site=0 sd=0.00 sa=+0.00 | phero=0 pd=0.00 pa=+0.00 | srch=0.62 | wall=0.37
R4[EXPLORE   ]: L=+1.00 R=+1.00 | carry=0 | base=0.28 ba=+0.92 | site=0 sd=0.00 sa=+0.00 | phero=0 pd=0.00 pa=+0.00 | srch=0.14 | wall=2.99

[DEPOSIT] Robot 1 deposited! Total: 111
  [PHERO] Laid at (0.17, 1.77) density=5 prob=0.92 total_entries=6
  [TARGET] Robot 1 → SITE (0.17,1.77)
[GIVE-UP] R3 giving up after 2926 steps

======================================================================
Step 57500 (30.7 min) | Pickups: 112 | Deposits: 111 | Rate: 3.62 tags/min | phero_entries=6 phero_max=0.686
======================================================================
R1[SITE      ]: L=+1.00 R=+1.00 | carry=0 | base=0.11 ba=+1.00 | site=1 sd=0.18 sa=+0.19 | phero=0 pd=0.00 pa=+0.00 | srch=0.06 | wall=3.86
R2[RTB       ]: L=+1.00 R=+1.00 | carry=1 | base=0.06 ba=-0.00 | site=0 sd=0.00 sa=+0.00 | phero=0 pd=0.00 pa=+0.00 | srch=0.00 | wall=4.12
R3[GIVE_UP   ]: L=+1.00 R=+0.00 | carry=0 | base=0.67 ba=-0.53 | site=0 sd=0.00 sa=+0.00 | phero=0 pd=0.00 pa=+0.00 | srch=0.74 | wall=1.29
R4[EXPLORE   ]: L=+1.00 R=+1.00 | carry=0 | base=0.58 ba=+0.96 | site=0 sd=0.00 sa=+0.00 | phero=0 pd=0.00 pa=+0.00 | srch=0.26 | wall=1.15

[DEPOSIT] Robot 2 deposited! Total: 112
  [PHERO] Laid at (-2.48, 0.39) density=14 prob=1.00 total_entries=7
  [TARGET] Robot 2 → SITE (-2.48,0.39)
[PICKUP] Robot 1 picked up tag (density=4) | Total: 113

======================================================================
Step 58000 (30.9 min) | Pickups: 113 | Deposits: 112 | Rate: 3.62 tags/min | phero_entries=7 phero_max=0.476
======================================================================
R1[RTB       ]: L=+0.97 R=+1.00 | carry=1 | base=0.25 ba=+0.01 | site=0 sd=0.00 sa=+0.00 | phero=0 pd=0.00 pa=+0.00 | srch=0.00 | wall=2.90
R2[SITE      ]: L=+0.96 R=+1.00 | carry=0 | base=0.25 ba=+0.91 | site=1 sd=0.19 sa=+0.21 | phero=0 pd=0.00 pa=+0.00 | srch=0.12 | wall=3.16
R3[GIVE_UP   ]: L=+1.00 R=+1.00 | carry=0 | base=0.40 ba=-0.00 | site=0 sd=0.00 sa=+0.00 | phero=0 pd=0.00 pa=+0.00 | srch=0.87 | wall=2.61
R4[EXPLORE   ]: L=+1.00 R=+1.00 | carry=0 | base=0.63 ba=+0.08 | site=0 sd=0.00 sa=+0.00 | phero=0 pd=0.00 pa=+0.00 | srch=0.39 | wall=0.79

[PICKUP] Robot 4 picked up tag (density=13) | Total: 114
[PICKUP] Robot 2 picked up tag (density=12) | Total: 115
[DEPOSIT] Robot 1 deposited! Total: 113
  [PHERO] Laid at (0.21, 1.81) density=4 prob=0.82 total_entries=7
  [TARGET] Robot 1 → SITE (0.21,1.81)

======================================================================
Step 58500 (31.2 min) | Pickups: 115 | Deposits: 113 | Rate: 3.62 tags/min | phero_entries=7 phero_max=0.792
======================================================================
R1[SITE      ]: L=+1.00 R=+1.00 | carry=0 | base=0.06 ba=+0.94 | site=1 sd=0.23 sa=-0.22 | phero=0 pd=0.00 pa=+0.00 | srch=0.04 | wall=4.14
R2[RTB       ]: L=+1.00 R=+1.00 | carry=1 | base=0.30 ba=+0.00 | site=0 sd=0.00 sa=+0.00 | phero=0 pd=0.00 pa=+0.00 | srch=0.00 | wall=2.64
R3[GIVE_UP   ]: L=+1.00 R=+1.00 | carry=0 | base=0.10 ba=-0.00 | site=0 sd=0.00 sa=+0.00 | phero=0 pd=0.00 pa=+0.00 | srch=0.99 | wall=4.02
R4[RTB       ]: L=+1.00 R=+1.00 | carry=1 | base=0.33 ba=+0.00 | site=0 sd=0.00 sa=+0.00 | phero=0 pd=0.00 pa=+0.00 | srch=0.00 | wall=2.47

[EMPTY_RTN] R3 → phero(0.17,1.77)
[PICKUP] Robot 1 picked up tag (density=3) | Total: 116
[DEPOSIT] Robot 2 deposited! Total: 114
  [PHERO] Laid at (-2.36, 0.64) density=12 prob=1.00 total_entries=7
  [TARGET] Robot 2 → SITE (-2.36,0.64)
[DEPOSIT] Robot 4 deposited! Total: 115
  [PHERO] Laid at (-2.86, 0.84) density=13 prob=1.00 total_entries=8
  [TARGET] Robot 4 → SITE (-2.86,0.84)

======================================================================
Step 59000 (31.5 min) | Pickups: 116 | Deposits: 115 | Rate: 3.65 tags/min | phero_entries=8 phero_max=0.995
======================================================================
R1[RTB       ]: L=+1.00 R=+0.19 | carry=1 | base=0.28 ba=-0.30 | site=0 sd=0.00 sa=+0.00 | phero=0 pd=0.00 pa=+0.00 | srch=0.00 | wall=2.72
R2[BASE_ESC  ]: L=+1.00 R=+0.00 | carry=0 | base=0.03 ba=+0.63 | site=1 sd=0.35 sa=-0.45 | phero=0 pd=0.00 pa=+0.00 | srch=0.02 | wall=4.29
R3[PHERO     ]: L=+1.00 R=+0.03 | carry=0 | base=0.04 ba=-0.52 | site=0 sd=0.00 sa=+0.00 | phero=1 pd=0.30 pa=-0.20 | srch=0.10 | wall=4.26
R4[BASE_ESC  ]: L=+0.00 R=+1.00 | carry=0 | base=0.04 ba=-0.03 | site=1 sd=0.43 sa=+0.99 | phero=0 pd=0.00 pa=+0.00 | srch=0.00 | wall=4.27

[DEPOSIT] Robot 1 deposited! Total: 116
  [PHERO] Laid at (-0.01, 1.77) density=3 prob=0.65 total_entries=9
  [TARGET] Robot 1 → SITE (-0.01,1.77)

======================================================================
Step 59500 (31.7 min) | Pickups: 116 | Deposits: 116 | Rate: 3.66 tags/min | phero_entries=9 phero_max=0.888
======================================================================
R1[BASE_ESC  ]: L=+1.00 R=+0.00 | carry=0 | base=0.03 ba=+0.60 | site=1 sd=0.24 sa=-0.43 | phero=0 pd=0.00 pa=+0.00 | srch=0.02 | wall=4.28
R2[SITE      ]: L=+1.00 R=+1.00 | carry=0 | base=0.25 ba=+0.99 | site=1 sd=0.14 sa=-0.13 | phero=0 pd=0.00 pa=+0.00 | srch=0.14 | wall=2.89
R3[PHERO     ]: L=+0.49 R=+0.49 | carry=0 | base=0.14 ba=-0.93 | site=0 sd=0.00 sa=+0.00 | phero=1 pd=0.14 pa=+0.08 | srch=0.22 | wall=3.62
R4[SITE      ]: L=+1.00 R=+1.00 | carry=0 | base=0.25 ba=-0.99 | site=1 sd=0.22 sa=+0.06 | phero=0 pd=0.00 pa=+0.00 | srch=0.13 | wall=3.00

[PICKUP] Robot 3 picked up tag (density=2) | Total: 117

======================================================================
Step 60000 (32.0 min) | Pickups: 117 | Deposits: 116 | Rate: 3.62 tags/min | phero_entries=9 phero_max=0.399
======================================================================
R1[EXPLORE   ]: L=+1.00 R=+1.00 | carry=0 | base=0.29 ba=-0.73 | site=0 sd=0.00 sa=+0.00 | phero=0 pd=0.00 pa=+0.00 | srch=0.14 | wall=2.68
R2[SITE      ]: L=+1.00 R=+1.00 | carry=0 | base=0.36 ba=-0.87 | site=1 sd=0.03 sa=-0.11 | phero=0 pd=0.00 pa=+0.00 | srch=0.27 | wall=2.24
R3[RTB       ]: L=+0.88 R=+1.00 | carry=1 | base=0.27 ba=+0.05 | site=0 sd=0.00 sa=+0.00 | phero=0 pd=0.00 pa=+0.00 | srch=0.00 | wall=2.78
R4[EXPLORE   ]: L=+1.00 R=+1.00 | carry=0 | base=0.51 ba=+0.75 | site=0 sd=0.00 sa=+0.00 | phero=0 pd=0.00 pa=+0.00 | srch=0.25 | wall=1.29

[PICKUP] Robot 1 picked up tag (density=1) | Total: 118
[PICKUP] Robot 2 picked up tag (density=11) | Total: 119
[DEPOSIT] Robot 3 deposited! Total: 117
  [TARGET] Robot 3 → SITE (0.16,1.86)

======================================================================
Step 60500 (32.3 min) | Pickups: 119 | Deposits: 117 | Rate: 3.63 tags/min | phero_entries=8 phero_max=0.179
======================================================================
R1[RTB       ]: L=+1.00 R=+1.00 | carry=1 | base=0.08 ba=-0.00 | site=0 sd=0.00 sa=+0.00 | phero=0 pd=0.00 pa=+0.00 | srch=0.00 | wall=4.02
R2[RTB       ]: L=+1.00 R=+1.00 | carry=1 | base=0.17 ba=-0.00 | site=0 sd=0.00 sa=+0.00 | phero=0 pd=0.00 pa=+0.00 | srch=0.00 | wall=3.47
R3[SITE      ]: L=+1.00 R=+0.70 | carry=0 | base=0.04 ba=+0.91 | site=1 sd=0.26 sa=-0.20 | phero=0 pd=0.00 pa=+0.00 | srch=0.03 | wall=4.25
R4[EXPLORE   ]: L=+1.00 R=+1.00 | carry=0 | base=0.60 ba=+0.26 | site=0 sd=0.00 sa=+0.00 | phero=0 pd=0.00 pa=+0.00 | srch=0.38 | wall=0.69

[DEPOSIT] Robot 1 deposited! Total: 118
  [TARGET] Robot 1 → SITE (0.13,1.92)
[DEPOSIT] Robot 2 deposited! Total: 119
  [PHERO] Laid at (-2.38, 0.61) density=11 prob=1.00 total_entries=8
  [TARGET] Robot 2 → SITE (-2.38,0.61)

======================================================================
Step 61000 (32.5 min) | Pickups: 119 | Deposits: 119 | Rate: 3.66 tags/min | phero_entries=7 phero_max=0.634
======================================================================
R1[SITE      ]: L=+0.95 R=+1.00 | carry=0 | base=0.23 ba=+0.94 | site=1 sd=0.13 sa=+0.34 | phero=0 pd=0.00 pa=+0.00 | srch=0.11 | wall=3.20
R2[SITE      ]: L=+0.98 R=+1.00 | carry=0 | base=0.14 ba=-0.99 | site=1 sd=0.27 sa=+0.26 | phero=0 pd=0.00 pa=+0.00 | srch=0.07 | wall=3.86
R3[SITE      ]: L=+0.66 R=+0.66 | carry=0 | base=0.23 ba=-0.93 | site=1 sd=0.06 sa=-0.02 | phero=0 pd=0.00 pa=+0.00 | srch=0.15 | wall=3.01
R4[EXPLORE   ]: L=+1.00 R=+0.46 | carry=0 | base=0.62 ba=+0.05 | site=0 sd=0.00 sa=+0.00 | phero=0 pd=0.00 pa=+0.00 | srch=0.50 | wall=0.68

[PICKUP] Robot 2 picked up tag (density=3) | Total: 120
[DEPOSIT] Robot 2 deposited! Total: 120
  [TARGET] Robot 2 → SITE (-0.92,0.90)

======================================================================
Step 61500 (32.8 min) | Pickups: 120 | Deposits: 120 | Rate: 3.66 tags/min | phero_entries=7 phero_max=0.285
======================================================================
R1[EXPLORE   ]: L=+0.93 R=+1.00 | carry=0 | base=0.25 ba=+0.26 | site=0 sd=0.00 sa=+0.00 | phero=0 pd=0.00 pa=+0.00 | srch=0.23 | wall=2.94
R2[BASE_ESC  ]: L=+1.00 R=+0.00 | carry=0 | base=0.04 ba=+0.14 | site=1 sd=0.17 sa=-0.90 | phero=0 pd=0.00 pa=+0.00 | srch=0.00 | wall=4.32
R3[EXPLORE   ]: L=+1.00 R=+1.00 | carry=0 | base=0.47 ba=-0.93 | site=0 sd=0.00 sa=+0.00 | phero=0 pd=0.00 pa=+0.00 | srch=0.28 | wall=1.60
R4[EXPLORE   ]: L=+0.64 R=+0.96 | carry=0 | base=0.62 ba=-0.10 | site=0 sd=0.00 sa=+0.00 | phero=0 pd=0.00 pa=+0.00 | srch=0.63 | wall=0.69

[GIVE-UP] R1 giving up after 1342 steps
[PICKUP] Robot 2 picked up tag (density=2) | Total: 121

======================================================================
Step 62000 (33.1 min) | Pickups: 121 | Deposits: 120 | Rate: 3.63 tags/min | phero_entries=5 phero_max=0.128
======================================================================
R1[GIVE_UP   ]: L=+0.30 R=+1.00 | carry=0 | base=0.30 ba=+0.28 | site=0 sd=0.00 sa=+0.00 | phero=0 pd=0.00 pa=+0.00 | srch=0.36 | wall=2.63
R2[RTB       ]: L=+1.00 R=+0.10 | carry=1 | base=0.22 ba=-0.36 | site=0 sd=0.00 sa=+0.00 | phero=0 pd=0.00 pa=+0.00 | srch=0.00 | wall=3.40
R3[EXPLORE   ]: L=+1.00 R=+1.00 | carry=0 | base=0.66 ba=-0.17 | site=0 sd=0.00 sa=+0.00 | phero=0 pd=0.00 pa=+0.00 | srch=0.40 | wall=0.50
R4[EXPLORE   ]: L=+1.00 R=+1.00 | carry=0 | base=0.62 ba=+0.49 | site=0 sd=0.00 sa=+0.00 | phero=0 pd=0.00 pa=+0.00 | srch=0.75 | wall=0.63

[DEPOSIT] Robot 2 deposited! Total: 121
  [PHERO] Laid at (-1.11, 0.90) density=2 prob=0.42 total_entries=6
  [TARGET] Robot 2 → PHERO (-1.11,0.90)
[EMPTY_RTN] R1 → phero(-1.11,0.90)

======================================================================
Step 62500 (33.3 min) | Pickups: 121 | Deposits: 121 | Rate: 3.63 tags/min | phero_entries=6 phero_max=0.774
======================================================================
R1[BASE_ESC  ]: L=+1.00 R=+0.00 | carry=0 | base=0.03 ba=+0.49 | site=0 sd=0.00 sa=+0.00 | phero=1 pd=0.20 pa=-0.26 | srch=0.01 | wall=4.29
R2[PHERO     ]: L=+1.00 R=+1.00 | carry=0 | base=0.07 ba=+1.00 | site=0 sd=0.00 sa=+0.00 | phero=1 pd=0.16 pa=+0.15 | srch=0.04 | wall=4.14
R3[EXPLORE   ]: L=+0.71 R=+0.35 | carry=0 | base=0.54 ba=-0.89 | site=0 sd=0.00 sa=+0.00 | phero=0 pd=0.00 pa=+0.00 | srch=0.53 | wall=1.55
R4[EXPLORE   ]: L=+1.00 R=+0.83 | carry=0 | base=0.69 ba=-0.97 | site=0 sd=0.00 sa=+0.00 | phero=0 pd=0.00 pa=+0.00 | srch=0.88 | wall=0.80

[PICKUP] Robot 2 picked up tag (density=1) | Total: 122

======================================================================
Step 63000 (33.6 min) | Pickups: 122 | Deposits: 121 | Rate: 3.60 tags/min | phero_entries=5 phero_max=0.348
======================================================================
R1[PHERO     ]: L=+0.85 R=+1.00 | carry=0 | base=0.28 ba=+0.60 | site=0 sd=0.00 sa=+0.00 | phero=1 pd=0.05 pa=+0.54 | srch=0.14 | wall=3.18
R2[RTB       ]: L=+1.00 R=+1.00 | carry=1 | base=0.12 ba=+0.00 | site=0 sd=0.00 sa=+0.00 | phero=0 pd=0.00 pa=+0.00 | srch=0.00 | wall=3.90
R3[EXPLORE   ]: L=+1.00 R=+0.55 | carry=0 | base=0.57 ba=-0.10 | site=0 sd=0.00 sa=+0.00 | phero=0 pd=0.00 pa=+0.00 | srch=0.65 | wall=1.30
R4[EXPLORE   ]: L=+1.00 R=+1.00 | carry=0 | base=0.61 ba=-0.07 | site=0 sd=0.00 sa=+0.00 | phero=0 pd=0.00 pa=+0.00 | srch=1.00 | wall=1.07

[DEPOSIT] Robot 2 deposited! Total: 122
  [TARGET] Robot 2 → SITE (-0.96,0.93)

======================================================================
Step 63500 (33.9 min) | Pickups: 122 | Deposits: 122 | Rate: 3.60 tags/min | phero_entries=3 phero_max=0.156
======================================================================
R1[EXPLORE   ]: L=+1.00 R=+1.00 | carry=0 | base=0.28 ba=-0.75 | site=0 sd=0.00 sa=+0.00 | phero=0 pd=0.00 pa=+0.00 | srch=0.26 | wall=2.98
R2[SITE      ]: L=+1.00 R=+1.00 | carry=0 | base=0.18 ba=-0.96 | site=1 sd=0.03 sa=+0.01 | phero=0 pd=0.00 pa=+0.00 | srch=0.09 | wall=3.67
R3[WALL_ESC  ]: L=+0.00 R=+1.00 | carry=0 | base=0.67 ba=+0.33 | site=0 sd=0.00 sa=+0.00 | phero=0 pd=0.00 pa=+0.00 | srch=0.78 | wall=0.33
R4[EXPLORE   ]: L=+1.00 R=+1.00 | carry=0 | base=0.64 ba=-0.81 | site=0 sd=0.00 sa=+0.00 | phero=0 pd=0.00 pa=+0.00 | srch=1.00 | wall=0.54


======================================================================
Step 64000 (34.1 min) | Pickups: 122 | Deposits: 122 | Rate: 3.57 tags/min | phero_entries=2 phero_max=0.070
======================================================================
R1[EXPLORE   ]: L=+1.00 R=+1.00 | carry=0 | base=0.54 ba=-0.88 | site=0 sd=0.00 sa=+0.00 | phero=0 pd=0.00 pa=+0.00 | srch=0.39 | wall=1.11
R2[EXPLORE   ]: L=+1.00 R=+1.00 | carry=0 | base=0.48 ba=-0.98 | site=0 sd=0.00 sa=+0.00 | phero=0 pd=0.00 pa=+0.00 | srch=0.22 | wall=2.23
R3[EXPLORE   ]: L=+1.00 R=+1.00 | carry=0 | base=0.42 ba=+0.22 | site=0 sd=0.00 sa=+0.00 | phero=0 pd=0.00 pa=+0.00 | srch=0.90 | wall=1.85
R4[EXPLORE   ]: L=+1.00 R=+1.00 | carry=0 | base=0.47 ba=-0.18 | site=0 sd=0.00 sa=+0.00 | phero=0 pd=0.00 pa=+0.00 | srch=1.00 | wall=1.49


======================================================================
Step 64500 (34.4 min) | Pickups: 122 | Deposits: 122 | Rate: 3.55 tags/min | phero_entries=2 phero_max=0.032
======================================================================
R1[EXPLORE   ]: L=+1.00 R=+1.00 | carry=0 | base=0.55 ba=-0.13 | site=0 sd=0.00 sa=+0.00 | phero=0 pd=0.00 pa=+0.00 | srch=0.51 | wall=1.02
R2[EXPLORE   ]: L=+1.00 R=+1.00 | carry=0 | base=0.78 ba=-0.99 | site=0 sd=0.00 sa=+0.00 | phero=0 pd=0.00 pa=+0.00 | srch=0.34 | wall=0.73
R3[EXPLORE   ]: L=+1.00 R=+1.00 | carry=0 | base=0.26 ba=+0.47 | site=0 sd=0.00 sa=+0.00 | phero=0 pd=0.00 pa=+0.00 | srch=1.00 | wall=3.20
R4[EXPLORE   ]: L=+1.00 R=+1.00 | carry=0 | base=0.27 ba=-0.38 | site=0 sd=0.00 sa=+0.00 | phero=0 pd=0.00 pa=+0.00 | srch=1.00 | wall=3.12


======================================================================
Step 65000 (34.7 min) | Pickups: 122 | Deposits: 122 | Rate: 3.52 tags/min | phero_entries=2 phero_max=0.014
======================================================================
R1[EXPLORE   ]: L=+1.00 R=+1.00 | carry=0 | base=0.30 ba=-0.26 | site=0 sd=0.00 sa=+0.00 | phero=0 pd=0.00 pa=+0.00 | srch=0.64 | wall=2.79
R2[EXPLORE   ]: L=+1.00 R=+1.00 | carry=0 | base=0.71 ba=-0.03 | site=0 sd=0.00 sa=+0.00 | phero=0 pd=0.00 pa=+0.00 | srch=0.47 | wall=0.99
R3[EXPLORE   ]: L=+1.00 R=+1.00 | carry=0 | base=0.40 ba=+0.78 | site=0 sd=0.00 sa=+0.00 | phero=0 pd=0.00 pa=+0.00 | srch=1.00 | wall=1.97
R4[EXPLORE   ]: L=+1.00 R=+1.00 | carry=0 | base=0.32 ba=-0.71 | site=0 sd=0.00 sa=+0.00 | phero=0 pd=0.00 pa=+0.00 | srch=1.00 | wall=2.49

[GIVE-UP] R2 giving up after 1884 steps

======================================================================
Step 65500 (34.9 min) | Pickups: 122 | Deposits: 122 | Rate: 3.49 tags/min | phero_entries=1 phero_max=0.006
======================================================================
R1[EXPLORE   ]: L=+1.00 R=+1.00 | carry=0 | base=0.24 ba=-0.64 | site=0 sd=0.00 sa=+0.00 | phero=0 pd=0.00 pa=+0.00 | srch=0.76 | wall=2.97
R2[GIVE_UP   ]: L=+1.00 R=+1.00 | carry=0 | base=0.41 ba=-0.00 | site=0 sd=0.00 sa=+0.00 | phero=0 pd=0.00 pa=+0.00 | srch=0.59 | wall=2.48
R3[EXPLORE   ]: L=+1.00 R=+1.00 | carry=0 | base=0.66 ba=+0.87 | site=0 sd=0.00 sa=+0.00 | phero=0 pd=0.00 pa=+0.00 | srch=1.00 | wall=0.70
R4[EXPLORE   ]: L=+1.00 R=+1.00 | carry=0 | base=0.56 ba=-0.85 | site=0 sd=0.00 sa=+0.00 | phero=0 pd=0.00 pa=+0.00 | srch=1.00 | wall=1.52

[PICKUP] Robot 4 picked up tag (density=20) | Total: 123

======================================================================
Step 66000 (35.2 min) | Pickups: 123 | Deposits: 122 | Rate: 3.47 tags/min | phero_entries=1 phero_max=0.003
======================================================================
R1[EXPLORE   ]: L=+1.00 R=+1.00 | carry=0 | base=0.46 ba=-0.84 | site=0 sd=0.00 sa=+0.00 | phero=0 pd=0.00 pa=+0.00 | srch=0.89 | wall=2.22
R2[GIVE_UP   ]: L=+1.00 R=+1.00 | carry=0 | base=0.10 ba=-0.00 | site=0 sd=0.00 sa=+0.00 | phero=0 pd=0.00 pa=+0.00 | srch=0.72 | wall=3.98
R3[EXPLORE   ]: L=+1.00 R=+1.00 | carry=0 | base=0.65 ba=+0.38 | site=0 sd=0.00 sa=+0.00 | phero=0 pd=0.00 pa=+0.00 | srch=1.00 | wall=1.55
R4[RTB       ]: L=+1.00 R=+1.00 | carry=1 | base=0.39 ba=-0.00 | site=0 sd=0.00 sa=+0.00 | phero=0 pd=0.00 pa=+0.00 | srch=0.00 | wall=2.51

[EMPTY_RTN] R2 → phero(-1.11,0.90)
[GIVE-UP] R1 giving up after 3996 steps

======================================================================
Step 66500 (35.5 min) | Pickups: 123 | Deposits: 122 | Rate: 3.44 tags/min | phero_entries=1 phero_max=0.001
======================================================================
R1[GIVE_UP   ]: L=+0.00 R=+1.00 | carry=0 | base=0.72 ba=+0.54 | site=0 sd=0.00 sa=+0.00 | phero=0 pd=0.00 pa=+0.00 | srch=1.00 | wall=1.10
R2[PHERO     ]: L=+0.83 R=+1.00 | carry=0 | base=0.20 ba=+0.75 | site=0 sd=0.00 sa=+0.00 | phero=1 pd=0.11 pa=+0.26 | srch=0.10 | wall=3.34
R3[EXPLORE   ]: L=+0.54 R=+0.84 | carry=0 | base=0.66 ba=+0.79 | site=0 sd=0.00 sa=+0.00 | phero=0 pd=0.00 pa=+0.00 | srch=1.00 | wall=1.32
R4[RTB       ]: L=+1.00 R=+1.00 | carry=1 | base=0.09 ba=-0.00 | site=0 sd=0.00 sa=+0.00 | phero=0 pd=0.00 pa=+0.00 | srch=0.00 | wall=4.06

[DEPOSIT] Robot 4 deposited! Total: 123
  [PHERO] Laid at (2.13, 3.10) density=20 prob=1.00 total_entries=2
  [TARGET] Robot 4 → SITE (2.13,3.10)

======================================================================
Step 67000 (35.7 min) | Pickups: 123 | Deposits: 123 | Rate: 3.44 tags/min | phero_entries=1 phero_max=0.508
======================================================================
R1[GIVE_UP   ]: L=+1.00 R=+1.00 | carry=0 | base=0.45 ba=+0.00 | site=0 sd=0.00 sa=+0.00 | phero=0 pd=0.00 pa=+0.00 | srch=1.00 | wall=2.33
R2[EXPLORE   ]: L=+1.00 R=+1.00 | carry=0 | base=0.12 ba=-0.18 | site=0 sd=0.00 sa=+0.00 | phero=0 pd=0.00 pa=+0.00 | srch=0.22 | wall=3.88
R3[EXPLORE   ]: L=+1.00 R=+1.00 | carry=0 | base=0.42 ba=-0.09 | site=0 sd=0.00 sa=+0.00 | phero=0 pd=0.00 pa=+0.00 | srch=1.00 | wall=2.54
R4[SITE      ]: L=+0.99 R=+1.00 | carry=0 | base=0.22 ba=+0.97 | site=1 sd=0.38 sa=+0.11 | phero=0 pd=0.00 pa=+0.00 | srch=0.11 | wall=3.41

[PICKUP] Robot 4 picked up tag (density=16) | Total: 124

======================================================================
Step 67500 (36.0 min) | Pickups: 124 | Deposits: 123 | Rate: 3.42 tags/min | phero_entries=1 phero_max=0.228
======================================================================
R1[GIVE_UP   ]: L=+1.00 R=+1.00 | carry=0 | base=0.15 ba=+0.00 | site=0 sd=0.00 sa=+0.00 | phero=0 pd=0.00 pa=+0.00 | srch=1.00 | wall=3.78
R2[EXPLORE   ]: L=+1.00 R=+0.73 | carry=0 | base=0.13 ba=-0.24 | site=0 sd=0.00 sa=+0.00 | phero=0 pd=0.00 pa=+0.00 | srch=0.35 | wall=3.77
R3[EXPLORE   ]: L=+0.79 R=+0.70 | carry=0 | base=0.18 ba=+0.32 | site=0 sd=0.00 sa=+0.00 | phero=0 pd=0.00 pa=+0.00 | srch=1.00 | wall=3.70
R4[RTB       ]: L=+1.00 R=+1.00 | carry=1 | base=0.30 ba=+0.00 | site=0 sd=0.00 sa=+0.00 | phero=0 pd=0.00 pa=+0.00 | srch=0.00 | wall=3.11

[EMPTY_RTN] R1 → phero(2.13,3.10)
[DEPOSIT] Robot 4 deposited! Total: 124
  [PHERO] Laid at (1.71, 1.69) density=16 prob=1.00 total_entries=2
  [TARGET] Robot 4 → SITE (1.71,1.69)

======================================================================
Step 68000 (36.3 min) | Pickups: 124 | Deposits: 124 | Rate: 3.42 tags/min | phero_entries=2 phero_max=0.891
======================================================================
R1[PHERO     ]: L=+1.00 R=+1.00 | carry=0 | base=0.14 ba=+0.69 | site=0 sd=0.00 sa=+0.00 | phero=1 pd=0.53 pa=+0.08 | srch=0.08 | wall=3.63
R2[EXPLORE   ]: L=+1.00 R=+1.00 | carry=0 | base=0.29 ba=-0.99 | site=0 sd=0.00 sa=+0.00 | phero=0 pd=0.00 pa=+0.00 | srch=0.47 | wall=2.65
R3[EXPLORE   ]: L=+1.00 R=-0.32 | carry=0 | base=0.19 ba=-0.18 | site=0 sd=0.00 sa=+0.00 | phero=0 pd=0.00 pa=+0.00 | srch=1.00 | wall=3.34
R4[BASE_ESC  ]: L=+1.00 R=+0.00 | carry=0 | base=0.03 ba=+0.63 | site=1 sd=0.34 sa=-0.44 | phero=0 pd=0.00 pa=+0.00 | srch=0.02 | wall=4.32

[GIVE-UP] R3 giving up after 7827 steps

======================================================================
Step 68500 (36.5 min) | Pickups: 124 | Deposits: 124 | Rate: 3.39 tags/min | phero_entries=2 phero_max=0.400
======================================================================
R1[PHERO     ]: L=+1.00 R=+1.00 | carry=0 | base=0.39 ba=+0.90 | site=0 sd=0.00 sa=+0.00 | phero=1 pd=0.25 pa=+0.16 | srch=0.20 | wall=2.52
R2[EXPLORE   ]: L=+1.00 R=+0.75 | carry=0 | base=0.29 ba=+0.71 | site=0 sd=0.00 sa=+0.00 | phero=0 pd=0.00 pa=+0.00 | srch=0.60 | wall=2.68
R3[GIVE_UP   ]: L=+1.00 R=+1.00 | carry=0 | base=0.07 ba=-0.00 | site=0 sd=0.00 sa=+0.00 | phero=0 pd=0.00 pa=+0.00 | srch=1.00 | wall=4.12
R4[SITE      ]: L=+0.93 R=+1.00 | carry=0 | base=0.30 ba=-0.99 | site=1 sd=0.08 sa=+0.14 | phero=0 pd=0.00 pa=+0.00 | srch=0.14 | wall=3.03

[EMPTY_RTN] R3 → phero(1.71,1.69)
[PICKUP] Robot 1 picked up tag (density=15) | Total: 125
[PICKUP] Robot 4 picked up tag (density=14) | Total: 126
[GIVE-UP] R2 giving up after 2808 steps

======================================================================
Step 69000 (36.8 min) | Pickups: 126 | Deposits: 124 | Rate: 3.37 tags/min | phero_entries=2 phero_max=0.180
======================================================================
R1[RTB       ]: L=+1.00 R=+1.00 | carry=1 | base=0.23 ba=+0.00 | site=0 sd=0.00 sa=+0.00 | phero=0 pd=0.00 pa=+0.00 | srch=0.00 | wall=3.42
R2[GIVE_UP   ]: L=+0.46 R=+1.00 | carry=0 | base=0.39 ba=+0.22 | site=0 sd=0.00 sa=+0.00 | phero=0 pd=0.00 pa=+0.00 | srch=0.72 | wall=2.08
R3[BASE_ESC  ]: L=+1.00 R=+0.00 | carry=0 | base=0.04 ba=+0.56 | site=0 sd=0.00 sa=+0.00 | phero=1 pd=0.41 pa=+0.43 | srch=0.11 | wall=4.28
R4[RTB       ]: L=+1.00 R=+1.00 | carry=1 | base=0.23 ba=+0.00 | site=0 sd=0.00 sa=+0.00 | phero=0 pd=0.00 pa=+0.00 | srch=0.00 | wall=3.41

[DEPOSIT] Robot 1 deposited! Total: 125
  [PHERO] Laid at (2.11, 1.74) density=15 prob=1.00 total_entries=3
  [TARGET] Robot 1 → SITE (2.11,1.74)
[DEPOSIT] Robot 4 deposited! Total: 126
  [PHERO] Laid at (1.72, 1.73) density=14 prob=1.00 total_entries=4
  [TARGET] Robot 4 → SITE (1.72,1.73)

======================================================================
Step 69500 (37.1 min) | Pickups: 126 | Deposits: 126 | Rate: 3.40 tags/min | phero_entries=4 phero_max=0.758
======================================================================
R1[SITE      ]: L=+1.00 R=+1.00 | carry=0 | base=0.08 ba=+0.99 | site=1 sd=0.36 sa=+0.13 | phero=0 pd=0.00 pa=+0.00 | srch=0.05 | wall=4.02
R2[GIVE_UP   ]: L=+1.00 R=+1.00 | carry=0 | base=0.10 ba=+0.00 | site=0 sd=0.00 sa=+0.00 | phero=0 pd=0.00 pa=+0.00 | srch=0.85 | wall=3.89
R3[PHERO     ]: L=+0.77 R=+0.77 | carry=0 | base=0.09 ba=+0.85 | site=0 sd=0.00 sa=+0.00 | phero=1 pd=0.32 pa=+0.18 | srch=0.24 | wall=3.91
R4[SITE      ]: L=+1.00 R=+1.00 | carry=0 | base=0.07 ba=-1.00 | site=1 sd=0.32 sa=-0.16 | phero=0 pd=0.00 pa=+0.00 | srch=0.04 | wall=4.06

[EMPTY_RTN] R2 → phero(1.72,1.73)

======================================================================
Step 70000 (37.3 min) | Pickups: 126 | Deposits: 126 | Rate: 3.38 tags/min | phero_entries=4 phero_max=0.341
======================================================================
R1[SITE      ]: L=+0.94 R=+1.00 | carry=0 | base=0.38 ba=+0.91 | site=1 sd=0.14 sa=+0.35 | phero=0 pd=0.00 pa=+0.00 | srch=0.17 | wall=2.24
R2[PHERO     ]: L=+1.00 R=+0.98 | carry=0 | base=0.16 ba=+0.98 | site=0 sd=0.00 sa=+0.00 | phero=1 pd=0.23 pa=-0.15 | srch=0.10 | wall=3.61
R3[PHERO     ]: L=+0.56 R=+0.58 | carry=0 | base=0.25 ba=+0.86 | site=0 sd=0.00 sa=+0.00 | phero=1 pd=0.18 pa=+0.19 | srch=0.36 | wall=3.00
R4[SITE      ]: L=+1.00 R=+0.98 | carry=0 | base=0.36 ba=-0.86 | site=1 sd=0.03 sa=-0.02 | phero=0 pd=0.00 pa=+0.00 | srch=0.17 | wall=2.83

[PICKUP] Robot 4 picked up tag (density=13) | Total: 127
[PICKUP] Robot 1 picked up tag (density=12) | Total: 128

======================================================================
Step 70500 (37.6 min) | Pickups: 128 | Deposits: 126 | Rate: 3.35 tags/min | phero_entries=4 phero_max=0.153
======================================================================
R1[RTB       ]: L=+0.94 R=+1.00 | carry=1 | base=0.45 ba=+0.02 | site=0 sd=0.00 sa=+0.00 | phero=0 pd=0.00 pa=+0.00 | srch=0.00 | wall=2.44
R2[EXPLORE   ]: L=+1.00 R=+1.00 | carry=0 | base=0.38 ba=-0.60 | site=0 sd=0.00 sa=+0.00 | phero=0 pd=0.00 pa=+0.00 | srch=0.23 | wall=2.74
R3[PHERO     ]: L=+0.40 R=+0.49 | carry=0 | base=0.36 ba=+0.70 | site=0 sd=0.00 sa=+0.00 | phero=1 pd=0.03 pa=-0.04 | srch=0.49 | wall=2.80
R4[RTB       ]: L=+1.00 R=+1.00 | carry=1 | base=0.19 ba=-0.00 | site=0 sd=0.00 sa=+0.00 | phero=0 pd=0.00 pa=+0.00 | srch=0.00 | wall=3.60

[DEPOSIT] Robot 4 deposited! Total: 127
  [PHERO] Laid at (1.79, 1.75) density=13 prob=1.00 total_entries=5
  [TARGET] Robot 4 → SITE (1.79,1.75)

======================================================================
Step 71000 (37.9 min) | Pickups: 128 | Deposits: 127 | Rate: 3.35 tags/min | phero_entries=4 phero_max=0.671
======================================================================
R1[RTB       ]: L=+1.00 R=+1.00 | carry=1 | base=0.15 ba=+0.00 | site=0 sd=0.00 sa=+0.00 | phero=0 pd=0.00 pa=+0.00 | srch=0.00 | wall=3.82
R2[EXPLORE   ]: L=+1.00 R=+1.00 | carry=0 | base=0.35 ba=-0.11 | site=0 sd=0.00 sa=+0.00 | phero=0 pd=0.00 pa=+0.00 | srch=0.35 | wall=2.44
R3[EXPLORE   ]: L=+1.00 R=+1.00 | carry=0 | base=0.31 ba=-0.51 | site=0 sd=0.00 sa=+0.00 | phero=0 pd=0.00 pa=+0.00 | srch=0.61 | wall=2.72
R4[SITE      ]: L=+0.99 R=+1.00 | carry=0 | base=0.12 ba=+0.98 | site=1 sd=0.28 sa=+0.11 | phero=0 pd=0.00 pa=+0.00 | srch=0.06 | wall=3.84

[DEPOSIT] Robot 1 deposited! Total: 128
  [PHERO] Laid at (2.14, 2.04) density=12 prob=1.00 total_entries=5
  [TARGET] Robot 1 → SITE (2.14,2.04)

======================================================================
Step 71500 (38.1 min) | Pickups: 128 | Deposits: 128 | Rate: 3.36 tags/min | phero_entries=5 phero_max=0.602
======================================================================
R1[SITE      ]: L=+1.00 R=+0.93 | carry=0 | base=0.16 ba=-0.85 | site=1 sd=0.33 sa=-0.06 | phero=0 pd=0.00 pa=+0.00 | srch=0.08 | wall=3.57
R2[EXPLORE   ]: L=+1.00 R=+1.00 | carry=0 | base=0.16 ba=-0.45 | site=0 sd=0.00 sa=+0.00 | phero=0 pd=0.00 pa=+0.00 | srch=0.48 | wall=3.70
R3[EXPLORE   ]: L=+1.00 R=+1.00 | carry=0 | base=0.32 ba=-0.44 | site=0 sd=0.00 sa=+0.00 | phero=0 pd=0.00 pa=+0.00 | srch=0.74 | wall=2.62
R4[SITE      ]: L=+0.77 R=+1.00 | carry=0 | base=0.40 ba=+0.62 | site=1 sd=0.02 sa=+0.20 | phero=0 pd=0.00 pa=+0.00 | srch=0.19 | wall=2.59

[PICKUP] Robot 4 picked up tag (density=11) | Total: 129
[PICKUP] Robot 3 picked up tag (density=8) | Total: 130
[PICKUP] Robot 1 picked up tag (density=10) | Total: 131

======================================================================
Step 72000 (38.4 min) | Pickups: 131 | Deposits: 128 | Rate: 3.33 tags/min | phero_entries=5 phero_max=0.271
======================================================================
R1[RTB       ]: L=+1.00 R=+0.42 | carry=1 | base=0.39 ba=-0.22 | site=0 sd=0.00 sa=+0.00 | phero=0 pd=0.00 pa=+0.00 | srch=0.00 | wall=2.67
R2[EXPLORE   ]: L=+1.00 R=+1.00 | carry=0 | base=0.32 ba=-0.84 | site=0 sd=0.00 sa=+0.00 | phero=0 pd=0.00 pa=+0.00 | srch=0.60 | wall=2.56
R3[RTB       ]: L=+1.00 R=+1.00 | carry=1 | base=0.12 ba=-0.00 | site=0 sd=0.00 sa=+0.00 | phero=0 pd=0.00 pa=+0.00 | srch=0.00 | wall=3.86
R4[RTB       ]: L=+1.00 R=+1.00 | carry=1 | base=0.14 ba=+0.00 | site=0 sd=0.00 sa=+0.00 | phero=0 pd=0.00 pa=+0.00 | srch=0.00 | wall=3.85

[DEPOSIT] Robot 3 deposited! Total: 129
  [PHERO] Laid at (1.80, -1.01) density=8 prob=1.00 total_entries=6
  [TARGET] Robot 3 → SITE (1.80,-1.01)
[DEPOSIT] Robot 4 deposited! Total: 130
  [PHERO] Laid at (1.85, 1.76) density=11 prob=1.00 total_entries=7
  [TARGET] Robot 4 → SITE (1.85,1.76)

======================================================================
Step 72500 (38.7 min) | Pickups: 131 | Deposits: 130 | Rate: 3.36 tags/min | phero_entries=6 phero_max=0.594
======================================================================
R1[RTB       ]: L=+1.00 R=+1.00 | carry=1 | base=0.10 ba=-0.00 | site=0 sd=0.00 sa=+0.00 | phero=0 pd=0.00 pa=+0.00 | srch=0.00 | wall=4.06
R2[EXPLORE   ]: L=+1.00 R=+1.00 | carry=0 | base=0.51 ba=-0.74 | site=0 sd=0.00 sa=+0.00 | phero=0 pd=0.00 pa=+0.00 | srch=0.73 | wall=2.21
R3[SITE      ]: L=+0.98 R=+1.00 | carry=0 | base=0.19 ba=+0.93 | site=1 sd=0.14 sa=+0.08 | phero=0 pd=0.00 pa=+0.00 | srch=0.09 | wall=3.60
R4[SITE      ]: L=+1.00 R=+0.98 | carry=0 | base=0.16 ba=-0.95 | site=1 sd=0.24 sa=-0.07 | phero=0 pd=0.00 pa=+0.00 | srch=0.08 | wall=3.63

[DEPOSIT] Robot 1 deposited! Total: 131
  [PHERO] Laid at (1.61, 1.88) density=10 prob=1.00 total_entries=7
  [TARGET] Robot 1 → SITE (1.61,1.88)
[PICKUP] Robot 3 picked up tag (density=7) | Total: 132
[PICKUP] Robot 4 picked up tag (density=9) | Total: 133

======================================================================
Step 73000 (38.9 min) | Pickups: 133 | Deposits: 131 | Rate: 3.36 tags/min | phero_entries=7 phero_max=0.521
======================================================================
R1[SITE      ]: L=+1.00 R=+1.00 | carry=0 | base=0.21 ba=+1.00 | site=1 sd=0.19 sa=+0.20 | phero=0 pd=0.00 pa=+0.00 | srch=0.10 | wall=3.34
R2[WALL_ESC  ]: L=+1.00 R=+0.00 | carry=0 | base=0.75 ba=-0.68 | site=0 sd=0.00 sa=+0.00 | phero=0 pd=0.00 pa=+0.00 | srch=0.85 | wall=0.33
R3[RTB       ]: L=+1.00 R=+1.00 | carry=1 | base=0.13 ba=+0.00 | site=0 sd=0.00 sa=+0.00 | phero=0 pd=0.00 pa=+0.00 | srch=0.00 | wall=3.78
R4[RTB       ]: L=+1.00 R=+0.10 | carry=1 | base=0.41 ba=-0.36 | site=0 sd=0.00 sa=+0.00 | phero=0 pd=0.00 pa=+0.00 | srch=0.00 | wall=2.52

[DEPOSIT] Robot 3 deposited! Total: 132
  [PHERO] Laid at (1.41, -0.97) density=7 prob=0.99 total_entries=8
  [TARGET] Robot 3 → SITE (1.41,-0.97)
[PICKUP] Robot 1 picked up tag (density=8) | Total: 134
[GIVE-UP] R2 giving up after 3783 steps

======================================================================
Step 73500 (39.2 min) | Pickups: 134 | Deposits: 132 | Rate: 3.37 tags/min | phero_entries=8 phero_max=0.574
======================================================================
R1[RTB       ]: L=+0.97 R=+1.00 | carry=1 | base=0.37 ba=+0.01 | site=0 sd=0.00 sa=+0.00 | phero=0 pd=0.00 pa=+0.00 | srch=0.00 | wall=2.75
R2[GIVE_UP   ]: L=+1.00 R=+1.00 | carry=0 | base=0.50 ba=-0.00 | site=0 sd=0.00 sa=+0.00 | phero=0 pd=0.00 pa=+0.00 | srch=0.98 | wall=1.60
R3[SITE      ]: L=+0.72 R=+0.72 | carry=0 | base=0.12 ba=-0.97 | site=1 sd=0.15 sa=-0.01 | phero=0 pd=0.00 pa=+0.00 | srch=0.09 | wall=3.85
R4[RTB       ]: L=+1.00 R=+1.00 | carry=1 | base=0.13 ba=-0.00 | site=0 sd=0.00 sa=+0.00 | phero=0 pd=0.00 pa=+0.00 | srch=0.00 | wall=3.87

[DEPOSIT] Robot 4 deposited! Total: 133
  [PHERO] Laid at (1.94, 1.76) density=9 prob=1.00 total_entries=7
  [TARGET] Robot 4 → SITE (1.94,1.76)
[PICKUP] Robot 3 picked up tag (density=6) | Total: 135

======================================================================
Step 74000 (39.5 min) | Pickups: 135 | Deposits: 133 | Rate: 3.37 tags/min | phero_entries=7 phero_max=0.571
======================================================================
R1[RTB       ]: L=+1.00 R=+1.00 | carry=1 | base=0.07 ba=+0.00 | site=0 sd=0.00 sa=+0.00 | phero=0 pd=0.00 pa=+0.00 | srch=0.00 | wall=4.19
R2[GIVE_UP   ]: L=+1.00 R=+1.00 | carry=0 | base=0.20 ba=-0.00 | site=0 sd=0.00 sa=+0.00 | phero=0 pd=0.00 pa=+0.00 | srch=1.00 | wall=3.35
R3[RTB       ]: L=+0.95 R=+1.00 | carry=1 | base=0.25 ba=+0.02 | site=0 sd=0.00 sa=+0.00 | phero=0 pd=0.00 pa=+0.00 | srch=0.00 | wall=3.12
R4[SITE      ]: L=+1.00 R=+1.00 | carry=0 | base=0.18 ba=+1.00 | site=1 sd=0.26 sa=+0.26 | phero=0 pd=0.00 pa=+0.00 | srch=0.09 | wall=3.38

[DEPOSIT] Robot 1 deposited! Total: 134
  [PHERO] Laid at (1.77, 1.83) density=8 prob=1.00 total_entries=8
  [TARGET] Robot 1 → SITE (1.77,1.83)
[EMPTY_RTN] R2 → phero(1.77,1.83)
[DEPOSIT] Robot 3 deposited! Total: 135
  [PHERO] Laid at (1.45, -1.00) density=6 prob=0.97 total_entries=9
  [TARGET] Robot 3 → SITE (1.45,-1.00)

======================================================================
Step 74500 (39.7 min) | Pickups: 135 | Deposits: 135 | Rate: 3.40 tags/min | phero_entries=9 phero_max=0.792
======================================================================
R1[SITE      ]: L=+1.00 R=+1.00 | carry=0 | base=0.25 ba=+0.99 | site=1 sd=0.23 sa=-0.37 | phero=0 pd=0.00 pa=+0.00 | srch=0.11 | wall=2.98
R2[BASE_ESC  ]: L=+0.00 R=+1.00 | carry=0 | base=0.04 ba=-0.55 | site=0 sd=0.00 sa=+0.00 | phero=1 pd=0.43 pa=-0.31 | srch=0.06 | wall=4.25
R3[SITE      ]: L=+1.00 R=+0.63 | carry=0 | base=0.05 ba=-0.89 | site=1 sd=0.23 sa=-0.01 | phero=0 pd=0.00 pa=+0.00 | srch=0.04 | wall=4.21
R4[SITE      ]: L=+0.85 R=+1.00 | carry=0 | base=0.44 ba=+0.67 | site=1 sd=0.09 sa=+0.30 | phero=0 pd=0.00 pa=+0.00 | srch=0.21 | wall=2.08

[PICKUP] Robot 4 picked up tag (density=7) | Total: 136
[PICKUP] Robot 1 picked up tag (density=6) | Total: 137

======================================================================
Step 75000 (40.0 min) | Pickups: 137 | Deposits: 135 | Rate: 3.38 tags/min | phero_entries=9 phero_max=0.356
======================================================================
R1[RTB       ]: L=+1.00 R=+0.63 | carry=1 | base=0.42 ba=-0.14 | site=0 sd=0.00 sa=+0.00 | phero=0 pd=0.00 pa=+0.00 | srch=0.00 | wall=2.43
R2[PHERO     ]: L=+1.00 R=+1.00 | carry=0 | base=0.11 ba=-0.86 | site=0 sd=0.00 sa=+0.00 | phero=1 pd=0.31 pa=-0.07 | srch=0.18 | wall=3.86
R3[SITE      ]: L=+0.35 R=+0.34 | carry=0 | base=0.25 ba=-0.97 | site=1 sd=0.03 sa=-0.03 | phero=0 pd=0.00 pa=+0.00 | srch=0.16 | wall=3.19
R4[RTB       ]: L=+1.00 R=+1.00 | carry=1 | base=0.24 ba=+0.00 | site=0 sd=0.00 sa=+0.00 | phero=0 pd=0.00 pa=+0.00 | srch=0.00 | wall=3.37

[PICKUP] Robot 3 picked up tag (density=5) | Total: 138
[DEPOSIT] Robot 4 deposited! Total: 136
  [PHERO] Laid at (2.10, 1.80) density=7 prob=0.99 total_entries=9
  [TARGET] Robot 4 → SITE (2.10,1.80)

======================================================================
Step 75500 (40.3 min) | Pickups: 138 | Deposits: 136 | Rate: 3.38 tags/min | phero_entries=9 phero_max=0.764
======================================================================
R1[RTB       ]: L=+1.00 R=+1.00 | carry=1 | base=0.12 ba=-0.00 | site=0 sd=0.00 sa=+0.00 | phero=0 pd=0.00 pa=+0.00 | srch=0.00 | wall=3.92
R2[PHERO     ]: L=+0.98 R=+0.92 | carry=0 | base=0.38 ba=-0.86 | site=0 sd=0.00 sa=+0.00 | phero=1 pd=0.02 pa=-0.06 | srch=0.31 | wall=2.70
R3[RTB       ]: L=+1.00 R=+1.00 | carry=1 | base=0.13 ba=-0.00 | site=0 sd=0.00 sa=+0.00 | phero=0 pd=0.00 pa=+0.00 | srch=0.00 | wall=3.84
R4[SITE      ]: L=+1.00 R=+0.99 | carry=0 | base=0.07 ba=-0.97 | site=1 sd=0.37 sa=-0.07 | phero=0 pd=0.00 pa=+0.00 | srch=0.04 | wall=4.14

[PICKUP] Robot 2 picked up tag (density=5) | Total: 139
[DEPOSIT] Robot 1 deposited! Total: 137
  [PHERO] Laid at (1.64, 2.15) density=6 prob=0.97 total_entries=9
  [TARGET] Robot 1 → SITE (1.64,2.15)
[DEPOSIT] Robot 3 deposited! Total: 138
  [PHERO] Laid at (1.47, -1.02) density=5 prob=0.92 total_entries=10
  [TARGET] Robot 3 → SITE (1.47,-1.02)

======================================================================
Step 76000 (40.5 min) | Pickups: 139 | Deposits: 138 | Rate: 3.40 tags/min | phero_entries=10 phero_max=0.577
======================================================================
R1[SITE      ]: L=+1.00 R=+1.00 | carry=0 | base=0.18 ba=+0.98 | site=1 sd=0.27 sa=-0.24 | phero=0 pd=0.00 pa=+0.00 | srch=0.09 | wall=3.39
R2[RTB       ]: L=+1.00 R=+1.00 | carry=1 | base=0.18 ba=-0.00 | site=0 sd=0.00 sa=+0.00 | phero=0 pd=0.00 pa=+0.00 | srch=0.00 | wall=3.67
R3[SITE      ]: L=+0.60 R=+0.60 | carry=0 | base=0.12 ba=+0.96 | site=1 sd=0.16 sa=-0.03 | phero=0 pd=0.00 pa=+0.00 | srch=0.09 | wall=3.89
R4[SITE      ]: L=+1.00 R=+1.00 | carry=0 | base=0.33 ba=-0.92 | site=1 sd=0.16 sa=+0.40 | phero=0 pd=0.00 pa=+0.00 | srch=0.17 | wall=2.57

[DEPOSIT] Robot 2 deposited! Total: 139
  [PHERO] Laid at (1.78, 1.84) density=5 prob=0.92 total_entries=11
  [TARGET] Robot 2 → SITE (1.78,1.84)
[PICKUP] Robot 3 picked up tag (density=4) | Total: 140

======================================================================
Step 76500 (40.8 min) | Pickups: 140 | Deposits: 139 | Rate: 3.41 tags/min | phero_entries=9 phero_max=0.654
======================================================================
R1[SITE      ]: L=+1.00 R=+1.00 | carry=0 | base=0.40 ba=-0.60 | site=1 sd=0.06 sa=+0.02 | phero=0 pd=0.00 pa=+0.00 | srch=0.21 | wall=2.30
R2[SITE      ]: L=+0.97 R=+1.00 | carry=0 | base=0.13 ba=+1.00 | site=1 sd=0.28 sa=+0.15 | phero=0 pd=0.00 pa=+0.00 | srch=0.07 | wall=3.77
R3[RTB       ]: L=+1.00 R=+0.09 | carry=1 | base=0.29 ba=-0.34 | site=0 sd=0.00 sa=+0.00 | phero=0 pd=0.00 pa=+0.00 | srch=0.00 | wall=3.01
R4[SITE      ]: L=+1.00 R=+1.00 | carry=0 | base=0.46 ba=+0.37 | site=1 sd=0.05 sa=+0.05 | phero=0 pd=0.00 pa=+0.00 | srch=0.29 | wall=2.09

[PICKUP] Robot 4 picked up tag (density=4) | Total: 141
[PICKUP] Robot 1 picked up tag (density=3) | Total: 142
[DEPOSIT] Robot 3 deposited! Total: 140
  [PHERO] Laid at (1.49, -1.04) density=4 prob=0.82 total_entries=9
  [TARGET] Robot 3 → SITE (1.49,-1.04)

======================================================================
Step 77000 (41.1 min) | Pickups: 142 | Deposits: 140 | Rate: 3.41 tags/min | phero_entries=9 phero_max=0.919
======================================================================
R1[RTB       ]: L=+1.00 R=+1.00 | carry=1 | base=0.25 ba=-0.00 | site=0 sd=0.00 sa=+0.00 | phero=0 pd=0.00 pa=+0.00 | srch=0.00 | wall=3.32
R2[EXPLORE   ]: L=+1.00 R=+1.00 | carry=0 | base=0.40 ba=+0.78 | site=0 sd=0.00 sa=+0.00 | phero=0 pd=0.00 pa=+0.00 | srch=0.19 | wall=2.66
R3[BASE_ESC  ]: L=+0.00 R=+1.00 | carry=0 | base=0.03 ba=-0.46 | site=1 sd=0.25 sa=+0.59 | phero=0 pd=0.00 pa=+0.00 | srch=0.01 | wall=4.34
R4[RTB       ]: L=+1.00 R=+1.00 | carry=1 | base=0.21 ba=+0.00 | site=0 sd=0.00 sa=+0.00 | phero=0 pd=0.00 pa=+0.00 | srch=0.00 | wall=3.55

[PICKUP] Robot 2 picked up tag (density=2) | Total: 143
[DEPOSIT] Robot 4 deposited! Total: 141
  [PHERO] Laid at (2.02, 1.84) density=4 prob=0.82 total_entries=10
  [TARGET] Robot 4 → SITE (2.02,1.84)
[DEPOSIT] Robot 1 deposited! Total: 142
  [PHERO] Laid at (1.71, 2.14) density=3 prob=0.65 total_entries=11
  [TARGET] Robot 1 → SITE (1.71,2.14)

======================================================================
Step 77500 (41.3 min) | Pickups: 143 | Deposits: 142 | Rate: 3.44 tags/min | phero_entries=10 phero_max=0.785
======================================================================
R1[SITE      ]: L=+1.00 R=+1.00 | carry=0 | base=0.07 ba=+0.92 | site=1 sd=0.37 sa=-0.27 | phero=0 pd=0.00 pa=+0.00 | srch=0.04 | wall=4.07
R2[RTB       ]: L=+1.00 R=+1.00 | carry=1 | base=0.17 ba=+0.00 | site=0 sd=0.00 sa=+0.00 | phero=0 pd=0.00 pa=+0.00 | srch=0.00 | wall=3.66
R3[SITE      ]: L=+0.22 R=+0.08 | carry=0 | base=0.20 ba=-0.97 | site=1 sd=0.08 sa=+0.01 | phero=0 pd=0.00 pa=+0.00 | srch=0.14 | wall=3.43
R4[SITE      ]: L=+1.00 R=+0.53 | carry=0 | base=0.07 ba=-0.96 | site=1 sd=0.36 sa=-0.02 | phero=0 pd=0.00 pa=+0.00 | srch=0.06 | wall=4.14

[DEPOSIT] Robot 2 deposited! Total: 143
  [PHERO] Laid at (1.78, 1.92) density=2 prob=0.42 total_entries=11
  [TARGET] Robot 2 → SITE (1.78,1.92)
[PICKUP] Robot 3 picked up tag (density=3) | Total: 144

======================================================================
Step 78000 (41.6 min) | Pickups: 144 | Deposits: 143 | Rate: 3.44 tags/min | phero_entries=10 phero_max=0.641
======================================================================
R1[SITE      ]: L=+1.00 R=+1.00 | carry=0 | base=0.32 ba=-0.81 | site=1 sd=0.12 sa=+0.02 | phero=0 pd=0.00 pa=+0.00 | srch=0.16 | wall=2.75
R2[SITE      ]: L=+1.00 R=+0.62 | carry=0 | base=0.14 ba=-0.96 | site=1 sd=0.29 sa=-0.14 | phero=0 pd=0.00 pa=+0.00 | srch=0.07 | wall=3.69
R3[RTB       ]: L=+1.00 R=+0.96 | carry=1 | base=0.27 ba=-0.02 | site=0 sd=0.00 sa=+0.00 | phero=0 pd=0.00 pa=+0.00 | srch=0.00 | wall=3.17
R4[SITE      ]: L=+1.00 R=+1.00 | carry=0 | base=0.36 ba=+0.95 | site=1 sd=0.07 sa=+0.06 | phero=0 pd=0.00 pa=+0.00 | srch=0.18 | wall=2.70

[PICKUP] Robot 4 picked up tag (density=18) | Total: 145
[DEPOSIT] Robot 3 deposited! Total: 144
  [TARGET] Robot 3 → SITE (1.54,-1.07)
[PICKUP] Robot 1 picked up tag (density=18) | Total: 146
[PICKUP] Robot 2 picked up tag (density=1) | Total: 147

======================================================================
Step 78500 (41.9 min) | Pickups: 147 | Deposits: 144 | Rate: 3.44 tags/min | phero_entries=9 phero_max=0.288
======================================================================
R1[RTB       ]: L=+0.22 R=+1.00 | carry=1 | base=0.55 ba=+0.29 | site=0 sd=0.00 sa=+0.00 | phero=0 pd=0.00 pa=+0.00 | srch=0.00 | wall=1.76
R2[RTB       ]: L=+1.00 R=+0.00 | carry=1 | base=0.42 ba=-0.85 | site=0 sd=0.00 sa=+0.00 | phero=0 pd=0.00 pa=+0.00 | srch=0.00 | wall=2.54
R3[SITE      ]: L=-0.75 R=+1.00 | carry=0 | base=0.04 ba=-1.00 | site=1 sd=0.26 sa=+0.12 | phero=0 pd=0.00 pa=+0.00 | srch=0.03 | wall=4.30
R4[RTB       ]: L=+0.98 R=+1.00 | carry=1 | base=0.51 ba=+0.01 | site=0 sd=0.00 sa=+0.00 | phero=0 pd=0.00 pa=+0.00 | srch=0.00 | wall=1.93


======================================================================
Step 79000 (42.1 min) | Pickups: 147 | Deposits: 144 | Rate: 3.42 tags/min | phero_entries=8 phero_max=0.129
======================================================================
R1[RTB       ]: L=+1.00 R=+1.00 | carry=1 | base=0.27 ba=+0.00 | site=0 sd=0.00 sa=+0.00 | phero=0 pd=0.00 pa=+0.00 | srch=0.00 | wall=3.16
R2[RTB       ]: L=+1.00 R=+1.00 | carry=1 | base=0.17 ba=-0.00 | site=0 sd=0.00 sa=+0.00 | phero=0 pd=0.00 pa=+0.00 | srch=0.00 | wall=3.72
R3[SITE      ]: L=+0.00 R=+0.00 | carry=0 | base=0.18 ba=-0.97 | site=1 sd=0.12 sa=-0.05 | phero=0 pd=0.00 pa=+0.00 | srch=0.16 | wall=3.50
R4[RTB       ]: L=+1.00 R=+1.00 | carry=1 | base=0.21 ba=+0.00 | site=0 sd=0.00 sa=+0.00 | phero=0 pd=0.00 pa=+0.00 | srch=0.00 | wall=3.46

[DEPOSIT] Robot 2 deposited! Total: 145
  [TARGET] Robot 2 → SITE (1.81,1.96)
[DEPOSIT] Robot 4 deposited! Total: 146
  [PHERO] Laid at (2.18, 2.69) density=18 prob=1.00 total_entries=9
  [TARGET] Robot 4 → SITE (2.18,2.69)
[DEPOSIT] Robot 1 deposited! Total: 147
  [PHERO] Laid at (2.25, 2.70) density=18 prob=1.00 total_entries=10
  [TARGET] Robot 1 → SITE (2.25,2.70)

======================================================================
Step 79500 (42.4 min) | Pickups: 147 | Deposits: 147 | Rate: 3.47 tags/min | phero_entries=10 phero_max=0.825
======================================================================
R1[SITE      ]: L=+1.00 R=+1.00 | carry=0 | base=0.04 ba=-0.91 | site=1 sd=0.51 sa=+0.18 | phero=0 pd=0.00 pa=+0.00 | srch=0.03 | wall=4.27
R2[SITE      ]: L=+0.98 R=+1.00 | carry=0 | base=0.14 ba=+0.89 | site=1 sd=0.29 sa=+0.04 | phero=0 pd=0.00 pa=+0.00 | srch=0.07 | wall=3.74
R3[SITE      ]: L=+0.77 R=+0.74 | carry=0 | base=0.23 ba=+0.98 | site=1 sd=0.06 sa=-0.09 | phero=0 pd=0.00 pa=+0.00 | srch=0.28 | wall=3.24
R4[SITE      ]: L=+1.00 R=+1.00 | carry=0 | base=0.09 ba=-0.93 | site=1 sd=0.45 sa=+0.03 | phero=0 pd=0.00 pa=+0.00 | srch=0.06 | wall=4.01


======================================================================
Step 80000 (42.7 min) | Pickups: 147 | Deposits: 147 | Rate: 3.45 tags/min | phero_entries=7 phero_max=0.371
======================================================================
R1[SITE      ]: L=+0.98 R=+1.00 | carry=0 | base=0.34 ba=+1.00 | site=1 sd=0.25 sa=+0.24 | phero=0 pd=0.00 pa=+0.00 | srch=0.16 | wall=2.65
R2[SITE      ]: L=+0.73 R=+1.00 | carry=0 | base=0.42 ba=+0.71 | site=1 sd=0.02 sa=+0.28 | phero=0 pd=0.00 pa=+0.00 | srch=0.19 | wall=2.59
R3[SITE      ]: L=-0.08 R=-0.09 | carry=0 | base=0.26 ba=-0.87 | site=1 sd=0.04 sa=+0.03 | phero=0 pd=0.00 pa=+0.00 | srch=0.41 | wall=3.12
R4[SITE      ]: L=+0.87 R=+0.88 | carry=0 | base=0.39 ba=-0.98 | site=1 sd=0.16 sa=+0.13 | phero=0 pd=0.00 pa=+0.00 | srch=0.18 | wall=2.75

[PICKUP] Robot 4 picked up tag (density=17) | Total: 148

======================================================================
Step 80500 (42.9 min) | Pickups: 148 | Deposits: 147 | Rate: 3.42 tags/min | phero_entries=7 phero_max=0.167
======================================================================
R1[SITE      ]: L=+0.93 R=+1.00 | carry=0 | base=0.63 ba=+0.76 | site=1 sd=0.15 sa=+0.46 | phero=0 pd=0.00 pa=+0.00 | srch=0.28 | wall=1.32
R2[EXPLORE   ]: L=+1.00 R=+1.00 | carry=0 | base=0.38 ba=+0.55 | site=0 sd=0.00 sa=+0.00 | phero=0 pd=0.00 pa=+0.00 | srch=0.32 | wall=2.09
R3[SITE      ]: L=-0.30 R=-0.30 | carry=0 | base=0.26 ba=-0.96 | site=1 sd=0.04 sa=+0.00 | phero=0 pd=0.00 pa=+0.00 | srch=0.53 | wall=3.14
R4[RTB       ]: L=+0.97 R=+1.00 | carry=1 | base=0.52 ba=+0.01 | site=0 sd=0.00 sa=+0.00 | phero=0 pd=0.00 pa=+0.00 | srch=0.00 | wall=1.84


======================================================================
Step 81000 (43.2 min) | Pickups: 148 | Deposits: 147 | Rate: 3.40 tags/min | phero_entries=6 phero_max=0.075
======================================================================
R1[SITE      ]: L=+0.86 R=+1.00 | carry=0 | base=0.57 ba=-0.09 | site=1 sd=0.06 sa=+0.27 | phero=0 pd=0.00 pa=+0.00 | srch=0.41 | wall=1.49
R2[EXPLORE   ]: L=+1.00 R=+1.00 | carry=0 | base=0.52 ba=+0.74 | site=0 sd=0.00 sa=+0.00 | phero=0 pd=0.00 pa=+0.00 | srch=0.44 | wall=1.61
R3[SITE      ]: L=-0.14 R=-0.13 | carry=0 | base=0.20 ba=-0.96 | site=1 sd=0.10 sa=-0.01 | phero=0 pd=0.00 pa=+0.00 | srch=0.66 | wall=3.43
R4[RTB       ]: L=+1.00 R=+1.00 | carry=1 | base=0.22 ba=+0.00 | site=0 sd=0.00 sa=+0.00 | phero=0 pd=0.00 pa=+0.00 | srch=0.00 | wall=3.38

[PICKUP] Robot 1 picked up tag (density=16) | Total: 149
[DEPOSIT] Robot 4 deposited! Total: 148
  [PHERO] Laid at (2.20, 2.75) density=17 prob=1.00 total_entries=6
  [TARGET] Robot 4 → SITE (2.20,2.75)
[PICKUP] Robot 3 picked up tag (density=2) | Total: 150

======================================================================
Step 81500 (43.5 min) | Pickups: 150 | Deposits: 148 | Rate: 3.40 tags/min | phero_entries=6 phero_max=0.727
======================================================================
R1[RTB       ]: L=+1.00 R=+1.00 | carry=1 | base=0.42 ba=-0.00 | site=0 sd=0.00 sa=+0.00 | phero=0 pd=0.00 pa=+0.00 | srch=0.00 | wall=2.59
R2[EXPLORE   ]: L=+1.00 R=+1.00 | carry=0 | base=0.76 ba=+0.84 | site=0 sd=0.00 sa=+0.00 | phero=0 pd=0.00 pa=+0.00 | srch=0.57 | wall=1.01
R3[RTB       ]: L=+1.00 R=+0.00 | carry=1 | base=0.31 ba=-0.47 | site=0 sd=0.00 sa=+0.00 | phero=0 pd=0.00 pa=+0.00 | srch=0.00 | wall=2.92
R4[SITE      ]: L=+1.00 R=+1.00 | carry=0 | base=0.09 ba=-0.96 | site=1 sd=0.47 sa=-0.05 | phero=0 pd=0.00 pa=+0.00 | srch=0.05 | wall=4.00

[DEPOSIT] Robot 3 deposited! Total: 149
  [TARGET] Robot 3 → SITE (1.58,-1.10)

======================================================================
Step 82000 (43.7 min) | Pickups: 150 | Deposits: 149 | Rate: 3.41 tags/min | phero_entries=4 phero_max=0.327
======================================================================
R1[RTB       ]: L=+1.00 R=+1.00 | carry=1 | base=0.11 ba=-0.00 | site=0 sd=0.00 sa=+0.00 | phero=0 pd=0.00 pa=+0.00 | srch=0.00 | wall=3.98
R2[EXPLORE   ]: L=+1.00 R=+0.57 | carry=0 | base=0.73 ba=+0.07 | site=0 sd=0.00 sa=+0.00 | phero=0 pd=0.00 pa=+0.00 | srch=0.69 | wall=0.88
R3[BASE_ESC  ]: L=+0.00 R=+1.00 | carry=0 | base=0.04 ba=-0.11 | site=1 sd=0.27 sa=+0.91 | phero=0 pd=0.00 pa=+0.00 | srch=0.00 | wall=4.32
R4[SITE      ]: L=+0.99 R=+0.11 | carry=0 | base=0.39 ba=-0.91 | site=1 sd=0.17 sa=+0.01 | phero=0 pd=0.00 pa=+0.00 | srch=0.17 | wall=2.46

[DEPOSIT] Robot 1 deposited! Total: 150
  [PHERO] Laid at (2.40, 2.65) density=16 prob=1.00 total_entries=4
  [TARGET] Robot 1 → SITE (2.40,2.65)
[PICKUP] Robot 4 picked up tag (density=15) | Total: 151

======================================================================
Step 82500 (44.0 min) | Pickups: 151 | Deposits: 150 | Rate: 3.41 tags/min | phero_entries=4 phero_max=0.549
======================================================================
R1[SITE      ]: L=+1.00 R=+1.00 | carry=0 | base=0.20 ba=-0.98 | site=1 sd=0.41 sa=+0.29 | phero=0 pd=0.00 pa=+0.00 | srch=0.09 | wall=3.29
R2[EXPLORE   ]: L=+1.00 R=+1.00 | carry=0 | base=0.62 ba=+0.45 | site=0 sd=0.00 sa=+0.00 | phero=0 pd=0.00 pa=+0.00 | srch=0.82 | wall=0.70
R3[SITE      ]: L=+0.65 R=+0.63 | carry=0 | base=0.24 ba=+0.98 | site=1 sd=0.07 sa=-0.10 | phero=0 pd=0.00 pa=+0.00 | srch=0.13 | wall=3.23
R4[RTB       ]: L=+0.97 R=+1.00 | carry=1 | base=0.53 ba=+0.01 | site=0 sd=0.00 sa=+0.00 | phero=0 pd=0.00 pa=+0.00 | srch=0.00 | wall=1.79

[GIVE-UP] R2 giving up after 3418 steps

======================================================================
Step 83000 (44.3 min) | Pickups: 151 | Deposits: 150 | Rate: 3.39 tags/min | phero_entries=4 phero_max=0.247
======================================================================
R1[SITE      ]: L=+0.97 R=+1.00 | carry=0 | base=0.50 ba=+0.91 | site=1 sd=0.29 sa=+0.43 | phero=0 pd=0.00 pa=+0.00 | srch=0.22 | wall=1.49
R2[GIVE_UP   ]: L=+1.00 R=+1.00 | carry=0 | base=0.42 ba=+0.00 | site=0 sd=0.00 sa=+0.00 | phero=0 pd=0.00 pa=+0.00 | srch=0.94 | wall=1.84
R3[SITE      ]: L=+0.17 R=+0.17 | carry=0 | base=0.29 ba=-0.90 | site=1 sd=0.02 sa=+0.01 | phero=0 pd=0.00 pa=+0.00 | srch=0.25 | wall=2.99
R4[RTB       ]: L=+1.00 R=+1.00 | carry=1 | base=0.23 ba=+0.00 | site=0 sd=0.00 sa=+0.00 | phero=0 pd=0.00 pa=+0.00 | srch=0.00 | wall=3.34

[DEPOSIT] Robot 4 deposited! Total: 151
  [PHERO] Laid at (2.20, 2.82) density=15 prob=1.00 total_entries=5
  [TARGET] Robot 4 → SITE (2.20,2.82)

======================================================================
Step 83500 (44.5 min) | Pickups: 151 | Deposits: 151 | Rate: 3.39 tags/min | phero_entries=5 phero_max=0.739
======================================================================
R1[SITE      ]: L=+1.00 R=+1.00 | carry=0 | base=0.56 ba=+0.41 | site=1 sd=0.07 sa=-0.07 | phero=0 pd=0.00 pa=+0.00 | srch=0.34 | wall=1.76
R2[GIVE_UP   ]: L=+1.00 R=+1.00 | carry=0 | base=0.12 ba=+0.00 | site=0 sd=0.00 sa=+0.00 | phero=0 pd=0.00 pa=+0.00 | srch=1.00 | wall=3.75
R3[EXPLORE   ]: L=+1.00 R=+1.00 | carry=0 | base=0.40 ba=-0.63 | site=0 sd=0.00 sa=+0.00 | phero=0 pd=0.00 pa=+0.00 | srch=0.38 | wall=2.14
R4[SITE      ]: L=+1.00 R=+0.99 | carry=0 | base=0.08 ba=+0.98 | site=1 sd=0.49 sa=-0.16 | phero=0 pd=0.00 pa=+0.00 | srch=0.05 | wall=3.98

[EMPTY_RTN] R2 → phero(2.20,2.82)
[PICKUP] Robot 1 picked up tag (density=14) | Total: 152
[GIVE-UP] R3 giving up after 1709 steps

======================================================================
Step 84000 (44.8 min) | Pickups: 152 | Deposits: 151 | Rate: 3.37 tags/min | phero_entries=3 phero_max=0.332
======================================================================
R1[RTB       ]: L=+1.00 R=+1.00 | carry=1 | base=0.39 ba=+0.00 | site=0 sd=0.00 sa=+0.00 | phero=0 pd=0.00 pa=+0.00 | srch=0.00 | wall=2.57
R2[PHERO     ]: L=+0.73 R=+0.72 | carry=0 | base=0.04 ba=-0.62 | site=0 sd=0.00 sa=+0.00 | phero=1 pd=0.55 pa=-0.06 | srch=0.09 | wall=4.28
R3[GIVE_UP   ]: L=+1.00 R=+1.00 | carry=0 | base=0.28 ba=-0.00 | site=0 sd=0.00 sa=+0.00 | phero=0 pd=0.00 pa=+0.00 | srch=0.50 | wall=2.74
R4[SITE      ]: L=+1.00 R=+0.98 | carry=0 | base=0.37 ba=-0.94 | site=1 sd=0.21 sa=-0.08 | phero=0 pd=0.00 pa=+0.00 | srch=0.17 | wall=2.45

[PICKUP] Robot 4 picked up tag (density=13) | Total: 153
[EMPTY_RTN] R3 → phero(2.20,2.82)

======================================================================
Step 84500 (45.1 min) | Pickups: 153 | Deposits: 151 | Rate: 3.35 tags/min | phero_entries=3 phero_max=0.149
======================================================================
R1[RTB       ]: L=+1.00 R=+1.00 | carry=1 | base=0.09 ba=+0.00 | site=0 sd=0.00 sa=+0.00 | phero=0 pd=0.00 pa=+0.00 | srch=0.00 | wall=4.06
R2[PHERO     ]: L=+0.06 R=+1.00 | carry=0 | base=0.11 ba=-0.84 | site=0 sd=0.00 sa=+0.00 | phero=1 pd=0.47 pa=-0.03 | srch=0.22 | wall=3.82
R3[BASE_ESC  ]: L=+0.32 R=+1.00 | carry=0 | base=0.04 ba=-0.83 | site=0 sd=0.00 sa=+0.00 | phero=1 pd=0.59 pa=+0.99 | srch=0.03 | wall=4.27
R4[RTB       ]: L=+1.00 R=+0.95 | carry=1 | base=0.54 ba=-0.02 | site=0 sd=0.00 sa=+0.00 | phero=0 pd=0.00 pa=+0.00 | srch=0.00 | wall=1.85

[DEPOSIT] Robot 1 deposited! Total: 152
  [PHERO] Laid at (2.35, 2.73) density=14 prob=1.00 total_entries=4
  [TARGET] Robot 1 → SITE (2.35,2.73)

======================================================================
Step 85000 (45.3 min) | Pickups: 153 | Deposits: 152 | Rate: 3.35 tags/min | phero_entries=4 phero_max=0.513
======================================================================
R1[SITE      ]: L=+1.00 R=+1.00 | carry=0 | base=0.22 ba=+0.98 | site=1 sd=0.39 sa=-0.29 | phero=0 pd=0.00 pa=+0.00 | srch=0.10 | wall=3.10
R2[PHERO     ]: L=+0.16 R=+0.16 | carry=0 | base=0.26 ba=-0.95 | site=0 sd=0.00 sa=+0.00 | phero=1 pd=0.35 pa=-0.20 | srch=0.34 | wall=2.88
R3[PHERO     ]: L=+0.86 R=+0.86 | carry=0 | base=0.08 ba=+0.83 | site=0 sd=0.00 sa=+0.00 | phero=1 pd=0.50 pa=+0.04 | srch=0.15 | wall=4.02
R4[RTB       ]: L=+1.00 R=+1.00 | carry=1 | base=0.24 ba=-0.00 | site=0 sd=0.00 sa=+0.00 | phero=0 pd=0.00 pa=+0.00 | srch=0.00 | wall=3.32

[DEPOSIT] Robot 4 deposited! Total: 153
  [PHERO] Laid at (2.25, 2.85) density=13 prob=1.00 total_entries=5
  [TARGET] Robot 4 → SITE (2.25,2.85)

======================================================================
Step 85500 (45.6 min) | Pickups: 153 | Deposits: 153 | Rate: 3.36 tags/min | phero_entries=5 phero_max=0.769
======================================================================
R1[SITE      ]: L=+1.00 R=+0.96 | carry=0 | base=0.52 ba=-0.84 | site=1 sd=0.31 sa=-0.39 | phero=0 pd=0.00 pa=+0.00 | srch=0.23 | wall=1.23
R2[PHERO     ]: L=-0.24 R=-0.24 | carry=0 | base=0.27 ba=-0.89 | site=0 sd=0.00 sa=+0.00 | phero=1 pd=0.35 pa=-0.15 | srch=0.47 | wall=2.84
R3[PHERO     ]: L=+1.00 R=+1.00 | carry=0 | base=0.36 ba=+0.93 | site=0 sd=0.00 sa=+0.00 | phero=1 pd=0.21 pa=+0.02 | srch=0.28 | wall=2.84
R4[SITE      ]: L=+1.00 R=+1.00 | carry=0 | base=0.07 ba=-0.94 | site=1 sd=0.51 sa=+0.22 | phero=0 pd=0.00 pa=+0.00 | srch=0.04 | wall=4.10

[PICKUP] Robot 3 picked up tag (density=12) | Total: 154

======================================================================
Step 86000 (45.9 min) | Pickups: 154 | Deposits: 153 | Rate: 3.34 tags/min | phero_entries=4 phero_max=0.346
======================================================================
R1[SITE      ]: L=+1.00 R=+0.96 | carry=0 | base=0.72 ba=-0.61 | site=1 sd=0.22 sa=-0.40 | phero=0 pd=0.00 pa=+0.00 | srch=0.35 | wall=0.41
R2[PHERO     ]: L=+0.98 R=+0.97 | carry=0 | base=0.30 ba=-0.84 | site=0 sd=0.00 sa=+0.00 | phero=1 pd=0.31 pa=-0.09 | srch=0.59 | wall=2.68
R3[RTB       ]: L=+0.95 R=+1.00 | carry=1 | base=0.55 ba=+0.02 | site=0 sd=0.00 sa=+0.00 | phero=0 pd=0.00 pa=+0.00 | srch=0.00 | wall=1.71
R4[SITE      ]: L=+0.97 R=+1.00 | carry=0 | base=0.37 ba=+0.99 | site=1 sd=0.33 sa=+0.38 | phero=0 pd=0.00 pa=+0.00 | srch=0.17 | wall=2.27


======================================================================
Step 86500 (46.1 min) | Pickups: 154 | Deposits: 153 | Rate: 3.32 tags/min | phero_entries=3 phero_max=0.155
======================================================================
R1[SITE      ]: L=+1.00 R=+0.93 | carry=0 | base=0.66 ba=-0.20 | site=1 sd=0.13 sa=-0.40 | phero=0 pd=0.00 pa=+0.00 | srch=0.48 | wall=1.35
R2[PHERO     ]: L=+0.81 R=+0.79 | carry=0 | base=0.53 ba=-0.78 | site=0 sd=0.00 sa=+0.00 | phero=1 pd=0.05 pa=-0.05 | srch=0.72 | wall=1.72
R3[RTB       ]: L=+1.00 R=+1.00 | carry=1 | base=0.24 ba=+0.00 | site=0 sd=0.00 sa=+0.00 | phero=0 pd=0.00 pa=+0.00 | srch=0.00 | wall=3.25
R4[SITE      ]: L=+0.96 R=+1.00 | carry=0 | base=0.63 ba=+0.73 | site=1 sd=0.21 sa=+0.37 | phero=0 pd=0.00 pa=+0.00 | srch=0.29 | wall=1.09

[PICKUP] Robot 2 picked up tag (density=11) | Total: 155
[DEPOSIT] Robot 3 deposited! Total: 154
  [PHERO] Laid at (2.24, 2.89) density=12 prob=1.00 total_entries=4
  [TARGET] Robot 3 → SITE (2.24,2.89)

======================================================================
Step 87000 (46.4 min) | Pickups: 155 | Deposits: 154 | Rate: 3.32 tags/min | phero_entries=4 phero_max=0.774
======================================================================
R1[SITE      ]: L=+1.00 R=+0.92 | carry=0 | base=0.54 ba=+0.77 | site=1 sd=0.08 sa=-0.63 | phero=0 pd=0.00 pa=+0.00 | srch=0.60 | wall=1.65
R2[RTB       ]: L=+1.00 R=+1.00 | carry=1 | base=0.39 ba=-0.00 | site=0 sd=0.00 sa=+0.00 | phero=0 pd=0.00 pa=+0.00 | srch=0.00 | wall=2.63
R3[SITE      ]: L=+1.00 R=+0.99 | carry=0 | base=0.07 ba=+0.99 | site=1 sd=0.51 sa=-0.14 | phero=0 pd=0.00 pa=+0.00 | srch=0.04 | wall=4.09
R4[SITE      ]: L=+1.00 R=+1.00 | carry=0 | base=0.76 ba=+0.61 | site=1 sd=0.19 sa=+0.64 | phero=0 pd=0.00 pa=+0.00 | srch=0.42 | wall=0.61

[PICKUP] Robot 1 picked up tag (density=10) | Total: 156

======================================================================
Step 87500 (46.7 min) | Pickups: 156 | Deposits: 154 | Rate: 3.30 tags/min | phero_entries=4 phero_max=0.348
======================================================================
R1[RTB       ]: L=+1.00 R=+1.00 | carry=1 | base=0.48 ba=-0.00 | site=0 sd=0.00 sa=+0.00 | phero=0 pd=0.00 pa=+0.00 | srch=0.00 | wall=2.07
R2[RTB       ]: L=+1.00 R=+1.00 | carry=1 | base=0.09 ba=-0.00 | site=0 sd=0.00 sa=+0.00 | phero=0 pd=0.00 pa=+0.00 | srch=0.00 | wall=4.09
R3[SITE      ]: L=+0.89 R=+0.88 | carry=0 | base=0.36 ba=-0.93 | site=1 sd=0.22 sa=+0.01 | phero=0 pd=0.00 pa=+0.00 | srch=0.17 | wall=2.61
R4[SITE      ]: L=+0.91 R=+1.00 | carry=0 | base=0.57 ba=-0.20 | site=1 sd=0.08 sa=+0.27 | phero=0 pd=0.00 pa=+0.00 | srch=0.54 | wall=1.35

[DEPOSIT] Robot 2 deposited! Total: 155
  [PHERO] Laid at (2.29, 2.83) density=11 prob=1.00 total_entries=5
  [TARGET] Robot 2 → SITE (2.29,2.83)
[PICKUP] Robot 4 picked up tag (density=9) | Total: 157

======================================================================
Step 88000 (46.9 min) | Pickups: 157 | Deposits: 155 | Rate: 3.30 tags/min | phero_entries=4 phero_max=0.507
======================================================================
R1[RTB       ]: L=+1.00 R=+1.00 | carry=1 | base=0.18 ba=+0.00 | site=0 sd=0.00 sa=+0.00 | phero=0 pd=0.00 pa=+0.00 | srch=0.00 | wall=3.57
R2[SITE      ]: L=+1.00 R=+1.00 | carry=0 | base=0.23 ba=+1.00 | site=1 sd=0.37 sa=+0.19 | phero=0 pd=0.00 pa=+0.00 | srch=0.11 | wall=3.25
R3[SITE      ]: L=+0.03 R=+0.03 | carry=0 | base=0.52 ba=-0.97 | site=1 sd=0.06 sa=-0.07 | phero=0 pd=0.00 pa=+0.00 | srch=0.29 | wall=1.83
R4[RTB       ]: L=+1.00 R=+1.00 | carry=1 | base=0.45 ba=-0.00 | site=0 sd=0.00 sa=+0.00 | phero=0 pd=0.00 pa=+0.00 | srch=0.00 | wall=2.34

[DEPOSIT] Robot 1 deposited! Total: 156
  [PHERO] Laid at (2.26, 3.22) density=10 prob=1.00 total_entries=5
  [TARGET] Robot 1 → SITE (2.26,3.22)

======================================================================
Step 88500 (47.2 min) | Pickups: 157 | Deposits: 156 | Rate: 3.31 tags/min | phero_entries=5 phero_max=0.659
======================================================================
R1[SITE      ]: L=+1.00 R=+1.00 | carry=0 | base=0.13 ba=+0.97 | site=1 sd=0.51 sa=-0.21 | phero=0 pd=0.00 pa=+0.00 | srch=0.07 | wall=3.69
R2[SITE      ]: L=+1.00 R=+1.00 | carry=0 | base=0.49 ba=+0.83 | site=1 sd=0.12 sa=+0.15 | phero=0 pd=0.00 pa=+0.00 | srch=0.23 | wall=2.12
R3[SITE      ]: L=-0.05 R=-0.05 | carry=0 | base=0.53 ba=-0.94 | site=1 sd=0.05 sa=-0.09 | phero=0 pd=0.00 pa=+0.00 | srch=0.41 | wall=1.76
R4[RTB       ]: L=+1.00 R=+1.00 | carry=1 | base=0.15 ba=-0.00 | site=0 sd=0.00 sa=+0.00 | phero=0 pd=0.00 pa=+0.00 | srch=0.00 | wall=3.78

[PICKUP] Robot 2 picked up tag (density=8) | Total: 158
[DEPOSIT] Robot 4 deposited! Total: 157
  [PHERO] Laid at (2.35, 2.83) density=9 prob=1.00 total_entries=6
  [TARGET] Robot 4 → SITE (2.35,2.83)

======================================================================
Step 89000 (47.5 min) | Pickups: 158 | Deposits: 157 | Rate: 3.31 tags/min | phero_entries=5 phero_max=0.605
======================================================================
R1[SITE      ]: L=+1.00 R=+0.81 | carry=0 | base=0.43 ba=-0.88 | site=1 sd=0.32 sa=-0.27 | phero=0 pd=0.00 pa=+0.00 | srch=0.19 | wall=1.80
R2[RTB       ]: L=+1.00 R=+1.00 | carry=1 | base=0.43 ba=+0.00 | site=0 sd=0.00 sa=+0.00 | phero=0 pd=0.00 pa=+0.00 | srch=0.00 | wall=2.46
R3[SITE      ]: L=+0.46 R=+0.37 | carry=0 | base=0.57 ba=-0.85 | site=1 sd=0.01 sa=-0.08 | phero=0 pd=0.00 pa=+0.00 | srch=0.54 | wall=1.63
R4[SITE      ]: L=+1.00 R=+1.00 | carry=0 | base=0.16 ba=-0.98 | site=1 sd=0.45 sa=+0.25 | phero=0 pd=0.00 pa=+0.00 | srch=0.08 | wall=3.55

[PICKUP] Robot 3 picked up tag (density=7) | Total: 159

======================================================================
Step 89500 (47.7 min) | Pickups: 159 | Deposits: 157 | Rate: 3.29 tags/min | phero_entries=5 phero_max=0.272
======================================================================
R1[SITE      ]: L=+1.00 R=+1.00 | carry=0 | base=0.64 ba=-0.65 | site=1 sd=0.09 sa=-0.25 | phero=0 pd=0.00 pa=+0.00 | srch=0.32 | wall=0.87
R2[RTB       ]: L=+1.00 R=+1.00 | carry=1 | base=0.13 ba=+0.00 | site=0 sd=0.00 sa=+0.00 | phero=0 pd=0.00 pa=+0.00 | srch=0.00 | wall=3.89
R3[RTB       ]: L=+1.00 R=+1.00 | carry=1 | base=0.37 ba=-0.00 | site=0 sd=0.00 sa=+0.00 | phero=0 pd=0.00 pa=+0.00 | srch=0.00 | wall=2.71
R4[SITE      ]: L=+1.00 R=+1.00 | carry=0 | base=0.46 ba=+1.00 | site=1 sd=0.31 sa=+0.47 | phero=0 pd=0.00 pa=+0.00 | srch=0.20 | wall=1.71

[DEPOSIT] Robot 2 deposited! Total: 158
  [PHERO] Laid at (2.56, 2.66) density=8 prob=1.00 total_entries=6
  [TARGET] Robot 2 → SITE (2.56,2.66)

======================================================================
Step 90000 (48.0 min) | Pickups: 159 | Deposits: 158 | Rate: 3.29 tags/min | phero_entries=5 phero_max=0.572
======================================================================
R1[EXPLORE   ]: L=+1.00 R=+1.00 | carry=0 | base=0.48 ba=-0.04 | site=0 sd=0.00 sa=+0.00 | phero=0 pd=0.00 pa=+0.00 | srch=0.44 | wall=2.03
R2[SITE      ]: L=+1.00 R=+0.99 | carry=0 | base=0.18 ba=+0.98 | site=1 sd=0.43 sa=-0.25 | phero=0 pd=0.00 pa=+0.00 | srch=0.09 | wall=3.39
R3[RTB       ]: L=+1.00 R=+1.00 | carry=1 | base=0.06 ba=-0.00 | site=0 sd=0.00 sa=+0.00 | phero=0 pd=0.00 pa=+0.00 | srch=0.00 | wall=4.19
R4[SITE      ]: L=+0.99 R=+1.00 | carry=0 | base=0.56 ba=+0.51 | site=1 sd=0.13 sa=-0.00 | phero=0 pd=0.00 pa=+0.00 | srch=0.33 | wall=1.69

[DEPOSIT] Robot 3 deposited! Total: 159
  [PHERO] Laid at (2.26, 2.92) density=7 prob=0.99 total_entries=6
  [TARGET] Robot 3 → SITE (2.26,2.92)
[GIVE-UP] R1 giving up after 1913 steps
[PICKUP] Robot 4 picked up tag (density=6) | Total: 160

======================================================================
Step 90500 (48.3 min) | Pickups: 160 | Deposits: 159 | Rate: 3.29 tags/min | phero_entries=6 phero_max=0.480
======================================================================
R1[GIVE_UP   ]: L=+1.00 R=+1.00 | carry=0 | base=0.19 ba=-0.00 | site=0 sd=0.00 sa=+0.00 | phero=0 pd=0.00 pa=+0.00 | srch=0.57 | wall=3.56
R2[SITE      ]: L=+1.00 R=+1.00 | carry=0 | base=0.44 ba=-0.89 | site=1 sd=0.15 sa=-0.00 | phero=0 pd=0.00 pa=+0.00 | srch=0.21 | wall=2.32
R3[SITE      ]: L=+0.93 R=+0.93 | carry=0 | base=0.22 ba=+0.93 | site=1 sd=0.36 sa=-0.09 | phero=0 pd=0.00 pa=+0.00 | srch=0.11 | wall=3.36
R4[RTB       ]: L=+1.00 R=+1.00 | carry=1 | base=0.46 ba=+0.00 | site=0 sd=0.00 sa=+0.00 | phero=0 pd=0.00 pa=+0.00 | srch=0.00 | wall=2.29

[EMPTY_RTN] R1 → phero(2.56,2.66)

======================================================================
Step 91000 (48.5 min) | Pickups: 160 | Deposits: 159 | Rate: 3.28 tags/min | phero_entries=6 phero_max=0.216
======================================================================
R1[PHERO     ]: L=+1.00 R=+1.00 | carry=0 | base=0.12 ba=-0.97 | site=0 sd=0.00 sa=+0.00 | phero=1 pd=0.47 pa=+0.19 | srch=0.06 | wall=3.81
R2[EXPLORE   ]: L=+1.00 R=+0.93 | carry=0 | base=0.64 ba=-0.56 | site=0 sd=0.00 sa=+0.00 | phero=0 pd=0.00 pa=+0.00 | srch=0.34 | wall=1.12
R3[SITE      ]: L=-0.38 R=-0.39 | carry=0 | base=0.27 ba=-0.86 | site=1 sd=0.32 sa=+0.03 | phero=0 pd=0.00 pa=+0.00 | srch=0.24 | wall=2.98
R4[RTB       ]: L=+1.00 R=+1.00 | carry=1 | base=0.16 ba=+0.00 | site=0 sd=0.00 sa=+0.00 | phero=0 pd=0.00 pa=+0.00 | srch=0.00 | wall=3.75

[DEPOSIT] Robot 4 deposited! Total: 160
  [PHERO] Laid at (2.47, 2.73) density=6 prob=0.97 total_entries=6
  [TARGET] Robot 4 → SITE (2.47,2.73)

======================================================================
Step 91500 (48.8 min) | Pickups: 160 | Deposits: 160 | Rate: 3.28 tags/min | phero_entries=6 phero_max=0.613
======================================================================
R1[PHERO     ]: L=+1.00 R=+1.00 | carry=0 | base=0.42 ba=+0.99 | site=0 sd=0.00 sa=+0.00 | phero=1 pd=0.26 pa=+0.34 | srch=0.19 | wall=2.04
R2[EXPLORE   ]: L=+1.00 R=+1.00 | carry=0 | base=0.47 ba=-0.24 | site=0 sd=0.00 sa=+0.00 | phero=0 pd=0.00 pa=+0.00 | srch=0.46 | wall=1.61
R3[SITE      ]: L=+0.11 R=+0.12 | carry=0 | base=0.26 ba=-0.76 | site=1 sd=0.33 sa=+0.15 | phero=0 pd=0.00 pa=+0.00 | srch=0.36 | wall=3.06
R4[SITE      ]: L=+1.00 R=+1.00 | carry=0 | base=0.14 ba=-0.95 | site=1 sd=0.44 sa=+0.06 | phero=0 pd=0.00 pa=+0.00 | srch=0.08 | wall=3.84


======================================================================
Step 92000 (49.1 min) | Pickups: 160 | Deposits: 160 | Rate: 3.26 tags/min | phero_entries=5 phero_max=0.275
======================================================================
R1[WALL_ESC  ]: L=+0.00 R=+1.00 | carry=0 | base=0.72 ba=+0.83 | site=0 sd=0.00 sa=+0.00 | phero=1 pd=0.28 pa=+0.55 | srch=0.31 | wall=0.34
R2[EXPLORE   ]: L=+1.00 R=+1.00 | carry=0 | base=0.32 ba=-0.46 | site=0 sd=0.00 sa=+0.00 | phero=0 pd=0.00 pa=+0.00 | srch=0.59 | wall=2.67
R3[SITE      ]: L=+0.23 R=+0.27 | carry=0 | base=0.29 ba=-0.78 | site=1 sd=0.29 sa=+0.20 | phero=0 pd=0.00 pa=+0.00 | srch=0.49 | wall=2.98
R4[SITE      ]: L=+1.00 R=+1.00 | carry=0 | base=0.44 ba=-1.00 | site=1 sd=0.15 sa=+0.16 | phero=0 pd=0.00 pa=+0.00 | srch=0.20 | wall=2.38

[PICKUP] Robot 2 picked up tag (density=1) | Total: 161
[PICKUP] Robot 4 picked up tag (density=5) | Total: 162

======================================================================
Step 92500 (49.3 min) | Pickups: 162 | Deposits: 160 | Rate: 3.24 tags/min | phero_entries=5 phero_max=0.124
======================================================================
R1[PHERO     ]: L=+1.00 R=+1.00 | carry=0 | base=0.57 ba=+0.35 | site=0 sd=0.00 sa=+0.00 | phero=1 pd=0.04 pa=-0.23 | srch=0.44 | wall=1.82
R2[RTB       ]: L=+1.00 R=+1.00 | carry=1 | base=0.07 ba=-0.00 | site=0 sd=0.00 sa=+0.00 | phero=0 pd=0.00 pa=+0.00 | srch=0.00 | wall=4.14
R3[SITE      ]: L=-0.35 R=-0.35 | carry=0 | base=0.31 ba=-0.99 | site=1 sd=0.27 sa=+0.02 | phero=0 pd=0.00 pa=+0.00 | srch=0.61 | wall=2.97
R4[RTB       ]: L=+1.00 R=+1.00 | carry=1 | base=0.53 ba=+0.00 | site=0 sd=0.00 sa=+0.00 | phero=0 pd=0.00 pa=+0.00 | srch=0.00 | wall=1.95

[DEPOSIT] Robot 2 deposited! Total: 161
  [PHERO] Laid at (1.74, -1.05) density=1 prob=0.20 total_entries=6
  [TARGET] Robot 2 → SITE (1.74,-1.05)
[PICKUP] Robot 1 picked up tag (density=4) | Total: 163

======================================================================
Step 93000 (49.6 min) | Pickups: 163 | Deposits: 161 | Rate: 3.25 tags/min | phero_entries=5 phero_max=0.485
======================================================================
R1[RTB       ]: L=+1.00 R=+1.00 | carry=1 | base=0.48 ba=+0.00 | site=0 sd=0.00 sa=+0.00 | phero=0 pd=0.00 pa=+0.00 | srch=0.00 | wall=2.00
R2[SITE      ]: L=+0.96 R=+1.00 | carry=0 | base=0.24 ba=+0.89 | site=1 sd=0.10 sa=+0.13 | phero=0 pd=0.00 pa=+0.00 | srch=0.11 | wall=3.40
R3[SITE      ]: L=+0.49 R=+0.49 | carry=0 | base=0.41 ba=+0.96 | site=1 sd=0.17 sa=-0.10 | phero=0 pd=0.00 pa=+0.00 | srch=0.74 | wall=2.37
R4[RTB       ]: L=+1.00 R=+1.00 | carry=1 | base=0.23 ba=+0.00 | site=0 sd=0.00 sa=+0.00 | phero=0 pd=0.00 pa=+0.00 | srch=0.00 | wall=3.40

[DEPOSIT] Robot 4 deposited! Total: 162
  [PHERO] Laid at (2.58, 2.82) density=5 prob=0.92 total_entries=5
  [TARGET] Robot 4 → SITE (2.58,2.82)

======================================================================
Step 93500 (49.9 min) | Pickups: 163 | Deposits: 162 | Rate: 3.25 tags/min | phero_entries=5 phero_max=0.746
======================================================================
R1[RTB       ]: L=+1.00 R=+1.00 | carry=1 | base=0.18 ba=+0.00 | site=0 sd=0.00 sa=+0.00 | phero=0 pd=0.00 pa=+0.00 | srch=0.00 | wall=3.56
R2[EXPLORE   ]: L=+1.00 R=+1.00 | carry=0 | base=0.44 ba=+0.76 | site=0 sd=0.00 sa=+0.00 | phero=0 pd=0.00 pa=+0.00 | srch=0.24 | wall=1.75
R3[SITE      ]: L=+0.18 R=+0.18 | carry=0 | base=0.48 ba=-0.94 | site=1 sd=0.10 sa=-0.00 | phero=0 pd=0.00 pa=+0.00 | srch=0.86 | wall=2.00
R4[SITE      ]: L=+1.00 R=+0.99 | carry=0 | base=0.08 ba=-0.94 | site=1 sd=0.53 sa=-0.02 | phero=0 pd=0.00 pa=+0.00 | srch=0.05 | wall=4.09

TIMEOUT_RESULT pickups=163 deposits=162 steps=93750 elapsed_min=50.000000
BATCH_RESULT pickups=163 deposits=162
