=================================================================
CPFA BASELINE — ARGoS-calibrated parameters  (12×12m arena  368 tags)
  Params file                  = /home/sara/Documents/RL-FL-Foraging/controllers/cpfa_baseline/cpfa_params.yaml
  Results file                 = /home/sara/Documents/RL-FL-Foraging/controllers/cpfa_baseline/cpfa_baseline_12x12_results_20260706_202658.txt
  RateOfLayingPheromone        = 9.0
  RateOfSiteFidelity           = 2.29
  RateOfPheromoneDecay         = 0.1 /s  (lifetime ~69s)
  ProbabilityOfReturningToNest = 0.08 (every 5 sec → E[give-up] ~62s)
  UninformedSearchVariation    = 0.13 rad (7.4°)
  RateOfInformedSearchDecay    = 1.26 /waypoint
  ProbabilityOfSwitchingToSearching = 0.55 (every 5 sec in uninformed DEPARTING)
=================================================================

[PICKUP] R3 picked up tag (density=9) | Total: 1
[DEPOSIT] R3 deposited! Total: 1
  [TARGET] R3 → SITE (0.17, 0.61)
[PICKUP] R4 picked up tag (density=12) | Total: 2

======================================================================
Step 500 (0.3 min) | Pickups: 2 | Deposits: 1 | Rate: 3.75 tags/min | phero_entries=0 max_w=0.000
======================================================================
R1[SEARCH    ]: carry=0 | base=1.51 | wall=4.53 | search=344 | target=none
R2[SEARCH    ]: carry=0 | base=1.71 | wall=4.47 | search=344 | target=none
R3[BASE_ESC  ]: carry=0 | base=0.24 | wall=5.82 | search=  0 | target=site(0.17,0.61)
R4[SURVEY    ]: carry=1 | base=0.93 | wall=5.16 | search=  0 | target=none

[PICKUP] R2 picked up tag (density=12) | Total: 3
[DEPOSIT] R4 deposited! Total: 2
  [PHERO] Laid at (-0.84, 0.40) density=12 prob=0.88 entries=1
  [TARGET] R4 → SITE (-0.84, 0.40)

======================================================================
Step 1000 (0.5 min) | Pickups: 3 | Deposits: 2 | Rate: 3.75 tags/min | phero_entries=1 max_w=0.575
======================================================================
R1[SEARCH    ]: carry=0 | base=3.05 | wall=2.96 | search=844 | target=none
R2[RTB       ]: carry=1 | base=0.85 | wall=5.26 | search=  0 | target=none
R3[SEARCH    ]: carry=0 | base=0.31 | wall=5.77 | search=367 | target=site(0.17,0.61)
R4[SITE      ]: carry=0 | base=0.30 | wall=5.74 | search=  0 | target=site(-0.84,0.40)

[DEPOSIT] R2 deposited! Total: 3
  [PHERO] Laid at (0.77, -1.56) density=12 prob=0.88 entries=2
  [TARGET] R2 → SITE (0.77, -1.56)
[PICKUP] R3 picked up tag (density=9) | Total: 4
[PICKUP] R4 picked up tag (density=11) | Total: 5

======================================================================
Step 1500 (0.8 min) | Pickups: 5 | Deposits: 3 | Rate: 3.75 tags/min | phero_entries=2 max_w=0.333
======================================================================
R1[SEARCH    ]: carry=0 | base=4.63 | wall=1.45 | search=1344 | target=none
R2[SITE      ]: carry=0 | base=1.12 | wall=4.98 | search=  0 | target=site(0.77,-1.56)
R3[RTB       ]: carry=1 | base=0.56 | wall=5.53 | search=  0 | target=none
R4[SURVEY    ]: carry=1 | base=0.96 | wall=5.22 | search=  0 | target=none

[DEPOSIT] R3 deposited! Total: 4
  [PHERO] Laid at (-0.33, -0.47) density=9 prob=0.59 entries=3
  [TARGET] R3 → SITE (-0.33, -0.47)
[PICKUP] R2 picked up tag (density=11) | Total: 6
[DEPOSIT] R4 deposited! Total: 5
  [TARGET] R4 → SITE (-0.78, 0.55)

======================================================================
Step 2000 (1.1 min) | Pickups: 6 | Deposits: 5 | Rate: 4.69 tags/min | phero_entries=3 max_w=0.276
======================================================================
R1[GIVE_UP   ]: carry=0 | base=3.32 | wall=2.78 | search=1404 | target=none
R2[RTB       ]: carry=1 | base=1.72 | wall=4.49 | search=  0 | target=none
R3[SEARCH    ]: carry=0 | base=0.53 | wall=5.51 | search=183 | target=site(-0.33,-0.47)
R4[SITE      ]: carry=0 | base=0.48 | wall=5.65 | search=  0 | target=site(-0.78,0.55)

[DEPOSIT] R2 deposited! Total: 6
  [PHERO] Laid at (0.80, -1.61) density=11 prob=0.80 entries=4
  [TARGET] R2 → SITE (0.80, -1.61)

======================================================================
Step 2500 (1.3 min) | Pickups: 6 | Deposits: 6 | Rate: 4.50 tags/min | phero_entries=4 max_w=0.699
======================================================================
R1[GIVE_UP   ]: carry=0 | base=1.40 | wall=4.64 | search=1404 | target=none
R2[SITE      ]: carry=0 | base=0.26 | wall=5.75 | search=  0 | target=site(0.80,-1.61)
R3[SEARCH    ]: carry=0 | base=1.62 | wall=4.44 | search=683 | target=site(-0.33,-0.47)
R4[SEARCH    ]: carry=0 | base=1.42 | wall=4.93 | search=385 | target=site(-0.78,0.55)

[PICKUP] R4 picked up tag (density=10) | Total: 7
  [GIVE-UP] R1 returned empty after 1404 searching steps
  [TARGET] R1 → PHERO (-0.33, -0.47)
[PICKUP] R2 picked up tag (density=10) | Total: 8

======================================================================
Step 3000 (1.6 min) | Pickups: 8 | Deposits: 6 | Rate: 3.75 tags/min | phero_entries=3 max_w=0.141
======================================================================
R1[PHERO     ]: carry=0 | base=0.27 | wall=5.78 | search=  0 | target=phero(-0.33,-0.47)
R2[SURVEY    ]: carry=1 | base=1.80 | wall=4.40 | search=  0 | target=none
R3[SEARCH    ]: carry=0 | base=3.36 | wall=2.71 | search=1183 | target=site(-0.33,-0.47)
R4[RTB       ]: carry=1 | base=1.13 | wall=5.03 | search=  0 | target=none

[PICKUP] R1 picked up tag (density=8) | Total: 9
[DEPOSIT] R4 deposited! Total: 7
  [PHERO] Laid at (-1.29, 0.75) density=10 prob=0.71 entries=4
  [TARGET] R4 → SITE (-1.29, 0.75)
[PICKUP] R3 picked up tag (density=24) | Total: 10

======================================================================
Step 3500 (1.9 min) | Pickups: 10 | Deposits: 7 | Rate: 3.75 tags/min | phero_entries=3 max_w=0.421
======================================================================
R1[RTB       ]: carry=1 | base=0.29 | wall=5.74 | search=  0 | target=none
R2[RTB       ]: carry=1 | base=0.57 | wall=5.51 | search=  0 | target=none
R3[SURVEY    ]: carry=1 | base=4.52 | wall=1.57 | search=  0 | target=none
R4[SITE      ]: carry=0 | base=0.81 | wall=5.33 | search=  0 | target=site(-1.29,0.75)

[DEPOSIT] R1 deposited! Total: 8
  [TARGET] R1 → SITE (-0.34, -0.48)
[PICKUP] R4 picked up tag (density=9) | Total: 11
[DEPOSIT] R2 deposited! Total: 9
  [PHERO] Laid at (0.82, -1.59) density=10 prob=0.71 entries=4
  [TARGET] R2 → SITE (0.82, -1.59)
[PICKUP] R1 picked up tag (density=7) | Total: 12
[DEPOSIT] R4 deposited! Total: 10
  [PHERO] Laid at (-0.85, 0.55) density=9 prob=0.59 entries=4
  [TARGET] R4 → SITE (-0.85, 0.55)

======================================================================
Step 4000 (2.1 min) | Pickups: 12 | Deposits: 10 | Rate: 4.69 tags/min | phero_entries=4 max_w=0.987
======================================================================
R1[SURVEY    ]: carry=1 | base=0.63 | wall=5.48 | search=  0 | target=none
R2[SITE      ]: carry=0 | base=1.36 | wall=4.81 | search=  0 | target=site(0.82,-1.59)
R3[RTB       ]: carry=1 | base=2.91 | wall=3.16 | search=  0 | target=none
R4[BASE_ESC  ]: carry=0 | base=0.24 | wall=5.81 | search=  0 | target=site(-0.85,0.55)

[DEPOSIT] R1 deposited! Total: 11
  [PHERO] Laid at (-0.36, -0.52) density=7 prob=0.32 entries=5
  [TARGET] R1 → SITE (-0.36, -0.52)
[PICKUP] R2 picked up tag (density=9) | Total: 13
[PICKUP] R1 picked up tag (density=6) | Total: 14

======================================================================
Step 4500 (2.4 min) | Pickups: 14 | Deposits: 11 | Rate: 4.58 tags/min | phero_entries=5 max_w=0.308
======================================================================
R1[SURVEY    ]: carry=1 | base=0.64 | wall=5.46 | search=  0 | target=none
R2[RTB       ]: carry=1 | base=1.79 | wall=4.42 | search=  0 | target=none
R3[RTB       ]: carry=1 | base=0.99 | wall=5.03 | search=  0 | target=none
R4[SEARCH    ]: carry=0 | base=0.88 | wall=5.24 | search=191 | target=site(-0.85,0.55)

[DEPOSIT] R3 deposited! Total: 12
  [PHERO] Laid at (-4.42, 0.93) density=24 prob=1.00 entries=5
  [TARGET] R3 → SITE (-4.42, 0.93)
[DEPOSIT] R1 deposited! Total: 13
  [TARGET] R1 → SITE (-0.35, -0.55)
[DEPOSIT] R2 deposited! Total: 14
  [PHERO] Laid at (0.81, -1.68) density=9 prob=0.59 entries=6
  [TARGET] R2 → SITE (0.81, -1.68)

======================================================================
Step 5000 (2.7 min) | Pickups: 14 | Deposits: 14 | Rate: 5.25 tags/min | phero_entries=6 max_w=0.738
======================================================================
R1[SEARCH    ]: carry=0 | base=0.62 | wall=5.47 | search= 17 | target=site(-0.35,-0.55)
R2[BASE_ESC  ]: carry=0 | base=0.23 | wall=5.82 | search=  0 | target=site(0.81,-1.68)
R3[SITE      ]: carry=0 | base=0.96 | wall=5.05 | search=  0 | target=site(-4.42,0.93)
R4[SEARCH    ]: carry=0 | base=1.82 | wall=4.18 | search=691 | target=site(-0.85,0.55)

[PICKUP] R1 picked up tag (density=5) | Total: 15

======================================================================
Step 5500 (2.9 min) | Pickups: 15 | Deposits: 14 | Rate: 4.77 tags/min | phero_entries=5 max_w=0.149
======================================================================
R1[RTB       ]: carry=1 | base=0.39 | wall=5.68 | search=  0 | target=none
R2[SEARCH    ]: carry=0 | base=1.85 | wall=4.34 | search= 61 | target=site(0.81,-1.68)
R3[SITE      ]: carry=0 | base=2.88 | wall=3.18 | search=  0 | target=site(-4.42,0.93)
R4[SEARCH    ]: carry=0 | base=2.75 | wall=3.40 | search=1191 | target=site(-0.85,0.55)

[PICKUP] R2 picked up tag (density=8) | Total: 16
[DEPOSIT] R1 deposited! Total: 15
  [TARGET] R1 → SITE (-0.49, -0.55)
[PICKUP] R4 picked up tag (density=20) | Total: 17
[PICKUP] R1 picked up tag (density=4) | Total: 18
[PICKUP] R3 picked up tag (density=24) | Total: 19

======================================================================
Step 6000 (3.2 min) | Pickups: 19 | Deposits: 15 | Rate: 4.69 tags/min | phero_entries=4 max_w=0.030
======================================================================
R1[SURVEY    ]: carry=1 | base=0.77 | wall=5.42 | search=  0 | target=none
R2[RTB       ]: carry=1 | base=0.90 | wall=5.22 | search=  0 | target=none
R3[SURVEY    ]: carry=1 | base=4.52 | wall=1.57 | search=  0 | target=none
R4[RTB       ]: carry=1 | base=2.09 | wall=4.08 | search=  0 | target=none

[DEPOSIT] R2 deposited! Total: 16
  [TARGET] R2 → SITE (0.83, -1.65)
[DEPOSIT] R1 deposited! Total: 17
  [TARGET] R1 → PHERO (0.81, -1.68)
[DEPOSIT] R4 deposited! Total: 18
  [PHERO] Laid at (-1.14, 2.45) density=20 prob=1.00 entries=3
  [TARGET] R4 → SITE (-1.14, 2.45)

======================================================================
Step 6500 (3.5 min) | Pickups: 19 | Deposits: 18 | Rate: 5.19 tags/min | phero_entries=3 max_w=0.938
======================================================================
R1[PHERO     ]: carry=0 | base=0.80 | wall=5.23 | search=  0 | target=phero(0.81,-1.68)
R2[SITE      ]: carry=0 | base=1.06 | wall=5.03 | search=  0 | target=site(0.83,-1.65)
R3[RTB       ]: carry=1 | base=3.39 | wall=2.68 | search=  0 | target=none
R4[BASE_ESC  ]: carry=0 | base=0.22 | wall=5.80 | search=  0 | target=site(-1.14,2.45)


======================================================================
Step 7000 (3.7 min) | Pickups: 19 | Deposits: 18 | Rate: 4.82 tags/min | phero_entries=2 max_w=0.189
======================================================================
R1[SEARCH    ]: carry=0 | base=1.83 | wall=4.28 | search=229 | target=phero(0.81,-1.68)
R2[SEARCH    ]: carry=0 | base=1.22 | wall=4.94 | search=308 | target=site(0.83,-1.65)
R3[RTB       ]: carry=1 | base=1.47 | wall=4.56 | search=  0 | target=none
R4[SITE      ]: carry=0 | base=1.76 | wall=4.42 | search=  0 | target=site(-1.14,2.45)

[PICKUP] R2 picked up tag (density=12) | Total: 20
[PICKUP] R4 picked up tag (density=19) | Total: 21
[DEPOSIT] R3 deposited! Total: 19
  [PHERO] Laid at (-4.43, 0.89) density=24 prob=1.00 entries=2
  [TARGET] R3 → SITE (-4.43, 0.89)

======================================================================
Step 7500 (4.0 min) | Pickups: 21 | Deposits: 19 | Rate: 4.75 tags/min | phero_entries=2 max_w=0.559
======================================================================
R1[SEARCH    ]: carry=0 | base=3.44 | wall=2.69 | search=729 | target=phero(0.81,-1.68)
R2[RTB       ]: carry=1 | base=0.83 | wall=5.24 | search=  0 | target=none
R3[SITE      ]: carry=0 | base=0.49 | wall=5.55 | search=  0 | target=site(-4.43,0.89)
R4[RTB       ]: carry=1 | base=2.71 | wall=3.55 | search=  0 | target=none

[DEPOSIT] R2 deposited! Total: 20
  [TARGET] R2 → SITE (0.79, -0.45)

======================================================================
Step 8000 (4.3 min) | Pickups: 21 | Deposits: 20 | Rate: 4.69 tags/min | phero_entries=2 max_w=0.113
======================================================================
R1[SEARCH    ]: carry=0 | base=5.13 | wall=0.99 | search=1229 | target=phero(0.81,-1.68)
R2[SEARCH    ]: carry=0 | base=0.90 | wall=5.21 | search= 51 | target=site(0.79,-0.45)
R3[SITE      ]: carry=0 | base=2.40 | wall=3.66 | search=  0 | target=site(-4.43,0.89)
R4[RTB       ]: carry=1 | base=0.87 | wall=5.20 | search=  0 | target=none

[DEPOSIT] R4 deposited! Total: 21
  [PHERO] Laid at (-1.14, 2.45) density=19 prob=1.00 entries=3
  [TARGET] R4 → SITE (-1.14, 2.45)

======================================================================
Step 8500 (4.5 min) | Pickups: 21 | Deposits: 21 | Rate: 4.63 tags/min | phero_entries=3 max_w=0.339
======================================================================
R1[SEARCH    ]: carry=0 | base=5.65 | wall=0.36 | search=1729 | target=phero(0.81,-1.68)
R2[SEARCH    ]: carry=0 | base=1.31 | wall=4.69 | search=551 | target=site(0.79,-0.45)
R3[SITE      ]: carry=0 | base=4.32 | wall=1.77 | search=  0 | target=site(-4.43,0.89)
R4[SITE      ]: carry=0 | base=1.08 | wall=4.99 | search=  0 | target=site(-1.14,2.45)

[PICKUP] R3 picked up tag (density=23) | Total: 22
[PICKUP] R4 picked up tag (density=18) | Total: 23

======================================================================
Step 9000 (4.8 min) | Pickups: 23 | Deposits: 21 | Rate: 4.38 tags/min | phero_entries=2 max_w=0.068
======================================================================
R1[WALL_ESC  ]: carry=0 | base=5.68 | wall=0.33 | search=2229 | target=phero(0.81,-1.68)
R2[SEARCH    ]: carry=0 | base=2.50 | wall=4.01 | search=1051 | target=site(0.79,-0.45)
R3[RTB       ]: carry=1 | base=3.87 | wall=2.20 | search=  0 | target=none
R4[SURVEY    ]: carry=1 | base=2.69 | wall=3.57 | search=  0 | target=none


======================================================================
Step 9500 (5.1 min) | Pickups: 23 | Deposits: 21 | Rate: 4.14 tags/min | phero_entries=1 max_w=0.014
======================================================================
R1[WALL_ESC  ]: carry=0 | base=5.68 | wall=0.33 | search=2729 | target=phero(0.81,-1.68)
R2[SEARCH    ]: carry=0 | base=3.81 | wall=2.56 | search=1551 | target=site(0.79,-0.45)
R3[RTB       ]: carry=1 | base=1.95 | wall=4.09 | search=  0 | target=none
R4[RTB       ]: carry=1 | base=1.73 | wall=4.42 | search=  0 | target=none

[DEPOSIT] R4 deposited! Total: 22
  [PHERO] Laid at (-1.16, 2.42) density=18 prob=1.00 entries=2
  [TARGET] R4 → SITE (-1.16, 2.42)
[DEPOSIT] R3 deposited! Total: 23
  [PHERO] Laid at (-4.44, 0.82) density=23 prob=1.00 entries=3
  [TARGET] R3 → SITE (-4.44, 0.82)

======================================================================
Step 10000 (5.3 min) | Pickups: 23 | Deposits: 23 | Rate: 4.31 tags/min | phero_entries=3 max_w=0.831
======================================================================
R1[WALL_ESC  ]: carry=0 | base=5.68 | wall=0.33 | search=3229 | target=phero(0.81,-1.68)
R2[SEARCH    ]: carry=0 | base=5.21 | wall=0.94 | search=2051 | target=site(0.79,-0.45)
R3[BASE_ESC  ]: carry=0 | base=0.22 | wall=5.78 | search=  0 | target=site(-4.44,0.82)
R4[BASE_ESC  ]: carry=0 | base=0.25 | wall=5.80 | search=  0 | target=site(-1.16,2.42)


======================================================================
Step 10500 (5.6 min) | Pickups: 23 | Deposits: 23 | Rate: 4.11 tags/min | phero_entries=2 max_w=0.168
======================================================================
R1[GIVE_UP   ]: carry=0 | base=3.94 | wall=2.07 | search=3276 | target=none
R2[SEARCH    ]: carry=0 | base=5.72 | wall=0.38 | search=2551 | target=site(0.79,-0.45)
R3[SITE      ]: carry=0 | base=1.92 | wall=4.10 | search=  0 | target=site(-4.44,0.82)
R4[SITE      ]: carry=0 | base=2.12 | wall=4.09 | search=  0 | target=site(-1.16,2.42)

[PICKUP] R4 picked up tag (density=17) | Total: 24

======================================================================
Step 11000 (5.9 min) | Pickups: 24 | Deposits: 23 | Rate: 3.92 tags/min | phero_entries=2 max_w=0.034
======================================================================
R1[GIVE_UP   ]: carry=0 | base=2.02 | wall=3.98 | search=3276 | target=none
R2[SEARCH    ]: carry=0 | base=5.72 | wall=0.38 | search=3051 | target=site(0.79,-0.45)
R3[SITE      ]: carry=0 | base=3.84 | wall=2.22 | search=  0 | target=site(-4.44,0.82)
R4[RTB       ]: carry=1 | base=2.65 | wall=3.61 | search=  0 | target=none

  [GIVE-UP] R1 returned empty after 3276 searching steps
  [TARGET] R1 → PHERO (-4.44, 0.82)

======================================================================
Step 11500 (6.1 min) | Pickups: 24 | Deposits: 23 | Rate: 3.75 tags/min | phero_entries=2 max_w=0.007
======================================================================
R1[BASE_ESC  ]: carry=0 | base=0.22 | wall=5.78 | search=  0 | target=phero(-4.44,0.82)
R2[SEARCH    ]: carry=0 | base=5.73 | wall=0.38 | search=3551 | target=site(0.79,-0.45)
R3[GIVE_UP   ]: carry=0 | base=4.07 | wall=2.07 | search=312 | target=none
R4[RTB       ]: carry=1 | base=0.76 | wall=5.31 | search=  0 | target=none

[DEPOSIT] R4 deposited! Total: 24
  [PHERO] Laid at (-1.21, 2.40) density=17 prob=0.99 entries=3
  [TARGET] R4 → SITE (-1.21, 2.40)

======================================================================
Step 12000 (6.4 min) | Pickups: 24 | Deposits: 24 | Rate: 3.75 tags/min | phero_entries=3 max_w=0.309
======================================================================
R1[PHERO     ]: carry=0 | base=1.24 | wall=4.76 | search=  0 | target=phero(-4.44,0.82)
R2[SEARCH    ]: carry=0 | base=5.72 | wall=0.39 | search=4051 | target=site(0.79,-0.45)
R3[GIVE_UP   ]: carry=0 | base=2.17 | wall=3.91 | search=312 | target=none
R4[SITE      ]: carry=0 | base=1.17 | wall=4.98 | search=  0 | target=site(-1.21,2.40)

[PICKUP] R1 picked up tag (density=12) | Total: 25
[PICKUP] R4 picked up tag (density=16) | Total: 26
  [GIVE-UP] R3 returned empty after 312 searching steps
  [TARGET] R3 → PHERO (-1.21, 2.40)

======================================================================
Step 12500 (6.7 min) | Pickups: 26 | Deposits: 24 | Rate: 3.60 tags/min | phero_entries=1 max_w=0.062
======================================================================
R1[RTB       ]: carry=1 | base=1.26 | wall=4.74 | search=  0 | target=none
R2[SEARCH    ]: carry=0 | base=5.72 | wall=0.39 | search=4551 | target=site(0.79,-0.45)
R3[BASE_ESC  ]: carry=0 | base=0.25 | wall=5.76 | search=  0 | target=phero(-1.21,2.40)
R4[SURVEY    ]: carry=1 | base=2.68 | wall=3.62 | search=  0 | target=none

[DEPOSIT] R1 deposited! Total: 25
  [PHERO] Laid at (-1.74, 0.11) density=12 prob=0.88 entries=2
  [TARGET] R1 → SITE (-1.74, 0.11)

======================================================================
Step 13000 (6.9 min) | Pickups: 26 | Deposits: 25 | Rate: 3.61 tags/min | phero_entries=2 max_w=0.470
======================================================================
R1[SITE      ]: carry=0 | base=0.69 | wall=5.32 | search=  0 | target=site(-1.74,0.11)
R2[SEARCH    ]: carry=0 | base=5.72 | wall=0.39 | search=5051 | target=site(0.79,-0.45)
R3[PHERO     ]: carry=0 | base=1.43 | wall=4.80 | search=  0 | target=phero(-1.21,2.40)
R4[RTB       ]: carry=1 | base=1.43 | wall=4.71 | search=  0 | target=none

[DEPOSIT] R4 deposited! Total: 26
  [PHERO] Laid at (-1.22, 2.38) density=16 prob=0.99 entries=3
  [TARGET] R4 → SITE (-1.22, 2.38)
[PICKUP] R3 picked up tag (density=15) | Total: 27

======================================================================
Step 13500 (7.2 min) | Pickups: 27 | Deposits: 26 | Rate: 3.61 tags/min | phero_entries=3 max_w=0.541
======================================================================
R1[SEARCH    ]: carry=0 | base=1.60 | wall=4.40 | search=237 | target=site(-1.74,0.11)
R2[SEARCH    ]: carry=0 | base=5.72 | wall=0.39 | search=5551 | target=site(0.79,-0.45)
R3[SURVEY    ]: carry=1 | base=2.77 | wall=3.48 | search=  0 | target=none
R4[SITE      ]: carry=0 | base=0.51 | wall=5.60 | search=  0 | target=site(-1.22,2.38)


======================================================================
Step 14000 (7.5 min) | Pickups: 27 | Deposits: 26 | Rate: 3.48 tags/min | phero_entries=2 max_w=0.109
======================================================================
R1[SEARCH    ]: carry=0 | base=3.25 | wall=2.85 | search=737 | target=site(-1.74,0.11)
R2[SEARCH    ]: carry=0 | base=5.72 | wall=0.39 | search=6051 | target=site(0.79,-0.45)
R3[RTB       ]: carry=1 | base=1.73 | wall=4.41 | search=  0 | target=none
R4[SITE      ]: carry=0 | base=2.42 | wall=3.85 | search=  0 | target=site(-1.22,2.38)

[DEPOSIT] R3 deposited! Total: 27
  [PHERO] Laid at (-1.15, 2.51) density=15 prob=0.98 entries=3
  [TARGET] R3 → SITE (-1.15, 2.51)

======================================================================
Step 14500 (7.7 min) | Pickups: 27 | Deposits: 27 | Rate: 3.49 tags/min | phero_entries=3 max_w=0.694
======================================================================
R1[GIVE_UP   ]: carry=0 | base=2.66 | wall=3.58 | search=936 | target=none
R2[SEARCH    ]: carry=0 | base=5.73 | wall=0.39 | search=6551 | target=site(0.79,-0.45)
R3[SITE      ]: carry=0 | base=0.26 | wall=5.74 | search=  0 | target=site(-1.15,2.51)
R4[SEARCH    ]: carry=0 | base=3.32 | wall=2.99 | search=447 | target=site(-1.22,2.38)

[PICKUP] R4 picked up tag (density=14) | Total: 28
[PICKUP] R1 picked up tag (density=8) | Total: 29

======================================================================
Step 15000 (8.0 min) | Pickups: 29 | Deposits: 27 | Rate: 3.38 tags/min | phero_entries=2 max_w=0.140
======================================================================
R1[RTB       ]: carry=1 | base=1.43 | wall=4.70 | search=  0 | target=none
R2[SEARCH    ]: carry=0 | base=5.74 | wall=0.39 | search=7051 | target=site(0.79,-0.45)
R3[SITE      ]: carry=0 | base=2.14 | wall=4.04 | search=  0 | target=site(-1.15,2.51)
R4[RTB       ]: carry=1 | base=2.80 | wall=3.48 | search=  0 | target=none

[PICKUP] R3 picked up tag (density=13) | Total: 30
[DEPOSIT] R1 deposited! Total: 28
  [PHERO] Laid at (-1.30, 0.60) density=8 prob=0.46 entries=3
  [TARGET] R1 → SITE (-1.30, 0.60)

======================================================================
Step 15500 (8.3 min) | Pickups: 30 | Deposits: 28 | Rate: 3.39 tags/min | phero_entries=2 max_w=0.544
======================================================================
R1[SITE      ]: carry=0 | base=0.51 | wall=5.58 | search=  0 | target=site(-1.30,0.60)
R2[SEARCH    ]: carry=0 | base=5.75 | wall=0.37 | search=7551 | target=site(0.79,-0.45)
R3[SURVEY    ]: carry=1 | base=2.84 | wall=3.43 | search=  0 | target=none
R4[RTB       ]: carry=1 | base=0.88 | wall=5.21 | search=  0 | target=none

[PICKUP] R1 picked up tag (density=7) | Total: 31
[DEPOSIT] R4 deposited! Total: 29
  [PHERO] Laid at (-1.39, 2.73) density=14 prob=0.96 entries=3
  [TARGET] R4 → SITE (-1.39, 2.73)

======================================================================
Step 16000 (8.5 min) | Pickups: 31 | Deposits: 29 | Rate: 3.40 tags/min | phero_entries=3 max_w=0.342
======================================================================
R1[RTB       ]: carry=1 | base=0.48 | wall=5.58 | search=  0 | target=none
R2[SEARCH    ]: carry=0 | base=5.76 | wall=0.37 | search=8051 | target=site(0.79,-0.45)
R3[RTB       ]: carry=1 | base=1.13 | wall=4.97 | search=  0 | target=none
R4[SITE      ]: carry=0 | base=1.07 | wall=5.08 | search=  0 | target=site(-1.39,2.73)

[DEPOSIT] R1 deposited! Total: 30
  [TARGET] R1 → SITE (-0.87, 0.45)
[DEPOSIT] R3 deposited! Total: 31
  [PHERO] Laid at (-1.23, 2.56) density=13 prob=0.93 entries=4
  [TARGET] R3 → SITE (-1.23, 2.56)
[PICKUP] R4 picked up tag (density=12) | Total: 32

======================================================================
Step 16500 (8.8 min) | Pickups: 32 | Deposits: 31 | Rate: 3.52 tags/min | phero_entries=4 max_w=0.420
======================================================================
R1[SEARCH    ]: carry=0 | base=0.93 | wall=5.21 | search=133 | target=site(-0.87,0.45)
R2[SEARCH    ]: carry=0 | base=5.77 | wall=0.35 | search=8551 | target=site(0.79,-0.45)
R3[SITE      ]: carry=0 | base=0.82 | wall=5.22 | search=  0 | target=site(-1.23,2.56)
R4[SURVEY    ]: carry=1 | base=2.67 | wall=3.63 | search=  0 | target=none

  [GIVE-UP] R1 returned empty after 156 searching steps
  [TARGET] R1 → PHERO (-1.23, 2.56)

======================================================================
Step 17000 (9.1 min) | Pickups: 32 | Deposits: 31 | Rate: 3.42 tags/min | phero_entries=3 max_w=0.085
======================================================================
R1[PHERO     ]: carry=0 | base=0.99 | wall=5.13 | search=  0 | target=phero(-1.23,2.56)
R2[WALL_ESC  ]: carry=0 | base=5.79 | wall=0.34 | search=9051 | target=site(0.79,-0.45)
R3[SITE      ]: carry=0 | base=2.72 | wall=3.54 | search=  0 | target=site(-1.23,2.56)
R4[RTB       ]: carry=1 | base=1.31 | wall=4.82 | search=  0 | target=none

[DEPOSIT] R4 deposited! Total: 32
  [PHERO] Laid at (-1.22, 2.37) density=12 prob=0.88 entries=4
  [TARGET] R4 → SITE (-1.22, 2.37)

======================================================================
Step 17500 (9.3 min) | Pickups: 32 | Deposits: 32 | Rate: 3.43 tags/min | phero_entries=3 max_w=0.507
======================================================================
R1[SEARCH    ]: carry=0 | base=2.82 | wall=3.45 | search= 19 | target=phero(-1.23,2.56)
R2[WALL_ESC  ]: carry=0 | base=5.80 | wall=0.33 | search=9551 | target=site(0.79,-0.45)
R3[SEARCH    ]: carry=0 | base=3.83 | wall=2.73 | search=482 | target=site(-1.23,2.56)
R4[SITE      ]: carry=0 | base=0.60 | wall=5.51 | search=  0 | target=site(-1.22,2.37)

[PICKUP] R1 picked up tag (density=11) | Total: 33

======================================================================
Step 18000 (9.6 min) | Pickups: 33 | Deposits: 32 | Rate: 3.33 tags/min | phero_entries=2 max_w=0.102
======================================================================
R1[RTB       ]: carry=1 | base=2.65 | wall=3.59 | search=  0 | target=none
R2[WALL_ESC  ]: carry=0 | base=5.80 | wall=0.33 | search=10051 | target=site(0.79,-0.45)
R3[SEARCH    ]: carry=0 | base=4.97 | wall=2.26 | search=982 | target=site(-1.23,2.56)
R4[SITE      ]: carry=0 | base=2.51 | wall=3.77 | search=  0 | target=site(-1.22,2.37)

[PICKUP] R4 picked up tag (density=10) | Total: 34

======================================================================
Step 18500 (9.9 min) | Pickups: 34 | Deposits: 32 | Rate: 3.24 tags/min | phero_entries=1 max_w=0.021
======================================================================
R1[RTB       ]: carry=1 | base=0.73 | wall=5.34 | search=  0 | target=none
R2[WALL_ESC  ]: carry=0 | base=5.80 | wall=0.33 | search=10551 | target=site(0.79,-0.45)
R3[GIVE_UP   ]: carry=0 | base=4.02 | wall=2.77 | search=1092 | target=none
R4[RTB       ]: carry=1 | base=2.20 | wall=4.02 | search=  0 | target=none

[PICKUP] R3 picked up tag (density=20) | Total: 35
[DEPOSIT] R1 deposited! Total: 33
  [PHERO] Laid at (-1.31, 2.65) density=11 prob=0.80 entries=2
  [TARGET] R1 → SITE (-1.31, 2.65)

======================================================================
Step 19000 (10.1 min) | Pickups: 35 | Deposits: 33 | Rate: 3.26 tags/min | phero_entries=2 max_w=0.302
======================================================================
R1[SITE      ]: carry=0 | base=1.22 | wall=4.94 | search=  0 | target=site(-1.31,2.65)
R2[WALL_ESC  ]: carry=0 | base=5.80 | wall=0.33 | search=11051 | target=site(0.79,-0.45)
R3[RTB       ]: carry=1 | base=2.83 | wall=3.75 | search=  0 | target=none
R4[RTB       ]: carry=1 | base=0.28 | wall=5.75 | search=  0 | target=none

[DEPOSIT] R4 deposited! Total: 34
  [TARGET] R4 → SITE (-1.26, 2.38)

======================================================================
Step 19500 (10.4 min) | Pickups: 35 | Deposits: 34 | Rate: 3.27 tags/min | phero_entries=1 max_w=0.061
======================================================================
R1[SEARCH    ]: carry=0 | base=2.96 | wall=3.33 | search= 60 | target=site(-1.31,2.65)
R2[GIVE_UP   ]: carry=0 | base=5.16 | wall=0.95 | search=11388 | target=none
R3[RTB       ]: carry=1 | base=0.91 | wall=5.28 | search=  0 | target=none
R4[SITE      ]: carry=0 | base=1.66 | wall=4.51 | search=  0 | target=site(-1.26,2.38)

[DEPOSIT] R3 deposited! Total: 35
  [PHERO] Laid at (-3.18, 2.35) density=20 prob=1.00 entries=2
  [TARGET] R3 → SITE (-3.18, 2.35)
[PICKUP] R2 picked up tag (density=19) | Total: 36
[PICKUP] R4 picked up tag (density=9) | Total: 37
[PICKUP] R3 picked up tag (density=6) | Total: 38

======================================================================
Step 20000 (10.7 min) | Pickups: 38 | Deposits: 35 | Rate: 3.28 tags/min | phero_entries=2 max_w=0.349
======================================================================
R1[SEARCH    ]: carry=0 | base=4.16 | wall=2.78 | search=560 | target=site(-1.31,2.65)
R2[RTB       ]: carry=1 | base=4.07 | wall=2.01 | search=  0 | target=none
R3[SURVEY    ]: carry=1 | base=1.02 | wall=5.13 | search=  0 | target=none
R4[SURVEY    ]: carry=1 | base=2.78 | wall=3.54 | search=  0 | target=none

[DEPOSIT] R3 deposited! Total: 36
  [TARGET] R3 → SITE (-0.87, 0.54)

======================================================================
Step 20500 (10.9 min) | Pickups: 38 | Deposits: 36 | Rate: 3.29 tags/min | phero_entries=2 max_w=0.070
======================================================================
R1[SEARCH    ]: carry=0 | base=5.82 | wall=1.80 | search=1060 | target=site(-1.31,2.65)
R2[RTB       ]: carry=1 | base=2.19 | wall=3.85 | search=  0 | target=none
R3[BASE_ESC  ]: carry=0 | base=0.22 | wall=5.84 | search=  0 | target=site(-0.87,0.54)
R4[RTB       ]: carry=1 | base=1.35 | wall=4.79 | search=  0 | target=none

[DEPOSIT] R4 deposited! Total: 37
  [PHERO] Laid at (-1.29, 2.46) density=9 prob=0.59 entries=2
  [TARGET] R4 → SITE (-1.29, 2.46)
[PICKUP] R3 picked up tag (density=5) | Total: 39

======================================================================
Step 21000 (11.2 min) | Pickups: 39 | Deposits: 37 | Rate: 3.30 tags/min | phero_entries=2 max_w=0.506
======================================================================
R1[SEARCH    ]: carry=0 | base=7.46 | wall=0.54 | search=1560 | target=site(-1.31,2.65)
R2[RTB       ]: carry=1 | base=0.27 | wall=5.74 | search=  0 | target=none
R3[SURVEY    ]: carry=1 | base=1.06 | wall=5.11 | search=  0 | target=none
R4[SITE      ]: carry=0 | base=0.61 | wall=5.42 | search=  0 | target=site(-1.29,2.46)

[DEPOSIT] R2 deposited! Total: 38
  [PHERO] Laid at (-0.84, -4.03) density=19 prob=1.00 entries=3
  [TARGET] R2 → SITE (-0.84, -4.03)
[DEPOSIT] R3 deposited! Total: 39
  [TARGET] R3 → SITE (-0.89, 0.58)

======================================================================
Step 21500 (11.5 min) | Pickups: 39 | Deposits: 39 | Rate: 3.40 tags/min | phero_entries=3 max_w=0.205
======================================================================
R1[WALL_ESC  ]: carry=0 | base=7.55 | wall=0.32 | search=2060 | target=site(-1.31,2.65)
R2[SITE      ]: carry=0 | base=1.68 | wall=4.35 | search=  0 | target=site(-0.84,-4.03)
R3[SITE      ]: carry=0 | base=0.58 | wall=5.56 | search=  0 | target=site(-0.89,0.58)
R4[SITE      ]: carry=0 | base=2.52 | wall=3.77 | search=  0 | target=site(-1.29,2.46)

[PICKUP] R3 picked up tag (density=4) | Total: 40
[PICKUP] R2 picked up tag (density=19) | Total: 41

======================================================================
Step 22000 (11.7 min) | Pickups: 41 | Deposits: 39 | Rate: 3.32 tags/min | phero_entries=2 max_w=0.041
======================================================================
R1[SEARCH    ]: carry=0 | base=7.44 | wall=0.40 | search=2560 | target=site(-1.31,2.65)
R2[SURVEY    ]: carry=1 | base=3.51 | wall=2.56 | search=  0 | target=none
R3[SURVEY    ]: carry=1 | base=1.16 | wall=5.07 | search=  0 | target=none
R4[SEARCH    ]: carry=0 | base=3.29 | wall=3.19 | search=447 | target=site(-1.29,2.46)

[PICKUP] R4 picked up tag (density=8) | Total: 42
[DEPOSIT] R3 deposited! Total: 40
  [TARGET] R3 → SITE (-0.93, 0.70)

======================================================================
Step 22500 (12.0 min) | Pickups: 42 | Deposits: 40 | Rate: 3.33 tags/min | phero_entries=2 max_w=0.008
======================================================================
R1[WALL_ESC  ]: carry=0 | base=7.52 | wall=0.32 | search=3060 | target=site(-1.31,2.65)
R2[RTB       ]: carry=1 | base=2.46 | wall=3.57 | search=  0 | target=none
R3[SITE      ]: carry=0 | base=0.47 | wall=5.64 | search=  0 | target=site(-0.93,0.70)
R4[RTB       ]: carry=1 | base=2.64 | wall=3.78 | search=  0 | target=none

[PICKUP] R3 picked up tag (density=3) | Total: 43

======================================================================
Step 23000 (12.3 min) | Pickups: 43 | Deposits: 40 | Rate: 3.26 tags/min | phero_entries=1 max_w=0.002
======================================================================
R1[WALL_ESC  ]: carry=0 | base=7.54 | wall=0.35 | search=3560 | target=site(-1.31,2.65)
R2[RTB       ]: carry=1 | base=0.54 | wall=5.46 | search=  0 | target=none
R3[RTB       ]: carry=1 | base=1.06 | wall=5.16 | search=  0 | target=none
R4[RTB       ]: carry=1 | base=0.72 | wall=5.39 | search=  0 | target=none

[DEPOSIT] R2 deposited! Total: 41
  [PHERO] Laid at (-0.70, -3.44) density=19 prob=1.00 entries=2
  [TARGET] R2 → SITE (-0.70, -3.44)
[DEPOSIT] R4 deposited! Total: 42
  [TARGET] R4 → SITE (-1.66, 2.48)
[DEPOSIT] R3 deposited! Total: 43
  [TARGET] R3 → PHERO (-0.70, -3.44)

======================================================================
Step 23500 (12.5 min) | Pickups: 43 | Deposits: 43 | Rate: 3.43 tags/min | phero_entries=1 max_w=0.258
======================================================================
R1[GIVE_UP   ]: carry=0 | base=6.07 | wall=1.41 | search=3588 | target=none
R2[SITE      ]: carry=0 | base=1.40 | wall=4.61 | search=  0 | target=site(-0.70,-3.44)
R3[PHERO     ]: carry=0 | base=0.30 | wall=5.70 | search=  0 | target=phero(-0.70,-3.44)
R4[SITE      ]: carry=0 | base=1.23 | wall=4.94 | search=  0 | target=site(-1.66,2.48)

[PICKUP] R3 picked up tag (density=3) | Total: 44
[PICKUP] R4 picked up tag (density=7) | Total: 45
[DEPOSIT] R3 deposited! Total: 44
  [TARGET] R3 → SITE (-0.37, -0.63)

======================================================================
Step 24000 (12.8 min) | Pickups: 45 | Deposits: 44 | Rate: 3.44 tags/min | phero_entries=1 max_w=0.052
======================================================================
R1[GIVE_UP   ]: carry=0 | base=4.15 | wall=2.86 | search=3588 | target=none
R2[SITE      ]: carry=0 | base=3.32 | wall=2.74 | search=  0 | target=site(-0.70,-3.44)
R3[BASE_ESC  ]: carry=0 | base=0.25 | wall=5.77 | search=  0 | target=site(-0.37,-0.63)
R4[SURVEY    ]: carry=1 | base=2.55 | wall=3.87 | search=  0 | target=none

[PICKUP] R2 picked up tag (density=17) | Total: 46
[PICKUP] R3 picked up tag (density=2) | Total: 47

======================================================================
Step 24500 (13.1 min) | Pickups: 47 | Deposits: 44 | Rate: 3.37 tags/min | phero_entries=1 max_w=0.011
======================================================================
R1[GIVE_UP   ]: carry=0 | base=2.23 | wall=4.31 | search=3588 | target=none
R2[RTB       ]: carry=1 | base=3.42 | wall=2.65 | search=  0 | target=none
R3[RTB       ]: carry=1 | base=0.70 | wall=5.38 | search=  0 | target=none
R4[RTB       ]: carry=1 | base=0.92 | wall=5.22 | search=  0 | target=none

[DEPOSIT] R3 deposited! Total: 45
  [TARGET] R3 → SITE (-0.34, -0.62)
[DEPOSIT] R4 deposited! Total: 46
  [TARGET] R4 → SITE (-1.40, 2.13)

======================================================================
Step 25000 (13.3 min) | Pickups: 47 | Deposits: 46 | Rate: 3.45 tags/min | phero_entries=1 max_w=0.002
======================================================================
R1[GIVE_UP   ]: carry=0 | base=0.64 | wall=5.47 | search=3588 | target=none
R2[RTB       ]: carry=1 | base=1.51 | wall=4.52 | search=  0 | target=none
R3[SEARCH    ]: carry=0 | base=0.75 | wall=5.37 | search=113 | target=site(-0.34,-0.62)
R4[SITE      ]: carry=0 | base=0.71 | wall=5.45 | search=  0 | target=site(-1.40,2.13)

[PICKUP] R3 picked up tag (density=1) | Total: 48
  [GIVE-UP] R1 returned empty after 3588 searching steps
  [TARGET] R1 → PHERO (-0.70, -3.44)
[DEPOSIT] R2 deposited! Total: 47
  [PHERO] Laid at (-0.82, -3.45) density=17 prob=0.99 entries=1
  [TARGET] R2 → SITE (-0.82, -3.45)
[DEPOSIT] R3 deposited! Total: 48
  [TARGET] R3 → PHERO (-0.82, -3.45)

======================================================================
Step 25500 (13.6 min) | Pickups: 48 | Deposits: 48 | Rate: 3.53 tags/min | phero_entries=1 max_w=0.579
======================================================================
R1[PHERO     ]: carry=0 | base=0.38 | wall=5.67 | search=  0 | target=phero(-0.70,-3.44)
R2[SITE      ]: carry=0 | base=0.40 | wall=5.63 | search=  0 | target=site(-0.82,-3.45)
R3[PHERO     ]: carry=0 | base=0.25 | wall=5.82 | search=  0 | target=phero(-0.82,-3.45)
R4[SEARCH    ]: carry=0 | base=2.55 | wall=3.87 | search= 31 | target=site(-1.40,2.13)

[PICKUP] R4 picked up tag (density=6) | Total: 49

======================================================================
Step 26000 (13.9 min) | Pickups: 49 | Deposits: 48 | Rate: 3.46 tags/min | phero_entries=1 max_w=0.117
======================================================================
R1[PHERO     ]: carry=0 | base=2.16 | wall=3.91 | search=  0 | target=phero(-0.70,-3.44)
R2[SITE      ]: carry=0 | base=2.31 | wall=3.76 | search=  0 | target=site(-0.82,-3.45)
R3[PHERO     ]: carry=0 | base=2.04 | wall=4.04 | search=  0 | target=phero(-0.82,-3.45)
R4[RTB       ]: carry=1 | base=1.89 | wall=4.40 | search=  0 | target=none

[DEPOSIT] R4 deposited! Total: 49
  [TARGET] R4 → PHERO (-0.82, -3.45)

======================================================================
Step 26500 (14.1 min) | Pickups: 49 | Deposits: 49 | Rate: 3.47 tags/min | phero_entries=1 max_w=0.024
======================================================================
R1[SEARCH    ]: carry=0 | base=3.55 | wall=2.53 | search=160 | target=phero(-0.70,-3.44)
R2[SEARCH    ]: carry=0 | base=3.45 | wall=2.68 | search=193 | target=site(-0.82,-3.45)
R3[SEARCH    ]: carry=0 | base=3.56 | wall=2.54 | search=116 | target=phero(-0.82,-3.45)
R4[BASE_ESC  ]: carry=0 | base=0.22 | wall=5.80 | search=  0 | target=phero(-0.82,-3.45)

[PICKUP] R1 picked up tag (density=17) | Total: 50

======================================================================
Step 27000 (14.4 min) | Pickups: 50 | Deposits: 49 | Rate: 3.40 tags/min | phero_entries=1 max_w=0.005
======================================================================
R1[RTB       ]: carry=1 | base=2.75 | wall=3.30 | search=  0 | target=none
R2[SEARCH    ]: carry=0 | base=4.68 | wall=1.71 | search=693 | target=site(-0.82,-3.45)
R3[SEARCH    ]: carry=0 | base=1.92 | wall=4.11 | search=616 | target=phero(-0.82,-3.45)
R4[PHERO     ]: carry=0 | base=0.99 | wall=5.11 | search=  0 | target=phero(-0.82,-3.45)

  [GIVE-UP] R3 returned empty after 780 searching steps
  [TARGET] R3 → PHERO (-0.82, -3.45)

======================================================================
Step 27500 (14.7 min) | Pickups: 50 | Deposits: 49 | Rate: 3.34 tags/min | phero_entries=0 max_w=0.000
======================================================================
R1[RTB       ]: carry=1 | base=0.83 | wall=5.19 | search=  0 | target=none
R2[SEARCH    ]: carry=0 | base=5.37 | wall=1.92 | search=1193 | target=site(-0.82,-3.45)
R3[BASE_ESC  ]: carry=0 | base=0.23 | wall=5.77 | search=  0 | target=phero(-0.82,-3.45)
R4[PHERO     ]: carry=0 | base=2.88 | wall=3.21 | search=  0 | target=phero(-0.82,-3.45)

[DEPOSIT] R1 deposited! Total: 50
  [PHERO] Laid at (-0.76, -3.52) density=17 prob=0.99 entries=1
  [TARGET] R1 → SITE (-0.76, -3.52)

======================================================================
Step 28000 (14.9 min) | Pickups: 50 | Deposits: 50 | Rate: 3.35 tags/min | phero_entries=1 max_w=0.327
======================================================================
R1[SITE      ]: carry=0 | base=1.12 | wall=4.89 | search=  0 | target=site(-0.76,-3.52)
R2[SEARCH    ]: carry=0 | base=7.01 | wall=0.78 | search=1693 | target=site(-0.82,-3.45)
R3[PHERO     ]: carry=0 | base=1.72 | wall=4.31 | search=  0 | target=phero(-0.82,-3.45)
R4[GIVE_UP   ]: carry=0 | base=2.73 | wall=3.33 | search=156 | target=none


======================================================================
Step 28500 (15.2 min) | Pickups: 50 | Deposits: 50 | Rate: 3.29 tags/min | phero_entries=1 max_w=0.066
======================================================================
R1[SITE      ]: carry=0 | base=2.85 | wall=3.21 | search=  0 | target=site(-0.76,-3.52)
R2[SEARCH    ]: carry=0 | base=7.77 | wall=0.39 | search=2193 | target=site(-0.82,-3.45)
R3[PHERO     ]: carry=0 | base=3.40 | wall=2.69 | search=  0 | target=phero(-0.82,-3.45)
R4[GIVE_UP   ]: carry=0 | base=1.25 | wall=4.76 | search=156 | target=none

[PICKUP] R3 picked up tag (density=16) | Total: 51
  [GIVE-UP] R4 returned empty after 156 searching steps
  [TARGET] R4 → PHERO (-0.76, -3.52)

======================================================================
Step 29000 (15.5 min) | Pickups: 51 | Deposits: 50 | Rate: 3.23 tags/min | phero_entries=1 max_w=0.013
======================================================================
R1[SEARCH    ]: carry=0 | base=3.01 | wall=3.06 | search=306 | target=site(-0.76,-3.52)
R2[SEARCH    ]: carry=0 | base=7.69 | wall=0.37 | search=2693 | target=site(-0.82,-3.45)
R3[RTB       ]: carry=1 | base=3.07 | wall=2.98 | search=  0 | target=none
R4[PHERO     ]: carry=0 | base=0.71 | wall=5.33 | search=  0 | target=phero(-0.76,-3.52)


======================================================================
Step 29500 (15.7 min) | Pickups: 51 | Deposits: 50 | Rate: 3.18 tags/min | phero_entries=1 max_w=0.003
======================================================================
R1[SEARCH    ]: carry=0 | base=1.40 | wall=4.65 | search=806 | target=site(-0.76,-3.52)
R2[GIVE_UP   ]: carry=0 | base=6.75 | wall=1.17 | search=2808 | target=none
R3[RTB       ]: carry=1 | base=1.42 | wall=4.60 | search=  0 | target=none
R4[PHERO     ]: carry=0 | base=2.62 | wall=3.44 | search=  0 | target=phero(-0.76,-3.52)

[PICKUP] R4 picked up tag (density=15) | Total: 52
[DEPOSIT] R3 deposited! Total: 51
  [PHERO] Laid at (-0.75, -3.51) density=16 prob=0.99 entries=2
  [TARGET] R3 → SITE (-0.75, -3.51)

======================================================================
Step 30000 (16.0 min) | Pickups: 52 | Deposits: 51 | Rate: 3.19 tags/min | phero_entries=1 max_w=0.538
======================================================================
R1[SEARCH    ]: carry=0 | base=1.37 | wall=4.63 | search=1306 | target=site(-0.76,-3.52)
R2[GIVE_UP   ]: carry=0 | base=4.83 | wall=2.54 | search=2808 | target=none
R3[SITE      ]: carry=0 | base=0.53 | wall=5.47 | search=  0 | target=site(-0.75,-3.51)
R4[RTB       ]: carry=1 | base=3.58 | wall=2.49 | search=  0 | target=none

[PICKUP] R2 picked up tag (density=22) | Total: 53

======================================================================
Step 30500 (16.3 min) | Pickups: 53 | Deposits: 51 | Rate: 3.14 tags/min | phero_entries=1 max_w=0.109
======================================================================
R1[SEARCH    ]: carry=0 | base=2.72 | wall=3.71 | search=1806 | target=site(-0.76,-3.52)
R2[RTB       ]: carry=1 | base=3.64 | wall=3.37 | search=  0 | target=none
R3[SITE      ]: carry=0 | base=2.21 | wall=3.84 | search=  0 | target=site(-0.75,-3.51)
R4[RTB       ]: carry=1 | base=1.79 | wall=4.24 | search=  0 | target=none

[DEPOSIT] R4 deposited! Total: 52
  [PHERO] Laid at (-0.72, -3.52) density=15 prob=0.98 entries=2
  [TARGET] R4 → SITE (-0.72, -3.52)

======================================================================
Step 31000 (16.5 min) | Pickups: 53 | Deposits: 52 | Rate: 3.15 tags/min | phero_entries=2 max_w=0.728
======================================================================
R1[SEARCH    ]: carry=0 | base=4.38 | wall=2.14 | search=2306 | target=site(-0.76,-3.52)
R2[RTB       ]: carry=1 | base=1.72 | wall=4.76 | search=  0 | target=none
R3[SEARCH    ]: carry=0 | base=3.49 | wall=2.58 | search=155 | target=site(-0.75,-3.51)
R4[BASE_ESC  ]: carry=0 | base=0.23 | wall=5.78 | search=  0 | target=site(-0.72,-3.52)

[DEPOSIT] R2 deposited! Total: 53
  [PHERO] Laid at (-3.19, -3.27) density=22 prob=1.00 entries=3
  [TARGET] R2 → SITE (-3.19, -3.27)

======================================================================
Step 31500 (16.8 min) | Pickups: 53 | Deposits: 53 | Rate: 3.15 tags/min | phero_entries=3 max_w=0.688
======================================================================
R1[SEARCH    ]: carry=0 | base=6.03 | wall=0.51 | search=2806 | target=site(-0.76,-3.52)
R2[SITE      ]: carry=0 | base=0.26 | wall=5.77 | search=  0 | target=site(-3.19,-3.27)
R3[SEARCH    ]: carry=0 | base=4.79 | wall=1.45 | search=655 | target=site(-0.75,-3.51)
R4[SITE      ]: carry=0 | base=2.09 | wall=3.96 | search=  0 | target=site(-0.72,-3.52)

[PICKUP] R4 picked up tag (density=14) | Total: 54

======================================================================
Step 32000 (17.1 min) | Pickups: 54 | Deposits: 53 | Rate: 3.11 tags/min | phero_entries=2 max_w=0.139
======================================================================
R1[WALL_ESC  ]: carry=0 | base=6.16 | wall=0.33 | search=3306 | target=site(-0.76,-3.52)
R2[SITE      ]: carry=0 | base=2.15 | wall=4.42 | search=  0 | target=site(-3.19,-3.27)
R3[SEARCH    ]: carry=0 | base=5.75 | wall=0.39 | search=1155 | target=site(-0.75,-3.51)
R4[SURVEY    ]: carry=1 | base=3.62 | wall=2.45 | search=  0 | target=none


======================================================================
Step 32500 (17.3 min) | Pickups: 54 | Deposits: 53 | Rate: 3.06 tags/min | phero_entries=2 max_w=0.028
======================================================================
R1[GIVE_UP   ]: carry=0 | base=4.79 | wall=1.57 | search=3432 | target=none
R2[SITE      ]: carry=0 | base=4.07 | wall=3.08 | search=  0 | target=site(-3.19,-3.27)
R3[SEARCH    ]: carry=0 | base=5.75 | wall=0.39 | search=1655 | target=site(-0.75,-3.51)
R4[RTB       ]: carry=1 | base=2.32 | wall=3.72 | search=  0 | target=none

[PICKUP] R2 picked up tag (density=23) | Total: 55

======================================================================
Step 33000 (17.6 min) | Pickups: 55 | Deposits: 53 | Rate: 3.01 tags/min | phero_entries=2 max_w=0.006
======================================================================
R1[GIVE_UP   ]: carry=0 | base=2.87 | wall=3.35 | search=3432 | target=none
R2[RTB       ]: carry=1 | base=4.18 | wall=2.96 | search=  0 | target=none
R3[GIVE_UP   ]: carry=0 | base=4.72 | wall=1.41 | search=1872 | target=none
R4[RTB       ]: carry=1 | base=0.40 | wall=5.61 | search=  0 | target=none

[DEPOSIT] R4 deposited! Total: 54
  [PHERO] Laid at (-0.71, -3.55) density=14 prob=0.96 entries=3
  [TARGET] R4 → SITE (-0.71, -3.55)
[PICKUP] R3 picked up tag (density=13) | Total: 56
[PICKUP] R1 picked up tag (density=2) | Total: 57

======================================================================
Step 33500 (17.9 min) | Pickups: 57 | Deposits: 54 | Rate: 3.02 tags/min | phero_entries=2 max_w=0.229
======================================================================
R1[SURVEY    ]: carry=1 | base=1.41 | wall=4.70 | search=  0 | target=none
R2[RTB       ]: carry=1 | base=2.26 | wall=4.36 | search=  0 | target=none
R3[RTB       ]: carry=1 | base=3.69 | wall=2.40 | search=  0 | target=none
R4[SITE      ]: carry=0 | base=1.55 | wall=4.47 | search=  0 | target=site(-0.71,-3.55)

[DEPOSIT] R1 deposited! Total: 55
  [TARGET] R1 → SITE (-1.30, 0.54)

======================================================================
Step 34000 (18.1 min) | Pickups: 57 | Deposits: 55 | Rate: 3.03 tags/min | phero_entries=1 max_w=0.046
======================================================================
R1[SITE      ]: carry=0 | base=0.32 | wall=5.75 | search=  0 | target=site(-1.30,0.54)
R2[RTB       ]: carry=1 | base=0.34 | wall=5.75 | search=  0 | target=none
R3[RTB       ]: carry=1 | base=1.78 | wall=4.27 | search=  0 | target=none
R4[SITE      ]: carry=0 | base=3.46 | wall=2.60 | search=  0 | target=site(-0.71,-3.55)

[DEPOSIT] R2 deposited! Total: 56
  [PHERO] Laid at (-3.19, -3.31) density=23 prob=1.00 entries=2
  [TARGET] R2 → SITE (-3.19, -3.31)
[PICKUP] R4 picked up tag (density=12) | Total: 58
[PICKUP] R1 picked up tag (density=1) | Total: 59
[DEPOSIT] R3 deposited! Total: 57
  [PHERO] Laid at (-0.93, -3.72) density=13 prob=0.93 entries=3
  [TARGET] R3 → SITE (-0.93, -3.72)

======================================================================
Step 34500 (18.4 min) | Pickups: 59 | Deposits: 57 | Rate: 3.10 tags/min | phero_entries=3 max_w=0.722
======================================================================
R1[RTB       ]: carry=1 | base=0.82 | wall=5.26 | search=  0 | target=none
R2[SITE      ]: carry=0 | base=1.62 | wall=4.83 | search=  0 | target=site(-3.19,-3.31)
R3[BASE_ESC  ]: carry=0 | base=0.23 | wall=5.77 | search=  0 | target=site(-0.93,-3.72)
R4[RTB       ]: carry=1 | base=2.80 | wall=3.24 | search=  0 | target=none

[DEPOSIT] R1 deposited! Total: 58
  [TARGET] R1 → PHERO (-0.93, -3.72)

======================================================================
Step 35000 (18.7 min) | Pickups: 59 | Deposits: 58 | Rate: 3.11 tags/min | phero_entries=3 max_w=0.146
======================================================================
R1[PHERO     ]: carry=0 | base=0.54 | wall=5.61 | search=  0 | target=phero(-0.93,-3.72)
R2[SITE      ]: carry=0 | base=3.54 | wall=3.47 | search=  0 | target=site(-3.19,-3.31)
R3[SITE      ]: carry=0 | base=1.96 | wall=4.09 | search=  0 | target=site(-0.93,-3.72)
R4[RTB       ]: carry=1 | base=1.01 | wall=5.01 | search=  0 | target=none

[DEPOSIT] R4 deposited! Total: 59
  [PHERO] Laid at (-0.68, -3.54) density=12 prob=0.88 entries=3
  [TARGET] R4 → SITE (-0.68, -3.54)
[PICKUP] R2 picked up tag (density=22) | Total: 60

======================================================================
Step 35500 (18.9 min) | Pickups: 60 | Deposits: 59 | Rate: 3.12 tags/min | phero_entries=3 max_w=0.380
======================================================================
R1[PHERO     ]: carry=0 | base=2.37 | wall=3.73 | search=  0 | target=phero(-0.93,-3.72)
R2[RTB       ]: carry=1 | base=4.27 | wall=2.89 | search=  0 | target=none
R3[SEARCH    ]: carry=0 | base=3.82 | wall=2.29 | search= 24 | target=site(-0.93,-3.72)
R4[SITE      ]: carry=0 | base=0.95 | wall=5.09 | search=  0 | target=site(-0.68,-3.54)

[PICKUP] R3 picked up tag (density=11) | Total: 61
[PICKUP] R1 picked up tag (density=10) | Total: 62

======================================================================
Step 36000 (19.2 min) | Pickups: 62 | Deposits: 59 | Rate: 3.07 tags/min | phero_entries=3 max_w=0.077
======================================================================
R1[SURVEY    ]: carry=1 | base=3.79 | wall=2.30 | search=  0 | target=none
R2[RTB       ]: carry=1 | base=2.36 | wall=4.28 | search=  0 | target=none
R3[RTB       ]: carry=1 | base=2.87 | wall=3.20 | search=  0 | target=none
R4[SITE      ]: carry=0 | base=2.85 | wall=3.21 | search=  0 | target=site(-0.68,-3.54)

[PICKUP] R4 picked up tag (density=9) | Total: 63

======================================================================
Step 36500 (19.5 min) | Pickups: 63 | Deposits: 59 | Rate: 3.03 tags/min | phero_entries=2 max_w=0.016
======================================================================
R1[RTB       ]: carry=1 | base=2.61 | wall=3.44 | search=  0 | target=none
R2[RTB       ]: carry=1 | base=0.44 | wall=5.68 | search=  0 | target=none
R3[RTB       ]: carry=1 | base=0.96 | wall=5.06 | search=  0 | target=none
R4[RTB       ]: carry=1 | base=3.48 | wall=2.56 | search=  0 | target=none

[DEPOSIT] R2 deposited! Total: 60
  [PHERO] Laid at (-3.05, -3.17) density=22 prob=1.00 entries=3
  [TARGET] R2 → SITE (-3.05, -3.17)
[DEPOSIT] R3 deposited! Total: 61
  [PHERO] Laid at (-0.90, -3.74) density=11 prob=0.80 entries=3
  [TARGET] R3 → SITE (-0.90, -3.74)

======================================================================
Step 37000 (19.7 min) | Pickups: 63 | Deposits: 61 | Rate: 3.09 tags/min | phero_entries=3 max_w=0.365
======================================================================
R1[RTB       ]: carry=1 | base=0.72 | wall=5.29 | search=  0 | target=none
R2[SITE      ]: carry=0 | base=1.52 | wall=4.90 | search=  0 | target=site(-3.05,-3.17)
R3[SITE      ]: carry=0 | base=0.97 | wall=5.04 | search=  0 | target=site(-0.90,-3.74)
R4[RTB       ]: carry=1 | base=1.56 | wall=4.46 | search=  0 | target=none

[DEPOSIT] R1 deposited! Total: 62
  [TARGET] R1 → SITE (-0.84, -3.70)
[DEPOSIT] R4 deposited! Total: 63
  [TARGET] R4 → SITE (-0.64, -3.55)

======================================================================
Step 37500 (20.0 min) | Pickups: 63 | Deposits: 63 | Rate: 3.15 tags/min | phero_entries=2 max_w=0.074
======================================================================
R1[SITE      ]: carry=0 | base=1.22 | wall=4.79 | search=  0 | target=site(-0.84,-3.70)
R2[SITE      ]: carry=0 | base=3.43 | wall=3.54 | search=  0 | target=site(-3.05,-3.17)
R3[SITE      ]: carry=0 | base=2.67 | wall=3.40 | search=  0 | target=site(-0.90,-3.74)
R4[BASE_ESC  ]: carry=0 | base=0.23 | wall=5.79 | search=  0 | target=site(-0.64,-3.55)

[PICKUP] R2 picked up tag (density=22) | Total: 64

======================================================================
Step 38000 (20.3 min) | Pickups: 64 | Deposits: 63 | Rate: 3.11 tags/min | phero_entries=2 max_w=0.015
======================================================================
R1[SITE      ]: carry=0 | base=3.14 | wall=2.93 | search=  0 | target=site(-0.84,-3.70)
R2[SURVEY    ]: carry=1 | base=4.52 | wall=2.71 | search=  0 | target=none
R3[SEARCH    ]: carry=0 | base=3.70 | wall=2.42 | search=209 | target=site(-0.90,-3.74)
R4[SITE      ]: carry=0 | base=2.06 | wall=3.98 | search=  0 | target=site(-0.64,-3.55)

[PICKUP] R4 picked up tag (density=8) | Total: 65

======================================================================
Step 38500 (20.5 min) | Pickups: 65 | Deposits: 63 | Rate: 3.07 tags/min | phero_entries=2 max_w=0.003
======================================================================
R1[SEARCH    ]: carry=0 | base=3.86 | wall=2.32 | search=342 | target=site(-0.84,-3.70)
R2[RTB       ]: carry=1 | base=2.92 | wall=3.85 | search=  0 | target=none
R3[SEARCH    ]: carry=0 | base=4.16 | wall=2.52 | search=709 | target=site(-0.90,-3.74)
R4[SURVEY    ]: carry=1 | base=3.65 | wall=2.40 | search=  0 | target=none


======================================================================
Step 39000 (20.8 min) | Pickups: 65 | Deposits: 63 | Rate: 3.03 tags/min | phero_entries=0 max_w=0.000
======================================================================
R1[SEARCH    ]: carry=0 | base=5.21 | wall=1.44 | search=842 | target=site(-0.84,-3.70)
R2[RTB       ]: carry=1 | base=1.00 | wall=5.27 | search=  0 | target=none
R3[SEARCH    ]: carry=0 | base=4.30 | wall=2.38 | search=1209 | target=site(-0.90,-3.74)
R4[RTB       ]: carry=1 | base=2.43 | wall=3.60 | search=  0 | target=none

[DEPOSIT] R2 deposited! Total: 64
  [PHERO] Laid at (-3.10, -3.29) density=22 prob=1.00 entries=1
  [TARGET] R2 → SITE (-3.10, -3.29)

======================================================================
Step 39500 (21.1 min) | Pickups: 65 | Deposits: 64 | Rate: 3.04 tags/min | phero_entries=1 max_w=0.377
======================================================================
R1[WALL_ESC  ]: carry=0 | base=5.91 | wall=0.34 | search=1342 | target=site(-0.84,-3.70)
R2[SITE      ]: carry=0 | base=0.96 | wall=5.25 | search=  0 | target=site(-3.10,-3.29)
R3[GIVE_UP   ]: carry=0 | base=3.73 | wall=2.41 | search=1560 | target=none
R4[RTB       ]: carry=1 | base=0.51 | wall=5.50 | search=  0 | target=none

[PICKUP] R3 picked up tag (density=19) | Total: 66
[DEPOSIT] R4 deposited! Total: 65
  [PHERO] Laid at (-0.64, -3.59) density=8 prob=0.46 entries=2
  [TARGET] R4 → SITE (-0.64, -3.59)

======================================================================
Step 40000 (21.3 min) | Pickups: 66 | Deposits: 65 | Rate: 3.05 tags/min | phero_entries=2 max_w=0.251
======================================================================
R1[WALL_ESC  ]: carry=0 | base=5.91 | wall=0.34 | search=1842 | target=site(-0.84,-3.70)
R2[SITE      ]: carry=0 | base=2.87 | wall=3.88 | search=  0 | target=site(-3.10,-3.29)
R3[RTB       ]: carry=1 | base=2.46 | wall=3.63 | search=  0 | target=none
R4[SITE      ]: carry=0 | base=1.43 | wall=4.58 | search=  0 | target=site(-0.64,-3.59)

[PICKUP] R2 picked up tag (density=21) | Total: 67

======================================================================
Step 40500 (21.6 min) | Pickups: 67 | Deposits: 65 | Rate: 3.01 tags/min | phero_entries=2 max_w=0.051
======================================================================
R1[WALL_ESC  ]: carry=0 | base=5.91 | wall=0.34 | search=2342 | target=site(-0.84,-3.70)
R2[SURVEY    ]: carry=1 | base=4.35 | wall=2.83 | search=  0 | target=none
R3[RTB       ]: carry=1 | base=0.54 | wall=5.48 | search=  0 | target=none
R4[SITE      ]: carry=0 | base=3.35 | wall=2.70 | search=  0 | target=site(-0.64,-3.59)

[DEPOSIT] R3 deposited! Total: 66
  [PHERO] Laid at (-3.36, -0.94) density=19 prob=1.00 entries=3
  [TARGET] R3 → SITE (-3.36, -0.94)

======================================================================
Step 41000 (21.9 min) | Pickups: 67 | Deposits: 66 | Rate: 3.02 tags/min | phero_entries=3 max_w=0.258
======================================================================
R1[WALL_ESC  ]: carry=0 | base=5.92 | wall=0.34 | search=2842 | target=site(-0.84,-3.70)
R2[RTB       ]: carry=1 | base=2.93 | wall=3.84 | search=  0 | target=none
R3[SITE      ]: carry=0 | base=1.41 | wall=4.66 | search=  0 | target=site(-3.36,-0.94)
R4[SEARCH    ]: carry=0 | base=4.21 | wall=1.91 | search=435 | target=site(-0.64,-3.59)

[PICKUP] R3 picked up tag (density=18) | Total: 68

======================================================================
Step 41500 (22.1 min) | Pickups: 68 | Deposits: 66 | Rate: 2.98 tags/min | phero_entries=2 max_w=0.052
======================================================================
R1[WALL_ESC  ]: carry=0 | base=5.92 | wall=0.34 | search=3342 | target=site(-0.84,-3.70)
R2[RTB       ]: carry=1 | base=1.01 | wall=5.25 | search=  0 | target=none
R3[SURVEY    ]: carry=1 | base=3.05 | wall=3.07 | search=  0 | target=none
R4[SEARCH    ]: carry=0 | base=4.62 | wall=2.18 | search=935 | target=site(-0.64,-3.59)

[PICKUP] R4 picked up tag (density=20) | Total: 69
[DEPOSIT] R2 deposited! Total: 67
  [PHERO] Laid at (-2.98, -3.17) density=21 prob=1.00 entries=3
  [TARGET] R2 → SITE (-2.98, -3.17)

======================================================================
Step 42000 (22.4 min) | Pickups: 69 | Deposits: 67 | Rate: 2.99 tags/min | phero_entries=2 max_w=0.382
======================================================================
R1[WALL_ESC  ]: carry=0 | base=5.91 | wall=0.34 | search=3842 | target=site(-0.84,-3.70)
R2[SITE      ]: carry=0 | base=0.94 | wall=5.30 | search=  0 | target=site(-2.98,-3.17)
R3[RTB       ]: carry=1 | base=1.85 | wall=4.23 | search=  0 | target=none
R4[RTB       ]: carry=1 | base=3.70 | wall=2.96 | search=  0 | target=none

[DEPOSIT] R3 deposited! Total: 68
  [PHERO] Laid at (-2.93, -0.84) density=18 prob=1.00 entries=3
  [TARGET] R3 → SITE (-2.93, -0.84)

======================================================================
Step 42500 (22.7 min) | Pickups: 69 | Deposits: 68 | Rate: 3.00 tags/min | phero_entries=3 max_w=0.767
======================================================================
R1[WALL_ESC  ]: carry=0 | base=5.91 | wall=0.35 | search=4342 | target=site(-0.84,-3.70)
R2[SITE      ]: carry=0 | base=2.86 | wall=3.94 | search=  0 | target=site(-2.98,-3.17)
R3[BASE_ESC  ]: carry=0 | base=0.22 | wall=5.78 | search=  0 | target=site(-2.93,-0.84)
R4[RTB       ]: carry=1 | base=1.78 | wall=4.54 | search=  0 | target=none

[DEPOSIT] R4 deposited! Total: 69
  [PHERO] Laid at (-2.68, -3.74) density=20 prob=1.00 entries=3
  [TARGET] R4 → SITE (-2.68, -3.74)
[PICKUP] R2 picked up tag (density=19) | Total: 70

======================================================================
Step 43000 (22.9 min) | Pickups: 70 | Deposits: 69 | Rate: 3.01 tags/min | phero_entries=3 max_w=0.724
======================================================================
R1[SEARCH    ]: carry=0 | base=5.91 | wall=0.35 | search=4842 | target=site(-0.84,-3.70)
R2[SURVEY    ]: carry=1 | base=4.31 | wall=2.82 | search=  0 | target=none
R3[SITE      ]: carry=0 | base=2.02 | wall=4.05 | search=  0 | target=site(-2.93,-0.84)
R4[BASE_ESC  ]: carry=0 | base=0.24 | wall=5.78 | search=  0 | target=site(-2.68,-3.74)


======================================================================
Step 43500 (23.2 min) | Pickups: 70 | Deposits: 69 | Rate: 2.97 tags/min | phero_entries=3 max_w=0.146
======================================================================
R1[SEARCH    ]: carry=0 | base=5.90 | wall=0.36 | search=5342 | target=site(-0.84,-3.70)
R2[RTB       ]: carry=1 | base=3.03 | wall=3.74 | search=  0 | target=none
R3[SEARCH    ]: carry=0 | base=3.02 | wall=3.05 | search=245 | target=site(-2.93,-0.84)
R4[SITE      ]: carry=0 | base=2.10 | wall=4.26 | search=  0 | target=site(-2.68,-3.74)

[PICKUP] R3 picked up tag (density=18) | Total: 71

======================================================================
Step 44000 (23.5 min) | Pickups: 71 | Deposits: 69 | Rate: 2.94 tags/min | phero_entries=2 max_w=0.030
======================================================================
R1[SEARCH    ]: carry=0 | base=5.89 | wall=0.37 | search=5842 | target=site(-0.84,-3.70)
R2[RTB       ]: carry=1 | base=1.11 | wall=5.17 | search=  0 | target=none
R3[RTB       ]: carry=1 | base=2.53 | wall=3.56 | search=  0 | target=none
R4[SITE      ]: carry=0 | base=4.01 | wall=2.73 | search=  0 | target=site(-2.68,-3.74)

[PICKUP] R4 picked up tag (density=18) | Total: 72
[DEPOSIT] R2 deposited! Total: 70
  [PHERO] Laid at (-2.91, -3.18) density=19 prob=1.00 entries=3
  [TARGET] R2 → SITE (-2.91, -3.18)

======================================================================
Step 44500 (23.7 min) | Pickups: 72 | Deposits: 70 | Rate: 2.95 tags/min | phero_entries=3 max_w=0.415
======================================================================
R1[GIVE_UP   ]: carry=0 | base=4.50 | wall=1.66 | search=5928 | target=none
R2[SITE      ]: carry=0 | base=0.84 | wall=5.32 | search=  0 | target=site(-2.91,-3.18)
R3[RTB       ]: carry=1 | base=0.61 | wall=5.41 | search=  0 | target=none
R4[RTB       ]: carry=1 | base=4.44 | wall=2.38 | search=  0 | target=none

[DEPOSIT] R3 deposited! Total: 71
  [PHERO] Laid at (-3.14, -0.83) density=18 prob=1.00 entries=3
  [TARGET] R3 → SITE (-3.14, -0.83)

======================================================================
Step 45000 (24.0 min) | Pickups: 72 | Deposits: 71 | Rate: 2.96 tags/min | phero_entries=3 max_w=0.273
======================================================================
R1[GIVE_UP   ]: carry=0 | base=2.58 | wall=3.51 | search=5928 | target=none
R2[SITE      ]: carry=0 | base=2.75 | wall=3.94 | search=  0 | target=site(-2.91,-3.18)
R3[SITE      ]: carry=0 | base=1.34 | wall=4.69 | search=  0 | target=site(-3.14,-0.83)
R4[RTB       ]: carry=1 | base=2.53 | wall=3.94 | search=  0 | target=none

[PICKUP] R2 picked up tag (density=17) | Total: 73

======================================================================
Step 45500 (24.3 min) | Pickups: 73 | Deposits: 71 | Rate: 2.93 tags/min | phero_entries=2 max_w=0.055
======================================================================
R1[GIVE_UP   ]: carry=0 | base=0.66 | wall=5.36 | search=5928 | target=none
R2[SURVEY    ]: carry=1 | base=4.29 | wall=2.80 | search=  0 | target=none
R3[SEARCH    ]: carry=0 | base=3.22 | wall=2.88 | search= 15 | target=site(-3.14,-0.83)
R4[RTB       ]: carry=1 | base=0.61 | wall=5.51 | search=  0 | target=none

[DEPOSIT] R4 deposited! Total: 72
  [PHERO] Laid at (-2.70, -3.70) density=18 prob=1.00 entries=3
  [TARGET] R4 → SITE (-2.70, -3.70)
  [GIVE-UP] R1 returned empty after 5928 searching steps
  [TARGET] R1 → PHERO (-2.70, -3.70)

======================================================================
Step 46000 (24.5 min) | Pickups: 73 | Deposits: 72 | Rate: 2.93 tags/min | phero_entries=3 max_w=0.272
======================================================================
R1[PHERO     ]: carry=0 | base=1.08 | wall=5.09 | search=  0 | target=phero(-2.70,-3.70)
R2[RTB       ]: carry=1 | base=3.04 | wall=3.70 | search=  0 | target=none
R3[SEARCH    ]: carry=0 | base=4.01 | wall=2.06 | search=515 | target=site(-3.14,-0.83)
R4[SITE      ]: carry=0 | base=1.16 | wall=5.02 | search=  0 | target=site(-2.70,-3.70)


======================================================================
Step 46500 (24.8 min) | Pickups: 73 | Deposits: 72 | Rate: 2.90 tags/min | phero_entries=2 max_w=0.055
======================================================================
R1[PHERO     ]: carry=0 | base=2.99 | wall=3.56 | search=  0 | target=phero(-2.70,-3.70)
R2[RTB       ]: carry=1 | base=1.12 | wall=5.15 | search=  0 | target=none
R3[WALL_ESC  ]: carry=0 | base=5.67 | wall=0.34 | search=1015 | target=site(-3.14,-0.83)
R4[SITE      ]: carry=0 | base=3.07 | wall=3.50 | search=  0 | target=site(-2.70,-3.70)

[DEPOSIT] R2 deposited! Total: 73
  [PHERO] Laid at (-2.86, -3.20) density=17 prob=0.99 entries=3
  [TARGET] R2 → SITE (-2.86, -3.20)
[PICKUP] R4 picked up tag (density=16) | Total: 74

======================================================================
Step 47000 (25.1 min) | Pickups: 74 | Deposits: 73 | Rate: 2.91 tags/min | phero_entries=2 max_w=0.419
======================================================================
R1[SEARCH    ]: carry=0 | base=4.57 | wall=2.34 | search= 87 | target=phero(-2.70,-3.70)
R2[SITE      ]: carry=0 | base=0.83 | wall=5.32 | search=  0 | target=site(-2.86,-3.20)
R3[SEARCH    ]: carry=0 | base=5.63 | wall=0.38 | search=1515 | target=site(-3.14,-0.83)
R4[SURVEY    ]: carry=1 | base=4.46 | wall=2.37 | search=  0 | target=none

[PICKUP] R1 picked up tag (density=15) | Total: 75

======================================================================
Step 47500 (25.3 min) | Pickups: 75 | Deposits: 73 | Rate: 2.88 tags/min | phero_entries=2 max_w=0.085
======================================================================
R1[RTB       ]: carry=1 | base=3.60 | wall=3.09 | search=  0 | target=none
R2[SITE      ]: carry=0 | base=2.74 | wall=3.93 | search=  0 | target=site(-2.86,-3.20)
R3[GIVE_UP   ]: carry=0 | base=4.19 | wall=1.81 | search=1560 | target=none
R4[RTB       ]: carry=1 | base=2.88 | wall=3.62 | search=  0 | target=none

[PICKUP] R2 picked up tag (density=14) | Total: 76

======================================================================
Step 48000 (25.6 min) | Pickups: 76 | Deposits: 73 | Rate: 2.85 tags/min | phero_entries=1 max_w=0.017
======================================================================
R1[RTB       ]: carry=1 | base=1.68 | wall=4.64 | search=  0 | target=none
R2[SURVEY    ]: carry=1 | base=4.28 | wall=2.78 | search=  0 | target=none
R3[GIVE_UP   ]: carry=0 | base=2.27 | wall=3.73 | search=1560 | target=none
R4[RTB       ]: carry=1 | base=0.96 | wall=5.21 | search=  0 | target=none

[PICKUP] R3 picked up tag (density=11) | Total: 77
[DEPOSIT] R4 deposited! Total: 74
  [PHERO] Laid at (-2.59, -3.55) density=16 prob=0.99 entries=2
  [TARGET] R4 → SITE (-2.59, -3.55)
[DEPOSIT] R1 deposited! Total: 75
  [PHERO] Laid at (-2.74, -3.65) density=15 prob=0.98 entries=3
  [TARGET] R1 → SITE (-2.74, -3.65)

======================================================================
Step 48500 (25.9 min) | Pickups: 77 | Deposits: 75 | Rate: 2.90 tags/min | phero_entries=3 max_w=0.664
======================================================================
R1[SITE      ]: carry=0 | base=0.30 | wall=5.72 | search=  0 | target=site(-2.74,-3.65)
R2[RTB       ]: carry=1 | base=2.96 | wall=3.75 | search=  0 | target=none
R3[RTB       ]: carry=1 | base=0.97 | wall=5.04 | search=  0 | target=none
R4[SITE      ]: carry=0 | base=1.00 | wall=5.14 | search=  0 | target=site(-2.59,-3.55)

[DEPOSIT] R3 deposited! Total: 76
  [TARGET] R3 → SITE (-2.27, -0.06)

======================================================================
Step 49000 (26.1 min) | Pickups: 77 | Deposits: 76 | Rate: 2.91 tags/min | phero_entries=2 max_w=0.134
======================================================================
R1[SITE      ]: carry=0 | base=2.20 | wall=4.21 | search=  0 | target=site(-2.74,-3.65)
R2[RTB       ]: carry=1 | base=1.04 | wall=5.21 | search=  0 | target=none
R3[SITE      ]: carry=0 | base=0.98 | wall=5.02 | search=  0 | target=site(-2.27,-0.06)
R4[SITE      ]: carry=0 | base=2.91 | wall=3.62 | search=  0 | target=site(-2.59,-3.55)

[PICKUP] R3 picked up tag (density=10) | Total: 78
[DEPOSIT] R2 deposited! Total: 77
  [PHERO] Laid at (-2.81, -3.22) density=14 prob=0.96 entries=3
  [TARGET] R2 → SITE (-2.81, -3.22)

======================================================================
Step 49500 (26.4 min) | Pickups: 78 | Deposits: 77 | Rate: 2.92 tags/min | phero_entries=3 max_w=0.389
======================================================================
R1[SITE      ]: carry=0 | base=4.11 | wall=2.70 | search=  0 | target=site(-2.74,-3.65)
R2[SITE      ]: carry=0 | base=0.92 | wall=5.25 | search=  0 | target=site(-2.81,-3.22)
R3[RTB       ]: carry=1 | base=1.58 | wall=4.42 | search=  0 | target=none
R4[SEARCH    ]: carry=0 | base=4.37 | wall=2.37 | search=126 | target=site(-2.59,-3.55)

[PICKUP] R1 picked up tag (density=13) | Total: 79
[DEPOSIT] R3 deposited! Total: 78
  [PHERO] Laid at (-1.74, -0.02) density=10 prob=0.71 entries=4
  [TARGET] R3 → SITE (-1.74, -0.02)

======================================================================
Step 50000 (26.7 min) | Pickups: 79 | Deposits: 78 | Rate: 2.92 tags/min | phero_entries=4 max_w=0.615
======================================================================
R1[RTB       ]: carry=1 | base=3.56 | wall=3.11 | search=  0 | target=none
R2[SITE      ]: carry=0 | base=2.84 | wall=3.84 | search=  0 | target=site(-2.81,-3.22)
R3[SITE      ]: carry=0 | base=0.37 | wall=5.64 | search=  0 | target=site(-1.74,-0.02)
R4[GIVE_UP   ]: carry=0 | base=2.92 | wall=3.35 | search=312 | target=none

[PICKUP] R2 picked up tag (density=12) | Total: 80

======================================================================
Step 50500 (26.9 min) | Pickups: 80 | Deposits: 78 | Rate: 2.90 tags/min | phero_entries=3 max_w=0.124
======================================================================
R1[RTB       ]: carry=1 | base=1.64 | wall=4.67 | search=  0 | target=none
R2[SURVEY    ]: carry=1 | base=4.26 | wall=2.77 | search=  0 | target=none
R3[SEARCH    ]: carry=0 | base=1.65 | wall=4.35 | search=153 | target=site(-1.74,-0.02)
R4[GIVE_UP   ]: carry=0 | base=1.00 | wall=5.09 | search=312 | target=none

  [GIVE-UP] R4 returned empty after 312 searching steps
  [TARGET] R4 → PHERO (-1.74, -0.02)
[DEPOSIT] R1 deposited! Total: 79
  [PHERO] Laid at (-2.59, -3.47) density=13 prob=0.93 entries=3
  [TARGET] R1 → SITE (-2.59, -3.47)
  [GIVE-UP] R3 returned empty after 156 searching steps
  [TARGET] R3 → PHERO (-2.59, -3.47)

======================================================================
Step 51000 (27.2 min) | Pickups: 80 | Deposits: 79 | Rate: 2.90 tags/min | phero_entries=3 max_w=0.647
======================================================================
R1[SITE      ]: carry=0 | base=0.33 | wall=5.69 | search=  0 | target=site(-2.59,-3.47)
R2[RTB       ]: carry=1 | base=2.82 | wall=3.83 | search=  0 | target=none
R3[PHERO     ]: carry=0 | base=0.26 | wall=5.76 | search=  0 | target=phero(-2.59,-3.47)
R4[PHERO     ]: carry=0 | base=0.87 | wall=5.14 | search=  0 | target=phero(-1.74,-0.02)


======================================================================
Step 51500 (27.5 min) | Pickups: 80 | Deposits: 79 | Rate: 2.88 tags/min | phero_entries=2 max_w=0.131
======================================================================
R1[SITE      ]: carry=0 | base=2.23 | wall=4.18 | search=  0 | target=site(-2.59,-3.47)
R2[RTB       ]: carry=1 | base=0.90 | wall=5.31 | search=  0 | target=none
R3[PHERO     ]: carry=0 | base=1.81 | wall=4.68 | search=  0 | target=phero(-2.59,-3.47)
R4[SEARCH    ]: carry=0 | base=1.60 | wall=4.41 | search=282 | target=phero(-1.74,-0.02)

[PICKUP] R4 picked up tag (density=9) | Total: 81
[DEPOSIT] R2 deposited! Total: 80
  [PHERO] Laid at (-2.79, -3.23) density=12 prob=0.88 entries=3
  [TARGET] R2 → SITE (-2.79, -3.23)

======================================================================
Step 52000 (27.7 min) | Pickups: 81 | Deposits: 80 | Rate: 2.88 tags/min | phero_entries=3 max_w=0.349
======================================================================
R1[SITE      ]: carry=0 | base=4.15 | wall=2.68 | search=  0 | target=site(-2.59,-3.47)
R2[SITE      ]: carry=0 | base=1.05 | wall=5.15 | search=  0 | target=site(-2.79,-3.23)
R3[PHERO     ]: carry=0 | base=3.71 | wall=3.06 | search=  0 | target=phero(-2.59,-3.47)
R4[RTB       ]: carry=1 | base=1.30 | wall=4.71 | search=  0 | target=none

[DEPOSIT] R4 deposited! Total: 81
  [PHERO] Laid at (-1.86, 0.19) density=9 prob=0.59 entries=3
  [TARGET] R4 → SITE (-1.86, 0.19)
[PICKUP] R1 picked up tag (density=11) | Total: 82

======================================================================
Step 52500 (28.0 min) | Pickups: 82 | Deposits: 81 | Rate: 2.89 tags/min | phero_entries=3 max_w=0.485
======================================================================
R1[SURVEY    ]: carry=1 | base=4.30 | wall=2.68 | search=  0 | target=none
R2[SITE      ]: carry=0 | base=2.97 | wall=3.73 | search=  0 | target=site(-2.79,-3.23)
R3[SEARCH    ]: carry=0 | base=3.64 | wall=2.80 | search=352 | target=phero(-2.59,-3.47)
R4[SITE      ]: carry=0 | base=0.65 | wall=5.35 | search=  0 | target=site(-1.86,0.19)


======================================================================
Step 53000 (28.3 min) | Pickups: 82 | Deposits: 81 | Rate: 2.87 tags/min | phero_entries=3 max_w=0.098
======================================================================
R1[RTB       ]: carry=1 | base=2.70 | wall=3.89 | search=  0 | target=none
R2[SEARCH    ]: carry=0 | base=4.14 | wall=2.82 | search=176 | target=site(-2.79,-3.23)
R3[GIVE_UP   ]: carry=0 | base=3.50 | wall=2.55 | search=780 | target=none
R4[SEARCH    ]: carry=0 | base=1.73 | wall=4.28 | search=194 | target=site(-1.86,0.19)


======================================================================
Step 53500 (28.5 min) | Pickups: 82 | Deposits: 81 | Rate: 2.84 tags/min | phero_entries=2 max_w=0.020
======================================================================
R1[RTB       ]: carry=1 | base=0.78 | wall=5.39 | search=  0 | target=none
R2[SEARCH    ]: carry=0 | base=5.05 | wall=1.84 | search=676 | target=site(-2.79,-3.23)
R3[GIVE_UP   ]: carry=0 | base=1.62 | wall=4.40 | search=780 | target=none
R4[SEARCH    ]: carry=0 | base=1.59 | wall=4.57 | search=694 | target=site(-1.86,0.19)

[DEPOSIT] R1 deposited! Total: 82
  [PHERO] Laid at (-2.73, -3.32) density=11 prob=0.80 entries=3
  [TARGET] R1 → SITE (-2.73, -3.32)
  [GIVE-UP] R3 returned empty after 780 searching steps
  [TARGET] R3 → PHERO (-2.73, -3.32)

======================================================================
Step 54000 (28.8 min) | Pickups: 82 | Deposits: 82 | Rate: 2.85 tags/min | phero_entries=2 max_w=0.314
======================================================================
R1[SITE      ]: carry=0 | base=1.18 | wall=5.04 | search=  0 | target=site(-2.73,-3.32)
R2[SEARCH    ]: carry=0 | base=5.92 | wall=0.38 | search=1176 | target=site(-2.79,-3.23)
R3[PHERO     ]: carry=0 | base=0.30 | wall=5.70 | search=  0 | target=phero(-2.73,-3.32)
R4[GIVE_UP   ]: carry=0 | base=1.56 | wall=4.44 | search=936 | target=none

  [GIVE-UP] R4 returned empty after 936 searching steps
  [TARGET] R4 → PHERO (-2.73, -3.32)

======================================================================
Step 54500 (29.1 min) | Pickups: 82 | Deposits: 82 | Rate: 2.82 tags/min | phero_entries=1 max_w=0.063
======================================================================
R1[SITE      ]: carry=0 | base=3.09 | wall=3.59 | search=  0 | target=site(-2.73,-3.32)
R2[SEARCH    ]: carry=0 | base=5.93 | wall=0.37 | search=1676 | target=site(-2.79,-3.23)
R3[PHERO     ]: carry=0 | base=2.10 | wall=4.29 | search=  0 | target=phero(-2.73,-3.32)
R4[PHERO     ]: carry=0 | base=0.28 | wall=5.75 | search=  0 | target=phero(-2.73,-3.32)


======================================================================
Step 55000 (29.3 min) | Pickups: 82 | Deposits: 82 | Rate: 2.80 tags/min | phero_entries=1 max_w=0.013
======================================================================
R1[SEARCH    ]: carry=0 | base=4.07 | wall=2.68 | search=199 | target=site(-2.73,-3.32)
R2[SEARCH    ]: carry=0 | base=5.94 | wall=0.36 | search=2176 | target=site(-2.79,-3.23)
R3[PHERO     ]: carry=0 | base=4.01 | wall=2.89 | search=  0 | target=phero(-2.73,-3.32)
R4[PHERO     ]: carry=0 | base=1.75 | wall=4.76 | search=  0 | target=phero(-2.73,-3.32)


======================================================================
Step 55500 (29.6 min) | Pickups: 82 | Deposits: 82 | Rate: 2.77 tags/min | phero_entries=1 max_w=0.003
======================================================================
R1[SEARCH    ]: carry=0 | base=2.42 | wall=4.15 | search=699 | target=site(-2.73,-3.32)
R2[SEARCH    ]: carry=0 | base=5.94 | wall=0.35 | search=2676 | target=site(-2.79,-3.23)
R3[SEARCH    ]: carry=0 | base=3.69 | wall=3.22 | search=438 | target=phero(-2.73,-3.32)
R4[PHERO     ]: carry=0 | base=3.65 | wall=3.21 | search=  0 | target=phero(-2.73,-3.32)


======================================================================
Step 56000 (29.9 min) | Pickups: 82 | Deposits: 82 | Rate: 2.75 tags/min | phero_entries=0 max_w=0.000
======================================================================
R1[GIVE_UP   ]: carry=0 | base=1.29 | wall=4.86 | search=936 | target=none
R2[WALL_ESC  ]: carry=0 | base=5.95 | wall=0.34 | search=3176 | target=site(-2.79,-3.23)
R3[GIVE_UP   ]: carry=0 | base=2.08 | wall=4.30 | search=780 | target=none
R4[SEARCH    ]: carry=0 | base=3.59 | wall=3.33 | search=344 | target=phero(-2.73,-3.32)

  [GIVE-UP] R1 returned empty after 936 searching steps
  [TARGET] R1 → WALL (5.92, -4.71)
  [GIVE-UP] R3 returned empty after 780 searching steps
  [TARGET] R3 → WALL (-5.92, 3.45)

======================================================================
Step 56500 (30.1 min) | Pickups: 82 | Deposits: 82 | Rate: 2.72 tags/min | phero_entries=0 max_w=0.000
======================================================================
R1[DEPART    ]: carry=0 | base=0.42 | wall=5.58 | search=  0 | target=none
R2[WALL_ESC  ]: carry=0 | base=5.95 | wall=0.34 | search=3676 | target=site(-2.79,-3.23)
R3[BASE_ESC  ]: carry=0 | base=0.22 | wall=5.82 | search=  0 | target=none
R4[SEARCH    ]: carry=0 | base=2.23 | wall=3.97 | search=844 | target=phero(-2.73,-3.32)

[PICKUP] R1 picked up tag (density=7) | Total: 83

======================================================================
Step 57000 (30.4 min) | Pickups: 83 | Deposits: 82 | Rate: 2.70 tags/min | phero_entries=0 max_w=0.000
======================================================================
R1[SURVEY    ]: carry=1 | base=1.91 | wall=4.48 | search=  0 | target=none
R2[WALL_ESC  ]: carry=0 | base=5.95 | wall=0.34 | search=4176 | target=site(-2.79,-3.23)
R3[SEARCH    ]: carry=0 | base=1.34 | wall=4.76 | search=257 | target=none
R4[SEARCH    ]: carry=0 | base=0.72 | wall=5.40 | search=1344 | target=phero(-2.73,-3.32)


======================================================================
Step 57500 (30.7 min) | Pickups: 83 | Deposits: 82 | Rate: 2.67 tags/min | phero_entries=0 max_w=0.000
======================================================================
R1[RTB       ]: carry=1 | base=0.82 | wall=5.38 | search=  0 | target=none
R2[GIVE_UP   ]: carry=0 | base=4.27 | wall=1.93 | search=4212 | target=none
R3[SEARCH    ]: carry=0 | base=3.05 | wall=3.49 | search=757 | target=none
R4[SEARCH    ]: carry=0 | base=0.95 | wall=5.05 | search=1844 | target=phero(-2.73,-3.32)

[DEPOSIT] R1 deposited! Total: 83
  [TARGET] R1 → SITE (1.16, -1.51)
[PICKUP] R2 picked up tag (density=17) | Total: 84
[PICKUP] R4 picked up tag (density=12) | Total: 85

======================================================================
Step 58000 (30.9 min) | Pickups: 85 | Deposits: 83 | Rate: 2.68 tags/min | phero_entries=0 max_w=0.000
======================================================================
R1[SITE      ]: carry=0 | base=1.11 | wall=5.16 | search=  0 | target=site(1.16,-1.51)
R2[RTB       ]: carry=1 | base=3.02 | wall=3.12 | search=  0 | target=none
R3[SEARCH    ]: carry=0 | base=3.74 | wall=2.81 | search=1257 | target=none
R4[SURVEY    ]: carry=1 | base=1.79 | wall=4.49 | search=  0 | target=none

[PICKUP] R1 picked up tag (density=6) | Total: 86

======================================================================
Step 58500 (31.2 min) | Pickups: 86 | Deposits: 83 | Rate: 2.66 tags/min | phero_entries=0 max_w=0.000
======================================================================
R1[SURVEY    ]: carry=1 | base=1.88 | wall=4.48 | search=  0 | target=none
R2[RTB       ]: carry=1 | base=1.10 | wall=4.95 | search=  0 | target=none
R3[SEARCH    ]: carry=0 | base=3.79 | wall=2.22 | search=1757 | target=none
R4[RTB       ]: carry=1 | base=0.72 | wall=5.41 | search=  0 | target=none

[DEPOSIT] R4 deposited! Total: 84
  [PHERO] Laid at (0.97, 1.51) density=12 prob=0.88 entries=1
  [TARGET] R4 → SITE (0.97, 1.51)
[DEPOSIT] R2 deposited! Total: 85
  [PHERO] Laid at (-3.37, -1.05) density=17 prob=0.99 entries=2
  [TARGET] R2 → SITE (-3.37, -1.05)
[PICKUP] R4 picked up tag (density=8) | Total: 87

======================================================================
Step 59000 (31.5 min) | Pickups: 87 | Deposits: 85 | Rate: 2.70 tags/min | phero_entries=2 max_w=0.411
======================================================================
R1[RTB       ]: carry=1 | base=0.38 | wall=5.71 | search=  0 | target=none
R2[SITE      ]: carry=0 | base=0.84 | wall=5.18 | search=  0 | target=site(-3.37,-1.05)
R3[SEARCH    ]: carry=0 | base=4.27 | wall=1.98 | search=2257 | target=none
R4[SURVEY    ]: carry=1 | base=0.63 | wall=5.53 | search=  0 | target=none

[DEPOSIT] R1 deposited! Total: 86
  [TARGET] R1 → SITE (1.11, -1.52)
[DEPOSIT] R4 deposited! Total: 87
  [TARGET] R4 → SITE (0.42, 0.47)

======================================================================
Step 59500 (31.7 min) | Pickups: 87 | Deposits: 87 | Rate: 2.74 tags/min | phero_entries=2 max_w=0.083
======================================================================
R1[SITE      ]: carry=0 | base=1.55 | wall=4.76 | search=  0 | target=site(1.11,-1.52)
R2[SITE      ]: carry=0 | base=2.76 | wall=3.36 | search=  0 | target=site(-3.37,-1.05)
R3[SEARCH    ]: carry=0 | base=5.28 | wall=1.59 | search=2757 | target=none
R4[SEARCH    ]: carry=0 | base=0.60 | wall=5.54 | search= 69 | target=site(0.42,0.47)

[PICKUP] R2 picked up tag (density=16) | Total: 88

======================================================================
Step 60000 (32.0 min) | Pickups: 88 | Deposits: 87 | Rate: 2.72 tags/min | phero_entries=2 max_w=0.017
======================================================================
R1[SEARCH    ]: carry=0 | base=0.85 | wall=5.38 | search=427 | target=site(1.11,-1.52)
R2[RTB       ]: carry=1 | base=2.46 | wall=3.66 | search=  0 | target=none
R3[SEARCH    ]: carry=0 | base=5.84 | wall=1.68 | search=3257 | target=none
R4[SEARCH    ]: carry=0 | base=1.50 | wall=4.54 | search=569 | target=site(0.42,0.47)


======================================================================
Step 60500 (32.3 min) | Pickups: 88 | Deposits: 87 | Rate: 2.70 tags/min | phero_entries=2 max_w=0.003
======================================================================
R1[SEARCH    ]: carry=0 | base=0.33 | wall=5.67 | search=927 | target=site(1.11,-1.52)
R2[RTB       ]: carry=1 | base=0.54 | wall=5.49 | search=  0 | target=none
R3[SEARCH    ]: carry=0 | base=5.88 | wall=0.67 | search=3757 | target=none
R4[GIVE_UP   ]: carry=0 | base=0.43 | wall=5.57 | search=624 | target=none

  [GIVE-UP] R4 returned empty after 624 searching steps
  [TARGET] R4 → PHERO (0.97, 1.51)
[DEPOSIT] R2 deposited! Total: 88
  [PHERO] Laid at (-2.93, -0.90) density=16 prob=0.99 entries=3
  [TARGET] R2 → SITE (-2.93, -0.90)
[PICKUP] R4 picked up tag (density=7) | Total: 89

======================================================================
Step 61000 (32.5 min) | Pickups: 89 | Deposits: 88 | Rate: 2.70 tags/min | phero_entries=1 max_w=0.257
======================================================================
R1[GIVE_UP   ]: carry=0 | base=1.84 | wall=4.42 | search=1404 | target=none
R2[SITE      ]: carry=0 | base=1.41 | wall=4.68 | search=  0 | target=site(-2.93,-0.90)
R3[GIVE_UP   ]: carry=0 | base=4.61 | wall=1.64 | search=3900 | target=none
R4[RTB       ]: carry=1 | base=0.70 | wall=5.48 | search=  0 | target=none

[PICKUP] R3 picked up tag (density=20) | Total: 90
[DEPOSIT] R4 deposited! Total: 89
  [PHERO] Laid at (0.51, 0.47) density=7 prob=0.32 entries=2
  [TARGET] R4 → SITE (0.51, 0.47)
  [GIVE-UP] R1 returned empty after 1404 searching steps
  [TARGET] R1 → PHERO (0.51, 0.47)

======================================================================
Step 61500 (32.8 min) | Pickups: 90 | Deposits: 89 | Rate: 2.71 tags/min | phero_entries=2 max_w=0.376
======================================================================
R1[BASE_ESC  ]: carry=0 | base=0.23 | wall=5.80 | search=  0 | target=phero(0.51,0.47)
R2[SEARCH    ]: carry=0 | base=3.05 | wall=3.08 | search= 80 | target=site(-2.93,-0.90)
R3[RTB       ]: carry=1 | base=4.00 | wall=2.19 | search=  0 | target=none
R4[SEARCH    ]: carry=0 | base=0.70 | wall=5.50 | search= 57 | target=site(0.51,0.47)


======================================================================
Step 62000 (33.1 min) | Pickups: 90 | Deposits: 89 | Rate: 2.69 tags/min | phero_entries=2 max_w=0.076
======================================================================
R1[SEARCH    ]: carry=0 | base=0.73 | wall=5.42 | search=113 | target=phero(0.51,0.47)
R2[SEARCH    ]: carry=0 | base=4.24 | wall=1.82 | search=580 | target=site(-2.93,-0.90)
R3[RTB       ]: carry=1 | base=2.10 | wall=3.99 | search=  0 | target=none
R4[SEARCH    ]: carry=0 | base=1.01 | wall=4.99 | search=557 | target=site(0.51,0.47)

[PICKUP] R1 picked up tag (density=6) | Total: 91
[DEPOSIT] R3 deposited! Total: 90
  [PHERO] Laid at (3.84, 1.32) density=20 prob=1.00 entries=3
  [TARGET] R3 → SITE (3.84, 1.32)

======================================================================
Step 62500 (33.3 min) | Pickups: 91 | Deposits: 90 | Rate: 2.70 tags/min | phero_entries=3 max_w=0.947
======================================================================
R1[RTB       ]: carry=1 | base=0.40 | wall=5.69 | search=  0 | target=none
R2[SEARCH    ]: carry=0 | base=5.74 | wall=0.52 | search=1080 | target=site(-2.93,-0.90)
R3[BASE_ESC  ]: carry=0 | base=0.23 | wall=5.78 | search=  0 | target=site(3.84,1.32)
R4[GIVE_UP   ]: carry=0 | base=0.99 | wall=5.07 | search=780 | target=none

[DEPOSIT] R1 deposited! Total: 91
  [TARGET] R1 → SITE (0.62, 0.66)
  [GIVE-UP] R4 returned empty after 780 searching steps
  [TARGET] R4 → PHERO (3.84, 1.32)

======================================================================
Step 63000 (33.6 min) | Pickups: 91 | Deposits: 91 | Rate: 2.71 tags/min | phero_entries=2 max_w=0.191
======================================================================
R1[SEARCH    ]: carry=0 | base=0.85 | wall=5.33 | search=169 | target=site(0.62,0.66)
R2[WALL_ESC  ]: carry=0 | base=6.23 | wall=0.34 | search=1580 | target=site(-2.93,-0.90)
R3[SITE      ]: carry=0 | base=1.76 | wall=4.32 | search=  0 | target=site(3.84,1.32)
R4[PHERO     ]: carry=0 | base=0.26 | wall=5.74 | search=  0 | target=phero(3.84,1.32)

[PICKUP] R3 picked up tag (density=18) | Total: 92

======================================================================
Step 63500 (33.9 min) | Pickups: 92 | Deposits: 91 | Rate: 2.69 tags/min | phero_entries=1 max_w=0.039
======================================================================
R1[SEARCH    ]: carry=0 | base=2.34 | wall=4.19 | search=669 | target=site(0.62,0.66)
R2[GIVE_UP   ]: carry=0 | base=5.37 | wall=1.07 | search=1872 | target=none
R3[SURVEY    ]: carry=1 | base=3.50 | wall=2.69 | search=  0 | target=none
R4[PHERO     ]: carry=0 | base=1.73 | wall=4.32 | search=  0 | target=phero(3.84,1.32)

[PICKUP] R2 picked up tag (density=15) | Total: 93
[PICKUP] R4 picked up tag (density=18) | Total: 94

======================================================================
Step 64000 (34.1 min) | Pickups: 94 | Deposits: 91 | Rate: 2.67 tags/min | phero_entries=1 max_w=0.008
======================================================================
R1[SEARCH    ]: carry=0 | base=3.65 | wall=2.51 | search=1169 | target=site(0.62,0.66)
R2[SURVEY    ]: carry=1 | base=3.57 | wall=2.72 | search=  0 | target=none
R3[RTB       ]: carry=1 | base=2.50 | wall=3.60 | search=  0 | target=none
R4[SURVEY    ]: carry=1 | base=3.54 | wall=2.65 | search=  0 | target=none


======================================================================
Step 64500 (34.4 min) | Pickups: 94 | Deposits: 91 | Rate: 2.65 tags/min | phero_entries=1 max_w=0.002
======================================================================
R1[SEARCH    ]: carry=0 | base=5.25 | wall=0.81 | search=1669 | target=site(0.62,0.66)
R2[RTB       ]: carry=1 | base=2.20 | wall=3.99 | search=  0 | target=none
R3[RTB       ]: carry=1 | base=0.58 | wall=5.45 | search=  0 | target=none
R4[RTB       ]: carry=1 | base=2.56 | wall=3.55 | search=  0 | target=none

[DEPOSIT] R3 deposited! Total: 92
  [PHERO] Laid at (3.31, 1.12) density=18 prob=1.00 entries=2
  [TARGET] R3 → SITE (3.31, 1.12)

======================================================================
Step 65000 (34.7 min) | Pickups: 94 | Deposits: 92 | Rate: 2.65 tags/min | phero_entries=1 max_w=0.266
======================================================================
R1[GIVE_UP   ]: carry=0 | base=4.02 | wall=2.01 | search=1716 | target=none
R2[RTB       ]: carry=1 | base=0.28 | wall=5.74 | search=  0 | target=none
R3[SITE      ]: carry=0 | base=1.33 | wall=4.71 | search=  0 | target=site(3.31,1.12)
R4[RTB       ]: carry=1 | base=0.64 | wall=5.39 | search=  0 | target=none

[DEPOSIT] R2 deposited! Total: 93
  [PHERO] Laid at (-3.28, -1.42) density=15 prob=0.98 entries=2
  [TARGET] R2 → SITE (-3.28, -1.42)
[DEPOSIT] R4 deposited! Total: 94
  [PHERO] Laid at (3.35, 1.11) density=18 prob=1.00 entries=3
  [TARGET] R4 → SITE (3.35, 1.11)
[PICKUP] R1 picked up tag (density=19) | Total: 95

======================================================================
Step 65500 (34.9 min) | Pickups: 95 | Deposits: 94 | Rate: 2.69 tags/min | phero_entries=3 max_w=0.281
======================================================================
R1[RTB       ]: carry=1 | base=3.03 | wall=3.00 | search=  0 | target=none
R2[SITE      ]: carry=0 | base=1.67 | wall=4.45 | search=  0 | target=site(-3.28,-1.42)
R3[SITE      ]: carry=0 | base=3.25 | wall=2.92 | search=  0 | target=site(3.31,1.12)
R4[SITE      ]: carry=0 | base=1.30 | wall=4.75 | search=  0 | target=site(3.35,1.11)

[PICKUP] R2 picked up tag (density=14) | Total: 96
[PICKUP] R3 picked up tag (density=16) | Total: 97

======================================================================
Step 66000 (35.2 min) | Pickups: 97 | Deposits: 94 | Rate: 2.67 tags/min | phero_entries=3 max_w=0.057
======================================================================
R1[RTB       ]: carry=1 | base=1.11 | wall=4.90 | search=  0 | target=none
R2[SURVEY    ]: carry=1 | base=3.09 | wall=3.16 | search=  0 | target=none
R3[SURVEY    ]: carry=1 | base=3.81 | wall=2.33 | search=  0 | target=none
R4[SITE      ]: carry=0 | base=3.21 | wall=2.95 | search=  0 | target=site(3.35,1.11)

[PICKUP] R4 picked up tag (density=16) | Total: 98
[DEPOSIT] R1 deposited! Total: 95
  [PHERO] Laid at (0.42, 3.55) density=19 prob=1.00 entries=4
  [TARGET] R1 → SITE (0.42, 3.55)
[PICKUP] R1 picked up tag (density=5) | Total: 99

======================================================================
Step 66500 (35.5 min) | Pickups: 99 | Deposits: 95 | Rate: 2.68 tags/min | phero_entries=4 max_w=0.413
======================================================================
R1[SURVEY    ]: carry=1 | base=0.68 | wall=5.34 | search=  0 | target=none
R2[RTB       ]: carry=1 | base=1.63 | wall=4.51 | search=  0 | target=none
R3[RTB       ]: carry=1 | base=2.77 | wall=3.30 | search=  0 | target=none
R4[RTB       ]: carry=1 | base=3.43 | wall=2.73 | search=  0 | target=none

[DEPOSIT] R1 deposited! Total: 96
  [TARGET] R1 → SITE (0.18, 0.66)
[DEPOSIT] R2 deposited! Total: 97
  [PHERO] Laid at (-2.84, -1.21) density=14 prob=0.96 entries=4
  [TARGET] R2 → SITE (-2.84, -1.21)

======================================================================
Step 67000 (35.7 min) | Pickups: 99 | Deposits: 97 | Rate: 2.71 tags/min | phero_entries=4 max_w=0.639
======================================================================
R1[SITE      ]: carry=0 | base=0.46 | wall=5.60 | search=  0 | target=site(0.18,0.66)
R2[SITE      ]: carry=0 | base=0.33 | wall=5.74 | search=  0 | target=site(-2.84,-1.21)
R3[RTB       ]: carry=1 | base=0.85 | wall=5.17 | search=  0 | target=none
R4[RTB       ]: carry=1 | base=1.51 | wall=4.56 | search=  0 | target=none

[DEPOSIT] R3 deposited! Total: 98
  [PHERO] Laid at (3.67, 1.00) density=16 prob=0.99 entries=5
  [TARGET] R3 → SITE (3.67, 1.00)
[DEPOSIT] R4 deposited! Total: 99
  [PHERO] Laid at (3.37, 1.18) density=16 prob=0.99 entries=4
  [TARGET] R4 → SITE (3.37, 1.18)

======================================================================
Step 67500 (36.0 min) | Pickups: 99 | Deposits: 99 | Rate: 2.75 tags/min | phero_entries=4 max_w=0.579
======================================================================
R1[SEARCH    ]: carry=0 | base=1.06 | wall=5.00 | search=445 | target=site(0.18,0.66)
R2[SITE      ]: carry=0 | base=2.23 | wall=3.96 | search=  0 | target=site(-2.84,-1.21)
R3[SITE      ]: carry=0 | base=1.10 | wall=4.92 | search=  0 | target=site(3.67,1.00)
R4[SITE      ]: carry=0 | base=0.43 | wall=5.63 | search=  0 | target=site(3.37,1.18)

[PICKUP] R2 picked up tag (density=13) | Total: 100

======================================================================
Step 68000 (36.3 min) | Pickups: 100 | Deposits: 99 | Rate: 2.73 tags/min | phero_entries=4 max_w=0.117
======================================================================
R1[SEARCH    ]: carry=0 | base=2.41 | wall=3.68 | search=945 | target=site(0.18,0.66)
R2[RTB       ]: carry=1 | base=3.02 | wall=3.23 | search=  0 | target=none
R3[SITE      ]: carry=0 | base=3.01 | wall=3.09 | search=  0 | target=site(3.67,1.00)
R4[SITE      ]: carry=0 | base=2.34 | wall=3.80 | search=  0 | target=site(3.37,1.18)

[PICKUP] R3 picked up tag (density=15) | Total: 101

======================================================================
Step 68500 (36.5 min) | Pickups: 101 | Deposits: 99 | Rate: 2.71 tags/min | phero_entries=3 max_w=0.024
======================================================================
R1[SEARCH    ]: carry=0 | base=3.73 | wall=2.79 | search=1445 | target=site(0.18,0.66)
R2[RTB       ]: carry=1 | base=1.11 | wall=4.99 | search=  0 | target=none
R3[SURVEY    ]: carry=1 | base=3.89 | wall=2.26 | search=  0 | target=none
R4[SEARCH    ]: carry=0 | base=3.45 | wall=2.71 | search=193 | target=site(3.37,1.18)

[PICKUP] R4 picked up tag (density=14) | Total: 102
[DEPOSIT] R2 deposited! Total: 100
  [PHERO] Laid at (-2.85, -1.23) density=13 prob=0.93 entries=4
  [TARGET] R2 → SITE (-2.85, -1.23)
[PICKUP] R1 picked up tag (density=20) | Total: 103

======================================================================
Step 69000 (36.8 min) | Pickups: 103 | Deposits: 100 | Rate: 2.72 tags/min | phero_entries=4 max_w=0.412
======================================================================
R1[SURVEY    ]: carry=1 | base=3.48 | wall=3.21 | search=  0 | target=none
R2[SITE      ]: carry=0 | base=0.82 | wall=5.28 | search=  0 | target=site(-2.85,-1.23)
R3[RTB       ]: carry=1 | base=2.39 | wall=3.68 | search=  0 | target=none
R4[RTB       ]: carry=1 | base=3.16 | wall=2.93 | search=  0 | target=none


======================================================================
Step 69500 (37.1 min) | Pickups: 103 | Deposits: 100 | Rate: 2.70 tags/min | phero_entries=1 max_w=0.083
======================================================================
R1[RTB       ]: carry=1 | base=2.20 | wall=4.20 | search=  0 | target=none
R2[SITE      ]: carry=0 | base=2.74 | wall=3.49 | search=  0 | target=site(-2.85,-1.23)
R3[RTB       ]: carry=1 | base=0.47 | wall=5.54 | search=  0 | target=none
R4[RTB       ]: carry=1 | base=1.24 | wall=4.80 | search=  0 | target=none

[DEPOSIT] R3 deposited! Total: 101
  [PHERO] Laid at (3.74, 1.07) density=15 prob=0.98 entries=2
  [TARGET] R3 → SITE (3.74, 1.07)
[DEPOSIT] R4 deposited! Total: 102
  [PHERO] Laid at (3.49, 1.00) density=14 prob=0.96 entries=3
  [TARGET] R4 → SITE (3.49, 1.00)

======================================================================
Step 70000 (37.3 min) | Pickups: 103 | Deposits: 102 | Rate: 2.73 tags/min | phero_entries=3 max_w=0.462
======================================================================
R1[RTB       ]: carry=1 | base=0.28 | wall=5.77 | search=  0 | target=none
R2[SEARCH    ]: carry=0 | base=2.80 | wall=3.23 | search=419 | target=site(-2.85,-1.23)
R3[SITE      ]: carry=0 | base=1.48 | wall=4.60 | search=  0 | target=site(3.74,1.07)
R4[SITE      ]: carry=0 | base=0.70 | wall=5.30 | search=  0 | target=site(3.49,1.00)

[DEPOSIT] R1 deposited! Total: 103
  [PHERO] Laid at (2.79, -2.09) density=20 prob=1.00 entries=4
  [TARGET] R1 → SITE (2.79, -2.09)
[PICKUP] R1 picked up tag (density=11) | Total: 104

======================================================================
Step 70500 (37.6 min) | Pickups: 104 | Deposits: 103 | Rate: 2.74 tags/min | phero_entries=4 max_w=0.206
======================================================================
R1[SURVEY    ]: carry=1 | base=1.03 | wall=5.22 | search=  0 | target=none
R2[SEARCH    ]: carry=0 | base=4.10 | wall=1.96 | search=919 | target=site(-2.85,-1.23)
R3[SITE      ]: carry=0 | base=3.39 | wall=2.74 | search=  0 | target=site(3.74,1.07)
R4[SITE      ]: carry=0 | base=2.62 | wall=3.48 | search=  0 | target=site(3.49,1.00)

[PICKUP] R2 picked up tag (density=22) | Total: 105
[DEPOSIT] R1 deposited! Total: 104
  [PHERO] Laid at (0.77, -0.67) density=11 prob=0.80 entries=5
  [TARGET] R1 → SITE (0.77, -0.67)

======================================================================
Step 71000 (37.9 min) | Pickups: 105 | Deposits: 104 | Rate: 2.75 tags/min | phero_entries=4 max_w=0.539
======================================================================
R1[SITE      ]: carry=0 | base=0.50 | wall=5.56 | search=  0 | target=site(0.77,-0.67)
R2[RTB       ]: carry=1 | base=4.14 | wall=1.93 | search=  0 | target=none
R3[GIVE_UP   ]: carry=0 | base=3.28 | wall=2.80 | search=156 | target=none
R4[SEARCH    ]: carry=0 | base=3.50 | wall=2.62 | search=249 | target=site(3.49,1.00)


======================================================================
Step 71500 (38.1 min) | Pickups: 105 | Deposits: 104 | Rate: 2.73 tags/min | phero_entries=4 max_w=0.109
======================================================================
R1[SEARCH    ]: carry=0 | base=1.14 | wall=5.02 | search=372 | target=site(0.77,-0.67)
R2[RTB       ]: carry=1 | base=2.22 | wall=3.82 | search=  0 | target=none
R3[GIVE_UP   ]: carry=0 | base=1.36 | wall=4.67 | search=156 | target=none
R4[SEARCH    ]: carry=0 | base=4.58 | wall=1.43 | search=749 | target=site(3.49,1.00)

[PICKUP] R4 picked up tag (density=22) | Total: 106
  [GIVE-UP] R3 returned empty after 156 searching steps
  [TARGET] R3 → PHERO (0.77, -0.67)

======================================================================
Step 72000 (38.4 min) | Pickups: 106 | Deposits: 104 | Rate: 2.71 tags/min | phero_entries=2 max_w=0.022
======================================================================
R1[SEARCH    ]: carry=0 | base=2.76 | wall=3.38 | search=872 | target=site(0.77,-0.67)
R2[RTB       ]: carry=1 | base=0.30 | wall=5.71 | search=  0 | target=none
R3[PHERO     ]: carry=0 | base=0.38 | wall=5.62 | search=  0 | target=phero(0.77,-0.67)
R4[RTB       ]: carry=1 | base=4.13 | wall=1.89 | search=  0 | target=none

[DEPOSIT] R2 deposited! Total: 105
  [PHERO] Laid at (-4.49, 0.81) density=22 prob=1.00 entries=3
  [TARGET] R2 → SITE (-4.49, 0.81)
[PICKUP] R3 picked up tag (density=10) | Total: 107
[PICKUP] R1 picked up tag (density=19) | Total: 108

======================================================================
Step 72500 (38.7 min) | Pickups: 108 | Deposits: 105 | Rate: 2.72 tags/min | phero_entries=2 max_w=0.210
======================================================================
R1[SURVEY    ]: carry=1 | base=3.16 | wall=3.73 | search=  0 | target=none
R2[SITE      ]: carry=0 | base=1.64 | wall=4.40 | search=  0 | target=site(-4.49,0.81)
R3[RTB       ]: carry=1 | base=1.04 | wall=5.18 | search=  0 | target=none
R4[RTB       ]: carry=1 | base=2.21 | wall=3.80 | search=  0 | target=none

[DEPOSIT] R3 deposited! Total: 106
  [PHERO] Laid at (0.80, -0.68) density=10 prob=0.71 entries=3
  [TARGET] R3 → SITE (0.80, -0.68)

======================================================================
Step 73000 (38.9 min) | Pickups: 108 | Deposits: 106 | Rate: 2.72 tags/min | phero_entries=2 max_w=0.412
======================================================================
R1[RTB       ]: carry=1 | base=2.03 | wall=4.49 | search=  0 | target=none
R2[SITE      ]: carry=0 | base=3.56 | wall=2.50 | search=  0 | target=site(-4.49,0.81)
R3[SITE      ]: carry=0 | base=0.81 | wall=5.35 | search=  0 | target=site(0.80,-0.68)
R4[RTB       ]: carry=1 | base=0.29 | wall=5.72 | search=  0 | target=none

[DEPOSIT] R4 deposited! Total: 107
  [PHERO] Laid at (4.54, -0.53) density=22 prob=1.00 entries=3
  [TARGET] R4 → SITE (4.54, -0.53)
[PICKUP] R2 picked up tag (density=21) | Total: 109
[DEPOSIT] R1 deposited! Total: 108
  [PHERO] Laid at (2.26, -2.20) density=19 prob=1.00 entries=4
  [TARGET] R1 → SITE (2.26, -2.20)

======================================================================
Step 73500 (39.2 min) | Pickups: 109 | Deposits: 108 | Rate: 2.76 tags/min | phero_entries=4 max_w=0.891
======================================================================
R1[BASE_ESC  ]: carry=0 | base=0.22 | wall=5.83 | search=  0 | target=site(2.26,-2.20)
R2[SURVEY    ]: carry=1 | base=4.54 | wall=1.55 | search=  0 | target=none
R3[SEARCH    ]: carry=0 | base=0.42 | wall=5.63 | search=450 | target=site(0.80,-0.68)
R4[SITE      ]: carry=0 | base=1.66 | wall=4.35 | search=  0 | target=site(4.54,-0.53)

[PICKUP] R1 picked up tag (density=9) | Total: 110

======================================================================
Step 74000 (39.5 min) | Pickups: 110 | Deposits: 108 | Rate: 2.74 tags/min | phero_entries=4 max_w=0.180
======================================================================
R1[RTB       ]: carry=1 | base=1.13 | wall=5.14 | search=  0 | target=none
R2[RTB       ]: carry=1 | base=3.00 | wall=3.06 | search=  0 | target=none
R3[SEARCH    ]: carry=0 | base=2.03 | wall=4.20 | search=950 | target=site(0.80,-0.68)
R4[SITE      ]: carry=0 | base=3.57 | wall=2.45 | search=  0 | target=site(4.54,-0.53)

[DEPOSIT] R1 deposited! Total: 109
  [TARGET] R1 → SITE (0.86, -0.72)

======================================================================
Step 74500 (39.7 min) | Pickups: 110 | Deposits: 109 | Rate: 2.74 tags/min | phero_entries=3 max_w=0.036
======================================================================
R1[SITE      ]: carry=0 | base=0.47 | wall=5.58 | search=  0 | target=site(0.86,-0.72)
R2[RTB       ]: carry=1 | base=1.08 | wall=4.94 | search=  0 | target=none
R3[SEARCH    ]: carry=0 | base=3.75 | wall=2.73 | search=1450 | target=site(0.80,-0.68)
R4[SEARCH    ]: carry=0 | base=4.81 | wall=1.19 | search=253 | target=site(4.54,-0.53)

[DEPOSIT] R2 deposited! Total: 110
  [PHERO] Laid at (-4.45, 0.91) density=21 prob=1.00 entries=4
  [TARGET] R2 → SITE (-4.45, 0.91)
[PICKUP] R1 picked up tag (density=8) | Total: 111

======================================================================
Step 75000 (40.0 min) | Pickups: 111 | Deposits: 110 | Rate: 2.75 tags/min | phero_entries=3 max_w=0.404
======================================================================
R1[RTB       ]: carry=1 | base=1.13 | wall=5.08 | search=  0 | target=none
R2[SITE      ]: carry=0 | base=0.87 | wall=5.17 | search=  0 | target=site(-4.45,0.91)
R3[SEARCH    ]: carry=0 | base=5.24 | wall=1.13 | search=1950 | target=site(0.80,-0.68)
R4[SEARCH    ]: carry=0 | base=5.65 | wall=0.39 | search=753 | target=site(4.54,-0.53)

[DEPOSIT] R1 deposited! Total: 111
  [PHERO] Laid at (0.90, -0.70) density=8 prob=0.46 entries=3
  [TARGET] R1 → SITE (0.90, -0.70)

======================================================================
Step 75500 (40.3 min) | Pickups: 111 | Deposits: 111 | Rate: 2.76 tags/min | phero_entries=3 max_w=0.441
======================================================================
R1[SITE      ]: carry=0 | base=0.74 | wall=5.38 | search=  0 | target=site(0.90,-0.70)
R2[SITE      ]: carry=0 | base=2.79 | wall=3.28 | search=  0 | target=site(-4.45,0.91)
R3[WALL_ESC  ]: carry=0 | base=5.77 | wall=0.34 | search=2450 | target=site(0.80,-0.68)
R4[SEARCH    ]: carry=0 | base=5.65 | wall=0.39 | search=1253 | target=site(4.54,-0.53)

[PICKUP] R1 picked up tag (density=7) | Total: 112

======================================================================
Step 76000 (40.5 min) | Pickups: 112 | Deposits: 111 | Rate: 2.74 tags/min | phero_entries=2 max_w=0.089
======================================================================
R1[RTB       ]: carry=1 | base=1.03 | wall=5.14 | search=  0 | target=none
R2[SEARCH    ]: carry=0 | base=4.55 | wall=1.54 | search= 57 | target=site(-4.45,0.91)
R3[WALL_ESC  ]: carry=0 | base=5.77 | wall=0.34 | search=2950 | target=site(0.80,-0.68)
R4[SEARCH    ]: carry=0 | base=5.65 | wall=0.39 | search=1753 | target=site(4.54,-0.53)

[DEPOSIT] R1 deposited! Total: 112
  [PHERO] Laid at (0.95, -0.75) density=7 prob=0.32 entries=3
  [TARGET] R1 → SITE (0.95, -0.75)

======================================================================
Step 76500 (40.8 min) | Pickups: 112 | Deposits: 112 | Rate: 2.75 tags/min | phero_entries=3 max_w=0.389
======================================================================
R1[SITE      ]: carry=0 | base=0.89 | wall=5.27 | search=  0 | target=site(0.95,-0.75)
R2[GIVE_UP   ]: carry=0 | base=2.92 | wall=3.13 | search=156 | target=none
R3[WALL_ESC  ]: carry=0 | base=5.77 | wall=0.34 | search=3432 | target=none
R4[SEARCH    ]: carry=0 | base=5.65 | wall=0.38 | search=2253 | target=site(4.54,-0.53)

[PICKUP] R1 picked up tag (density=6) | Total: 113

======================================================================
Step 77000 (41.1 min) | Pickups: 113 | Deposits: 112 | Rate: 2.73 tags/min | phero_entries=2 max_w=0.079
======================================================================
R1[RTB       ]: carry=1 | base=1.07 | wall=5.09 | search=  0 | target=none
R2[GIVE_UP   ]: carry=0 | base=1.00 | wall=5.02 | search=156 | target=none
R3[GIVE_UP   ]: carry=0 | base=4.07 | wall=2.00 | search=3432 | target=none
R4[SEARCH    ]: carry=0 | base=5.65 | wall=0.38 | search=2753 | target=site(4.54,-0.53)

  [GIVE-UP] R2 returned empty after 156 searching steps
  [TARGET] R2 → PHERO (0.90, -0.70)
[DEPOSIT] R1 deposited! Total: 113
  [PHERO] Laid at (1.05, -0.78) density=6 prob=0.21 entries=3
  [TARGET] R1 → SITE (1.05, -0.78)

======================================================================
Step 77500 (41.3 min) | Pickups: 113 | Deposits: 113 | Rate: 2.73 tags/min | phero_entries=2 max_w=0.402
======================================================================
R1[SITE      ]: carry=0 | base=0.85 | wall=5.28 | search=  0 | target=site(1.05,-0.78)
R2[PHERO     ]: carry=0 | base=0.31 | wall=5.69 | search=  0 | target=phero(0.90,-0.70)
R3[GIVE_UP   ]: carry=0 | base=2.15 | wall=3.89 | search=3432 | target=none
R4[SEARCH    ]: carry=0 | base=5.66 | wall=0.37 | search=3253 | target=site(4.54,-0.53)

[PICKUP] R1 picked up tag (density=5) | Total: 114
[PICKUP] R2 picked up tag (density=4) | Total: 115
  [GIVE-UP] R3 returned empty after 3432 searching steps
  [TARGET] R3 → PHERO (1.05, -0.78)

======================================================================
Step 78000 (41.6 min) | Pickups: 115 | Deposits: 113 | Rate: 2.72 tags/min | phero_entries=2 max_w=0.081
======================================================================
R1[RTB       ]: carry=1 | base=0.50 | wall=5.56 | search=  0 | target=none
R2[SURVEY    ]: carry=1 | base=1.19 | wall=5.04 | search=  0 | target=none
R3[BASE_ESC  ]: carry=0 | base=0.24 | wall=5.77 | search=  0 | target=phero(1.05,-0.78)
R4[GIVE_UP   ]: carry=0 | base=4.51 | wall=1.51 | search=3432 | target=none

[DEPOSIT] R1 deposited! Total: 114
  [TARGET] R1 → SITE (0.89, -0.62)
[DEPOSIT] R2 deposited! Total: 115
  [TARGET] R2 → PHERO (1.05, -0.78)

======================================================================
Step 78500 (41.9 min) | Pickups: 115 | Deposits: 115 | Rate: 2.75 tags/min | phero_entries=1 max_w=0.016
======================================================================
R1[SEARCH    ]: carry=0 | base=1.12 | wall=5.06 | search= 80 | target=site(0.89,-0.62)
R2[PHERO     ]: carry=0 | base=0.27 | wall=5.74 | search=  0 | target=phero(1.05,-0.78)
R3[PHERO     ]: carry=0 | base=0.65 | wall=5.50 | search=  0 | target=phero(1.05,-0.78)
R4[GIVE_UP   ]: carry=0 | base=2.59 | wall=3.42 | search=3432 | target=none

[PICKUP] R1 picked up tag (density=3) | Total: 116

======================================================================
Step 79000 (42.1 min) | Pickups: 116 | Deposits: 115 | Rate: 2.73 tags/min | phero_entries=1 max_w=0.003
======================================================================
R1[RTB       ]: carry=1 | base=0.36 | wall=5.67 | search=  0 | target=none
R2[SEARCH    ]: carry=0 | base=1.15 | wall=5.11 | search=225 | target=phero(1.05,-0.78)
R3[SEARCH    ]: carry=0 | base=1.56 | wall=4.76 | search=333 | target=phero(1.05,-0.78)
R4[GIVE_UP   ]: carry=0 | base=0.67 | wall=5.33 | search=3432 | target=none

[DEPOSIT] R1 deposited! Total: 116
  [TARGET] R1 → SITE (0.95, -0.60)
  [GIVE-UP] R4 returned empty after 3432 searching steps
  [TARGET] R4 → PHERO (1.05, -0.78)
[PICKUP] R2 picked up tag (density=5) | Total: 117
[PICKUP] R1 picked up tag (density=2) | Total: 118

======================================================================
Step 79500 (42.4 min) | Pickups: 118 | Deposits: 116 | Rate: 2.74 tags/min | phero_entries=0 max_w=0.000
======================================================================
R1[SURVEY    ]: carry=1 | base=1.17 | wall=4.99 | search=  0 | target=none
R2[RTB       ]: carry=1 | base=1.95 | wall=4.41 | search=  0 | target=none
R3[GIVE_UP   ]: carry=0 | base=1.20 | wall=5.03 | search=468 | target=none
R4[PHERO     ]: carry=0 | base=1.13 | wall=5.09 | search=  0 | target=phero(1.05,-0.78)

  [GIVE-UP] R3 returned empty after 468 searching steps
  [TARGET] R3 → WALL (-5.92, 2.28)
[DEPOSIT] R1 deposited! Total: 117
  [TARGET] R1 → WALL (-5.92, -1.00)

======================================================================
Step 80000 (42.7 min) | Pickups: 118 | Deposits: 117 | Rate: 2.74 tags/min | phero_entries=0 max_w=0.000
======================================================================
R1[BASE_ESC  ]: carry=0 | base=0.22 | wall=5.79 | search=  0 | target=none
R2[RTB       ]: carry=1 | base=0.42 | wall=5.65 | search=  0 | target=none
R3[BASE_ESC  ]: carry=0 | base=0.25 | wall=5.76 | search=  0 | target=none
R4[SEARCH    ]: carry=0 | base=0.76 | wall=5.25 | search=447 | target=phero(1.05,-0.78)

[DEPOSIT] R2 deposited! Total: 118
  [TARGET] R2 → SITE (1.13, -1.59)

======================================================================
Step 80500 (42.9 min) | Pickups: 118 | Deposits: 118 | Rate: 2.75 tags/min | phero_entries=0 max_w=0.000
======================================================================
R1[DEPART    ]: carry=0 | base=0.25 | wall=5.78 | search=  0 | target=none
R2[SITE      ]: carry=0 | base=1.52 | wall=4.74 | search=  0 | target=site(1.13,-1.59)
R3[SEARCH    ]: carry=0 | base=1.57 | wall=4.52 | search=126 | target=none
R4[GIVE_UP   ]: carry=0 | base=2.19 | wall=4.07 | search=936 | target=none

[PICKUP] R2 picked up tag (density=4) | Total: 119

======================================================================
Step 81000 (43.2 min) | Pickups: 119 | Deposits: 118 | Rate: 2.73 tags/min | phero_entries=0 max_w=0.000
======================================================================
R1[SEARCH    ]: carry=0 | base=1.70 | wall=4.72 | search=459 | target=none
R2[RTB       ]: carry=1 | base=1.81 | wall=4.57 | search=  0 | target=none
R3[GIVE_UP   ]: carry=0 | base=3.32 | wall=2.92 | search=624 | target=none
R4[GIVE_UP   ]: carry=0 | base=0.54 | wall=5.51 | search=936 | target=none

  [GIVE-UP] R4 returned empty after 936 searching steps
  [TARGET] R4 → WALL (-5.92, 4.90)
[DEPOSIT] R2 deposited! Total: 119
  [TARGET] R2 → SITE (1.10, -1.59)

======================================================================
Step 81500 (43.5 min) | Pickups: 119 | Deposits: 119 | Rate: 2.74 tags/min | phero_entries=0 max_w=0.000
======================================================================
R1[SEARCH    ]: carry=0 | base=3.36 | wall=3.03 | search=959 | target=none
R2[BASE_ESC  ]: carry=0 | base=0.22 | wall=5.80 | search=  0 | target=site(1.10,-1.59)
R3[GIVE_UP   ]: carry=0 | base=1.80 | wall=4.30 | search=624 | target=none
R4[SEARCH    ]: carry=0 | base=0.69 | wall=5.38 | search=158 | target=none

  [GIVE-UP] R3 returned empty after 624 searching steps
  [TARGET] R3 → WALL (5.00, 5.92)

======================================================================
Step 82000 (43.7 min) | Pickups: 119 | Deposits: 119 | Rate: 2.72 tags/min | phero_entries=0 max_w=0.000
======================================================================
R1[GIVE_UP   ]: carry=0 | base=2.72 | wall=3.52 | search=1092 | target=none
R2[SEARCH    ]: carry=0 | base=1.92 | wall=4.41 | search= 46 | target=site(1.10,-1.59)
R3[BASE_ESC  ]: carry=0 | base=0.23 | wall=5.80 | search=  0 | target=none
R4[SEARCH    ]: carry=0 | base=1.92 | wall=4.08 | search=658 | target=none

[PICKUP] R2 picked up tag (density=3) | Total: 120
[PICKUP] R3 picked up tag (density=4) | Total: 121

======================================================================
Step 82500 (44.0 min) | Pickups: 121 | Deposits: 119 | Rate: 2.70 tags/min | phero_entries=0 max_w=0.000
======================================================================
R1[GIVE_UP   ]: carry=0 | base=0.80 | wall=5.27 | search=1092 | target=none
R2[RTB       ]: carry=1 | base=1.78 | wall=4.50 | search=  0 | target=none
R3[RTB       ]: carry=1 | base=0.56 | wall=5.48 | search=  0 | target=none
R4[SEARCH    ]: carry=0 | base=3.15 | wall=3.08 | search=1158 | target=none

[DEPOSIT] R3 deposited! Total: 120
  [TARGET] R3 → SITE (0.19, 0.70)
  [GIVE-UP] R1 returned empty after 1092 searching steps
  [TARGET] R1 → WALL (-5.92, -1.37)
[DEPOSIT] R2 deposited! Total: 121
  [TARGET] R2 → SITE (0.95, -1.66)
[PICKUP] R4 picked up tag (density=11) | Total: 122

======================================================================
Step 83000 (44.3 min) | Pickups: 122 | Deposits: 121 | Rate: 2.73 tags/min | phero_entries=0 max_w=0.000
======================================================================
R1[SEARCH    ]: carry=0 | base=0.95 | wall=5.05 | search= 89 | target=none
R2[BASE_ESC  ]: carry=0 | base=0.23 | wall=5.78 | search=  0 | target=site(0.95,-1.66)
R3[SEARCH    ]: carry=0 | base=0.76 | wall=5.24 | search=163 | target=site(0.19,0.70)
R4[SURVEY    ]: carry=1 | base=2.23 | wall=4.05 | search=  0 | target=none

  [GIVE-UP] R1 returned empty after 156 searching steps
  [TARGET] R1 → WALL (-5.30, 5.92)

======================================================================
Step 83500 (44.5 min) | Pickups: 122 | Deposits: 121 | Rate: 2.72 tags/min | phero_entries=0 max_w=0.000
======================================================================
R1[BASE_ESC  ]: carry=0 | base=0.22 | wall=5.79 | search=  0 | target=none
R2[SEARCH    ]: carry=0 | base=1.90 | wall=4.33 | search= 60 | target=site(0.95,-1.66)
R3[GIVE_UP   ]: carry=0 | base=0.54 | wall=5.46 | search=468 | target=none
R4[RTB       ]: carry=1 | base=1.10 | wall=5.06 | search=  0 | target=none

  [GIVE-UP] R3 returned empty after 468 searching steps
  [TARGET] R3 → WALL (-1.67, -5.92)
[DEPOSIT] R4 deposited! Total: 122
  [PHERO] Laid at (1.08, 1.95) density=11 prob=0.80 entries=1
  [TARGET] R4 → SITE (1.08, 1.95)
[PICKUP] R4 picked up tag (density=3) | Total: 123

======================================================================
Step 84000 (44.8 min) | Pickups: 123 | Deposits: 122 | Rate: 2.72 tags/min | phero_entries=1 max_w=0.411
======================================================================
R1[SEARCH    ]: carry=0 | base=1.54 | wall=4.90 | search=306 | target=none
R2[GIVE_UP   ]: carry=0 | base=0.85 | wall=5.22 | search=156 | target=none
R3[DEPART    ]: carry=0 | base=1.26 | wall=4.87 | search=  0 | target=none
R4[SURVEY    ]: carry=1 | base=0.69 | wall=5.37 | search=  0 | target=none

  [GIVE-UP] R2 returned empty after 156 searching steps
  [TARGET] R2 → PHERO (1.08, 1.95)
[DEPOSIT] R4 deposited! Total: 123
  [TARGET] R4 → SITE (0.27, 0.63)

======================================================================
Step 84500 (45.1 min) | Pickups: 123 | Deposits: 123 | Rate: 2.73 tags/min | phero_entries=1 max_w=0.083
======================================================================
R1[SEARCH    ]: carry=0 | base=2.96 | wall=3.30 | search=806 | target=none
R2[PHERO     ]: carry=0 | base=0.61 | wall=5.52 | search=  0 | target=phero(1.08,1.95)
R3[SEARCH    ]: carry=0 | base=2.96 | wall=3.10 | search=188 | target=none
R4[SITE      ]: carry=0 | base=0.49 | wall=5.59 | search=  0 | target=site(0.27,0.63)

[PICKUP] R2 picked up tag (density=2) | Total: 124
[PICKUP] R3 picked up tag (density=7) | Total: 125
[PICKUP] R4 picked up tag (density=1) | Total: 126

======================================================================
Step 85000 (45.3 min) | Pickups: 126 | Deposits: 123 | Rate: 2.71 tags/min | phero_entries=1 max_w=0.017
======================================================================
R1[SEARCH    ]: carry=0 | base=4.49 | wall=1.58 | search=1306 | target=none
R2[RTB       ]: carry=1 | base=0.33 | wall=5.75 | search=  0 | target=none
R3[RTB       ]: carry=1 | base=3.77 | wall=2.31 | search=  0 | target=none
R4[SURVEY    ]: carry=1 | base=0.80 | wall=5.35 | search=  0 | target=none

[DEPOSIT] R2 deposited! Total: 124
  [TARGET] R2 → SITE (0.60, 0.68)
[PICKUP] R1 picked up tag (density=20) | Total: 127
[DEPOSIT] R4 deposited! Total: 125
  [TARGET] R4 → PHERO (1.08, 1.95)

======================================================================
Step 85500 (45.6 min) | Pickups: 127 | Deposits: 125 | Rate: 2.74 tags/min | phero_entries=1 max_w=0.003
======================================================================
R1[RTB       ]: carry=1 | base=3.71 | wall=2.34 | search=  0 | target=none
R2[SEARCH    ]: carry=0 | base=0.72 | wall=5.41 | search=184 | target=site(0.60,0.68)
R3[RTB       ]: carry=1 | base=1.92 | wall=4.12 | search=  0 | target=none
R4[PHERO     ]: carry=0 | base=0.72 | wall=5.46 | search=  0 | target=phero(1.08,1.95)

[PICKUP] R4 picked up tag (density=10) | Total: 128
[DEPOSIT] R3 deposited! Total: 126
  [TARGET] R3 → SITE (-0.78, -3.70)

======================================================================
Step 86000 (45.9 min) | Pickups: 128 | Deposits: 126 | Rate: 2.75 tags/min | phero_entries=0 max_w=0.000
======================================================================
R1[RTB       ]: carry=1 | base=1.79 | wall=4.23 | search=  0 | target=none
R2[SEARCH    ]: carry=0 | base=1.18 | wall=4.83 | search=684 | target=site(0.60,0.68)
R3[BASE_ESC  ]: carry=0 | base=0.22 | wall=5.78 | search=  0 | target=site(-0.78,-3.70)
R4[RTB       ]: carry=1 | base=1.75 | wall=4.50 | search=  0 | target=none

[DEPOSIT] R1 deposited! Total: 127
  [PHERO] Laid at (-4.50, 0.76) density=20 prob=1.00 entries=1
  [TARGET] R1 → SITE (-4.50, 0.76)
[DEPOSIT] R4 deposited! Total: 128
  [PHERO] Laid at (0.89, 1.51) density=10 prob=0.71 entries=2
  [TARGET] R4 → SITE (0.89, 1.51)

======================================================================
Step 86500 (46.1 min) | Pickups: 128 | Deposits: 128 | Rate: 2.77 tags/min | phero_entries=2 max_w=0.772
======================================================================
R1[BASE_ESC  ]: carry=0 | base=0.23 | wall=5.77 | search=  0 | target=site(-4.50,0.76)
R2[SEARCH    ]: carry=0 | base=2.68 | wall=3.42 | search=1184 | target=site(0.60,0.68)
R3[SITE      ]: carry=0 | base=1.95 | wall=4.08 | search=  0 | target=site(-0.78,-3.70)
R4[BASE_ESC  ]: carry=0 | base=0.22 | wall=5.84 | search=  0 | target=site(0.89,1.51)


======================================================================
Step 87000 (46.4 min) | Pickups: 128 | Deposits: 128 | Rate: 2.76 tags/min | phero_entries=2 max_w=0.156
======================================================================
R1[SITE      ]: carry=0 | base=2.07 | wall=3.95 | search=  0 | target=site(-4.50,0.76)
R2[SEARCH    ]: carry=0 | base=4.43 | wall=1.66 | search=1684 | target=site(0.60,0.68)
R3[SEARCH    ]: carry=0 | base=3.79 | wall=2.30 | search= 36 | target=site(-0.78,-3.70)
R4[SEARCH    ]: carry=0 | base=1.74 | wall=4.52 | search= 78 | target=site(0.89,1.51)

[PICKUP] R3 picked up tag (density=6) | Total: 129

======================================================================
Step 87500 (46.7 min) | Pickups: 129 | Deposits: 128 | Rate: 2.74 tags/min | phero_entries=2 max_w=0.031
======================================================================
R1[SITE      ]: carry=0 | base=3.99 | wall=2.07 | search=  0 | target=site(-4.50,0.76)
R2[GIVE_UP   ]: carry=0 | base=5.68 | wall=0.36 | search=2184 | target=none
R3[RTB       ]: carry=1 | base=3.06 | wall=2.99 | search=  0 | target=none
R4[SEARCH    ]: carry=0 | base=2.74 | wall=3.82 | search=578 | target=site(0.89,1.51)

[PICKUP] R2 picked up tag (density=5) | Total: 130

======================================================================
Step 88000 (46.9 min) | Pickups: 130 | Deposits: 128 | Rate: 2.73 tags/min | phero_entries=2 max_w=0.006
======================================================================
R1[GIVE_UP   ]: carry=0 | base=4.48 | wall=1.66 | search=312 | target=none
R2[SURVEY    ]: carry=1 | base=4.06 | wall=1.97 | search=  0 | target=none
R3[RTB       ]: carry=1 | base=1.14 | wall=4.88 | search=  0 | target=none
R4[GIVE_UP   ]: carry=0 | base=3.84 | wall=3.03 | search=936 | target=none

[DEPOSIT] R3 deposited! Total: 129
  [PHERO] Laid at (-0.78, -3.77) density=6 prob=0.21 entries=3
  [TARGET] R3 → SITE (-0.78, -3.77)

======================================================================
Step 88500 (47.2 min) | Pickups: 130 | Deposits: 129 | Rate: 2.73 tags/min | phero_entries=3 max_w=0.426
======================================================================
R1[GIVE_UP   ]: carry=0 | base=2.61 | wall=3.47 | search=312 | target=none
R2[RTB       ]: carry=1 | base=2.74 | wall=3.28 | search=  0 | target=none
R3[SITE      ]: carry=0 | base=0.79 | wall=5.21 | search=  0 | target=site(-0.78,-3.77)
R4[GIVE_UP   ]: carry=0 | base=1.92 | wall=4.51 | search=936 | target=none

  [GIVE-UP] R4 returned empty after 936 searching steps
  [TARGET] R4 → PHERO (-0.78, -3.77)

======================================================================
Step 89000 (47.5 min) | Pickups: 130 | Deposits: 129 | Rate: 2.72 tags/min | phero_entries=1 max_w=0.086
======================================================================
R1[GIVE_UP   ]: carry=0 | base=0.69 | wall=5.33 | search=312 | target=none
R2[RTB       ]: carry=1 | base=0.82 | wall=5.19 | search=  0 | target=none
R3[SITE      ]: carry=0 | base=2.71 | wall=3.34 | search=  0 | target=site(-0.78,-3.77)
R4[BASE_ESC  ]: carry=0 | base=0.22 | wall=5.81 | search=  0 | target=phero(-0.78,-3.77)

  [GIVE-UP] R1 returned empty after 312 searching steps
  [TARGET] R1 → PHERO (-0.78, -3.77)
[DEPOSIT] R2 deposited! Total: 130
  [PHERO] Laid at (-0.50, -4.04) density=5 prob=0.12 entries=2
  [TARGET] R2 → SITE (-0.50, -4.04)
[PICKUP] R3 picked up tag (density=4) | Total: 131

======================================================================
Step 89500 (47.7 min) | Pickups: 131 | Deposits: 130 | Rate: 2.72 tags/min | phero_entries=2 max_w=0.324
======================================================================
R1[PHERO     ]: carry=0 | base=1.02 | wall=5.08 | search=  0 | target=phero(-0.78,-3.77)
R2[SITE      ]: carry=0 | base=1.14 | wall=4.88 | search=  0 | target=site(-0.50,-4.04)
R3[SURVEY    ]: carry=1 | base=3.84 | wall=2.23 | search=  0 | target=none
R4[PHERO     ]: carry=0 | base=0.28 | wall=5.72 | search=  0 | target=phero(-0.78,-3.77)


======================================================================
Step 90000 (48.0 min) | Pickups: 131 | Deposits: 130 | Rate: 2.71 tags/min | phero_entries=2 max_w=0.065
======================================================================
R1[PHERO     ]: carry=0 | base=2.91 | wall=3.17 | search=  0 | target=phero(-0.78,-3.77)
R2[SITE      ]: carry=0 | base=3.06 | wall=2.97 | search=  0 | target=site(-0.50,-4.04)
R3[RTB       ]: carry=1 | base=2.13 | wall=3.90 | search=  0 | target=none
R4[PHERO     ]: carry=0 | base=1.95 | wall=4.13 | search=  0 | target=phero(-0.78,-3.77)

[PICKUP] R2 picked up tag (density=3) | Total: 132
[PICKUP] R1 picked up tag (density=2) | Total: 133
[DEPOSIT] R3 deposited! Total: 131
  [TARGET] R3 → SITE (-0.76, -3.76)

======================================================================
Step 90500 (48.3 min) | Pickups: 133 | Deposits: 131 | Rate: 2.71 tags/min | phero_entries=1 max_w=0.013
======================================================================
R1[SURVEY    ]: carry=1 | base=3.93 | wall=2.14 | search=  0 | target=none
R2[RTB       ]: carry=1 | base=3.28 | wall=2.74 | search=  0 | target=none
R3[BASE_ESC  ]: carry=0 | base=0.23 | wall=5.77 | search=  0 | target=site(-0.76,-3.76)
R4[SEARCH    ]: carry=0 | base=3.83 | wall=2.25 | search= 14 | target=phero(-0.78,-3.77)

[PICKUP] R4 picked up tag (density=1) | Total: 134

======================================================================
Step 91000 (48.5 min) | Pickups: 134 | Deposits: 131 | Rate: 2.70 tags/min | phero_entries=1 max_w=0.003
======================================================================
R1[RTB       ]: carry=1 | base=2.30 | wall=3.74 | search=  0 | target=none
R2[RTB       ]: carry=1 | base=1.36 | wall=4.65 | search=  0 | target=none
R3[SITE      ]: carry=0 | base=1.74 | wall=4.31 | search=  0 | target=site(-0.76,-3.76)
R4[RTB       ]: carry=1 | base=3.53 | wall=2.51 | search=  0 | target=none

[DEPOSIT] R2 deposited! Total: 132
  [TARGET] R2 → SITE (-0.46, -3.62)

======================================================================
Step 91500 (48.8 min) | Pickups: 134 | Deposits: 132 | Rate: 2.70 tags/min | phero_entries=0 max_w=0.000
======================================================================
R1[RTB       ]: carry=1 | base=0.38 | wall=5.63 | search=  0 | target=none
R2[SITE      ]: carry=0 | base=0.60 | wall=5.40 | search=  0 | target=site(-0.46,-3.62)
R3[SITE      ]: carry=0 | base=3.66 | wall=2.41 | search=  0 | target=site(-0.76,-3.76)
R4[RTB       ]: carry=1 | base=1.61 | wall=4.41 | search=  0 | target=none

[DEPOSIT] R1 deposited! Total: 133
  [TARGET] R1 → SITE (-0.76, -3.86)
[DEPOSIT] R4 deposited! Total: 134
  [TARGET] R4 → WALL (-2.65, 5.92)

======================================================================
Step 92000 (49.1 min) | Pickups: 134 | Deposits: 134 | Rate: 2.73 tags/min | phero_entries=0 max_w=0.000
======================================================================
R1[SITE      ]: carry=0 | base=1.56 | wall=4.46 | search=  0 | target=site(-0.76,-3.86)
R2[SITE      ]: carry=0 | base=2.51 | wall=3.51 | search=  0 | target=site(-0.46,-3.62)
R3[SEARCH    ]: carry=0 | base=2.78 | wall=3.22 | search=466 | target=site(-0.76,-3.76)
R4[DEPART    ]: carry=0 | base=0.27 | wall=5.74 | search=  0 | target=none

[PICKUP] R3 picked up tag (density=2) | Total: 135

======================================================================
Step 92500 (49.3 min) | Pickups: 135 | Deposits: 134 | Rate: 2.72 tags/min | phero_entries=0 max_w=0.000
======================================================================
R1[SITE      ]: carry=0 | base=3.48 | wall=2.58 | search=  0 | target=site(-0.76,-3.86)
R2[SEARCH    ]: carry=0 | base=3.71 | wall=2.33 | search=216 | target=site(-0.46,-3.62)
R3[SURVEY    ]: carry=1 | base=2.27 | wall=4.07 | search=  0 | target=none
R4[SEARCH    ]: carry=0 | base=1.15 | wall=4.86 | search=299 | target=none


======================================================================
Step 93000 (49.6 min) | Pickups: 135 | Deposits: 134 | Rate: 2.70 tags/min | phero_entries=0 max_w=0.000
======================================================================
R1[SEARCH    ]: carry=0 | base=4.25 | wall=1.86 | search=396 | target=site(-0.76,-3.86)
R2[GIVE_UP   ]: carry=0 | base=2.76 | wall=3.24 | search=312 | target=none
R3[RTB       ]: carry=1 | base=1.16 | wall=5.04 | search=  0 | target=none
R4[SEARCH    ]: carry=0 | base=2.56 | wall=3.47 | search=799 | target=none

[DEPOSIT] R3 deposited! Total: 135
  [TARGET] R3 → WALL (5.05, -5.92)

======================================================================
Step 93500 (49.9 min) | Pickups: 135 | Deposits: 135 | Rate: 2.71 tags/min | phero_entries=0 max_w=0.000
======================================================================
R1[GIVE_UP   ]: carry=0 | base=5.44 | wall=0.61 | search=780 | target=none
R2[GIVE_UP   ]: carry=0 | base=0.84 | wall=5.16 | search=312 | target=none
R3[DEPART    ]: carry=0 | base=0.82 | wall=5.42 | search=  0 | target=none
R4[SEARCH    ]: carry=0 | base=3.21 | wall=3.60 | search=1299 | target=none

  [GIVE-UP] R2 returned empty after 312 searching steps
  [TARGET] R2 → WALL (-5.92, 4.30)

======================================================================
Step 94000 (50.1 min) | Pickups: 135 | Deposits: 135 | Rate: 2.69 tags/min | phero_entries=0 max_w=0.000
======================================================================
R1[GIVE_UP   ]: carry=0 | base=3.53 | wall=2.50 | search=780 | target=none
R2[SEARCH    ]: carry=0 | base=0.72 | wall=5.29 | search= 79 | target=none
R3[GIVE_UP   ]: carry=0 | base=0.39 | wall=5.68 | search=156 | target=none
R4[SEARCH    ]: carry=0 | base=4.51 | wall=2.11 | search=1799 | target=none

  [GIVE-UP] R3 returned empty after 156 searching steps
  [TARGET] R3 → WALL (-5.92, 0.77)

======================================================================
Step 94500 (50.4 min) | Pickups: 135 | Deposits: 135 | Rate: 2.68 tags/min | phero_entries=0 max_w=0.000
======================================================================
R1[GIVE_UP   ]: carry=0 | base=1.61 | wall=4.41 | search=780 | target=none
R2[SEARCH    ]: carry=0 | base=2.42 | wall=3.70 | search=579 | target=none
R3[SEARCH    ]: carry=0 | base=0.57 | wall=5.50 | search=131 | target=none
R4[SEARCH    ]: carry=0 | base=6.20 | wall=0.63 | search=2299 | target=none

  [GIVE-UP] R1 returned empty after 780 searching steps
  [TARGET] R1 → WALL (5.92, 4.02)

======================================================================
Step 95000 (50.7 min) | Pickups: 135 | Deposits: 135 | Rate: 2.66 tags/min | phero_entries=0 max_w=0.000
======================================================================
R1[DEPART    ]: carry=0 | base=0.27 | wall=5.74 | search=  0 | target=none
R2[SEARCH    ]: carry=0 | base=3.91 | wall=2.43 | search=1079 | target=none
R3[SEARCH    ]: carry=0 | base=2.29 | wall=4.30 | search=631 | target=none
R4[WALL_ESC  ]: carry=0 | base=6.70 | wall=0.35 | search=2799 | target=none

[PICKUP] R2 picked up tag (density=19) | Total: 136

======================================================================
Step 95500 (50.9 min) | Pickups: 136 | Deposits: 135 | Rate: 2.65 tags/min | phero_entries=0 max_w=0.000
======================================================================
R1[SEARCH    ]: carry=0 | base=1.10 | wall=5.17 | search=382 | target=none
R2[SURVEY    ]: carry=1 | base=4.60 | wall=1.49 | search=  0 | target=none
R3[SEARCH    ]: carry=0 | base=3.86 | wall=3.23 | search=1131 | target=none
R4[WALL_ESC  ]: carry=0 | base=6.70 | wall=0.31 | search=3299 | target=none

[PICKUP] R3 picked up tag (density=24) | Total: 137

======================================================================
Step 96000 (51.2 min) | Pickups: 137 | Deposits: 135 | Rate: 2.64 tags/min | phero_entries=0 max_w=0.000
======================================================================
R1[SEARCH    ]: carry=0 | base=2.77 | wall=3.75 | search=882 | target=none
R2[RTB       ]: carry=1 | base=2.91 | wall=3.15 | search=  0 | target=none
R3[RTB       ]: carry=1 | base=3.67 | wall=3.30 | search=  0 | target=none
R4[SEARCH    ]: carry=0 | base=6.63 | wall=0.39 | search=3799 | target=none


======================================================================
Step 96500 (51.5 min) | Pickups: 137 | Deposits: 135 | Rate: 2.62 tags/min | phero_entries=0 max_w=0.000
======================================================================
R1[GIVE_UP   ]: carry=0 | base=2.70 | wall=3.62 | search=1092 | target=none
R2[RTB       ]: carry=1 | base=0.99 | wall=5.03 | search=  0 | target=none
R3[RTB       ]: carry=1 | base=1.75 | wall=4.71 | search=  0 | target=none
R4[SEARCH    ]: carry=0 | base=6.62 | wall=0.37 | search=4299 | target=none

[PICKUP] R1 picked up tag (density=9) | Total: 138
[DEPOSIT] R2 deposited! Total: 136
  [PHERO] Laid at (-4.50, 0.94) density=19 prob=1.00 entries=1
  [TARGET] R2 → SITE (-4.50, 0.94)
[DEPOSIT] R3 deposited! Total: 137
  [PHERO] Laid at (2.77, 3.15) density=24 prob=1.00 entries=2
  [TARGET] R3 → SITE (2.77, 3.15)

======================================================================
Step 97000 (51.7 min) | Pickups: 138 | Deposits: 137 | Rate: 2.65 tags/min | phero_entries=2 max_w=0.708
======================================================================
R1[RTB       ]: carry=1 | base=1.84 | wall=4.42 | search=  0 | target=none
R2[SITE      ]: carry=0 | base=0.96 | wall=5.04 | search=  0 | target=site(-4.50,0.94)
R3[BASE_ESC  ]: carry=0 | base=0.25 | wall=5.79 | search=  0 | target=site(2.77,3.15)
R4[GIVE_UP   ]: carry=0 | base=5.17 | wall=1.65 | search=4368 | target=none

[DEPOSIT] R1 deposited! Total: 138
  [PHERO] Laid at (1.05, 1.96) density=9 prob=0.59 entries=3
  [TARGET] R1 → SITE (1.05, 1.96)

======================================================================
Step 97500 (52.0 min) | Pickups: 138 | Deposits: 138 | Rate: 2.65 tags/min | phero_entries=3 max_w=0.759
======================================================================
R1[BASE_ESC  ]: carry=0 | base=0.22 | wall=5.83 | search=  0 | target=site(1.05,1.96)
R2[SITE      ]: carry=0 | base=2.88 | wall=3.17 | search=  0 | target=site(-4.50,0.94)
R3[SITE      ]: carry=0 | base=2.12 | wall=4.37 | search=  0 | target=site(2.77,3.15)
R4[GIVE_UP   ]: carry=0 | base=3.25 | wall=3.26 | search=4368 | target=none

[PICKUP] R4 picked up tag (density=8) | Total: 139
[PICKUP] R1 picked up tag (density=7) | Total: 140

======================================================================
Step 98000 (52.3 min) | Pickups: 140 | Deposits: 138 | Rate: 2.64 tags/min | phero_entries=3 max_w=0.153
======================================================================
R1[SURVEY    ]: carry=1 | base=1.81 | wall=4.41 | search=  0 | target=none
R2[SEARCH    ]: carry=0 | base=4.58 | wall=1.51 | search= 65 | target=site(-4.50,0.94)
R3[SITE      ]: carry=0 | base=4.04 | wall=2.96 | search=  0 | target=site(2.77,3.15)
R4[RTB       ]: carry=1 | base=2.21 | wall=4.15 | search=  0 | target=none

[PICKUP] R3 picked up tag (density=24) | Total: 141

======================================================================
Step 98500 (52.5 min) | Pickups: 141 | Deposits: 138 | Rate: 2.63 tags/min | phero_entries=3 max_w=0.031
======================================================================
R1[RTB       ]: carry=1 | base=0.64 | wall=5.46 | search=  0 | target=none
R2[GIVE_UP   ]: carry=0 | base=4.93 | wall=1.41 | search=468 | target=none
R3[RTB       ]: carry=1 | base=4.31 | wall=2.86 | search=  0 | target=none
R4[RTB       ]: carry=1 | base=0.49 | wall=5.60 | search=  0 | target=none

[DEPOSIT] R4 deposited! Total: 139
  [TARGET] R4 → SITE (1.19, 1.86)
[DEPOSIT] R1 deposited! Total: 140
  [TARGET] R1 → SITE (0.88, 1.58)

======================================================================
Step 99000 (52.8 min) | Pickups: 141 | Deposits: 140 | Rate: 2.65 tags/min | phero_entries=2 max_w=0.006
======================================================================
R1[SITE      ]: carry=0 | base=1.32 | wall=4.83 | search=  0 | target=site(0.88,1.58)
R2[GIVE_UP   ]: carry=0 | base=3.04 | wall=3.18 | search=468 | target=none
R3[RTB       ]: carry=1 | base=2.51 | wall=4.21 | search=  0 | target=none
R4[SITE      ]: carry=0 | base=1.41 | wall=4.85 | search=  0 | target=site(1.19,1.86)

[PICKUP] R4 picked up tag (density=6) | Total: 142

======================================================================
Step 99500 (53.1 min) | Pickups: 142 | Deposits: 140 | Rate: 2.64 tags/min | phero_entries=1 max_w=0.001
======================================================================
R1[SEARCH    ]: carry=0 | base=0.94 | wall=5.20 | search=386 | target=site(0.88,1.58)
R2[GIVE_UP   ]: carry=0 | base=1.12 | wall=4.96 | search=468 | target=none
R3[RTB       ]: carry=1 | base=0.59 | wall=5.58 | search=  0 | target=none
R4[RTB       ]: carry=1 | base=1.29 | wall=4.97 | search=  0 | target=none

[DEPOSIT] R3 deposited! Total: 141
  [PHERO] Laid at (2.93, 3.15) density=24 prob=1.00 entries=1
  [TARGET] R3 → SITE (2.93, 3.15)
  [GIVE-UP] R2 returned empty after 468 searching steps
  [TARGET] R2 → PHERO (2.93, 3.15)
[DEPOSIT] R4 deposited! Total: 142
  [PHERO] Laid at (1.01, 1.51) density=6 prob=0.21 entries=2
  [TARGET] R4 → SITE (1.01, 1.51)

======================================================================
Step 100000 (53.3 min) | Pickups: 142 | Deposits: 142 | Rate: 2.66 tags/min | phero_entries=2 max_w=0.479
======================================================================
R1[SEARCH    ]: carry=0 | base=1.10 | wall=4.94 | search=886 | target=site(0.88,1.58)
R2[PHERO     ]: carry=0 | base=0.32 | wall=5.72 | search=  0 | target=phero(2.93,3.15)
R3[SITE      ]: carry=0 | base=1.36 | wall=5.02 | search=  0 | target=site(2.93,3.15)
R4[SITE      ]: carry=0 | base=0.68 | wall=5.40 | search=  0 | target=site(1.01,1.51)

[PICKUP] R2 picked up tag (density=5) | Total: 143

======================================================================
Step 100500 (53.6 min) | Pickups: 143 | Deposits: 142 | Rate: 2.65 tags/min | phero_entries=2 max_w=0.097
======================================================================
R1[GIVE_UP   ]: carry=0 | base=0.87 | wall=5.14 | search=1092 | target=none
R2[SURVEY    ]: carry=1 | base=1.93 | wall=4.48 | search=  0 | target=none
R3[SITE      ]: carry=0 | base=3.28 | wall=3.62 | search=  0 | target=site(2.93,3.15)
R4[SEARCH    ]: carry=0 | base=1.56 | wall=4.70 | search=216 | target=site(1.01,1.51)

  [GIVE-UP] R1 returned empty after 1092 searching steps
  [TARGET] R1 → PHERO (2.93, 3.15)
[PICKUP] R3 picked up tag (density=23) | Total: 144

======================================================================
Step 101000 (53.9 min) | Pickups: 144 | Deposits: 142 | Rate: 2.64 tags/min | phero_entries=2 max_w=0.020
======================================================================
R1[PHERO     ]: carry=0 | base=0.54 | wall=5.48 | search=  0 | target=phero(2.93,3.15)
R2[RTB       ]: carry=1 | base=0.83 | wall=5.37 | search=  0 | target=none
R3[SURVEY    ]: carry=1 | base=4.28 | wall=2.84 | search=  0 | target=none
R4[SEARCH    ]: carry=0 | base=0.45 | wall=5.68 | search=716 | target=site(1.01,1.51)

[DEPOSIT] R2 deposited! Total: 143
  [PHERO] Laid at (1.18, 1.52) density=5 prob=0.12 entries=3
  [TARGET] R2 → SITE (1.18, 1.52)

======================================================================
Step 101500 (54.1 min) | Pickups: 144 | Deposits: 143 | Rate: 2.64 tags/min | phero_entries=3 max_w=0.329
======================================================================
R1[PHERO     ]: carry=0 | base=2.40 | wall=4.16 | search=  0 | target=phero(2.93,3.15)
R2[SITE      ]: carry=0 | base=1.12 | wall=5.09 | search=  0 | target=site(1.18,1.52)
R3[RTB       ]: carry=1 | base=2.83 | wall=3.96 | search=  0 | target=none
R4[SEARCH    ]: carry=0 | base=1.66 | wall=4.78 | search=1216 | target=site(1.01,1.51)


======================================================================
Step 102000 (54.4 min) | Pickups: 144 | Deposits: 143 | Rate: 2.63 tags/min | phero_entries=1 max_w=0.067
======================================================================
R1[SEARCH    ]: carry=0 | base=4.27 | wall=2.87 | search= 17 | target=phero(2.93,3.15)
R2[SEARCH    ]: carry=0 | base=1.53 | wall=4.88 | search=304 | target=site(1.18,1.52)
R3[RTB       ]: carry=1 | base=0.91 | wall=5.34 | search=  0 | target=none
R4[GIVE_UP   ]: carry=0 | base=2.74 | wall=3.97 | search=1560 | target=none

[PICKUP] R1 picked up tag (density=22) | Total: 145
[DEPOSIT] R3 deposited! Total: 144
  [PHERO] Laid at (2.89, 3.16) density=23 prob=1.00 entries=2
  [TARGET] R3 → SITE (2.89, 3.16)

======================================================================
Step 102500 (54.7 min) | Pickups: 145 | Deposits: 144 | Rate: 2.63 tags/min | phero_entries=2 max_w=0.351
======================================================================
R1[RTB       ]: carry=1 | base=3.50 | wall=3.48 | search=  0 | target=none
R2[SEARCH    ]: carry=0 | base=1.31 | wall=4.73 | search=804 | target=site(1.18,1.52)
R3[SITE      ]: carry=0 | base=1.05 | wall=5.18 | search=  0 | target=site(2.89,3.16)
R4[GIVE_UP   ]: carry=0 | base=0.82 | wall=5.39 | search=1560 | target=none

  [GIVE-UP] R4 returned empty after 1560 searching steps
  [TARGET] R4 → PHERO (2.89, 3.16)

======================================================================
Step 103000 (54.9 min) | Pickups: 145 | Deposits: 144 | Rate: 2.62 tags/min | phero_entries=2 max_w=0.071
======================================================================
R1[RTB       ]: carry=1 | base=1.58 | wall=4.86 | search=  0 | target=none
R2[SEARCH    ]: carry=0 | base=2.78 | wall=3.99 | search=1304 | target=site(1.18,1.52)
R3[SITE      ]: carry=0 | base=2.96 | wall=3.79 | search=  0 | target=site(2.89,3.16)
R4[PHERO     ]: carry=0 | base=0.27 | wall=5.77 | search=  0 | target=phero(2.89,3.16)

[DEPOSIT] R1 deposited! Total: 145
  [PHERO] Laid at (2.91, 3.16) density=22 prob=1.00 entries=2
  [TARGET] R1 → SITE (2.91, 3.16)
[PICKUP] R3 picked up tag (density=21) | Total: 146

======================================================================
Step 103500 (55.2 min) | Pickups: 146 | Deposits: 145 | Rate: 2.63 tags/min | phero_entries=2 max_w=0.613
======================================================================
R1[SITE      ]: carry=0 | base=0.38 | wall=5.67 | search=  0 | target=site(2.91,3.16)
R2[SEARCH    ]: carry=0 | base=4.50 | wall=2.71 | search=1804 | target=site(1.18,1.52)
R3[SURVEY    ]: carry=1 | base=4.33 | wall=2.78 | search=  0 | target=none
R4[PHERO     ]: carry=0 | base=2.00 | wall=4.43 | search=  0 | target=phero(2.89,3.16)


======================================================================
Step 104000 (55.5 min) | Pickups: 146 | Deposits: 145 | Rate: 2.61 tags/min | phero_entries=2 max_w=0.124
======================================================================
R1[SITE      ]: carry=0 | base=2.29 | wall=4.36 | search=  0 | target=site(2.91,3.16)
R2[SEARCH    ]: carry=0 | base=6.22 | wall=1.39 | search=2304 | target=site(1.18,1.52)
R3[RTB       ]: carry=1 | base=3.16 | wall=3.70 | search=  0 | target=none
R4[PHERO     ]: carry=0 | base=3.91 | wall=3.10 | search=  0 | target=phero(2.89,3.16)


======================================================================
Step 104500 (55.7 min) | Pickups: 146 | Deposits: 145 | Rate: 2.60 tags/min | phero_entries=1 max_w=0.025
======================================================================
R1[SITE      ]: carry=0 | base=4.15 | wall=2.95 | search=  0 | target=site(2.91,3.16)
R2[SEARCH    ]: carry=0 | base=7.11 | wall=0.36 | search=2804 | target=site(1.18,1.52)
R3[RTB       ]: carry=1 | base=1.29 | wall=5.05 | search=  0 | target=none
R4[SEARCH    ]: carry=0 | base=4.21 | wall=2.69 | search=417 | target=phero(2.89,3.16)

[PICKUP] R1 picked up tag (density=18) | Total: 147
[DEPOSIT] R3 deposited! Total: 146
  [PHERO] Laid at (2.89, 3.22) density=21 prob=1.00 entries=2
  [TARGET] R3 → SITE (2.89, 3.22)

======================================================================
Step 105000 (56.0 min) | Pickups: 147 | Deposits: 146 | Rate: 2.61 tags/min | phero_entries=2 max_w=0.481
======================================================================
R1[RTB       ]: carry=1 | base=4.29 | wall=2.96 | search=  0 | target=none
R2[GIVE_UP   ]: carry=0 | base=7.03 | wall=0.44 | search=3276 | target=none
R3[SITE      ]: carry=0 | base=0.66 | wall=5.49 | search=  0 | target=site(2.89,3.22)
R4[SEARCH    ]: carry=0 | base=5.09 | wall=1.33 | search=917 | target=phero(2.89,3.16)

[PICKUP] R4 picked up tag (density=13) | Total: 148

======================================================================
Step 105500 (56.3 min) | Pickups: 148 | Deposits: 146 | Rate: 2.59 tags/min | phero_entries=2 max_w=0.097
======================================================================
R1[RTB       ]: carry=1 | base=2.38 | wall=4.31 | search=  0 | target=none
R2[GIVE_UP   ]: carry=0 | base=5.12 | wall=1.96 | search=3276 | target=none
R3[SITE      ]: carry=0 | base=2.57 | wall=4.12 | search=  0 | target=site(2.89,3.22)
R4[SURVEY    ]: carry=1 | base=4.11 | wall=2.18 | search=  0 | target=none

[PICKUP] R3 picked up tag (density=19) | Total: 149

======================================================================
Step 106000 (56.5 min) | Pickups: 149 | Deposits: 146 | Rate: 2.58 tags/min | phero_entries=1 max_w=0.020
======================================================================
R1[RTB       ]: carry=1 | base=0.46 | wall=5.67 | search=  0 | target=none
R2[GIVE_UP   ]: carry=0 | base=3.20 | wall=3.47 | search=3276 | target=none
R3[SURVEY    ]: carry=1 | base=4.33 | wall=2.76 | search=  0 | target=none
R4[RTB       ]: carry=1 | base=2.84 | wall=3.33 | search=  0 | target=none

[DEPOSIT] R1 deposited! Total: 147
  [PHERO] Laid at (3.04, 3.14) density=18 prob=1.00 entries=2
  [TARGET] R1 → SITE (3.04, 3.14)

======================================================================
Step 106500 (56.8 min) | Pickups: 149 | Deposits: 147 | Rate: 2.59 tags/min | phero_entries=2 max_w=0.241
======================================================================
R1[SITE      ]: carry=0 | base=1.50 | wall=4.88 | search=  0 | target=site(3.04,3.14)
R2[GIVE_UP   ]: carry=0 | base=1.28 | wall=4.99 | search=3276 | target=none
R3[RTB       ]: carry=1 | base=3.36 | wall=3.55 | search=  0 | target=none
R4[RTB       ]: carry=1 | base=0.92 | wall=5.13 | search=  0 | target=none

[DEPOSIT] R4 deposited! Total: 148
  [PHERO] Laid at (3.82, 1.52) density=13 prob=0.93 entries=3
  [TARGET] R4 → SITE (3.82, 1.52)
  [GIVE-UP] R2 returned empty after 3276 searching steps
  [TARGET] R2 → PHERO (3.82, 1.52)

======================================================================
Step 107000 (57.1 min) | Pickups: 149 | Deposits: 148 | Rate: 2.59 tags/min | phero_entries=2 max_w=0.355
======================================================================
R1[SITE      ]: carry=0 | base=3.22 | wall=3.67 | search=  0 | target=site(3.04,3.14)
R2[PHERO     ]: carry=0 | base=0.40 | wall=5.67 | search=  0 | target=phero(3.82,1.52)
R3[RTB       ]: carry=1 | base=1.63 | wall=4.83 | search=  0 | target=none
R4[SITE      ]: carry=0 | base=1.04 | wall=5.07 | search=  0 | target=site(3.82,1.52)

[DEPOSIT] R3 deposited! Total: 149
  [PHERO] Laid at (2.88, 3.24) density=19 prob=1.00 entries=3
  [TARGET] R3 → SITE (2.88, 3.24)

======================================================================
Step 107500 (57.3 min) | Pickups: 149 | Deposits: 149 | Rate: 2.60 tags/min | phero_entries=3 max_w=0.641
======================================================================
R1[GIVE_UP   ]: carry=0 | base=4.28 | wall=2.91 | search=156 | target=none
R2[PHERO     ]: carry=0 | base=2.14 | wall=3.96 | search=  0 | target=phero(3.82,1.52)
R3[SITE      ]: carry=0 | base=0.33 | wall=5.72 | search=  0 | target=site(2.88,3.24)
R4[SITE      ]: carry=0 | base=2.95 | wall=3.27 | search=  0 | target=site(3.82,1.52)

[PICKUP] R4 picked up tag (density=12) | Total: 150
[PICKUP] R2 picked up tag (density=11) | Total: 151

======================================================================
Step 108000 (57.6 min) | Pickups: 151 | Deposits: 149 | Rate: 2.59 tags/min | phero_entries=3 max_w=0.129
======================================================================
R1[GIVE_UP   ]: carry=0 | base=2.40 | wall=4.25 | search=156 | target=none
R2[SURVEY    ]: carry=1 | base=3.63 | wall=2.61 | search=  0 | target=none
R3[SITE      ]: carry=0 | base=2.22 | wall=4.38 | search=  0 | target=site(2.88,3.24)
R4[RTB       ]: carry=1 | base=3.34 | wall=2.88 | search=  0 | target=none


======================================================================
Step 108500 (57.9 min) | Pickups: 151 | Deposits: 149 | Rate: 2.57 tags/min | phero_entries=2 max_w=0.026
======================================================================
R1[GIVE_UP   ]: carry=0 | base=0.48 | wall=5.65 | search=156 | target=none
R2[RTB       ]: carry=1 | base=2.35 | wall=3.78 | search=  0 | target=none
R3[SITE      ]: carry=0 | base=4.14 | wall=2.91 | search=  0 | target=site(2.88,3.24)
R4[RTB       ]: carry=1 | base=1.42 | wall=4.67 | search=  0 | target=none

  [GIVE-UP] R1 returned empty after 156 searching steps
  [TARGET] R1 → PHERO (2.88, 3.24)
[DEPOSIT] R4 deposited! Total: 150
  [PHERO] Laid at (3.31, 1.33) density=12 prob=0.88 entries=3
  [TARGET] R4 → SITE (3.31, 1.33)

======================================================================
Step 109000 (58.1 min) | Pickups: 151 | Deposits: 150 | Rate: 2.58 tags/min | phero_entries=2 max_w=0.538
======================================================================
R1[PHERO     ]: carry=0 | base=1.46 | wall=4.96 | search=  0 | target=phero(2.88,3.24)
R2[RTB       ]: carry=1 | base=0.43 | wall=5.60 | search=  0 | target=none
R3[SEARCH    ]: carry=0 | base=4.75 | wall=2.47 | search=464 | target=site(2.88,3.24)
R4[SITE      ]: carry=0 | base=0.54 | wall=5.47 | search=  0 | target=site(3.31,1.33)

[DEPOSIT] R2 deposited! Total: 151
  [PHERO] Laid at (3.38, 1.29) density=11 prob=0.80 entries=3
  [TARGET] R2 → SITE (3.38, 1.29)

======================================================================
Step 109500 (58.4 min) | Pickups: 151 | Deposits: 151 | Rate: 2.59 tags/min | phero_entries=3 max_w=0.234
======================================================================
R1[PHERO     ]: carry=0 | base=3.37 | wall=3.50 | search=  0 | target=phero(2.88,3.24)
R2[SITE      ]: carry=0 | base=1.53 | wall=4.59 | search=  0 | target=site(3.38,1.29)
R3[SEARCH    ]: carry=0 | base=6.33 | wall=1.18 | search=964 | target=site(2.88,3.24)
R4[SITE      ]: carry=0 | base=2.45 | wall=3.71 | search=  0 | target=site(3.31,1.33)

[PICKUP] R1 picked up tag (density=18) | Total: 152

======================================================================
Step 110000 (58.7 min) | Pickups: 152 | Deposits: 151 | Rate: 2.57 tags/min | phero_entries=2 max_w=0.047
======================================================================
R1[RTB       ]: carry=1 | base=4.35 | wall=2.79 | search=  0 | target=none
R2[SITE      ]: carry=0 | base=3.43 | wall=2.80 | search=  0 | target=site(3.38,1.29)
R3[WALL_ESC  ]: carry=0 | base=7.29 | wall=0.33 | search=1464 | target=site(2.88,3.24)
R4[SEARCH    ]: carry=0 | base=3.46 | wall=2.75 | search=221 | target=site(3.31,1.33)

[PICKUP] R4 picked up tag (density=10) | Total: 153
[PICKUP] R2 picked up tag (density=9) | Total: 154

======================================================================
Step 110500 (58.9 min) | Pickups: 154 | Deposits: 151 | Rate: 2.56 tags/min | phero_entries=2 max_w=0.010
======================================================================
R1[RTB       ]: carry=1 | base=2.54 | wall=4.15 | search=  0 | target=none
R2[RTB       ]: carry=1 | base=3.25 | wall=2.94 | search=  0 | target=none
R3[GIVE_UP   ]: carry=0 | base=6.31 | wall=1.08 | search=1716 | target=none
R4[RTB       ]: carry=1 | base=2.96 | wall=3.17 | search=  0 | target=none

[PICKUP] R3 picked up tag (density=17) | Total: 155

======================================================================
Step 111000 (59.2 min) | Pickups: 155 | Deposits: 151 | Rate: 2.55 tags/min | phero_entries=1 max_w=0.002
======================================================================
R1[RTB       ]: carry=1 | base=0.62 | wall=5.55 | search=  0 | target=none
R2[RTB       ]: carry=1 | base=1.33 | wall=4.75 | search=  0 | target=none
R3[SURVEY    ]: carry=1 | base=4.81 | wall=2.25 | search=  0 | target=none
R4[RTB       ]: carry=1 | base=1.04 | wall=5.01 | search=  0 | target=none

[DEPOSIT] R1 deposited! Total: 152
  [PHERO] Laid at (2.91, 3.23) density=18 prob=1.00 entries=2
  [TARGET] R1 → SITE (2.91, 3.23)
[DEPOSIT] R4 deposited! Total: 153
  [PHERO] Laid at (3.40, 1.15) density=10 prob=0.71 entries=2
  [TARGET] R4 → SITE (3.40, 1.15)
[DEPOSIT] R2 deposited! Total: 154
  [PHERO] Laid at (3.39, 1.32) density=9 prob=0.59 entries=3
  [TARGET] R2 → SITE (3.39, 1.32)

======================================================================
Step 111500 (59.5 min) | Pickups: 155 | Deposits: 154 | Rate: 2.59 tags/min | phero_entries=3 max_w=0.512
======================================================================
R1[SITE      ]: carry=0 | base=1.34 | wall=4.96 | search=  0 | target=site(2.91,3.23)
R2[SITE      ]: carry=0 | base=0.60 | wall=5.41 | search=  0 | target=site(3.39,1.32)
R3[RTB       ]: carry=1 | base=3.60 | wall=3.25 | search=  0 | target=none
R4[SITE      ]: carry=0 | base=0.90 | wall=5.18 | search=  0 | target=site(3.40,1.15)


======================================================================
Step 112000 (59.7 min) | Pickups: 155 | Deposits: 154 | Rate: 2.58 tags/min | phero_entries=3 max_w=0.103
======================================================================
R1[SITE      ]: carry=0 | base=3.23 | wall=3.59 | search=  0 | target=site(2.91,3.23)
R2[SITE      ]: carry=0 | base=2.50 | wall=3.65 | search=  0 | target=site(3.39,1.32)
R3[RTB       ]: carry=1 | base=1.71 | wall=4.69 | search=  0 | target=none
R4[SITE      ]: carry=0 | base=2.82 | wall=3.34 | search=  0 | target=site(3.40,1.15)

[PICKUP] R4 picked up tag (density=8) | Total: 156
[DEPOSIT] R3 deposited! Total: 155
  [PHERO] Laid at (3.02, 3.75) density=17 prob=0.99 entries=4
  [TARGET] R3 → SITE (3.02, 3.75)
[PICKUP] R2 picked up tag (density=7) | Total: 157

======================================================================
Step 112500 (60.0 min) | Pickups: 157 | Deposits: 155 | Rate: 2.58 tags/min | phero_entries=4 max_w=0.681
======================================================================
R1[SEARCH    ]: carry=0 | base=4.20 | wall=2.88 | search=222 | target=site(2.91,3.23)
R2[SURVEY    ]: carry=1 | base=3.68 | wall=2.54 | search=  0 | target=none
R3[SITE      ]: carry=0 | base=0.27 | wall=5.75 | search=  0 | target=site(3.02,3.75)
R4[SURVEY    ]: carry=1 | base=3.71 | wall=2.53 | search=  0 | target=none


======================================================================
Step 113000 (60.3 min) | Pickups: 157 | Deposits: 155 | Rate: 2.57 tags/min | phero_entries=4 max_w=0.138
======================================================================
R1[SEARCH    ]: carry=0 | base=5.46 | wall=1.59 | search=722 | target=site(2.91,3.23)
R2[RTB       ]: carry=1 | base=2.78 | wall=3.35 | search=  0 | target=none
R3[SITE      ]: carry=0 | base=2.17 | wall=4.28 | search=  0 | target=site(3.02,3.75)
R4[RTB       ]: carry=1 | base=2.38 | wall=3.76 | search=  0 | target=none


======================================================================
Step 113500 (60.5 min) | Pickups: 157 | Deposits: 155 | Rate: 2.56 tags/min | phero_entries=1 max_w=0.028
======================================================================
R1[GIVE_UP   ]: carry=0 | base=5.51 | wall=1.48 | search=936 | target=none
R2[RTB       ]: carry=1 | base=0.86 | wall=5.18 | search=  0 | target=none
R3[SITE      ]: carry=0 | base=4.09 | wall=2.81 | search=  0 | target=site(3.02,3.75)
R4[RTB       ]: carry=1 | base=0.46 | wall=5.56 | search=  0 | target=none

[PICKUP] R3 picked up tag (density=16) | Total: 158
[DEPOSIT] R4 deposited! Total: 156
  [PHERO] Laid at (3.42, 1.28) density=8 prob=0.46 entries=2
  [TARGET] R4 → SITE (3.42, 1.28)
[DEPOSIT] R2 deposited! Total: 157
  [TARGET] R2 → SITE (3.46, 1.24)

======================================================================
Step 114000 (60.8 min) | Pickups: 158 | Deposits: 157 | Rate: 2.58 tags/min | phero_entries=2 max_w=0.242
======================================================================
R1[GIVE_UP   ]: carry=0 | base=3.59 | wall=3.05 | search=936 | target=none
R2[SITE      ]: carry=0 | base=1.08 | wall=4.96 | search=  0 | target=site(3.46,1.24)
R3[RTB       ]: carry=1 | base=3.32 | wall=3.46 | search=  0 | target=none
R4[SITE      ]: carry=0 | base=1.48 | wall=4.59 | search=  0 | target=site(3.42,1.28)


======================================================================
Step 114500 (61.1 min) | Pickups: 158 | Deposits: 157 | Rate: 2.57 tags/min | phero_entries=2 max_w=0.049
======================================================================
R1[GIVE_UP   ]: carry=0 | base=1.67 | wall=4.63 | search=936 | target=none
R2[SITE      ]: carry=0 | base=2.99 | wall=3.18 | search=  0 | target=site(3.46,1.24)
R3[RTB       ]: carry=1 | base=1.40 | wall=4.93 | search=  0 | target=none
R4[SITE      ]: carry=0 | base=3.39 | wall=2.82 | search=  0 | target=site(3.42,1.28)

[DEPOSIT] R3 deposited! Total: 158
  [PHERO] Laid at (2.62, 3.28) density=16 prob=0.99 entries=2
  [TARGET] R3 → SITE (2.62, 3.28)
  [GIVE-UP] R1 returned empty after 936 searching steps
  [TARGET] R1 → PHERO (2.62, 3.28)
[PICKUP] R4 picked up tag (density=6) | Total: 159

======================================================================
Step 115000 (61.3 min) | Pickups: 159 | Deposits: 158 | Rate: 2.58 tags/min | phero_entries=2 max_w=0.529
======================================================================
R1[PHERO     ]: carry=0 | base=0.32 | wall=5.75 | search=  0 | target=phero(2.62,3.28)
R2[SEARCH    ]: carry=0 | base=3.07 | wall=3.06 | search=335 | target=site(3.46,1.24)
R3[SITE      ]: carry=0 | base=0.54 | wall=5.53 | search=  0 | target=site(2.62,3.28)
R4[SURVEY    ]: carry=1 | base=3.77 | wall=2.39 | search=  0 | target=none


======================================================================
Step 115500 (61.6 min) | Pickups: 159 | Deposits: 158 | Rate: 2.56 tags/min | phero_entries=2 max_w=0.107
======================================================================
R1[PHERO     ]: carry=0 | base=2.23 | wall=4.25 | search=  0 | target=phero(2.62,3.28)
R2[SEARCH    ]: carry=0 | base=1.50 | wall=4.75 | search=835 | target=site(3.46,1.24)
R3[SITE      ]: carry=0 | base=2.45 | wall=4.06 | search=  0 | target=site(2.62,3.28)
R4[RTB       ]: carry=1 | base=2.41 | wall=3.67 | search=  0 | target=none

  [GIVE-UP] R2 returned empty after 936 searching steps
  [TARGET] R2 → PHERO (2.62, 3.28)

======================================================================
Step 116000 (61.9 min) | Pickups: 159 | Deposits: 158 | Rate: 2.55 tags/min | phero_entries=1 max_w=0.022
======================================================================
R1[PHERO     ]: carry=0 | base=4.13 | wall=2.77 | search=  0 | target=phero(2.62,3.28)
R2[BASE_ESC  ]: carry=0 | base=0.22 | wall=5.82 | search=  0 | target=phero(2.62,3.28)
R3[SEARCH    ]: carry=0 | base=4.19 | wall=2.75 | search= 58 | target=site(2.62,3.28)
R4[RTB       ]: carry=1 | base=0.49 | wall=5.52 | search=  0 | target=none

[DEPOSIT] R4 deposited! Total: 159
  [PHERO] Laid at (3.60, 1.10) density=6 prob=0.21 entries=2
  [TARGET] R4 → SITE (3.60, 1.10)
[PICKUP] R1 picked up tag (density=15) | Total: 160
[PICKUP] R3 picked up tag (density=14) | Total: 161

======================================================================
Step 116500 (62.1 min) | Pickups: 161 | Deposits: 159 | Rate: 2.56 tags/min | phero_entries=2 max_w=0.248
======================================================================
R1[RTB       ]: carry=1 | base=4.35 | wall=2.72 | search=  0 | target=none
R2[PHERO     ]: carry=0 | base=1.83 | wall=4.53 | search=  0 | target=phero(2.62,3.28)
R3[SURVEY    ]: carry=1 | base=4.40 | wall=2.73 | search=  0 | target=none
R4[SITE      ]: carry=0 | base=1.46 | wall=4.62 | search=  0 | target=site(3.60,1.10)


======================================================================
Step 117000 (62.4 min) | Pickups: 161 | Deposits: 159 | Rate: 2.55 tags/min | phero_entries=1 max_w=0.050
======================================================================
R1[RTB       ]: carry=1 | base=2.53 | wall=4.12 | search=  0 | target=none
R2[PHERO     ]: carry=0 | base=3.75 | wall=3.07 | search=  0 | target=phero(2.62,3.28)
R3[RTB       ]: carry=1 | base=2.88 | wall=3.90 | search=  0 | target=none
R4[SITE      ]: carry=0 | base=3.38 | wall=2.77 | search=  0 | target=site(3.60,1.10)

[PICKUP] R4 picked up tag (density=5) | Total: 162

======================================================================
Step 117500 (62.7 min) | Pickups: 162 | Deposits: 159 | Rate: 2.54 tags/min | phero_entries=1 max_w=0.010
======================================================================
R1[RTB       ]: carry=1 | base=0.61 | wall=5.55 | search=  0 | target=none
R2[SEARCH    ]: carry=0 | base=3.81 | wall=2.52 | search=396 | target=phero(2.62,3.28)
R3[RTB       ]: carry=1 | base=0.96 | wall=5.30 | search=  0 | target=none
R4[RTB       ]: carry=1 | base=3.67 | wall=2.48 | search=  0 | target=none

[DEPOSIT] R1 deposited! Total: 160
  [PHERO] Laid at (2.84, 3.30) density=15 prob=0.98 entries=2
  [TARGET] R1 → SITE (2.84, 3.30)
[DEPOSIT] R3 deposited! Total: 161
  [PHERO] Laid at (2.94, 3.27) density=14 prob=0.96 entries=3
  [TARGET] R3 → SITE (2.94, 3.27)

======================================================================
Step 118000 (62.9 min) | Pickups: 162 | Deposits: 161 | Rate: 2.56 tags/min | phero_entries=3 max_w=0.370
======================================================================
R1[SITE      ]: carry=0 | base=1.35 | wall=4.93 | search=  0 | target=site(2.84,3.30)
R2[SEARCH    ]: carry=0 | base=3.98 | wall=2.02 | search=896 | target=phero(2.62,3.28)
R3[SITE      ]: carry=0 | base=0.97 | wall=5.28 | search=  0 | target=site(2.94,3.27)
R4[RTB       ]: carry=1 | base=1.75 | wall=4.32 | search=  0 | target=none

[DEPOSIT] R4 deposited! Total: 162
  [TARGET] R4 → SITE (3.59, 1.15)

======================================================================
Step 118500 (63.2 min) | Pickups: 162 | Deposits: 162 | Rate: 2.56 tags/min | phero_entries=2 max_w=0.075
======================================================================
R1[SITE      ]: carry=0 | base=3.26 | wall=3.51 | search=  0 | target=site(2.84,3.30)
R2[GIVE_UP   ]: carry=0 | base=2.64 | wall=3.37 | search=936 | target=none
R3[SITE      ]: carry=0 | base=2.88 | wall=3.89 | search=  0 | target=site(2.94,3.27)
R4[SITE      ]: carry=0 | base=0.25 | wall=5.78 | search=  0 | target=site(3.59,1.15)

[PICKUP] R3 picked up tag (density=13) | Total: 163

======================================================================
Step 119000 (63.5 min) | Pickups: 163 | Deposits: 162 | Rate: 2.55 tags/min | phero_entries=2 max_w=0.015
======================================================================
R1[SEARCH    ]: carry=0 | base=4.22 | wall=2.85 | search=229 | target=site(2.84,3.30)
R2[GIVE_UP   ]: carry=0 | base=0.72 | wall=5.29 | search=936 | target=none
R3[SURVEY    ]: carry=1 | base=4.41 | wall=2.70 | search=  0 | target=none
R4[SITE      ]: carry=0 | base=2.13 | wall=3.99 | search=  0 | target=site(3.59,1.15)

  [GIVE-UP] R2 returned empty after 936 searching steps
  [TARGET] R2 → PHERO (2.94, 3.27)

======================================================================
Step 119500 (63.7 min) | Pickups: 163 | Deposits: 162 | Rate: 2.54 tags/min | phero_entries=2 max_w=0.003
======================================================================
R1[SEARCH    ]: carry=0 | base=5.52 | wall=1.84 | search=729 | target=site(2.84,3.30)
R2[PHERO     ]: carry=0 | base=1.01 | wall=5.10 | search=  0 | target=phero(2.94,3.27)
R3[RTB       ]: carry=1 | base=3.58 | wall=3.37 | search=  0 | target=none
R4[SEARCH    ]: carry=0 | base=3.75 | wall=2.40 | search= 85 | target=site(3.59,1.15)


======================================================================
Step 120000 (64.0 min) | Pickups: 163 | Deposits: 162 | Rate: 2.53 tags/min | phero_entries=0 max_w=0.000
======================================================================
R1[WALL_ESC  ]: carry=0 | base=7.25 | wall=0.35 | search=1229 | target=site(2.84,3.30)
R2[PHERO     ]: carry=0 | base=2.90 | wall=3.77 | search=  0 | target=phero(2.94,3.27)
R3[RTB       ]: carry=1 | base=1.66 | wall=4.78 | search=  0 | target=none
R4[SEARCH    ]: carry=0 | base=4.90 | wall=1.64 | search=585 | target=site(3.59,1.15)

[DEPOSIT] R3 deposited! Total: 163
  [PHERO] Laid at (2.92, 3.30) density=13 prob=0.93 entries=1
  [TARGET] R3 → SITE (2.92, 3.30)

======================================================================
Step 120500 (64.3 min) | Pickups: 163 | Deposits: 163 | Rate: 2.54 tags/min | phero_entries=1 max_w=0.658
======================================================================
R1[SEARCH    ]: carry=0 | base=7.17 | wall=0.39 | search=1729 | target=site(2.84,3.30)
R2[SEARCH    ]: carry=0 | base=4.38 | wall=2.69 | search=123 | target=phero(2.94,3.27)
R3[SITE      ]: carry=0 | base=0.31 | wall=5.72 | search=  0 | target=site(2.92,3.30)
R4[SEARCH    ]: carry=0 | base=6.32 | wall=0.90 | search=1085 | target=site(3.59,1.15)


======================================================================
Step 121000 (64.5 min) | Pickups: 163 | Deposits: 163 | Rate: 2.53 tags/min | phero_entries=1 max_w=0.133
======================================================================
R1[WALL_ESC  ]: carry=0 | base=7.28 | wall=0.31 | search=2229 | target=site(2.84,3.30)
R2[SEARCH    ]: carry=0 | base=3.30 | wall=3.22 | search=623 | target=phero(2.94,3.27)
R3[SITE      ]: carry=0 | base=2.21 | wall=4.31 | search=  0 | target=site(2.92,3.30)
R4[SEARCH    ]: carry=0 | base=7.04 | wall=0.39 | search=1585 | target=site(3.59,1.15)

[PICKUP] R2 picked up tag (density=4) | Total: 164

======================================================================
Step 121500 (64.8 min) | Pickups: 164 | Deposits: 163 | Rate: 2.52 tags/min | phero_entries=1 max_w=0.027
======================================================================
R1[SEARCH    ]: carry=0 | base=7.21 | wall=0.39 | search=2729 | target=site(2.84,3.30)
R2[RTB       ]: carry=1 | base=3.50 | wall=2.75 | search=  0 | target=none
R3[SITE      ]: carry=0 | base=4.13 | wall=2.90 | search=  0 | target=site(2.92,3.30)
R4[SEARCH    ]: carry=0 | base=7.04 | wall=0.36 | search=2085 | target=site(3.59,1.15)


======================================================================
Step 122000 (65.1 min) | Pickups: 164 | Deposits: 163 | Rate: 2.51 tags/min | phero_entries=1 max_w=0.005
======================================================================
R1[GIVE_UP   ]: carry=0 | base=6.28 | wall=1.13 | search=2964 | target=none
R2[RTB       ]: carry=1 | base=1.58 | wall=4.53 | search=  0 | target=none
R3[SEARCH    ]: carry=0 | base=5.02 | wall=2.43 | search=441 | target=site(2.92,3.30)
R4[GIVE_UP   ]: carry=0 | base=6.99 | wall=0.48 | search=2496 | target=none

[DEPOSIT] R2 deposited! Total: 164
  [TARGET] R2 → SITE (3.39, 1.49)

======================================================================
Step 122500 (65.3 min) | Pickups: 164 | Deposits: 164 | Rate: 2.51 tags/min | phero_entries=1 max_w=0.001
======================================================================
R1[GIVE_UP   ]: carry=0 | base=4.36 | wall=2.62 | search=2964 | target=none
R2[SITE      ]: carry=0 | base=0.38 | wall=5.69 | search=  0 | target=site(3.39,1.49)
R3[SEARCH    ]: carry=0 | base=6.68 | wall=0.83 | search=941 | target=site(2.92,3.30)
R4[GIVE_UP   ]: carry=0 | base=5.09 | wall=1.99 | search=2496 | target=none


======================================================================
Step 123000 (65.6 min) | Pickups: 164 | Deposits: 164 | Rate: 2.50 tags/min | phero_entries=0 max_w=0.000
======================================================================
R1[GIVE_UP   ]: carry=0 | base=2.44 | wall=4.11 | search=2964 | target=none
R2[SITE      ]: carry=0 | base=2.29 | wall=3.92 | search=  0 | target=site(3.39,1.49)
R3[WALL_ESC  ]: carry=0 | base=7.94 | wall=0.34 | search=1441 | target=site(2.92,3.30)
R4[GIVE_UP   ]: carry=0 | base=3.17 | wall=3.50 | search=2496 | target=none


======================================================================
Step 123500 (65.9 min) | Pickups: 164 | Deposits: 164 | Rate: 2.49 tags/min | phero_entries=0 max_w=0.000
======================================================================
R1[GIVE_UP   ]: carry=0 | base=0.52 | wall=5.60 | search=2964 | target=none
R2[SEARCH    ]: carry=0 | base=3.72 | wall=2.55 | search=146 | target=site(3.39,1.49)
R3[SEARCH    ]: carry=0 | base=7.88 | wall=0.35 | search=1941 | target=site(2.92,3.30)
R4[GIVE_UP   ]: carry=0 | base=1.25 | wall=5.02 | search=2496 | target=none

[PICKUP] R2 picked up tag (density=3) | Total: 165
  [GIVE-UP] R1 returned empty after 2964 searching steps
  [TARGET] R1 → WALL (5.92, 3.97)
  [GIVE-UP] R4 returned empty after 2496 searching steps
  [TARGET] R4 → WALL (-3.07, -5.92)

======================================================================
Step 124000 (66.1 min) | Pickups: 165 | Deposits: 164 | Rate: 2.48 tags/min | phero_entries=0 max_w=0.000
======================================================================
R1[DEPART    ]: carry=0 | base=1.42 | wall=4.89 | search=  0 | target=none
R2[RTB       ]: carry=1 | base=2.89 | wall=3.29 | search=  0 | target=none
R3[GIVE_UP   ]: carry=0 | base=7.13 | wall=0.89 | search=2184 | target=none
R4[DEPART    ]: carry=0 | base=0.25 | wall=5.79 | search=  0 | target=none


======================================================================
Step 124500 (66.4 min) | Pickups: 165 | Deposits: 164 | Rate: 2.47 tags/min | phero_entries=0 max_w=0.000
======================================================================
R1[DEPART    ]: carry=0 | base=3.33 | wall=3.27 | search=  0 | target=none
R2[RTB       ]: carry=1 | base=0.97 | wall=5.09 | search=  0 | target=none
R3[GIVE_UP   ]: carry=0 | base=5.21 | wall=2.27 | search=2184 | target=none
R4[SEARCH    ]: carry=0 | base=1.62 | wall=4.73 | search=472 | target=none

[DEPOSIT] R2 deposited! Total: 165
  [TARGET] R2 → SITE (3.46, 1.41)

======================================================================
Step 125000 (66.7 min) | Pickups: 165 | Deposits: 165 | Rate: 2.47 tags/min | phero_entries=0 max_w=0.000
======================================================================
R1[SEARCH    ]: carry=0 | base=5.13 | wall=1.96 | search=228 | target=none
R2[SITE      ]: carry=0 | base=0.98 | wall=5.12 | search=  0 | target=site(3.46,1.41)
R3[GIVE_UP   ]: carry=0 | base=3.29 | wall=3.64 | search=2184 | target=none
R4[SEARCH    ]: carry=0 | base=3.36 | wall=3.55 | search=972 | target=none

[PICKUP] R4 picked up tag (density=10) | Total: 166

======================================================================
Step 125500 (66.9 min) | Pickups: 166 | Deposits: 165 | Rate: 2.47 tags/min | phero_entries=0 max_w=0.000
======================================================================
R1[SEARCH    ]: carry=0 | base=6.69 | wall=0.66 | search=728 | target=none
R2[SITE      ]: carry=0 | base=2.90 | wall=3.32 | search=  0 | target=site(3.46,1.41)
R3[GIVE_UP   ]: carry=0 | base=1.37 | wall=5.02 | search=2184 | target=none
R4[SURVEY    ]: carry=1 | base=4.78 | wall=2.44 | search=  0 | target=none

[PICKUP] R2 picked up tag (density=2) | Total: 167
  [GIVE-UP] R3 returned empty after 2184 searching steps
  [TARGET] R3 → WALL (3.04, -5.92)

======================================================================
Step 126000 (67.2 min) | Pickups: 167 | Deposits: 165 | Rate: 2.46 tags/min | phero_entries=0 max_w=0.000
======================================================================
R1[WALL_ESC  ]: carry=0 | base=6.83 | wall=0.33 | search=1228 | target=none
R2[RTB       ]: carry=1 | base=3.71 | wall=2.54 | search=  0 | target=none
R3[DEPART    ]: carry=0 | base=0.30 | wall=5.78 | search=  0 | target=none
R4[RTB       ]: carry=1 | base=3.57 | wall=3.31 | search=  0 | target=none


======================================================================
Step 126500 (67.5 min) | Pickups: 167 | Deposits: 165 | Rate: 2.45 tags/min | phero_entries=0 max_w=0.000
======================================================================
R1[WALL_ESC  ]: carry=0 | base=6.83 | wall=0.34 | search=1728 | target=none
R2[RTB       ]: carry=1 | base=1.81 | wall=4.30 | search=  0 | target=none
R3[SEARCH    ]: carry=0 | base=1.69 | wall=4.76 | search=287 | target=none
R4[RTB       ]: carry=1 | base=1.65 | wall=4.75 | search=  0 | target=none

[DEPOSIT] R4 deposited! Total: 166
  [TARGET] R4 → SITE (-3.19, -3.56)
[DEPOSIT] R2 deposited! Total: 167
  [TARGET] R2 → SITE (3.47, 1.41)

======================================================================
Step 127000 (67.7 min) | Pickups: 167 | Deposits: 167 | Rate: 2.47 tags/min | phero_entries=0 max_w=0.000
======================================================================
R1[GIVE_UP   ]: carry=0 | base=6.60 | wall=0.50 | search=2184 | target=none
R2[BASE_ESC  ]: carry=0 | base=0.23 | wall=5.80 | search=  0 | target=site(3.47,1.41)
R3[SEARCH    ]: carry=0 | base=3.07 | wall=3.07 | search=787 | target=none
R4[SITE      ]: carry=0 | base=0.32 | wall=5.73 | search=  0 | target=site(-3.19,-3.56)


======================================================================
Step 127500 (68.0 min) | Pickups: 167 | Deposits: 167 | Rate: 2.46 tags/min | phero_entries=0 max_w=0.000
======================================================================
R1[GIVE_UP   ]: carry=0 | base=4.68 | wall=2.10 | search=2184 | target=none
R2[SITE      ]: carry=0 | base=2.06 | wall=4.10 | search=  0 | target=site(3.47,1.41)
R3[GIVE_UP   ]: carry=0 | base=3.66 | wall=2.44 | search=1092 | target=none
R4[SITE      ]: carry=0 | base=2.22 | wall=4.38 | search=  0 | target=site(-3.19,-3.56)


======================================================================
Step 128000 (68.3 min) | Pickups: 167 | Deposits: 167 | Rate: 2.45 tags/min | phero_entries=0 max_w=0.000
======================================================================
R1[GIVE_UP   ]: carry=0 | base=2.76 | wall=3.70 | search=2184 | target=none
R2[SEARCH    ]: carry=0 | base=3.78 | wall=2.51 | search= 76 | target=site(3.47,1.41)
R3[GIVE_UP   ]: carry=0 | base=1.74 | wall=4.31 | search=1092 | target=none
R4[SITE      ]: carry=0 | base=4.14 | wall=2.93 | search=  0 | target=site(-3.19,-3.56)

[PICKUP] R4 picked up tag (density=9) | Total: 168
  [GIVE-UP] R3 returned empty after 1092 searching steps
  [TARGET] R3 → WALL (5.87, -5.92)

======================================================================
Step 128500 (68.5 min) | Pickups: 168 | Deposits: 167 | Rate: 2.44 tags/min | phero_entries=0 max_w=0.000
======================================================================
R1[GIVE_UP   ]: carry=0 | base=0.84 | wall=5.30 | search=2184 | target=none
R2[SEARCH    ]: carry=0 | base=4.43 | wall=2.78 | search=576 | target=site(3.47,1.41)
R3[DEPART    ]: carry=0 | base=0.26 | wall=5.77 | search=  0 | target=none
R4[RTB       ]: carry=1 | base=3.56 | wall=3.32 | search=  0 | target=none

  [GIVE-UP] R1 returned empty after 2184 searching steps
  [TARGET] R1 → WALL (-5.92, -4.86)

======================================================================
Step 129000 (68.8 min) | Pickups: 168 | Deposits: 167 | Rate: 2.43 tags/min | phero_entries=0 max_w=0.000
======================================================================
R1[SEARCH    ]: carry=0 | base=0.30 | wall=5.73 | search= 42 | target=none
R2[SEARCH    ]: carry=0 | base=5.95 | wall=1.24 | search=1076 | target=site(3.47,1.41)
R3[SEARCH    ]: carry=0 | base=2.11 | wall=4.47 | search=192 | target=none
R4[RTB       ]: carry=1 | base=1.64 | wall=4.77 | search=  0 | target=none

[DEPOSIT] R4 deposited! Total: 168
  [PHERO] Laid at (-2.91, -3.22) density=9 prob=0.59 entries=1
  [TARGET] R4 → SITE (-2.91, -3.22)

======================================================================
Step 129500 (69.1 min) | Pickups: 168 | Deposits: 168 | Rate: 2.43 tags/min | phero_entries=1 max_w=0.690
======================================================================
R1[GIVE_UP   ]: carry=0 | base=0.54 | wall=5.60 | search=312 | target=none
R2[WALL_ESC  ]: carry=0 | base=7.17 | wall=0.34 | search=1576 | target=site(3.47,1.41)
R3[SEARCH    ]: carry=0 | base=3.72 | wall=2.82 | search=692 | target=none
R4[SITE      ]: carry=0 | base=0.26 | wall=5.77 | search=  0 | target=site(-2.91,-3.22)

  [GIVE-UP] R1 returned empty after 312 searching steps
  [TARGET] R1 → PHERO (-2.91, -3.22)

======================================================================
Step 130000 (69.3 min) | Pickups: 168 | Deposits: 168 | Rate: 2.42 tags/min | phero_entries=1 max_w=0.139
======================================================================
R1[PHERO     ]: carry=0 | base=1.39 | wall=5.00 | search=  0 | target=phero(-2.91,-3.22)
R2[WALL_ESC  ]: carry=0 | base=7.22 | wall=0.34 | search=2076 | target=site(3.47,1.41)
R3[GIVE_UP   ]: carry=0 | base=3.55 | wall=2.66 | search=936 | target=none
R4[SITE      ]: carry=0 | base=2.14 | wall=4.37 | search=  0 | target=site(-2.91,-3.22)


======================================================================
Step 130500 (69.6 min) | Pickups: 168 | Deposits: 168 | Rate: 2.41 tags/min | phero_entries=1 max_w=0.028
======================================================================
R1[PHERO     ]: carry=0 | base=3.31 | wall=3.57 | search=  0 | target=phero(-2.91,-3.22)
R2[SEARCH    ]: carry=0 | base=7.12 | wall=0.39 | search=2576 | target=site(3.47,1.41)
R3[GIVE_UP   ]: carry=0 | base=1.63 | wall=4.46 | search=936 | target=none
R4[SITE      ]: carry=0 | base=4.06 | wall=2.98 | search=  0 | target=site(-2.91,-3.22)

  [GIVE-UP] R3 returned empty after 936 searching steps
  [TARGET] R3 → PHERO (-2.91, -3.22)

======================================================================
Step 131000 (69.9 min) | Pickups: 168 | Deposits: 168 | Rate: 2.40 tags/min | phero_entries=1 max_w=0.006
======================================================================
R1[SEARCH    ]: carry=0 | base=4.21 | wall=2.94 | search=244 | target=phero(-2.91,-3.22)
R2[GIVE_UP   ]: carry=0 | base=5.97 | wall=1.38 | search=2652 | target=none
R3[PHERO     ]: carry=0 | base=0.33 | wall=5.67 | search=  0 | target=phero(-2.91,-3.22)
R4[GIVE_UP   ]: carry=0 | base=3.67 | wall=3.28 | search=312 | target=none

[PICKUP] R2 picked up tag (density=12) | Total: 169

======================================================================
Step 131500 (70.1 min) | Pickups: 169 | Deposits: 168 | Rate: 2.40 tags/min | phero_entries=1 max_w=0.001
======================================================================
R1[GIVE_UP   ]: carry=0 | base=5.06 | wall=1.81 | search=624 | target=none
R2[SURVEY    ]: carry=1 | base=4.81 | wall=2.27 | search=  0 | target=none
R3[PHERO     ]: carry=0 | base=2.17 | wall=4.32 | search=  0 | target=phero(-2.91,-3.22)
R4[GIVE_UP   ]: carry=0 | base=1.75 | wall=4.70 | search=312 | target=none

  [GIVE-UP] R4 returned empty after 312 searching steps
  [TARGET] R4 → WALL (-5.92, 0.23)

======================================================================
Step 132000 (70.4 min) | Pickups: 169 | Deposits: 168 | Rate: 2.39 tags/min | phero_entries=0 max_w=0.000
======================================================================
R1[GIVE_UP   ]: carry=0 | base=3.15 | wall=3.39 | search=624 | target=none
R2[RTB       ]: carry=1 | base=3.26 | wall=3.52 | search=  0 | target=none
R3[PHERO     ]: carry=0 | base=4.08 | wall=2.96 | search=  0 | target=phero(-2.91,-3.22)
R4[BASE_ESC  ]: carry=0 | base=0.25 | wall=5.80 | search=  0 | target=none

[PICKUP] R3 picked up tag (density=8) | Total: 170
[PICKUP] R4 picked up tag (density=8) | Total: 171

======================================================================
Step 132500 (70.7 min) | Pickups: 171 | Deposits: 168 | Rate: 2.38 tags/min | phero_entries=0 max_w=0.000
======================================================================
R1[GIVE_UP   ]: carry=0 | base=1.23 | wall=4.98 | search=624 | target=none
R2[RTB       ]: carry=1 | base=1.34 | wall=4.98 | search=  0 | target=none
R3[RTB       ]: carry=1 | base=4.12 | wall=2.91 | search=  0 | target=none
R4[SURVEY    ]: carry=1 | base=1.75 | wall=4.25 | search=  0 | target=none

  [GIVE-UP] R1 returned empty after 624 searching steps
  [TARGET] R1 → WALL (-5.92, -2.71)
[DEPOSIT] R2 deposited! Total: 169
  [PHERO] Laid at (3.05, 3.73) density=12 prob=0.88 entries=1
  [TARGET] R2 → SITE (3.05, 3.73)

======================================================================
Step 133000 (70.9 min) | Pickups: 171 | Deposits: 169 | Rate: 2.38 tags/min | phero_entries=1 max_w=0.501
======================================================================
R1[DEPART    ]: carry=0 | base=0.71 | wall=5.43 | search=  0 | target=none
R2[SITE      ]: carry=0 | base=0.61 | wall=5.54 | search=  0 | target=site(3.05,3.73)
R3[RTB       ]: carry=1 | base=2.20 | wall=4.35 | search=  0 | target=none
R4[RTB       ]: carry=1 | base=0.72 | wall=5.28 | search=  0 | target=none

[DEPOSIT] R4 deposited! Total: 170
  [PHERO] Laid at (-1.75, -0.01) density=8 prob=0.46 entries=2
  [TARGET] R4 → SITE (-1.75, -0.01)

======================================================================
Step 133500 (71.2 min) | Pickups: 171 | Deposits: 170 | Rate: 2.39 tags/min | phero_entries=2 max_w=0.299
======================================================================
R1[DEPART    ]: carry=0 | base=2.62 | wall=3.66 | search=  0 | target=none
R2[SITE      ]: carry=0 | base=2.52 | wall=4.08 | search=  0 | target=site(3.05,3.73)
R3[RTB       ]: carry=1 | base=0.28 | wall=5.79 | search=  0 | target=none
R4[SITE      ]: carry=0 | base=1.22 | wall=4.78 | search=  0 | target=site(-1.75,-0.01)

[DEPOSIT] R3 deposited! Total: 171
  [PHERO] Laid at (-2.99, -3.30) density=8 prob=0.46 entries=3
  [TARGET] R3 → SITE (-2.99, -3.30)
[PICKUP] R4 picked up tag (density=7) | Total: 172
[PICKUP] R2 picked up tag (density=11) | Total: 173

======================================================================
Step 134000 (71.5 min) | Pickups: 173 | Deposits: 171 | Rate: 2.39 tags/min | phero_entries=3 max_w=0.208
======================================================================
R1[DEPART    ]: carry=0 | base=4.54 | wall=1.90 | search=  0 | target=none
R2[SURVEY    ]: carry=1 | base=4.28 | wall=2.70 | search=  0 | target=none
R3[SITE      ]: carry=0 | base=1.67 | wall=4.72 | search=  0 | target=site(-2.99,-3.30)
R4[RTB       ]: carry=1 | base=1.58 | wall=4.42 | search=  0 | target=none

[DEPOSIT] R4 deposited! Total: 172
  [TARGET] R4 → SITE (-1.81, -0.03)

======================================================================
Step 134500 (71.7 min) | Pickups: 173 | Deposits: 172 | Rate: 2.40 tags/min | phero_entries=3 max_w=0.042
======================================================================
R1[WALL_ESC  ]: carry=0 | base=6.22 | wall=0.33 | search=391 | target=none
R2[RTB       ]: carry=1 | base=3.12 | wall=3.64 | search=  0 | target=none
R3[SITE      ]: carry=0 | base=3.58 | wall=3.33 | search=  0 | target=site(-2.99,-3.30)
R4[SITE      ]: carry=0 | base=0.38 | wall=5.63 | search=  0 | target=site(-1.81,-0.03)

[PICKUP] R4 picked up tag (density=6) | Total: 174
[PICKUP] R3 picked up tag (density=7) | Total: 175

======================================================================
Step 135000 (72.0 min) | Pickups: 175 | Deposits: 172 | Rate: 2.39 tags/min | phero_entries=2 max_w=0.008
======================================================================
R1[SEARCH    ]: carry=0 | base=6.19 | wall=0.36 | search=891 | target=none
R2[RTB       ]: carry=1 | base=1.20 | wall=5.10 | search=  0 | target=none
R3[SURVEY    ]: carry=1 | base=4.61 | wall=2.64 | search=  0 | target=none
R4[SURVEY    ]: carry=1 | base=1.84 | wall=4.16 | search=  0 | target=none

[DEPOSIT] R2 deposited! Total: 173
  [PHERO] Laid at (2.72, 3.30) density=11 prob=0.80 entries=3
  [TARGET] R2 → SITE (2.72, 3.30)

======================================================================
Step 135500 (72.3 min) | Pickups: 175 | Deposits: 173 | Rate: 2.39 tags/min | phero_entries=2 max_w=0.445
======================================================================
R1[WALL_ESC  ]: carry=0 | base=6.26 | wall=0.33 | search=1391 | target=none
R2[SITE      ]: carry=0 | base=0.75 | wall=5.37 | search=  0 | target=site(2.72,3.30)
R3[RTB       ]: carry=1 | base=3.41 | wall=3.49 | search=  0 | target=none
R4[RTB       ]: carry=1 | base=1.87 | wall=4.13 | search=  0 | target=none

[DEPOSIT] R4 deposited! Total: 174
  [TARGET] R4 → SITE (-1.84, 0.01)

======================================================================
Step 136000 (72.5 min) | Pickups: 175 | Deposits: 174 | Rate: 2.40 tags/min | phero_entries=1 max_w=0.090
======================================================================
R1[SEARCH    ]: carry=0 | base=6.18 | wall=0.39 | search=1891 | target=none
R2[SITE      ]: carry=0 | base=2.67 | wall=3.92 | search=  0 | target=site(2.72,3.30)
R3[RTB       ]: carry=1 | base=1.49 | wall=4.90 | search=  0 | target=none
R4[BASE_ESC  ]: carry=0 | base=0.23 | wall=5.77 | search=  0 | target=site(-1.84,0.01)

[DEPOSIT] R3 deposited! Total: 175
  [TARGET] R3 → SITE (-3.16, -3.35)

======================================================================
Step 136500 (72.8 min) | Pickups: 175 | Deposits: 175 | Rate: 2.40 tags/min | phero_entries=1 max_w=0.018
======================================================================
R1[GIVE_UP   ]: carry=0 | base=5.57 | wall=0.98 | search=2184 | target=none
R2[SEARCH    ]: carry=0 | base=4.28 | wall=2.66 | search= 95 | target=site(2.72,3.30)
R3[SITE      ]: carry=0 | base=0.47 | wall=5.62 | search=  0 | target=site(-3.16,-3.35)
R4[SITE      ]: carry=0 | base=1.75 | wall=4.25 | search=  0 | target=site(-1.84,0.01)

[PICKUP] R4 picked up tag (density=5) | Total: 176

======================================================================
Step 137000 (73.1 min) | Pickups: 176 | Deposits: 175 | Rate: 2.40 tags/min | phero_entries=1 max_w=0.004
======================================================================
R1[GIVE_UP   ]: carry=0 | base=3.65 | wall=2.71 | search=2184 | target=none
R2[SEARCH    ]: carry=0 | base=2.92 | wall=3.34 | search=595 | target=site(2.72,3.30)
R3[SITE      ]: carry=0 | base=2.38 | wall=4.30 | search=  0 | target=site(-3.16,-3.35)
R4[SURVEY    ]: carry=1 | base=1.93 | wall=4.08 | search=  0 | target=none

[DEPOSIT] R4 deposited! Total: 176
  [TARGET] R4 → SITE (-1.92, 0.17)

======================================================================
Step 137500 (73.3 min) | Pickups: 176 | Deposits: 176 | Rate: 2.40 tags/min | phero_entries=0 max_w=0.000
======================================================================
R1[GIVE_UP   ]: carry=0 | base=1.73 | wall=4.44 | search=2184 | target=none
R2[SEARCH    ]: carry=0 | base=1.36 | wall=4.65 | search=1095 | target=site(2.72,3.30)
R3[SITE      ]: carry=0 | base=4.30 | wall=2.88 | search=  0 | target=site(-3.16,-3.35)
R4[BASE_ESC  ]: carry=0 | base=0.23 | wall=5.77 | search=  0 | target=site(-1.92,0.17)

[PICKUP] R3 picked up tag (density=6) | Total: 177
  [GIVE-UP] R1 returned empty after 2184 searching steps
  [TARGET] R1 → WALL (5.92, -1.52)

======================================================================
Step 138000 (73.6 min) | Pickups: 177 | Deposits: 176 | Rate: 2.39 tags/min | phero_entries=0 max_w=0.000
======================================================================
R1[DEPART    ]: carry=0 | base=0.26 | wall=5.80 | search=  0 | target=none
R2[SEARCH    ]: carry=0 | base=1.83 | wall=4.46 | search=1595 | target=site(2.72,3.30)
R3[RTB       ]: carry=1 | base=4.10 | wall=2.91 | search=  0 | target=none
R4[SITE      ]: carry=0 | base=1.78 | wall=4.23 | search=  0 | target=site(-1.92,0.17)

[PICKUP] R1 picked up tag (density=1) | Total: 178

======================================================================
Step 138500 (73.9 min) | Pickups: 178 | Deposits: 176 | Rate: 2.38 tags/min | phero_entries=0 max_w=0.000
======================================================================
R1[SURVEY    ]: carry=1 | base=1.12 | wall=4.98 | search=  0 | target=none
R2[SEARCH    ]: carry=0 | base=3.50 | wall=2.92 | search=2095 | target=site(2.72,3.30)
R3[RTB       ]: carry=1 | base=2.18 | wall=4.36 | search=  0 | target=none
R4[SEARCH    ]: carry=0 | base=1.84 | wall=4.47 | search=475 | target=site(-1.92,0.17)

[DEPOSIT] R1 deposited! Total: 177
  [TARGET] R1 → WALL (-5.92, -5.85)

======================================================================
Step 139000 (74.1 min) | Pickups: 178 | Deposits: 177 | Rate: 2.39 tags/min | phero_entries=0 max_w=0.000
======================================================================
R1[BASE_ESC  ]: carry=0 | base=0.24 | wall=5.76 | search=  0 | target=none
R2[SEARCH    ]: carry=0 | base=4.91 | wall=1.90 | search=2595 | target=site(2.72,3.30)
R3[RTB       ]: carry=1 | base=0.26 | wall=5.80 | search=  0 | target=none
R4[SEARCH    ]: carry=0 | base=1.08 | wall=4.94 | search=975 | target=site(-1.92,0.17)

[DEPOSIT] R3 deposited! Total: 178
  [TARGET] R3 → SITE (-3.08, -3.43)

======================================================================
Step 139500 (74.4 min) | Pickups: 178 | Deposits: 178 | Rate: 2.39 tags/min | phero_entries=0 max_w=0.000
======================================================================
R1[SEARCH    ]: carry=0 | base=1.36 | wall=4.70 | search=342 | target=none
R2[GIVE_UP   ]: carry=0 | base=4.38 | wall=2.74 | search=2808 | target=none
R3[SITE      ]: carry=0 | base=1.69 | wall=4.79 | search=  0 | target=site(-3.08,-3.43)
R4[SEARCH    ]: carry=0 | base=1.18 | wall=4.83 | search=1475 | target=site(-1.92,0.17)

[PICKUP] R2 picked up tag (density=18) | Total: 179

======================================================================
Step 140000 (74.7 min) | Pickups: 179 | Deposits: 178 | Rate: 2.38 tags/min | phero_entries=0 max_w=0.000
======================================================================
R1[SEARCH    ]: carry=0 | base=3.13 | wall=3.04 | search=842 | target=none
R2[RTB       ]: carry=1 | base=3.20 | wall=3.64 | search=  0 | target=none
R3[SITE      ]: carry=0 | base=3.61 | wall=3.33 | search=  0 | target=site(-3.08,-3.43)
R4[SEARCH    ]: carry=0 | base=1.04 | wall=4.96 | search=1975 | target=site(-1.92,0.17)

[PICKUP] R3 picked up tag (density=5) | Total: 180

======================================================================
Step 140500 (74.9 min) | Pickups: 180 | Deposits: 178 | Rate: 2.38 tags/min | phero_entries=0 max_w=0.000
======================================================================
R1[SEARCH    ]: carry=0 | base=4.63 | wall=1.86 | search=1342 | target=none
R2[RTB       ]: carry=1 | base=1.28 | wall=5.06 | search=  0 | target=none
R3[RTB       ]: carry=1 | base=4.58 | wall=2.57 | search=  0 | target=none
R4[SEARCH    ]: carry=0 | base=2.29 | wall=4.37 | search=2475 | target=site(-1.92,0.17)

[DEPOSIT] R2 deposited! Total: 179
  [PHERO] Laid at (-3.07, 2.74) density=18 prob=1.00 entries=1
  [TARGET] R2 → SITE (-3.07, 2.74)

======================================================================
Step 141000 (75.2 min) | Pickups: 180 | Deposits: 179 | Rate: 2.38 tags/min | phero_entries=1 max_w=0.476
======================================================================
R1[SEARCH    ]: carry=0 | base=5.47 | wall=1.97 | search=1842 | target=none
R2[SITE      ]: carry=0 | base=0.67 | wall=5.49 | search=  0 | target=site(-3.07,2.74)
R3[RTB       ]: carry=1 | base=2.71 | wall=3.94 | search=  0 | target=none
R4[GIVE_UP   ]: carry=0 | base=2.06 | wall=4.35 | search=2652 | target=none

  [GIVE-UP] R4 returned empty after 2652 searching steps
  [TARGET] R4 → PHERO (-3.07, 2.74)

======================================================================
Step 141500 (75.5 min) | Pickups: 180 | Deposits: 179 | Rate: 2.37 tags/min | phero_entries=1 max_w=0.096
======================================================================
R1[GIVE_UP   ]: carry=0 | base=5.64 | wall=1.07 | search=2340 | target=none
R2[SITE      ]: carry=0 | base=2.58 | wall=4.10 | search=  0 | target=site(-3.07,2.74)
R3[RTB       ]: carry=1 | base=0.79 | wall=5.40 | search=  0 | target=none
R4[BASE_ESC  ]: carry=0 | base=0.23 | wall=5.82 | search=  0 | target=phero(-3.07,2.74)

[DEPOSIT] R3 deposited! Total: 180
  [TARGET] R3 → SITE (-3.04, -3.43)
[PICKUP] R2 picked up tag (density=18) | Total: 181

======================================================================
Step 142000 (75.7 min) | Pickups: 181 | Deposits: 180 | Rate: 2.38 tags/min | phero_entries=1 max_w=0.019
======================================================================
R1[GIVE_UP   ]: carry=0 | base=3.87 | wall=2.59 | search=2340 | target=none
R2[RTB       ]: carry=1 | base=3.52 | wall=3.40 | search=  0 | target=none
R3[SITE      ]: carry=0 | base=1.03 | wall=5.16 | search=  0 | target=site(-3.04,-3.43)
R4[PHERO     ]: carry=0 | base=1.28 | wall=4.90 | search=  0 | target=phero(-3.07,2.74)


======================================================================
Step 142500 (76.0 min) | Pickups: 181 | Deposits: 180 | Rate: 2.37 tags/min | phero_entries=1 max_w=0.004
======================================================================
R1[GIVE_UP   ]: carry=0 | base=1.95 | wall=4.28 | search=2340 | target=none
R2[RTB       ]: carry=1 | base=1.61 | wall=4.82 | search=  0 | target=none
R3[SITE      ]: carry=0 | base=2.94 | wall=3.76 | search=  0 | target=site(-3.04,-3.43)
R4[PHERO     ]: carry=0 | base=3.18 | wall=3.58 | search=  0 | target=phero(-3.07,2.74)

[PICKUP] R4 picked up tag (density=17) | Total: 182
[DEPOSIT] R2 deposited! Total: 181
  [PHERO] Laid at (-2.65, 2.39) density=18 prob=1.00 entries=2
  [TARGET] R2 → SITE (-2.65, 2.39)
  [GIVE-UP] R1 returned empty after 2340 searching steps
  [TARGET] R1 → PHERO (-2.65, 2.39)
[PICKUP] R3 picked up tag (density=4) | Total: 183

======================================================================
Step 143000 (76.3 min) | Pickups: 183 | Deposits: 181 | Rate: 2.37 tags/min | phero_entries=1 max_w=0.629
======================================================================
R1[BASE_ESC  ]: carry=0 | base=0.22 | wall=5.80 | search=  0 | target=phero(-2.65,2.39)
R2[SITE      ]: carry=0 | base=0.36 | wall=5.70 | search=  0 | target=site(-2.65,2.39)
R3[SURVEY    ]: carry=1 | base=4.59 | wall=2.55 | search=  0 | target=none
R4[RTB       ]: carry=1 | base=2.79 | wall=3.91 | search=  0 | target=none


======================================================================
Step 143500 (76.5 min) | Pickups: 183 | Deposits: 181 | Rate: 2.36 tags/min | phero_entries=1 max_w=0.127
======================================================================
R1[PHERO     ]: carry=0 | base=1.82 | wall=4.56 | search=  0 | target=phero(-2.65,2.39)
R2[SITE      ]: carry=0 | base=2.26 | wall=4.35 | search=  0 | target=site(-2.65,2.39)
R3[RTB       ]: carry=1 | base=3.37 | wall=3.44 | search=  0 | target=none
R4[RTB       ]: carry=1 | base=0.87 | wall=5.35 | search=  0 | target=none

[DEPOSIT] R4 deposited! Total: 182
  [PHERO] Laid at (-2.65, 2.30) density=17 prob=0.99 entries=2
  [TARGET] R4 → SITE (-2.65, 2.30)
[PICKUP] R2 picked up tag (density=16) | Total: 184

======================================================================
Step 144000 (76.8 min) | Pickups: 184 | Deposits: 182 | Rate: 2.37 tags/min | phero_entries=2 max_w=0.340
======================================================================
R1[SEARCH    ]: carry=0 | base=3.55 | wall=3.37 | search= 48 | target=phero(-2.65,2.39)
R2[SURVEY    ]: carry=1 | base=3.60 | wall=3.30 | search=  0 | target=none
R3[RTB       ]: carry=1 | base=1.45 | wall=4.90 | search=  0 | target=none
R4[SITE      ]: carry=0 | base=1.08 | wall=5.14 | search=  0 | target=site(-2.65,2.30)

[DEPOSIT] R3 deposited! Total: 183
  [TARGET] R3 → SITE (-3.04, -3.45)

======================================================================
Step 144500 (77.1 min) | Pickups: 184 | Deposits: 183 | Rate: 2.37 tags/min | phero_entries=2 max_w=0.069
======================================================================
R1[GIVE_UP   ]: carry=0 | base=2.27 | wall=4.20 | search=468 | target=none
R2[RTB       ]: carry=1 | base=2.25 | wall=4.33 | search=  0 | target=none
R3[SITE      ]: carry=0 | base=0.51 | wall=5.56 | search=  0 | target=site(-3.04,-3.45)
R4[SITE      ]: carry=0 | base=2.92 | wall=3.80 | search=  0 | target=site(-2.65,2.30)

[PICKUP] R4 picked up tag (density=15) | Total: 185

======================================================================
Step 145000 (77.3 min) | Pickups: 185 | Deposits: 183 | Rate: 2.37 tags/min | phero_entries=2 max_w=0.014
======================================================================
R1[GIVE_UP   ]: carry=0 | base=0.37 | wall=5.71 | search=468 | target=none
R2[RTB       ]: carry=1 | base=0.35 | wall=5.74 | search=  0 | target=none
R3[SITE      ]: carry=0 | base=2.42 | wall=4.15 | search=  0 | target=site(-3.04,-3.45)
R4[SURVEY    ]: carry=1 | base=3.59 | wall=3.28 | search=  0 | target=none

[DEPOSIT] R2 deposited! Total: 184
  [PHERO] Laid at (-2.66, 2.37) density=16 prob=0.99 entries=2
  [TARGET] R2 → SITE (-2.66, 2.37)
  [GIVE-UP] R1 returned empty after 468 searching steps
  [TARGET] R1 → PHERO (-2.66, 2.37)

======================================================================
Step 145500 (77.6 min) | Pickups: 185 | Deposits: 184 | Rate: 2.37 tags/min | phero_entries=2 max_w=0.224
======================================================================
R1[PHERO     ]: carry=0 | base=1.52 | wall=4.85 | search=  0 | target=phero(-2.66,2.37)
R2[SITE      ]: carry=0 | base=1.47 | wall=4.93 | search=  0 | target=site(-2.66,2.37)
R3[SITE      ]: carry=0 | base=4.34 | wall=2.74 | search=  0 | target=site(-3.04,-3.45)
R4[RTB       ]: carry=1 | base=1.79 | wall=4.66 | search=  0 | target=none

[PICKUP] R3 picked up tag (density=3) | Total: 186
[DEPOSIT] R4 deposited! Total: 185
  [PHERO] Laid at (-2.73, 2.34) density=15 prob=0.98 entries=2
  [TARGET] R4 → SITE (-2.73, 2.34)

======================================================================
Step 146000 (77.9 min) | Pickups: 186 | Deposits: 185 | Rate: 2.38 tags/min | phero_entries=2 max_w=0.823
======================================================================
R1[PHERO     ]: carry=0 | base=3.39 | wall=3.46 | search=  0 | target=phero(-2.66,2.37)
R2[SITE      ]: carry=0 | base=3.31 | wall=3.53 | search=  0 | target=site(-2.66,2.37)
R3[RTB       ]: carry=1 | base=3.82 | wall=3.10 | search=  0 | target=none
R4[BASE_ESC  ]: carry=0 | base=0.22 | wall=5.84 | search=  0 | target=site(-2.73,2.34)

[PICKUP] R1 picked up tag (density=14) | Total: 187

======================================================================
Step 146500 (78.1 min) | Pickups: 187 | Deposits: 185 | Rate: 2.37 tags/min | phero_entries=2 max_w=0.166
======================================================================
R1[RTB       ]: carry=1 | base=2.81 | wall=3.92 | search=  0 | target=none
R2[SEARCH    ]: carry=0 | base=3.00 | wall=3.56 | search=436 | target=site(-2.66,2.37)
R3[RTB       ]: carry=1 | base=1.90 | wall=4.55 | search=  0 | target=none
R4[SITE      ]: carry=0 | base=1.93 | wall=4.57 | search=  0 | target=site(-2.73,2.34)

[PICKUP] R2 picked up tag (density=5) | Total: 188
[DEPOSIT] R3 deposited! Total: 186
  [TARGET] R3 → SITE (-3.01, -3.44)

======================================================================
Step 147000 (78.4 min) | Pickups: 188 | Deposits: 186 | Rate: 2.37 tags/min | phero_entries=2 max_w=0.034
======================================================================
R1[RTB       ]: carry=1 | base=0.96 | wall=5.29 | search=  0 | target=none
R2[RTB       ]: carry=1 | base=1.81 | wall=4.48 | search=  0 | target=none
R3[BASE_ESC  ]: carry=0 | base=0.22 | wall=5.82 | search=  0 | target=site(-3.01,-3.44)
R4[SEARCH    ]: carry=0 | base=3.62 | wall=3.26 | search= 55 | target=site(-2.73,2.34)

[PICKUP] R4 picked up tag (density=13) | Total: 189
[DEPOSIT] R1 deposited! Total: 187
  [PHERO] Laid at (-2.71, 2.40) density=14 prob=0.96 entries=3
  [TARGET] R1 → SITE (-2.71, 2.40)
[DEPOSIT] R2 deposited! Total: 188
  [TARGET] R2 → SITE (-1.66, 2.45)

======================================================================
Step 147500 (78.7 min) | Pickups: 189 | Deposits: 188 | Rate: 2.39 tags/min | phero_entries=2 max_w=0.365
======================================================================
R1[SITE      ]: carry=0 | base=1.00 | wall=5.20 | search=  0 | target=site(-2.71,2.40)
R2[BASE_ESC  ]: carry=0 | base=0.22 | wall=5.79 | search=  0 | target=site(-1.66,2.45)
R3[SITE      ]: carry=0 | base=1.96 | wall=4.48 | search=  0 | target=site(-3.01,-3.44)
R4[RTB       ]: carry=1 | base=2.70 | wall=3.98 | search=  0 | target=none


======================================================================
Step 148000 (78.9 min) | Pickups: 189 | Deposits: 188 | Rate: 2.38 tags/min | phero_entries=2 max_w=0.074
======================================================================
R1[SITE      ]: carry=0 | base=2.90 | wall=3.81 | search=  0 | target=site(-2.71,2.40)
R2[SITE      ]: carry=0 | base=2.06 | wall=4.27 | search=  0 | target=site(-1.66,2.45)
R3[SITE      ]: carry=0 | base=3.88 | wall=3.07 | search=  0 | target=site(-3.01,-3.44)
R4[RTB       ]: carry=1 | base=0.79 | wall=5.41 | search=  0 | target=none

[DEPOSIT] R4 deposited! Total: 189
  [PHERO] Laid at (-2.74, 2.37) density=13 prob=0.93 entries=2
  [TARGET] R4 → SITE (-2.74, 2.37)
[PICKUP] R2 picked up tag (density=4) | Total: 190
[PICKUP] R3 picked up tag (density=2) | Total: 191

======================================================================
Step 148500 (79.2 min) | Pickups: 191 | Deposits: 189 | Rate: 2.39 tags/min | phero_entries=2 max_w=0.318
======================================================================
R1[SEARCH    ]: carry=0 | base=3.58 | wall=3.40 | search=326 | target=site(-2.71,2.40)
R2[RTB       ]: carry=1 | base=2.21 | wall=4.13 | search=  0 | target=none
R3[RTB       ]: carry=1 | base=4.52 | wall=2.57 | search=  0 | target=none
R4[SITE      ]: carry=0 | base=1.16 | wall=5.18 | search=  0 | target=site(-2.74,2.37)


======================================================================
Step 149000 (79.5 min) | Pickups: 191 | Deposits: 189 | Rate: 2.38 tags/min | phero_entries=2 max_w=0.064
======================================================================
R1[SEARCH    ]: carry=0 | base=4.33 | wall=1.97 | search=826 | target=site(-2.71,2.40)
R2[RTB       ]: carry=1 | base=0.29 | wall=5.75 | search=  0 | target=none
R3[RTB       ]: carry=1 | base=2.60 | wall=4.02 | search=  0 | target=none
R4[SITE      ]: carry=0 | base=3.07 | wall=3.68 | search=  0 | target=site(-2.74,2.37)

[DEPOSIT] R2 deposited! Total: 190
  [TARGET] R2 → SITE (-1.48, 2.20)
[PICKUP] R4 picked up tag (density=12) | Total: 192

======================================================================
Step 149500 (79.7 min) | Pickups: 192 | Deposits: 190 | Rate: 2.38 tags/min | phero_entries=1 max_w=0.013
======================================================================
R1[SEARCH    ]: carry=0 | base=3.14 | wall=2.87 | search=1326 | target=site(-2.71,2.40)
R2[SITE      ]: carry=0 | base=1.66 | wall=4.60 | search=  0 | target=site(-1.48,2.20)
R3[RTB       ]: carry=1 | base=0.68 | wall=5.48 | search=  0 | target=none
R4[RTB       ]: carry=1 | base=3.33 | wall=3.49 | search=  0 | target=none

[DEPOSIT] R3 deposited! Total: 191
  [TARGET] R3 → SITE (-3.05, -3.48)
[PICKUP] R1 picked up tag (density=4) | Total: 193

======================================================================
Step 150000 (80.0 min) | Pickups: 193 | Deposits: 191 | Rate: 2.39 tags/min | phero_entries=1 max_w=0.003
======================================================================
R1[SURVEY    ]: carry=1 | base=2.09 | wall=4.07 | search=  0 | target=none
R2[SEARCH    ]: carry=0 | base=2.38 | wall=3.94 | search=254 | target=site(-1.48,2.20)
R3[SITE      ]: carry=0 | base=1.27 | wall=4.99 | search=  0 | target=site(-3.05,-3.48)
R4[RTB       ]: carry=1 | base=1.41 | wall=4.94 | search=  0 | target=none

[DEPOSIT] R4 deposited! Total: 192
  [PHERO] Laid at (-2.75, 2.35) density=12 prob=0.88 entries=1
  [TARGET] R4 → SITE (-2.75, 2.35)

======================================================================
Step 150500 (80.3 min) | Pickups: 193 | Deposits: 192 | Rate: 2.39 tags/min | phero_entries=1 max_w=0.532
======================================================================
R1[RTB       ]: carry=1 | base=0.88 | wall=5.21 | search=  0 | target=none
R2[SEARCH    ]: carry=0 | base=1.20 | wall=4.83 | search=754 | target=site(-1.48,2.20)
R3[SITE      ]: carry=0 | base=3.19 | wall=3.58 | search=  0 | target=site(-3.05,-3.48)
R4[SITE      ]: carry=0 | base=0.55 | wall=5.53 | search=  0 | target=site(-2.75,2.35)

[DEPOSIT] R1 deposited! Total: 193
  [TARGET] R1 → SITE (0.80, 1.93)
[PICKUP] R3 picked up tag (density=1) | Total: 194

======================================================================
Step 151000 (80.5 min) | Pickups: 194 | Deposits: 193 | Rate: 2.40 tags/min | phero_entries=1 max_w=0.107
======================================================================
R1[SITE      ]: carry=0 | base=1.08 | wall=4.98 | search=  0 | target=site(0.80,1.93)
R2[SEARCH    ]: carry=0 | base=1.39 | wall=4.61 | search=1254 | target=site(-1.48,2.20)
R3[SURVEY    ]: carry=1 | base=4.60 | wall=2.50 | search=  0 | target=none
R4[SITE      ]: carry=0 | base=2.46 | wall=4.11 | search=  0 | target=site(-2.75,2.35)

[PICKUP] R4 picked up tag (density=11) | Total: 195

======================================================================
Step 151500 (80.8 min) | Pickups: 195 | Deposits: 193 | Rate: 2.39 tags/min | phero_entries=1 max_w=0.022
======================================================================
R1[SEARCH    ]: carry=0 | base=1.67 | wall=4.41 | search=251 | target=site(0.80,1.93)
R2[SEARCH    ]: carry=0 | base=3.16 | wall=2.92 | search=1754 | target=site(-1.48,2.20)
R3[RTB       ]: carry=1 | base=3.22 | wall=3.53 | search=  0 | target=none
R4[SURVEY    ]: carry=1 | base=3.67 | wall=3.29 | search=  0 | target=none

[PICKUP] R2 picked up tag (density=23) | Total: 196

======================================================================
Step 152000 (81.1 min) | Pickups: 196 | Deposits: 193 | Rate: 2.38 tags/min | phero_entries=1 max_w=0.004
======================================================================
R1[SEARCH    ]: carry=0 | base=1.76 | wall=4.56 | search=751 | target=site(0.80,1.93)
R2[SURVEY    ]: carry=1 | base=4.78 | wall=1.36 | search=  0 | target=none
R3[RTB       ]: carry=1 | base=1.30 | wall=5.00 | search=  0 | target=none
R4[RTB       ]: carry=1 | base=2.63 | wall=4.08 | search=  0 | target=none

[DEPOSIT] R3 deposited! Total: 194
  [TARGET] R3 → PHERO (-2.75, 2.35)

======================================================================
Step 152500 (81.3 min) | Pickups: 196 | Deposits: 194 | Rate: 2.39 tags/min | phero_entries=0 max_w=0.000
======================================================================
R1[SEARCH    ]: carry=0 | base=3.27 | wall=3.26 | search=1251 | target=site(0.80,1.93)
R2[RTB       ]: carry=1 | base=3.85 | wall=2.24 | search=  0 | target=none
R3[PHERO     ]: carry=0 | base=0.34 | wall=5.73 | search=  0 | target=phero(-2.75,2.35)
R4[RTB       ]: carry=1 | base=0.71 | wall=5.48 | search=  0 | target=none

[DEPOSIT] R4 deposited! Total: 195
  [PHERO] Laid at (-2.70, 2.48) density=11 prob=0.80 entries=1
  [TARGET] R4 → SITE (-2.70, 2.48)

======================================================================
Step 153000 (81.6 min) | Pickups: 196 | Deposits: 195 | Rate: 2.39 tags/min | phero_entries=1 max_w=0.296
======================================================================
R1[SEARCH    ]: carry=0 | base=4.93 | wall=2.08 | search=1751 | target=site(0.80,1.93)
R2[RTB       ]: carry=1 | base=1.93 | wall=4.12 | search=  0 | target=none
R3[PHERO     ]: carry=0 | base=1.99 | wall=4.39 | search=  0 | target=phero(-2.75,2.35)
R4[SITE      ]: carry=0 | base=1.24 | wall=5.11 | search=  0 | target=site(-2.70,2.48)

[DEPOSIT] R2 deposited! Total: 196
  [PHERO] Laid at (4.64, -1.14) density=23 prob=1.00 entries=2
  [TARGET] R2 → SITE (4.64, -1.14)

======================================================================
Step 153500 (81.9 min) | Pickups: 196 | Deposits: 196 | Rate: 2.39 tags/min | phero_entries=2 max_w=0.820
======================================================================
R1[SEARCH    ]: carry=0 | base=6.40 | wall=1.25 | search=2251 | target=site(0.80,1.93)
R2[BASE_ESC  ]: carry=0 | base=0.22 | wall=5.78 | search=  0 | target=site(4.64,-1.14)
R3[SEARCH    ]: carry=0 | base=3.63 | wall=3.28 | search= 85 | target=phero(-2.75,2.35)
R4[SITE      ]: carry=0 | base=3.16 | wall=3.69 | search=  0 | target=site(-2.70,2.48)

[PICKUP] R3 picked up tag (density=10) | Total: 197
[PICKUP] R4 picked up tag (density=9) | Total: 198

======================================================================
Step 154000 (82.1 min) | Pickups: 198 | Deposits: 196 | Rate: 2.39 tags/min | phero_entries=2 max_w=0.166
======================================================================
R1[WALL_ESC  ]: carry=0 | base=7.63 | wall=0.34 | search=2751 | target=site(0.80,1.93)
R2[SITE      ]: carry=0 | base=1.93 | wall=4.11 | search=  0 | target=site(4.64,-1.14)
R3[RTB       ]: carry=1 | base=2.87 | wall=3.87 | search=  0 | target=none
R4[SURVEY    ]: carry=1 | base=3.75 | wall=3.27 | search=  0 | target=none


======================================================================
Step 154500 (82.4 min) | Pickups: 198 | Deposits: 196 | Rate: 2.38 tags/min | phero_entries=2 max_w=0.033
======================================================================
R1[WALL_ESC  ]: carry=0 | base=7.68 | wall=0.32 | search=3251 | target=site(0.80,1.93)
R2[SITE      ]: carry=0 | base=3.85 | wall=2.25 | search=  0 | target=site(4.64,-1.14)
R3[RTB       ]: carry=1 | base=0.95 | wall=5.29 | search=  0 | target=none
R4[RTB       ]: carry=1 | base=1.92 | wall=4.62 | search=  0 | target=none

[DEPOSIT] R3 deposited! Total: 197
  [PHERO] Laid at (-2.75, 2.44) density=10 prob=0.71 entries=3
  [TARGET] R3 → SITE (-2.75, 2.44)
[PICKUP] R2 picked up tag (density=20) | Total: 199
[DEPOSIT] R4 deposited! Total: 198
  [PHERO] Laid at (-2.73, 2.57) density=9 prob=0.59 entries=3
  [TARGET] R4 → SITE (-2.73, 2.57)

======================================================================
Step 155000 (82.7 min) | Pickups: 199 | Deposits: 198 | Rate: 2.40 tags/min | phero_entries=3 max_w=0.810
======================================================================
R1[SEARCH    ]: carry=0 | base=7.56 | wall=0.40 | search=3751 | target=site(0.80,1.93)
R2[RTB       ]: carry=1 | base=4.54 | wall=1.57 | search=  0 | target=none
R3[SITE      ]: carry=0 | base=0.99 | wall=5.28 | search=  0 | target=site(-2.75,2.44)
R4[BASE_ESC  ]: carry=0 | base=0.22 | wall=5.83 | search=  0 | target=site(-2.73,2.57)


======================================================================
Step 155500 (82.9 min) | Pickups: 199 | Deposits: 198 | Rate: 2.39 tags/min | phero_entries=3 max_w=0.163
======================================================================
R1[WALL_ESC  ]: carry=0 | base=7.64 | wall=0.32 | search=4212 | target=none
R2[RTB       ]: carry=1 | base=2.63 | wall=3.43 | search=  0 | target=none
R3[SITE      ]: carry=0 | base=2.90 | wall=3.84 | search=  0 | target=site(-2.75,2.44)
R4[SITE      ]: carry=0 | base=1.96 | wall=4.62 | search=  0 | target=site(-2.73,2.57)


======================================================================
Step 156000 (83.2 min) | Pickups: 199 | Deposits: 198 | Rate: 2.38 tags/min | phero_entries=2 max_w=0.033
======================================================================
R1[GIVE_UP   ]: carry=0 | base=5.74 | wall=1.72 | search=4212 | target=none
R2[RTB       ]: carry=1 | base=0.71 | wall=5.31 | search=  0 | target=none
R3[SEARCH    ]: carry=0 | base=3.34 | wall=3.54 | search=313 | target=site(-2.75,2.44)
R4[SEARCH    ]: carry=0 | base=3.73 | wall=3.30 | search= 47 | target=site(-2.73,2.57)

[DEPOSIT] R2 deposited! Total: 199
  [PHERO] Laid at (4.46, -1.09) density=20 prob=1.00 entries=3
  [TARGET] R2 → SITE (4.46, -1.09)
[PICKUP] R1 picked up tag (density=8) | Total: 200

======================================================================
Step 156500 (83.5 min) | Pickups: 200 | Deposits: 199 | Rate: 2.38 tags/min | phero_entries=3 max_w=0.296
======================================================================
R1[SURVEY    ]: carry=1 | base=4.07 | wall=2.97 | search=  0 | target=none
R2[SITE      ]: carry=0 | base=1.25 | wall=4.81 | search=  0 | target=site(4.46,-1.09)
R3[SEARCH    ]: carry=0 | base=1.75 | wall=4.59 | search=813 | target=site(-2.75,2.44)
R4[SEARCH    ]: carry=0 | base=4.58 | wall=2.35 | search=547 | target=site(-2.73,2.57)


======================================================================
Step 157000 (83.7 min) | Pickups: 200 | Deposits: 199 | Rate: 2.38 tags/min | phero_entries=2 max_w=0.060
======================================================================
R1[RTB       ]: carry=1 | base=2.64 | wall=4.05 | search=  0 | target=none
R2[SITE      ]: carry=0 | base=3.16 | wall=2.93 | search=  0 | target=site(4.46,-1.09)
R3[BASE_ESC  ]: carry=0 | base=0.24 | wall=5.77 | search=1313 | target=site(-2.75,2.44)
R4[SEARCH    ]: carry=0 | base=6.05 | wall=1.39 | search=1047 | target=site(-2.73,2.57)


======================================================================
Step 157500 (84.0 min) | Pickups: 200 | Deposits: 199 | Rate: 2.37 tags/min | phero_entries=1 max_w=0.012
======================================================================
R1[RTB       ]: carry=1 | base=0.72 | wall=5.47 | search=  0 | target=none
R2[SEARCH    ]: carry=0 | base=4.52 | wall=1.60 | search=141 | target=site(4.46,-1.09)
R3[SEARCH    ]: carry=0 | base=1.04 | wall=4.97 | search=1813 | target=site(-2.75,2.44)
R4[GIVE_UP   ]: carry=0 | base=7.17 | wall=0.52 | search=1404 | target=none

[DEPOSIT] R1 deposited! Total: 200
  [PHERO] Laid at (-3.04, 2.72) density=8 prob=0.46 entries=2
  [TARGET] R1 → SITE (-3.04, 2.72)

======================================================================
Step 158000 (84.3 min) | Pickups: 200 | Deposits: 200 | Rate: 2.37 tags/min | phero_entries=2 max_w=0.299
======================================================================
R1[SITE      ]: carry=0 | base=1.23 | wall=5.12 | search=  0 | target=site(-3.04,2.72)
R2[SEARCH    ]: carry=0 | base=5.57 | wall=0.89 | search=641 | target=site(4.46,-1.09)
R3[SEARCH    ]: carry=0 | base=2.14 | wall=4.48 | search=2313 | target=site(-2.75,2.44)
R4[GIVE_UP   ]: carry=0 | base=5.26 | wall=1.98 | search=1404 | target=none


======================================================================
Step 158500 (84.5 min) | Pickups: 200 | Deposits: 200 | Rate: 2.37 tags/min | phero_entries=1 max_w=0.060
======================================================================
R1[SITE      ]: carry=0 | base=3.15 | wall=3.67 | search=  0 | target=site(-3.04,2.72)
R2[WALL_ESC  ]: carry=0 | base=6.06 | wall=0.34 | search=1141 | target=site(4.46,-1.09)
R3[SEARCH    ]: carry=0 | base=3.60 | wall=2.83 | search=2813 | target=site(-2.75,2.44)
R4[GIVE_UP   ]: carry=0 | base=3.34 | wall=3.45 | search=1404 | target=none

[PICKUP] R1 picked up tag (density=7) | Total: 201

======================================================================
Step 159000 (84.8 min) | Pickups: 201 | Deposits: 200 | Rate: 2.36 tags/min | phero_entries=1 max_w=0.012
======================================================================
R1[RTB       ]: carry=1 | base=3.37 | wall=3.52 | search=  0 | target=none
R2[GIVE_UP   ]: carry=0 | base=6.00 | wall=0.40 | search=1560 | target=none
R3[SEARCH    ]: carry=0 | base=4.60 | wall=2.71 | search=3313 | target=site(-2.75,2.44)
R4[GIVE_UP   ]: carry=0 | base=1.42 | wall=4.92 | search=1404 | target=none

  [GIVE-UP] R4 returned empty after 1404 searching steps
  [TARGET] R4 → PHERO (-3.04, 2.72)

======================================================================
Step 159500 (85.1 min) | Pickups: 201 | Deposits: 200 | Rate: 2.35 tags/min | phero_entries=1 max_w=0.002
======================================================================
R1[RTB       ]: carry=1 | base=1.45 | wall=4.94 | search=  0 | target=none
R2[GIVE_UP   ]: carry=0 | base=4.10 | wall=2.17 | search=1560 | target=none
R3[SEARCH    ]: carry=0 | base=6.32 | wall=1.36 | search=3813 | target=site(-2.75,2.44)
R4[PHERO     ]: carry=0 | base=0.56 | wall=5.55 | search=  0 | target=phero(-3.04,2.72)

[DEPOSIT] R1 deposited! Total: 201
  [PHERO] Laid at (-2.80, 2.52) density=7 prob=0.32 entries=1
  [TARGET] R1 → SITE (-2.80, 2.52)

======================================================================
Step 160000 (85.3 min) | Pickups: 201 | Deposits: 201 | Rate: 2.36 tags/min | phero_entries=1 max_w=0.564
======================================================================
R1[SITE      ]: carry=0 | base=0.48 | wall=5.61 | search=  0 | target=site(-2.80,2.52)
R2[GIVE_UP   ]: carry=0 | base=2.18 | wall=3.97 | search=1560 | target=none
R3[WALL_ESC  ]: carry=0 | base=7.81 | wall=0.30 | search=4313 | target=site(-2.75,2.44)
R4[PHERO     ]: carry=0 | base=2.43 | wall=4.17 | search=  0 | target=phero(-3.04,2.72)

[PICKUP] R4 picked up tag (density=6) | Total: 202

======================================================================
Step 160500 (85.6 min) | Pickups: 202 | Deposits: 201 | Rate: 2.35 tags/min | phero_entries=1 max_w=0.114
======================================================================
R1[SITE      ]: carry=0 | base=2.38 | wall=4.26 | search=  0 | target=site(-2.80,2.52)
R2[GIVE_UP   ]: carry=0 | base=0.26 | wall=5.76 | search=1560 | target=none
R3[SEARCH    ]: carry=0 | base=7.73 | wall=0.40 | search=4813 | target=site(-2.75,2.44)
R4[SURVEY    ]: carry=1 | base=3.79 | wall=3.18 | search=  0 | target=none

  [GIVE-UP] R2 returned empty after 1560 searching steps
  [TARGET] R2 → PHERO (-2.80, 2.52)
[PICKUP] R1 picked up tag (density=5) | Total: 203

======================================================================
Step 161000 (85.9 min) | Pickups: 203 | Deposits: 201 | Rate: 2.34 tags/min | phero_entries=1 max_w=0.023
======================================================================
R1[SURVEY    ]: carry=1 | base=3.77 | wall=3.15 | search=  0 | target=none
R2[PHERO     ]: carry=0 | base=0.90 | wall=5.25 | search=  0 | target=phero(-2.80,2.52)
R3[WALL_ESC  ]: carry=0 | base=7.78 | wall=0.34 | search=5313 | target=site(-2.75,2.44)
R4[RTB       ]: carry=1 | base=2.22 | wall=4.38 | search=  0 | target=none


======================================================================
Step 161500 (86.1 min) | Pickups: 203 | Deposits: 201 | Rate: 2.33 tags/min | phero_entries=1 max_w=0.005
======================================================================
R1[RTB       ]: carry=1 | base=2.57 | wall=4.08 | search=  0 | target=none
R2[PHERO     ]: carry=0 | base=2.79 | wall=3.98 | search=  0 | target=phero(-2.80,2.52)
R3[GIVE_UP   ]: carry=0 | base=6.87 | wall=1.12 | search=5460 | target=none
R4[RTB       ]: carry=1 | base=0.30 | wall=5.78 | search=  0 | target=none

[DEPOSIT] R4 deposited! Total: 202
  [TARGET] R4 → SITE (-2.82, 2.52)

======================================================================
Step 162000 (86.4 min) | Pickups: 203 | Deposits: 202 | Rate: 2.34 tags/min | phero_entries=0 max_w=0.000
======================================================================
R1[RTB       ]: carry=1 | base=0.65 | wall=5.51 | search=  0 | target=none
R2[SEARCH    ]: carry=0 | base=3.45 | wall=3.54 | search=258 | target=phero(-2.80,2.52)
R3[GIVE_UP   ]: carry=0 | base=4.95 | wall=2.48 | search=5460 | target=none
R4[SITE      ]: carry=0 | base=1.66 | wall=4.81 | search=  0 | target=site(-2.82,2.52)

[DEPOSIT] R1 deposited! Total: 203
  [TARGET] R1 → SITE (-2.85, 2.47)
[PICKUP] R2 picked up tag (density=3) | Total: 204
[PICKUP] R3 picked up tag (density=18) | Total: 205

======================================================================
Step 162500 (86.7 min) | Pickups: 205 | Deposits: 203 | Rate: 2.34 tags/min | phero_entries=0 max_w=0.000
======================================================================
R1[SITE      ]: carry=0 | base=1.30 | wall=5.07 | search=  0 | target=site(-2.85,2.47)
R2[RTB       ]: carry=1 | base=2.81 | wall=3.59 | search=  0 | target=none
R3[SURVEY    ]: carry=1 | base=3.44 | wall=3.56 | search=  0 | target=none
R4[SITE      ]: carry=0 | base=3.57 | wall=3.34 | search=  0 | target=site(-2.82,2.52)


======================================================================
Step 163000 (86.9 min) | Pickups: 205 | Deposits: 203 | Rate: 2.34 tags/min | phero_entries=0 max_w=0.000
======================================================================
R1[SITE      ]: carry=0 | base=3.21 | wall=3.59 | search=  0 | target=site(-2.85,2.47)
R2[RTB       ]: carry=1 | base=0.89 | wall=5.23 | search=  0 | target=none
R3[RTB       ]: carry=1 | base=2.29 | wall=4.33 | search=  0 | target=none
R4[SEARCH    ]: carry=0 | base=3.58 | wall=3.08 | search=459 | target=site(-2.82,2.52)

[DEPOSIT] R2 deposited! Total: 204
  [TARGET] R2 → SITE (-1.66, 2.62)
[PICKUP] R1 picked up tag (density=4) | Total: 206

======================================================================
Step 163500 (87.2 min) | Pickups: 206 | Deposits: 204 | Rate: 2.34 tags/min | phero_entries=0 max_w=0.000
======================================================================
R1[RTB       ]: carry=1 | base=3.64 | wall=3.27 | search=  0 | target=none
R2[SITE      ]: carry=0 | base=1.06 | wall=5.14 | search=  0 | target=site(-1.66,2.62)
R3[RTB       ]: carry=1 | base=0.37 | wall=5.73 | search=  0 | target=none
R4[SEARCH    ]: carry=0 | base=3.26 | wall=2.77 | search=959 | target=site(-2.82,2.52)

[DEPOSIT] R3 deposited! Total: 205
  [PHERO] Laid at (2.44, -2.42) density=18 prob=1.00 entries=1
  [TARGET] R3 → SITE (2.44, -2.42)
[PICKUP] R2 picked up tag (density=2) | Total: 207

======================================================================
Step 164000 (87.5 min) | Pickups: 207 | Deposits: 205 | Rate: 2.34 tags/min | phero_entries=1 max_w=0.222
======================================================================
R1[RTB       ]: carry=1 | base=1.72 | wall=4.71 | search=  0 | target=none
R2[SURVEY    ]: carry=1 | base=2.62 | wall=3.80 | search=  0 | target=none
R3[SITE      ]: carry=0 | base=1.58 | wall=4.83 | search=  0 | target=site(2.44,-2.42)
R4[SEARCH    ]: carry=0 | base=2.24 | wall=3.92 | search=1459 | target=site(-2.82,2.52)

[PICKUP] R4 picked up tag (density=3) | Total: 208
[DEPOSIT] R1 deposited! Total: 206
  [TARGET] R1 → PHERO (2.44, -2.42)
[PICKUP] R3 picked up tag (density=17) | Total: 209

======================================================================
Step 164500 (87.7 min) | Pickups: 209 | Deposits: 206 | Rate: 2.35 tags/min | phero_entries=1 max_w=0.045
======================================================================
R1[PHERO     ]: carry=0 | base=0.26 | wall=5.77 | search=  0 | target=phero(2.44,-2.42)
R2[RTB       ]: carry=1 | base=1.21 | wall=4.97 | search=  0 | target=none
R3[SURVEY    ]: carry=1 | base=3.30 | wall=3.65 | search=  0 | target=none
R4[RTB       ]: carry=1 | base=1.34 | wall=4.81 | search=  0 | target=none

[DEPOSIT] R2 deposited! Total: 207
  [TARGET] R2 → PHERO (2.44, -2.42)
[DEPOSIT] R4 deposited! Total: 208
  [TARGET] R4 → SITE (0.86, 1.92)

======================================================================
Step 165000 (88.0 min) | Pickups: 209 | Deposits: 208 | Rate: 2.36 tags/min | phero_entries=1 max_w=0.009
======================================================================
R1[PHERO     ]: carry=0 | base=1.09 | wall=5.12 | search=  0 | target=phero(2.44,-2.42)
R2[PHERO     ]: carry=0 | base=0.26 | wall=5.76 | search=  0 | target=phero(2.44,-2.42)
R3[RTB       ]: carry=1 | base=2.22 | wall=4.37 | search=  0 | target=none
R4[SITE      ]: carry=0 | base=0.63 | wall=5.40 | search=  0 | target=site(0.86,1.92)


======================================================================
Step 165500 (88.3 min) | Pickups: 209 | Deposits: 208 | Rate: 2.36 tags/min | phero_entries=1 max_w=0.002
======================================================================
R1[PHERO     ]: carry=0 | base=2.99 | wall=3.87 | search=  0 | target=phero(2.44,-2.42)
R2[PHERO     ]: carry=0 | base=1.74 | wall=4.67 | search=  0 | target=phero(2.44,-2.42)
R3[RTB       ]: carry=1 | base=0.30 | wall=5.78 | search=  0 | target=none
R4[SEARCH    ]: carry=0 | base=2.09 | wall=4.06 | search=129 | target=site(0.86,1.92)

[DEPOSIT] R3 deposited! Total: 209
  [PHERO] Laid at (2.35, -2.32) density=17 prob=0.99 entries=2
  [TARGET] R3 → SITE (2.35, -2.32)
[PICKUP] R1 picked up tag (density=16) | Total: 210

======================================================================
Step 166000 (88.5 min) | Pickups: 210 | Deposits: 209 | Rate: 2.36 tags/min | phero_entries=1 max_w=0.211
======================================================================
R1[RTB       ]: carry=1 | base=3.30 | wall=3.56 | search=  0 | target=none
R2[SEARCH    ]: carry=0 | base=3.43 | wall=3.55 | search= 68 | target=phero(2.44,-2.42)
R3[SITE      ]: carry=0 | base=1.64 | wall=4.79 | search=  0 | target=site(2.35,-2.32)
R4[SEARCH    ]: carry=0 | base=1.53 | wall=4.65 | search=629 | target=site(0.86,1.92)

[PICKUP] R2 picked up tag (density=15) | Total: 211

======================================================================
Step 166500 (88.8 min) | Pickups: 211 | Deposits: 209 | Rate: 2.35 tags/min | phero_entries=1 max_w=0.043
======================================================================
R1[RTB       ]: carry=1 | base=1.38 | wall=4.97 | search=  0 | target=none
R2[RTB       ]: carry=1 | base=2.82 | wall=3.89 | search=  0 | target=none
R3[SEARCH    ]: carry=0 | base=3.28 | wall=3.64 | search= 82 | target=site(2.35,-2.32)
R4[SEARCH    ]: carry=0 | base=2.01 | wall=4.05 | search=1129 | target=site(0.86,1.92)

[PICKUP] R3 picked up tag (density=14) | Total: 212
[DEPOSIT] R1 deposited! Total: 210
  [PHERO] Laid at (2.48, -2.40) density=16 prob=0.99 entries=2
  [TARGET] R1 → SITE (2.48, -2.40)

======================================================================
Step 167000 (89.1 min) | Pickups: 212 | Deposits: 210 | Rate: 2.36 tags/min | phero_entries=2 max_w=0.521
======================================================================
R1[SITE      ]: carry=0 | base=0.57 | wall=5.53 | search=  0 | target=site(2.48,-2.40)
R2[RTB       ]: carry=1 | base=0.90 | wall=5.33 | search=  0 | target=none
R3[RTB       ]: carry=1 | base=2.45 | wall=4.17 | search=  0 | target=none
R4[SEARCH    ]: carry=0 | base=3.46 | wall=2.55 | search=1629 | target=site(0.86,1.92)

[DEPOSIT] R2 deposited! Total: 211
  [PHERO] Laid at (2.46, -2.35) density=15 prob=0.98 entries=3
  [TARGET] R2 → SITE (2.46, -2.35)

======================================================================
Step 167500 (89.3 min) | Pickups: 212 | Deposits: 211 | Rate: 2.36 tags/min | phero_entries=3 max_w=0.355
======================================================================
R1[SITE      ]: carry=0 | base=2.36 | wall=4.27 | search=  0 | target=site(2.48,-2.40)
R2[SITE      ]: carry=0 | base=1.02 | wall=5.20 | search=  0 | target=site(2.46,-2.35)
R3[RTB       ]: carry=1 | base=0.66 | wall=5.51 | search=  0 | target=none
R4[GIVE_UP   ]: carry=0 | base=3.71 | wall=2.33 | search=1872 | target=none

[DEPOSIT] R3 deposited! Total: 212
  [PHERO] Laid at (2.37, -2.26) density=14 prob=0.96 entries=4
  [TARGET] R3 → SITE (2.37, -2.26)
[PICKUP] R1 picked up tag (density=13) | Total: 213

======================================================================
Step 168000 (89.6 min) | Pickups: 213 | Deposits: 212 | Rate: 2.37 tags/min | phero_entries=3 max_w=0.285
======================================================================
R1[SURVEY    ]: carry=1 | base=3.52 | wall=3.43 | search=  0 | target=none
R2[SITE      ]: carry=0 | base=2.94 | wall=3.86 | search=  0 | target=site(2.46,-2.35)
R3[SITE      ]: carry=0 | base=1.29 | wall=5.02 | search=  0 | target=site(2.37,-2.26)
R4[GIVE_UP   ]: carry=0 | base=1.79 | wall=4.23 | search=1872 | target=none

[PICKUP] R2 picked up tag (density=12) | Total: 214
  [GIVE-UP] R4 returned empty after 1872 searching steps
  [TARGET] R4 → PHERO (2.37, -2.26)

======================================================================
Step 168500 (89.9 min) | Pickups: 214 | Deposits: 212 | Rate: 2.36 tags/min | phero_entries=3 max_w=0.058
======================================================================
R1[RTB       ]: carry=1 | base=2.10 | wall=4.42 | search=  0 | target=none
R2[RTB       ]: carry=1 | base=3.14 | wall=3.63 | search=  0 | target=none
R3[SITE      ]: carry=0 | base=3.20 | wall=3.68 | search=  0 | target=site(2.37,-2.26)
R4[BASE_ESC  ]: carry=0 | base=0.23 | wall=5.77 | search=  0 | target=phero(2.37,-2.26)

[DEPOSIT] R1 deposited! Total: 213
  [PHERO] Laid at (2.57, -2.40) density=13 prob=0.93 entries=3
  [TARGET] R1 → SITE (2.57, -2.40)

======================================================================
Step 169000 (90.1 min) | Pickups: 214 | Deposits: 213 | Rate: 2.36 tags/min | phero_entries=3 max_w=0.944
======================================================================
R1[BASE_ESC  ]: carry=0 | base=0.23 | wall=5.83 | search=  0 | target=site(2.57,-2.40)
R2[RTB       ]: carry=1 | base=1.22 | wall=5.08 | search=  0 | target=none
R3[SEARCH    ]: carry=0 | base=4.45 | wall=2.35 | search=495 | target=site(2.37,-2.26)
R4[PHERO     ]: carry=0 | base=1.25 | wall=5.03 | search=  0 | target=phero(2.37,-2.26)

[DEPOSIT] R2 deposited! Total: 214
  [PHERO] Laid at (2.49, -2.33) density=12 prob=0.88 entries=4
  [TARGET] R2 → SITE (2.49, -2.33)

======================================================================
Step 169500 (90.4 min) | Pickups: 214 | Deposits: 214 | Rate: 2.37 tags/min | phero_entries=3 max_w=0.455
======================================================================
R1[SITE      ]: carry=0 | base=1.78 | wall=4.74 | search=  0 | target=site(2.57,-2.40)
R2[SITE      ]: carry=0 | base=0.73 | wall=5.41 | search=  0 | target=site(2.49,-2.33)
R3[SEARCH    ]: carry=0 | base=5.66 | wall=0.69 | search=995 | target=site(2.37,-2.26)
R4[PHERO     ]: carry=0 | base=3.15 | wall=3.73 | search=  0 | target=phero(2.37,-2.26)


======================================================================
Step 170000 (90.7 min) | Pickups: 214 | Deposits: 214 | Rate: 2.36 tags/min | phero_entries=2 max_w=0.092
======================================================================
R1[SEARCH    ]: carry=0 | base=3.53 | wall=3.40 | search= 59 | target=site(2.57,-2.40)
R2[SITE      ]: carry=0 | base=2.64 | wall=4.05 | search=  0 | target=site(2.49,-2.33)
R3[SEARCH    ]: carry=0 | base=5.92 | wall=0.39 | search=1495 | target=site(2.37,-2.26)
R4[SEARCH    ]: carry=0 | base=4.19 | wall=2.88 | search=481 | target=phero(2.37,-2.26)

[PICKUP] R1 picked up tag (density=11) | Total: 215
[PICKUP] R2 picked up tag (density=10) | Total: 216

======================================================================
Step 170500 (90.9 min) | Pickups: 216 | Deposits: 214 | Rate: 2.35 tags/min | phero_entries=2 max_w=0.019
======================================================================
R1[RTB       ]: carry=1 | base=2.94 | wall=3.75 | search=  0 | target=none
R2[RTB       ]: carry=1 | base=2.72 | wall=3.94 | search=  0 | target=none
R3[SEARCH    ]: carry=0 | base=5.92 | wall=0.39 | search=1995 | target=site(2.37,-2.26)
R4[SEARCH    ]: carry=0 | base=5.74 | wall=1.20 | search=981 | target=phero(2.37,-2.26)


======================================================================
Step 171000 (91.2 min) | Pickups: 216 | Deposits: 214 | Rate: 2.35 tags/min | phero_entries=2 max_w=0.004
======================================================================
R1[RTB       ]: carry=1 | base=1.02 | wall=5.22 | search=  0 | target=none
R2[RTB       ]: carry=1 | base=0.80 | wall=5.40 | search=  0 | target=none
R3[SEARCH    ]: carry=0 | base=5.92 | wall=0.39 | search=2495 | target=site(2.37,-2.26)
R4[WALL_ESC  ]: carry=0 | base=6.27 | wall=0.34 | search=1481 | target=phero(2.37,-2.26)

[DEPOSIT] R2 deposited! Total: 215
  [TARGET] R2 → SITE (2.28, -2.12)
[DEPOSIT] R1 deposited! Total: 216
  [TARGET] R1 → SITE (2.61, -2.34)

======================================================================
Step 171500 (91.5 min) | Pickups: 216 | Deposits: 216 | Rate: 2.36 tags/min | phero_entries=0 max_w=0.000
======================================================================
R1[SITE      ]: carry=0 | base=0.93 | wall=5.33 | search=  0 | target=site(2.61,-2.34)
R2[SITE      ]: carry=0 | base=1.14 | wall=5.16 | search=  0 | target=site(2.28,-2.12)
R3[SEARCH    ]: carry=0 | base=5.91 | wall=0.40 | search=2995 | target=site(2.37,-2.26)
R4[WALL_ESC  ]: carry=0 | base=6.29 | wall=0.34 | search=1981 | target=phero(2.37,-2.26)


======================================================================
Step 172000 (91.7 min) | Pickups: 216 | Deposits: 216 | Rate: 2.35 tags/min | phero_entries=0 max_w=0.000
======================================================================
R1[SITE      ]: carry=0 | base=2.85 | wall=3.89 | search=  0 | target=site(2.61,-2.34)
R2[SITE      ]: carry=0 | base=3.05 | wall=3.76 | search=  0 | target=site(2.28,-2.12)
R3[SEARCH    ]: carry=0 | base=5.91 | wall=0.40 | search=3495 | target=site(2.37,-2.26)
R4[WALL_ESC  ]: carry=0 | base=6.27 | wall=0.35 | search=2481 | target=phero(2.37,-2.26)

[PICKUP] R1 picked up tag (density=9) | Total: 217

======================================================================
Step 172500 (92.0 min) | Pickups: 217 | Deposits: 216 | Rate: 2.35 tags/min | phero_entries=0 max_w=0.000
======================================================================
R1[RTB       ]: carry=1 | base=2.60 | wall=4.01 | search=  0 | target=none
R2[SEARCH    ]: carry=0 | base=3.97 | wall=3.13 | search=499 | target=site(2.28,-2.12)
R3[GIVE_UP   ]: carry=0 | base=5.58 | wall=0.70 | search=3900 | target=none
R4[SEARCH    ]: carry=0 | base=6.26 | wall=0.36 | search=2981 | target=phero(2.37,-2.26)


======================================================================
Step 173000 (92.3 min) | Pickups: 217 | Deposits: 216 | Rate: 2.34 tags/min | phero_entries=0 max_w=0.000
======================================================================
R1[RTB       ]: carry=1 | base=0.68 | wall=5.48 | search=  0 | target=none
R2[GIVE_UP   ]: carry=0 | base=4.01 | wall=2.69 | search=780 | target=none
R3[GIVE_UP   ]: carry=0 | base=3.66 | wall=2.52 | search=3900 | target=none
R4[SEARCH    ]: carry=0 | base=6.25 | wall=0.37 | search=3481 | target=phero(2.37,-2.26)

[DEPOSIT] R1 deposited! Total: 217
  [TARGET] R1 → SITE (2.34, -2.11)

======================================================================
Step 173500 (92.5 min) | Pickups: 217 | Deposits: 217 | Rate: 2.35 tags/min | phero_entries=0 max_w=0.000
======================================================================
R1[SITE      ]: carry=0 | base=1.27 | wall=5.10 | search=  0 | target=site(2.34,-2.11)
R2[GIVE_UP   ]: carry=0 | base=2.09 | wall=4.27 | search=780 | target=none
R3[GIVE_UP   ]: carry=0 | base=1.74 | wall=4.35 | search=3900 | target=none
R4[SEARCH    ]: carry=0 | base=6.28 | wall=0.38 | search=3981 | target=phero(2.37,-2.26)

  [GIVE-UP] R3 returned empty after 3900 searching steps
  [TARGET] R3 → WALL (5.92, -0.84)
  [GIVE-UP] R2 returned empty after 780 searching steps
  [TARGET] R2 → WALL (0.12, 5.92)

======================================================================
Step 174000 (92.8 min) | Pickups: 217 | Deposits: 217 | Rate: 2.34 tags/min | phero_entries=0 max_w=0.000
======================================================================
R1[SEARCH    ]: carry=0 | base=3.13 | wall=3.68 | search= 22 | target=site(2.34,-2.11)
R2[BASE_ESC  ]: carry=0 | base=0.23 | wall=5.81 | search=  0 | target=none
R3[BASE_ESC  ]: carry=0 | base=0.25 | wall=5.75 | search=  0 | target=none
R4[GIVE_UP   ]: carry=0 | base=4.89 | wall=1.57 | search=4056 | target=none


======================================================================
Step 174500 (93.1 min) | Pickups: 217 | Deposits: 217 | Rate: 2.33 tags/min | phero_entries=0 max_w=0.000
======================================================================
R1[SEARCH    ]: carry=0 | base=3.67 | wall=3.01 | search=522 | target=site(2.34,-2.11)
R2[SEARCH    ]: carry=0 | base=0.63 | wall=5.45 | search= 58 | target=none
R3[SEARCH    ]: carry=0 | base=1.70 | wall=4.50 | search=344 | target=none
R4[GIVE_UP   ]: carry=0 | base=2.97 | wall=3.31 | search=4056 | target=none

  [GIVE-UP] R2 returned empty after 156 searching steps
  [TARGET] R2 → WALL (5.92, 5.80)

======================================================================
Step 175000 (93.3 min) | Pickups: 217 | Deposits: 217 | Rate: 2.33 tags/min | phero_entries=0 max_w=0.000
======================================================================
R1[GIVE_UP   ]: carry=0 | base=3.92 | wall=2.54 | search=780 | target=none
R2[BASE_ESC  ]: carry=0 | base=0.23 | wall=5.83 | search=  0 | target=none
R3[GIVE_UP   ]: carry=0 | base=2.31 | wall=3.91 | search=780 | target=none
R4[GIVE_UP   ]: carry=0 | base=1.05 | wall=5.05 | search=4056 | target=none

[PICKUP] R3 picked up tag (density=2) | Total: 218
  [GIVE-UP] R4 returned empty after 4056 searching steps
  [TARGET] R4 → WALL (-5.92, -4.64)
[PICKUP] R1 picked up tag (density=1) | Total: 219

======================================================================
Step 175500 (93.6 min) | Pickups: 219 | Deposits: 217 | Rate: 2.32 tags/min | phero_entries=0 max_w=0.000
======================================================================
R1[SURVEY    ]: carry=1 | base=2.21 | wall=4.04 | search=  0 | target=none
R2[SEARCH    ]: carry=0 | base=1.76 | wall=4.32 | search=330 | target=none
R3[RTB       ]: carry=1 | base=1.45 | wall=4.72 | search=  0 | target=none
R4[DEPART    ]: carry=0 | base=0.57 | wall=5.46 | search=  0 | target=none

[DEPOSIT] R3 deposited! Total: 218
  [TARGET] R3 → SITE (0.86, 1.84)

======================================================================
Step 176000 (93.9 min) | Pickups: 219 | Deposits: 218 | Rate: 2.32 tags/min | phero_entries=0 max_w=0.000
======================================================================
R1[RTB       ]: carry=1 | base=1.15 | wall=5.01 | search=  0 | target=none
R2[SEARCH    ]: carry=0 | base=3.03 | wall=3.47 | search=830 | target=none
R3[SITE      ]: carry=0 | base=0.50 | wall=5.60 | search=  0 | target=site(0.86,1.84)
R4[SEARCH    ]: carry=0 | base=2.12 | wall=4.26 | search=367 | target=none

[DEPOSIT] R1 deposited! Total: 219
  [TARGET] R1 → WALL (5.92, 2.49)
[PICKUP] R4 picked up tag (density=12) | Total: 220

======================================================================
Step 176500 (94.1 min) | Pickups: 220 | Deposits: 219 | Rate: 2.33 tags/min | phero_entries=0 max_w=0.000
======================================================================
R1[DEPART    ]: carry=0 | base=0.68 | wall=5.32 | search=  0 | target=none
R2[SEARCH    ]: carry=0 | base=3.32 | wall=2.97 | search=1330 | target=none
R3[SEARCH    ]: carry=0 | base=2.13 | wall=4.05 | search=110 | target=site(0.86,1.84)
R4[SURVEY    ]: carry=1 | base=3.06 | wall=3.16 | search=  0 | target=none

[PICKUP] R2 picked up tag (density=19) | Total: 221

======================================================================
Step 177000 (94.4 min) | Pickups: 221 | Deposits: 219 | Rate: 2.32 tags/min | phero_entries=0 max_w=0.000
======================================================================
R1[SEARCH    ]: carry=0 | base=2.41 | wall=3.65 | search=342 | target=none
R2[RTB       ]: carry=1 | base=3.40 | wall=2.72 | search=  0 | target=none
R3[SEARCH    ]: carry=0 | base=3.05 | wall=3.00 | search=610 | target=site(0.86,1.84)
R4[RTB       ]: carry=1 | base=1.44 | wall=4.67 | search=  0 | target=none

[DEPOSIT] R4 deposited! Total: 220
  [TARGET] R4 → SITE (-2.84, -1.15)

======================================================================
Step 177500 (94.7 min) | Pickups: 221 | Deposits: 220 | Rate: 2.32 tags/min | phero_entries=0 max_w=0.000
======================================================================
R1[SEARCH    ]: carry=0 | base=2.83 | wall=3.85 | search=842 | target=none
R2[RTB       ]: carry=1 | base=1.49 | wall=4.57 | search=  0 | target=none
R3[SEARCH    ]: carry=0 | base=4.68 | wall=1.57 | search=1110 | target=site(0.86,1.84)
R4[SITE      ]: carry=0 | base=0.53 | wall=5.48 | search=  0 | target=site(-2.84,-1.15)

[PICKUP] R3 picked up tag (density=22) | Total: 222
[DEPOSIT] R2 deposited! Total: 221
  [PHERO] Laid at (0.84, 3.39) density=19 prob=1.00 entries=1
  [TARGET] R2 → SITE (0.84, 3.39)
[PICKUP] R1 picked up tag (density=18) | Total: 223

======================================================================
Step 178000 (94.9 min) | Pickups: 223 | Deposits: 221 | Rate: 2.33 tags/min | phero_entries=1 max_w=0.566
======================================================================
R1[SURVEY    ]: carry=1 | base=3.34 | wall=2.77 | search=  0 | target=none
R2[SITE      ]: carry=0 | base=0.47 | wall=5.53 | search=  0 | target=site(0.84,3.39)
R3[RTB       ]: carry=1 | base=4.01 | wall=2.19 | search=  0 | target=none
R4[SITE      ]: carry=0 | base=2.44 | wall=3.73 | search=  0 | target=site(-2.84,-1.15)

BATCH_RESULT pickups=223 deposits=221
