=================================================================
CPFA BASELINE — ARGoS-calibrated parameters  (12×12m arena  368 tags)
  Params file                  = /home/sara/Documents/RL-FL-Foraging/controllers/cpfa_baseline/cpfa_params.yaml
  Results file                 = /home/sara/Documents/RL-FL-Foraging/controllers/cpfa_baseline/cpfa_baseline_12x12_results_20260706_202804.txt
  RateOfLayingPheromone        = 9.0
  RateOfSiteFidelity           = 2.29
  RateOfPheromoneDecay         = 0.1 /s  (lifetime ~69s)
  ProbabilityOfReturningToNest = 0.08 (every 5 sec → E[give-up] ~62s)
  UninformedSearchVariation    = 0.13 rad (7.4°)
  RateOfInformedSearchDecay    = 1.26 /waypoint
  ProbabilityOfSwitchingToSearching = 0.55 (every 5 sec in uninformed DEPARTING)
=================================================================

[PICKUP] R1 picked up tag (density=9) | Total: 1
[DEPOSIT] R1 deposited! Total: 1
  [PHERO] Laid at (-0.56, 0.13) density=9 prob=0.59 entries=1
  [TARGET] R1 → SITE (-0.56, 0.13)

======================================================================
Step 500 (0.3 min) | Pickups: 1 | Deposits: 1 | Rate: 3.75 tags/min | phero_entries=1 max_w=0.874
======================================================================
R1[BASE_ESC  ]: carry=0 | base=0.22 | wall=5.79 | search=  0 | target=site(-0.56,0.13)
R2[SEARCH    ]: carry=0 | base=1.02 | wall=5.27 | search=344 | target=none
R3[DEPART    ]: carry=0 | base=0.50 | wall=5.61 | search=  0 | target=none
R4[SEARCH    ]: carry=0 | base=1.20 | wall=4.98 | search=188 | target=none

[PICKUP] R4 picked up tag (density=12) | Total: 2

======================================================================
Step 1000 (0.5 min) | Pickups: 2 | Deposits: 1 | Rate: 1.88 tags/min | phero_entries=1 max_w=0.177
======================================================================
R1[SEARCH    ]: carry=0 | base=0.51 | wall=5.50 | search=334 | target=site(-0.56,0.13)
R2[GIVE_UP   ]: carry=0 | base=1.49 | wall=4.92 | search=624 | target=none
R3[GIVE_UP   ]: carry=0 | base=0.82 | wall=5.39 | search=156 | target=none
R4[RTB       ]: carry=1 | base=0.68 | wall=5.39 | search=  0 | target=none

[DEPOSIT] R4 deposited! Total: 2
  [PHERO] Laid at (0.52, 1.26) density=12 prob=0.88 entries=2
  [TARGET] R4 → SITE (0.52, 1.26)
  [GIVE-UP] R3 returned empty after 156 searching steps
  [TARGET] R3 → PHERO (0.52, 1.26)
  [GIVE-UP] R2 returned empty after 624 searching steps
  [TARGET] R2 → PHERO (0.52, 1.26)
  [GIVE-UP] R1 returned empty after 468 searching steps
  [TARGET] R1 → PHERO (0.52, 1.26)
[PICKUP] R4 picked up tag (density=11) | Total: 3

======================================================================
Step 1500 (0.8 min) | Pickups: 3 | Deposits: 2 | Rate: 2.50 tags/min | phero_entries=2 max_w=0.289
======================================================================
R1[PHERO     ]: carry=0 | base=0.27 | wall=5.80 | search=  0 | target=phero(0.52,1.26)
R2[PHERO     ]: carry=0 | base=0.41 | wall=5.60 | search=  0 | target=phero(0.52,1.26)
R3[PHERO     ]: carry=0 | base=0.33 | wall=5.70 | search=  0 | target=phero(0.52,1.26)
R4[SURVEY    ]: carry=1 | base=1.06 | wall=5.03 | search=  0 | target=none

[PICKUP] R2 picked up tag (density=10) | Total: 4
[PICKUP] R1 picked up tag (density=9) | Total: 5
[PICKUP] R3 picked up tag (density=8) | Total: 6
[DEPOSIT] R4 deposited! Total: 3
  [PHERO] Laid at (0.44, 0.97) density=11 prob=0.80 entries=3
  [TARGET] R4 → SITE (0.44, 0.97)

======================================================================
Step 2000 (1.1 min) | Pickups: 6 | Deposits: 3 | Rate: 2.81 tags/min | phero_entries=3 max_w=0.833
======================================================================
R1[RTB       ]: carry=1 | base=1.15 | wall=4.98 | search=  0 | target=none
R2[RTB       ]: carry=1 | base=0.65 | wall=5.40 | search=  0 | target=none
R3[SURVEY    ]: carry=1 | base=1.36 | wall=4.71 | search=  0 | target=none
R4[BASE_ESC  ]: carry=0 | base=0.22 | wall=5.83 | search=  0 | target=site(0.44,0.97)

[DEPOSIT] R2 deposited! Total: 4
  [PHERO] Laid at (0.30, 0.95) density=10 prob=0.71 entries=4
  [TARGET] R2 → SITE (0.30, 0.95)
[DEPOSIT] R1 deposited! Total: 5
  [TARGET] R1 → SITE (0.46, 1.06)

======================================================================
Step 2500 (1.3 min) | Pickups: 6 | Deposits: 5 | Rate: 3.75 tags/min | phero_entries=4 max_w=0.282
======================================================================
R1[SITE      ]: carry=0 | base=0.72 | wall=5.38 | search=  0 | target=site(0.46,1.06)
R2[SEARCH    ]: carry=0 | base=1.00 | wall=5.04 | search= 55 | target=site(0.30,0.95)
R3[RTB       ]: carry=1 | base=0.47 | wall=5.57 | search=  0 | target=none
R4[GIVE_UP   ]: carry=0 | base=0.79 | wall=5.31 | search=156 | target=none

[PICKUP] R2 picked up tag (density=7) | Total: 7
[DEPOSIT] R3 deposited! Total: 6
  [PHERO] Laid at (0.43, 1.28) density=8 prob=0.46 entries=5
  [TARGET] R3 → SITE (0.43, 1.28)
  [GIVE-UP] R4 returned empty after 156 searching steps
  [TARGET] R4 → PHERO (0.43, 1.28)
[PICKUP] R3 picked up tag (density=6) | Total: 8

======================================================================
Step 3000 (1.6 min) | Pickups: 8 | Deposits: 6 | Rate: 3.75 tags/min | phero_entries=4 max_w=0.244
======================================================================
R1[SEARCH    ]: carry=0 | base=1.53 | wall=4.48 | search=334 | target=site(0.46,1.06)
R2[RTB       ]: carry=1 | base=0.25 | wall=5.77 | search=  0 | target=none
R3[SURVEY    ]: carry=1 | base=1.09 | wall=4.96 | search=  0 | target=none
R4[PHERO     ]: carry=0 | base=0.91 | wall=5.16 | search=  0 | target=phero(0.43,1.28)

[DEPOSIT] R2 deposited! Total: 7
  [TARGET] R2 → SITE (0.27, 0.96)
[PICKUP] R4 picked up tag (density=5) | Total: 9
[DEPOSIT] R3 deposited! Total: 8
  [TARGET] R3 → SITE (0.33, 1.03)

======================================================================
Step 3500 (1.9 min) | Pickups: 9 | Deposits: 8 | Rate: 4.29 tags/min | phero_entries=3 max_w=0.049
======================================================================
R1[SEARCH    ]: carry=0 | base=2.38 | wall=4.13 | search=834 | target=site(0.46,1.06)
R2[SEARCH    ]: carry=0 | base=0.93 | wall=5.09 | search=138 | target=site(0.27,0.96)
R3[BASE_ESC  ]: carry=0 | base=0.24 | wall=5.76 | search=  0 | target=site(0.33,1.03)
R4[RTB       ]: carry=1 | base=1.29 | wall=4.77 | search=  0 | target=none

  [GIVE-UP] R2 returned empty after 156 searching steps
  [TARGET] R2 → PHERO (0.30, 0.95)
[DEPOSIT] R4 deposited! Total: 9
  [TARGET] R4 → SITE (0.36, 1.27)
[PICKUP] R3 picked up tag (density=4) | Total: 10

======================================================================
Step 4000 (2.1 min) | Pickups: 10 | Deposits: 9 | Rate: 4.22 tags/min | phero_entries=3 max_w=0.010
======================================================================
R1[SEARCH    ]: carry=0 | base=3.71 | wall=2.78 | search=1334 | target=site(0.46,1.06)
R2[PHERO     ]: carry=0 | base=0.90 | wall=5.14 | search=  0 | target=phero(0.30,0.95)
R3[SURVEY    ]: carry=1 | base=1.07 | wall=4.97 | search=  0 | target=none
R4[SITE      ]: carry=0 | base=0.60 | wall=5.46 | search=  0 | target=site(0.36,1.27)

[PICKUP] R1 picked up tag (density=25) | Total: 11
[PICKUP] R4 picked up tag (density=3) | Total: 12
[DEPOSIT] R3 deposited! Total: 10
  [TARGET] R3 → SITE (0.27, 1.03)

======================================================================
Step 4500 (2.4 min) | Pickups: 12 | Deposits: 10 | Rate: 4.17 tags/min | phero_entries=1 max_w=0.002
======================================================================
R1[RTB       ]: carry=1 | base=3.94 | wall=2.40 | search=  0 | target=none
R2[SEARCH    ]: carry=0 | base=1.14 | wall=4.91 | search=488 | target=phero(0.30,0.95)
R3[BASE_ESC  ]: carry=0 | base=0.22 | wall=5.80 | search=  0 | target=site(0.27,1.03)
R4[RTB       ]: carry=1 | base=1.08 | wall=4.99 | search=  0 | target=none

[DEPOSIT] R4 deposited! Total: 11
  [TARGET] R4 → SITE (0.36, 1.16)

======================================================================
Step 5000 (2.7 min) | Pickups: 12 | Deposits: 11 | Rate: 4.12 tags/min | phero_entries=0 max_w=0.000
======================================================================
R1[RTB       ]: carry=1 | base=2.02 | wall=4.15 | search=  0 | target=none
R2[SEARCH    ]: carry=0 | base=2.69 | wall=3.78 | search=988 | target=phero(0.30,0.95)
R3[SEARCH    ]: carry=0 | base=0.93 | wall=5.09 | search=181 | target=site(0.27,1.03)
R4[SITE      ]: carry=0 | base=0.73 | wall=5.29 | search=  0 | target=site(0.36,1.16)

[DEPOSIT] R1 deposited! Total: 12
  [PHERO] Laid at (-3.87, 1.70) density=25 prob=1.00 entries=1
  [TARGET] R1 → SITE (-3.87, 1.70)

======================================================================
Step 5500 (2.9 min) | Pickups: 12 | Deposits: 12 | Rate: 4.09 tags/min | phero_entries=1 max_w=0.888
======================================================================
R1[BASE_ESC  ]: carry=0 | base=0.22 | wall=5.80 | search=  0 | target=site(-3.87,1.70)
R2[SEARCH    ]: carry=0 | base=3.90 | wall=2.77 | search=1488 | target=phero(0.30,0.95)
R3[SEARCH    ]: carry=0 | base=2.19 | wall=4.18 | search=681 | target=site(0.27,1.03)
R4[SEARCH    ]: carry=0 | base=1.62 | wall=4.47 | search=365 | target=site(0.36,1.16)


======================================================================
Step 6000 (3.2 min) | Pickups: 12 | Deposits: 12 | Rate: 3.75 tags/min | phero_entries=1 max_w=0.179
======================================================================
R1[SITE      ]: carry=0 | base=1.84 | wall=4.34 | search=  0 | target=site(-3.87,1.70)
R2[SEARCH    ]: carry=0 | base=5.21 | wall=1.10 | search=1988 | target=phero(0.30,0.95)
R3[SEARCH    ]: carry=0 | base=3.06 | wall=2.96 | search=1181 | target=site(0.27,1.03)
R4[SEARCH    ]: carry=0 | base=3.09 | wall=2.94 | search=865 | target=site(0.36,1.16)


======================================================================
Step 6500 (3.5 min) | Pickups: 12 | Deposits: 12 | Rate: 3.46 tags/min | phero_entries=1 max_w=0.036
======================================================================
R1[SITE      ]: carry=0 | base=3.76 | wall=2.57 | search=  0 | target=site(-3.87,1.70)
R2[GIVE_UP   ]: carry=0 | base=5.34 | wall=0.90 | search=2340 | target=none
R3[SEARCH    ]: carry=0 | base=2.08 | wall=4.08 | search=1681 | target=site(0.27,1.03)
R4[GIVE_UP   ]: carry=0 | base=3.17 | wall=2.93 | search=1092 | target=none

[PICKUP] R1 picked up tag (density=24) | Total: 13
[PICKUP] R3 picked up tag (density=9) | Total: 14
[PICKUP] R2 picked up tag (density=19) | Total: 15

======================================================================
Step 7000 (3.7 min) | Pickups: 15 | Deposits: 12 | Rate: 3.21 tags/min | phero_entries=1 max_w=0.007
======================================================================
R1[RTB       ]: carry=1 | base=3.84 | wall=2.48 | search=  0 | target=none
R2[SURVEY    ]: carry=1 | base=3.50 | wall=2.66 | search=  0 | target=none
R3[SURVEY    ]: carry=1 | base=0.89 | wall=5.20 | search=  0 | target=none
R4[GIVE_UP   ]: carry=0 | base=1.25 | wall=4.79 | search=1092 | target=none

  [GIVE-UP] R4 returned empty after 1092 searching steps
  [TARGET] R4 → PHERO (-3.87, 1.70)
[DEPOSIT] R3 deposited! Total: 13
  [TARGET] R3 → SITE (0.80, -0.39)

======================================================================
Step 7500 (4.0 min) | Pickups: 15 | Deposits: 13 | Rate: 3.25 tags/min | phero_entries=1 max_w=0.001
======================================================================
R1[RTB       ]: carry=1 | base=1.92 | wall=4.24 | search=  0 | target=none
R2[RTB       ]: carry=1 | base=2.49 | wall=3.64 | search=  0 | target=none
R3[BASE_ESC  ]: carry=0 | base=0.24 | wall=5.76 | search=  0 | target=site(0.80,-0.39)
R4[PHERO     ]: carry=0 | base=0.69 | wall=5.45 | search=  0 | target=phero(-3.87,1.70)

[PICKUP] R3 picked up tag (density=8) | Total: 16
[DEPOSIT] R1 deposited! Total: 14
  [PHERO] Laid at (-3.88, 1.66) density=24 prob=1.00 entries=1
  [TARGET] R1 → SITE (-3.88, 1.66)

======================================================================
Step 8000 (4.3 min) | Pickups: 16 | Deposits: 14 | Rate: 3.28 tags/min | phero_entries=1 max_w=0.812
======================================================================
R1[BASE_ESC  ]: carry=0 | base=0.22 | wall=5.81 | search=  0 | target=site(-3.88,1.66)
R2[RTB       ]: carry=1 | base=0.57 | wall=5.46 | search=  0 | target=none
R3[RTB       ]: carry=1 | base=0.27 | wall=5.73 | search=  0 | target=none
R4[PHERO     ]: carry=0 | base=2.59 | wall=3.66 | search=  0 | target=phero(-3.87,1.70)

[DEPOSIT] R3 deposited! Total: 15
  [PHERO] Laid at (0.56, -0.18) density=8 prob=0.46 entries=2
  [TARGET] R3 → SITE (0.56, -0.18)
[DEPOSIT] R2 deposited! Total: 16
  [PHERO] Laid at (1.04, 3.34) density=19 prob=1.00 entries=3
  [TARGET] R2 → SITE (1.04, 3.34)
[PICKUP] R1 picked up tag (density=8) | Total: 17
[PICKUP] R3 picked up tag (density=7) | Total: 18

======================================================================
Step 8500 (4.5 min) | Pickups: 18 | Deposits: 16 | Rate: 3.53 tags/min | phero_entries=3 max_w=0.265
======================================================================
R1[RTB       ]: carry=1 | base=0.43 | wall=5.64 | search=  0 | target=none
R2[SITE      ]: carry=0 | base=1.37 | wall=4.71 | search=  0 | target=site(1.04,3.34)
R3[RTB       ]: carry=1 | base=0.61 | wall=5.41 | search=  0 | target=none
R4[SEARCH    ]: carry=0 | base=4.21 | wall=2.17 | search= 87 | target=phero(-3.87,1.70)

[DEPOSIT] R1 deposited! Total: 17
  [PHERO] Laid at (-0.62, 0.37) density=8 prob=0.46 entries=4
  [TARGET] R1 → SITE (-0.62, 0.37)
[DEPOSIT] R3 deposited! Total: 18
  [TARGET] R3 → SITE (0.57, -0.15)
[PICKUP] R2 picked up tag (density=19) | Total: 19

======================================================================
Step 9000 (4.8 min) | Pickups: 19 | Deposits: 18 | Rate: 3.75 tags/min | phero_entries=4 max_w=0.235
======================================================================
R1[SEARCH    ]: carry=0 | base=0.58 | wall=5.51 | search=209 | target=site(-0.62,0.37)
R2[SURVEY    ]: carry=1 | base=3.23 | wall=2.92 | search=  0 | target=none
R3[SEARCH    ]: carry=0 | base=0.60 | wall=5.41 | search= 86 | target=site(0.57,-0.15)
R4[GIVE_UP   ]: carry=0 | base=2.85 | wall=3.45 | search=156 | target=none

[PICKUP] R3 picked up tag (density=12) | Total: 20

======================================================================
Step 9500 (5.1 min) | Pickups: 20 | Deposits: 18 | Rate: 3.55 tags/min | phero_entries=4 max_w=0.048
======================================================================
R1[SEARCH    ]: carry=0 | base=2.15 | wall=4.30 | search=709 | target=site(-0.62,0.37)
R2[RTB       ]: carry=1 | base=2.18 | wall=3.95 | search=  0 | target=none
R3[SURVEY    ]: carry=1 | base=0.98 | wall=5.05 | search=  0 | target=none
R4[GIVE_UP   ]: carry=0 | base=0.93 | wall=5.17 | search=156 | target=none

[PICKUP] R4 picked up tag (density=7) | Total: 21
[DEPOSIT] R4 deposited! Total: 19
  [PHERO] Laid at (-0.78, 0.39) density=7 prob=0.32 entries=5
  [TARGET] R4 → SITE (-0.78, 0.39)
[PICKUP] R1 picked up tag (density=19) | Total: 22
[DEPOSIT] R3 deposited! Total: 20
  [TARGET] R3 → SITE (-0.23, -0.95)

======================================================================
Step 10000 (5.3 min) | Pickups: 22 | Deposits: 20 | Rate: 3.75 tags/min | phero_entries=5 max_w=0.639
======================================================================
R1[SURVEY    ]: carry=1 | base=3.46 | wall=3.28 | search=  0 | target=none
R2[RTB       ]: carry=1 | base=0.26 | wall=5.76 | search=  0 | target=none
R3[BASE_ESC  ]: carry=0 | base=0.23 | wall=5.77 | search=  0 | target=site(-0.23,-0.95)
R4[SITE      ]: carry=0 | base=0.33 | wall=5.76 | search=  0 | target=site(-0.78,0.39)

[DEPOSIT] R2 deposited! Total: 21
  [PHERO] Laid at (0.97, 3.08) density=19 prob=1.00 entries=6
  [TARGET] R2 → SITE (0.97, 3.08)
[PICKUP] R4 picked up tag (density=6) | Total: 23

======================================================================
Step 10500 (5.6 min) | Pickups: 23 | Deposits: 21 | Rate: 3.75 tags/min | phero_entries=3 max_w=0.203
======================================================================
R1[RTB       ]: carry=1 | base=1.96 | wall=4.44 | search=  0 | target=none
R2[SITE      ]: carry=0 | base=1.69 | wall=4.41 | search=  0 | target=site(0.97,3.08)
R3[SEARCH    ]: carry=0 | base=0.81 | wall=5.24 | search=279 | target=site(-0.23,-0.95)
R4[RTB       ]: carry=1 | base=0.60 | wall=5.47 | search=  0 | target=none

[DEPOSIT] R4 deposited! Total: 22
  [TARGET] R4 → SITE (-0.79, 0.38)
[DEPOSIT] R1 deposited! Total: 23
  [PHERO] Laid at (-2.14, 2.72) density=19 prob=1.00 entries=3
  [TARGET] R1 → SITE (-2.14, 2.72)
[PICKUP] R2 picked up tag (density=18) | Total: 24

======================================================================
Step 11000 (5.9 min) | Pickups: 24 | Deposits: 23 | Rate: 3.92 tags/min | phero_entries=3 max_w=0.841
======================================================================
R1[BASE_ESC  ]: carry=0 | base=0.22 | wall=5.84 | search=  0 | target=site(-2.14,2.72)
R2[SURVEY    ]: carry=1 | base=3.21 | wall=2.94 | search=  0 | target=none
R3[SEARCH    ]: carry=0 | base=2.36 | wall=4.15 | search=779 | target=site(-0.23,-0.95)
R4[SEARCH    ]: carry=0 | base=0.97 | wall=5.09 | search=128 | target=site(-0.79,0.38)

[PICKUP] R4 picked up tag (density=5) | Total: 25
[DEPOSIT] R4 deposited! Total: 24
  [TARGET] R4 → SITE (-0.92, 0.30)

======================================================================
Step 11500 (6.1 min) | Pickups: 25 | Deposits: 24 | Rate: 3.91 tags/min | phero_entries=3 max_w=0.170
======================================================================
R1[SITE      ]: carry=0 | base=1.91 | wall=4.53 | search=  0 | target=site(-2.14,2.72)
R2[RTB       ]: carry=1 | base=1.95 | wall=4.16 | search=  0 | target=none
R3[SEARCH    ]: carry=0 | base=3.77 | wall=3.07 | search=1279 | target=site(-0.23,-0.95)
R4[BASE_ESC  ]: carry=0 | base=0.22 | wall=5.80 | search=  0 | target=site(-0.92,0.30)

[PICKUP] R4 picked up tag (density=4) | Total: 26
[PICKUP] R3 picked up tag (density=20) | Total: 27
[DEPOSIT] R2 deposited! Total: 25
  [PHERO] Laid at (0.99, 3.06) density=18 prob=1.00 entries=4
  [TARGET] R2 → SITE (0.99, 3.06)
[DEPOSIT] R4 deposited! Total: 26
  [TARGET] R4 → SITE (-0.59, 0.26)

======================================================================
Step 12000 (6.4 min) | Pickups: 27 | Deposits: 26 | Rate: 4.06 tags/min | phero_entries=4 max_w=0.836
======================================================================
R1[SEARCH    ]: carry=0 | base=3.45 | wall=3.33 | search=109 | target=site(-2.14,2.72)
R2[BASE_ESC  ]: carry=0 | base=0.22 | wall=5.79 | search=  0 | target=site(0.99,3.06)
R3[RTB       ]: carry=1 | base=3.87 | wall=2.47 | search=  0 | target=none
R4[BASE_ESC  ]: carry=0 | base=0.24 | wall=5.78 | search=  0 | target=site(-0.59,0.26)


======================================================================
Step 12500 (6.7 min) | Pickups: 27 | Deposits: 26 | Rate: 3.90 tags/min | phero_entries=2 max_w=0.169
======================================================================
R1[GIVE_UP   ]: carry=0 | base=1.65 | wall=4.73 | search=156 | target=none
R2[SITE      ]: carry=0 | base=1.90 | wall=4.18 | search=  0 | target=site(0.99,3.06)
R3[RTB       ]: carry=1 | base=1.96 | wall=4.21 | search=  0 | target=none
R4[SEARCH    ]: carry=0 | base=0.62 | wall=5.52 | search=278 | target=site(-0.59,0.26)

  [GIVE-UP] R1 returned empty after 156 searching steps
  [TARGET] R1 → PHERO (-2.14, 2.72)
[PICKUP] R2 picked up tag (density=17) | Total: 28
[DEPOSIT] R3 deposited! Total: 27
  [PHERO] Laid at (-1.69, -3.58) density=20 prob=1.00 entries=3
  [TARGET] R3 → SITE (-1.69, -3.58)

======================================================================
Step 13000 (6.9 min) | Pickups: 28 | Deposits: 27 | Rate: 3.89 tags/min | phero_entries=3 max_w=0.844
======================================================================
R1[PHERO     ]: carry=0 | base=0.33 | wall=5.70 | search=  0 | target=phero(-2.14,2.72)
R2[SURVEY    ]: carry=1 | base=3.21 | wall=2.96 | search=  0 | target=none
R3[BASE_ESC  ]: carry=0 | base=0.22 | wall=5.81 | search=  0 | target=site(-1.69,-3.58)
R4[SEARCH    ]: carry=0 | base=2.05 | wall=3.95 | search=778 | target=site(-0.59,0.26)


======================================================================
Step 13500 (7.2 min) | Pickups: 28 | Deposits: 27 | Rate: 3.75 tags/min | phero_entries=2 max_w=0.170
======================================================================
R1[PHERO     ]: carry=0 | base=2.23 | wall=4.22 | search=  0 | target=phero(-2.14,2.72)
R2[RTB       ]: carry=1 | base=1.60 | wall=4.50 | search=  0 | target=none
R3[SITE      ]: carry=0 | base=1.90 | wall=4.30 | search=  0 | target=site(-1.69,-3.58)
R4[SEARCH    ]: carry=0 | base=2.79 | wall=3.73 | search=1278 | target=site(-0.59,0.26)

[DEPOSIT] R2 deposited! Total: 28
  [PHERO] Laid at (1.00, 3.04) density=17 prob=0.99 entries=3
  [TARGET] R2 → SITE (1.00, 3.04)
[PICKUP] R3 picked up tag (density=18) | Total: 29

======================================================================
Step 14000 (7.5 min) | Pickups: 29 | Deposits: 28 | Rate: 3.75 tags/min | phero_entries=3 max_w=0.623
======================================================================
R1[SEARCH    ]: carry=0 | base=3.24 | wall=3.52 | search=194 | target=phero(-2.14,2.72)
R2[SITE      ]: carry=0 | base=0.37 | wall=5.70 | search=  0 | target=site(1.00,3.04)
R3[SURVEY    ]: carry=1 | base=3.56 | wall=2.78 | search=  0 | target=none
R4[SEARCH    ]: carry=0 | base=4.12 | wall=2.32 | search=1778 | target=site(-0.59,0.26)

[PICKUP] R4 picked up tag (density=16) | Total: 30

======================================================================
Step 14500 (7.7 min) | Pickups: 30 | Deposits: 28 | Rate: 3.62 tags/min | phero_entries=2 max_w=0.126
======================================================================
R1[GIVE_UP   ]: carry=0 | base=1.47 | wall=4.85 | search=468 | target=none
R2[SITE      ]: carry=0 | base=2.27 | wall=3.86 | search=  0 | target=site(1.00,3.04)
R3[RTB       ]: carry=1 | base=2.32 | wall=3.88 | search=  0 | target=none
R4[SURVEY    ]: carry=1 | base=3.60 | wall=2.63 | search=  0 | target=none

[PICKUP] R2 picked up tag (density=15) | Total: 31
  [GIVE-UP] R1 returned empty after 468 searching steps
  [TARGET] R1 → PHERO (1.00, 3.04)

======================================================================
Step 15000 (8.0 min) | Pickups: 31 | Deposits: 28 | Rate: 3.50 tags/min | phero_entries=2 max_w=0.025
======================================================================
R1[PHERO     ]: carry=0 | base=0.47 | wall=5.53 | search=  0 | target=phero(1.00,3.04)
R2[RTB       ]: carry=1 | base=2.93 | wall=3.25 | search=  0 | target=none
R3[RTB       ]: carry=1 | base=0.40 | wall=5.64 | search=  0 | target=none
R4[RTB       ]: carry=1 | base=1.96 | wall=4.19 | search=  0 | target=none

[DEPOSIT] R3 deposited! Total: 29
  [PHERO] Laid at (-1.53, -3.22) density=18 prob=1.00 entries=3
  [TARGET] R3 → SITE (-1.53, -3.22)
[PICKUP] R1 picked up tag (density=2) | Total: 32
[DEPOSIT] R4 deposited! Total: 30
  [PHERO] Laid at (1.27, 3.36) density=16 prob=0.99 entries=3
  [TARGET] R4 → SITE (1.27, 3.36)

======================================================================
Step 15500 (8.3 min) | Pickups: 32 | Deposits: 30 | Rate: 3.63 tags/min | phero_entries=3 max_w=0.839
======================================================================
R1[RTB       ]: carry=1 | base=0.65 | wall=5.37 | search=  0 | target=none
R2[RTB       ]: carry=1 | base=1.01 | wall=5.05 | search=  0 | target=none
R3[SITE      ]: carry=0 | base=1.55 | wall=4.62 | search=  0 | target=site(-1.53,-3.22)
R4[BASE_ESC  ]: carry=0 | base=0.22 | wall=5.79 | search=  0 | target=site(1.27,3.36)

[DEPOSIT] R1 deposited! Total: 31
  [TARGET] R1 → PHERO (-1.53, -3.22)
[DEPOSIT] R2 deposited! Total: 32
  [PHERO] Laid at (0.97, 2.93) density=15 prob=0.98 entries=4
  [TARGET] R2 → SITE (0.97, 2.93)

======================================================================
Step 16000 (8.5 min) | Pickups: 32 | Deposits: 32 | Rate: 3.75 tags/min | phero_entries=4 max_w=0.380
======================================================================
R1[PHERO     ]: carry=0 | base=0.42 | wall=5.62 | search=  0 | target=phero(-1.53,-3.22)
R2[SITE      ]: carry=0 | base=0.92 | wall=5.16 | search=  0 | target=site(0.97,2.93)
R3[SITE      ]: carry=0 | base=3.47 | wall=2.86 | search=  0 | target=site(-1.53,-3.22)
R4[SITE      ]: carry=0 | base=1.88 | wall=4.23 | search=  0 | target=site(1.27,3.36)

[PICKUP] R4 picked up tag (density=14) | Total: 33
[PICKUP] R3 picked up tag (density=18) | Total: 34

======================================================================
Step 16500 (8.8 min) | Pickups: 34 | Deposits: 32 | Rate: 3.64 tags/min | phero_entries=3 max_w=0.077
======================================================================
R1[PHERO     ]: carry=0 | base=2.25 | wall=4.02 | search=  0 | target=phero(-1.53,-3.22)
R2[SITE      ]: carry=0 | base=2.83 | wall=3.31 | search=  0 | target=site(0.97,2.93)
R3[SURVEY    ]: carry=1 | base=3.76 | wall=2.63 | search=  0 | target=none
R4[RTB       ]: carry=1 | base=3.05 | wall=3.15 | search=  0 | target=none


======================================================================
Step 17000 (9.1 min) | Pickups: 34 | Deposits: 32 | Rate: 3.53 tags/min | phero_entries=3 max_w=0.016
======================================================================
R1[SEARCH    ]: carry=0 | base=3.49 | wall=2.90 | search=160 | target=phero(-1.53,-3.22)
R2[SEARCH    ]: carry=0 | base=2.14 | wall=4.08 | search=447 | target=site(0.97,2.93)
R3[RTB       ]: carry=1 | base=2.33 | wall=3.88 | search=  0 | target=none
R4[RTB       ]: carry=1 | base=1.31 | wall=4.79 | search=  0 | target=none

[DEPOSIT] R4 deposited! Total: 33
  [TARGET] R4 → SITE (1.06, 2.85)

======================================================================
Step 17500 (9.3 min) | Pickups: 34 | Deposits: 33 | Rate: 3.54 tags/min | phero_entries=2 max_w=0.003
======================================================================
R1[SEARCH    ]: carry=0 | base=4.66 | wall=1.56 | search=660 | target=phero(-1.53,-3.22)
R2[SEARCH    ]: carry=0 | base=1.29 | wall=4.73 | search=947 | target=site(0.97,2.93)
R3[RTB       ]: carry=1 | base=0.41 | wall=5.63 | search=  0 | target=none
R4[SITE      ]: carry=0 | base=0.66 | wall=5.36 | search=  0 | target=site(1.06,2.85)

[DEPOSIT] R3 deposited! Total: 34
  [PHERO] Laid at (-1.67, -3.36) density=18 prob=1.00 entries=3
  [TARGET] R3 → SITE (-1.67, -3.36)
[PICKUP] R3 picked up tag (density=11) | Total: 35

======================================================================
Step 18000 (9.6 min) | Pickups: 35 | Deposits: 34 | Rate: 3.54 tags/min | phero_entries=1 max_w=0.232
======================================================================
R1[SEARCH    ]: carry=0 | base=5.29 | wall=0.71 | search=1160 | target=phero(-1.53,-3.22)
R2[SEARCH    ]: carry=0 | base=2.61 | wall=3.65 | search=1447 | target=site(0.97,2.93)
R3[SURVEY    ]: carry=1 | base=1.02 | wall=5.05 | search=  0 | target=none
R4[SITE      ]: carry=0 | base=2.57 | wall=3.58 | search=  0 | target=site(1.06,2.85)

[DEPOSIT] R3 deposited! Total: 35
  [PHERO] Laid at (-0.37, -0.95) density=11 prob=0.80 entries=2
  [TARGET] R3 → SITE (-0.37, -0.95)

======================================================================
Step 18500 (9.9 min) | Pickups: 35 | Deposits: 35 | Rate: 3.55 tags/min | phero_entries=2 max_w=0.571
======================================================================
R1[GIVE_UP   ]: carry=0 | base=3.74 | wall=2.27 | search=1248 | target=none
R2[SEARCH    ]: carry=0 | base=4.07 | wall=2.73 | search=1947 | target=site(0.97,2.93)
R3[SITE      ]: carry=0 | base=0.44 | wall=5.56 | search=  0 | target=site(-0.37,-0.95)
R4[SEARCH    ]: carry=0 | base=2.69 | wall=3.74 | search=391 | target=site(1.06,2.85)


======================================================================
Step 19000 (10.1 min) | Pickups: 35 | Deposits: 35 | Rate: 3.45 tags/min | phero_entries=2 max_w=0.115
======================================================================
R1[GIVE_UP   ]: carry=0 | base=1.82 | wall=4.19 | search=1248 | target=none
R2[SEARCH    ]: carry=0 | base=5.66 | wall=1.14 | search=2447 | target=site(0.97,2.93)
R3[SEARCH    ]: carry=0 | base=1.29 | wall=4.95 | search=356 | target=site(-0.37,-0.95)
R4[SEARCH    ]: carry=0 | base=2.07 | wall=4.10 | search=891 | target=site(1.06,2.85)

  [GIVE-UP] R1 returned empty after 1248 searching steps
  [TARGET] R1 → PHERO (-0.37, -0.95)

======================================================================
Step 19500 (10.4 min) | Pickups: 35 | Deposits: 35 | Rate: 3.37 tags/min | phero_entries=2 max_w=0.023
======================================================================
R1[BASE_ESC  ]: carry=0 | base=0.23 | wall=5.78 | search=  0 | target=phero(-0.37,-0.95)
R2[SEARCH    ]: carry=0 | base=5.44 | wall=0.77 | search=2947 | target=site(0.97,2.93)
R3[SEARCH    ]: carry=0 | base=2.32 | wall=3.87 | search=856 | target=site(-0.37,-0.95)
R4[GIVE_UP   ]: carry=0 | base=1.52 | wall=4.52 | search=1248 | target=none

[PICKUP] R4 picked up tag (density=6) | Total: 36

======================================================================
Step 20000 (10.7 min) | Pickups: 36 | Deposits: 35 | Rate: 3.28 tags/min | phero_entries=1 max_w=0.005
======================================================================
R1[SEARCH    ]: carry=0 | base=1.15 | wall=4.99 | search=291 | target=phero(-0.37,-0.95)
R2[GIVE_UP   ]: carry=0 | base=4.50 | wall=1.50 | search=3432 | target=none
R3[SEARCH    ]: carry=0 | base=3.97 | wall=2.26 | search=1356 | target=site(-0.37,-0.95)
R4[RTB       ]: carry=1 | base=0.97 | wall=5.03 | search=  0 | target=none

[DEPOSIT] R4 deposited! Total: 36
  [TARGET] R4 → SITE (1.01, -0.21)
[PICKUP] R4 picked up tag (density=5) | Total: 37
[PICKUP] R1 picked up tag (density=19) | Total: 38

======================================================================
Step 20500 (10.9 min) | Pickups: 38 | Deposits: 36 | Rate: 3.29 tags/min | phero_entries=0 max_w=0.000
======================================================================
R1[SURVEY    ]: carry=1 | base=2.48 | wall=4.11 | search=  0 | target=none
R2[GIVE_UP   ]: carry=0 | base=2.66 | wall=3.34 | search=3432 | target=none
R3[GIVE_UP   ]: carry=0 | base=4.72 | wall=1.97 | search=1716 | target=none
R4[SURVEY    ]: carry=1 | base=0.64 | wall=5.36 | search=  0 | target=none

[DEPOSIT] R4 deposited! Total: 37
  [PHERO] Laid at (0.64, -0.05) density=5 prob=0.12 entries=1
  [TARGET] R4 → SITE (0.64, -0.05)
[PICKUP] R2 picked up tag (density=4) | Total: 39

======================================================================
Step 21000 (11.2 min) | Pickups: 39 | Deposits: 37 | Rate: 3.30 tags/min | phero_entries=1 max_w=0.594
======================================================================
R1[RTB       ]: carry=1 | base=1.45 | wall=4.87 | search=  0 | target=none
R2[SURVEY    ]: carry=1 | base=0.94 | wall=5.06 | search=  0 | target=none
R3[GIVE_UP   ]: carry=0 | base=2.80 | wall=3.61 | search=1716 | target=none
R4[SITE      ]: carry=0 | base=0.37 | wall=5.65 | search=  0 | target=site(0.64,-0.05)

[DEPOSIT] R1 deposited! Total: 38
  [PHERO] Laid at (-1.61, -1.89) density=19 prob=1.00 entries=2
  [TARGET] R1 → SITE (-1.61, -1.89)

======================================================================
Step 21500 (11.5 min) | Pickups: 39 | Deposits: 38 | Rate: 3.31 tags/min | phero_entries=2 max_w=0.550
======================================================================
R1[SITE      ]: carry=0 | base=0.49 | wall=5.62 | search=  0 | target=site(-1.61,-1.89)
R2[RTB       ]: carry=1 | base=0.26 | wall=5.74 | search=  0 | target=none
R3[GIVE_UP   ]: carry=0 | base=0.88 | wall=5.25 | search=1716 | target=none
R4[SEARCH    ]: carry=0 | base=1.01 | wall=5.01 | search=424 | target=site(0.64,-0.05)

[DEPOSIT] R2 deposited! Total: 39
  [TARGET] R2 → SITE (0.94, 0.04)
  [GIVE-UP] R3 returned empty after 1716 searching steps
  [TARGET] R3 → PHERO (0.64, -0.05)

======================================================================
Step 22000 (11.7 min) | Pickups: 39 | Deposits: 39 | Rate: 3.32 tags/min | phero_entries=2 max_w=0.111
======================================================================
R1[SITE      ]: carry=0 | base=2.40 | wall=4.17 | search=  0 | target=site(-1.61,-1.89)
R2[SEARCH    ]: carry=0 | base=0.81 | wall=5.19 | search=195 | target=site(0.94,0.04)
R3[PHERO     ]: carry=0 | base=0.27 | wall=5.74 | search=  0 | target=phero(0.64,-0.05)
R4[SEARCH    ]: carry=0 | base=1.67 | wall=4.56 | search=924 | target=site(0.64,-0.05)

[PICKUP] R2 picked up tag (density=3) | Total: 40
[DEPOSIT] R2 deposited! Total: 40
  [TARGET] R2 → SITE (0.80, -0.02)

======================================================================
Step 22500 (12.0 min) | Pickups: 40 | Deposits: 40 | Rate: 3.33 tags/min | phero_entries=2 max_w=0.022
======================================================================
R1[GIVE_UP   ]: carry=0 | base=1.26 | wall=5.11 | search=156 | target=none
R2[BASE_ESC  ]: carry=0 | base=0.24 | wall=5.77 | search=  0 | target=site(0.80,-0.02)
R3[PHERO     ]: carry=0 | base=0.57 | wall=5.43 | search=  0 | target=phero(0.64,-0.05)
R4[SEARCH    ]: carry=0 | base=3.20 | wall=2.85 | search=1424 | target=site(0.64,-0.05)

  [GIVE-UP] R1 returned empty after 156 searching steps
  [TARGET] R1 → PHERO (-1.61, -1.89)
  [GIVE-UP] R3 returned empty after 156 searching steps
  [TARGET] R3 → PHERO (-1.61, -1.89)

======================================================================
Step 23000 (12.3 min) | Pickups: 40 | Deposits: 40 | Rate: 3.26 tags/min | phero_entries=1 max_w=0.005
======================================================================
R1[PHERO     ]: carry=0 | base=0.68 | wall=5.48 | search=  0 | target=phero(-1.61,-1.89)
R2[SEARCH    ]: carry=0 | base=0.70 | wall=5.47 | search=235 | target=site(0.80,-0.02)
R3[PHERO     ]: carry=0 | base=0.36 | wall=5.66 | search=  0 | target=phero(-1.61,-1.89)
R4[SEARCH    ]: carry=0 | base=4.73 | wall=1.28 | search=1924 | target=site(0.64,-0.05)

[PICKUP] R2 picked up tag (density=1) | Total: 41

======================================================================
Step 23500 (12.5 min) | Pickups: 41 | Deposits: 40 | Rate: 3.19 tags/min | phero_entries=0 max_w=0.000
======================================================================
R1[SEARCH    ]: carry=0 | base=2.47 | wall=4.11 | search= 40 | target=phero(-1.61,-1.89)
R2[RTB       ]: carry=1 | base=1.18 | wall=4.87 | search=  0 | target=none
R3[PHERO     ]: carry=0 | base=2.08 | wall=4.38 | search=  0 | target=phero(-1.61,-1.89)
R4[SEARCH    ]: carry=0 | base=5.64 | wall=0.39 | search=2424 | target=site(0.64,-0.05)

[DEPOSIT] R2 deposited! Total: 41
  [TARGET] R2 → WALL (2.02, -5.92)

======================================================================
Step 24000 (12.8 min) | Pickups: 41 | Deposits: 41 | Rate: 3.20 tags/min | phero_entries=0 max_w=0.000
======================================================================
R1[SEARCH    ]: carry=0 | base=2.97 | wall=3.42 | search=540 | target=phero(-1.61,-1.89)
R2[DEPART    ]: carry=0 | base=0.32 | wall=5.68 | search=  0 | target=none
R3[GIVE_UP   ]: carry=0 | base=1.56 | wall=4.66 | search=312 | target=none
R4[GIVE_UP   ]: carry=0 | base=4.74 | wall=1.28 | search=2652 | target=none

[PICKUP] R4 picked up tag (density=20) | Total: 42
  [GIVE-UP] R3 returned empty after 312 searching steps
  [TARGET] R3 → WALL (2.80, 5.92)
  [GIVE-UP] R2 returned empty after 156 searching steps
  [TARGET] R2 → WALL (-5.92, 4.98)

======================================================================
Step 24500 (13.1 min) | Pickups: 42 | Deposits: 41 | Rate: 3.14 tags/min | phero_entries=0 max_w=0.000
======================================================================
R1[SEARCH    ]: carry=0 | base=4.59 | wall=1.79 | search=1040 | target=phero(-1.61,-1.89)
R2[BASE_ESC  ]: carry=0 | base=0.22 | wall=5.78 | search=  0 | target=none
R3[DEPART    ]: carry=0 | base=0.27 | wall=5.73 | search=  0 | target=none
R4[RTB       ]: carry=1 | base=3.42 | wall=2.59 | search=  0 | target=none


======================================================================
Step 25000 (13.3 min) | Pickups: 42 | Deposits: 41 | Rate: 3.07 tags/min | phero_entries=0 max_w=0.000
======================================================================
R1[WALL_ESC  ]: carry=0 | base=5.97 | wall=0.33 | search=1540 | target=phero(-1.61,-1.89)
R2[SEARCH    ]: carry=0 | base=0.78 | wall=5.34 | search=246 | target=none
R3[GIVE_UP   ]: carry=0 | base=0.92 | wall=5.27 | search=312 | target=none
R4[RTB       ]: carry=1 | base=1.50 | wall=4.50 | search=  0 | target=none

  [GIVE-UP] R3 returned empty after 312 searching steps
  [TARGET] R3 → WALL (4.63, -5.92)
[DEPOSIT] R4 deposited! Total: 42
  [PHERO] Laid at (-3.53, -0.33) density=20 prob=1.00 entries=1
  [TARGET] R4 → SITE (-3.53, -0.33)

======================================================================
Step 25500 (13.6 min) | Pickups: 42 | Deposits: 42 | Rate: 3.09 tags/min | phero_entries=1 max_w=0.575
======================================================================
R1[GIVE_UP   ]: carry=0 | base=5.11 | wall=1.19 | search=1716 | target=none
R2[SEARCH    ]: carry=0 | base=2.41 | wall=3.67 | search=746 | target=none
R3[DEPART    ]: carry=0 | base=0.66 | wall=5.44 | search=  0 | target=none
R4[SITE      ]: carry=0 | base=0.45 | wall=5.55 | search=  0 | target=site(-3.53,-0.33)

[PICKUP] R4 picked up tag (density=3) | Total: 43
[PICKUP] R2 picked up tag (density=19) | Total: 44
[DEPOSIT] R4 deposited! Total: 43
  [TARGET] R4 → SITE (-0.65, 0.03)

======================================================================
Step 26000 (13.9 min) | Pickups: 44 | Deposits: 43 | Rate: 3.10 tags/min | phero_entries=1 max_w=0.116
======================================================================
R1[GIVE_UP   ]: carry=0 | base=3.19 | wall=3.00 | search=1716 | target=none
R2[RTB       ]: carry=1 | base=2.81 | wall=3.21 | search=  0 | target=none
R3[SEARCH    ]: carry=0 | base=2.37 | wall=4.21 | search=302 | target=none
R4[BASE_ESC  ]: carry=0 | base=0.23 | wall=5.78 | search=  0 | target=site(-0.65,0.03)


======================================================================
Step 26500 (14.1 min) | Pickups: 44 | Deposits: 43 | Rate: 3.04 tags/min | phero_entries=1 max_w=0.023
======================================================================
R1[GIVE_UP   ]: carry=0 | base=1.27 | wall=4.81 | search=1716 | target=none
R2[RTB       ]: carry=1 | base=0.89 | wall=5.12 | search=  0 | target=none
R3[GIVE_UP   ]: carry=0 | base=2.13 | wall=4.44 | search=468 | target=none
R4[SEARCH    ]: carry=0 | base=0.49 | wall=5.58 | search=365 | target=site(-0.65,0.03)

[DEPOSIT] R2 deposited! Total: 44
  [PHERO] Laid at (-3.00, -0.31) density=19 prob=1.00 entries=2
  [TARGET] R2 → SITE (-3.00, -0.31)
  [GIVE-UP] R1 returned empty after 1716 searching steps
  [TARGET] R1 → PHERO (-3.00, -0.31)
[PICKUP] R2 picked up tag (density=2) | Total: 45
  [GIVE-UP] R3 returned empty after 468 searching steps
  [TARGET] R3 → PHERO (-3.00, -0.31)

======================================================================
Step 27000 (14.4 min) | Pickups: 45 | Deposits: 44 | Rate: 3.06 tags/min | phero_entries=2 max_w=0.345
======================================================================
R1[PHERO     ]: carry=0 | base=0.65 | wall=5.39 | search=  0 | target=phero(-3.00,-0.31)
R2[SURVEY    ]: carry=1 | base=0.74 | wall=5.26 | search=  0 | target=none
R3[BASE_ESC  ]: carry=0 | base=0.23 | wall=5.83 | search=  0 | target=phero(-3.00,-0.31)
R4[SEARCH    ]: carry=0 | base=2.02 | wall=4.09 | search=865 | target=site(-0.65,0.03)

[DEPOSIT] R2 deposited! Total: 45
  [TARGET] R2 → SITE (-0.73, 0.01)

======================================================================
Step 27500 (14.7 min) | Pickups: 45 | Deposits: 45 | Rate: 3.07 tags/min | phero_entries=1 max_w=0.070
======================================================================
R1[PHERO     ]: carry=0 | base=2.55 | wall=3.47 | search=  0 | target=phero(-3.00,-0.31)
R2[SITE      ]: carry=0 | base=0.53 | wall=5.47 | search=  0 | target=site(-0.73,0.01)
R3[PHERO     ]: carry=0 | base=1.23 | wall=4.81 | search=  0 | target=phero(-3.00,-0.31)
R4[SEARCH    ]: carry=0 | base=3.37 | wall=3.38 | search=1365 | target=site(-0.65,0.03)

  [GIVE-UP] R2 returned empty after 156 searching steps
  [TARGET] R2 → PHERO (-3.00, -0.31)

======================================================================
Step 28000 (14.9 min) | Pickups: 45 | Deposits: 45 | Rate: 3.01 tags/min | phero_entries=1 max_w=0.014
======================================================================
R1[SEARCH    ]: carry=0 | base=2.84 | wall=3.18 | search=390 | target=phero(-3.00,-0.31)
R2[PHERO     ]: carry=0 | base=0.31 | wall=5.77 | search=  0 | target=phero(-3.00,-0.31)
R3[SEARCH    ]: carry=0 | base=3.01 | wall=3.00 | search= 42 | target=phero(-3.00,-0.31)
R4[GIVE_UP   ]: carry=0 | base=3.15 | wall=3.69 | search=1560 | target=none

[PICKUP] R3 picked up tag (density=18) | Total: 46
[PICKUP] R4 picked up tag (density=12) | Total: 47

======================================================================
Step 28500 (15.2 min) | Pickups: 47 | Deposits: 45 | Rate: 2.96 tags/min | phero_entries=1 max_w=0.003
======================================================================
R1[SEARCH    ]: carry=0 | base=2.64 | wall=3.84 | search=890 | target=phero(-3.00,-0.31)
R2[PHERO     ]: carry=0 | base=2.14 | wall=3.87 | search=  0 | target=phero(-3.00,-0.31)
R3[RTB       ]: carry=1 | base=2.46 | wall=3.55 | search=  0 | target=none
R4[RTB       ]: carry=1 | base=2.18 | wall=4.39 | search=  0 | target=none


======================================================================
Step 29000 (15.5 min) | Pickups: 47 | Deposits: 45 | Rate: 2.91 tags/min | phero_entries=0 max_w=0.000
======================================================================
R1[SEARCH    ]: carry=0 | base=1.13 | wall=5.16 | search=1390 | target=phero(-3.00,-0.31)
R2[SEARCH    ]: carry=0 | base=2.60 | wall=3.40 | search=285 | target=phero(-3.00,-0.31)
R3[RTB       ]: carry=1 | base=0.54 | wall=5.46 | search=  0 | target=none
R4[RTB       ]: carry=1 | base=0.50 | wall=5.62 | search=  0 | target=none

[DEPOSIT] R4 deposited! Total: 46
  [PHERO] Laid at (1.60, 1.48) density=12 prob=0.88 entries=1
  [TARGET] R4 → SITE (1.60, 1.48)
[DEPOSIT] R3 deposited! Total: 47
  [PHERO] Laid at (-3.08, -0.25) density=18 prob=1.00 entries=2
  [TARGET] R3 → SITE (-3.08, -0.25)
[PICKUP] R2 picked up tag (density=12) | Total: 48
[PICKUP] R3 picked up tag (density=1) | Total: 49

======================================================================
Step 29500 (15.7 min) | Pickups: 49 | Deposits: 47 | Rate: 2.99 tags/min | phero_entries=2 max_w=0.257
======================================================================
R1[SEARCH    ]: carry=0 | base=1.12 | wall=5.15 | search=1890 | target=phero(-3.00,-0.31)
R2[RTB       ]: carry=1 | base=1.63 | wall=4.39 | search=  0 | target=none
R3[SURVEY    ]: carry=1 | base=0.72 | wall=5.28 | search=  0 | target=none
R4[SITE      ]: carry=0 | base=1.45 | wall=4.91 | search=  0 | target=site(1.60,1.48)

[PICKUP] R4 picked up tag (density=11) | Total: 50
[DEPOSIT] R3 deposited! Total: 48
  [TARGET] R3 → SITE (-0.72, 0.03)
[DEPOSIT] R2 deposited! Total: 49
  [PHERO] Laid at (-2.21, 0.27) density=12 prob=0.88 entries=3
  [TARGET] R2 → SITE (-2.21, 0.27)
[PICKUP] R1 picked up tag (density=19) | Total: 51

======================================================================
Step 30000 (16.0 min) | Pickups: 51 | Deposits: 49 | Rate: 3.06 tags/min | phero_entries=3 max_w=0.637
======================================================================
R1[SURVEY    ]: carry=1 | base=2.55 | wall=4.17 | search=  0 | target=none
R2[SITE      ]: carry=0 | base=0.34 | wall=5.69 | search=  0 | target=site(-2.21,0.27)
R3[SEARCH    ]: carry=0 | base=0.71 | wall=5.29 | search= 52 | target=site(-0.72,0.03)
R4[RTB       ]: carry=1 | base=1.37 | wall=4.93 | search=  0 | target=none

[DEPOSIT] R4 deposited! Total: 50
  [PHERO] Laid at (1.40, 1.26) density=11 prob=0.80 entries=4
  [TARGET] R4 → SITE (1.40, 1.26)
[PICKUP] R2 picked up tag (density=11) | Total: 52

======================================================================
Step 30500 (16.3 min) | Pickups: 52 | Deposits: 50 | Rate: 3.07 tags/min | phero_entries=4 max_w=0.512
======================================================================
R1[RTB       ]: carry=1 | base=1.17 | wall=5.16 | search=  0 | target=none
R2[SURVEY    ]: carry=1 | base=1.75 | wall=4.27 | search=  0 | target=none
R3[SEARCH    ]: carry=0 | base=1.09 | wall=4.92 | search=552 | target=site(-0.72,0.03)
R4[SITE      ]: carry=0 | base=0.60 | wall=5.55 | search=  0 | target=site(1.40,1.26)

[DEPOSIT] R1 deposited! Total: 51
  [PHERO] Laid at (-1.82, -1.78) density=19 prob=1.00 entries=5
  [TARGET] R1 → SITE (-1.82, -1.78)
[PICKUP] R4 picked up tag (density=10) | Total: 53

======================================================================
Step 31000 (16.5 min) | Pickups: 53 | Deposits: 51 | Rate: 3.08 tags/min | phero_entries=5 max_w=0.435
======================================================================
R1[SITE      ]: carry=0 | base=0.79 | wall=5.39 | search=  0 | target=site(-1.82,-1.78)
R2[RTB       ]: carry=1 | base=0.29 | wall=5.71 | search=  0 | target=none
R3[GIVE_UP   ]: carry=0 | base=2.35 | wall=3.65 | search=936 | target=none
R4[SURVEY    ]: carry=1 | base=1.88 | wall=4.62 | search=  0 | target=none

[DEPOSIT] R2 deposited! Total: 52
  [PHERO] Laid at (-1.73, 0.24) density=11 prob=0.80 entries=6
  [TARGET] R2 → SITE (-1.73, 0.24)

======================================================================
Step 31500 (16.8 min) | Pickups: 53 | Deposits: 52 | Rate: 3.10 tags/min | phero_entries=4 max_w=0.210
======================================================================
R1[SEARCH    ]: carry=0 | base=2.56 | wall=4.19 | search= 54 | target=site(-1.82,-1.78)
R2[SITE      ]: carry=0 | base=1.65 | wall=4.37 | search=  0 | target=site(-1.73,0.24)
R3[GIVE_UP   ]: carry=0 | base=0.46 | wall=5.54 | search=936 | target=none
R4[RTB       ]: carry=1 | base=0.48 | wall=5.63 | search=  0 | target=none

  [GIVE-UP] R3 returned empty after 936 searching steps
  [TARGET] R3 → PHERO (-1.73, 0.24)
[DEPOSIT] R4 deposited! Total: 53
  [PHERO] Laid at (1.38, 1.28) density=10 prob=0.71 entries=5
  [TARGET] R4 → SITE (1.38, 1.28)

======================================================================
Step 32000 (17.1 min) | Pickups: 53 | Deposits: 53 | Rate: 3.11 tags/min | phero_entries=5 max_w=0.245
======================================================================
R1[SEARCH    ]: carry=0 | base=1.39 | wall=4.68 | search=554 | target=site(-1.82,-1.78)
R2[SEARCH    ]: carry=0 | base=0.71 | wall=5.31 | search=489 | target=site(-1.73,0.24)
R3[PHERO     ]: carry=0 | base=1.00 | wall=5.03 | search=  0 | target=phero(-1.73,0.24)
R4[SITE      ]: carry=0 | base=1.46 | wall=4.91 | search=  0 | target=site(1.38,1.28)

[PICKUP] R4 picked up tag (density=9) | Total: 54

======================================================================
Step 32500 (17.3 min) | Pickups: 54 | Deposits: 53 | Rate: 3.06 tags/min | phero_entries=3 max_w=0.050
======================================================================
R1[SEARCH    ]: carry=0 | base=2.15 | wall=4.10 | search=1054 | target=site(-1.82,-1.78)
R2[SEARCH    ]: carry=0 | base=0.25 | wall=5.82 | search=989 | target=site(-1.73,0.24)
R3[SEARCH    ]: carry=0 | base=1.58 | wall=4.52 | search=316 | target=phero(-1.73,0.24)
R4[RTB       ]: carry=1 | base=1.41 | wall=4.91 | search=  0 | target=none

[DEPOSIT] R4 deposited! Total: 54
  [TARGET] R4 → SITE (1.38, 1.28)
[PICKUP] R3 picked up tag (density=17) | Total: 55

======================================================================
Step 33000 (17.6 min) | Pickups: 55 | Deposits: 54 | Rate: 3.07 tags/min | phero_entries=2 max_w=0.010
======================================================================
R1[SEARCH    ]: carry=0 | base=3.54 | wall=3.46 | search=1554 | target=site(-1.82,-1.78)
R2[SEARCH    ]: carry=0 | base=1.44 | wall=4.98 | search=1489 | target=site(-1.73,0.24)
R3[SURVEY    ]: carry=1 | base=2.70 | wall=3.98 | search=  0 | target=none
R4[SITE      ]: carry=0 | base=0.54 | wall=5.54 | search=  0 | target=site(1.38,1.28)

[PICKUP] R1 picked up tag (density=18) | Total: 56
[PICKUP] R4 picked up tag (density=8) | Total: 57

======================================================================
Step 33500 (17.9 min) | Pickups: 57 | Deposits: 54 | Rate: 3.02 tags/min | phero_entries=1 max_w=0.002
======================================================================
R1[RTB       ]: carry=1 | base=2.71 | wall=3.96 | search=  0 | target=none
R2[GIVE_UP   ]: carry=0 | base=0.30 | wall=5.75 | search=1560 | target=none
R3[RTB       ]: carry=1 | base=1.20 | wall=5.12 | search=  0 | target=none
R4[SURVEY    ]: carry=1 | base=1.98 | wall=4.56 | search=  0 | target=none

  [GIVE-UP] R2 returned empty after 1560 searching steps
  [TARGET] R2 → PHERO (1.38, 1.28)
[DEPOSIT] R3 deposited! Total: 55
  [PHERO] Laid at (-2.02, -1.78) density=17 prob=0.99 entries=1
  [TARGET] R3 → SITE (-2.02, -1.78)

======================================================================
Step 34000 (18.1 min) | Pickups: 57 | Deposits: 55 | Rate: 3.03 tags/min | phero_entries=1 max_w=0.445
======================================================================
R1[RTB       ]: carry=1 | base=0.79 | wall=5.41 | search=  0 | target=none
R2[PHERO     ]: carry=0 | base=1.15 | wall=5.07 | search=  0 | target=phero(1.38,1.28)
R3[SITE      ]: carry=0 | base=0.75 | wall=5.44 | search=  0 | target=site(-2.02,-1.78)
R4[RTB       ]: carry=1 | base=1.02 | wall=5.22 | search=  0 | target=none

[DEPOSIT] R1 deposited! Total: 56
  [PHERO] Laid at (-2.44, 2.69) density=18 prob=1.00 entries=2
  [TARGET] R1 → SITE (-2.44, 2.69)
[DEPOSIT] R4 deposited! Total: 57
  [TARGET] R4 → SITE (1.44, 1.35)
[PICKUP] R2 picked up tag (density=7) | Total: 58

======================================================================
Step 34500 (18.4 min) | Pickups: 58 | Deposits: 57 | Rate: 3.10 tags/min | phero_entries=2 max_w=0.317
======================================================================
R1[SITE      ]: carry=0 | base=1.17 | wall=5.17 | search=  0 | target=site(-2.44,2.69)
R2[RTB       ]: carry=1 | base=1.87 | wall=4.66 | search=  0 | target=none
R3[SEARCH    ]: carry=0 | base=2.66 | wall=4.01 | search=  6 | target=site(-2.02,-1.78)
R4[SITE      ]: carry=0 | base=0.92 | wall=5.28 | search=  0 | target=site(1.44,1.35)

[PICKUP] R4 picked up tag (density=6) | Total: 59

======================================================================
Step 35000 (18.7 min) | Pickups: 59 | Deposits: 57 | Rate: 3.05 tags/min | phero_entries=2 max_w=0.064
======================================================================
R1[SITE      ]: carry=0 | base=3.08 | wall=3.73 | search=  0 | target=site(-2.44,2.69)
R2[RTB       ]: carry=1 | base=0.28 | wall=5.79 | search=  0 | target=none
R3[SEARCH    ]: carry=0 | base=3.67 | wall=3.20 | search=506 | target=site(-2.02,-1.78)
R4[SURVEY    ]: carry=1 | base=1.95 | wall=4.61 | search=  0 | target=none

[DEPOSIT] R2 deposited! Total: 58
  [PHERO] Laid at (1.33, 1.31) density=7 prob=0.32 entries=3
  [TARGET] R2 → SITE (1.33, 1.31)
[PICKUP] R1 picked up tag (density=18) | Total: 60

======================================================================
Step 35500 (18.9 min) | Pickups: 60 | Deposits: 58 | Rate: 3.06 tags/min | phero_entries=3 max_w=0.208
======================================================================
R1[RTB       ]: carry=1 | base=3.14 | wall=3.63 | search=  0 | target=none
R2[SITE      ]: carry=0 | base=1.67 | wall=4.82 | search=  0 | target=site(1.33,1.31)
R3[SEARCH    ]: carry=0 | base=5.14 | wall=2.33 | search=1006 | target=site(-2.02,-1.78)
R4[RTB       ]: carry=1 | base=0.72 | wall=5.46 | search=  0 | target=none

[DEPOSIT] R4 deposited! Total: 59
  [TARGET] R4 → SITE (1.39, 1.37)
[PICKUP] R2 picked up tag (density=5) | Total: 61

======================================================================
Step 36000 (19.2 min) | Pickups: 61 | Deposits: 59 | Rate: 3.07 tags/min | phero_entries=2 max_w=0.042
======================================================================
R1[RTB       ]: carry=1 | base=1.22 | wall=5.08 | search=  0 | target=none
R2[RTB       ]: carry=1 | base=1.91 | wall=4.58 | search=  0 | target=none
R3[SEARCH    ]: carry=0 | base=6.06 | wall=0.78 | search=1506 | target=site(-2.02,-1.78)
R4[SITE      ]: carry=0 | base=1.22 | wall=5.09 | search=  0 | target=site(1.39,1.37)

[DEPOSIT] R1 deposited! Total: 60
  [PHERO] Laid at (-2.41, 2.69) density=18 prob=1.00 entries=3
  [TARGET] R1 → SITE (-2.41, 2.69)
[PICKUP] R4 picked up tag (density=4) | Total: 62
[DEPOSIT] R2 deposited! Total: 61
  [TARGET] R2 → SITE (1.43, 1.42)

======================================================================
Step 36500 (19.5 min) | Pickups: 62 | Deposits: 61 | Rate: 3.13 tags/min | phero_entries=2 max_w=0.455
======================================================================
R1[SITE      ]: carry=0 | base=0.73 | wall=5.40 | search=  0 | target=site(-2.41,2.69)
R2[BASE_ESC  ]: carry=0 | base=0.22 | wall=5.82 | search=  0 | target=site(1.43,1.42)
R3[WALL_ESC  ]: carry=0 | base=6.45 | wall=0.35 | search=2006 | target=site(-2.02,-1.78)
R4[SURVEY    ]: carry=1 | base=1.92 | wall=4.61 | search=  0 | target=none


======================================================================
Step 37000 (19.7 min) | Pickups: 62 | Deposits: 61 | Rate: 3.09 tags/min | phero_entries=2 max_w=0.092
======================================================================
R1[SITE      ]: carry=0 | base=2.64 | wall=4.01 | search=  0 | target=site(-2.41,2.69)
R2[SITE      ]: carry=0 | base=1.92 | wall=4.63 | search=  0 | target=site(1.43,1.42)
R3[WALL_ESC  ]: carry=0 | base=6.45 | wall=0.31 | search=2506 | target=site(-2.02,-1.78)
R4[RTB       ]: carry=1 | base=1.18 | wall=5.13 | search=  0 | target=none

[PICKUP] R2 picked up tag (density=3) | Total: 63
[DEPOSIT] R4 deposited! Total: 62
  [TARGET] R4 → SITE (1.33, 1.39)

======================================================================
Step 37500 (20.0 min) | Pickups: 63 | Deposits: 62 | Rate: 3.10 tags/min | phero_entries=1 max_w=0.019
======================================================================
R1[SEARCH    ]: carry=0 | base=3.23 | wall=3.56 | search=259 | target=site(-2.41,2.69)
R2[RTB       ]: carry=1 | base=1.65 | wall=4.77 | search=  0 | target=none
R3[GIVE_UP   ]: carry=0 | base=5.79 | wall=0.87 | search=2808 | target=none
R4[SITE      ]: carry=0 | base=0.78 | wall=5.41 | search=  0 | target=site(1.33,1.39)

[DEPOSIT] R2 deposited! Total: 63
  [TARGET] R2 → SITE (1.48, 1.46)

======================================================================
Step 38000 (20.3 min) | Pickups: 63 | Deposits: 63 | Rate: 3.11 tags/min | phero_entries=1 max_w=0.004
======================================================================
R1[GIVE_UP   ]: carry=0 | base=1.78 | wall=4.42 | search=468 | target=none
R2[SITE      ]: carry=0 | base=0.28 | wall=5.76 | search=  0 | target=site(1.48,1.46)
R3[GIVE_UP   ]: carry=0 | base=3.87 | wall=2.57 | search=2808 | target=none
R4[SEARCH    ]: carry=0 | base=1.88 | wall=4.60 | search=213 | target=site(1.33,1.39)

  [GIVE-UP] R1 returned empty after 468 searching steps
  [TARGET] R1 → PHERO (-2.41, 2.69)

======================================================================
Step 38500 (20.5 min) | Pickups: 63 | Deposits: 63 | Rate: 3.07 tags/min | phero_entries=0 max_w=0.000
======================================================================
R1[BASE_ESC  ]: carry=0 | base=0.23 | wall=5.82 | search=  0 | target=phero(-2.41,2.69)
R2[SEARCH    ]: carry=0 | base=2.07 | wall=4.51 | search= 40 | target=site(1.48,1.46)
R3[GIVE_UP   ]: carry=0 | base=1.95 | wall=4.27 | search=2808 | target=none
R4[SEARCH    ]: carry=0 | base=3.42 | wall=3.43 | search=713 | target=site(1.33,1.39)

  [GIVE-UP] R3 returned empty after 2808 searching steps
  [TARGET] R3 → WALL (-0.20, -5.92)
[PICKUP] R4 picked up tag (density=24) | Total: 64

======================================================================
Step 39000 (20.8 min) | Pickups: 64 | Deposits: 63 | Rate: 3.03 tags/min | phero_entries=0 max_w=0.000
======================================================================
R1[PHERO     ]: carry=0 | base=2.12 | wall=4.42 | search=  0 | target=phero(-2.41,2.69)
R2[SEARCH    ]: carry=0 | base=2.45 | wall=3.67 | search=540 | target=site(1.48,1.46)
R3[BASE_ESC  ]: carry=0 | base=0.22 | wall=5.80 | search=  0 | target=none
R4[SURVEY    ]: carry=1 | base=4.94 | wall=2.01 | search=  0 | target=none

[PICKUP] R3 picked up tag (density=10) | Total: 65

======================================================================
Step 39500 (21.1 min) | Pickups: 65 | Deposits: 63 | Rate: 2.99 tags/min | phero_entries=0 max_w=0.000
======================================================================
R1[SEARCH    ]: carry=0 | base=3.60 | wall=3.44 | search=125 | target=phero(-2.41,2.69)
R2[GIVE_UP   ]: carry=0 | base=2.52 | wall=3.49 | search=780 | target=none
R3[SURVEY    ]: carry=1 | base=1.01 | wall=5.04 | search=  0 | target=none
R4[RTB       ]: carry=1 | base=3.81 | wall=2.87 | search=  0 | target=none

[DEPOSIT] R3 deposited! Total: 64
  [PHERO] Laid at (-0.32, -0.95) density=10 prob=0.71 entries=1
  [TARGET] R3 → SITE (-0.32, -0.95)

======================================================================
Step 40000 (21.3 min) | Pickups: 65 | Deposits: 64 | Rate: 3.00 tags/min | phero_entries=1 max_w=0.498
======================================================================
R1[GIVE_UP   ]: carry=0 | base=1.87 | wall=4.56 | search=468 | target=none
R2[GIVE_UP   ]: carry=0 | base=0.60 | wall=5.40 | search=780 | target=none
R3[SITE      ]: carry=0 | base=0.59 | wall=5.42 | search=  0 | target=site(-0.32,-0.95)
R4[RTB       ]: carry=1 | base=1.89 | wall=4.44 | search=  0 | target=none

  [GIVE-UP] R2 returned empty after 780 searching steps
  [TARGET] R2 → PHERO (-0.32, -0.95)
[PICKUP] R3 picked up tag (density=9) | Total: 66
  [GIVE-UP] R1 returned empty after 468 searching steps
  [TARGET] R1 → PHERO (-0.32, -0.95)
[DEPOSIT] R4 deposited! Total: 65
  [PHERO] Laid at (3.99, 2.90) density=24 prob=1.00 entries=2
  [TARGET] R4 → SITE (3.99, 2.90)

======================================================================
Step 40500 (21.6 min) | Pickups: 66 | Deposits: 65 | Rate: 3.01 tags/min | phero_entries=2 max_w=0.825
======================================================================
R1[BASE_ESC  ]: carry=0 | base=0.22 | wall=5.83 | search=  0 | target=phero(-0.32,-0.95)
R2[PHERO     ]: carry=0 | base=0.27 | wall=5.79 | search=  0 | target=phero(-0.32,-0.95)
R3[RTB       ]: carry=1 | base=0.68 | wall=5.33 | search=  0 | target=none
R4[BASE_ESC  ]: carry=0 | base=0.23 | wall=5.79 | search=  0 | target=site(3.99,2.90)

[DEPOSIT] R3 deposited! Total: 66
  [TARGET] R3 → SITE (-0.25, -1.01)

======================================================================
Step 41000 (21.9 min) | Pickups: 66 | Deposits: 66 | Rate: 3.02 tags/min | phero_entries=2 max_w=0.167
======================================================================
R1[SEARCH    ]: carry=0 | base=1.06 | wall=4.99 | search= 64 | target=phero(-0.32,-0.95)
R2[SEARCH    ]: carry=0 | base=0.99 | wall=5.07 | search= 30 | target=phero(-0.32,-0.95)
R3[SEARCH    ]: carry=0 | base=1.02 | wall=5.01 | search= 63 | target=site(-0.25,-1.01)
R4[SITE      ]: carry=0 | base=1.96 | wall=4.36 | search=  0 | target=site(3.99,2.90)

[PICKUP] R2 picked up tag (density=8) | Total: 67
[PICKUP] R3 picked up tag (density=7) | Total: 68
  [GIVE-UP] R1 returned empty after 468 searching steps
  [TARGET] R1 → PHERO (3.99, 2.90)

======================================================================
Step 41500 (22.1 min) | Pickups: 68 | Deposits: 66 | Rate: 2.98 tags/min | phero_entries=2 max_w=0.034
======================================================================
R1[BASE_ESC  ]: carry=0 | base=0.24 | wall=5.78 | search=  0 | target=phero(3.99,2.90)
R2[RTB       ]: carry=1 | base=0.42 | wall=5.59 | search=  0 | target=none
R3[RTB       ]: carry=1 | base=0.76 | wall=5.25 | search=  0 | target=none
R4[SITE      ]: carry=0 | base=3.87 | wall=2.85 | search=  0 | target=site(3.99,2.90)

[DEPOSIT] R2 deposited! Total: 67
  [TARGET] R2 → SITE (-0.31, -1.03)
[DEPOSIT] R3 deposited! Total: 68
  [TARGET] R3 → SITE (-0.31, -1.04)
[PICKUP] R4 picked up tag (density=24) | Total: 69
[PICKUP] R2 picked up tag (density=6) | Total: 70

======================================================================
Step 42000 (22.4 min) | Pickups: 70 | Deposits: 68 | Rate: 3.04 tags/min | phero_entries=1 max_w=0.007
======================================================================
R1[PHERO     ]: carry=0 | base=1.88 | wall=4.40 | search=  0 | target=phero(3.99,2.90)
R2[SURVEY    ]: carry=1 | base=1.14 | wall=4.90 | search=  0 | target=none
R3[SEARCH    ]: carry=0 | base=1.08 | wall=4.97 | search= 29 | target=site(-0.31,-1.04)
R4[SURVEY    ]: carry=1 | base=4.97 | wall=1.97 | search=  0 | target=none

[PICKUP] R3 picked up tag (density=5) | Total: 71
[DEPOSIT] R2 deposited! Total: 69
  [TARGET] R2 → SITE (-0.30, -1.05)

======================================================================
Step 42500 (22.7 min) | Pickups: 71 | Deposits: 69 | Rate: 3.04 tags/min | phero_entries=1 max_w=0.001
======================================================================
R1[PHERO     ]: carry=0 | base=3.70 | wall=3.00 | search=  0 | target=phero(3.99,2.90)
R2[BASE_ESC  ]: carry=0 | base=0.21 | wall=5.79 | search=  0 | target=site(-0.30,-1.05)
R3[RTB       ]: carry=1 | base=0.28 | wall=5.72 | search=  0 | target=none
R4[RTB       ]: carry=1 | base=3.49 | wall=3.13 | search=  0 | target=none

[DEPOSIT] R3 deposited! Total: 70
  [TARGET] R3 → SITE (-0.23, -1.06)
[PICKUP] R1 picked up tag (density=21) | Total: 72

======================================================================
Step 43000 (22.9 min) | Pickups: 72 | Deposits: 70 | Rate: 3.05 tags/min | phero_entries=0 max_w=0.000
======================================================================
R1[SURVEY    ]: carry=1 | base=4.92 | wall=2.03 | search=  0 | target=none
R2[SEARCH    ]: carry=0 | base=0.95 | wall=5.06 | search=209 | target=site(-0.30,-1.05)
R3[SEARCH    ]: carry=0 | base=0.94 | wall=5.06 | search=165 | target=site(-0.23,-1.06)
R4[RTB       ]: carry=1 | base=1.57 | wall=4.71 | search=  0 | target=none

[PICKUP] R3 picked up tag (density=4) | Total: 73
[DEPOSIT] R4 deposited! Total: 71
  [PHERO] Laid at (4.03, 2.92) density=24 prob=1.00 entries=1
  [TARGET] R4 → SITE (4.03, 2.92)

======================================================================
Step 43500 (23.2 min) | Pickups: 73 | Deposits: 71 | Rate: 3.06 tags/min | phero_entries=1 max_w=0.609
======================================================================
R1[RTB       ]: carry=1 | base=3.50 | wall=3.13 | search=  0 | target=none
R2[SEARCH    ]: carry=0 | base=0.92 | wall=5.23 | search=709 | target=site(-0.30,-1.05)
R3[RTB       ]: carry=1 | base=0.96 | wall=5.08 | search=  0 | target=none
R4[SITE      ]: carry=0 | base=0.40 | wall=5.63 | search=  0 | target=site(4.03,2.92)

[DEPOSIT] R3 deposited! Total: 72
  [PHERO] Laid at (-0.40, -1.11) density=4 prob=0.05 entries=2
  [TARGET] R3 → SITE (-0.40, -1.11)

======================================================================
Step 44000 (23.5 min) | Pickups: 73 | Deposits: 72 | Rate: 3.07 tags/min | phero_entries=2 max_w=0.365
======================================================================
R1[RTB       ]: carry=1 | base=1.60 | wall=4.70 | search=  0 | target=none
R2[SEARCH    ]: carry=0 | base=1.38 | wall=4.79 | search=1209 | target=site(-0.30,-1.05)
R3[SITE      ]: carry=0 | base=0.96 | wall=5.08 | search=  0 | target=site(-0.40,-1.11)
R4[SITE      ]: carry=0 | base=2.28 | wall=4.11 | search=  0 | target=site(4.03,2.92)

[DEPOSIT] R1 deposited! Total: 73
  [PHERO] Laid at (3.97, 2.90) density=21 prob=1.00 entries=3
  [TARGET] R1 → SITE (3.97, 2.90)

======================================================================
Step 44500 (23.7 min) | Pickups: 73 | Deposits: 73 | Rate: 3.08 tags/min | phero_entries=3 max_w=0.621
======================================================================
R1[SITE      ]: carry=0 | base=0.36 | wall=5.72 | search=  0 | target=site(3.97,2.90)
R2[GIVE_UP   ]: carry=0 | base=0.97 | wall=5.25 | search=1404 | target=none
R3[GIVE_UP   ]: carry=0 | base=0.80 | wall=5.34 | search=312 | target=none
R4[SITE      ]: carry=0 | base=4.20 | wall=2.59 | search=  0 | target=site(4.03,2.92)

  [GIVE-UP] R3 returned empty after 312 searching steps
  [TARGET] R3 → PHERO (3.97, 2.90)
  [GIVE-UP] R2 returned empty after 1404 searching steps
  [TARGET] R2 → PHERO (-0.40, -1.11)

======================================================================
Step 45000 (24.0 min) | Pickups: 73 | Deposits: 73 | Rate: 3.04 tags/min | phero_entries=3 max_w=0.125
======================================================================
R1[SITE      ]: carry=0 | base=2.26 | wall=4.21 | search=  0 | target=site(3.97,2.90)
R2[PHERO     ]: carry=0 | base=0.30 | wall=5.70 | search=  0 | target=phero(-0.40,-1.11)
R3[BASE_ESC  ]: carry=0 | base=0.23 | wall=5.77 | search=  0 | target=phero(3.97,2.90)
R4[SEARCH    ]: carry=0 | base=4.38 | wall=2.39 | search=313 | target=site(4.03,2.92)


======================================================================
Step 45500 (24.3 min) | Pickups: 73 | Deposits: 73 | Rate: 3.01 tags/min | phero_entries=3 max_w=0.025
======================================================================
R1[SITE      ]: carry=0 | base=4.18 | wall=2.63 | search=  0 | target=site(3.97,2.90)
R2[SEARCH    ]: carry=0 | base=1.04 | wall=5.04 | search=230 | target=phero(-0.40,-1.11)
R3[PHERO     ]: carry=0 | base=1.14 | wall=5.16 | search=  0 | target=phero(3.97,2.90)
R4[SEARCH    ]: carry=0 | base=3.67 | wall=2.43 | search=813 | target=site(4.03,2.92)


======================================================================
Step 46000 (24.5 min) | Pickups: 73 | Deposits: 73 | Rate: 2.98 tags/min | phero_entries=1 max_w=0.005
======================================================================
R1[SEARCH    ]: carry=0 | base=5.17 | wall=1.69 | search=323 | target=site(3.97,2.90)
R2[SEARCH    ]: carry=0 | base=2.42 | wall=3.87 | search=730 | target=phero(-0.40,-1.11)
R3[PHERO     ]: carry=0 | base=3.03 | wall=3.62 | search=  0 | target=phero(3.97,2.90)
R4[SEARCH    ]: carry=0 | base=2.00 | wall=4.01 | search=1313 | target=site(4.03,2.92)


======================================================================
Step 46500 (24.8 min) | Pickups: 73 | Deposits: 73 | Rate: 2.94 tags/min | phero_entries=1 max_w=0.001
======================================================================
R1[SEARCH    ]: carry=0 | base=5.60 | wall=0.64 | search=823 | target=site(3.97,2.90)
R2[SEARCH    ]: carry=0 | base=3.80 | wall=2.90 | search=1230 | target=phero(-0.40,-1.11)
R3[SEARCH    ]: carry=0 | base=4.89 | wall=2.06 | search= 22 | target=phero(3.97,2.90)
R4[SEARCH    ]: carry=0 | base=0.71 | wall=5.43 | search=1813 | target=site(4.03,2.92)


======================================================================
Step 47000 (25.1 min) | Pickups: 73 | Deposits: 73 | Rate: 2.91 tags/min | phero_entries=0 max_w=0.000
======================================================================
R1[SEARCH    ]: carry=0 | base=5.58 | wall=0.43 | search=1323 | target=site(3.97,2.90)
R2[SEARCH    ]: carry=0 | base=5.05 | wall=2.11 | search=1730 | target=phero(-0.40,-1.11)
R3[SEARCH    ]: carry=0 | base=4.18 | wall=2.18 | search=522 | target=phero(3.97,2.90)
R4[SEARCH    ]: carry=0 | base=0.85 | wall=5.17 | search=2313 | target=site(4.03,2.92)


======================================================================
Step 47500 (25.3 min) | Pickups: 73 | Deposits: 73 | Rate: 2.88 tags/min | phero_entries=0 max_w=0.000
======================================================================
R1[GIVE_UP   ]: carry=0 | base=4.12 | wall=1.89 | search=1716 | target=none
R2[GIVE_UP   ]: carry=0 | base=5.93 | wall=0.63 | search=2184 | target=none
R3[GIVE_UP   ]: carry=0 | base=2.72 | wall=3.41 | search=624 | target=none
R4[SEARCH    ]: carry=0 | base=1.15 | wall=4.94 | search=2813 | target=site(4.03,2.92)


======================================================================
Step 48000 (25.6 min) | Pickups: 73 | Deposits: 73 | Rate: 2.85 tags/min | phero_entries=0 max_w=0.000
======================================================================
R1[GIVE_UP   ]: carry=0 | base=2.20 | wall=3.80 | search=1716 | target=none
R2[GIVE_UP   ]: carry=0 | base=4.15 | wall=2.21 | search=2184 | target=none
R3[GIVE_UP   ]: carry=0 | base=0.80 | wall=5.24 | search=624 | target=none
R4[SEARCH    ]: carry=0 | base=2.73 | wall=3.95 | search=3313 | target=site(4.03,2.92)

[PICKUP] R2 picked up tag (density=16) | Total: 74
[PICKUP] R4 picked up tag (density=20) | Total: 75
  [GIVE-UP] R3 returned empty after 624 searching steps
  [TARGET] R3 → WALL (-0.92, 5.92)
[PICKUP] R1 picked up tag (density=2) | Total: 76

======================================================================
Step 48500 (25.9 min) | Pickups: 76 | Deposits: 73 | Rate: 2.82 tags/min | phero_entries=0 max_w=0.000
======================================================================
R1[SURVEY    ]: carry=1 | base=0.97 | wall=5.03 | search=  0 | target=none
R2[RTB       ]: carry=1 | base=3.06 | wall=3.19 | search=  0 | target=none
R3[DEPART    ]: carry=0 | base=0.72 | wall=5.32 | search=  0 | target=none
R4[RTB       ]: carry=1 | base=2.51 | wall=4.17 | search=  0 | target=none

[DEPOSIT] R1 deposited! Total: 74
  [TARGET] R1 → WALL (2.96, 5.92)

======================================================================
Step 49000 (26.1 min) | Pickups: 76 | Deposits: 74 | Rate: 2.83 tags/min | phero_entries=0 max_w=0.000
======================================================================
R1[BASE_ESC  ]: carry=0 | base=0.22 | wall=5.78 | search=  0 | target=none
R2[RTB       ]: carry=1 | base=1.14 | wall=4.95 | search=  0 | target=none
R3[SEARCH    ]: carry=0 | base=2.43 | wall=3.59 | search=434 | target=none
R4[RTB       ]: carry=1 | base=0.59 | wall=5.57 | search=  0 | target=none

[DEPOSIT] R4 deposited! Total: 75
  [PHERO] Laid at (2.01, -2.30) density=20 prob=1.00 entries=1
  [TARGET] R4 → SITE (2.01, -2.30)
[DEPOSIT] R2 deposited! Total: 76
  [PHERO] Laid at (-1.68, -3.74) density=16 prob=0.99 entries=2
  [TARGET] R2 → SITE (-1.68, -3.74)

======================================================================
Step 49500 (26.4 min) | Pickups: 76 | Deposits: 76 | Rate: 2.88 tags/min | phero_entries=2 max_w=0.424
======================================================================
R1[GIVE_UP   ]: carry=0 | base=1.81 | wall=4.65 | search=156 | target=none
R2[SITE      ]: carry=0 | base=0.82 | wall=5.22 | search=  0 | target=site(-1.68,-3.74)
R3[SEARCH    ]: carry=0 | base=4.08 | wall=2.02 | search=934 | target=none
R4[SITE      ]: carry=0 | base=1.36 | wall=5.02 | search=  0 | target=site(2.01,-2.30)

  [GIVE-UP] R1 returned empty after 156 searching steps
  [TARGET] R1 → PHERO (2.01, -2.30)

======================================================================
Step 50000 (26.7 min) | Pickups: 76 | Deposits: 76 | Rate: 2.85 tags/min | phero_entries=2 max_w=0.086
======================================================================
R1[BASE_ESC  ]: carry=0 | base=0.23 | wall=5.84 | search=  0 | target=phero(2.01,-2.30)
R2[SITE      ]: carry=0 | base=2.73 | wall=3.49 | search=  0 | target=site(-1.68,-3.74)
R3[GIVE_UP   ]: carry=0 | base=2.46 | wall=3.61 | search=936 | target=none
R4[SEARCH    ]: carry=0 | base=3.03 | wall=3.70 | search= 72 | target=site(2.01,-2.30)

[PICKUP] R4 picked up tag (density=19) | Total: 77
[PICKUP] R2 picked up tag (density=16) | Total: 78
[PICKUP] R1 picked up tag (density=1) | Total: 79

======================================================================
Step 50500 (26.9 min) | Pickups: 79 | Deposits: 76 | Rate: 2.82 tags/min | phero_entries=2 max_w=0.017
======================================================================
R1[SURVEY    ]: carry=1 | base=0.60 | wall=5.44 | search=  0 | target=none
R2[RTB       ]: carry=1 | base=3.34 | wall=2.92 | search=  0 | target=none
R3[GIVE_UP   ]: carry=0 | base=0.54 | wall=5.47 | search=936 | target=none
R4[RTB       ]: carry=1 | base=2.48 | wall=4.17 | search=  0 | target=none

  [GIVE-UP] R3 returned empty after 936 searching steps
  [TARGET] R3 → PHERO (-1.68, -3.74)
[DEPOSIT] R1 deposited! Total: 77
  [TARGET] R1 → SITE (0.56, -0.21)

======================================================================
Step 51000 (27.2 min) | Pickups: 79 | Deposits: 77 | Rate: 2.83 tags/min | phero_entries=2 max_w=0.003
======================================================================
R1[SEARCH    ]: carry=0 | base=0.61 | wall=5.43 | search= 35 | target=site(0.56,-0.21)
R2[RTB       ]: carry=1 | base=1.42 | wall=4.69 | search=  0 | target=none
R3[PHERO     ]: carry=0 | base=0.35 | wall=5.66 | search=  0 | target=phero(-1.68,-3.74)
R4[RTB       ]: carry=1 | base=0.56 | wall=5.59 | search=  0 | target=none

[DEPOSIT] R4 deposited! Total: 78
  [PHERO] Laid at (1.97, -2.31) density=19 prob=1.00 entries=3
  [TARGET] R4 → SITE (1.97, -2.31)
  [GIVE-UP] R1 returned empty after 156 searching steps
  [TARGET] R1 → PHERO (1.97, -2.31)
[DEPOSIT] R2 deposited! Total: 79
  [PHERO] Laid at (-1.43, -3.22) density=16 prob=0.99 entries=3
  [TARGET] R2 → SITE (-1.43, -3.22)

======================================================================
Step 51500 (27.5 min) | Pickups: 79 | Deposits: 79 | Rate: 2.88 tags/min | phero_entries=2 max_w=0.536
======================================================================
R1[PHERO     ]: carry=0 | base=0.53 | wall=5.49 | search=  0 | target=phero(1.97,-2.31)
R2[SITE      ]: carry=0 | base=0.54 | wall=5.54 | search=  0 | target=site(-1.43,-3.22)
R3[PHERO     ]: carry=0 | base=2.14 | wall=4.11 | search=  0 | target=phero(-1.68,-3.74)
R4[SITE      ]: carry=0 | base=1.40 | wall=4.90 | search=  0 | target=site(1.97,-2.31)

[PICKUP] R3 picked up tag (density=15) | Total: 80
[PICKUP] R4 picked up tag (density=18) | Total: 81

======================================================================
Step 52000 (27.7 min) | Pickups: 81 | Deposits: 79 | Rate: 2.85 tags/min | phero_entries=2 max_w=0.108
======================================================================
R1[PHERO     ]: carry=0 | base=2.35 | wall=4.27 | search=  0 | target=phero(1.97,-2.31)
R2[SITE      ]: carry=0 | base=2.46 | wall=3.77 | search=  0 | target=site(-1.43,-3.22)
R3[SURVEY    ]: carry=1 | base=3.64 | wall=2.69 | search=  0 | target=none
R4[SURVEY    ]: carry=1 | base=3.06 | wall=3.67 | search=  0 | target=none

[PICKUP] R2 picked up tag (density=14) | Total: 82
[PICKUP] R1 picked up tag (density=17) | Total: 83

======================================================================
Step 52500 (28.0 min) | Pickups: 83 | Deposits: 79 | Rate: 2.82 tags/min | phero_entries=2 max_w=0.022
======================================================================
R1[SURVEY    ]: carry=1 | base=3.02 | wall=3.58 | search=  0 | target=none
R2[SURVEY    ]: carry=1 | base=3.64 | wall=2.69 | search=  0 | target=none
R3[RTB       ]: carry=1 | base=2.28 | wall=3.91 | search=  0 | target=none
R4[RTB       ]: carry=1 | base=2.16 | wall=4.42 | search=  0 | target=none

[DEPOSIT] R4 deposited! Total: 80
  [PHERO] Laid at (1.98, -2.33) density=18 prob=1.00 entries=3
  [TARGET] R4 → SITE (1.98, -2.33)

======================================================================
Step 53000 (28.3 min) | Pickups: 83 | Deposits: 80 | Rate: 2.83 tags/min | phero_entries=3 max_w=0.997
======================================================================
R1[RTB       ]: carry=1 | base=2.07 | wall=4.39 | search=  0 | target=none
R2[RTB       ]: carry=1 | base=2.36 | wall=3.83 | search=  0 | target=none
R3[RTB       ]: carry=1 | base=0.36 | wall=5.67 | search=  0 | target=none
R4[BASE_ESC  ]: carry=0 | base=0.24 | wall=5.82 | search=  0 | target=site(1.98,-2.33)

[DEPOSIT] R3 deposited! Total: 81
  [PHERO] Laid at (-1.52, -3.30) density=15 prob=0.98 entries=4
  [TARGET] R3 → SITE (-1.52, -3.30)
[DEPOSIT] R1 deposited! Total: 82
  [PHERO] Laid at (1.82, -2.41) density=17 prob=0.99 entries=3
  [TARGET] R1 → SITE (1.82, -2.41)

======================================================================
Step 53500 (28.5 min) | Pickups: 83 | Deposits: 82 | Rate: 2.87 tags/min | phero_entries=3 max_w=0.920
======================================================================
R1[BASE_ESC  ]: carry=0 | base=0.23 | wall=5.82 | search=  0 | target=site(1.82,-2.41)
R2[RTB       ]: carry=1 | base=0.44 | wall=5.60 | search=  0 | target=none
R3[SITE      ]: carry=0 | base=1.60 | wall=4.57 | search=  0 | target=site(-1.52,-3.30)
R4[SITE      ]: carry=0 | base=1.70 | wall=4.74 | search=  0 | target=site(1.98,-2.33)

[DEPOSIT] R2 deposited! Total: 83
  [PHERO] Laid at (-1.51, -3.31) density=14 prob=0.96 entries=4
  [TARGET] R2 → SITE (-1.51, -3.31)

======================================================================
Step 54000 (28.8 min) | Pickups: 83 | Deposits: 83 | Rate: 2.88 tags/min | phero_entries=4 max_w=0.237
======================================================================
R1[SITE      ]: carry=0 | base=1.81 | wall=4.53 | search=  0 | target=site(1.82,-2.41)
R2[SITE      ]: carry=0 | base=1.50 | wall=4.61 | search=  0 | target=site(-1.51,-3.31)
R3[SITE      ]: carry=0 | base=3.52 | wall=2.81 | search=  0 | target=site(-1.52,-3.30)
R4[SEARCH    ]: carry=0 | base=3.00 | wall=3.77 | search=159 | target=site(1.98,-2.33)

[PICKUP] R3 picked up tag (density=13) | Total: 84

======================================================================
Step 54500 (29.1 min) | Pickups: 84 | Deposits: 83 | Rate: 2.86 tags/min | phero_entries=4 max_w=0.048
======================================================================
R1[SEARCH    ]: carry=0 | base=2.90 | wall=3.63 | search=198 | target=site(1.82,-2.41)
R2[SITE      ]: carry=0 | base=3.41 | wall=2.89 | search=  0 | target=site(-1.51,-3.31)
R3[RTB       ]: carry=1 | base=2.90 | wall=3.32 | search=  0 | target=none
R4[GIVE_UP   ]: carry=0 | base=1.28 | wall=5.07 | search=468 | target=none

[PICKUP] R2 picked up tag (density=12) | Total: 85
[PICKUP] R1 picked up tag (density=16) | Total: 86
  [GIVE-UP] R4 returned empty after 468 searching steps
  [TARGET] R4 → PHERO (-1.51, -3.31)

======================================================================
Step 55000 (29.3 min) | Pickups: 86 | Deposits: 83 | Rate: 2.83 tags/min | phero_entries=4 max_w=0.010
======================================================================
R1[RTB       ]: carry=1 | base=3.05 | wall=3.48 | search=  0 | target=none
R2[RTB       ]: carry=1 | base=3.04 | wall=3.19 | search=  0 | target=none
R3[RTB       ]: carry=1 | base=0.98 | wall=5.09 | search=  0 | target=none
R4[PHERO     ]: carry=0 | base=0.61 | wall=5.40 | search=  0 | target=phero(-1.51,-3.31)

[PICKUP] R4 picked up tag (density=3) | Total: 87
[DEPOSIT] R3 deposited! Total: 84
  [PHERO] Laid at (-1.48, -3.33) density=13 prob=0.93 entries=3
  [TARGET] R3 → SITE (-1.48, -3.33)

======================================================================
Step 55500 (29.6 min) | Pickups: 87 | Deposits: 84 | Rate: 2.84 tags/min | phero_entries=3 max_w=0.372
======================================================================
R1[RTB       ]: carry=1 | base=1.13 | wall=5.06 | search=  0 | target=none
R2[RTB       ]: carry=1 | base=1.12 | wall=4.96 | search=  0 | target=none
R3[SITE      ]: carry=0 | base=0.97 | wall=5.14 | search=  0 | target=site(-1.48,-3.33)
R4[RTB       ]: carry=1 | base=0.78 | wall=5.23 | search=  0 | target=none

[DEPOSIT] R4 deposited! Total: 85
  [TARGET] R4 → SITE (-0.30, -1.10)
[DEPOSIT] R2 deposited! Total: 86
  [PHERO] Laid at (-1.45, -3.35) density=12 prob=0.88 entries=2
  [TARGET] R2 → SITE (-1.45, -3.35)
[DEPOSIT] R1 deposited! Total: 87
  [PHERO] Laid at (1.77, -2.76) density=16 prob=0.99 entries=3
  [TARGET] R1 → SITE (1.77, -2.76)

======================================================================
Step 56000 (29.9 min) | Pickups: 87 | Deposits: 87 | Rate: 2.91 tags/min | phero_entries=3 max_w=0.423
======================================================================
R1[SITE      ]: carry=0 | base=0.82 | wall=5.37 | search=  0 | target=site(1.77,-2.76)
R2[SITE      ]: carry=0 | base=0.83 | wall=5.28 | search=  0 | target=site(-1.45,-3.35)
R3[SITE      ]: carry=0 | base=2.89 | wall=3.37 | search=  0 | target=site(-1.48,-3.33)
R4[SEARCH    ]: carry=0 | base=1.11 | wall=4.92 | search= 11 | target=site(-0.30,-1.10)


======================================================================
Step 56500 (30.1 min) | Pickups: 87 | Deposits: 87 | Rate: 2.89 tags/min | phero_entries=3 max_w=0.085
======================================================================
R1[SITE      ]: carry=0 | base=2.73 | wall=3.71 | search=  0 | target=site(1.77,-2.76)
R2[SITE      ]: carry=0 | base=2.74 | wall=3.49 | search=  0 | target=site(-1.45,-3.35)
R3[SEARCH    ]: carry=0 | base=3.84 | wall=2.56 | search=317 | target=site(-1.48,-3.33)
R4[SEARCH    ]: carry=0 | base=1.73 | wall=4.73 | search=511 | target=site(-0.30,-1.10)

[PICKUP] R2 picked up tag (density=11) | Total: 88

======================================================================
Step 57000 (30.4 min) | Pickups: 88 | Deposits: 87 | Rate: 2.86 tags/min | phero_entries=3 max_w=0.017
======================================================================
R1[GIVE_UP   ]: carry=0 | base=2.44 | wall=3.88 | search=156 | target=none
R2[RTB       ]: carry=1 | base=3.61 | wall=2.67 | search=  0 | target=none
R3[SEARCH    ]: carry=0 | base=5.32 | wall=1.79 | search=817 | target=site(-1.48,-3.33)
R4[SEARCH    ]: carry=0 | base=1.93 | wall=4.07 | search=1011 | target=site(-0.30,-1.10)

[PICKUP] R4 picked up tag (density=10) | Total: 89

======================================================================
Step 57500 (30.7 min) | Pickups: 89 | Deposits: 87 | Rate: 2.84 tags/min | phero_entries=2 max_w=0.003
======================================================================
R1[GIVE_UP   ]: carry=0 | base=0.52 | wall=5.55 | search=156 | target=none
R2[RTB       ]: carry=1 | base=1.74 | wall=4.38 | search=  0 | target=none
R3[GIVE_UP   ]: carry=0 | base=6.16 | wall=1.32 | search=1248 | target=none
R4[RTB       ]: carry=1 | base=0.90 | wall=5.10 | search=  0 | target=none

  [GIVE-UP] R1 returned empty after 156 searching steps
  [TARGET] R1 → PHERO (1.77, -2.76)
[DEPOSIT] R4 deposited! Total: 88
  [PHERO] Laid at (-1.93, 0.19) density=10 prob=0.71 entries=3
  [TARGET] R4 → SITE (-1.93, 0.19)
[PICKUP] R3 picked up tag (density=25) | Total: 90
[DEPOSIT] R2 deposited! Total: 89
  [TARGET] R2 → SITE (-1.42, -3.34)

======================================================================
Step 58000 (30.9 min) | Pickups: 90 | Deposits: 89 | Rate: 2.88 tags/min | phero_entries=1 max_w=0.348
======================================================================
R1[PHERO     ]: carry=0 | base=1.43 | wall=4.76 | search=  0 | target=phero(1.77,-2.76)
R2[SITE      ]: carry=0 | base=0.25 | wall=5.75 | search=  0 | target=site(-1.42,-3.34)
R3[RTB       ]: carry=1 | base=4.98 | wall=2.22 | search=  0 | target=none
R4[SITE      ]: carry=0 | base=1.04 | wall=4.97 | search=  0 | target=site(-1.93,0.19)

[PICKUP] R4 picked up tag (density=9) | Total: 91

======================================================================
Step 58500 (31.2 min) | Pickups: 91 | Deposits: 89 | Rate: 2.85 tags/min | phero_entries=1 max_w=0.070
======================================================================
R1[SEARCH    ]: carry=0 | base=3.26 | wall=3.24 | search= 32 | target=phero(1.77,-2.76)
R2[SITE      ]: carry=0 | base=2.13 | wall=4.02 | search=  0 | target=site(-1.42,-3.34)
R3[RTB       ]: carry=1 | base=3.06 | wall=3.68 | search=  0 | target=none
R4[RTB       ]: carry=1 | base=1.86 | wall=4.15 | search=  0 | target=none

[PICKUP] R1 picked up tag (density=15) | Total: 92
[DEPOSIT] R4 deposited! Total: 90
  [PHERO] Laid at (-1.91, 0.22) density=9 prob=0.59 entries=2
  [TARGET] R4 → SITE (-1.91, 0.22)
[PICKUP] R2 picked up tag (density=10) | Total: 93

======================================================================
Step 59000 (31.5 min) | Pickups: 93 | Deposits: 90 | Rate: 2.86 tags/min | phero_entries=2 max_w=0.777
======================================================================
R1[RTB       ]: carry=1 | base=3.00 | wall=3.55 | search=  0 | target=none
R2[SURVEY    ]: carry=1 | base=3.67 | wall=2.63 | search=  0 | target=none
R3[RTB       ]: carry=1 | base=1.14 | wall=5.13 | search=  0 | target=none
R4[BASE_ESC  ]: carry=0 | base=0.22 | wall=5.78 | search=  0 | target=site(-1.91,0.22)

[DEPOSIT] R3 deposited! Total: 91
  [PHERO] Laid at (-4.14, -3.50) density=25 prob=1.00 entries=3
  [TARGET] R3 → SITE (-4.14, -3.50)

======================================================================
Step 59500 (31.7 min) | Pickups: 93 | Deposits: 91 | Rate: 2.87 tags/min | phero_entries=3 max_w=0.427
======================================================================
R1[RTB       ]: carry=1 | base=1.08 | wall=5.12 | search=  0 | target=none
R2[RTB       ]: carry=1 | base=2.49 | wall=3.69 | search=  0 | target=none
R3[SITE      ]: carry=0 | base=0.80 | wall=5.41 | search=  0 | target=site(-4.14,-3.50)
R4[SEARCH    ]: carry=0 | base=1.92 | wall=4.09 | search= 35 | target=site(-1.91,0.22)

[DEPOSIT] R1 deposited! Total: 92
  [PHERO] Laid at (1.90, -2.87) density=15 prob=0.98 entries=4
  [TARGET] R1 → SITE (1.90, -2.87)

======================================================================
Step 60000 (32.0 min) | Pickups: 93 | Deposits: 92 | Rate: 2.88 tags/min | phero_entries=3 max_w=0.404
======================================================================
R1[SITE      ]: carry=0 | base=0.87 | wall=5.33 | search=  0 | target=site(1.90,-2.87)
R2[RTB       ]: carry=1 | base=0.57 | wall=5.47 | search=  0 | target=none
R3[SITE      ]: carry=0 | base=2.71 | wall=3.96 | search=  0 | target=site(-4.14,-3.50)
R4[GIVE_UP   ]: carry=0 | base=0.36 | wall=5.64 | search=156 | target=none

  [GIVE-UP] R4 returned empty after 156 searching steps
  [TARGET] R4 → PHERO (1.90, -2.87)
[DEPOSIT] R2 deposited! Total: 93
  [PHERO] Laid at (-1.45, -3.37) density=10 prob=0.71 entries=4
  [TARGET] R2 → SITE (-1.45, -3.37)

======================================================================
Step 60500 (32.3 min) | Pickups: 93 | Deposits: 93 | Rate: 2.88 tags/min | phero_entries=4 max_w=0.264
======================================================================
R1[SITE      ]: carry=0 | base=2.78 | wall=3.69 | search=  0 | target=site(1.90,-2.87)
R2[SITE      ]: carry=0 | base=1.38 | wall=4.70 | search=  0 | target=site(-1.45,-3.37)
R3[SITE      ]: carry=0 | base=4.63 | wall=2.47 | search=  0 | target=site(-4.14,-3.50)
R4[PHERO     ]: carry=0 | base=1.12 | wall=4.96 | search=  0 | target=phero(1.90,-2.87)

[PICKUP] R3 picked up tag (density=24) | Total: 94
[PICKUP] R1 picked up tag (density=14) | Total: 95

======================================================================
Step 61000 (32.5 min) | Pickups: 95 | Deposits: 93 | Rate: 2.86 tags/min | phero_entries=4 max_w=0.053
======================================================================
R1[RTB       ]: carry=1 | base=2.73 | wall=3.78 | search=  0 | target=none
R2[SITE      ]: carry=0 | base=3.30 | wall=2.97 | search=  0 | target=site(-1.45,-3.37)
R3[RTB       ]: carry=1 | base=4.35 | wall=2.71 | search=  0 | target=none
R4[PHERO     ]: carry=0 | base=3.01 | wall=3.47 | search=  0 | target=phero(1.90,-2.87)

[PICKUP] R2 picked up tag (density=9) | Total: 96
[PICKUP] R4 picked up tag (density=13) | Total: 97

======================================================================
Step 61500 (32.8 min) | Pickups: 97 | Deposits: 93 | Rate: 2.84 tags/min | phero_entries=2 max_w=0.011
======================================================================
R1[RTB       ]: carry=1 | base=0.81 | wall=5.34 | search=  0 | target=none
R2[RTB       ]: carry=1 | base=3.28 | wall=2.97 | search=  0 | target=none
R3[RTB       ]: carry=1 | base=2.43 | wall=4.16 | search=  0 | target=none
R4[RTB       ]: carry=1 | base=3.31 | wall=3.33 | search=  0 | target=none

[DEPOSIT] R1 deposited! Total: 94
  [PHERO] Laid at (1.77, -2.66) density=14 prob=0.96 entries=3
  [TARGET] R1 → SITE (1.77, -2.66)

======================================================================
Step 62000 (33.1 min) | Pickups: 97 | Deposits: 94 | Rate: 2.84 tags/min | phero_entries=2 max_w=0.322
======================================================================
R1[SITE      ]: carry=0 | base=1.16 | wall=5.00 | search=  0 | target=site(1.77,-2.66)
R2[RTB       ]: carry=1 | base=1.36 | wall=4.74 | search=  0 | target=none
R3[RTB       ]: carry=1 | base=0.51 | wall=5.61 | search=  0 | target=none
R4[RTB       ]: carry=1 | base=1.39 | wall=4.88 | search=  0 | target=none

[DEPOSIT] R3 deposited! Total: 95
  [PHERO] Laid at (-3.79, -3.22) density=24 prob=1.00 entries=3
  [TARGET] R3 → SITE (-3.79, -3.22)
[DEPOSIT] R2 deposited! Total: 96
  [PHERO] Laid at (-1.48, -3.38) density=9 prob=0.59 entries=3
  [TARGET] R2 → SITE (-1.48, -3.38)
[DEPOSIT] R4 deposited! Total: 97
  [PHERO] Laid at (1.94, -2.84) density=13 prob=0.93 entries=4
  [TARGET] R4 → SITE (1.94, -2.84)

======================================================================
Step 62500 (33.3 min) | Pickups: 97 | Deposits: 97 | Rate: 2.91 tags/min | phero_entries=4 max_w=0.524
======================================================================
R1[SITE      ]: carry=0 | base=3.07 | wall=3.44 | search=  0 | target=site(1.77,-2.66)
R2[SITE      ]: carry=0 | base=0.59 | wall=5.50 | search=  0 | target=site(-1.48,-3.38)
R3[SITE      ]: carry=0 | base=1.44 | wall=4.85 | search=  0 | target=site(-3.79,-3.22)
R4[SITE      ]: carry=0 | base=0.56 | wall=5.60 | search=  0 | target=site(1.94,-2.84)


======================================================================
Step 63000 (33.6 min) | Pickups: 97 | Deposits: 97 | Rate: 2.89 tags/min | phero_entries=4 max_w=0.106
======================================================================
R1[SEARCH    ]: carry=0 | base=3.82 | wall=2.69 | search=482 | target=site(1.77,-2.66)
R2[SITE      ]: carry=0 | base=2.51 | wall=3.72 | search=  0 | target=site(-1.48,-3.38)
R3[SITE      ]: carry=0 | base=3.36 | wall=3.42 | search=  0 | target=site(-3.79,-3.22)
R4[SITE      ]: carry=0 | base=2.47 | wall=3.99 | search=  0 | target=site(1.94,-2.84)

[PICKUP] R4 picked up tag (density=12) | Total: 98
[PICKUP] R2 picked up tag (density=8) | Total: 99
[PICKUP] R3 picked up tag (density=23) | Total: 100

======================================================================
Step 63500 (33.9 min) | Pickups: 100 | Deposits: 97 | Rate: 2.86 tags/min | phero_entries=4 max_w=0.021
======================================================================
R1[SEARCH    ]: carry=0 | base=5.24 | wall=1.09 | search=982 | target=site(1.77,-2.66)
R2[SURVEY    ]: carry=1 | base=3.71 | wall=2.59 | search=  0 | target=none
R3[SURVEY    ]: carry=1 | base=4.96 | wall=2.20 | search=  0 | target=none
R4[RTB       ]: carry=1 | base=2.89 | wall=3.68 | search=  0 | target=none

[PICKUP] R1 picked up tag (density=22) | Total: 101

======================================================================
Step 64000 (34.1 min) | Pickups: 101 | Deposits: 97 | Rate: 2.84 tags/min | phero_entries=3 max_w=0.004
======================================================================
R1[SURVEY    ]: carry=1 | base=5.03 | wall=1.06 | search=  0 | target=none
R2[RTB       ]: carry=1 | base=2.03 | wall=4.12 | search=  0 | target=none
R3[RTB       ]: carry=1 | base=3.87 | wall=3.06 | search=  0 | target=none
R4[RTB       ]: carry=1 | base=0.97 | wall=5.22 | search=  0 | target=none

[DEPOSIT] R4 deposited! Total: 98
  [PHERO] Laid at (1.77, -2.56) density=12 prob=0.88 entries=4
  [TARGET] R4 → SITE (1.77, -2.56)
[DEPOSIT] R2 deposited! Total: 99
  [TARGET] R2 → SITE (-1.47, -3.40)

======================================================================
Step 64500 (34.4 min) | Pickups: 101 | Deposits: 99 | Rate: 2.88 tags/min | phero_entries=1 max_w=0.368
======================================================================
R1[RTB       ]: carry=1 | base=4.09 | wall=2.00 | search=  0 | target=none
R2[BASE_ESC  ]: carry=0 | base=0.22 | wall=5.80 | search=  0 | target=site(-1.47,-3.40)
R3[RTB       ]: carry=1 | base=1.95 | wall=4.52 | search=  0 | target=none
R4[SITE      ]: carry=0 | base=0.99 | wall=5.15 | search=  0 | target=site(1.77,-2.56)

[DEPOSIT] R3 deposited! Total: 100
  [PHERO] Laid at (-3.80, -3.18) density=23 prob=1.00 entries=2
  [TARGET] R3 → SITE (-3.80, -3.18)

======================================================================
Step 65000 (34.7 min) | Pickups: 101 | Deposits: 100 | Rate: 2.88 tags/min | phero_entries=2 max_w=0.836
======================================================================
R1[RTB       ]: carry=1 | base=2.17 | wall=3.88 | search=  0 | target=none
R2[SITE      ]: carry=0 | base=1.84 | wall=4.33 | search=  0 | target=site(-1.47,-3.40)
R3[BASE_ESC  ]: carry=0 | base=0.22 | wall=5.84 | search=  0 | target=site(-3.80,-3.18)
R4[SITE      ]: carry=0 | base=2.91 | wall=3.61 | search=  0 | target=site(1.77,-2.56)

[DEPOSIT] R1 deposited! Total: 101
  [PHERO] Laid at (0.97, -4.94) density=22 prob=1.00 entries=3
  [TARGET] R1 → SITE (0.97, -4.94)

======================================================================
Step 65500 (34.9 min) | Pickups: 101 | Deposits: 101 | Rate: 2.89 tags/min | phero_entries=3 max_w=1.000
======================================================================
R1[BASE_ESC  ]: carry=0 | base=0.25 | wall=5.76 | search=  0 | target=site(0.97,-4.94)
R2[SEARCH    ]: carry=0 | base=3.68 | wall=2.62 | search= 28 | target=site(-1.47,-3.40)
R3[SITE      ]: carry=0 | base=1.91 | wall=4.58 | search=  0 | target=site(-3.80,-3.18)
R4[SEARCH    ]: carry=0 | base=3.66 | wall=2.86 | search=459 | target=site(1.77,-2.56)


======================================================================
Step 66000 (35.2 min) | Pickups: 101 | Deposits: 101 | Rate: 2.87 tags/min | phero_entries=3 max_w=0.202
======================================================================
R1[SITE      ]: carry=0 | base=1.70 | wall=4.32 | search=  0 | target=site(0.97,-4.94)
R2[SEARCH    ]: carry=0 | base=3.18 | wall=3.54 | search=528 | target=site(-1.47,-3.40)
R3[SITE      ]: carry=0 | base=3.83 | wall=3.08 | search=  0 | target=site(-3.80,-3.18)
R4[SEARCH    ]: carry=0 | base=4.41 | wall=2.70 | search=959 | target=site(1.77,-2.56)

[PICKUP] R2 picked up tag (density=17) | Total: 102
[PICKUP] R3 picked up tag (density=22) | Total: 103

======================================================================
Step 66500 (35.5 min) | Pickups: 103 | Deposits: 101 | Rate: 2.85 tags/min | phero_entries=2 max_w=0.041
======================================================================
R1[SITE      ]: carry=0 | base=3.62 | wall=2.44 | search=  0 | target=site(0.97,-4.94)
R2[RTB       ]: carry=1 | base=2.13 | wall=4.35 | search=  0 | target=none
R3[SURVEY    ]: carry=1 | base=4.94 | wall=2.18 | search=  0 | target=none
R4[SEARCH    ]: carry=0 | base=5.50 | wall=1.13 | search=1459 | target=site(1.77,-2.56)

[PICKUP] R1 picked up tag (density=21) | Total: 104
[DEPOSIT] R2 deposited! Total: 102
  [PHERO] Laid at (-2.02, -2.38) density=17 prob=0.99 entries=3
  [TARGET] R2 → SITE (-2.02, -2.38)

======================================================================
Step 67000 (35.7 min) | Pickups: 104 | Deposits: 102 | Rate: 2.85 tags/min | phero_entries=3 max_w=0.965
======================================================================
R1[RTB       ]: carry=1 | base=4.50 | wall=1.59 | search=  0 | target=none
R2[BASE_ESC  ]: carry=0 | base=0.23 | wall=5.82 | search=  0 | target=site(-2.02,-2.38)
R3[RTB       ]: carry=1 | base=3.36 | wall=3.43 | search=  0 | target=none
R4[WALL_ESC  ]: carry=0 | base=6.85 | wall=0.34 | search=1959 | target=site(1.77,-2.56)


======================================================================
Step 67500 (36.0 min) | Pickups: 104 | Deposits: 102 | Rate: 2.83 tags/min | phero_entries=2 max_w=0.195
======================================================================
R1[RTB       ]: carry=1 | base=2.62 | wall=3.44 | search=  0 | target=none
R2[SITE      ]: carry=0 | base=1.74 | wall=4.70 | search=  0 | target=site(-2.02,-2.38)
R3[RTB       ]: carry=1 | base=1.44 | wall=4.90 | search=  0 | target=none
R4[SEARCH    ]: carry=0 | base=6.74 | wall=0.40 | search=2459 | target=site(1.77,-2.56)

[PICKUP] R2 picked up tag (density=16) | Total: 105
[DEPOSIT] R3 deposited! Total: 103
  [PHERO] Laid at (-3.82, -3.13) density=22 prob=1.00 entries=2
  [TARGET] R3 → SITE (-3.82, -3.13)

======================================================================
Step 68000 (36.3 min) | Pickups: 105 | Deposits: 103 | Rate: 2.84 tags/min | phero_entries=2 max_w=0.544
======================================================================
R1[RTB       ]: carry=1 | base=0.70 | wall=5.32 | search=  0 | target=none
R2[RTB       ]: carry=1 | base=2.31 | wall=4.22 | search=  0 | target=none
R3[SITE      ]: carry=0 | base=0.52 | wall=5.60 | search=  0 | target=site(-3.82,-3.13)
R4[GIVE_UP   ]: carry=0 | base=5.28 | wall=1.68 | search=2496 | target=none

[DEPOSIT] R1 deposited! Total: 104
  [PHERO] Laid at (0.86, -4.46) density=21 prob=1.00 entries=3
  [TARGET] R1 → SITE (0.86, -4.46)

======================================================================
Step 68500 (36.5 min) | Pickups: 105 | Deposits: 104 | Rate: 2.85 tags/min | phero_entries=3 max_w=0.294
======================================================================
R1[SITE      ]: carry=0 | base=1.25 | wall=4.79 | search=  0 | target=site(0.86,-4.46)
R2[RTB       ]: carry=1 | base=0.39 | wall=5.70 | search=  0 | target=none
R3[SITE      ]: carry=0 | base=2.43 | wall=4.16 | search=  0 | target=site(-3.82,-3.13)
R4[GIVE_UP   ]: carry=0 | base=3.36 | wall=3.25 | search=2496 | target=none

[DEPOSIT] R2 deposited! Total: 105
  [PHERO] Laid at (-1.65, -1.90) density=16 prob=0.99 entries=4
  [TARGET] R2 → SITE (-1.65, -1.90)
[PICKUP] R1 picked up tag (density=12) | Total: 106

======================================================================
Step 69000 (36.8 min) | Pickups: 106 | Deposits: 105 | Rate: 2.85 tags/min | phero_entries=4 max_w=0.227
======================================================================
R1[RTB       ]: carry=1 | base=1.35 | wall=4.71 | search=  0 | target=none
R2[SITE      ]: carry=0 | base=1.56 | wall=4.79 | search=  0 | target=site(-1.65,-1.90)
R3[SITE      ]: carry=0 | base=4.35 | wall=2.65 | search=  0 | target=site(-3.82,-3.13)
R4[GIVE_UP   ]: carry=0 | base=1.44 | wall=4.82 | search=2496 | target=none

[DEPOSIT] R1 deposited! Total: 106
  [PHERO] Laid at (0.41, -1.71) density=12 prob=0.88 entries=4
  [TARGET] R1 → SITE (0.41, -1.71)
  [GIVE-UP] R4 returned empty after 2496 searching steps
  [TARGET] R4 → PHERO (0.41, -1.71)
[PICKUP] R2 picked up tag (density=15) | Total: 107
[PICKUP] R3 picked up tag (density=20) | Total: 108

======================================================================
Step 69500 (37.1 min) | Pickups: 108 | Deposits: 106 | Rate: 2.86 tags/min | phero_entries=4 max_w=0.504
======================================================================
R1[SITE      ]: carry=0 | base=0.60 | wall=5.45 | search=  0 | target=site(0.41,-1.71)
R2[SURVEY    ]: carry=1 | base=2.57 | wall=4.04 | search=  0 | target=none
R3[SURVEY    ]: carry=1 | base=4.89 | wall=2.13 | search=  0 | target=none
R4[PHERO     ]: carry=0 | base=0.39 | wall=5.68 | search=  0 | target=phero(0.41,-1.71)


======================================================================
Step 70000 (37.3 min) | Pickups: 108 | Deposits: 106 | Rate: 2.84 tags/min | phero_entries=3 max_w=0.102
======================================================================
R1[SEARCH    ]: carry=0 | base=1.61 | wall=4.42 | search=208 | target=site(0.41,-1.71)
R2[RTB       ]: carry=1 | base=0.78 | wall=5.39 | search=  0 | target=none
R3[RTB       ]: carry=1 | base=3.44 | wall=3.30 | search=  0 | target=none
R4[SEARCH    ]: carry=0 | base=1.78 | wall=4.26 | search=119 | target=phero(0.41,-1.71)

[PICKUP] R4 picked up tag (density=11) | Total: 109
[DEPOSIT] R2 deposited! Total: 107
  [PHERO] Laid at (-1.67, -1.96) density=15 prob=0.98 entries=4
  [TARGET] R2 → SITE (-1.67, -1.96)

======================================================================
Step 70500 (37.6 min) | Pickups: 109 | Deposits: 107 | Rate: 2.85 tags/min | phero_entries=3 max_w=0.314
======================================================================
R1[GIVE_UP   ]: carry=0 | base=0.53 | wall=5.47 | search=312 | target=none
R2[SITE      ]: carry=0 | base=1.17 | wall=5.06 | search=  0 | target=site(-1.67,-1.96)
R3[RTB       ]: carry=1 | base=1.52 | wall=4.81 | search=  0 | target=none
R4[RTB       ]: carry=1 | base=1.07 | wall=4.97 | search=  0 | target=none

  [GIVE-UP] R1 returned empty after 312 searching steps
  [TARGET] R1 → PHERO (-1.67, -1.96)
[DEPOSIT] R4 deposited! Total: 108
  [PHERO] Laid at (0.38, -1.82) density=11 prob=0.80 entries=3
  [TARGET] R4 → SITE (0.38, -1.82)
[DEPOSIT] R3 deposited! Total: 109
  [PHERO] Laid at (-3.88, -2.99) density=20 prob=1.00 entries=4
  [TARGET] R3 → SITE (-3.88, -2.99)

======================================================================
Step 71000 (37.9 min) | Pickups: 109 | Deposits: 109 | Rate: 2.88 tags/min | phero_entries=4 max_w=0.582
======================================================================
R1[PHERO     ]: carry=0 | base=1.41 | wall=4.88 | search=  0 | target=phero(-1.67,-1.96)
R2[SEARCH    ]: carry=0 | base=2.56 | wall=3.91 | search=148 | target=site(-1.67,-1.96)
R3[SITE      ]: carry=0 | base=0.44 | wall=5.60 | search=  0 | target=site(-3.88,-2.99)
R4[SITE      ]: carry=0 | base=0.87 | wall=5.17 | search=  0 | target=site(0.38,-1.82)

[PICKUP] R4 picked up tag (density=10) | Total: 110

======================================================================
Step 71500 (38.1 min) | Pickups: 110 | Deposits: 109 | Rate: 2.86 tags/min | phero_entries=3 max_w=0.118
======================================================================
R1[GIVE_UP   ]: carry=0 | base=2.41 | wall=3.99 | search=156 | target=none
R2[GIVE_UP   ]: carry=0 | base=0.75 | wall=5.37 | search=156 | target=none
R3[SITE      ]: carry=0 | base=2.35 | wall=4.10 | search=  0 | target=site(-3.88,-2.99)
R4[SURVEY    ]: carry=1 | base=1.95 | wall=4.09 | search=  0 | target=none

  [GIVE-UP] R2 returned empty after 156 searching steps
  [TARGET] R2 → PHERO (0.38, -1.82)

======================================================================
Step 72000 (38.4 min) | Pickups: 110 | Deposits: 109 | Rate: 2.84 tags/min | phero_entries=3 max_w=0.024
======================================================================
R1[GIVE_UP   ]: carry=0 | base=0.49 | wall=5.59 | search=156 | target=none
R2[PHERO     ]: carry=0 | base=1.20 | wall=4.81 | search=  0 | target=phero(0.38,-1.82)
R3[SITE      ]: carry=0 | base=4.27 | wall=2.61 | search=  0 | target=site(-3.88,-2.99)
R4[RTB       ]: carry=1 | base=0.46 | wall=5.55 | search=  0 | target=none

[DEPOSIT] R4 deposited! Total: 110
  [PHERO] Laid at (0.37, -1.91) density=10 prob=0.71 entries=4
  [TARGET] R4 → SITE (0.37, -1.91)
  [GIVE-UP] R1 returned empty after 156 searching steps
  [TARGET] R1 → PHERO (0.37, -1.91)
[PICKUP] R2 picked up tag (density=9) | Total: 111
[PICKUP] R3 picked up tag (density=20) | Total: 112

======================================================================
Step 72500 (38.7 min) | Pickups: 112 | Deposits: 110 | Rate: 2.84 tags/min | phero_entries=3 max_w=0.242
======================================================================
R1[PHERO     ]: carry=0 | base=1.22 | wall=4.79 | search=  0 | target=phero(0.37,-1.91)
R2[RTB       ]: carry=1 | base=1.71 | wall=4.36 | search=  0 | target=none
R3[SURVEY    ]: carry=1 | base=4.96 | wall=2.00 | search=  0 | target=none
R4[SITE      ]: carry=0 | base=1.47 | wall=4.57 | search=  0 | target=site(0.37,-1.91)

[PICKUP] R4 picked up tag (density=8) | Total: 113
[PICKUP] R1 picked up tag (density=7) | Total: 114
[DEPOSIT] R2 deposited! Total: 111
  [PHERO] Laid at (0.43, -1.80) density=9 prob=0.59 entries=3
  [TARGET] R2 → SITE (0.43, -1.80)

======================================================================
Step 73000 (38.9 min) | Pickups: 114 | Deposits: 111 | Rate: 2.85 tags/min | phero_entries=2 max_w=0.686
======================================================================
R1[RTB       ]: carry=1 | base=1.99 | wall=4.06 | search=  0 | target=none
R2[SITE      ]: carry=0 | base=0.27 | wall=5.77 | search=  0 | target=site(0.43,-1.80)
R3[RTB       ]: carry=1 | base=3.45 | wall=3.24 | search=  0 | target=none
R4[RTB       ]: carry=1 | base=1.99 | wall=4.08 | search=  0 | target=none

[DEPOSIT] R4 deposited! Total: 112
  [TARGET] R4 → SITE (0.43, -2.01)

======================================================================
Step 73500 (39.2 min) | Pickups: 114 | Deposits: 112 | Rate: 2.86 tags/min | phero_entries=2 max_w=0.138
======================================================================
R1[RTB       ]: carry=1 | base=0.46 | wall=5.56 | search=  0 | target=none
R2[SITE      ]: carry=0 | base=1.76 | wall=4.29 | search=  0 | target=site(0.43,-1.80)
R3[RTB       ]: carry=1 | base=1.53 | wall=4.78 | search=  0 | target=none
R4[BASE_ESC  ]: carry=0 | base=0.25 | wall=5.76 | search=  0 | target=site(0.43,-2.01)

[DEPOSIT] R1 deposited! Total: 113
  [PHERO] Laid at (0.44, -1.95) density=7 prob=0.32 entries=3
  [TARGET] R1 → SITE (0.44, -1.95)
[PICKUP] R2 picked up tag (density=6) | Total: 115
[DEPOSIT] R3 deposited! Total: 114
  [PHERO] Laid at (-3.99, -2.94) density=20 prob=1.00 entries=4
  [TARGET] R3 → SITE (-3.99, -2.94)

======================================================================
Step 74000 (39.5 min) | Pickups: 115 | Deposits: 114 | Rate: 2.89 tags/min | phero_entries=4 max_w=0.586
======================================================================
R1[SITE      ]: carry=0 | base=1.45 | wall=4.58 | search=  0 | target=site(0.44,-1.95)
R2[RTB       ]: carry=1 | base=1.32 | wall=4.75 | search=  0 | target=none
R3[SITE      ]: carry=0 | base=0.44 | wall=5.60 | search=  0 | target=site(-3.99,-2.94)
R4[SITE      ]: carry=0 | base=1.66 | wall=4.38 | search=  0 | target=site(0.43,-2.01)

[PICKUP] R4 picked up tag (density=5) | Total: 116
[DEPOSIT] R2 deposited! Total: 115
  [TARGET] R2 → SITE (0.51, -1.80)
[PICKUP] R1 picked up tag (density=4) | Total: 117

======================================================================
Step 74500 (39.7 min) | Pickups: 117 | Deposits: 115 | Rate: 2.89 tags/min | phero_entries=3 max_w=0.118
======================================================================
R1[SURVEY    ]: carry=1 | base=2.01 | wall=4.06 | search=  0 | target=none
R2[SITE      ]: carry=0 | base=0.63 | wall=5.38 | search=  0 | target=site(0.51,-1.80)
R3[SITE      ]: carry=0 | base=2.35 | wall=4.07 | search=  0 | target=site(-3.99,-2.94)
R4[RTB       ]: carry=1 | base=1.83 | wall=4.26 | search=  0 | target=none

[DEPOSIT] R4 deposited! Total: 116
  [TARGET] R4 → SITE (0.51, -1.99)

======================================================================
Step 75000 (40.0 min) | Pickups: 117 | Deposits: 116 | Rate: 2.90 tags/min | phero_entries=3 max_w=0.024
======================================================================
R1[RTB       ]: carry=1 | base=0.33 | wall=5.68 | search=  0 | target=none
R2[SEARCH    ]: carry=0 | base=1.67 | wall=4.41 | search=189 | target=site(0.51,-1.80)
R3[SITE      ]: carry=0 | base=4.27 | wall=2.55 | search=  0 | target=site(-3.99,-2.94)
R4[BASE_ESC  ]: carry=0 | base=0.23 | wall=5.78 | search=  0 | target=site(0.51,-1.99)

[DEPOSIT] R1 deposited! Total: 117
  [TARGET] R1 → SITE (0.51, -1.94)
[PICKUP] R2 picked up tag (density=2) | Total: 118

======================================================================
Step 75500 (40.3 min) | Pickups: 118 | Deposits: 117 | Rate: 2.91 tags/min | phero_entries=2 max_w=0.005
======================================================================
R1[SITE      ]: carry=0 | base=1.62 | wall=4.43 | search=  0 | target=site(0.51,-1.94)
R2[RTB       ]: carry=1 | base=1.15 | wall=4.85 | search=  0 | target=none
R3[GIVE_UP   ]: carry=0 | base=5.00 | wall=1.87 | search=312 | target=none
R4[SEARCH    ]: carry=0 | base=2.04 | wall=4.03 | search=  9 | target=site(0.51,-1.99)

[PICKUP] R4 picked up tag (density=3) | Total: 119
[DEPOSIT] R2 deposited! Total: 118
  [TARGET] R2 → SITE (0.01, -1.27)

======================================================================
Step 76000 (40.5 min) | Pickups: 119 | Deposits: 118 | Rate: 2.91 tags/min | phero_entries=0 max_w=0.000
======================================================================
R1[SEARCH    ]: carry=0 | base=1.69 | wall=4.31 | search=412 | target=site(0.51,-1.94)
R2[SITE      ]: carry=0 | base=0.77 | wall=5.23 | search=  0 | target=site(0.01,-1.27)
R3[GIVE_UP   ]: carry=0 | base=3.47 | wall=3.18 | search=312 | target=none
R4[RTB       ]: carry=1 | base=1.49 | wall=4.60 | search=  0 | target=none

[DEPOSIT] R4 deposited! Total: 119
  [TARGET] R4 → SITE (0.59, -1.97)
[PICKUP] R1 picked up tag (density=14) | Total: 120

======================================================================
Step 76500 (40.8 min) | Pickups: 120 | Deposits: 119 | Rate: 2.92 tags/min | phero_entries=0 max_w=0.000
======================================================================
R1[SURVEY    ]: carry=1 | base=2.57 | wall=4.13 | search=  0 | target=none
R2[SEARCH    ]: carry=0 | base=2.04 | wall=4.02 | search=383 | target=site(0.01,-1.27)
R3[GIVE_UP   ]: carry=0 | base=1.55 | wall=4.74 | search=312 | target=none
R4[SITE      ]: carry=0 | base=0.47 | wall=5.60 | search=  0 | target=site(0.59,-1.97)

  [GIVE-UP] R3 returned empty after 312 searching steps
  [TARGET] R3 → WALL (5.92, -5.64)
[PICKUP] R4 picked up tag (density=2) | Total: 121

======================================================================
Step 77000 (41.1 min) | Pickups: 121 | Deposits: 119 | Rate: 2.90 tags/min | phero_entries=0 max_w=0.000
======================================================================
R1[RTB       ]: carry=1 | base=1.61 | wall=4.79 | search=  0 | target=none
R2[GIVE_UP   ]: carry=0 | base=2.20 | wall=4.01 | search=624 | target=none
R3[DEPART    ]: carry=0 | base=0.33 | wall=5.70 | search=  0 | target=none
R4[SURVEY    ]: carry=1 | base=2.09 | wall=4.01 | search=  0 | target=none

[PICKUP] R2 picked up tag (density=1) | Total: 122
[DEPOSIT] R1 deposited! Total: 120
  [PHERO] Laid at (-1.76, -1.87) density=14 prob=0.96 entries=1
  [TARGET] R1 → SITE (-1.76, -1.87)

======================================================================
Step 77500 (41.3 min) | Pickups: 122 | Deposits: 120 | Rate: 2.90 tags/min | phero_entries=1 max_w=0.631
======================================================================
R1[SITE      ]: carry=0 | base=0.35 | wall=5.69 | search=  0 | target=site(-1.76,-1.87)
R2[RTB       ]: carry=1 | base=1.34 | wall=4.81 | search=  0 | target=none
R3[SEARCH    ]: carry=0 | base=1.90 | wall=4.48 | search=396 | target=none
R4[RTB       ]: carry=1 | base=0.97 | wall=5.08 | search=  0 | target=none

[DEPOSIT] R4 deposited! Total: 121
  [TARGET] R4 → SITE (0.62, -1.99)
[DEPOSIT] R2 deposited! Total: 122
  [TARGET] R2 → SITE (0.88, -1.87)

======================================================================
Step 78000 (41.6 min) | Pickups: 122 | Deposits: 122 | Rate: 2.93 tags/min | phero_entries=1 max_w=0.127
======================================================================
R1[SITE      ]: carry=0 | base=2.24 | wall=4.35 | search=  0 | target=site(-1.76,-1.87)
R2[SITE      ]: carry=0 | base=0.60 | wall=5.51 | search=  0 | target=site(0.88,-1.87)
R3[SEARCH    ]: carry=0 | base=2.98 | wall=3.31 | search=896 | target=none
R4[SITE      ]: carry=0 | base=0.98 | wall=5.05 | search=  0 | target=site(0.62,-1.99)

[PICKUP] R1 picked up tag (density=13) | Total: 123

======================================================================
Step 78500 (41.9 min) | Pickups: 123 | Deposits: 122 | Rate: 2.91 tags/min | phero_entries=1 max_w=0.026
======================================================================
R1[RTB       ]: carry=1 | base=1.99 | wall=4.52 | search=  0 | target=none
R2[SEARCH    ]: carry=0 | base=2.05 | wall=4.18 | search=128 | target=site(0.88,-1.87)
R3[SEARCH    ]: carry=0 | base=4.11 | wall=1.91 | search=1396 | target=none
R4[SEARCH    ]: carry=0 | base=1.90 | wall=4.17 | search=225 | target=site(0.62,-1.99)

[DEPOSIT] R1 deposited! Total: 123
  [PHERO] Laid at (-1.77, -1.89) density=13 prob=0.93 entries=2
  [TARGET] R1 → SITE (-1.77, -1.89)

======================================================================
Step 79000 (42.1 min) | Pickups: 123 | Deposits: 123 | Rate: 2.92 tags/min | phero_entries=2 max_w=0.860
======================================================================
R1[BASE_ESC  ]: carry=0 | base=0.22 | wall=5.83 | search=  0 | target=site(-1.77,-1.89)
R2[GIVE_UP   ]: carry=0 | base=0.32 | wall=5.76 | search=312 | target=none
R3[SEARCH    ]: carry=0 | base=4.07 | wall=2.13 | search=1896 | target=none
R4[GIVE_UP   ]: carry=0 | base=2.10 | wall=4.12 | search=624 | target=none

  [GIVE-UP] R2 returned empty after 312 searching steps
  [TARGET] R2 → PHERO (-1.77, -1.89)
  [GIVE-UP] R4 returned empty after 624 searching steps
  [TARGET] R4 → PHERO (-1.77, -1.89)

======================================================================
Step 79500 (42.4 min) | Pickups: 123 | Deposits: 123 | Rate: 2.90 tags/min | phero_entries=2 max_w=0.174
======================================================================
R1[SITE      ]: carry=0 | base=1.87 | wall=4.61 | search=  0 | target=site(-1.77,-1.89)
R2[PHERO     ]: carry=0 | base=1.11 | wall=5.06 | search=  0 | target=phero(-1.77,-1.89)
R3[SEARCH    ]: carry=0 | base=5.44 | wall=1.27 | search=2396 | target=none
R4[BASE_ESC  ]: carry=0 | base=0.23 | wall=5.80 | search=  0 | target=phero(-1.77,-1.89)

[PICKUP] R1 picked up tag (density=12) | Total: 124

======================================================================
Step 80000 (42.7 min) | Pickups: 124 | Deposits: 123 | Rate: 2.88 tags/min | phero_entries=1 max_w=0.035
======================================================================
R1[RTB       ]: carry=1 | base=2.57 | wall=4.12 | search=  0 | target=none
R2[SEARCH    ]: carry=0 | base=2.58 | wall=4.04 | search=120 | target=phero(-1.77,-1.89)
R3[SEARCH    ]: carry=0 | base=6.52 | wall=1.06 | search=2896 | target=none
R4[PHERO     ]: carry=0 | base=1.78 | wall=4.70 | search=  0 | target=phero(-1.77,-1.89)

[PICKUP] R4 picked up tag (density=11) | Total: 125

======================================================================
Step 80500 (42.9 min) | Pickups: 125 | Deposits: 123 | Rate: 2.86 tags/min | phero_entries=1 max_w=0.007
======================================================================
R1[RTB       ]: carry=1 | base=0.75 | wall=5.44 | search=  0 | target=none
R2[SEARCH    ]: carry=0 | base=1.64 | wall=4.36 | search=620 | target=phero(-1.77,-1.89)
R3[WALL_ESC  ]: carry=0 | base=7.46 | wall=0.35 | search=3396 | target=none
R4[SURVEY    ]: carry=1 | base=2.68 | wall=4.07 | search=  0 | target=none

[DEPOSIT] R1 deposited! Total: 124
  [PHERO] Laid at (-1.81, -1.90) density=12 prob=0.88 entries=2
  [TARGET] R1 → SITE (-1.81, -1.90)
  [GIVE-UP] R2 returned empty after 624 searching steps
  [TARGET] R2 → PHERO (-1.81, -1.90)

======================================================================
Step 81000 (43.2 min) | Pickups: 125 | Deposits: 124 | Rate: 2.87 tags/min | phero_entries=2 max_w=0.307
======================================================================
R1[SITE      ]: carry=0 | base=1.19 | wall=5.09 | search=  0 | target=site(-1.81,-1.90)
R2[BASE_ESC  ]: carry=0 | base=0.23 | wall=5.77 | search=  0 | target=phero(-1.81,-1.90)
R3[GIVE_UP   ]: carry=0 | base=5.74 | wall=1.60 | search=3432 | target=none
R4[RTB       ]: carry=1 | base=1.15 | wall=5.16 | search=  0 | target=none

[DEPOSIT] R4 deposited! Total: 125
  [TARGET] R4 → SITE (-1.86, -1.93)
[PICKUP] R1 picked up tag (density=10) | Total: 126

======================================================================
Step 81500 (43.5 min) | Pickups: 126 | Deposits: 125 | Rate: 2.88 tags/min | phero_entries=1 max_w=0.062
======================================================================
R1[SURVEY    ]: carry=1 | base=2.64 | wall=4.06 | search=  0 | target=none
R2[PHERO     ]: carry=0 | base=2.06 | wall=4.48 | search=  0 | target=phero(-1.81,-1.90)
R3[GIVE_UP   ]: carry=0 | base=3.82 | wall=3.07 | search=3432 | target=none
R4[SITE      ]: carry=0 | base=0.81 | wall=5.39 | search=  0 | target=site(-1.86,-1.93)

[PICKUP] R3 picked up tag (density=2) | Total: 127

======================================================================
Step 82000 (43.7 min) | Pickups: 127 | Deposits: 125 | Rate: 2.86 tags/min | phero_entries=1 max_w=0.013
======================================================================
R1[RTB       ]: carry=1 | base=1.24 | wall=5.07 | search=  0 | target=none
R2[SEARCH    ]: carry=0 | base=2.37 | wall=4.02 | search=367 | target=phero(-1.81,-1.90)
R3[SURVEY    ]: carry=1 | base=2.18 | wall=4.33 | search=  0 | target=none
R4[SEARCH    ]: carry=0 | base=2.66 | wall=4.08 | search= 24 | target=site(-1.86,-1.93)

[DEPOSIT] R1 deposited! Total: 126
  [PHERO] Laid at (-1.79, -1.94) density=10 prob=0.71 entries=2
  [TARGET] R1 → SITE (-1.79, -1.94)

======================================================================
Step 82500 (44.0 min) | Pickups: 127 | Deposits: 126 | Rate: 2.86 tags/min | phero_entries=2 max_w=0.461
======================================================================
R1[SITE      ]: carry=0 | base=0.71 | wall=5.42 | search=  0 | target=site(-1.79,-1.94)
R2[SEARCH    ]: carry=0 | base=2.87 | wall=3.14 | search=867 | target=phero(-1.81,-1.90)
R3[RTB       ]: carry=1 | base=1.11 | wall=5.18 | search=  0 | target=none
R4[SEARCH    ]: carry=0 | base=1.83 | wall=4.35 | search=524 | target=site(-1.86,-1.93)

[DEPOSIT] R3 deposited! Total: 127
  [TARGET] R3 → PHERO (-1.79, -1.94)

======================================================================
Step 83000 (44.3 min) | Pickups: 127 | Deposits: 127 | Rate: 2.87 tags/min | phero_entries=1 max_w=0.093
======================================================================
R1[SEARCH    ]: carry=0 | base=2.61 | wall=4.09 | search=  8 | target=site(-1.79,-1.94)
R2[SEARCH    ]: carry=0 | base=4.64 | wall=1.38 | search=1367 | target=phero(-1.81,-1.90)
R3[PHERO     ]: carry=0 | base=0.26 | wall=5.74 | search=  0 | target=phero(-1.79,-1.94)
R4[GIVE_UP   ]: carry=0 | base=1.16 | wall=4.84 | search=780 | target=none

  [GIVE-UP] R4 returned empty after 780 searching steps
  [TARGET] R4 → PHERO (-1.79, -1.94)

======================================================================
Step 83500 (44.5 min) | Pickups: 127 | Deposits: 127 | Rate: 2.85 tags/min | phero_entries=1 max_w=0.019
======================================================================
R1[SEARCH    ]: carry=0 | base=3.32 | wall=3.60 | search=508 | target=site(-1.79,-1.94)
R2[SEARCH    ]: carry=0 | base=4.95 | wall=1.23 | search=1867 | target=phero(-1.81,-1.90)
R3[PHERO     ]: carry=0 | base=1.50 | wall=4.89 | search=  0 | target=phero(-1.79,-1.94)
R4[PHERO     ]: carry=0 | base=0.56 | wall=5.46 | search=  0 | target=phero(-1.79,-1.94)


======================================================================
Step 84000 (44.8 min) | Pickups: 127 | Deposits: 127 | Rate: 2.83 tags/min | phero_entries=1 max_w=0.004
======================================================================
R1[SEARCH    ]: carry=0 | base=4.40 | wall=1.94 | search=1008 | target=site(-1.79,-1.94)
R2[GIVE_UP   ]: carry=0 | base=4.68 | wall=1.92 | search=2184 | target=none
R3[SEARCH    ]: carry=0 | base=2.36 | wall=4.23 | search=212 | target=phero(-1.79,-1.94)
R4[PHERO     ]: carry=0 | base=2.40 | wall=4.26 | search=  0 | target=phero(-1.79,-1.94)

[PICKUP] R4 picked up tag (density=9) | Total: 128

======================================================================
Step 84500 (45.1 min) | Pickups: 128 | Deposits: 127 | Rate: 2.82 tags/min | phero_entries=0 max_w=0.000
======================================================================
R1[WALL_ESC  ]: carry=0 | base=5.74 | wall=0.34 | search=1508 | target=site(-1.79,-1.94)
R2[GIVE_UP   ]: carry=0 | base=2.76 | wall=3.59 | search=2184 | target=none
R3[SEARCH    ]: carry=0 | base=0.80 | wall=5.22 | search=712 | target=phero(-1.79,-1.94)
R4[RTB       ]: carry=1 | base=2.06 | wall=4.42 | search=  0 | target=none

[DEPOSIT] R4 deposited! Total: 128
  [PHERO] Laid at (-1.76, -2.01) density=9 prob=0.59 entries=1
  [TARGET] R4 → SITE (-1.76, -2.01)

======================================================================
Step 85000 (45.3 min) | Pickups: 128 | Deposits: 128 | Rate: 2.82 tags/min | phero_entries=1 max_w=0.917
======================================================================
R1[WALL_ESC  ]: carry=0 | base=5.75 | wall=0.34 | search=2008 | target=site(-1.79,-1.94)
R2[GIVE_UP   ]: carry=0 | base=0.84 | wall=5.27 | search=2184 | target=none
R3[SEARCH    ]: carry=0 | base=1.94 | wall=4.49 | search=1212 | target=phero(-1.79,-1.94)
R4[BASE_ESC  ]: carry=0 | base=0.22 | wall=5.83 | search=  0 | target=site(-1.76,-2.01)

  [GIVE-UP] R2 returned empty after 2184 searching steps
  [TARGET] R2 → PHERO (-1.76, -2.01)

======================================================================
Step 85500 (45.6 min) | Pickups: 128 | Deposits: 128 | Rate: 2.81 tags/min | phero_entries=1 max_w=0.185
======================================================================
R1[WALL_ESC  ]: carry=0 | base=5.75 | wall=0.33 | search=2508 | target=site(-1.79,-1.94)
R2[PHERO     ]: carry=0 | base=1.06 | wall=5.20 | search=  0 | target=phero(-1.76,-2.01)
R3[SEARCH    ]: carry=0 | base=3.45 | wall=2.82 | search=1712 | target=phero(-1.79,-1.94)
R4[SITE      ]: carry=0 | base=1.69 | wall=4.74 | search=  0 | target=site(-1.76,-2.01)

[PICKUP] R2 picked up tag (density=8) | Total: 129

======================================================================
Step 86000 (45.9 min) | Pickups: 129 | Deposits: 128 | Rate: 2.79 tags/min | phero_entries=1 max_w=0.037
======================================================================
R1[WALL_ESC  ]: carry=0 | base=5.75 | wall=0.34 | search=3008 | target=site(-1.79,-1.94)
R2[SURVEY    ]: carry=1 | base=2.68 | wall=4.04 | search=  0 | target=none
R3[SEARCH    ]: carry=0 | base=4.58 | wall=1.43 | search=2212 | target=phero(-1.79,-1.94)
R4[SEARCH    ]: carry=0 | base=2.29 | wall=4.35 | search=259 | target=site(-1.76,-2.01)


======================================================================
Step 86500 (46.1 min) | Pickups: 129 | Deposits: 128 | Rate: 2.77 tags/min | phero_entries=1 max_w=0.008
======================================================================
R1[WALL_ESC  ]: carry=0 | base=5.74 | wall=0.35 | search=3508 | target=site(-1.79,-1.94)
R2[RTB       ]: carry=1 | base=1.80 | wall=4.66 | search=  0 | target=none
R3[SEARCH    ]: carry=0 | base=5.66 | wall=0.36 | search=2712 | target=phero(-1.79,-1.94)
R4[SEARCH    ]: carry=0 | base=2.23 | wall=3.78 | search=759 | target=site(-1.76,-2.01)

[DEPOSIT] R2 deposited! Total: 129
  [TARGET] R2 → SITE (-1.82, -1.96)

======================================================================
Step 87000 (46.4 min) | Pickups: 129 | Deposits: 129 | Rate: 2.78 tags/min | phero_entries=1 max_w=0.002
======================================================================
R1[GIVE_UP   ]: carry=0 | base=4.74 | wall=1.31 | search=3744 | target=none
R2[BASE_ESC  ]: carry=0 | base=0.23 | wall=5.82 | search=  0 | target=site(-1.82,-1.96)
R3[SEARCH    ]: carry=0 | base=5.75 | wall=0.36 | search=3212 | target=phero(-1.79,-1.94)
R4[GIVE_UP   ]: carry=0 | base=0.68 | wall=5.32 | search=780 | target=none

  [GIVE-UP] R4 returned empty after 780 searching steps
  [TARGET] R4 → PHERO (-1.76, -2.01)

======================================================================
Step 87500 (46.7 min) | Pickups: 129 | Deposits: 129 | Rate: 2.76 tags/min | phero_entries=0 max_w=0.000
======================================================================
R1[GIVE_UP   ]: carry=0 | base=2.82 | wall=3.21 | search=3744 | target=none
R2[SITE      ]: carry=0 | base=2.07 | wall=4.50 | search=  0 | target=site(-1.82,-1.96)
R3[SEARCH    ]: carry=0 | base=5.73 | wall=0.37 | search=3712 | target=phero(-1.79,-1.94)
R4[PHERO     ]: carry=0 | base=1.00 | wall=5.19 | search=  0 | target=phero(-1.76,-2.01)

[PICKUP] R1 picked up tag (density=1) | Total: 130
[PICKUP] R2 picked up tag (density=7) | Total: 131

======================================================================
Step 88000 (46.9 min) | Pickups: 131 | Deposits: 129 | Rate: 2.75 tags/min | phero_entries=0 max_w=0.000
======================================================================
R1[SURVEY    ]: carry=1 | base=1.41 | wall=4.60 | search=  0 | target=none
R2[SURVEY    ]: carry=1 | base=2.78 | wall=4.01 | search=  0 | target=none
R3[SEARCH    ]: carry=0 | base=5.74 | wall=0.36 | search=4212 | target=phero(-1.79,-1.94)
R4[SEARCH    ]: carry=0 | base=2.68 | wall=4.03 | search= 70 | target=phero(-1.76,-2.01)

[PICKUP] R4 picked up tag (density=6) | Total: 132
[DEPOSIT] R1 deposited! Total: 130
  [TARGET] R1 → SITE (-0.20, -1.40)

======================================================================
Step 88500 (47.2 min) | Pickups: 132 | Deposits: 130 | Rate: 2.75 tags/min | phero_entries=0 max_w=0.000
======================================================================
R1[BASE_ESC  ]: carry=0 | base=0.23 | wall=5.77 | search=  0 | target=site(-0.20,-1.40)
R2[RTB       ]: carry=1 | base=1.40 | wall=5.01 | search=  0 | target=none
R3[WALL_ESC  ]: carry=0 | base=5.76 | wall=0.34 | search=4712 | target=phero(-1.79,-1.94)
R4[RTB       ]: carry=1 | base=2.08 | wall=4.45 | search=  0 | target=none

[DEPOSIT] R2 deposited! Total: 131
  [TARGET] R2 → SITE (-1.99, -1.93)
[DEPOSIT] R4 deposited! Total: 132
  [TARGET] R4 → SITE (-1.87, -2.01)

======================================================================
Step 89000 (47.5 min) | Pickups: 132 | Deposits: 132 | Rate: 2.78 tags/min | phero_entries=0 max_w=0.000
======================================================================
R1[SEARCH    ]: carry=0 | base=1.33 | wall=4.67 | search=178 | target=site(-0.20,-1.40)
R2[SITE      ]: carry=0 | base=0.56 | wall=5.54 | search=  0 | target=site(-1.99,-1.93)
R3[WALL_ESC  ]: carry=0 | base=5.76 | wall=0.34 | search=5212 | target=phero(-1.79,-1.94)
R4[BASE_ESC  ]: carry=0 | base=0.22 | wall=5.84 | search=  0 | target=site(-1.87,-2.01)

  [GIVE-UP] R1 returned empty after 312 searching steps
  [TARGET] R1 → WALL (5.72, 5.92)

======================================================================
Step 89500 (47.7 min) | Pickups: 132 | Deposits: 132 | Rate: 2.77 tags/min | phero_entries=0 max_w=0.000
======================================================================
R1[BASE_ESC  ]: carry=0 | base=0.23 | wall=5.83 | search=  0 | target=none
R2[SITE      ]: carry=0 | base=2.47 | wall=4.22 | search=  0 | target=site(-1.99,-1.93)
R3[WALL_ESC  ]: carry=0 | base=5.77 | wall=0.34 | search=5712 | target=phero(-1.79,-1.94)
R4[SITE      ]: carry=0 | base=1.78 | wall=4.72 | search=  0 | target=site(-1.87,-2.01)


======================================================================
Step 90000 (48.0 min) | Pickups: 132 | Deposits: 132 | Rate: 2.75 tags/min | phero_entries=0 max_w=0.000
======================================================================
R1[SEARCH    ]: carry=0 | base=0.63 | wall=5.51 | search=267 | target=none
R2[SEARCH    ]: carry=0 | base=3.24 | wall=3.56 | search=434 | target=site(-1.99,-1.93)
R3[WALL_ESC  ]: carry=0 | base=5.78 | wall=0.33 | search=6212 | target=phero(-1.79,-1.94)
R4[GIVE_UP   ]: carry=0 | base=2.25 | wall=4.32 | search=156 | target=none

[PICKUP] R2 picked up tag (density=7) | Total: 133

======================================================================
Step 90500 (48.3 min) | Pickups: 133 | Deposits: 132 | Rate: 2.73 tags/min | phero_entries=0 max_w=0.000
======================================================================
R1[SEARCH    ]: carry=0 | base=1.69 | wall=4.36 | search=767 | target=none
R2[SURVEY    ]: carry=1 | base=3.71 | wall=2.58 | search=  0 | target=none
R3[WALL_ESC  ]: carry=0 | base=5.78 | wall=0.33 | search=6712 | target=phero(-1.79,-1.94)
R4[GIVE_UP   ]: carry=0 | base=0.33 | wall=5.75 | search=156 | target=none

  [GIVE-UP] R4 returned empty after 156 searching steps
  [TARGET] R4 → WALL (-5.92, 5.63)

======================================================================
Step 91000 (48.5 min) | Pickups: 133 | Deposits: 132 | Rate: 2.72 tags/min | phero_entries=0 max_w=0.000
======================================================================
R1[GIVE_UP   ]: carry=0 | base=1.93 | wall=4.22 | search=1248 | target=none
R2[RTB       ]: carry=1 | base=2.00 | wall=4.14 | search=  0 | target=none
R3[WALL_ESC  ]: carry=0 | base=5.77 | wall=0.34 | search=7212 | target=phero(-1.79,-1.94)
R4[DEPART    ]: carry=0 | base=1.07 | wall=5.05 | search=  0 | target=none

[DEPOSIT] R2 deposited! Total: 133
  [TARGET] R2 → SITE (-1.42, -3.42)
  [GIVE-UP] R1 returned empty after 1248 searching steps
  [TARGET] R1 → WALL (-5.92, 0.87)

======================================================================
Step 91500 (48.8 min) | Pickups: 133 | Deposits: 133 | Rate: 2.73 tags/min | phero_entries=0 max_w=0.000
======================================================================
R1[BASE_ESC  ]: carry=0 | base=0.24 | wall=5.78 | search=  0 | target=none
R2[BASE_ESC  ]: carry=0 | base=0.22 | wall=5.79 | search=  0 | target=site(-1.42,-3.42)
R3[GIVE_UP   ]: carry=0 | base=4.88 | wall=1.19 | search=7488 | target=none
R4[SEARCH    ]: carry=0 | base=2.78 | wall=3.49 | search=400 | target=none

[PICKUP] R3 picked up tag (density=20) | Total: 134
[PICKUP] R4 picked up tag (density=20) | Total: 135

======================================================================
Step 92000 (49.1 min) | Pickups: 135 | Deposits: 133 | Rate: 2.71 tags/min | phero_entries=0 max_w=0.000
======================================================================
R1[SEARCH    ]: carry=0 | base=0.96 | wall=5.06 | search= 84 | target=none
R2[SITE      ]: carry=0 | base=1.87 | wall=4.25 | search=  0 | target=site(-1.42,-3.42)
R3[RTB       ]: carry=1 | base=4.10 | wall=1.95 | search=  0 | target=none
R4[SURVEY    ]: carry=1 | base=4.16 | wall=2.12 | search=  0 | target=none

[PICKUP] R1 picked up tag (density=8) | Total: 136

======================================================================
Step 92500 (49.3 min) | Pickups: 136 | Deposits: 133 | Rate: 2.70 tags/min | phero_entries=0 max_w=0.000
======================================================================
R1[SURVEY    ]: carry=1 | base=2.14 | wall=3.88 | search=  0 | target=none
R2[SEARCH    ]: carry=0 | base=3.68 | wall=2.59 | search= 37 | target=site(-1.42,-3.42)
R3[RTB       ]: carry=1 | base=2.41 | wall=3.61 | search=  0 | target=none
R4[RTB       ]: carry=1 | base=2.72 | wall=3.47 | search=  0 | target=none

[PICKUP] R2 picked up tag (density=5) | Total: 137

======================================================================
Step 93000 (49.6 min) | Pickups: 137 | Deposits: 133 | Rate: 2.68 tags/min | phero_entries=0 max_w=0.000
======================================================================
R1[RTB       ]: carry=1 | base=0.63 | wall=5.37 | search=  0 | target=none
R2[SURVEY    ]: carry=1 | base=3.07 | wall=3.62 | search=  0 | target=none
R3[RTB       ]: carry=1 | base=0.49 | wall=5.51 | search=  0 | target=none
R4[RTB       ]: carry=1 | base=0.80 | wall=5.26 | search=  0 | target=none

[DEPOSIT] R3 deposited! Total: 134
  [PHERO] Laid at (4.03, 0.68) density=20 prob=1.00 entries=1
  [TARGET] R3 → SITE (4.03, 0.68)
[DEPOSIT] R1 deposited! Total: 135
  [TARGET] R1 → SITE (-2.12, 0.27)
[DEPOSIT] R4 deposited! Total: 136
  [PHERO] Laid at (-3.88, 1.48) density=20 prob=1.00 entries=2
  [TARGET] R4 → SITE (-3.88, 1.48)

======================================================================
Step 93500 (49.9 min) | Pickups: 137 | Deposits: 136 | Rate: 2.73 tags/min | phero_entries=2 max_w=0.320
======================================================================
R1[SITE      ]: carry=0 | base=1.25 | wall=4.76 | search=  0 | target=site(-2.12,0.27)
R2[RTB       ]: carry=1 | base=1.91 | wall=4.49 | search=  0 | target=none
R3[SITE      ]: carry=0 | base=1.47 | wall=4.57 | search=  0 | target=site(4.03,0.68)
R4[SITE      ]: carry=0 | base=1.09 | wall=5.02 | search=  0 | target=site(-3.88,1.48)

[PICKUP] R1 picked up tag (density=7) | Total: 138
[DEPOSIT] R2 deposited! Total: 137
  [TARGET] R2 → SITE (-1.94, -2.38)

======================================================================
Step 94000 (50.1 min) | Pickups: 138 | Deposits: 137 | Rate: 2.73 tags/min | phero_entries=2 max_w=0.065
======================================================================
R1[RTB       ]: carry=1 | base=2.06 | wall=3.97 | search=  0 | target=none
R2[BASE_ESC  ]: carry=0 | base=0.22 | wall=5.84 | search=  0 | target=site(-1.94,-2.38)
R3[SITE      ]: carry=0 | base=3.38 | wall=2.67 | search=  0 | target=site(4.03,0.68)
R4[SITE      ]: carry=0 | base=3.01 | wall=3.20 | search=  0 | target=site(-3.88,1.48)

[PICKUP] R3 picked up tag (density=19) | Total: 139
[DEPOSIT] R1 deposited! Total: 138
  [TARGET] R1 → SITE (-2.10, 0.31)

======================================================================
Step 94500 (50.4 min) | Pickups: 139 | Deposits: 138 | Rate: 2.74 tags/min | phero_entries=2 max_w=0.013
======================================================================
R1[BASE_ESC  ]: carry=0 | base=0.22 | wall=5.78 | search=  0 | target=site(-2.10,0.31)
R2[SITE      ]: carry=0 | base=1.96 | wall=4.50 | search=  0 | target=site(-1.94,-2.38)
R3[RTB       ]: carry=1 | base=2.84 | wall=3.19 | search=  0 | target=none
R4[SEARCH    ]: carry=0 | base=3.97 | wall=2.30 | search=216 | target=site(-3.88,1.48)

[PICKUP] R2 picked up tag (density=4) | Total: 140

======================================================================
Step 95000 (50.7 min) | Pickups: 140 | Deposits: 138 | Rate: 2.72 tags/min | phero_entries=2 max_w=0.003
======================================================================
R1[SITE      ]: carry=0 | base=1.81 | wall=4.21 | search=  0 | target=site(-2.10,0.31)
R2[RTB       ]: carry=1 | base=2.48 | wall=4.05 | search=  0 | target=none
R3[RTB       ]: carry=1 | base=0.92 | wall=5.09 | search=  0 | target=none
R4[SEARCH    ]: carry=0 | base=4.46 | wall=2.81 | search=716 | target=site(-3.88,1.48)

[PICKUP] R1 picked up tag (density=6) | Total: 141
[DEPOSIT] R3 deposited! Total: 139
  [PHERO] Laid at (3.50, 0.61) density=19 prob=1.00 entries=3
  [TARGET] R3 → SITE (3.50, 0.61)
[PICKUP] R4 picked up tag (density=17) | Total: 142

======================================================================
Step 95500 (50.9 min) | Pickups: 142 | Deposits: 139 | Rate: 2.73 tags/min | phero_entries=1 max_w=0.352
======================================================================
R1[RTB       ]: carry=1 | base=1.05 | wall=4.96 | search=  0 | target=none
R2[RTB       ]: carry=1 | base=0.56 | wall=5.56 | search=  0 | target=none
R3[SITE      ]: carry=0 | base=1.04 | wall=4.99 | search=  0 | target=site(3.50,0.61)
R4[SURVEY    ]: carry=1 | base=3.85 | wall=3.15 | search=  0 | target=none

[DEPOSIT] R2 deposited! Total: 140
  [TARGET] R2 → SITE (-1.72, -2.09)
[DEPOSIT] R1 deposited! Total: 141
  [TARGET] R1 → SITE (-1.90, 0.27)

======================================================================
Step 96000 (51.2 min) | Pickups: 142 | Deposits: 141 | Rate: 2.75 tags/min | phero_entries=1 max_w=0.071
======================================================================
R1[SITE      ]: carry=0 | base=0.90 | wall=5.10 | search=  0 | target=site(-1.90,0.27)
R2[SITE      ]: carry=0 | base=1.39 | wall=4.89 | search=  0 | target=site(-1.72,-2.09)
R3[SITE      ]: carry=0 | base=2.96 | wall=3.09 | search=  0 | target=site(3.50,0.61)
R4[RTB       ]: carry=1 | base=2.06 | wall=4.46 | search=  0 | target=none

[DEPOSIT] R4 deposited! Total: 142
  [PHERO] Laid at (-2.59, 2.86) density=17 prob=0.99 entries=2
  [TARGET] R4 → SITE (-2.59, 2.86)

======================================================================
Step 96500 (51.5 min) | Pickups: 142 | Deposits: 142 | Rate: 2.76 tags/min | phero_entries=2 max_w=0.911
======================================================================
R1[SEARCH    ]: carry=0 | base=1.74 | wall=4.30 | search=247 | target=site(-1.90,0.27)
R2[SEARCH    ]: carry=0 | base=2.70 | wall=4.00 | search=170 | target=site(-1.72,-2.09)
R3[SEARCH    ]: carry=0 | base=3.46 | wall=2.54 | search=359 | target=site(3.50,0.61)
R4[BASE_ESC  ]: carry=0 | base=0.22 | wall=5.84 | search=  0 | target=site(-2.59,2.86)

[PICKUP] R2 picked up tag (density=3) | Total: 143

======================================================================
Step 97000 (51.7 min) | Pickups: 143 | Deposits: 142 | Rate: 2.74 tags/min | phero_entries=2 max_w=0.184
======================================================================
R1[SEARCH    ]: carry=0 | base=2.56 | wall=3.91 | search=747 | target=site(-1.90,0.27)
R2[RTB       ]: carry=1 | base=1.90 | wall=4.56 | search=  0 | target=none
R3[SEARCH    ]: carry=0 | base=2.65 | wall=3.56 | search=859 | target=site(3.50,0.61)
R4[SITE      ]: carry=0 | base=1.81 | wall=4.70 | search=  0 | target=site(-2.59,2.86)

[DEPOSIT] R2 deposited! Total: 143
  [TARGET] R2 → SITE (-1.84, -2.03)

======================================================================
Step 97500 (52.0 min) | Pickups: 143 | Deposits: 143 | Rate: 2.75 tags/min | phero_entries=1 max_w=0.037
======================================================================
R1[GIVE_UP   ]: carry=0 | base=3.24 | wall=3.01 | search=1092 | target=none
R2[BASE_ESC  ]: carry=0 | base=0.22 | wall=5.82 | search=  0 | target=site(-1.84,-2.03)
R3[SEARCH    ]: carry=0 | base=2.19 | wall=4.16 | search=1359 | target=site(3.50,0.61)
R4[SITE      ]: carry=0 | base=3.73 | wall=3.24 | search=  0 | target=site(-2.59,2.86)

[PICKUP] R4 picked up tag (density=16) | Total: 144

======================================================================
Step 98000 (52.3 min) | Pickups: 144 | Deposits: 143 | Rate: 2.74 tags/min | phero_entries=1 max_w=0.008
======================================================================
R1[GIVE_UP   ]: carry=0 | base=1.32 | wall=4.78 | search=1092 | target=none
R2[SITE      ]: carry=0 | base=1.95 | wall=4.53 | search=  0 | target=site(-1.84,-2.03)
R3[SEARCH    ]: carry=0 | base=3.94 | wall=2.52 | search=1859 | target=site(3.50,0.61)
R4[RTB       ]: carry=1 | base=2.97 | wall=3.75 | search=  0 | target=none

  [GIVE-UP] R1 returned empty after 1092 searching steps
  [TARGET] R1 → PHERO (-2.59, 2.86)

======================================================================
Step 98500 (52.5 min) | Pickups: 144 | Deposits: 143 | Rate: 2.72 tags/min | phero_entries=1 max_w=0.002
======================================================================
R1[PHERO     ]: carry=0 | base=0.58 | wall=5.46 | search=  0 | target=phero(-2.59,2.86)
R2[SEARCH    ]: carry=0 | base=2.72 | wall=4.02 | search=308 | target=site(-1.84,-2.03)
R3[GIVE_UP   ]: carry=0 | base=3.70 | wall=2.69 | search=2028 | target=none
R4[RTB       ]: carry=1 | base=1.05 | wall=5.20 | search=  0 | target=none

[DEPOSIT] R4 deposited! Total: 144
  [PHERO] Laid at (-2.55, 2.88) density=16 prob=0.99 entries=1
  [TARGET] R4 → SITE (-2.55, 2.88)

======================================================================
Step 99000 (52.8 min) | Pickups: 144 | Deposits: 144 | Rate: 2.73 tags/min | phero_entries=1 max_w=0.394
======================================================================
R1[PHERO     ]: carry=0 | base=2.47 | wall=4.12 | search=  0 | target=phero(-2.59,2.86)
R2[SEARCH    ]: carry=0 | base=4.45 | wall=2.77 | search=808 | target=site(-1.84,-2.03)
R3[GIVE_UP   ]: carry=0 | base=1.78 | wall=4.41 | search=2028 | target=none
R4[SITE      ]: carry=0 | base=0.90 | wall=5.27 | search=  0 | target=site(-2.55,2.88)

  [GIVE-UP] R3 returned empty after 2028 searching steps
  [TARGET] R3 → PHERO (-2.55, 2.88)
[PICKUP] R1 picked up tag (density=15) | Total: 145

======================================================================
Step 99500 (53.1 min) | Pickups: 145 | Deposits: 144 | Rate: 2.71 tags/min | phero_entries=1 max_w=0.080
======================================================================
R1[SURVEY    ]: carry=1 | base=3.85 | wall=3.09 | search=  0 | target=none
R2[SEARCH    ]: carry=0 | base=4.47 | wall=1.85 | search=1308 | target=site(-1.84,-2.03)
R3[BASE_ESC  ]: carry=0 | base=0.23 | wall=5.82 | search=  0 | target=phero(-2.55,2.88)
R4[SITE      ]: carry=0 | base=2.82 | wall=3.87 | search=  0 | target=site(-2.55,2.88)

[PICKUP] R4 picked up tag (density=14) | Total: 146

======================================================================
Step 100000 (53.3 min) | Pickups: 146 | Deposits: 144 | Rate: 2.70 tags/min | phero_entries=1 max_w=0.016
======================================================================
R1[RTB       ]: carry=1 | base=2.47 | wall=4.11 | search=  0 | target=none
R2[SEARCH    ]: carry=0 | base=5.66 | wall=0.39 | search=1808 | target=site(-1.84,-2.03)
R3[PHERO     ]: carry=0 | base=0.60 | wall=5.43 | search=  0 | target=phero(-2.55,2.88)
R4[SURVEY    ]: carry=1 | base=3.82 | wall=3.10 | search=  0 | target=none


======================================================================
Step 100500 (53.6 min) | Pickups: 146 | Deposits: 144 | Rate: 2.69 tags/min | phero_entries=1 max_w=0.003
======================================================================
R1[RTB       ]: carry=1 | base=0.55 | wall=5.58 | search=  0 | target=none
R2[WALL_ESC  ]: carry=0 | base=5.66 | wall=0.34 | search=2308 | target=site(-1.84,-2.03)
R3[PHERO     ]: carry=0 | base=2.46 | wall=4.09 | search=  0 | target=phero(-2.55,2.88)
R4[RTB       ]: carry=1 | base=2.04 | wall=4.45 | search=  0 | target=none

[DEPOSIT] R1 deposited! Total: 145
  [PHERO] Laid at (-2.53, 2.90) density=15 prob=0.98 entries=2
  [TARGET] R1 → SITE (-2.53, 2.90)
[PICKUP] R3 picked up tag (density=13) | Total: 147
[DEPOSIT] R4 deposited! Total: 146
  [PHERO] Laid at (-2.49, 2.90) density=14 prob=0.96 entries=2
  [TARGET] R4 → SITE (-2.49, 2.90)

======================================================================
Step 101000 (53.9 min) | Pickups: 147 | Deposits: 146 | Rate: 2.71 tags/min | phero_entries=2 max_w=0.900
======================================================================
R1[SITE      ]: carry=0 | base=1.41 | wall=4.89 | search=  0 | target=site(-2.53,2.90)
R2[SEARCH    ]: carry=0 | base=5.62 | wall=0.38 | search=2808 | target=site(-1.84,-2.03)
R3[SURVEY    ]: carry=1 | base=3.62 | wall=3.28 | search=  0 | target=none
R4[BASE_ESC  ]: carry=0 | base=0.22 | wall=5.82 | search=  0 | target=site(-2.49,2.90)


======================================================================
Step 101500 (54.1 min) | Pickups: 147 | Deposits: 146 | Rate: 2.70 tags/min | phero_entries=2 max_w=0.182
======================================================================
R1[SITE      ]: carry=0 | base=3.27 | wall=3.51 | search=  0 | target=site(-2.53,2.90)
R2[SEARCH    ]: carry=0 | base=5.61 | wall=0.39 | search=3308 | target=site(-1.84,-2.03)
R3[RTB       ]: carry=1 | base=1.87 | wall=4.59 | search=  0 | target=none
R4[SITE      ]: carry=0 | base=1.83 | wall=4.57 | search=  0 | target=site(-2.49,2.90)

[PICKUP] R1 picked up tag (density=12) | Total: 148
[DEPOSIT] R3 deposited! Total: 147
  [PHERO] Laid at (-2.38, 2.72) density=13 prob=0.93 entries=3
  [TARGET] R3 → SITE (-2.38, 2.72)

======================================================================
Step 102000 (54.4 min) | Pickups: 148 | Deposits: 147 | Rate: 2.70 tags/min | phero_entries=3 max_w=0.792
======================================================================
R1[SURVEY    ]: carry=1 | base=3.67 | wall=3.18 | search=  0 | target=none
R2[SEARCH    ]: carry=0 | base=5.61 | wall=0.39 | search=3808 | target=site(-1.84,-2.03)
R3[BASE_ESC  ]: carry=0 | base=0.22 | wall=5.83 | search=  0 | target=site(-2.38,2.72)
R4[SITE      ]: carry=0 | base=3.72 | wall=3.19 | search=  0 | target=site(-2.49,2.90)

[PICKUP] R4 picked up tag (density=11) | Total: 149

======================================================================
Step 102500 (54.7 min) | Pickups: 149 | Deposits: 147 | Rate: 2.69 tags/min | phero_entries=3 max_w=0.160
======================================================================
R1[RTB       ]: carry=1 | base=1.92 | wall=4.50 | search=  0 | target=none
R2[SEARCH    ]: carry=0 | base=5.61 | wall=0.39 | search=4308 | target=site(-1.84,-2.03)
R3[SITE      ]: carry=0 | base=1.98 | wall=4.54 | search=  0 | target=site(-2.38,2.72)
R4[RTB       ]: carry=1 | base=3.49 | wall=3.28 | search=  0 | target=none

[DEPOSIT] R1 deposited! Total: 148
  [PHERO] Laid at (-2.35, 2.77) density=12 prob=0.88 entries=3
  [TARGET] R1 → SITE (-2.35, 2.77)

======================================================================
Step 103000 (54.9 min) | Pickups: 149 | Deposits: 148 | Rate: 2.69 tags/min | phero_entries=3 max_w=0.812
======================================================================
R1[BASE_ESC  ]: carry=0 | base=0.22 | wall=5.84 | search=  0 | target=site(-2.35,2.77)
R2[SEARCH    ]: carry=0 | base=5.61 | wall=0.39 | search=4808 | target=site(-1.84,-2.03)
R3[SEARCH    ]: carry=0 | base=3.62 | wall=3.31 | search= 88 | target=site(-2.38,2.72)
R4[RTB       ]: carry=1 | base=1.58 | wall=4.77 | search=  0 | target=none

[DEPOSIT] R4 deposited! Total: 149
  [PHERO] Laid at (-2.33, 2.81) density=11 prob=0.80 entries=3
  [TARGET] R4 → SITE (-2.33, 2.81)

======================================================================
Step 103500 (55.2 min) | Pickups: 149 | Deposits: 149 | Rate: 2.70 tags/min | phero_entries=3 max_w=0.611
======================================================================
R1[SITE      ]: carry=0 | base=1.96 | wall=4.53 | search=  0 | target=site(-2.35,2.77)
R2[SEARCH    ]: carry=0 | base=5.61 | wall=0.39 | search=5308 | target=site(-1.84,-2.03)
R3[SEARCH    ]: carry=0 | base=2.02 | wall=4.52 | search=588 | target=site(-2.38,2.72)
R4[SITE      ]: carry=0 | base=0.39 | wall=5.65 | search=  0 | target=site(-2.33,2.81)


======================================================================
Step 104000 (55.5 min) | Pickups: 149 | Deposits: 149 | Rate: 2.69 tags/min | phero_entries=3 max_w=0.123
======================================================================
R1[SEARCH    ]: carry=0 | base=3.64 | wall=3.18 | search= 78 | target=site(-2.35,2.77)
R2[GIVE_UP   ]: carry=0 | base=5.56 | wall=0.44 | search=5772 | target=none
R3[SEARCH    ]: carry=0 | base=0.43 | wall=5.58 | search=1088 | target=site(-2.38,2.72)
R4[SITE      ]: carry=0 | base=2.29 | wall=4.21 | search=  0 | target=site(-2.33,2.81)

[PICKUP] R1 picked up tag (density=10) | Total: 150

======================================================================
Step 104500 (55.7 min) | Pickups: 150 | Deposits: 149 | Rate: 2.67 tags/min | phero_entries=2 max_w=0.025
======================================================================
R1[RTB       ]: carry=1 | base=2.83 | wall=3.78 | search=  0 | target=none
R2[GIVE_UP   ]: carry=0 | base=3.66 | wall=2.34 | search=5772 | target=none
R3[SEARCH    ]: carry=0 | base=0.27 | wall=5.74 | search=1588 | target=site(-2.38,2.72)
R4[SEARCH    ]: carry=0 | base=3.80 | wall=3.23 | search=160 | target=site(-2.33,2.81)


======================================================================
Step 105000 (56.0 min) | Pickups: 150 | Deposits: 149 | Rate: 2.66 tags/min | phero_entries=2 max_w=0.005
======================================================================
R1[RTB       ]: carry=1 | base=0.91 | wall=5.29 | search=  0 | target=none
R2[GIVE_UP   ]: carry=0 | base=1.74 | wall=4.26 | search=5772 | target=none
R3[SEARCH    ]: carry=0 | base=1.81 | wall=4.57 | search=2088 | target=site(-2.38,2.72)
R4[SEARCH    ]: carry=0 | base=4.89 | wall=1.91 | search=660 | target=site(-2.33,2.81)

[PICKUP] R3 picked up tag (density=1) | Total: 151
[DEPOSIT] R1 deposited! Total: 150
  [TARGET] R1 → SITE (-2.32, 2.85)
  [GIVE-UP] R2 returned empty after 5772 searching steps
  [TARGET] R2 → PHERO (-2.33, 2.81)

======================================================================
Step 105500 (56.3 min) | Pickups: 151 | Deposits: 150 | Rate: 2.67 tags/min | phero_entries=1 max_w=0.001
======================================================================
R1[SITE      ]: carry=0 | base=1.05 | wall=5.24 | search=  0 | target=site(-2.32,2.85)
R2[BASE_ESC  ]: carry=0 | base=0.25 | wall=5.76 | search=  0 | target=phero(-2.33,2.81)
R3[RTB       ]: carry=1 | base=0.91 | wall=5.31 | search=  0 | target=none
R4[GIVE_UP   ]: carry=0 | base=5.34 | wall=1.35 | search=936 | target=none

[DEPOSIT] R3 deposited! Total: 151
  [TARGET] R3 → SITE (1.12, 1.46)

======================================================================
Step 106000 (56.5 min) | Pickups: 151 | Deposits: 151 | Rate: 2.67 tags/min | phero_entries=0 max_w=0.000
======================================================================
R1[SITE      ]: carry=0 | base=2.96 | wall=3.72 | search=  0 | target=site(-2.32,2.85)
R2[PHERO     ]: carry=0 | base=1.01 | wall=5.21 | search=  0 | target=phero(-2.33,2.81)
R3[SITE      ]: carry=0 | base=1.02 | wall=5.23 | search=  0 | target=site(1.12,1.46)
R4[GIVE_UP   ]: carry=0 | base=3.42 | wall=3.02 | search=936 | target=none


======================================================================
Step 106500 (56.8 min) | Pickups: 151 | Deposits: 151 | Rate: 2.66 tags/min | phero_entries=0 max_w=0.000
======================================================================
R1[SEARCH    ]: carry=0 | base=3.59 | wall=3.12 | search=328 | target=site(-2.32,2.85)
R2[PHERO     ]: carry=0 | base=2.90 | wall=3.81 | search=  0 | target=phero(-2.33,2.81)
R3[SEARCH    ]: carry=0 | base=1.79 | wall=4.26 | search=300 | target=site(1.12,1.46)
R4[GIVE_UP   ]: carry=0 | base=1.50 | wall=4.69 | search=936 | target=none

[PICKUP] R2 picked up tag (density=9) | Total: 152
  [GIVE-UP] R4 returned empty after 936 searching steps
  [TARGET] R4 → WALL (5.92, 2.40)

======================================================================
Step 107000 (57.1 min) | Pickups: 152 | Deposits: 151 | Rate: 2.65 tags/min | phero_entries=0 max_w=0.000
======================================================================
R1[SEARCH    ]: carry=0 | base=3.74 | wall=2.33 | search=828 | target=site(-2.32,2.85)
R2[RTB       ]: carry=1 | base=3.61 | wall=3.16 | search=  0 | target=none
R3[SEARCH    ]: carry=0 | base=3.29 | wall=2.72 | search=800 | target=site(1.12,1.46)
R4[DEPART    ]: carry=0 | base=0.30 | wall=5.74 | search=  0 | target=none


======================================================================
Step 107500 (57.3 min) | Pickups: 152 | Deposits: 151 | Rate: 2.63 tags/min | phero_entries=0 max_w=0.000
======================================================================
R1[SEARCH    ]: carry=0 | base=4.22 | wall=1.90 | search=1328 | target=site(-2.32,2.85)
R2[RTB       ]: carry=1 | base=1.70 | wall=4.65 | search=  0 | target=none
R3[GIVE_UP   ]: carry=0 | base=2.62 | wall=3.41 | search=936 | target=none
R4[DEPART    ]: carry=0 | base=1.87 | wall=4.36 | search=  0 | target=none

[DEPOSIT] R2 deposited! Total: 152
  [TARGET] R2 → SITE (-2.28, 2.86)

======================================================================
Step 108000 (57.6 min) | Pickups: 152 | Deposits: 152 | Rate: 2.64 tags/min | phero_entries=0 max_w=0.000
======================================================================
R1[SEARCH    ]: carry=0 | base=3.40 | wall=3.23 | search=1828 | target=site(-2.32,2.85)
R2[SITE      ]: carry=0 | base=0.28 | wall=5.78 | search=  0 | target=site(-2.28,2.86)
R3[GIVE_UP   ]: carry=0 | base=0.70 | wall=5.31 | search=936 | target=none
R4[SEARCH    ]: carry=0 | base=3.51 | wall=3.10 | search=438 | target=none

  [GIVE-UP] R3 returned empty after 936 searching steps
  [TARGET] R3 → WALL (-4.70, 5.92)
[PICKUP] R1 picked up tag (density=2) | Total: 153

======================================================================
Step 108500 (57.9 min) | Pickups: 153 | Deposits: 152 | Rate: 2.63 tags/min | phero_entries=0 max_w=0.000
======================================================================
R1[RTB       ]: carry=1 | base=2.64 | wall=4.06 | search=  0 | target=none
R2[SITE      ]: carry=0 | base=2.17 | wall=4.33 | search=  0 | target=site(-2.28,2.86)
R3[DEPART    ]: carry=0 | base=1.28 | wall=4.97 | search=  0 | target=none
R4[SEARCH    ]: carry=0 | base=4.46 | wall=2.30 | search=938 | target=none


======================================================================
Step 109000 (58.1 min) | Pickups: 153 | Deposits: 152 | Rate: 2.61 tags/min | phero_entries=0 max_w=0.000
======================================================================
R1[RTB       ]: carry=1 | base=0.72 | wall=5.47 | search=  0 | target=none
R2[SEARCH    ]: carry=0 | base=3.62 | wall=3.11 | search=127 | target=site(-2.28,2.86)
R3[GIVE_UP   ]: carry=0 | base=2.49 | wall=4.10 | search=156 | target=none
R4[SEARCH    ]: carry=0 | base=5.08 | wall=1.16 | search=1438 | target=none

[PICKUP] R2 picked up tag (density=8) | Total: 154
[DEPOSIT] R1 deposited! Total: 153
  [TARGET] R1 → SITE (-2.13, -2.22)

======================================================================
Step 109500 (58.4 min) | Pickups: 154 | Deposits: 153 | Rate: 2.62 tags/min | phero_entries=0 max_w=0.000
======================================================================
R1[SITE      ]: carry=0 | base=1.23 | wall=5.11 | search=  0 | target=site(-2.13,-2.22)
R2[RTB       ]: carry=1 | base=2.72 | wall=3.79 | search=  0 | target=none
R3[GIVE_UP   ]: carry=0 | base=0.57 | wall=5.56 | search=156 | target=none
R4[SEARCH    ]: carry=0 | base=6.10 | wall=0.82 | search=1938 | target=none

  [GIVE-UP] R3 returned empty after 156 searching steps
  [TARGET] R3 → WALL (5.92, 4.54)

======================================================================
Step 110000 (58.7 min) | Pickups: 154 | Deposits: 153 | Rate: 2.61 tags/min | phero_entries=0 max_w=0.000
======================================================================
R1[SEARCH    ]: carry=0 | base=3.05 | wall=3.81 | search= 32 | target=site(-2.13,-2.22)
R2[RTB       ]: carry=1 | base=0.80 | wall=5.35 | search=  0 | target=none
R3[SEARCH    ]: carry=0 | base=1.09 | wall=5.19 | search=148 | target=none
R4[SEARCH    ]: carry=0 | base=6.93 | wall=0.38 | search=2438 | target=none

[DEPOSIT] R2 deposited! Total: 154
  [TARGET] R2 → SITE (-2.17, 2.93)

======================================================================
Step 110500 (58.9 min) | Pickups: 154 | Deposits: 154 | Rate: 2.61 tags/min | phero_entries=0 max_w=0.000
======================================================================
R1[GIVE_UP   ]: carry=0 | base=3.92 | wall=3.01 | search=468 | target=none
R2[SITE      ]: carry=0 | base=1.15 | wall=5.12 | search=  0 | target=site(-2.17,2.93)
R3[SEARCH    ]: carry=0 | base=2.75 | wall=3.74 | search=648 | target=none
R4[GIVE_UP   ]: carry=0 | base=5.52 | wall=1.60 | search=2496 | target=none

[PICKUP] R1 picked up tag (density=1) | Total: 155

======================================================================
Step 111000 (59.2 min) | Pickups: 155 | Deposits: 154 | Rate: 2.60 tags/min | phero_entries=0 max_w=0.000
======================================================================
R1[RTB       ]: carry=1 | base=2.87 | wall=3.74 | search=  0 | target=none
R2[SITE      ]: carry=0 | base=3.07 | wall=3.54 | search=  0 | target=site(-2.17,2.93)
R3[SEARCH    ]: carry=0 | base=4.48 | wall=2.15 | search=1148 | target=none
R4[GIVE_UP   ]: carry=0 | base=3.60 | wall=3.13 | search=2496 | target=none

[PICKUP] R2 picked up tag (density=7) | Total: 156

======================================================================
Step 111500 (59.5 min) | Pickups: 156 | Deposits: 154 | Rate: 2.59 tags/min | phero_entries=0 max_w=0.000
======================================================================
R1[RTB       ]: carry=1 | base=0.95 | wall=5.25 | search=  0 | target=none
R2[RTB       ]: carry=1 | base=3.58 | wall=3.11 | search=  0 | target=none
R3[SEARCH    ]: carry=0 | base=6.06 | wall=0.42 | search=1648 | target=none
R4[GIVE_UP   ]: carry=0 | base=1.68 | wall=4.66 | search=2496 | target=none

[DEPOSIT] R1 deposited! Total: 155
  [TARGET] R1 → SITE (-1.92, -2.36)
  [GIVE-UP] R4 returned empty after 2496 searching steps
  [TARGET] R4 → WALL (-5.92, 1.11)

======================================================================
Step 112000 (59.7 min) | Pickups: 156 | Deposits: 155 | Rate: 2.59 tags/min | phero_entries=0 max_w=0.000
======================================================================
R1[SITE      ]: carry=0 | base=1.00 | wall=5.17 | search=  0 | target=site(-1.92,-2.36)
R2[RTB       ]: carry=1 | base=1.66 | wall=4.65 | search=  0 | target=none
R3[SEARCH    ]: carry=0 | base=6.11 | wall=0.38 | search=2148 | target=none
R4[DEPART    ]: carry=0 | base=0.26 | wall=5.79 | search=  0 | target=none

[DEPOSIT] R2 deposited! Total: 156
  [PHERO] Laid at (-2.21, 2.96) density=7 prob=0.32 entries=1
  [TARGET] R2 → SITE (-2.21, 2.96)

======================================================================
Step 112500 (60.0 min) | Pickups: 156 | Deposits: 156 | Rate: 2.60 tags/min | phero_entries=1 max_w=0.655
======================================================================
R1[SITE      ]: carry=0 | base=2.92 | wall=3.73 | search=  0 | target=site(-1.92,-2.36)
R2[SITE      ]: carry=0 | base=0.31 | wall=5.71 | search=  0 | target=site(-2.21,2.96)
R3[SEARCH    ]: carry=0 | base=6.11 | wall=0.38 | search=2648 | target=none
R4[SEARCH    ]: carry=0 | base=1.25 | wall=4.76 | search=363 | target=none

[PICKUP] R4 picked up tag (density=5) | Total: 157

======================================================================
Step 113000 (60.3 min) | Pickups: 157 | Deposits: 156 | Rate: 2.59 tags/min | phero_entries=1 max_w=0.132
======================================================================
R1[GIVE_UP   ]: carry=0 | base=2.05 | wall=4.11 | search=468 | target=none
R2[SITE      ]: carry=0 | base=2.21 | wall=4.20 | search=  0 | target=site(-2.21,2.96)
R3[SEARCH    ]: carry=0 | base=6.11 | wall=0.38 | search=3148 | target=none
R4[RTB       ]: carry=1 | base=1.42 | wall=4.60 | search=  0 | target=none

[DEPOSIT] R4 deposited! Total: 157
  [TARGET] R4 → SITE (-1.74, 0.30)
[PICKUP] R2 picked up tag (density=6) | Total: 158
  [GIVE-UP] R1 returned empty after 468 searching steps
  [TARGET] R1 → PHERO (-2.21, 2.96)

======================================================================
Step 113500 (60.5 min) | Pickups: 158 | Deposits: 157 | Rate: 2.59 tags/min | phero_entries=1 max_w=0.027
======================================================================
R1[BASE_ESC  ]: carry=0 | base=0.23 | wall=5.79 | search=  0 | target=phero(-2.21,2.96)
R2[SURVEY    ]: carry=1 | base=3.72 | wall=2.99 | search=  0 | target=none
R3[GIVE_UP   ]: carry=0 | base=4.67 | wall=1.68 | search=3276 | target=none
R4[SITE      ]: carry=0 | base=0.54 | wall=5.46 | search=  0 | target=site(-1.74,0.30)

[PICKUP] R3 picked up tag (density=13) | Total: 159
[PICKUP] R4 picked up tag (density=4) | Total: 160

======================================================================
Step 114000 (60.8 min) | Pickups: 160 | Deposits: 157 | Rate: 2.58 tags/min | phero_entries=1 max_w=0.005
======================================================================
R1[PHERO     ]: carry=0 | base=1.02 | wall=5.24 | search=  0 | target=phero(-2.21,2.96)
R2[RTB       ]: carry=1 | base=2.47 | wall=3.98 | search=  0 | target=none
R3[RTB       ]: carry=1 | base=3.63 | wall=2.65 | search=  0 | target=none
R4[SURVEY    ]: carry=1 | base=1.77 | wall=4.27 | search=  0 | target=none


======================================================================
Step 114500 (61.1 min) | Pickups: 160 | Deposits: 157 | Rate: 2.57 tags/min | phero_entries=1 max_w=0.001
======================================================================
R1[PHERO     ]: carry=0 | base=2.92 | wall=3.70 | search=  0 | target=phero(-2.21,2.96)
R2[RTB       ]: carry=1 | base=0.55 | wall=5.55 | search=  0 | target=none
R3[RTB       ]: carry=1 | base=1.85 | wall=4.31 | search=  0 | target=none
R4[RTB       ]: carry=1 | base=0.52 | wall=5.50 | search=  0 | target=none

[DEPOSIT] R4 deposited! Total: 158
  [TARGET] R4 → SITE (-1.73, 0.40)
[DEPOSIT] R2 deposited! Total: 159
  [TARGET] R2 → SITE (-2.18, 3.00)
[DEPOSIT] R3 deposited! Total: 160
  [PHERO] Laid at (1.38, 3.36) density=13 prob=0.93 entries=1
  [TARGET] R3 → SITE (1.38, 3.36)

======================================================================
Step 115000 (61.3 min) | Pickups: 160 | Deposits: 160 | Rate: 2.61 tags/min | phero_entries=1 max_w=0.769
======================================================================
R1[SEARCH    ]: carry=0 | base=3.56 | wall=2.96 | search=311 | target=phero(-2.21,2.96)
R2[SITE      ]: carry=0 | base=1.41 | wall=4.90 | search=  0 | target=site(-2.18,3.00)
R3[BASE_ESC  ]: carry=0 | base=0.22 | wall=5.79 | search=  0 | target=site(1.38,3.36)
R4[SITE      ]: carry=0 | base=1.41 | wall=4.62 | search=  0 | target=site(-1.73,0.40)


======================================================================
Step 115500 (61.6 min) | Pickups: 160 | Deposits: 160 | Rate: 2.60 tags/min | phero_entries=1 max_w=0.155
======================================================================
R1[SEARCH    ]: carry=0 | base=4.25 | wall=1.80 | search=811 | target=phero(-2.21,2.96)
R2[SITE      ]: carry=0 | base=3.33 | wall=3.31 | search=  0 | target=site(-2.18,3.00)
R3[SITE      ]: carry=0 | base=2.02 | wall=4.11 | search=  0 | target=site(1.38,3.36)
R4[SEARCH    ]: carry=0 | base=2.25 | wall=3.90 | search=420 | target=site(-1.73,0.40)

[PICKUP] R1 picked up tag (density=24) | Total: 161
[PICKUP] R3 picked up tag (density=12) | Total: 162

======================================================================
Step 116000 (61.9 min) | Pickups: 162 | Deposits: 160 | Rate: 2.59 tags/min | phero_entries=1 max_w=0.031
======================================================================
R1[RTB       ]: carry=1 | base=3.70 | wall=2.32 | search=  0 | target=none
R2[GIVE_UP   ]: carry=0 | base=2.99 | wall=3.42 | search=312 | target=none
R3[RTB       ]: carry=1 | base=3.05 | wall=3.19 | search=  0 | target=none
R4[SEARCH    ]: carry=0 | base=3.72 | wall=3.09 | search=920 | target=site(-1.73,0.40)


======================================================================
Step 116500 (62.1 min) | Pickups: 162 | Deposits: 160 | Rate: 2.58 tags/min | phero_entries=1 max_w=0.006
======================================================================
R1[RTB       ]: carry=1 | base=1.78 | wall=4.23 | search=  0 | target=none
R2[GIVE_UP   ]: carry=0 | base=1.07 | wall=5.08 | search=312 | target=none
R3[RTB       ]: carry=1 | base=1.19 | wall=4.91 | search=  0 | target=none
R4[SEARCH    ]: carry=0 | base=5.38 | wall=2.17 | search=1420 | target=site(-1.73,0.40)

  [GIVE-UP] R2 returned empty after 312 searching steps
  [TARGET] R2 → PHERO (1.38, 3.36)
[DEPOSIT] R3 deposited! Total: 161
  [PHERO] Laid at (1.15, 2.83) density=12 prob=0.88 entries=2
  [TARGET] R3 → SITE (1.15, 2.83)
[DEPOSIT] R1 deposited! Total: 162
  [PHERO] Laid at (-0.58, 4.45) density=24 prob=1.00 entries=3
  [TARGET] R1 → SITE (-0.58, 4.45)

======================================================================
Step 117000 (62.4 min) | Pickups: 162 | Deposits: 162 | Rate: 2.60 tags/min | phero_entries=3 max_w=0.888
======================================================================
R1[BASE_ESC  ]: carry=0 | base=0.22 | wall=5.78 | search=  0 | target=site(-0.58,4.45)
R2[PHERO     ]: carry=0 | base=0.65 | wall=5.37 | search=  0 | target=phero(1.38,3.36)
R3[SITE      ]: carry=0 | base=0.76 | wall=5.34 | search=  0 | target=site(1.15,2.83)
R4[GIVE_UP   ]: carry=0 | base=5.52 | wall=1.56 | search=1716 | target=none

[PICKUP] R4 picked up tag (density=5) | Total: 163

======================================================================
Step 117500 (62.7 min) | Pickups: 163 | Deposits: 162 | Rate: 2.59 tags/min | phero_entries=2 max_w=0.179
======================================================================
R1[SITE      ]: carry=0 | base=1.83 | wall=4.17 | search=  0 | target=site(-0.58,4.45)
R2[PHERO     ]: carry=0 | base=2.56 | wall=3.62 | search=  0 | target=phero(1.38,3.36)
R3[SITE      ]: carry=0 | base=2.67 | wall=3.53 | search=  0 | target=site(1.15,2.83)
R4[SURVEY    ]: carry=1 | base=4.09 | wall=2.71 | search=  0 | target=none

[PICKUP] R3 picked up tag (density=11) | Total: 164
[PICKUP] R2 picked up tag (density=10) | Total: 165

======================================================================
Step 118000 (62.9 min) | Pickups: 165 | Deposits: 162 | Rate: 2.57 tags/min | phero_entries=2 max_w=0.036
======================================================================
R1[SITE      ]: carry=0 | base=3.75 | wall=2.28 | search=  0 | target=site(-0.58,4.45)
R2[RTB       ]: carry=1 | base=2.69 | wall=3.54 | search=  0 | target=none
R3[RTB       ]: carry=1 | base=2.74 | wall=3.47 | search=  0 | target=none
R4[RTB       ]: carry=1 | base=2.44 | wall=4.01 | search=  0 | target=none

[PICKUP] R1 picked up tag (density=23) | Total: 166

======================================================================
Step 118500 (63.2 min) | Pickups: 166 | Deposits: 162 | Rate: 2.56 tags/min | phero_entries=2 max_w=0.007
======================================================================
R1[RTB       ]: carry=1 | base=4.21 | wall=1.81 | search=  0 | target=none
R2[RTB       ]: carry=1 | base=0.75 | wall=5.32 | search=  0 | target=none
R3[RTB       ]: carry=1 | base=0.82 | wall=5.24 | search=  0 | target=none
R4[RTB       ]: carry=1 | base=0.52 | wall=5.57 | search=  0 | target=none

[DEPOSIT] R4 deposited! Total: 163
  [TARGET] R4 → SITE (-2.44, 3.30)
[DEPOSIT] R2 deposited! Total: 164
  [TARGET] R2 → SITE (1.17, 2.88)
[DEPOSIT] R3 deposited! Total: 165
  [PHERO] Laid at (1.15, 2.84) density=11 prob=0.80 entries=3
  [TARGET] R3 → SITE (1.15, 2.84)

======================================================================
Step 119000 (63.5 min) | Pickups: 166 | Deposits: 165 | Rate: 2.60 tags/min | phero_entries=2 max_w=0.326
======================================================================
R1[RTB       ]: carry=1 | base=2.29 | wall=3.72 | search=  0 | target=none
R2[SITE      ]: carry=0 | base=1.15 | wall=4.98 | search=  0 | target=site(1.17,2.88)
R3[SITE      ]: carry=0 | base=1.16 | wall=4.90 | search=  0 | target=site(1.15,2.84)
R4[SITE      ]: carry=0 | base=1.43 | wall=4.80 | search=  0 | target=site(-2.44,3.30)


======================================================================
Step 119500 (63.7 min) | Pickups: 166 | Deposits: 165 | Rate: 2.59 tags/min | phero_entries=1 max_w=0.066
======================================================================
R1[RTB       ]: carry=1 | base=0.37 | wall=5.63 | search=  0 | target=none
R2[SITE      ]: carry=0 | base=2.96 | wall=3.26 | search=  0 | target=site(1.17,2.88)
R3[SEARCH    ]: carry=0 | base=3.04 | wall=3.18 | search=  6 | target=site(1.15,2.84)
R4[SITE      ]: carry=0 | base=3.35 | wall=3.29 | search=  0 | target=site(-2.44,3.30)

[DEPOSIT] R1 deposited! Total: 166
  [PHERO] Laid at (-0.56, 4.46) density=23 prob=1.00 entries=2
  [TARGET] R1 → SITE (-0.56, 4.46)
[PICKUP] R4 picked up tag (density=4) | Total: 167

======================================================================
Step 120000 (64.0 min) | Pickups: 167 | Deposits: 166 | Rate: 2.59 tags/min | phero_entries=2 max_w=0.224
======================================================================
R1[SITE      ]: carry=0 | base=1.58 | wall=4.43 | search=  0 | target=site(-0.56,4.46)
R2[SEARCH    ]: carry=0 | base=3.05 | wall=3.64 | search=476 | target=site(1.17,2.88)
R3[GIVE_UP   ]: carry=0 | base=1.71 | wall=4.38 | search=156 | target=none
R4[RTB       ]: carry=1 | base=3.13 | wall=3.45 | search=  0 | target=none

  [GIVE-UP] R3 returned empty after 156 searching steps
  [TARGET] R3 → PHERO (-0.56, 4.46)

======================================================================
Step 120500 (64.3 min) | Pickups: 167 | Deposits: 166 | Rate: 2.58 tags/min | phero_entries=2 max_w=0.045
======================================================================
R1[SITE      ]: carry=0 | base=3.49 | wall=2.53 | search=  0 | target=site(-0.56,4.46)
R2[SEARCH    ]: carry=0 | base=4.51 | wall=2.51 | search=976 | target=site(1.17,2.88)
R3[PHERO     ]: carry=0 | base=0.26 | wall=5.78 | search=  0 | target=phero(-0.56,4.46)
R4[RTB       ]: carry=1 | base=1.21 | wall=5.02 | search=  0 | target=none

[DEPOSIT] R4 deposited! Total: 167
  [TARGET] R4 → SITE (-2.22, 3.02)
[PICKUP] R1 picked up tag (density=22) | Total: 168

======================================================================
Step 121000 (64.5 min) | Pickups: 168 | Deposits: 167 | Rate: 2.59 tags/min | phero_entries=1 max_w=0.009
======================================================================
R1[SURVEY    ]: carry=1 | base=4.56 | wall=1.47 | search=  0 | target=none
R2[GIVE_UP   ]: carry=0 | base=3.65 | wall=3.00 | search=1092 | target=none
R3[PHERO     ]: carry=0 | base=2.04 | wall=3.97 | search=  0 | target=phero(-0.56,4.46)
R4[SITE      ]: carry=0 | base=0.75 | wall=5.45 | search=  0 | target=site(-2.22,3.02)


======================================================================
Step 121500 (64.8 min) | Pickups: 168 | Deposits: 167 | Rate: 2.58 tags/min | phero_entries=1 max_w=0.002
======================================================================
R1[RTB       ]: carry=1 | base=3.16 | wall=2.85 | search=  0 | target=none
R2[GIVE_UP   ]: carry=0 | base=1.73 | wall=4.58 | search=1092 | target=none
R3[PHERO     ]: carry=0 | base=3.93 | wall=2.09 | search=  0 | target=phero(-0.56,4.46)
R4[SITE      ]: carry=0 | base=2.66 | wall=3.87 | search=  0 | target=site(-2.22,3.02)

  [GIVE-UP] R2 returned empty after 1092 searching steps
  [TARGET] R2 → WALL (-5.92, 3.23)
[PICKUP] R3 picked up tag (density=22) | Total: 169

======================================================================
Step 122000 (65.1 min) | Pickups: 169 | Deposits: 167 | Rate: 2.57 tags/min | phero_entries=0 max_w=0.000
======================================================================
R1[RTB       ]: carry=1 | base=1.24 | wall=4.76 | search=  0 | target=none
R2[DEPART    ]: carry=0 | base=0.26 | wall=5.80 | search=  0 | target=none
R3[SURVEY    ]: carry=1 | base=4.66 | wall=1.36 | search=  0 | target=none
R4[SEARCH    ]: carry=0 | base=3.57 | wall=3.09 | search=229 | target=site(-2.22,3.02)

[DEPOSIT] R1 deposited! Total: 168
  [PHERO] Laid at (-0.50, 4.53) density=22 prob=1.00 entries=1
  [TARGET] R1 → SITE (-0.50, 4.53)

======================================================================
Step 122500 (65.3 min) | Pickups: 169 | Deposits: 168 | Rate: 2.57 tags/min | phero_entries=1 max_w=0.462
======================================================================
R1[SITE      ]: carry=0 | base=0.71 | wall=5.29 | search=  0 | target=site(-0.50,4.53)
R2[SEARCH    ]: carry=0 | base=1.67 | wall=4.43 | search=350 | target=none
R3[RTB       ]: carry=1 | base=3.40 | wall=2.61 | search=  0 | target=none
R4[SEARCH    ]: carry=0 | base=3.08 | wall=2.96 | search=729 | target=site(-2.22,3.02)


======================================================================
Step 123000 (65.6 min) | Pickups: 169 | Deposits: 168 | Rate: 2.56 tags/min | phero_entries=1 max_w=0.093
======================================================================
R1[SITE      ]: carry=0 | base=2.60 | wall=3.41 | search=  0 | target=site(-0.50,4.53)
R2[SEARCH    ]: carry=0 | base=2.66 | wall=3.35 | search=850 | target=none
R3[RTB       ]: carry=1 | base=2.20 | wall=3.80 | search=  0 | target=none
R4[SEARCH    ]: carry=0 | base=4.73 | wall=1.27 | search=1229 | target=site(-2.22,3.02)


======================================================================
Step 123500 (65.9 min) | Pickups: 169 | Deposits: 168 | Rate: 2.55 tags/min | phero_entries=1 max_w=0.019
======================================================================
R1[SITE      ]: carry=0 | base=4.43 | wall=1.60 | search=  0 | target=site(-0.50,4.53)
R2[SEARCH    ]: carry=0 | base=3.96 | wall=2.21 | search=1350 | target=none
R3[RTB       ]: carry=1 | base=0.28 | wall=5.72 | search=  0 | target=none
R4[SEARCH    ]: carry=0 | base=5.66 | wall=0.35 | search=1729 | target=site(-2.22,3.02)

[DEPOSIT] R3 deposited! Total: 169
  [PHERO] Laid at (-0.42, 4.63) density=22 prob=1.00 entries=2
  [TARGET] R3 → SITE (-0.42, 4.63)
[PICKUP] R1 picked up tag (density=21) | Total: 170

======================================================================
Step 124000 (66.1 min) | Pickups: 170 | Deposits: 169 | Rate: 2.56 tags/min | phero_entries=2 max_w=0.208
======================================================================
R1[SURVEY    ]: carry=1 | base=4.79 | wall=1.22 | search=  0 | target=none
R2[SEARCH    ]: carry=0 | base=3.16 | wall=3.43 | search=1850 | target=none
R3[SITE      ]: carry=0 | base=1.67 | wall=4.34 | search=  0 | target=site(-0.42,4.63)
R4[WALL_ESC  ]: carry=0 | base=5.67 | wall=0.34 | search=2229 | target=site(-2.22,3.02)


======================================================================
Step 124500 (66.4 min) | Pickups: 170 | Deposits: 169 | Rate: 2.55 tags/min | phero_entries=1 max_w=0.042
======================================================================
R1[RTB       ]: carry=1 | base=3.42 | wall=2.58 | search=  0 | target=none
R2[SEARCH    ]: carry=0 | base=1.49 | wall=4.82 | search=2350 | target=none
R3[SITE      ]: carry=0 | base=3.59 | wall=2.43 | search=  0 | target=site(-0.42,4.63)
R4[SEARCH    ]: carry=0 | base=5.65 | wall=0.35 | search=2729 | target=site(-2.22,3.02)

[PICKUP] R3 picked up tag (density=20) | Total: 171

======================================================================
Step 125000 (66.7 min) | Pickups: 171 | Deposits: 169 | Rate: 2.53 tags/min | phero_entries=1 max_w=0.008
======================================================================
R1[RTB       ]: carry=1 | base=1.50 | wall=4.50 | search=  0 | target=none
R2[SEARCH    ]: carry=0 | base=0.95 | wall=5.25 | search=2850 | target=none
R3[SURVEY    ]: carry=1 | base=4.66 | wall=1.36 | search=  0 | target=none
R4[WALL_ESC  ]: carry=0 | base=5.66 | wall=0.35 | search=3229 | target=site(-2.22,3.02)

[DEPOSIT] R1 deposited! Total: 170
  [PHERO] Laid at (-0.37, 4.78) density=21 prob=1.00 entries=2
  [TARGET] R1 → SITE (-0.37, 4.78)

======================================================================
Step 125500 (66.9 min) | Pickups: 171 | Deposits: 170 | Rate: 2.54 tags/min | phero_entries=2 max_w=0.575
======================================================================
R1[SITE      ]: carry=0 | base=0.45 | wall=5.56 | search=  0 | target=site(-0.37,4.78)
R2[SEARCH    ]: carry=0 | base=2.58 | wall=3.59 | search=3350 | target=none
R3[RTB       ]: carry=1 | base=3.12 | wall=2.89 | search=  0 | target=none
R4[GIVE_UP   ]: carry=0 | base=5.31 | wall=0.70 | search=3588 | target=none


======================================================================
Step 126000 (67.2 min) | Pickups: 171 | Deposits: 170 | Rate: 2.53 tags/min | phero_entries=1 max_w=0.116
======================================================================
R1[SITE      ]: carry=0 | base=2.33 | wall=3.68 | search=  0 | target=site(-0.37,4.78)
R2[GIVE_UP   ]: carry=0 | base=1.71 | wall=4.44 | search=3432 | target=none
R3[RTB       ]: carry=1 | base=1.24 | wall=4.76 | search=  0 | target=none
R4[GIVE_UP   ]: carry=0 | base=3.39 | wall=2.62 | search=3588 | target=none

[DEPOSIT] R3 deposited! Total: 171
  [PHERO] Laid at (-0.44, 4.64) density=20 prob=1.00 entries=2
  [TARGET] R3 → SITE (-0.44, 4.64)
  [GIVE-UP] R2 returned empty after 3432 searching steps
  [TARGET] R2 → PHERO (-0.44, 4.64)

======================================================================
Step 126500 (67.5 min) | Pickups: 171 | Deposits: 171 | Rate: 2.53 tags/min | phero_entries=2 max_w=0.461
======================================================================
R1[SITE      ]: carry=0 | base=4.09 | wall=1.92 | search=  0 | target=site(-0.37,4.78)
R2[PHERO     ]: carry=0 | base=0.26 | wall=5.74 | search=  0 | target=phero(-0.44,4.64)
R3[SITE      ]: carry=0 | base=0.72 | wall=5.30 | search=  0 | target=site(-0.44,4.64)
R4[GIVE_UP   ]: carry=0 | base=1.62 | wall=4.38 | search=3588 | target=none

  [GIVE-UP] R4 returned empty after 3588 searching steps
  [TARGET] R4 → PHERO (-0.44, 4.64)

======================================================================
Step 127000 (67.7 min) | Pickups: 171 | Deposits: 171 | Rate: 2.52 tags/min | phero_entries=2 max_w=0.093
======================================================================
R1[SEARCH    ]: carry=0 | base=5.17 | wall=0.84 | search=332 | target=site(-0.37,4.78)
R2[PHERO     ]: carry=0 | base=0.32 | wall=5.74 | search=  0 | target=phero(-0.44,4.64)
R3[SITE      ]: carry=0 | base=2.63 | wall=3.38 | search=  0 | target=site(-0.44,4.64)
R4[PHERO     ]: carry=0 | base=0.34 | wall=5.67 | search=  0 | target=phero(-0.44,4.64)


======================================================================
Step 127500 (68.0 min) | Pickups: 171 | Deposits: 171 | Rate: 2.51 tags/min | phero_entries=1 max_w=0.019
======================================================================
R1[SEARCH    ]: carry=0 | base=5.67 | wall=0.38 | search=832 | target=site(-0.37,4.78)
R2[PHERO     ]: carry=0 | base=2.09 | wall=3.91 | search=  0 | target=phero(-0.44,4.64)
R3[SITE      ]: carry=0 | base=4.55 | wall=1.47 | search=  0 | target=site(-0.44,4.64)
R4[PHERO     ]: carry=0 | base=2.25 | wall=3.77 | search=  0 | target=phero(-0.44,4.64)

[PICKUP] R3 picked up tag (density=19) | Total: 172

======================================================================
Step 128000 (68.3 min) | Pickups: 172 | Deposits: 171 | Rate: 2.50 tags/min | phero_entries=1 max_w=0.004
======================================================================
R1[GIVE_UP   ]: carry=0 | base=5.51 | wall=0.54 | search=1248 | target=none
R2[PHERO     ]: carry=0 | base=4.00 | wall=2.01 | search=  0 | target=phero(-0.44,4.64)
R3[RTB       ]: carry=1 | base=4.29 | wall=1.73 | search=  0 | target=none
R4[PHERO     ]: carry=0 | base=4.17 | wall=1.85 | search=  0 | target=phero(-0.44,4.64)

[PICKUP] R1 picked up tag (density=18) | Total: 173
[PICKUP] R2 picked up tag (density=17) | Total: 174

======================================================================
Step 128500 (68.5 min) | Pickups: 174 | Deposits: 171 | Rate: 2.50 tags/min | phero_entries=0 max_w=0.000
======================================================================
R1[RTB       ]: carry=1 | base=4.56 | wall=1.46 | search=  0 | target=none
R2[SURVEY    ]: carry=1 | base=4.49 | wall=1.54 | search=  0 | target=none
R3[RTB       ]: carry=1 | base=2.53 | wall=3.48 | search=  0 | target=none
R4[GIVE_UP   ]: carry=0 | base=4.56 | wall=1.44 | search=312 | target=none


======================================================================
Step 129000 (68.8 min) | Pickups: 174 | Deposits: 171 | Rate: 2.49 tags/min | phero_entries=0 max_w=0.000
======================================================================
R1[RTB       ]: carry=1 | base=2.65 | wall=3.37 | search=  0 | target=none
R2[RTB       ]: carry=1 | base=2.81 | wall=3.21 | search=  0 | target=none
R3[RTB       ]: carry=1 | base=0.61 | wall=5.39 | search=  0 | target=none
R4[GIVE_UP   ]: carry=0 | base=2.74 | wall=3.26 | search=312 | target=none

[DEPOSIT] R3 deposited! Total: 172
  [PHERO] Laid at (-0.48, 4.66) density=19 prob=1.00 entries=1
  [TARGET] R3 → SITE (-0.48, 4.66)

======================================================================
Step 129500 (69.1 min) | Pickups: 174 | Deposits: 172 | Rate: 2.49 tags/min | phero_entries=1 max_w=0.274
======================================================================
R1[RTB       ]: carry=1 | base=0.73 | wall=5.28 | search=  0 | target=none
R2[RTB       ]: carry=1 | base=0.89 | wall=5.12 | search=  0 | target=none
R3[SITE      ]: carry=0 | base=1.02 | wall=4.98 | search=  0 | target=site(-0.48,4.66)
R4[GIVE_UP   ]: carry=0 | base=1.09 | wall=4.91 | search=312 | target=none

[DEPOSIT] R1 deposited! Total: 173
  [PHERO] Laid at (-0.65, 5.06) density=18 prob=1.00 entries=2
  [TARGET] R1 → SITE (-0.65, 5.06)
[DEPOSIT] R2 deposited! Total: 174
  [PHERO] Laid at (-0.52, 4.63) density=17 prob=0.99 entries=3
  [TARGET] R2 → SITE (-0.52, 4.63)
  [GIVE-UP] R4 returned empty after 312 searching steps
  [TARGET] R4 → PHERO (-0.52, 4.63)

======================================================================
Step 130000 (69.3 min) | Pickups: 174 | Deposits: 174 | Rate: 2.51 tags/min | phero_entries=3 max_w=0.353
======================================================================
R1[SITE      ]: carry=0 | base=1.20 | wall=4.83 | search=  0 | target=site(-0.65,5.06)
R2[SITE      ]: carry=0 | base=1.00 | wall=5.00 | search=  0 | target=site(-0.52,4.63)
R3[SITE      ]: carry=0 | base=2.75 | wall=3.26 | search=  0 | target=site(-0.48,4.66)
R4[PHERO     ]: carry=0 | base=0.57 | wall=5.45 | search=  0 | target=phero(-0.52,4.63)


======================================================================
Step 130500 (69.6 min) | Pickups: 174 | Deposits: 174 | Rate: 2.50 tags/min | phero_entries=3 max_w=0.071
======================================================================
R1[SITE      ]: carry=0 | base=3.11 | wall=2.92 | search=  0 | target=site(-0.65,5.06)
R2[SITE      ]: carry=0 | base=2.91 | wall=3.10 | search=  0 | target=site(-0.52,4.63)
R3[SEARCH    ]: carry=0 | base=4.67 | wall=1.36 | search= 11 | target=site(-0.48,4.66)
R4[PHERO     ]: carry=0 | base=2.49 | wall=3.53 | search=  0 | target=phero(-0.52,4.63)

[PICKUP] R3 picked up tag (density=16) | Total: 175
[PICKUP] R1 picked up tag (density=15) | Total: 176

======================================================================
Step 131000 (69.9 min) | Pickups: 176 | Deposits: 174 | Rate: 2.49 tags/min | phero_entries=3 max_w=0.014
======================================================================
R1[SURVEY    ]: carry=1 | base=4.60 | wall=1.44 | search=  0 | target=none
R2[SEARCH    ]: carry=0 | base=4.64 | wall=1.39 | search= 59 | target=site(-0.52,4.63)
R3[SURVEY    ]: carry=1 | base=4.71 | wall=1.32 | search=  0 | target=none
R4[PHERO     ]: carry=0 | base=4.41 | wall=1.62 | search=  0 | target=phero(-0.52,4.63)

[PICKUP] R2 picked up tag (density=14) | Total: 177

======================================================================
Step 131500 (70.1 min) | Pickups: 177 | Deposits: 174 | Rate: 2.48 tags/min | phero_entries=2 max_w=0.003
======================================================================
R1[RTB       ]: carry=1 | base=3.11 | wall=2.91 | search=  0 | target=none
R2[RTB       ]: carry=1 | base=4.17 | wall=1.85 | search=  0 | target=none
R3[RTB       ]: carry=1 | base=3.67 | wall=2.37 | search=  0 | target=none
R4[GIVE_UP   ]: carry=0 | base=3.46 | wall=2.56 | search=156 | target=none


======================================================================
Step 132000 (70.4 min) | Pickups: 177 | Deposits: 174 | Rate: 2.47 tags/min | phero_entries=0 max_w=0.000
======================================================================
R1[RTB       ]: carry=1 | base=1.19 | wall=4.81 | search=  0 | target=none
R2[RTB       ]: carry=1 | base=2.25 | wall=3.76 | search=  0 | target=none
R3[RTB       ]: carry=1 | base=1.75 | wall=4.27 | search=  0 | target=none
R4[GIVE_UP   ]: carry=0 | base=1.54 | wall=4.47 | search=156 | target=none

[DEPOSIT] R1 deposited! Total: 175
  [PHERO] Laid at (-0.60, 4.56) density=15 prob=0.98 entries=1
  [TARGET] R1 → SITE (-0.60, 4.56)
  [GIVE-UP] R4 returned empty after 156 searching steps
  [TARGET] R4 → PHERO (-0.60, 4.56)
[DEPOSIT] R3 deposited! Total: 176
  [PHERO] Laid at (-0.52, 4.68) density=16 prob=0.99 entries=2
  [TARGET] R3 → SITE (-0.52, 4.68)

======================================================================
Step 132500 (70.7 min) | Pickups: 177 | Deposits: 176 | Rate: 2.49 tags/min | phero_entries=2 max_w=0.719
======================================================================
R1[SITE      ]: carry=0 | base=0.75 | wall=5.27 | search=  0 | target=site(-0.60,4.56)
R2[RTB       ]: carry=1 | base=0.33 | wall=5.67 | search=  0 | target=none
R3[BASE_ESC  ]: carry=0 | base=0.24 | wall=5.77 | search=  0 | target=site(-0.52,4.68)
R4[PHERO     ]: carry=0 | base=0.42 | wall=5.58 | search=  0 | target=phero(-0.60,4.56)

[DEPOSIT] R2 deposited! Total: 177
  [PHERO] Laid at (-0.58, 4.63) density=14 prob=0.96 entries=3
  [TARGET] R2 → SITE (-0.58, 4.63)

======================================================================
Step 133000 (70.9 min) | Pickups: 177 | Deposits: 177 | Rate: 2.50 tags/min | phero_entries=3 max_w=0.217
======================================================================
R1[SITE      ]: carry=0 | base=2.67 | wall=3.36 | search=  0 | target=site(-0.60,4.56)
R2[SITE      ]: carry=0 | base=1.62 | wall=4.40 | search=  0 | target=site(-0.58,4.63)
R3[SITE      ]: carry=0 | base=2.10 | wall=3.92 | search=  0 | target=site(-0.52,4.68)
R4[PHERO     ]: carry=0 | base=2.32 | wall=3.69 | search=  0 | target=phero(-0.60,4.56)


======================================================================
Step 133500 (71.2 min) | Pickups: 177 | Deposits: 177 | Rate: 2.49 tags/min | phero_entries=3 max_w=0.044
======================================================================
R1[SEARCH    ]: carry=0 | base=4.58 | wall=1.46 | search= 10 | target=site(-0.60,4.56)
R2[SITE      ]: carry=0 | base=3.54 | wall=2.49 | search=  0 | target=site(-0.58,4.63)
R3[SITE      ]: carry=0 | base=4.02 | wall=2.01 | search=  0 | target=site(-0.52,4.68)
R4[PHERO     ]: carry=0 | base=4.24 | wall=1.79 | search=  0 | target=phero(-0.60,4.56)

[PICKUP] R1 picked up tag (density=13) | Total: 178
[PICKUP] R3 picked up tag (density=12) | Total: 179

======================================================================
Step 134000 (71.5 min) | Pickups: 179 | Deposits: 177 | Rate: 2.48 tags/min | phero_entries=3 max_w=0.009
======================================================================
R1[RTB       ]: carry=1 | base=4.16 | wall=1.88 | search=  0 | target=none
R2[SEARCH    ]: carry=0 | base=4.53 | wall=1.51 | search=217 | target=site(-0.58,4.63)
R3[SURVEY    ]: carry=1 | base=4.80 | wall=1.22 | search=  0 | target=none
R4[SEARCH    ]: carry=0 | base=5.16 | wall=0.84 | search=420 | target=phero(-0.60,4.56)


======================================================================
Step 134500 (71.7 min) | Pickups: 179 | Deposits: 177 | Rate: 2.47 tags/min | phero_entries=2 max_w=0.002
======================================================================
R1[RTB       ]: carry=1 | base=2.24 | wall=3.78 | search=  0 | target=none
R2[GIVE_UP   ]: carry=0 | base=3.48 | wall=2.52 | search=312 | target=none
R3[RTB       ]: carry=1 | base=3.55 | wall=2.46 | search=  0 | target=none
R4[SEARCH    ]: carry=0 | base=5.65 | wall=0.36 | search=920 | target=phero(-0.60,4.56)


======================================================================
Step 135000 (72.0 min) | Pickups: 179 | Deposits: 177 | Rate: 2.46 tags/min | phero_entries=0 max_w=0.000
======================================================================
R1[RTB       ]: carry=1 | base=0.32 | wall=5.69 | search=  0 | target=none
R2[GIVE_UP   ]: carry=0 | base=1.56 | wall=4.44 | search=312 | target=none
R3[RTB       ]: carry=1 | base=1.63 | wall=4.37 | search=  0 | target=none
R4[GIVE_UP   ]: carry=0 | base=5.15 | wall=0.85 | search=1248 | target=none

[DEPOSIT] R1 deposited! Total: 178
  [PHERO] Laid at (-0.64, 4.57) density=13 prob=0.93 entries=1
  [TARGET] R1 → SITE (-0.64, 4.57)
  [GIVE-UP] R2 returned empty after 312 searching steps
  [TARGET] R2 → PHERO (-0.64, 4.57)
[DEPOSIT] R3 deposited! Total: 179
  [PHERO] Laid at (-0.45, 4.77) density=12 prob=0.88 entries=2
  [TARGET] R3 → SITE (-0.45, 4.77)

======================================================================
Step 135500 (72.3 min) | Pickups: 179 | Deposits: 179 | Rate: 2.48 tags/min | phero_entries=2 max_w=0.639
======================================================================
R1[SITE      ]: carry=0 | base=1.64 | wall=4.39 | search=  0 | target=site(-0.64,4.57)
R2[PHERO     ]: carry=0 | base=0.36 | wall=5.67 | search=  0 | target=phero(-0.64,4.57)
R3[SITE      ]: carry=0 | base=0.34 | wall=5.66 | search=  0 | target=site(-0.45,4.77)
R4[GIVE_UP   ]: carry=0 | base=3.23 | wall=2.77 | search=1248 | target=none


======================================================================
Step 136000 (72.5 min) | Pickups: 179 | Deposits: 179 | Rate: 2.47 tags/min | phero_entries=2 max_w=0.129
======================================================================
R1[SITE      ]: carry=0 | base=3.55 | wall=2.48 | search=  0 | target=site(-0.64,4.57)
R2[PHERO     ]: carry=0 | base=2.26 | wall=3.77 | search=  0 | target=phero(-0.64,4.57)
R3[SITE      ]: carry=0 | base=2.00 | wall=4.00 | search=  0 | target=site(-0.45,4.77)
R4[GIVE_UP   ]: carry=0 | base=1.60 | wall=4.40 | search=1248 | target=none

[PICKUP] R1 picked up tag (density=11) | Total: 180
  [GIVE-UP] R4 returned empty after 1248 searching steps
  [TARGET] R4 → PHERO (-0.64, 4.57)

======================================================================
Step 136500 (72.8 min) | Pickups: 180 | Deposits: 179 | Rate: 2.46 tags/min | phero_entries=2 max_w=0.026
======================================================================
R1[SURVEY    ]: carry=1 | base=4.62 | wall=1.43 | search=  0 | target=none
R2[PHERO     ]: carry=0 | base=4.18 | wall=1.86 | search=  0 | target=phero(-0.64,4.57)
R3[SITE      ]: carry=0 | base=3.92 | wall=2.09 | search=  0 | target=site(-0.45,4.77)
R4[PHERO     ]: carry=0 | base=0.36 | wall=5.65 | search=  0 | target=phero(-0.64,4.57)

[PICKUP] R3 picked up tag (density=10) | Total: 181
[PICKUP] R2 picked up tag (density=9) | Total: 182

======================================================================
Step 137000 (73.1 min) | Pickups: 182 | Deposits: 179 | Rate: 2.45 tags/min | phero_entries=2 max_w=0.005
======================================================================
R1[RTB       ]: carry=1 | base=3.17 | wall=2.85 | search=  0 | target=none
R2[SURVEY    ]: carry=1 | base=4.74 | wall=1.29 | search=  0 | target=none
R3[SURVEY    ]: carry=1 | base=4.93 | wall=1.09 | search=  0 | target=none
R4[PHERO     ]: carry=0 | base=2.28 | wall=3.75 | search=  0 | target=phero(-0.64,4.57)


======================================================================
Step 137500 (73.3 min) | Pickups: 182 | Deposits: 179 | Rate: 2.44 tags/min | phero_entries=1 max_w=0.001
======================================================================
R1[RTB       ]: carry=1 | base=1.25 | wall=4.76 | search=  0 | target=none
R2[RTB       ]: carry=1 | base=3.47 | wall=2.54 | search=  0 | target=none
R3[RTB       ]: carry=1 | base=3.60 | wall=2.41 | search=  0 | target=none
R4[PHERO     ]: carry=0 | base=4.20 | wall=1.85 | search=  0 | target=phero(-0.64,4.57)

[DEPOSIT] R1 deposited! Total: 180
  [PHERO] Laid at (-0.68, 4.57) density=11 prob=0.80 entries=1
  [TARGET] R1 → SITE (-0.68, 4.57)

======================================================================
Step 138000 (73.6 min) | Pickups: 182 | Deposits: 180 | Rate: 2.45 tags/min | phero_entries=1 max_w=0.465
======================================================================
R1[SITE      ]: carry=0 | base=0.71 | wall=5.32 | search=  0 | target=site(-0.68,4.57)
R2[RTB       ]: carry=1 | base=1.55 | wall=4.46 | search=  0 | target=none
R3[RTB       ]: carry=1 | base=1.68 | wall=4.32 | search=  0 | target=none
R4[SEARCH    ]: carry=0 | base=4.89 | wall=1.12 | search=405 | target=phero(-0.64,4.57)

[DEPOSIT] R2 deposited! Total: 181
  [PHERO] Laid at (-0.50, 4.71) density=9 prob=0.59 entries=2
  [TARGET] R2 → SITE (-0.50, 4.71)
[DEPOSIT] R3 deposited! Total: 182
  [PHERO] Laid at (-0.44, 4.91) density=10 prob=0.71 entries=3
  [TARGET] R3 → SITE (-0.44, 4.91)

======================================================================
Step 138500 (73.9 min) | Pickups: 182 | Deposits: 182 | Rate: 2.46 tags/min | phero_entries=3 max_w=0.681
======================================================================
R1[SITE      ]: carry=0 | base=2.62 | wall=3.41 | search=  0 | target=site(-0.68,4.57)
R2[SITE      ]: carry=0 | base=0.37 | wall=5.63 | search=  0 | target=site(-0.50,4.71)
R3[SITE      ]: carry=0 | base=0.27 | wall=5.74 | search=  0 | target=site(-0.44,4.91)
R4[SEARCH    ]: carry=0 | base=5.64 | wall=0.36 | search=905 | target=phero(-0.64,4.57)


======================================================================
Step 139000 (74.1 min) | Pickups: 182 | Deposits: 182 | Rate: 2.46 tags/min | phero_entries=3 max_w=0.138
======================================================================
R1[SITE      ]: carry=0 | base=4.54 | wall=1.51 | search=  0 | target=site(-0.68,4.57)
R2[SITE      ]: carry=0 | base=2.28 | wall=3.73 | search=  0 | target=site(-0.50,4.71)
R3[SITE      ]: carry=0 | base=2.16 | wall=3.86 | search=  0 | target=site(-0.44,4.91)
R4[SEARCH    ]: carry=0 | base=5.64 | wall=0.36 | search=1405 | target=phero(-0.64,4.57)

[PICKUP] R1 picked up tag (density=8) | Total: 183

======================================================================
Step 139500 (74.4 min) | Pickups: 183 | Deposits: 182 | Rate: 2.45 tags/min | phero_entries=3 max_w=0.028
======================================================================
R1[RTB       ]: carry=1 | base=4.38 | wall=1.65 | search=  0 | target=none
R2[SITE      ]: carry=0 | base=4.19 | wall=1.83 | search=  0 | target=site(-0.50,4.71)
R3[SITE      ]: carry=0 | base=4.08 | wall=1.94 | search=  0 | target=site(-0.44,4.91)
R4[SEARCH    ]: carry=0 | base=5.64 | wall=0.36 | search=1905 | target=phero(-0.64,4.57)


======================================================================
Step 140000 (74.7 min) | Pickups: 183 | Deposits: 182 | Rate: 2.44 tags/min | phero_entries=2 max_w=0.006
======================================================================
R1[RTB       ]: carry=1 | base=4.33 | wall=1.70 | search=  0 | target=none
R2[SITE      ]: carry=0 | base=4.26 | wall=1.77 | search=  0 | target=site(-0.50,4.71)
R3[SEARCH    ]: carry=0 | base=5.28 | wall=0.80 | search=262 | target=site(-0.44,4.91)
R4[GIVE_UP   ]: carry=0 | base=4.82 | wall=1.18 | search=2184 | target=none


======================================================================
Step 140500 (74.9 min) | Pickups: 183 | Deposits: 182 | Rate: 2.43 tags/min | phero_entries=1 max_w=0.001
======================================================================
R1[RTB       ]: carry=1 | base=4.33 | wall=1.70 | search=  0 | target=none
R2[SITE      ]: carry=0 | base=4.26 | wall=1.77 | search=  0 | target=site(-0.50,4.71)
R3[GIVE_UP   ]: carry=0 | base=5.60 | wall=0.62 | search=624 | target=none
R4[GIVE_UP   ]: carry=0 | base=2.90 | wall=3.10 | search=2184 | target=none


======================================================================
Step 141000 (75.2 min) | Pickups: 183 | Deposits: 182 | Rate: 2.42 tags/min | phero_entries=0 max_w=0.000
======================================================================
R1[RTB       ]: carry=1 | base=3.98 | wall=2.05 | search=  0 | target=none
R2[SITE      ]: carry=0 | base=4.61 | wall=1.41 | search=  0 | target=site(-0.50,4.71)
R3[GIVE_UP   ]: carry=0 | base=3.68 | wall=2.47 | search=624 | target=none
R4[GIVE_UP   ]: carry=0 | base=0.98 | wall=5.02 | search=2184 | target=none

[PICKUP] R2 picked up tag (density=7) | Total: 184
  [GIVE-UP] R4 returned empty after 2184 searching steps
  [TARGET] R4 → WALL (5.92, 4.64)

======================================================================
Step 141500 (75.5 min) | Pickups: 184 | Deposits: 182 | Rate: 2.41 tags/min | phero_entries=0 max_w=0.000
======================================================================
R1[RTB       ]: carry=1 | base=2.06 | wall=3.95 | search=  0 | target=none
R2[RTB       ]: carry=1 | base=4.36 | wall=1.65 | search=  0 | target=none
R3[GIVE_UP   ]: carry=0 | base=1.76 | wall=4.31 | search=624 | target=none
R4[DEPART    ]: carry=0 | base=0.96 | wall=5.29 | search=  0 | target=none

  [GIVE-UP] R3 returned empty after 624 searching steps
  [TARGET] R3 → WALL (4.83, 5.92)
[DEPOSIT] R1 deposited! Total: 183
  [TARGET] R1 → SITE (-0.61, 4.68)

======================================================================
Step 142000 (75.7 min) | Pickups: 184 | Deposits: 183 | Rate: 2.42 tags/min | phero_entries=0 max_w=0.000
======================================================================
R1[BASE_ESC  ]: carry=0 | base=0.22 | wall=5.78 | search=  0 | target=site(-0.61,4.68)
R2[RTB       ]: carry=1 | base=2.45 | wall=3.57 | search=  0 | target=none
R3[BASE_ESC  ]: carry=0 | base=0.24 | wall=5.79 | search=  0 | target=none
R4[SEARCH    ]: carry=0 | base=2.63 | wall=3.80 | search=386 | target=none


======================================================================
Step 142500 (76.0 min) | Pickups: 184 | Deposits: 183 | Rate: 2.41 tags/min | phero_entries=0 max_w=0.000
======================================================================
R1[SITE      ]: carry=0 | base=1.81 | wall=4.21 | search=  0 | target=site(-0.61,4.68)
R2[RTB       ]: carry=1 | base=0.53 | wall=5.48 | search=  0 | target=none
R3[DEPART    ]: carry=0 | base=1.82 | wall=4.45 | search=  0 | target=none
R4[GIVE_UP   ]: carry=0 | base=2.93 | wall=3.49 | search=624 | target=none

[DEPOSIT] R2 deposited! Total: 184
  [TARGET] R2 → SITE (-0.54, 4.76)

======================================================================
Step 143000 (76.3 min) | Pickups: 184 | Deposits: 184 | Rate: 2.41 tags/min | phero_entries=0 max_w=0.000
======================================================================
R1[SITE      ]: carry=0 | base=3.73 | wall=2.31 | search=  0 | target=site(-0.61,4.68)
R2[SITE      ]: carry=0 | base=1.42 | wall=4.58 | search=  0 | target=site(-0.54,4.76)
R3[SEARCH    ]: carry=0 | base=3.66 | wall=3.07 | search=215 | target=none
R4[GIVE_UP   ]: carry=0 | base=1.01 | wall=5.13 | search=624 | target=none

  [GIVE-UP] R4 returned empty after 624 searching steps
  [TARGET] R4 → WALL (-3.80, 5.92)
[PICKUP] R1 picked up tag (density=6) | Total: 185

======================================================================
Step 143500 (76.5 min) | Pickups: 185 | Deposits: 184 | Rate: 2.40 tags/min | phero_entries=0 max_w=0.000
======================================================================
R1[SURVEY    ]: carry=1 | base=4.73 | wall=1.31 | search=  0 | target=none
R2[SITE      ]: carry=0 | base=3.34 | wall=2.68 | search=  0 | target=site(-0.54,4.76)
R3[SEARCH    ]: carry=0 | base=5.25 | wall=1.34 | search=715 | target=none
R4[SEARCH    ]: carry=0 | base=0.65 | wall=5.35 | search= 36 | target=none


======================================================================
Step 144000 (76.8 min) | Pickups: 185 | Deposits: 184 | Rate: 2.40 tags/min | phero_entries=0 max_w=0.000
======================================================================
R1[RTB       ]: carry=1 | base=3.30 | wall=2.72 | search=  0 | target=none
R2[SEARCH    ]: carry=0 | base=4.72 | wall=1.30 | search=133 | target=site(-0.54,4.76)
R3[SEARCH    ]: carry=0 | base=6.35 | wall=0.35 | search=1215 | target=none
R4[GIVE_UP   ]: carry=0 | base=2.07 | wall=4.35 | search=468 | target=none


======================================================================
Step 144500 (77.1 min) | Pickups: 185 | Deposits: 184 | Rate: 2.39 tags/min | phero_entries=0 max_w=0.000
======================================================================
R1[RTB       ]: carry=1 | base=1.38 | wall=4.63 | search=  0 | target=none
R2[GIVE_UP   ]: carry=0 | base=4.10 | wall=1.90 | search=312 | target=none
R3[WALL_ESC  ]: carry=0 | base=6.35 | wall=0.34 | search=1715 | target=none
R4[GIVE_UP   ]: carry=0 | base=0.32 | wall=5.75 | search=468 | target=none

  [GIVE-UP] R4 returned empty after 468 searching steps
  [TARGET] R4 → WALL (-5.92, -0.94)
[DEPOSIT] R1 deposited! Total: 185
  [TARGET] R1 → SITE (-0.67, 4.68)

======================================================================
Step 145000 (77.3 min) | Pickups: 185 | Deposits: 185 | Rate: 2.39 tags/min | phero_entries=0 max_w=0.000
======================================================================
R1[SITE      ]: carry=0 | base=0.57 | wall=5.45 | search=  0 | target=site(-0.67,4.68)
R2[GIVE_UP   ]: carry=0 | base=2.18 | wall=3.82 | search=312 | target=none
R3[WALL_ESC  ]: carry=0 | base=6.36 | wall=0.33 | search=2215 | target=none
R4[SEARCH    ]: carry=0 | base=1.28 | wall=4.78 | search=217 | target=none


======================================================================
Step 145500 (77.6 min) | Pickups: 185 | Deposits: 185 | Rate: 2.38 tags/min | phero_entries=0 max_w=0.000
======================================================================
R1[SITE      ]: carry=0 | base=2.48 | wall=3.55 | search=  0 | target=site(-0.67,4.68)
R2[GIVE_UP   ]: carry=0 | base=0.26 | wall=5.74 | search=312 | target=none
R3[WALL_ESC  ]: carry=0 | base=6.36 | wall=0.32 | search=2715 | target=none
R4[SEARCH    ]: carry=0 | base=2.65 | wall=3.41 | search=717 | target=none

  [GIVE-UP] R2 returned empty after 312 searching steps
  [TARGET] R2 → WALL (-0.27, -5.92)

======================================================================
Step 146000 (77.9 min) | Pickups: 185 | Deposits: 185 | Rate: 2.38 tags/min | phero_entries=0 max_w=0.000
======================================================================
R1[SITE      ]: carry=0 | base=4.40 | wall=1.64 | search=  0 | target=site(-0.67,4.68)
R2[SEARCH    ]: carry=0 | base=0.46 | wall=5.62 | search=  5 | target=none
R3[SEARCH    ]: carry=0 | base=6.27 | wall=0.40 | search=3215 | target=none
R4[GIVE_UP   ]: carry=0 | base=3.90 | wall=2.25 | search=1092 | target=none

[PICKUP] R1 picked up tag (density=5) | Total: 186

======================================================================
Step 146500 (78.1 min) | Pickups: 186 | Deposits: 185 | Rate: 2.37 tags/min | phero_entries=0 max_w=0.000
======================================================================
R1[RTB       ]: carry=1 | base=4.26 | wall=1.77 | search=  0 | target=none
R2[GIVE_UP   ]: carry=0 | base=1.11 | wall=4.92 | search=312 | target=none
R3[WALL_ESC  ]: carry=0 | base=6.34 | wall=0.32 | search=3588 | target=none
R4[GIVE_UP   ]: carry=0 | base=2.01 | wall=4.07 | search=1092 | target=none

  [GIVE-UP] R2 returned empty after 312 searching steps
  [TARGET] R2 → WALL (-5.28, -5.92)
  [GIVE-UP] R4 returned empty after 1092 searching steps
  [TARGET] R4 → WALL (0.39, -5.92)

======================================================================
Step 147000 (78.4 min) | Pickups: 186 | Deposits: 185 | Rate: 2.36 tags/min | phero_entries=0 max_w=0.000
======================================================================
R1[RTB       ]: carry=1 | base=2.34 | wall=3.68 | search=  0 | target=none
R2[SEARCH    ]: carry=0 | base=0.61 | wall=5.40 | search= 10 | target=none
R3[GIVE_UP   ]: carry=0 | base=4.45 | wall=2.01 | search=3588 | target=none
R4[BASE_ESC  ]: carry=0 | base=0.22 | wall=5.79 | search=  0 | target=none

[PICKUP] R3 picked up tag (density=9) | Total: 187

======================================================================
Step 147500 (78.7 min) | Pickups: 187 | Deposits: 185 | Rate: 2.35 tags/min | phero_entries=0 max_w=0.000
======================================================================
R1[RTB       ]: carry=1 | base=0.42 | wall=5.59 | search=  0 | target=none
R2[SEARCH    ]: carry=0 | base=2.16 | wall=3.88 | search=510 | target=none
R3[RTB       ]: carry=1 | base=3.39 | wall=2.96 | search=  0 | target=none
R4[SEARCH    ]: carry=0 | base=1.67 | wall=4.43 | search=278 | target=none

[DEPOSIT] R1 deposited! Total: 186
  [TARGET] R1 → SITE (-0.66, 4.71)

======================================================================
Step 148000 (78.9 min) | Pickups: 187 | Deposits: 186 | Rate: 2.36 tags/min | phero_entries=0 max_w=0.000
======================================================================
R1[SITE      ]: carry=0 | base=1.54 | wall=4.49 | search=  0 | target=site(-0.66,4.71)
R2[SEARCH    ]: carry=0 | base=3.38 | wall=2.69 | search=1010 | target=none
R3[RTB       ]: carry=1 | base=1.66 | wall=4.53 | search=  0 | target=none
R4[SEARCH    ]: carry=0 | base=2.88 | wall=3.78 | search=778 | target=none

[DEPOSIT] R3 deposited! Total: 187
  [TARGET] R3 → SITE (1.50, 3.05)

======================================================================
Step 148500 (79.2 min) | Pickups: 187 | Deposits: 187 | Rate: 2.36 tags/min | phero_entries=0 max_w=0.000
======================================================================
R1[SITE      ]: carry=0 | base=3.45 | wall=2.58 | search=  0 | target=site(-0.66,4.71)
R2[SEARCH    ]: carry=0 | base=4.43 | wall=2.24 | search=1510 | target=none
R3[SITE      ]: carry=0 | base=0.32 | wall=5.69 | search=  0 | target=site(1.50,3.05)
R4[SEARCH    ]: carry=0 | base=4.52 | wall=2.60 | search=1278 | target=none

[PICKUP] R1 picked up tag (density=4) | Total: 188
[PICKUP] R2 picked up tag (density=11) | Total: 189

======================================================================
Step 149000 (79.5 min) | Pickups: 189 | Deposits: 187 | Rate: 2.35 tags/min | phero_entries=0 max_w=0.000
======================================================================
R1[SURVEY    ]: carry=1 | base=4.74 | wall=1.31 | search=  0 | target=none
R2[SURVEY    ]: carry=1 | base=3.43 | wall=3.18 | search=  0 | target=none
R3[SITE      ]: carry=0 | base=2.22 | wall=4.00 | search=  0 | target=site(1.50,3.05)
R4[SEARCH    ]: carry=0 | base=6.15 | wall=1.41 | search=1778 | target=none

[PICKUP] R3 picked up tag (density=8) | Total: 190

======================================================================
Step 149500 (79.7 min) | Pickups: 190 | Deposits: 187 | Rate: 2.35 tags/min | phero_entries=0 max_w=0.000
======================================================================
R1[RTB       ]: carry=1 | base=3.56 | wall=2.47 | search=  0 | target=none
R2[RTB       ]: carry=1 | base=2.34 | wall=4.12 | search=  0 | target=none
R3[RTB       ]: carry=1 | base=2.89 | wall=3.44 | search=  0 | target=none
R4[SEARCH    ]: carry=0 | base=7.68 | wall=0.36 | search=2278 | target=none


======================================================================
Step 150000 (80.0 min) | Pickups: 190 | Deposits: 187 | Rate: 2.34 tags/min | phero_entries=0 max_w=0.000
======================================================================
R1[RTB       ]: carry=1 | base=1.64 | wall=4.37 | search=  0 | target=none
R2[RTB       ]: carry=1 | base=0.42 | wall=5.66 | search=  0 | target=none
R3[RTB       ]: carry=1 | base=0.97 | wall=5.14 | search=  0 | target=none
R4[GIVE_UP   ]: carry=0 | base=7.62 | wall=0.56 | search=2652 | target=none

[DEPOSIT] R2 deposited! Total: 188
  [TARGET] R2 → SITE (1.96, -2.82)
[DEPOSIT] R3 deposited! Total: 189
  [PHERO] Laid at (1.35, 2.76) density=8 prob=0.46 entries=1
  [TARGET] R3 → SITE (1.35, 2.76)
[DEPOSIT] R1 deposited! Total: 190
  [TARGET] R1 → SITE (-0.69, 4.69)

======================================================================
Step 150500 (80.3 min) | Pickups: 190 | Deposits: 190 | Rate: 2.37 tags/min | phero_entries=1 max_w=0.370
======================================================================
R1[SITE      ]: carry=0 | base=0.31 | wall=5.69 | search=  0 | target=site(-0.69,4.69)
R2[SITE      ]: carry=0 | base=1.54 | wall=4.71 | search=  0 | target=site(1.96,-2.82)
R3[SITE      ]: carry=0 | base=0.99 | wall=5.08 | search=  0 | target=site(1.35,2.76)
R4[GIVE_UP   ]: carry=0 | base=5.70 | wall=1.93 | search=2652 | target=none


======================================================================
Step 151000 (80.5 min) | Pickups: 190 | Deposits: 190 | Rate: 2.36 tags/min | phero_entries=1 max_w=0.075
======================================================================
R1[SITE      ]: carry=0 | base=2.21 | wall=3.80 | search=  0 | target=site(-0.69,4.69)
R2[SEARCH    ]: carry=0 | base=3.43 | wall=3.18 | search= 19 | target=site(1.96,-2.82)
R3[SITE      ]: carry=0 | base=2.91 | wall=3.39 | search=  0 | target=site(1.35,2.76)
R4[GIVE_UP   ]: carry=0 | base=3.78 | wall=3.30 | search=2652 | target=none

[PICKUP] R2 picked up tag (density=10) | Total: 191

======================================================================
Step 151500 (80.8 min) | Pickups: 191 | Deposits: 190 | Rate: 2.35 tags/min | phero_entries=1 max_w=0.015
======================================================================
R1[SITE      ]: carry=0 | base=4.13 | wall=1.91 | search=  0 | target=site(-0.69,4.69)
R2[RTB       ]: carry=1 | base=2.81 | wall=3.76 | search=  0 | target=none
R3[SEARCH    ]: carry=0 | base=1.92 | wall=4.35 | search=471 | target=site(1.35,2.76)
R4[GIVE_UP   ]: carry=0 | base=1.86 | wall=4.67 | search=2652 | target=none

  [GIVE-UP] R4 returned empty after 2652 searching steps
  [TARGET] R4 → PHERO (1.35, 2.76)
  [GIVE-UP] R3 returned empty after 624 searching steps
  [TARGET] R3 → PHERO (1.35, 2.76)
[PICKUP] R1 picked up tag (density=3) | Total: 192

======================================================================
Step 152000 (81.1 min) | Pickups: 192 | Deposits: 190 | Rate: 2.34 tags/min | phero_entries=1 max_w=0.003
======================================================================
R1[SURVEY    ]: carry=1 | base=4.95 | wall=1.08 | search=  0 | target=none
R2[RTB       ]: carry=1 | base=0.89 | wall=5.29 | search=  0 | target=none
R3[BASE_ESC  ]: carry=0 | base=0.22 | wall=5.79 | search=  0 | target=phero(1.35,2.76)
R4[BASE_ESC  ]: carry=0 | base=0.22 | wall=5.82 | search=  0 | target=phero(1.35,2.76)

[DEPOSIT] R2 deposited! Total: 191
  [PHERO] Laid at (2.04, -2.86) density=10 prob=0.71 entries=2
  [TARGET] R2 → SITE (2.04, -2.86)

======================================================================
Step 152500 (81.3 min) | Pickups: 192 | Deposits: 191 | Rate: 2.35 tags/min | phero_entries=1 max_w=0.345
======================================================================
R1[RTB       ]: carry=1 | base=3.84 | wall=2.18 | search=  0 | target=none
R2[SITE      ]: carry=0 | base=1.07 | wall=5.09 | search=  0 | target=site(2.04,-2.86)
R3[PHERO     ]: carry=0 | base=1.85 | wall=4.31 | search=  0 | target=phero(1.35,2.76)
R4[PHERO     ]: carry=0 | base=1.15 | wall=4.90 | search=  0 | target=phero(1.35,2.76)


======================================================================
Step 153000 (81.6 min) | Pickups: 192 | Deposits: 191 | Rate: 2.34 tags/min | phero_entries=1 max_w=0.070
======================================================================
R1[RTB       ]: carry=1 | base=1.92 | wall=4.09 | search=  0 | target=none
R2[SITE      ]: carry=0 | base=2.99 | wall=3.56 | search=  0 | target=site(2.04,-2.86)
R3[SEARCH    ]: carry=0 | base=2.94 | wall=3.33 | search=196 | target=phero(1.35,2.76)
R4[PHERO     ]: carry=0 | base=2.98 | wall=3.33 | search=  0 | target=phero(1.35,2.76)

[PICKUP] R2 picked up tag (density=9) | Total: 193
[PICKUP] R4 picked up tag (density=7) | Total: 194
[DEPOSIT] R1 deposited! Total: 192
  [TARGET] R1 → PHERO (2.04, -2.86)

======================================================================
Step 153500 (81.9 min) | Pickups: 194 | Deposits: 192 | Rate: 2.35 tags/min | phero_entries=1 max_w=0.014
======================================================================
R1[BASE_ESC  ]: carry=0 | base=0.22 | wall=5.78 | search=  0 | target=phero(2.04,-2.86)
R2[RTB       ]: carry=1 | base=2.50 | wall=4.01 | search=  0 | target=none
R3[GIVE_UP   ]: carry=0 | base=1.83 | wall=4.46 | search=312 | target=none
R4[RTB       ]: carry=1 | base=2.90 | wall=3.45 | search=  0 | target=none

  [GIVE-UP] R3 returned empty after 312 searching steps
  [TARGET] R3 → PHERO (2.04, -2.86)

======================================================================
Step 154000 (82.1 min) | Pickups: 194 | Deposits: 192 | Rate: 2.34 tags/min | phero_entries=1 max_w=0.003
======================================================================
R1[PHERO     ]: carry=0 | base=1.29 | wall=5.06 | search=  0 | target=phero(2.04,-2.86)
R2[RTB       ]: carry=1 | base=0.58 | wall=5.54 | search=  0 | target=none
R3[BASE_ESC  ]: carry=0 | base=0.22 | wall=5.79 | search=  0 | target=phero(2.04,-2.86)
R4[RTB       ]: carry=1 | base=0.98 | wall=5.14 | search=  0 | target=none

[DEPOSIT] R2 deposited! Total: 193
  [PHERO] Laid at (1.84, -2.60) density=9 prob=0.59 entries=2
  [TARGET] R2 → SITE (1.84, -2.60)
[DEPOSIT] R4 deposited! Total: 194
  [TARGET] R4 → SITE (1.43, 2.86)
[PICKUP] R1 picked up tag (density=8) | Total: 195

======================================================================
Step 154500 (82.4 min) | Pickups: 195 | Deposits: 194 | Rate: 2.35 tags/min | phero_entries=1 max_w=0.266
======================================================================
R1[SURVEY    ]: carry=1 | base=3.14 | wall=3.46 | search=  0 | target=none
R2[SITE      ]: carry=0 | base=1.37 | wall=4.93 | search=  0 | target=site(1.84,-2.60)
R3[PHERO     ]: carry=0 | base=1.31 | wall=5.06 | search=  0 | target=phero(2.04,-2.86)
R4[SITE      ]: carry=0 | base=0.99 | wall=5.09 | search=  0 | target=site(1.43,2.86)


======================================================================
Step 155000 (82.7 min) | Pickups: 195 | Deposits: 194 | Rate: 2.35 tags/min | phero_entries=1 max_w=0.054
======================================================================
R1[RTB       ]: carry=1 | base=2.22 | wall=4.26 | search=  0 | target=none
R2[SEARCH    ]: carry=0 | base=3.21 | wall=3.39 | search= 39 | target=site(1.84,-2.60)
R3[PHERO     ]: carry=0 | base=3.15 | wall=3.46 | search=  0 | target=phero(2.04,-2.86)
R4[SITE      ]: carry=0 | base=2.91 | wall=3.40 | search=  0 | target=site(1.43,2.86)

[PICKUP] R3 picked up tag (density=7) | Total: 196

======================================================================
Step 155500 (82.9 min) | Pickups: 196 | Deposits: 194 | Rate: 2.34 tags/min | phero_entries=1 max_w=0.011
======================================================================
R1[RTB       ]: carry=1 | base=0.30 | wall=5.76 | search=  0 | target=none
R2[SEARCH    ]: carry=0 | base=2.44 | wall=3.84 | search=539 | target=site(1.84,-2.60)
R3[RTB       ]: carry=1 | base=2.42 | wall=4.14 | search=  0 | target=none
R4[SEARCH    ]: carry=0 | base=2.76 | wall=3.95 | search=438 | target=site(1.43,2.86)

[DEPOSIT] R1 deposited! Total: 195
  [TARGET] R1 → SITE (1.84, -2.53)

======================================================================
Step 156000 (83.2 min) | Pickups: 196 | Deposits: 195 | Rate: 2.34 tags/min | phero_entries=1 max_w=0.002
======================================================================
R1[SITE      ]: carry=0 | base=1.66 | wall=4.63 | search=  0 | target=site(1.84,-2.53)
R2[SEARCH    ]: carry=0 | base=2.80 | wall=3.24 | search=1039 | target=site(1.84,-2.60)
R3[RTB       ]: carry=1 | base=0.50 | wall=5.62 | search=  0 | target=none
R4[SEARCH    ]: carry=0 | base=3.44 | wall=2.73 | search=938 | target=site(1.43,2.86)

[DEPOSIT] R3 deposited! Total: 196
  [TARGET] R3 → SITE (1.92, -2.62)
[PICKUP] R4 picked up tag (density=17) | Total: 197

======================================================================
Step 156500 (83.5 min) | Pickups: 197 | Deposits: 196 | Rate: 2.35 tags/min | phero_entries=0 max_w=0.000
======================================================================
R1[SEARCH    ]: carry=0 | base=3.11 | wall=3.54 | search=129 | target=site(1.84,-2.53)
R2[SEARCH    ]: carry=0 | base=2.76 | wall=4.04 | search=1539 | target=site(1.84,-2.60)
R3[SITE      ]: carry=0 | base=1.44 | wall=4.88 | search=  0 | target=site(1.92,-2.62)
R4[RTB       ]: carry=1 | base=3.22 | wall=2.83 | search=  0 | target=none


======================================================================
Step 157000 (83.7 min) | Pickups: 197 | Deposits: 196 | Rate: 2.34 tags/min | phero_entries=0 max_w=0.000
======================================================================
R1[SEARCH    ]: carry=0 | base=2.52 | wall=3.64 | search=629 | target=site(1.84,-2.53)
R2[SEARCH    ]: carry=0 | base=1.84 | wall=4.20 | search=2039 | target=site(1.84,-2.60)
R3[SEARCH    ]: carry=0 | base=3.23 | wall=3.38 | search= 42 | target=site(1.92,-2.62)
R4[RTB       ]: carry=1 | base=1.30 | wall=4.72 | search=  0 | target=none

[DEPOSIT] R4 deposited! Total: 197
  [PHERO] Laid at (3.51, 0.74) density=17 prob=0.99 entries=1
  [TARGET] R4 → SITE (3.51, 0.74)

======================================================================
Step 157500 (84.0 min) | Pickups: 197 | Deposits: 197 | Rate: 2.35 tags/min | phero_entries=1 max_w=0.487
======================================================================
R1[SEARCH    ]: carry=0 | base=1.71 | wall=4.40 | search=1129 | target=site(1.84,-2.53)
R2[SEARCH    ]: carry=0 | base=0.40 | wall=5.63 | search=2539 | target=site(1.84,-2.60)
R3[GIVE_UP   ]: carry=0 | base=2.27 | wall=4.17 | search=156 | target=none
R4[SITE      ]: carry=0 | base=0.63 | wall=5.37 | search=  0 | target=site(3.51,0.74)


======================================================================
Step 158000 (84.3 min) | Pickups: 197 | Deposits: 197 | Rate: 2.34 tags/min | phero_entries=1 max_w=0.098
======================================================================
R1[SEARCH    ]: carry=0 | base=1.39 | wall=4.62 | search=1629 | target=site(1.84,-2.53)
R2[SEARCH    ]: carry=0 | base=0.26 | wall=5.81 | search=3039 | target=site(1.84,-2.60)
R3[GIVE_UP   ]: carry=0 | base=0.35 | wall=5.72 | search=156 | target=none
R4[SITE      ]: carry=0 | base=2.54 | wall=3.51 | search=  0 | target=site(3.51,0.74)

  [GIVE-UP] R3 returned empty after 156 searching steps
  [TARGET] R3 → PHERO (3.51, 0.74)

======================================================================
Step 158500 (84.5 min) | Pickups: 197 | Deposits: 197 | Rate: 2.33 tags/min | phero_entries=1 max_w=0.020
======================================================================
R1[SEARCH    ]: carry=0 | base=3.05 | wall=2.95 | search=2129 | target=site(1.84,-2.53)
R2[SEARCH    ]: carry=0 | base=0.95 | wall=5.17 | search=3539 | target=site(1.84,-2.60)
R3[PHERO     ]: carry=0 | base=1.30 | wall=4.70 | search=  0 | target=phero(3.51,0.74)
R4[SEARCH    ]: carry=0 | base=3.59 | wall=2.65 | search=241 | target=site(3.51,0.74)


======================================================================
Step 159000 (84.8 min) | Pickups: 197 | Deposits: 197 | Rate: 2.32 tags/min | phero_entries=1 max_w=0.004
======================================================================
R1[SEARCH    ]: carry=0 | base=4.75 | wall=1.25 | search=2629 | target=site(1.84,-2.53)
R2[SEARCH    ]: carry=0 | base=2.24 | wall=3.78 | search=4039 | target=site(1.84,-2.60)
R3[PHERO     ]: carry=0 | base=3.19 | wall=2.87 | search=  0 | target=phero(3.51,0.74)
R4[SEARCH    ]: carry=0 | base=4.99 | wall=1.55 | search=741 | target=site(3.51,0.74)

[PICKUP] R1 picked up tag (density=2) | Total: 198

======================================================================
Step 159500 (85.1 min) | Pickups: 198 | Deposits: 197 | Rate: 2.32 tags/min | phero_entries=0 max_w=0.000
======================================================================
R1[RTB       ]: carry=1 | base=4.68 | wall=1.35 | search=  0 | target=none
R2[SEARCH    ]: carry=0 | base=3.41 | wall=2.76 | search=4539 | target=site(1.84,-2.60)
R3[SEARCH    ]: carry=0 | base=3.41 | wall=3.01 | search=410 | target=phero(3.51,0.74)
R4[GIVE_UP   ]: carry=0 | base=5.94 | wall=0.48 | search=1092 | target=none


======================================================================
Step 160000 (85.3 min) | Pickups: 198 | Deposits: 197 | Rate: 2.31 tags/min | phero_entries=0 max_w=0.000
======================================================================
R1[RTB       ]: carry=1 | base=2.76 | wall=3.26 | search=  0 | target=none
R2[SEARCH    ]: carry=0 | base=4.62 | wall=2.29 | search=5039 | target=site(1.84,-2.60)
R3[SEARCH    ]: carry=0 | base=4.96 | wall=2.00 | search=910 | target=phero(3.51,0.74)
R4[GIVE_UP   ]: carry=0 | base=4.02 | wall=2.26 | search=1092 | target=none

[PICKUP] R3 picked up tag (density=22) | Total: 199

======================================================================
Step 160500 (85.6 min) | Pickups: 199 | Deposits: 197 | Rate: 2.30 tags/min | phero_entries=0 max_w=0.000
======================================================================
R1[RTB       ]: carry=1 | base=0.84 | wall=5.16 | search=  0 | target=none
R2[SEARCH    ]: carry=0 | base=5.19 | wall=1.70 | search=5539 | target=site(1.84,-2.60)
R3[RTB       ]: carry=1 | base=4.17 | wall=2.59 | search=  0 | target=none
R4[GIVE_UP   ]: carry=0 | base=2.10 | wall=4.05 | search=1092 | target=none

[DEPOSIT] R1 deposited! Total: 198
  [TARGET] R1 → SITE (-0.67, 4.89)
  [GIVE-UP] R4 returned empty after 1092 searching steps
  [TARGET] R4 → WALL (5.92, 0.43)

======================================================================
Step 161000 (85.9 min) | Pickups: 199 | Deposits: 198 | Rate: 2.31 tags/min | phero_entries=0 max_w=0.000
======================================================================
R1[SITE      ]: carry=0 | base=1.11 | wall=4.91 | search=  0 | target=site(-0.67,4.89)
R2[SEARCH    ]: carry=0 | base=5.48 | wall=0.74 | search=6039 | target=site(1.84,-2.60)
R3[RTB       ]: carry=1 | base=2.25 | wall=4.16 | search=  0 | target=none
R4[BASE_ESC  ]: carry=0 | base=0.23 | wall=5.78 | search=  0 | target=none


======================================================================
Step 161500 (86.1 min) | Pickups: 199 | Deposits: 198 | Rate: 2.30 tags/min | phero_entries=0 max_w=0.000
======================================================================
R1[SITE      ]: carry=0 | base=3.03 | wall=3.00 | search=  0 | target=site(-0.67,4.89)
R2[SEARCH    ]: carry=0 | base=4.93 | wall=1.07 | search=6539 | target=site(1.84,-2.60)
R3[RTB       ]: carry=1 | base=0.33 | wall=5.73 | search=  0 | target=none
R4[SEARCH    ]: carry=0 | base=1.78 | wall=4.22 | search= 98 | target=none

[DEPOSIT] R3 deposited! Total: 199
  [PHERO] Laid at (4.02, 2.98) density=22 prob=1.00 entries=1
  [TARGET] R3 → SITE (4.02, 2.98)

======================================================================
Step 162000 (86.4 min) | Pickups: 199 | Deposits: 199 | Rate: 2.30 tags/min | phero_entries=1 max_w=0.217
======================================================================
R1[SEARCH    ]: carry=0 | base=4.91 | wall=1.14 | search= 16 | target=site(-0.67,4.89)
R2[GIVE_UP   ]: carry=0 | base=3.04 | wall=2.96 | search=6552 | target=none
R3[SITE      ]: carry=0 | base=1.62 | wall=4.65 | search=  0 | target=site(4.02,2.98)
R4[GIVE_UP   ]: carry=0 | base=2.90 | wall=3.10 | search=468 | target=none


======================================================================
Step 162500 (86.7 min) | Pickups: 199 | Deposits: 199 | Rate: 2.30 tags/min | phero_entries=1 max_w=0.044
======================================================================
R1[GIVE_UP   ]: carry=0 | base=4.65 | wall=1.49 | search=312 | target=none
R2[GIVE_UP   ]: carry=0 | base=1.12 | wall=4.88 | search=6552 | target=none
R3[SITE      ]: carry=0 | base=3.54 | wall=3.14 | search=  0 | target=site(4.02,2.98)
R4[GIVE_UP   ]: carry=0 | base=0.98 | wall=5.02 | search=468 | target=none

  [GIVE-UP] R4 returned empty after 468 searching steps
  [TARGET] R4 → PHERO (4.02, 2.98)
  [GIVE-UP] R2 returned empty after 6552 searching steps
  [TARGET] R2 → PHERO (4.02, 2.98)
[PICKUP] R3 picked up tag (density=21) | Total: 200

======================================================================
Step 163000 (86.9 min) | Pickups: 200 | Deposits: 199 | Rate: 2.29 tags/min | phero_entries=1 max_w=0.009
======================================================================
R1[GIVE_UP   ]: carry=0 | base=2.73 | wall=3.35 | search=312 | target=none
R2[PHERO     ]: carry=0 | base=0.45 | wall=5.55 | search=  0 | target=phero(4.02,2.98)
R3[SURVEY    ]: carry=1 | base=5.01 | wall=1.98 | search=  0 | target=none
R4[PHERO     ]: carry=0 | base=0.81 | wall=5.24 | search=  0 | target=phero(4.02,2.98)


======================================================================
Step 163500 (87.2 min) | Pickups: 200 | Deposits: 199 | Rate: 2.28 tags/min | phero_entries=1 max_w=0.002
======================================================================
R1[GIVE_UP   ]: carry=0 | base=0.81 | wall=5.21 | search=312 | target=none
R2[PHERO     ]: carry=0 | base=2.26 | wall=4.08 | search=  0 | target=phero(4.02,2.98)
R3[RTB       ]: carry=1 | base=3.87 | wall=2.85 | search=  0 | target=none
R4[PHERO     ]: carry=0 | base=2.69 | wall=3.76 | search=  0 | target=phero(4.02,2.98)

  [GIVE-UP] R1 returned empty after 312 searching steps
  [TARGET] R1 → PHERO (4.02, 2.98)

======================================================================
Step 164000 (87.5 min) | Pickups: 200 | Deposits: 199 | Rate: 2.28 tags/min | phero_entries=0 max_w=0.000
======================================================================
R1[PHERO     ]: carry=0 | base=1.06 | wall=5.22 | search=  0 | target=phero(4.02,2.98)
R2[PHERO     ]: carry=0 | base=4.17 | wall=2.62 | search=  0 | target=phero(4.02,2.98)
R3[RTB       ]: carry=1 | base=1.97 | wall=4.40 | search=  0 | target=none
R4[PHERO     ]: carry=0 | base=4.58 | wall=2.31 | search=  0 | target=phero(4.02,2.98)

[DEPOSIT] R3 deposited! Total: 200
  [PHERO] Laid at (4.02, 3.00) density=21 prob=1.00 entries=1
  [TARGET] R3 → SITE (4.02, 3.00)
[PICKUP] R2 picked up tag (density=19) | Total: 201

======================================================================
Step 164500 (87.7 min) | Pickups: 201 | Deposits: 200 | Rate: 2.28 tags/min | phero_entries=1 max_w=0.849
======================================================================
R1[PHERO     ]: carry=0 | base=2.96 | wall=3.69 | search=  0 | target=phero(4.02,2.98)
R2[SURVEY    ]: carry=1 | base=5.11 | wall=1.79 | search=  0 | target=none
R3[BASE_ESC  ]: carry=0 | base=0.22 | wall=5.81 | search=  0 | target=site(4.02,3.00)
R4[SEARCH    ]: carry=0 | base=4.87 | wall=1.72 | search=403 | target=phero(4.02,2.98)


======================================================================
Step 165000 (88.0 min) | Pickups: 201 | Deposits: 200 | Rate: 2.27 tags/min | phero_entries=1 max_w=0.171
======================================================================
R1[PHERO     ]: carry=0 | base=4.87 | wall=2.09 | search=  0 | target=phero(4.02,2.98)
R2[RTB       ]: carry=1 | base=4.13 | wall=2.55 | search=  0 | target=none
R3[SITE      ]: carry=0 | base=1.90 | wall=4.43 | search=  0 | target=site(4.02,3.00)
R4[SEARCH    ]: carry=0 | base=4.01 | wall=2.13 | search=903 | target=phero(4.02,2.98)

[PICKUP] R1 picked up tag (density=19) | Total: 202

======================================================================
Step 165500 (88.3 min) | Pickups: 202 | Deposits: 200 | Rate: 2.27 tags/min | phero_entries=1 max_w=0.035
======================================================================
R1[RTB       ]: carry=1 | base=4.42 | wall=2.39 | search=  0 | target=none
R2[RTB       ]: carry=1 | base=2.21 | wall=4.15 | search=  0 | target=none
R3[SITE      ]: carry=0 | base=3.82 | wall=2.92 | search=  0 | target=site(4.02,3.00)
R4[SEARCH    ]: carry=0 | base=2.50 | wall=3.79 | search=1403 | target=phero(4.02,2.98)

[PICKUP] R3 picked up tag (density=18) | Total: 203

======================================================================
Step 166000 (88.5 min) | Pickups: 203 | Deposits: 200 | Rate: 2.26 tags/min | phero_entries=1 max_w=0.007
======================================================================
R1[RTB       ]: carry=1 | base=2.50 | wall=3.96 | search=  0 | target=none
R2[RTB       ]: carry=1 | base=0.29 | wall=5.76 | search=  0 | target=none
R3[SURVEY    ]: carry=1 | base=5.05 | wall=1.98 | search=  0 | target=none
R4[SEARCH    ]: carry=0 | base=1.95 | wall=4.15 | search=1903 | target=phero(4.02,2.98)

[DEPOSIT] R2 deposited! Total: 201
  [PHERO] Laid at (4.20, 2.90) density=19 prob=1.00 entries=2
  [TARGET] R2 → SITE (4.20, 2.90)

======================================================================
Step 166500 (88.8 min) | Pickups: 203 | Deposits: 201 | Rate: 2.26 tags/min | phero_entries=2 max_w=0.210
======================================================================
R1[RTB       ]: carry=1 | base=0.58 | wall=5.52 | search=  0 | target=none
R2[SITE      ]: carry=0 | base=1.66 | wall=4.59 | search=  0 | target=site(4.20,2.90)
R3[RTB       ]: carry=1 | base=3.80 | wall=2.92 | search=  0 | target=none
R4[SEARCH    ]: carry=0 | base=0.80 | wall=5.40 | search=2403 | target=phero(4.02,2.98)

[DEPOSIT] R1 deposited! Total: 202
  [PHERO] Laid at (4.05, 2.98) density=19 prob=1.00 entries=3
  [TARGET] R1 → SITE (4.05, 2.98)

======================================================================
Step 167000 (89.1 min) | Pickups: 203 | Deposits: 202 | Rate: 2.27 tags/min | phero_entries=2 max_w=0.267
======================================================================
R1[SITE      ]: carry=0 | base=1.37 | wall=4.85 | search=  0 | target=site(4.05,2.98)
R2[SITE      ]: carry=0 | base=3.58 | wall=3.04 | search=  0 | target=site(4.20,2.90)
R3[RTB       ]: carry=1 | base=1.88 | wall=4.48 | search=  0 | target=none
R4[SEARCH    ]: carry=0 | base=2.03 | wall=3.98 | search=2903 | target=phero(4.02,2.98)

[PICKUP] R4 picked up tag (density=17) | Total: 204
[PICKUP] R2 picked up tag (density=17) | Total: 205
[DEPOSIT] R3 deposited! Total: 203
  [PHERO] Laid at (4.02, 3.05) density=18 prob=1.00 entries=3
  [TARGET] R3 → SITE (4.02, 3.05)

======================================================================
Step 167500 (89.3 min) | Pickups: 205 | Deposits: 203 | Rate: 2.27 tags/min | phero_entries=3 max_w=0.810
======================================================================
R1[SITE      ]: carry=0 | base=3.25 | wall=3.37 | search=  0 | target=site(4.05,2.98)
R2[SURVEY    ]: carry=1 | base=5.10 | wall=1.82 | search=  0 | target=none
R3[BASE_ESC  ]: carry=0 | base=0.22 | wall=5.84 | search=  0 | target=site(4.02,3.05)
R4[SURVEY    ]: carry=1 | base=3.21 | wall=2.79 | search=  0 | target=none


======================================================================
Step 168000 (89.6 min) | Pickups: 205 | Deposits: 203 | Rate: 2.27 tags/min | phero_entries=3 max_w=0.163
======================================================================
R1[SEARCH    ]: carry=0 | base=5.02 | wall=1.98 | search= 50 | target=site(4.05,2.98)
R2[RTB       ]: carry=1 | base=4.05 | wall=2.64 | search=  0 | target=none
R3[SITE      ]: carry=0 | base=1.95 | wall=4.48 | search=  0 | target=site(4.02,3.05)
R4[RTB       ]: carry=1 | base=1.60 | wall=4.40 | search=  0 | target=none

[DEPOSIT] R4 deposited! Total: 204
  [PHERO] Laid at (-3.21, -0.16) density=17 prob=0.99 entries=3
  [TARGET] R4 → SITE (-3.21, -0.16)

======================================================================
Step 168500 (89.9 min) | Pickups: 205 | Deposits: 204 | Rate: 2.27 tags/min | phero_entries=3 max_w=0.625
======================================================================
R1[SEARCH    ]: carry=0 | base=4.84 | wall=1.51 | search=550 | target=site(4.05,2.98)
R2[RTB       ]: carry=1 | base=2.13 | wall=4.23 | search=  0 | target=none
R3[SITE      ]: carry=0 | base=3.87 | wall=2.93 | search=  0 | target=site(4.02,3.05)
R4[SITE      ]: carry=0 | base=0.36 | wall=5.66 | search=  0 | target=site(-3.21,-0.16)

[PICKUP] R3 picked up tag (density=16) | Total: 206
[DEPOSIT] R2 deposited! Total: 205
  [PHERO] Laid at (4.18, 2.92) density=17 prob=0.99 entries=3
  [TARGET] R2 → SITE (4.18, 2.92)

======================================================================
Step 169000 (90.1 min) | Pickups: 206 | Deposits: 205 | Rate: 2.27 tags/min | phero_entries=3 max_w=0.965
======================================================================
R1[WALL_ESC  ]: carry=0 | base=5.72 | wall=0.33 | search=1050 | target=site(4.05,2.98)
R2[BASE_ESC  ]: carry=0 | base=0.23 | wall=5.81 | search=  0 | target=site(4.18,2.92)
R3[SURVEY    ]: carry=1 | base=5.07 | wall=1.97 | search=  0 | target=none
R4[SITE      ]: carry=0 | base=2.26 | wall=3.74 | search=  0 | target=site(-3.21,-0.16)

[PICKUP] R4 picked up tag (density=16) | Total: 207

======================================================================
Step 169500 (90.4 min) | Pickups: 207 | Deposits: 205 | Rate: 2.27 tags/min | phero_entries=3 max_w=0.195
======================================================================
R1[GIVE_UP   ]: carry=0 | base=5.16 | wall=0.90 | search=1404 | target=none
R2[SITE      ]: carry=0 | base=1.75 | wall=4.60 | search=  0 | target=site(4.18,2.92)
R3[RTB       ]: carry=1 | base=3.61 | wall=3.09 | search=  0 | target=none
R4[SURVEY    ]: carry=1 | base=3.23 | wall=2.78 | search=  0 | target=none

[PICKUP] R1 picked up tag (density=17) | Total: 208

======================================================================
Step 170000 (90.7 min) | Pickups: 208 | Deposits: 205 | Rate: 2.26 tags/min | phero_entries=2 max_w=0.039
======================================================================
R1[SURVEY    ]: carry=1 | base=4.07 | wall=1.98 | search=  0 | target=none
R2[SITE      ]: carry=0 | base=3.51 | wall=3.16 | search=  0 | target=site(4.18,2.92)
R3[RTB       ]: carry=1 | base=1.79 | wall=4.54 | search=  0 | target=none
R4[RTB       ]: carry=1 | base=1.36 | wall=4.64 | search=  0 | target=none

[DEPOSIT] R4 deposited! Total: 206
  [PHERO] Laid at (-3.22, -0.18) density=16 prob=0.99 entries=3
  [TARGET] R4 → SITE (-3.22, -0.18)
[DEPOSIT] R3 deposited! Total: 207
  [TARGET] R3 → SITE (4.03, 3.07)

======================================================================
Step 170500 (90.9 min) | Pickups: 208 | Deposits: 207 | Rate: 2.28 tags/min | phero_entries=3 max_w=0.511
======================================================================
R1[RTB       ]: carry=1 | base=2.71 | wall=3.31 | search=  0 | target=none
R2[SEARCH    ]: carry=0 | base=5.10 | wall=1.86 | search=101 | target=site(4.18,2.92)
R3[BASE_ESC  ]: carry=0 | base=0.23 | wall=5.83 | search=  0 | target=site(4.03,3.07)
R4[SITE      ]: carry=0 | base=0.59 | wall=5.42 | search=  0 | target=site(-3.22,-0.18)


======================================================================
Step 171000 (91.2 min) | Pickups: 208 | Deposits: 207 | Rate: 2.27 tags/min | phero_entries=2 max_w=0.103
======================================================================
R1[RTB       ]: carry=1 | base=0.79 | wall=5.22 | search=  0 | target=none
R2[GIVE_UP   ]: carry=0 | base=3.63 | wall=2.82 | search=468 | target=none
R3[SITE      ]: carry=0 | base=2.08 | wall=4.38 | search=  0 | target=site(4.03,3.07)
R4[SITE      ]: carry=0 | base=2.51 | wall=3.50 | search=  0 | target=site(-3.22,-0.18)

[DEPOSIT] R1 deposited! Total: 208
  [PHERO] Laid at (4.03, 0.62) density=17 prob=0.99 entries=3
  [TARGET] R1 → SITE (4.03, 0.62)
[PICKUP] R4 picked up tag (density=15) | Total: 209

======================================================================
Step 171500 (91.5 min) | Pickups: 209 | Deposits: 208 | Rate: 2.27 tags/min | phero_entries=2 max_w=0.316
======================================================================
R1[SITE      ]: carry=0 | base=1.16 | wall=4.84 | search=  0 | target=site(4.03,0.62)
R2[GIVE_UP   ]: carry=0 | base=1.71 | wall=4.50 | search=468 | target=none
R3[SITE      ]: carry=0 | base=4.00 | wall=2.83 | search=  0 | target=site(4.03,3.07)
R4[RTB       ]: carry=1 | base=3.06 | wall=2.95 | search=  0 | target=none

  [GIVE-UP] R2 returned empty after 468 searching steps
  [TARGET] R2 → PHERO (4.03, 0.62)
[PICKUP] R3 picked up tag (density=15) | Total: 210

======================================================================
Step 172000 (91.7 min) | Pickups: 210 | Deposits: 208 | Rate: 2.27 tags/min | phero_entries=2 max_w=0.064
======================================================================
R1[SITE      ]: carry=0 | base=3.07 | wall=2.96 | search=  0 | target=site(4.03,0.62)
R2[PHERO     ]: carry=0 | base=0.28 | wall=5.73 | search=  0 | target=phero(4.03,0.62)
R3[SURVEY    ]: carry=1 | base=5.10 | wall=1.87 | search=  0 | target=none
R4[RTB       ]: carry=1 | base=1.14 | wall=4.86 | search=  0 | target=none

[PICKUP] R1 picked up tag (density=16) | Total: 211
[DEPOSIT] R4 deposited! Total: 209
  [PHERO] Laid at (-3.22, -0.23) density=15 prob=0.98 entries=3
  [TARGET] R4 → SITE (-3.22, -0.23)

======================================================================
Step 172500 (92.0 min) | Pickups: 211 | Deposits: 209 | Rate: 2.27 tags/min | phero_entries=2 max_w=0.426
======================================================================
R1[RTB       ]: carry=1 | base=3.13 | wall=2.89 | search=  0 | target=none
R2[PHERO     ]: carry=0 | base=2.19 | wall=3.83 | search=  0 | target=phero(4.03,0.62)
R3[RTB       ]: carry=1 | base=4.00 | wall=2.71 | search=  0 | target=none
R4[SITE      ]: carry=0 | base=0.81 | wall=5.19 | search=  0 | target=site(-3.22,-0.23)

[PICKUP] R2 picked up tag (density=15) | Total: 212

======================================================================
Step 173000 (92.3 min) | Pickups: 212 | Deposits: 209 | Rate: 2.27 tags/min | phero_entries=2 max_w=0.086
======================================================================
R1[RTB       ]: carry=1 | base=1.21 | wall=4.79 | search=  0 | target=none
R2[SURVEY    ]: carry=1 | base=3.57 | wall=2.47 | search=  0 | target=none
R3[RTB       ]: carry=1 | base=2.08 | wall=4.29 | search=  0 | target=none
R4[SITE      ]: carry=0 | base=2.72 | wall=3.29 | search=  0 | target=site(-3.22,-0.23)

[PICKUP] R4 picked up tag (density=14) | Total: 213
[DEPOSIT] R1 deposited! Total: 210
  [PHERO] Laid at (3.50, 0.52) density=16 prob=0.99 entries=3
  [TARGET] R1 → SITE (3.50, 0.52)
[DEPOSIT] R3 deposited! Total: 211
  [PHERO] Laid at (4.13, 2.98) density=15 prob=0.98 entries=3
  [TARGET] R3 → SITE (4.13, 2.98)

======================================================================
Step 173500 (92.5 min) | Pickups: 213 | Deposits: 211 | Rate: 2.28 tags/min | phero_entries=3 max_w=0.929
======================================================================
R1[SITE      ]: carry=0 | base=0.73 | wall=5.27 | search=  0 | target=site(3.50,0.52)
R2[RTB       ]: carry=1 | base=2.15 | wall=3.86 | search=  0 | target=none
R3[BASE_ESC  ]: carry=0 | base=0.22 | wall=5.82 | search=  0 | target=site(4.13,2.98)
R4[RTB       ]: carry=1 | base=2.82 | wall=3.19 | search=  0 | target=none


======================================================================
Step 174000 (92.8 min) | Pickups: 213 | Deposits: 211 | Rate: 2.27 tags/min | phero_entries=3 max_w=0.188
======================================================================
R1[SITE      ]: carry=0 | base=2.43 | wall=3.60 | search=  0 | target=site(3.50,0.52)
R2[RTB       ]: carry=1 | base=0.39 | wall=5.61 | search=  0 | target=none
R3[SITE      ]: carry=0 | base=1.80 | wall=4.58 | search=  0 | target=site(4.13,2.98)
R4[RTB       ]: carry=1 | base=0.90 | wall=5.11 | search=  0 | target=none

[DEPOSIT] R2 deposited! Total: 212
  [PHERO] Laid at (3.53, 0.54) density=15 prob=0.98 entries=4
  [TARGET] R2 → SITE (3.53, 0.54)
[DEPOSIT] R4 deposited! Total: 213
  [PHERO] Laid at (-3.19, -0.28) density=14 prob=0.96 entries=5
  [TARGET] R4 → SITE (-3.19, -0.28)

======================================================================
Step 174500 (93.1 min) | Pickups: 213 | Deposits: 213 | Rate: 2.29 tags/min | phero_entries=4 max_w=0.347
======================================================================
R1[SEARCH    ]: carry=0 | base=3.46 | wall=2.56 | search=224 | target=site(3.50,0.52)
R2[SITE      ]: carry=0 | base=1.54 | wall=4.46 | search=  0 | target=site(3.53,0.54)
R3[SITE      ]: carry=0 | base=3.72 | wall=3.00 | search=  0 | target=site(4.13,2.98)
R4[SITE      ]: carry=0 | base=1.05 | wall=4.95 | search=  0 | target=site(-3.19,-0.28)

[PICKUP] R1 picked up tag (density=14) | Total: 214
[PICKUP] R3 picked up tag (density=14) | Total: 215

======================================================================
Step 175000 (93.3 min) | Pickups: 215 | Deposits: 213 | Rate: 2.28 tags/min | phero_entries=4 max_w=0.070
======================================================================
R1[RTB       ]: carry=1 | base=2.83 | wall=3.18 | search=  0 | target=none
R2[SITE      ]: carry=0 | base=3.46 | wall=2.58 | search=  0 | target=site(3.53,0.54)
R3[SURVEY    ]: carry=1 | base=5.14 | wall=1.84 | search=  0 | target=none
R4[SITE      ]: carry=0 | base=2.97 | wall=3.04 | search=  0 | target=site(-3.19,-0.28)


======================================================================
Step 175500 (93.6 min) | Pickups: 215 | Deposits: 213 | Rate: 2.28 tags/min | phero_entries=3 max_w=0.014
======================================================================
R1[RTB       ]: carry=1 | base=0.91 | wall=5.09 | search=  0 | target=none
R2[SEARCH    ]: carry=0 | base=3.16 | wall=3.33 | search=485 | target=site(3.53,0.54)
R3[RTB       ]: carry=1 | base=3.90 | wall=2.79 | search=  0 | target=none
R4[SEARCH    ]: carry=0 | base=3.86 | wall=2.15 | search=451 | target=site(-3.19,-0.28)

[DEPOSIT] R1 deposited! Total: 214
  [PHERO] Laid at (3.50, 0.36) density=14 prob=0.96 entries=3
  [TARGET] R1 → SITE (3.50, 0.36)

======================================================================
Step 176000 (93.9 min) | Pickups: 215 | Deposits: 214 | Rate: 2.28 tags/min | phero_entries=3 max_w=0.350
======================================================================
R1[SITE      ]: carry=0 | base=1.03 | wall=4.97 | search=  0 | target=site(3.50,0.36)
R2[SEARCH    ]: carry=0 | base=4.05 | wall=2.64 | search=985 | target=site(3.53,0.54)
R3[RTB       ]: carry=1 | base=1.98 | wall=4.37 | search=  0 | target=none
R4[SEARCH    ]: carry=0 | base=5.21 | wall=0.89 | search=951 | target=site(-3.19,-0.28)

[DEPOSIT] R3 deposited! Total: 215
  [PHERO] Laid at (4.16, 3.01) density=14 prob=0.96 entries=2
  [TARGET] R3 → SITE (4.16, 3.01)

======================================================================
Step 176500 (94.1 min) | Pickups: 215 | Deposits: 215 | Rate: 2.28 tags/min | phero_entries=2 max_w=0.855
======================================================================
R1[SITE      ]: carry=0 | base=2.95 | wall=3.07 | search=  0 | target=site(3.50,0.36)
R2[SEARCH    ]: carry=0 | base=3.43 | wall=2.63 | search=1485 | target=site(3.53,0.54)
R3[BASE_ESC  ]: carry=0 | base=0.22 | wall=5.81 | search=  0 | target=site(4.16,3.01)
R4[GIVE_UP   ]: carry=0 | base=5.04 | wall=1.11 | search=1248 | target=none


======================================================================
Step 177000 (94.4 min) | Pickups: 215 | Deposits: 215 | Rate: 2.28 tags/min | phero_entries=2 max_w=0.173
======================================================================
R1[SEARCH    ]: carry=0 | base=3.20 | wall=2.81 | search=365 | target=site(3.50,0.36)
R2[SEARCH    ]: carry=0 | base=2.20 | wall=3.83 | search=1985 | target=site(3.53,0.54)
R3[SITE      ]: carry=0 | base=1.90 | wall=4.42 | search=  0 | target=site(4.16,3.01)
R4[GIVE_UP   ]: carry=0 | base=3.12 | wall=2.97 | search=1248 | target=none


======================================================================
Step 177500 (94.7 min) | Pickups: 215 | Deposits: 215 | Rate: 2.27 tags/min | phero_entries=2 max_w=0.035
======================================================================
R1[GIVE_UP   ]: carry=0 | base=2.73 | wall=3.66 | search=780 | target=none
R2[SEARCH    ]: carry=0 | base=0.62 | wall=5.42 | search=2485 | target=site(3.53,0.54)
R3[SITE      ]: carry=0 | base=3.81 | wall=2.89 | search=  0 | target=site(4.16,3.01)
R4[GIVE_UP   ]: carry=0 | base=1.20 | wall=4.84 | search=1248 | target=none

  [GIVE-UP] R4 returned empty after 1248 searching steps
  [TARGET] R4 → PHERO (4.16, 3.01)

======================================================================
Step 178000 (94.9 min) | Pickups: 215 | Deposits: 215 | Rate: 2.26 tags/min | phero_entries=1 max_w=0.007
======================================================================
R1[GIVE_UP   ]: carry=0 | base=0.83 | wall=5.29 | search=780 | target=none
R2[SEARCH    ]: carry=0 | base=0.81 | wall=5.22 | search=2985 | target=site(3.53,0.54)
R3[GIVE_UP   ]: carry=0 | base=4.99 | wall=2.00 | search=156 | target=none
R4[PHERO     ]: carry=0 | base=0.26 | wall=5.80 | search=  0 | target=phero(4.16,3.01)

BATCH_RESULT pickups=215 deposits=215
