Gym has been unmaintained since 2022 and does not support NumPy 2.0 amongst other critical functionality.
Please upgrade to Gymnasium, the maintained drop-in replacement of Gym, or contact the authors of your software and request that they upgrade.
Users of this version of Gym should be able to simply replace 'import gym' with 'import gymnasium as gym' in the vast majority of cases.
See the migration guide at https://gymnasium.farama.org/introduction/migration_guide/ for additional information.
============================================================
EVALUATION MODE — CPFA-RL Trained Model
Arena: 12×12m  |  Obs space: 18 per robot × 4 robots = 72 total
============================================================

Loading model: ppo_cpfa_v9
Model loaded. Starting evaluation...

============================================================

[PICKUP] Robot 4 picked up tag (density=9) | Total: 1
[GIVE-UP] R1 giving up after 234 steps
[DEPOSIT] Robot 4 deposited! Total: 1
  [PHERO] Laid at (0.31, -0.50) density=9 prob=1.00 total_entries=1
  [TARGET] Robot 4 → SITE (0.31,-0.50)
[EMPTY_RTN] R1 → phero(0.31,-0.50)

======================================================================
Step 500 (0.3 min) | Pickups: 1 | Deposits: 1 | Rate: 3.75 tags/min | phero_entries=1 phero_max=0.666
======================================================================
R1[BASE_ESC  ]: L=+1.00 R=+0.12 | carry=0 | base=0.03 ba=+0.78 | site=0 sd=0.00 sa=+0.00 | phero=1 pd=0.07 pa=+0.30 | srch=0.02 | wall=5.82
R2[EXPLORE   ]: L=+1.00 R=-0.11 | carry=0 | base=0.23 ba=-0.08 | site=0 sd=0.00 sa=+0.00 | phero=0 pd=0.00 pa=+0.00 | srch=0.12 | wall=4.09
R3[EXPLORE   ]: L=+1.00 R=-1.00 | carry=0 | base=0.10 ba=+0.14 | site=0 sd=0.00 sa=+0.00 | phero=0 pd=0.00 pa=+0.00 | srch=0.12 | wall=5.13
R4[SITE      ]: L=+0.92 R=+1.00 | carry=0 | base=0.06 ba=-0.95 | site=1 sd=0.01 sa=+0.05 | phero=0 pd=0.00 pa=+0.00 | srch=0.06 | wall=5.57

[PICKUP] Robot 4 picked up tag (density=8) | Total: 2
[PICKUP] Robot 1 picked up tag (density=7) | Total: 3
[PICKUP] Robot 2 picked up tag (density=12) | Total: 4
[DEPOSIT] Robot 4 deposited! Total: 2
  [PHERO] Laid at (0.32, -0.54) density=8 prob=1.00 total_entries=2
  [TARGET] Robot 4 → SITE (0.32,-0.54)
[PICKUP] Robot 3 picked up tag (density=9) | Total: 5
[DEPOSIT] Robot 1 deposited! Total: 3
  [PHERO] Laid at (0.33, -0.59) density=7 prob=0.99 total_entries=3
  [TARGET] Robot 1 → SITE (0.33,-0.59)

======================================================================
Step 1000 (0.5 min) | Pickups: 5 | Deposits: 3 | Rate: 5.62 tags/min | phero_entries=3 phero_max=0.852
======================================================================
R1[BASE_ESC  ]: L=+1.00 R=+0.21 | carry=0 | base=0.03 ba=+0.80 | site=1 sd=0.06 sa=-0.37 | phero=0 pd=0.00 pa=+0.00 | srch=0.03 | wall=5.82
R2[RTB       ]: L=+1.00 R=+1.00 | carry=1 | base=0.13 ba=+0.00 | site=0 sd=0.00 sa=+0.00 | phero=0 pd=0.00 pa=+0.00 | srch=0.00 | wall=4.89
R3[RTB       ]: L=+0.98 R=+1.00 | carry=1 | base=0.06 ba=+0.01 | site=0 sd=0.00 sa=+0.00 | phero=0 pd=0.00 pa=+0.00 | srch=0.00 | wall=5.59
R4[SITE      ]: L=+0.79 R=+1.00 | carry=0 | base=0.09 ba=+0.91 | site=1 sd=0.03 sa=+0.59 | phero=0 pd=0.00 pa=+0.00 | srch=0.06 | wall=5.28

[DEPOSIT] Robot 3 deposited! Total: 4
  [PHERO] Laid at (-0.31, 0.69) density=9 prob=1.00 total_entries=4
  [TARGET] Robot 3 → SITE (-0.31,0.69)
[PICKUP] Robot 1 picked up tag (density=6) | Total: 6
[PICKUP] Robot 4 picked up tag (density=5) | Total: 7
[DEPOSIT] Robot 2 deposited! Total: 5
  [PHERO] Laid at (1.72, 0.24) density=12 prob=1.00 total_entries=5
  [TARGET] Robot 2 → SITE (1.72,0.24)
[DEPOSIT] Robot 1 deposited! Total: 6
  [PHERO] Laid at (0.42, -0.42) density=6 prob=0.97 total_entries=6
  [TARGET] Robot 1 → SITE (0.42,-0.42)
[DEPOSIT] Robot 4 deposited! Total: 7
  [PHERO] Laid at (0.53, -0.82) density=5 prob=0.92 total_entries=7
  [TARGET] Robot 4 → SITE (0.53,-0.82)

======================================================================
Step 1500 (0.8 min) | Pickups: 7 | Deposits: 7 | Rate: 8.75 tags/min | phero_entries=7 phero_max=0.845
======================================================================
R1[SITE      ]: L=+1.00 R=+1.00 | carry=0 | base=0.05 ba=+0.86 | site=1 sd=0.03 sa=+0.10 | phero=0 pd=0.00 pa=+0.00 | srch=0.05 | wall=5.64
R2[SITE      ]: L=+1.00 R=+1.00 | carry=0 | base=0.09 ba=-0.94 | site=1 sd=0.12 sa=-0.00 | phero=0 pd=0.00 pa=+0.00 | srch=0.07 | wall=5.26
R3[SITE      ]: L=+0.21 R=+0.24 | carry=0 | base=0.04 ba=-0.81 | site=1 sd=0.05 sa=+0.09 | phero=0 pd=0.00 pa=+0.00 | srch=0.11 | wall=5.73
R4[BASE_ESC  ]: L=+1.00 R=+0.47 | carry=0 | base=0.03 ba=+0.86 | site=1 sd=0.09 sa=-0.28 | phero=0 pd=0.00 pa=+0.00 | srch=0.03 | wall=5.81

[PICKUP] Robot 1 picked up tag (density=4) | Total: 8
[DEPOSIT] Robot 1 deposited! Total: 8
  [PHERO] Laid at (0.48, -0.45) density=4 prob=0.82 total_entries=8
  [TARGET] Robot 1 → SITE (0.48,-0.45)
[PICKUP] Robot 2 picked up tag (density=11) | Total: 9
[PICKUP] Robot 3 picked up tag (density=8) | Total: 10

======================================================================
Step 2000 (1.1 min) | Pickups: 10 | Deposits: 8 | Rate: 7.50 tags/min | phero_entries=8 phero_max=0.706
======================================================================
R1[SITE      ]: L=+1.00 R=+0.85 | carry=0 | base=0.07 ba=-0.76 | site=1 sd=0.03 sa=-0.17 | phero=0 pd=0.00 pa=+0.00 | srch=0.05 | wall=5.49
R2[RTB       ]: L=+0.96 R=+1.00 | carry=1 | base=0.19 ba=+0.02 | site=0 sd=0.00 sa=+0.00 | phero=0 pd=0.00 pa=+0.00 | srch=0.00 | wall=4.41
R3[RTB       ]: L=+0.00 R=+1.00 | carry=1 | base=0.11 ba=+0.62 | site=0 sd=0.00 sa=+0.00 | phero=0 pd=0.00 pa=+0.00 | srch=0.00 | wall=5.20
R4[SITE      ]: L=+0.58 R=+1.00 | carry=0 | base=0.13 ba=+0.31 | site=1 sd=0.02 sa=+0.52 | phero=0 pd=0.00 pa=+0.00 | srch=0.15 | wall=5.15

[PICKUP] Robot 4 picked up tag (density=3) | Total: 11
[PICKUP] Robot 1 picked up tag (density=2) | Total: 12
[DEPOSIT] Robot 1 deposited! Total: 9
  [PHERO] Laid at (0.52, -0.45) density=2 prob=0.42 total_entries=9
  [TARGET] Robot 1 → SITE (0.52,-0.45)
[DEPOSIT] Robot 3 deposited! Total: 10
  [PHERO] Laid at (-0.44, 0.79) density=8 prob=1.00 total_entries=10
  [TARGET] Robot 3 → SITE (-0.44,0.79)
[DEPOSIT] Robot 4 deposited! Total: 11
  [PHERO] Laid at (0.68, -0.80) density=3 prob=0.65 total_entries=11
  [TARGET] Robot 4 → SITE (0.68,-0.80)
[DEPOSIT] Robot 2 deposited! Total: 12
  [PHERO] Laid at (1.78, 0.27) density=11 prob=1.00 total_entries=12
  [TARGET] Robot 2 → SITE (1.78,0.27)

======================================================================
Step 2500 (1.3 min) | Pickups: 12 | Deposits: 12 | Rate: 9.00 tags/min | phero_entries=12 phero_max=0.799
======================================================================
R1[SITE      ]: L=+0.85 R=+1.00 | carry=0 | base=0.07 ba=+0.89 | site=1 sd=0.02 sa=+0.17 | phero=0 pd=0.00 pa=+0.00 | srch=0.07 | wall=5.56
R2[SITE      ]: L=+1.00 R=+0.96 | carry=0 | base=0.04 ba=+1.00 | site=1 sd=0.18 sa=-0.14 | phero=0 pd=0.00 pa=+0.00 | srch=0.04 | wall=5.70
R3[SITE      ]: L=+0.10 R=+0.09 | carry=0 | base=0.05 ba=-0.85 | site=1 sd=0.06 sa=+0.05 | phero=0 pd=0.00 pa=+0.00 | srch=0.06 | wall=5.67
R4[SITE      ]: L=+0.80 R=+0.83 | carry=0 | base=0.07 ba=+0.94 | site=1 sd=0.06 sa=+0.11 | phero=0 pd=0.00 pa=+0.00 | srch=0.06 | wall=5.50

[PICKUP] Robot 1 picked up tag (density=1) | Total: 13
[PICKUP] Robot 3 picked up tag (density=7) | Total: 14
[DEPOSIT] Robot 1 deposited! Total: 13
  [TARGET] Robot 1 → SITE (0.51,-0.49)
[DEPOSIT] Robot 3 deposited! Total: 14
  [PHERO] Laid at (-0.31, 0.50) density=7 prob=0.99 total_entries=13
  [TARGET] Robot 3 → SITE (-0.31,0.50)
[PICKUP] Robot 2 picked up tag (density=10) | Total: 15

======================================================================
Step 3000 (1.6 min) | Pickups: 15 | Deposits: 14 | Rate: 8.75 tags/min | phero_entries=13 phero_max=0.746
======================================================================
R1[SITE      ]: L=+1.00 R=+1.00 | carry=0 | base=0.07 ba=-0.88 | site=1 sd=0.02 sa=+0.07 | phero=0 pd=0.00 pa=+0.00 | srch=0.06 | wall=5.58
R2[RTB       ]: L=+1.00 R=+0.00 | carry=1 | base=0.22 ba=-0.49 | site=0 sd=0.00 sa=+0.00 | phero=0 pd=0.00 pa=+0.00 | srch=0.00 | wall=4.19
R3[SITE      ]: L=+0.91 R=+0.86 | carry=0 | base=0.04 ba=+0.78 | site=1 sd=0.03 sa=-0.06 | phero=0 pd=0.00 pa=+0.00 | srch=0.05 | wall=5.69
R4[EXPLORE   ]: L=+1.00 R=+1.00 | carry=0 | base=0.15 ba=-0.22 | site=0 sd=0.00 sa=+0.00 | phero=0 pd=0.00 pa=+0.00 | srch=0.18 | wall=4.96

[PICKUP] Robot 3 picked up tag (density=6) | Total: 16
[DEPOSIT] Robot 3 deposited! Total: 15
  [PHERO] Laid at (-0.34, 0.50) density=6 prob=0.97 total_entries=14
  [TARGET] Robot 3 → SITE (-0.34,0.50)
[DEPOSIT] Robot 2 deposited! Total: 16
  [PHERO] Laid at (1.78, 0.28) density=10 prob=1.00 total_entries=15
  [TARGET] Robot 2 → SITE (1.78,0.28)

======================================================================
Step 3500 (1.9 min) | Pickups: 16 | Deposits: 16 | Rate: 8.57 tags/min | phero_entries=15 phero_max=0.943
======================================================================
R1[EXPLORE   ]: L=+1.00 R=+1.00 | carry=0 | base=0.29 ba=+0.98 | site=0 sd=0.00 sa=+0.00 | phero=0 pd=0.00 pa=+0.00 | srch=0.19 | wall=3.98
R2[BASE_ESC  ]: L=+0.00 R=+1.00 | carry=0 | base=0.03 ba=-0.32 | site=1 sd=0.19 sa=+0.72 | phero=0 pd=0.00 pa=+0.00 | srch=0.01 | wall=5.78
R3[SITE      ]: L=+0.24 R=+0.25 | carry=0 | base=0.04 ba=-0.80 | site=1 sd=0.04 sa=+0.01 | phero=0 pd=0.00 pa=+0.00 | srch=0.05 | wall=5.75
R4[EXPLORE   ]: L=+1.00 R=+0.22 | carry=0 | base=0.11 ba=-0.28 | site=0 sd=0.00 sa=+0.00 | phero=0 pd=0.00 pa=+0.00 | srch=0.31 | wall=5.14

[PICKUP] Robot 4 picked up tag (density=12) | Total: 17
[PICKUP] Robot 3 picked up tag (density=5) | Total: 18
[DEPOSIT] Robot 4 deposited! Total: 17
  [PHERO] Laid at (-0.71, -0.59) density=12 prob=1.00 total_entries=16
  [TARGET] Robot 4 → SITE (-0.71,-0.59)

======================================================================
Step 4000 (2.1 min) | Pickups: 18 | Deposits: 17 | Rate: 7.97 tags/min | phero_entries=16 phero_max=0.932
======================================================================
R1[EXPLORE   ]: L=+0.85 R=+1.00 | carry=0 | base=0.51 ba=+0.79 | site=0 sd=0.00 sa=+0.00 | phero=0 pd=0.00 pa=+0.00 | srch=0.31 | wall=2.52
R2[SITE      ]: L=+1.00 R=+1.00 | carry=0 | base=0.20 ba=-0.95 | site=1 sd=0.01 sa=-0.07 | phero=0 pd=0.00 pa=+0.00 | srch=0.13 | wall=4.35
R3[RTB       ]: L=+1.00 R=+1.00 | carry=1 | base=0.05 ba=+0.00 | site=0 sd=0.00 sa=+0.00 | phero=0 pd=0.00 pa=+0.00 | srch=0.00 | wall=5.70
R4[BASE_ESC  ]: L=+1.00 R=+0.00 | carry=0 | base=0.03 ba=+0.41 | site=1 sd=0.08 sa=-0.68 | phero=0 pd=0.00 pa=+0.00 | srch=0.01 | wall=5.83

[DEPOSIT] Robot 3 deposited! Total: 18
  [PHERO] Laid at (-0.58, 0.82) density=5 prob=0.92 total_entries=17
  [TARGET] Robot 3 → SITE (-0.58,0.82)
[PICKUP] Robot 2 picked up tag (density=9) | Total: 19
[PICKUP] Robot 4 picked up tag (density=11) | Total: 20

======================================================================
Step 4500 (2.4 min) | Pickups: 20 | Deposits: 18 | Rate: 7.50 tags/min | phero_entries=17 phero_max=0.478
======================================================================
R1[EXPLORE   ]: L=+1.00 R=+1.00 | carry=0 | base=0.68 ba=+0.81 | site=0 sd=0.00 sa=+0.00 | phero=0 pd=0.00 pa=+0.00 | srch=0.44 | wall=1.52
R2[RTB       ]: L=+1.00 R=+1.00 | carry=1 | base=0.06 ba=-0.00 | site=0 sd=0.00 sa=+0.00 | phero=0 pd=0.00 pa=+0.00 | srch=0.00 | wall=5.47
R3[SITE      ]: L=-0.01 R=-0.01 | carry=0 | base=0.06 ba=-0.98 | site=1 sd=0.06 sa=-0.02 | phero=0 pd=0.00 pa=+0.00 | srch=0.12 | wall=5.61
R4[RTB       ]: L=+0.99 R=+1.00 | carry=1 | base=0.08 ba=+0.00 | site=0 sd=0.00 sa=+0.00 | phero=0 pd=0.00 pa=+0.00 | srch=0.00 | wall=5.49

[DEPOSIT] Robot 2 deposited! Total: 19
  [PHERO] Laid at (1.82, 0.31) density=9 prob=1.00 total_entries=17
  [TARGET] Robot 2 → SITE (1.82,0.31)
[DEPOSIT] Robot 4 deposited! Total: 20
  [PHERO] Laid at (-0.82, -0.58) density=11 prob=1.00 total_entries=18
  [TARGET] Robot 4 → SITE (-0.82,-0.58)
[PICKUP] Robot 3 picked up tag (density=4) | Total: 21
[PICKUP] Robot 4 picked up tag (density=10) | Total: 22

======================================================================
Step 5000 (2.7 min) | Pickups: 22 | Deposits: 20 | Rate: 7.50 tags/min | phero_entries=18 phero_max=0.538
======================================================================
R1[EXPLORE   ]: L=+1.00 R=+1.00 | carry=0 | base=0.76 ba=+0.08 | site=0 sd=0.00 sa=+0.00 | phero=0 pd=0.00 pa=+0.00 | srch=0.56 | wall=0.57
R2[SITE      ]: L=+0.92 R=+1.00 | carry=0 | base=0.17 ba=+0.91 | site=1 sd=0.06 sa=+0.13 | phero=0 pd=0.00 pa=+0.00 | srch=0.11 | wall=4.60
R3[RTB       ]: L=+1.00 R=+1.00 | carry=1 | base=0.03 ba=+0.00 | site=0 sd=0.00 sa=+0.00 | phero=0 pd=0.00 pa=+0.00 | srch=0.00 | wall=5.79
R4[RTB       ]: L=+1.00 R=+0.00 | carry=1 | base=0.13 ba=+0.98 | site=0 sd=0.00 sa=+0.00 | phero=0 pd=0.00 pa=+0.00 | srch=0.00 | wall=5.11

[DEPOSIT] Robot 3 deposited! Total: 21
  [TARGET] Robot 3 → SITE (-0.39,0.64)
[PICKUP] Robot 2 picked up tag (density=8) | Total: 23
[DEPOSIT] Robot 4 deposited! Total: 22
  [PHERO] Laid at (-0.87, -0.59) density=10 prob=1.00 total_entries=17
  [TARGET] Robot 4 → SITE (-0.87,-0.59)

======================================================================
Step 5500 (2.9 min) | Pickups: 23 | Deposits: 22 | Rate: 7.50 tags/min | phero_entries=16 phero_max=0.784
======================================================================
R1[EXPLORE   ]: L=+1.00 R=+1.00 | carry=0 | base=0.54 ba=-0.08 | site=0 sd=0.00 sa=+0.00 | phero=0 pd=0.00 pa=+0.00 | srch=0.69 | wall=2.32
R2[RTB       ]: L=+1.00 R=+1.00 | carry=1 | base=0.10 ba=+0.00 | site=0 sd=0.00 sa=+0.00 | phero=0 pd=0.00 pa=+0.00 | srch=0.00 | wall=5.17
R3[SITE      ]: L=+0.28 R=+0.34 | carry=0 | base=0.07 ba=-0.99 | site=1 sd=0.02 sa=+0.07 | phero=0 pd=0.00 pa=+0.00 | srch=0.12 | wall=5.47
R4[SITE      ]: L=+1.00 R=+0.45 | carry=0 | base=0.03 ba=-0.76 | site=1 sd=0.09 sa=+0.10 | phero=0 pd=0.00 pa=+0.00 | srch=0.04 | wall=5.78

[GIVE-UP] R3 giving up after 611 steps
[DEPOSIT] Robot 2 deposited! Total: 23
  [PHERO] Laid at (1.85, 0.34) density=8 prob=1.00 total_entries=15
  [TARGET] Robot 2 → SITE (1.85,0.34)
[PICKUP] Robot 3 picked up tag (density=3) | Total: 24
[PICKUP] Robot 4 picked up tag (density=9) | Total: 25
[DEPOSIT] Robot 3 deposited! Total: 24
  [TARGET] Robot 3 → SITE (-0.60,0.74)
[GIVE-UP] R1 giving up after 3228 steps

======================================================================
Step 6000 (3.2 min) | Pickups: 25 | Deposits: 24 | Rate: 7.50 tags/min | phero_entries=14 phero_max=0.578
======================================================================
R1[GIVE_UP   ]: L=+1.00 R=+0.00 | carry=0 | base=0.45 ba=-0.73 | site=0 sd=0.00 sa=+0.00 | phero=0 pd=0.00 pa=+0.00 | srch=0.81 | wall=2.93
R2[SITE      ]: L=+0.83 R=+0.88 | carry=0 | base=0.12 ba=-0.91 | site=1 sd=0.10 sa=+0.07 | phero=0 pd=0.00 pa=+0.00 | srch=0.09 | wall=5.00
R3[BASE_ESC  ]: L=+1.00 R=+0.00 | carry=0 | base=0.03 ba=+0.60 | site=1 sd=0.09 sa=-0.47 | phero=0 pd=0.00 pa=+0.00 | srch=0.02 | wall=5.84
R4[RTB       ]: L=+1.00 R=+1.00 | carry=1 | base=0.09 ba=+0.00 | site=0 sd=0.00 sa=+0.00 | phero=0 pd=0.00 pa=+0.00 | srch=0.00 | wall=5.43

[DEPOSIT] Robot 4 deposited! Total: 25
  [PHERO] Laid at (-0.90, -0.63) density=9 prob=1.00 total_entries=14
  [TARGET] Robot 4 → SITE (-0.90,-0.63)
[PICKUP] Robot 2 picked up tag (density=7) | Total: 26
[PICKUP] Robot 3 picked up tag (density=2) | Total: 27

======================================================================
Step 6500 (3.5 min) | Pickups: 27 | Deposits: 25 | Rate: 7.21 tags/min | phero_entries=14 phero_max=0.554
======================================================================
R1[GIVE_UP   ]: L=+1.00 R=+1.00 | carry=0 | base=0.26 ba=-0.00 | site=0 sd=0.00 sa=+0.00 | phero=0 pd=0.00 pa=+0.00 | srch=0.94 | wall=4.17
R2[RTB       ]: L=+1.00 R=+1.00 | carry=1 | base=0.16 ba=+0.00 | site=0 sd=0.00 sa=+0.00 | phero=0 pd=0.00 pa=+0.00 | srch=0.00 | wall=4.63
R3[RTB       ]: L=+0.67 R=+1.00 | carry=1 | base=0.07 ba=+0.13 | site=0 sd=0.00 sa=+0.00 | phero=0 pd=0.00 pa=+0.00 | srch=0.00 | wall=5.54
R4[SITE      ]: L=+0.86 R=+1.00 | carry=0 | base=0.11 ba=+0.91 | site=1 sd=0.04 sa=+0.35 | phero=0 pd=0.00 pa=+0.00 | srch=0.09 | wall=5.07

[DEPOSIT] Robot 3 deposited! Total: 26
  [PHERO] Laid at (-0.39, 0.55) density=2 prob=0.42 total_entries=12
  [TARGET] Robot 3 → SITE (-0.39,0.55)
[PICKUP] Robot 4 picked up tag (density=8) | Total: 28
[DEPOSIT] Robot 2 deposited! Total: 27
  [PHERO] Laid at (1.90, 0.30) density=7 prob=0.99 total_entries=12
  [TARGET] Robot 2 → SITE (1.90,0.30)
[DEPOSIT] Robot 4 deposited! Total: 28
  [PHERO] Laid at (-1.06, -0.66) density=8 prob=1.00 total_entries=13
  [TARGET] Robot 4 → SITE (-1.06,-0.66)

======================================================================
Step 7000 (3.7 min) | Pickups: 28 | Deposits: 28 | Rate: 7.50 tags/min | phero_entries=13 phero_max=0.928
======================================================================
R1[GIVE_UP   ]: L=+1.00 R=+1.00 | carry=0 | base=0.04 ba=-0.00 | site=0 sd=0.00 sa=+0.00 | phero=0 pd=0.00 pa=+0.00 | srch=1.00 | wall=5.75
R2[SITE      ]: L=+1.00 R=+1.00 | carry=0 | base=0.05 ba=-0.85 | site=1 sd=0.18 sa=+0.13 | phero=0 pd=0.00 pa=+0.00 | srch=0.05 | wall=5.57
R3[SITE      ]: L=+0.58 R=+0.65 | carry=0 | base=0.05 ba=-0.79 | site=1 sd=0.03 sa=+0.15 | phero=0 pd=0.00 pa=+0.00 | srch=0.10 | wall=5.67
R4[BASE_ESC  ]: L=+1.00 R=+0.00 | carry=0 | base=0.03 ba=+0.41 | site=1 sd=0.12 sa=-0.66 | phero=0 pd=0.00 pa=+0.00 | srch=0.01 | wall=5.84

[EMPTY_RTN] R1 → phero(-1.06,-0.66)

======================================================================
Step 7500 (4.0 min) | Pickups: 28 | Deposits: 28 | Rate: 7.00 tags/min | phero_entries=12 phero_max=0.417
======================================================================
R1[PHERO     ]: L=+0.94 R=+1.00 | carry=0 | base=0.12 ba=-0.94 | site=0 sd=0.00 sa=+0.00 | phero=1 pd=0.03 pa=+0.11 | srch=0.12 | wall=5.11
R2[SITE      ]: L=+0.09 R=+0.08 | carry=0 | base=0.10 ba=-0.94 | site=1 sd=0.13 sa=+0.12 | phero=0 pd=0.00 pa=+0.00 | srch=0.18 | wall=5.13
R3[SITE      ]: L=+0.09 R=+0.09 | carry=0 | base=0.03 ba=-0.61 | site=1 sd=0.06 sa=+0.09 | phero=0 pd=0.00 pa=+0.00 | srch=0.22 | wall=5.75
R4[SITE      ]: L=+0.59 R=+0.66 | carry=0 | base=0.13 ba=+0.90 | site=1 sd=0.02 sa=+0.09 | phero=0 pd=0.00 pa=+0.00 | srch=0.14 | wall=5.02

[PICKUP] Robot 2 picked up tag (density=6) | Total: 29
[PICKUP] Robot 4 picked up tag (density=7) | Total: 30

======================================================================
Step 8000 (4.3 min) | Pickups: 30 | Deposits: 28 | Rate: 6.56 tags/min | phero_entries=10 phero_max=0.187
======================================================================
R1[EXPLORE   ]: L=+1.00 R=+1.00 | carry=0 | base=0.31 ba=+0.78 | site=0 sd=0.00 sa=+0.00 | phero=0 pd=0.00 pa=+0.00 | srch=0.25 | wall=4.14
R2[RTB       ]: L=+0.99 R=+1.00 | carry=1 | base=0.20 ba=+0.00 | site=0 sd=0.00 sa=+0.00 | phero=0 pd=0.00 pa=+0.00 | srch=0.00 | wall=4.37
R3[EXPLORE   ]: L=+0.39 R=+1.00 | carry=0 | base=0.16 ba=+0.65 | site=0 sd=0.00 sa=+0.00 | phero=0 pd=0.00 pa=+0.00 | srch=0.35 | wall=4.82
R4[RTB       ]: L=+0.52 R=+1.00 | carry=1 | base=0.14 ba=+0.19 | site=0 sd=0.00 sa=+0.00 | phero=0 pd=0.00 pa=+0.00 | srch=0.00 | wall=5.05

[DEPOSIT] Robot 4 deposited! Total: 29
  [PHERO] Laid at (-1.01, -0.67) density=7 prob=0.99 total_entries=11
  [TARGET] Robot 4 → SITE (-1.01,-0.67)
[DEPOSIT] Robot 2 deposited! Total: 30
  [PHERO] Laid at (1.93, 0.28) density=6 prob=0.97 total_entries=10
  [TARGET] Robot 2 → SITE (1.93,0.28)

======================================================================
Step 8500 (4.5 min) | Pickups: 30 | Deposits: 30 | Rate: 6.62 tags/min | phero_entries=10 phero_max=0.810
======================================================================
R1[EXPLORE   ]: L=+0.68 R=+1.00 | carry=0 | base=0.45 ba=+0.19 | site=0 sd=0.00 sa=+0.00 | phero=0 pd=0.00 pa=+0.00 | srch=0.37 | wall=2.57
R2[SITE      ]: L=+1.00 R=+0.10 | carry=0 | base=0.04 ba=-0.99 | site=1 sd=0.20 sa=-0.11 | phero=0 pd=0.00 pa=+0.00 | srch=0.03 | wall=5.73
R3[EXPLORE   ]: L=+1.00 R=+0.99 | carry=0 | base=0.19 ba=-0.48 | site=0 sd=0.00 sa=+0.00 | phero=0 pd=0.00 pa=+0.00 | srch=0.47 | wall=4.39
R4[SITE      ]: L=+0.96 R=+0.41 | carry=0 | base=0.06 ba=-0.94 | site=1 sd=0.08 sa=-0.02 | phero=0 pd=0.00 pa=+0.00 | srch=0.06 | wall=5.61

[PICKUP] Robot 3 picked up tag (density=12) | Total: 31
[GIVE-UP] R1 giving up after 1875 steps

======================================================================
Step 9000 (4.8 min) | Pickups: 31 | Deposits: 30 | Rate: 6.25 tags/min | phero_entries=8 phero_max=0.364
======================================================================
R1[GIVE_UP   ]: L=+0.48 R=+1.00 | carry=0 | base=0.51 ba=+0.21 | site=0 sd=0.00 sa=+0.00 | phero=0 pd=0.00 pa=+0.00 | srch=0.50 | wall=2.14
R2[SITE      ]: L=+0.50 R=+1.00 | carry=0 | base=0.23 ba=+0.68 | site=1 sd=0.01 sa=+0.25 | phero=0 pd=0.00 pa=+0.00 | srch=0.16 | wall=4.05
R3[RTB       ]: L=+1.00 R=+1.00 | carry=1 | base=0.08 ba=-0.00 | site=0 sd=0.00 sa=+0.00 | phero=0 pd=0.00 pa=+0.00 | srch=0.00 | wall=5.48
R4[EXPLORE   ]: L=+1.00 R=+0.84 | carry=0 | base=0.12 ba=+0.05 | site=0 sd=0.00 sa=+0.00 | phero=0 pd=0.00 pa=+0.00 | srch=0.19 | wall=5.05

[PICKUP] Robot 2 picked up tag (density=5) | Total: 32
[DEPOSIT] Robot 3 deposited! Total: 31
  [PHERO] Laid at (0.71, 1.01) density=12 prob=1.00 total_entries=9
  [TARGET] Robot 3 → SITE (0.71,1.01)

======================================================================
Step 9500 (5.1 min) | Pickups: 32 | Deposits: 31 | Rate: 6.12 tags/min | phero_entries=9 phero_max=0.536
======================================================================
R1[GIVE_UP   ]: L=+1.00 R=+1.00 | carry=0 | base=0.29 ba=+0.00 | site=0 sd=0.00 sa=+0.00 | phero=0 pd=0.00 pa=+0.00 | srch=0.62 | wall=3.80
R2[RTB       ]: L=+1.00 R=+1.00 | carry=1 | base=0.05 ba=+0.00 | site=0 sd=0.00 sa=+0.00 | phero=0 pd=0.00 pa=+0.00 | srch=0.00 | wall=5.58
R3[EXPLORE   ]: L=+1.00 R=+1.00 | carry=0 | base=0.14 ba=-0.95 | site=0 sd=0.00 sa=+0.00 | phero=0 pd=0.00 pa=+0.00 | srch=0.10 | wall=5.00
R4[EXPLORE   ]: L=+1.00 R=+0.87 | carry=0 | base=0.19 ba=-0.89 | site=0 sd=0.00 sa=+0.00 | phero=0 pd=0.00 pa=+0.00 | srch=0.31 | wall=4.45

[GIVE-UP] R4 giving up after 1271 steps
[DEPOSIT] Robot 2 deposited! Total: 32
  [PHERO] Laid at (1.98, 0.30) density=5 prob=0.92 total_entries=10
  [TARGET] Robot 2 → SITE (1.98,0.30)

======================================================================
Step 10000 (5.3 min) | Pickups: 32 | Deposits: 32 | Rate: 6.00 tags/min | phero_entries=8 phero_max=0.484
======================================================================
R1[GIVE_UP   ]: L=+1.00 R=+1.00 | carry=0 | base=0.06 ba=+0.00 | site=0 sd=0.00 sa=+0.00 | phero=0 pd=0.00 pa=+0.00 | srch=0.75 | wall=5.51
R2[SITE      ]: L=+1.00 R=+0.98 | carry=0 | base=0.18 ba=-0.90 | site=1 sd=0.06 sa=-0.05 | phero=0 pd=0.00 pa=+0.00 | srch=0.11 | wall=4.56
R3[EXPLORE   ]: L=+1.00 R=+1.00 | carry=0 | base=0.37 ba=-0.97 | site=0 sd=0.00 sa=+0.00 | phero=0 pd=0.00 pa=+0.00 | srch=0.22 | wall=3.71
R4[GIVE_UP   ]: L=+1.00 R=+1.00 | carry=0 | base=0.04 ba=-0.00 | site=0 sd=0.00 sa=+0.00 | phero=0 pd=0.00 pa=+0.00 | srch=0.44 | wall=5.71

[EMPTY_RTN] R4 → phero(-1.01,-0.67)
[EMPTY_RTN] R1 → phero(1.98,0.30)
[PICKUP] Robot 2 picked up tag (density=4) | Total: 33

======================================================================
Step 10500 (5.6 min) | Pickups: 33 | Deposits: 32 | Rate: 5.71 tags/min | phero_entries=7 phero_max=0.218
======================================================================
R1[PHERO     ]: L=+1.00 R=+1.00 | carry=0 | base=0.13 ba=+0.88 | site=0 sd=0.00 sa=+0.00 | phero=1 pd=0.15 pa=+0.22 | srch=0.11 | wall=5.02
R2[RTB       ]: L=+1.00 R=+0.99 | carry=1 | base=0.18 ba=-0.00 | site=0 sd=0.00 sa=+0.00 | phero=0 pd=0.00 pa=+0.00 | srch=0.00 | wall=4.48
R3[EXPLORE   ]: L=+0.66 R=+0.60 | carry=0 | base=0.38 ba=+0.19 | site=0 sd=0.00 sa=+0.00 | phero=0 pd=0.00 pa=+0.00 | srch=0.35 | wall=3.46
R4[PHERO     ]: L=+0.77 R=+1.00 | carry=0 | base=0.15 ba=+0.70 | site=0 sd=0.00 sa=+0.00 | phero=1 pd=0.02 pa=+0.31 | srch=0.12 | wall=4.87

[PICKUP] Robot 4 picked up tag (density=6) | Total: 34
[DEPOSIT] Robot 2 deposited! Total: 33
  [PHERO] Laid at (1.76, 0.37) density=4 prob=0.82 total_entries=8
  [TARGET] Robot 2 → SITE (1.76,0.37)
[DEPOSIT] Robot 4 deposited! Total: 34
  [PHERO] Laid at (-1.04, -0.73) density=6 prob=0.97 total_entries=9
  [TARGET] Robot 4 → SITE (-1.04,-0.73)

======================================================================
Step 11000 (5.9 min) | Pickups: 34 | Deposits: 34 | Rate: 5.80 tags/min | phero_entries=8 phero_max=0.812
======================================================================
R1[PHERO     ]: L=+1.00 R=+1.00 | carry=0 | base=0.24 ba=+0.34 | site=0 sd=0.00 sa=+0.00 | phero=1 pd=0.02 pa=-0.03 | srch=0.23 | wall=3.94
R2[SITE      ]: L=+0.95 R=+1.00 | carry=0 | base=0.05 ba=+0.93 | site=1 sd=0.17 sa=+0.03 | phero=0 pd=0.00 pa=+0.00 | srch=0.04 | wall=5.61
R3[EXPLORE   ]: L=+1.00 R=+0.24 | carry=0 | base=0.37 ba=+0.98 | site=0 sd=0.00 sa=+0.00 | phero=0 pd=0.00 pa=+0.00 | srch=0.47 | wall=3.42
R4[SITE      ]: L=+1.00 R=+0.42 | carry=0 | base=0.03 ba=-1.00 | site=1 sd=0.12 sa=-0.12 | phero=0 pd=0.00 pa=+0.00 | srch=0.03 | wall=5.78

[PICKUP] Robot 4 picked up tag (density=5) | Total: 35
[PICKUP] Robot 2 picked up tag (density=3) | Total: 36

======================================================================
Step 11500 (6.1 min) | Pickups: 36 | Deposits: 34 | Rate: 5.54 tags/min | phero_entries=6 phero_max=0.365
======================================================================
R1[EXPLORE   ]: L=+1.00 R=+1.00 | carry=0 | base=0.30 ba=+0.98 | site=0 sd=0.00 sa=+0.00 | phero=0 pd=0.00 pa=+0.00 | srch=0.36 | wall=3.45
R2[RTB       ]: L=+0.65 R=+1.00 | carry=1 | base=0.22 ba=+0.14 | site=0 sd=0.00 sa=+0.00 | phero=0 pd=0.00 pa=+0.00 | srch=0.00 | wall=4.22
R3[EXPLORE   ]: L=+0.34 R=+0.96 | carry=0 | base=0.33 ba=+0.80 | site=0 sd=0.00 sa=+0.00 | phero=0 pd=0.00 pa=+0.00 | srch=0.60 | wall=3.62
R4[RTB       ]: L=+1.00 R=+1.00 | carry=1 | base=0.06 ba=-0.00 | site=0 sd=0.00 sa=+0.00 | phero=0 pd=0.00 pa=+0.00 | srch=0.00 | wall=5.53

[DEPOSIT] Robot 4 deposited! Total: 35
  [PHERO] Laid at (-0.85, -0.65) density=5 prob=0.92 total_entries=7
  [TARGET] Robot 4 → SITE (-0.85,-0.65)
[DEPOSIT] Robot 2 deposited! Total: 36
  [PHERO] Laid at (1.83, 0.38) density=3 prob=0.65 total_entries=8
  [TARGET] Robot 2 → PHERO (-1.04,-0.73)

======================================================================
Step 12000 (6.4 min) | Pickups: 36 | Deposits: 36 | Rate: 5.62 tags/min | phero_entries=8 phero_max=0.880
======================================================================
R1[EXPLORE   ]: L=+1.00 R=+1.00 | carry=0 | base=0.53 ba=+0.98 | site=0 sd=0.00 sa=+0.00 | phero=0 pd=0.00 pa=+0.00 | srch=0.48 | wall=1.55
R2[BASE_ESC  ]: L=+1.00 R=+0.00 | carry=0 | base=0.03 ba=+0.69 | site=0 sd=0.00 sa=+0.00 | phero=1 pd=0.18 pa=+0.74 | srch=0.02 | wall=5.80
R3[EXPLORE   ]: L=-0.14 R=-0.25 | carry=0 | base=0.40 ba=-0.82 | site=0 sd=0.00 sa=+0.00 | phero=0 pd=0.00 pa=+0.00 | srch=0.72 | wall=2.67
R4[SITE      ]: L=+0.67 R=+0.71 | carry=0 | base=0.13 ba=+0.52 | site=1 sd=0.02 sa=+0.08 | phero=0 pd=0.00 pa=+0.00 | srch=0.11 | wall=5.05

[PICKUP] Robot 4 picked up tag (density=4) | Total: 37
[GIVE-UP] R1 giving up after 2236 steps
[DEPOSIT] Robot 4 deposited! Total: 37
  [TARGET] Robot 4 → SITE (-0.85,-0.67)

======================================================================
Step 12500 (6.7 min) | Pickups: 37 | Deposits: 37 | Rate: 5.55 tags/min | phero_entries=8 phero_max=0.395
======================================================================
R1[GIVE_UP   ]: L=+1.00 R=+1.00 | carry=0 | base=0.62 ba=+0.00 | site=0 sd=0.00 sa=+0.00 | phero=0 pd=0.00 pa=+0.00 | srch=0.61 | wall=0.91
R2[PHERO     ]: L=-0.78 R=+1.00 | carry=0 | base=0.03 ba=+0.60 | site=0 sd=0.00 sa=+0.00 | phero=1 pd=0.18 pa=+0.45 | srch=0.14 | wall=5.77
R3[EXPLORE   ]: L=+0.39 R=+0.06 | carry=0 | base=0.45 ba=-0.81 | site=0 sd=0.00 sa=+0.00 | phero=0 pd=0.00 pa=+0.00 | srch=0.85 | wall=2.23
R4[SITE      ]: L=+0.89 R=+0.90 | carry=0 | base=0.05 ba=-0.84 | site=1 sd=0.08 sa=+0.02 | phero=0 pd=0.00 pa=+0.00 | srch=0.04 | wall=5.68

[PICKUP] Robot 4 picked up tag (density=3) | Total: 38

======================================================================
Step 13000 (6.9 min) | Pickups: 38 | Deposits: 37 | Rate: 5.34 tags/min | phero_entries=6 phero_max=0.178
======================================================================
R1[GIVE_UP   ]: L=+1.00 R=+1.00 | carry=0 | base=0.39 ba=+0.00 | site=0 sd=0.00 sa=+0.00 | phero=0 pd=0.00 pa=+0.00 | srch=0.73 | wall=2.78
R2[PHERO     ]: L=+0.94 R=+1.00 | carry=0 | base=0.14 ba=+0.64 | site=0 sd=0.00 sa=+0.00 | phero=1 pd=0.03 pa=+0.09 | srch=0.27 | wall=4.90
R3[EXPLORE   ]: L=+0.80 R=+1.00 | carry=0 | base=0.40 ba=+0.80 | site=0 sd=0.00 sa=+0.00 | phero=0 pd=0.00 pa=+0.00 | srch=0.97 | wall=2.66
R4[RTB       ]: L=+1.00 R=+1.00 | carry=1 | base=0.07 ba=-0.00 | site=0 sd=0.00 sa=+0.00 | phero=0 pd=0.00 pa=+0.00 | srch=0.00 | wall=5.53

[DEPOSIT] Robot 4 deposited! Total: 38
  [TARGET] Robot 4 → SITE (-0.94,-0.73)
[PICKUP] Robot 3 picked up tag (density=19) | Total: 39
[PICKUP] Robot 1 picked up tag (density=2) | Total: 40

======================================================================
Step 13500 (7.2 min) | Pickups: 40 | Deposits: 38 | Rate: 5.28 tags/min | phero_entries=5 phero_max=0.080
======================================================================
R1[RTB       ]: L=+1.00 R=+1.00 | carry=1 | base=0.16 ba=+0.00 | site=0 sd=0.00 sa=+0.00 | phero=0 pd=0.00 pa=+0.00 | srch=0.00 | wall=4.65
R2[EXPLORE   ]: L=+1.00 R=+1.00 | carry=0 | base=0.21 ba=-0.73 | site=0 sd=0.00 sa=+0.00 | phero=0 pd=0.00 pa=+0.00 | srch=0.40 | wall=4.24
R3[RTB       ]: L=+1.00 R=+1.00 | carry=1 | base=0.32 ba=+0.00 | site=0 sd=0.00 sa=+0.00 | phero=0 pd=0.00 pa=+0.00 | srch=0.00 | wall=3.30
R4[EXPLORE   ]: L=+1.00 R=+1.00 | carry=0 | base=0.14 ba=+0.56 | site=0 sd=0.00 sa=+0.00 | phero=0 pd=0.00 pa=+0.00 | srch=0.10 | wall=5.02

[PICKUP] Robot 4 picked up tag (density=2) | Total: 41
[DEPOSIT] Robot 1 deposited! Total: 39
  [PHERO] Laid at (2.22, 0.53) density=2 prob=0.42 total_entries=6
  [TARGET] Robot 1 → SITE (2.22,0.53)
[DEPOSIT] Robot 4 deposited! Total: 40
  [TARGET] Robot 4 → SITE (-0.96,-0.78)
[PICKUP] Robot 2 picked up tag (density=19) | Total: 42

======================================================================
Step 14000 (7.5 min) | Pickups: 42 | Deposits: 40 | Rate: 5.36 tags/min | phero_entries=5 phero_max=0.724
======================================================================
R1[SITE      ]: L=+1.00 R=+1.00 | carry=0 | base=0.07 ba=+0.99 | site=1 sd=0.21 sa=-0.18 | phero=0 pd=0.00 pa=+0.00 | srch=0.05 | wall=5.53
R2[RTB       ]: L=+1.00 R=+0.58 | carry=1 | base=0.35 ba=-0.16 | site=0 sd=0.00 sa=+0.00 | phero=0 pd=0.00 pa=+0.00 | srch=0.00 | wall=3.38
R3[RTB       ]: L=+1.00 R=+1.00 | carry=1 | base=0.09 ba=+0.00 | site=0 sd=0.00 sa=+0.00 | phero=0 pd=0.00 pa=+0.00 | srch=0.00 | wall=5.22
R4[SITE      ]: L=+1.00 R=+0.99 | carry=0 | base=0.04 ba=-0.85 | site=1 sd=0.10 sa=+0.08 | phero=0 pd=0.00 pa=+0.00 | srch=0.04 | wall=5.72

[DEPOSIT] Robot 3 deposited! Total: 41
  [PHERO] Laid at (0.12, 3.59) density=19 prob=1.00 total_entries=6
  [TARGET] Robot 3 → SITE (0.12,3.59)
[PICKUP] Robot 4 picked up tag (density=1) | Total: 43

======================================================================
Step 14500 (7.7 min) | Pickups: 43 | Deposits: 41 | Rate: 5.30 tags/min | phero_entries=6 phero_max=0.560
======================================================================
R1[SITE      ]: L=+1.00 R=+0.79 | carry=0 | base=0.28 ba=-0.73 | site=1 sd=0.02 sa=-0.34 | phero=0 pd=0.00 pa=+0.00 | srch=0.18 | wall=3.78
R2[RTB       ]: L=+1.00 R=+1.00 | carry=1 | base=0.12 ba=-0.00 | site=0 sd=0.00 sa=+0.00 | phero=0 pd=0.00 pa=+0.00 | srch=0.00 | wall=5.07
R3[SITE      ]: L=+0.63 R=+0.62 | carry=0 | base=0.10 ba=+0.98 | site=1 sd=0.32 sa=-0.09 | phero=0 pd=0.00 pa=+0.00 | srch=0.09 | wall=5.15
R4[RTB       ]: L=+0.99 R=+1.00 | carry=1 | base=0.12 ba=+0.00 | site=0 sd=0.00 sa=+0.00 | phero=0 pd=0.00 pa=+0.00 | srch=0.00 | wall=5.23

[DEPOSIT] Robot 4 deposited! Total: 42
  [TARGET] Robot 4 → SITE (-0.90,-0.96)
[DEPOSIT] Robot 2 deposited! Total: 43
  [PHERO] Laid at (-2.68, 1.31) density=19 prob=1.00 total_entries=7
  [TARGET] Robot 2 → SITE (-2.68,1.31)
[PICKUP] Robot 2 picked up tag (density=1) | Total: 44

======================================================================
Step 15000 (8.0 min) | Pickups: 44 | Deposits: 43 | Rate: 5.38 tags/min | phero_entries=7 phero_max=0.630
======================================================================
R1[EXPLORE   ]: L=+1.00 R=+1.00 | carry=0 | base=0.36 ba=+0.84 | site=0 sd=0.00 sa=+0.00 | phero=0 pd=0.00 pa=+0.00 | srch=0.30 | wall=3.27
R2[RTB       ]: L=+1.00 R=+0.00 | carry=1 | base=0.09 ba=-0.64 | site=0 sd=0.00 sa=+0.00 | phero=0 pd=0.00 pa=+0.00 | srch=0.00 | wall=5.39
R3[SITE      ]: L=+0.28 R=+0.28 | carry=0 | base=0.19 ba=-0.94 | site=1 sd=0.23 sa=+0.04 | phero=0 pd=0.00 pa=+0.00 | srch=0.22 | wall=4.38
R4[SITE      ]: L=+1.00 R=+1.00 | carry=0 | base=0.08 ba=-0.89 | site=1 sd=0.08 sa=+0.25 | phero=0 pd=0.00 pa=+0.00 | srch=0.07 | wall=5.43

[PICKUP] Robot 1 picked up tag (density=20) | Total: 45
[DEPOSIT] Robot 2 deposited! Total: 44
  [TARGET] Robot 2 → SITE (-0.48,0.57)

======================================================================
Step 15500 (8.3 min) | Pickups: 45 | Deposits: 44 | Rate: 5.32 tags/min | phero_entries=5 phero_max=0.283
======================================================================
R1[RTB       ]: L=+1.00 R=+1.00 | carry=1 | base=0.21 ba=+0.00 | site=0 sd=0.00 sa=+0.00 | phero=0 pd=0.00 pa=+0.00 | srch=0.00 | wall=4.42
R2[EXPLORE   ]: L=+1.00 R=+1.00 | carry=0 | base=0.09 ba=+0.83 | site=0 sd=0.00 sa=+0.00 | phero=0 pd=0.00 pa=+0.00 | srch=0.07 | wall=5.39
R3[SITE      ]: L=+1.00 R=+1.00 | carry=0 | base=0.33 ba=+0.98 | site=1 sd=0.09 sa=-0.03 | phero=0 pd=0.00 pa=+0.00 | srch=0.34 | wall=3.17
R4[EXPLORE   ]: L=+1.00 R=+1.00 | carry=0 | base=0.14 ba=+0.52 | site=0 sd=0.00 sa=+0.00 | phero=0 pd=0.00 pa=+0.00 | srch=0.20 | wall=4.81

[DEPOSIT] Robot 1 deposited! Total: 45
  [PHERO] Laid at (2.83, 1.45) density=20 prob=1.00 total_entries=5
  [TARGET] Robot 1 → SITE (2.83,1.45)

======================================================================
Step 16000 (8.5 min) | Pickups: 45 | Deposits: 45 | Rate: 5.27 tags/min | phero_entries=5 phero_max=0.859
======================================================================
R1[BASE_ESC  ]: L=+1.00 R=+0.13 | carry=0 | base=0.03 ba=+0.80 | site=1 sd=0.35 sa=-0.28 | phero=0 pd=0.00 pa=+0.00 | srch=0.02 | wall=5.82
R2[EXPLORE   ]: L=+1.00 R=+1.00 | carry=0 | base=0.31 ba=+0.95 | site=0 sd=0.00 sa=+0.00 | phero=0 pd=0.00 pa=+0.00 | srch=0.20 | wall=3.67
R3[EXPLORE   ]: L=+0.95 R=+1.00 | carry=0 | base=0.53 ba=-0.97 | site=0 sd=0.00 sa=+0.00 | phero=0 pd=0.00 pa=+0.00 | srch=0.47 | wall=1.50
R4[EXPLORE   ]: L=+1.00 R=+1.00 | carry=0 | base=0.32 ba=-1.00 | site=0 sd=0.00 sa=+0.00 | phero=0 pd=0.00 pa=+0.00 | srch=0.32 | wall=3.37

[PICKUP] Robot 2 picked up tag (density=19) | Total: 46

======================================================================
Step 16500 (8.8 min) | Pickups: 46 | Deposits: 45 | Rate: 5.11 tags/min | phero_entries=4 phero_max=0.386
======================================================================
R1[SITE      ]: L=+1.00 R=+0.98 | carry=0 | base=0.23 ba=-0.83 | site=1 sd=0.19 sa=-0.13 | phero=0 pd=0.00 pa=+0.00 | srch=0.15 | wall=4.46
R2[RTB       ]: L=+1.00 R=+1.00 | carry=1 | base=0.23 ba=+0.00 | site=0 sd=0.00 sa=+0.00 | phero=0 pd=0.00 pa=+0.00 | srch=0.00 | wall=4.26
R3[EXPLORE   ]: L=+1.00 R=+1.00 | carry=0 | base=0.63 ba=+0.13 | site=0 sd=0.00 sa=+0.00 | phero=0 pd=0.00 pa=+0.00 | srch=0.59 | wall=0.62
R4[EXPLORE   ]: L=+1.00 R=+1.00 | carry=0 | base=0.54 ba=-1.00 | site=0 sd=0.00 sa=+0.00 | phero=0 pd=0.00 pa=+0.00 | srch=0.45 | wall=1.50

[PICKUP] Robot 1 picked up tag (density=19) | Total: 47
[DEPOSIT] Robot 2 deposited! Total: 46
  [PHERO] Laid at (-2.69, 1.37) density=19 prob=1.00 total_entries=5
  [TARGET] Robot 2 → SITE (-2.69,1.37)

======================================================================
Step 17000 (9.1 min) | Pickups: 47 | Deposits: 46 | Rate: 5.07 tags/min | phero_entries=5 phero_max=0.903
======================================================================
R1[RTB       ]: L=+1.00 R=+0.99 | carry=1 | base=0.32 ba=-0.00 | site=0 sd=0.00 sa=+0.00 | phero=0 pd=0.00 pa=+0.00 | srch=0.00 | wall=3.66
R2[BASE_ESC  ]: L=+1.00 R=+0.00 | carry=0 | base=0.03 ba=+0.56 | site=1 sd=0.33 sa=-0.50 | phero=0 pd=0.00 pa=+0.00 | srch=0.02 | wall=5.79
R3[EXPLORE   ]: L=+1.00 R=+1.00 | carry=0 | base=0.44 ba=+0.19 | site=0 sd=0.00 sa=+0.00 | phero=0 pd=0.00 pa=+0.00 | srch=0.72 | wall=2.36
R4[EXPLORE   ]: L=+0.81 R=+1.00 | carry=0 | base=0.67 ba=-0.43 | site=0 sd=0.00 sa=+0.00 | phero=0 pd=0.00 pa=+0.00 | srch=0.57 | wall=0.45


======================================================================
Step 17500 (9.3 min) | Pickups: 47 | Deposits: 46 | Rate: 4.93 tags/min | phero_entries=5 phero_max=0.406
======================================================================
R1[RTB       ]: L=+1.00 R=+1.00 | carry=1 | base=0.09 ba=-0.00 | site=0 sd=0.00 sa=+0.00 | phero=0 pd=0.00 pa=+0.00 | srch=0.00 | wall=5.31
R2[SITE      ]: L=+1.00 R=+0.98 | carry=0 | base=0.22 ba=-0.86 | site=1 sd=0.16 sa=-0.11 | phero=0 pd=0.00 pa=+0.00 | srch=0.14 | wall=4.12
R3[EXPLORE   ]: L=+1.00 R=+1.00 | carry=0 | base=0.28 ba=+0.35 | site=0 sd=0.00 sa=+0.00 | phero=0 pd=0.00 pa=+0.00 | srch=0.84 | wall=4.10
R4[EXPLORE   ]: L=+1.00 R=+1.00 | carry=0 | base=0.61 ba=-0.43 | site=0 sd=0.00 sa=+0.00 | phero=0 pd=0.00 pa=+0.00 | srch=0.70 | wall=0.88

[PICKUP] Robot 3 picked up tag (density=12) | Total: 48
[DEPOSIT] Robot 1 deposited! Total: 47
  [PHERO] Laid at (2.54, 1.64) density=19 prob=1.00 total_entries=6
  [TARGET] Robot 1 → SITE (2.54,1.64)
[PICKUP] Robot 2 picked up tag (density=18) | Total: 49

======================================================================
Step 18000 (9.6 min) | Pickups: 49 | Deposits: 47 | Rate: 4.90 tags/min | phero_entries=6 phero_max=0.567
======================================================================
R1[SITE      ]: L=+1.00 R=+1.00 | carry=0 | base=0.14 ba=+1.00 | site=1 sd=0.23 sa=+0.14 | phero=0 pd=0.00 pa=+0.00 | srch=0.09 | wall=4.89
R2[RTB       ]: L=+1.00 R=+0.96 | carry=1 | base=0.35 ba=-0.02 | site=0 sd=0.00 sa=+0.00 | phero=0 pd=0.00 pa=+0.00 | srch=0.00 | wall=3.31
R3[RTB       ]: L=+1.00 R=+1.00 | carry=1 | base=0.09 ba=+0.00 | site=0 sd=0.00 sa=+0.00 | phero=0 pd=0.00 pa=+0.00 | srch=0.00 | wall=5.47
R4[EXPLORE   ]: L=+1.00 R=+0.96 | carry=0 | base=0.49 ba=+0.33 | site=0 sd=0.00 sa=+0.00 | phero=0 pd=0.00 pa=+0.00 | srch=0.82 | wall=1.99

[DEPOSIT] Robot 3 deposited! Total: 48
  [PHERO] Laid at (-1.57, 1.66) density=12 prob=1.00 total_entries=6
  [TARGET] Robot 3 → SITE (-1.57,1.66)
[GIVE-UP] R4 giving up after 3577 steps
[PICKUP] Robot 4 picked up tag (density=20) | Total: 50

======================================================================
Step 18500 (9.9 min) | Pickups: 50 | Deposits: 48 | Rate: 4.86 tags/min | phero_entries=5 phero_max=0.551
======================================================================
R1[SITE      ]: L=+0.90 R=+1.00 | carry=0 | base=0.36 ba=+0.86 | site=1 sd=0.07 sa=+0.40 | phero=0 pd=0.00 pa=+0.00 | srch=0.21 | wall=3.16
R2[RTB       ]: L=+1.00 R=+1.00 | carry=1 | base=0.12 ba=-0.00 | site=0 sd=0.00 sa=+0.00 | phero=0 pd=0.00 pa=+0.00 | srch=0.00 | wall=5.05
R3[SITE      ]: L=-0.35 R=-0.35 | carry=0 | base=0.12 ba=-0.95 | site=1 sd=0.15 sa=-0.01 | phero=0 pd=0.00 pa=+0.00 | srch=0.09 | wall=5.27
R4[RTB       ]: L=+1.00 R=+1.00 | carry=1 | base=0.42 ba=+0.00 | site=0 sd=0.00 sa=+0.00 | phero=0 pd=0.00 pa=+0.00 | srch=0.00 | wall=2.46

[PICKUP] Robot 1 picked up tag (density=17) | Total: 51
[DEPOSIT] Robot 2 deposited! Total: 49
  [PHERO] Laid at (-2.89, 1.25) density=18 prob=1.00 total_entries=6
  [TARGET] Robot 2 → SITE (-2.89,1.25)

======================================================================
Step 19000 (10.1 min) | Pickups: 51 | Deposits: 49 | Rate: 4.84 tags/min | phero_entries=6 phero_max=0.628
======================================================================
R1[RTB       ]: L=+1.00 R=+1.00 | carry=1 | base=0.24 ba=+0.00 | site=0 sd=0.00 sa=+0.00 | phero=0 pd=0.00 pa=+0.00 | srch=0.00 | wall=4.17
R2[SITE      ]: L=+1.00 R=+1.00 | carry=0 | base=0.11 ba=+1.00 | site=1 sd=0.27 sa=+0.15 | phero=0 pd=0.00 pa=+0.00 | srch=0.07 | wall=5.32
R3[SITE      ]: L=+0.08 R=+0.08 | carry=0 | base=0.12 ba=-0.99 | site=1 sd=0.15 sa=-0.06 | phero=0 pd=0.00 pa=+0.00 | srch=0.22 | wall=5.22
R4[RTB       ]: L=+1.00 R=+1.00 | carry=1 | base=0.19 ba=+0.00 | site=0 sd=0.00 sa=+0.00 | phero=0 pd=0.00 pa=+0.00 | srch=0.00 | wall=4.38

[PICKUP] Robot 2 picked up tag (density=11) | Total: 52
[DEPOSIT] Robot 4 deposited! Total: 50
  [PHERO] Laid at (0.17, -3.60) density=20 prob=1.00 total_entries=6
  [TARGET] Robot 4 → SITE (0.17,-3.60)
[DEPOSIT] Robot 1 deposited! Total: 51
  [PHERO] Laid at (2.99, 1.47) density=17 prob=1.00 total_entries=7
  [TARGET] Robot 1 → SITE (2.99,1.47)

======================================================================
Step 19500 (10.4 min) | Pickups: 52 | Deposits: 51 | Rate: 4.90 tags/min | phero_entries=7 phero_max=0.962
======================================================================
R1[BASE_ESC  ]: L=+1.00 R=+0.00 | carry=0 | base=0.03 ba=+0.25 | site=1 sd=0.37 sa=-0.77 | phero=0 pd=0.00 pa=+0.00 | srch=0.01 | wall=5.81
R2[RTB       ]: L=+1.00 R=+1.00 | carry=1 | base=0.16 ba=+0.00 | site=0 sd=0.00 sa=+0.00 | phero=0 pd=0.00 pa=+0.00 | srch=0.00 | wall=4.92
R3[SITE      ]: L=+0.44 R=+0.44 | carry=0 | base=0.15 ba=-0.97 | site=1 sd=0.12 sa=-0.00 | phero=0 pd=0.00 pa=+0.00 | srch=0.34 | wall=5.09
R4[SITE      ]: L=+1.00 R=+0.86 | carry=0 | base=0.04 ba=-0.94 | site=1 sd=0.39 sa=-0.02 | phero=0 pd=0.00 pa=+0.00 | srch=0.04 | wall=5.69

[DEPOSIT] Robot 2 deposited! Total: 52
  [PHERO] Laid at (-1.39, 1.26) density=11 prob=1.00 total_entries=8
  [TARGET] Robot 2 → SITE (-1.39,1.26)
[PICKUP] Robot 1 picked up tag (density=11) | Total: 53
[PICKUP] Robot 3 picked up tag (density=10) | Total: 54

======================================================================
Step 20000 (10.7 min) | Pickups: 54 | Deposits: 52 | Rate: 4.88 tags/min | phero_entries=8 phero_max=0.718
======================================================================
R1[RTB       ]: L=+1.00 R=+0.95 | carry=1 | base=0.12 ba=-0.02 | site=0 sd=0.00 sa=+0.00 | phero=0 pd=0.00 pa=+0.00 | srch=0.00 | wall=5.25
R2[SITE      ]: L=+1.00 R=+1.00 | carry=0 | base=0.07 ba=-0.95 | site=1 sd=0.16 sa=-0.06 | phero=0 pd=0.00 pa=+0.00 | srch=0.05 | wall=5.50
R3[RTB       ]: L=+0.26 R=+1.00 | carry=1 | base=0.21 ba=+0.28 | site=0 sd=0.00 sa=+0.00 | phero=0 pd=0.00 pa=+0.00 | srch=0.00 | wall=4.66
R4[SITE      ]: L=+1.00 R=+1.00 | carry=0 | base=0.26 ba=+0.96 | site=1 sd=0.17 sa=+0.01 | phero=0 pd=0.00 pa=+0.00 | srch=0.16 | wall=3.81

[DEPOSIT] Robot 1 deposited! Total: 53
  [PHERO] Laid at (0.72, 0.95) density=11 prob=1.00 total_entries=9
  [TARGET] Robot 1 → SITE (0.72,0.95)
[PICKUP] Robot 4 picked up tag (density=18) | Total: 55
[PICKUP] Robot 2 picked up tag (density=9) | Total: 56
[DEPOSIT] Robot 3 deposited! Total: 54
  [PHERO] Laid at (-1.29, 1.26) density=10 prob=1.00 total_entries=9
  [TARGET] Robot 3 → SITE (-1.29,1.26)

======================================================================
Step 20500 (10.9 min) | Pickups: 56 | Deposits: 54 | Rate: 4.94 tags/min | phero_entries=9 phero_max=0.893
======================================================================
R1[SITE      ]: L=+1.00 R=+1.00 | carry=0 | base=0.10 ba=+0.92 | site=1 sd=0.04 sa=+0.13 | phero=0 pd=0.00 pa=+0.00 | srch=0.07 | wall=5.34
R2[RTB       ]: L=+1.00 R=+0.83 | carry=1 | base=0.21 ba=-0.06 | site=0 sd=0.00 sa=+0.00 | phero=0 pd=0.00 pa=+0.00 | srch=0.00 | wall=4.70
R3[BASE_ESC  ]: L=+1.00 R=+0.00 | carry=0 | base=0.03 ba=+0.61 | site=1 sd=0.19 sa=-0.47 | phero=0 pd=0.00 pa=+0.00 | srch=0.02 | wall=5.81
R4[RTB       ]: L=+1.00 R=+1.00 | carry=1 | base=0.28 ba=+0.00 | site=0 sd=0.00 sa=+0.00 | phero=0 pd=0.00 pa=+0.00 | srch=0.00 | wall=3.66

[PICKUP] Robot 1 picked up tag (density=10) | Total: 57
[DEPOSIT] Robot 1 deposited! Total: 55
  [PHERO] Laid at (0.68, 0.62) density=10 prob=1.00 total_entries=10
  [TARGET] Robot 1 → SITE (0.68,0.62)
[DEPOSIT] Robot 2 deposited! Total: 56
  [PHERO] Laid at (-1.43, 1.26) density=9 prob=1.00 total_entries=11
  [TARGET] Robot 2 → SITE (-1.43,1.26)

======================================================================
Step 21000 (11.2 min) | Pickups: 57 | Deposits: 56 | Rate: 5.00 tags/min | phero_entries=11 phero_max=0.869
======================================================================
R1[SITE      ]: L=+0.94 R=+0.95 | carry=0 | base=0.06 ba=-0.80 | site=1 sd=0.05 sa=+0.02 | phero=0 pd=0.00 pa=+0.00 | srch=0.05 | wall=5.56
R2[BASE_ESC  ]: L=+0.00 R=+1.00 | carry=0 | base=0.03 ba=-0.72 | site=1 sd=0.20 sa=+0.36 | phero=0 pd=0.00 pa=+0.00 | srch=0.02 | wall=5.82
R3[SITE      ]: L=-0.24 R=-0.33 | carry=0 | base=0.03 ba=-0.93 | site=1 sd=0.19 sa=-0.05 | phero=0 pd=0.00 pa=+0.00 | srch=0.14 | wall=5.77
R4[RTB       ]: L=+1.00 R=+1.00 | carry=1 | base=0.05 ba=+0.00 | site=0 sd=0.00 sa=+0.00 | phero=0 pd=0.00 pa=+0.00 | srch=0.00 | wall=5.58

[DEPOSIT] Robot 4 deposited! Total: 57
  [PHERO] Laid at (0.02, -2.99) density=18 prob=1.00 total_entries=12
  [TARGET] Robot 4 → SITE (0.02,-2.99)
[PICKUP] Robot 1 picked up tag (density=9) | Total: 58
[PICKUP] Robot 2 picked up tag (density=8) | Total: 59

======================================================================
Step 21500 (11.5 min) | Pickups: 59 | Deposits: 57 | Rate: 4.97 tags/min | phero_entries=11 phero_max=0.483
======================================================================
R1[RTB       ]: L=+1.00 R=+1.00 | carry=1 | base=0.04 ba=+0.00 | site=0 sd=0.00 sa=+0.00 | phero=0 pd=0.00 pa=+0.00 | srch=0.00 | wall=5.75
R2[RTB       ]: L=+0.00 R=+1.00 | carry=1 | base=0.21 ba=+0.40 | site=0 sd=0.00 sa=+0.00 | phero=0 pd=0.00 pa=+0.00 | srch=0.00 | wall=4.75
R3[SITE      ]: L=+0.20 R=+0.20 | carry=0 | base=0.09 ba=-0.97 | site=1 sd=0.12 sa=+0.02 | phero=0 pd=0.00 pa=+0.00 | srch=0.27 | wall=5.46
R4[SITE      ]: L=+1.00 R=+1.00 | carry=0 | base=0.16 ba=-0.97 | site=1 sd=0.19 sa=+0.09 | phero=0 pd=0.00 pa=+0.00 | srch=0.11 | wall=4.64

[DEPOSIT] Robot 1 deposited! Total: 58
  [PHERO] Laid at (0.70, 0.67) density=9 prob=1.00 total_entries=12
  [TARGET] Robot 1 → SITE (0.70,0.67)
[PICKUP] Robot 1 picked up tag (density=8) | Total: 60
[DEPOSIT] Robot 2 deposited! Total: 59
  [PHERO] Laid at (-1.19, 1.26) density=8 prob=1.00 total_entries=13
  [TARGET] Robot 2 → SITE (-1.19,1.26)

======================================================================
Step 22000 (11.7 min) | Pickups: 60 | Deposits: 59 | Rate: 5.03 tags/min | phero_entries=12 phero_max=0.904
======================================================================
R1[RTB       ]: L=+1.00 R=+0.94 | carry=1 | base=0.10 ba=-0.02 | site=0 sd=0.00 sa=+0.00 | phero=0 pd=0.00 pa=+0.00 | srch=0.00 | wall=5.33
R2[BASE_ESC  ]: L=+1.00 R=+0.00 | carry=0 | base=0.03 ba=+0.54 | site=1 sd=0.18 sa=-0.54 | phero=0 pd=0.00 pa=+0.00 | srch=0.02 | wall=5.82
R3[SITE      ]: L=+1.00 R=+1.00 | carry=0 | base=0.18 ba=+1.00 | site=1 sd=0.03 sa=-0.03 | phero=0 pd=0.00 pa=+0.00 | srch=0.39 | wall=4.89
R4[SITE      ]: L=+0.96 R=+0.92 | carry=0 | base=0.35 ba=+0.44 | site=1 sd=0.04 sa=-0.05 | phero=0 pd=0.00 pa=+0.00 | srch=0.24 | wall=3.04

[PICKUP] Robot 3 picked up tag (density=7) | Total: 61
[DEPOSIT] Robot 1 deposited! Total: 60
  [PHERO] Laid at (0.71, 0.67) density=8 prob=1.00 total_entries=13
  [TARGET] Robot 1 → SITE (0.71,0.67)
[PICKUP] Robot 4 picked up tag (density=18) | Total: 62
[PICKUP] Robot 1 picked up tag (density=7) | Total: 63

======================================================================
Step 22500 (12.0 min) | Pickups: 63 | Deposits: 60 | Rate: 5.00 tags/min | phero_entries=12 phero_max=0.573
======================================================================
R1[RTB       ]: L=+0.00 R=+1.00 | carry=1 | base=0.12 ba=+0.80 | site=0 sd=0.00 sa=+0.00 | phero=0 pd=0.00 pa=+0.00 | srch=0.00 | wall=5.26
R2[EXPLORE   ]: L=+1.00 R=+1.00 | carry=0 | base=0.21 ba=-0.72 | site=0 sd=0.00 sa=+0.00 | phero=0 pd=0.00 pa=+0.00 | srch=0.14 | wall=4.71
R3[RTB       ]: L=+1.00 R=+1.00 | carry=1 | base=0.11 ba=-0.00 | site=0 sd=0.00 sa=+0.00 | phero=0 pd=0.00 pa=+0.00 | srch=0.00 | wall=5.31
R4[RTB       ]: L=+1.00 R=+1.00 | carry=1 | base=0.22 ba=+0.00 | site=0 sd=0.00 sa=+0.00 | phero=0 pd=0.00 pa=+0.00 | srch=0.00 | wall=4.11

[PICKUP] Robot 2 picked up tag (density=6) | Total: 64
[DEPOSIT] Robot 3 deposited! Total: 61
  [PHERO] Laid at (-1.35, 1.34) density=7 prob=0.99 total_entries=13
  [TARGET] Robot 3 → SITE (-1.35,1.34)
[DEPOSIT] Robot 1 deposited! Total: 62
  [PHERO] Laid at (0.74, 0.71) density=7 prob=0.99 total_entries=14
  [TARGET] Robot 1 → SITE (0.74,0.71)
[DEPOSIT] Robot 4 deposited! Total: 63
  [PHERO] Laid at (0.02, -3.01) density=18 prob=1.00 total_entries=15
  [TARGET] Robot 4 → SITE (0.02,-3.01)

======================================================================
Step 23000 (12.3 min) | Pickups: 64 | Deposits: 63 | Rate: 5.14 tags/min | phero_entries=15 phero_max=0.893
======================================================================
R1[SITE      ]: L=+1.00 R=+1.00 | carry=0 | base=0.07 ba=-0.85 | site=1 sd=0.06 sa=-0.05 | phero=0 pd=0.00 pa=+0.00 | srch=0.05 | wall=5.51
R2[RTB       ]: L=+1.00 R=+1.00 | carry=1 | base=0.03 ba=+0.00 | site=0 sd=0.00 sa=+0.00 | phero=0 pd=0.00 pa=+0.00 | srch=0.00 | wall=5.76
R3[SITE      ]: L=+0.39 R=+0.44 | carry=0 | base=0.05 ba=-0.96 | site=1 sd=0.17 sa=+0.06 | phero=0 pd=0.00 pa=+0.00 | srch=0.08 | wall=5.68
R4[BASE_ESC  ]: L=+1.00 R=+0.00 | carry=0 | base=0.03 ba=+0.61 | site=1 sd=0.33 sa=-0.45 | phero=0 pd=0.00 pa=+0.00 | srch=0.02 | wall=5.78

[DEPOSIT] Robot 2 deposited! Total: 64
  [PHERO] Laid at (-1.21, 1.34) density=6 prob=0.97 total_entries=16
  [TARGET] Robot 2 → SITE (-1.21,1.34)
[PICKUP] Robot 1 picked up tag (density=6) | Total: 65
[DEPOSIT] Robot 1 deposited! Total: 65
  [PHERO] Laid at (0.78, 0.72) density=6 prob=0.97 total_entries=16
  [TARGET] Robot 1 → SITE (0.78,0.72)

======================================================================
Step 23500 (12.5 min) | Pickups: 65 | Deposits: 65 | Rate: 5.19 tags/min | phero_entries=16 phero_max=0.994
======================================================================
R1[BASE_ESC  ]: L=+0.00 R=+1.00 | carry=0 | base=0.03 ba=-0.07 | site=1 sd=0.10 sa=+0.98 | phero=0 pd=0.00 pa=+0.00 | srch=0.00 | wall=5.81
R2[SITE      ]: L=+0.69 R=+1.00 | carry=0 | base=0.17 ba=+0.97 | site=1 sd=0.04 sa=-0.00 | phero=0 pd=0.00 pa=+0.00 | srch=0.12 | wall=4.90
R3[SITE      ]: L=+0.51 R=+0.52 | carry=0 | base=0.20 ba=-1.00 | site=1 sd=0.03 sa=+0.02 | phero=0 pd=0.00 pa=+0.00 | srch=0.21 | wall=4.82
R4[SITE      ]: L=+1.00 R=+1.00 | carry=0 | base=0.19 ba=-0.89 | site=1 sd=0.17 sa=+0.11 | phero=0 pd=0.00 pa=+0.00 | srch=0.14 | wall=4.41

[PICKUP] Robot 2 picked up tag (density=5) | Total: 66
[PICKUP] Robot 1 picked up tag (density=5) | Total: 67
[PICKUP] Robot 4 picked up tag (density=17) | Total: 68

======================================================================
Step 24000 (12.8 min) | Pickups: 68 | Deposits: 65 | Rate: 5.08 tags/min | phero_entries=14 phero_max=0.446
======================================================================
R1[RTB       ]: L=+0.97 R=+1.00 | carry=1 | base=0.11 ba=+0.01 | site=0 sd=0.00 sa=+0.00 | phero=0 pd=0.00 pa=+0.00 | srch=0.00 | wall=5.30
R2[RTB       ]: L=+1.00 R=+1.00 | carry=1 | base=0.09 ba=+0.00 | site=0 sd=0.00 sa=+0.00 | phero=0 pd=0.00 pa=+0.00 | srch=0.00 | wall=5.43
R3[SITE      ]: L=-0.24 R=-0.01 | carry=0 | base=0.17 ba=+1.00 | site=1 sd=0.05 sa=-0.04 | phero=0 pd=0.00 pa=+0.00 | srch=0.33 | wall=4.94
R4[RTB       ]: L=+0.00 R=+1.00 | carry=1 | base=0.37 ba=+0.53 | site=0 sd=0.00 sa=+0.00 | phero=0 pd=0.00 pa=+0.00 | srch=0.00 | wall=2.87

[DEPOSIT] Robot 2 deposited! Total: 66
  [PHERO] Laid at (-1.24, 1.35) density=5 prob=0.92 total_entries=14
  [TARGET] Robot 2 → SITE (-1.24,1.35)
[DEPOSIT] Robot 1 deposited! Total: 67
  [PHERO] Laid at (0.93, 0.60) density=5 prob=0.92 total_entries=15
  [TARGET] Robot 1 → SITE (0.93,0.60)

======================================================================
Step 24500 (13.1 min) | Pickups: 68 | Deposits: 67 | Rate: 5.13 tags/min | phero_entries=15 phero_max=0.589
======================================================================
R1[SITE      ]: L=+0.67 R=+0.68 | carry=0 | base=0.10 ba=-0.95 | site=1 sd=0.04 sa=+0.02 | phero=0 pd=0.00 pa=+0.00 | srch=0.08 | wall=5.33
R2[SITE      ]: L=+1.00 R=+0.98 | carry=0 | base=0.13 ba=-0.90 | site=1 sd=0.09 sa=-0.01 | phero=0 pd=0.00 pa=+0.00 | srch=0.09 | wall=5.14
R3[SITE      ]: L=-0.27 R=-0.26 | carry=0 | base=0.17 ba=-1.00 | site=1 sd=0.05 sa=-0.08 | phero=0 pd=0.00 pa=+0.00 | srch=0.46 | wall=4.89
R4[RTB       ]: L=+1.00 R=+1.00 | carry=1 | base=0.17 ba=+0.00 | site=0 sd=0.00 sa=+0.00 | phero=0 pd=0.00 pa=+0.00 | srch=0.00 | wall=4.57

[PICKUP] Robot 2 picked up tag (density=4) | Total: 69
[DEPOSIT] Robot 4 deposited! Total: 68
  [PHERO] Laid at (-0.12, -3.13) density=17 prob=1.00 total_entries=14
  [TARGET] Robot 4 → SITE (-0.12,-3.13)
[GIVE-UP] R1 giving up after 718 steps

======================================================================
Step 25000 (13.3 min) | Pickups: 69 | Deposits: 68 | Rate: 5.10 tags/min | phero_entries=14 phero_max=0.737
======================================================================
R1[GIVE_UP   ]: L=+0.50 R=+1.00 | carry=0 | base=0.26 ba=+0.19 | site=0 sd=0.00 sa=+0.00 | phero=0 pd=0.00 pa=+0.00 | srch=0.21 | wall=4.12
R2[RTB       ]: L=+1.00 R=+0.99 | carry=1 | base=0.19 ba=-0.00 | site=0 sd=0.00 sa=+0.00 | phero=0 pd=0.00 pa=+0.00 | srch=0.00 | wall=4.75
R3[SITE      ]: L=+0.03 R=+0.03 | carry=0 | base=0.19 ba=-0.92 | site=1 sd=0.04 sa=+0.00 | phero=0 pd=0.00 pa=+0.00 | srch=0.58 | wall=4.82
R4[SITE      ]: L=+1.00 R=+1.00 | carry=0 | base=0.05 ba=-0.88 | site=1 sd=0.32 sa=+0.10 | phero=0 pd=0.00 pa=+0.00 | srch=0.05 | wall=5.57

[PICKUP] Robot 1 picked up tag (density=4) | Total: 70
[PICKUP] Robot 4 picked up tag (density=12) | Total: 71
[DEPOSIT] Robot 2 deposited! Total: 69
  [TARGET] Robot 2 → SITE (-1.31,1.41)

======================================================================
Step 25500 (13.6 min) | Pickups: 71 | Deposits: 69 | Rate: 5.07 tags/min | phero_entries=11 phero_max=0.331
======================================================================
R1[RTB       ]: L=+1.00 R=+1.00 | carry=1 | base=0.04 ba=+0.00 | site=0 sd=0.00 sa=+0.00 | phero=0 pd=0.00 pa=+0.00 | srch=0.00 | wall=5.70
R2[SITE      ]: L=+0.90 R=+1.00 | carry=0 | base=0.04 ba=+0.94 | site=1 sd=0.19 sa=+0.05 | phero=0 pd=0.00 pa=+0.00 | srch=0.04 | wall=5.72
R3[SITE      ]: L=+0.16 R=+0.16 | carry=0 | base=0.17 ba=+0.98 | site=1 sd=0.06 sa=-0.09 | phero=0 pd=0.00 pa=+0.00 | srch=0.71 | wall=4.94
R4[RTB       ]: L=+1.00 R=+0.92 | carry=1 | base=0.19 ba=-0.03 | site=0 sd=0.00 sa=+0.00 | phero=0 pd=0.00 pa=+0.00 | srch=0.00 | wall=4.48

[DEPOSIT] Robot 1 deposited! Total: 70
  [TARGET] Robot 1 → SITE (1.16,0.79)
[DEPOSIT] Robot 4 deposited! Total: 71
  [PHERO] Laid at (-0.47, -1.68) density=12 prob=1.00 total_entries=11
  [TARGET] Robot 4 → SITE (-0.47,-1.68)
[PICKUP] Robot 1 picked up tag (density=3) | Total: 72

======================================================================
Step 26000 (13.9 min) | Pickups: 72 | Deposits: 71 | Rate: 5.12 tags/min | phero_entries=11 phero_max=0.794
======================================================================
R1[RTB       ]: L=+1.00 R=+0.47 | carry=1 | base=0.13 ba=-0.20 | site=0 sd=0.00 sa=+0.00 | phero=0 pd=0.00 pa=+0.00 | srch=0.00 | wall=5.02
R2[SITE      ]: L=+1.00 R=+1.00 | carry=0 | base=0.18 ba=-0.94 | site=1 sd=0.05 sa=+0.06 | phero=0 pd=0.00 pa=+0.00 | srch=0.16 | wall=4.90
R3[SITE      ]: L=+0.52 R=+0.52 | carry=0 | base=0.19 ba=-0.89 | site=1 sd=0.03 sa=-0.00 | phero=0 pd=0.00 pa=+0.00 | srch=0.83 | wall=4.78
R4[SITE      ]: L=+0.88 R=+0.88 | carry=0 | base=0.04 ba=+0.98 | site=1 sd=0.17 sa=+0.11 | phero=0 pd=0.00 pa=+0.00 | srch=0.04 | wall=5.72

[PICKUP] Robot 2 picked up tag (density=3) | Total: 73
[PICKUP] Robot 3 picked up tag (density=2) | Total: 74
[DEPOSIT] Robot 1 deposited! Total: 72
  [PHERO] Laid at (0.94, 0.65) density=3 prob=0.65 total_entries=12
  [TARGET] Robot 1 → SITE (0.94,0.65)
[PICKUP] Robot 4 picked up tag (density=11) | Total: 75

======================================================================
Step 26500 (14.1 min) | Pickups: 75 | Deposits: 72 | Rate: 5.09 tags/min | phero_entries=10 phero_max=0.666
======================================================================
R1[SITE      ]: L=+0.91 R=+1.00 | carry=0 | base=0.09 ba=+0.97 | site=1 sd=0.06 sa=+0.29 | phero=0 pd=0.00 pa=+0.00 | srch=0.06 | wall=5.23
R2[RTB       ]: L=+1.00 R=+1.00 | carry=1 | base=0.11 ba=+0.00 | site=0 sd=0.00 sa=+0.00 | phero=0 pd=0.00 pa=+0.00 | srch=0.00 | wall=5.31
R3[RTB       ]: L=+1.00 R=+1.00 | carry=1 | base=0.15 ba=-0.00 | site=0 sd=0.00 sa=+0.00 | phero=0 pd=0.00 pa=+0.00 | srch=0.00 | wall=5.07
R4[RTB       ]: L=+0.33 R=+1.00 | carry=1 | base=0.21 ba=+0.26 | site=0 sd=0.00 sa=+0.00 | phero=0 pd=0.00 pa=+0.00 | srch=0.00 | wall=4.31

[DEPOSIT] Robot 2 deposited! Total: 73
  [PHERO] Laid at (-1.26, 1.42) density=3 prob=0.65 total_entries=11
  [TARGET] Robot 2 → SITE (-1.26,1.42)
[DEPOSIT] Robot 3 deposited! Total: 74
  [PHERO] Laid at (-1.37, 1.37) density=2 prob=0.42 total_entries=12
  [TARGET] Robot 3 → SITE (-1.37,1.37)
[DEPOSIT] Robot 4 deposited! Total: 75
  [PHERO] Laid at (-0.73, -1.68) density=11 prob=1.00 total_entries=13
  [TARGET] Robot 4 → SITE (-0.73,-1.68)

======================================================================
Step 27000 (14.4 min) | Pickups: 75 | Deposits: 75 | Rate: 5.21 tags/min | phero_entries=12 phero_max=0.888
======================================================================
R1[EXPLORE   ]: L=+1.00 R=+1.00 | carry=0 | base=0.06 ba=+0.48 | site=0 sd=0.00 sa=+0.00 | phero=0 pd=0.00 pa=+0.00 | srch=0.19 | wall=5.46
R2[SITE      ]: L=+1.00 R=+1.00 | carry=0 | base=0.10 ba=-0.98 | site=1 sd=0.12 sa=-0.06 | phero=0 pd=0.00 pa=+0.00 | srch=0.08 | wall=5.34
R3[SITE      ]: L=+0.94 R=+0.98 | carry=0 | base=0.06 ba=+0.97 | site=1 sd=0.17 sa=+0.05 | phero=0 pd=0.00 pa=+0.00 | srch=0.06 | wall=5.57
R4[BASE_ESC  ]: L=+1.00 R=+0.00 | carry=0 | base=0.03 ba=+0.62 | site=1 sd=0.19 sa=-0.45 | phero=0 pd=0.00 pa=+0.00 | srch=0.02 | wall=5.78

[PICKUP] Robot 2 picked up tag (density=1) | Total: 76

======================================================================
Step 27500 (14.7 min) | Pickups: 76 | Deposits: 75 | Rate: 5.11 tags/min | phero_entries=9 phero_max=0.399
======================================================================
R1[EXPLORE   ]: L=+1.00 R=+1.00 | carry=0 | base=0.23 ba=+0.91 | site=0 sd=0.00 sa=+0.00 | phero=0 pd=0.00 pa=+0.00 | srch=0.31 | wall=4.05
R2[RTB       ]: L=+1.00 R=+0.08 | carry=1 | base=0.23 ba=-0.37 | site=0 sd=0.00 sa=+0.00 | phero=0 pd=0.00 pa=+0.00 | srch=0.00 | wall=4.51
R3[SITE      ]: L=+0.57 R=+0.54 | carry=0 | base=0.22 ba=+0.94 | site=1 sd=0.01 sa=-0.02 | phero=0 pd=0.00 pa=+0.00 | srch=0.18 | wall=4.67
R4[SITE      ]: L=+0.66 R=+1.00 | carry=0 | base=0.22 ba=+0.88 | site=1 sd=0.01 sa=+0.42 | phero=0 pd=0.00 pa=+0.00 | srch=0.14 | wall=4.37

[PICKUP] Robot 4 picked up tag (density=10) | Total: 77
[DEPOSIT] Robot 2 deposited! Total: 76
  [TARGET] Robot 2 → SITE (-1.28,1.45)

======================================================================
Step 28000 (14.9 min) | Pickups: 77 | Deposits: 76 | Rate: 5.09 tags/min | phero_entries=8 phero_max=0.179
======================================================================
R1[EXPLORE   ]: L=+1.00 R=+1.00 | carry=0 | base=0.45 ba=+0.95 | site=0 sd=0.00 sa=+0.00 | phero=0 pd=0.00 pa=+0.00 | srch=0.44 | wall=2.15
R2[BASE_ESC  ]: L=+0.00 R=+1.00 | carry=0 | base=0.03 ba=-0.24 | site=1 sd=0.20 sa=+0.79 | phero=0 pd=0.00 pa=+0.00 | srch=0.00 | wall=5.82
R3[EXPLORE   ]: L=+0.39 R=+0.32 | carry=0 | base=0.28 ba=+0.81 | site=0 sd=0.00 sa=+0.00 | phero=0 pd=0.00 pa=+0.00 | srch=0.31 | wall=4.24
R4[RTB       ]: L=+1.00 R=+1.00 | carry=1 | base=0.05 ba=+0.00 | site=0 sd=0.00 sa=+0.00 | phero=0 pd=0.00 pa=+0.00 | srch=0.00 | wall=5.58

[DEPOSIT] Robot 4 deposited! Total: 77
  [PHERO] Laid at (-0.78, -1.74) density=10 prob=1.00 total_entries=9
  [TARGET] Robot 4 → SITE (-0.78,-1.74)
[PICKUP] Robot 1 picked up tag (density=22) | Total: 78

======================================================================
Step 28500 (15.2 min) | Pickups: 78 | Deposits: 77 | Rate: 5.07 tags/min | phero_entries=7 phero_max=0.490
======================================================================
R1[RTB       ]: L=+1.00 R=+1.00 | carry=1 | base=0.53 ba=+0.00 | site=0 sd=0.00 sa=+0.00 | phero=0 pd=0.00 pa=+0.00 | srch=0.00 | wall=1.56
R2[SITE      ]: L=+0.95 R=+1.00 | carry=0 | base=0.20 ba=+0.86 | site=1 sd=0.03 sa=+0.07 | phero=0 pd=0.00 pa=+0.00 | srch=0.13 | wall=4.62
R3[EXPLORE   ]: L=+1.00 R=+0.96 | carry=0 | base=0.33 ba=-0.24 | site=0 sd=0.00 sa=+0.00 | phero=0 pd=0.00 pa=+0.00 | srch=0.43 | wall=3.78
R4[SITE      ]: L=+0.80 R=+0.79 | carry=0 | base=0.15 ba=-0.98 | site=1 sd=0.08 sa=-0.03 | phero=0 pd=0.00 pa=+0.00 | srch=0.11 | wall=4.82

[PICKUP] Robot 4 picked up tag (density=9) | Total: 79
[PICKUP] Robot 2 picked up tag (density=17) | Total: 80

======================================================================
Step 29000 (15.5 min) | Pickups: 80 | Deposits: 77 | Rate: 4.98 tags/min | phero_entries=7 phero_max=0.220
======================================================================
R1[RTB       ]: L=+1.00 R=+1.00 | carry=1 | base=0.30 ba=+0.00 | site=0 sd=0.00 sa=+0.00 | phero=0 pd=0.00 pa=+0.00 | srch=0.00 | wall=3.47
R2[RTB       ]: L=+0.19 R=+1.00 | carry=1 | base=0.37 ba=+0.31 | site=0 sd=0.00 sa=+0.00 | phero=0 pd=0.00 pa=+0.00 | srch=0.00 | wall=3.31
R3[EXPLORE   ]: L=+0.32 R=+1.00 | carry=0 | base=0.27 ba=+0.30 | site=0 sd=0.00 sa=+0.00 | phero=0 pd=0.00 pa=+0.00 | srch=0.56 | wall=4.24
R4[RTB       ]: L=+1.00 R=+1.00 | carry=1 | base=0.13 ba=-0.00 | site=0 sd=0.00 sa=+0.00 | phero=0 pd=0.00 pa=+0.00 | srch=0.00 | wall=5.01

[DEPOSIT] Robot 4 deposited! Total: 78
  [PHERO] Laid at (-0.77, -1.76) density=9 prob=1.00 total_entries=7
  [TARGET] Robot 4 → SITE (-0.77,-1.76)

======================================================================
Step 29500 (15.7 min) | Pickups: 80 | Deposits: 78 | Rate: 4.96 tags/min | phero_entries=7 phero_max=0.644
======================================================================
R1[RTB       ]: L=+1.00 R=+1.00 | carry=1 | base=0.07 ba=+0.00 | site=0 sd=0.00 sa=+0.00 | phero=0 pd=0.00 pa=+0.00 | srch=0.00 | wall=5.38
R2[RTB       ]: L=+1.00 R=+1.00 | carry=1 | base=0.16 ba=+0.00 | site=0 sd=0.00 sa=+0.00 | phero=0 pd=0.00 pa=+0.00 | srch=0.00 | wall=4.85
R3[EXPLORE   ]: L=+1.00 R=+1.00 | carry=0 | base=0.31 ba=+0.64 | site=0 sd=0.00 sa=+0.00 | phero=0 pd=0.00 pa=+0.00 | srch=0.68 | wall=3.72
R4[SITE      ]: L=+1.00 R=+1.00 | carry=0 | base=0.10 ba=+1.00 | site=1 sd=0.15 sa=+0.28 | phero=0 pd=0.00 pa=+0.00 | srch=0.07 | wall=5.30

[DEPOSIT] Robot 1 deposited! Total: 79
  [PHERO] Laid at (-4.89, -0.36) density=22 prob=1.00 total_entries=8
  [TARGET] Robot 1 → SITE (-4.89,-0.36)
[DEPOSIT] Robot 2 deposited! Total: 80
  [PHERO] Laid at (-2.65, 1.67) density=17 prob=1.00 total_entries=9
  [TARGET] Robot 2 → SITE (-2.65,1.67)

======================================================================
Step 30000 (16.0 min) | Pickups: 80 | Deposits: 80 | Rate: 5.00 tags/min | phero_entries=9 phero_max=0.706
======================================================================
R1[SITE      ]: L=+1.00 R=+1.00 | carry=0 | base=0.15 ba=-0.90 | site=1 sd=0.43 sa=+0.05 | phero=0 pd=0.00 pa=+0.00 | srch=0.10 | wall=4.77
R2[SITE      ]: L=+0.95 R=+0.94 | carry=0 | base=0.07 ba=-0.92 | site=1 sd=0.30 sa=-0.01 | phero=0 pd=0.00 pa=+0.00 | srch=0.05 | wall=5.41
R3[EXPLORE   ]: L=+1.00 R=+1.00 | carry=0 | base=0.26 ba=+0.21 | site=0 sd=0.00 sa=+0.00 | phero=0 pd=0.00 pa=+0.00 | srch=0.81 | wall=3.83
R4[SITE      ]: L=+1.00 R=+1.00 | carry=0 | base=0.23 ba=+0.54 | site=1 sd=0.01 sa=+0.02 | phero=0 pd=0.00 pa=+0.00 | srch=0.19 | wall=4.28

[PICKUP] Robot 4 picked up tag (density=8) | Total: 81

======================================================================
Step 30500 (16.3 min) | Pickups: 81 | Deposits: 80 | Rate: 4.92 tags/min | phero_entries=8 phero_max=0.317
======================================================================
R1[SITE      ]: L=+1.00 R=+1.00 | carry=0 | base=0.37 ba=+1.00 | site=1 sd=0.21 sa=+0.01 | phero=0 pd=0.00 pa=+0.00 | srch=0.23 | wall=2.90
R2[SITE      ]: L=+1.00 R=+1.00 | carry=0 | base=0.26 ba=-0.95 | site=1 sd=0.11 sa=-0.00 | phero=0 pd=0.00 pa=+0.00 | srch=0.18 | wall=4.05
R3[EXPLORE   ]: L=+0.28 R=+0.87 | carry=0 | base=0.23 ba=-0.76 | site=0 sd=0.00 sa=+0.00 | phero=0 pd=0.00 pa=+0.00 | srch=0.93 | wall=4.01
R4[RTB       ]: L=+1.00 R=+1.00 | carry=1 | base=0.04 ba=+0.00 | site=0 sd=0.00 sa=+0.00 | phero=0 pd=0.00 pa=+0.00 | srch=0.00 | wall=5.69

[DEPOSIT] Robot 4 deposited! Total: 81
  [PHERO] Laid at (-0.75, -1.78) density=8 prob=1.00 total_entries=9
  [TARGET] Robot 4 → SITE (-0.75,-1.78)
[PICKUP] Robot 2 picked up tag (density=16) | Total: 82

======================================================================
Step 31000 (16.5 min) | Pickups: 82 | Deposits: 81 | Rate: 4.90 tags/min | phero_entries=8 phero_max=0.465
======================================================================
R1[EXPLORE   ]: L=+1.00 R=+1.00 | carry=0 | base=0.58 ba=+1.00 | site=0 sd=0.00 sa=+0.00 | phero=0 pd=0.00 pa=+0.00 | srch=0.35 | wall=1.10
R2[RTB       ]: L=+1.00 R=+1.00 | carry=1 | base=0.31 ba=+0.00 | site=0 sd=0.00 sa=+0.00 | phero=0 pd=0.00 pa=+0.00 | srch=0.00 | wall=3.72
R3[EXPLORE   ]: L=+0.99 R=+0.60 | carry=0 | base=0.25 ba=-0.55 | site=0 sd=0.00 sa=+0.00 | phero=0 pd=0.00 pa=+0.00 | srch=1.00 | wall=3.91
R4[SITE      ]: L=+1.00 R=+1.00 | carry=0 | base=0.18 ba=-0.97 | site=1 sd=0.05 sa=+0.21 | phero=0 pd=0.00 pa=+0.00 | srch=0.12 | wall=4.66

[PICKUP] Robot 1 picked up tag (density=23) | Total: 83
[PICKUP] Robot 4 picked up tag (density=7) | Total: 84

======================================================================
Step 31500 (16.8 min) | Pickups: 84 | Deposits: 81 | Rate: 4.82 tags/min | phero_entries=5 phero_max=0.209
======================================================================
R1[RTB       ]: L=+1.00 R=+1.00 | carry=1 | base=0.41 ba=+0.00 | site=0 sd=0.00 sa=+0.00 | phero=0 pd=0.00 pa=+0.00 | srch=0.00 | wall=2.51
R2[RTB       ]: L=+1.00 R=+1.00 | carry=1 | base=0.09 ba=+0.00 | site=0 sd=0.00 sa=+0.00 | phero=0 pd=0.00 pa=+0.00 | srch=0.00 | wall=5.37
R3[EXPLORE   ]: L=+0.21 R=+0.98 | carry=0 | base=0.25 ba=-0.41 | site=0 sd=0.00 sa=+0.00 | phero=0 pd=0.00 pa=+0.00 | srch=1.00 | wall=4.03
R4[RTB       ]: L=+1.00 R=+1.00 | carry=1 | base=0.11 ba=+0.00 | site=0 sd=0.00 sa=+0.00 | phero=0 pd=0.00 pa=+0.00 | srch=0.00 | wall=5.15

[DEPOSIT] Robot 2 deposited! Total: 82
  [PHERO] Laid at (-2.66, 1.69) density=16 prob=1.00 total_entries=6
  [TARGET] Robot 2 → SITE (-2.66,1.69)
[DEPOSIT] Robot 4 deposited! Total: 83
  [PHERO] Laid at (-0.76, -1.83) density=7 prob=0.99 total_entries=7
  [TARGET] Robot 4 → SITE (-0.76,-1.83)

======================================================================
Step 32000 (17.1 min) | Pickups: 84 | Deposits: 83 | Rate: 4.86 tags/min | phero_entries=7 phero_max=0.590
======================================================================
R1[RTB       ]: L=+1.00 R=+1.00 | carry=1 | base=0.19 ba=+0.00 | site=0 sd=0.00 sa=+0.00 | phero=0 pd=0.00 pa=+0.00 | srch=0.00 | wall=4.42
R2[SITE      ]: L=+0.69 R=+0.69 | carry=0 | base=0.12 ba=-0.94 | site=1 sd=0.25 sa=+0.00 | phero=0 pd=0.00 pa=+0.00 | srch=0.09 | wall=5.05
R3[EXPLORE   ]: L=+1.00 R=+1.00 | carry=0 | base=0.30 ba=+0.64 | site=0 sd=0.00 sa=+0.00 | phero=0 pd=0.00 pa=+0.00 | srch=1.00 | wall=3.53
R4[SITE      ]: L=+1.00 R=+0.98 | carry=0 | base=0.12 ba=-0.95 | site=1 sd=0.11 sa=-0.06 | phero=0 pd=0.00 pa=+0.00 | srch=0.08 | wall=4.97

[PICKUP] Robot 3 picked up tag (density=20) | Total: 85
[DEPOSIT] Robot 1 deposited! Total: 84
  [PHERO] Laid at (-4.92, -0.35) density=23 prob=1.00 total_entries=8
  [TARGET] Robot 1 → SITE (-4.92,-0.35)

======================================================================
Step 32500 (17.3 min) | Pickups: 85 | Deposits: 84 | Rate: 4.85 tags/min | phero_entries=7 phero_max=0.784
======================================================================
R1[SITE      ]: L=+1.00 R=+1.00 | carry=0 | base=0.05 ba=+0.93 | site=1 sd=0.54 sa=-0.21 | phero=0 pd=0.00 pa=+0.00 | srch=0.04 | wall=5.64
R2[SITE      ]: L=+1.00 R=+1.00 | carry=0 | base=0.34 ba=+0.99 | site=1 sd=0.03 sa=-0.17 | phero=0 pd=0.00 pa=+0.00 | srch=0.22 | wall=3.48
R3[RTB       ]: L=+1.00 R=+1.00 | carry=1 | base=0.10 ba=+0.00 | site=0 sd=0.00 sa=+0.00 | phero=0 pd=0.00 pa=+0.00 | srch=0.00 | wall=5.15
R4[EXPLORE   ]: L=+1.00 R=+1.00 | carry=0 | base=0.34 ba=-0.91 | site=0 sd=0.00 sa=+0.00 | phero=0 pd=0.00 pa=+0.00 | srch=0.21 | wall=3.48

[PICKUP] Robot 2 picked up tag (density=15) | Total: 86
[DEPOSIT] Robot 3 deposited! Total: 85
  [PHERO] Laid at (-2.47, -0.48) density=20 prob=1.00 total_entries=8
  [TARGET] Robot 3 → SITE (-2.47,-0.48)

======================================================================
Step 33000 (17.6 min) | Pickups: 86 | Deposits: 85 | Rate: 4.83 tags/min | phero_entries=8 phero_max=0.583
======================================================================
R1[SITE      ]: L=+1.00 R=+1.00 | carry=0 | base=0.27 ba=+0.99 | site=1 sd=0.38 sa=-0.31 | phero=0 pd=0.00 pa=+0.00 | srch=0.16 | wall=4.12
R2[RTB       ]: L=+1.00 R=+1.00 | carry=1 | base=0.21 ba=+0.00 | site=0 sd=0.00 sa=+0.00 | phero=0 pd=0.00 pa=+0.00 | srch=0.00 | wall=4.45
R3[SITE      ]: L=+0.90 R=+0.90 | carry=0 | base=0.11 ba=-0.96 | site=1 sd=0.18 sa=-0.03 | phero=0 pd=0.00 pa=+0.00 | srch=0.08 | wall=5.08
R4[EXPLORE   ]: L=+1.00 R=+0.64 | carry=0 | base=0.45 ba=+0.19 | site=0 sd=0.00 sa=+0.00 | phero=0 pd=0.00 pa=+0.00 | srch=0.33 | wall=3.00

[PICKUP] Robot 1 picked up tag (density=20) | Total: 87
[DEPOSIT] Robot 2 deposited! Total: 86
  [PHERO] Laid at (-2.65, 1.53) density=15 prob=1.00 total_entries=9
  [TARGET] Robot 2 → SITE (-2.65,1.53)
[PICKUP] Robot 3 picked up tag (density=19) | Total: 88

======================================================================
Step 33500 (17.9 min) | Pickups: 88 | Deposits: 86 | Rate: 4.81 tags/min | phero_entries=9 phero_max=0.840
======================================================================
R1[RTB       ]: L=+1.00 R=+0.98 | carry=1 | base=0.39 ba=-0.01 | site=0 sd=0.00 sa=+0.00 | phero=0 pd=0.00 pa=+0.00 | srch=0.00 | wall=3.18
R2[BASE_ESC  ]: L=+1.00 R=+0.53 | carry=0 | base=0.03 ba=+0.88 | site=1 sd=0.33 sa=-0.21 | phero=0 pd=0.00 pa=+0.00 | srch=0.03 | wall=5.76
R3[RTB       ]: L=+1.00 R=+0.00 | carry=1 | base=0.30 ba=-0.56 | site=0 sd=0.00 sa=+0.00 | phero=0 pd=0.00 pa=+0.00 | srch=0.00 | wall=3.48
R4[EXPLORE   ]: L=+1.00 R=+1.00 | carry=0 | base=0.42 ba=-0.34 | site=0 sd=0.00 sa=+0.00 | phero=0 pd=0.00 pa=+0.00 | srch=0.46 | wall=3.34


======================================================================
Step 34000 (18.1 min) | Pickups: 88 | Deposits: 86 | Rate: 4.74 tags/min | phero_entries=7 phero_max=0.377
======================================================================
R1[RTB       ]: L=+1.00 R=+1.00 | carry=1 | base=0.17 ba=-0.00 | site=0 sd=0.00 sa=+0.00 | phero=0 pd=0.00 pa=+0.00 | srch=0.00 | wall=4.80
R2[SITE      ]: L=+1.00 R=+0.97 | carry=0 | base=0.24 ba=-0.84 | site=1 sd=0.17 sa=-0.18 | phero=0 pd=0.00 pa=+0.00 | srch=0.15 | wall=3.93
R3[RTB       ]: L=+1.00 R=+1.00 | carry=1 | base=0.10 ba=-0.00 | site=0 sd=0.00 sa=+0.00 | phero=0 pd=0.00 pa=+0.00 | srch=0.00 | wall=5.12
R4[EXPLORE   ]: L=+1.00 R=+1.00 | carry=0 | base=0.37 ba=-0.52 | site=0 sd=0.00 sa=+0.00 | phero=0 pd=0.00 pa=+0.00 | srch=0.58 | wall=2.88

[DEPOSIT] Robot 3 deposited! Total: 87
  [PHERO] Laid at (-2.49, -0.50) density=19 prob=1.00 total_entries=7
  [TARGET] Robot 3 → SITE (-2.49,-0.50)
[DEPOSIT] Robot 1 deposited! Total: 88
  [PHERO] Laid at (-2.96, -2.03) density=20 prob=1.00 total_entries=8
  [TARGET] Robot 1 → SITE (-2.96,-2.03)
[PICKUP] Robot 4 picked up tag (density=17) | Total: 89

======================================================================
Step 34500 (18.4 min) | Pickups: 89 | Deposits: 88 | Rate: 4.78 tags/min | phero_entries=8 phero_max=0.733
======================================================================
R1[SITE      ]: L=+1.00 R=+1.00 | carry=0 | base=0.07 ba=-0.95 | site=1 sd=0.36 sa=+0.22 | phero=0 pd=0.00 pa=+0.00 | srch=0.05 | wall=5.43
R2[EXPLORE   ]: L=+1.00 R=+1.00 | carry=0 | base=0.36 ba=-0.45 | site=0 sd=0.00 sa=+0.00 | phero=0 pd=0.00 pa=+0.00 | srch=0.28 | wall=3.47
R3[SITE      ]: L=+0.35 R=+0.34 | carry=0 | base=0.09 ba=+0.91 | site=1 sd=0.21 sa=-0.10 | phero=0 pd=0.00 pa=+0.00 | srch=0.08 | wall=5.22
R4[RTB       ]: L=+0.98 R=+1.00 | carry=1 | base=0.31 ba=+0.01 | site=0 sd=0.00 sa=+0.00 | phero=0 pd=0.00 pa=+0.00 | srch=0.00 | wall=3.36


======================================================================
Step 35000 (18.7 min) | Pickups: 89 | Deposits: 88 | Rate: 4.71 tags/min | phero_entries=7 phero_max=0.329
======================================================================
R1[SITE      ]: L=+1.00 R=+1.00 | carry=0 | base=0.29 ba=+1.00 | site=1 sd=0.24 sa=+0.41 | phero=0 pd=0.00 pa=+0.00 | srch=0.17 | wall=3.52
R2[EXPLORE   ]: L=+1.00 R=+1.00 | carry=0 | base=0.39 ba=-0.64 | site=0 sd=0.00 sa=+0.00 | phero=0 pd=0.00 pa=+0.00 | srch=0.40 | wall=2.91
R3[SITE      ]: L=-0.17 R=-0.17 | carry=0 | base=0.15 ba=-0.94 | site=1 sd=0.15 sa=-0.01 | phero=0 pd=0.00 pa=+0.00 | srch=0.21 | wall=4.80
R4[RTB       ]: L=+1.00 R=+1.00 | carry=1 | base=0.09 ba=+0.00 | site=0 sd=0.00 sa=+0.00 | phero=0 pd=0.00 pa=+0.00 | srch=0.00 | wall=5.27

[DEPOSIT] Robot 4 deposited! Total: 89
  [PHERO] Laid at (-2.89, -0.29) density=17 prob=1.00 total_entries=8
  [TARGET] Robot 4 → SITE (-2.89,-0.29)
[PICKUP] Robot 2 picked up tag (density=19) | Total: 90

======================================================================
Step 35500 (18.9 min) | Pickups: 90 | Deposits: 89 | Rate: 4.70 tags/min | phero_entries=8 phero_max=0.551
======================================================================
R1[SITE      ]: L=+0.96 R=+1.00 | carry=0 | base=0.46 ba=+0.68 | site=1 sd=0.12 sa=+0.32 | phero=0 pd=0.00 pa=+0.00 | srch=0.30 | wall=2.29
R2[RTB       ]: L=+1.00 R=+1.00 | carry=1 | base=0.42 ba=-0.00 | site=0 sd=0.00 sa=+0.00 | phero=0 pd=0.00 pa=+0.00 | srch=0.00 | wall=2.46
R3[SITE      ]: L=+0.06 R=+0.06 | carry=0 | base=0.19 ba=-0.96 | site=1 sd=0.11 sa=+0.03 | phero=0 pd=0.00 pa=+0.00 | srch=0.33 | wall=4.45
R4[SITE      ]: L=+1.00 R=+1.00 | carry=0 | base=0.13 ba=-0.93 | site=1 sd=0.22 sa=+0.23 | phero=0 pd=0.00 pa=+0.00 | srch=0.09 | wall=4.94

[PICKUP] Robot 1 picked up tag (density=18) | Total: 91

======================================================================
Step 36000 (19.2 min) | Pickups: 91 | Deposits: 89 | Rate: 4.64 tags/min | phero_entries=6 phero_max=0.248
======================================================================
R1[RTB       ]: L=+1.00 R=+1.00 | carry=1 | base=0.40 ba=+0.00 | site=0 sd=0.00 sa=+0.00 | phero=0 pd=0.00 pa=+0.00 | srch=0.00 | wall=3.20
R2[RTB       ]: L=+1.00 R=+1.00 | carry=1 | base=0.19 ba=-0.00 | site=0 sd=0.00 sa=+0.00 | phero=0 pd=0.00 pa=+0.00 | srch=0.00 | wall=4.37
R3[SITE      ]: L=+0.59 R=+0.58 | carry=0 | base=0.27 ba=-0.99 | site=1 sd=0.03 sa=-0.00 | phero=0 pd=0.00 pa=+0.00 | srch=0.46 | wall=3.76
R4[SITE      ]: L=+0.94 R=+1.00 | carry=0 | base=0.34 ba=+0.77 | site=1 sd=0.10 sa=+0.31 | phero=0 pd=0.00 pa=+0.00 | srch=0.22 | wall=3.16

[PICKUP] Robot 3 picked up tag (density=17) | Total: 92
[PICKUP] Robot 4 picked up tag (density=16) | Total: 93
[DEPOSIT] Robot 2 deposited! Total: 90
  [PHERO] Laid at (-0.40, 3.96) density=19 prob=1.00 total_entries=7
  [TARGET] Robot 2 → SITE (-0.40,3.96)

======================================================================
Step 36500 (19.5 min) | Pickups: 93 | Deposits: 90 | Rate: 4.62 tags/min | phero_entries=7 phero_max=0.799
======================================================================
R1[RTB       ]: L=+1.00 R=+1.00 | carry=1 | base=0.17 ba=+0.00 | site=0 sd=0.00 sa=+0.00 | phero=0 pd=0.00 pa=+0.00 | srch=0.00 | wall=4.80
R2[SITE      ]: L=+1.00 R=+1.00 | carry=0 | base=0.04 ba=+0.99 | site=1 sd=0.43 sa=+0.09 | phero=0 pd=0.00 pa=+0.00 | srch=0.04 | wall=5.68
R3[RTB       ]: L=+1.00 R=+1.00 | carry=1 | base=0.18 ba=-0.00 | site=0 sd=0.00 sa=+0.00 | phero=0 pd=0.00 pa=+0.00 | srch=0.00 | wall=4.48
R4[RTB       ]: L=+1.00 R=+1.00 | carry=1 | base=0.28 ba=+0.00 | site=0 sd=0.00 sa=+0.00 | phero=0 pd=0.00 pa=+0.00 | srch=0.00 | wall=3.67

[DEPOSIT] Robot 1 deposited! Total: 91
  [PHERO] Laid at (-3.48, -2.21) density=18 prob=1.00 total_entries=7
  [TARGET] Robot 1 → SITE (-3.48,-2.21)
[DEPOSIT] Robot 3 deposited! Total: 92
  [PHERO] Laid at (-2.50, -0.50) density=17 prob=1.00 total_entries=8
  [TARGET] Robot 3 → SITE (-2.50,-0.50)

======================================================================
Step 37000 (19.7 min) | Pickups: 93 | Deposits: 92 | Rate: 4.66 tags/min | phero_entries=7 phero_max=0.768
======================================================================
R1[SITE      ]: L=+1.00 R=+1.00 | carry=0 | base=0.06 ba=+0.95 | site=1 sd=0.43 sa=-0.23 | phero=0 pd=0.00 pa=+0.00 | srch=0.05 | wall=5.53
R2[SITE      ]: L=+1.00 R=+1.00 | carry=0 | base=0.25 ba=+0.89 | site=1 sd=0.22 sa=-0.06 | phero=0 pd=0.00 pa=+0.00 | srch=0.16 | wall=3.84
R3[SITE      ]: L=+0.65 R=+0.64 | carry=0 | base=0.04 ba=+0.83 | site=1 sd=0.26 sa=-0.10 | phero=0 pd=0.00 pa=+0.00 | srch=0.04 | wall=5.69
R4[RTB       ]: L=+1.00 R=+1.00 | carry=1 | base=0.05 ba=+0.00 | site=0 sd=0.00 sa=+0.00 | phero=0 pd=0.00 pa=+0.00 | srch=0.00 | wall=5.57

[DEPOSIT] Robot 4 deposited! Total: 93
  [PHERO] Laid at (-2.97, -0.41) density=16 prob=1.00 total_entries=8
  [TARGET] Robot 4 → SITE (-2.97,-0.41)

======================================================================
Step 37500 (20.0 min) | Pickups: 93 | Deposits: 93 | Rate: 4.65 tags/min | phero_entries=8 phero_max=0.550
======================================================================
R1[SITE      ]: L=+1.00 R=+1.00 | carry=0 | base=0.27 ba=-0.87 | site=1 sd=0.24 sa=-0.06 | phero=0 pd=0.00 pa=+0.00 | srch=0.17 | wall=4.29
R2[SITE      ]: L=+1.00 R=+0.94 | carry=0 | base=0.46 ba=-0.84 | site=1 sd=0.01 sa=-0.02 | phero=0 pd=0.00 pa=+0.00 | srch=0.28 | wall=2.10
R3[SITE      ]: L=+1.00 R=+0.98 | carry=0 | base=0.20 ba=-0.96 | site=1 sd=0.10 sa=-0.03 | phero=0 pd=0.00 pa=+0.00 | srch=0.17 | wall=4.33
R4[SITE      ]: L=+1.00 R=+1.00 | carry=0 | base=0.15 ba=+0.99 | site=1 sd=0.22 sa=+0.19 | phero=0 pd=0.00 pa=+0.00 | srch=0.09 | wall=4.79

[PICKUP] Robot 3 picked up tag (density=15) | Total: 94
[PICKUP] Robot 1 picked up tag (density=17) | Total: 95

======================================================================
Step 38000 (20.3 min) | Pickups: 95 | Deposits: 93 | Rate: 4.59 tags/min | phero_entries=7 phero_max=0.247
======================================================================
R1[RTB       ]: L=+1.00 R=+0.53 | carry=1 | base=0.44 ba=-0.19 | site=0 sd=0.00 sa=+0.00 | phero=0 pd=0.00 pa=+0.00 | srch=0.00 | wall=2.98
R2[EXPLORE   ]: L=+1.00 R=+1.00 | carry=0 | base=0.66 ba=-0.82 | site=0 sd=0.00 sa=+0.00 | phero=0 pd=0.00 pa=+0.00 | srch=0.41 | wall=0.45
R3[RTB       ]: L=+1.00 R=+1.00 | carry=1 | base=0.26 ba=-0.00 | site=0 sd=0.00 sa=+0.00 | phero=0 pd=0.00 pa=+0.00 | srch=0.00 | wall=3.79
R4[SITE      ]: L=+0.95 R=+1.00 | carry=0 | base=0.34 ba=+0.69 | site=1 sd=0.05 sa=+0.14 | phero=0 pd=0.00 pa=+0.00 | srch=0.22 | wall=3.08

[PICKUP] Robot 4 picked up tag (density=14) | Total: 96

======================================================================
Step 38500 (20.5 min) | Pickups: 96 | Deposits: 93 | Rate: 4.53 tags/min | phero_entries=6 phero_max=0.111
======================================================================
R1[RTB       ]: L=+1.00 R=+1.00 | carry=1 | base=0.22 ba=-0.00 | site=0 sd=0.00 sa=+0.00 | phero=0 pd=0.00 pa=+0.00 | srch=0.00 | wall=4.48
R2[EXPLORE   ]: L=+1.00 R=+1.00 | carry=0 | base=0.54 ba=-0.26 | site=0 sd=0.00 sa=+0.00 | phero=0 pd=0.00 pa=+0.00 | srch=0.54 | wall=1.63
R3[RTB       ]: L=+1.00 R=+1.00 | carry=1 | base=0.04 ba=-0.00 | site=0 sd=0.00 sa=+0.00 | phero=0 pd=0.00 pa=+0.00 | srch=0.00 | wall=5.69
R4[RTB       ]: L=+1.00 R=+1.00 | carry=1 | base=0.20 ba=+0.00 | site=0 sd=0.00 sa=+0.00 | phero=0 pd=0.00 pa=+0.00 | srch=0.00 | wall=4.29

[DEPOSIT] Robot 3 deposited! Total: 94
  [PHERO] Laid at (-2.55, -0.50) density=15 prob=1.00 total_entries=7
  [TARGET] Robot 3 → SITE (-2.55,-0.50)
[DEPOSIT] Robot 4 deposited! Total: 95
  [PHERO] Laid at (-2.97, -0.48) density=14 prob=1.00 total_entries=7
  [TARGET] Robot 4 → SITE (-2.97,-0.48)
[DEPOSIT] Robot 1 deposited! Total: 96
  [PHERO] Laid at (-2.99, -2.26) density=17 prob=1.00 total_entries=8
  [TARGET] Robot 1 → SITE (-2.99,-2.26)

======================================================================
Step 39000 (20.8 min) | Pickups: 96 | Deposits: 96 | Rate: 4.62 tags/min | phero_entries=8 phero_max=0.878
======================================================================
R1[BASE_ESC  ]: L=+0.00 R=+1.00 | carry=0 | base=0.03 ba=-0.72 | site=1 sd=0.42 sa=+0.35 | phero=0 pd=0.00 pa=+0.00 | srch=0.02 | wall=5.80
R2[EXPLORE   ]: L=+1.00 R=+1.00 | carry=0 | base=0.34 ba=-0.08 | site=0 sd=0.00 sa=+0.00 | phero=0 pd=0.00 pa=+0.00 | srch=0.66 | wall=3.49
R3[SITE      ]: L=+0.43 R=+0.45 | carry=0 | base=0.10 ba=-0.96 | site=1 sd=0.21 sa=-0.00 | phero=0 pd=0.00 pa=+0.00 | srch=0.12 | wall=5.18
R4[BASE_ESC  ]: L=+0.00 R=+1.00 | carry=0 | base=0.03 ba=-0.68 | site=1 sd=0.33 sa=+0.37 | phero=0 pd=0.00 pa=+0.00 | srch=0.02 | wall=5.78

[PICKUP] Robot 2 picked up tag (density=2) | Total: 97

======================================================================
Step 39500 (21.1 min) | Pickups: 97 | Deposits: 96 | Rate: 4.56 tags/min | phero_entries=7 phero_max=0.395
======================================================================
R1[SITE      ]: L=+1.00 R=+1.00 | carry=0 | base=0.24 ba=+1.00 | site=1 sd=0.23 sa=+0.23 | phero=0 pd=0.00 pa=+0.00 | srch=0.15 | wall=4.04
R2[RTB       ]: L=+1.00 R=+1.00 | carry=1 | base=0.13 ba=-0.00 | site=0 sd=0.00 sa=+0.00 | phero=0 pd=0.00 pa=+0.00 | srch=0.00 | wall=5.23
R3[SITE      ]: L=+0.54 R=+0.53 | carry=0 | base=0.21 ba=+0.97 | site=1 sd=0.10 sa=-0.02 | phero=0 pd=0.00 pa=+0.00 | srch=0.25 | wall=4.24
R4[SITE      ]: L=+1.00 R=+1.00 | carry=0 | base=0.24 ba=+0.99 | site=1 sd=0.18 sa=+0.35 | phero=0 pd=0.00 pa=+0.00 | srch=0.15 | wall=4.05

[PICKUP] Robot 1 picked up tag (density=13) | Total: 98
[DEPOSIT] Robot 2 deposited! Total: 97
  [TARGET] Robot 2 → SITE (1.00,1.03)
[PICKUP] Robot 3 picked up tag (density=12) | Total: 99

======================================================================
Step 40000 (21.3 min) | Pickups: 99 | Deposits: 97 | Rate: 4.55 tags/min | phero_entries=7 phero_max=0.177
======================================================================
R1[RTB       ]: L=+1.00 R=+1.00 | carry=1 | base=0.20 ba=+0.00 | site=0 sd=0.00 sa=+0.00 | phero=0 pd=0.00 pa=+0.00 | srch=0.00 | wall=4.42
R2[SITE      ]: L=+1.00 R=+1.00 | carry=0 | base=0.10 ba=+0.92 | site=1 sd=0.07 sa=+0.01 | phero=0 pd=0.00 pa=+0.00 | srch=0.07 | wall=5.34
R3[RTB       ]: L=+0.17 R=+1.00 | carry=1 | base=0.31 ba=+0.31 | site=0 sd=0.00 sa=+0.00 | phero=0 pd=0.00 pa=+0.00 | srch=0.00 | wall=3.42
R4[SITE      ]: L=+1.00 R=+0.96 | carry=0 | base=0.35 ba=+0.53 | site=1 sd=0.04 sa=-0.02 | phero=0 pd=0.00 pa=+0.00 | srch=0.27 | wall=3.07

[PICKUP] Robot 2 picked up tag (density=1) | Total: 100
[PICKUP] Robot 4 picked up tag (density=11) | Total: 101
[DEPOSIT] Robot 1 deposited! Total: 98
  [PHERO] Laid at (-2.48, -0.77) density=13 prob=1.00 total_entries=8
  [TARGET] Robot 1 → SITE (-2.48,-0.77)
[DEPOSIT] Robot 2 deposited! Total: 99
  [PHERO] Laid at (0.84, 0.77) density=1 prob=0.20 total_entries=9
  [TARGET] Robot 2 → SITE (0.84,0.77)

======================================================================
Step 40500 (21.6 min) | Pickups: 101 | Deposits: 99 | Rate: 4.58 tags/min | phero_entries=9 phero_max=0.880
======================================================================
R1[SITE      ]: L=+1.00 R=+0.92 | carry=0 | base=0.04 ba=+0.97 | site=1 sd=0.27 sa=-0.14 | phero=0 pd=0.00 pa=+0.00 | srch=0.03 | wall=5.75
R2[BASE_ESC  ]: L=+1.00 R=+0.00 | carry=0 | base=0.03 ba=+0.67 | site=1 sd=0.11 sa=-0.43 | phero=0 pd=0.00 pa=+0.00 | srch=0.02 | wall=5.81
R3[RTB       ]: L=+1.00 R=+1.00 | carry=1 | base=0.10 ba=+0.00 | site=0 sd=0.00 sa=+0.00 | phero=0 pd=0.00 pa=+0.00 | srch=0.00 | wall=5.20
R4[RTB       ]: L=+1.00 R=+1.00 | carry=1 | base=0.21 ba=+0.00 | site=0 sd=0.00 sa=+0.00 | phero=0 pd=0.00 pa=+0.00 | srch=0.00 | wall=4.23

[DEPOSIT] Robot 3 deposited! Total: 100
  [PHERO] Laid at (-2.57, -0.51) density=12 prob=1.00 total_entries=10
  [TARGET] Robot 3 → SITE (-2.57,-0.51)
[DEPOSIT] Robot 4 deposited! Total: 101
  [PHERO] Laid at (-2.98, -0.59) density=11 prob=1.00 total_entries=10
  [TARGET] Robot 4 → SITE (-2.98,-0.59)

======================================================================
Step 41000 (21.9 min) | Pickups: 101 | Deposits: 101 | Rate: 4.62 tags/min | phero_entries=10 phero_max=0.865
======================================================================
R1[SITE      ]: L=+1.00 R=+1.00 | carry=0 | base=0.24 ba=-0.87 | site=1 sd=0.06 sa=+0.06 | phero=0 pd=0.00 pa=+0.00 | srch=0.16 | wall=4.06
R2[EXPLORE   ]: L=+1.00 R=+1.00 | carry=0 | base=0.18 ba=-0.84 | site=0 sd=0.00 sa=+0.00 | phero=0 pd=0.00 pa=+0.00 | srch=0.14 | wall=4.73
R3[SITE      ]: L=+0.60 R=+0.65 | carry=0 | base=0.06 ba=-0.91 | site=1 sd=0.25 sa=+0.06 | phero=0 pd=0.00 pa=+0.00 | srch=0.09 | wall=5.50
R4[BASE_ESC  ]: L=+1.00 R=+0.06 | carry=0 | base=0.03 ba=+0.79 | site=1 sd=0.33 sa=-0.29 | phero=0 pd=0.00 pa=+0.00 | srch=0.02 | wall=5.79

[PICKUP] Robot 1 picked up tag (density=10) | Total: 102

======================================================================
Step 41500 (22.1 min) | Pickups: 102 | Deposits: 101 | Rate: 4.56 tags/min | phero_entries=7 phero_max=0.388
======================================================================
R1[RTB       ]: L=+1.00 R=+1.00 | carry=1 | base=0.20 ba=+0.00 | site=0 sd=0.00 sa=+0.00 | phero=0 pd=0.00 pa=+0.00 | srch=0.00 | wall=4.36
R2[EXPLORE   ]: L=+1.00 R=+0.99 | carry=0 | base=0.39 ba=-0.93 | site=0 sd=0.00 sa=+0.00 | phero=0 pd=0.00 pa=+0.00 | srch=0.27 | wall=2.81
R3[SITE      ]: L=+0.99 R=+1.00 | carry=0 | base=0.19 ba=+1.00 | site=1 sd=0.12 sa=+0.04 | phero=0 pd=0.00 pa=+0.00 | srch=0.21 | wall=4.40
R4[SITE      ]: L=+1.00 R=+1.00 | carry=0 | base=0.23 ba=+1.00 | site=1 sd=0.14 sa=+0.16 | phero=0 pd=0.00 pa=+0.00 | srch=0.15 | wall=4.06

[PICKUP] Robot 3 picked up tag (density=9) | Total: 103
[DEPOSIT] Robot 1 deposited! Total: 102
  [PHERO] Laid at (-2.50, -0.75) density=10 prob=1.00 total_entries=8
  [TARGET] Robot 1 → SITE (-2.50,-0.75)

======================================================================
Step 42000 (22.4 min) | Pickups: 103 | Deposits: 102 | Rate: 4.55 tags/min | phero_entries=8 phero_max=0.836
======================================================================
R1[SITE      ]: L=+1.00 R=+1.00 | carry=0 | base=0.03 ba=+0.86 | site=1 sd=0.28 sa=-0.24 | phero=0 pd=0.00 pa=+0.00 | srch=0.03 | wall=5.78
R2[EXPLORE   ]: L=+1.00 R=+1.00 | carry=0 | base=0.57 ba=-0.77 | site=0 sd=0.00 sa=+0.00 | phero=0 pd=0.00 pa=+0.00 | srch=0.40 | wall=1.15
R3[RTB       ]: L=+1.00 R=+1.00 | carry=1 | base=0.25 ba=+0.00 | site=0 sd=0.00 sa=+0.00 | phero=0 pd=0.00 pa=+0.00 | srch=0.00 | wall=3.92
R4[EXPLORE   ]: L=+1.00 R=+1.00 | carry=0 | base=0.38 ba=+0.62 | site=0 sd=0.00 sa=+0.00 | phero=0 pd=0.00 pa=+0.00 | srch=0.27 | wall=2.97

[PICKUP] Robot 2 picked up tag (density=25) | Total: 104
[DEPOSIT] Robot 3 deposited! Total: 103
  [PHERO] Laid at (-2.57, -0.51) density=9 prob=1.00 total_entries=9
  [TARGET] Robot 3 → SITE (-2.57,-0.51)

======================================================================
Step 42500 (22.7 min) | Pickups: 104 | Deposits: 103 | Rate: 4.54 tags/min | phero_entries=9 phero_max=0.990
======================================================================
R1[SITE      ]: L=+1.00 R=+1.00 | carry=0 | base=0.24 ba=-0.83 | site=1 sd=0.10 sa=-0.14 | phero=0 pd=0.00 pa=+0.00 | srch=0.15 | wall=4.31
R2[RTB       ]: L=+1.00 R=+1.00 | carry=1 | base=0.40 ba=-0.00 | site=0 sd=0.00 sa=+0.00 | phero=0 pd=0.00 pa=+0.00 | srch=0.00 | wall=2.64
R3[BASE_ESC  ]: L=+1.00 R=+0.00 | carry=0 | base=0.03 ba=+0.11 | site=1 sd=0.28 sa=-0.90 | phero=0 pd=0.00 pa=+0.00 | srch=0.00 | wall=5.77
R4[EXPLORE   ]: L=+1.00 R=+1.00 | carry=0 | base=0.58 ba=-0.85 | site=0 sd=0.00 sa=+0.00 | phero=0 pd=0.00 pa=+0.00 | srch=0.40 | wall=1.34

[PICKUP] Robot 1 picked up tag (density=8) | Total: 105

======================================================================
Step 43000 (22.9 min) | Pickups: 105 | Deposits: 103 | Rate: 4.49 tags/min | phero_entries=8 phero_max=0.445
======================================================================
R1[RTB       ]: L=+1.00 R=+1.00 | carry=1 | base=0.24 ba=-0.00 | site=0 sd=0.00 sa=+0.00 | phero=0 pd=0.00 pa=+0.00 | srch=0.00 | wall=4.07
R2[RTB       ]: L=+1.00 R=+1.00 | carry=1 | base=0.17 ba=-0.00 | site=0 sd=0.00 sa=+0.00 | phero=0 pd=0.00 pa=+0.00 | srch=0.00 | wall=4.56
R3[SITE      ]: L=+1.00 R=+0.99 | carry=0 | base=0.20 ba=-0.95 | site=1 sd=0.11 sa=-0.05 | phero=0 pd=0.00 pa=+0.00 | srch=0.13 | wall=4.37
R4[EXPLORE   ]: L=+1.00 R=+0.87 | carry=0 | base=0.63 ba=+0.30 | site=0 sd=0.00 sa=+0.00 | phero=0 pd=0.00 pa=+0.00 | srch=0.52 | wall=0.79

[PICKUP] Robot 3 picked up tag (density=7) | Total: 106
[DEPOSIT] Robot 2 deposited! Total: 104
  [PHERO] Laid at (4.90, 0.16) density=25 prob=1.00 total_entries=7
  [TARGET] Robot 2 → SITE (4.90,0.16)
[DEPOSIT] Robot 1 deposited! Total: 105
  [PHERO] Laid at (-2.57, -0.80) density=8 prob=1.00 total_entries=8
  [TARGET] Robot 1 → SITE (-2.57,-0.80)
[GIVE-UP] R4 giving up after 2579 steps

======================================================================
Step 43500 (23.2 min) | Pickups: 106 | Deposits: 105 | Rate: 4.53 tags/min | phero_entries=8 phero_max=0.953
======================================================================
R1[BASE_ESC  ]: L=+1.00 R=+0.00 | carry=0 | base=0.03 ba=+0.31 | site=1 sd=0.29 sa=-0.69 | phero=0 pd=0.00 pa=+0.00 | srch=0.01 | wall=5.79
R2[SITE      ]: L=+1.00 R=+1.00 | carry=0 | base=0.06 ba=+0.97 | site=1 sd=0.52 sa=+0.11 | phero=0 pd=0.00 pa=+0.00 | srch=0.05 | wall=5.50
R3[RTB       ]: L=+1.00 R=+1.00 | carry=1 | base=0.26 ba=-0.00 | site=0 sd=0.00 sa=+0.00 | phero=0 pd=0.00 pa=+0.00 | srch=0.00 | wall=3.79
R4[GIVE_UP   ]: L=+1.00 R=+0.89 | carry=0 | base=0.70 ba=-0.04 | site=0 sd=0.00 sa=+0.00 | phero=0 pd=0.00 pa=+0.00 | srch=0.65 | wall=0.41


======================================================================
Step 44000 (23.5 min) | Pickups: 106 | Deposits: 105 | Rate: 4.47 tags/min | phero_entries=8 phero_max=0.428
======================================================================
R1[SITE      ]: L=+1.00 R=+0.98 | carry=0 | base=0.21 ba=-0.86 | site=1 sd=0.13 sa=-0.06 | phero=0 pd=0.00 pa=+0.00 | srch=0.13 | wall=4.50
R2[SITE      ]: L=+0.98 R=+1.00 | carry=0 | base=0.29 ba=+0.93 | site=1 sd=0.31 sa=+0.08 | phero=0 pd=0.00 pa=+0.00 | srch=0.17 | wall=3.63
R3[RTB       ]: L=+1.00 R=+1.00 | carry=1 | base=0.04 ba=-0.00 | site=0 sd=0.00 sa=+0.00 | phero=0 pd=0.00 pa=+0.00 | srch=0.00 | wall=5.69
R4[GIVE_UP   ]: L=+1.00 R=+1.00 | carry=0 | base=0.48 ba=-0.00 | site=0 sd=0.00 sa=+0.00 | phero=0 pd=0.00 pa=+0.00 | srch=0.77 | wall=2.21

[DEPOSIT] Robot 3 deposited! Total: 106
  [PHERO] Laid at (-2.63, -0.50) density=7 prob=0.99 total_entries=9
  [TARGET] Robot 3 → SITE (-2.63,-0.50)
[PICKUP] Robot 1 picked up tag (density=6) | Total: 107

======================================================================
Step 44500 (23.7 min) | Pickups: 107 | Deposits: 106 | Rate: 4.47 tags/min | phero_entries=9 phero_max=0.462
======================================================================
R1[RTB       ]: L=+1.00 R=+1.00 | carry=1 | base=0.27 ba=-0.00 | site=0 sd=0.00 sa=+0.00 | phero=0 pd=0.00 pa=+0.00 | srch=0.00 | wall=3.82
R2[SITE      ]: L=+1.00 R=+1.00 | carry=0 | base=0.49 ba=+0.86 | site=1 sd=0.09 sa=-0.12 | phero=0 pd=0.00 pa=+0.00 | srch=0.30 | wall=1.86
R3[SITE      ]: L=+0.98 R=+1.00 | carry=0 | base=0.19 ba=+0.93 | site=1 sd=0.13 sa=+0.06 | phero=0 pd=0.00 pa=+0.00 | srch=0.12 | wall=4.39
R4[GIVE_UP   ]: L=+1.00 R=+1.00 | carry=0 | base=0.25 ba=-0.00 | site=0 sd=0.00 sa=+0.00 | phero=0 pd=0.00 pa=+0.00 | srch=0.90 | wall=4.01

[PICKUP] Robot 2 picked up tag (density=24) | Total: 108
[PICKUP] Robot 3 picked up tag (density=5) | Total: 109
[EMPTY_RTN] R4 → phero(-2.57,-0.80)

======================================================================
Step 45000 (24.0 min) | Pickups: 109 | Deposits: 106 | Rate: 4.42 tags/min | phero_entries=6 phero_max=0.208
======================================================================
R1[RTB       ]: L=+1.00 R=+1.00 | carry=1 | base=0.04 ba=-0.00 | site=0 sd=0.00 sa=+0.00 | phero=0 pd=0.00 pa=+0.00 | srch=0.00 | wall=5.67
R2[RTB       ]: L=+1.00 R=+1.00 | carry=1 | base=0.49 ba=-0.00 | site=0 sd=0.00 sa=+0.00 | phero=0 pd=0.00 pa=+0.00 | srch=0.00 | wall=1.82
R3[RTB       ]: L=+1.00 R=+1.00 | carry=1 | base=0.27 ba=+0.00 | site=0 sd=0.00 sa=+0.00 | phero=0 pd=0.00 pa=+0.00 | srch=0.00 | wall=3.77
R4[BASE_ESC  ]: L=+0.00 R=+1.00 | carry=0 | base=0.03 ba=-0.14 | site=0 sd=0.00 sa=+0.00 | phero=1 pd=0.29 pa=+0.84 | srch=0.00 | wall=5.78

[DEPOSIT] Robot 1 deposited! Total: 107
  [PHERO] Laid at (-2.61, -0.78) density=6 prob=0.97 total_entries=7
  [TARGET] Robot 1 → SITE (-2.61,-0.78)

======================================================================
Step 45500 (24.3 min) | Pickups: 109 | Deposits: 107 | Rate: 4.41 tags/min | phero_entries=6 phero_max=0.481
======================================================================
R1[SITE      ]: L=+1.00 R=+1.00 | carry=0 | base=0.19 ba=+1.00 | site=1 sd=0.14 sa=+0.21 | phero=0 pd=0.00 pa=+0.00 | srch=0.11 | wall=4.35
R2[RTB       ]: L=+1.00 R=+1.00 | carry=1 | base=0.27 ba=-0.00 | site=0 sd=0.00 sa=+0.00 | phero=0 pd=0.00 pa=+0.00 | srch=0.00 | wall=3.74
R3[RTB       ]: L=+1.00 R=+1.00 | carry=1 | base=0.04 ba=+0.00 | site=0 sd=0.00 sa=+0.00 | phero=0 pd=0.00 pa=+0.00 | srch=0.00 | wall=5.63
R4[PHERO     ]: L=+1.00 R=+1.00 | carry=0 | base=0.19 ba=-0.98 | site=0 sd=0.00 sa=+0.00 | phero=1 pd=0.17 pa=+0.31 | srch=0.13 | wall=4.44

[DEPOSIT] Robot 3 deposited! Total: 108
  [PHERO] Laid at (-2.64, -0.52) density=5 prob=0.92 total_entries=7
  [TARGET] Robot 3 → SITE (-2.64,-0.52)
[PICKUP] Robot 4 picked up tag (density=4) | Total: 110

======================================================================
Step 46000 (24.5 min) | Pickups: 110 | Deposits: 108 | Rate: 4.40 tags/min | phero_entries=7 phero_max=0.474
======================================================================
R1[SITE      ]: L=+0.90 R=+1.00 | carry=0 | base=0.39 ba=+0.53 | site=1 sd=0.08 sa=+0.39 | phero=0 pd=0.00 pa=+0.00 | srch=0.24 | wall=2.77
R2[RTB       ]: L=+1.00 R=+1.00 | carry=1 | base=0.04 ba=-0.00 | site=0 sd=0.00 sa=+0.00 | phero=0 pd=0.00 pa=+0.00 | srch=0.00 | wall=5.66
R3[SITE      ]: L=-0.23 R=-0.23 | carry=0 | base=0.08 ba=-0.92 | site=1 sd=0.24 sa=-0.01 | phero=0 pd=0.00 pa=+0.00 | srch=0.12 | wall=5.34
R4[RTB       ]: L=+0.75 R=+1.00 | carry=1 | base=0.33 ba=+0.10 | site=0 sd=0.00 sa=+0.00 | phero=0 pd=0.00 pa=+0.00 | srch=0.00 | wall=3.22

[DEPOSIT] Robot 2 deposited! Total: 109
  [PHERO] Laid at (4.91, 0.18) density=24 prob=1.00 total_entries=8
  [TARGET] Robot 2 → SITE (4.91,0.18)

======================================================================
Step 46500 (24.8 min) | Pickups: 110 | Deposits: 109 | Rate: 4.40 tags/min | phero_entries=7 phero_max=0.468
======================================================================
R1[EXPLORE   ]: L=+1.00 R=+1.00 | carry=0 | base=0.30 ba=-0.50 | site=0 sd=0.00 sa=+0.00 | phero=0 pd=0.00 pa=+0.00 | srch=0.36 | wall=3.45
R2[SITE      ]: L=+1.00 R=+1.00 | carry=0 | base=0.19 ba=-1.00 | site=1 sd=0.41 sa=+0.21 | phero=0 pd=0.00 pa=+0.00 | srch=0.12 | wall=4.50
R3[SITE      ]: L=+0.34 R=+0.33 | carry=0 | base=0.13 ba=-0.98 | site=1 sd=0.19 sa=-0.08 | phero=0 pd=0.00 pa=+0.00 | srch=0.24 | wall=4.98
R4[RTB       ]: L=+1.00 R=+1.00 | carry=1 | base=0.11 ba=+0.00 | site=0 sd=0.00 sa=+0.00 | phero=0 pd=0.00 pa=+0.00 | srch=0.00 | wall=5.11

[DEPOSIT] Robot 4 deposited! Total: 110
  [PHERO] Laid at (-2.87, -0.31) density=4 prob=0.82 total_entries=8
  [TARGET] Robot 4 → SITE (-2.87,-0.31)

======================================================================
Step 47000 (25.1 min) | Pickups: 110 | Deposits: 110 | Rate: 4.39 tags/min | phero_entries=7 phero_max=0.590
======================================================================
R1[EXPLORE   ]: L=+1.00 R=+1.00 | carry=0 | base=0.44 ba=+0.99 | site=0 sd=0.00 sa=+0.00 | phero=0 pd=0.00 pa=+0.00 | srch=0.49 | wall=2.41
R2[SITE      ]: L=+0.98 R=+1.00 | carry=0 | base=0.42 ba=+0.97 | site=1 sd=0.26 sa=+0.34 | phero=0 pd=0.00 pa=+0.00 | srch=0.24 | wall=2.72
R3[SITE      ]: L=+0.34 R=+0.34 | carry=0 | base=0.21 ba=-0.92 | site=1 sd=0.11 sa=+0.03 | phero=0 pd=0.00 pa=+0.00 | srch=0.37 | wall=4.27
R4[SITE      ]: L=+0.92 R=+0.93 | carry=0 | base=0.11 ba=-0.95 | site=1 sd=0.23 sa=+0.13 | phero=0 pd=0.00 pa=+0.00 | srch=0.08 | wall=5.06

[PICKUP] Robot 3 picked up tag (density=3) | Total: 111

======================================================================
Step 47500 (25.3 min) | Pickups: 111 | Deposits: 110 | Rate: 4.34 tags/min | phero_entries=7 phero_max=0.265
======================================================================
R1[EXPLORE   ]: L=+1.00 R=+1.00 | carry=0 | base=0.67 ba=+1.00 | site=0 sd=0.00 sa=+0.00 | phero=0 pd=0.00 pa=+0.00 | srch=0.61 | wall=0.57
R2[SITE      ]: L=+1.00 R=+1.00 | carry=0 | base=0.60 ba=+0.54 | site=1 sd=0.15 sa=+0.12 | phero=0 pd=0.00 pa=+0.00 | srch=0.37 | wall=1.04
R3[RTB       ]: L=+0.00 R=+1.00 | carry=1 | base=0.33 ba=+0.74 | site=0 sd=0.00 sa=+0.00 | phero=0 pd=0.00 pa=+0.00 | srch=0.00 | wall=3.28
R4[SITE      ]: L=+1.00 R=+0.99 | carry=0 | base=0.29 ba=+0.87 | site=1 sd=0.07 sa=+0.09 | phero=0 pd=0.00 pa=+0.00 | srch=0.21 | wall=3.57

[PICKUP] Robot 2 picked up tag (density=22) | Total: 112

======================================================================
Step 48000 (25.6 min) | Pickups: 112 | Deposits: 110 | Rate: 4.30 tags/min | phero_entries=5 phero_max=0.119
======================================================================
R1[EXPLORE   ]: L=+1.00 R=+1.00 | carry=0 | base=0.56 ba=+0.09 | site=0 sd=0.00 sa=+0.00 | phero=0 pd=0.00 pa=+0.00 | srch=0.74 | wall=1.40
R2[RTB       ]: L=+1.00 R=+1.00 | carry=1 | base=0.55 ba=+0.00 | site=0 sd=0.00 sa=+0.00 | phero=0 pd=0.00 pa=+0.00 | srch=0.00 | wall=1.37
R3[RTB       ]: L=+1.00 R=+1.00 | carry=1 | base=0.14 ba=+0.00 | site=0 sd=0.00 sa=+0.00 | phero=0 pd=0.00 pa=+0.00 | srch=0.00 | wall=4.85
R4[EXPLORE   ]: L=+1.00 R=+0.70 | carry=0 | base=0.36 ba=+0.31 | site=0 sd=0.00 sa=+0.00 | phero=0 pd=0.00 pa=+0.00 | srch=0.33 | wall=2.93

[DEPOSIT] Robot 3 deposited! Total: 111
  [TARGET] Robot 3 → SITE (-2.70,-0.53)

======================================================================
Step 48500 (25.9 min) | Pickups: 112 | Deposits: 111 | Rate: 4.29 tags/min | phero_entries=4 phero_max=0.054
======================================================================
R1[EXPLORE   ]: L=+1.00 R=+1.00 | carry=0 | base=0.34 ba=-0.06 | site=0 sd=0.00 sa=+0.00 | phero=0 pd=0.00 pa=+0.00 | srch=0.86 | wall=3.15
R2[RTB       ]: L=+1.00 R=+1.00 | carry=1 | base=0.32 ba=+0.00 | site=0 sd=0.00 sa=+0.00 | phero=0 pd=0.00 pa=+0.00 | srch=0.00 | wall=3.29
R3[SITE      ]: L=+1.00 R=+1.00 | carry=0 | base=0.09 ba=-0.92 | site=1 sd=0.24 sa=-0.04 | phero=0 pd=0.00 pa=+0.00 | srch=0.06 | wall=5.31
R4[EXPLORE   ]: L=+1.00 R=+0.48 | carry=0 | base=0.33 ba=+0.02 | site=0 sd=0.00 sa=+0.00 | phero=0 pd=0.00 pa=+0.00 | srch=0.46 | wall=3.22


======================================================================
Step 49000 (26.1 min) | Pickups: 112 | Deposits: 111 | Rate: 4.25 tags/min | phero_entries=4 phero_max=0.024
======================================================================
R1[EXPLORE   ]: L=+1.00 R=+1.00 | carry=0 | base=0.12 ba=-0.10 | site=0 sd=0.00 sa=+0.00 | phero=0 pd=0.00 pa=+0.00 | srch=0.99 | wall=5.07
R2[RTB       ]: L=+1.00 R=+1.00 | carry=1 | base=0.09 ba=+0.00 | site=0 sd=0.00 sa=+0.00 | phero=0 pd=0.00 pa=+0.00 | srch=0.00 | wall=5.21
R3[SITE      ]: L=+0.91 R=+0.92 | carry=0 | base=0.30 ba=-0.95 | site=1 sd=0.02 sa=+0.00 | phero=0 pd=0.00 pa=+0.00 | srch=0.19 | wall=3.50
R4[EXPLORE   ]: L=+1.00 R=+0.45 | carry=0 | base=0.31 ba=+0.79 | site=0 sd=0.00 sa=+0.00 | phero=0 pd=0.00 pa=+0.00 | srch=0.58 | wall=3.37

[DEPOSIT] Robot 2 deposited! Total: 112
  [PHERO] Laid at (5.29, -0.12) density=22 prob=1.00 total_entries=5
  [TARGET] Robot 2 → SITE (5.29,-0.12)
[GIVE-UP] R4 giving up after 2627 steps

======================================================================
Step 49500 (26.4 min) | Pickups: 112 | Deposits: 112 | Rate: 4.24 tags/min | phero_entries=4 phero_max=0.564
======================================================================
R1[EXPLORE   ]: L=+0.39 R=+1.00 | carry=0 | base=0.09 ba=-0.77 | site=0 sd=0.00 sa=+0.00 | phero=0 pd=0.00 pa=+0.00 | srch=1.00 | wall=5.38
R2[SITE      ]: L=+1.00 R=+0.75 | carry=0 | base=0.14 ba=-0.93 | site=1 sd=0.51 sa=-0.13 | phero=0 pd=0.00 pa=+0.00 | srch=0.09 | wall=4.97
R3[EXPLORE   ]: L=+1.00 R=+1.00 | carry=0 | base=0.52 ba=-0.96 | site=0 sd=0.00 sa=+0.00 | phero=0 pd=0.00 pa=+0.00 | srch=0.31 | wall=1.61
R4[GIVE_UP   ]: L=+1.00 R=+1.00 | carry=0 | base=0.38 ba=-0.00 | site=0 sd=0.00 sa=+0.00 | phero=0 pd=0.00 pa=+0.00 | srch=0.71 | wall=2.82

[PICKUP] Robot 2 picked up tag (density=1) | Total: 113

======================================================================
Step 50000 (26.7 min) | Pickups: 113 | Deposits: 112 | Rate: 4.20 tags/min | phero_entries=3 phero_max=0.253
======================================================================
R1[EXPLORE   ]: L=+1.00 R=+1.00 | carry=0 | base=0.30 ba=+0.99 | site=0 sd=0.00 sa=+0.00 | phero=0 pd=0.00 pa=+0.00 | srch=1.00 | wall=3.87
R2[RTB       ]: L=+1.00 R=+1.00 | carry=1 | base=0.18 ba=-0.00 | site=0 sd=0.00 sa=+0.00 | phero=0 pd=0.00 pa=+0.00 | srch=0.00 | wall=4.53
R3[EXPLORE   ]: L=+1.00 R=+1.00 | carry=0 | base=0.65 ba=-0.11 | site=0 sd=0.00 sa=+0.00 | phero=0 pd=0.00 pa=+0.00 | srch=0.44 | wall=0.53
R4[GIVE_UP   ]: L=+1.00 R=+1.00 | carry=0 | base=0.16 ba=-0.00 | site=0 sd=0.00 sa=+0.00 | phero=0 pd=0.00 pa=+0.00 | srch=0.83 | wall=4.69

[PICKUP] Robot 3 picked up tag (density=20) | Total: 114
[EMPTY_RTN] R4 → phero(5.29,-0.12)
[DEPOSIT] Robot 2 deposited! Total: 113
  [TARGET] Robot 2 → SITE (1.97,0.64)

======================================================================
Step 50500 (26.9 min) | Pickups: 114 | Deposits: 113 | Rate: 4.20 tags/min | phero_entries=2 phero_max=0.114
======================================================================
R1[EXPLORE   ]: L=+0.86 R=+1.00 | carry=0 | base=0.46 ba=+0.36 | site=0 sd=0.00 sa=+0.00 | phero=0 pd=0.00 pa=+0.00 | srch=1.00 | wall=2.62
R2[SITE      ]: L=+1.00 R=+1.00 | carry=0 | base=0.05 ba=+1.00 | site=1 sd=0.19 sa=+0.14 | phero=0 pd=0.00 pa=+0.00 | srch=0.04 | wall=5.55
R3[RTB       ]: L=+1.00 R=+1.00 | carry=1 | base=0.42 ba=-0.00 | site=0 sd=0.00 sa=+0.00 | phero=0 pd=0.00 pa=+0.00 | srch=0.00 | wall=2.43
R4[BASE_ESC  ]: L=+0.00 R=+1.00 | carry=0 | base=0.03 ba=-0.28 | site=0 sd=0.00 sa=+0.00 | phero=1 pd=0.65 pa=-0.14 | srch=0.05 | wall=5.79


======================================================================
Step 51000 (27.2 min) | Pickups: 114 | Deposits: 113 | Rate: 4.15 tags/min | phero_entries=1 phero_max=0.051
======================================================================
R1[EXPLORE   ]: L=+0.57 R=+1.00 | carry=0 | base=0.46 ba=-0.88 | site=0 sd=0.00 sa=+0.00 | phero=0 pd=0.00 pa=+0.00 | srch=1.00 | wall=2.51
R2[EXPLORE   ]: L=+1.00 R=+0.93 | carry=0 | base=0.25 ba=+0.60 | site=0 sd=0.00 sa=+0.00 | phero=0 pd=0.00 pa=+0.00 | srch=0.17 | wall=4.02
R3[RTB       ]: L=+1.00 R=+1.00 | carry=1 | base=0.20 ba=-0.00 | site=0 sd=0.00 sa=+0.00 | phero=0 pd=0.00 pa=+0.00 | srch=0.00 | wall=4.34
R4[BASE_ESC  ]: L=+0.00 R=+1.00 | carry=0 | base=0.03 ba=-0.60 | site=0 sd=0.00 sa=+0.00 | phero=1 pd=0.63 pa=-0.20 | srch=0.18 | wall=5.76

[DEPOSIT] Robot 3 deposited! Total: 114
  [PHERO] Laid at (-5.45, -0.45) density=20 prob=1.00 total_entries=2
  [TARGET] Robot 3 → SITE (-5.45,-0.45)

======================================================================
Step 51500 (27.5 min) | Pickups: 114 | Deposits: 114 | Rate: 4.15 tags/min | phero_entries=2 phero_max=0.811
======================================================================
R1[EXPLORE   ]: L=+1.00 R=+1.00 | carry=0 | base=0.68 ba=+0.98 | site=0 sd=0.00 sa=+0.00 | phero=0 pd=0.00 pa=+0.00 | srch=1.00 | wall=0.79
R2[EXPLORE   ]: L=+1.00 R=+1.00 | carry=0 | base=0.41 ba=+0.82 | site=0 sd=0.00 sa=+0.00 | phero=0 pd=0.00 pa=+0.00 | srch=0.29 | wall=3.43
R3[SITE      ]: L=+0.93 R=+1.00 | carry=0 | base=0.04 ba=-0.98 | site=1 sd=0.61 sa=+0.12 | phero=0 pd=0.00 pa=+0.00 | srch=0.03 | wall=5.70
R4[PHERO     ]: L=+0.34 R=+0.33 | carry=0 | base=0.07 ba=-0.84 | site=0 sd=0.00 sa=+0.00 | phero=1 pd=0.55 pa=+0.12 | srch=0.30 | wall=5.41

[PICKUP] Robot 2 picked up tag (density=22) | Total: 115

======================================================================
Step 52000 (27.7 min) | Pickups: 115 | Deposits: 114 | Rate: 4.11 tags/min | phero_entries=2 phero_max=0.364
======================================================================
R1[EXPLORE   ]: L=+1.00 R=+1.00 | carry=0 | base=0.62 ba=+0.08 | site=0 sd=0.00 sa=+0.00 | phero=0 pd=0.00 pa=+0.00 | srch=1.00 | wall=1.11
R2[RTB       ]: L=+0.86 R=+1.00 | carry=1 | base=0.55 ba=+0.05 | site=0 sd=0.00 sa=+0.00 | phero=0 pd=0.00 pa=+0.00 | srch=0.00 | wall=2.04
R3[SITE      ]: L=+0.99 R=+1.00 | carry=0 | base=0.26 ba=+0.90 | site=1 sd=0.40 sa=+0.02 | phero=0 pd=0.00 pa=+0.00 | srch=0.16 | wall=3.83
R4[PHERO     ]: L=+1.00 R=+1.00 | carry=0 | base=0.23 ba=-0.88 | site=0 sd=0.00 sa=+0.00 | phero=1 pd=0.40 pa=+0.20 | srch=0.43 | wall=4.11


======================================================================
Step 52500 (28.0 min) | Pickups: 115 | Deposits: 114 | Rate: 4.07 tags/min | phero_entries=2 phero_max=0.164
======================================================================
R1[EXPLORE   ]: L=+1.00 R=+1.00 | carry=0 | base=0.41 ba=+0.13 | site=0 sd=0.00 sa=+0.00 | phero=0 pd=0.00 pa=+0.00 | srch=1.00 | wall=2.65
R2[RTB       ]: L=+1.00 R=+1.00 | carry=1 | base=0.32 ba=+0.00 | site=0 sd=0.00 sa=+0.00 | phero=0 pd=0.00 pa=+0.00 | srch=0.00 | wall=3.67
R3[SITE      ]: L=+1.00 R=+1.00 | carry=0 | base=0.47 ba=+0.91 | site=1 sd=0.17 sa=-0.05 | phero=0 pd=0.00 pa=+0.00 | srch=0.28 | wall=1.99
R4[PHERO     ]: L=+0.98 R=+1.00 | carry=0 | base=0.45 ba=+0.98 | site=0 sd=0.00 sa=+0.00 | phero=1 pd=0.23 pa=+0.25 | srch=0.55 | wall=2.39


======================================================================
Step 53000 (28.3 min) | Pickups: 115 | Deposits: 114 | Rate: 4.03 tags/min | phero_entries=2 phero_max=0.074
======================================================================
R1[EXPLORE   ]: L=+1.00 R=+1.00 | carry=0 | base=0.22 ba=+0.26 | site=0 sd=0.00 sa=+0.00 | phero=0 pd=0.00 pa=+0.00 | srch=1.00 | wall=4.19
R2[RTB       ]: L=+1.00 R=+1.00 | carry=1 | base=0.09 ba=+0.00 | site=0 sd=0.00 sa=+0.00 | phero=0 pd=0.00 pa=+0.00 | srch=0.00 | wall=5.32
R3[WALL_ESC  ]: L=+1.00 R=+0.00 | carry=0 | base=0.67 ba=-0.58 | site=0 sd=0.00 sa=+0.00 | phero=0 pd=0.00 pa=+0.00 | srch=0.41 | wall=0.33
R4[PHERO     ]: L=+0.93 R=+0.97 | carry=0 | base=0.63 ba=+0.62 | site=0 sd=0.00 sa=+0.00 | phero=1 pd=0.08 pa=+0.16 | srch=0.68 | wall=0.72

[PICKUP] Robot 3 picked up tag (density=22) | Total: 116
[DEPOSIT] Robot 2 deposited! Total: 115
  [PHERO] Laid at (2.53, 3.99) density=22 prob=1.00 total_entries=3
  [TARGET] Robot 2 → SITE (2.53,3.99)
[PICKUP] Robot 4 picked up tag (density=22) | Total: 117

======================================================================
Step 53500 (28.5 min) | Pickups: 117 | Deposits: 115 | Rate: 4.03 tags/min | phero_entries=2 phero_max=0.564
======================================================================
R1[EXPLORE   ]: L=+1.00 R=+1.00 | carry=0 | base=0.17 ba=+0.64 | site=0 sd=0.00 sa=+0.00 | phero=0 pd=0.00 pa=+0.00 | srch=1.00 | wall=4.55
R2[SITE      ]: L=+1.00 R=+1.00 | carry=0 | base=0.14 ba=+0.98 | site=1 sd=0.44 sa=-0.23 | phero=0 pd=0.00 pa=+0.00 | srch=0.09 | wall=4.81
R3[RTB       ]: L=+1.00 R=+1.00 | carry=1 | base=0.48 ba=-0.00 | site=0 sd=0.00 sa=+0.00 | phero=0 pd=0.00 pa=+0.00 | srch=0.00 | wall=1.96
R4[RTB       ]: L=+1.00 R=+1.00 | carry=1 | base=0.52 ba=+0.00 | site=0 sd=0.00 sa=+0.00 | phero=0 pd=0.00 pa=+0.00 | srch=0.00 | wall=1.56

[GIVE-UP] R1 giving up after 8484 steps
[EMPTY_RTN] R1 → phero(2.53,3.99)

======================================================================
Step 54000 (28.8 min) | Pickups: 117 | Deposits: 115 | Rate: 3.99 tags/min | phero_entries=2 phero_max=0.253
======================================================================
R1[BASE_ESC  ]: L=+1.00 R=+0.00 | carry=0 | base=0.03 ba=+0.60 | site=0 sd=0.00 sa=+0.00 | phero=1 pd=0.58 pa=+0.40 | srch=0.02 | wall=5.78
R2[SITE      ]: L=+1.00 R=+1.00 | carry=0 | base=0.35 ba=-0.85 | site=1 sd=0.23 sa=-0.03 | phero=0 pd=0.00 pa=+0.00 | srch=0.21 | wall=3.24
R3[RTB       ]: L=+1.00 R=+1.00 | carry=1 | base=0.25 ba=-0.00 | site=0 sd=0.00 sa=+0.00 | phero=0 pd=0.00 pa=+0.00 | srch=0.00 | wall=3.88
R4[RTB       ]: L=+1.00 R=+1.00 | carry=1 | base=0.30 ba=+0.00 | site=0 sd=0.00 sa=+0.00 | phero=0 pd=0.00 pa=+0.00 | srch=0.00 | wall=3.48

[DEPOSIT] Robot 3 deposited! Total: 116
  [PHERO] Laid at (-5.50, -0.20) density=22 prob=1.00 total_entries=3
  [TARGET] Robot 3 → SITE (-5.50,-0.20)

======================================================================
Step 54500 (29.1 min) | Pickups: 117 | Deposits: 116 | Rate: 3.99 tags/min | phero_entries=3 phero_max=0.981
======================================================================
R1[PHERO     ]: L=+1.00 R=+1.00 | carry=0 | base=0.18 ba=+0.82 | site=0 sd=0.00 sa=+0.00 | phero=1 pd=0.44 pa=+0.16 | srch=0.14 | wall=4.48
R2[SITE      ]: L=+0.56 R=+0.55 | carry=0 | base=0.55 ba=-0.82 | site=1 sd=0.01 sa=+0.04 | phero=0 pd=0.00 pa=+0.00 | srch=0.34 | wall=2.06
R3[BASE_ESC  ]: L=+0.00 R=+1.00 | carry=0 | base=0.03 ba=-0.14 | site=1 sd=0.62 sa=+0.86 | phero=0 pd=0.00 pa=+0.00 | srch=0.00 | wall=5.77
R4[RTB       ]: L=+1.00 R=+1.00 | carry=1 | base=0.07 ba=+0.00 | site=0 sd=0.00 sa=+0.00 | phero=0 pd=0.00 pa=+0.00 | srch=0.00 | wall=5.40

[DEPOSIT] Robot 4 deposited! Total: 117
  [PHERO] Laid at (5.27, -0.10) density=22 prob=1.00 total_entries=4
  [TARGET] Robot 4 → SITE (5.27,-0.10)
[PICKUP] Robot 1 picked up tag (density=16) | Total: 118

======================================================================
Step 55000 (29.3 min) | Pickups: 118 | Deposits: 117 | Rate: 3.99 tags/min | phero_entries=4 phero_max=0.521
======================================================================
R1[RTB       ]: L=+0.52 R=+1.00 | carry=1 | base=0.35 ba=+0.19 | site=0 sd=0.00 sa=+0.00 | phero=0 pd=0.00 pa=+0.00 | srch=0.00 | wall=3.44
R2[EXPLORE   ]: L=+1.00 R=+1.00 | carry=0 | base=0.72 ba=-0.81 | site=0 sd=0.00 sa=+0.00 | phero=0 pd=0.00 pa=+0.00 | srch=0.46 | wall=1.66
R3[SITE      ]: L=+0.99 R=+1.00 | carry=0 | base=0.18 ba=+0.97 | site=1 sd=0.48 sa=+0.10 | phero=0 pd=0.00 pa=+0.00 | srch=0.13 | wall=4.54
R4[SITE      ]: L=+1.00 R=+1.00 | carry=0 | base=0.16 ba=-0.98 | site=1 sd=0.47 sa=-0.04 | phero=0 pd=0.00 pa=+0.00 | srch=0.10 | wall=4.67


======================================================================
Step 55500 (29.6 min) | Pickups: 118 | Deposits: 117 | Rate: 3.95 tags/min | phero_entries=4 phero_max=0.234
======================================================================
R1[RTB       ]: L=+1.00 R=+1.00 | carry=1 | base=0.13 ba=+0.00 | site=0 sd=0.00 sa=+0.00 | phero=0 pd=0.00 pa=+0.00 | srch=0.00 | wall=5.06
R2[EXPLORE   ]: L=+1.00 R=+1.00 | carry=0 | base=0.84 ba=-0.05 | site=0 sd=0.00 sa=+0.00 | phero=0 pd=0.00 pa=+0.00 | srch=0.59 | wall=0.40
R3[SITE      ]: L=+1.00 R=+1.00 | carry=0 | base=0.40 ba=+0.92 | site=1 sd=0.26 sa=+0.05 | phero=0 pd=0.00 pa=+0.00 | srch=0.25 | wall=2.64
R4[SITE      ]: L=+1.00 R=+1.00 | carry=0 | base=0.38 ba=-0.99 | site=1 sd=0.24 sa=-0.07 | phero=0 pd=0.00 pa=+0.00 | srch=0.23 | wall=2.76

[DEPOSIT] Robot 1 deposited! Total: 118
  [PHERO] Laid at (2.60, 1.47) density=16 prob=1.00 total_entries=4
  [TARGET] Robot 1 → SITE (2.60,1.47)
[PICKUP] Robot 4 picked up tag (density=20) | Total: 119
[PICKUP] Robot 3 picked up tag (density=19) | Total: 120

======================================================================
Step 56000 (29.9 min) | Pickups: 120 | Deposits: 118 | Rate: 3.95 tags/min | phero_entries=4 phero_max=0.641
======================================================================
R1[SITE      ]: L=+1.00 R=+1.00 | carry=0 | base=0.10 ba=+0.97 | site=1 sd=0.27 sa=-0.25 | phero=0 pd=0.00 pa=+0.00 | srch=0.07 | wall=5.25
R2[EXPLORE   ]: L=+1.00 R=+1.00 | carry=0 | base=0.62 ba=-0.06 | site=0 sd=0.00 sa=+0.00 | phero=0 pd=0.00 pa=+0.00 | srch=0.71 | wall=1.72
R3[RTB       ]: L=+0.00 R=+1.00 | carry=1 | base=0.58 ba=+0.42 | site=0 sd=0.00 sa=+0.00 | phero=0 pd=0.00 pa=+0.00 | srch=0.00 | wall=1.07
R4[RTB       ]: L=+1.00 R=+0.00 | carry=1 | base=0.58 ba=-0.40 | site=0 sd=0.00 sa=+0.00 | phero=0 pd=0.00 pa=+0.00 | srch=0.00 | wall=1.08

[PICKUP] Robot 2 picked up tag (density=16) | Total: 121

======================================================================
Step 56500 (30.1 min) | Pickups: 121 | Deposits: 118 | Rate: 3.92 tags/min | phero_entries=4 phero_max=0.288
======================================================================
R1[SITE      ]: L=+1.00 R=+1.00 | carry=0 | base=0.30 ba=-0.78 | site=1 sd=0.10 sa=-0.15 | phero=0 pd=0.00 pa=+0.00 | srch=0.19 | wall=4.20
R2[RTB       ]: L=+1.00 R=+0.97 | carry=1 | base=0.40 ba=-0.01 | site=0 sd=0.00 sa=+0.00 | phero=0 pd=0.00 pa=+0.00 | srch=0.00 | wall=3.04
R3[RTB       ]: L=+1.00 R=+1.00 | carry=1 | base=0.37 ba=+0.00 | site=0 sd=0.00 sa=+0.00 | phero=0 pd=0.00 pa=+0.00 | srch=0.00 | wall=2.85
R4[RTB       ]: L=+1.00 R=+1.00 | carry=1 | base=0.37 ba=-0.00 | site=0 sd=0.00 sa=+0.00 | phero=0 pd=0.00 pa=+0.00 | srch=0.00 | wall=2.85

[PICKUP] Robot 1 picked up tag (density=15) | Total: 122

======================================================================
Step 57000 (30.4 min) | Pickups: 122 | Deposits: 118 | Rate: 3.88 tags/min | phero_entries=4 phero_max=0.129
======================================================================
R1[RTB       ]: L=+1.00 R=+1.00 | carry=1 | base=0.26 ba=-0.00 | site=0 sd=0.00 sa=+0.00 | phero=0 pd=0.00 pa=+0.00 | srch=0.00 | wall=4.16
R2[RTB       ]: L=+1.00 R=+1.00 | carry=1 | base=0.17 ba=-0.00 | site=0 sd=0.00 sa=+0.00 | phero=0 pd=0.00 pa=+0.00 | srch=0.00 | wall=4.71
R3[RTB       ]: L=+1.00 R=+1.00 | carry=1 | base=0.14 ba=+0.00 | site=0 sd=0.00 sa=+0.00 | phero=0 pd=0.00 pa=+0.00 | srch=0.00 | wall=4.77
R4[RTB       ]: L=+1.00 R=+1.00 | carry=1 | base=0.14 ba=-0.00 | site=0 sd=0.00 sa=+0.00 | phero=0 pd=0.00 pa=+0.00 | srch=0.00 | wall=4.77

[DEPOSIT] Robot 3 deposited! Total: 119
  [PHERO] Laid at (-4.91, 0.05) density=19 prob=1.00 total_entries=5
  [TARGET] Robot 3 → SITE (-4.91,0.05)
[DEPOSIT] Robot 4 deposited! Total: 120
  [PHERO] Laid at (4.90, 0.07) density=20 prob=1.00 total_entries=6
  [TARGET] Robot 4 → SITE (4.90,0.07)
[DEPOSIT] Robot 2 deposited! Total: 121
  [PHERO] Laid at (3.06, 1.75) density=16 prob=1.00 total_entries=7
  [TARGET] Robot 2 → SITE (3.06,1.75)
[DEPOSIT] Robot 1 deposited! Total: 122
  [PHERO] Laid at (2.54, 1.70) density=15 prob=1.00 total_entries=7
  [TARGET] Robot 1 → SITE (2.54,1.70)

======================================================================
Step 57500 (30.7 min) | Pickups: 122 | Deposits: 122 | Rate: 3.98 tags/min | phero_entries=7 phero_max=1.000
======================================================================
R1[BASE_ESC  ]: L=+1.00 R=+1.00 | carry=0 | base=0.03 ba=-0.00 | site=1 sd=0.33 sa=-0.99 | phero=0 pd=0.00 pa=+0.00 | srch=0.00 | wall=5.79
R2[SITE      ]: L=+1.00 R=+1.00 | carry=0 | base=0.06 ba=+1.00 | site=1 sd=0.36 sa=+0.10 | phero=0 pd=0.00 pa=+0.00 | srch=0.04 | wall=5.52
R3[SITE      ]: L=+1.00 R=+1.00 | carry=0 | base=0.08 ba=-0.96 | site=1 sd=0.50 sa=-0.01 | phero=0 pd=0.00 pa=+0.00 | srch=0.06 | wall=5.30
R4[SITE      ]: L=+0.99 R=+1.00 | carry=0 | base=0.09 ba=+0.98 | site=1 sd=0.50 sa=+0.14 | phero=0 pd=0.00 pa=+0.00 | srch=0.06 | wall=5.31


======================================================================
Step 58000 (30.9 min) | Pickups: 122 | Deposits: 122 | Rate: 3.94 tags/min | phero_entries=7 phero_max=0.449
======================================================================
R1[SITE      ]: L=+1.00 R=+1.00 | carry=0 | base=0.20 ba=+1.00 | site=1 sd=0.18 sa=+0.23 | phero=0 pd=0.00 pa=+0.00 | srch=0.12 | wall=4.32
R2[SITE      ]: L=+1.00 R=+1.00 | carry=0 | base=0.28 ba=+1.00 | site=1 sd=0.16 sa=+0.22 | phero=0 pd=0.00 pa=+0.00 | srch=0.17 | wall=3.68
R3[SITE      ]: L=+0.49 R=+0.49 | carry=0 | base=0.23 ba=-0.95 | site=1 sd=0.35 sa=+0.02 | phero=0 pd=0.00 pa=+0.00 | srch=0.19 | wall=4.04
R4[SITE      ]: L=+1.00 R=+1.00 | carry=0 | base=0.31 ba=+0.97 | site=1 sd=0.28 sa=+0.11 | phero=0 pd=0.00 pa=+0.00 | srch=0.19 | wall=3.42

[PICKUP] Robot 1 picked up tag (density=14) | Total: 123

======================================================================
Step 58500 (31.2 min) | Pickups: 123 | Deposits: 122 | Rate: 3.91 tags/min | phero_entries=7 phero_max=0.202
======================================================================
R1[RTB       ]: L=+0.00 R=+1.00 | carry=1 | base=0.39 ba=+0.44 | site=0 sd=0.00 sa=+0.00 | phero=0 pd=0.00 pa=+0.00 | srch=0.00 | wall=3.09
R2[SITE      ]: L=+0.33 R=+1.00 | carry=0 | base=0.42 ba=+0.12 | site=1 sd=0.01 sa=+0.32 | phero=0 pd=0.00 pa=+0.00 | srch=0.29 | wall=2.91
R3[SITE      ]: L=+0.82 R=+0.83 | carry=0 | base=0.33 ba=-0.98 | site=1 sd=0.25 sa=+0.02 | phero=0 pd=0.00 pa=+0.00 | srch=0.31 | wall=3.19
R4[SITE      ]: L=+0.74 R=+0.79 | carry=0 | base=0.51 ba=+0.85 | site=1 sd=0.09 sa=+0.12 | phero=0 pd=0.00 pa=+0.00 | srch=0.31 | wall=1.66

[PICKUP] Robot 2 picked up tag (density=13) | Total: 124
[PICKUP] Robot 4 picked up tag (density=19) | Total: 125

======================================================================
Step 59000 (31.5 min) | Pickups: 125 | Deposits: 122 | Rate: 3.88 tags/min | phero_entries=5 phero_max=0.091
======================================================================
R1[RTB       ]: L=+1.00 R=+1.00 | carry=1 | base=0.18 ba=+0.00 | site=0 sd=0.00 sa=+0.00 | phero=0 pd=0.00 pa=+0.00 | srch=0.00 | wall=4.66
R2[RTB       ]: L=+1.00 R=+1.00 | carry=1 | base=0.20 ba=+0.00 | site=0 sd=0.00 sa=+0.00 | phero=0 pd=0.00 pa=+0.00 | srch=0.00 | wall=4.53
R3[SITE      ]: L=+0.34 R=+0.34 | carry=0 | base=0.48 ba=+0.96 | site=1 sd=0.10 sa=-0.09 | phero=0 pd=0.00 pa=+0.00 | srch=0.44 | wall=1.93
R4[RTB       ]: L=+1.00 R=+1.00 | carry=1 | base=0.49 ba=+0.00 | site=0 sd=0.00 sa=+0.00 | phero=0 pd=0.00 pa=+0.00 | srch=0.00 | wall=1.81

[DEPOSIT] Robot 1 deposited! Total: 123
  [PHERO] Laid at (2.91, 1.52) density=14 prob=1.00 total_entries=6
  [TARGET] Robot 1 → SITE (2.91,1.52)
[DEPOSIT] Robot 2 deposited! Total: 124
  [PHERO] Laid at (3.06, 1.80) density=13 prob=1.00 total_entries=7
  [TARGET] Robot 2 → SITE (3.06,1.80)

======================================================================
Step 59500 (31.7 min) | Pickups: 125 | Deposits: 124 | Rate: 3.91 tags/min | phero_entries=7 phero_max=0.831
======================================================================
R1[SITE      ]: L=+1.00 R=+1.00 | carry=0 | base=0.05 ba=+1.00 | site=1 sd=0.34 sa=-0.19 | phero=0 pd=0.00 pa=+0.00 | srch=0.04 | wall=5.64
R2[SITE      ]: L=+1.00 R=+1.00 | carry=0 | base=0.03 ba=+0.86 | site=1 sd=0.39 sa=-0.22 | phero=0 pd=0.00 pa=+0.00 | srch=0.03 | wall=5.81
R3[SITE      ]: L=-0.07 R=-0.07 | carry=0 | base=0.53 ba=-0.95 | site=1 sd=0.06 sa=-0.09 | phero=0 pd=0.00 pa=+0.00 | srch=0.56 | wall=1.53
R4[RTB       ]: L=+1.00 R=+1.00 | carry=1 | base=0.27 ba=+0.00 | site=0 sd=0.00 sa=+0.00 | phero=0 pd=0.00 pa=+0.00 | srch=0.00 | wall=3.73


======================================================================
Step 60000 (32.0 min) | Pickups: 125 | Deposits: 124 | Rate: 3.88 tags/min | phero_entries=7 phero_max=0.373
======================================================================
R1[SITE      ]: L=+0.96 R=+0.97 | carry=0 | base=0.26 ba=-0.96 | site=1 sd=0.13 sa=+0.04 | phero=0 pd=0.00 pa=+0.00 | srch=0.17 | wall=4.05
R2[SITE      ]: L=+1.00 R=+0.98 | carry=0 | base=0.25 ba=-0.85 | site=1 sd=0.22 sa=-0.14 | phero=0 pd=0.00 pa=+0.00 | srch=0.15 | wall=4.30
R3[SITE      ]: L=+0.04 R=+0.03 | carry=0 | base=0.53 ba=-0.97 | site=1 sd=0.06 sa=-0.11 | phero=0 pd=0.00 pa=+0.00 | srch=0.69 | wall=1.55
R4[RTB       ]: L=+1.00 R=+1.00 | carry=1 | base=0.04 ba=+0.00 | site=0 sd=0.00 sa=+0.00 | phero=0 pd=0.00 pa=+0.00 | srch=0.00 | wall=5.65

[DEPOSIT] Robot 4 deposited! Total: 125
  [PHERO] Laid at (5.02, -0.08) density=19 prob=1.00 total_entries=8
  [TARGET] Robot 4 → SITE (5.02,-0.08)
[PICKUP] Robot 1 picked up tag (density=12) | Total: 126
[PICKUP] Robot 3 picked up tag (density=20) | Total: 127
[PICKUP] Robot 2 picked up tag (density=11) | Total: 128

======================================================================
Step 60500 (32.3 min) | Pickups: 128 | Deposits: 125 | Rate: 3.87 tags/min | phero_entries=7 phero_max=0.468
======================================================================
R1[RTB       ]: L=+1.00 R=+1.00 | carry=1 | base=0.31 ba=+0.00 | site=0 sd=0.00 sa=+0.00 | phero=0 pd=0.00 pa=+0.00 | srch=0.00 | wall=3.75
R2[RTB       ]: L=+1.00 R=+0.20 | carry=1 | base=0.42 ba=-0.33 | site=0 sd=0.00 sa=+0.00 | phero=0 pd=0.00 pa=+0.00 | srch=0.00 | wall=3.11
R3[RTB       ]: L=+1.00 R=+1.00 | carry=1 | base=0.55 ba=-0.00 | site=0 sd=0.00 sa=+0.00 | phero=0 pd=0.00 pa=+0.00 | srch=0.00 | wall=1.33
R4[SITE      ]: L=+1.00 R=+1.00 | carry=0 | base=0.18 ba=-0.98 | site=1 sd=0.41 sa=+0.07 | phero=0 pd=0.00 pa=+0.00 | srch=0.12 | wall=4.49


======================================================================
Step 61000 (32.5 min) | Pickups: 128 | Deposits: 125 | Rate: 3.84 tags/min | phero_entries=7 phero_max=0.210
======================================================================
R1[RTB       ]: L=+1.00 R=+1.00 | carry=1 | base=0.08 ba=+0.00 | site=0 sd=0.00 sa=+0.00 | phero=0 pd=0.00 pa=+0.00 | srch=0.00 | wall=5.41
R2[RTB       ]: L=+1.00 R=+1.00 | carry=1 | base=0.20 ba=-0.00 | site=0 sd=0.00 sa=+0.00 | phero=0 pd=0.00 pa=+0.00 | srch=0.00 | wall=4.58
R3[RTB       ]: L=+1.00 R=+1.00 | carry=1 | base=0.32 ba=-0.00 | site=0 sd=0.00 sa=+0.00 | phero=0 pd=0.00 pa=+0.00 | srch=0.00 | wall=3.25
R4[SITE      ]: L=+1.00 R=+1.00 | carry=0 | base=0.41 ba=-0.99 | site=1 sd=0.20 sa=+0.16 | phero=0 pd=0.00 pa=+0.00 | srch=0.24 | wall=2.60

[DEPOSIT] Robot 1 deposited! Total: 126
  [PHERO] Laid at (2.76, 1.44) density=12 prob=1.00 total_entries=8
  [TARGET] Robot 1 → SITE (2.76,1.44)
[DEPOSIT] Robot 2 deposited! Total: 127
  [PHERO] Laid at (2.87, 2.05) density=11 prob=1.00 total_entries=9
  [TARGET] Robot 2 → SITE (2.87,2.05)

======================================================================
Step 61500 (32.8 min) | Pickups: 128 | Deposits: 127 | Rate: 3.87 tags/min | phero_entries=9 phero_max=0.824
======================================================================
R1[SITE      ]: L=+1.00 R=+0.95 | carry=0 | base=0.15 ba=-0.86 | site=1 sd=0.24 sa=-0.05 | phero=0 pd=0.00 pa=+0.00 | srch=0.10 | wall=5.05
R2[SITE      ]: L=+0.01 R=+1.00 | carry=0 | base=0.03 ba=-0.99 | site=1 sd=0.39 sa=+0.11 | phero=0 pd=0.00 pa=+0.00 | srch=0.03 | wall=5.76
R3[RTB       ]: L=+1.00 R=+1.00 | carry=1 | base=0.10 ba=-0.00 | site=0 sd=0.00 sa=+0.00 | phero=0 pd=0.00 pa=+0.00 | srch=0.00 | wall=5.17
R4[SITE      ]: L=+0.90 R=+1.00 | carry=0 | base=0.60 ba=+0.59 | site=1 sd=0.06 sa=+0.17 | phero=0 pd=0.00 pa=+0.00 | srch=0.37 | wall=0.91

[DEPOSIT] Robot 3 deposited! Total: 128
  [PHERO] Laid at (-5.02, 0.08) density=20 prob=1.00 total_entries=7
  [TARGET] Robot 3 → SITE (-5.02,0.08)
[PICKUP] Robot 4 picked up tag (density=19) | Total: 129

======================================================================
Step 62000 (33.1 min) | Pickups: 129 | Deposits: 128 | Rate: 3.87 tags/min | phero_entries=6 phero_max=0.572
======================================================================
R1[SITE      ]: L=+1.00 R=+0.83 | carry=0 | base=0.36 ba=-0.90 | site=1 sd=0.02 sa=-0.22 | phero=0 pd=0.00 pa=+0.00 | srch=0.22 | wall=3.35
R2[SITE      ]: L=+0.99 R=+1.00 | carry=0 | base=0.25 ba=+0.94 | site=1 sd=0.17 sa=-0.04 | phero=0 pd=0.00 pa=+0.00 | srch=0.16 | wall=4.24
R3[SITE      ]: L=+1.00 R=+1.00 | carry=0 | base=0.12 ba=+0.96 | site=1 sd=0.47 sa=-0.10 | phero=0 pd=0.00 pa=+0.00 | srch=0.09 | wall=4.97
R4[RTB       ]: L=+1.00 R=+1.00 | carry=1 | base=0.47 ba=+0.00 | site=0 sd=0.00 sa=+0.00 | phero=0 pd=0.00 pa=+0.00 | srch=0.00 | wall=2.01

[PICKUP] Robot 2 picked up tag (density=10) | Total: 130

======================================================================
Step 62500 (33.3 min) | Pickups: 130 | Deposits: 128 | Rate: 3.84 tags/min | phero_entries=6 phero_max=0.257
======================================================================
R1[EXPLORE   ]: L=+1.00 R=+1.00 | carry=0 | base=0.51 ba=-0.78 | site=0 sd=0.00 sa=+0.00 | phero=0 pd=0.00 pa=+0.00 | srch=0.35 | wall=1.73
R2[RTB       ]: L=+1.00 R=+0.99 | carry=1 | base=0.35 ba=-0.00 | site=0 sd=0.00 sa=+0.00 | phero=0 pd=0.00 pa=+0.00 | srch=0.00 | wall=3.62
R3[SITE      ]: L=+0.24 R=+0.24 | carry=0 | base=0.29 ba=-0.96 | site=1 sd=0.31 sa=-0.09 | phero=0 pd=0.00 pa=+0.00 | srch=0.21 | wall=3.57
R4[RTB       ]: L=+1.00 R=+1.00 | carry=1 | base=0.24 ba=+0.00 | site=0 sd=0.00 sa=+0.00 | phero=0 pd=0.00 pa=+0.00 | srch=0.00 | wall=3.93

[PICKUP] Robot 1 picked up tag (density=18) | Total: 131
[DEPOSIT] Robot 4 deposited! Total: 129
  [PHERO] Laid at (4.96, 0.13) density=19 prob=1.00 total_entries=7
  [TARGET] Robot 4 → SITE (4.96,0.13)

======================================================================
Step 63000 (33.6 min) | Pickups: 131 | Deposits: 129 | Rate: 3.84 tags/min | phero_entries=7 phero_max=0.961
======================================================================
R1[RTB       ]: L=+1.00 R=+1.00 | carry=1 | base=0.50 ba=-0.00 | site=0 sd=0.00 sa=+0.00 | phero=0 pd=0.00 pa=+0.00 | srch=0.00 | wall=1.77
R2[RTB       ]: L=+1.00 R=+1.00 | carry=1 | base=0.12 ba=-0.00 | site=0 sd=0.00 sa=+0.00 | phero=0 pd=0.00 pa=+0.00 | srch=0.00 | wall=5.18
R3[SITE      ]: L=+0.93 R=+0.89 | carry=0 | base=0.36 ba=-0.82 | site=1 sd=0.24 sa=+0.05 | phero=0 pd=0.00 pa=+0.00 | srch=0.34 | wall=2.99
R4[BASE_ESC  ]: L=+1.00 R=+0.00 | carry=0 | base=0.03 ba=+0.24 | site=1 sd=0.56 sa=-0.78 | phero=0 pd=0.00 pa=+0.00 | srch=0.01 | wall=5.78

[DEPOSIT] Robot 2 deposited! Total: 130
  [PHERO] Laid at (2.56, 1.99) density=10 prob=1.00 total_entries=8
  [TARGET] Robot 2 → SITE (2.56,1.99)

======================================================================
Step 63500 (33.9 min) | Pickups: 131 | Deposits: 130 | Rate: 3.84 tags/min | phero_entries=8 phero_max=0.619
======================================================================
R1[RTB       ]: L=+1.00 R=+1.00 | carry=1 | base=0.27 ba=-0.00 | site=0 sd=0.00 sa=+0.00 | phero=0 pd=0.00 pa=+0.00 | srch=0.00 | wall=3.69
R2[SITE      ]: L=+1.00 R=+1.00 | carry=0 | base=0.11 ba=+1.00 | site=1 sd=0.28 sa=+0.20 | phero=0 pd=0.00 pa=+0.00 | srch=0.08 | wall=5.05
R3[SITE      ]: L=+0.38 R=+0.37 | carry=0 | base=0.49 ba=-0.92 | site=1 sd=0.11 sa=-0.01 | phero=0 pd=0.00 pa=+0.00 | srch=0.46 | wall=1.87
R4[SITE      ]: L=+0.99 R=+1.00 | carry=0 | base=0.21 ba=-0.97 | site=1 sd=0.38 sa=+0.08 | phero=0 pd=0.00 pa=+0.00 | srch=0.13 | wall=4.26


======================================================================
Step 64000 (34.1 min) | Pickups: 131 | Deposits: 130 | Rate: 3.81 tags/min | phero_entries=6 phero_max=0.278
======================================================================
R1[RTB       ]: L=+1.00 R=+1.00 | carry=1 | base=0.05 ba=-0.00 | site=0 sd=0.00 sa=+0.00 | phero=0 pd=0.00 pa=+0.00 | srch=0.00 | wall=5.61
R2[SITE      ]: L=+0.96 R=+1.00 | carry=0 | base=0.33 ba=+0.85 | site=1 sd=0.14 sa=+0.30 | phero=0 pd=0.00 pa=+0.00 | srch=0.20 | wall=3.29
R3[SITE      ]: L=+0.34 R=+0.34 | carry=0 | base=0.57 ba=-0.92 | site=1 sd=0.02 sa=-0.01 | phero=0 pd=0.00 pa=+0.00 | srch=0.59 | wall=1.18
R4[SITE      ]: L=+0.92 R=+0.93 | carry=0 | base=0.43 ba=+0.97 | site=1 sd=0.16 sa=+0.08 | phero=0 pd=0.00 pa=+0.00 | srch=0.26 | wall=2.37

[DEPOSIT] Robot 1 deposited! Total: 131
  [PHERO] Laid at (4.97, 0.16) density=18 prob=1.00 total_entries=7
  [TARGET] Robot 1 → SITE (4.97,0.16)
[PICKUP] Robot 3 picked up tag (density=19) | Total: 132
[PICKUP] Robot 2 picked up tag (density=9) | Total: 133
[PICKUP] Robot 4 picked up tag (density=17) | Total: 134

======================================================================
Step 64500 (34.4 min) | Pickups: 134 | Deposits: 131 | Rate: 3.81 tags/min | phero_entries=6 phero_max=0.477
======================================================================
R1[SITE      ]: L=+1.00 R=+1.00 | carry=0 | base=0.19 ba=+0.99 | site=1 sd=0.42 sa=+0.18 | phero=0 pd=0.00 pa=+0.00 | srch=0.12 | wall=4.54
R2[RTB       ]: L=+1.00 R=+1.00 | carry=1 | base=0.36 ba=+0.00 | site=0 sd=0.00 sa=+0.00 | phero=0 pd=0.00 pa=+0.00 | srch=0.00 | wall=3.46
R3[RTB       ]: L=+1.00 R=+1.00 | carry=1 | base=0.56 ba=-0.00 | site=0 sd=0.00 sa=+0.00 | phero=0 pd=0.00 pa=+0.00 | srch=0.00 | wall=1.24
R4[RTB       ]: L=+0.72 R=+1.00 | carry=1 | base=0.58 ba=+0.12 | site=0 sd=0.00 sa=+0.00 | phero=0 pd=0.00 pa=+0.00 | srch=0.00 | wall=1.07


======================================================================
Step 65000 (34.7 min) | Pickups: 134 | Deposits: 131 | Rate: 3.78 tags/min | phero_entries=6 phero_max=0.214
======================================================================
R1[SITE      ]: L=+1.00 R=+1.00 | carry=0 | base=0.41 ba=+1.00 | site=1 sd=0.26 sa=+0.34 | phero=0 pd=0.00 pa=+0.00 | srch=0.24 | wall=2.74
R2[RTB       ]: L=+1.00 R=+1.00 | carry=1 | base=0.13 ba=+0.00 | site=0 sd=0.00 sa=+0.00 | phero=0 pd=0.00 pa=+0.00 | srch=0.00 | wall=5.08
R3[RTB       ]: L=+1.00 R=+1.00 | carry=1 | base=0.34 ba=-0.00 | site=0 sd=0.00 sa=+0.00 | phero=0 pd=0.00 pa=+0.00 | srch=0.00 | wall=3.16
R4[RTB       ]: L=+1.00 R=+1.00 | carry=1 | base=0.36 ba=+0.00 | site=0 sd=0.00 sa=+0.00 | phero=0 pd=0.00 pa=+0.00 | srch=0.00 | wall=2.97

[DEPOSIT] Robot 2 deposited! Total: 132
  [PHERO] Laid at (3.05, 1.86) density=9 prob=1.00 total_entries=7
  [TARGET] Robot 2 → SITE (3.05,1.86)

======================================================================
Step 65500 (34.9 min) | Pickups: 134 | Deposits: 132 | Rate: 3.78 tags/min | phero_entries=6 phero_max=0.641
======================================================================
R1[SITE      ]: L=+0.96 R=+1.00 | carry=0 | base=0.59 ba=+0.64 | site=1 sd=0.14 sa=+0.19 | phero=0 pd=0.00 pa=+0.00 | srch=0.37 | wall=1.10
R2[SITE      ]: L=+1.00 R=+1.00 | carry=0 | base=0.10 ba=+0.96 | site=1 sd=0.34 sa=-0.26 | phero=0 pd=0.00 pa=+0.00 | srch=0.07 | wall=5.21
R3[RTB       ]: L=+1.00 R=+1.00 | carry=1 | base=0.11 ba=-0.00 | site=0 sd=0.00 sa=+0.00 | phero=0 pd=0.00 pa=+0.00 | srch=0.00 | wall=5.08
R4[RTB       ]: L=+1.00 R=+1.00 | carry=1 | base=0.13 ba=+0.00 | site=0 sd=0.00 sa=+0.00 | phero=0 pd=0.00 pa=+0.00 | srch=0.00 | wall=4.89

[DEPOSIT] Robot 3 deposited! Total: 133
  [PHERO] Laid at (-5.11, 0.10) density=19 prob=1.00 total_entries=7
  [TARGET] Robot 3 → SITE (-5.11,0.10)
[DEPOSIT] Robot 4 deposited! Total: 134
  [PHERO] Laid at (4.99, 0.04) density=17 prob=1.00 total_entries=7
  [TARGET] Robot 4 → SITE (4.99,0.04)
[PICKUP] Robot 1 picked up tag (density=16) | Total: 135

======================================================================
Step 66000 (35.2 min) | Pickups: 135 | Deposits: 134 | Rate: 3.81 tags/min | phero_entries=6 phero_max=0.643
======================================================================
R1[RTB       ]: L=+1.00 R=+1.00 | carry=1 | base=0.53 ba=+0.00 | site=0 sd=0.00 sa=+0.00 | phero=0 pd=0.00 pa=+0.00 | srch=0.00 | wall=1.50
R2[SITE      ]: L=+1.00 R=+1.00 | carry=0 | base=0.30 ba=-0.88 | site=1 sd=0.14 sa=-0.09 | phero=0 pd=0.00 pa=+0.00 | srch=0.19 | wall=4.15
R3[SITE      ]: L=+0.99 R=+1.00 | carry=0 | base=0.12 ba=+0.99 | site=1 sd=0.49 sa=+0.12 | phero=0 pd=0.00 pa=+0.00 | srch=0.08 | wall=5.01
R4[SITE      ]: L=+1.00 R=+0.99 | carry=0 | base=0.10 ba=-0.98 | site=1 sd=0.49 sa=-0.09 | phero=0 pd=0.00 pa=+0.00 | srch=0.07 | wall=5.20

[PICKUP] Robot 2 picked up tag (density=8) | Total: 136

======================================================================
Step 66500 (35.5 min) | Pickups: 136 | Deposits: 134 | Rate: 3.78 tags/min | phero_entries=6 phero_max=0.289
======================================================================
R1[RTB       ]: L=+1.00 R=+1.00 | carry=1 | base=0.30 ba=+0.00 | site=0 sd=0.00 sa=+0.00 | phero=0 pd=0.00 pa=+0.00 | srch=0.00 | wall=3.42
R2[RTB       ]: L=+1.00 R=+1.00 | carry=1 | base=0.29 ba=-0.00 | site=0 sd=0.00 sa=+0.00 | phero=0 pd=0.00 pa=+0.00 | srch=0.00 | wall=3.99
R3[SITE      ]: L=+0.99 R=+1.00 | carry=0 | base=0.34 ba=+0.91 | site=1 sd=0.27 sa=+0.01 | phero=0 pd=0.00 pa=+0.00 | srch=0.21 | wall=3.13
R4[SITE      ]: L=+1.00 R=+0.99 | carry=0 | base=0.32 ba=-0.97 | site=1 sd=0.28 sa=-0.08 | phero=0 pd=0.00 pa=+0.00 | srch=0.19 | wall=3.30


======================================================================
Step 67000 (35.7 min) | Pickups: 136 | Deposits: 134 | Rate: 3.75 tags/min | phero_entries=6 phero_max=0.130
======================================================================
R1[RTB       ]: L=+1.00 R=+1.00 | carry=1 | base=0.08 ba=+0.00 | site=0 sd=0.00 sa=+0.00 | phero=0 pd=0.00 pa=+0.00 | srch=0.00 | wall=5.34
R2[RTB       ]: L=+1.00 R=+1.00 | carry=1 | base=0.06 ba=-0.00 | site=0 sd=0.00 sa=+0.00 | phero=0 pd=0.00 pa=+0.00 | srch=0.00 | wall=5.57
R3[SITE      ]: L=+0.67 R=+0.67 | carry=0 | base=0.53 ba=+0.94 | site=1 sd=0.07 sa=+0.02 | phero=0 pd=0.00 pa=+0.00 | srch=0.33 | wall=1.49
R4[SITE      ]: L=+1.00 R=+0.98 | carry=0 | base=0.54 ba=-0.87 | site=1 sd=0.06 sa=-0.05 | phero=0 pd=0.00 pa=+0.00 | srch=0.32 | wall=1.42

[DEPOSIT] Robot 2 deposited! Total: 135
  [PHERO] Laid at (2.59, 1.94) density=8 prob=1.00 total_entries=7
  [TARGET] Robot 2 → SITE (2.59,1.94)
[DEPOSIT] Robot 1 deposited! Total: 136
  [PHERO] Laid at (5.18, -0.04) density=16 prob=1.00 total_entries=8
  [TARGET] Robot 1 → SITE (5.18,-0.04)
[PICKUP] Robot 3 picked up tag (density=18) | Total: 137

======================================================================
Step 67500 (36.0 min) | Pickups: 137 | Deposits: 136 | Rate: 3.78 tags/min | phero_entries=7 phero_max=0.532
======================================================================
R1[SITE      ]: L=+1.00 R=+1.00 | carry=0 | base=0.15 ba=+0.98 | site=1 sd=0.49 sa=-0.25 | phero=0 pd=0.00 pa=+0.00 | srch=0.10 | wall=4.90
R2[SITE      ]: L=+1.00 R=+1.00 | carry=0 | base=0.17 ba=+1.00 | site=1 sd=0.22 sa=+0.15 | phero=0 pd=0.00 pa=+0.00 | srch=0.11 | wall=4.67
R3[RTB       ]: L=+1.00 R=+1.00 | carry=1 | base=0.55 ba=-0.00 | site=0 sd=0.00 sa=+0.00 | phero=0 pd=0.00 pa=+0.00 | srch=0.00 | wall=1.36
R4[EXPLORE   ]: L=+1.00 R=+1.00 | carry=0 | base=0.65 ba=-0.23 | site=0 sd=0.00 sa=+0.00 | phero=0 pd=0.00 pa=+0.00 | srch=0.44 | wall=0.54

[PICKUP] Robot 2 picked up tag (density=7) | Total: 138

======================================================================
Step 68000 (36.3 min) | Pickups: 138 | Deposits: 136 | Rate: 3.75 tags/min | phero_entries=6 phero_max=0.239
======================================================================
R1[SITE      ]: L=+1.00 R=+1.00 | carry=0 | base=0.36 ba=-0.83 | site=1 sd=0.35 sa=-0.18 | phero=0 pd=0.00 pa=+0.00 | srch=0.22 | wall=3.33
R2[RTB       ]: L=+0.00 R=+1.00 | carry=1 | base=0.37 ba=+0.44 | site=0 sd=0.00 sa=+0.00 | phero=0 pd=0.00 pa=+0.00 | srch=0.00 | wall=3.26
R3[RTB       ]: L=+1.00 R=+1.00 | carry=1 | base=0.32 ba=-0.00 | site=0 sd=0.00 sa=+0.00 | phero=0 pd=0.00 pa=+0.00 | srch=0.00 | wall=3.28
R4[EXPLORE   ]: L=+1.00 R=+1.00 | carry=0 | base=0.50 ba=-0.32 | site=0 sd=0.00 sa=+0.00 | phero=0 pd=0.00 pa=+0.00 | srch=0.57 | wall=2.15

[PICKUP] Robot 1 picked up tag (density=6) | Total: 139
[PICKUP] Robot 4 picked up tag (density=20) | Total: 140

======================================================================
Step 68500 (36.5 min) | Pickups: 140 | Deposits: 136 | Rate: 3.72 tags/min | phero_entries=5 phero_max=0.107
======================================================================
R1[RTB       ]: L=+1.00 R=+1.00 | carry=1 | base=0.20 ba=-0.00 | site=0 sd=0.00 sa=+0.00 | phero=0 pd=0.00 pa=+0.00 | srch=0.00 | wall=4.52
R2[RTB       ]: L=+1.00 R=+1.00 | carry=1 | base=0.19 ba=+0.00 | site=0 sd=0.00 sa=+0.00 | phero=0 pd=0.00 pa=+0.00 | srch=0.00 | wall=4.61
R3[RTB       ]: L=+1.00 R=+1.00 | carry=1 | base=0.09 ba=-0.00 | site=0 sd=0.00 sa=+0.00 | phero=0 pd=0.00 pa=+0.00 | srch=0.00 | wall=5.20
R4[RTB       ]: L=+1.00 R=+1.00 | carry=1 | base=0.30 ba=-0.00 | site=0 sd=0.00 sa=+0.00 | phero=0 pd=0.00 pa=+0.00 | srch=0.00 | wall=3.78

[DEPOSIT] Robot 3 deposited! Total: 137
  [PHERO] Laid at (-5.18, 0.09) density=18 prob=1.00 total_entries=6
  [TARGET] Robot 3 → SITE (-5.18,0.09)
[DEPOSIT] Robot 2 deposited! Total: 138
  [PHERO] Laid at (2.68, 1.54) density=7 prob=0.99 total_entries=7
  [TARGET] Robot 2 → SITE (2.68,1.54)
[DEPOSIT] Robot 1 deposited! Total: 139
  [PHERO] Laid at (2.74, 1.56) density=6 prob=0.97 total_entries=8
  [TARGET] Robot 1 → SITE (2.74,1.56)

======================================================================
Step 69000 (36.8 min) | Pickups: 140 | Deposits: 139 | Rate: 3.78 tags/min | phero_entries=8 phero_max=0.816
======================================================================
R1[SITE      ]: L=+1.00 R=+1.00 | carry=0 | base=0.03 ba=-0.89 | site=1 sd=0.34 sa=+0.23 | phero=0 pd=0.00 pa=+0.00 | srch=0.03 | wall=5.75
R2[BASE_ESC  ]: L=+0.70 R=+1.00 | carry=0 | base=0.02 ba=-0.93 | site=1 sd=0.34 sa=+0.11 | phero=0 pd=0.00 pa=+0.00 | srch=0.04 | wall=5.82
R3[SITE      ]: L=+0.95 R=+0.97 | carry=0 | base=0.08 ba=+0.90 | site=1 sd=0.53 sa=-0.11 | phero=0 pd=0.00 pa=+0.00 | srch=0.09 | wall=5.32
R4[RTB       ]: L=+1.00 R=+1.00 | carry=1 | base=0.07 ba=-0.00 | site=0 sd=0.00 sa=+0.00 | phero=0 pd=0.00 pa=+0.00 | srch=0.00 | wall=5.46

[DEPOSIT] Robot 4 deposited! Total: 140
  [PHERO] Laid at (3.62, -1.93) density=20 prob=1.00 total_entries=9
  [TARGET] Robot 4 → SITE (3.62,-1.93)

======================================================================
Step 69500 (37.1 min) | Pickups: 140 | Deposits: 140 | Rate: 3.78 tags/min | phero_entries=9 phero_max=0.525
======================================================================
R1[SITE      ]: L=+1.00 R=+1.00 | carry=0 | base=0.25 ba=+0.94 | site=1 sd=0.17 sa=+0.25 | phero=0 pd=0.00 pa=+0.00 | srch=0.16 | wall=3.90
R2[SITE      ]: L=+1.00 R=+1.00 | carry=0 | base=0.25 ba=+0.98 | site=1 sd=0.12 sa=-0.10 | phero=0 pd=0.00 pa=+0.00 | srch=0.16 | wall=4.28
R3[SITE      ]: L=+0.68 R=+0.67 | carry=0 | base=0.23 ba=-0.96 | site=1 sd=0.38 sa=+0.00 | phero=0 pd=0.00 pa=+0.00 | srch=0.21 | wall=4.07
R4[SITE      ]: L=+0.98 R=+1.00 | carry=0 | base=0.16 ba=+0.95 | site=1 sd=0.34 sa=+0.14 | phero=0 pd=0.00 pa=+0.00 | srch=0.10 | wall=4.94

[PICKUP] Robot 2 picked up tag (density=5) | Total: 141

======================================================================
Step 70000 (37.3 min) | Pickups: 141 | Deposits: 140 | Rate: 3.75 tags/min | phero_entries=7 phero_max=0.236
======================================================================
R1[SITE      ]: L=+0.88 R=+1.00 | carry=0 | base=0.42 ba=+0.55 | site=1 sd=0.05 sa=+0.46 | phero=0 pd=0.00 pa=+0.00 | srch=0.28 | wall=2.83
R2[RTB       ]: L=+1.00 R=+1.00 | carry=1 | base=0.31 ba=-0.00 | site=0 sd=0.00 sa=+0.00 | phero=0 pd=0.00 pa=+0.00 | srch=0.00 | wall=3.73
R3[SITE      ]: L=+0.33 R=+0.34 | carry=0 | base=0.36 ba=-0.95 | site=1 sd=0.25 sa=+0.03 | phero=0 pd=0.00 pa=+0.00 | srch=0.34 | wall=2.92
R4[SITE      ]: L=+1.00 R=+1.00 | carry=0 | base=0.38 ba=+0.96 | site=1 sd=0.15 sa=+0.25 | phero=0 pd=0.00 pa=+0.00 | srch=0.23 | wall=3.63

[PICKUP] Robot 1 picked up tag (density=4) | Total: 142

======================================================================
Step 70500 (37.6 min) | Pickups: 142 | Deposits: 140 | Rate: 3.72 tags/min | phero_entries=6 phero_max=0.106
======================================================================
R1[RTB       ]: L=+1.00 R=+1.00 | carry=1 | base=0.24 ba=+0.00 | site=0 sd=0.00 sa=+0.00 | phero=0 pd=0.00 pa=+0.00 | srch=0.00 | wall=4.31
R2[RTB       ]: L=+1.00 R=+1.00 | carry=1 | base=0.08 ba=-0.00 | site=0 sd=0.00 sa=+0.00 | phero=0 pd=0.00 pa=+0.00 | srch=0.00 | wall=5.39
R3[SITE      ]: L=+0.48 R=+0.48 | carry=0 | base=0.51 ba=-0.98 | site=1 sd=0.10 sa=+0.01 | phero=0 pd=0.00 pa=+0.00 | srch=0.46 | wall=1.71
R4[SITE      ]: L=+0.79 R=+1.00 | carry=0 | base=0.50 ba=+0.25 | site=1 sd=0.02 sa=+0.31 | phero=0 pd=0.00 pa=+0.00 | srch=0.35 | wall=2.20

[PICKUP] Robot 4 picked up tag (density=19) | Total: 143
[DEPOSIT] Robot 2 deposited! Total: 141
  [PHERO] Laid at (2.63, 1.67) density=5 prob=0.92 total_entries=7
  [TARGET] Robot 2 → SITE (2.63,1.67)
[DEPOSIT] Robot 1 deposited! Total: 142
  [PHERO] Laid at (2.98, 1.88) density=4 prob=0.82 total_entries=8
  [TARGET] Robot 1 → SITE (2.98,1.88)

======================================================================
Step 71000 (37.9 min) | Pickups: 143 | Deposits: 142 | Rate: 3.75 tags/min | phero_entries=8 phero_max=0.943
======================================================================
R1[BASE_ESC  ]: L=+1.00 R=+0.00 | carry=0 | base=0.03 ba=+0.33 | site=1 sd=0.39 sa=-0.70 | phero=0 pd=0.00 pa=+0.00 | srch=0.01 | wall=5.82
R2[SITE      ]: L=+1.00 R=+1.00 | carry=0 | base=0.15 ba=+0.90 | site=1 sd=0.23 sa=+0.04 | phero=0 pd=0.00 pa=+0.00 | srch=0.09 | wall=4.81
R3[SITE      ]: L=+0.48 R=+0.44 | carry=0 | base=0.57 ba=+0.95 | site=1 sd=0.04 sa=-0.13 | phero=0 pd=0.00 pa=+0.00 | srch=0.59 | wall=1.19
R4[RTB       ]: L=+1.00 R=+1.00 | carry=1 | base=0.30 ba=-0.00 | site=0 sd=0.00 sa=+0.00 | phero=0 pd=0.00 pa=+0.00 | srch=0.00 | wall=3.76


======================================================================
Step 71500 (38.1 min) | Pickups: 143 | Deposits: 142 | Rate: 3.72 tags/min | phero_entries=6 phero_max=0.424
======================================================================
R1[SITE      ]: L=+1.00 R=+1.00 | carry=0 | base=0.22 ba=+0.99 | site=1 sd=0.26 sa=-0.34 | phero=0 pd=0.00 pa=+0.00 | srch=0.13 | wall=4.30
R2[SITE      ]: L=+0.89 R=+1.00 | carry=0 | base=0.36 ba=+0.78 | site=1 sd=0.01 sa=+0.08 | phero=0 pd=0.00 pa=+0.00 | srch=0.22 | wall=3.38
R3[SITE      ]: L=+0.22 R=+0.22 | carry=0 | base=0.56 ba=+0.99 | site=1 sd=0.05 sa=-0.10 | phero=0 pd=0.00 pa=+0.00 | srch=0.71 | wall=1.26
R4[RTB       ]: L=+1.00 R=+1.00 | carry=1 | base=0.07 ba=-0.00 | site=0 sd=0.00 sa=+0.00 | phero=0 pd=0.00 pa=+0.00 | srch=0.00 | wall=5.46

[PICKUP] Robot 2 picked up tag (density=3) | Total: 144
[DEPOSIT] Robot 4 deposited! Total: 143
  [PHERO] Laid at (3.62, -1.85) density=19 prob=1.00 total_entries=7
  [TARGET] Robot 4 → SITE (3.62,-1.85)
[PICKUP] Robot 3 picked up tag (density=17) | Total: 145

======================================================================
Step 72000 (38.4 min) | Pickups: 145 | Deposits: 143 | Rate: 3.72 tags/min | phero_entries=7 phero_max=0.523
======================================================================
R1[SITE      ]: L=+1.00 R=+0.96 | carry=0 | base=0.39 ba=-0.70 | site=1 sd=0.08 sa=-0.15 | phero=0 pd=0.00 pa=+0.00 | srch=0.26 | wall=3.56
R2[RTB       ]: L=+1.00 R=+1.00 | carry=1 | base=0.20 ba=+0.00 | site=0 sd=0.00 sa=+0.00 | phero=0 pd=0.00 pa=+0.00 | srch=0.00 | wall=4.61
R3[RTB       ]: L=+1.00 R=+1.00 | carry=1 | base=0.50 ba=-0.00 | site=0 sd=0.00 sa=+0.00 | phero=0 pd=0.00 pa=+0.00 | srch=0.00 | wall=1.78
R4[SITE      ]: L=+1.00 R=+1.00 | carry=0 | base=0.16 ba=-0.98 | site=1 sd=0.35 sa=+0.27 | phero=0 pd=0.00 pa=+0.00 | srch=0.10 | wall=4.84

[DEPOSIT] Robot 2 deposited! Total: 144
  [TARGET] Robot 2 → SITE (2.65,1.72)

======================================================================
Step 72500 (38.7 min) | Pickups: 145 | Deposits: 144 | Rate: 3.72 tags/min | phero_entries=7 phero_max=0.235
======================================================================
R1[EXPLORE   ]: L=+1.00 R=+1.00 | carry=0 | base=0.38 ba=-0.46 | site=0 sd=0.00 sa=+0.00 | phero=0 pd=0.00 pa=+0.00 | srch=0.38 | wall=2.88
R2[SITE      ]: L=+1.00 R=+1.00 | carry=0 | base=0.03 ba=+0.90 | site=1 sd=0.34 sa=-0.22 | phero=0 pd=0.00 pa=+0.00 | srch=0.03 | wall=5.77
R3[RTB       ]: L=+1.00 R=+1.00 | carry=1 | base=0.27 ba=-0.00 | site=0 sd=0.00 sa=+0.00 | phero=0 pd=0.00 pa=+0.00 | srch=0.00 | wall=3.70
R4[SITE      ]: L=+1.00 R=+1.00 | carry=0 | base=0.34 ba=+0.61 | site=1 sd=0.22 sa=-0.02 | phero=0 pd=0.00 pa=+0.00 | srch=0.23 | wall=3.69

[PICKUP] Robot 4 picked up tag (density=17) | Total: 146

======================================================================
Step 73000 (38.9 min) | Pickups: 146 | Deposits: 144 | Rate: 3.70 tags/min | phero_entries=6 phero_max=0.106
======================================================================
R1[EXPLORE   ]: L=+1.00 R=+1.00 | carry=0 | base=0.41 ba=-0.64 | site=0 sd=0.00 sa=+0.00 | phero=0 pd=0.00 pa=+0.00 | srch=0.51 | wall=2.68
R2[SITE      ]: L=+1.00 R=+1.00 | carry=0 | base=0.25 ba=-0.91 | site=1 sd=0.13 sa=-0.04 | phero=0 pd=0.00 pa=+0.00 | srch=0.16 | wall=4.42
R3[RTB       ]: L=+1.00 R=+1.00 | carry=1 | base=0.05 ba=-0.00 | site=0 sd=0.00 sa=+0.00 | phero=0 pd=0.00 pa=+0.00 | srch=0.00 | wall=5.62
R4[RTB       ]: L=+0.98 R=+1.00 | carry=1 | base=0.41 ba=+0.01 | site=0 sd=0.00 sa=+0.00 | phero=0 pd=0.00 pa=+0.00 | srch=0.00 | wall=3.01

[DEPOSIT] Robot 3 deposited! Total: 145
  [PHERO] Laid at (-4.91, -0.04) density=17 prob=1.00 total_entries=7
  [TARGET] Robot 3 → SITE (-4.91,-0.04)
[PICKUP] Robot 1 picked up tag (density=17) | Total: 147
[PICKUP] Robot 2 picked up tag (density=2) | Total: 148

======================================================================
Step 73500 (39.2 min) | Pickups: 148 | Deposits: 145 | Rate: 3.70 tags/min | phero_entries=4 phero_max=0.476
======================================================================
R1[RTB       ]: L=+1.00 R=+1.00 | carry=1 | base=0.28 ba=-0.00 | site=0 sd=0.00 sa=+0.00 | phero=0 pd=0.00 pa=+0.00 | srch=0.00 | wall=3.87
R2[RTB       ]: L=+1.00 R=+0.99 | carry=1 | base=0.35 ba=-0.00 | site=0 sd=0.00 sa=+0.00 | phero=0 pd=0.00 pa=+0.00 | srch=0.00 | wall=3.48
R3[SITE      ]: L=+0.83 R=+0.84 | carry=0 | base=0.17 ba=+0.96 | site=1 sd=0.41 sa=-0.09 | phero=0 pd=0.00 pa=+0.00 | srch=0.12 | wall=4.56
R4[RTB       ]: L=+1.00 R=+1.00 | carry=1 | base=0.19 ba=+0.00 | site=0 sd=0.00 sa=+0.00 | phero=0 pd=0.00 pa=+0.00 | srch=0.00 | wall=4.65

[DEPOSIT] Robot 4 deposited! Total: 146
  [PHERO] Laid at (3.12, -2.03) density=17 prob=1.00 total_entries=5
  [TARGET] Robot 4 → SITE (3.12,-2.03)

======================================================================
Step 74000 (39.5 min) | Pickups: 148 | Deposits: 146 | Rate: 3.70 tags/min | phero_entries=5 phero_max=0.784
======================================================================
R1[RTB       ]: L=+1.00 R=+1.00 | carry=1 | base=0.05 ba=-0.00 | site=0 sd=0.00 sa=+0.00 | phero=0 pd=0.00 pa=+0.00 | srch=0.00 | wall=5.61
R2[RTB       ]: L=+1.00 R=+1.00 | carry=1 | base=0.12 ba=-0.00 | site=0 sd=0.00 sa=+0.00 | phero=0 pd=0.00 pa=+0.00 | srch=0.00 | wall=5.13
R3[SITE      ]: L=+0.42 R=+0.42 | carry=0 | base=0.31 ba=-0.93 | site=1 sd=0.27 sa=+0.02 | phero=0 pd=0.00 pa=+0.00 | srch=0.24 | wall=3.34
R4[SITE      ]: L=+1.00 R=+0.93 | carry=0 | base=0.04 ba=-0.90 | site=1 sd=0.40 sa=+0.01 | phero=0 pd=0.00 pa=+0.00 | srch=0.04 | wall=5.68

[DEPOSIT] Robot 1 deposited! Total: 147
  [PHERO] Laid at (3.37, -1.48) density=17 prob=1.00 total_entries=6
  [TARGET] Robot 1 → SITE (3.37,-1.48)
[DEPOSIT] Robot 2 deposited! Total: 148
  [TARGET] Robot 2 → SITE (2.69,1.74)

======================================================================
Step 74500 (39.7 min) | Pickups: 148 | Deposits: 148 | Rate: 3.72 tags/min | phero_entries=6 phero_max=0.493
======================================================================
R1[SITE      ]: L=+1.00 R=+1.00 | carry=0 | base=0.18 ba=+1.00 | site=1 sd=0.28 sa=+0.22 | phero=0 pd=0.00 pa=+0.00 | srch=0.11 | wall=4.88
R2[SITE      ]: L=+1.00 R=+1.00 | carry=0 | base=0.11 ba=+1.00 | site=1 sd=0.28 sa=+0.21 | phero=0 pd=0.00 pa=+0.00 | srch=0.08 | wall=5.03
R3[SITE      ]: L=+0.30 R=+0.32 | carry=0 | base=0.36 ba=-0.94 | site=1 sd=0.22 sa=+0.01 | phero=0 pd=0.00 pa=+0.00 | srch=0.37 | wall=2.98
R4[SITE      ]: L=+0.97 R=+1.00 | carry=0 | base=0.26 ba=+0.99 | site=1 sd=0.20 sa=+0.15 | phero=0 pd=0.00 pa=+0.00 | srch=0.16 | wall=4.46


======================================================================
Step 75000 (40.0 min) | Pickups: 148 | Deposits: 148 | Rate: 3.70 tags/min | phero_entries=5 phero_max=0.222
======================================================================
R1[SITE      ]: L=+0.96 R=+1.00 | carry=0 | base=0.40 ba=+0.86 | site=1 sd=0.16 sa=+0.35 | phero=0 pd=0.00 pa=+0.00 | srch=0.24 | wall=3.59
R2[SITE      ]: L=+0.96 R=+1.00 | carry=0 | base=0.34 ba=+0.85 | site=1 sd=0.14 sa=+0.32 | phero=0 pd=0.00 pa=+0.00 | srch=0.20 | wall=3.21
R3[SITE      ]: L=+0.20 R=+0.20 | carry=0 | base=0.40 ba=-0.92 | site=1 sd=0.18 sa=+0.04 | phero=0 pd=0.00 pa=+0.00 | srch=0.49 | wall=2.58
R4[SITE      ]: L=+0.64 R=+0.80 | carry=0 | base=0.44 ba=+0.67 | site=1 sd=0.01 sa=+0.13 | phero=0 pd=0.00 pa=+0.00 | srch=0.29 | wall=2.94

[PICKUP] Robot 4 picked up tag (density=16) | Total: 149
[PICKUP] Robot 1 picked up tag (density=15) | Total: 150
[PICKUP] Robot 2 picked up tag (density=1) | Total: 151

======================================================================
Step 75500 (40.3 min) | Pickups: 151 | Deposits: 148 | Rate: 3.68 tags/min | phero_entries=4 phero_max=0.100
======================================================================
R1[RTB       ]: L=+0.99 R=+1.00 | carry=1 | base=0.44 ba=+0.01 | site=0 sd=0.00 sa=+0.00 | phero=0 pd=0.00 pa=+0.00 | srch=0.00 | wall=2.63
R2[RTB       ]: L=+0.91 R=+1.00 | carry=1 | base=0.39 ba=+0.03 | site=0 sd=0.00 sa=+0.00 | phero=0 pd=0.00 pa=+0.00 | srch=0.00 | wall=3.20
R3[SITE      ]: L=+0.55 R=+0.54 | carry=0 | base=0.41 ba=+0.94 | site=1 sd=0.17 sa=-0.11 | phero=0 pd=0.00 pa=+0.00 | srch=0.62 | wall=2.49
R4[RTB       ]: L=+1.00 R=+1.00 | carry=1 | base=0.29 ba=+0.00 | site=0 sd=0.00 sa=+0.00 | phero=0 pd=0.00 pa=+0.00 | srch=0.00 | wall=3.90


======================================================================
Step 76000 (40.5 min) | Pickups: 151 | Deposits: 148 | Rate: 3.65 tags/min | phero_entries=3 phero_max=0.045
======================================================================
R1[RTB       ]: L=+1.00 R=+1.00 | carry=1 | base=0.22 ba=+0.00 | site=0 sd=0.00 sa=+0.00 | phero=0 pd=0.00 pa=+0.00 | srch=0.00 | wall=4.34
R2[RTB       ]: L=+1.00 R=+1.00 | carry=1 | base=0.17 ba=+0.00 | site=0 sd=0.00 sa=+0.00 | phero=0 pd=0.00 pa=+0.00 | srch=0.00 | wall=4.82
R3[SITE      ]: L=-0.18 R=-0.18 | carry=0 | base=0.46 ba=-0.98 | site=1 sd=0.12 sa=-0.07 | phero=0 pd=0.00 pa=+0.00 | srch=0.74 | wall=2.10
R4[RTB       ]: L=+1.00 R=+1.00 | carry=1 | base=0.06 ba=+0.00 | site=0 sd=0.00 sa=+0.00 | phero=0 pd=0.00 pa=+0.00 | srch=0.00 | wall=5.55

[DEPOSIT] Robot 4 deposited! Total: 149
  [PHERO] Laid at (3.20, -2.03) density=16 prob=1.00 total_entries=4
  [TARGET] Robot 4 → SITE (3.20,-2.03)
[DEPOSIT] Robot 2 deposited! Total: 150
  [TARGET] Robot 2 → PHERO (3.20,-2.03)
[DEPOSIT] Robot 1 deposited! Total: 151
  [PHERO] Laid at (3.58, -1.89) density=15 prob=1.00 total_entries=5
  [TARGET] Robot 1 → SITE (3.58,-1.89)

======================================================================
Step 76500 (40.8 min) | Pickups: 151 | Deposits: 151 | Rate: 3.70 tags/min | phero_entries=5 phero_max=0.916
======================================================================
R1[BASE_ESC  ]: L=+0.00 R=+1.00 | carry=0 | base=0.03 ba=-0.47 | site=1 sd=0.45 sa=+0.54 | phero=0 pd=0.00 pa=+0.00 | srch=0.01 | wall=5.81
R2[PHERO     ]: L=+1.00 R=+0.96 | carry=0 | base=0.05 ba=-0.83 | site=0 sd=0.00 sa=+0.00 | phero=1 pd=0.42 pa=-0.20 | srch=0.05 | wall=5.63
R3[SITE      ]: L=+0.03 R=+0.04 | carry=0 | base=0.49 ba=-0.95 | site=1 sd=0.09 sa=+0.02 | phero=0 pd=0.00 pa=+0.00 | srch=0.87 | wall=1.82
R4[SITE      ]: L=+1.00 R=+1.00 | carry=0 | base=0.15 ba=-0.96 | site=1 sd=0.30 sa=+0.06 | phero=0 pd=0.00 pa=+0.00 | srch=0.11 | wall=4.95


======================================================================
Step 77000 (41.1 min) | Pickups: 151 | Deposits: 151 | Rate: 3.68 tags/min | phero_entries=5 phero_max=0.411
======================================================================
R1[SITE      ]: L=+1.00 R=+1.00 | carry=0 | base=0.23 ba=-0.99 | site=1 sd=0.29 sa=+0.28 | phero=0 pd=0.00 pa=+0.00 | srch=0.14 | wall=4.41
R2[PHERO     ]: L=+1.00 R=+0.99 | carry=0 | base=0.26 ba=-0.91 | site=0 sd=0.00 sa=+0.00 | phero=1 pd=0.22 pa=-0.12 | srch=0.17 | wall=3.90
R3[SITE      ]: L=+0.60 R=+0.60 | carry=0 | base=0.57 ba=-0.97 | site=1 sd=0.01 sa=+0.01 | phero=0 pd=0.00 pa=+0.00 | srch=0.99 | wall=1.16
R4[SITE      ]: L=+0.97 R=+1.00 | carry=0 | base=0.38 ba=+0.93 | site=1 sd=0.08 sa=+0.10 | phero=0 pd=0.00 pa=+0.00 | srch=0.23 | wall=3.48

[GIVE-UP] R3 giving up after 4047 steps
[PICKUP] Robot 4 picked up tag (density=14) | Total: 152
[PICKUP] Robot 2 picked up tag (density=13) | Total: 153

======================================================================
Step 77500 (41.3 min) | Pickups: 153 | Deposits: 151 | Rate: 3.65 tags/min | phero_entries=4 phero_max=0.185
======================================================================
R1[SITE      ]: L=+0.96 R=+1.00 | carry=0 | base=0.45 ba=+0.85 | site=1 sd=0.20 sa=+0.38 | phero=0 pd=0.00 pa=+0.00 | srch=0.26 | wall=2.98
R2[RTB       ]: L=+1.00 R=+0.85 | carry=1 | base=0.41 ba=-0.06 | site=0 sd=0.00 sa=+0.00 | phero=0 pd=0.00 pa=+0.00 | srch=0.00 | wall=2.89
R3[GIVE_UP   ]: L=+1.00 R=+1.00 | carry=0 | base=0.44 ba=-0.00 | site=0 sd=0.00 sa=+0.00 | phero=0 pd=0.00 pa=+0.00 | srch=1.00 | wall=2.26
R4[RTB       ]: L=+1.00 R=+1.00 | carry=1 | base=0.36 ba=+0.00 | site=0 sd=0.00 sa=+0.00 | phero=0 pd=0.00 pa=+0.00 | srch=0.00 | wall=3.36


======================================================================
Step 78000 (41.6 min) | Pickups: 153 | Deposits: 151 | Rate: 3.63 tags/min | phero_entries=4 phero_max=0.083
======================================================================
R1[SITE      ]: L=+0.93 R=+1.00 | carry=0 | base=0.55 ba=+0.43 | site=1 sd=0.09 sa=+0.28 | phero=0 pd=0.00 pa=+0.00 | srch=0.39 | wall=2.05
R2[RTB       ]: L=+1.00 R=+1.00 | carry=1 | base=0.18 ba=-0.00 | site=0 sd=0.00 sa=+0.00 | phero=0 pd=0.00 pa=+0.00 | srch=0.00 | wall=4.61
R3[GIVE_UP   ]: L=+1.00 R=+1.00 | carry=0 | base=0.21 ba=-0.00 | site=0 sd=0.00 sa=+0.00 | phero=0 pd=0.00 pa=+0.00 | srch=1.00 | wall=4.18
R4[RTB       ]: L=+1.00 R=+1.00 | carry=1 | base=0.13 ba=+0.00 | site=0 sd=0.00 sa=+0.00 | phero=0 pd=0.00 pa=+0.00 | srch=0.00 | wall=5.02

[DEPOSIT] Robot 4 deposited! Total: 152
  [PHERO] Laid at (3.28, -2.03) density=14 prob=1.00 total_entries=4
  [TARGET] Robot 4 → SITE (3.28,-2.03)
[PICKUP] Robot 1 picked up tag (density=12) | Total: 154
[DEPOSIT] Robot 2 deposited! Total: 153
  [PHERO] Laid at (3.24, -1.48) density=13 prob=1.00 total_entries=5
  [TARGET] Robot 2 → SITE (3.24,-1.48)
[EMPTY_RTN] R3 → phero(3.28,-2.03)

======================================================================
Step 78500 (41.9 min) | Pickups: 154 | Deposits: 153 | Rate: 3.65 tags/min | phero_entries=4 phero_max=0.779
======================================================================
R1[RTB       ]: L=+1.00 R=+1.00 | carry=1 | base=0.40 ba=-0.00 | site=0 sd=0.00 sa=+0.00 | phero=0 pd=0.00 pa=+0.00 | srch=0.00 | wall=3.07
R2[SITE      ]: L=+0.10 R=+0.04 | carry=0 | base=0.03 ba=-0.94 | site=1 sd=0.39 sa=+0.00 | phero=0 pd=0.00 pa=+0.00 | srch=0.04 | wall=5.72
R3[BASE_ESC  ]: L=+0.04 R=+1.00 | carry=0 | base=0.03 ba=-0.76 | site=0 sd=0.00 sa=+0.00 | phero=1 pd=0.48 pa=-0.86 | srch=0.02 | wall=5.78
R4[SITE      ]: L=+0.90 R=+0.90 | carry=0 | base=0.10 ba=-0.90 | site=1 sd=0.36 sa=-0.01 | phero=0 pd=0.00 pa=+0.00 | srch=0.07 | wall=5.22


======================================================================
Step 79000 (42.1 min) | Pickups: 154 | Deposits: 153 | Rate: 3.63 tags/min | phero_entries=4 phero_max=0.350
======================================================================
R1[RTB       ]: L=+1.00 R=+1.00 | carry=1 | base=0.17 ba=-0.00 | site=0 sd=0.00 sa=+0.00 | phero=0 pd=0.00 pa=+0.00 | srch=0.00 | wall=4.73
R2[SITE      ]: L=+0.06 R=+0.05 | carry=0 | base=0.14 ba=-0.97 | site=1 sd=0.28 sa=-0.08 | phero=0 pd=0.00 pa=+0.00 | srch=0.16 | wall=4.82
R3[PHERO     ]: L=+1.00 R=+1.00 | carry=0 | base=0.06 ba=+0.81 | site=0 sd=0.00 sa=+0.00 | phero=1 pd=0.42 pa=+0.13 | srch=0.15 | wall=5.51
R4[SITE      ]: L=+1.00 R=+1.00 | carry=0 | base=0.32 ba=-0.96 | site=1 sd=0.14 sa=-0.03 | phero=0 pd=0.00 pa=+0.00 | srch=0.19 | wall=3.64

[PICKUP] Robot 4 picked up tag (density=11) | Total: 155
[DEPOSIT] Robot 1 deposited! Total: 154
  [PHERO] Laid at (3.52, -1.94) density=12 prob=1.00 total_entries=5
  [TARGET] Robot 1 → SITE (3.52,-1.94)

======================================================================
Step 79500 (42.4 min) | Pickups: 155 | Deposits: 154 | Rate: 3.63 tags/min | phero_entries=5 phero_max=0.746
======================================================================
R1[SITE      ]: L=+1.00 R=+1.00 | carry=0 | base=0.06 ba=+1.00 | site=1 sd=0.42 sa=+0.11 | phero=0 pd=0.00 pa=+0.00 | srch=0.05 | wall=5.64
R2[SITE      ]: L=+1.00 R=+1.00 | carry=0 | base=0.20 ba=+0.99 | site=1 sd=0.23 sa=-0.14 | phero=0 pd=0.00 pa=+0.00 | srch=0.29 | wall=4.31
R3[PHERO     ]: L=+0.28 R=+0.27 | carry=0 | base=0.19 ba=+0.78 | site=0 sd=0.00 sa=+0.00 | phero=1 pd=0.28 pa=-0.06 | srch=0.27 | wall=4.80
R4[RTB       ]: L=+1.00 R=+1.00 | carry=1 | base=0.35 ba=-0.00 | site=0 sd=0.00 sa=+0.00 | phero=0 pd=0.00 pa=+0.00 | srch=0.00 | wall=3.46


======================================================================
Step 80000 (42.7 min) | Pickups: 155 | Deposits: 154 | Rate: 3.61 tags/min | phero_entries=5 phero_max=0.335
======================================================================
R1[SITE      ]: L=+0.97 R=+1.00 | carry=0 | base=0.29 ba=+0.97 | site=1 sd=0.22 sa=+0.18 | phero=0 pd=0.00 pa=+0.00 | srch=0.17 | wall=4.28
R2[SITE      ]: L=+0.68 R=+0.65 | carry=0 | base=0.39 ba=-0.81 | site=1 sd=0.06 sa=-0.14 | phero=0 pd=0.00 pa=+0.00 | srch=0.41 | wall=2.88
R3[PHERO     ]: L=+0.48 R=+0.47 | carry=0 | base=0.26 ba=+0.88 | site=0 sd=0.00 sa=+0.00 | phero=1 pd=0.20 pa=-0.05 | srch=0.40 | wall=4.24
R4[RTB       ]: L=+1.00 R=+1.00 | carry=1 | base=0.13 ba=-0.00 | site=0 sd=0.00 sa=+0.00 | phero=0 pd=0.00 pa=+0.00 | srch=0.00 | wall=5.08

[DEPOSIT] Robot 4 deposited! Total: 155
  [PHERO] Laid at (3.09, -1.82) density=11 prob=1.00 total_entries=6
  [TARGET] Robot 4 → SITE (3.09,-1.82)
[PICKUP] Robot 2 picked up tag (density=10) | Total: 156

======================================================================
Step 80500 (42.9 min) | Pickups: 156 | Deposits: 155 | Rate: 3.61 tags/min | phero_entries=5 phero_max=0.637
======================================================================
R1[SITE      ]: L=+0.85 R=+1.00 | carry=0 | base=0.47 ba=+0.63 | site=1 sd=0.01 sa=+0.12 | phero=0 pd=0.00 pa=+0.00 | srch=0.30 | wall=2.54
R2[RTB       ]: L=+1.00 R=+1.00 | carry=1 | base=0.33 ba=-0.00 | site=0 sd=0.00 sa=+0.00 | phero=0 pd=0.00 pa=+0.00 | srch=0.00 | wall=3.46
R3[PHERO     ]: L=+0.12 R=+0.12 | carry=0 | base=0.35 ba=-0.95 | site=0 sd=0.00 sa=+0.00 | phero=1 pd=0.11 pa=+0.10 | srch=0.52 | wall=3.57
R4[SITE      ]: L=+1.00 R=+1.00 | carry=0 | base=0.11 ba=-0.97 | site=1 sd=0.34 sa=+0.26 | phero=0 pd=0.00 pa=+0.00 | srch=0.07 | wall=5.21

[PICKUP] Robot 3 picked up tag (density=9) | Total: 157

======================================================================
Step 81000 (43.2 min) | Pickups: 157 | Deposits: 155 | Rate: 3.59 tags/min | phero_entries=4 phero_max=0.286
======================================================================
R1[EXPLORE   ]: L=+1.00 R=+1.00 | carry=0 | base=0.55 ba=+0.67 | site=0 sd=0.00 sa=+0.00 | phero=0 pd=0.00 pa=+0.00 | srch=0.42 | wall=1.39
R2[RTB       ]: L=+1.00 R=+1.00 | carry=1 | base=0.11 ba=-0.00 | site=0 sd=0.00 sa=+0.00 | phero=0 pd=0.00 pa=+0.00 | srch=0.00 | wall=5.19
R3[RTB       ]: L=+0.60 R=+1.00 | carry=1 | base=0.43 ba=+0.15 | site=0 sd=0.00 sa=+0.00 | phero=0 pd=0.00 pa=+0.00 | srch=0.00 | wall=2.85
R4[SITE      ]: L=+0.97 R=+1.00 | carry=0 | base=0.33 ba=+0.92 | site=1 sd=0.22 sa=+0.37 | phero=0 pd=0.00 pa=+0.00 | srch=0.20 | wall=3.56

[DEPOSIT] Robot 2 deposited! Total: 156
  [PHERO] Laid at (3.26, -1.49) density=10 prob=1.00 total_entries=5
  [TARGET] Robot 2 → SITE (3.26,-1.49)
[PICKUP] Robot 1 picked up tag (density=15) | Total: 158

======================================================================
Step 81500 (43.5 min) | Pickups: 158 | Deposits: 156 | Rate: 3.59 tags/min | phero_entries=5 phero_max=0.590
======================================================================
R1[RTB       ]: L=+1.00 R=+1.00 | carry=1 | base=0.50 ba=+0.00 | site=0 sd=0.00 sa=+0.00 | phero=0 pd=0.00 pa=+0.00 | srch=0.00 | wall=1.80
R2[SITE      ]: L=+1.00 R=+1.00 | carry=0 | base=0.13 ba=+1.00 | site=1 sd=0.30 sa=+0.13 | phero=0 pd=0.00 pa=+0.00 | srch=0.08 | wall=5.20
R3[RTB       ]: L=+1.00 R=+1.00 | carry=1 | base=0.21 ba=+0.00 | site=0 sd=0.00 sa=+0.00 | phero=0 pd=0.00 pa=+0.00 | srch=0.00 | wall=4.48
R4[SITE      ]: L=+0.99 R=+1.00 | carry=0 | base=0.42 ba=+0.53 | site=1 sd=0.05 sa=+0.02 | phero=0 pd=0.00 pa=+0.00 | srch=0.32 | wall=3.17

[PICKUP] Robot 4 picked up tag (density=8) | Total: 159
[DEPOSIT] Robot 3 deposited! Total: 157
  [PHERO] Laid at (3.13, -1.96) density=9 prob=1.00 total_entries=6
  [TARGET] Robot 3 → SITE (3.13,-1.96)

======================================================================
Step 82000 (43.7 min) | Pickups: 159 | Deposits: 157 | Rate: 3.59 tags/min | phero_entries=6 phero_max=0.843
======================================================================
R1[RTB       ]: L=+1.00 R=+1.00 | carry=1 | base=0.27 ba=+0.00 | site=0 sd=0.00 sa=+0.00 | phero=0 pd=0.00 pa=+0.00 | srch=0.00 | wall=3.72
R2[SITE      ]: L=+0.96 R=+1.00 | carry=0 | base=0.34 ba=+0.86 | site=1 sd=0.09 sa=+0.03 | phero=0 pd=0.00 pa=+0.00 | srch=0.21 | wall=3.50
R3[BASE_ESC  ]: L=+1.00 R=+0.41 | carry=0 | base=0.03 ba=+0.87 | site=1 sd=0.41 sa=-0.22 | phero=0 pd=0.00 pa=+0.00 | srch=0.03 | wall=5.76
R4[RTB       ]: L=+1.00 R=+1.00 | carry=1 | base=0.27 ba=+0.00 | site=0 sd=0.00 sa=+0.00 | phero=0 pd=0.00 pa=+0.00 | srch=0.00 | wall=3.96

[PICKUP] Robot 2 picked up tag (density=7) | Total: 160

======================================================================
Step 82500 (44.0 min) | Pickups: 160 | Deposits: 157 | Rate: 3.57 tags/min | phero_entries=6 phero_max=0.379
======================================================================
R1[RTB       ]: L=+1.00 R=+1.00 | carry=1 | base=0.04 ba=+0.00 | site=0 sd=0.00 sa=+0.00 | phero=0 pd=0.00 pa=+0.00 | srch=0.00 | wall=5.64
R2[RTB       ]: L=+1.00 R=+1.00 | carry=1 | base=0.37 ba=+0.00 | site=0 sd=0.00 sa=+0.00 | phero=0 pd=0.00 pa=+0.00 | srch=0.00 | wall=3.12
R3[SITE      ]: L=+0.13 R=+0.13 | carry=0 | base=0.10 ba=-0.98 | site=1 sd=0.34 sa=-0.06 | phero=0 pd=0.00 pa=+0.00 | srch=0.15 | wall=5.23
R4[RTB       ]: L=+1.00 R=+1.00 | carry=1 | base=0.05 ba=+0.00 | site=0 sd=0.00 sa=+0.00 | phero=0 pd=0.00 pa=+0.00 | srch=0.00 | wall=5.65

[DEPOSIT] Robot 1 deposited! Total: 158
  [PHERO] Laid at (5.07, 0.10) density=15 prob=1.00 total_entries=7
  [TARGET] Robot 1 → SITE (5.07,0.10)
[DEPOSIT] Robot 4 deposited! Total: 159
  [PHERO] Laid at (3.12, -1.79) density=8 prob=1.00 total_entries=8
  [TARGET] Robot 4 → SITE (3.12,-1.79)

======================================================================
Step 83000 (44.3 min) | Pickups: 160 | Deposits: 159 | Rate: 3.59 tags/min | phero_entries=6 phero_max=0.478
======================================================================
R1[SITE      ]: L=+1.00 R=+1.00 | carry=0 | base=0.19 ba=+0.98 | site=1 sd=0.45 sa=-0.29 | phero=0 pd=0.00 pa=+0.00 | srch=0.12 | wall=4.68
R2[RTB       ]: L=+1.00 R=+1.00 | carry=1 | base=0.14 ba=+0.00 | site=0 sd=0.00 sa=+0.00 | phero=0 pd=0.00 pa=+0.00 | srch=0.00 | wall=4.91
R3[SITE      ]: L=+0.38 R=+0.38 | carry=0 | base=0.20 ba=-0.94 | site=1 sd=0.24 sa=+0.01 | phero=0 pd=0.00 pa=+0.00 | srch=0.28 | wall=4.50
R4[SITE      ]: L=+1.00 R=+1.00 | carry=0 | base=0.18 ba=-0.97 | site=1 sd=0.25 sa=+0.09 | phero=0 pd=0.00 pa=+0.00 | srch=0.12 | wall=4.79

[DEPOSIT] Robot 2 deposited! Total: 160
  [PHERO] Laid at (3.41, -1.49) density=7 prob=0.99 total_entries=7
  [TARGET] Robot 2 → SITE (3.41,-1.49)

======================================================================
Step 83500 (44.5 min) | Pickups: 160 | Deposits: 160 | Rate: 3.59 tags/min | phero_entries=7 phero_max=0.662
======================================================================
R1[SITE      ]: L=+1.00 R=+0.99 | carry=0 | base=0.38 ba=-0.77 | site=1 sd=0.29 sa=-0.06 | phero=0 pd=0.00 pa=+0.00 | srch=0.24 | wall=3.07
R2[SITE      ]: L=+1.00 R=+0.98 | carry=0 | base=0.09 ba=+0.97 | site=1 sd=0.36 sa=-0.24 | phero=0 pd=0.00 pa=+0.00 | srch=0.06 | wall=5.20
R3[SITE      ]: L=+0.96 R=+0.95 | carry=0 | base=0.35 ba=-0.98 | site=1 sd=0.08 sa=-0.02 | phero=0 pd=0.00 pa=+0.00 | srch=0.40 | wall=3.42
R4[SITE      ]: L=+0.95 R=+1.00 | carry=0 | base=0.39 ba=+0.86 | site=1 sd=0.04 sa=+0.08 | phero=0 pd=0.00 pa=+0.00 | srch=0.24 | wall=3.20

[PICKUP] Robot 4 picked up tag (density=6) | Total: 161
[PICKUP] Robot 3 picked up tag (density=5) | Total: 162

======================================================================
Step 84000 (44.8 min) | Pickups: 162 | Deposits: 160 | Rate: 3.57 tags/min | phero_entries=6 phero_max=0.297
======================================================================
R1[SITE      ]: L=+1.00 R=+1.00 | carry=0 | base=0.55 ba=-0.78 | site=1 sd=0.06 sa=+0.02 | phero=0 pd=0.00 pa=+0.00 | srch=0.37 | wall=1.39
R2[SITE      ]: L=+1.00 R=+1.00 | carry=0 | base=0.30 ba=-0.86 | site=1 sd=0.16 sa=-0.05 | phero=0 pd=0.00 pa=+0.00 | srch=0.19 | wall=3.51
R3[RTB       ]: L=+0.99 R=+1.00 | carry=1 | base=0.42 ba=+0.00 | site=0 sd=0.00 sa=+0.00 | phero=0 pd=0.00 pa=+0.00 | srch=0.00 | wall=2.91
R4[RTB       ]: L=+1.00 R=+1.00 | carry=1 | base=0.29 ba=+0.00 | site=0 sd=0.00 sa=+0.00 | phero=0 pd=0.00 pa=+0.00 | srch=0.00 | wall=3.84

[PICKUP] Robot 1 picked up tag (density=14) | Total: 163
[PICKUP] Robot 2 picked up tag (density=4) | Total: 164

======================================================================
Step 84500 (45.1 min) | Pickups: 164 | Deposits: 160 | Rate: 3.55 tags/min | phero_entries=6 phero_max=0.134
======================================================================
R1[RTB       ]: L=+1.00 R=+1.00 | carry=1 | base=0.49 ba=-0.00 | site=0 sd=0.00 sa=+0.00 | phero=0 pd=0.00 pa=+0.00 | srch=0.00 | wall=1.80
R2[RTB       ]: L=+1.00 R=+0.96 | carry=1 | base=0.42 ba=-0.01 | site=0 sd=0.00 sa=+0.00 | phero=0 pd=0.00 pa=+0.00 | srch=0.00 | wall=2.79
R3[RTB       ]: L=+1.00 R=+1.00 | carry=1 | base=0.19 ba=+0.00 | site=0 sd=0.00 sa=+0.00 | phero=0 pd=0.00 pa=+0.00 | srch=0.00 | wall=4.58
R4[RTB       ]: L=+1.00 R=+1.00 | carry=1 | base=0.06 ba=+0.00 | site=0 sd=0.00 sa=+0.00 | phero=0 pd=0.00 pa=+0.00 | srch=0.00 | wall=5.54

[DEPOSIT] Robot 4 deposited! Total: 161
  [PHERO] Laid at (3.17, -1.80) density=6 prob=0.97 total_entries=6
  [TARGET] Robot 4 → SITE (3.17,-1.80)
[DEPOSIT] Robot 3 deposited! Total: 162
  [PHERO] Laid at (3.26, -2.00) density=5 prob=0.92 total_entries=7
  [TARGET] Robot 3 → SITE (3.26,-2.00)

======================================================================
Step 85000 (45.3 min) | Pickups: 164 | Deposits: 162 | Rate: 3.57 tags/min | phero_entries=7 phero_max=0.802
======================================================================
R1[RTB       ]: L=+1.00 R=+1.00 | carry=1 | base=0.27 ba=-0.00 | site=0 sd=0.00 sa=+0.00 | phero=0 pd=0.00 pa=+0.00 | srch=0.00 | wall=3.72
R2[RTB       ]: L=+1.00 R=+1.00 | carry=1 | base=0.19 ba=-0.00 | site=0 sd=0.00 sa=+0.00 | phero=0 pd=0.00 pa=+0.00 | srch=0.00 | wall=4.51
R3[SITE      ]: L=+1.00 R=+0.47 | carry=0 | base=0.04 ba=-0.94 | site=1 sd=0.42 sa=-0.04 | phero=0 pd=0.00 pa=+0.00 | srch=0.03 | wall=5.71
R4[SITE      ]: L=+1.00 R=+0.95 | carry=0 | base=0.17 ba=-0.94 | site=1 sd=0.26 sa=+0.03 | phero=0 pd=0.00 pa=+0.00 | srch=0.11 | wall=4.75

[DEPOSIT] Robot 2 deposited! Total: 163
  [TARGET] Robot 2 → SITE (3.43,-1.56)

======================================================================
Step 85500 (45.6 min) | Pickups: 164 | Deposits: 163 | Rate: 3.57 tags/min | phero_entries=6 phero_max=0.360
======================================================================
R1[RTB       ]: L=+1.00 R=+1.00 | carry=1 | base=0.04 ba=-0.00 | site=0 sd=0.00 sa=+0.00 | phero=0 pd=0.00 pa=+0.00 | srch=0.00 | wall=5.64
R2[SITE      ]: L=+1.00 R=+0.49 | carry=0 | base=0.03 ba=+0.93 | site=1 sd=0.41 sa=-0.17 | phero=0 pd=0.00 pa=+0.00 | srch=0.03 | wall=5.71
R3[SITE      ]: L=+1.00 R=+1.00 | carry=0 | base=0.20 ba=+1.00 | site=1 sd=0.25 sa=+0.02 | phero=0 pd=0.00 pa=+0.00 | srch=0.16 | wall=4.61
R4[SITE      ]: L=+0.92 R=+1.00 | carry=0 | base=0.37 ba=+0.92 | site=1 sd=0.06 sa=+0.02 | phero=0 pd=0.00 pa=+0.00 | srch=0.23 | wall=3.34

[DEPOSIT] Robot 1 deposited! Total: 164
  [PHERO] Laid at (5.13, 0.07) density=14 prob=1.00 total_entries=7
  [TARGET] Robot 1 → SITE (5.13,0.07)
[PICKUP] Robot 4 picked up tag (density=3) | Total: 165

======================================================================
Step 86000 (45.9 min) | Pickups: 165 | Deposits: 164 | Rate: 3.58 tags/min | phero_entries=7 phero_max=0.516
======================================================================
R1[SITE      ]: L=+1.00 R=+1.00 | carry=0 | base=0.16 ba=+0.98 | site=1 sd=0.47 sa=-0.24 | phero=0 pd=0.00 pa=+0.00 | srch=0.10 | wall=4.80
R2[SITE      ]: L=+1.00 R=+1.00 | carry=0 | base=0.23 ba=+1.00 | site=1 sd=0.23 sa=-0.19 | phero=0 pd=0.00 pa=+0.00 | srch=0.16 | wall=4.04
R3[SITE      ]: L=+0.57 R=+0.56 | carry=0 | base=0.35 ba=+0.95 | site=1 sd=0.10 sa=-0.12 | phero=0 pd=0.00 pa=+0.00 | srch=0.28 | wall=3.41
R4[RTB       ]: L=+1.00 R=+1.00 | carry=1 | base=0.33 ba=+0.00 | site=0 sd=0.00 sa=+0.00 | phero=0 pd=0.00 pa=+0.00 | srch=0.00 | wall=3.53


======================================================================
Step 86500 (46.1 min) | Pickups: 165 | Deposits: 164 | Rate: 3.55 tags/min | phero_entries=6 phero_max=0.232
======================================================================
R1[SITE      ]: L=+1.00 R=+0.99 | carry=0 | base=0.37 ba=-0.82 | site=1 sd=0.29 sa=-0.10 | phero=0 pd=0.00 pa=+0.00 | srch=0.23 | wall=3.09
R2[SITE      ]: L=+1.00 R=+0.94 | carry=0 | base=0.43 ba=-0.70 | site=1 sd=0.06 sa=-0.15 | phero=0 pd=0.00 pa=+0.00 | srch=0.28 | wall=2.51
R3[SITE      ]: L=+0.32 R=+0.28 | carry=0 | base=0.43 ba=-0.87 | site=1 sd=0.02 sa=-0.11 | phero=0 pd=0.00 pa=+0.00 | srch=0.41 | wall=2.80
R4[RTB       ]: L=+1.00 R=+1.00 | carry=1 | base=0.10 ba=+0.00 | site=0 sd=0.00 sa=+0.00 | phero=0 pd=0.00 pa=+0.00 | srch=0.00 | wall=5.24

[PICKUP] Robot 2 picked up tag (density=2) | Total: 166
[DEPOSIT] Robot 4 deposited! Total: 165
  [PHERO] Laid at (3.21, -1.81) density=3 prob=0.65 total_entries=7
  [TARGET] Robot 4 → SITE (3.21,-1.81)

======================================================================
Step 87000 (46.4 min) | Pickups: 166 | Deposits: 165 | Rate: 3.56 tags/min | phero_entries=5 phero_max=0.579
======================================================================
R1[SITE      ]: L=+1.00 R=+0.98 | carry=0 | base=0.55 ba=-0.76 | site=1 sd=0.08 sa=-0.04 | phero=0 pd=0.00 pa=+0.00 | srch=0.35 | wall=1.33
R2[RTB       ]: L=+1.00 R=+1.00 | carry=1 | base=0.30 ba=-0.00 | site=0 sd=0.00 sa=+0.00 | phero=0 pd=0.00 pa=+0.00 | srch=0.00 | wall=3.72
R3[EXPLORE   ]: L=+1.00 R=+0.95 | carry=0 | base=0.52 ba=-0.67 | site=0 sd=0.00 sa=+0.00 | phero=0 pd=0.00 pa=+0.00 | srch=0.53 | wall=2.82
R4[SITE      ]: L=+1.00 R=+0.99 | carry=0 | base=0.13 ba=-0.97 | site=1 sd=0.31 sa=-0.05 | phero=0 pd=0.00 pa=+0.00 | srch=0.09 | wall=4.95

[PICKUP] Robot 1 picked up tag (density=11) | Total: 167
[PICKUP] Robot 3 picked up tag (density=25) | Total: 168

======================================================================
Step 87500 (46.7 min) | Pickups: 168 | Deposits: 165 | Rate: 3.54 tags/min | phero_entries=5 phero_max=0.260
======================================================================
R1[RTB       ]: L=+1.00 R=+1.00 | carry=1 | base=0.42 ba=-0.00 | site=0 sd=0.00 sa=+0.00 | phero=0 pd=0.00 pa=+0.00 | srch=0.00 | wall=2.42
R2[RTB       ]: L=+1.00 R=+1.00 | carry=1 | base=0.07 ba=-0.00 | site=0 sd=0.00 sa=+0.00 | phero=0 pd=0.00 pa=+0.00 | srch=0.00 | wall=5.46
R3[RTB       ]: L=+1.00 R=+1.00 | carry=1 | base=0.44 ba=-0.00 | site=0 sd=0.00 sa=+0.00 | phero=0 pd=0.00 pa=+0.00 | srch=0.00 | wall=2.94
R4[SITE      ]: L=+1.00 R=+1.00 | carry=0 | base=0.35 ba=-0.94 | site=1 sd=0.08 sa=+0.05 | phero=0 pd=0.00 pa=+0.00 | srch=0.21 | wall=3.40

[DEPOSIT] Robot 2 deposited! Total: 166
  [TARGET] Robot 2 → SITE (3.47,-1.56)
[PICKUP] Robot 4 picked up tag (density=1) | Total: 169

======================================================================
Step 88000 (46.9 min) | Pickups: 169 | Deposits: 166 | Rate: 3.54 tags/min | phero_entries=4 phero_max=0.117
======================================================================
R1[RTB       ]: L=+1.00 R=+1.00 | carry=1 | base=0.20 ba=-0.00 | site=0 sd=0.00 sa=+0.00 | phero=0 pd=0.00 pa=+0.00 | srch=0.00 | wall=4.34
R2[SITE      ]: L=+0.98 R=+1.00 | carry=0 | base=0.16 ba=+0.98 | site=1 sd=0.30 sa=+0.13 | phero=0 pd=0.00 pa=+0.00 | srch=0.10 | wall=4.96
R3[RTB       ]: L=+1.00 R=+1.00 | carry=1 | base=0.21 ba=-0.00 | site=0 sd=0.00 sa=+0.00 | phero=0 pd=0.00 pa=+0.00 | srch=0.00 | wall=4.53
R4[RTB       ]: L=+1.00 R=+1.00 | carry=1 | base=0.35 ba=+0.00 | site=0 sd=0.00 sa=+0.00 | phero=0 pd=0.00 pa=+0.00 | srch=0.00 | wall=3.35

[DEPOSIT] Robot 1 deposited! Total: 167
  [PHERO] Laid at (4.89, 0.34) density=11 prob=1.00 total_entries=5
  [TARGET] Robot 1 → SITE (4.89,0.34)
[DEPOSIT] Robot 3 deposited! Total: 168
  [PHERO] Laid at (2.69, -3.80) density=25 prob=1.00 total_entries=6
  [TARGET] Robot 3 → SITE (2.69,-3.80)

======================================================================
Step 88500 (47.2 min) | Pickups: 169 | Deposits: 168 | Rate: 3.56 tags/min | phero_entries=6 phero_max=0.849
======================================================================
R1[SITE      ]: L=+1.00 R=+1.00 | carry=0 | base=0.04 ba=-0.93 | site=1 sd=0.54 sa=+0.19 | phero=0 pd=0.00 pa=+0.00 | srch=0.03 | wall=5.69
R2[SITE      ]: L=+1.00 R=+1.00 | carry=0 | base=0.38 ba=+0.87 | site=1 sd=0.08 sa=+0.01 | phero=0 pd=0.00 pa=+0.00 | srch=0.23 | wall=3.20
R3[BASE_ESC  ]: L=+0.37 R=+1.00 | carry=0 | base=0.03 ba=-0.84 | site=1 sd=0.52 sa=+0.24 | phero=0 pd=0.00 pa=+0.00 | srch=0.03 | wall=5.78
R4[RTB       ]: L=+1.00 R=+1.00 | carry=1 | base=0.13 ba=+0.00 | site=0 sd=0.00 sa=+0.00 | phero=0 pd=0.00 pa=+0.00 | srch=0.00 | wall=5.05

[DEPOSIT] Robot 4 deposited! Total: 169
  [PHERO] Laid at (3.26, -1.84) density=1 prob=0.20 total_entries=7
  [TARGET] Robot 4 → SITE (3.26,-1.84)

======================================================================
Step 89000 (47.5 min) | Pickups: 169 | Deposits: 169 | Rate: 3.56 tags/min | phero_entries=6 phero_max=0.638
======================================================================
R1[SITE      ]: L=+1.00 R=+1.00 | carry=0 | base=0.26 ba=+1.00 | site=1 sd=0.36 sa=+0.25 | phero=0 pd=0.00 pa=+0.00 | srch=0.16 | wall=3.95
R2[EXPLORE   ]: L=+1.00 R=+1.00 | carry=0 | base=0.54 ba=-0.72 | site=0 sd=0.00 sa=+0.00 | phero=0 pd=0.00 pa=+0.00 | srch=0.35 | wall=2.23
R3[SITE      ]: L=+0.55 R=+0.55 | carry=0 | base=0.19 ba=-0.90 | site=1 sd=0.36 sa=+0.02 | phero=0 pd=0.00 pa=+0.00 | srch=0.15 | wall=4.86
R4[SITE      ]: L=+1.00 R=+1.00 | carry=0 | base=0.11 ba=-0.97 | site=1 sd=0.35 sa=+0.21 | phero=0 pd=0.00 pa=+0.00 | srch=0.07 | wall=5.27


======================================================================
Step 89500 (47.7 min) | Pickups: 169 | Deposits: 169 | Rate: 3.54 tags/min | phero_entries=5 phero_max=0.287
======================================================================
R1[SITE      ]: L=+1.00 R=+1.00 | carry=0 | base=0.49 ba=+1.00 | site=1 sd=0.26 sa=+0.46 | phero=0 pd=0.00 pa=+0.00 | srch=0.28 | wall=2.18
R2[EXPLORE   ]: L=+1.00 R=+1.00 | carry=0 | base=0.70 ba=-0.80 | site=0 sd=0.00 sa=+0.00 | phero=0 pd=0.00 pa=+0.00 | srch=0.48 | wall=1.53
R3[SITE      ]: L=+0.68 R=+0.68 | carry=0 | base=0.34 ba=-0.95 | site=1 sd=0.21 sa=+0.03 | phero=0 pd=0.00 pa=+0.00 | srch=0.28 | wall=3.71
R4[SITE      ]: L=+0.97 R=+1.00 | carry=0 | base=0.32 ba=+0.85 | site=1 sd=0.18 sa=+0.18 | phero=0 pd=0.00 pa=+0.00 | srch=0.20 | wall=3.89


======================================================================
Step 90000 (48.0 min) | Pickups: 169 | Deposits: 169 | Rate: 3.52 tags/min | phero_entries=4 phero_max=0.129
======================================================================
R1[WALL_ESC  ]: L=+0.00 R=+1.00 | carry=0 | base=0.70 ba=+0.82 | site=1 sd=0.28 sa=+0.53 | phero=0 pd=0.00 pa=+0.00 | srch=0.41 | wall=0.35
R2[EXPLORE   ]: L=+1.00 R=+1.00 | carry=0 | base=0.77 ba=-0.06 | site=0 sd=0.00 sa=+0.00 | phero=0 pd=0.00 pa=+0.00 | srch=0.60 | wall=0.58
R3[SITE      ]: L=+0.60 R=+0.60 | carry=0 | base=0.48 ba=-0.99 | site=1 sd=0.07 sa=+0.05 | phero=0 pd=0.00 pa=+0.00 | srch=0.40 | wall=2.64
R4[SITE      ]: L=+0.69 R=+0.81 | carry=0 | base=0.45 ba=+0.52 | site=1 sd=0.02 sa=+0.16 | phero=0 pd=0.00 pa=+0.00 | srch=0.32 | wall=2.76

[PICKUP] Robot 3 picked up tag (density=24) | Total: 170
[PICKUP] Robot 2 picked up tag (density=23) | Total: 171

======================================================================
Step 90500 (48.3 min) | Pickups: 171 | Deposits: 169 | Rate: 3.50 tags/min | phero_entries=4 phero_max=0.058
======================================================================
R1[SITE      ]: L=+1.00 R=+1.00 | carry=0 | base=0.54 ba=+0.21 | site=1 sd=0.15 sa=-0.33 | phero=0 pd=0.00 pa=+0.00 | srch=0.53 | wall=1.50
R2[RTB       ]: L=+1.00 R=+0.94 | carry=1 | base=0.55 ba=-0.02 | site=0 sd=0.00 sa=+0.00 | phero=0 pd=0.00 pa=+0.00 | srch=0.00 | wall=1.95
R3[RTB       ]: L=+1.00 R=+1.00 | carry=1 | base=0.35 ba=+0.00 | site=0 sd=0.00 sa=+0.00 | phero=0 pd=0.00 pa=+0.00 | srch=0.00 | wall=3.57
R4[EXPLORE   ]: L=+1.00 R=+0.91 | carry=0 | base=0.38 ba=+0.52 | site=0 sd=0.00 sa=+0.00 | phero=0 pd=0.00 pa=+0.00 | srch=0.45 | wall=2.74


======================================================================
Step 91000 (48.5 min) | Pickups: 171 | Deposits: 169 | Rate: 3.48 tags/min | phero_entries=3 phero_max=0.026
======================================================================
R1[SITE      ]: L=+1.00 R=+0.93 | carry=0 | base=0.53 ba=+0.89 | site=1 sd=0.07 sa=-0.37 | phero=0 pd=0.00 pa=+0.00 | srch=0.66 | wall=1.54
R2[RTB       ]: L=+1.00 R=+1.00 | carry=1 | base=0.33 ba=-0.00 | site=0 sd=0.00 sa=+0.00 | phero=0 pd=0.00 pa=+0.00 | srch=0.00 | wall=3.60
R3[RTB       ]: L=+1.00 R=+1.00 | carry=1 | base=0.13 ba=+0.00 | site=0 sd=0.00 sa=+0.00 | phero=0 pd=0.00 pa=+0.00 | srch=0.00 | wall=5.12
R4[EXPLORE   ]: L=+1.00 R=+0.79 | carry=0 | base=0.50 ba=-0.22 | site=0 sd=0.00 sa=+0.00 | phero=0 pd=0.00 pa=+0.00 | srch=0.57 | wall=1.79

[PICKUP] Robot 1 picked up tag (density=11) | Total: 172
[DEPOSIT] Robot 3 deposited! Total: 170
  [PHERO] Laid at (2.41, -3.51) density=24 prob=1.00 total_entries=4
  [TARGET] Robot 3 → SITE (2.41,-3.51)

======================================================================
Step 91500 (48.8 min) | Pickups: 172 | Deposits: 170 | Rate: 3.48 tags/min | phero_entries=4 phero_max=0.637
======================================================================
R1[RTB       ]: L=+1.00 R=+1.00 | carry=1 | base=0.49 ba=-0.00 | site=0 sd=0.00 sa=+0.00 | phero=0 pd=0.00 pa=+0.00 | srch=0.00 | wall=1.87
R2[RTB       ]: L=+1.00 R=+1.00 | carry=1 | base=0.10 ba=-0.00 | site=0 sd=0.00 sa=+0.00 | phero=0 pd=0.00 pa=+0.00 | srch=0.00 | wall=5.26
R3[SITE      ]: L=+1.00 R=+1.00 | carry=0 | base=0.11 ba=+0.97 | site=1 sd=0.42 sa=-0.25 | phero=0 pd=0.00 pa=+0.00 | srch=0.07 | wall=5.18
R4[EXPLORE   ]: L=+1.00 R=+1.00 | carry=0 | base=0.29 ba=+0.16 | site=0 sd=0.00 sa=+0.00 | phero=0 pd=0.00 pa=+0.00 | srch=0.70 | wall=3.59

[GIVE-UP] R4 giving up after 2889 steps
[DEPOSIT] Robot 2 deposited! Total: 171
  [PHERO] Laid at (2.42, -4.11) density=23 prob=1.00 total_entries=5
  [TARGET] Robot 2 → SITE (2.42,-4.11)

======================================================================
Step 92000 (49.1 min) | Pickups: 172 | Deposits: 171 | Rate: 3.49 tags/min | phero_entries=5 phero_max=0.579
======================================================================
R1[RTB       ]: L=+1.00 R=+1.00 | carry=1 | base=0.26 ba=-0.00 | site=0 sd=0.00 sa=+0.00 | phero=0 pd=0.00 pa=+0.00 | srch=0.00 | wall=3.78
R2[SITE      ]: L=+1.00 R=+1.00 | carry=0 | base=0.13 ba=-0.98 | site=1 sd=0.45 sa=+0.22 | phero=0 pd=0.00 pa=+0.00 | srch=0.09 | wall=4.87
R3[SITE      ]: L=+1.00 R=+1.00 | carry=0 | base=0.31 ba=-0.89 | site=1 sd=0.21 sa=-0.06 | phero=0 pd=0.00 pa=+0.00 | srch=0.20 | wall=4.09
R4[GIVE_UP   ]: L=+1.00 R=+1.00 | carry=0 | base=0.07 ba=+0.00 | site=0 sd=0.00 sa=+0.00 | phero=0 pd=0.00 pa=+0.00 | srch=0.82 | wall=5.40

[EMPTY_RTN] R4 → phero(2.42,-4.11)

======================================================================
Step 92500 (49.3 min) | Pickups: 172 | Deposits: 171 | Rate: 3.47 tags/min | phero_entries=5 phero_max=0.260
======================================================================
R1[RTB       ]: L=+1.00 R=+1.00 | carry=1 | base=0.04 ba=-0.00 | site=0 sd=0.00 sa=+0.00 | phero=0 pd=0.00 pa=+0.00 | srch=0.00 | wall=5.70
R2[SITE      ]: L=+1.00 R=+1.00 | carry=0 | base=0.33 ba=+0.88 | site=1 sd=0.24 sa=+0.00 | phero=0 pd=0.00 pa=+0.00 | srch=0.21 | wall=3.36
R3[SITE      ]: L=+0.58 R=+0.57 | carry=0 | base=0.47 ba=-0.87 | site=1 sd=0.04 sa=-0.04 | phero=0 pd=0.00 pa=+0.00 | srch=0.32 | wall=2.83
R4[PHERO     ]: L=+0.40 R=+0.40 | carry=0 | base=0.05 ba=-0.79 | site=0 sd=0.00 sa=+0.00 | phero=1 pd=0.52 pa=+0.03 | srch=0.10 | wall=5.64

[DEPOSIT] Robot 1 deposited! Total: 172
  [PHERO] Laid at (5.03, 0.46) density=11 prob=1.00 total_entries=6
  [TARGET] Robot 1 → SITE (5.03,0.46)
[PICKUP] Robot 3 picked up tag (density=22) | Total: 173
[PICKUP] Robot 2 picked up tag (density=20) | Total: 174

======================================================================
Step 93000 (49.6 min) | Pickups: 174 | Deposits: 172 | Rate: 3.47 tags/min | phero_entries=4 phero_max=0.460
======================================================================
R1[SITE      ]: L=+1.00 R=+1.00 | carry=0 | base=0.20 ba=+1.00 | site=1 sd=0.41 sa=+0.12 | phero=0 pd=0.00 pa=+0.00 | srch=0.12 | wall=4.37
R2[RTB       ]: L=+0.46 R=+1.00 | carry=1 | base=0.51 ba=+0.20 | site=0 sd=0.00 sa=+0.00 | phero=0 pd=0.00 pa=+0.00 | srch=0.00 | wall=2.27
R3[RTB       ]: L=+1.00 R=+1.00 | carry=1 | base=0.43 ba=-0.00 | site=0 sd=0.00 sa=+0.00 | phero=0 pd=0.00 pa=+0.00 | srch=0.00 | wall=2.94
R4[PHERO     ]: L=+1.00 R=+0.99 | carry=0 | base=0.22 ba=-0.91 | site=0 sd=0.00 sa=+0.00 | phero=1 pd=0.35 pa=+0.16 | srch=0.23 | wall=4.32


======================================================================
Step 93500 (49.9 min) | Pickups: 174 | Deposits: 172 | Rate: 3.45 tags/min | phero_entries=3 phero_max=0.206
======================================================================
R1[SITE      ]: L=+1.00 R=+1.00 | carry=0 | base=0.42 ba=+1.00 | site=1 sd=0.22 sa=+0.25 | phero=0 pd=0.00 pa=+0.00 | srch=0.25 | wall=2.47
R2[RTB       ]: L=+1.00 R=+1.00 | carry=1 | base=0.29 ba=+0.00 | site=0 sd=0.00 sa=+0.00 | phero=0 pd=0.00 pa=+0.00 | srch=0.00 | wall=3.91
R3[RTB       ]: L=+1.00 R=+1.00 | carry=1 | base=0.20 ba=-0.00 | site=0 sd=0.00 sa=+0.00 | phero=0 pd=0.00 pa=+0.00 | srch=0.00 | wall=4.55
R4[PHERO     ]: L=+0.96 R=+1.00 | carry=0 | base=0.44 ba=-0.99 | site=0 sd=0.00 sa=+0.00 | phero=1 pd=0.19 pa=+0.32 | srch=0.35 | wall=2.41

[DEPOSIT] Robot 3 deposited! Total: 173
  [PHERO] Laid at (2.43, -3.52) density=22 prob=1.00 total_entries=4
  [TARGET] Robot 3 → SITE (2.43,-3.52)

======================================================================
Step 94000 (50.1 min) | Pickups: 174 | Deposits: 173 | Rate: 3.45 tags/min | phero_entries=4 phero_max=0.835
======================================================================
R1[SITE      ]: L=+1.00 R=+1.00 | carry=0 | base=0.65 ba=+0.96 | site=1 sd=0.16 sa=+0.60 | phero=0 pd=0.00 pa=+0.00 | srch=0.37 | wall=0.58
R2[RTB       ]: L=+1.00 R=+1.00 | carry=1 | base=0.06 ba=+0.00 | site=0 sd=0.00 sa=+0.00 | phero=0 pd=0.00 pa=+0.00 | srch=0.00 | wall=5.57
R3[SITE      ]: L=-0.18 R=+1.00 | carry=0 | base=0.03 ba=-0.91 | site=1 sd=0.48 sa=+0.18 | phero=0 pd=0.00 pa=+0.00 | srch=0.03 | wall=5.76
R4[PHERO     ]: L=+0.77 R=+0.80 | carry=0 | base=0.59 ba=+0.57 | site=0 sd=0.00 sa=+0.00 | phero=1 pd=0.07 pa=+0.23 | srch=0.48 | wall=1.43

[DEPOSIT] Robot 2 deposited! Total: 174
  [PHERO] Laid at (2.08, -3.77) density=20 prob=1.00 total_entries=5
  [TARGET] Robot 2 → SITE (2.08,-3.77)
[PICKUP] Robot 4 picked up tag (density=19) | Total: 175

======================================================================
Step 94500 (50.4 min) | Pickups: 175 | Deposits: 174 | Rate: 3.45 tags/min | phero_entries=5 phero_max=0.508
======================================================================
R1[SITE      ]: L=+1.00 R=+0.93 | carry=0 | base=0.55 ba=+0.31 | site=1 sd=0.08 sa=-0.37 | phero=0 pd=0.00 pa=+0.00 | srch=0.50 | wall=1.35
R2[SITE      ]: L=+1.00 R=+1.00 | carry=0 | base=0.17 ba=+1.00 | site=1 sd=0.34 sa=+0.08 | phero=0 pd=0.00 pa=+0.00 | srch=0.11 | wall=4.66
R3[SITE      ]: L=+0.96 R=+0.95 | carry=0 | base=0.24 ba=+1.00 | site=1 sd=0.27 sa=-0.06 | phero=0 pd=0.00 pa=+0.00 | srch=0.15 | wall=4.45
R4[RTB       ]: L=+1.00 R=+1.00 | carry=1 | base=0.43 ba=+0.00 | site=0 sd=0.00 sa=+0.00 | phero=0 pd=0.00 pa=+0.00 | srch=0.00 | wall=2.89

[PICKUP] Robot 1 picked up tag (density=11) | Total: 176

======================================================================
Step 95000 (50.7 min) | Pickups: 176 | Deposits: 174 | Rate: 3.43 tags/min | phero_entries=5 phero_max=0.228
======================================================================
R1[RTB       ]: L=+1.00 R=+1.00 | carry=1 | base=0.56 ba=-0.00 | site=0 sd=0.00 sa=+0.00 | phero=0 pd=0.00 pa=+0.00 | srch=0.00 | wall=1.29
R2[SITE      ]: L=+0.98 R=+1.00 | carry=0 | base=0.39 ba=+0.93 | site=1 sd=0.13 sa=+0.10 | phero=0 pd=0.00 pa=+0.00 | srch=0.23 | wall=2.91
R3[SITE      ]: L=+0.77 R=+0.76 | carry=0 | base=0.37 ba=+1.00 | site=1 sd=0.14 sa=-0.10 | phero=0 pd=0.00 pa=+0.00 | srch=0.28 | wall=3.60
R4[RTB       ]: L=+1.00 R=+1.00 | carry=1 | base=0.20 ba=+0.00 | site=0 sd=0.00 sa=+0.00 | phero=0 pd=0.00 pa=+0.00 | srch=0.00 | wall=4.53

[PICKUP] Robot 2 picked up tag (density=19) | Total: 177
[DEPOSIT] Robot 4 deposited! Total: 175
  [PHERO] Laid at (2.46, -4.12) density=19 prob=1.00 total_entries=6
  [TARGET] Robot 4 → SITE (2.46,-4.12)

======================================================================
Step 95500 (50.9 min) | Pickups: 177 | Deposits: 175 | Rate: 3.44 tags/min | phero_entries=6 phero_max=0.828
======================================================================
R1[RTB       ]: L=+1.00 R=+1.00 | carry=1 | base=0.33 ba=-0.00 | site=0 sd=0.00 sa=+0.00 | phero=0 pd=0.00 pa=+0.00 | srch=0.00 | wall=3.20
R2[RTB       ]: L=+1.00 R=+1.00 | carry=1 | base=0.46 ba=+0.00 | site=0 sd=0.00 sa=+0.00 | phero=0 pd=0.00 pa=+0.00 | srch=0.00 | wall=2.59
R3[SITE      ]: L=+0.67 R=+0.69 | carry=0 | base=0.43 ba=-0.92 | site=1 sd=0.08 sa=-0.02 | phero=0 pd=0.00 pa=+0.00 | srch=0.40 | wall=3.11
R4[SITE      ]: L=+1.00 R=+0.20 | carry=0 | base=0.03 ba=+0.95 | site=1 sd=0.54 sa=-0.14 | phero=0 pd=0.00 pa=+0.00 | srch=0.03 | wall=5.81


======================================================================
Step 96000 (51.2 min) | Pickups: 177 | Deposits: 175 | Rate: 3.42 tags/min | phero_entries=4 phero_max=0.372
======================================================================
R1[RTB       ]: L=+1.00 R=+1.00 | carry=1 | base=0.10 ba=-0.00 | site=0 sd=0.00 sa=+0.00 | phero=0 pd=0.00 pa=+0.00 | srch=0.00 | wall=5.12
R2[RTB       ]: L=+1.00 R=+1.00 | carry=1 | base=0.24 ba=+0.00 | site=0 sd=0.00 sa=+0.00 | phero=0 pd=0.00 pa=+0.00 | srch=0.00 | wall=4.26
R3[SITE      ]: L=+0.15 R=+0.14 | carry=0 | base=0.49 ba=-0.89 | site=1 sd=0.01 sa=-0.00 | phero=0 pd=0.00 pa=+0.00 | srch=0.53 | wall=2.60
R4[SITE      ]: L=+1.00 R=+1.00 | carry=0 | base=0.25 ba=-0.98 | site=1 sd=0.32 sa=+0.07 | phero=0 pd=0.00 pa=+0.00 | srch=0.15 | wall=4.11

[DEPOSIT] Robot 1 deposited! Total: 176
  [PHERO] Laid at (5.08, 0.43) density=11 prob=1.00 total_entries=5
  [TARGET] Robot 1 → SITE (5.08,0.43)
[DEPOSIT] Robot 2 deposited! Total: 177
  [PHERO] Laid at (2.09, -3.85) density=19 prob=1.00 total_entries=6
  [TARGET] Robot 2 → SITE (2.09,-3.85)

======================================================================
Step 96500 (51.5 min) | Pickups: 177 | Deposits: 177 | Rate: 3.44 tags/min | phero_entries=6 phero_max=0.932
======================================================================
R1[SITE      ]: L=+1.00 R=+1.00 | carry=0 | base=0.13 ba=+1.00 | site=1 sd=0.49 sa=+0.20 | phero=0 pd=0.00 pa=+0.00 | srch=0.08 | wall=5.00
R2[BASE_ESC  ]: L=+1.00 R=+0.00 | carry=0 | base=0.03 ba=+0.39 | site=1 sd=0.49 sa=-0.64 | phero=0 pd=0.00 pa=+0.00 | srch=0.01 | wall=5.82
R3[EXPLORE   ]: L=+1.00 R=+1.00 | carry=0 | base=0.50 ba=-0.87 | site=0 sd=0.00 sa=+0.00 | phero=0 pd=0.00 pa=+0.00 | srch=0.65 | wall=2.52
R4[SITE      ]: L=+0.63 R=+1.00 | carry=0 | base=0.47 ba=+0.84 | site=1 sd=0.11 sa=+0.03 | phero=0 pd=0.00 pa=+0.00 | srch=0.28 | wall=2.38

[PICKUP] Robot 3 picked up tag (density=18) | Total: 178
[PICKUP] Robot 4 picked up tag (density=17) | Total: 179

======================================================================
Step 97000 (51.7 min) | Pickups: 179 | Deposits: 177 | Rate: 3.42 tags/min | phero_entries=5 phero_max=0.419
======================================================================
R1[SITE      ]: L=+0.97 R=+1.00 | carry=0 | base=0.35 ba=+0.96 | site=1 sd=0.33 sa=+0.29 | phero=0 pd=0.00 pa=+0.00 | srch=0.21 | wall=3.24
R2[SITE      ]: L=+1.00 R=+1.00 | carry=0 | base=0.22 ba=+0.99 | site=1 sd=0.34 sa=-0.29 | phero=0 pd=0.00 pa=+0.00 | srch=0.14 | wall=4.38
R3[RTB       ]: L=+1.00 R=+1.00 | carry=1 | base=0.33 ba=-0.00 | site=0 sd=0.00 sa=+0.00 | phero=0 pd=0.00 pa=+0.00 | srch=0.00 | wall=3.62
R4[RTB       ]: L=+1.00 R=+1.00 | carry=1 | base=0.40 ba=+0.00 | site=0 sd=0.00 sa=+0.00 | phero=0 pd=0.00 pa=+0.00 | srch=0.00 | wall=3.02


======================================================================
Step 97500 (52.0 min) | Pickups: 179 | Deposits: 177 | Rate: 3.40 tags/min | phero_entries=5 phero_max=0.188
======================================================================
R1[SITE      ]: L=+0.97 R=+1.00 | carry=0 | base=0.55 ba=+0.74 | site=1 sd=0.17 sa=+0.20 | phero=0 pd=0.00 pa=+0.00 | srch=0.33 | wall=1.42
R2[SITE      ]: L=+1.00 R=+0.96 | carry=0 | base=0.43 ba=-0.78 | site=1 sd=0.21 sa=-0.22 | phero=0 pd=0.00 pa=+0.00 | srch=0.26 | wall=3.09
R3[RTB       ]: L=+1.00 R=+1.00 | carry=1 | base=0.11 ba=-0.00 | site=0 sd=0.00 sa=+0.00 | phero=0 pd=0.00 pa=+0.00 | srch=0.00 | wall=5.23
R4[RTB       ]: L=+1.00 R=+1.00 | carry=1 | base=0.18 ba=+0.00 | site=0 sd=0.00 sa=+0.00 | phero=0 pd=0.00 pa=+0.00 | srch=0.00 | wall=4.69

[DEPOSIT] Robot 3 deposited! Total: 178
  [PHERO] Laid at (2.44, -3.55) density=18 prob=1.00 total_entries=6
  [TARGET] Robot 3 → SITE (2.44,-3.55)
[PICKUP] Robot 1 picked up tag (density=10) | Total: 180
[DEPOSIT] Robot 4 deposited! Total: 179
  [PHERO] Laid at (2.08, -3.92) density=17 prob=1.00 total_entries=7
  [TARGET] Robot 4 → SITE (2.08,-3.92)
[PICKUP] Robot 2 picked up tag (density=16) | Total: 181

======================================================================
Step 98000 (52.3 min) | Pickups: 181 | Deposits: 179 | Rate: 3.42 tags/min | phero_entries=7 phero_max=0.761
======================================================================
R1[RTB       ]: L=+1.00 R=+1.00 | carry=1 | base=0.55 ba=+0.00 | site=0 sd=0.00 sa=+0.00 | phero=0 pd=0.00 pa=+0.00 | srch=0.00 | wall=1.32
R2[RTB       ]: L=+1.00 R=+0.42 | carry=1 | base=0.51 ba=-0.22 | site=0 sd=0.00 sa=+0.00 | phero=0 pd=0.00 pa=+0.00 | srch=0.00 | wall=2.41
R3[SITE      ]: L=+1.00 R=+1.00 | carry=0 | base=0.11 ba=+0.97 | site=1 sd=0.40 sa=-0.01 | phero=0 pd=0.00 pa=+0.00 | srch=0.08 | wall=5.18
R4[SITE      ]: L=+1.00 R=+1.00 | carry=0 | base=0.06 ba=-0.95 | site=1 sd=0.47 sa=+0.17 | phero=0 pd=0.00 pa=+0.00 | srch=0.04 | wall=5.53


======================================================================
Step 98500 (52.5 min) | Pickups: 181 | Deposits: 179 | Rate: 3.41 tags/min | phero_entries=5 phero_max=0.342
======================================================================
R1[RTB       ]: L=+1.00 R=+1.00 | carry=1 | base=0.33 ba=+0.00 | site=0 sd=0.00 sa=+0.00 | phero=0 pd=0.00 pa=+0.00 | srch=0.00 | wall=3.24
R2[RTB       ]: L=+1.00 R=+1.00 | carry=1 | base=0.29 ba=-0.00 | site=0 sd=0.00 sa=+0.00 | phero=0 pd=0.00 pa=+0.00 | srch=0.00 | wall=3.95
R3[SITE      ]: L=+0.99 R=+0.98 | carry=0 | base=0.34 ba=+0.98 | site=1 sd=0.17 sa=-0.04 | phero=0 pd=0.00 pa=+0.00 | srch=0.21 | wall=3.67
R4[SITE      ]: L=+1.00 R=+1.00 | carry=0 | base=0.28 ba=-0.99 | site=1 sd=0.30 sa=+0.30 | phero=0 pd=0.00 pa=+0.00 | srch=0.17 | wall=3.61

[PICKUP] Robot 4 picked up tag (density=16) | Total: 182

======================================================================
Step 99000 (52.8 min) | Pickups: 182 | Deposits: 179 | Rate: 3.39 tags/min | phero_entries=5 phero_max=0.154
======================================================================
R1[RTB       ]: L=+1.00 R=+1.00 | carry=1 | base=0.10 ba=+0.00 | site=0 sd=0.00 sa=+0.00 | phero=0 pd=0.00 pa=+0.00 | srch=0.00 | wall=5.16
R2[RTB       ]: L=+1.00 R=+1.00 | carry=1 | base=0.06 ba=-0.00 | site=0 sd=0.00 sa=+0.00 | phero=0 pd=0.00 pa=+0.00 | srch=0.00 | wall=5.56
R3[SITE      ]: L=-0.22 R=-0.22 | carry=0 | base=0.44 ba=-0.98 | site=1 sd=0.07 sa=-0.05 | phero=0 pd=0.00 pa=+0.00 | srch=0.33 | wall=3.02
R4[RTB       ]: L=+1.00 R=+1.00 | carry=1 | base=0.27 ba=+0.00 | site=0 sd=0.00 sa=+0.00 | phero=0 pd=0.00 pa=+0.00 | srch=0.00 | wall=3.71

[DEPOSIT] Robot 2 deposited! Total: 180
  [PHERO] Laid at (2.43, -3.58) density=16 prob=1.00 total_entries=6
  [TARGET] Robot 2 → SITE (2.43,-3.58)
[DEPOSIT] Robot 1 deposited! Total: 181
  [PHERO] Laid at (5.21, -0.02) density=10 prob=1.00 total_entries=7
  [TARGET] Robot 1 → SITE (5.21,-0.02)

======================================================================
Step 99500 (53.1 min) | Pickups: 182 | Deposits: 181 | Rate: 3.41 tags/min | phero_entries=7 phero_max=0.575
======================================================================
R1[SITE      ]: L=+1.00 R=+1.00 | carry=0 | base=0.13 ba=+0.98 | site=1 sd=0.50 sa=-0.23 | phero=0 pd=0.00 pa=+0.00 | srch=0.09 | wall=5.01
R2[SITE      ]: L=+1.00 R=+1.00 | carry=0 | base=0.17 ba=+1.00 | site=1 sd=0.35 sa=+0.12 | phero=0 pd=0.00 pa=+0.00 | srch=0.11 | wall=4.66
R3[SITE      ]: L=-0.02 R=-0.02 | carry=0 | base=0.45 ba=-0.96 | site=1 sd=0.06 sa=-0.08 | phero=0 pd=0.00 pa=+0.00 | srch=0.46 | wall=2.96
R4[RTB       ]: L=+1.00 R=+1.00 | carry=1 | base=0.04 ba=+0.00 | site=0 sd=0.00 sa=+0.00 | phero=0 pd=0.00 pa=+0.00 | srch=0.00 | wall=5.63

[DEPOSIT] Robot 4 deposited! Total: 182
  [PHERO] Laid at (0.03, -3.07) density=16 prob=1.00 total_entries=8
  [TARGET] Robot 4 → SITE (0.03,-3.07)
[PICKUP] Robot 3 picked up tag (density=15) | Total: 183

======================================================================
Step 100000 (53.3 min) | Pickups: 183 | Deposits: 182 | Rate: 3.41 tags/min | phero_entries=7 phero_max=0.473
======================================================================
R1[SITE      ]: L=+0.95 R=+0.95 | carry=0 | base=0.33 ba=-0.89 | site=1 sd=0.29 sa=-0.03 | phero=0 pd=0.00 pa=+0.00 | srch=0.21 | wall=3.23
R2[SITE      ]: L=+0.97 R=+1.00 | carry=0 | base=0.39 ba=+0.89 | site=1 sd=0.16 sa=+0.14 | phero=0 pd=0.00 pa=+0.00 | srch=0.23 | wall=2.92
R3[RTB       ]: L=+1.00 R=+1.00 | carry=1 | base=0.47 ba=-0.00 | site=0 sd=0.00 sa=+0.00 | phero=0 pd=0.00 pa=+0.00 | srch=0.00 | wall=2.63
R4[SITE      ]: L=+1.00 R=+1.00 | carry=0 | base=0.19 ba=-0.98 | site=1 sd=0.18 sa=-0.06 | phero=0 pd=0.00 pa=+0.00 | srch=0.12 | wall=4.44

[PICKUP] Robot 2 picked up tag (density=12) | Total: 184
[PICKUP] Robot 4 picked up tag (density=15) | Total: 185

======================================================================
Step 100500 (53.6 min) | Pickups: 185 | Deposits: 182 | Rate: 3.40 tags/min | phero_entries=6 phero_max=0.213
======================================================================
R1[SITE      ]: L=+1.00 R=+1.00 | carry=0 | base=0.53 ba=-0.93 | site=1 sd=0.09 sa=-0.07 | phero=0 pd=0.00 pa=+0.00 | srch=0.34 | wall=1.48
R2[RTB       ]: L=+1.00 R=+1.00 | carry=1 | base=0.43 ba=+0.00 | site=0 sd=0.00 sa=+0.00 | phero=0 pd=0.00 pa=+0.00 | srch=0.00 | wall=2.92
R3[RTB       ]: L=+1.00 R=+1.00 | carry=1 | base=0.25 ba=-0.00 | site=0 sd=0.00 sa=+0.00 | phero=0 pd=0.00 pa=+0.00 | srch=0.00 | wall=4.24
R4[RTB       ]: L=+1.00 R=+0.34 | carry=1 | base=0.36 ba=-0.25 | site=0 sd=0.00 sa=+0.00 | phero=0 pd=0.00 pa=+0.00 | srch=0.00 | wall=2.91

[PICKUP] Robot 1 picked up tag (density=9) | Total: 186
[DEPOSIT] Robot 3 deposited! Total: 183
  [PHERO] Laid at (2.46, -3.59) density=15 prob=1.00 total_entries=6
  [TARGET] Robot 3 → SITE (2.46,-3.59)

======================================================================
Step 101000 (53.9 min) | Pickups: 186 | Deposits: 183 | Rate: 3.40 tags/min | phero_entries=6 phero_max=0.970
======================================================================
R1[RTB       ]: L=+1.00 R=+1.00 | carry=1 | base=0.47 ba=-0.00 | site=0 sd=0.00 sa=+0.00 | phero=0 pd=0.00 pa=+0.00 | srch=0.00 | wall=2.00
R2[RTB       ]: L=+1.00 R=+1.00 | carry=1 | base=0.20 ba=+0.00 | site=0 sd=0.00 sa=+0.00 | phero=0 pd=0.00 pa=+0.00 | srch=0.00 | wall=4.56
R3[BASE_ESC  ]: L=+0.00 R=+1.00 | carry=0 | base=0.03 ba=-0.22 | site=1 sd=0.49 sa=+0.80 | phero=0 pd=0.00 pa=+0.00 | srch=0.00 | wall=5.80
R4[RTB       ]: L=+1.00 R=+1.00 | carry=1 | base=0.14 ba=-0.00 | site=0 sd=0.00 sa=+0.00 | phero=0 pd=0.00 pa=+0.00 | srch=0.00 | wall=4.77

[DEPOSIT] Robot 4 deposited! Total: 184
  [PHERO] Laid at (0.01, -3.09) density=15 prob=1.00 total_entries=7
  [TARGET] Robot 4 → SITE (0.01,-3.09)
[DEPOSIT] Robot 2 deposited! Total: 185
  [PHERO] Laid at (2.09, -3.62) density=12 prob=1.00 total_entries=8
  [TARGET] Robot 2 → SITE (2.09,-3.62)

======================================================================
Step 101500 (54.1 min) | Pickups: 186 | Deposits: 185 | Rate: 3.42 tags/min | phero_entries=8 phero_max=0.825
======================================================================
R1[RTB       ]: L=+1.00 R=+1.00 | carry=1 | base=0.24 ba=-0.00 | site=0 sd=0.00 sa=+0.00 | phero=0 pd=0.00 pa=+0.00 | srch=0.00 | wall=3.92
R2[SITE      ]: L=+1.00 R=+1.00 | carry=0 | base=0.03 ba=+0.89 | site=1 sd=0.46 sa=-0.21 | phero=0 pd=0.00 pa=+0.00 | srch=0.03 | wall=5.79
R3[SITE      ]: L=+1.00 R=+1.00 | carry=0 | base=0.19 ba=-0.95 | site=1 sd=0.32 sa=+0.03 | phero=0 pd=0.00 pa=+0.00 | srch=0.13 | wall=4.70
R4[SITE      ]: L=+1.00 R=+1.00 | carry=0 | base=0.08 ba=+0.95 | site=1 sd=0.28 sa=+0.01 | phero=0 pd=0.00 pa=+0.00 | srch=0.06 | wall=5.31

[DEPOSIT] Robot 1 deposited! Total: 186
  [PHERO] Laid at (5.00, 0.18) density=9 prob=1.00 total_entries=9
  [TARGET] Robot 1 → SITE (5.00,0.18)

======================================================================
Step 102000 (54.4 min) | Pickups: 186 | Deposits: 186 | Rate: 3.42 tags/min | phero_entries=8 phero_max=0.964
======================================================================
R1[BASE_ESC  ]: L=+0.00 R=+1.00 | carry=0 | base=0.03 ba=-0.24 | site=1 sd=0.56 sa=+0.78 | phero=0 pd=0.00 pa=+0.00 | srch=0.01 | wall=5.77
R2[SITE      ]: L=+1.00 R=+1.00 | carry=0 | base=0.24 ba=-0.90 | site=1 sd=0.26 sa=-0.04 | phero=0 pd=0.00 pa=+0.00 | srch=0.16 | wall=4.50
R3[SITE      ]: L=+0.71 R=+0.72 | carry=0 | base=0.40 ba=+0.93 | site=1 sd=0.12 sa=-0.06 | phero=0 pd=0.00 pa=+0.00 | srch=0.25 | wall=3.21
R4[SITE      ]: L=+1.00 R=+1.00 | carry=0 | base=0.29 ba=+0.89 | site=1 sd=0.08 sa=+0.02 | phero=0 pd=0.00 pa=+0.00 | srch=0.19 | wall=3.54

[PICKUP] Robot 4 picked up tag (density=14) | Total: 187

======================================================================
Step 102500 (54.7 min) | Pickups: 187 | Deposits: 186 | Rate: 3.40 tags/min | phero_entries=7 phero_max=0.433
======================================================================
R1[SITE      ]: L=+1.00 R=+1.00 | carry=0 | base=0.21 ba=+1.00 | site=1 sd=0.41 sa=+0.23 | phero=0 pd=0.00 pa=+0.00 | srch=0.13 | wall=4.36
R2[SITE      ]: L=+1.00 R=+1.00 | carry=0 | base=0.46 ba=-0.95 | site=1 sd=0.05 sa=-0.26 | phero=0 pd=0.00 pa=+0.00 | srch=0.28 | wall=2.76
R3[SITE      ]: L=+0.08 R=+0.07 | carry=0 | base=0.49 ba=-0.90 | site=1 sd=0.03 sa=-0.10 | phero=0 pd=0.00 pa=+0.00 | srch=0.38 | wall=2.63
R4[RTB       ]: L=+1.00 R=+1.00 | carry=1 | base=0.27 ba=+0.00 | site=0 sd=0.00 sa=+0.00 | phero=0 pd=0.00 pa=+0.00 | srch=0.00 | wall=3.67

[PICKUP] Robot 2 picked up tag (density=13) | Total: 188

======================================================================
Step 103000 (54.9 min) | Pickups: 188 | Deposits: 186 | Rate: 3.39 tags/min | phero_entries=7 phero_max=0.195
======================================================================
R1[SITE      ]: L=+1.00 R=+1.00 | carry=0 | base=0.44 ba=+1.00 | site=1 sd=0.29 sa=+0.41 | phero=0 pd=0.00 pa=+0.00 | srch=0.26 | wall=2.63
R2[RTB       ]: L=+1.00 R=+1.00 | carry=1 | base=0.36 ba=-0.00 | site=0 sd=0.00 sa=+0.00 | phero=0 pd=0.00 pa=+0.00 | srch=0.00 | wall=3.39
R3[SITE      ]: L=-0.35 R=-0.35 | carry=0 | base=0.44 ba=-0.90 | site=1 sd=0.08 sa=-0.04 | phero=0 pd=0.00 pa=+0.00 | srch=0.50 | wall=3.09
R4[RTB       ]: L=+1.00 R=+1.00 | carry=1 | base=0.05 ba=+0.00 | site=0 sd=0.00 sa=+0.00 | phero=0 pd=0.00 pa=+0.00 | srch=0.00 | wall=5.59

[DEPOSIT] Robot 4 deposited! Total: 187
  [PHERO] Laid at (0.01, -3.15) density=14 prob=1.00 total_entries=8
  [TARGET] Robot 4 → SITE (0.01,-3.15)

======================================================================
Step 103500 (55.2 min) | Pickups: 188 | Deposits: 187 | Rate: 3.39 tags/min | phero_entries=6 phero_max=0.481
======================================================================
R1[SITE      ]: L=+0.98 R=+1.00 | carry=0 | base=0.64 ba=+0.81 | site=1 sd=0.21 sa=+0.44 | phero=0 pd=0.00 pa=+0.00 | srch=0.38 | wall=0.78
R2[RTB       ]: L=+1.00 R=+1.00 | carry=1 | base=0.13 ba=-0.00 | site=0 sd=0.00 sa=+0.00 | phero=0 pd=0.00 pa=+0.00 | srch=0.00 | wall=5.03
R3[SITE      ]: L=-0.01 R=-0.01 | carry=0 | base=0.45 ba=-0.84 | site=1 sd=0.07 sa=+0.04 | phero=0 pd=0.00 pa=+0.00 | srch=0.63 | wall=2.98
R4[SITE      ]: L=+1.00 R=+1.00 | carry=0 | base=0.17 ba=-0.96 | site=1 sd=0.21 sa=+0.19 | phero=0 pd=0.00 pa=+0.00 | srch=0.11 | wall=4.62

[PICKUP] Robot 4 picked up tag (density=6) | Total: 189
[DEPOSIT] Robot 2 deposited! Total: 188
  [PHERO] Laid at (2.32, -3.59) density=13 prob=1.00 total_entries=7
  [TARGET] Robot 2 → SITE (2.32,-3.59)

======================================================================
Step 104000 (55.5 min) | Pickups: 189 | Deposits: 188 | Rate: 3.39 tags/min | phero_entries=6 phero_max=0.651
======================================================================
R1[SITE      ]: L=+1.00 R=+0.96 | carry=0 | base=0.58 ba=+0.33 | site=1 sd=0.08 sa=-0.18 | phero=0 pd=0.00 pa=+0.00 | srch=0.51 | wall=1.09
R2[SITE      ]: L=+1.00 R=+1.00 | carry=0 | base=0.10 ba=-0.97 | site=1 sd=0.42 sa=+0.23 | phero=0 pd=0.00 pa=+0.00 | srch=0.07 | wall=5.16
R3[SITE      ]: L=+0.17 R=+0.16 | carry=0 | base=0.45 ba=-0.91 | site=1 sd=0.07 sa=-0.04 | phero=0 pd=0.00 pa=+0.00 | srch=0.75 | wall=2.97
R4[RTB       ]: L=+1.00 R=+1.00 | carry=1 | base=0.08 ba=-0.00 | site=0 sd=0.00 sa=+0.00 | phero=0 pd=0.00 pa=+0.00 | srch=0.00 | wall=5.38

[DEPOSIT] Robot 4 deposited! Total: 189
  [PHERO] Laid at (-0.50, -1.70) density=6 prob=0.97 total_entries=7
  [TARGET] Robot 4 → SITE (-0.50,-1.70)
[PICKUP] Robot 1 picked up tag (density=8) | Total: 190
[PICKUP] Robot 3 picked up tag (density=12) | Total: 191

======================================================================
Step 104500 (55.7 min) | Pickups: 191 | Deposits: 189 | Rate: 3.39 tags/min | phero_entries=7 phero_max=0.532
======================================================================
R1[RTB       ]: L=+1.00 R=+1.00 | carry=1 | base=0.52 ba=+0.00 | site=0 sd=0.00 sa=+0.00 | phero=0 pd=0.00 pa=+0.00 | srch=0.00 | wall=1.59
R2[SITE      ]: L=+0.94 R=+1.00 | carry=0 | base=0.32 ba=+0.88 | site=1 sd=0.26 sa=+0.22 | phero=0 pd=0.00 pa=+0.00 | srch=0.19 | wall=3.28
R3[RTB       ]: L=+1.00 R=+0.29 | carry=1 | base=0.52 ba=-0.29 | site=0 sd=0.00 sa=+0.00 | phero=0 pd=0.00 pa=+0.00 | srch=0.00 | wall=2.35
R4[SITE      ]: L=+0.98 R=+1.00 | carry=0 | base=0.15 ba=+0.94 | site=1 sd=0.07 sa=+0.07 | phero=0 pd=0.00 pa=+0.00 | srch=0.10 | wall=4.87

[PICKUP] Robot 4 picked up tag (density=5) | Total: 192

======================================================================
Step 105000 (56.0 min) | Pickups: 192 | Deposits: 189 | Rate: 3.38 tags/min | phero_entries=7 phero_max=0.239
======================================================================
R1[RTB       ]: L=+1.00 R=+1.00 | carry=1 | base=0.29 ba=+0.00 | site=0 sd=0.00 sa=+0.00 | phero=0 pd=0.00 pa=+0.00 | srch=0.00 | wall=3.51
R2[SITE      ]: L=+0.96 R=+1.00 | carry=0 | base=0.49 ba=+0.65 | site=1 sd=0.07 sa=+0.09 | phero=0 pd=0.00 pa=+0.00 | srch=0.32 | wall=2.28
R3[RTB       ]: L=+1.00 R=+1.00 | carry=1 | base=0.30 ba=-0.00 | site=0 sd=0.00 sa=+0.00 | phero=0 pd=0.00 pa=+0.00 | srch=0.00 | wall=3.86
R4[RTB       ]: L=+1.00 R=+1.00 | carry=1 | base=0.11 ba=+0.00 | site=0 sd=0.00 sa=+0.00 | phero=0 pd=0.00 pa=+0.00 | srch=0.00 | wall=5.11

[DEPOSIT] Robot 4 deposited! Total: 190
  [PHERO] Laid at (-0.49, -1.75) density=5 prob=0.92 total_entries=8
  [TARGET] Robot 4 → SITE (-0.49,-1.75)

======================================================================
Step 105500 (56.3 min) | Pickups: 192 | Deposits: 190 | Rate: 3.38 tags/min | phero_entries=7 phero_max=0.592
======================================================================
R1[RTB       ]: L=+1.00 R=+1.00 | carry=1 | base=0.07 ba=+0.00 | site=0 sd=0.00 sa=+0.00 | phero=0 pd=0.00 pa=+0.00 | srch=0.00 | wall=5.42
R2[EXPLORE   ]: L=+1.00 R=+1.00 | carry=0 | base=0.55 ba=+0.65 | site=0 sd=0.00 sa=+0.00 | phero=0 pd=0.00 pa=+0.00 | srch=0.44 | wall=2.46
R3[RTB       ]: L=+1.00 R=+1.00 | carry=1 | base=0.07 ba=-0.00 | site=0 sd=0.00 sa=+0.00 | phero=0 pd=0.00 pa=+0.00 | srch=0.00 | wall=5.47
R4[SITE      ]: L=+1.00 R=+1.00 | carry=0 | base=0.12 ba=-0.95 | site=1 sd=0.10 sa=-0.01 | phero=0 pd=0.00 pa=+0.00 | srch=0.08 | wall=5.01

[DEPOSIT] Robot 1 deposited! Total: 191
  [PHERO] Laid at (5.05, 0.24) density=8 prob=1.00 total_entries=7
  [TARGET] Robot 1 → SITE (5.05,0.24)
[DEPOSIT] Robot 3 deposited! Total: 192
  [PHERO] Laid at (2.46, -3.61) density=12 prob=1.00 total_entries=8
  [TARGET] Robot 3 → SITE (2.46,-3.61)
[PICKUP] Robot 4 picked up tag (density=4) | Total: 193

======================================================================
Step 106000 (56.5 min) | Pickups: 193 | Deposits: 192 | Rate: 3.40 tags/min | phero_entries=7 phero_max=0.526
======================================================================
R1[SITE      ]: L=+1.00 R=+1.00 | carry=0 | base=0.16 ba=+0.98 | site=1 sd=0.46 sa=-0.25 | phero=0 pd=0.00 pa=+0.00 | srch=0.10 | wall=4.85
R2[EXPLORE   ]: L=+1.00 R=+1.00 | carry=0 | base=0.69 ba=+0.76 | site=0 sd=0.00 sa=+0.00 | phero=0 pd=0.00 pa=+0.00 | srch=0.57 | wall=0.65
R3[SITE      ]: L=+0.85 R=+0.85 | carry=0 | base=0.13 ba=+0.96 | site=1 sd=0.39 sa=-0.08 | phero=0 pd=0.00 pa=+0.00 | srch=0.10 | wall=5.16
R4[RTB       ]: L=+1.00 R=+1.00 | carry=1 | base=0.15 ba=+0.00 | site=0 sd=0.00 sa=+0.00 | phero=0 pd=0.00 pa=+0.00 | srch=0.00 | wall=4.79

[DEPOSIT] Robot 4 deposited! Total: 193
  [PHERO] Laid at (-0.58, -1.75) density=4 prob=0.82 total_entries=8
  [TARGET] Robot 4 → SITE (-0.58,-1.75)

======================================================================
Step 106500 (56.8 min) | Pickups: 193 | Deposits: 193 | Rate: 3.40 tags/min | phero_entries=7 phero_max=0.682
======================================================================
R1[SITE      ]: L=+1.00 R=+0.98 | carry=0 | base=0.37 ba=-0.80 | site=1 sd=0.30 sa=-0.10 | phero=0 pd=0.00 pa=+0.00 | srch=0.23 | wall=3.19
R2[EXPLORE   ]: L=+1.00 R=+1.00 | carry=0 | base=0.58 ba=+0.13 | site=0 sd=0.00 sa=+0.00 | phero=0 pd=0.00 pa=+0.00 | srch=0.69 | wall=1.29
R3[SITE      ]: L=+0.90 R=+0.90 | carry=0 | base=0.32 ba=-0.93 | site=1 sd=0.19 sa=+0.03 | phero=0 pd=0.00 pa=+0.00 | srch=0.23 | wall=3.78
R4[SITE      ]: L=+1.00 R=+0.99 | carry=0 | base=0.08 ba=-0.94 | site=1 sd=0.14 sa=-0.00 | phero=0 pd=0.00 pa=+0.00 | srch=0.06 | wall=5.34

[PICKUP] Robot 4 picked up tag (density=3) | Total: 194

======================================================================
Step 107000 (57.1 min) | Pickups: 194 | Deposits: 193 | Rate: 3.38 tags/min | phero_entries=7 phero_max=0.307
======================================================================
R1[SITE      ]: L=+1.00 R=+1.00 | carry=0 | base=0.54 ba=-0.80 | site=1 sd=0.08 sa=-0.09 | phero=0 pd=0.00 pa=+0.00 | srch=0.35 | wall=1.43
R2[EXPLORE   ]: L=+1.00 R=+1.00 | carry=0 | base=0.39 ba=+0.21 | site=0 sd=0.00 sa=+0.00 | phero=0 pd=0.00 pa=+0.00 | srch=0.82 | wall=2.74
R3[SITE      ]: L=+0.52 R=+0.17 | carry=0 | base=0.50 ba=-0.98 | site=1 sd=0.01 sa=-0.04 | phero=0 pd=0.00 pa=+0.00 | srch=0.35 | wall=2.49
R4[RTB       ]: L=+1.00 R=+0.95 | carry=1 | base=0.21 ba=-0.02 | site=0 sd=0.00 sa=+0.00 | phero=0 pd=0.00 pa=+0.00 | srch=0.00 | wall=4.36

[PICKUP] Robot 3 picked up tag (density=11) | Total: 195
[DEPOSIT] Robot 4 deposited! Total: 194
  [PHERO] Laid at (-0.65, -1.83) density=3 prob=0.65 total_entries=7
  [TARGET] Robot 4 → SITE (-0.65,-1.83)

======================================================================
Step 107500 (57.3 min) | Pickups: 195 | Deposits: 194 | Rate: 3.38 tags/min | phero_entries=7 phero_max=0.851
======================================================================
R1[EXPLORE   ]: L=+1.00 R=+1.00 | carry=0 | base=0.65 ba=-0.68 | site=0 sd=0.00 sa=+0.00 | phero=0 pd=0.00 pa=+0.00 | srch=0.48 | wall=0.54
R2[EXPLORE   ]: L=+1.00 R=+1.00 | carry=0 | base=0.27 ba=+0.64 | site=0 sd=0.00 sa=+0.00 | phero=0 pd=0.00 pa=+0.00 | srch=0.94 | wall=3.97
R3[RTB       ]: L=+1.00 R=+1.00 | carry=1 | base=0.37 ba=-0.00 | site=0 sd=0.00 sa=+0.00 | phero=0 pd=0.00 pa=+0.00 | srch=0.00 | wall=3.38
R4[BASE_ESC  ]: L=+0.31 R=+1.00 | carry=0 | base=0.03 ba=-0.82 | site=1 sd=0.20 sa=+0.28 | phero=0 pd=0.00 pa=+0.00 | srch=0.03 | wall=5.81


======================================================================
Step 108000 (57.6 min) | Pickups: 195 | Deposits: 194 | Rate: 3.37 tags/min | phero_entries=7 phero_max=0.382
======================================================================
R1[EXPLORE   ]: L=+1.00 R=+1.00 | carry=0 | base=0.63 ba=-0.42 | site=0 sd=0.00 sa=+0.00 | phero=0 pd=0.00 pa=+0.00 | srch=0.60 | wall=1.18
R2[EXPLORE   ]: L=+1.00 R=+1.00 | carry=0 | base=0.42 ba=+0.80 | site=0 sd=0.00 sa=+0.00 | phero=0 pd=0.00 pa=+0.00 | srch=1.00 | wall=2.95
R3[RTB       ]: L=+1.00 R=+1.00 | carry=1 | base=0.14 ba=-0.00 | site=0 sd=0.00 sa=+0.00 | phero=0 pd=0.00 pa=+0.00 | srch=0.00 | wall=4.99
R4[SITE      ]: L=+0.88 R=+1.00 | carry=0 | base=0.23 ba=+0.68 | site=1 sd=0.03 sa=+0.20 | phero=0 pd=0.00 pa=+0.00 | srch=0.15 | wall=4.27

[PICKUP] Robot 4 picked up tag (density=2) | Total: 196
[GIVE-UP] R2 giving up after 4372 steps
[DEPOSIT] Robot 3 deposited! Total: 195
  [PHERO] Laid at (2.47, -3.61) density=11 prob=1.00 total_entries=7
  [TARGET] Robot 3 → SITE (2.47,-3.61)

======================================================================
Step 108500 (57.9 min) | Pickups: 196 | Deposits: 195 | Rate: 3.37 tags/min | phero_entries=6 phero_max=0.668
======================================================================
R1[EXPLORE   ]: L=+1.00 R=+1.00 | carry=0 | base=0.62 ba=-0.56 | site=0 sd=0.00 sa=+0.00 | phero=0 pd=0.00 pa=+0.00 | srch=0.73 | wall=2.16
R2[GIVE_UP   ]: L=+1.00 R=+1.00 | carry=0 | base=0.32 ba=+0.00 | site=0 sd=0.00 sa=+0.00 | phero=0 pd=0.00 pa=+0.00 | srch=1.00 | wall=3.54
R3[SITE      ]: L=+1.00 R=+1.00 | carry=0 | base=0.09 ba=+0.98 | site=1 sd=0.43 sa=+0.08 | phero=0 pd=0.00 pa=+0.00 | srch=0.06 | wall=5.29
R4[RTB       ]: L=+1.00 R=+1.00 | carry=1 | base=0.06 ba=+0.00 | site=0 sd=0.00 sa=+0.00 | phero=0 pd=0.00 pa=+0.00 | srch=0.00 | wall=5.51

[DEPOSIT] Robot 4 deposited! Total: 196
  [TARGET] Robot 4 → SITE (-0.69,-1.88)
[GIVE-UP] R2 giving up after 4996 steps

======================================================================
Step 109000 (58.1 min) | Pickups: 196 | Deposits: 196 | Rate: 3.37 tags/min | phero_entries=6 phero_max=0.300
======================================================================
R1[EXPLORE   ]: L=+1.00 R=+1.00 | carry=0 | base=0.70 ba=-0.66 | site=0 sd=0.00 sa=+0.00 | phero=0 pd=0.00 pa=+0.00 | srch=0.85 | wall=0.60
R2[GIVE_UP   ]: L=+1.00 R=+1.00 | carry=0 | base=0.10 ba=+0.00 | site=0 sd=0.00 sa=+0.00 | phero=0 pd=0.00 pa=+0.00 | srch=1.00 | wall=5.25
R3[SITE      ]: L=+1.00 R=+1.00 | carry=0 | base=0.31 ba=+0.99 | site=1 sd=0.21 sa=+0.13 | phero=0 pd=0.00 pa=+0.00 | srch=0.19 | wall=3.57
R4[SITE      ]: L=+1.00 R=+0.97 | carry=0 | base=0.17 ba=-0.91 | site=1 sd=0.07 sa=-0.08 | phero=0 pd=0.00 pa=+0.00 | srch=0.11 | wall=4.59

[EMPTY_RTN] R2 → phero(2.47,-3.61)

======================================================================
Step 109500 (58.4 min) | Pickups: 196 | Deposits: 196 | Rate: 3.36 tags/min | phero_entries=5 phero_max=0.135
======================================================================
R1[EXPLORE   ]: L=+1.00 R=+1.00 | carry=0 | base=0.58 ba=-0.17 | site=0 sd=0.00 sa=+0.00 | phero=0 pd=0.00 pa=+0.00 | srch=0.98 | wall=1.27
R2[PHERO     ]: L=+1.00 R=+0.99 | carry=0 | base=0.05 ba=-0.79 | site=0 sd=0.00 sa=+0.00 | phero=1 pd=0.48 pa=-0.08 | srch=0.09 | wall=5.56
R3[SITE      ]: L=+1.00 R=+0.97 | carry=0 | base=0.48 ba=+0.89 | site=1 sd=0.04 sa=-0.07 | phero=0 pd=0.00 pa=+0.00 | srch=0.31 | wall=2.63
R4[EXPLORE   ]: L=+1.00 R=+0.93 | carry=0 | base=0.22 ba=-0.20 | site=0 sd=0.00 sa=+0.00 | phero=0 pd=0.00 pa=+0.00 | srch=0.23 | wall=4.64

[PICKUP] Robot 3 picked up tag (density=10) | Total: 197
[PICKUP] Robot 1 picked up tag (density=13) | Total: 198

======================================================================
Step 110000 (58.7 min) | Pickups: 198 | Deposits: 196 | Rate: 3.34 tags/min | phero_entries=3 phero_max=0.061
======================================================================
R1[RTB       ]: L=+1.00 R=+0.98 | carry=1 | base=0.40 ba=-0.01 | site=0 sd=0.00 sa=+0.00 | phero=0 pd=0.00 pa=+0.00 | srch=0.00 | wall=2.64
R2[PHERO     ]: L=+1.00 R=+1.00 | carry=0 | base=0.27 ba=-0.96 | site=0 sd=0.00 sa=+0.00 | phero=1 pd=0.26 pa=-0.11 | srch=0.21 | wall=4.31
R3[RTB       ]: L=+1.00 R=+1.00 | carry=1 | base=0.40 ba=-0.00 | site=0 sd=0.00 sa=+0.00 | phero=0 pd=0.00 pa=+0.00 | srch=0.00 | wall=3.13
R4[EXPLORE   ]: L=+1.00 R=+1.00 | carry=0 | base=0.25 ba=-0.64 | site=0 sd=0.00 sa=+0.00 | phero=0 pd=0.00 pa=+0.00 | srch=0.36 | wall=4.26

[PICKUP] Robot 4 picked up tag (density=2) | Total: 199

======================================================================
Step 110500 (58.9 min) | Pickups: 199 | Deposits: 196 | Rate: 3.33 tags/min | phero_entries=3 phero_max=0.027
======================================================================
R1[RTB       ]: L=+1.00 R=+1.00 | carry=1 | base=0.17 ba=-0.00 | site=0 sd=0.00 sa=+0.00 | phero=0 pd=0.00 pa=+0.00 | srch=0.00 | wall=4.56
R2[PHERO     ]: L=+1.00 R=+0.96 | carry=0 | base=0.48 ba=-0.79 | site=0 sd=0.00 sa=+0.00 | phero=1 pd=0.06 pa=-0.08 | srch=0.34 | wall=2.86
R3[RTB       ]: L=+1.00 R=+1.00 | carry=1 | base=0.18 ba=-0.00 | site=0 sd=0.00 sa=+0.00 | phero=0 pd=0.00 pa=+0.00 | srch=0.00 | wall=4.74
R4[RTB       ]: L=+1.00 R=+1.00 | carry=1 | base=0.25 ba=-0.00 | site=0 sd=0.00 sa=+0.00 | phero=0 pd=0.00 pa=+0.00 | srch=0.00 | wall=3.90

[PICKUP] Robot 2 picked up tag (density=9) | Total: 200
[DEPOSIT] Robot 1 deposited! Total: 197
  [PHERO] Laid at (0.14, -3.59) density=13 prob=1.00 total_entries=3
  [TARGET] Robot 1 → SITE (0.14,-3.59)
[DEPOSIT] Robot 3 deposited! Total: 198
  [PHERO] Laid at (2.52, -3.68) density=10 prob=1.00 total_entries=4
  [TARGET] Robot 3 → SITE (2.52,-3.68)
[DEPOSIT] Robot 4 deposited! Total: 199
  [TARGET] Robot 4 → SITE (-2.64,-0.77)

======================================================================
Step 111000 (59.2 min) | Pickups: 200 | Deposits: 199 | Rate: 3.36 tags/min | phero_entries=4 phero_max=0.757
======================================================================
R1[SITE      ]: L=+0.57 R=+1.00 | carry=0 | base=0.06 ba=-0.96 | site=1 sd=0.37 sa=+0.19 | phero=0 pd=0.00 pa=+0.00 | srch=0.05 | wall=5.50
R2[RTB       ]: L=+1.00 R=+1.00 | carry=1 | base=0.39 ba=-0.00 | site=0 sd=0.00 sa=+0.00 | phero=0 pd=0.00 pa=+0.00 | srch=0.00 | wall=3.19
R3[SITE      ]: L=+1.00 R=+0.43 | carry=0 | base=0.04 ba=+0.84 | site=1 sd=0.49 sa=-0.12 | phero=0 pd=0.00 pa=+0.00 | srch=0.04 | wall=5.72
R4[BASE_ESC  ]: L=+0.00 R=+1.00 | carry=0 | base=0.03 ba=-0.02 | site=1 sd=0.30 sa=+0.99 | phero=0 pd=0.00 pa=+0.00 | srch=0.00 | wall=5.76


======================================================================
Step 111500 (59.5 min) | Pickups: 200 | Deposits: 199 | Rate: 3.35 tags/min | phero_entries=4 phero_max=0.340
======================================================================
R1[SITE      ]: L=+1.00 R=+1.00 | carry=0 | base=0.29 ba=+0.99 | site=1 sd=0.21 sa=+0.35 | phero=0 pd=0.00 pa=+0.00 | srch=0.17 | wall=3.76
R2[RTB       ]: L=+1.00 R=+1.00 | carry=1 | base=0.17 ba=-0.00 | site=0 sd=0.00 sa=+0.00 | phero=0 pd=0.00 pa=+0.00 | srch=0.00 | wall=4.81
R3[SITE      ]: L=+0.21 R=+0.20 | carry=0 | base=0.16 ba=-0.93 | site=1 sd=0.37 sa=+0.03 | phero=0 pd=0.00 pa=+0.00 | srch=0.17 | wall=4.95
R4[SITE      ]: L=+0.96 R=+1.00 | carry=0 | base=0.20 ba=-1.00 | site=1 sd=0.18 sa=+0.38 | phero=0 pd=0.00 pa=+0.00 | srch=0.13 | wall=4.33

[DEPOSIT] Robot 2 deposited! Total: 200
  [PHERO] Laid at (2.44, -3.68) density=9 prob=1.00 total_entries=4
  [TARGET] Robot 2 → SITE (2.44,-3.68)

======================================================================
Step 112000 (59.7 min) | Pickups: 200 | Deposits: 200 | Rate: 3.35 tags/min | phero_entries=4 phero_max=0.727
======================================================================
R1[SITE      ]: L=+0.96 R=+1.00 | carry=0 | base=0.50 ba=+0.73 | site=1 sd=0.17 sa=+0.42 | phero=0 pd=0.00 pa=+0.00 | srch=0.30 | wall=1.99
R2[SITE      ]: L=+1.00 R=+1.00 | carry=0 | base=0.07 ba=-0.95 | site=1 sd=0.46 sa=+0.21 | phero=0 pd=0.00 pa=+0.00 | srch=0.05 | wall=5.42
R3[SITE      ]: L=+0.73 R=+0.73 | carry=0 | base=0.26 ba=-0.96 | site=1 sd=0.27 sa=+0.04 | phero=0 pd=0.00 pa=+0.00 | srch=0.29 | wall=4.18
R4[SITE      ]: L=+0.77 R=+0.80 | carry=0 | base=0.34 ba=+0.52 | site=1 sd=0.06 sa=+0.12 | phero=0 pd=0.00 pa=+0.00 | srch=0.25 | wall=3.16

[PICKUP] Robot 4 picked up tag (density=1) | Total: 201

======================================================================
Step 112500 (60.0 min) | Pickups: 201 | Deposits: 200 | Rate: 3.33 tags/min | phero_entries=4 phero_max=0.327
======================================================================
R1[SITE      ]: L=+0.94 R=+1.00 | carry=0 | base=0.55 ba=+0.37 | site=1 sd=0.13 sa=+0.39 | phero=0 pd=0.00 pa=+0.00 | srch=0.42 | wall=1.31
R2[SITE      ]: L=+0.98 R=+1.00 | carry=0 | base=0.29 ba=+0.92 | site=1 sd=0.28 sa=+0.18 | phero=0 pd=0.00 pa=+0.00 | srch=0.17 | wall=3.57
R3[SITE      ]: L=+0.34 R=+0.34 | carry=0 | base=0.35 ba=+0.96 | site=1 sd=0.17 sa=-0.05 | phero=0 pd=0.00 pa=+0.00 | srch=0.42 | wall=3.56
R4[RTB       ]: L=+1.00 R=+1.00 | carry=1 | base=0.17 ba=+0.00 | site=0 sd=0.00 sa=+0.00 | phero=0 pd=0.00 pa=+0.00 | srch=0.00 | wall=4.60

[DEPOSIT] Robot 4 deposited! Total: 201
  [TARGET] Robot 4 → SITE (-2.80,-0.60)
[PICKUP] Robot 1 picked up tag (density=12) | Total: 202

======================================================================
Step 113000 (60.3 min) | Pickups: 202 | Deposits: 201 | Rate: 3.34 tags/min | phero_entries=3 phero_max=0.147
======================================================================
R1[RTB       ]: L=+1.00 R=+0.18 | carry=1 | base=0.42 ba=-0.31 | site=0 sd=0.00 sa=+0.00 | phero=0 pd=0.00 pa=+0.00 | srch=0.00 | wall=2.43
R2[SITE      ]: L=+0.01 R=+1.00 | carry=0 | base=0.49 ba=+0.81 | site=1 sd=0.08 sa=+0.21 | phero=0 pd=0.00 pa=+0.00 | srch=0.30 | wall=2.23
R3[SITE      ]: L=+0.73 R=+1.00 | carry=0 | base=0.45 ba=+0.98 | site=1 sd=0.08 sa=-0.02 | phero=0 pd=0.00 pa=+0.00 | srch=0.54 | wall=2.86
R4[SITE      ]: L=+1.00 R=+1.00 | carry=0 | base=0.05 ba=-0.88 | site=1 sd=0.28 sa=+0.09 | phero=0 pd=0.00 pa=+0.00 | srch=0.05 | wall=5.58

[PICKUP] Robot 2 picked up tag (density=8) | Total: 203
[PICKUP] Robot 3 picked up tag (density=7) | Total: 204

======================================================================
Step 113500 (60.5 min) | Pickups: 204 | Deposits: 201 | Rate: 3.32 tags/min | phero_entries=3 phero_max=0.066
======================================================================
R1[RTB       ]: L=+1.00 R=+1.00 | carry=1 | base=0.21 ba=-0.00 | site=0 sd=0.00 sa=+0.00 | phero=0 pd=0.00 pa=+0.00 | srch=0.00 | wall=4.25
R2[RTB       ]: L=+1.00 R=+1.00 | carry=1 | base=0.37 ba=+0.00 | site=0 sd=0.00 sa=+0.00 | phero=0 pd=0.00 pa=+0.00 | srch=0.00 | wall=3.30
R3[RTB       ]: L=+1.00 R=+0.00 | carry=1 | base=0.54 ba=-0.43 | site=0 sd=0.00 sa=+0.00 | phero=0 pd=0.00 pa=+0.00 | srch=0.00 | wall=2.22
R4[SITE      ]: L=+1.00 R=+1.00 | carry=0 | base=0.27 ba=-0.99 | site=1 sd=0.09 sa=+0.29 | phero=0 pd=0.00 pa=+0.00 | srch=0.17 | wall=3.68

[DEPOSIT] Robot 1 deposited! Total: 202
  [PHERO] Laid at (0.08, -3.58) density=12 prob=1.00 total_entries=4
  [TARGET] Robot 1 → SITE (0.08,-3.58)

======================================================================
Step 114000 (60.8 min) | Pickups: 204 | Deposits: 202 | Rate: 3.32 tags/min | phero_entries=4 phero_max=0.840
======================================================================
R1[BASE_ESC  ]: L=+0.46 R=+1.00 | carry=0 | base=0.03 ba=-0.86 | site=1 sd=0.39 sa=+0.23 | phero=0 pd=0.00 pa=+0.00 | srch=0.03 | wall=5.76
R2[RTB       ]: L=+1.00 R=+1.00 | carry=1 | base=0.14 ba=+0.00 | site=0 sd=0.00 sa=+0.00 | phero=0 pd=0.00 pa=+0.00 | srch=0.00 | wall=4.95
R3[RTB       ]: L=+1.00 R=+1.00 | carry=1 | base=0.33 ba=-0.00 | site=0 sd=0.00 sa=+0.00 | phero=0 pd=0.00 pa=+0.00 | srch=0.00 | wall=3.65
R4[EXPLORE   ]: L=+1.00 R=+1.00 | carry=0 | base=0.34 ba=-0.67 | site=0 sd=0.00 sa=+0.00 | phero=0 pd=0.00 pa=+0.00 | srch=0.30 | wall=3.21

[DEPOSIT] Robot 2 deposited! Total: 203
  [PHERO] Laid at (2.16, -3.78) density=8 prob=1.00 total_entries=5
  [TARGET] Robot 2 → SITE (2.16,-3.78)

======================================================================
Step 114500 (61.1 min) | Pickups: 204 | Deposits: 203 | Rate: 3.32 tags/min | phero_entries=5 phero_max=0.677
======================================================================
R1[SITE      ]: L=+0.97 R=+1.00 | carry=0 | base=0.25 ba=+0.92 | site=1 sd=0.20 sa=+0.16 | phero=0 pd=0.00 pa=+0.00 | srch=0.15 | wall=3.98
R2[SITE      ]: L=+1.00 R=+1.00 | carry=0 | base=0.09 ba=+0.96 | site=1 sd=0.44 sa=-0.23 | phero=0 pd=0.00 pa=+0.00 | srch=0.06 | wall=5.36
R3[RTB       ]: L=+1.00 R=+1.00 | carry=1 | base=0.10 ba=-0.00 | site=0 sd=0.00 sa=+0.00 | phero=0 pd=0.00 pa=+0.00 | srch=0.00 | wall=5.26
R4[EXPLORE   ]: L=+1.00 R=+1.00 | carry=0 | base=0.49 ba=-0.79 | site=0 sd=0.00 sa=+0.00 | phero=0 pd=0.00 pa=+0.00 | srch=0.42 | wall=1.97

[DEPOSIT] Robot 3 deposited! Total: 204
  [PHERO] Laid at (2.54, -3.75) density=7 prob=0.99 total_entries=6
  [TARGET] Robot 3 → SITE (2.54,-3.75)

======================================================================
Step 115000 (61.3 min) | Pickups: 204 | Deposits: 204 | Rate: 3.33 tags/min | phero_entries=6 phero_max=0.583
======================================================================
R1[SITE      ]: L=+0.81 R=+1.00 | carry=0 | base=0.45 ba=+0.67 | site=1 sd=0.03 sa=+0.44 | phero=0 pd=0.00 pa=+0.00 | srch=0.28 | wall=2.22
R2[SITE      ]: L=+1.00 R=+0.97 | carry=0 | base=0.31 ba=-0.89 | site=1 sd=0.30 sa=-0.25 | phero=0 pd=0.00 pa=+0.00 | srch=0.19 | wall=3.67
R3[SITE      ]: L=+1.00 R=+1.00 | carry=0 | base=0.13 ba=+0.98 | site=1 sd=0.41 sa=+0.07 | phero=0 pd=0.00 pa=+0.00 | srch=0.08 | wall=4.98
R4[EXPLORE   ]: L=+1.00 R=+1.00 | carry=0 | base=0.47 ba=-0.23 | site=0 sd=0.00 sa=+0.00 | phero=0 pd=0.00 pa=+0.00 | srch=0.55 | wall=2.48

[PICKUP] Robot 1 picked up tag (density=11) | Total: 205
[GIVE-UP] R4 giving up after 2574 steps

======================================================================
Step 115500 (61.6 min) | Pickups: 205 | Deposits: 204 | Rate: 3.31 tags/min | phero_entries=4 phero_max=0.262
======================================================================
R1[RTB       ]: L=+1.00 R=+1.00 | carry=1 | base=0.26 ba=-0.00 | site=0 sd=0.00 sa=+0.00 | phero=0 pd=0.00 pa=+0.00 | srch=0.00 | wall=3.76
R2[SITE      ]: L=+1.00 R=+0.97 | carry=0 | base=0.48 ba=-0.71 | site=1 sd=0.12 sa=-0.17 | phero=0 pd=0.00 pa=+0.00 | srch=0.31 | wall=2.99
R3[SITE      ]: L=+0.99 R=+1.00 | carry=0 | base=0.35 ba=+0.94 | site=1 sd=0.19 sa=+0.08 | phero=0 pd=0.00 pa=+0.00 | srch=0.21 | wall=3.29
R4[GIVE_UP   ]: L=+1.00 R=+1.00 | carry=0 | base=0.32 ba=-0.00 | site=0 sd=0.00 sa=+0.00 | phero=0 pd=0.00 pa=+0.00 | srch=0.67 | wall=3.98

[PICKUP] Robot 2 picked up tag (density=6) | Total: 206

======================================================================
Step 116000 (61.9 min) | Pickups: 206 | Deposits: 204 | Rate: 3.30 tags/min | phero_entries=4 phero_max=0.118
======================================================================
R1[RTB       ]: L=+1.00 R=+1.00 | carry=1 | base=0.04 ba=-0.00 | site=0 sd=0.00 sa=+0.00 | phero=0 pd=0.00 pa=+0.00 | srch=0.00 | wall=5.68
R2[RTB       ]: L=+1.00 R=+1.00 | carry=1 | base=0.43 ba=+0.00 | site=0 sd=0.00 sa=+0.00 | phero=0 pd=0.00 pa=+0.00 | srch=0.00 | wall=2.89
R3[EXPLORE   ]: L=+1.00 R=+1.00 | carry=0 | base=0.55 ba=+0.92 | site=0 sd=0.00 sa=+0.00 | phero=0 pd=0.00 pa=+0.00 | srch=0.33 | wall=2.18
R4[GIVE_UP   ]: L=+1.00 R=+1.00 | carry=0 | base=0.09 ba=-0.00 | site=0 sd=0.00 sa=+0.00 | phero=0 pd=0.00 pa=+0.00 | srch=0.80 | wall=5.42

[DEPOSIT] Robot 1 deposited! Total: 205
  [PHERO] Laid at (0.23, -3.60) density=11 prob=1.00 total_entries=5
  [TARGET] Robot 1 → SITE (0.23,-3.60)
[EMPTY_RTN] R4 → phero(0.08,-3.58)

======================================================================
Step 116500 (62.1 min) | Pickups: 206 | Deposits: 205 | Rate: 3.30 tags/min | phero_entries=4 phero_max=0.463
======================================================================
R1[SITE      ]: L=+1.00 R=+1.00 | carry=0 | base=0.18 ba=+0.94 | site=1 sd=0.25 sa=-0.15 | phero=0 pd=0.00 pa=+0.00 | srch=0.12 | wall=4.53
R2[RTB       ]: L=+1.00 R=+1.00 | carry=1 | base=0.21 ba=+0.00 | site=0 sd=0.00 sa=+0.00 | phero=0 pd=0.00 pa=+0.00 | srch=0.00 | wall=4.52
R3[EXPLORE   ]: L=+0.59 R=+1.00 | carry=0 | base=0.58 ba=-0.39 | site=0 sd=0.00 sa=+0.00 | phero=0 pd=0.00 pa=+0.00 | srch=0.46 | wall=2.38
R4[PHERO     ]: L=+0.99 R=+1.00 | carry=0 | base=0.09 ba=+0.84 | site=0 sd=0.00 sa=+0.00 | phero=1 pd=0.41 pa=+0.34 | srch=0.09 | wall=5.28

[DEPOSIT] Robot 2 deposited! Total: 206
  [PHERO] Laid at (2.44, -3.75) density=6 prob=0.97 total_entries=5
  [TARGET] Robot 2 → SITE (2.44,-3.75)

======================================================================
Step 117000 (62.4 min) | Pickups: 206 | Deposits: 206 | Rate: 3.30 tags/min | phero_entries=5 phero_max=0.837
======================================================================
R1[SITE      ]: L=+0.61 R=+0.62 | carry=0 | base=0.36 ba=-0.78 | site=1 sd=0.08 sa=+0.03 | phero=0 pd=0.00 pa=+0.00 | srch=0.25 | wall=2.98
R2[BASE_ESC  ]: L=+1.00 R=+0.44 | carry=0 | base=0.03 ba=+0.87 | site=1 sd=0.50 sa=-0.20 | phero=0 pd=0.00 pa=+0.00 | srch=0.03 | wall=5.82
R3[EXPLORE   ]: L=+1.00 R=+1.00 | carry=0 | base=0.53 ba=-0.23 | site=0 sd=0.00 sa=+0.00 | phero=0 pd=0.00 pa=+0.00 | srch=0.58 | wall=2.57
R4[PHERO     ]: L=+0.92 R=+0.91 | carry=0 | base=0.24 ba=+0.52 | site=0 sd=0.00 sa=+0.00 | phero=1 pd=0.29 pa=-0.07 | srch=0.22 | wall=4.45

[PICKUP] Robot 1 picked up tag (density=10) | Total: 207
[GIVE-UP] R3 giving up after 2614 steps

======================================================================
Step 117500 (62.7 min) | Pickups: 207 | Deposits: 206 | Rate: 3.29 tags/min | phero_entries=5 phero_max=0.376
======================================================================
R1[RTB       ]: L=+1.00 R=+1.00 | carry=1 | base=0.25 ba=-0.00 | site=0 sd=0.00 sa=+0.00 | phero=0 pd=0.00 pa=+0.00 | srch=0.00 | wall=3.91
R2[SITE      ]: L=+1.00 R=+0.98 | carry=0 | base=0.25 ba=-0.90 | site=1 sd=0.30 sa=-0.09 | phero=0 pd=0.00 pa=+0.00 | srch=0.15 | wall=4.33
R3[GIVE_UP   ]: L=+1.00 R=+1.00 | carry=0 | base=0.35 ba=-0.00 | site=0 sd=0.00 sa=+0.00 | phero=0 pd=0.00 pa=+0.00 | srch=0.71 | wall=3.40
R4[PHERO     ]: L=+0.58 R=+0.58 | carry=0 | base=0.30 ba=+0.76 | site=0 sd=0.00 sa=+0.00 | phero=1 pd=0.15 pa=-0.02 | srch=0.34 | wall=3.53

[PICKUP] Robot 4 picked up tag (density=9) | Total: 208
[DEPOSIT] Robot 1 deposited! Total: 207
  [PHERO] Laid at (0.38, -3.24) density=10 prob=1.00 total_entries=6
  [TARGET] Robot 1 → SITE (0.38,-3.24)

======================================================================
Step 118000 (62.9 min) | Pickups: 208 | Deposits: 207 | Rate: 3.29 tags/min | phero_entries=6 phero_max=0.970
======================================================================
R1[BASE_ESC  ]: L=+0.00 R=+1.00 | carry=0 | base=0.03 ba=-0.21 | site=1 sd=0.36 sa=+0.81 | phero=0 pd=0.00 pa=+0.00 | srch=0.00 | wall=5.77
R2[SITE      ]: L=+1.00 R=+1.00 | carry=0 | base=0.42 ba=-0.84 | site=1 sd=0.13 sa=-0.04 | phero=0 pd=0.00 pa=+0.00 | srch=0.28 | wall=3.31
R3[GIVE_UP   ]: L=+1.00 R=+1.00 | carry=0 | base=0.12 ba=-0.00 | site=0 sd=0.00 sa=+0.00 | phero=0 pd=0.00 pa=+0.00 | srch=0.83 | wall=5.08
R4[RTB       ]: L=+0.55 R=+1.00 | carry=1 | base=0.38 ba=+0.17 | site=0 sd=0.00 sa=+0.00 | phero=0 pd=0.00 pa=+0.00 | srch=0.00 | wall=2.78

[EMPTY_RTN] R3 → phero(0.38,-3.24)
[PICKUP] Robot 2 picked up tag (density=5) | Total: 209

======================================================================
Step 118500 (63.2 min) | Pickups: 209 | Deposits: 207 | Rate: 3.28 tags/min | phero_entries=5 phero_max=0.436
======================================================================
R1[SITE      ]: L=+1.00 R=+1.00 | carry=0 | base=0.21 ba=+0.96 | site=1 sd=0.18 sa=+0.05 | phero=0 pd=0.00 pa=+0.00 | srch=0.13 | wall=4.25
R2[RTB       ]: L=+1.00 R=+1.00 | carry=1 | base=0.48 ba=-0.00 | site=0 sd=0.00 sa=+0.00 | phero=0 pd=0.00 pa=+0.00 | srch=0.00 | wall=2.56
R3[PHERO     ]: L=-0.39 R=-0.28 | carry=0 | base=0.03 ba=-0.96 | site=0 sd=0.00 sa=+0.00 | phero=1 pd=0.35 pa=-0.02 | srch=0.07 | wall=5.75
R4[RTB       ]: L=+1.00 R=+1.00 | carry=1 | base=0.16 ba=+0.00 | site=0 sd=0.00 sa=+0.00 | phero=0 pd=0.00 pa=+0.00 | srch=0.00 | wall=4.66

[DEPOSIT] Robot 4 deposited! Total: 208
  [PHERO] Laid at (-0.07, -3.25) density=9 prob=1.00 total_entries=5
  [TARGET] Robot 4 → SITE (-0.07,-3.25)
[PICKUP] Robot 1 picked up tag (density=8) | Total: 210

======================================================================
Step 119000 (63.5 min) | Pickups: 210 | Deposits: 208 | Rate: 3.28 tags/min | phero_entries=4 phero_max=0.708
======================================================================
R1[RTB       ]: L=+0.97 R=+1.00 | carry=1 | base=0.34 ba=+0.01 | site=0 sd=0.00 sa=+0.00 | phero=0 pd=0.00 pa=+0.00 | srch=0.00 | wall=3.15
R2[RTB       ]: L=+1.00 R=+1.00 | carry=1 | base=0.25 ba=-0.00 | site=0 sd=0.00 sa=+0.00 | phero=0 pd=0.00 pa=+0.00 | srch=0.00 | wall=4.19
R3[PHERO     ]: L=+0.39 R=+0.39 | carry=0 | base=0.06 ba=-0.93 | site=0 sd=0.00 sa=+0.00 | phero=1 pd=0.33 pa=+0.08 | srch=0.20 | wall=5.51
R4[SITE      ]: L=+1.00 R=+1.00 | carry=0 | base=0.07 ba=-0.95 | site=1 sd=0.32 sa=+0.24 | phero=0 pd=0.00 pa=+0.00 | srch=0.05 | wall=5.44

[DEPOSIT] Robot 2 deposited! Total: 209
  [PHERO] Laid at (2.47, -3.77) density=5 prob=0.92 total_entries=5
  [TARGET] Robot 2 → SITE (2.47,-3.77)

======================================================================
Step 119500 (63.7 min) | Pickups: 210 | Deposits: 209 | Rate: 3.28 tags/min | phero_entries=5 phero_max=0.986
======================================================================
R1[RTB       ]: L=+1.00 R=+1.00 | carry=1 | base=0.11 ba=+0.00 | site=0 sd=0.00 sa=+0.00 | phero=0 pd=0.00 pa=+0.00 | srch=0.00 | wall=5.06
R2[BASE_ESC  ]: L=+0.00 R=+1.00 | carry=0 | base=0.03 ba=-0.17 | site=1 sd=0.50 sa=+0.84 | phero=0 pd=0.00 pa=+0.00 | srch=0.00 | wall=5.80
R3[PHERO     ]: L=+0.24 R=+0.15 | carry=0 | base=0.17 ba=-0.97 | site=0 sd=0.00 sa=+0.00 | phero=1 pd=0.22 pa=+0.11 | srch=0.32 | wall=4.54
R4[SITE      ]: L=+0.70 R=+1.00 | carry=0 | base=0.29 ba=+0.73 | site=1 sd=0.17 sa=+0.13 | phero=0 pd=0.00 pa=+0.00 | srch=0.18 | wall=3.77

[DEPOSIT] Robot 1 deposited! Total: 210
  [PHERO] Laid at (0.12, -3.04) density=8 prob=1.00 total_entries=6
  [TARGET] Robot 1 → SITE (0.12,-3.04)
[PICKUP] Robot 4 picked up tag (density=7) | Total: 211

======================================================================
Step 120000 (64.0 min) | Pickups: 211 | Deposits: 210 | Rate: 3.28 tags/min | phero_entries=6 phero_max=0.599
======================================================================
R1[SITE      ]: L=+1.00 R=+1.00 | carry=0 | base=0.12 ba=+0.97 | site=1 sd=0.26 sa=-0.28 | phero=0 pd=0.00 pa=+0.00 | srch=0.08 | wall=5.14
R2[SITE      ]: L=+1.00 R=+1.00 | carry=0 | base=0.19 ba=+0.95 | site=1 sd=0.36 sa=-0.20 | phero=0 pd=0.00 pa=+0.00 | srch=0.13 | wall=4.76
R3[PHERO     ]: L=+0.54 R=+0.50 | carry=0 | base=0.35 ba=+0.80 | site=0 sd=0.00 sa=+0.00 | phero=1 pd=0.04 pa=-0.10 | srch=0.45 | wall=3.07
R4[RTB       ]: L=+0.50 R=+1.00 | carry=1 | base=0.38 ba=+0.19 | site=0 sd=0.00 sa=+0.00 | phero=0 pd=0.00 pa=+0.00 | srch=0.00 | wall=2.78


======================================================================
Step 120500 (64.3 min) | Pickups: 211 | Deposits: 210 | Rate: 3.27 tags/min | phero_entries=5 phero_max=0.269
======================================================================
R1[SITE      ]: L=+0.51 R=+0.51 | carry=0 | base=0.29 ba=-0.83 | site=1 sd=0.08 sa=-0.04 | phero=0 pd=0.00 pa=+0.00 | srch=0.20 | wall=3.59
R2[SITE      ]: L=+1.00 R=+1.00 | carry=0 | base=0.37 ba=-0.87 | site=1 sd=0.17 sa=-0.01 | phero=0 pd=0.00 pa=+0.00 | srch=0.25 | wall=3.61
R3[EXPLORE   ]: L=+0.30 R=+1.00 | carry=0 | base=0.38 ba=-0.95 | site=0 sd=0.00 sa=+0.00 | phero=0 pd=0.00 pa=+0.00 | srch=0.57 | wall=2.81
R4[RTB       ]: L=+1.00 R=+1.00 | carry=1 | base=0.16 ba=+0.00 | site=0 sd=0.00 sa=+0.00 | phero=0 pd=0.00 pa=+0.00 | srch=0.00 | wall=4.66

[PICKUP] Robot 1 picked up tag (density=6) | Total: 212
[DEPOSIT] Robot 4 deposited! Total: 211
  [PHERO] Laid at (-0.06, -3.24) density=7 prob=0.99 total_entries=6
  [TARGET] Robot 4 → SITE (-0.06,-3.24)
[PICKUP] Robot 2 picked up tag (density=4) | Total: 213

======================================================================
Step 121000 (64.5 min) | Pickups: 213 | Deposits: 211 | Rate: 3.27 tags/min | phero_entries=6 phero_max=0.708
======================================================================
R1[RTB       ]: L=+1.00 R=+1.00 | carry=1 | base=0.28 ba=-0.00 | site=0 sd=0.00 sa=+0.00 | phero=0 pd=0.00 pa=+0.00 | srch=0.00 | wall=3.58
R2[RTB       ]: L=+1.00 R=+1.00 | carry=1 | base=0.54 ba=-0.98 | site=0 sd=0.00 sa=+0.00 | phero=0 pd=0.00 pa=+0.00 | srch=0.00 | wall=2.17
R3[EXPLORE   ]: L=+1.00 R=+1.00 | carry=0 | base=0.37 ba=-0.55 | site=0 sd=0.00 sa=+0.00 | phero=0 pd=0.00 pa=+0.00 | srch=0.70 | wall=2.86
R4[SITE      ]: L=+1.00 R=+1.00 | carry=0 | base=0.07 ba=-0.92 | site=1 sd=0.31 sa=+0.04 | phero=0 pd=0.00 pa=+0.00 | srch=0.05 | wall=5.43

[GIVE-UP] R3 giving up after 3255 steps

======================================================================
Step 121500 (64.8 min) | Pickups: 213 | Deposits: 211 | Rate: 3.26 tags/min | phero_entries=5 phero_max=0.318
======================================================================
R1[RTB       ]: L=+1.00 R=+1.00 | carry=1 | base=0.06 ba=-0.00 | site=0 sd=0.00 sa=+0.00 | phero=0 pd=0.00 pa=+0.00 | srch=0.00 | wall=5.50
R2[RTB       ]: L=+1.00 R=+1.00 | carry=1 | base=0.37 ba=-0.00 | site=0 sd=0.00 sa=+0.00 | phero=0 pd=0.00 pa=+0.00 | srch=0.00 | wall=3.34
R3[GIVE_UP   ]: L=+1.00 R=+0.14 | carry=0 | base=0.48 ba=-0.32 | site=0 sd=0.00 sa=+0.00 | phero=0 pd=0.00 pa=+0.00 | srch=0.82 | wall=2.21
R4[SITE      ]: L=+1.00 R=+1.00 | carry=0 | base=0.29 ba=-0.98 | site=1 sd=0.10 sa=+0.14 | phero=0 pd=0.00 pa=+0.00 | srch=0.18 | wall=3.54

[DEPOSIT] Robot 1 deposited! Total: 212
  [PHERO] Laid at (0.13, -3.07) density=6 prob=0.97 total_entries=6
  [TARGET] Robot 1 → SITE (0.13,-3.07)
[PICKUP] Robot 4 picked up tag (density=5) | Total: 214

======================================================================
Step 122000 (65.1 min) | Pickups: 214 | Deposits: 212 | Rate: 3.26 tags/min | phero_entries=6 phero_max=0.498
======================================================================
R1[SITE      ]: L=+1.00 R=+1.00 | carry=0 | base=0.17 ba=+1.00 | site=1 sd=0.23 sa=+0.28 | phero=0 pd=0.00 pa=+0.00 | srch=0.11 | wall=4.67
R2[RTB       ]: L=+1.00 R=+1.00 | carry=1 | base=0.14 ba=-0.00 | site=0 sd=0.00 sa=+0.00 | phero=0 pd=0.00 pa=+0.00 | srch=0.00 | wall=4.97
R3[GIVE_UP   ]: L=+1.00 R=+1.00 | carry=0 | base=0.27 ba=-0.00 | site=0 sd=0.00 sa=+0.00 | phero=0 pd=0.00 pa=+0.00 | srch=0.95 | wall=3.91
R4[RTB       ]: L=+1.00 R=+1.00 | carry=1 | base=0.31 ba=+0.00 | site=0 sd=0.00 sa=+0.00 | phero=0 pd=0.00 pa=+0.00 | srch=0.00 | wall=3.37

[DEPOSIT] Robot 2 deposited! Total: 213
  [PHERO] Laid at (2.50, -3.83) density=4 prob=0.82 total_entries=7
  [TARGET] Robot 2 → SITE (2.50,-3.83)

======================================================================
Step 122500 (65.3 min) | Pickups: 214 | Deposits: 213 | Rate: 3.26 tags/min | phero_entries=6 phero_max=0.670
======================================================================
R1[SITE      ]: L=+0.95 R=+1.00 | carry=0 | base=0.35 ba=+0.61 | site=1 sd=0.07 sa=+0.11 | phero=0 pd=0.00 pa=+0.00 | srch=0.23 | wall=3.04
R2[SITE      ]: L=+0.98 R=+1.00 | carry=0 | base=0.09 ba=+0.99 | site=1 sd=0.45 sa=+0.09 | phero=0 pd=0.00 pa=+0.00 | srch=0.06 | wall=5.29
R3[GIVE_UP   ]: L=+1.00 R=+1.00 | carry=0 | base=0.04 ba=-0.00 | site=0 sd=0.00 sa=+0.00 | phero=0 pd=0.00 pa=+0.00 | srch=1.00 | wall=5.67
R4[RTB       ]: L=+1.00 R=+1.00 | carry=1 | base=0.08 ba=+0.00 | site=0 sd=0.00 sa=+0.00 | phero=0 pd=0.00 pa=+0.00 | srch=0.00 | wall=5.29

[EMPTY_RTN] R3 → phero(2.50,-3.83)
[DEPOSIT] Robot 4 deposited! Total: 214
  [PHERO] Laid at (-0.06, -3.31) density=5 prob=0.92 total_entries=7
  [TARGET] Robot 4 → SITE (-0.06,-3.31)
[PICKUP] Robot 1 picked up tag (density=4) | Total: 215

======================================================================
Step 123000 (65.6 min) | Pickups: 215 | Deposits: 214 | Rate: 3.26 tags/min | phero_entries=7 phero_max=0.544
======================================================================
R1[RTB       ]: L=+1.00 R=+1.00 | carry=1 | base=0.33 ba=-0.00 | site=0 sd=0.00 sa=+0.00 | phero=0 pd=0.00 pa=+0.00 | srch=0.00 | wall=3.23
R2[SITE      ]: L=+0.92 R=+0.91 | carry=0 | base=0.27 ba=+0.96 | site=1 sd=0.27 sa=-0.10 | phero=0 pd=0.00 pa=+0.00 | srch=0.19 | wall=4.20
R3[PHERO     ]: L=+0.99 R=+1.00 | carry=0 | base=0.17 ba=+0.85 | site=0 sd=0.00 sa=+0.00 | phero=1 pd=0.41 pa=+0.11 | srch=0.12 | wall=4.57
R4[SITE      ]: L=+1.00 R=+0.99 | carry=0 | base=0.15 ba=-0.96 | site=1 sd=0.25 sa=-0.11 | phero=0 pd=0.00 pa=+0.00 | srch=0.09 | wall=4.79


======================================================================
Step 123500 (65.9 min) | Pickups: 215 | Deposits: 214 | Rate: 3.25 tags/min | phero_entries=6 phero_max=0.245
======================================================================
R1[RTB       ]: L=+1.00 R=+1.00 | carry=1 | base=0.10 ba=-0.00 | site=0 sd=0.00 sa=+0.00 | phero=0 pd=0.00 pa=+0.00 | srch=0.00 | wall=5.15
R2[SITE      ]: L=+0.22 R=+0.21 | carry=0 | base=0.37 ba=-0.96 | site=1 sd=0.18 sa=-0.05 | phero=0 pd=0.00 pa=+0.00 | srch=0.31 | wall=3.55
R3[PHERO     ]: L=+0.99 R=+1.00 | carry=0 | base=0.38 ba=+0.88 | site=0 sd=0.00 sa=+0.00 | phero=1 pd=0.20 pa=+0.11 | srch=0.24 | wall=2.97
R4[SITE      ]: L=+1.00 R=+0.99 | carry=0 | base=0.36 ba=-0.88 | site=1 sd=0.03 sa=+0.00 | phero=0 pd=0.00 pa=+0.00 | srch=0.22 | wall=2.94

[DEPOSIT] Robot 1 deposited! Total: 215
  [PHERO] Laid at (0.15, -3.15) density=4 prob=0.82 total_entries=7
  [TARGET] Robot 1 → SITE (0.15,-3.15)

======================================================================
Step 124000 (66.1 min) | Pickups: 215 | Deposits: 215 | Rate: 3.25 tags/min | phero_entries=5 phero_max=0.577
======================================================================
R1[SITE      ]: L=+1.00 R=+1.00 | carry=0 | base=0.13 ba=+0.90 | site=1 sd=0.25 sa=-0.00 | phero=0 pd=0.00 pa=+0.00 | srch=0.09 | wall=4.94
R2[SITE      ]: L=+1.00 R=+0.53 | carry=0 | base=0.55 ba=-0.53 | site=1 sd=0.01 sa=-0.41 | phero=0 pd=0.00 pa=+0.00 | srch=0.44 | wall=2.12
R3[EXPLORE   ]: L=+1.00 R=+1.00 | carry=0 | base=0.54 ba=-0.87 | site=0 sd=0.00 sa=+0.00 | phero=0 pd=0.00 pa=+0.00 | srch=0.37 | wall=2.18
R4[EXPLORE   ]: L=+1.00 R=+0.89 | carry=0 | base=0.57 ba=-0.79 | site=0 sd=0.00 sa=+0.00 | phero=0 pd=0.00 pa=+0.00 | srch=0.34 | wall=1.16

[PICKUP] Robot 2 picked up tag (density=3) | Total: 216
[PICKUP] Robot 4 picked up tag (density=22) | Total: 217
[GIVE-UP] R3 giving up after 1927 steps

======================================================================
Step 124500 (66.4 min) | Pickups: 217 | Deposits: 215 | Rate: 3.24 tags/min | phero_entries=5 phero_max=0.259
======================================================================
R1[SITE      ]: L=+1.00 R=+1.00 | carry=0 | base=0.35 ba=+0.96 | site=1 sd=0.02 sa=-0.05 | phero=0 pd=0.00 pa=+0.00 | srch=0.21 | wall=3.04
R2[RTB       ]: L=+1.00 R=+1.00 | carry=1 | base=0.36 ba=-0.00 | site=0 sd=0.00 sa=+0.00 | phero=0 pd=0.00 pa=+0.00 | srch=0.00 | wall=3.38
R3[GIVE_UP   ]: L=+0.00 R=+1.00 | carry=0 | base=0.71 ba=+0.41 | site=0 sd=0.00 sa=+0.00 | phero=0 pd=0.00 pa=+0.00 | srch=0.49 | wall=0.86
R4[RTB       ]: L=+1.00 R=+0.95 | carry=1 | base=0.56 ba=-0.02 | site=0 sd=0.00 sa=+0.00 | phero=0 pd=0.00 pa=+0.00 | srch=0.00 | wall=1.68

[PICKUP] Robot 1 picked up tag (density=3) | Total: 218
[PICKUP] Robot 3 picked up tag (density=2) | Total: 219

======================================================================
Step 125000 (66.7 min) | Pickups: 219 | Deposits: 215 | Rate: 3.22 tags/min | phero_entries=5 phero_max=0.116
======================================================================
R1[RTB       ]: L=+1.00 R=+1.00 | carry=1 | base=0.22 ba=+0.00 | site=0 sd=0.00 sa=+0.00 | phero=0 pd=0.00 pa=+0.00 | srch=0.00 | wall=4.11
R2[RTB       ]: L=+1.00 R=+1.00 | carry=1 | base=0.13 ba=-0.00 | site=0 sd=0.00 sa=+0.00 | phero=0 pd=0.00 pa=+0.00 | srch=0.00 | wall=5.02
R3[RTB       ]: L=+1.00 R=+1.00 | carry=1 | base=0.50 ba=+0.00 | site=0 sd=0.00 sa=+0.00 | phero=0 pd=0.00 pa=+0.00 | srch=0.00 | wall=2.41
R4[RTB       ]: L=+1.00 R=+1.00 | carry=1 | base=0.34 ba=-0.00 | site=0 sd=0.00 sa=+0.00 | phero=0 pd=0.00 pa=+0.00 | srch=0.00 | wall=3.42

[DEPOSIT] Robot 2 deposited! Total: 216
  [TARGET] Robot 2 → SITE (2.45,-3.99)
[DEPOSIT] Robot 1 deposited! Total: 217
  [TARGET] Robot 1 → SITE (0.18,-3.16)

======================================================================
Step 125500 (66.9 min) | Pickups: 219 | Deposits: 217 | Rate: 3.24 tags/min | phero_entries=4 phero_max=0.052
======================================================================
R1[BASE_ESC  ]: L=+0.00 R=+1.00 | carry=0 | base=0.03 ba=-0.60 | site=1 sd=0.35 sa=+0.44 | phero=0 pd=0.00 pa=+0.00 | srch=0.02 | wall=5.78
R2[SITE      ]: L=+1.00 R=+1.00 | carry=0 | base=0.10 ba=+1.00 | site=1 sd=0.46 sa=+0.10 | phero=0 pd=0.00 pa=+0.00 | srch=0.07 | wall=5.22
R3[RTB       ]: L=+1.00 R=+1.00 | carry=1 | base=0.28 ba=+0.00 | site=0 sd=0.00 sa=+0.00 | phero=0 pd=0.00 pa=+0.00 | srch=0.00 | wall=4.03
R4[RTB       ]: L=+1.00 R=+1.00 | carry=1 | base=0.11 ba=-0.00 | site=0 sd=0.00 sa=+0.00 | phero=0 pd=0.00 pa=+0.00 | srch=0.00 | wall=5.15

[DEPOSIT] Robot 4 deposited! Total: 218
  [PHERO] Laid at (-2.02, -4.52) density=22 prob=1.00 total_entries=5
  [TARGET] Robot 4 → SITE (-2.02,-4.52)

======================================================================
Step 126000 (67.2 min) | Pickups: 219 | Deposits: 218 | Rate: 3.24 tags/min | phero_entries=4 phero_max=0.598
======================================================================
R1[SITE      ]: L=+0.99 R=+1.00 | carry=0 | base=0.23 ba=+0.93 | site=1 sd=0.15 sa=+0.05 | phero=0 pd=0.00 pa=+0.00 | srch=0.14 | wall=4.04
R2[SITE      ]: L=+1.00 R=+1.00 | carry=0 | base=0.32 ba=+0.94 | site=1 sd=0.24 sa=+0.02 | phero=0 pd=0.00 pa=+0.00 | srch=0.19 | wall=3.57
R3[RTB       ]: L=+1.00 R=+1.00 | carry=1 | base=0.05 ba=+0.00 | site=0 sd=0.00 sa=+0.00 | phero=0 pd=0.00 pa=+0.00 | srch=0.00 | wall=5.65
R4[SITE      ]: L=+1.00 R=+1.00 | carry=0 | base=0.12 ba=-0.97 | site=1 sd=0.48 sa=+0.24 | phero=0 pd=0.00 pa=+0.00 | srch=0.08 | wall=5.15

[DEPOSIT] Robot 3 deposited! Total: 219
  [PHERO] Laid at (2.45, -3.85) density=2 prob=0.42 total_entries=5
  [TARGET] Robot 3 → SITE (2.45,-3.85)
[PICKUP] Robot 1 picked up tag (density=2) | Total: 220

======================================================================
Step 126500 (67.5 min) | Pickups: 220 | Deposits: 219 | Rate: 3.25 tags/min | phero_entries=5 phero_max=0.481
======================================================================
R1[RTB       ]: L=+0.95 R=+1.00 | carry=1 | base=0.36 ba=+0.02 | site=0 sd=0.00 sa=+0.00 | phero=0 pd=0.00 pa=+0.00 | srch=0.00 | wall=2.94
R2[SITE      ]: L=+1.00 R=+0.84 | carry=0 | base=0.53 ba=+0.98 | site=1 sd=0.02 sa=-0.23 | phero=0 pd=0.00 pa=+0.00 | srch=0.32 | wall=2.21
R3[SITE      ]: L=+1.00 R=+1.00 | carry=0 | base=0.18 ba=-0.95 | site=1 sd=0.36 sa=-0.03 | phero=0 pd=0.00 pa=+0.00 | srch=0.11 | wall=4.85
R4[SITE      ]: L=+0.95 R=+0.95 | carry=0 | base=0.33 ba=+0.80 | site=1 sd=0.30 sa=+0.05 | phero=0 pd=0.00 pa=+0.00 | srch=0.21 | wall=4.00

[GIVE-UP] R2 giving up after 1637 steps

======================================================================
Step 127000 (67.7 min) | Pickups: 220 | Deposits: 219 | Rate: 3.23 tags/min | phero_entries=3 phero_max=0.216
======================================================================
R1[RTB       ]: L=+1.00 R=+1.00 | carry=1 | base=0.14 ba=+0.00 | site=0 sd=0.00 sa=+0.00 | phero=0 pd=0.00 pa=+0.00 | srch=0.00 | wall=4.84
R2[GIVE_UP   ]: L=+1.00 R=+0.96 | carry=0 | base=0.62 ba=-0.02 | site=0 sd=0.00 sa=+0.00 | phero=0 pd=0.00 pa=+0.00 | srch=0.44 | wall=1.06
R3[SITE      ]: L=+0.85 R=+0.86 | carry=0 | base=0.40 ba=-0.94 | site=1 sd=0.14 sa=+0.03 | phero=0 pd=0.00 pa=+0.00 | srch=0.24 | wall=3.19
R4[SITE      ]: L=+0.97 R=+1.00 | carry=0 | base=0.53 ba=+0.79 | site=1 sd=0.09 sa=+0.12 | phero=0 pd=0.00 pa=+0.00 | srch=0.33 | wall=2.17

[PICKUP] Robot 4 picked up tag (density=24) | Total: 221
[DEPOSIT] Robot 1 deposited! Total: 220
  [PHERO] Laid at (0.24, -3.23) density=2 prob=0.42 total_entries=4
  [TARGET] Robot 1 → SITE (0.24,-3.23)
[GIVE-UP] R2 giving up after 2105 steps

======================================================================
Step 127500 (68.0 min) | Pickups: 221 | Deposits: 220 | Rate: 3.24 tags/min | phero_entries=4 phero_max=0.658
======================================================================
R1[SITE      ]: L=+1.00 R=+1.00 | carry=0 | base=0.10 ba=+0.96 | site=1 sd=0.30 sa=-0.26 | phero=0 pd=0.00 pa=+0.00 | srch=0.07 | wall=5.33
R2[GIVE_UP   ]: L=+1.00 R=+1.00 | carry=0 | base=0.40 ba=-0.00 | site=0 sd=0.00 sa=+0.00 | phero=0 pd=0.00 pa=+0.00 | srch=0.57 | wall=2.85
R3[SITE      ]: L=-0.01 R=-0.02 | carry=0 | base=0.48 ba=-0.95 | site=1 sd=0.06 sa=-0.03 | phero=0 pd=0.00 pa=+0.00 | srch=0.36 | wall=2.65
R4[RTB       ]: L=+1.00 R=+1.00 | carry=1 | base=0.37 ba=+0.00 | site=0 sd=0.00 sa=+0.00 | phero=0 pd=0.00 pa=+0.00 | srch=0.00 | wall=3.29


======================================================================
Step 128000 (68.3 min) | Pickups: 221 | Deposits: 220 | Rate: 3.22 tags/min | phero_entries=3 phero_max=0.295
======================================================================
R1[SITE      ]: L=+1.00 R=+0.98 | carry=0 | base=0.29 ba=-0.78 | site=1 sd=0.13 sa=-0.09 | phero=0 pd=0.00 pa=+0.00 | srch=0.19 | wall=3.68
R2[GIVE_UP   ]: L=+1.00 R=+1.00 | carry=0 | base=0.17 ba=-0.00 | site=0 sd=0.00 sa=+0.00 | phero=0 pd=0.00 pa=+0.00 | srch=0.69 | wall=4.64
R3[SITE      ]: L=+0.09 R=+0.08 | carry=0 | base=0.49 ba=-0.93 | site=1 sd=0.05 sa=-0.03 | phero=0 pd=0.00 pa=+0.00 | srch=0.49 | wall=2.54
R4[RTB       ]: L=+1.00 R=+1.00 | carry=1 | base=0.14 ba=+0.00 | site=0 sd=0.00 sa=+0.00 | phero=0 pd=0.00 pa=+0.00 | srch=0.00 | wall=4.96

[DEPOSIT] Robot 4 deposited! Total: 221
  [PHERO] Laid at (-2.37, -3.94) density=24 prob=1.00 total_entries=4
  [TARGET] Robot 4 → SITE (-2.37,-3.94)
[PICKUP] Robot 1 picked up tag (density=1) | Total: 222
[EMPTY_RTN] R2 → phero(-2.37,-3.94)

======================================================================
Step 128500 (68.5 min) | Pickups: 222 | Deposits: 221 | Rate: 3.22 tags/min | phero_entries=4 phero_max=0.666
======================================================================
R1[RTB       ]: L=+1.00 R=+1.00 | carry=1 | base=0.33 ba=-0.00 | site=0 sd=0.00 sa=+0.00 | phero=0 pd=0.00 pa=+0.00 | srch=0.00 | wall=3.22
R2[PHERO     ]: L=+1.00 R=+0.99 | carry=0 | base=0.06 ba=-0.93 | site=0 sd=0.00 sa=+0.00 | phero=1 pd=0.49 pa=-0.08 | srch=0.05 | wall=5.48
R3[EXPLORE   ]: L=+1.00 R=+0.93 | carry=0 | base=0.56 ba=-0.80 | site=0 sd=0.00 sa=+0.00 | phero=0 pd=0.00 pa=+0.00 | srch=0.61 | wall=1.94
R4[SITE      ]: L=+1.00 R=+1.00 | carry=0 | base=0.09 ba=-0.94 | site=1 sd=0.45 sa=+0.02 | phero=0 pd=0.00 pa=+0.00 | srch=0.06 | wall=5.32


======================================================================
Step 129000 (68.8 min) | Pickups: 222 | Deposits: 221 | Rate: 3.21 tags/min | phero_entries=4 phero_max=0.299
======================================================================
R1[RTB       ]: L=+1.00 R=+1.00 | carry=1 | base=0.10 ba=-0.00 | site=0 sd=0.00 sa=+0.00 | phero=0 pd=0.00 pa=+0.00 | srch=0.00 | wall=5.14
R2[PHERO     ]: L=+1.00 R=+1.00 | carry=0 | base=0.28 ba=-0.94 | site=0 sd=0.00 sa=+0.00 | phero=1 pd=0.27 pa=-0.04 | srch=0.17 | wall=3.78
R3[EXPLORE   ]: L=+1.00 R=+0.99 | carry=0 | base=0.67 ba=-0.62 | site=0 sd=0.00 sa=+0.00 | phero=0 pd=0.00 pa=+0.00 | srch=0.74 | wall=0.49
R4[SITE      ]: L=+1.00 R=+1.00 | carry=0 | base=0.31 ba=-1.00 | site=1 sd=0.23 sa=+0.03 | phero=0 pd=0.00 pa=+0.00 | srch=0.19 | wall=3.77

[DEPOSIT] Robot 1 deposited! Total: 222
  [TARGET] Robot 1 → PHERO (-2.37,-3.94)

======================================================================
Step 129500 (69.1 min) | Pickups: 222 | Deposits: 222 | Rate: 3.21 tags/min | phero_entries=4 phero_max=0.134
======================================================================
R1[PHERO     ]: L=+1.00 R=+1.00 | carry=0 | base=0.13 ba=-0.98 | site=0 sd=0.00 sa=+0.00 | phero=1 pd=0.41 pa=-0.02 | srch=0.09 | wall=4.99
R2[PHERO     ]: L=+0.67 R=+0.69 | carry=0 | base=0.44 ba=-0.90 | site=0 sd=0.00 sa=+0.00 | phero=1 pd=0.10 pa=+0.09 | srch=0.30 | wall=2.77
R3[EXPLORE   ]: L=+1.00 R=+0.57 | carry=0 | base=0.67 ba=+0.00 | site=0 sd=0.00 sa=+0.00 | phero=0 pd=0.00 pa=+0.00 | srch=0.86 | wall=0.40
R4[SITE      ]: L=+0.81 R=+1.00 | carry=0 | base=0.54 ba=+0.81 | site=1 sd=0.01 sa=+0.14 | phero=0 pd=0.00 pa=+0.00 | srch=0.31 | wall=2.14

[PICKUP] Robot 4 picked up tag (density=23) | Total: 223
[PICKUP] Robot 2 picked up tag (density=22) | Total: 224

======================================================================
Step 130000 (69.3 min) | Pickups: 224 | Deposits: 222 | Rate: 3.20 tags/min | phero_entries=3 phero_max=0.060
======================================================================
R1[PHERO     ]: L=+1.00 R=+1.00 | carry=0 | base=0.36 ba=+1.00 | site=0 sd=0.00 sa=+0.00 | phero=1 pd=0.19 pa=-0.06 | srch=0.21 | wall=3.30
R2[RTB       ]: L=+1.00 R=+1.00 | carry=1 | base=0.48 ba=+0.00 | site=0 sd=0.00 sa=+0.00 | phero=0 pd=0.00 pa=+0.00 | srch=0.00 | wall=2.42
R3[EXPLORE   ]: L=-0.08 R=-0.11 | carry=0 | base=0.65 ba=-0.26 | site=0 sd=0.00 sa=+0.00 | phero=0 pd=0.00 pa=+0.00 | srch=0.99 | wall=0.63
R4[RTB       ]: L=+1.00 R=+1.00 | carry=1 | base=0.36 ba=+0.00 | site=0 sd=0.00 sa=+0.00 | phero=0 pd=0.00 pa=+0.00 | srch=0.00 | wall=3.32

[PICKUP] Robot 1 picked up tag (density=18) | Total: 225

======================================================================
Step 130500 (69.6 min) | Pickups: 225 | Deposits: 222 | Rate: 3.19 tags/min | phero_entries=2 phero_max=0.027
======================================================================
R1[RTB       ]: L=+0.74 R=+1.00 | carry=1 | base=0.52 ba=+0.10 | site=0 sd=0.00 sa=+0.00 | phero=0 pd=0.00 pa=+0.00 | srch=0.00 | wall=2.05
R2[RTB       ]: L=+1.00 R=+1.00 | carry=1 | base=0.26 ba=+0.00 | site=0 sd=0.00 sa=+0.00 | phero=0 pd=0.00 pa=+0.00 | srch=0.00 | wall=4.10
R3[EXPLORE   ]: L=+0.37 R=+1.00 | carry=0 | base=0.66 ba=+0.84 | site=0 sd=0.00 sa=+0.00 | phero=0 pd=0.00 pa=+0.00 | srch=1.00 | wall=0.50
R4[RTB       ]: L=+1.00 R=+1.00 | carry=1 | base=0.14 ba=+0.00 | site=0 sd=0.00 sa=+0.00 | phero=0 pd=0.00 pa=+0.00 | srch=0.00 | wall=4.98

[DEPOSIT] Robot 4 deposited! Total: 223
  [PHERO] Laid at (-2.39, -3.95) density=23 prob=1.00 total_entries=3
  [TARGET] Robot 4 → SITE (-2.39,-3.95)

======================================================================
Step 131000 (69.9 min) | Pickups: 225 | Deposits: 223 | Rate: 3.19 tags/min | phero_entries=3 phero_max=0.661
======================================================================
R1[RTB       ]: L=+1.00 R=+1.00 | carry=1 | base=0.29 ba=+0.00 | site=0 sd=0.00 sa=+0.00 | phero=0 pd=0.00 pa=+0.00 | srch=0.00 | wall=3.76
R2[RTB       ]: L=+1.00 R=+1.00 | carry=1 | base=0.03 ba=+0.00 | site=0 sd=0.00 sa=+0.00 | phero=0 pd=0.00 pa=+0.00 | srch=0.00 | wall=5.77
R3[EXPLORE   ]: L=+0.99 R=+0.94 | carry=0 | base=0.65 ba=-0.24 | site=0 sd=0.00 sa=+0.00 | phero=0 pd=0.00 pa=+0.00 | srch=1.00 | wall=0.50
R4[SITE      ]: L=+1.00 R=+1.00 | carry=0 | base=0.09 ba=-0.99 | site=1 sd=0.45 sa=-0.10 | phero=0 pd=0.00 pa=+0.00 | srch=0.06 | wall=5.22

[DEPOSIT] Robot 2 deposited! Total: 224
  [PHERO] Laid at (-2.40, -4.01) density=22 prob=1.00 total_entries=4
  [TARGET] Robot 2 → SITE (-2.40,-4.01)
[PICKUP] Robot 4 picked up tag (density=1) | Total: 226

======================================================================
Step 131500 (70.1 min) | Pickups: 226 | Deposits: 224 | Rate: 3.19 tags/min | phero_entries=4 phero_max=0.453
======================================================================
R1[RTB       ]: L=+1.00 R=+1.00 | carry=1 | base=0.07 ba=+0.00 | site=0 sd=0.00 sa=+0.00 | phero=0 pd=0.00 pa=+0.00 | srch=0.00 | wall=5.49
R2[SITE      ]: L=+1.00 R=+0.99 | carry=0 | base=0.20 ba=-0.88 | site=1 sd=0.38 sa=-0.08 | phero=0 pd=0.00 pa=+0.00 | srch=0.12 | wall=4.35
R3[EXPLORE   ]: L=+0.43 R=+1.00 | carry=0 | base=0.58 ba=+0.48 | site=0 sd=0.00 sa=+0.00 | phero=0 pd=0.00 pa=+0.00 | srch=1.00 | wall=1.10
R4[RTB       ]: L=+1.00 R=+1.00 | carry=1 | base=0.19 ba=-0.00 | site=0 sd=0.00 sa=+0.00 | phero=0 pd=0.00 pa=+0.00 | srch=0.00 | wall=4.52

[DEPOSIT] Robot 1 deposited! Total: 225
  [PHERO] Laid at (-2.02, -3.96) density=18 prob=1.00 total_entries=4
  [TARGET] Robot 1 → SITE (-2.02,-3.96)
[DEPOSIT] Robot 4 deposited! Total: 226
  [TARGET] Robot 4 → SITE (-0.55,-1.84)
[GIVE-UP] R3 giving up after 5817 steps

======================================================================
Step 132000 (70.4 min) | Pickups: 226 | Deposits: 226 | Rate: 3.21 tags/min | phero_entries=4 phero_max=0.512
======================================================================
R1[SITE      ]: L=+1.00 R=+1.00 | carry=0 | base=0.16 ba=-0.85 | site=1 sd=0.37 sa=+0.02 | phero=0 pd=0.00 pa=+0.00 | srch=0.10 | wall=4.69
R2[SITE      ]: L=+1.00 R=+1.00 | carry=0 | base=0.39 ba=-0.82 | site=1 sd=0.17 sa=+0.04 | phero=0 pd=0.00 pa=+0.00 | srch=0.25 | wall=2.95
R3[GIVE_UP   ]: L=+1.00 R=+1.00 | carry=0 | base=0.51 ba=+0.00 | site=0 sd=0.00 sa=+0.00 | phero=0 pd=0.00 pa=+0.00 | srch=1.00 | wall=1.64
R4[SITE      ]: L=+1.00 R=+1.00 | carry=0 | base=0.05 ba=+1.00 | site=1 sd=0.18 sa=+0.14 | phero=0 pd=0.00 pa=+0.00 | srch=0.04 | wall=5.68

[PICKUP] Robot 2 picked up tag (density=20) | Total: 227

======================================================================
Step 132500 (70.7 min) | Pickups: 227 | Deposits: 226 | Rate: 3.20 tags/min | phero_entries=4 phero_max=0.230
======================================================================
R1[SITE      ]: L=+1.00 R=+1.00 | carry=0 | base=0.37 ba=-0.97 | site=1 sd=0.15 sa=-0.00 | phero=0 pd=0.00 pa=+0.00 | srch=0.23 | wall=3.14
R2[RTB       ]: L=+1.00 R=+0.00 | carry=1 | base=0.56 ba=-0.68 | site=0 sd=0.00 sa=+0.00 | phero=0 pd=0.00 pa=+0.00 | srch=0.00 | wall=1.93
R3[GIVE_UP   ]: L=+1.00 R=+1.00 | carry=0 | base=0.29 ba=+0.00 | site=0 sd=0.00 sa=+0.00 | phero=0 pd=0.00 pa=+0.00 | srch=1.00 | wall=3.56
R4[EXPLORE   ]: L=+1.00 R=+1.00 | carry=0 | base=0.24 ba=+0.70 | site=0 sd=0.00 sa=+0.00 | phero=0 pd=0.00 pa=+0.00 | srch=0.16 | wall=3.99

[PICKUP] Robot 1 picked up tag (density=18) | Total: 228

======================================================================
Step 133000 (70.9 min) | Pickups: 228 | Deposits: 226 | Rate: 3.19 tags/min | phero_entries=3 phero_max=0.103
======================================================================
R1[RTB       ]: L=+1.00 R=+0.94 | carry=1 | base=0.52 ba=-0.02 | site=0 sd=0.00 sa=+0.00 | phero=0 pd=0.00 pa=+0.00 | srch=0.00 | wall=2.15
R2[RTB       ]: L=+1.00 R=+1.00 | carry=1 | base=0.37 ba=-0.00 | site=0 sd=0.00 sa=+0.00 | phero=0 pd=0.00 pa=+0.00 | srch=0.00 | wall=3.36
R3[GIVE_UP   ]: L=+1.00 R=+1.00 | carry=0 | base=0.06 ba=+0.00 | site=0 sd=0.00 sa=+0.00 | phero=0 pd=0.00 pa=+0.00 | srch=1.00 | wall=5.47
R4[EXPLORE   ]: L=+1.00 R=+1.00 | carry=0 | base=0.42 ba=+0.84 | site=0 sd=0.00 sa=+0.00 | phero=0 pd=0.00 pa=+0.00 | srch=0.29 | wall=2.56

[EMPTY_RTN] R3 → phero(-2.02,-3.96)

======================================================================
Step 133500 (71.2 min) | Pickups: 228 | Deposits: 226 | Rate: 3.17 tags/min | phero_entries=3 phero_max=0.046
======================================================================
R1[RTB       ]: L=+1.00 R=+1.00 | carry=1 | base=0.29 ba=-0.00 | site=0 sd=0.00 sa=+0.00 | phero=0 pd=0.00 pa=+0.00 | srch=0.00 | wall=3.84
R2[RTB       ]: L=+1.00 R=+1.00 | carry=1 | base=0.14 ba=-0.00 | site=0 sd=0.00 sa=+0.00 | phero=0 pd=0.00 pa=+0.00 | srch=0.00 | wall=4.98
R3[PHERO     ]: L=+0.89 R=+0.89 | carry=0 | base=0.14 ba=-0.93 | site=0 sd=0.00 sa=+0.00 | phero=1 pd=0.39 pa=+0.04 | srch=0.11 | wall=4.93
R4[EXPLORE   ]: L=+1.00 R=+0.89 | carry=0 | base=0.57 ba=-0.37 | site=0 sd=0.00 sa=+0.00 | phero=0 pd=0.00 pa=+0.00 | srch=0.41 | wall=1.29

[DEPOSIT] Robot 2 deposited! Total: 227
  [PHERO] Laid at (-2.44, -4.06) density=20 prob=1.00 total_entries=4
  [TARGET] Robot 2 → SITE (-2.44,-4.06)

======================================================================
Step 134000 (71.5 min) | Pickups: 228 | Deposits: 227 | Rate: 3.18 tags/min | phero_entries=4 phero_max=0.671
======================================================================
R1[RTB       ]: L=+1.00 R=+1.00 | carry=1 | base=0.06 ba=-0.00 | site=0 sd=0.00 sa=+0.00 | phero=0 pd=0.00 pa=+0.00 | srch=0.00 | wall=5.52
R2[SITE      ]: L=+0.98 R=+1.00 | carry=0 | base=0.09 ba=+0.90 | site=1 sd=0.47 sa=+0.00 | phero=0 pd=0.00 pa=+0.00 | srch=0.06 | wall=5.46
R3[PHERO     ]: L=+1.00 R=+1.00 | carry=0 | base=0.34 ba=+1.00 | site=0 sd=0.00 sa=+0.00 | phero=1 pd=0.19 pa=+0.02 | srch=0.23 | wall=3.48
R4[EXPLORE   ]: L=+1.00 R=+1.00 | carry=0 | base=0.47 ba=+0.60 | site=0 sd=0.00 sa=+0.00 | phero=0 pd=0.00 pa=+0.00 | srch=0.54 | wall=2.25

[DEPOSIT] Robot 1 deposited! Total: 228
  [PHERO] Laid at (-2.04, -4.02) density=18 prob=1.00 total_entries=5
  [TARGET] Robot 1 → SITE (-2.04,-4.02)

======================================================================
Step 134500 (71.7 min) | Pickups: 228 | Deposits: 228 | Rate: 3.18 tags/min | phero_entries=5 phero_max=0.509
======================================================================
R1[SITE      ]: L=+1.00 R=+1.00 | carry=0 | base=0.17 ba=+1.00 | site=1 sd=0.39 sa=+0.20 | phero=0 pd=0.00 pa=+0.00 | srch=0.11 | wall=4.87
R2[SITE      ]: L=+1.00 R=+1.00 | carry=0 | base=0.31 ba=+0.96 | site=1 sd=0.25 sa=-0.05 | phero=0 pd=0.00 pa=+0.00 | srch=0.19 | wall=3.73
R3[EXPLORE   ]: L=+1.00 R=+1.00 | carry=0 | base=0.53 ba=-0.74 | site=0 sd=0.00 sa=+0.00 | phero=0 pd=0.00 pa=+0.00 | srch=0.36 | wall=2.01
R4[EXPLORE   ]: L=+1.00 R=+1.00 | carry=0 | base=0.57 ba=+0.70 | site=0 sd=0.00 sa=+0.00 | phero=0 pd=0.00 pa=+0.00 | srch=0.66 | wall=2.42

[PICKUP] Robot 3 picked up tag (density=18) | Total: 229
[PICKUP] Robot 2 picked up tag (density=16) | Total: 230

======================================================================
Step 135000 (72.0 min) | Pickups: 230 | Deposits: 228 | Rate: 3.17 tags/min | phero_entries=5 phero_max=0.229
======================================================================
R1[SITE      ]: L=+1.00 R=+1.00 | carry=0 | base=0.39 ba=+0.90 | site=1 sd=0.23 sa=+0.26 | phero=0 pd=0.00 pa=+0.00 | srch=0.23 | wall=3.44
R2[RTB       ]: L=+0.00 R=+1.00 | carry=1 | base=0.53 ba=+0.93 | site=0 sd=0.00 sa=+0.00 | phero=0 pd=0.00 pa=+0.00 | srch=0.00 | wall=1.97
R3[RTB       ]: L=+1.00 R=+1.00 | carry=1 | base=0.35 ba=-0.00 | site=0 sd=0.00 sa=+0.00 | phero=0 pd=0.00 pa=+0.00 | srch=0.00 | wall=3.45
R4[EXPLORE   ]: L=+1.00 R=+0.99 | carry=0 | base=0.72 ba=+0.86 | site=0 sd=0.00 sa=+0.00 | phero=0 pd=0.00 pa=+0.00 | srch=0.79 | wall=0.89


======================================================================
Step 135500 (72.3 min) | Pickups: 230 | Deposits: 228 | Rate: 3.15 tags/min | phero_entries=3 phero_max=0.103
======================================================================
R1[SITE      ]: L=+0.96 R=+1.00 | carry=0 | base=0.60 ba=+0.76 | site=1 sd=0.15 sa=+0.44 | phero=0 pd=0.00 pa=+0.00 | srch=0.36 | wall=2.15
R2[RTB       ]: L=+1.00 R=+1.00 | carry=1 | base=0.36 ba=+0.00 | site=0 sd=0.00 sa=+0.00 | phero=0 pd=0.00 pa=+0.00 | srch=0.00 | wall=3.26
R3[RTB       ]: L=+1.00 R=+1.00 | carry=1 | base=0.12 ba=-0.00 | site=0 sd=0.00 sa=+0.00 | phero=0 pd=0.00 pa=+0.00 | srch=0.00 | wall=5.12
R4[EXPLORE   ]: L=+1.00 R=+0.82 | carry=0 | base=0.74 ba=+0.46 | site=0 sd=0.00 sa=+0.00 | phero=0 pd=0.00 pa=+0.00 | srch=0.91 | wall=0.95

[DEPOSIT] Robot 3 deposited! Total: 229
  [PHERO] Laid at (-2.13, -4.00) density=18 prob=1.00 total_entries=4
  [TARGET] Robot 3 → SITE (-2.13,-4.00)
[GIVE-UP] R4 giving up after 3940 steps

======================================================================
Step 136000 (72.5 min) | Pickups: 230 | Deposits: 229 | Rate: 3.16 tags/min | phero_entries=3 phero_max=0.618
======================================================================
R1[SITE      ]: L=+0.96 R=+1.00 | carry=0 | base=0.64 ba=+0.53 | site=1 sd=0.12 sa=+0.66 | phero=0 pd=0.00 pa=+0.00 | srch=0.48 | wall=0.95
R2[RTB       ]: L=+1.00 R=+1.00 | carry=1 | base=0.13 ba=+0.00 | site=0 sd=0.00 sa=+0.00 | phero=0 pd=0.00 pa=+0.00 | srch=0.00 | wall=4.99
R3[SITE      ]: L=+0.99 R=+1.00 | carry=0 | base=0.11 ba=+0.97 | site=1 sd=0.43 sa=+0.06 | phero=0 pd=0.00 pa=+0.00 | srch=0.08 | wall=5.29
R4[GIVE_UP   ]: L=+1.00 R=+1.00 | carry=0 | base=0.72 ba=-0.00 | site=0 sd=0.00 sa=+0.00 | phero=0 pd=0.00 pa=+0.00 | srch=1.00 | wall=1.02

[DEPOSIT] Robot 2 deposited! Total: 230
  [PHERO] Laid at (-2.03, -4.03) density=16 prob=1.00 total_entries=4
  [TARGET] Robot 2 → SITE (-2.03,-4.03)

======================================================================
Step 136500 (72.8 min) | Pickups: 230 | Deposits: 230 | Rate: 3.16 tags/min | phero_entries=4 phero_max=0.645
======================================================================
R1[SITE      ]: L=+0.94 R=+1.00 | carry=0 | base=0.52 ba=-0.07 | site=1 sd=0.16 sa=+0.42 | phero=0 pd=0.00 pa=+0.00 | srch=0.61 | wall=1.69
R2[SITE      ]: L=+1.00 R=+1.00 | carry=0 | base=0.10 ba=+0.97 | site=1 sd=0.45 sa=-0.24 | phero=0 pd=0.00 pa=+0.00 | srch=0.07 | wall=5.14
R3[SITE      ]: L=+1.00 R=+1.00 | carry=0 | base=0.33 ba=+0.97 | site=1 sd=0.20 sa=+0.05 | phero=0 pd=0.00 pa=+0.00 | srch=0.20 | wall=3.64
R4[GIVE_UP   ]: L=+1.00 R=+1.00 | carry=0 | base=0.50 ba=-0.00 | site=0 sd=0.00 sa=+0.00 | phero=0 pd=0.00 pa=+0.00 | srch=1.00 | wall=2.58

[PICKUP] Robot 3 picked up tag (density=16) | Total: 231

======================================================================
Step 137000 (73.1 min) | Pickups: 231 | Deposits: 230 | Rate: 3.15 tags/min | phero_entries=4 phero_max=0.290
======================================================================
R1[SITE      ]: L=+1.00 R=+1.00 | carry=0 | base=0.48 ba=+0.99 | site=1 sd=0.05 sa=+0.12 | phero=0 pd=0.00 pa=+0.00 | srch=0.73 | wall=2.43
R2[SITE      ]: L=+1.00 R=+1.00 | carry=0 | base=0.31 ba=-0.80 | site=1 sd=0.28 sa=-0.08 | phero=0 pd=0.00 pa=+0.00 | srch=0.19 | wall=3.34
R3[RTB       ]: L=+0.00 R=+1.00 | carry=1 | base=0.54 ba=+0.46 | site=0 sd=0.00 sa=+0.00 | phero=0 pd=0.00 pa=+0.00 | srch=0.00 | wall=1.96
R4[GIVE_UP   ]: L=+1.00 R=+1.00 | carry=0 | base=0.27 ba=-0.00 | site=0 sd=0.00 sa=+0.00 | phero=0 pd=0.00 pa=+0.00 | srch=1.00 | wall=4.14


======================================================================
Step 137500 (73.3 min) | Pickups: 231 | Deposits: 230 | Rate: 3.14 tags/min | phero_entries=4 phero_max=0.130
======================================================================
R1[EXPLORE   ]: L=+1.00 R=+1.00 | carry=0 | base=0.61 ba=+0.68 | site=0 sd=0.00 sa=+0.00 | phero=0 pd=0.00 pa=+0.00 | srch=0.86 | wall=0.99
R2[SITE      ]: L=+1.00 R=+0.93 | carry=0 | base=0.51 ba=-0.81 | site=1 sd=0.08 sa=-0.26 | phero=0 pd=0.00 pa=+0.00 | srch=0.32 | wall=1.87
R3[RTB       ]: L=+1.00 R=+1.00 | carry=1 | base=0.33 ba=+0.00 | site=0 sd=0.00 sa=+0.00 | phero=0 pd=0.00 pa=+0.00 | srch=0.00 | wall=3.47
R4[GIVE_UP   ]: L=+1.00 R=+1.00 | carry=0 | base=0.04 ba=-0.00 | site=0 sd=0.00 sa=+0.00 | phero=0 pd=0.00 pa=+0.00 | srch=1.00 | wall=5.70

[EMPTY_RTN] R4 → phero(-2.03,-4.03)

======================================================================
Step 138000 (73.6 min) | Pickups: 231 | Deposits: 230 | Rate: 3.13 tags/min | phero_entries=4 phero_max=0.059
======================================================================
R1[EXPLORE   ]: L=+1.00 R=+1.00 | carry=0 | base=0.62 ba=+0.51 | site=0 sd=0.00 sa=+0.00 | phero=0 pd=0.00 pa=+0.00 | srch=0.98 | wall=0.73
R2[EXPLORE   ]: L=+1.00 R=+1.00 | carry=0 | base=0.52 ba=-0.51 | site=0 sd=0.00 sa=+0.00 | phero=0 pd=0.00 pa=+0.00 | srch=0.44 | wall=2.66
R3[RTB       ]: L=+1.00 R=+1.00 | carry=1 | base=0.11 ba=+0.00 | site=0 sd=0.00 sa=+0.00 | phero=0 pd=0.00 pa=+0.00 | srch=0.00 | wall=5.19
R4[PHERO     ]: L=+0.61 R=+0.61 | carry=0 | base=0.09 ba=-0.90 | site=0 sd=0.00 sa=+0.00 | phero=1 pd=0.44 pa=+0.13 | srch=0.12 | wall=5.32

[DEPOSIT] Robot 3 deposited! Total: 231
  [PHERO] Laid at (-2.14, -4.02) density=16 prob=1.00 total_entries=4
  [TARGET] Robot 3 → SITE (-2.14,-4.02)

======================================================================
Step 138500 (73.9 min) | Pickups: 231 | Deposits: 231 | Rate: 3.13 tags/min | phero_entries=3 phero_max=0.592
======================================================================
R1[EXPLORE   ]: L=+1.00 R=+1.00 | carry=0 | base=0.67 ba=+0.62 | site=0 sd=0.00 sa=+0.00 | phero=0 pd=0.00 pa=+0.00 | srch=1.00 | wall=0.87
R2[EXPLORE   ]: L=+1.00 R=+1.00 | carry=0 | base=0.52 ba=-0.51 | site=0 sd=0.00 sa=+0.00 | phero=0 pd=0.00 pa=+0.00 | srch=0.57 | wall=2.00
R3[SITE      ]: L=+1.00 R=+1.00 | carry=0 | base=0.13 ba=+1.00 | site=1 sd=0.42 sa=+0.12 | phero=0 pd=0.00 pa=+0.00 | srch=0.08 | wall=5.24
R4[PHERO     ]: L=+0.73 R=+0.73 | carry=0 | base=0.19 ba=-0.98 | site=0 sd=0.00 sa=+0.00 | phero=1 pd=0.35 pa=+0.12 | srch=0.24 | wall=4.74


======================================================================
Step 139000 (74.1 min) | Pickups: 231 | Deposits: 231 | Rate: 3.12 tags/min | phero_entries=3 phero_max=0.266
======================================================================
R1[EXPLORE   ]: L=+1.00 R=+1.00 | carry=0 | base=0.79 ba=+0.71 | site=0 sd=0.00 sa=+0.00 | phero=0 pd=0.00 pa=+0.00 | srch=1.00 | wall=1.01
R2[EXPLORE   ]: L=+1.00 R=+1.00 | carry=0 | base=0.57 ba=-0.64 | site=0 sd=0.00 sa=+0.00 | phero=0 pd=0.00 pa=+0.00 | srch=0.69 | wall=1.16
R3[SITE      ]: L=+0.98 R=+1.00 | carry=0 | base=0.35 ba=+0.94 | site=1 sd=0.22 sa=+0.16 | phero=0 pd=0.00 pa=+0.00 | srch=0.21 | wall=3.82
R4[PHERO     ]: L=+0.73 R=+0.74 | carry=0 | base=0.36 ba=+0.96 | site=0 sd=0.00 sa=+0.00 | phero=1 pd=0.19 pa=+0.14 | srch=0.37 | wall=3.61

[GIVE-UP] R2 giving up after 2794 steps

======================================================================
Step 139500 (74.4 min) | Pickups: 231 | Deposits: 231 | Rate: 3.10 tags/min | phero_entries=3 phero_max=0.119
======================================================================
R1[EXPLORE   ]: L=+1.00 R=+1.00 | carry=0 | base=0.84 ba=+0.06 | site=0 sd=0.00 sa=+0.00 | phero=0 pd=0.00 pa=+0.00 | srch=1.00 | wall=0.54
R2[GIVE_UP   ]: L=+1.00 R=+1.00 | carry=0 | base=0.38 ba=-0.00 | site=0 sd=0.00 sa=+0.00 | phero=0 pd=0.00 pa=+0.00 | srch=0.82 | wall=2.73
R3[SITE      ]: L=+0.85 R=+1.00 | carry=0 | base=0.54 ba=+0.62 | site=1 sd=0.02 sa=+0.16 | phero=0 pd=0.00 pa=+0.00 | srch=0.33 | wall=2.04
R4[PHERO     ]: L=+0.80 R=+0.85 | carry=0 | base=0.52 ba=+0.74 | site=0 sd=0.00 sa=+0.00 | phero=1 pd=0.03 pa=+0.11 | srch=0.49 | wall=2.19

[PICKUP] Robot 3 picked up tag (density=15) | Total: 232

======================================================================
Step 140000 (74.7 min) | Pickups: 232 | Deposits: 231 | Rate: 3.09 tags/min | phero_entries=3 phero_max=0.054
======================================================================
R1[EXPLORE   ]: L=+1.00 R=+1.00 | carry=0 | base=0.62 ba=+0.08 | site=0 sd=0.00 sa=+0.00 | phero=0 pd=0.00 pa=+0.00 | srch=1.00 | wall=1.76
R2[GIVE_UP   ]: L=+1.00 R=+1.00 | carry=0 | base=0.16 ba=-0.00 | site=0 sd=0.00 sa=+0.00 | phero=0 pd=0.00 pa=+0.00 | srch=0.94 | wall=4.65
R3[RTB       ]: L=+1.00 R=+1.00 | carry=1 | base=0.35 ba=+0.00 | site=0 sd=0.00 sa=+0.00 | phero=0 pd=0.00 pa=+0.00 | srch=0.00 | wall=3.38
R4[EXPLORE   ]: L=+1.00 R=+1.00 | carry=0 | base=0.60 ba=+0.66 | site=0 sd=0.00 sa=+0.00 | phero=0 pd=0.00 pa=+0.00 | srch=0.62 | wall=0.96

[GIVE-UP] R4 giving up after 2506 steps
[EMPTY_RTN] R2 → phero(-2.14,-4.02)

======================================================================
Step 140500 (74.9 min) | Pickups: 232 | Deposits: 231 | Rate: 3.08 tags/min | phero_entries=2 phero_max=0.024
======================================================================
R1[EXPLORE   ]: L=+1.00 R=+1.00 | carry=0 | base=0.40 ba=-0.01 | site=0 sd=0.00 sa=+0.00 | phero=0 pd=0.00 pa=+0.00 | srch=1.00 | wall=3.11
R2[PHERO     ]: L=+0.99 R=+1.00 | carry=0 | base=0.06 ba=+0.85 | site=0 sd=0.00 sa=+0.00 | phero=1 pd=0.51 pa=+0.17 | srch=0.05 | wall=5.53
R3[RTB       ]: L=+1.00 R=+1.00 | carry=1 | base=0.12 ba=+0.00 | site=0 sd=0.00 sa=+0.00 | phero=0 pd=0.00 pa=+0.00 | srch=0.00 | wall=5.07
R4[GIVE_UP   ]: L=+1.00 R=+1.00 | carry=0 | base=0.43 ba=+0.00 | site=0 sd=0.00 sa=+0.00 | phero=0 pd=0.00 pa=+0.00 | srch=0.74 | wall=2.36

[DEPOSIT] Robot 3 deposited! Total: 232
  [PHERO] Laid at (-2.24, -4.01) density=15 prob=1.00 total_entries=2
  [TARGET] Robot 3 → SITE (-2.24,-4.01)

======================================================================
Step 141000 (75.2 min) | Pickups: 232 | Deposits: 232 | Rate: 3.09 tags/min | phero_entries=2 phero_max=0.628
======================================================================
R1[EXPLORE   ]: L=+1.00 R=+1.00 | carry=0 | base=0.19 ba=-0.22 | site=0 sd=0.00 sa=+0.00 | phero=0 pd=0.00 pa=+0.00 | srch=1.00 | wall=4.80
R2[PHERO     ]: L=+1.00 R=+1.00 | carry=0 | base=0.27 ba=+0.90 | site=0 sd=0.00 sa=+0.00 | phero=1 pd=0.30 pa=+0.12 | srch=0.18 | wall=4.28
R3[SITE      ]: L=+1.00 R=+0.99 | carry=0 | base=0.11 ba=+0.99 | site=1 sd=0.44 sa=-0.18 | phero=0 pd=0.00 pa=+0.00 | srch=0.07 | wall=5.07
R4[GIVE_UP   ]: L=+1.00 R=+1.00 | carry=0 | base=0.21 ba=+0.00 | site=0 sd=0.00 sa=+0.00 | phero=0 pd=0.00 pa=+0.00 | srch=0.87 | wall=4.27

[EMPTY_RTN] R4 → phero(-2.24,-4.01)

======================================================================
Step 141500 (75.5 min) | Pickups: 232 | Deposits: 232 | Rate: 3.07 tags/min | phero_entries=2 phero_max=0.282
======================================================================
R1[EXPLORE   ]: L=+1.00 R=+1.00 | carry=0 | base=0.14 ba=-0.68 | site=0 sd=0.00 sa=+0.00 | phero=0 pd=0.00 pa=+0.00 | srch=1.00 | wall=5.07
R2[PHERO     ]: L=+0.84 R=+0.83 | carry=0 | base=0.47 ba=+0.70 | site=0 sd=0.00 sa=+0.00 | phero=1 pd=0.12 pa=+0.05 | srch=0.30 | wall=2.90
R3[SITE      ]: L=+1.00 R=+0.95 | carry=0 | base=0.31 ba=+0.99 | site=1 sd=0.24 sa=-0.14 | phero=0 pd=0.00 pa=+0.00 | srch=0.20 | wall=3.52
R4[BASE_ESC  ]: L=+0.00 R=+1.00 | carry=0 | base=0.03 ba=-0.55 | site=0 sd=0.00 sa=+0.00 | phero=1 pd=0.52 pa=+0.36 | srch=0.02 | wall=5.79

[PICKUP] Robot 2 picked up tag (density=14) | Total: 233

======================================================================
Step 142000 (75.7 min) | Pickups: 233 | Deposits: 232 | Rate: 3.06 tags/min | phero_entries=2 phero_max=0.127
======================================================================
R1[EXPLORE   ]: L=+1.00 R=+1.00 | carry=0 | base=0.35 ba=+0.99 | site=0 sd=0.00 sa=+0.00 | phero=0 pd=0.00 pa=+0.00 | srch=1.00 | wall=3.61
R2[RTB       ]: L=+1.00 R=+1.00 | carry=1 | base=0.47 ba=+0.00 | site=0 sd=0.00 sa=+0.00 | phero=0 pd=0.00 pa=+0.00 | srch=0.00 | wall=2.44
R3[SITE      ]: L=+0.43 R=+0.43 | carry=0 | base=0.44 ba=-0.93 | site=1 sd=0.11 sa=-0.03 | phero=0 pd=0.00 pa=+0.00 | srch=0.32 | wall=2.66
R4[PHERO     ]: L=+0.74 R=+0.75 | carry=0 | base=0.14 ba=-0.89 | site=0 sd=0.00 sa=+0.00 | phero=1 pd=0.42 pa=+0.30 | srch=0.14 | wall=5.03


======================================================================
Step 142500 (76.0 min) | Pickups: 233 | Deposits: 232 | Rate: 3.05 tags/min | phero_entries=1 phero_max=0.057
======================================================================
R1[EXPLORE   ]: L=+1.00 R=+1.00 | carry=0 | base=0.58 ba=+1.00 | site=0 sd=0.00 sa=+0.00 | phero=0 pd=0.00 pa=+0.00 | srch=1.00 | wall=2.10
R2[RTB       ]: L=+1.00 R=+1.00 | carry=1 | base=0.25 ba=+0.00 | site=0 sd=0.00 sa=+0.00 | phero=0 pd=0.00 pa=+0.00 | srch=0.00 | wall=4.15
R3[EXPLORE   ]: L=+1.00 R=+1.00 | carry=0 | base=0.55 ba=-0.85 | site=0 sd=0.00 sa=+0.00 | phero=0 pd=0.00 pa=+0.00 | srch=0.45 | wall=1.93
R4[PHERO     ]: L=+0.77 R=+0.79 | carry=0 | base=0.31 ba=+0.88 | site=0 sd=0.00 sa=+0.00 | phero=1 pd=0.32 pa=+0.21 | srch=0.27 | wall=3.74

[PICKUP] Robot 3 picked up tag (density=13) | Total: 234
[DEPOSIT] Robot 2 deposited! Total: 233
  [PHERO] Laid at (-2.20, -4.09) density=14 prob=1.00 total_entries=2
  [TARGET] Robot 2 → SITE (-2.20,-4.09)

======================================================================
Step 143000 (76.3 min) | Pickups: 234 | Deposits: 233 | Rate: 3.06 tags/min | phero_entries=2 phero_max=0.965
======================================================================
R1[EXPLORE   ]: L=+1.00 R=+1.00 | carry=0 | base=0.80 ba=+1.00 | site=0 sd=0.00 sa=+0.00 | phero=0 pd=0.00 pa=+0.00 | srch=1.00 | wall=0.58
R2[BASE_ESC  ]: L=+1.00 R=+0.00 | carry=0 | base=0.03 ba=+0.26 | site=1 sd=0.52 sa=-0.76 | phero=0 pd=0.00 pa=+0.00 | srch=0.01 | wall=5.80
R3[RTB       ]: L=+1.00 R=+1.00 | carry=1 | base=0.38 ba=-0.00 | site=0 sd=0.00 sa=+0.00 | phero=0 pd=0.00 pa=+0.00 | srch=0.00 | wall=3.27
R4[PHERO     ]: L=+0.21 R=+0.27 | carry=0 | base=0.50 ba=+0.52 | site=0 sd=0.00 sa=+0.00 | phero=1 pd=0.18 pa=-0.00 | srch=0.39 | wall=2.83


======================================================================
Step 143500 (76.5 min) | Pickups: 234 | Deposits: 233 | Rate: 3.04 tags/min | phero_entries=2 phero_max=0.434
======================================================================
R1[EXPLORE   ]: L=+1.00 R=+1.00 | carry=0 | base=0.78 ba=+0.40 | site=0 sd=0.00 sa=+0.00 | phero=0 pd=0.00 pa=+0.00 | srch=1.00 | wall=1.09
R2[SITE      ]: L=+1.00 R=+1.00 | carry=0 | base=0.21 ba=+0.98 | site=1 sd=0.38 sa=-0.29 | phero=0 pd=0.00 pa=+0.00 | srch=0.13 | wall=4.19
R3[RTB       ]: L=+1.00 R=+1.00 | carry=1 | base=0.15 ba=-0.00 | site=0 sd=0.00 sa=+0.00 | phero=0 pd=0.00 pa=+0.00 | srch=0.00 | wall=4.91
R4[PHERO     ]: L=+0.40 R=+0.40 | carry=0 | base=0.52 ba=+0.59 | site=0 sd=0.00 sa=+0.00 | phero=1 pd=0.08 pa=+0.02 | srch=0.52 | wall=2.52

[DEPOSIT] Robot 3 deposited! Total: 234
  [PHERO] Laid at (-2.34, -4.09) density=13 prob=1.00 total_entries=3
  [TARGET] Robot 3 → SITE (-2.34,-4.09)

======================================================================
Step 144000 (76.8 min) | Pickups: 234 | Deposits: 234 | Rate: 3.05 tags/min | phero_entries=3 phero_max=0.689
======================================================================
R1[WALL_ESC  ]: L=+0.00 R=+1.00 | carry=0 | base=0.74 ba=+0.34 | site=0 sd=0.00 sa=+0.00 | phero=0 pd=0.00 pa=+0.00 | srch=1.00 | wall=0.35
R2[SITE      ]: L=+1.00 R=+1.00 | carry=0 | base=0.41 ba=-0.80 | site=1 sd=0.21 sa=-0.12 | phero=0 pd=0.00 pa=+0.00 | srch=0.26 | wall=2.60
R3[SITE      ]: L=+0.99 R=+1.00 | carry=0 | base=0.08 ba=-0.99 | site=1 sd=0.48 sa=+0.17 | phero=0 pd=0.00 pa=+0.00 | srch=0.06 | wall=5.42
R4[PHERO     ]: L=+0.06 R=+0.10 | carry=0 | base=0.54 ba=+0.66 | site=0 sd=0.00 sa=+0.00 | phero=1 pd=0.04 pa=+0.13 | srch=0.64 | wall=2.19

[PICKUP] Robot 4 picked up tag (density=12) | Total: 235
[PICKUP] Robot 2 picked up tag (density=11) | Total: 236

======================================================================
Step 144500 (77.1 min) | Pickups: 236 | Deposits: 234 | Rate: 3.04 tags/min | phero_entries=3 phero_max=0.309
======================================================================
R1[EXPLORE   ]: L=+1.00 R=+1.00 | carry=0 | base=0.59 ba=+0.29 | site=0 sd=0.00 sa=+0.00 | phero=0 pd=0.00 pa=+0.00 | srch=1.00 | wall=1.14
R2[RTB       ]: L=+1.00 R=+0.58 | carry=1 | base=0.53 ba=-0.16 | site=0 sd=0.00 sa=+0.00 | phero=0 pd=0.00 pa=+0.00 | srch=0.00 | wall=1.95
R3[SITE      ]: L=+0.73 R=+0.73 | carry=0 | base=0.28 ba=+0.81 | site=1 sd=0.29 sa=-0.06 | phero=0 pd=0.00 pa=+0.00 | srch=0.18 | wall=4.22
R4[RTB       ]: L=+1.00 R=+1.00 | carry=1 | base=0.48 ba=+0.00 | site=0 sd=0.00 sa=+0.00 | phero=0 pd=0.00 pa=+0.00 | srch=0.00 | wall=2.37


======================================================================
Step 145000 (77.3 min) | Pickups: 236 | Deposits: 234 | Rate: 3.03 tags/min | phero_entries=3 phero_max=0.139
======================================================================
R1[EXPLORE   ]: L=+1.00 R=+1.00 | carry=0 | base=0.48 ba=+0.41 | site=0 sd=0.00 sa=+0.00 | phero=0 pd=0.00 pa=+0.00 | srch=1.00 | wall=1.97
R2[RTB       ]: L=+1.00 R=+1.00 | carry=1 | base=0.31 ba=-0.00 | site=0 sd=0.00 sa=+0.00 | phero=0 pd=0.00 pa=+0.00 | srch=0.00 | wall=3.66
R3[SITE      ]: L=+0.48 R=+0.48 | carry=0 | base=0.40 ba=+0.91 | site=1 sd=0.15 sa=-0.05 | phero=0 pd=0.00 pa=+0.00 | srch=0.31 | wall=3.10
R4[RTB       ]: L=+1.00 R=+1.00 | carry=1 | base=0.25 ba=+0.00 | site=0 sd=0.00 sa=+0.00 | phero=0 pd=0.00 pa=+0.00 | srch=0.00 | wall=4.09

[DEPOSIT] Robot 4 deposited! Total: 235
  [PHERO] Laid at (-2.20, -4.10) density=12 prob=1.00 total_entries=3
  [TARGET] Robot 4 → SITE (-2.20,-4.10)

======================================================================
Step 145500 (77.6 min) | Pickups: 236 | Deposits: 235 | Rate: 3.03 tags/min | phero_entries=3 phero_max=0.990
======================================================================
R1[EXPLORE   ]: L=+1.00 R=+1.00 | carry=0 | base=0.47 ba=+0.56 | site=0 sd=0.00 sa=+0.00 | phero=0 pd=0.00 pa=+0.00 | srch=1.00 | wall=2.79
R2[RTB       ]: L=+1.00 R=+1.00 | carry=1 | base=0.08 ba=-0.00 | site=0 sd=0.00 sa=+0.00 | phero=0 pd=0.00 pa=+0.00 | srch=0.00 | wall=5.36
R3[SITE      ]: L=+1.00 R=+0.43 | carry=0 | base=0.49 ba=-1.00 | site=1 sd=0.07 sa=-0.00 | phero=0 pd=0.00 pa=+0.00 | srch=0.43 | wall=2.39
R4[BASE_ESC  ]: L=+1.00 R=+0.00 | carry=0 | base=0.03 ba=+0.11 | site=1 sd=0.52 sa=-0.90 | phero=0 pd=0.00 pa=+0.00 | srch=0.00 | wall=5.79

[DEPOSIT] Robot 2 deposited! Total: 236
  [PHERO] Laid at (-2.01, -4.12) density=11 prob=1.00 total_entries=4
  [TARGET] Robot 2 → SITE (-2.01,-4.12)
[PICKUP] Robot 3 picked up tag (density=10) | Total: 237

======================================================================
Step 146000 (77.9 min) | Pickups: 237 | Deposits: 236 | Rate: 3.03 tags/min | phero_entries=4 phero_max=0.547
======================================================================
R1[EXPLORE   ]: L=+1.00 R=+1.00 | carry=0 | base=0.56 ba=+0.69 | site=0 sd=0.00 sa=+0.00 | phero=0 pd=0.00 pa=+0.00 | srch=1.00 | wall=1.86
R2[SITE      ]: L=+1.00 R=+1.00 | carry=0 | base=0.15 ba=-0.98 | site=1 sd=0.42 sa=+0.24 | phero=0 pd=0.00 pa=+0.00 | srch=0.09 | wall=4.95
R3[RTB       ]: L=+1.00 R=+1.00 | carry=1 | base=0.48 ba=+0.00 | site=0 sd=0.00 sa=+0.00 | phero=0 pd=0.00 pa=+0.00 | srch=0.00 | wall=2.39
R4[SITE      ]: L=+1.00 R=+0.99 | carry=0 | base=0.20 ba=-0.94 | site=1 sd=0.35 sa=+0.05 | phero=0 pd=0.00 pa=+0.00 | srch=0.13 | wall=4.51


======================================================================
Step 146500 (78.1 min) | Pickups: 237 | Deposits: 236 | Rate: 3.02 tags/min | phero_entries=4 phero_max=0.246
======================================================================
R1[WALL_ESC  ]: L=+0.00 R=+1.00 | carry=0 | base=0.69 ba=+0.25 | site=0 sd=0.00 sa=+0.00 | phero=0 pd=0.00 pa=+0.00 | srch=1.00 | wall=0.33
R2[SITE      ]: L=+0.97 R=+1.00 | carry=0 | base=0.37 ba=+0.93 | site=1 sd=0.29 sa=+0.32 | phero=0 pd=0.00 pa=+0.00 | srch=0.22 | wall=3.37
R3[RTB       ]: L=+1.00 R=+1.00 | carry=1 | base=0.26 ba=+0.00 | site=0 sd=0.00 sa=+0.00 | phero=0 pd=0.00 pa=+0.00 | srch=0.00 | wall=4.08
R4[SITE      ]: L=+0.97 R=+1.00 | carry=0 | base=0.42 ba=+0.97 | site=1 sd=0.13 sa=+0.07 | phero=0 pd=0.00 pa=+0.00 | srch=0.25 | wall=3.00

[PICKUP] Robot 4 picked up tag (density=9) | Total: 238

======================================================================
Step 147000 (78.4 min) | Pickups: 238 | Deposits: 236 | Rate: 3.01 tags/min | phero_entries=4 phero_max=0.110
======================================================================
R1[EXPLORE   ]: L=+1.00 R=+1.00 | carry=0 | base=0.49 ba=+0.16 | site=0 sd=0.00 sa=+0.00 | phero=0 pd=0.00 pa=+0.00 | srch=1.00 | wall=1.84
R2[SITE      ]: L=+0.96 R=+1.00 | carry=0 | base=0.55 ba=+0.68 | site=1 sd=0.15 sa=+0.26 | phero=0 pd=0.00 pa=+0.00 | srch=0.34 | wall=2.48
R3[RTB       ]: L=+1.00 R=+1.00 | carry=1 | base=0.03 ba=+0.00 | site=0 sd=0.00 sa=+0.00 | phero=0 pd=0.00 pa=+0.00 | srch=0.00 | wall=5.77
R4[RTB       ]: L=+0.97 R=+1.00 | carry=1 | base=0.53 ba=+0.01 | site=0 sd=0.00 sa=+0.00 | phero=0 pd=0.00 pa=+0.00 | srch=0.00 | wall=1.96

[DEPOSIT] Robot 3 deposited! Total: 237
  [PHERO] Laid at (-2.35, -4.10) density=10 prob=1.00 total_entries=5
  [TARGET] Robot 3 → SITE (-2.35,-4.10)
[PICKUP] Robot 2 picked up tag (density=8) | Total: 239

======================================================================
Step 147500 (78.7 min) | Pickups: 239 | Deposits: 237 | Rate: 3.01 tags/min | phero_entries=4 phero_max=0.452
======================================================================
R1[EXPLORE   ]: L=+1.00 R=+1.00 | carry=0 | base=0.28 ba=-0.11 | site=0 sd=0.00 sa=+0.00 | phero=0 pd=0.00 pa=+0.00 | srch=1.00 | wall=3.70
R2[RTB       ]: L=+1.00 R=+1.00 | carry=1 | base=0.50 ba=+0.00 | site=0 sd=0.00 sa=+0.00 | phero=0 pd=0.00 pa=+0.00 | srch=0.00 | wall=2.31
R3[SITE      ]: L=+0.41 R=+0.41 | carry=0 | base=0.13 ba=-0.98 | site=1 sd=0.43 sa=-0.03 | phero=0 pd=0.00 pa=+0.00 | srch=0.12 | wall=4.98
R4[RTB       ]: L=+1.00 R=+1.00 | carry=1 | base=0.31 ba=+0.00 | site=0 sd=0.00 sa=+0.00 | phero=0 pd=0.00 pa=+0.00 | srch=0.00 | wall=3.67


======================================================================
Step 148000 (78.9 min) | Pickups: 239 | Deposits: 237 | Rate: 3.00 tags/min | phero_entries=4 phero_max=0.203
======================================================================
R1[EXPLORE   ]: L=+1.00 R=+1.00 | carry=0 | base=0.11 ba=-0.39 | site=0 sd=0.00 sa=+0.00 | phero=0 pd=0.00 pa=+0.00 | srch=1.00 | wall=5.19
R2[RTB       ]: L=+1.00 R=+1.00 | carry=1 | base=0.27 ba=+0.00 | site=0 sd=0.00 sa=+0.00 | phero=0 pd=0.00 pa=+0.00 | srch=0.00 | wall=3.98
R3[SITE      ]: L=+0.18 R=+0.18 | carry=0 | base=0.19 ba=-0.98 | site=1 sd=0.37 sa=-0.03 | phero=0 pd=0.00 pa=+0.00 | srch=0.25 | wall=4.50
R4[RTB       ]: L=+1.00 R=+1.00 | carry=1 | base=0.08 ba=+0.00 | site=0 sd=0.00 sa=+0.00 | phero=0 pd=0.00 pa=+0.00 | srch=0.00 | wall=5.39

[DEPOSIT] Robot 4 deposited! Total: 238
  [PHERO] Laid at (-2.21, -4.17) density=9 prob=1.00 total_entries=4
  [TARGET] Robot 4 → SITE (-2.21,-4.17)

======================================================================
Step 148500 (79.2 min) | Pickups: 239 | Deposits: 238 | Rate: 3.01 tags/min | phero_entries=4 phero_max=0.538
======================================================================
R1[EXPLORE   ]: L=+1.00 R=+1.00 | carry=0 | base=0.26 ba=-0.93 | site=0 sd=0.00 sa=+0.00 | phero=0 pd=0.00 pa=+0.00 | srch=1.00 | wall=4.09
R2[RTB       ]: L=+1.00 R=+1.00 | carry=1 | base=0.05 ba=-0.00 | site=0 sd=0.00 sa=+0.00 | phero=0 pd=0.00 pa=+0.00 | srch=0.00 | wall=5.65
R3[SITE      ]: L=+0.56 R=+0.56 | carry=0 | base=0.32 ba=-0.96 | site=1 sd=0.24 sa=+0.04 | phero=0 pd=0.00 pa=+0.00 | srch=0.37 | wall=3.65
R4[SITE      ]: L=+1.00 R=+1.00 | carry=0 | base=0.14 ba=-0.96 | site=1 sd=0.41 sa=+0.04 | phero=0 pd=0.00 pa=+0.00 | srch=0.10 | wall=4.92

[DEPOSIT] Robot 2 deposited! Total: 239
  [PHERO] Laid at (-2.55, -4.28) density=8 prob=1.00 total_entries=5
  [TARGET] Robot 2 → SITE (-2.55,-4.28)

======================================================================
Step 149000 (79.5 min) | Pickups: 239 | Deposits: 239 | Rate: 3.01 tags/min | phero_entries=5 phero_max=0.480
======================================================================
R1[EXPLORE   ]: L=+1.00 R=+1.00 | carry=0 | base=0.48 ba=-0.97 | site=0 sd=0.00 sa=+0.00 | phero=0 pd=0.00 pa=+0.00 | srch=1.00 | wall=2.61
R2[SITE      ]: L=+1.00 R=+1.00 | carry=0 | base=0.19 ba=+1.00 | site=1 sd=0.44 sa=+0.24 | phero=0 pd=0.00 pa=+0.00 | srch=0.11 | wall=4.61
R3[SITE      ]: L=+0.99 R=+1.00 | carry=0 | base=0.51 ba=+1.00 | site=1 sd=0.05 sa=+0.04 | phero=0 pd=0.00 pa=+0.00 | srch=0.50 | wall=2.26
R4[SITE      ]: L=+0.99 R=+1.00 | carry=0 | base=0.37 ba=+0.97 | site=1 sd=0.19 sa=+0.05 | phero=0 pd=0.00 pa=+0.00 | srch=0.22 | wall=3.40

[PICKUP] Robot 3 picked up tag (density=7) | Total: 240
[PICKUP] Robot 4 picked up tag (density=6) | Total: 241

======================================================================
Step 149500 (79.7 min) | Pickups: 241 | Deposits: 239 | Rate: 3.00 tags/min | phero_entries=5 phero_max=0.216
======================================================================
R1[EXPLORE   ]: L=+1.00 R=+1.00 | carry=0 | base=0.70 ba=-0.98 | site=0 sd=0.00 sa=+0.00 | phero=0 pd=0.00 pa=+0.00 | srch=1.00 | wall=1.14
R2[SITE      ]: L=+0.98 R=+1.00 | carry=0 | base=0.41 ba=+0.98 | site=1 sd=0.31 sa=+0.38 | phero=0 pd=0.00 pa=+0.00 | srch=0.24 | wall=2.96
R3[RTB       ]: L=+1.00 R=+1.00 | carry=1 | base=0.45 ba=-0.00 | site=0 sd=0.00 sa=+0.00 | phero=0 pd=0.00 pa=+0.00 | srch=0.00 | wall=2.63
R4[RTB       ]: L=+0.00 R=+1.00 | carry=1 | base=0.56 ba=+0.54 | site=0 sd=0.00 sa=+0.00 | phero=0 pd=0.00 pa=+0.00 | srch=0.00 | wall=1.79

[PICKUP] Robot 2 picked up tag (density=17) | Total: 242

======================================================================
Step 150000 (80.0 min) | Pickups: 242 | Deposits: 239 | Rate: 2.99 tags/min | phero_entries=3 phero_max=0.097
======================================================================
R1[EXPLORE   ]: L=+1.00 R=+1.00 | carry=0 | base=0.79 ba=-0.34 | site=0 sd=0.00 sa=+0.00 | phero=0 pd=0.00 pa=+0.00 | srch=1.00 | wall=0.87
R2[RTB       ]: L=+1.00 R=+1.00 | carry=1 | base=0.24 ba=+0.00 | site=0 sd=0.00 sa=+0.00 | phero=0 pd=0.00 pa=+0.00 | srch=0.00 | wall=4.24
R3[RTB       ]: L=+1.00 R=+1.00 | carry=1 | base=0.22 ba=-0.00 | site=0 sd=0.00 sa=+0.00 | phero=0 pd=0.00 pa=+0.00 | srch=0.00 | wall=4.32
R4[RTB       ]: L=+1.00 R=+1.00 | carry=1 | base=0.36 ba=+0.00 | site=0 sd=0.00 sa=+0.00 | phero=0 pd=0.00 pa=+0.00 | srch=0.00 | wall=3.26

[DEPOSIT] Robot 3 deposited! Total: 240
  [PHERO] Laid at (-2.38, -4.18) density=7 prob=0.99 total_entries=4
  [TARGET] Robot 3 → SITE (-2.38,-4.18)
[DEPOSIT] Robot 2 deposited! Total: 241
  [PHERO] Laid at (-3.06, -1.72) density=17 prob=1.00 total_entries=5
  [TARGET] Robot 2 → SITE (-3.06,-1.72)

======================================================================
Step 150500 (80.3 min) | Pickups: 242 | Deposits: 241 | Rate: 3.00 tags/min | phero_entries=5 phero_max=0.956
======================================================================
R1[EXPLORE   ]: L=+1.00 R=+1.00 | carry=0 | base=0.72 ba=-0.43 | site=0 sd=0.00 sa=+0.00 | phero=0 pd=0.00 pa=+0.00 | srch=1.00 | wall=0.92
R2[BASE_ESC  ]: L=+1.00 R=+0.00 | carry=0 | base=0.03 ba=+0.25 | site=1 sd=0.39 sa=-0.77 | phero=0 pd=0.00 pa=+0.00 | srch=0.01 | wall=5.81
R3[BASE_ESC  ]: L=+0.00 R=+1.00 | carry=0 | base=0.03 ba=-0.60 | site=1 sd=0.54 sa=+0.43 | phero=0 pd=0.00 pa=+0.00 | srch=0.02 | wall=5.82
R4[RTB       ]: L=+1.00 R=+1.00 | carry=1 | base=0.13 ba=+0.00 | site=0 sd=0.00 sa=+0.00 | phero=0 pd=0.00 pa=+0.00 | srch=0.00 | wall=4.98

[DEPOSIT] Robot 4 deposited! Total: 242
  [PHERO] Laid at (-2.22, -4.17) density=6 prob=0.97 total_entries=6
  [TARGET] Robot 4 → SITE (-2.22,-4.17)

======================================================================
Step 151000 (80.5 min) | Pickups: 242 | Deposits: 242 | Rate: 3.00 tags/min | phero_entries=6 phero_max=0.651
======================================================================
R1[EXPLORE   ]: L=+1.00 R=+1.00 | carry=0 | base=0.68 ba=-0.25 | site=0 sd=0.00 sa=+0.00 | phero=0 pd=0.00 pa=+0.00 | srch=1.00 | wall=0.46
R2[SITE      ]: L=+0.99 R=+1.00 | carry=0 | base=0.20 ba=-0.96 | site=1 sd=0.21 sa=+0.12 | phero=0 pd=0.00 pa=+0.00 | srch=0.13 | wall=4.39
R3[SITE      ]: L=+1.00 R=+1.00 | carry=0 | base=0.22 ba=+0.99 | site=1 sd=0.34 sa=+0.01 | phero=0 pd=0.00 pa=+0.00 | srch=0.14 | wall=4.38
R4[SITE      ]: L=+1.00 R=+0.99 | carry=0 | base=0.10 ba=-0.95 | site=1 sd=0.46 sa=-0.03 | phero=0 pd=0.00 pa=+0.00 | srch=0.07 | wall=5.21


======================================================================
Step 151500 (80.8 min) | Pickups: 242 | Deposits: 242 | Rate: 3.00 tags/min | phero_entries=5 phero_max=0.293
======================================================================
R1[EXPLORE   ]: L=+1.00 R=+1.00 | carry=0 | base=0.55 ba=-0.35 | site=0 sd=0.00 sa=+0.00 | phero=0 pd=0.00 pa=+0.00 | srch=1.00 | wall=1.35
R2[SITE      ]: L=+0.84 R=+1.00 | carry=0 | base=0.42 ba=+0.68 | site=1 sd=0.03 sa=+0.24 | phero=0 pd=0.00 pa=+0.00 | srch=0.26 | wall=2.81
R3[SITE      ]: L=+1.00 R=+1.00 | carry=0 | base=0.45 ba=+1.00 | site=1 sd=0.12 sa=+0.03 | phero=0 pd=0.00 pa=+0.00 | srch=0.27 | wall=2.72
R4[SITE      ]: L=+1.00 R=+0.99 | carry=0 | base=0.32 ba=-0.97 | site=1 sd=0.24 sa=+0.01 | phero=0 pd=0.00 pa=+0.00 | srch=0.19 | wall=3.55

[PICKUP] Robot 2 picked up tag (density=16) | Total: 243
[PICKUP] Robot 3 picked up tag (density=5) | Total: 244

======================================================================
Step 152000 (81.1 min) | Pickups: 244 | Deposits: 242 | Rate: 2.99 tags/min | phero_entries=5 phero_max=0.131
======================================================================
R1[EXPLORE   ]: L=+1.00 R=+1.00 | carry=0 | base=0.49 ba=-0.48 | site=0 sd=0.00 sa=+0.00 | phero=0 pd=0.00 pa=+0.00 | srch=1.00 | wall=2.25
R2[RTB       ]: L=+1.00 R=+1.00 | carry=1 | base=0.24 ba=+0.00 | site=0 sd=0.00 sa=+0.00 | phero=0 pd=0.00 pa=+0.00 | srch=0.00 | wall=4.24
R3[RTB       ]: L=+1.00 R=+1.00 | carry=1 | base=0.54 ba=+0.00 | site=0 sd=0.00 sa=+0.00 | phero=0 pd=0.00 pa=+0.00 | srch=0.00 | wall=1.98
R4[SITE      ]: L=+0.84 R=+1.00 | carry=0 | base=0.54 ba=+0.95 | site=1 sd=0.03 sa=+0.30 | phero=0 pd=0.00 pa=+0.00 | srch=0.32 | wall=2.03

[PICKUP] Robot 4 picked up tag (density=4) | Total: 245
[DEPOSIT] Robot 2 deposited! Total: 243
  [PHERO] Laid at (-3.15, -1.71) density=16 prob=1.00 total_entries=5
  [TARGET] Robot 2 → SITE (-3.15,-1.71)

======================================================================
Step 152500 (81.3 min) | Pickups: 245 | Deposits: 243 | Rate: 2.99 tags/min | phero_entries=5 phero_max=0.946
======================================================================
R1[EXPLORE   ]: L=+1.00 R=+1.00 | carry=0 | base=0.53 ba=-0.63 | site=0 sd=0.00 sa=+0.00 | phero=0 pd=0.00 pa=+0.00 | srch=1.00 | wall=2.55
R2[BASE_ESC  ]: L=+1.00 R=+0.00 | carry=0 | base=0.03 ba=+0.33 | site=1 sd=0.40 sa=-0.70 | phero=0 pd=0.00 pa=+0.00 | srch=0.01 | wall=5.81
R3[RTB       ]: L=+1.00 R=+1.00 | carry=1 | base=0.31 ba=+0.00 | site=0 sd=0.00 sa=+0.00 | phero=0 pd=0.00 pa=+0.00 | srch=0.00 | wall=3.67
R4[RTB       ]: L=+1.00 R=+1.00 | carry=1 | base=0.40 ba=+0.00 | site=0 sd=0.00 sa=+0.00 | phero=0 pd=0.00 pa=+0.00 | srch=0.00 | wall=2.94

[PICKUP] Robot 1 picked up tag (density=25) | Total: 246

======================================================================
Step 153000 (81.6 min) | Pickups: 246 | Deposits: 243 | Rate: 2.98 tags/min | phero_entries=4 phero_max=0.425
======================================================================
R1[RTB       ]: L=+1.00 R=+1.00 | carry=1 | base=0.39 ba=-0.00 | site=0 sd=0.00 sa=+0.00 | phero=0 pd=0.00 pa=+0.00 | srch=0.00 | wall=3.23
R2[SITE      ]: L=+1.00 R=+0.98 | carry=0 | base=0.22 ba=-0.88 | site=1 sd=0.24 sa=-0.12 | phero=0 pd=0.00 pa=+0.00 | srch=0.13 | wall=4.58
R3[RTB       ]: L=+1.00 R=+1.00 | carry=1 | base=0.08 ba=+0.00 | site=0 sd=0.00 sa=+0.00 | phero=0 pd=0.00 pa=+0.00 | srch=0.00 | wall=5.37
R4[RTB       ]: L=+1.00 R=+1.00 | carry=1 | base=0.18 ba=+0.00 | site=0 sd=0.00 sa=+0.00 | phero=0 pd=0.00 pa=+0.00 | srch=0.00 | wall=4.65

[DEPOSIT] Robot 3 deposited! Total: 244
  [PHERO] Laid at (-2.41, -4.24) density=5 prob=0.92 total_entries=5
  [TARGET] Robot 3 → SITE (-2.41,-4.24)
[DEPOSIT] Robot 4 deposited! Total: 245
  [PHERO] Laid at (-2.22, -4.24) density=4 prob=0.82 total_entries=6
  [TARGET] Robot 4 → SITE (-2.22,-4.24)

======================================================================
Step 153500 (81.9 min) | Pickups: 246 | Deposits: 245 | Rate: 2.99 tags/min | phero_entries=6 phero_max=0.761
======================================================================
R1[RTB       ]: L=+1.00 R=+1.00 | carry=1 | base=0.17 ba=-0.00 | site=0 sd=0.00 sa=+0.00 | phero=0 pd=0.00 pa=+0.00 | srch=0.00 | wall=4.82
R2[SITE      ]: L=+1.00 R=+0.93 | carry=0 | base=0.41 ba=-0.82 | site=1 sd=0.03 sa=-0.09 | phero=0 pd=0.00 pa=+0.00 | srch=0.26 | wall=3.05
R3[SITE      ]: L=+1.00 R=+1.00 | carry=0 | base=0.15 ba=-0.94 | site=1 sd=0.43 sa=-0.02 | phero=0 pd=0.00 pa=+0.00 | srch=0.09 | wall=4.82
R4[SITE      ]: L=+1.00 R=+0.99 | carry=0 | base=0.05 ba=-0.89 | site=1 sd=0.52 sa=+0.05 | phero=0 pd=0.00 pa=+0.00 | srch=0.04 | wall=5.62

[DEPOSIT] Robot 1 deposited! Total: 246
  [PHERO] Laid at (-2.68, 3.78) density=25 prob=1.00 total_entries=7
  [TARGET] Robot 1 → SITE (-2.68,3.78)

======================================================================
Step 154000 (82.1 min) | Pickups: 246 | Deposits: 246 | Rate: 3.00 tags/min | phero_entries=7 phero_max=0.734
======================================================================
R1[SITE      ]: L=+1.00 R=+1.00 | carry=0 | base=0.07 ba=-0.95 | site=1 sd=0.49 sa=+0.21 | phero=0 pd=0.00 pa=+0.00 | srch=0.05 | wall=5.45
R2[EXPLORE   ]: L=+1.00 R=+1.00 | carry=0 | base=0.57 ba=-0.79 | site=0 sd=0.00 sa=+0.00 | phero=0 pd=0.00 pa=+0.00 | srch=0.38 | wall=1.30
R3[SITE      ]: L=+0.60 R=+0.60 | carry=0 | base=0.29 ba=-0.99 | site=1 sd=0.28 sa=-0.03 | phero=0 pd=0.00 pa=+0.00 | srch=0.22 | wall=3.76
R4[SITE      ]: L=+1.00 R=+1.00 | carry=0 | base=0.27 ba=-0.98 | site=1 sd=0.30 sa=+0.11 | phero=0 pd=0.00 pa=+0.00 | srch=0.17 | wall=4.15

[PICKUP] Robot 2 picked up tag (density=16) | Total: 247

======================================================================
Step 154500 (82.4 min) | Pickups: 247 | Deposits: 246 | Rate: 2.99 tags/min | phero_entries=7 phero_max=0.330
======================================================================
R1[SITE      ]: L=+1.00 R=+1.00 | carry=0 | base=0.29 ba=+1.00 | site=1 sd=0.33 sa=+0.32 | phero=0 pd=0.00 pa=+0.00 | srch=0.17 | wall=3.53
R2[RTB       ]: L=+1.00 R=+0.99 | carry=1 | base=0.61 ba=-0.00 | site=0 sd=0.00 sa=+0.00 | phero=0 pd=0.00 pa=+0.00 | srch=0.00 | wall=0.80
R3[SITE      ]: L=+0.34 R=+0.34 | carry=0 | base=0.41 ba=-0.98 | site=1 sd=0.16 sa=-0.02 | phero=0 pd=0.00 pa=+0.00 | srch=0.34 | wall=2.91
R4[SITE      ]: L=+1.00 R=+1.00 | carry=0 | base=0.50 ba=+0.95 | site=1 sd=0.11 sa=+0.25 | phero=0 pd=0.00 pa=+0.00 | srch=0.29 | wall=2.63

[PICKUP] Robot 1 picked up tag (density=17) | Total: 248
[PICKUP] Robot 4 picked up tag (density=3) | Total: 249

======================================================================
Step 155000 (82.7 min) | Pickups: 249 | Deposits: 246 | Rate: 2.98 tags/min | phero_entries=5 phero_max=0.148
======================================================================
R1[RTB       ]: L=+1.00 R=+1.00 | carry=1 | base=0.36 ba=+0.00 | site=0 sd=0.00 sa=+0.00 | phero=0 pd=0.00 pa=+0.00 | srch=0.00 | wall=2.93
R2[RTB       ]: L=+1.00 R=+1.00 | carry=1 | base=0.39 ba=-0.00 | site=0 sd=0.00 sa=+0.00 | phero=0 pd=0.00 pa=+0.00 | srch=0.00 | wall=2.71
R3[SITE      ]: L=+0.45 R=+0.44 | carry=0 | base=0.50 ba=+0.98 | site=1 sd=0.08 sa=-0.11 | phero=0 pd=0.00 pa=+0.00 | srch=0.47 | wall=2.23
R4[RTB       ]: L=+1.00 R=+1.00 | carry=1 | base=0.53 ba=+0.00 | site=0 sd=0.00 sa=+0.00 | phero=0 pd=0.00 pa=+0.00 | srch=0.00 | wall=2.06


======================================================================
Step 155500 (82.9 min) | Pickups: 249 | Deposits: 246 | Rate: 2.97 tags/min | phero_entries=4 phero_max=0.067
======================================================================
R1[RTB       ]: L=+1.00 R=+1.00 | carry=1 | base=0.14 ba=+0.00 | site=0 sd=0.00 sa=+0.00 | phero=0 pd=0.00 pa=+0.00 | srch=0.00 | wall=4.84
R2[RTB       ]: L=+1.00 R=+1.00 | carry=1 | base=0.16 ba=-0.00 | site=0 sd=0.00 sa=+0.00 | phero=0 pd=0.00 pa=+0.00 | srch=0.00 | wall=4.63
R3[SITE      ]: L=-0.22 R=-0.21 | carry=0 | base=0.49 ba=-0.98 | site=1 sd=0.09 sa=-0.07 | phero=0 pd=0.00 pa=+0.00 | srch=0.59 | wall=2.32
R4[RTB       ]: L=+1.00 R=+1.00 | carry=1 | base=0.30 ba=-0.00 | site=0 sd=0.00 sa=+0.00 | phero=0 pd=0.00 pa=+0.00 | srch=0.00 | wall=3.75

[DEPOSIT] Robot 1 deposited! Total: 247
  [PHERO] Laid at (-0.24, 3.50) density=17 prob=1.00 total_entries=5
  [TARGET] Robot 1 → SITE (-0.24,3.50)
[DEPOSIT] Robot 2 deposited! Total: 248
  [PHERO] Laid at (-5.43, -0.39) density=16 prob=1.00 total_entries=6
  [TARGET] Robot 2 → SITE (-5.43,-0.39)

======================================================================
Step 156000 (83.2 min) | Pickups: 249 | Deposits: 248 | Rate: 2.98 tags/min | phero_entries=6 phero_max=0.719
======================================================================
R1[SITE      ]: L=+1.00 R=+1.00 | carry=0 | base=0.10 ba=+0.97 | site=1 sd=0.33 sa=-0.25 | phero=0 pd=0.00 pa=+0.00 | srch=0.07 | wall=5.33
R2[SITE      ]: L=+1.00 R=+1.00 | carry=0 | base=0.07 ba=+1.00 | site=1 sd=0.58 sa=+0.09 | phero=0 pd=0.00 pa=+0.00 | srch=0.05 | wall=5.43
R3[SITE      ]: L=+0.36 R=+0.35 | carry=0 | base=0.49 ba=+0.99 | site=1 sd=0.09 sa=-0.11 | phero=0 pd=0.00 pa=+0.00 | srch=0.72 | wall=2.26
R4[RTB       ]: L=+1.00 R=+1.00 | carry=1 | base=0.08 ba=-0.00 | site=0 sd=0.00 sa=+0.00 | phero=0 pd=0.00 pa=+0.00 | srch=0.00 | wall=5.44

[DEPOSIT] Robot 4 deposited! Total: 249
  [TARGET] Robot 4 → SITE (-2.48,-4.38)

======================================================================
Step 156500 (83.5 min) | Pickups: 249 | Deposits: 249 | Rate: 2.98 tags/min | phero_entries=6 phero_max=0.323
======================================================================
R1[SITE      ]: L=+0.94 R=+0.94 | carry=0 | base=0.29 ba=-0.90 | site=1 sd=0.13 sa=-0.03 | phero=0 pd=0.00 pa=+0.00 | srch=0.19 | wall=3.56
R2[SITE      ]: L=+1.00 R=+1.00 | carry=0 | base=0.29 ba=+0.98 | site=1 sd=0.36 sa=+0.09 | phero=0 pd=0.00 pa=+0.00 | srch=0.18 | wall=3.52
R3[EXPLORE   ]: L=+1.00 R=+1.00 | carry=0 | base=0.58 ba=-0.76 | site=0 sd=0.00 sa=+0.00 | phero=0 pd=0.00 pa=+0.00 | srch=0.84 | wall=1.72
R4[SITE      ]: L=+0.99 R=+1.00 | carry=0 | base=0.16 ba=+0.95 | site=1 sd=0.46 sa=+0.15 | phero=0 pd=0.00 pa=+0.00 | srch=0.10 | wall=4.89

[PICKUP] Robot 1 picked up tag (density=17) | Total: 250

======================================================================
Step 157000 (83.7 min) | Pickups: 250 | Deposits: 249 | Rate: 2.97 tags/min | phero_entries=5 phero_max=0.145
======================================================================
R1[RTB       ]: L=+1.00 R=+0.98 | carry=1 | base=0.39 ba=-0.01 | site=0 sd=0.00 sa=+0.00 | phero=0 pd=0.00 pa=+0.00 | srch=0.00 | wall=2.70
R2[SITE      ]: L=+1.00 R=+1.00 | carry=0 | base=0.52 ba=+0.99 | site=1 sd=0.15 sa=+0.23 | phero=0 pd=0.00 pa=+0.00 | srch=0.30 | wall=1.60
R3[EXPLORE   ]: L=+1.00 R=+1.00 | carry=0 | base=0.76 ba=-0.83 | site=0 sd=0.00 sa=+0.00 | phero=0 pd=0.00 pa=+0.00 | srch=0.97 | wall=1.16
R4[SITE      ]: L=+0.98 R=+0.98 | carry=0 | base=0.36 ba=+0.84 | site=1 sd=0.25 sa=-0.00 | phero=0 pd=0.00 pa=+0.00 | srch=0.22 | wall=3.67

[PICKUP] Robot 2 picked up tag (density=15) | Total: 251

======================================================================
Step 157500 (84.0 min) | Pickups: 251 | Deposits: 249 | Rate: 2.96 tags/min | phero_entries=4 phero_max=0.065
======================================================================
R1[RTB       ]: L=+1.00 R=+1.00 | carry=1 | base=0.16 ba=-0.00 | site=0 sd=0.00 sa=+0.00 | phero=0 pd=0.00 pa=+0.00 | srch=0.00 | wall=4.61
R2[RTB       ]: L=+0.59 R=+1.00 | carry=1 | base=0.64 ba=+0.15 | site=0 sd=0.00 sa=+0.00 | phero=0 pd=0.00 pa=+0.00 | srch=0.00 | wall=0.53
R3[EXPLORE   ]: L=+1.00 R=+1.00 | carry=0 | base=0.89 ba=-0.03 | site=0 sd=0.00 sa=+0.00 | phero=0 pd=0.00 pa=+0.00 | srch=1.00 | wall=0.40
R4[SITE      ]: L=+1.00 R=+0.97 | carry=0 | base=0.55 ba=+0.89 | site=1 sd=0.05 sa=+0.00 | phero=0 pd=0.00 pa=+0.00 | srch=0.35 | wall=2.01

[DEPOSIT] Robot 1 deposited! Total: 250
  [PHERO] Laid at (-0.25, 3.52) density=17 prob=1.00 total_entries=4
  [TARGET] Robot 1 → SITE (-0.25,3.52)

======================================================================
Step 158000 (84.3 min) | Pickups: 251 | Deposits: 250 | Rate: 2.97 tags/min | phero_entries=4 phero_max=0.723
======================================================================
R1[SITE      ]: L=+1.00 R=+1.00 | carry=0 | base=0.07 ba=-0.96 | site=1 sd=0.35 sa=+0.21 | phero=0 pd=0.00 pa=+0.00 | srch=0.05 | wall=5.45
R2[RTB       ]: L=+1.00 R=+1.00 | carry=1 | base=0.42 ba=+0.00 | site=0 sd=0.00 sa=+0.00 | phero=0 pd=0.00 pa=+0.00 | srch=0.00 | wall=2.43
R3[EXPLORE   ]: L=+0.78 R=+1.00 | carry=0 | base=0.77 ba=+0.88 | site=0 sd=0.00 sa=+0.00 | phero=0 pd=0.00 pa=+0.00 | srch=1.00 | wall=0.88
R4[WALL_ESC  ]: L=+0.00 R=+1.00 | carry=0 | base=0.75 ba=+0.50 | site=0 sd=0.00 sa=+0.00 | phero=0 pd=0.00 pa=+0.00 | srch=0.47 | wall=0.32


======================================================================
Step 158500 (84.5 min) | Pickups: 251 | Deposits: 250 | Rate: 2.96 tags/min | phero_entries=3 phero_max=0.325
======================================================================
R1[SITE      ]: L=+1.00 R=+1.00 | carry=0 | base=0.30 ba=+1.00 | site=1 sd=0.21 sa=+0.40 | phero=0 pd=0.00 pa=+0.00 | srch=0.18 | wall=3.73
R2[RTB       ]: L=+1.00 R=+1.00 | carry=1 | base=0.19 ba=+0.00 | site=0 sd=0.00 sa=+0.00 | phero=0 pd=0.00 pa=+0.00 | srch=0.00 | wall=4.35
R3[EXPLORE   ]: L=+0.91 R=+1.00 | carry=0 | base=0.83 ba=+0.67 | site=0 sd=0.00 sa=+0.00 | phero=0 pd=0.00 pa=+0.00 | srch=1.00 | wall=0.74
R4[EXPLORE   ]: L=+1.00 R=+1.00 | carry=0 | base=0.56 ba=+0.15 | site=0 sd=0.00 sa=+0.00 | phero=0 pd=0.00 pa=+0.00 | srch=0.60 | wall=1.57

[DEPOSIT] Robot 2 deposited! Total: 251
  [PHERO] Laid at (-5.50, -0.11) density=15 prob=1.00 total_entries=4
  [TARGET] Robot 2 → SITE (-5.50,-0.11)

======================================================================
Step 159000 (84.8 min) | Pickups: 251 | Deposits: 251 | Rate: 2.96 tags/min | phero_entries=4 phero_max=0.807
======================================================================
R1[SITE      ]: L=+0.95 R=+1.00 | carry=0 | base=0.48 ba=+0.59 | site=1 sd=0.15 sa=+0.27 | phero=0 pd=0.00 pa=+0.00 | srch=0.30 | wall=2.08
R2[SITE      ]: L=+1.00 R=+1.00 | carry=0 | base=0.04 ba=+0.93 | site=1 sd=0.61 sa=-0.18 | phero=0 pd=0.00 pa=+0.00 | srch=0.03 | wall=5.69
R3[EXPLORE   ]: L=+1.00 R=+1.00 | carry=0 | base=0.80 ba=+0.14 | site=0 sd=0.00 sa=+0.00 | phero=0 pd=0.00 pa=+0.00 | srch=1.00 | wall=0.42
R4[EXPLORE   ]: L=+1.00 R=+1.00 | carry=0 | base=0.37 ba=+0.20 | site=0 sd=0.00 sa=+0.00 | phero=0 pd=0.00 pa=+0.00 | srch=0.72 | wall=2.91

[PICKUP] Robot 1 picked up tag (density=16) | Total: 252

======================================================================
Step 159500 (85.1 min) | Pickups: 252 | Deposits: 251 | Rate: 2.95 tags/min | phero_entries=4 phero_max=0.363
======================================================================
R1[RTB       ]: L=+1.00 R=+1.00 | carry=1 | base=0.36 ba=+0.00 | site=0 sd=0.00 sa=+0.00 | phero=0 pd=0.00 pa=+0.00 | srch=0.00 | wall=2.93
R2[SITE      ]: L=+1.00 R=+1.00 | carry=0 | base=0.26 ba=+0.99 | site=1 sd=0.44 sa=-0.27 | phero=0 pd=0.00 pa=+0.00 | srch=0.16 | wall=4.06
R3[EXPLORE   ]: L=+1.00 R=+1.00 | carry=0 | base=0.60 ba=+0.19 | site=0 sd=0.00 sa=+0.00 | phero=0 pd=0.00 pa=+0.00 | srch=1.00 | wall=1.38
R4[EXPLORE   ]: L=+1.00 R=+1.00 | carry=0 | base=0.23 ba=+0.40 | site=0 sd=0.00 sa=+0.00 | phero=0 pd=0.00 pa=+0.00 | srch=0.85 | wall=4.37


======================================================================
Step 160000 (85.3 min) | Pickups: 252 | Deposits: 251 | Rate: 2.94 tags/min | phero_entries=4 phero_max=0.163
======================================================================
R1[RTB       ]: L=+1.00 R=+1.00 | carry=1 | base=0.14 ba=+0.00 | site=0 sd=0.00 sa=+0.00 | phero=0 pd=0.00 pa=+0.00 | srch=0.00 | wall=4.85
R2[SITE      ]: L=+1.00 R=+0.98 | carry=0 | base=0.47 ba=-0.82 | site=1 sd=0.26 sa=-0.15 | phero=0 pd=0.00 pa=+0.00 | srch=0.28 | wall=2.26
R3[EXPLORE   ]: L=+1.00 R=+1.00 | carry=0 | base=0.44 ba=+0.29 | site=0 sd=0.00 sa=+0.00 | phero=0 pd=0.00 pa=+0.00 | srch=1.00 | wall=2.34
R4[EXPLORE   ]: L=+1.00 R=+1.00 | carry=0 | base=0.27 ba=+0.70 | site=0 sd=0.00 sa=+0.00 | phero=0 pd=0.00 pa=+0.00 | srch=0.97 | wall=3.75

[DEPOSIT] Robot 1 deposited! Total: 252
  [PHERO] Laid at (0.12, 4.01) density=16 prob=1.00 total_entries=3
  [TARGET] Robot 1 → SITE (0.12,4.01)

======================================================================
Step 160500 (85.6 min) | Pickups: 252 | Deposits: 252 | Rate: 2.94 tags/min | phero_entries=3 phero_max=0.655
======================================================================
R1[SITE      ]: L=+1.00 R=+1.00 | carry=0 | base=0.10 ba=+0.97 | site=1 sd=0.39 sa=-0.23 | phero=0 pd=0.00 pa=+0.00 | srch=0.07 | wall=5.26
R2[SITE      ]: L=+1.00 R=+0.93 | carry=0 | base=0.65 ba=-0.76 | site=1 sd=0.07 sa=-0.28 | phero=0 pd=0.00 pa=+0.00 | srch=0.41 | wall=0.53
R3[EXPLORE   ]: L=+1.00 R=+1.00 | carry=0 | base=0.34 ba=+0.45 | site=0 sd=0.00 sa=+0.00 | phero=0 pd=0.00 pa=+0.00 | srch=1.00 | wall=3.31
R4[EXPLORE   ]: L=+1.00 R=+1.00 | carry=0 | base=0.44 ba=+0.84 | site=0 sd=0.00 sa=+0.00 | phero=0 pd=0.00 pa=+0.00 | srch=1.00 | wall=2.51

[PICKUP] Robot 2 picked up tag (density=14) | Total: 253
[GIVE-UP] R3 giving up after 7632 steps
[GIVE-UP] R3 giving up after 7788 steps

======================================================================
Step 161000 (85.9 min) | Pickups: 253 | Deposits: 252 | Rate: 2.93 tags/min | phero_entries=3 phero_max=0.295
======================================================================
R1[SITE      ]: L=+1.00 R=+1.00 | carry=0 | base=0.32 ba=+0.99 | site=1 sd=0.27 sa=-0.42 | phero=0 pd=0.00 pa=+0.00 | srch=0.19 | wall=3.65
R2[RTB       ]: L=+1.00 R=+1.00 | carry=1 | base=0.54 ba=-0.00 | site=0 sd=0.00 sa=+0.00 | phero=0 pd=0.00 pa=+0.00 | srch=0.00 | wall=1.41
R3[GIVE_UP   ]: L=+1.00 R=+1.00 | carry=0 | base=0.25 ba=+0.00 | site=0 sd=0.00 sa=+0.00 | phero=0 pd=0.00 pa=+0.00 | srch=1.00 | wall=4.43
R4[EXPLORE   ]: L=+1.00 R=+1.00 | carry=0 | base=0.65 ba=+0.89 | site=0 sd=0.00 sa=+0.00 | phero=0 pd=0.00 pa=+0.00 | srch=1.00 | wall=1.27

[EMPTY_RTN] R3 → phero(0.12,4.01)

======================================================================
Step 161500 (86.1 min) | Pickups: 253 | Deposits: 252 | Rate: 2.93 tags/min | phero_entries=3 phero_max=0.132
======================================================================
R1[SITE      ]: L=+1.00 R=+1.00 | carry=0 | base=0.49 ba=-0.64 | site=1 sd=0.13 sa=-0.23 | phero=0 pd=0.00 pa=+0.00 | srch=0.32 | wall=1.96
R2[RTB       ]: L=+1.00 R=+1.00 | carry=1 | base=0.31 ba=-0.00 | site=0 sd=0.00 sa=+0.00 | phero=0 pd=0.00 pa=+0.00 | srch=0.00 | wall=3.33
R3[BASE_ESC  ]: L=+1.00 R=+0.00 | carry=0 | base=0.03 ba=+0.02 | site=0 sd=0.00 sa=+0.00 | phero=1 pd=0.49 pa=-0.22 | srch=0.00 | wall=5.82
R4[EXPLORE   ]: L=+1.00 R=+1.00 | carry=0 | base=0.80 ba=+0.38 | site=0 sd=0.00 sa=+0.00 | phero=0 pd=0.00 pa=+0.00 | srch=1.00 | wall=0.53


======================================================================
Step 162000 (86.4 min) | Pickups: 253 | Deposits: 252 | Rate: 2.92 tags/min | phero_entries=3 phero_max=0.059
======================================================================
R1[SITE      ]: L=+1.00 R=+0.95 | carry=0 | base=0.58 ba=-0.48 | site=1 sd=0.12 sa=-0.60 | phero=0 pd=0.00 pa=+0.00 | srch=0.44 | wall=1.11
R2[RTB       ]: L=+1.00 R=+1.00 | carry=1 | base=0.09 ba=-0.00 | site=0 sd=0.00 sa=+0.00 | phero=0 pd=0.00 pa=+0.00 | srch=0.00 | wall=5.25
R3[PHERO     ]: L=+0.99 R=+1.00 | carry=0 | base=0.17 ba=+0.90 | site=0 sd=0.00 sa=+0.00 | phero=1 pd=0.37 pa=+0.25 | srch=0.13 | wall=5.00
R4[EXPLORE   ]: L=+1.00 R=+1.00 | carry=0 | base=0.75 ba=+0.47 | site=0 sd=0.00 sa=+0.00 | phero=0 pd=0.00 pa=+0.00 | srch=1.00 | wall=0.94

[DEPOSIT] Robot 2 deposited! Total: 253
  [PHERO] Laid at (-5.49, -0.08) density=14 prob=1.00 total_entries=3
  [TARGET] Robot 2 → SITE (-5.49,-0.08)

======================================================================
Step 162500 (86.7 min) | Pickups: 253 | Deposits: 253 | Rate: 2.92 tags/min | phero_entries=3 phero_max=0.552
======================================================================
R1[SITE      ]: L=+1.00 R=+0.95 | carry=0 | base=0.43 ba=+0.10 | site=1 sd=0.13 sa=-0.47 | phero=0 pd=0.00 pa=+0.00 | srch=0.57 | wall=2.54
R2[SITE      ]: L=+1.00 R=+1.00 | carry=0 | base=0.14 ba=+0.98 | site=1 sd=0.51 sa=+0.02 | phero=0 pd=0.00 pa=+0.00 | srch=0.09 | wall=4.82
R3[PHERO     ]: L=+0.97 R=+1.00 | carry=0 | base=0.38 ba=+0.85 | site=0 sd=0.00 sa=+0.00 | phero=1 pd=0.22 pa=+0.27 | srch=0.25 | wall=3.18
R4[EXPLORE   ]: L=+1.00 R=+1.00 | carry=0 | base=0.68 ba=+0.18 | site=0 sd=0.00 sa=+0.00 | phero=0 pd=0.00 pa=+0.00 | srch=1.00 | wall=0.70


======================================================================
Step 163000 (86.9 min) | Pickups: 253 | Deposits: 253 | Rate: 2.91 tags/min | phero_entries=3 phero_max=0.248
======================================================================
R1[SITE      ]: L=+1.00 R=+0.95 | carry=0 | base=0.39 ba=+0.78 | site=1 sd=0.12 sa=-0.51 | phero=0 pd=0.00 pa=+0.00 | srch=0.69 | wall=2.74
R2[SITE      ]: L=+1.00 R=+1.00 | carry=0 | base=0.37 ba=+0.99 | site=1 sd=0.28 sa=+0.03 | phero=0 pd=0.00 pa=+0.00 | srch=0.22 | wall=2.90
R3[PHERO     ]: L=+0.93 R=+1.00 | carry=0 | base=0.51 ba=+0.53 | site=0 sd=0.00 sa=+0.00 | phero=1 pd=0.06 pa=+0.26 | srch=0.38 | wall=1.70
R4[EXPLORE   ]: L=+1.00 R=+1.00 | carry=0 | base=0.51 ba=+0.26 | site=0 sd=0.00 sa=+0.00 | phero=0 pd=0.00 pa=+0.00 | srch=1.00 | wall=1.75

[PICKUP] Robot 4 picked up tag (density=15) | Total: 254

======================================================================
Step 163500 (87.2 min) | Pickups: 254 | Deposits: 253 | Rate: 2.90 tags/min | phero_entries=2 phero_max=0.112
======================================================================
R1[SITE      ]: L=+1.00 R=+0.87 | carry=0 | base=0.49 ba=-0.47 | site=1 sd=0.02 sa=-0.23 | phero=0 pd=0.00 pa=+0.00 | srch=0.82 | wall=1.83
R2[SITE      ]: L=+0.97 R=+1.00 | carry=0 | base=0.59 ba=+0.94 | site=1 sd=0.06 sa=+0.09 | phero=0 pd=0.00 pa=+0.00 | srch=0.34 | wall=0.99
R3[EXPLORE   ]: L=+1.00 R=+1.00 | carry=0 | base=0.55 ba=+1.00 | site=0 sd=0.00 sa=+0.00 | phero=0 pd=0.00 pa=+0.00 | srch=0.50 | wall=1.34
R4[RTB       ]: L=+1.00 R=+1.00 | carry=1 | base=0.32 ba=+0.00 | site=0 sd=0.00 sa=+0.00 | phero=0 pd=0.00 pa=+0.00 | srch=0.00 | wall=3.26

[PICKUP] Robot 1 picked up tag (density=14) | Total: 255
[PICKUP] Robot 2 picked up tag (density=13) | Total: 256
[GIVE-UP] R3 giving up after 2453 steps

======================================================================
Step 164000 (87.5 min) | Pickups: 256 | Deposits: 253 | Rate: 2.89 tags/min | phero_entries=2 phero_max=0.050
======================================================================
R1[RTB       ]: L=+1.00 R=+1.00 | carry=1 | base=0.30 ba=+0.00 | site=0 sd=0.00 sa=+0.00 | phero=0 pd=0.00 pa=+0.00 | srch=0.00 | wall=3.49
R2[RTB       ]: L=+1.00 R=+1.00 | carry=1 | base=0.57 ba=+0.00 | site=0 sd=0.00 sa=+0.00 | phero=0 pd=0.00 pa=+0.00 | srch=0.00 | wall=1.16
R3[GIVE_UP   ]: L=+1.00 R=+0.00 | carry=0 | base=0.60 ba=-0.47 | site=0 sd=0.00 sa=+0.00 | phero=0 pd=0.00 pa=+0.00 | srch=0.63 | wall=0.89
R4[RTB       ]: L=+1.00 R=+1.00 | carry=1 | base=0.10 ba=+0.00 | site=0 sd=0.00 sa=+0.00 | phero=0 pd=0.00 pa=+0.00 | srch=0.00 | wall=5.18

[DEPOSIT] Robot 4 deposited! Total: 254
  [PHERO] Laid at (0.13, 3.86) density=15 prob=1.00 total_entries=3
  [TARGET] Robot 4 → SITE (0.13,3.86)

======================================================================
Step 164500 (87.7 min) | Pickups: 256 | Deposits: 254 | Rate: 2.90 tags/min | phero_entries=3 phero_max=0.569
======================================================================
R1[RTB       ]: L=+1.00 R=+1.00 | carry=1 | base=0.07 ba=+0.00 | site=0 sd=0.00 sa=+0.00 | phero=0 pd=0.00 pa=+0.00 | srch=0.00 | wall=5.41
R2[RTB       ]: L=+1.00 R=+1.00 | carry=1 | base=0.35 ba=+0.00 | site=0 sd=0.00 sa=+0.00 | phero=0 pd=0.00 pa=+0.00 | srch=0.00 | wall=3.07
R3[GIVE_UP   ]: L=+1.00 R=+1.00 | carry=0 | base=0.40 ba=-0.00 | site=0 sd=0.00 sa=+0.00 | phero=0 pd=0.00 pa=+0.00 | srch=0.75 | wall=2.63
R4[SITE      ]: L=+1.00 R=+0.99 | carry=0 | base=0.14 ba=-0.98 | site=1 sd=0.32 sa=-0.07 | phero=0 pd=0.00 pa=+0.00 | srch=0.09 | wall=4.87

[DEPOSIT] Robot 1 deposited! Total: 255
  [PHERO] Laid at (0.13, 3.84) density=14 prob=1.00 total_entries=3
  [TARGET] Robot 1 → SITE (0.13,3.84)

======================================================================
Step 165000 (88.0 min) | Pickups: 256 | Deposits: 255 | Rate: 2.90 tags/min | phero_entries=3 phero_max=0.519
======================================================================
R1[SITE      ]: L=+1.00 R=+0.98 | carry=0 | base=0.16 ba=-0.87 | site=1 sd=0.31 sa=-0.02 | phero=0 pd=0.00 pa=+0.00 | srch=0.10 | wall=4.73
R2[RTB       ]: L=+1.00 R=+1.00 | carry=1 | base=0.12 ba=+0.00 | site=0 sd=0.00 sa=+0.00 | phero=0 pd=0.00 pa=+0.00 | srch=0.00 | wall=4.99
R3[GIVE_UP   ]: L=+1.00 R=+1.00 | carry=0 | base=0.17 ba=-0.00 | site=0 sd=0.00 sa=+0.00 | phero=0 pd=0.00 pa=+0.00 | srch=0.88 | wall=4.55
R4[SITE      ]: L=+1.00 R=+1.00 | carry=0 | base=0.36 ba=-0.94 | site=1 sd=0.10 sa=-0.05 | phero=0 pd=0.00 pa=+0.00 | srch=0.21 | wall=2.97

[PICKUP] Robot 4 picked up tag (density=13) | Total: 257
[DEPOSIT] Robot 2 deposited! Total: 256
  [PHERO] Laid at (-5.42, -0.32) density=13 prob=1.00 total_entries=4
  [TARGET] Robot 2 → SITE (-5.42,-0.32)
[EMPTY_RTN] R3 → phero(0.13,3.86)

======================================================================
Step 165500 (88.3 min) | Pickups: 257 | Deposits: 256 | Rate: 2.90 tags/min | phero_entries=4 phero_max=0.618
======================================================================
R1[SITE      ]: L=+1.00 R=+1.00 | carry=0 | base=0.35 ba=-0.98 | site=1 sd=0.10 sa=-0.03 | phero=0 pd=0.00 pa=+0.00 | srch=0.23 | wall=3.02
R2[SITE      ]: L=+0.05 R=+0.05 | carry=0 | base=0.09 ba=-0.95 | site=1 sd=0.56 sa=-0.08 | phero=0 pd=0.00 pa=+0.00 | srch=0.08 | wall=5.32
R3[PHERO     ]: L=+0.88 R=+0.88 | carry=0 | base=0.05 ba=+0.89 | site=0 sd=0.00 sa=+0.00 | phero=1 pd=0.40 pa=-0.07 | srch=0.05 | wall=5.57
R4[RTB       ]: L=+1.00 R=+1.00 | carry=1 | base=0.29 ba=-0.00 | site=0 sd=0.00 sa=+0.00 | phero=0 pd=0.00 pa=+0.00 | srch=0.00 | wall=3.52

[PICKUP] Robot 1 picked up tag (density=12) | Total: 258

======================================================================
Step 166000 (88.5 min) | Pickups: 258 | Deposits: 256 | Rate: 2.89 tags/min | phero_entries=4 phero_max=0.278
======================================================================
R1[RTB       ]: L=+1.00 R=+1.00 | carry=1 | base=0.32 ba=-0.00 | site=0 sd=0.00 sa=+0.00 | phero=0 pd=0.00 pa=+0.00 | srch=0.00 | wall=3.28
R2[SITE      ]: L=+1.00 R=+0.99 | carry=0 | base=0.16 ba=-0.96 | site=1 sd=0.49 sa=-0.08 | phero=0 pd=0.00 pa=+0.00 | srch=0.20 | wall=4.71
R3[PHERO     ]: L=+0.55 R=+0.55 | carry=0 | base=0.26 ba=-0.95 | site=0 sd=0.00 sa=+0.00 | phero=1 pd=0.20 pa=-0.04 | srch=0.17 | wall=3.76
R4[RTB       ]: L=+1.00 R=+1.00 | carry=1 | base=0.07 ba=-0.00 | site=0 sd=0.00 sa=+0.00 | phero=0 pd=0.00 pa=+0.00 | srch=0.00 | wall=5.44

[DEPOSIT] Robot 4 deposited! Total: 257
  [PHERO] Laid at (-0.06, 3.50) density=13 prob=1.00 total_entries=5
  [TARGET] Robot 4 → SITE (-0.06,3.50)

======================================================================
Step 166500 (88.8 min) | Pickups: 258 | Deposits: 257 | Rate: 2.89 tags/min | phero_entries=4 phero_max=0.512
======================================================================
R1[RTB       ]: L=+1.00 R=+1.00 | carry=1 | base=0.09 ba=-0.00 | site=0 sd=0.00 sa=+0.00 | phero=0 pd=0.00 pa=+0.00 | srch=0.00 | wall=5.20
R2[SITE      ]: L=+0.84 R=+0.60 | carry=0 | base=0.35 ba=-0.94 | site=1 sd=0.30 sa=-0.03 | phero=0 pd=0.00 pa=+0.00 | srch=0.33 | wall=3.08
R3[EXPLORE   ]: L=+1.00 R=+1.00 | carry=0 | base=0.46 ba=+0.89 | site=0 sd=0.00 sa=+0.00 | phero=0 pd=0.00 pa=+0.00 | srch=0.30 | wall=2.14
R4[SITE      ]: L=+1.00 R=+1.00 | carry=0 | base=0.16 ba=+0.94 | site=1 sd=0.25 sa=+0.05 | phero=0 pd=0.00 pa=+0.00 | srch=0.10 | wall=4.64

[DEPOSIT] Robot 1 deposited! Total: 258
  [PHERO] Laid at (0.02, 3.58) density=12 prob=1.00 total_entries=5
  [TARGET] Robot 1 → SITE (0.02,3.58)

======================================================================
Step 167000 (89.1 min) | Pickups: 258 | Deposits: 258 | Rate: 2.90 tags/min | phero_entries=5 phero_max=0.566
======================================================================
R1[SITE      ]: L=+1.00 R=+1.00 | carry=0 | base=0.14 ba=+1.00 | site=1 sd=0.29 sa=+0.15 | phero=0 pd=0.00 pa=+0.00 | srch=0.09 | wall=4.89
R2[SITE      ]: L=+1.00 R=+1.00 | carry=0 | base=0.55 ba=-0.95 | site=1 sd=0.09 sa=-0.08 | phero=0 pd=0.00 pa=+0.00 | srch=0.45 | wall=1.34
R3[WALL_ESC  ]: L=+0.00 R=+1.00 | carry=0 | base=0.67 ba=+0.78 | site=0 sd=0.00 sa=+0.00 | phero=0 pd=0.00 pa=+0.00 | srch=0.42 | wall=0.34
R4[SITE      ]: L=+1.00 R=+0.96 | carry=0 | base=0.38 ba=+0.98 | site=1 sd=0.03 sa=+0.01 | phero=0 pd=0.00 pa=+0.00 | srch=0.23 | wall=2.77

[PICKUP] Robot 4 picked up tag (density=11) | Total: 259
[PICKUP] Robot 2 picked up tag (density=12) | Total: 260

======================================================================
Step 167500 (89.3 min) | Pickups: 260 | Deposits: 258 | Rate: 2.89 tags/min | phero_entries=5 phero_max=0.254
======================================================================
R1[SITE      ]: L=+1.00 R=+1.00 | carry=0 | base=0.35 ba=+0.89 | site=1 sd=0.09 sa=+0.13 | phero=0 pd=0.00 pa=+0.00 | srch=0.21 | wall=3.04
R2[RTB       ]: L=+1.00 R=+1.00 | carry=1 | base=0.56 ba=-0.00 | site=0 sd=0.00 sa=+0.00 | phero=0 pd=0.00 pa=+0.00 | srch=0.00 | wall=1.22
R3[EXPLORE   ]: L=+0.01 R=+0.60 | carry=0 | base=0.66 ba=-0.60 | site=0 sd=0.00 sa=+0.00 | phero=0 pd=0.00 pa=+0.00 | srch=0.55 | wall=0.45
R4[RTB       ]: L=+1.00 R=+1.00 | carry=1 | base=0.29 ba=+0.00 | site=0 sd=0.00 sa=+0.00 | phero=0 pd=0.00 pa=+0.00 | srch=0.00 | wall=3.53


======================================================================
Step 168000 (89.6 min) | Pickups: 260 | Deposits: 258 | Rate: 2.88 tags/min | phero_entries=5 phero_max=0.114
======================================================================
R1[EXPLORE   ]: L=+1.00 R=+1.00 | carry=0 | base=0.36 ba=-0.15 | site=0 sd=0.00 sa=+0.00 | phero=0 pd=0.00 pa=+0.00 | srch=0.34 | wall=2.97
R2[RTB       ]: L=+1.00 R=+1.00 | carry=1 | base=0.34 ba=-0.00 | site=0 sd=0.00 sa=+0.00 | phero=0 pd=0.00 pa=+0.00 | srch=0.00 | wall=3.13
R3[EXPLORE   ]: L=+0.19 R=+1.00 | carry=0 | base=0.66 ba=+0.78 | site=0 sd=0.00 sa=+0.00 | phero=0 pd=0.00 pa=+0.00 | srch=0.67 | wall=0.38
R4[RTB       ]: L=+1.00 R=+1.00 | carry=1 | base=0.06 ba=+0.00 | site=0 sd=0.00 sa=+0.00 | phero=0 pd=0.00 pa=+0.00 | srch=0.00 | wall=5.45

[DEPOSIT] Robot 4 deposited! Total: 259
  [PHERO] Laid at (-0.05, 3.58) density=11 prob=1.00 total_entries=6
  [TARGET] Robot 4 → SITE (-0.05,3.58)

======================================================================
Step 168500 (89.9 min) | Pickups: 260 | Deposits: 259 | Rate: 2.88 tags/min | phero_entries=5 phero_max=0.509
======================================================================
R1[EXPLORE   ]: L=+1.00 R=+1.00 | carry=0 | base=0.25 ba=-0.47 | site=0 sd=0.00 sa=+0.00 | phero=0 pd=0.00 pa=+0.00 | srch=0.46 | wall=4.43
R2[RTB       ]: L=+1.00 R=+1.00 | carry=1 | base=0.11 ba=-0.00 | site=0 sd=0.00 sa=+0.00 | phero=0 pd=0.00 pa=+0.00 | srch=0.00 | wall=5.05
R3[EXPLORE   ]: L=+1.00 R=+0.98 | carry=0 | base=0.58 ba=+0.41 | site=0 sd=0.00 sa=+0.00 | phero=0 pd=0.00 pa=+0.00 | srch=0.80 | wall=1.36
R4[SITE      ]: L=+1.00 R=+0.99 | carry=0 | base=0.17 ba=-0.97 | site=1 sd=0.26 sa=-0.10 | phero=0 pd=0.00 pa=+0.00 | srch=0.11 | wall=4.63

[DEPOSIT] Robot 2 deposited! Total: 260
  [PHERO] Laid at (-5.42, -0.21) density=12 prob=1.00 total_entries=6
  [TARGET] Robot 2 → SITE (-5.42,-0.21)

======================================================================
Step 169000 (90.1 min) | Pickups: 260 | Deposits: 260 | Rate: 2.88 tags/min | phero_entries=5 phero_max=0.601
======================================================================
R1[EXPLORE   ]: L=+1.00 R=+1.00 | carry=0 | base=0.32 ba=-0.72 | site=0 sd=0.00 sa=+0.00 | phero=0 pd=0.00 pa=+0.00 | srch=0.59 | wall=3.28
R2[SITE      ]: L=+1.00 R=+1.00 | carry=0 | base=0.12 ba=-0.98 | site=1 sd=0.54 sa=+0.21 | phero=0 pd=0.00 pa=+0.00 | srch=0.08 | wall=5.07
R3[EXPLORE   ]: L=+1.00 R=+1.00 | carry=0 | base=0.67 ba=+0.77 | site=0 sd=0.00 sa=+0.00 | phero=0 pd=0.00 pa=+0.00 | srch=0.92 | wall=1.43
R4[SITE      ]: L=+1.00 R=+0.95 | carry=0 | base=0.39 ba=-0.84 | site=1 sd=0.05 sa=-0.11 | phero=0 pd=0.00 pa=+0.00 | srch=0.23 | wall=2.75

[GIVE-UP] R1 giving up after 2526 steps

======================================================================
Step 169500 (90.4 min) | Pickups: 260 | Deposits: 260 | Rate: 2.88 tags/min | phero_entries=5 phero_max=0.270
======================================================================
R1[GIVE_UP   ]: L=+1.00 R=+1.00 | carry=0 | base=0.26 ba=-0.00 | site=0 sd=0.00 sa=+0.00 | phero=0 pd=0.00 pa=+0.00 | srch=0.71 | wall=3.78
R2[SITE      ]: L=+1.00 R=+1.00 | carry=0 | base=0.35 ba=+1.00 | site=1 sd=0.38 sa=+0.31 | phero=0 pd=0.00 pa=+0.00 | srch=0.20 | wall=3.37
R3[EXPLORE   ]: L=+1.00 R=+1.00 | carry=0 | base=0.86 ba=+0.83 | site=0 sd=0.00 sa=+0.00 | phero=0 pd=0.00 pa=+0.00 | srch=1.00 | wall=0.68
R4[EXPLORE   ]: L=+1.00 R=+1.00 | carry=0 | base=0.52 ba=-0.74 | site=0 sd=0.00 sa=+0.00 | phero=0 pd=0.00 pa=+0.00 | srch=0.36 | wall=1.76

[PICKUP] Robot 2 picked up tag (density=14) | Total: 261

======================================================================
Step 170000 (90.7 min) | Pickups: 261 | Deposits: 260 | Rate: 2.87 tags/min | phero_entries=4 phero_max=0.121
======================================================================
R1[GIVE_UP   ]: L=+1.00 R=+1.00 | carry=0 | base=0.04 ba=-0.00 | site=0 sd=0.00 sa=+0.00 | phero=0 pd=0.00 pa=+0.00 | srch=0.84 | wall=5.68
R2[RTB       ]: L=+1.00 R=+1.00 | carry=1 | base=0.21 ba=+0.00 | site=0 sd=0.00 sa=+0.00 | phero=0 pd=0.00 pa=+0.00 | srch=0.00 | wall=4.39
R3[EXPLORE   ]: L=+1.00 R=+1.00 | carry=0 | base=0.75 ba=+0.04 | site=0 sd=0.00 sa=+0.00 | phero=0 pd=0.00 pa=+0.00 | srch=1.00 | wall=1.13
R4[EXPLORE   ]: L=+1.00 R=+1.00 | carry=0 | base=0.69 ba=-0.81 | site=0 sd=0.00 sa=+0.00 | phero=0 pd=0.00 pa=+0.00 | srch=0.48 | wall=0.90

[EMPTY_RTN] R1 → phero(0.02,3.58)
[DEPOSIT] Robot 2 deposited! Total: 261
  [PHERO] Laid at (-2.75, 1.40) density=14 prob=1.00 total_entries=5
  [TARGET] Robot 2 → SITE (-2.75,1.40)

======================================================================
Step 170500 (90.9 min) | Pickups: 261 | Deposits: 261 | Rate: 2.87 tags/min | phero_entries=4 phero_max=0.849
======================================================================
R1[PHERO     ]: L=+1.00 R=+1.00 | carry=0 | base=0.17 ba=+0.75 | site=0 sd=0.00 sa=+0.00 | phero=1 pd=0.42 pa=+0.31 | srch=0.12 | wall=4.61
R2[BASE_ESC  ]: L=+1.00 R=+0.26 | carry=0 | base=0.03 ba=+0.81 | site=1 sd=0.34 sa=-0.27 | phero=0 pd=0.00 pa=+0.00 | srch=0.03 | wall=5.77
R3[EXPLORE   ]: L=+1.00 R=+0.74 | carry=0 | base=0.67 ba=+0.19 | site=0 sd=0.00 sa=+0.00 | phero=0 pd=0.00 pa=+0.00 | srch=1.00 | wall=1.57
R4[EXPLORE   ]: L=+1.00 R=+1.00 | carry=0 | base=0.67 ba=-0.47 | site=0 sd=0.00 sa=+0.00 | phero=0 pd=0.00 pa=+0.00 | srch=0.61 | wall=1.91


======================================================================
Step 171000 (91.2 min) | Pickups: 261 | Deposits: 261 | Rate: 2.86 tags/min | phero_entries=3 phero_max=0.382
======================================================================
R1[PHERO     ]: L=+1.00 R=+1.00 | carry=0 | base=0.32 ba=+0.73 | site=0 sd=0.00 sa=+0.00 | phero=1 pd=0.28 pa=+0.24 | srch=0.25 | wall=4.01
R2[SITE      ]: L=+1.00 R=+0.97 | carry=0 | base=0.24 ba=-0.86 | site=1 sd=0.18 sa=-0.21 | phero=0 pd=0.00 pa=+0.00 | srch=0.15 | wall=3.93
R3[EXPLORE   ]: L=+1.00 R=+1.00 | carry=0 | base=0.69 ba=-0.27 | site=0 sd=0.00 sa=+0.00 | phero=0 pd=0.00 pa=+0.00 | srch=1.00 | wall=1.59
R4[EXPLORE   ]: L=+1.00 R=+0.95 | carry=0 | base=0.67 ba=-0.45 | site=0 sd=0.00 sa=+0.00 | phero=0 pd=0.00 pa=+0.00 | srch=0.73 | wall=0.81

[PICKUP] Robot 2 picked up tag (density=13) | Total: 262
[PICKUP] Robot 3 picked up tag (density=21) | Total: 263

======================================================================
Step 171500 (91.5 min) | Pickups: 263 | Deposits: 261 | Rate: 2.85 tags/min | phero_entries=3 phero_max=0.171
======================================================================
R1[PHERO     ]: L=+1.00 R=+1.00 | carry=0 | base=0.46 ba=+0.69 | site=0 sd=0.00 sa=+0.00 | phero=1 pd=0.13 pa=+0.33 | srch=0.37 | wall=2.27
R2[RTB       ]: L=+1.00 R=+0.84 | carry=1 | base=0.36 ba=-0.06 | site=0 sd=0.00 sa=+0.00 | phero=0 pd=0.00 pa=+0.00 | srch=0.00 | wall=3.23
R3[RTB       ]: L=+1.00 R=+0.90 | carry=1 | base=0.56 ba=-0.04 | site=0 sd=0.00 sa=+0.00 | phero=0 pd=0.00 pa=+0.00 | srch=0.00 | wall=1.99
R4[EXPLORE   ]: L=+1.00 R=+0.96 | carry=0 | base=0.54 ba=+0.39 | site=0 sd=0.00 sa=+0.00 | phero=0 pd=0.00 pa=+0.00 | srch=0.86 | wall=1.73


======================================================================
Step 172000 (91.7 min) | Pickups: 263 | Deposits: 261 | Rate: 2.85 tags/min | phero_entries=3 phero_max=0.077
======================================================================
R1[PHERO     ]: L=+0.97 R=+1.00 | carry=0 | base=0.60 ba=+0.67 | site=0 sd=0.00 sa=+0.00 | phero=1 pd=0.18 pa=+0.69 | srch=0.50 | wall=0.89
R2[RTB       ]: L=+1.00 R=+1.00 | carry=1 | base=0.13 ba=-0.00 | site=0 sd=0.00 sa=+0.00 | phero=0 pd=0.00 pa=+0.00 | srch=0.00 | wall=4.96
R3[RTB       ]: L=+1.00 R=+1.00 | carry=1 | base=0.34 ba=-0.00 | site=0 sd=0.00 sa=+0.00 | phero=0 pd=0.00 pa=+0.00 | srch=0.00 | wall=3.60
R4[EXPLORE   ]: L=+1.00 R=+1.00 | carry=0 | base=0.51 ba=+0.54 | site=0 sd=0.00 sa=+0.00 | phero=0 pd=0.00 pa=+0.00 | srch=0.98 | wall=2.92

[DEPOSIT] Robot 2 deposited! Total: 262
  [PHERO] Laid at (-2.90, 1.25) density=13 prob=1.00 total_entries=4
  [TARGET] Robot 2 → SITE (-2.90,1.25)
[PICKUP] Robot 4 picked up tag (density=23) | Total: 264

======================================================================
Step 172500 (92.0 min) | Pickups: 264 | Deposits: 262 | Rate: 2.85 tags/min | phero_entries=3 phero_max=0.652
======================================================================
R1[PHERO     ]: L=+0.95 R=+1.00 | carry=0 | base=0.59 ba=+0.09 | site=0 sd=0.00 sa=+0.00 | phero=1 pd=0.24 pa=+0.29 | srch=0.62 | wall=1.24
R2[SITE      ]: L=+1.00 R=+1.00 | carry=0 | base=0.10 ba=+1.00 | site=1 sd=0.28 sa=+0.15 | phero=0 pd=0.00 pa=+0.00 | srch=0.07 | wall=5.39
R3[RTB       ]: L=+1.00 R=+1.00 | carry=1 | base=0.11 ba=-0.00 | site=0 sd=0.00 sa=+0.00 | phero=0 pd=0.00 pa=+0.00 | srch=0.00 | wall=5.22
R4[RTB       ]: L=+1.00 R=+1.00 | carry=1 | base=0.47 ba=+0.00 | site=0 sd=0.00 sa=+0.00 | phero=0 pd=0.00 pa=+0.00 | srch=0.00 | wall=2.51

[DEPOSIT] Robot 3 deposited! Total: 263
  [PHERO] Laid at (-2.65, 4.07) density=21 prob=1.00 total_entries=4
  [TARGET] Robot 3 → SITE (-2.65,4.07)

======================================================================
Step 173000 (92.3 min) | Pickups: 264 | Deposits: 263 | Rate: 2.85 tags/min | phero_entries=3 phero_max=0.595
======================================================================
R1[PHERO     ]: L=+1.00 R=+1.00 | carry=0 | base=0.39 ba=-0.21 | site=0 sd=0.00 sa=+0.00 | phero=1 pd=0.07 pa=+0.41 | srch=0.75 | wall=2.71
R2[SITE      ]: L=+0.81 R=+0.82 | carry=0 | base=0.31 ba=+0.85 | site=1 sd=0.08 sa=+0.11 | phero=0 pd=0.00 pa=+0.00 | srch=0.19 | wall=3.79
R3[SITE      ]: L=+0.36 R=+0.36 | carry=0 | base=0.07 ba=+0.99 | site=1 sd=0.50 sa=+0.05 | phero=0 pd=0.00 pa=+0.00 | srch=0.08 | wall=5.44
R4[RTB       ]: L=+1.00 R=+1.00 | carry=1 | base=0.25 ba=+0.00 | site=0 sd=0.00 sa=+0.00 | phero=0 pd=0.00 pa=+0.00 | srch=0.00 | wall=4.17

[PICKUP] Robot 2 picked up tag (density=12) | Total: 265
[DEPOSIT] Robot 4 deposited! Total: 264
  [PHERO] Laid at (2.39, 3.95) density=23 prob=1.00 total_entries=4
  [TARGET] Robot 4 → SITE (2.39,3.95)

======================================================================
Step 173500 (92.5 min) | Pickups: 265 | Deposits: 264 | Rate: 2.85 tags/min | phero_entries=4 phero_max=0.976
======================================================================
R1[PHERO     ]: L=+0.23 R=+1.00 | carry=0 | base=0.49 ba=+0.57 | site=0 sd=0.00 sa=+0.00 | phero=1 pd=0.07 pa=+0.59 | srch=0.87 | wall=1.84
R2[RTB       ]: L=+1.00 R=+1.00 | carry=1 | base=0.31 ba=+0.00 | site=0 sd=0.00 sa=+0.00 | phero=0 pd=0.00 pa=+0.00 | srch=0.00 | wall=3.56
R3[SITE      ]: L=+0.75 R=+0.45 | carry=0 | base=0.10 ba=-0.84 | site=1 sd=0.48 sa=+0.21 | phero=0 pd=0.00 pa=+0.00 | srch=0.21 | wall=5.25
R4[BASE_ESC  ]: L=+1.00 R=+0.00 | carry=0 | base=0.03 ba=+0.17 | site=1 sd=0.52 sa=-0.84 | phero=0 pd=0.00 pa=+0.00 | srch=0.00 | wall=5.80

[PICKUP] Robot 1 picked up tag (density=10) | Total: 266

======================================================================
Step 174000 (92.8 min) | Pickups: 266 | Deposits: 264 | Rate: 2.84 tags/min | phero_entries=4 phero_max=0.439
======================================================================
R1[RTB       ]: L=+1.00 R=+1.00 | carry=1 | base=0.29 ba=+0.00 | site=0 sd=0.00 sa=+0.00 | phero=0 pd=0.00 pa=+0.00 | srch=0.00 | wall=3.52
R2[RTB       ]: L=+1.00 R=+1.00 | carry=1 | base=0.08 ba=+0.00 | site=0 sd=0.00 sa=+0.00 | phero=0 pd=0.00 pa=+0.00 | srch=0.00 | wall=5.34
R3[SITE      ]: L=+1.00 R=+1.00 | carry=0 | base=0.31 ba=+0.94 | site=1 sd=0.27 sa=+0.01 | phero=0 pd=0.00 pa=+0.00 | srch=0.33 | wall=3.70
R4[SITE      ]: L=+1.00 R=+0.99 | carry=0 | base=0.21 ba=-0.97 | site=1 sd=0.35 sa=-0.12 | phero=0 pd=0.00 pa=+0.00 | srch=0.13 | wall=4.27

[DEPOSIT] Robot 2 deposited! Total: 265
  [PHERO] Laid at (-2.92, 1.29) density=12 prob=1.00 total_entries=5
  [TARGET] Robot 2 → SITE (-2.92,1.29)
[PICKUP] Robot 3 picked up tag (density=21) | Total: 267

======================================================================
Step 174500 (93.1 min) | Pickups: 267 | Deposits: 265 | Rate: 2.85 tags/min | phero_entries=5 phero_max=0.545
======================================================================
R1[RTB       ]: L=+1.00 R=+1.00 | carry=1 | base=0.07 ba=+0.00 | site=0 sd=0.00 sa=+0.00 | phero=0 pd=0.00 pa=+0.00 | srch=0.00 | wall=5.43
R2[SITE      ]: L=+1.00 R=+1.00 | carry=0 | base=0.15 ba=-0.93 | site=1 sd=0.24 sa=-0.10 | phero=0 pd=0.00 pa=+0.00 | srch=0.09 | wall=4.76
R3[RTB       ]: L=+0.25 R=+1.00 | carry=1 | base=0.49 ba=+0.28 | site=0 sd=0.00 sa=+0.00 | phero=0 pd=0.00 pa=+0.00 | srch=0.00 | wall=2.49
R4[SITE      ]: L=+1.00 R=+0.96 | carry=0 | base=0.43 ba=-0.82 | site=1 sd=0.13 sa=-0.01 | phero=0 pd=0.00 pa=+0.00 | srch=0.25 | wall=2.68

[DEPOSIT] Robot 1 deposited! Total: 266
  [PHERO] Laid at (-0.16, 4.10) density=10 prob=1.00 total_entries=6
  [TARGET] Robot 1 → SITE (-0.16,4.10)
[PICKUP] Robot 4 picked up tag (density=22) | Total: 268

======================================================================
Step 175000 (93.3 min) | Pickups: 268 | Deposits: 266 | Rate: 2.85 tags/min | phero_entries=5 phero_max=0.513
======================================================================
R1[SITE      ]: L=+1.00 R=+1.00 | carry=0 | base=0.17 ba=+1.00 | site=1 sd=0.33 sa=-0.17 | phero=0 pd=0.00 pa=+0.00 | srch=0.10 | wall=4.69
R2[SITE      ]: L=+1.00 R=+0.91 | carry=0 | base=0.36 ba=-0.83 | site=1 sd=0.05 sa=-0.28 | phero=0 pd=0.00 pa=+0.00 | srch=0.22 | wall=3.02
R3[RTB       ]: L=+1.00 R=+1.00 | carry=1 | base=0.27 ba=+0.00 | site=0 sd=0.00 sa=+0.00 | phero=0 pd=0.00 pa=+0.00 | srch=0.00 | wall=4.06
R4[RTB       ]: L=+1.00 R=+0.92 | carry=1 | base=0.54 ba=-0.03 | site=0 sd=0.00 sa=+0.00 | phero=0 pd=0.00 pa=+0.00 | srch=0.00 | wall=2.12

[PICKUP] Robot 2 picked up tag (density=11) | Total: 269

======================================================================
Step 175500 (93.6 min) | Pickups: 269 | Deposits: 266 | Rate: 2.84 tags/min | phero_entries=5 phero_max=0.231
======================================================================
R1[SITE      ]: L=+1.00 R=+0.50 | carry=0 | base=0.39 ba=-0.94 | site=1 sd=0.18 sa=-0.32 | phero=0 pd=0.00 pa=+0.00 | srch=0.23 | wall=2.93
R2[RTB       ]: L=+1.00 R=+1.00 | carry=1 | base=0.25 ba=-0.00 | site=0 sd=0.00 sa=+0.00 | phero=0 pd=0.00 pa=+0.00 | srch=0.00 | wall=4.11
R3[RTB       ]: L=+1.00 R=+1.00 | carry=1 | base=0.05 ba=+0.00 | site=0 sd=0.00 sa=+0.00 | phero=0 pd=0.00 pa=+0.00 | srch=0.00 | wall=5.66
R4[RTB       ]: L=+1.00 R=+1.00 | carry=1 | base=0.32 ba=-0.00 | site=0 sd=0.00 sa=+0.00 | phero=0 pd=0.00 pa=+0.00 | srch=0.00 | wall=3.73

[DEPOSIT] Robot 3 deposited! Total: 267
  [PHERO] Laid at (-2.19, 3.52) density=21 prob=1.00 total_entries=6
  [TARGET] Robot 3 → SITE (-2.19,3.52)
[DEPOSIT] Robot 2 deposited! Total: 268
  [PHERO] Laid at (-3.04, 1.32) density=11 prob=1.00 total_entries=7
  [TARGET] Robot 2 → SITE (-3.04,1.32)

======================================================================
Step 176000 (93.9 min) | Pickups: 269 | Deposits: 268 | Rate: 2.86 tags/min | phero_entries=7 phero_max=0.964
======================================================================
R1[SITE      ]: L=+1.00 R=+0.76 | carry=0 | base=0.51 ba=-0.32 | site=1 sd=0.03 sa=-0.22 | phero=0 pd=0.00 pa=+0.00 | srch=0.35 | wall=1.67
R2[BASE_ESC  ]: L=+0.00 R=+1.00 | carry=0 | base=0.03 ba=-0.26 | site=1 sd=0.36 sa=+0.76 | phero=0 pd=0.00 pa=+0.00 | srch=0.01 | wall=5.80
R3[SITE      ]: L=+0.10 R=+0.12 | carry=0 | base=0.10 ba=-0.93 | site=1 sd=0.39 sa=+0.00 | phero=0 pd=0.00 pa=+0.00 | srch=0.11 | wall=5.39
R4[RTB       ]: L=+1.00 R=+1.00 | carry=1 | base=0.09 ba=-0.00 | site=0 sd=0.00 sa=+0.00 | phero=0 pd=0.00 pa=+0.00 | srch=0.00 | wall=5.34

[PICKUP] Robot 1 picked up tag (density=9) | Total: 270
[DEPOSIT] Robot 4 deposited! Total: 269
  [PHERO] Laid at (2.50, 4.04) density=22 prob=1.00 total_entries=8
  [TARGET] Robot 4 → SITE (2.50,4.04)

======================================================================
Step 176500 (94.1 min) | Pickups: 270 | Deposits: 269 | Rate: 2.86 tags/min | phero_entries=8 phero_max=0.562
======================================================================
R1[RTB       ]: L=+1.00 R=+1.00 | carry=1 | base=0.30 ba=+0.00 | site=0 sd=0.00 sa=+0.00 | phero=0 pd=0.00 pa=+0.00 | srch=0.00 | wall=3.49
R2[SITE      ]: L=+1.00 R=+1.00 | carry=0 | base=0.21 ba=+1.00 | site=1 sd=0.20 sa=+0.20 | phero=0 pd=0.00 pa=+0.00 | srch=0.13 | wall=4.62
R3[SITE      ]: L=+0.82 R=+0.82 | carry=0 | base=0.27 ba=-0.96 | site=1 sd=0.22 sa=-0.01 | phero=0 pd=0.00 pa=+0.00 | srch=0.24 | wall=4.17
R4[SITE      ]: L=+0.99 R=+1.00 | carry=0 | base=0.14 ba=+0.99 | site=1 sd=0.43 sa=+0.11 | phero=0 pd=0.00 pa=+0.00 | srch=0.09 | wall=5.09

[PICKUP] Robot 2 picked up tag (density=10) | Total: 271

======================================================================
Step 177000 (94.4 min) | Pickups: 271 | Deposits: 269 | Rate: 2.85 tags/min | phero_entries=6 phero_max=0.253
======================================================================
R1[RTB       ]: L=+1.00 R=+1.00 | carry=1 | base=0.07 ba=+0.00 | site=0 sd=0.00 sa=+0.00 | phero=0 pd=0.00 pa=+0.00 | srch=0.00 | wall=5.41
R2[RTB       ]: L=+0.70 R=+1.00 | carry=1 | base=0.37 ba=+0.11 | site=0 sd=0.00 sa=+0.00 | phero=0 pd=0.00 pa=+0.00 | srch=0.00 | wall=3.28
R3[SITE      ]: L=+0.52 R=+0.52 | carry=0 | base=0.41 ba=-0.96 | site=1 sd=0.08 sa=-0.01 | phero=0 pd=0.00 pa=+0.00 | srch=0.36 | wall=3.08
R4[SITE      ]: L=+1.00 R=+1.00 | carry=0 | base=0.36 ba=+0.94 | site=1 sd=0.21 sa=+0.11 | phero=0 pd=0.00 pa=+0.00 | srch=0.22 | wall=3.72

[DEPOSIT] Robot 1 deposited! Total: 270
  [PHERO] Laid at (-0.12, 4.10) density=9 prob=1.00 total_entries=7
  [TARGET] Robot 1 → SITE (-0.12,4.10)
[PICKUP] Robot 3 picked up tag (density=22) | Total: 272

======================================================================
Step 177500 (94.7 min) | Pickups: 272 | Deposits: 270 | Rate: 2.85 tags/min | phero_entries=7 phero_max=0.519
======================================================================
R1[SITE      ]: L=+1.00 R=+1.00 | carry=0 | base=0.16 ba=+0.98 | site=1 sd=0.35 sa=-0.26 | phero=0 pd=0.00 pa=+0.00 | srch=0.10 | wall=4.82
R2[RTB       ]: L=+1.00 R=+1.00 | carry=1 | base=0.15 ba=+0.00 | site=0 sd=0.00 sa=+0.00 | phero=0 pd=0.00 pa=+0.00 | srch=0.00 | wall=4.90
R3[RTB       ]: L=+1.00 R=+0.00 | carry=1 | base=0.50 ba=-0.53 | site=0 sd=0.00 sa=+0.00 | phero=0 pd=0.00 pa=+0.00 | srch=0.00 | wall=2.42
R4[SITE      ]: L=+0.92 R=+1.00 | carry=0 | base=0.58 ba=+0.86 | site=1 sd=0.07 sa=+0.49 | phero=0 pd=0.00 pa=+0.00 | srch=0.34 | wall=2.09

[DEPOSIT] Robot 2 deposited! Total: 271
  [PHERO] Laid at (-2.73, 1.74) density=10 prob=1.00 total_entries=8
  [TARGET] Robot 2 → SITE (-2.73,1.74)
[PICKUP] Robot 4 picked up tag (density=19) | Total: 273

======================================================================
Step 178000 (94.9 min) | Pickups: 273 | Deposits: 271 | Rate: 2.85 tags/min | phero_entries=7 phero_max=0.689
======================================================================
R1[SITE      ]: L=+1.00 R=+1.00 | carry=0 | base=0.33 ba=-0.68 | site=1 sd=0.19 sa=+0.06 | phero=0 pd=0.00 pa=+0.00 | srch=0.23 | wall=3.36
R2[SITE      ]: L=+1.00 R=+1.00 | carry=0 | base=0.08 ba=+0.97 | site=1 sd=0.31 sa=-0.22 | phero=0 pd=0.00 pa=+0.00 | srch=0.06 | wall=5.29
R3[RTB       ]: L=+1.00 R=+1.00 | carry=1 | base=0.29 ba=-0.00 | site=0 sd=0.00 sa=+0.00 | phero=0 pd=0.00 pa=+0.00 | srch=0.00 | wall=3.85
R4[RTB       ]: L=+1.00 R=+1.00 | carry=1 | base=0.54 ba=-0.00 | site=0 sd=0.00 sa=+0.00 | phero=0 pd=0.00 pa=+0.00 | srch=0.00 | wall=2.01

TIMEOUT_RESULT pickups=273 deposits=271 steps=178125 elapsed_min=95.000000
BATCH_RESULT pickups=273 deposits=271
