Gym has been unmaintained since 2022 and does not support NumPy 2.0 amongst other critical functionality.
Please upgrade to Gymnasium, the maintained drop-in replacement of Gym, or contact the authors of your software and request that they upgrade.
Users of this version of Gym should be able to simply replace 'import gym' with 'import gymnasium as gym' in the vast majority of cases.
See the migration guide at https://gymnasium.farama.org/introduction/migration_guide/ for additional information.
============================================================
EVALUATION MODE — CPFA-RL Trained Model
Arena: 7×7m  |  Robots: 16  (teams of 4: 4)  |  Tags: 256
Obs per team: 18 × 4 = 72  |  Total obs dim: 288
============================================================

Loading model: ppo_cpfa_v9
Model loaded. Starting evaluation...

============================================================

[PICKUP] Robot 10 picked up tag (density=16) | Total: 1
[PICKUP] Robot 6 picked up tag (density=16) | Total: 2
[GIVE-UP] R3 giving up after 390 steps
[DEPOSIT] Robot 10 deposited! Total: 1
  [PHERO] Laid at (-0.09, -0.61) density=16 prob=1.00 total_entries=1
  [TARGET] Robot 10 → SITE (-0.09,-0.61)
[PICKUP] Robot 9 picked up tag (density=16) | Total: 3
[GIVE-UP] R3 giving up after 468 steps
[GIVE-UP] R14 giving up after 468 steps

======================================================================
Step 500 (0.3 min) | Pickups: 3 | Deposits: 1 | Rate: 3.75 tags/min | phero_entries=1 phero_max=0.925
======================================================================
R1[T1][EXPLORE   ]: L=+1.00 R=+1.00 | carry=0 | base=0.49 ba=+0.98 | site=0 sd=0.00 sa=+0.00 | phero=0 pd=0.00 pa=+0.00 | srch=0.12 | wall=1.07
R2[T1][EXPLORE   ]: L=+1.00 R=+1.00 | carry=0 | base=0.48 ba=-0.98 | site=0 sd=0.00 sa=+0.00 | phero=0 pd=0.00 pa=+0.00 | srch=0.12 | wall=1.14
R3[T1][GIVE_UP   ]: L=+1.00 R=+0.70 | carry=0 | base=0.31 ba=-0.12 | site=0 sd=0.00 sa=+0.00 | phero=0 pd=0.00 pa=+0.00 | srch=0.12 | wall=2.12
R4[T1][EXPLORE   ]: L=+1.00 R=+0.98 | carry=0 | base=0.09 ba=-0.27 | site=0 sd=0.00 sa=+0.00 | phero=0 pd=0.00 pa=+0.00 | srch=0.12 | wall=3.08
R5[T2][EXPLORE   ]: L=+1.00 R=+1.00 | carry=0 | base=0.42 ba=+1.00 | site=0 sd=0.00 sa=+0.00 | phero=0 pd=0.00 pa=+0.00 | srch=0.12 | wall=2.00
R6[T2][RTB       ]: L=+1.00 R=+1.00 | carry=1 | base=0.14 ba=-0.00 | site=0 sd=0.00 sa=+0.00 | phero=0 pd=0.00 pa=+0.00 | srch=0.00 | wall=2.87
R7[T2][EXPLORE   ]: L=+1.00 R=+1.00 | carry=0 | base=0.29 ba=-0.89 | site=0 sd=0.00 sa=+0.00 | phero=0 pd=0.00 pa=+0.00 | srch=0.12 | wall=2.08
R8[T2][EXPLORE   ]: L=+1.00 R=+0.68 | carry=0 | base=0.05 ba=+0.91 | site=0 sd=0.00 sa=+0.00 | phero=0 pd=0.00 pa=+0.00 | srch=0.12 | wall=3.29
R9[T3][RTB       ]: L=+1.00 R=+0.00 | carry=1 | base=0.27 ba=-0.63 | site=0 sd=0.00 sa=+0.00 | phero=0 pd=0.00 pa=+0.00 | srch=0.00 | wall=2.36
R10[T3][BASE_ESC  ]: L=+1.00 R=+0.00 | carry=0 | base=0.04 ba=+0.45 | site=1 sd=0.08 sa=-0.69 | phero=0 pd=0.00 pa=+0.00 | srch=0.01 | wall=3.28
R11[T3][EXPLORE   ]: L=+1.00 R=+1.00 | carry=0 | base=0.32 ba=+0.91 | site=0 sd=0.00 sa=+0.00 | phero=0 pd=0.00 pa=+0.00 | srch=0.12 | wall=1.94
R12[T3][EXPLORE   ]: L=+0.81 R=+1.00 | carry=0 | base=0.35 ba=+0.70 | site=0 sd=0.00 sa=+0.00 | phero=0 pd=0.00 pa=+0.00 | srch=0.12 | wall=1.82
R13[T4][EXPLORE   ]: L=+1.00 R=+1.00 | carry=0 | base=0.39 ba=+0.92 | site=0 sd=0.00 sa=+0.00 | phero=0 pd=0.00 pa=+0.00 | srch=0.12 | wall=1.63
R14[T4][GIVE_UP   ]: L=+0.00 R=+1.00 | carry=0 | base=0.42 ba=+0.63 | site=0 sd=0.00 sa=+0.00 | phero=0 pd=0.00 pa=+0.00 | srch=0.12 | wall=1.49
R15[T4][EXPLORE   ]: L=+1.00 R=+1.00 | carry=0 | base=0.46 ba=+0.95 | site=0 sd=0.00 sa=+0.00 | phero=0 pd=0.00 pa=+0.00 | srch=0.12 | wall=1.23
R16[T4][EXPLORE   ]: L=+1.00 R=+1.00 | carry=0 | base=0.48 ba=+0.97 | site=0 sd=0.00 sa=+0.00 | phero=0 pd=0.00 pa=+0.00 | srch=0.12 | wall=1.14

[DEPOSIT] Robot 6 deposited! Total: 2
  [PHERO] Laid at (0.95, 0.46) density=16 prob=1.00 total_entries=2
  [TARGET] Robot 6 → SITE (0.95,0.46)
[PICKUP] Robot 10 picked up tag (density=15) | Total: 4
[GIVE-UP] R14 giving up after 780 steps
[EMPTY_RTN] R3 → phero(0.95,0.46)
[DEPOSIT] Robot 9 deposited! Total: 3
  [PHERO] Laid at (-1.12, 0.67) density=16 prob=1.00 total_entries=3
  [TARGET] Robot 9 → SITE (-1.12,0.67)
[PICKUP] Robot 12 picked up tag (density=18) | Total: 5
[DEPOSIT] Robot 10 deposited! Total: 4
  [PHERO] Laid at (-0.06, -0.61) density=15 prob=1.00 total_entries=4
  [TARGET] Robot 10 → SITE (-0.06,-0.61)
[GIVE-UP] R15 giving up after 936 steps

======================================================================
Step 1000 (0.5 min) | Pickups: 5 | Deposits: 4 | Rate: 7.50 tags/min | phero_entries=4 phero_max=0.869
======================================================================
R1[T1][EXPLORE   ]: L=+1.00 R=+1.00 | carry=0 | base=0.50 ba=+0.09 | site=0 sd=0.00 sa=+0.00 | phero=0 pd=0.00 pa=+0.00 | srch=0.25 | wall=1.06
R2[T1][EXPLORE   ]: L=+1.00 R=+1.00 | carry=0 | base=0.56 ba=-0.25 | site=0 sd=0.00 sa=+0.00 | phero=0 pd=0.00 pa=+0.00 | srch=0.25 | wall=0.75
R3[T1][PHERO     ]: L=+0.52 R=+1.00 | carry=0 | base=0.06 ba=+0.77 | site=0 sd=0.00 sa=+0.00 | phero=1 pd=0.19 pa=+0.20 | srch=0.04 | wall=3.26
R4[T1][EXPLORE   ]: L=+1.00 R=+1.00 | carry=0 | base=0.12 ba=-0.38 | site=0 sd=0.00 sa=+0.00 | phero=0 pd=0.00 pa=+0.00 | srch=0.25 | wall=2.97
R5[T2][EXPLORE   ]: L=+1.00 R=+1.00 | carry=0 | base=0.81 ba=+1.00 | site=0 sd=0.00 sa=+0.00 | phero=0 pd=0.00 pa=+0.00 | srch=0.25 | wall=0.60
R6[T2][SITE      ]: L=+0.70 R=+1.00 | carry=0 | base=0.23 ba=+0.57 | site=1 sd=0.03 sa=+0.31 | phero=0 pd=0.00 pa=+0.00 | srch=0.10 | wall=2.44
R7[T2][EXPLORE   ]: L=+1.00 R=+1.00 | carry=0 | base=0.52 ba=-0.74 | site=0 sd=0.00 sa=+0.00 | phero=0 pd=0.00 pa=+0.00 | srch=0.25 | wall=1.67
R8[T2][EXPLORE   ]: L=+1.00 R=+0.65 | carry=0 | base=0.11 ba=-0.57 | site=0 sd=0.00 sa=+0.00 | phero=0 pd=0.00 pa=+0.00 | srch=0.25 | wall=3.01
R9[T3][SITE      ]: L=+1.00 R=+1.00 | carry=0 | base=0.07 ba=+0.99 | site=1 sd=0.20 sa=+0.14 | phero=0 pd=0.00 pa=+0.00 | srch=0.04 | wall=3.22
R10[T3][BASE_ESC  ]: L=+0.00 R=+1.00 | carry=0 | base=0.05 ba=-0.74 | site=1 sd=0.08 sa=+0.45 | phero=0 pd=0.00 pa=+0.00 | srch=0.02 | wall=3.30
R11[T3][EXPLORE   ]: L=-0.01 R=+0.23 | carry=0 | base=0.61 ba=+0.01 | site=0 sd=0.00 sa=+0.00 | phero=0 pd=0.00 pa=+0.00 | srch=0.25 | wall=0.49
R12[T3][RTB       ]: L=+0.65 R=+1.00 | carry=1 | base=0.53 ba=+0.13 | site=0 sd=0.00 sa=+0.00 | phero=0 pd=0.00 pa=+0.00 | srch=0.00 | wall=1.05
R13[T4][EXPLORE   ]: L=+1.00 R=+1.00 | carry=0 | base=0.62 ba=+0.25 | site=0 sd=0.00 sa=+0.00 | phero=0 pd=0.00 pa=+0.00 | srch=0.25 | wall=0.41
R14[T4][GIVE_UP   ]: L=+1.00 R=+1.00 | carry=0 | base=0.10 ba=+0.00 | site=0 sd=0.00 sa=+0.00 | phero=0 pd=0.00 pa=+0.00 | srch=0.25 | wall=3.00
R15[T4][GIVE_UP   ]: L=+1.00 R=+1.00 | carry=0 | base=0.59 ba=+0.00 | site=0 sd=0.00 sa=+0.00 | phero=0 pd=0.00 pa=+0.00 | srch=0.25 | wall=0.60
R16[T4][EXPLORE   ]: L=+1.00 R=+1.00 | carry=0 | base=0.54 ba=+0.23 | site=0 sd=0.00 sa=+0.00 | phero=0 pd=0.00 pa=+0.00 | srch=0.25 | wall=0.83

[PICKUP] Robot 6 picked up tag (density=15) | Total: 6
[EMPTY_RTN] R14 → phero(-0.09,-0.61)
[PICKUP] Robot 10 picked up tag (density=14) | Total: 7
[PICKUP] Robot 1 picked up tag (density=14) | Total: 8
[PICKUP] Robot 16 picked up tag (density=16) | Total: 9
[PICKUP] Robot 3 picked up tag (density=13) | Total: 10
[PICKUP] Robot 9 picked up tag (density=15) | Total: 11
[DEPOSIT] Robot 6 deposited! Total: 5
  [PHERO] Laid at (1.06, 0.44) density=15 prob=1.00 total_entries=5
  [TARGET] Robot 6 → SITE (1.06,0.44)
[PICKUP] Robot 13 picked up tag (density=15) | Total: 12
[DEPOSIT] Robot 10 deposited! Total: 6
  [PHERO] Laid at (-0.04, -0.68) density=14 prob=1.00 total_entries=6
  [TARGET] Robot 10 → SITE (-0.04,-0.68)
[PICKUP] Robot 2 picked up tag (density=16) | Total: 13
[PICKUP] Robot 14 picked up tag (density=13) | Total: 14

======================================================================
Step 1500 (0.8 min) | Pickups: 14 | Deposits: 6 | Rate: 7.50 tags/min | phero_entries=6 phero_max=0.829
======================================================================
R1[T1][RTB       ]: L=+1.00 R=+1.00 | carry=1 | base=0.13 ba=+0.00 | site=0 sd=0.00 sa=+0.00 | phero=0 pd=0.00 pa=+0.00 | srch=0.00 | wall=2.91
R2[T1][RTB       ]: L=+1.00 R=+0.92 | carry=1 | base=0.36 ba=-0.03 | site=0 sd=0.00 sa=+0.00 | phero=0 pd=0.00 pa=+0.00 | srch=0.00 | wall=2.15
R3[T1][RTB       ]: L=+1.00 R=+1.00 | carry=1 | base=0.12 ba=+0.00 | site=0 sd=0.00 sa=+0.00 | phero=0 pd=0.00 pa=+0.00 | srch=0.00 | wall=3.01
R4[T1][EXPLORE   ]: L=+1.00 R=+1.00 | carry=0 | base=0.36 ba=-0.90 | site=0 sd=0.00 sa=+0.00 | phero=0 pd=0.00 pa=+0.00 | srch=0.38 | wall=1.82
R5[T2][EXPLORE   ]: L=+1.00 R=+1.00 | carry=0 | base=0.66 ba=+0.02 | site=0 sd=0.00 sa=+0.00 | phero=0 pd=0.00 pa=+0.00 | srch=0.38 | wall=1.05
R6[T2][SITE      ]: L=+1.00 R=+1.00 | carry=0 | base=0.12 ba=+0.96 | site=1 sd=0.14 sa=-0.35 | phero=0 pd=0.00 pa=+0.00 | srch=0.05 | wall=3.03
R7[T2][EXPLORE   ]: L=+1.00 R=+1.00 | carry=0 | base=0.69 ba=-0.09 | site=0 sd=0.00 sa=+0.00 | phero=0 pd=0.00 pa=+0.00 | srch=0.38 | wall=0.46
R8[T2][EXPLORE   ]: L=+1.00 R=+1.00 | carry=0 | base=0.23 ba=+0.97 | site=0 sd=0.00 sa=+0.00 | phero=0 pd=0.00 pa=+0.00 | srch=0.38 | wall=2.46
R9[T3][RTB       ]: L=+1.00 R=+1.00 | carry=1 | base=0.17 ba=+0.00 | site=0 sd=0.00 sa=+0.00 | phero=0 pd=0.00 pa=+0.00 | srch=0.00 | wall=2.76
R10[T3][SITE      ]: L=+1.00 R=+0.27 | carry=0 | base=0.05 ba=+0.95 | site=1 sd=0.09 sa=-0.27 | phero=0 pd=0.00 pa=+0.00 | srch=0.03 | wall=3.26
R11[T3][EXPLORE   ]: L=+0.32 R=+1.00 | carry=0 | base=0.59 ba=-0.18 | site=0 sd=0.00 sa=+0.00 | phero=0 pd=0.00 pa=+0.00 | srch=0.38 | wall=0.57
R12[T3][RTB       ]: L=+1.00 R=+1.00 | carry=1 | base=0.15 ba=+0.00 | site=0 sd=0.00 sa=+0.00 | phero=0 pd=0.00 pa=+0.00 | srch=0.00 | wall=2.83
R13[T4][RTB       ]: L=+1.00 R=+1.00 | carry=1 | base=0.36 ba=+0.00 | site=0 sd=0.00 sa=+0.00 | phero=0 pd=0.00 pa=+0.00 | srch=0.00 | wall=1.86
R14[T4][RTB       ]: L=+1.00 R=+0.00 | carry=1 | base=0.13 ba=-0.43 | site=0 sd=0.00 sa=+0.00 | phero=0 pd=0.00 pa=+0.00 | srch=0.00 | wall=2.87
R15[T4][GIVE_UP   ]: L=+1.00 R=+1.00 | carry=0 | base=0.20 ba=+0.00 | site=0 sd=0.00 sa=+0.00 | phero=0 pd=0.00 pa=+0.00 | srch=0.38 | wall=2.51
R16[T4][RTB       ]: L=+1.00 R=+1.00 | carry=1 | base=0.25 ba=+0.00 | site=0 sd=0.00 sa=+0.00 | phero=0 pd=0.00 pa=+0.00 | srch=0.00 | wall=2.38

[DEPOSIT] Robot 3 deposited! Total: 7
  [PHERO] Laid at (0.98, 0.51) density=13 prob=1.00 total_entries=7
  [TARGET] Robot 3 → SITE (0.98,0.51)
[DEPOSIT] Robot 1 deposited! Total: 8
  [PHERO] Laid at (1.42, 0.49) density=14 prob=1.00 total_entries=8
  [TARGET] Robot 1 → SITE (1.42,0.49)
[GIVE-UP] R7 giving up after 1638 steps
[DEPOSIT] Robot 14 deposited! Total: 9
  [PHERO] Laid at (-0.11, -0.63) density=13 prob=1.00 total_entries=9
  [TARGET] Robot 14 → SITE (-0.11,-0.63)
[DEPOSIT] Robot 12 deposited! Total: 10
  [PHERO] Laid at (2.52, 0.89) density=18 prob=1.00 total_entries=10
  [TARGET] Robot 12 → SITE (2.52,0.89)
[DEPOSIT] Robot 9 deposited! Total: 11
  [PHERO] Laid at (-1.12, 0.75) density=15 prob=1.00 total_entries=11
  [TARGET] Robot 9 → SITE (-1.12,0.75)
[PICKUP] Robot 10 picked up tag (density=12) | Total: 15
[PICKUP] Robot 6 picked up tag (density=12) | Total: 16
[EMPTY_RTN] R15 → phero(-1.12,0.67)
[DEPOSIT] Robot 16 deposited! Total: 12
  [PHERO] Laid at (1.82, 0.79) density=16 prob=1.00 total_entries=12
  [TARGET] Robot 16 → SITE (1.82,0.79)
[GIVE-UP] R7 giving up after 1794 steps
[DEPOSIT] Robot 13 deposited! Total: 13
  [PHERO] Laid at (2.14, 0.82) density=15 prob=1.00 total_entries=13
  [TARGET] Robot 13 → SITE (2.14,0.82)
[DEPOSIT] Robot 2 deposited! Total: 14
  [PHERO] Laid at (1.52, -1.24) density=16 prob=1.00 total_entries=14
  [TARGET] Robot 2 → SITE (1.52,-1.24)
[DEPOSIT] Robot 6 deposited! Total: 15
  [PHERO] Laid at (0.92, 0.66) density=12 prob=1.00 total_entries=15
  [TARGET] Robot 6 → SITE (0.92,0.66)

======================================================================
Step 2000 (1.1 min) | Pickups: 16 | Deposits: 15 | Rate: 14.06 tags/min | phero_entries=15 phero_max=0.992
======================================================================
R1[T1][SITE      ]: L=+1.00 R=+1.00 | carry=0 | base=0.12 ba=+0.97 | site=1 sd=0.19 sa=+0.09 | phero=0 pd=0.00 pa=+0.00 | srch=0.10 | wall=2.89
R2[T1][BASE_ESC  ]: L=+0.03 R=+1.00 | carry=0 | base=0.05 ba=-0.76 | site=1 sd=0.35 sa=+0.33 | phero=0 pd=0.00 pa=+0.00 | srch=0.02 | wall=3.32
R3[T1][SITE      ]: L=+0.67 R=+0.66 | carry=0 | base=0.18 ba=-0.90 | site=1 sd=0.05 sa=-0.02 | phero=0 pd=0.00 pa=+0.00 | srch=0.10 | wall=2.74
R4[T1][EXPLORE   ]: L=+1.00 R=+0.66 | carry=0 | base=0.64 ba=-0.13 | site=0 sd=0.00 sa=+0.00 | phero=0 pd=0.00 pa=+0.00 | srch=0.50 | wall=0.36
R5[T2][EXPLORE   ]: L=+1.00 R=+1.00 | carry=0 | base=0.28 ba=+0.04 | site=0 sd=0.00 sa=+0.00 | phero=0 pd=0.00 pa=+0.00 | srch=0.50 | wall=2.39
R6[T2][BASE_ESC  ]: L=+0.00 R=+1.00 | carry=0 | base=0.05 ba=-0.10 | site=1 sd=0.18 sa=+0.96 | phero=0 pd=0.00 pa=+0.00 | srch=0.00 | wall=3.28
R7[T2][GIVE_UP   ]: L=+1.00 R=+1.00 | carry=0 | base=0.31 ba=-0.00 | site=0 sd=0.00 sa=+0.00 | phero=0 pd=0.00 pa=+0.00 | srch=0.50 | wall=2.09
R8[T2][EXPLORE   ]: L=+1.00 R=+0.85 | carry=0 | base=0.62 ba=+0.99 | site=0 sd=0.00 sa=+0.00 | phero=0 pd=0.00 pa=+0.00 | srch=0.50 | wall=0.85
R9[T3][SITE      ]: L=+1.00 R=+0.94 | carry=0 | base=0.21 ba=-0.79 | site=1 sd=0.08 sa=-0.05 | phero=0 pd=0.00 pa=+0.00 | srch=0.09 | wall=2.54
R10[T3][RTB       ]: L=+0.99 R=+1.00 | carry=1 | base=0.07 ba=+0.00 | site=0 sd=0.00 sa=+0.00 | phero=0 pd=0.00 pa=+0.00 | srch=0.00 | wall=3.16
R11[T3][EXPLORE   ]: L=+0.62 R=+0.80 | carry=0 | base=0.51 ba=-0.77 | site=0 sd=0.00 sa=+0.00 | phero=0 pd=0.00 pa=+0.00 | srch=0.50 | wall=0.96
R12[T3][SITE      ]: L=+0.95 R=+1.00 | carry=0 | base=0.21 ba=-0.97 | site=1 sd=0.40 sa=+0.37 | phero=0 pd=0.00 pa=+0.00 | srch=0.09 | wall=2.51
R13[T4][BASE_ESC  ]: L=+1.00 R=+0.37 | carry=0 | base=0.04 ba=+0.84 | site=1 sd=0.43 sa=-0.28 | phero=0 pd=0.00 pa=+0.00 | srch=0.03 | wall=3.35
R14[T4][SITE      ]: L=+0.87 R=+0.89 | carry=0 | base=0.06 ba=+0.95 | site=1 sd=0.08 sa=-0.18 | phero=0 pd=0.00 pa=+0.00 | srch=0.09 | wall=3.23
R15[T4][PHERO     ]: L=+0.66 R=+0.65 | carry=0 | base=0.05 ba=+0.52 | site=0 sd=0.00 sa=+0.00 | phero=1 pd=0.27 pa=+0.08 | srch=0.08 | wall=3.28
R16[T4][SITE      ]: L=+1.00 R=+0.95 | carry=0 | base=0.14 ba=-0.98 | site=1 sd=0.26 sa=-0.09 | phero=0 pd=0.00 pa=+0.00 | srch=0.06 | wall=2.93

[DEPOSIT] Robot 10 deposited! Total: 16
  [PHERO] Laid at (-0.04, -0.70) density=12 prob=1.00 total_entries=16
  [TARGET] Robot 10 → SITE (-0.04,-0.70)
[PICKUP] Robot 3 picked up tag (density=11) | Total: 17
[PICKUP] Robot 9 picked up tag (density=14) | Total: 18
[PICKUP] Robot 16 picked up tag (density=10) | Total: 19
[PICKUP] Robot 8 picked up tag (density=16) | Total: 20
[PICKUP] Robot 1 picked up tag (density=9) | Total: 21
[PICKUP] Robot 10 picked up tag (density=11) | Total: 22
[EMPTY_RTN] R7 → phero(-0.06,-0.61)
[PICKUP] Robot 2 picked up tag (density=15) | Total: 23
[DEPOSIT] Robot 3 deposited! Total: 17
  [PHERO] Laid at (1.04, 0.52) density=11 prob=1.00 total_entries=17
  [TARGET] Robot 3 → SITE (1.04,0.52)

======================================================================
Step 2500 (1.3 min) | Pickups: 23 | Deposits: 17 | Rate: 12.75 tags/min | phero_entries=17 phero_max=0.979
======================================================================
R1[T1][RTB       ]: L=+1.00 R=+1.00 | carry=1 | base=0.23 ba=+0.00 | site=0 sd=0.00 sa=+0.00 | phero=0 pd=0.00 pa=+0.00 | srch=0.00 | wall=2.50
R2[T1][RTB       ]: L=+0.00 R=+1.00 | carry=1 | base=0.37 ba=+0.55 | site=0 sd=0.00 sa=+0.00 | phero=0 pd=0.00 pa=+0.00 | srch=0.00 | wall=2.16
R3[T1][BASE_ESC  ]: L=+1.00 R=+0.00 | carry=0 | base=0.05 ba=+0.17 | site=1 sd=0.19 sa=-0.79 | phero=0 pd=0.00 pa=+0.00 | srch=0.00 | wall=3.29
R4[T1][EXPLORE   ]: L=+1.00 R=+1.00 | carry=0 | base=0.44 ba=+0.45 | site=0 sd=0.00 sa=+0.00 | phero=0 pd=0.00 pa=+0.00 | srch=0.62 | wall=1.84
R5[T2][EXPLORE   ]: L=+1.00 R=+1.00 | carry=0 | base=0.20 ba=+1.00 | site=0 sd=0.00 sa=+0.00 | phero=0 pd=0.00 pa=+0.00 | srch=0.62 | wall=2.66
R6[T2][EXPLORE   ]: L=+1.00 R=+1.00 | carry=0 | base=0.26 ba=+0.74 | site=0 sd=0.00 sa=+0.00 | phero=0 pd=0.00 pa=+0.00 | srch=0.13 | wall=2.55
R7[T2][PHERO     ]: L=+0.26 R=+1.00 | carry=0 | base=0.05 ba=-0.83 | site=0 sd=0.00 sa=+0.00 | phero=1 pd=0.07 pa=+0.06 | srch=0.03 | wall=3.25
R8[T2][RTB       ]: L=+1.00 R=+1.00 | carry=1 | base=0.58 ba=-0.00 | site=0 sd=0.00 sa=+0.00 | phero=0 pd=0.00 pa=+0.00 | srch=0.00 | wall=1.11
R9[T3][RTB       ]: L=+1.00 R=+1.00 | carry=1 | base=0.09 ba=+0.00 | site=0 sd=0.00 sa=+0.00 | phero=0 pd=0.00 pa=+0.00 | srch=0.00 | wall=3.13
R10[T3][RTB       ]: L=+0.95 R=+1.00 | carry=1 | base=0.12 ba=+0.02 | site=0 sd=0.00 sa=+0.00 | phero=0 pd=0.00 pa=+0.00 | srch=0.00 | wall=2.92
R11[T3][EXPLORE   ]: L=+1.00 R=+1.00 | carry=0 | base=0.51 ba=+0.27 | site=0 sd=0.00 sa=+0.00 | phero=0 pd=0.00 pa=+0.00 | srch=0.62 | wall=1.02
R12[T3][SITE      ]: L=+1.00 R=+0.98 | carry=0 | base=0.46 ba=+0.77 | site=1 sd=0.08 sa=-0.07 | phero=0 pd=0.00 pa=+0.00 | srch=0.21 | wall=1.28
R13[T4][SITE      ]: L=+1.00 R=+0.97 | carry=0 | base=0.39 ba=-0.77 | site=1 sd=0.14 sa=-0.12 | phero=0 pd=0.00 pa=+0.00 | srch=0.15 | wall=1.97
R14[T4][BASE_ESC  ]: L=+0.31 R=+1.00 | carry=0 | base=0.05 ba=-0.82 | site=1 sd=0.09 sa=-0.12 | phero=0 pd=0.00 pa=+0.00 | srch=0.21 | wall=3.28
R15[T4][PHERO     ]: L=+0.72 R=+0.68 | carry=0 | base=0.20 ba=+0.91 | site=0 sd=0.00 sa=+0.00 | phero=1 pd=0.06 pa=-0.08 | srch=0.20 | wall=2.65
R16[T4][RTB       ]: L=+0.98 R=+1.00 | carry=1 | base=0.06 ba=+0.02 | site=0 sd=0.00 sa=+0.00 | phero=0 pd=0.00 pa=+0.00 | srch=0.00 | wall=3.23

[DEPOSIT] Robot 16 deposited! Total: 18
  [PHERO] Laid at (1.05, 0.60) density=10 prob=1.00 total_entries=18
  [TARGET] Robot 16 → SITE (1.05,0.60)
[DEPOSIT] Robot 9 deposited! Total: 19
  [PHERO] Laid at (-1.15, 0.76) density=14 prob=1.00 total_entries=19
  [TARGET] Robot 9 → SITE (-1.15,0.76)
[GIVE-UP] R6 giving up after 570 steps
[PICKUP] Robot 5 picked up tag (density=8) | Total: 24
[PICKUP] Robot 13 picked up tag (density=14) | Total: 25
[PICKUP] Robot 12 picked up tag (density=16) | Total: 26
[PICKUP] Robot 11 picked up tag (density=13) | Total: 27
[PICKUP] Robot 15 picked up tag (density=13) | Total: 28
[PICKUP] Robot 14 picked up tag (density=10) | Total: 29
[DEPOSIT] Robot 10 deposited! Total: 20
  [PHERO] Laid at (-0.03, -0.76) density=11 prob=1.00 total_entries=20
  [TARGET] Robot 10 → SITE (-0.03,-0.76)
[DEPOSIT] Robot 1 deposited! Total: 21
  [PHERO] Laid at (1.44, 0.64) density=9 prob=1.00 total_entries=21
  [TARGET] Robot 1 → SITE (1.44,0.64)
[DEPOSIT] Robot 14 deposited! Total: 22
  [PHERO] Laid at (-0.15, -0.66) density=10 prob=1.00 total_entries=22
  [TARGET] Robot 14 → SITE (-0.15,-0.66)
[PICKUP] Robot 16 picked up tag (density=7) | Total: 30
[DEPOSIT] Robot 2 deposited! Total: 23
  [PHERO] Laid at (1.22, -1.34) density=15 prob=1.00 total_entries=23
  [TARGET] Robot 2 → SITE (1.22,-1.34)
[PICKUP] Robot 10 picked up tag (density=9) | Total: 31
[EMPTY_RTN] R6 → phero(-1.12,0.75)

======================================================================
Step 3000 (1.6 min) | Pickups: 31 | Deposits: 23 | Rate: 14.38 tags/min | phero_entries=23 phero_max=0.953
======================================================================
R1[T1][SITE      ]: L=+1.00 R=+0.30 | carry=0 | base=0.14 ba=-0.85 | site=1 sd=0.21 sa=-0.13 | phero=0 pd=0.00 pa=+0.00 | srch=0.07 | wall=2.92
R2[T1][BASE_ESC  ]: L=+1.00 R=+0.00 | carry=0 | base=0.05 ba=+0.27 | site=1 sd=0.32 sa=-0.77 | phero=0 pd=0.00 pa=+0.00 | srch=0.01 | wall=3.33
R3[T1][SITE      ]: L=+1.00 R=+1.00 | carry=0 | base=0.22 ba=-0.85 | site=1 sd=0.02 sa=-0.07 | phero=0 pd=0.00 pa=+0.00 | srch=0.13 | wall=2.53
R4[T1][EXPLORE   ]: L=+1.00 R=+1.00 | carry=0 | base=0.54 ba=-0.22 | site=0 sd=0.00 sa=+0.00 | phero=0 pd=0.00 pa=+0.00 | srch=0.75 | wall=1.26
R5[T2][RTB       ]: L=+1.00 R=+1.00 | carry=1 | base=0.07 ba=+0.00 | site=0 sd=0.00 sa=+0.00 | phero=0 pd=0.00 pa=+0.00 | srch=0.00 | wall=3.23
R6[T2][BASE_ESC  ]: L=+0.00 R=+1.00 | carry=0 | base=0.05 ba=-0.21 | site=0 sd=0.00 sa=+0.00 | phero=1 pd=0.28 pa=-0.66 | srch=0.00 | wall=3.31
R7[T2][PHERO     ]: L=+0.98 R=+0.88 | carry=0 | base=0.06 ba=-0.74 | site=0 sd=0.00 sa=+0.00 | phero=1 pd=0.07 pa=+0.13 | srch=0.16 | wall=3.22
R8[T2][RTB       ]: L=+1.00 R=+1.00 | carry=1 | base=0.19 ba=-0.00 | site=0 sd=0.00 sa=+0.00 | phero=0 pd=0.00 pa=+0.00 | srch=0.00 | wall=2.71
R9[T3][EXPLORE   ]: L=+1.00 R=+1.00 | carry=0 | base=0.27 ba=-0.86 | site=0 sd=0.00 sa=+0.00 | phero=0 pd=0.00 pa=+0.00 | srch=0.11 | wall=2.37
R10[T3][RTB       ]: L=+0.00 R=+1.00 | carry=1 | base=0.16 ba=+0.72 | site=0 sd=0.00 sa=+0.00 | phero=0 pd=0.00 pa=+0.00 | srch=0.00 | wall=2.69
R11[T3][RTB       ]: L=+1.00 R=+1.00 | carry=1 | base=0.18 ba=+0.00 | site=0 sd=0.00 sa=+0.00 | phero=0 pd=0.00 pa=+0.00 | srch=0.00 | wall=2.67
R12[T3][RTB       ]: L=+1.00 R=+1.00 | carry=1 | base=0.34 ba=+0.00 | site=0 sd=0.00 sa=+0.00 | phero=0 pd=0.00 pa=+0.00 | srch=0.00 | wall=1.95
R13[T4][RTB       ]: L=+1.00 R=+1.00 | carry=1 | base=0.20 ba=-0.00 | site=0 sd=0.00 sa=+0.00 | phero=0 pd=0.00 pa=+0.00 | srch=0.00 | wall=2.63
R14[T4][BASE_ESC  ]: L=+0.49 R=+1.00 | carry=0 | base=0.05 ba=-0.87 | site=1 sd=0.09 sa=+0.33 | phero=0 pd=0.00 pa=+0.00 | srch=0.03 | wall=3.30
R15[T4][RTB       ]: L=+1.00 R=+1.00 | carry=1 | base=0.09 ba=+0.00 | site=0 sd=0.00 sa=+0.00 | phero=0 pd=0.00 pa=+0.00 | srch=0.00 | wall=3.09
R16[T4][RTB       ]: L=+0.36 R=+1.00 | carry=1 | base=0.25 ba=+0.26 | site=0 sd=0.00 sa=+0.00 | phero=0 pd=0.00 pa=+0.00 | srch=0.00 | wall=2.45

[DEPOSIT] Robot 5 deposited! Total: 24
  [PHERO] Laid at (1.06, 0.64) density=8 prob=1.00 total_entries=24
  [TARGET] Robot 5 → SITE (1.06,0.64)
[PICKUP] Robot 9 picked up tag (density=12) | Total: 32
[PICKUP] Robot 3 picked up tag (density=6) | Total: 33
[DEPOSIT] Robot 15 deposited! Total: 25
  [PHERO] Laid at (-1.20, 0.75) density=13 prob=1.00 total_entries=25
  [TARGET] Robot 15 → SITE (-1.20,0.75)
[PICKUP] Robot 14 picked up tag (density=8) | Total: 34
[DEPOSIT] Robot 8 deposited! Total: 26
  [PHERO] Laid at (3.08, -1.98) density=16 prob=1.00 total_entries=26
  [TARGET] Robot 8 → SITE (3.08,-1.98)
[DEPOSIT] Robot 11 deposited! Total: 27
  [PHERO] Laid at (2.10, 0.85) density=13 prob=1.00 total_entries=27
  [TARGET] Robot 11 → SITE (2.10,0.85)
[PICKUP] Robot 1 picked up tag (density=5) | Total: 35
[DEPOSIT] Robot 10 deposited! Total: 28
  [PHERO] Laid at (-0.02, -0.79) density=9 prob=1.00 total_entries=28
  [TARGET] Robot 10 → SITE (-0.02,-0.79)
[DEPOSIT] Robot 13 deposited! Total: 29
  [PHERO] Laid at (1.68, 1.12) density=14 prob=1.00 total_entries=29
  [TARGET] Robot 13 → SITE (1.68,1.12)
[DEPOSIT] Robot 16 deposited! Total: 30
  [PHERO] Laid at (1.07, 0.56) density=7 prob=0.99 total_entries=30
  [TARGET] Robot 16 → SITE (1.07,0.56)
[DEPOSIT] Robot 3 deposited! Total: 31
  [PHERO] Laid at (1.10, 0.54) density=6 prob=0.97 total_entries=31
  [TARGET] Robot 3 → SITE (1.10,0.54)
[PICKUP] Robot 7 picked up tag (density=7) | Total: 36
[DEPOSIT] Robot 9 deposited! Total: 32
  [PHERO] Laid at (-1.20, 0.83) density=12 prob=1.00 total_entries=32
  [TARGET] Robot 9 → SITE (-1.20,0.83)
[DEPOSIT] Robot 14 deposited! Total: 33
  [PHERO] Laid at (-0.14, -0.69) density=8 prob=1.00 total_entries=33
  [TARGET] Robot 14 → SITE (-0.14,-0.69)
[DEPOSIT] Robot 12 deposited! Total: 34
  [PHERO] Laid at (2.53, 0.93) density=16 prob=1.00 total_entries=34
  [TARGET] Robot 12 → SITE (2.53,0.93)

======================================================================
Step 3500 (1.9 min) | Pickups: 36 | Deposits: 34 | Rate: 18.21 tags/min | phero_entries=34 phero_max=0.943
======================================================================
R1[T1][RTB       ]: L=+1.00 R=+1.00 | carry=1 | base=0.12 ba=-0.00 | site=0 sd=0.00 sa=+0.00 | phero=0 pd=0.00 pa=+0.00 | srch=0.00 | wall=2.96
R2[T1][SITE      ]: L=+1.00 R=+1.00 | carry=0 | base=0.33 ba=-0.74 | site=1 sd=0.07 sa=-0.09 | phero=0 pd=0.00 pa=+0.00 | srch=0.13 | wall=2.21
R3[T1][BASE_ESC  ]: L=+0.19 R=+1.00 | carry=0 | base=0.03 ba=-0.82 | site=1 sd=0.22 sa=+0.28 | phero=0 pd=0.00 pa=+0.00 | srch=0.02 | wall=3.34
R4[T1][EXPLORE   ]: L=+1.00 R=+0.24 | carry=0 | base=0.34 ba=+0.34 | site=0 sd=0.00 sa=+0.00 | phero=0 pd=0.00 pa=+0.00 | srch=0.88 | wall=1.96
R5[T2][SITE      ]: L=+1.00 R=+1.00 | carry=0 | base=0.19 ba=-0.95 | site=1 sd=0.06 sa=+0.01 | phero=0 pd=0.00 pa=+0.00 | srch=0.12 | wall=2.73
R6[T2][PHERO     ]: L=+0.64 R=+0.66 | carry=0 | base=0.07 ba=+0.18 | site=0 sd=0.00 sa=+0.00 | phero=1 pd=0.31 pa=-0.11 | srch=0.13 | wall=3.19
R7[T2][RTB       ]: L=+0.00 R=+1.00 | carry=1 | base=0.17 ba=+0.42 | site=0 sd=0.00 sa=+0.00 | phero=0 pd=0.00 pa=+0.00 | srch=0.00 | wall=2.63
R8[T2][SITE      ]: L=+1.00 R=+1.00 | carry=0 | base=0.21 ba=+1.00 | site=1 sd=0.56 sa=+0.19 | phero=0 pd=0.00 pa=+0.00 | srch=0.08 | wall=2.63
R9[T3][BASE_ESC  ]: L=+0.00 R=+1.00 | carry=0 | base=0.04 ba=-0.46 | site=1 sd=0.25 sa=+0.61 | phero=0 pd=0.00 pa=+0.00 | srch=0.01 | wall=3.35
R10[T3][SITE      ]: L=+0.70 R=+1.00 | carry=0 | base=0.15 ba=+0.91 | site=1 sd=0.02 sa=+0.23 | phero=0 pd=0.00 pa=+0.00 | srch=0.06 | wall=2.76
R11[T3][SITE      ]: L=+0.26 R=+0.43 | carry=0 | base=0.07 ba=-0.82 | site=1 sd=0.40 sa=+0.06 | phero=0 pd=0.00 pa=+0.00 | srch=0.08 | wall=3.25
R12[T3][BASE_ESC  ]: L=+1.00 R=+0.00 | carry=0 | base=0.05 ba=+0.33 | site=1 sd=0.50 sa=-0.67 | phero=0 pd=0.00 pa=+0.00 | srch=0.01 | wall=3.28
R13[T4][SITE      ]: L=+0.76 R=+1.00 | carry=0 | base=0.15 ba=+0.93 | site=1 sd=0.28 sa=+0.16 | phero=0 pd=0.00 pa=+0.00 | srch=0.06 | wall=2.76
R14[T4][BASE_ESC  ]: L=+1.00 R=+0.00 | carry=0 | base=0.05 ba=+0.40 | site=1 sd=0.10 sa=-0.75 | phero=0 pd=0.00 pa=+0.00 | srch=0.01 | wall=3.28
R15[T4][SITE      ]: L=+0.55 R=+0.60 | carry=0 | base=0.09 ba=-0.94 | site=1 sd=0.20 sa=+0.01 | phero=0 pd=0.00 pa=+0.00 | srch=0.11 | wall=3.10
R16[T4][SITE      ]: L=+1.00 R=+0.25 | carry=0 | base=0.05 ba=-0.92 | site=1 sd=0.19 sa=-0.06 | phero=0 pd=0.00 pa=+0.00 | srch=0.03 | wall=3.31

[PICKUP] Robot 10 picked up tag (density=6) | Total: 37
[PICKUP] Robot 5 picked up tag (density=4) | Total: 38
[DEPOSIT] Robot 1 deposited! Total: 35
  [PHERO] Laid at (1.11, 0.61) density=5 prob=0.92 total_entries=35
  [TARGET] Robot 1 → SITE (1.11,0.61)
[PICKUP] Robot 8 picked up tag (density=14) | Total: 39
[PICKUP] Robot 13 picked up tag (density=14) | Total: 40
[DEPOSIT] Robot 7 deposited! Total: 36
  [PHERO] Laid at (-0.04, -0.84) density=7 prob=0.99 total_entries=36
  [TARGET] Robot 7 → SITE (-0.04,-0.84)
[PICKUP] Robot 3 picked up tag (density=3) | Total: 41
[DEPOSIT] Robot 10 deposited! Total: 37
  [PHERO] Laid at (-0.03, -0.86) density=6 prob=0.97 total_entries=37
  [TARGET] Robot 10 → SITE (-0.03,-0.86)
[PICKUP] Robot 14 picked up tag (density=5) | Total: 42
[PICKUP] Robot 16 picked up tag (density=2) | Total: 43
[PICKUP] Robot 15 picked up tag (density=11) | Total: 44

======================================================================
Step 4000 (2.1 min) | Pickups: 44 | Deposits: 37 | Rate: 17.34 tags/min | phero_entries=37 phero_max=0.856
======================================================================
R1[T1][SITE      ]: L=+1.00 R=+0.92 | carry=0 | base=0.22 ba=-0.78 | site=1 sd=0.10 sa=-0.21 | phero=0 pd=0.00 pa=+0.00 | srch=0.09 | wall=2.68
R2[T1][EXPLORE   ]: L=+1.00 R=+1.00 | carry=0 | base=0.62 ba=-0.88 | site=0 sd=0.00 sa=+0.00 | phero=0 pd=0.00 pa=+0.00 | srch=0.26 | wall=0.67
R3[T1][RTB       ]: L=+0.87 R=+1.00 | carry=1 | base=0.25 ba=+0.05 | site=0 sd=0.00 sa=+0.00 | phero=0 pd=0.00 pa=+0.00 | srch=0.00 | wall=2.49
R4[T1][EXPLORE   ]: L=+1.00 R=+1.00 | carry=0 | base=0.54 ba=+0.80 | site=0 sd=0.00 sa=+0.00 | phero=0 pd=0.00 pa=+0.00 | srch=1.00 | wall=1.08
R5[T2][RTB       ]: L=+1.00 R=+0.98 | carry=1 | base=0.18 ba=-0.01 | site=0 sd=0.00 sa=+0.00 | phero=0 pd=0.00 pa=+0.00 | srch=0.00 | wall=2.62
R6[T2][PHERO     ]: L=+1.00 R=+1.00 | carry=0 | base=0.16 ba=+0.90 | site=0 sd=0.00 sa=+0.00 | phero=1 pd=0.11 pa=-0.05 | srch=0.25 | wall=2.88
R7[T2][BASE_ESC  ]: L=+0.96 R=+1.00 | carry=0 | base=0.04 ba=-0.99 | site=1 sd=0.13 sa=+0.14 | phero=0 pd=0.00 pa=+0.00 | srch=0.03 | wall=3.30
R8[T2][RTB       ]: L=+1.00 R=+1.00 | carry=1 | base=0.30 ba=+0.00 | site=0 sd=0.00 sa=+0.00 | phero=0 pd=0.00 pa=+0.00 | srch=0.00 | wall=2.37
R9[T3][SITE      ]: L=+0.76 R=+1.00 | carry=0 | base=0.31 ba=+0.43 | site=1 sd=0.02 sa=+0.20 | phero=0 pd=0.00 pa=+0.00 | srch=0.14 | wall=2.28
R10[T3][BASE_ESC  ]: L=+0.00 R=+1.00 | carry=0 | base=0.05 ba=-0.66 | site=1 sd=0.12 sa=+0.36 | phero=0 pd=0.00 pa=+0.00 | srch=0.02 | wall=3.25
R11[T3][SITE      ]: L=+0.20 R=+0.21 | carry=0 | base=0.17 ba=-0.91 | site=1 sd=0.29 sa=+0.04 | phero=0 pd=0.00 pa=+0.00 | srch=0.20 | wall=2.77
R12[T3][SITE      ]: L=+1.00 R=+1.00 | carry=0 | base=0.18 ba=-0.85 | site=1 sd=0.37 sa=+0.16 | phero=0 pd=0.00 pa=+0.00 | srch=0.13 | wall=2.68
R13[T4][RTB       ]: L=+0.98 R=+1.00 | carry=1 | base=0.35 ba=+0.01 | site=0 sd=0.00 sa=+0.00 | phero=0 pd=0.00 pa=+0.00 | srch=0.00 | wall=2.00
R14[T4][RTB       ]: L=+1.00 R=+0.00 | carry=1 | base=0.16 ba=-0.57 | site=0 sd=0.00 sa=+0.00 | phero=0 pd=0.00 pa=+0.00 | srch=0.00 | wall=2.75
R15[T4][RTB       ]: L=+0.00 R=+1.00 | carry=1 | base=0.29 ba=+0.79 | site=0 sd=0.00 sa=+0.00 | phero=0 pd=0.00 pa=+0.00 | srch=0.00 | wall=2.28
R16[T4][RTB       ]: L=+0.00 R=+1.00 | carry=1 | base=0.27 ba=+0.59 | site=0 sd=0.00 sa=+0.00 | phero=0 pd=0.00 pa=+0.00 | srch=0.00 | wall=2.34

[PICKUP] Robot 9 picked up tag (density=10) | Total: 45
[PICKUP] Robot 4 picked up tag (density=16) | Total: 46
[DEPOSIT] Robot 14 deposited! Total: 38
  [PHERO] Laid at (-0.15, -0.73) density=5 prob=0.92 total_entries=38
  [TARGET] Robot 14 → SITE (-0.15,-0.73)
[PICKUP] Robot 10 picked up tag (density=4) | Total: 47
[DEPOSIT] Robot 5 deposited! Total: 39
  [PHERO] Laid at (1.10, 0.65) density=4 prob=0.82 total_entries=39
  [TARGET] Robot 5 → SITE (1.10,0.65)
[DEPOSIT] Robot 3 deposited! Total: 40
  [PHERO] Laid at (1.16, 0.65) density=3 prob=0.65 total_entries=40
  [TARGET] Robot 3 → SITE (1.16,0.65)
[DEPOSIT] Robot 8 deposited! Total: 41
  [PHERO] Laid at (1.22, -1.58) density=14 prob=1.00 total_entries=41
  [TARGET] Robot 8 → SITE (1.22,-1.58)
[DEPOSIT] Robot 16 deposited! Total: 42
  [TARGET] Robot 16 → SITE (1.15,0.66)
[DEPOSIT] Robot 15 deposited! Total: 43
  [PHERO] Laid at (-1.22, 0.75) density=11 prob=1.00 total_entries=42
  [TARGET] Robot 15 → SITE (-1.22,0.75)
[DEPOSIT] Robot 9 deposited! Total: 44
  [PHERO] Laid at (-1.23, 0.75) density=10 prob=1.00 total_entries=43
  [TARGET] Robot 9 → SITE (-1.23,0.75)
[DEPOSIT] Robot 13 deposited! Total: 45
  [PHERO] Laid at (1.76, 0.88) density=14 prob=1.00 total_entries=44
  [TARGET] Robot 13 → SITE (1.76,0.88)

======================================================================
Step 4500 (2.4 min) | Pickups: 47 | Deposits: 45 | Rate: 18.75 tags/min | phero_entries=44 phero_max=0.867
======================================================================
R1[T1][EXPLORE   ]: L=+1.00 R=+1.00 | carry=0 | base=0.34 ba=-0.72 | site=0 sd=0.00 sa=+0.00 | phero=0 pd=0.00 pa=+0.00 | srch=0.21 | wall=1.82
R2[T1][EXPLORE   ]: L=+1.00 R=+1.00 | carry=0 | base=0.45 ba=-0.11 | site=0 sd=0.00 sa=+0.00 | phero=0 pd=0.00 pa=+0.00 | srch=0.38 | wall=1.34
R3[T1][SITE      ]: L=+0.21 R=+0.21 | carry=0 | base=0.07 ba=-0.91 | site=1 sd=0.20 sa=-0.06 | phero=0 pd=0.00 pa=+0.00 | srch=0.06 | wall=3.24
R4[T1][RTB       ]: L=+1.00 R=+1.00 | carry=1 | base=0.34 ba=+0.00 | site=0 sd=0.00 sa=+0.00 | phero=0 pd=0.00 pa=+0.00 | srch=0.00 | wall=1.90
R5[T2][SITE      ]: L=+0.86 R=+1.00 | carry=0 | base=0.17 ba=+0.89 | site=1 sd=0.13 sa=+0.20 | phero=0 pd=0.00 pa=+0.00 | srch=0.07 | wall=2.68
R6[T2][EXPLORE   ]: L=+0.87 R=+1.00 | carry=0 | base=0.51 ba=-0.97 | site=0 sd=0.00 sa=+0.00 | phero=0 pd=0.00 pa=+0.00 | srch=0.38 | wall=1.64
R7[T2][EXPLORE   ]: L=+1.00 R=+0.94 | carry=0 | base=0.18 ba=+0.99 | site=0 sd=0.00 sa=+0.00 | phero=0 pd=0.00 pa=+0.00 | srch=0.16 | wall=2.63
R8[T2][SITE      ]: L=+1.00 R=+1.00 | carry=0 | base=0.09 ba=-0.92 | site=1 sd=0.32 sa=-0.00 | phero=0 pd=0.00 pa=+0.00 | srch=0.04 | wall=3.18
R9[T3][BASE_ESC  ]: L=+0.18 R=+1.00 | carry=0 | base=0.05 ba=-0.79 | site=1 sd=0.25 sa=+0.30 | phero=0 pd=0.00 pa=+0.00 | srch=0.02 | wall=3.34
R10[T3][RTB       ]: L=+1.00 R=+1.00 | carry=1 | base=0.07 ba=+0.00 | site=0 sd=0.00 sa=+0.00 | phero=0 pd=0.00 pa=+0.00 | srch=0.00 | wall=3.15
R11[T3][SITE      ]: L=+0.51 R=+0.52 | carry=0 | base=0.38 ba=+0.95 | site=1 sd=0.07 sa=-0.05 | phero=0 pd=0.00 pa=+0.00 | srch=0.33 | wall=1.74
R12[T3][SITE      ]: L=+0.84 R=+1.00 | carry=0 | base=0.55 ba=+0.85 | site=1 sd=0.04 sa=+0.36 | phero=0 pd=0.00 pa=+0.00 | srch=0.26 | wall=0.90
R13[T4][SITE      ]: L=+0.18 R=+1.00 | carry=0 | base=0.05 ba=-0.72 | site=1 sd=0.35 sa=+0.35 | phero=0 pd=0.00 pa=+0.00 | srch=0.02 | wall=3.25
R14[T4][EXPLORE   ]: L=+1.00 R=+1.00 | carry=0 | base=0.14 ba=+0.90 | site=0 sd=0.00 sa=+0.00 | phero=0 pd=0.00 pa=+0.00 | srch=0.08 | wall=2.81
R15[T4][BASE_ESC  ]: L=+1.00 R=+0.49 | carry=0 | base=0.05 ba=+0.89 | site=1 sd=0.25 sa=-0.30 | phero=0 pd=0.00 pa=+0.00 | srch=0.03 | wall=3.26
R16[T4][BASE_ESC  ]: L=+0.73 R=+1.00 | carry=0 | base=0.04 ba=-0.94 | site=1 sd=0.23 sa=+0.10 | phero=0 pd=0.00 pa=+0.00 | srch=0.04 | wall=3.32

[PICKUP] Robot 7 picked up tag (density=3) | Total: 48
[PICKUP] Robot 12 picked up tag (density=14) | Total: 49
[DEPOSIT] Robot 10 deposited! Total: 46
  [PHERO] Laid at (-0.11, -0.78) density=4 prob=0.82 total_entries=45
  [TARGET] Robot 10 → SITE (-0.11,-0.78)
[PICKUP] Robot 2 picked up tag (density=16) | Total: 50
[PICKUP] Robot 14 picked up tag (density=2) | Total: 51
[PICKUP] Robot 6 picked up tag (density=16) | Total: 52
[PICKUP] Robot 11 picked up tag (density=11) | Total: 53
[DEPOSIT] Robot 14 deposited! Total: 47
  [PHERO] Laid at (-0.13, -0.83) density=2 prob=0.42 total_entries=45
  [TARGET] Robot 14 → PHERO (-0.03,-0.86)
[DEPOSIT] Robot 7 deposited! Total: 48
  [TARGET] Robot 7 → SITE (-0.05,-0.91)
[DEPOSIT] Robot 4 deposited! Total: 49
  [PHERO] Laid at (-2.73, 1.11) density=16 prob=1.00 total_entries=46
  [TARGET] Robot 4 → SITE (-2.73,1.11)
[PICKUP] Robot 9 picked up tag (density=9) | Total: 54

======================================================================
Step 5000 (2.7 min) | Pickups: 54 | Deposits: 49 | Rate: 18.38 tags/min | phero_entries=45 phero_max=0.856
======================================================================
R1[T1][EXPLORE   ]: L=+1.00 R=+1.00 | carry=0 | base=0.66 ba=-0.87 | site=0 sd=0.00 sa=+0.00 | phero=0 pd=0.00 pa=+0.00 | srch=0.34 | wall=0.87
R2[T1][RTB       ]: L=+1.00 R=+1.00 | carry=1 | base=0.06 ba=-0.00 | site=0 sd=0.00 sa=+0.00 | phero=0 pd=0.00 pa=+0.00 | srch=0.00 | wall=3.19
R3[T1][SITE      ]: L=+0.64 R=+0.61 | carry=0 | base=0.15 ba=-0.91 | site=1 sd=0.13 sa=-0.03 | phero=0 pd=0.00 pa=+0.00 | srch=0.19 | wall=2.94
R4[T1][BASE_ESC  ]: L=+0.14 R=+1.00 | carry=0 | base=0.05 ba=-0.81 | site=1 sd=0.55 sa=+0.24 | phero=0 pd=0.00 pa=+0.00 | srch=0.02 | wall=3.30
R5[T2][EXPLORE   ]: L=+1.00 R=+1.00 | carry=0 | base=0.44 ba=+0.81 | site=0 sd=0.00 sa=+0.00 | phero=0 pd=0.00 pa=+0.00 | srch=0.20 | wall=1.64
R6[T2][RTB       ]: L=+1.00 R=+1.00 | carry=1 | base=0.32 ba=+0.00 | site=0 sd=0.00 sa=+0.00 | phero=0 pd=0.00 pa=+0.00 | srch=0.00 | wall=2.28
R7[T2][SITE      ]: L=+0.75 R=+0.73 | carry=0 | base=0.08 ba=+0.85 | site=1 sd=0.11 sa=-0.03 | phero=0 pd=0.00 pa=+0.00 | srch=0.05 | wall=3.14
R8[T2][SITE      ]: L=+0.53 R=+1.00 | carry=0 | base=0.42 ba=+0.57 | site=1 sd=0.02 sa=+0.42 | phero=0 pd=0.00 pa=+0.00 | srch=0.17 | wall=1.81
R9[T3][RTB       ]: L=+0.88 R=+1.00 | carry=1 | base=0.27 ba=+0.05 | site=0 sd=0.00 sa=+0.00 | phero=0 pd=0.00 pa=+0.00 | srch=0.00 | wall=2.31
R10[T3][EXPLORE   ]: L=+1.00 R=+1.00 | carry=0 | base=0.14 ba=-0.46 | site=0 sd=0.00 sa=+0.00 | phero=0 pd=0.00 pa=+0.00 | srch=0.12 | wall=2.92
R11[T3][RTB       ]: L=+1.00 R=+1.00 | carry=1 | base=0.18 ba=+0.00 | site=0 sd=0.00 sa=+0.00 | phero=0 pd=0.00 pa=+0.00 | srch=0.00 | wall=2.72
R12[T3][RTB       ]: L=+1.00 R=+1.00 | carry=1 | base=0.26 ba=+0.00 | site=0 sd=0.00 sa=+0.00 | phero=0 pd=0.00 pa=+0.00 | srch=0.00 | wall=2.29
R13[T4][SITE      ]: L=+1.00 R=+1.00 | carry=0 | base=0.42 ba=+0.98 | site=1 sd=0.14 sa=+0.59 | phero=0 pd=0.00 pa=+0.00 | srch=0.15 | wall=1.43
R14[T4][PHERO     ]: L=+1.00 R=+0.94 | carry=0 | base=0.11 ba=+0.98 | site=0 sd=0.00 sa=+0.00 | phero=1 pd=0.09 pa=-0.33 | srch=0.05 | wall=3.00
R15[T4][SITE      ]: L=+1.00 R=+1.00 | carry=0 | base=0.16 ba=+0.99 | site=1 sd=0.13 sa=+0.05 | phero=0 pd=0.00 pa=+0.00 | srch=0.15 | wall=2.85
R16[T4][EXPLORE   ]: L=+1.00 R=+1.00 | carry=0 | base=0.28 ba=+0.58 | site=0 sd=0.00 sa=+0.00 | phero=0 pd=0.00 pa=+0.00 | srch=0.16 | wall=2.39

[DEPOSIT] Robot 2 deposited! Total: 50
  [PHERO] Laid at (0.41, -2.06) density=16 prob=1.00 total_entries=46
  [TARGET] Robot 2 → SITE (0.41,-2.06)
[PICKUP] Robot 8 picked up tag (density=13) | Total: 55
[PICKUP] Robot 1 picked up tag (density=15) | Total: 56
[DEPOSIT] Robot 11 deposited! Total: 51
  [PHERO] Laid at (1.85, 0.80) density=11 prob=1.00 total_entries=47
  [TARGET] Robot 11 → SITE (1.85,0.80)
[PICKUP] Robot 15 picked up tag (density=8) | Total: 57
[PICKUP] Robot 3 picked up tag (density=1) | Total: 58
[PICKUP] Robot 16 picked up tag (density=10) | Total: 59
[DEPOSIT] Robot 12 deposited! Total: 52
  [PHERO] Laid at (2.64, 0.80) density=14 prob=1.00 total_entries=46
  [TARGET] Robot 12 → SITE (2.64,0.80)
[PICKUP] Robot 13 picked up tag (density=13) | Total: 60
[DEPOSIT] Robot 9 deposited! Total: 53
  [PHERO] Laid at (-1.27, 0.73) density=9 prob=1.00 total_entries=47
  [TARGET] Robot 9 → SITE (-1.27,0.73)
[PICKUP] Robot 10 picked up tag (density=7) | Total: 61
[DEPOSIT] Robot 6 deposited! Total: 54
  [PHERO] Laid at (-2.05, 1.86) density=16 prob=1.00 total_entries=48
  [TARGET] Robot 6 → SITE (-2.05,1.86)
[PICKUP] Robot 4 picked up tag (density=6) | Total: 62

======================================================================
Step 5500 (2.9 min) | Pickups: 62 | Deposits: 54 | Rate: 18.41 tags/min | phero_entries=48 phero_max=0.840
======================================================================
R1[T1][RTB       ]: L=+1.00 R=+1.00 | carry=1 | base=0.39 ba=-0.00 | site=0 sd=0.00 sa=+0.00 | phero=0 pd=0.00 pa=+0.00 | srch=0.00 | wall=2.01
R2[T1][SITE      ]: L=+0.95 R=+1.00 | carry=0 | base=0.32 ba=+0.87 | site=1 sd=0.13 sa=+0.10 | phero=0 pd=0.00 pa=+0.00 | srch=0.12 | wall=1.92
R3[T1][RTB       ]: L=+1.00 R=+1.00 | carry=1 | base=0.15 ba=-0.03 | site=0 sd=0.00 sa=+0.00 | phero=0 pd=0.00 pa=+0.00 | srch=0.00 | wall=2.81
R4[T1][RTB       ]: L=+0.51 R=+1.00 | carry=1 | base=0.30 ba=+0.20 | site=0 sd=0.00 sa=+0.00 | phero=0 pd=0.00 pa=+0.00 | srch=0.00 | wall=2.17
R5[T2][EXPLORE   ]: L=+1.00 R=+1.00 | carry=0 | base=0.63 ba=+0.10 | site=0 sd=0.00 sa=+0.00 | phero=0 pd=0.00 pa=+0.00 | srch=0.32 | wall=0.51
R6[T2][SITE      ]: L=+1.00 R=+0.56 | carry=0 | base=0.05 ba=+0.90 | site=1 sd=0.51 sa=-0.23 | phero=0 pd=0.00 pa=+0.00 | srch=0.03 | wall=3.27
R7[T2][EXPLORE   ]: L=+1.00 R=+1.00 | carry=0 | base=0.22 ba=+0.99 | site=0 sd=0.00 sa=+0.00 | phero=0 pd=0.00 pa=+0.00 | srch=0.17 | wall=2.43
R8[T2][RTB       ]: L=+0.93 R=+1.00 | carry=1 | base=0.10 ba=+0.03 | site=0 sd=0.00 sa=+0.00 | phero=0 pd=0.00 pa=+0.00 | srch=0.00 | wall=3.15
R9[T3][SITE      ]: L=+1.00 R=+0.95 | carry=0 | base=0.13 ba=+0.97 | site=1 sd=0.19 sa=-0.31 | phero=0 pd=0.00 pa=+0.00 | srch=0.05 | wall=2.85
R10[T3][RTB       ]: L=+1.00 R=+0.86 | carry=1 | base=0.28 ba=-0.05 | site=0 sd=0.00 sa=+0.00 | phero=0 pd=0.00 pa=+0.00 | srch=0.00 | wall=2.22
R11[T3][SITE      ]: L=+0.39 R=+0.38 | carry=0 | base=0.14 ba=-0.96 | site=1 sd=0.27 sa=+0.03 | phero=0 pd=0.00 pa=+0.00 | srch=0.08 | wall=2.87
R12[T3][SITE      ]: L=+1.00 R=+1.00 | carry=0 | base=0.12 ba=-0.93 | site=1 sd=0.43 sa=+0.06 | phero=0 pd=0.00 pa=+0.00 | srch=0.06 | wall=2.92
R13[T4][RTB       ]: L=+1.00 R=+1.00 | carry=1 | base=0.48 ba=+0.00 | site=0 sd=0.00 sa=+0.00 | phero=0 pd=0.00 pa=+0.00 | srch=0.00 | wall=1.25
R14[T4][EXPLORE   ]: L=+1.00 R=+1.00 | carry=0 | base=0.08 ba=+0.46 | site=0 sd=0.00 sa=+0.00 | phero=0 pd=0.00 pa=+0.00 | srch=0.17 | wall=3.19
R15[T4][RTB       ]: L=+1.00 R=+1.00 | carry=1 | base=0.14 ba=+0.00 | site=0 sd=0.00 sa=+0.00 | phero=0 pd=0.00 pa=+0.00 | srch=0.00 | wall=2.89
R16[T4][RTB       ]: L=+1.00 R=+1.00 | carry=1 | base=0.28 ba=-0.00 | site=0 sd=0.00 sa=+0.00 | phero=0 pd=0.00 pa=+0.00 | srch=0.00 | wall=2.28

[PICKUP] Robot 2 picked up tag (density=15) | Total: 63
[DEPOSIT] Robot 8 deposited! Total: 55
  [PHERO] Laid at (1.28, -1.66) density=13 prob=1.00 total_entries=49
  [TARGET] Robot 8 → SITE (1.28,-1.66)
[DEPOSIT] Robot 15 deposited! Total: 56
  [PHERO] Laid at (-1.28, 0.77) density=8 prob=1.00 total_entries=50
  [TARGET] Robot 15 → SITE (-1.28,0.77)
[DEPOSIT] Robot 3 deposited! Total: 57
  [TARGET] Robot 3 → SITE (1.21,0.67)
[PICKUP] Robot 7 picked up tag (density=14) | Total: 64
[DEPOSIT] Robot 16 deposited! Total: 58
  [PHERO] Laid at (1.71, 1.08) density=10 prob=1.00 total_entries=49
  [TARGET] Robot 16 → SITE (1.71,1.08)
[DEPOSIT] Robot 10 deposited! Total: 59
  [PHERO] Laid at (-1.42, 0.46) density=7 prob=0.99 total_entries=50
  [TARGET] Robot 10 → SITE (-1.42,0.46)
[DEPOSIT] Robot 4 deposited! Total: 60
  [PHERO] Laid at (-1.30, 0.76) density=6 prob=0.97 total_entries=51
  [TARGET] Robot 4 → SITE (-1.30,0.76)
[PICKUP] Robot 6 picked up tag (density=5) | Total: 65
[DEPOSIT] Robot 1 deposited! Total: 61
  [PHERO] Laid at (2.68, -2.02) density=15 prob=1.00 total_entries=50
  [TARGET] Robot 1 → SITE (2.68,-2.02)
[DEPOSIT] Robot 2 deposited! Total: 62
  [PHERO] Laid at (0.04, -1.66) density=15 prob=1.00 total_entries=48
  [TARGET] Robot 2 → SITE (0.04,-1.66)

======================================================================
Step 6000 (3.2 min) | Pickups: 65 | Deposits: 62 | Rate: 19.38 tags/min | phero_entries=48 phero_max=0.992
======================================================================
R1[T1][BASE_ESC  ]: L=+1.00 R=+0.00 | carry=0 | base=0.04 ba=+0.54 | site=1 sd=0.63 sa=-0.48 | phero=0 pd=0.00 pa=+0.00 | srch=0.01 | wall=3.32
R2[T1][BASE_ESC  ]: L=+1.00 R=+0.00 | carry=0 | base=0.05 ba=+0.09 | site=1 sd=0.29 sa=-0.94 | phero=0 pd=0.00 pa=+0.00 | srch=0.00 | wall=3.27
R3[T1][SITE      ]: L=+1.00 R=+1.00 | carry=0 | base=0.15 ba=+0.97 | site=1 sd=0.13 sa=-0.04 | phero=0 pd=0.00 pa=+0.00 | srch=0.09 | wall=2.85
R4[T1][SITE      ]: L=+1.00 R=+1.00 | carry=0 | base=0.07 ba=-0.92 | site=1 sd=0.24 sa=+0.17 | phero=0 pd=0.00 pa=+0.00 | srch=0.03 | wall=3.26
R5[T2][EXPLORE   ]: L=+1.00 R=+1.00 | carry=0 | base=0.38 ba=-0.62 | site=0 sd=0.00 sa=+0.00 | phero=0 pd=0.00 pa=+0.00 | srch=0.45 | wall=1.90
R6[T2][RTB       ]: L=+1.00 R=+0.46 | carry=1 | base=0.30 ba=-0.20 | site=0 sd=0.00 sa=+0.00 | phero=0 pd=0.00 pa=+0.00 | srch=0.00 | wall=2.18
R7[T2][RTB       ]: L=+1.00 R=+1.00 | carry=1 | base=0.20 ba=+0.00 | site=0 sd=0.00 sa=+0.00 | phero=0 pd=0.00 pa=+0.00 | srch=0.00 | wall=2.51
R8[T2][SITE      ]: L=+1.00 R=+1.00 | carry=0 | base=0.27 ba=-0.90 | site=1 sd=0.15 sa=+0.05 | phero=0 pd=0.00 pa=+0.00 | srch=0.11 | wall=2.47
R9[T3][EXPLORE   ]: L=+1.00 R=+1.00 | carry=0 | base=0.39 ba=-0.75 | site=0 sd=0.00 sa=+0.00 | phero=0 pd=0.00 pa=+0.00 | srch=0.18 | wall=2.00
R10[T3][SITE      ]: L=+1.00 R=+0.95 | carry=0 | base=0.10 ba=-0.90 | site=1 sd=0.21 sa=-0.06 | phero=0 pd=0.00 pa=+0.00 | srch=0.05 | wall=2.99
R11[T3][SITE      ]: L=+1.00 R=+1.00 | carry=0 | base=0.37 ba=+1.00 | site=1 sd=0.04 sa=-0.06 | phero=0 pd=0.00 pa=+0.00 | srch=0.21 | wall=1.84
R12[T3][SITE      ]: L=+1.00 R=+0.97 | carry=0 | base=0.49 ba=+0.95 | site=1 sd=0.07 sa=-0.02 | phero=0 pd=0.00 pa=+0.00 | srch=0.18 | wall=1.17
R13[T4][RTB       ]: L=+1.00 R=+0.99 | carry=1 | base=0.09 ba=-0.00 | site=0 sd=0.00 sa=+0.00 | phero=0 pd=0.00 pa=+0.00 | srch=0.00 | wall=3.08
R14[T4][EXPLORE   ]: L=+1.00 R=+1.00 | carry=0 | base=0.29 ba=-0.63 | site=0 sd=0.00 sa=+0.00 | phero=0 pd=0.00 pa=+0.00 | srch=0.30 | wall=2.13
R15[T4][SITE      ]: L=+0.69 R=+0.70 | carry=0 | base=0.18 ba=-0.97 | site=1 sd=0.12 sa=+0.04 | phero=0 pd=0.00 pa=+0.00 | srch=0.10 | wall=2.74
R16[T4][SITE      ]: L=+1.00 R=+1.00 | carry=0 | base=0.11 ba=+0.94 | site=1 sd=0.30 sa=+0.10 | phero=0 pd=0.00 pa=+0.00 | srch=0.05 | wall=2.95

[DEPOSIT] Robot 13 deposited! Total: 63
  [PHERO] Laid at (2.83, 0.75) density=13 prob=1.00 total_entries=49
  [TARGET] Robot 13 → SITE (2.83,0.75)
[GIVE-UP] R11 giving up after 974 steps
[GIVE-UP] R5 giving up after 1938 steps
[PICKUP] Robot 12 picked up tag (density=12) | Total: 66
[DEPOSIT] Robot 7 deposited! Total: 64
  [PHERO] Laid at (0.03, -1.77) density=14 prob=1.00 total_entries=49
  [TARGET] Robot 7 → SITE (0.03,-1.77)
[PICKUP] Robot 15 picked up tag (density=4) | Total: 67
[PICKUP] Robot 9 picked up tag (density=16) | Total: 68
[PICKUP] Robot 8 picked up tag (density=12) | Total: 69
[PICKUP] Robot 10 picked up tag (density=3) | Total: 70
[DEPOSIT] Robot 6 deposited! Total: 65
  [PHERO] Laid at (-1.36, 0.57) density=5 prob=0.92 total_entries=47
  [TARGET] Robot 6 → SITE (-1.36,0.57)
[PICKUP] Robot 16 picked up tag (density=9) | Total: 71
[PICKUP] Robot 3 picked up tag (density=8) | Total: 72
[PICKUP] Robot 4 picked up tag (density=2) | Total: 73

======================================================================
Step 6500 (3.5 min) | Pickups: 73 | Deposits: 65 | Rate: 18.75 tags/min | phero_entries=46 phero_max=0.756
======================================================================
R1[T1][SITE      ]: L=+1.00 R=+1.00 | carry=0 | base=0.38 ba=-0.90 | site=1 sd=0.32 sa=-0.04 | phero=0 pd=0.00 pa=+0.00 | srch=0.14 | wall=1.81
R2[T1][SITE      ]: L=+1.00 R=+1.00 | carry=0 | base=0.31 ba=-0.84 | site=1 sd=0.04 sa=-0.11 | phero=0 pd=0.00 pa=+0.00 | srch=0.13 | wall=1.98
R3[T1][RTB       ]: L=+1.00 R=+0.01 | carry=1 | base=0.45 ba=-0.38 | site=0 sd=0.00 sa=+0.00 | phero=0 pd=0.00 pa=+0.00 | srch=0.00 | wall=1.44
R4[T1][RTB       ]: L=+0.00 R=+1.00 | carry=1 | base=0.32 ba=+0.46 | site=0 sd=0.00 sa=+0.00 | phero=0 pd=0.00 pa=+0.00 | srch=0.00 | wall=2.12
R5[T2][GIVE_UP   ]: L=+1.00 R=+1.00 | carry=0 | base=0.23 ba=-0.00 | site=0 sd=0.00 sa=+0.00 | phero=0 pd=0.00 pa=+0.00 | srch=0.57 | wall=2.64
R6[T2][SITE      ]: L=+0.97 R=+1.00 | carry=0 | base=0.10 ba=-0.99 | site=1 sd=0.21 sa=+0.20 | phero=0 pd=0.00 pa=+0.00 | srch=0.04 | wall=3.15
R7[T2][SITE      ]: L=+0.25 R=+0.25 | carry=0 | base=0.07 ba=-0.94 | site=1 sd=0.29 sa=-0.04 | phero=0 pd=0.00 pa=+0.00 | srch=0.08 | wall=3.16
R8[T2][RTB       ]: L=+1.00 R=+1.00 | carry=1 | base=0.31 ba=+0.00 | site=0 sd=0.00 sa=+0.00 | phero=0 pd=0.00 pa=+0.00 | srch=0.00 | wall=2.31
R9[T3][RTB       ]: L=+1.00 R=+1.00 | carry=1 | base=0.43 ba=-0.00 | site=0 sd=0.00 sa=+0.00 | phero=0 pd=0.00 pa=+0.00 | srch=0.00 | wall=1.59
R10[T3][RTB       ]: L=+1.00 R=+1.00 | carry=1 | base=0.24 ba=-0.00 | site=0 sd=0.00 sa=+0.00 | phero=0 pd=0.00 pa=+0.00 | srch=0.00 | wall=2.39
R11[T3][GIVE_UP   ]: L=+1.00 R=+1.00 | carry=0 | base=0.26 ba=-0.00 | site=0 sd=0.00 sa=+0.00 | phero=0 pd=0.00 pa=+0.00 | srch=0.33 | wall=2.28
R12[T3][RTB       ]: L=+1.00 R=+1.00 | carry=1 | base=0.40 ba=+0.00 | site=0 sd=0.00 sa=+0.00 | phero=0 pd=0.00 pa=+0.00 | srch=0.00 | wall=1.64
R13[T4][SITE      ]: L=+1.00 R=+1.00 | carry=0 | base=0.31 ba=+1.00 | site=1 sd=0.34 sa=+0.27 | phero=0 pd=0.00 pa=+0.00 | srch=0.11 | wall=1.99
R14[T4][EXPLORE   ]: L=+1.00 R=+1.00 | carry=0 | base=0.57 ba=-0.85 | site=0 sd=0.00 sa=+0.00 | phero=0 pd=0.00 pa=+0.00 | srch=0.42 | wall=0.95
R15[T4][RTB       ]: L=+1.00 R=+1.00 | carry=1 | base=0.24 ba=+0.00 | site=0 sd=0.00 sa=+0.00 | phero=0 pd=0.00 pa=+0.00 | srch=0.00 | wall=2.48
R16[T4][RTB       ]: L=+0.65 R=+1.00 | carry=1 | base=0.40 ba=+0.14 | site=0 sd=0.00 sa=+0.00 | phero=0 pd=0.00 pa=+0.00 | srch=0.00 | wall=1.78

[EMPTY_RTN] R5 → phero(-1.30,0.76)
[DEPOSIT] Robot 15 deposited! Total: 66
  [PHERO] Laid at (-1.29, 0.78) density=4 prob=0.82 total_entries=47
  [TARGET] Robot 15 → SITE (-1.29,0.78)
[DEPOSIT] Robot 10 deposited! Total: 67
  [PHERO] Laid at (-1.50, 0.54) density=3 prob=0.65 total_entries=48
  [TARGET] Robot 10 → SITE (-1.50,0.54)
[EMPTY_RTN] R11 → phero(0.03,-1.77)
[PICKUP] Robot 14 picked up tag (density=14) | Total: 74
[DEPOSIT] Robot 8 deposited! Total: 68
  [PHERO] Laid at (1.35, -1.74) density=12 prob=1.00 total_entries=47
  [TARGET] Robot 8 → SITE (1.35,-1.74)
[DEPOSIT] Robot 4 deposited! Total: 69
  [PHERO] Laid at (-1.36, 0.77) density=2 prob=0.42 total_entries=47
  [TARGET] Robot 4 → SITE (-1.36,0.77)
[DEPOSIT] Robot 12 deposited! Total: 70
  [PHERO] Laid at (2.72, 0.83) density=12 prob=1.00 total_entries=48
  [TARGET] Robot 12 → SITE (2.72,0.83)
[DEPOSIT] Robot 16 deposited! Total: 71
  [PHERO] Laid at (1.80, 0.91) density=9 prob=1.00 total_entries=49
  [TARGET] Robot 16 → SITE (1.80,0.91)
[PICKUP] Robot 1 picked up tag (density=13) | Total: 75
[DEPOSIT] Robot 9 deposited! Total: 72
  [PHERO] Laid at (-1.32, 2.37) density=16 prob=1.00 total_entries=50
  [TARGET] Robot 9 → SITE (-1.32,2.37)

======================================================================
Step 7000 (3.7 min) | Pickups: 75 | Deposits: 72 | Rate: 19.29 tags/min | phero_entries=50 phero_max=0.987
======================================================================
R1[T1][RTB       ]: L=+1.00 R=+0.23 | carry=1 | base=0.69 ba=-0.30 | site=0 sd=0.00 sa=+0.00 | phero=0 pd=0.00 pa=+0.00 | srch=0.00 | wall=0.86
R2[T1][EXPLORE   ]: L=+1.00 R=+1.00 | carry=0 | base=0.61 ba=-0.81 | site=0 sd=0.00 sa=+0.00 | phero=0 pd=0.00 pa=+0.00 | srch=0.25 | wall=0.75
R3[T1][RTB       ]: L=+1.00 R=+1.00 | carry=1 | base=0.09 ba=-0.00 | site=0 sd=0.00 sa=+0.00 | phero=0 pd=0.00 pa=+0.00 | srch=0.00 | wall=3.08
R4[T1][BASE_ESC  ]: L=+1.00 R=+0.44 | carry=0 | base=0.05 ba=+0.88 | site=1 sd=0.27 sa=-0.24 | phero=0 pd=0.00 pa=+0.00 | srch=0.03 | wall=3.26
R5[T2][PHERO     ]: L=+0.91 R=+1.00 | carry=0 | base=0.13 ba=+0.86 | site=0 sd=0.00 sa=+0.00 | phero=1 pd=0.33 pa=+0.49 | srch=0.07 | wall=2.93
R6[T2][EXPLORE   ]: L=+1.00 R=+1.00 | carry=0 | base=0.31 ba=+0.56 | site=0 sd=0.00 sa=+0.00 | phero=0 pd=0.00 pa=+0.00 | srch=0.17 | wall=1.99
R7[T2][SITE      ]: L=+0.10 R=-0.85 | carry=0 | base=0.05 ba=-0.74 | site=1 sd=0.31 sa=+0.11 | phero=0 pd=0.00 pa=+0.00 | srch=0.20 | wall=3.27
R8[T2][SITE      ]: L=+1.00 R=+0.99 | carry=0 | base=0.08 ba=-0.92 | site=1 sd=0.37 sa=-0.01 | phero=0 pd=0.00 pa=+0.00 | srch=0.04 | wall=3.20
R9[T3][BASE_ESC  ]: L=+0.00 R=+1.00 | carry=0 | base=0.05 ba=-0.17 | site=1 sd=0.50 sa=+0.85 | phero=0 pd=0.00 pa=+0.00 | srch=0.00 | wall=3.29
R10[T3][SITE      ]: L=+0.43 R=+0.44 | carry=0 | base=0.07 ba=-0.98 | site=1 sd=0.26 sa=-0.07 | phero=0 pd=0.00 pa=+0.00 | srch=0.06 | wall=3.17
R11[T3][PHERO     ]: L=+0.07 R=+0.13 | carry=0 | base=0.06 ba=-0.64 | site=0 sd=0.00 sa=+0.00 | phero=1 pd=0.33 pa=-0.03 | srch=0.06 | wall=3.25
R12[T3][BASE_ESC  ]: L=+0.00 R=+1.00 | carry=0 | base=0.04 ba=-0.43 | site=1 sd=0.53 sa=+0.59 | phero=0 pd=0.00 pa=+0.00 | srch=0.01 | wall=3.28
R13[T4][WALL_ESC  ]: L=+0.00 R=+1.00 | carry=0 | base=0.65 ba=+0.44 | site=1 sd=0.25 sa=+0.08 | phero=0 pd=0.00 pa=+0.00 | srch=0.24 | wall=0.32
R14[T4][RTB       ]: L=+1.00 R=+1.00 | carry=1 | base=0.65 ba=-0.00 | site=0 sd=0.00 sa=+0.00 | phero=0 pd=0.00 pa=+0.00 | srch=0.00 | wall=0.87
R15[T4][SITE      ]: L=+1.00 R=+1.00 | carry=0 | base=0.10 ba=+0.95 | site=1 sd=0.21 sa=+0.01 | phero=0 pd=0.00 pa=+0.00 | srch=0.06 | wall=3.13
R16[T4][BASE_ESC  ]: L=+1.00 R=+0.00 | carry=0 | base=0.04 ba=+0.39 | site=1 sd=0.36 sa=-0.69 | phero=0 pd=0.00 pa=+0.00 | srch=0.01 | wall=3.33

[DEPOSIT] Robot 3 deposited! Total: 73
  [PHERO] Laid at (2.02, 0.87) density=8 prob=1.00 total_entries=50
  [TARGET] Robot 3 → SITE (2.02,0.87)
[PICKUP] Robot 5 picked up tag (density=16) | Total: 76
[PICKUP] Robot 4 picked up tag (density=1) | Total: 77

======================================================================
Step 7500 (4.0 min) | Pickups: 77 | Deposits: 73 | Rate: 18.25 tags/min | phero_entries=45 phero_max=0.488
======================================================================
R1[T1][RTB       ]: L=+1.00 R=+1.00 | carry=1 | base=0.32 ba=-0.00 | site=0 sd=0.00 sa=+0.00 | phero=0 pd=0.00 pa=+0.00 | srch=0.00 | wall=2.30
R2[T1][EXPLORE   ]: L=+1.00 R=+1.00 | carry=0 | base=0.73 ba=-0.51 | site=0 sd=0.00 sa=+0.00 | phero=0 pd=0.00 pa=+0.00 | srch=0.38 | wall=0.90
R3[T1][SITE      ]: L=+0.86 R=+0.82 | carry=0 | base=0.28 ba=+0.94 | site=1 sd=0.16 sa=-0.09 | phero=0 pd=0.00 pa=+0.00 | srch=0.11 | wall=2.24
R4[T1][RTB       ]: L=+0.19 R=+1.00 | carry=1 | base=0.32 ba=+0.30 | site=0 sd=0.00 sa=+0.00 | phero=0 pd=0.00 pa=+0.00 | srch=0.00 | wall=2.11
R5[T2][RTB       ]: L=+1.00 R=+1.00 | carry=1 | base=0.19 ba=+0.00 | site=0 sd=0.00 sa=+0.00 | phero=0 pd=0.00 pa=+0.00 | srch=0.00 | wall=2.55
R6[T2][EXPLORE   ]: L=+1.00 R=+1.00 | carry=0 | base=0.54 ba=+0.81 | site=0 sd=0.00 sa=+0.00 | phero=0 pd=0.00 pa=+0.00 | srch=0.29 | wall=1.41
R7[T2][SITE      ]: L=+1.00 R=+1.00 | carry=0 | base=0.17 ba=+1.00 | site=1 sd=0.19 sa=-0.00 | phero=0 pd=0.00 pa=+0.00 | srch=0.33 | wall=2.66
R8[T2][EXPLORE   ]: L=+1.00 R=+1.00 | carry=0 | base=0.45 ba=+0.87 | site=0 sd=0.00 sa=+0.00 | phero=0 pd=0.00 pa=+0.00 | srch=0.17 | wall=1.73
R9[T3][SITE      ]: L=+1.00 R=+1.00 | carry=0 | base=0.35 ba=+0.99 | site=1 sd=0.22 sa=+0.17 | phero=0 pd=0.00 pa=+0.00 | srch=0.13 | wall=1.85
R10[T3][EXPLORE   ]: L=+1.00 R=+1.00 | carry=0 | base=0.34 ba=-0.54 | site=0 sd=0.00 sa=+0.00 | phero=0 pd=0.00 pa=+0.00 | srch=0.19 | wall=2.04
R11[T3][PHERO     ]: L=+0.45 R=+0.47 | carry=0 | base=0.22 ba=-0.87 | site=0 sd=0.00 sa=+0.00 | phero=1 pd=0.13 pa=+0.12 | srch=0.18 | wall=2.39
R12[T3][SITE      ]: L=+1.00 R=+1.00 | carry=0 | base=0.38 ba=+0.97 | site=1 sd=0.21 sa=+0.14 | phero=0 pd=0.00 pa=+0.00 | srch=0.14 | wall=1.63
R13[T4][SITE      ]: L=+1.00 R=+0.77 | carry=0 | base=0.57 ba=+0.97 | site=1 sd=0.03 sa=-0.28 | phero=0 pd=0.00 pa=+0.00 | srch=0.36 | wall=0.79
R14[T4][RTB       ]: L=+1.00 R=+1.00 | carry=1 | base=0.26 ba=-0.00 | site=0 sd=0.00 sa=+0.00 | phero=0 pd=0.00 pa=+0.00 | srch=0.00 | wall=2.45
R15[T4][EXPLORE   ]: L=+1.00 R=+0.81 | carry=0 | base=0.33 ba=-0.22 | site=0 sd=0.00 sa=+0.00 | phero=0 pd=0.00 pa=+0.00 | srch=0.19 | wall=2.31
R16[T4][SITE      ]: L=+0.94 R=+1.00 | carry=0 | base=0.35 ba=-0.91 | site=1 sd=0.10 sa=+0.41 | phero=0 pd=0.00 pa=+0.00 | srch=0.14 | wall=1.84

[PICKUP] Robot 13 picked up tag (density=11) | Total: 78
[PICKUP] Robot 16 picked up tag (density=7) | Total: 79
[DEPOSIT] Robot 5 deposited! Total: 74
  [PHERO] Laid at (0.30, 1.50) density=16 prob=1.00 total_entries=42
  [TARGET] Robot 5 → SITE (0.30,1.50)
[PICKUP] Robot 7 picked up tag (density=13) | Total: 80
[DEPOSIT] Robot 14 deposited! Total: 75
  [PHERO] Laid at (3.09, -2.05) density=14 prob=1.00 total_entries=40
  [TARGET] Robot 14 → SITE (3.09,-2.05)
[PICKUP] Robot 12 picked up tag (density=10) | Total: 81
[DEPOSIT] Robot 1 deposited! Total: 76
  [PHERO] Laid at (2.66, -2.13) density=13 prob=1.00 total_entries=39
  [TARGET] Robot 1 → SITE (2.66,-2.13)
[DEPOSIT] Robot 4 deposited! Total: 77
  [TARGET] Robot 4 → PHERO (2.72,0.83)
[PICKUP] Robot 9 picked up tag (density=15) | Total: 82
[PICKUP] Robot 11 picked up tag (density=12) | Total: 83

======================================================================
Step 8000 (4.3 min) | Pickups: 83 | Deposits: 77 | Rate: 18.05 tags/min | phero_entries=38 phero_max=0.793
======================================================================
R1[T1][SITE      ]: L=+1.00 R=+1.00 | carry=0 | base=0.08 ba=+0.97 | site=1 sd=0.62 sa=-0.16 | phero=0 pd=0.00 pa=+0.00 | srch=0.04 | wall=3.14
R2[T1][EXPLORE   ]: L=+1.00 R=+1.00 | carry=0 | base=0.61 ba=-0.39 | site=0 sd=0.00 sa=+0.00 | phero=0 pd=0.00 pa=+0.00 | srch=0.50 | wall=0.67
R3[T1][SITE      ]: L=+1.00 R=+0.27 | carry=0 | base=0.44 ba=-0.52 | site=1 sd=0.01 sa=+0.05 | phero=0 pd=0.00 pa=+0.00 | srch=0.24 | wall=1.52
R4[T1][PHERO     ]: L=+1.00 R=-1.00 | carry=0 | base=0.05 ba=-0.97 | site=0 sd=0.00 sa=+0.00 | phero=1 pd=0.62 pa=-0.82 | srch=0.03 | wall=3.25
R5[T2][SITE      ]: L=+1.00 R=+0.77 | carry=0 | base=0.20 ba=-0.89 | site=1 sd=0.17 sa=-0.27 | phero=0 pd=0.00 pa=+0.00 | srch=0.08 | wall=2.56
R6[T2][WALL_ESC  ]: L=+0.22 R=+1.00 | carry=0 | base=0.82 ba=+0.19 | site=0 sd=0.00 sa=+0.00 | phero=0 pd=0.00 pa=+0.00 | srch=0.42 | wall=0.32
R7[T2][RTB       ]: L=+1.00 R=+1.00 | carry=1 | base=0.25 ba=-0.00 | site=0 sd=0.00 sa=+0.00 | phero=0 pd=0.00 pa=+0.00 | srch=0.00 | wall=2.25
R8[T2][EXPLORE   ]: L=+1.00 R=+1.00 | carry=0 | base=0.82 ba=+0.93 | site=0 sd=0.00 sa=+0.00 | phero=0 pd=0.00 pa=+0.00 | srch=0.29 | wall=0.47
R9[T3][RTB       ]: L=+0.97 R=+1.00 | carry=1 | base=0.56 ba=+0.01 | site=0 sd=0.00 sa=+0.00 | phero=0 pd=0.00 pa=+0.00 | srch=0.00 | wall=1.02
R10[T3][EXPLORE   ]: L=+1.00 R=+1.00 | carry=0 | base=0.54 ba=-0.79 | site=0 sd=0.00 sa=+0.00 | phero=0 pd=0.00 pa=+0.00 | srch=0.31 | wall=0.93
R11[T3][RTB       ]: L=+0.79 R=+1.00 | carry=1 | base=0.34 ba=+0.08 | site=0 sd=0.00 sa=+0.00 | phero=0 pd=0.00 pa=+0.00 | srch=0.00 | wall=1.81
R12[T3][RTB       ]: L=+1.00 R=+1.00 | carry=1 | base=0.50 ba=+0.00 | site=0 sd=0.00 sa=+0.00 | phero=0 pd=0.00 pa=+0.00 | srch=0.00 | wall=1.18
R13[T4][RTB       ]: L=+1.00 R=+1.00 | carry=1 | base=0.31 ba=-0.00 | site=0 sd=0.00 sa=+0.00 | phero=0 pd=0.00 pa=+0.00 | srch=0.00 | wall=2.04
R14[T4][SITE      ]: L=+1.00 R=+1.00 | carry=0 | base=0.13 ba=+0.98 | site=1 sd=0.62 sa=+0.11 | phero=0 pd=0.00 pa=+0.00 | srch=0.06 | wall=2.97
R15[T4][EXPLORE   ]: L=+0.78 R=+1.00 | carry=0 | base=0.36 ba=+0.63 | site=0 sd=0.00 sa=+0.00 | phero=0 pd=0.00 pa=+0.00 | srch=0.31 | wall=1.82
R16[T4][RTB       ]: L=+1.00 R=+1.00 | carry=1 | base=0.21 ba=+0.00 | site=0 sd=0.00 sa=+0.00 | phero=0 pd=0.00 pa=+0.00 | srch=0.00 | wall=2.60

[GIVE-UP] R15 giving up after 1345 steps
[GIVE-UP] R2 giving up after 2115 steps
[PICKUP] Robot 5 picked up tag (density=15) | Total: 84
[DEPOSIT] Robot 16 deposited! Total: 78
  [PHERO] Laid at (1.88, 0.91) density=7 prob=0.99 total_entries=38
  [TARGET] Robot 16 → SITE (1.88,0.91)
[PICKUP] Robot 8 picked up tag (density=12) | Total: 85
[DEPOSIT] Robot 7 deposited! Total: 79
  [PHERO] Laid at (0.07, -1.74) density=13 prob=1.00 total_entries=38
  [TARGET] Robot 7 → SITE (0.07,-1.74)
[PICKUP] Robot 14 picked up tag (density=11) | Total: 86
[DEPOSIT] Robot 13 deposited! Total: 80
  [PHERO] Laid at (2.78, 0.83) density=11 prob=1.00 total_entries=39
  [TARGET] Robot 13 → SITE (2.78,0.83)
[DEPOSIT] Robot 11 deposited! Total: 81
  [PHERO] Laid at (0.10, -1.79) density=12 prob=1.00 total_entries=40
  [TARGET] Robot 11 → SITE (0.10,-1.79)
[PICKUP] Robot 6 picked up tag (density=16) | Total: 87
[EMPTY_RTN] R15 → phero(0.07,-1.74)

======================================================================
Step 8500 (4.5 min) | Pickups: 87 | Deposits: 81 | Rate: 17.87 tags/min | phero_entries=40 phero_max=0.825
======================================================================
R1[T1][SITE      ]: L=+0.82 R=+0.83 | carry=0 | base=0.42 ba=-0.84 | site=1 sd=0.28 sa=+0.04 | phero=0 pd=0.00 pa=+0.00 | srch=0.16 | wall=1.70
R2[T1][GIVE_UP   ]: L=+1.00 R=+1.00 | carry=0 | base=0.32 ba=-0.00 | site=0 sd=0.00 sa=+0.00 | phero=0 pd=0.00 pa=+0.00 | srch=0.63 | wall=1.96
R3[T1][EXPLORE   ]: L=+1.00 R=+1.00 | carry=0 | base=0.42 ba=-0.61 | site=0 sd=0.00 sa=+0.00 | phero=0 pd=0.00 pa=+0.00 | srch=0.36 | wall=1.63
R4[T1][PHERO     ]: L=+1.00 R=+1.00 | carry=0 | base=0.09 ba=-0.81 | site=0 sd=0.00 sa=+0.00 | phero=1 pd=0.50 pa=-0.02 | srch=0.16 | wall=3.15
R5[T2][RTB       ]: L=+1.00 R=+1.00 | carry=1 | base=0.08 ba=-0.00 | site=0 sd=0.00 sa=+0.00 | phero=0 pd=0.00 pa=+0.00 | srch=0.00 | wall=3.08
R6[T2][RTB       ]: L=+1.00 R=+1.00 | carry=1 | base=0.45 ba=+0.00 | site=0 sd=0.00 sa=+0.00 | phero=0 pd=0.00 pa=+0.00 | srch=0.00 | wall=1.67
R7[T2][SITE      ]: L=+0.60 R=+0.59 | carry=0 | base=0.10 ba=+0.91 | site=1 sd=0.26 sa=-0.09 | phero=0 pd=0.00 pa=+0.00 | srch=0.06 | wall=3.03
R8[T2][RTB       ]: L=+1.00 R=+1.00 | carry=1 | base=0.58 ba=+0.00 | site=0 sd=0.00 sa=+0.00 | phero=0 pd=0.00 pa=+0.00 | srch=0.00 | wall=1.30
R9[T3][RTB       ]: L=+1.00 R=+1.00 | carry=1 | base=0.17 ba=+0.00 | site=0 sd=0.00 sa=+0.00 | phero=0 pd=0.00 pa=+0.00 | srch=0.00 | wall=2.74
R10[T3][EXPLORE   ]: L=+1.00 R=+1.00 | carry=0 | base=0.47 ba=-0.15 | site=0 sd=0.00 sa=+0.00 | phero=0 pd=0.00 pa=+0.00 | srch=0.44 | wall=1.16
R11[T3][SITE      ]: L=+1.00 R=+0.17 | carry=0 | base=0.05 ba=+0.94 | site=1 sd=0.31 sa=-0.18 | phero=0 pd=0.00 pa=+0.00 | srch=0.03 | wall=3.26
R12[T3][RTB       ]: L=+1.00 R=+1.00 | carry=1 | base=0.12 ba=+0.00 | site=0 sd=0.00 sa=+0.00 | phero=0 pd=0.00 pa=+0.00 | srch=0.00 | wall=2.94
R13[T4][SITE      ]: L=+1.00 R=+1.00 | carry=0 | base=0.09 ba=+1.00 | site=1 sd=0.50 sa=+0.11 | phero=0 pd=0.00 pa=+0.00 | srch=0.04 | wall=3.04
R14[T4][RTB       ]: L=+0.99 R=+1.00 | carry=1 | base=0.32 ba=+0.00 | site=0 sd=0.00 sa=+0.00 | phero=0 pd=0.00 pa=+0.00 | srch=0.00 | wall=2.37
R15[T4][BASE_ESC  ]: L=+1.00 R=+0.00 | carry=0 | base=0.05 ba=+0.19 | site=0 sd=0.00 sa=+0.00 | phero=1 pd=0.39 pa=+0.05 | srch=0.00 | wall=3.30
R16[T4][SITE      ]: L=+1.00 R=+0.97 | carry=0 | base=0.19 ba=-0.89 | site=1 sd=0.24 sa=+0.01 | phero=0 pd=0.00 pa=+0.00 | srch=0.07 | wall=2.75

[DEPOSIT] Robot 5 deposited! Total: 82
  [PHERO] Laid at (-0.07, 1.44) density=15 prob=1.00 total_entries=39
  [TARGET] Robot 5 → SITE (-0.07,1.44)
[GIVE-UP] R3 giving up after 1508 steps
[DEPOSIT] Robot 12 deposited! Total: 83
  [PHERO] Laid at (2.74, 0.86) density=10 prob=1.00 total_entries=39
  [TARGET] Robot 12 → SITE (2.74,0.86)
[PICKUP] Robot 10 picked up tag (density=14) | Total: 88
[DEPOSIT] Robot 9 deposited! Total: 84
  [PHERO] Laid at (-1.25, 2.72) density=15 prob=1.00 total_entries=39
  [TARGET] Robot 9 → SITE (-1.25,2.72)
[EMPTY_RTN] R2 → phero(2.74,0.86)
[DEPOSIT] Robot 14 deposited! Total: 85
  [PHERO] Laid at (1.23, -1.40) density=11 prob=1.00 total_entries=36
  [TARGET] Robot 14 → SITE (1.23,-1.40)
[PICKUP] Robot 16 picked up tag (density=6) | Total: 89
[PICKUP] Robot 1 picked up tag (density=11) | Total: 90

======================================================================
Step 9000 (4.8 min) | Pickups: 90 | Deposits: 85 | Rate: 17.71 tags/min | phero_entries=36 phero_max=0.789
======================================================================
R1[T1][RTB       ]: L=+0.00 R=+1.00 | carry=1 | base=0.70 ba=+0.70 | site=0 sd=0.00 sa=+0.00 | phero=0 pd=0.00 pa=+0.00 | srch=0.00 | wall=0.79
R2[T1][BASE_ESC  ]: L=+1.00 R=+0.00 | carry=0 | base=0.05 ba=+0.63 | site=0 sd=0.00 sa=+0.00 | phero=1 pd=0.62 pa=+0.46 | srch=0.04 | wall=3.32
R3[T1][GIVE_UP   ]: L=+1.00 R=+1.00 | carry=0 | base=0.14 ba=-0.00 | site=0 sd=0.00 sa=+0.00 | phero=0 pd=0.00 pa=+0.00 | srch=0.49 | wall=2.91
R4[T1][PHERO     ]: L=+0.45 R=+0.46 | carry=0 | base=0.41 ba=-0.94 | site=0 sd=0.00 sa=+0.00 | phero=1 pd=0.17 pa=-0.02 | srch=0.28 | wall=1.59
R5[T2][SITE      ]: L=+0.92 R=+1.00 | carry=0 | base=0.30 ba=+0.81 | site=1 sd=0.13 sa=+0.41 | phero=0 pd=0.00 pa=+0.00 | srch=0.11 | wall=2.10
R6[T2][RTB       ]: L=+1.00 R=+1.00 | carry=1 | base=0.06 ba=-0.01 | site=0 sd=0.00 sa=+0.00 | phero=0 pd=0.00 pa=+0.00 | srch=0.00 | wall=3.25
R7[T2][SITE      ]: L=-0.33 R=-0.36 | carry=0 | base=0.17 ba=-0.97 | site=1 sd=0.18 sa=-0.01 | phero=0 pd=0.00 pa=+0.00 | srch=0.18 | wall=2.64
R8[T2][RTB       ]: L=+1.00 R=+1.00 | carry=1 | base=0.19 ba=+0.00 | site=0 sd=0.00 sa=+0.00 | phero=0 pd=0.00 pa=+0.00 | srch=0.00 | wall=2.76
R9[T3][SITE      ]: L=+1.00 R=+1.00 | carry=0 | base=0.23 ba=+0.98 | site=1 sd=0.42 sa=-0.27 | phero=0 pd=0.00 pa=+0.00 | srch=0.09 | wall=2.59
R10[T3][RTB       ]: L=+1.00 R=+1.00 | carry=1 | base=0.10 ba=-0.00 | site=0 sd=0.00 sa=+0.00 | phero=0 pd=0.00 pa=+0.00 | srch=0.00 | wall=3.01
R11[T3][SITE      ]: L=+0.44 R=+0.36 | carry=0 | base=0.16 ba=-0.95 | site=1 sd=0.20 sa=-0.01 | phero=0 pd=0.00 pa=+0.00 | srch=0.16 | wall=2.71
R12[T3][SITE      ]: L=+1.00 R=+1.00 | carry=0 | base=0.27 ba=-0.95 | site=1 sd=0.31 sa=+0.07 | phero=0 pd=0.00 pa=+0.00 | srch=0.10 | wall=2.22
R13[T4][SITE      ]: L=+0.93 R=+1.00 | carry=0 | base=0.48 ba=+0.90 | site=1 sd=0.18 sa=+0.24 | phero=0 pd=0.00 pa=+0.00 | srch=0.17 | wall=1.14
R14[T4][SITE      ]: L=+1.00 R=+0.97 | carry=0 | base=0.08 ba=+0.93 | site=1 sd=0.31 sa=-0.24 | phero=0 pd=0.00 pa=+0.00 | srch=0.04 | wall=3.15
R15[T4][PHERO     ]: L=+0.33 R=+0.32 | carry=0 | base=0.06 ba=+0.66 | site=0 sd=0.00 sa=+0.00 | phero=1 pd=0.31 pa=-0.02 | srch=0.13 | wall=3.27
R16[T4][RTB       ]: L=+0.95 R=+1.00 | carry=1 | base=0.38 ba=+0.02 | site=0 sd=0.00 sa=+0.00 | phero=0 pd=0.00 pa=+0.00 | srch=0.00 | wall=1.86

[DEPOSIT] Robot 6 deposited! Total: 86
  [PHERO] Laid at (-1.48, -2.16) density=16 prob=1.00 total_entries=37
  [TARGET] Robot 6 → SITE (-1.48,-2.16)
[DEPOSIT] Robot 10 deposited! Total: 87
  [PHERO] Laid at (0.17, 1.97) density=14 prob=1.00 total_entries=38
  [TARGET] Robot 10 → SITE (0.17,1.97)
[PICKUP] Robot 5 picked up tag (density=13) | Total: 91
[EMPTY_RTN] R3 → phero(-0.07,1.44)
[DEPOSIT] Robot 8 deposited! Total: 88
  [PHERO] Laid at (2.95, -2.50) density=12 prob=1.00 total_entries=38
  [TARGET] Robot 8 → SITE (2.95,-2.50)
[PICKUP] Robot 13 picked up tag (density=9) | Total: 92
[DEPOSIT] Robot 16 deposited! Total: 89
  [PHERO] Laid at (1.84, 0.96) density=6 prob=0.97 total_entries=37
  [TARGET] Robot 16 → SITE (1.84,0.96)
[PICKUP] Robot 12 picked up tag (density=8) | Total: 93
[PICKUP] Robot 11 picked up tag (density=11) | Total: 94

======================================================================
Step 9500 (5.1 min) | Pickups: 94 | Deposits: 89 | Rate: 17.57 tags/min | phero_entries=36 phero_max=0.890
======================================================================
R1[T1][RTB       ]: L=+1.00 R=+1.00 | carry=1 | base=0.38 ba=+0.00 | site=0 sd=0.00 sa=+0.00 | phero=0 pd=0.00 pa=+0.00 | srch=0.00 | wall=2.00
R2[T1][BASE_ESC  ]: L=+0.00 R=+1.00 | carry=0 | base=0.05 ba=-0.58 | site=0 sd=0.00 sa=+0.00 | phero=1 pd=0.62 pa=-0.67 | srch=0.16 | wall=3.31
R3[T1][PHERO     ]: L=+1.00 R=+1.00 | carry=0 | base=0.14 ba=+0.82 | site=0 sd=0.00 sa=+0.00 | phero=1 pd=0.25 pa=+0.32 | srch=0.09 | wall=2.92
R4[T1][EXPLORE   ]: L=+1.00 R=+1.00 | carry=0 | base=0.62 ba=-0.92 | site=0 sd=0.00 sa=+0.00 | phero=0 pd=0.00 pa=+0.00 | srch=0.41 | wall=0.58
R5[T2][RTB       ]: L=+1.00 R=+1.00 | carry=1 | base=0.09 ba=+0.00 | site=0 sd=0.00 sa=+0.00 | phero=0 pd=0.00 pa=+0.00 | srch=0.00 | wall=3.08
R6[T2][SITE      ]: L=+1.00 R=+0.97 | carry=0 | base=0.33 ba=-0.86 | site=1 sd=0.25 sa=-0.12 | phero=0 pd=0.00 pa=+0.00 | srch=0.12 | wall=1.93
R7[T2][EXPLORE   ]: L=+1.00 R=+1.00 | carry=0 | base=0.49 ba=-0.94 | site=0 sd=0.00 sa=+0.00 | phero=0 pd=0.00 pa=+0.00 | srch=0.31 | wall=1.09
R8[T2][SITE      ]: L=+1.00 R=+0.98 | carry=0 | base=0.20 ba=-0.94 | site=1 sd=0.59 sa=-0.02 | phero=0 pd=0.00 pa=+0.00 | srch=0.08 | wall=2.65
R9[T3][SITE      ]: L=+1.00 R=+1.00 | carry=0 | base=0.55 ba=-0.85 | site=1 sd=0.07 sa=-0.03 | phero=0 pd=0.00 pa=+0.00 | srch=0.21 | wall=1.11
R10[T3][SITE      ]: L=+1.00 R=+1.00 | carry=0 | base=0.28 ba=+0.81 | site=1 sd=0.14 sa=+0.04 | phero=0 pd=0.00 pa=+0.00 | srch=0.11 | wall=2.16
R11[T3][RTB       ]: L=+0.00 R=+1.00 | carry=1 | base=0.37 ba=+0.60 | site=0 sd=0.00 sa=+0.00 | phero=0 pd=0.00 pa=+0.00 | srch=0.00 | wall=1.67
R12[T3][RTB       ]: L=+0.27 R=+1.00 | carry=1 | base=0.59 ba=+0.30 | site=0 sd=0.00 sa=+0.00 | phero=0 pd=0.00 pa=+0.00 | srch=0.00 | wall=0.73
R13[T4][RTB       ]: L=+1.00 R=+1.00 | carry=1 | base=0.47 ba=+0.00 | site=0 sd=0.00 sa=+0.00 | phero=0 pd=0.00 pa=+0.00 | srch=0.00 | wall=1.34
R14[T4][SITE      ]: L=+0.76 R=+0.70 | carry=0 | base=0.31 ba=-0.86 | site=1 sd=0.10 sa=-0.15 | phero=0 pd=0.00 pa=+0.00 | srch=0.16 | wall=2.28
R15[T4][PHERO     ]: L=+1.00 R=+1.00 | carry=0 | base=0.27 ba=+0.98 | site=0 sd=0.00 sa=+0.00 | phero=1 pd=0.08 pa=-0.03 | srch=0.25 | wall=2.17
R16[T4][BASE_ESC  ]: L=+1.00 R=+0.00 | carry=0 | base=0.04 ba=+0.62 | site=1 sd=0.38 sa=-0.45 | phero=0 pd=0.00 pa=+0.00 | srch=0.02 | wall=3.33

[PICKUP] Robot 9 picked up tag (density=14) | Total: 95
[DEPOSIT] Robot 5 deposited! Total: 90
  [PHERO] Laid at (0.33, 1.69) density=13 prob=1.00 total_entries=37
  [TARGET] Robot 5 → SITE (0.33,1.69)
[PICKUP] Robot 10 picked up tag (density=12) | Total: 96
[PICKUP] Robot 6 picked up tag (density=15) | Total: 97
[DEPOSIT] Robot 1 deposited! Total: 91
  [PHERO] Laid at (2.68, -2.17) density=11 prob=1.00 total_entries=33
  [TARGET] Robot 1 → SITE (2.68,-2.17)
[DEPOSIT] Robot 11 deposited! Total: 92
  [PHERO] Laid at (0.11, -1.80) density=11 prob=1.00 total_entries=34
  [TARGET] Robot 11 → SITE (0.11,-1.80)

======================================================================
Step 10000 (5.3 min) | Pickups: 97 | Deposits: 92 | Rate: 17.25 tags/min | phero_entries=34 phero_max=0.967
======================================================================
R1[T1][BASE_ESC  ]: L=+0.00 R=+1.00 | carry=0 | base=0.04 ba=-0.56 | site=1 sd=0.65 sa=+0.47 | phero=0 pd=0.00 pa=+0.00 | srch=0.02 | wall=3.34
R2[T1][PHERO     ]: L=+1.00 R=+0.94 | carry=0 | base=0.05 ba=-0.55 | site=0 sd=0.00 sa=+0.00 | phero=1 pd=0.61 pa=-0.25 | srch=0.29 | wall=3.30
R3[T1][PHERO     ]: L=+0.93 R=+1.00 | carry=0 | base=0.36 ba=+0.30 | site=0 sd=0.00 sa=+0.00 | phero=1 pd=0.09 pa=+0.10 | srch=0.22 | wall=1.73
R4[T1][EXPLORE   ]: L=+1.00 R=+1.00 | carry=0 | base=0.43 ba=-0.17 | site=0 sd=0.00 sa=+0.00 | phero=0 pd=0.00 pa=+0.00 | srch=0.53 | wall=1.39
R5[T2][SITE      ]: L=+0.98 R=+1.00 | carry=0 | base=0.21 ba=-0.99 | site=1 sd=0.14 sa=-0.00 | phero=0 pd=0.00 pa=+0.00 | srch=0.11 | wall=2.48
R6[T2][RTB       ]: L=+1.00 R=+0.99 | carry=1 | base=0.48 ba=-0.00 | site=0 sd=0.00 sa=+0.00 | phero=0 pd=0.00 pa=+0.00 | srch=0.00 | wall=1.63
R7[T2][EXPLORE   ]: L=+0.85 R=+1.00 | carry=0 | base=0.57 ba=-0.62 | site=0 sd=0.00 sa=+0.00 | phero=0 pd=0.00 pa=+0.00 | srch=0.43 | wall=0.79
R8[T2][SITE      ]: L=+1.00 R=+1.00 | carry=0 | base=0.58 ba=-0.96 | site=1 sd=0.20 sa=+0.01 | phero=0 pd=0.00 pa=+0.00 | srch=0.20 | wall=1.28
R9[T3][RTB       ]: L=+1.00 R=+1.00 | carry=1 | base=0.28 ba=-0.00 | site=0 sd=0.00 sa=+0.00 | phero=0 pd=0.00 pa=+0.00 | srch=0.00 | wall=2.26
R10[T3][RTB       ]: L=+0.99 R=+1.00 | carry=1 | base=0.17 ba=+0.00 | site=0 sd=0.00 sa=+0.00 | phero=0 pd=0.00 pa=+0.00 | srch=0.00 | wall=2.68
R11[T3][BASE_ESC  ]: L=+1.00 R=+0.00 | carry=0 | base=0.05 ba=+0.24 | site=1 sd=0.32 sa=-0.79 | phero=0 pd=0.00 pa=+0.00 | srch=0.01 | wall=3.28
R12[T3][RTB       ]: L=+1.00 R=+1.00 | carry=1 | base=0.22 ba=+0.00 | site=0 sd=0.00 sa=+0.00 | phero=0 pd=0.00 pa=+0.00 | srch=0.00 | wall=2.47
R13[T4][RTB       ]: L=+1.00 R=+1.00 | carry=1 | base=0.08 ba=+0.00 | site=0 sd=0.00 sa=+0.00 | phero=0 pd=0.00 pa=+0.00 | srch=0.00 | wall=3.14
R14[T4][EXPLORE   ]: L=+1.00 R=+1.00 | carry=0 | base=0.57 ba=-0.82 | site=0 sd=0.00 sa=+0.00 | phero=0 pd=0.00 pa=+0.00 | srch=0.29 | wall=0.87
R15[T4][EXPLORE   ]: L=+1.00 R=+1.00 | carry=0 | base=0.35 ba=-0.28 | site=0 sd=0.00 sa=+0.00 | phero=0 pd=0.00 pa=+0.00 | srch=0.38 | wall=1.93
R16[T4][SITE      ]: L=+0.95 R=+1.00 | carry=0 | base=0.38 ba=+0.97 | site=1 sd=0.04 sa=+0.06 | phero=0 pd=0.00 pa=+0.00 | srch=0.14 | wall=1.82

[PICKUP] Robot 3 picked up tag (density=11) | Total: 98
[DEPOSIT] Robot 13 deposited! Total: 93
  [PHERO] Laid at (2.68, 0.91) density=9 prob=1.00 total_entries=35
  [TARGET] Robot 13 → SITE (2.68,0.91)
[PICKUP] Robot 16 picked up tag (density=5) | Total: 99
[DEPOSIT] Robot 10 deposited! Total: 94
  [PHERO] Laid at (0.33, 1.72) density=12 prob=1.00 total_entries=34
  [TARGET] Robot 10 → SITE (0.33,1.72)
[PICKUP] Robot 8 picked up tag (density=10) | Total: 100
[DEPOSIT] Robot 12 deposited! Total: 95
  [PHERO] Laid at (2.78, 0.90) density=8 prob=1.00 total_entries=34
  [TARGET] Robot 12 → SITE (2.78,0.90)
[DEPOSIT] Robot 9 deposited! Total: 96
  [PHERO] Laid at (-1.28, 2.49) density=14 prob=1.00 total_entries=34
  [TARGET] Robot 9 → SITE (-1.28,2.49)
[DEPOSIT] Robot 3 deposited! Total: 97
  [PHERO] Laid at (0.25, 1.77) density=11 prob=1.00 total_entries=33
  [TARGET] Robot 3 → SITE (0.25,1.77)

======================================================================
Step 10500 (5.6 min) | Pickups: 100 | Deposits: 97 | Rate: 17.32 tags/min | phero_entries=33 phero_max=0.883
======================================================================
R1[T1][SITE      ]: L=+1.00 R=+1.00 | carry=0 | base=0.40 ba=-0.98 | site=1 sd=0.41 sa=+0.36 | phero=0 pd=0.00 pa=+0.00 | srch=0.14 | wall=1.63
R2[T1][PHERO     ]: L=+1.00 R=+1.00 | carry=0 | base=0.35 ba=-0.73 | site=0 sd=0.00 sa=+0.00 | phero=1 pd=0.33 pa=-0.07 | srch=0.41 | wall=2.24
R3[T1][BASE_ESC  ]: L=+0.00 R=+1.00 | carry=0 | base=0.04 ba=-0.66 | site=1 sd=0.32 sa=+0.39 | phero=0 pd=0.00 pa=+0.00 | srch=0.02 | wall=3.29
R4[T1][EXPLORE   ]: L=+1.00 R=+0.84 | carry=0 | base=0.19 ba=-0.07 | site=0 sd=0.00 sa=+0.00 | phero=0 pd=0.00 pa=+0.00 | srch=0.66 | wall=2.75
R5[T2][EXPLORE   ]: L=+1.00 R=+1.00 | carry=0 | base=0.59 ba=-0.99 | site=0 sd=0.00 sa=+0.00 | phero=0 pd=0.00 pa=+0.00 | srch=0.24 | wall=0.65
R6[T2][RTB       ]: L=+1.00 R=+1.00 | carry=1 | base=0.10 ba=-0.00 | site=0 sd=0.00 sa=+0.00 | phero=0 pd=0.00 pa=+0.00 | srch=0.00 | wall=3.12
R7[T2][EXPLORE   ]: L=+0.07 R=+1.00 | carry=0 | base=0.63 ba=-0.84 | site=0 sd=0.00 sa=+0.00 | phero=0 pd=0.00 pa=+0.00 | srch=0.56 | wall=0.66
R8[T2][RTB       ]: L=+1.00 R=+1.00 | carry=1 | base=0.54 ba=-0.00 | site=0 sd=0.00 sa=+0.00 | phero=0 pd=0.00 pa=+0.00 | srch=0.00 | wall=1.51
R9[T3][SITE      ]: L=+1.00 R=+1.00 | carry=0 | base=0.12 ba=+0.99 | site=1 sd=0.46 sa=+0.11 | phero=0 pd=0.00 pa=+0.00 | srch=0.05 | wall=2.93
R10[T3][SITE      ]: L=+1.00 R=+1.00 | carry=0 | base=0.22 ba=+1.00 | site=1 sd=0.21 sa=-0.38 | phero=0 pd=0.00 pa=+0.00 | srch=0.09 | wall=2.49
R11[T3][SITE      ]: L=+0.52 R=+0.51 | carry=0 | base=0.22 ba=-0.95 | site=1 sd=0.14 sa=-0.03 | phero=0 pd=0.00 pa=+0.00 | srch=0.13 | wall=2.41
R12[T3][SITE      ]: L=+1.00 R=+0.98 | carry=0 | base=0.17 ba=-0.92 | site=1 sd=0.42 sa=+0.02 | phero=0 pd=0.00 pa=+0.00 | srch=0.07 | wall=2.74
R13[T4][SITE      ]: L=+1.00 R=+0.94 | carry=0 | base=0.31 ba=-0.79 | site=1 sd=0.35 sa=-0.12 | phero=0 pd=0.00 pa=+0.00 | srch=0.12 | wall=2.32
R14[T4][EXPLORE   ]: L=+1.00 R=+1.00 | carry=0 | base=0.47 ba=-0.15 | site=0 sd=0.00 sa=+0.00 | phero=0 pd=0.00 pa=+0.00 | srch=0.41 | wall=1.18
R15[T4][EXPLORE   ]: L=+0.33 R=+1.00 | carry=0 | base=0.30 ba=-0.77 | site=0 sd=0.00 sa=+0.00 | phero=0 pd=0.00 pa=+0.00 | srch=0.50 | wall=2.34
R16[T4][RTB       ]: L=+1.00 R=+1.00 | carry=1 | base=0.18 ba=+0.04 | site=0 sd=0.00 sa=+0.00 | phero=0 pd=0.00 pa=+0.00 | srch=0.00 | wall=2.74

[GIVE-UP] R15 giving up after 2060 steps
[DEPOSIT] Robot 6 deposited! Total: 98
  [PHERO] Laid at (-1.54, -2.16) density=15 prob=1.00 total_entries=33
  [TARGET] Robot 6 → SITE (-1.54,-2.16)
[PICKUP] Robot 2 picked up tag (density=4) | Total: 101
[DEPOSIT] Robot 16 deposited! Total: 99
  [PHERO] Laid at (1.88, 0.98) density=5 prob=0.92 total_entries=33
  [TARGET] Robot 16 → SITE (1.88,0.98)
[PICKUP] Robot 11 picked up tag (density=10) | Total: 102
[PICKUP] Robot 10 picked up tag (density=10) | Total: 103
[PICKUP] Robot 13 picked up tag (density=3) | Total: 104
[PICKUP] Robot 3 picked up tag (density=9) | Total: 105

======================================================================
Step 11000 (5.9 min) | Pickups: 105 | Deposits: 99 | Rate: 16.88 tags/min | phero_entries=33 phero_max=0.592
======================================================================
R1[T1][SITE      ]: L=+1.00 R=+1.00 | carry=0 | base=0.65 ba=+0.20 | site=1 sd=0.35 sa=-0.26 | phero=0 pd=0.00 pa=+0.00 | srch=0.27 | wall=0.49
R2[T1][RTB       ]: L=+1.00 R=+1.00 | carry=1 | base=0.26 ba=-0.00 | site=0 sd=0.00 sa=+0.00 | phero=0 pd=0.00 pa=+0.00 | srch=0.00 | wall=2.42
R3[T1][RTB       ]: L=+0.64 R=+1.00 | carry=1 | base=0.29 ba=+0.15 | site=0 sd=0.00 sa=+0.00 | phero=0 pd=0.00 pa=+0.00 | srch=0.00 | wall=2.06
R4[T1][EXPLORE   ]: L=+1.00 R=+1.00 | carry=0 | base=0.22 ba=-0.96 | site=0 sd=0.00 sa=+0.00 | phero=0 pd=0.00 pa=+0.00 | srch=0.78 | wall=2.48
R5[T2][EXPLORE   ]: L=+1.00 R=+1.00 | carry=0 | base=0.46 ba=-0.23 | site=0 sd=0.00 sa=+0.00 | phero=0 pd=0.00 pa=+0.00 | srch=0.36 | wall=1.49
R6[T2][SITE      ]: L=+0.99 R=+1.00 | carry=0 | base=0.30 ba=+0.95 | site=1 sd=0.29 sa=+0.22 | phero=0 pd=0.00 pa=+0.00 | srch=0.11 | wall=2.23
R7[T2][EXPLORE   ]: L=+0.36 R=+1.00 | carry=0 | base=0.63 ba=+0.35 | site=0 sd=0.00 sa=+0.00 | phero=0 pd=0.00 pa=+0.00 | srch=0.68 | wall=0.58
R8[T2][RTB       ]: L=+1.00 R=+1.00 | carry=1 | base=0.15 ba=-0.00 | site=0 sd=0.00 sa=+0.00 | phero=0 pd=0.00 pa=+0.00 | srch=0.00 | wall=2.93
R9[T3][SITE      ]: L=+1.00 R=+1.00 | carry=0 | base=0.50 ba=+0.97 | site=1 sd=0.13 sa=+0.33 | phero=0 pd=0.00 pa=+0.00 | srch=0.18 | wall=1.11
R10[T3][RTB       ]: L=+1.00 R=+1.00 | carry=1 | base=0.23 ba=-0.00 | site=0 sd=0.00 sa=+0.00 | phero=0 pd=0.00 pa=+0.00 | srch=0.00 | wall=2.38
R11[T3][RTB       ]: L=+1.00 R=+1.00 | carry=1 | base=0.20 ba=-0.00 | site=0 sd=0.00 sa=+0.00 | phero=0 pd=0.00 pa=+0.00 | srch=0.00 | wall=2.53
R12[T3][SITE      ]: L=+0.90 R=+1.00 | carry=0 | base=0.53 ba=-0.98 | site=1 sd=0.12 sa=+0.36 | phero=0 pd=0.00 pa=+0.00 | srch=0.19 | wall=0.91
R13[T4][RTB       ]: L=+1.00 R=+1.00 | carry=1 | base=0.32 ba=-0.00 | site=0 sd=0.00 sa=+0.00 | phero=0 pd=0.00 pa=+0.00 | srch=0.00 | wall=2.14
R14[T4][EXPLORE   ]: L=+1.00 R=+1.00 | carry=0 | base=0.29 ba=+0.55 | site=0 sd=0.00 sa=+0.00 | phero=0 pd=0.00 pa=+0.00 | srch=0.54 | wall=2.32
R15[T4][GIVE_UP   ]: L=+1.00 R=+1.00 | carry=0 | base=0.06 ba=+0.00 | site=0 sd=0.00 sa=+0.00 | phero=0 pd=0.00 pa=+0.00 | srch=0.63 | wall=3.26
R16[T4][SITE      ]: L=+0.98 R=+1.00 | carry=0 | base=0.22 ba=+0.96 | site=1 sd=0.22 sa=+0.10 | phero=0 pd=0.00 pa=+0.00 | srch=0.08 | wall=2.46

[EMPTY_RTN] R15 → phero(2.68,-2.17)
[DEPOSIT] Robot 8 deposited! Total: 100
  [PHERO] Laid at (2.67, -2.27) density=10 prob=1.00 total_entries=32
  [TARGET] Robot 8 → SITE (2.67,-2.27)
[DEPOSIT] Robot 11 deposited! Total: 101
  [PHERO] Laid at (0.15, -1.58) density=10 prob=1.00 total_entries=32
  [TARGET] Robot 11 → SITE (0.15,-1.58)
[PICKUP] Robot 12 picked up tag (density=7) | Total: 106
[DEPOSIT] Robot 10 deposited! Total: 102
  [PHERO] Laid at (-0.20, 1.80) density=10 prob=1.00 total_entries=32
  [TARGET] Robot 10 → SITE (-0.20,1.80)
[DEPOSIT] Robot 2 deposited! Total: 103
  [TARGET] Robot 2 → SITE (1.79,1.26)
[PICKUP] Robot 9 picked up tag (density=13) | Total: 107
[PICKUP] Robot 6 picked up tag (density=14) | Total: 108
[PICKUP] Robot 16 picked up tag (density=2) | Total: 109
[DEPOSIT] Robot 3 deposited! Total: 104
  [PHERO] Laid at (0.20, 1.47) density=9 prob=1.00 total_entries=30
  [TARGET] Robot 3 → SITE (0.20,1.47)
[DEPOSIT] Robot 13 deposited! Total: 105
  [PHERO] Laid at (1.86, 1.25) density=3 prob=0.65 total_entries=31
  [TARGET] Robot 13 → SITE (1.86,1.25)
[PICKUP] Robot 5 picked up tag (density=1) | Total: 110

======================================================================
Step 11500 (6.1 min) | Pickups: 110 | Deposits: 105 | Rate: 17.12 tags/min | phero_entries=30 phero_max=0.787
======================================================================
R1[T1][SITE      ]: L=+1.00 R=+0.93 | carry=0 | base=0.59 ba=+0.77 | site=1 sd=0.11 sa=-0.29 | phero=0 pd=0.00 pa=+0.00 | srch=0.39 | wall=1.18
R2[T1][SITE      ]: L=+0.99 R=+1.00 | carry=0 | base=0.14 ba=+0.93 | site=1 sd=0.31 sa=+0.07 | phero=0 pd=0.00 pa=+0.00 | srch=0.06 | wall=2.85
R3[T1][SITE      ]: L=+1.00 R=+0.96 | carry=0 | base=0.09 ba=+1.00 | site=1 sd=0.22 sa=-0.20 | phero=0 pd=0.00 pa=+0.00 | srch=0.04 | wall=3.06
R4[T1][EXPLORE   ]: L=+1.00 R=+1.00 | carry=0 | base=0.60 ba=-0.93 | site=0 sd=0.00 sa=+0.00 | phero=0 pd=0.00 pa=+0.00 | srch=0.91 | wall=0.92
R5[T2][RTB       ]: L=+1.00 R=+0.63 | carry=1 | base=0.47 ba=-0.16 | site=0 sd=0.00 sa=+0.00 | phero=0 pd=0.00 pa=+0.00 | srch=0.00 | wall=1.52
R6[T2][RTB       ]: L=+1.00 R=+1.00 | carry=1 | base=0.41 ba=+0.00 | site=0 sd=0.00 sa=+0.00 | phero=0 pd=0.00 pa=+0.00 | srch=0.00 | wall=2.02
R7[T2][EXPLORE   ]: L=+1.00 R=+1.00 | carry=0 | base=0.62 ba=+0.08 | site=0 sd=0.00 sa=+0.00 | phero=0 pd=0.00 pa=+0.00 | srch=0.81 | wall=0.60
R8[T2][SITE      ]: L=+1.00 R=+1.00 | carry=0 | base=0.24 ba=+0.99 | site=1 sd=0.48 sa=+0.13 | phero=0 pd=0.00 pa=+0.00 | srch=0.09 | wall=2.50
R9[T3][RTB       ]: L=+1.00 R=+1.00 | carry=1 | base=0.50 ba=+0.00 | site=0 sd=0.00 sa=+0.00 | phero=0 pd=0.00 pa=+0.00 | srch=0.00 | wall=1.29
R10[T3][SITE      ]: L=+1.00 R=+1.00 | carry=0 | base=0.15 ba=+1.00 | site=1 sd=0.24 sa=+0.22 | phero=0 pd=0.00 pa=+0.00 | srch=0.07 | wall=2.79
R11[T3][SITE      ]: L=+0.26 R=+0.26 | carry=0 | base=0.12 ba=-0.98 | site=1 sd=0.20 sa=-0.05 | phero=0 pd=0.00 pa=+0.00 | srch=0.08 | wall=2.94
R12[T3][RTB       ]: L=+1.00 R=+1.00 | carry=1 | base=0.45 ba=+0.00 | site=0 sd=0.00 sa=+0.00 | phero=0 pd=0.00 pa=+0.00 | srch=0.00 | wall=1.40
R13[T4][SITE      ]: L=+1.00 R=+1.00 | carry=0 | base=0.08 ba=+0.92 | site=1 sd=0.38 sa=-0.23 | phero=0 pd=0.00 pa=+0.00 | srch=0.04 | wall=3.16
R14[T4][EXPLORE   ]: L=+0.83 R=+1.00 | carry=0 | base=0.33 ba=+0.56 | site=0 sd=0.00 sa=+0.00 | phero=0 pd=0.00 pa=+0.00 | srch=0.66 | wall=2.20
R15[T4][PHERO     ]: L=+0.40 R=+0.40 | carry=0 | base=0.24 ba=+0.80 | site=0 sd=0.00 sa=+0.00 | phero=1 pd=0.49 pa=+0.02 | srch=0.12 | wall=2.40
R16[T4][RTB       ]: L=+1.00 R=+1.00 | carry=1 | base=0.36 ba=+0.00 | site=0 sd=0.00 sa=+0.00 | phero=0 pd=0.00 pa=+0.00 | srch=0.00 | wall=1.96

[PICKUP] Robot 4 picked up tag (density=9) | Total: 111
[PICKUP] Robot 10 picked up tag (density=8) | Total: 112
[GIVE-UP] R7 giving up after 3542 steps
[PICKUP] Robot 15 picked up tag (density=10) | Total: 113
[DEPOSIT] Robot 16 deposited! Total: 106
  [PHERO] Laid at (1.92, 1.03) density=2 prob=0.42 total_entries=31
  [TARGET] Robot 16 → SITE (1.92,1.03)
[DEPOSIT] Robot 6 deposited! Total: 107
  [PHERO] Laid at (-1.80, -1.71) density=14 prob=1.00 total_entries=32
  [TARGET] Robot 6 → SITE (-1.80,-1.71)

======================================================================
Step 12000 (6.4 min) | Pickups: 113 | Deposits: 107 | Rate: 16.72 tags/min | phero_entries=32 phero_max=0.950
======================================================================
R1[T1][WALL_ESC  ]: L=+1.00 R=+0.00 | carry=0 | base=0.81 ba=-0.35 | site=0 sd=0.00 sa=+0.00 | phero=0 pd=0.00 pa=+0.00 | srch=0.52 | wall=0.32
R2[T1][SITE      ]: L=+0.51 R=+1.00 | carry=0 | base=0.46 ba=+0.35 | site=1 sd=0.02 sa=+0.36 | phero=0 pd=0.00 pa=+0.00 | srch=0.18 | wall=1.64
R3[T1][SITE      ]: L=+0.13 R=+0.11 | carry=0 | base=0.25 ba=-0.86 | site=1 sd=0.06 sa=-0.05 | phero=0 pd=0.00 pa=+0.00 | srch=0.17 | wall=2.28
R4[T1][RTB       ]: L=+1.00 R=+1.00 | carry=1 | base=0.49 ba=-0.00 | site=0 sd=0.00 sa=+0.00 | phero=0 pd=0.00 pa=+0.00 | srch=0.00 | wall=1.56
R5[T2][RTB       ]: L=+1.00 R=+1.00 | carry=1 | base=0.09 ba=-0.00 | site=0 sd=0.00 sa=+0.00 | phero=0 pd=0.00 pa=+0.00 | srch=0.00 | wall=3.14
R6[T2][BASE_ESC  ]: L=+1.00 R=+0.00 | carry=0 | base=0.04 ba=+0.31 | site=1 sd=0.46 sa=-0.72 | phero=0 pd=0.00 pa=+0.00 | srch=0.01 | wall=3.33
R7[T2][GIVE_UP   ]: L=+1.00 R=+1.00 | carry=0 | base=0.25 ba=+0.00 | site=0 sd=0.00 sa=+0.00 | phero=0 pd=0.00 pa=+0.00 | srch=0.93 | wall=2.29
R8[T2][SITE      ]: L=+0.54 R=+1.00 | carry=0 | base=0.61 ba=+0.60 | site=1 sd=0.18 sa=-0.04 | phero=0 pd=0.00 pa=+0.00 | srch=0.22 | wall=1.07
R9[T3][RTB       ]: L=+1.00 R=+1.00 | carry=1 | base=0.11 ba=+0.00 | site=0 sd=0.00 sa=+0.00 | phero=0 pd=0.00 pa=+0.00 | srch=0.00 | wall=3.00
R10[T3][RTB       ]: L=+1.00 R=+1.00 | carry=1 | base=0.19 ba=+0.00 | site=0 sd=0.00 sa=+0.00 | phero=0 pd=0.00 pa=+0.00 | srch=0.00 | wall=2.58
R11[T3][SITE      ]: L=-0.05 R=-0.06 | carry=0 | base=0.15 ba=-0.97 | site=1 sd=0.17 sa=-0.06 | phero=0 pd=0.00 pa=+0.00 | srch=0.20 | wall=2.77
R12[T3][RTB       ]: L=+1.00 R=+1.00 | carry=1 | base=0.06 ba=+0.00 | site=0 sd=0.00 sa=+0.00 | phero=0 pd=0.00 pa=+0.00 | srch=0.00 | wall=3.21
R13[T4][SITE      ]: L=+1.00 R=+1.00 | carry=0 | base=0.42 ba=-0.62 | site=1 sd=0.20 sa=-0.14 | phero=0 pd=0.00 pa=+0.00 | srch=0.16 | wall=1.70
R14[T4][EXPLORE   ]: L=+1.00 R=+1.00 | carry=0 | base=0.32 ba=+0.51 | site=0 sd=0.00 sa=+0.00 | phero=0 pd=0.00 pa=+0.00 | srch=0.79 | wall=1.97
R15[T4][RTB       ]: L=+0.54 R=+1.00 | carry=1 | base=0.41 ba=+0.18 | site=0 sd=0.00 sa=+0.00 | phero=0 pd=0.00 pa=+0.00 | srch=0.00 | wall=2.00
R16[T4][BASE_ESC  ]: L=+1.00 R=+0.19 | carry=0 | base=0.05 ba=+0.82 | site=1 sd=0.40 sa=-0.27 | phero=0 pd=0.00 pa=+0.00 | srch=0.02 | wall=3.33

[DEPOSIT] Robot 12 deposited! Total: 108
  [PHERO] Laid at (2.98, 0.93) density=7 prob=0.99 total_entries=32
  [TARGET] Robot 12 → SITE (2.98,0.93)
[PICKUP] Robot 7 picked up tag (density=1) | Total: 114
[DEPOSIT] Robot 5 deposited! Total: 109
  [TARGET] Robot 5 → PHERO (2.98,0.93)
[PICKUP] Robot 1 picked up tag (density=16) | Total: 115
[DEPOSIT] Robot 9 deposited! Total: 110
  [PHERO] Laid at (-1.36, 2.82) density=13 prob=1.00 total_entries=33
  [TARGET] Robot 9 → SITE (-1.36,2.82)
[DEPOSIT] Robot 10 deposited! Total: 111
  [PHERO] Laid at (0.22, 1.57) density=8 prob=1.00 total_entries=32
  [TARGET] Robot 10 → SITE (0.22,1.57)
[DEPOSIT] Robot 7 deposited! Total: 112
  [TARGET] Robot 7 → SITE (-0.22,-1.13)
[PICKUP] Robot 11 picked up tag (density=9) | Total: 116
[PICKUP] Robot 3 picked up tag (density=7) | Total: 117
[DEPOSIT] Robot 15 deposited! Total: 113
  [PHERO] Laid at (1.30, -1.56) density=10 prob=1.00 total_entries=33
  [TARGET] Robot 15 → SITE (1.30,-1.56)

======================================================================
Step 12500 (6.7 min) | Pickups: 117 | Deposits: 113 | Rate: 16.95 tags/min | phero_entries=33 phero_max=0.952
======================================================================
R1[T1][RTB       ]: L=+1.00 R=+1.00 | carry=1 | base=0.45 ba=-0.00 | site=0 sd=0.00 sa=+0.00 | phero=0 pd=0.00 pa=+0.00 | srch=0.00 | wall=1.72
R2[T1][EXPLORE   ]: L=+1.00 R=+1.00 | carry=0 | base=0.28 ba=-0.48 | site=0 sd=0.00 sa=+0.00 | phero=0 pd=0.00 pa=+0.00 | srch=0.31 | wall=2.12
R3[T1][RTB       ]: L=+0.00 R=+1.00 | carry=1 | base=0.35 ba=+0.53 | site=0 sd=0.00 sa=+0.00 | phero=0 pd=0.00 pa=+0.00 | srch=0.00 | wall=1.76
R4[T1][RTB       ]: L=+1.00 R=+1.00 | carry=1 | base=0.10 ba=-0.00 | site=0 sd=0.00 sa=+0.00 | phero=0 pd=0.00 pa=+0.00 | srch=0.00 | wall=3.10
R5[T2][PHERO     ]: L=+1.00 R=+0.67 | carry=0 | base=0.30 ba=-0.97 | site=0 sd=0.00 sa=+0.00 | phero=1 pd=0.35 pa=-0.13 | srch=0.11 | wall=2.25
R6[T2][SITE      ]: L=+1.00 R=+1.00 | carry=0 | base=0.31 ba=-0.94 | site=1 sd=0.19 sa=+0.01 | phero=0 pd=0.00 pa=+0.00 | srch=0.13 | wall=2.37
R7[T2][SITE      ]: L=+0.66 R=+0.59 | carry=0 | base=0.13 ba=-0.94 | site=1 sd=0.10 sa=+0.01 | phero=0 pd=0.00 pa=+0.00 | srch=0.06 | wall=2.87
R8[T2][EXPLORE   ]: L=+1.00 R=+0.18 | carry=0 | base=0.70 ba=-0.99 | site=0 sd=0.00 sa=+0.00 | phero=0 pd=0.00 pa=+0.00 | srch=0.34 | wall=0.66
R9[T3][SITE      ]: L=+1.00 R=+1.00 | carry=0 | base=0.26 ba=-0.87 | site=1 sd=0.38 sa=+0.02 | phero=0 pd=0.00 pa=+0.00 | srch=0.10 | wall=2.48
R10[T3][SITE      ]: L=+1.00 R=+0.94 | carry=0 | base=0.21 ba=-0.88 | site=1 sd=0.15 sa=-0.17 | phero=0 pd=0.00 pa=+0.00 | srch=0.08 | wall=2.49
R11[T3][RTB       ]: L=+1.00 R=+0.79 | carry=1 | base=0.32 ba=-0.08 | site=0 sd=0.00 sa=+0.00 | phero=0 pd=0.00 pa=+0.00 | srch=0.00 | wall=1.91
R12[T3][SITE      ]: L=+1.00 R=+1.00 | carry=0 | base=0.32 ba=-0.99 | site=1 sd=0.31 sa=-0.02 | phero=0 pd=0.00 pa=+0.00 | srch=0.12 | wall=2.00
R13[T4][EXPLORE   ]: L=+1.00 R=+1.00 | carry=0 | base=0.56 ba=+0.91 | site=0 sd=0.00 sa=+0.00 | phero=0 pd=0.00 pa=+0.00 | srch=0.29 | wall=1.02
R14[T4][EXPLORE   ]: L=+1.00 R=+1.00 | carry=0 | base=0.51 ba=+0.79 | site=0 sd=0.00 sa=+0.00 | phero=0 pd=0.00 pa=+0.00 | srch=0.91 | wall=1.45
R15[T4][BASE_ESC  ]: L=+1.00 R=+0.00 | carry=0 | base=0.04 ba=+0.32 | site=1 sd=0.37 sa=-0.72 | phero=0 pd=0.00 pa=+0.00 | srch=0.01 | wall=3.34
R16[T4][SITE      ]: L=+1.00 R=+1.00 | carry=0 | base=0.39 ba=-0.73 | site=1 sd=0.06 sa=+0.06 | phero=0 pd=0.00 pa=+0.00 | srch=0.15 | wall=1.87

[PICKUP] Robot 8 picked up tag (density=8) | Total: 118
[DEPOSIT] Robot 4 deposited! Total: 114
  [PHERO] Laid at (2.82, -1.98) density=9 prob=1.00 total_entries=32
  [TARGET] Robot 4 → SITE (2.82,-1.98)
[PICKUP] Robot 10 picked up tag (density=6) | Total: 119
[PICKUP] Robot 5 picked up tag (density=6) | Total: 120
[PICKUP] Robot 12 picked up tag (density=5) | Total: 121
[DEPOSIT] Robot 11 deposited! Total: 115
  [PHERO] Laid at (0.14, -1.66) density=9 prob=1.00 total_entries=30
  [TARGET] Robot 11 → SITE (0.14,-1.66)
[PICKUP] Robot 9 picked up tag (density=12) | Total: 122
[DEPOSIT] Robot 3 deposited! Total: 116
  [PHERO] Laid at (0.21, 1.71) density=7 prob=0.99 total_entries=30
  [TARGET] Robot 3 → SITE (0.21,1.71)

======================================================================
Step 13000 (6.9 min) | Pickups: 122 | Deposits: 116 | Rate: 16.73 tags/min | phero_entries=29 phero_max=0.920
======================================================================
R1[T1][RTB       ]: L=+1.00 R=+1.00 | carry=1 | base=0.06 ba=-0.00 | site=0 sd=0.00 sa=+0.00 | phero=0 pd=0.00 pa=+0.00 | srch=0.00 | wall=3.27
R2[T1][EXPLORE   ]: L=+1.00 R=+1.00 | carry=0 | base=0.45 ba=-0.76 | site=0 sd=0.00 sa=+0.00 | phero=0 pd=0.00 pa=+0.00 | srch=0.43 | wall=1.44
R3[T1][BASE_ESC  ]: L=+1.00 R=+0.00 | carry=0 | base=0.04 ba=+0.45 | site=1 sd=0.30 sa=-0.60 | phero=0 pd=0.00 pa=+0.00 | srch=0.01 | wall=3.28
R4[T1][SITE      ]: L=+1.00 R=+1.00 | carry=0 | base=0.28 ba=-0.92 | site=1 sd=0.43 sa=-0.04 | phero=0 pd=0.00 pa=+0.00 | srch=0.10 | wall=2.22
R5[T2][RTB       ]: L=+1.00 R=+0.96 | carry=1 | base=0.52 ba=-0.01 | site=0 sd=0.00 sa=+0.00 | phero=0 pd=0.00 pa=+0.00 | srch=0.00 | wall=1.10
R6[T2][EXPLORE   ]: L=+1.00 R=+1.00 | carry=0 | base=0.70 ba=+0.99 | site=0 sd=0.00 sa=+0.00 | phero=0 pd=0.00 pa=+0.00 | srch=0.26 | wall=0.99
R7[T2][SITE      ]: L=+0.67 R=+0.66 | carry=0 | base=0.08 ba=+0.97 | site=1 sd=0.15 sa=-0.08 | phero=0 pd=0.00 pa=+0.00 | srch=0.19 | wall=3.09
R8[T2][RTB       ]: L=+1.00 R=+1.00 | carry=1 | base=0.42 ba=-0.00 | site=0 sd=0.00 sa=+0.00 | phero=0 pd=0.00 pa=+0.00 | srch=0.00 | wall=1.85
R9[T3][RTB       ]: L=+0.00 R=+1.00 | carry=1 | base=0.59 ba=+0.55 | site=0 sd=0.00 sa=+0.00 | phero=0 pd=0.00 pa=+0.00 | srch=0.00 | wall=0.87
R10[T3][RTB       ]: L=+1.00 R=+1.00 | carry=1 | base=0.07 ba=-0.00 | site=0 sd=0.00 sa=+0.00 | phero=0 pd=0.00 pa=+0.00 | srch=0.00 | wall=3.15
R11[T3][SITE      ]: L=+0.82 R=+0.82 | carry=0 | base=0.07 ba=+0.97 | site=1 sd=0.27 sa=-0.06 | phero=0 pd=0.00 pa=+0.00 | srch=0.03 | wall=3.17
R12[T3][RTB       ]: L=+1.00 R=+0.92 | carry=1 | base=0.57 ba=-0.03 | site=0 sd=0.00 sa=+0.00 | phero=0 pd=0.00 pa=+0.00 | srch=0.00 | wall=0.78
R13[T4][EXPLORE   ]: L=+1.00 R=+1.00 | carry=0 | base=0.68 ba=+0.39 | site=0 sd=0.00 sa=+0.00 | phero=0 pd=0.00 pa=+0.00 | srch=0.41 | wall=0.97
R14[T4][WALL_ESC  ]: L=+0.00 R=+1.00 | carry=0 | base=0.82 ba=+0.45 | site=0 sd=0.00 sa=+0.00 | phero=0 pd=0.00 pa=+0.00 | srch=1.00 | wall=0.31
R15[T4][SITE      ]: L=+1.00 R=+0.97 | carry=0 | base=0.33 ba=-0.87 | site=1 sd=0.10 sa=-0.11 | phero=0 pd=0.00 pa=+0.00 | srch=0.13 | wall=2.26
R16[T4][WALL_ESC  ]: L=+1.00 R=+0.39 | carry=0 | base=0.66 ba=-0.16 | site=0 sd=0.00 sa=+0.00 | phero=0 pd=0.00 pa=+0.00 | srch=0.27 | wall=0.34

[DEPOSIT] Robot 1 deposited! Total: 117
  [PHERO] Laid at (2.30, -3.11) density=16 prob=1.00 total_entries=30
  [TARGET] Robot 1 → SITE (2.30,-3.11)
[DEPOSIT] Robot 10 deposited! Total: 118
  [PHERO] Laid at (-0.03, 1.45) density=6 prob=0.97 total_entries=31
  [TARGET] Robot 10 → SITE (-0.03,1.45)
[PICKUP] Robot 15 picked up tag (density=9) | Total: 123
[PICKUP] Robot 13 picked up tag (density=16) | Total: 124
[DEPOSIT] Robot 8 deposited! Total: 119
  [PHERO] Laid at (2.86, -2.00) density=8 prob=1.00 total_entries=29
  [TARGET] Robot 8 → SITE (2.86,-2.00)

======================================================================
Step 13500 (7.2 min) | Pickups: 124 | Deposits: 119 | Rate: 16.53 tags/min | phero_entries=29 phero_max=0.955
======================================================================
R1[T1][SITE      ]: L=+0.99 R=+1.00 | carry=0 | base=0.34 ba=-0.99 | site=1 sd=0.53 sa=+0.31 | phero=0 pd=0.00 pa=+0.00 | srch=0.12 | wall=1.81
R2[T1][EXPLORE   ]: L=+1.00 R=+1.00 | carry=0 | base=0.57 ba=-0.17 | site=0 sd=0.00 sa=+0.00 | phero=0 pd=0.00 pa=+0.00 | srch=0.56 | wall=0.67
R3[T1][SITE      ]: L=+0.59 R=+0.59 | carry=0 | base=0.29 ba=-0.93 | site=1 sd=0.06 sa=+0.00 | phero=0 pd=0.00 pa=+0.00 | srch=0.14 | wall=2.06
R4[T1][SITE      ]: L=+1.00 R=+1.00 | carry=0 | base=0.65 ba=-0.92 | site=1 sd=0.04 sa=+0.05 | phero=0 pd=0.00 pa=+0.00 | srch=0.23 | wall=0.84
R5[T2][RTB       ]: L=+1.00 R=+1.00 | carry=1 | base=0.13 ba=-0.00 | site=0 sd=0.00 sa=+0.00 | phero=0 pd=0.00 pa=+0.00 | srch=0.00 | wall=2.89
R6[T2][EXPLORE   ]: L=+1.00 R=+0.96 | carry=0 | base=0.80 ba=+0.24 | site=0 sd=0.00 sa=+0.00 | phero=0 pd=0.00 pa=+0.00 | srch=0.38 | wall=0.49
R7[T2][SITE      ]: L=+0.47 R=+0.45 | carry=0 | base=0.17 ba=-0.97 | site=1 sd=0.07 sa=-0.08 | phero=0 pd=0.00 pa=+0.00 | srch=0.31 | wall=2.68
R8[T2][BASE_ESC  ]: L=+0.00 R=+1.00 | carry=0 | base=0.05 ba=-0.28 | site=1 sd=0.66 sa=+0.74 | phero=0 pd=0.00 pa=+0.00 | srch=0.01 | wall=3.32
R9[T3][RTB       ]: L=+1.00 R=+1.00 | carry=1 | base=0.25 ba=+0.00 | site=0 sd=0.00 sa=+0.00 | phero=0 pd=0.00 pa=+0.00 | srch=0.00 | wall=2.42
R10[T3][SITE      ]: L=+0.75 R=+1.00 | carry=0 | base=0.28 ba=+0.86 | site=1 sd=0.03 sa=+0.21 | phero=0 pd=0.00 pa=+0.00 | srch=0.12 | wall=2.13
R11[T3][SITE      ]: L=-0.10 R=-0.01 | carry=0 | base=0.19 ba=-0.96 | site=1 sd=0.15 sa=-0.05 | phero=0 pd=0.00 pa=+0.00 | srch=0.16 | wall=2.60
R12[T3][RTB       ]: L=+1.00 R=+1.00 | carry=1 | base=0.18 ba=-0.00 | site=0 sd=0.00 sa=+0.00 | phero=0 pd=0.00 pa=+0.00 | srch=0.00 | wall=2.63
R13[T4][RTB       ]: L=+1.00 R=+1.00 | carry=1 | base=0.49 ba=+0.00 | site=0 sd=0.00 sa=+0.00 | phero=0 pd=0.00 pa=+0.00 | srch=0.00 | wall=1.41
R14[T4][EXPLORE   ]: L=+1.00 R=+1.00 | carry=0 | base=0.47 ba=+0.07 | site=0 sd=0.00 sa=+0.00 | phero=0 pd=0.00 pa=+0.00 | srch=1.00 | wall=1.52
R15[T4][RTB       ]: L=+1.00 R=+1.00 | carry=1 | base=0.11 ba=-0.00 | site=0 sd=0.00 sa=+0.00 | phero=0 pd=0.00 pa=+0.00 | srch=0.00 | wall=3.09
R16[T4][EXPLORE   ]: L=+1.00 R=+1.00 | carry=0 | base=0.31 ba=+0.20 | site=0 sd=0.00 sa=+0.00 | phero=0 pd=0.00 pa=+0.00 | srch=0.40 | wall=2.19

[PICKUP] Robot 10 picked up tag (density=5) | Total: 125
[PICKUP] Robot 4 picked up tag (density=7) | Total: 126
[DEPOSIT] Robot 15 deposited! Total: 120
  [PHERO] Laid at (1.33, -1.29) density=9 prob=1.00 total_entries=29
  [TARGET] Robot 15 → SITE (1.33,-1.29)
[DEPOSIT] Robot 5 deposited! Total: 121
  [PHERO] Laid at (2.53, 1.09) density=6 prob=0.97 total_entries=30
  [TARGET] Robot 5 → SITE (2.53,1.09)
[DEPOSIT] Robot 12 deposited! Total: 122
  [PHERO] Laid at (2.81, 0.91) density=5 prob=0.92 total_entries=31
  [TARGET] Robot 12 → SITE (2.81,0.91)
[DEPOSIT] Robot 9 deposited! Total: 123
  [PHERO] Laid at (-1.26, 2.62) density=12 prob=1.00 total_entries=31
  [TARGET] Robot 9 → SITE (-1.26,2.62)
[GIVE-UP] R3 giving up after 891 steps
[PICKUP] Robot 3 picked up tag (density=4) | Total: 127
[DEPOSIT] Robot 10 deposited! Total: 124
  [PHERO] Laid at (-0.09, 1.52) density=5 prob=0.92 total_entries=31
  [TARGET] Robot 10 → SITE (-0.09,1.52)

======================================================================
Step 14000 (7.5 min) | Pickups: 127 | Deposits: 124 | Rate: 16.61 tags/min | phero_entries=31 phero_max=0.961
======================================================================
R1[T1][SITE      ]: L=+1.00 R=+0.98 | carry=0 | base=0.64 ba=+0.15 | site=1 sd=0.41 sa=-0.38 | phero=0 pd=0.00 pa=+0.00 | srch=0.25 | wall=0.36
R2[T1][EXPLORE   ]: L=+1.00 R=+1.00 | carry=0 | base=0.31 ba=-0.39 | site=0 sd=0.00 sa=+0.00 | phero=0 pd=0.00 pa=+0.00 | srch=0.68 | wall=2.27
R3[T1][RTB       ]: L=+0.95 R=+1.00 | carry=1 | base=0.35 ba=+0.02 | site=0 sd=0.00 sa=+0.00 | phero=0 pd=0.00 pa=+0.00 | srch=0.00 | wall=1.75
R4[T1][RTB       ]: L=+1.00 R=+1.00 | carry=1 | base=0.47 ba=-0.00 | site=0 sd=0.00 sa=+0.00 | phero=0 pd=0.00 pa=+0.00 | srch=0.00 | wall=1.65
R5[T2][SITE      ]: L=+1.00 R=+1.00 | carry=0 | base=0.21 ba=-1.00 | site=1 sd=0.36 sa=+0.14 | phero=0 pd=0.00 pa=+0.00 | srch=0.10 | wall=2.46
R6[T2][EXPLORE   ]: L=+1.00 R=+1.00 | carry=0 | base=0.59 ba=+0.40 | site=0 sd=0.00 sa=+0.00 | phero=0 pd=0.00 pa=+0.00 | srch=0.51 | wall=0.67
R7[T2][EXPLORE   ]: L=+1.00 R=+1.00 | carry=0 | base=0.41 ba=+0.96 | site=0 sd=0.00 sa=+0.00 | phero=0 pd=0.00 pa=+0.00 | srch=0.44 | wall=1.48
R8[T2][SITE      ]: L=+0.98 R=+1.00 | carry=0 | base=0.34 ba=+0.97 | site=1 sd=0.41 sa=+0.20 | phero=0 pd=0.00 pa=+0.00 | srch=0.13 | wall=2.07
R9[T3][SITE      ]: L=+1.00 R=+1.00 | carry=0 | base=0.15 ba=+0.98 | site=1 sd=0.46 sa=-0.23 | phero=0 pd=0.00 pa=+0.00 | srch=0.06 | wall=2.89
R10[T3][BASE_ESC  ]: L=+1.00 R=+0.00 | carry=0 | base=0.05 ba=+0.26 | site=1 sd=0.26 sa=-0.78 | phero=0 pd=0.00 pa=+0.00 | srch=0.01 | wall=3.28
R11[T3][SITE      ]: L=+1.00 R=+1.00 | carry=0 | base=0.28 ba=-0.96 | site=1 sd=0.07 sa=-0.12 | phero=0 pd=0.00 pa=+0.00 | srch=0.28 | wall=2.16
R12[T3][SITE      ]: L=+0.47 R=+1.00 | carry=0 | base=0.18 ba=+0.84 | site=1 sd=0.57 sa=+0.35 | phero=0 pd=0.00 pa=+0.00 | srch=0.08 | wall=2.77
R13[T4][RTB       ]: L=+1.00 R=+1.00 | carry=1 | base=0.12 ba=-0.00 | site=0 sd=0.00 sa=+0.00 | phero=0 pd=0.00 pa=+0.00 | srch=0.00 | wall=2.99
R14[T4][EXPLORE   ]: L=+1.00 R=+1.00 | carry=0 | base=0.13 ba=+0.30 | site=0 sd=0.00 sa=+0.00 | phero=0 pd=0.00 pa=+0.00 | srch=1.00 | wall=2.88
R15[T4][SITE      ]: L=+0.95 R=+1.00 | carry=0 | base=0.26 ba=+0.88 | site=1 sd=0.16 sa=+0.17 | phero=0 pd=0.00 pa=+0.00 | srch=0.10 | wall=2.34
R16[T4][EXPLORE   ]: L=+1.00 R=+1.00 | carry=0 | base=0.41 ba=+0.86 | site=0 sd=0.00 sa=+0.00 | phero=0 pd=0.00 pa=+0.00 | srch=0.52 | wall=1.54

[DEPOSIT] Robot 13 deposited! Total: 125
  [PHERO] Laid at (1.64, 2.70) density=16 prob=1.00 total_entries=32
  [TARGET] Robot 13 → SITE (1.64,2.70)
[PICKUP] Robot 15 picked up tag (density=8) | Total: 128
[DEPOSIT] Robot 3 deposited! Total: 126
  [PHERO] Laid at (0.15, 1.89) density=4 prob=0.82 total_entries=30
  [TARGET] Robot 3 → SITE (0.15,1.89)
[PICKUP] Robot 10 picked up tag (density=3) | Total: 129

======================================================================
Step 14500 (7.7 min) | Pickups: 129 | Deposits: 126 | Rate: 16.29 tags/min | phero_entries=29 phero_max=0.843
======================================================================
R1[T1][SITE      ]: L=+1.00 R=+1.00 | carry=0 | base=0.55 ba=+0.65 | site=1 sd=0.23 sa=-0.41 | phero=0 pd=0.00 pa=+0.00 | srch=0.37 | wall=1.41
R2[T1][EXPLORE   ]: L=+1.00 R=+1.00 | carry=0 | base=0.40 ba=-0.74 | site=0 sd=0.00 sa=+0.00 | phero=0 pd=0.00 pa=+0.00 | srch=0.81 | wall=1.55
R3[T1][BASE_ESC  ]: L=+1.00 R=+0.52 | carry=0 | base=0.05 ba=+0.88 | site=1 sd=0.34 sa=-0.22 | phero=0 pd=0.00 pa=+0.00 | srch=0.03 | wall=3.26
R4[T1][RTB       ]: L=+1.00 R=+1.00 | carry=1 | base=0.08 ba=-0.00 | site=0 sd=0.00 sa=+0.00 | phero=0 pd=0.00 pa=+0.00 | srch=0.00 | wall=3.17
R5[T2][SITE      ]: L=+0.91 R=+1.00 | carry=0 | base=0.58 ba=+0.75 | site=1 sd=0.11 sa=+0.35 | phero=0 pd=0.00 pa=+0.00 | srch=0.22 | wall=0.68
R6[T2][EXPLORE   ]: L=+1.00 R=+1.00 | carry=0 | base=0.59 ba=+0.61 | site=0 sd=0.00 sa=+0.00 | phero=0 pd=0.00 pa=+0.00 | srch=0.63 | wall=0.85
R7[T2][EXPLORE   ]: L=+1.00 R=+0.99 | carry=0 | base=0.58 ba=+0.20 | site=0 sd=0.00 sa=+0.00 | phero=0 pd=0.00 pa=+0.00 | srch=0.56 | wall=0.64
R8[T2][SITE      ]: L=+0.95 R=+1.00 | carry=0 | base=0.68 ba=+0.72 | site=1 sd=0.06 sa=+0.08 | phero=0 pd=0.00 pa=+0.00 | srch=0.26 | wall=0.91
R9[T3][SITE      ]: L=+1.00 R=+1.00 | carry=0 | base=0.49 ba=-0.83 | site=1 sd=0.11 sa=-0.01 | phero=0 pd=0.00 pa=+0.00 | srch=0.19 | wall=1.42
R10[T3][RTB       ]: L=+1.00 R=+0.00 | carry=1 | base=0.32 ba=-0.50 | site=0 sd=0.00 sa=+0.00 | phero=0 pd=0.00 pa=+0.00 | srch=0.00 | wall=1.94
R11[T3][EXPLORE   ]: L=+1.00 R=+1.00 | carry=0 | base=0.61 ba=-0.88 | site=0 sd=0.00 sa=+0.00 | phero=0 pd=0.00 pa=+0.00 | srch=0.41 | wall=0.59
R12[T3][SITE      ]: L=+1.00 R=+1.00 | carry=0 | base=0.43 ba=+0.76 | site=1 sd=0.23 sa=+0.06 | phero=0 pd=0.00 pa=+0.00 | srch=0.21 | wall=1.37
R13[T4][SITE      ]: L=+1.00 R=+1.00 | carry=0 | base=0.28 ba=+1.00 | site=1 sd=0.40 sa=+0.24 | phero=0 pd=0.00 pa=+0.00 | srch=0.10 | wall=2.32
R14[T4][EXPLORE   ]: L=+1.00 R=+1.00 | carry=0 | base=0.33 ba=+0.90 | site=0 sd=0.00 sa=+0.00 | phero=0 pd=0.00 pa=+0.00 | srch=1.00 | wall=2.05
R15[T4][RTB       ]: L=+1.00 R=+1.00 | carry=1 | base=0.28 ba=+0.00 | site=0 sd=0.00 sa=+0.00 | phero=0 pd=0.00 pa=+0.00 | srch=0.00 | wall=2.40
R16[T4][EXPLORE   ]: L=+1.00 R=+1.00 | carry=0 | base=0.59 ba=+0.15 | site=0 sd=0.00 sa=+0.00 | phero=0 pd=0.00 pa=+0.00 | srch=0.65 | wall=0.60

[DEPOSIT] Robot 4 deposited! Total: 127
  [PHERO] Laid at (2.86, -2.04) density=7 prob=0.99 total_entries=29
  [TARGET] Robot 4 → SITE (2.86,-2.04)
[GIVE-UP] R2 giving up after 3323 steps
[PICKUP] Robot 5 picked up tag (density=4) | Total: 130
[DEPOSIT] Robot 15 deposited! Total: 128
  [PHERO] Laid at (1.50, -1.28) density=8 prob=1.00 total_entries=28
  [TARGET] Robot 15 → SITE (1.50,-1.28)
[PICKUP] Robot 12 picked up tag (density=3) | Total: 131
[GIVE-UP] R9 giving up after 1106 steps
[PICKUP] Robot 6 picked up tag (density=6) | Total: 132

======================================================================
Step 15000 (8.0 min) | Pickups: 132 | Deposits: 128 | Rate: 16.00 tags/min | phero_entries=26 phero_max=0.719
======================================================================
R1[T1][SITE      ]: L=+1.00 R=+0.84 | carry=0 | base=0.80 ba=-0.48 | site=1 sd=0.04 sa=-0.22 | phero=0 pd=0.00 pa=+0.00 | srch=0.50 | wall=0.38
R2[T1][GIVE_UP   ]: L=+1.00 R=+1.00 | carry=0 | base=0.20 ba=-0.00 | site=0 sd=0.00 sa=+0.00 | phero=0 pd=0.00 pa=+0.00 | srch=0.93 | wall=2.58
R3[T1][SITE      ]: L=+0.93 R=+1.00 | carry=0 | base=0.34 ba=-1.00 | site=1 sd=0.04 sa=+0.10 | phero=0 pd=0.00 pa=+0.00 | srch=0.15 | wall=1.81
R4[T1][SITE      ]: L=+1.00 R=+1.00 | carry=0 | base=0.32 ba=-0.98 | site=1 sd=0.48 sa=+0.33 | phero=0 pd=0.00 pa=+0.00 | srch=0.11 | wall=2.04
R5[T2][RTB       ]: L=+1.00 R=+1.00 | carry=1 | base=0.35 ba=+0.00 | site=0 sd=0.00 sa=+0.00 | phero=0 pd=0.00 pa=+0.00 | srch=0.00 | wall=1.86
R6[T2][RTB       ]: L=+0.00 R=+1.00 | carry=1 | base=0.79 ba=+0.38 | site=0 sd=0.00 sa=+0.00 | phero=0 pd=0.00 pa=+0.00 | srch=0.00 | wall=0.49
R7[T2][EXPLORE   ]: L=+1.00 R=+1.00 | carry=0 | base=0.36 ba=+0.44 | site=0 sd=0.00 sa=+0.00 | phero=0 pd=0.00 pa=+0.00 | srch=0.69 | wall=2.17
R8[T2][EXPLORE   ]: L=+1.00 R=+1.00 | carry=0 | base=0.55 ba=+0.17 | site=0 sd=0.00 sa=+0.00 | phero=0 pd=0.00 pa=+0.00 | srch=0.38 | wall=0.96
R9[T3][GIVE_UP   ]: L=+1.00 R=+1.00 | carry=0 | base=0.60 ba=-0.00 | site=0 sd=0.00 sa=+0.00 | phero=0 pd=0.00 pa=+0.00 | srch=0.31 | wall=0.73
R10[T3][RTB       ]: L=+1.00 R=+1.00 | carry=1 | base=0.06 ba=-0.00 | site=0 sd=0.00 sa=+0.00 | phero=0 pd=0.00 pa=+0.00 | srch=0.00 | wall=3.19
R11[T3][EXPLORE   ]: L=+0.45 R=+1.00 | carry=0 | base=0.58 ba=+0.79 | site=0 sd=0.00 sa=+0.00 | phero=0 pd=0.00 pa=+0.00 | srch=0.53 | wall=0.98
R12[T3][RTB       ]: L=+1.00 R=+1.00 | carry=1 | base=0.51 ba=+0.00 | site=0 sd=0.00 sa=+0.00 | phero=0 pd=0.00 pa=+0.00 | srch=0.00 | wall=1.12
R13[T4][SITE      ]: L=+1.00 R=+1.00 | carry=0 | base=0.62 ba=+0.79 | site=1 sd=0.16 sa=+0.30 | phero=0 pd=0.00 pa=+0.00 | srch=0.23 | wall=1.29
R14[T4][EXPLORE   ]: L=+1.00 R=+1.00 | carry=0 | base=0.71 ba=+0.95 | site=0 sd=0.00 sa=+0.00 | phero=0 pd=0.00 pa=+0.00 | srch=1.00 | wall=0.69
R15[T4][SITE      ]: L=+1.00 R=+0.97 | carry=0 | base=0.12 ba=+0.99 | site=1 sd=0.29 sa=-0.21 | phero=0 pd=0.00 pa=+0.00 | srch=0.05 | wall=2.91
R16[T4][EXPLORE   ]: L=+1.00 R=+1.00 | carry=0 | base=0.31 ba=+0.37 | site=0 sd=0.00 sa=+0.00 | phero=0 pd=0.00 pa=+0.00 | srch=0.77 | wall=2.23

[DEPOSIT] Robot 10 deposited! Total: 129
  [PHERO] Laid at (-0.07, 1.55) density=3 prob=0.65 total_entries=27
  [TARGET] Robot 10 → SITE (-0.07,1.55)
[PICKUP] Robot 1 picked up tag (density=15) | Total: 133
[EMPTY_RTN] R2 → phero(-0.09,1.52)
[PICKUP] Robot 13 picked up tag (density=15) | Total: 134
[DEPOSIT] Robot 5 deposited! Total: 130
  [PHERO] Laid at (2.89, 0.99) density=4 prob=0.82 total_entries=28
  [TARGET] Robot 5 → SITE (2.89,0.99)
[PICKUP] Robot 15 picked up tag (density=7) | Total: 135

======================================================================
Step 15500 (8.3 min) | Pickups: 135 | Deposits: 130 | Rate: 15.73 tags/min | phero_entries=27 phero_max=0.840
======================================================================
R1[T1][RTB       ]: L=+1.00 R=+1.00 | carry=1 | base=0.47 ba=-0.00 | site=0 sd=0.00 sa=+0.00 | phero=0 pd=0.00 pa=+0.00 | srch=0.00 | wall=1.62
R2[T1][PHERO     ]: L=+1.00 R=+0.99 | carry=0 | base=0.19 ba=-0.89 | site=0 sd=0.00 sa=+0.00 | phero=1 pd=0.14 pa=-0.10 | srch=0.08 | wall=2.63
R3[T1][WALL_ESC  ]: L=+0.00 R=+1.00 | carry=0 | base=0.65 ba=+0.31 | site=0 sd=0.00 sa=+0.00 | phero=0 pd=0.00 pa=+0.00 | srch=0.28 | wall=0.34
R4[T1][SITE      ]: L=+0.99 R=+1.00 | carry=0 | base=0.60 ba=+0.75 | site=1 sd=0.15 sa=-0.01 | phero=0 pd=0.00 pa=+0.00 | srch=0.24 | wall=1.37
R5[T2][SITE      ]: L=+1.00 R=+0.56 | carry=0 | base=0.05 ba=+0.90 | site=1 sd=0.57 sa=-0.19 | phero=0 pd=0.00 pa=+0.00 | srch=0.03 | wall=3.29
R6[T2][RTB       ]: L=+1.00 R=+1.00 | carry=1 | base=0.43 ba=+0.00 | site=0 sd=0.00 sa=+0.00 | phero=0 pd=0.00 pa=+0.00 | srch=0.00 | wall=1.83
R7[T2][EXPLORE   ]: L=+0.95 R=+1.00 | carry=0 | base=0.47 ba=+0.70 | site=0 sd=0.00 sa=+0.00 | phero=0 pd=0.00 pa=+0.00 | srch=0.81 | wall=1.17
R8[T2][EXPLORE   ]: L=+1.00 R=+1.00 | carry=0 | base=0.29 ba=+0.41 | site=0 sd=0.00 sa=+0.00 | phero=0 pd=0.00 pa=+0.00 | srch=0.51 | wall=2.15
R9[T3][GIVE_UP   ]: L=+1.00 R=+1.00 | carry=0 | base=0.21 ba=-0.00 | site=0 sd=0.00 sa=+0.00 | phero=0 pd=0.00 pa=+0.00 | srch=0.44 | wall=2.53
R10[T3][SITE      ]: L=+0.80 R=+1.00 | carry=0 | base=0.32 ba=+0.74 | site=1 sd=0.03 sa=+0.28 | phero=0 pd=0.00 pa=+0.00 | srch=0.12 | wall=1.94
R11[T3][EXPLORE   ]: L=-0.07 R=+0.37 | carry=0 | base=0.56 ba=-0.93 | site=0 sd=0.00 sa=+0.00 | phero=0 pd=0.00 pa=+0.00 | srch=0.66 | wall=0.98
R12[T3][RTB       ]: L=+1.00 R=+1.00 | carry=1 | base=0.12 ba=+0.00 | site=0 sd=0.00 sa=+0.00 | phero=0 pd=0.00 pa=+0.00 | srch=0.00 | wall=2.92
R13[T4][RTB       ]: L=+1.00 R=+1.00 | carry=1 | base=0.54 ba=+0.00 | site=0 sd=0.00 sa=+0.00 | phero=0 pd=0.00 pa=+0.00 | srch=0.00 | wall=1.17
R14[T4][EXPLORE   ]: L=+1.00 R=+1.00 | carry=0 | base=0.77 ba=+0.49 | site=0 sd=0.00 sa=+0.00 | phero=0 pd=0.00 pa=+0.00 | srch=1.00 | wall=0.37
R15[T4][RTB       ]: L=+1.00 R=+0.61 | carry=1 | base=0.40 ba=-0.16 | site=0 sd=0.00 sa=+0.00 | phero=0 pd=0.00 pa=+0.00 | srch=0.00 | wall=2.04
R16[T4][EXPLORE   ]: L=+1.00 R=+1.00 | carry=0 | base=0.50 ba=+0.93 | site=0 sd=0.00 sa=+0.00 | phero=0 pd=0.00 pa=+0.00 | srch=0.90 | wall=1.09

[PICKUP] Robot 10 picked up tag (density=2) | Total: 136
[DEPOSIT] Robot 12 deposited! Total: 131
  [TARGET] Robot 12 → SITE (2.84,0.94)
[PICKUP] Robot 4 picked up tag (density=5) | Total: 137
[PICKUP] Robot 7 picked up tag (density=2) | Total: 138
[EMPTY_RTN] R9 → phero(1.50,-1.28)
[PICKUP] Robot 2 picked up tag (density=1) | Total: 139
[GIVE-UP] R3 giving up after 1434 steps
[DEPOSIT] Robot 10 deposited! Total: 132
  [TARGET] Robot 10 → SITE (0.04,1.59)
[DEPOSIT] Robot 15 deposited! Total: 133
  [PHERO] Laid at (1.53, -1.32) density=7 prob=0.99 total_entries=24
  [TARGET] Robot 15 → SITE (1.53,-1.32)
[DEPOSIT] Robot 6 deposited! Total: 134
  [PHERO] Laid at (2.99, -2.49) density=6 prob=0.97 total_entries=25
  [TARGET] Robot 6 → SITE (2.99,-2.49)

======================================================================
Step 16000 (8.5 min) | Pickups: 139 | Deposits: 134 | Rate: 15.70 tags/min | phero_entries=25 phero_max=0.984
======================================================================
R1[T1][RTB       ]: L=+1.00 R=+1.00 | carry=1 | base=0.08 ba=-0.00 | site=0 sd=0.00 sa=+0.00 | phero=0 pd=0.00 pa=+0.00 | srch=0.00 | wall=3.18
R2[T1][RTB       ]: L=+1.00 R=+1.00 | carry=1 | base=0.19 ba=-0.00 | site=0 sd=0.00 sa=+0.00 | phero=0 pd=0.00 pa=+0.00 | srch=0.00 | wall=2.57
R3[T1][GIVE_UP   ]: L=+1.00 R=+1.00 | carry=0 | base=0.39 ba=-0.00 | site=0 sd=0.00 sa=+0.00 | phero=0 pd=0.00 pa=+0.00 | srch=0.40 | wall=1.68
R4[T1][RTB       ]: L=+1.00 R=+1.00 | carry=1 | base=0.58 ba=+0.00 | site=0 sd=0.00 sa=+0.00 | phero=0 pd=0.00 pa=+0.00 | srch=0.00 | wall=1.11
R5[T2][SITE      ]: L=+1.00 R=+0.13 | carry=0 | base=0.43 ba=-0.86 | site=1 sd=0.38 sa=-0.31 | phero=0 pd=0.00 pa=+0.00 | srch=0.15 | wall=1.73
R6[T2][BASE_ESC  ]: L=+1.00 R=+0.00 | carry=0 | base=0.05 ba=+0.15 | site=1 sd=0.74 sa=-0.87 | phero=0 pd=0.00 pa=+0.00 | srch=0.00 | wall=3.31
R7[T2][RTB       ]: L=+1.00 R=+1.00 | carry=1 | base=0.43 ba=+0.00 | site=0 sd=0.00 sa=+0.00 | phero=0 pd=0.00 pa=+0.00 | srch=0.00 | wall=1.53
R8[T2][EXPLORE   ]: L=+1.00 R=+1.00 | carry=0 | base=0.42 ba=+0.76 | site=0 sd=0.00 sa=+0.00 | phero=0 pd=0.00 pa=+0.00 | srch=0.63 | wall=1.45
R9[T3][PHERO     ]: L=+0.98 R=+1.00 | carry=0 | base=0.06 ba=-0.54 | site=0 sd=0.00 sa=+0.00 | phero=1 pd=0.37 pa=+0.09 | srch=0.07 | wall=3.22
R10[T3][BASE_ESC  ]: L=+1.00 R=+0.00 | carry=0 | base=0.04 ba=+0.49 | site=1 sd=0.28 sa=-0.57 | phero=0 pd=0.00 pa=+0.00 | srch=0.01 | wall=3.28
R11[T3][EXPLORE   ]: L=+1.00 R=+1.00 | carry=0 | base=0.57 ba=+0.65 | site=0 sd=0.00 sa=+0.00 | phero=0 pd=0.00 pa=+0.00 | srch=0.78 | wall=0.69
R12[T3][SITE      ]: L=+1.00 R=+1.00 | carry=0 | base=0.25 ba=+1.00 | site=1 sd=0.35 sa=+0.02 | phero=0 pd=0.00 pa=+0.00 | srch=0.10 | wall=2.30
R13[T4][RTB       ]: L=+1.00 R=+1.00 | carry=1 | base=0.15 ba=+0.00 | site=0 sd=0.00 sa=+0.00 | phero=0 pd=0.00 pa=+0.00 | srch=0.00 | wall=2.85
R14[T4][EXPLORE   ]: L=+1.00 R=+1.00 | carry=0 | base=0.47 ba=+0.23 | site=0 sd=0.00 sa=+0.00 | phero=0 pd=0.00 pa=+0.00 | srch=1.00 | wall=1.25
R15[T4][BASE_ESC  ]: L=+0.00 R=+1.00 | carry=0 | base=0.04 ba=-0.46 | site=1 sd=0.37 sa=+0.63 | phero=0 pd=0.00 pa=+0.00 | srch=0.01 | wall=3.34
R16[T4][EXPLORE   ]: L=+1.00 R=+0.82 | carry=0 | base=0.52 ba=+0.40 | site=0 sd=0.00 sa=+0.00 | phero=0 pd=0.00 pa=+0.00 | srch=1.00 | wall=0.91

[PICKUP] Robot 16 picked up tag (density=16) | Total: 140
[DEPOSIT] Robot 1 deposited! Total: 135
  [PHERO] Laid at (2.24, -3.08) density=15 prob=1.00 total_entries=26
  [TARGET] Robot 1 → SITE (2.24,-3.08)
[DEPOSIT] Robot 13 deposited! Total: 136
  [PHERO] Laid at (1.67, 2.91) density=15 prob=1.00 total_entries=27
  [TARGET] Robot 13 → SITE (1.67,2.91)
[DEPOSIT] Robot 2 deposited! Total: 137
  [TARGET] Robot 2 → SITE (-0.08,1.59)
[GIVE-UP] R11 giving up after 3554 steps
[EMPTY_RTN] R3 → phero(2.99,-2.49)
[PICKUP] Robot 5 picked up tag (density=1) | Total: 141
[DEPOSIT] Robot 7 deposited! Total: 138
  [PHERO] Laid at (2.71, 0.99) density=2 prob=0.42 total_entries=24
  [TARGET] Robot 7 → SITE (2.71,0.99)

======================================================================
Step 16500 (8.8 min) | Pickups: 141 | Deposits: 138 | Rate: 15.68 tags/min | phero_entries=23 phero_max=0.986
======================================================================
R1[T1][SITE      ]: L=+1.00 R=+1.00 | carry=0 | base=0.32 ba=+0.98 | site=1 sd=0.55 sa=-0.33 | phero=0 pd=0.00 pa=+0.00 | srch=0.11 | wall=2.01
R2[T1][SITE      ]: L=+1.00 R=+1.00 | carry=0 | base=0.18 ba=+0.90 | site=1 sd=0.15 sa=-0.05 | phero=0 pd=0.00 pa=+0.00 | srch=0.08 | wall=2.63
R3[T1][BASE_ESC  ]: L=+0.00 R=+1.00 | carry=0 | base=0.04 ba=-0.58 | site=0 sd=0.00 sa=+0.00 | phero=1 pd=0.82 pa=-0.36 | srch=0.02 | wall=3.28
R4[T1][RTB       ]: L=+1.00 R=+1.00 | carry=1 | base=0.19 ba=+0.00 | site=0 sd=0.00 sa=+0.00 | phero=0 pd=0.00 pa=+0.00 | srch=0.00 | wall=2.72
R5[T2][RTB       ]: L=+1.00 R=+0.29 | carry=1 | base=0.61 ba=-0.28 | site=0 sd=0.00 sa=+0.00 | phero=0 pd=0.00 pa=+0.00 | srch=0.00 | wall=0.75
R6[T2][SITE      ]: L=+1.00 R=+1.00 | carry=0 | base=0.36 ba=-0.99 | site=1 sd=0.53 sa=-0.30 | phero=0 pd=0.00 pa=+0.00 | srch=0.13 | wall=1.74
R7[T2][BASE_ESC  ]: L=+1.00 R=+0.00 | carry=0 | base=0.05 ba=+0.17 | site=1 sd=0.54 sa=-0.85 | phero=0 pd=0.00 pa=+0.00 | srch=0.00 | wall=3.29
R8[T2][EXPLORE   ]: L=+1.00 R=+1.00 | carry=0 | base=0.62 ba=+0.20 | site=0 sd=0.00 sa=+0.00 | phero=0 pd=0.00 pa=+0.00 | srch=0.76 | wall=0.53
R9[T3][EXPLORE   ]: L=+1.00 R=+1.00 | carry=0 | base=0.40 ba=+0.99 | site=0 sd=0.00 sa=+0.00 | phero=0 pd=0.00 pa=+0.00 | srch=0.19 | wall=2.01
R10[T3][EXPLORE   ]: L=+1.00 R=+1.00 | carry=0 | base=0.34 ba=+0.85 | site=0 sd=0.00 sa=+0.00 | phero=0 pd=0.00 pa=+0.00 | srch=0.14 | wall=1.80
R11[T3][GIVE_UP   ]: L=+0.07 R=+1.00 | carry=0 | base=0.62 ba=+0.37 | site=0 sd=0.00 sa=+0.00 | phero=0 pd=0.00 pa=+0.00 | srch=0.91 | wall=0.44
R12[T3][EXPLORE   ]: L=+1.00 R=+1.00 | carry=0 | base=0.63 ba=-0.95 | site=0 sd=0.00 sa=+0.00 | phero=0 pd=0.00 pa=+0.00 | srch=0.23 | wall=0.53
R13[T4][SITE      ]: L=+1.00 R=+1.00 | carry=0 | base=0.24 ba=+0.96 | site=1 sd=0.50 sa=-0.32 | phero=0 pd=0.00 pa=+0.00 | srch=0.09 | wall=2.34
R14[T4][EXPLORE   ]: L=+1.00 R=+1.00 | carry=0 | base=0.24 ba=+0.44 | site=0 sd=0.00 sa=+0.00 | phero=0 pd=0.00 pa=+0.00 | srch=1.00 | wall=2.55
R15[T4][SITE      ]: L=+0.51 R=+0.50 | carry=0 | base=0.33 ba=-0.96 | site=1 sd=0.08 sa=-0.02 | phero=0 pd=0.00 pa=+0.00 | srch=0.14 | wall=2.22
R16[T4][RTB       ]: L=+1.00 R=+1.00 | carry=1 | base=0.19 ba=+0.00 | site=0 sd=0.00 sa=+0.00 | phero=0 pd=0.00 pa=+0.00 | srch=0.00 | wall=2.58

[PICKUP] Robot 9 picked up tag (density=6) | Total: 142
[DEPOSIT] Robot 16 deposited! Total: 139
  [PHERO] Laid at (-2.58, 0.06) density=16 prob=1.00 total_entries=24
  [TARGET] Robot 16 → SITE (-2.58,0.06)
[DEPOSIT] Robot 4 deposited! Total: 140
  [PHERO] Laid at (2.92, -2.05) density=5 prob=0.92 total_entries=25
  [TARGET] Robot 4 → SITE (2.92,-2.05)
[PICKUP] Robot 15 picked up tag (density=5) | Total: 143

======================================================================
Step 17000 (9.1 min) | Pickups: 143 | Deposits: 140 | Rate: 15.44 tags/min | phero_entries=23 phero_max=0.597
======================================================================
R1[T1][SITE      ]: L=+1.00 R=+0.96 | carry=0 | base=0.64 ba=-0.85 | site=1 sd=0.24 sa=-0.22 | phero=0 pd=0.00 pa=+0.00 | srch=0.24 | wall=0.97
R2[T1][EXPLORE   ]: L=+1.00 R=+1.00 | carry=0 | base=0.51 ba=-0.92 | site=0 sd=0.00 sa=+0.00 | phero=0 pd=0.00 pa=+0.00 | srch=0.20 | wall=0.98
R3[T1][PHERO     ]: L=+0.78 R=+0.78 | carry=0 | base=0.10 ba=-0.83 | site=0 sd=0.00 sa=+0.00 | phero=1 pd=0.69 pa=+0.10 | srch=0.14 | wall=3.06
R4[T1][SITE      ]: L=+1.00 R=+0.98 | carry=0 | base=0.21 ba=-0.94 | site=1 sd=0.52 sa=-0.05 | phero=0 pd=0.00 pa=+0.00 | srch=0.08 | wall=2.53
R5[T2][RTB       ]: L=+1.00 R=+1.00 | carry=1 | base=0.24 ba=-0.00 | site=0 sd=0.00 sa=+0.00 | phero=0 pd=0.00 pa=+0.00 | srch=0.00 | wall=2.41
R6[T2][SITE      ]: L=+1.00 R=+1.00 | carry=0 | base=0.66 ba=-0.26 | site=1 sd=0.31 sa=+0.30 | phero=0 pd=0.00 pa=+0.00 | srch=0.25 | wall=0.37
R7[T2][SITE      ]: L=+1.00 R=+0.79 | carry=0 | base=0.35 ba=-0.89 | site=1 sd=0.34 sa=-0.25 | phero=0 pd=0.00 pa=+0.00 | srch=0.13 | wall=2.13
R8[T2][EXPLORE   ]: L=+1.00 R=+0.90 | carry=0 | base=0.39 ba=+0.44 | site=0 sd=0.00 sa=+0.00 | phero=0 pd=0.00 pa=+0.00 | srch=0.88 | wall=2.00
R9[T3][RTB       ]: L=+1.00 R=+1.00 | carry=1 | base=0.12 ba=+0.00 | site=0 sd=0.00 sa=+0.00 | phero=0 pd=0.00 pa=+0.00 | srch=0.00 | wall=3.04
R10[T3][WALL_ESC  ]: L=+0.00 R=+1.00 | carry=0 | base=0.65 ba=+0.27 | site=0 sd=0.00 sa=+0.00 | phero=0 pd=0.00 pa=+0.00 | srch=0.26 | wall=0.34
R11[T3][GIVE_UP   ]: L=+1.00 R=+1.00 | carry=0 | base=0.26 ba=+0.00 | site=0 sd=0.00 sa=+0.00 | phero=0 pd=0.00 pa=+0.00 | srch=1.00 | wall=2.22
R12[T3][EXPLORE   ]: L=+1.00 R=+1.00 | carry=0 | base=0.42 ba=-0.14 | site=0 sd=0.00 sa=+0.00 | phero=0 pd=0.00 pa=+0.00 | srch=0.35 | wall=1.42
R13[T4][SITE      ]: L=+1.00 R=+0.98 | carry=0 | base=0.55 ba=-0.70 | site=1 sd=0.25 sa=-0.09 | phero=0 pd=0.00 pa=+0.00 | srch=0.22 | wall=0.79
R14[T4][EXPLORE   ]: L=+1.00 R=+1.00 | carry=0 | base=0.41 ba=+0.81 | site=0 sd=0.00 sa=+0.00 | phero=0 pd=0.00 pa=+0.00 | srch=1.00 | wall=1.51
R15[T4][RTB       ]: L=+1.00 R=+1.00 | carry=1 | base=0.26 ba=-0.00 | site=0 sd=0.00 sa=+0.00 | phero=0 pd=0.00 pa=+0.00 | srch=0.00 | wall=2.57
R16[T4][SITE      ]: L=+1.00 R=+0.97 | carry=0 | base=0.21 ba=-0.97 | site=1 sd=0.35 sa=-0.21 | phero=0 pd=0.00 pa=+0.00 | srch=0.08 | wall=2.55

[GIVE-UP] R11 giving up after 4178 steps
[DEPOSIT] Robot 9 deposited! Total: 141
  [PHERO] Laid at (1.50, -1.33) density=6 prob=0.97 total_entries=24
  [TARGET] Robot 9 → SITE (1.50,-1.33)
[PICKUP] Robot 13 picked up tag (density=14) | Total: 144
[DEPOSIT] Robot 5 deposited! Total: 142
  [TARGET] Robot 5 → SITE (2.75,1.26)
[EMPTY_RTN] R11 → phero(1.50,-1.33)
[DEPOSIT] Robot 15 deposited! Total: 143
  [PHERO] Laid at (1.55, -1.33) density=5 prob=0.92 total_entries=23
  [TARGET] Robot 15 → SITE (1.55,-1.33)
[PICKUP] Robot 16 picked up tag (density=15) | Total: 145
[PICKUP] Robot 1 picked up tag (density=14) | Total: 146
[GIVE-UP] R8 giving up after 3984 steps

======================================================================
Step 17500 (9.3 min) | Pickups: 146 | Deposits: 143 | Rate: 15.32 tags/min | phero_entries=21 phero_max=0.736
======================================================================
R1[T1][RTB       ]: L=+1.00 R=+0.98 | carry=1 | base=0.72 ba=-0.01 | site=0 sd=0.00 sa=+0.00 | phero=0 pd=0.00 pa=+0.00 | srch=0.00 | wall=0.57
R2[T1][EXPLORE   ]: L=+1.00 R=+1.00 | carry=0 | base=0.51 ba=-0.23 | site=0 sd=0.00 sa=+0.00 | phero=0 pd=0.00 pa=+0.00 | srch=0.33 | wall=1.13
R3[T1][PHERO     ]: L=+0.73 R=+0.73 | carry=0 | base=0.38 ba=-0.98 | site=0 sd=0.00 sa=+0.00 | phero=1 pd=0.42 pa=+0.14 | srch=0.27 | wall=2.06
R4[T1][SITE      ]: L=+0.82 R=+0.83 | carry=0 | base=0.58 ba=-0.95 | site=1 sd=0.14 sa=+0.04 | phero=0 pd=0.00 pa=+0.00 | srch=0.21 | wall=1.15
R5[T2][SITE      ]: L=+0.97 R=+1.00 | carry=0 | base=0.16 ba=+1.00 | site=1 sd=0.47 sa=+0.20 | phero=0 pd=0.00 pa=+0.00 | srch=0.06 | wall=2.70
R6[T2][SITE      ]: L=+0.89 R=+1.00 | carry=0 | base=0.71 ba=-0.96 | site=1 sd=0.10 sa=+0.28 | phero=0 pd=0.00 pa=+0.00 | srch=0.38 | wall=1.02
R7[T2][SITE      ]: L=+1.00 R=+0.75 | carry=0 | base=0.60 ba=-0.49 | site=1 sd=0.02 sa=-0.23 | phero=0 pd=0.00 pa=+0.00 | srch=0.25 | wall=0.75
R8[T2][GIVE_UP   ]: L=+1.00 R=+0.59 | carry=0 | base=0.47 ba=-0.16 | site=0 sd=0.00 sa=+0.00 | phero=0 pd=0.00 pa=+0.00 | srch=1.00 | wall=1.76
R9[T3][SITE      ]: L=+1.00 R=+1.00 | carry=0 | base=0.28 ba=+1.00 | site=1 sd=0.15 sa=+0.23 | phero=0 pd=0.00 pa=+0.00 | srch=0.10 | wall=2.35
R10[T3][EXPLORE   ]: L=+1.00 R=+1.00 | carry=0 | base=0.39 ba=+0.31 | site=0 sd=0.00 sa=+0.00 | phero=0 pd=0.00 pa=+0.00 | srch=0.39 | wall=2.10
R11[T3][PHERO     ]: L=+0.98 R=+0.99 | carry=0 | base=0.14 ba=+0.93 | site=0 sd=0.00 sa=+0.00 | phero=1 pd=0.28 pa=+0.06 | srch=0.06 | wall=2.94
R12[T3][EXPLORE   ]: L=+1.00 R=+1.00 | carry=0 | base=0.18 ba=-0.51 | site=0 sd=0.00 sa=+0.00 | phero=0 pd=0.00 pa=+0.00 | srch=0.48 | wall=2.72
R13[T4][RTB       ]: L=+1.00 R=+1.00 | carry=1 | base=0.45 ba=-0.00 | site=0 sd=0.00 sa=+0.00 | phero=0 pd=0.00 pa=+0.00 | srch=0.00 | wall=1.45
R14[T4][WALL_ESC  ]: L=+0.00 R=+1.00 | carry=0 | base=0.74 ba=+0.52 | site=0 sd=0.00 sa=+0.00 | phero=0 pd=0.00 pa=+0.00 | srch=1.00 | wall=0.34
R15[T4][SITE      ]: L=+1.00 R=+0.99 | carry=0 | base=0.11 ba=+1.00 | site=1 sd=0.31 sa=-0.13 | phero=0 pd=0.00 pa=+0.00 | srch=0.05 | wall=3.00
R16[T4][RTB       ]: L=+1.00 R=+0.58 | carry=1 | base=0.49 ba=-0.16 | site=0 sd=0.00 sa=+0.00 | phero=0 pd=0.00 pa=+0.00 | srch=0.00 | wall=1.10

[PICKUP] Robot 9 picked up tag (density=4) | Total: 147
[GIVE-UP] R10 giving up after 1769 steps
[PICKUP] Robot 6 picked up tag (density=4) | Total: 148
[PICKUP] Robot 14 picked up tag (density=13) | Total: 149

======================================================================
Step 18000 (9.6 min) | Pickups: 149 | Deposits: 143 | Rate: 14.90 tags/min | phero_entries=17 phero_max=0.330
======================================================================
R1[T1][RTB       ]: L=+1.00 R=+1.00 | carry=1 | base=0.33 ba=-0.00 | site=0 sd=0.00 sa=+0.00 | phero=0 pd=0.00 pa=+0.00 | srch=0.00 | wall=2.15
R2[T1][EXPLORE   ]: L=+1.00 R=+1.00 | carry=0 | base=0.33 ba=-0.50 | site=0 sd=0.00 sa=+0.00 | phero=0 pd=0.00 pa=+0.00 | srch=0.45 | wall=1.99
R3[T1][PHERO     ]: L=+0.95 R=+1.00 | carry=0 | base=0.71 ba=+0.84 | site=0 sd=0.00 sa=+0.00 | phero=1 pd=0.12 pa=+0.15 | srch=0.39 | wall=0.92
R4[T1][EXPLORE   ]: L=+1.00 R=+1.00 | carry=0 | base=0.71 ba=+0.04 | site=0 sd=0.00 sa=+0.00 | phero=0 pd=0.00 pa=+0.00 | srch=0.33 | wall=0.56
R5[T2][SITE      ]: L=+0.95 R=+1.00 | carry=0 | base=0.54 ba=+0.89 | site=1 sd=0.22 sa=+0.34 | phero=0 pd=0.00 pa=+0.00 | srch=0.19 | wall=0.83
R6[T2][RTB       ]: L=+1.00 R=+1.00 | carry=1 | base=0.59 ba=+0.00 | site=0 sd=0.00 sa=+0.00 | phero=0 pd=0.00 pa=+0.00 | srch=0.00 | wall=1.19
R7[T2][EXPLORE   ]: L=+1.00 R=+1.00 | carry=0 | base=0.50 ba=-0.53 | site=0 sd=0.00 sa=+0.00 | phero=0 pd=0.00 pa=+0.00 | srch=0.38 | wall=1.13
R8[T2][GIVE_UP   ]: L=+1.00 R=+1.00 | carry=0 | base=0.08 ba=-0.00 | site=0 sd=0.00 sa=+0.00 | phero=0 pd=0.00 pa=+0.00 | srch=1.00 | wall=3.18
R9[T3][RTB       ]: L=+1.00 R=+1.00 | carry=1 | base=0.25 ba=+0.00 | site=0 sd=0.00 sa=+0.00 | phero=0 pd=0.00 pa=+0.00 | srch=0.00 | wall=2.63
R10[T3][GIVE_UP   ]: L=+1.00 R=+1.00 | carry=0 | base=0.13 ba=+0.00 | site=0 sd=0.00 sa=+0.00 | phero=0 pd=0.00 pa=+0.00 | srch=0.51 | wall=2.89
R11[T3][EXPLORE   ]: L=+1.00 R=+1.00 | carry=0 | base=0.43 ba=+0.60 | site=0 sd=0.00 sa=+0.00 | phero=0 pd=0.00 pa=+0.00 | srch=0.18 | wall=1.72
R12[T3][EXPLORE   ]: L=+1.00 R=+1.00 | carry=0 | base=0.43 ba=-0.86 | site=0 sd=0.00 sa=+0.00 | phero=0 pd=0.00 pa=+0.00 | srch=0.60 | wall=1.69
R13[T4][RTB       ]: L=+1.00 R=+1.00 | carry=1 | base=0.06 ba=-0.00 | site=0 sd=0.00 sa=+0.00 | phero=0 pd=0.00 pa=+0.00 | srch=0.00 | wall=3.21
R14[T4][RTB       ]: L=+0.00 R=+1.00 | carry=1 | base=0.67 ba=+0.53 | site=0 sd=0.00 sa=+0.00 | phero=0 pd=0.00 pa=+0.00 | srch=0.00 | wall=0.63
R15[T4][SITE      ]: L=-0.54 R=+0.15 | carry=0 | base=0.37 ba=-0.93 | site=1 sd=0.05 sa=-0.03 | phero=0 pd=0.00 pa=+0.00 | srch=0.17 | wall=2.09
R16[T4][RTB       ]: L=+1.00 R=+1.00 | carry=1 | base=0.10 ba=-0.00 | site=0 sd=0.00 sa=+0.00 | phero=0 pd=0.00 pa=+0.00 | srch=0.00 | wall=2.99

[DEPOSIT] Robot 13 deposited! Total: 144
  [PHERO] Laid at (1.15, 2.92) density=14 prob=1.00 total_entries=18
  [TARGET] Robot 13 → SITE (1.15,2.92)
[PICKUP] Robot 12 picked up tag (density=13) | Total: 150
[EMPTY_RTN] R8 → phero(1.15,2.92)
[DEPOSIT] Robot 16 deposited! Total: 145
  [PHERO] Laid at (-2.42, -0.24) density=15 prob=1.00 total_entries=19
  [TARGET] Robot 16 → SITE (-2.42,-0.24)
[EMPTY_RTN] R10 → phero(-2.42,-0.24)
[DEPOSIT] Robot 9 deposited! Total: 146
  [TARGET] Robot 9 → SITE (1.37,-1.53)
[DEPOSIT] Robot 1 deposited! Total: 147
  [PHERO] Laid at (2.16, -3.09) density=14 prob=1.00 total_entries=18
  [TARGET] Robot 1 → SITE (2.16,-3.09)

======================================================================
Step 18500 (9.9 min) | Pickups: 150 | Deposits: 147 | Rate: 14.90 tags/min | phero_entries=17 phero_max=0.799
======================================================================
R1[T1][SITE      ]: L=+1.00 R=+1.00 | carry=0 | base=0.07 ba=-0.93 | site=1 sd=0.69 sa=+0.20 | phero=0 pd=0.00 pa=+0.00 | srch=0.04 | wall=3.15
R2[T1][EXPLORE   ]: L=+1.00 R=+1.00 | carry=0 | base=0.51 ba=-0.78 | site=0 sd=0.00 sa=+0.00 | phero=0 pd=0.00 pa=+0.00 | srch=0.58 | wall=1.27
R3[T1][EXPLORE   ]: L=+1.00 R=+1.00 | carry=0 | base=0.64 ba=+0.15 | site=0 sd=0.00 sa=+0.00 | phero=0 pd=0.00 pa=+0.00 | srch=0.52 | wall=0.77
R4[T1][EXPLORE   ]: L=+1.00 R=+1.00 | carry=0 | base=0.33 ba=+0.10 | site=0 sd=0.00 sa=+0.00 | phero=0 pd=0.00 pa=+0.00 | srch=0.46 | wall=2.02
R5[T2][EXPLORE   ]: L=+1.00 R=+1.00 | carry=0 | base=0.60 ba=-0.39 | site=0 sd=0.00 sa=+0.00 | phero=0 pd=0.00 pa=+0.00 | srch=0.31 | wall=0.80
R6[T2][RTB       ]: L=+1.00 R=+1.00 | carry=1 | base=0.21 ba=-0.00 | site=0 sd=0.00 sa=+0.00 | phero=0 pd=0.00 pa=+0.00 | srch=0.00 | wall=2.68
R7[T2][EXPLORE   ]: L=+1.00 R=+1.00 | carry=0 | base=0.66 ba=+0.03 | site=0 sd=0.00 sa=+0.00 | phero=0 pd=0.00 pa=+0.00 | srch=0.50 | wall=0.46
R8[T2][PHERO     ]: L=+1.00 R=+1.00 | carry=0 | base=0.26 ba=+1.00 | site=0 sd=0.00 sa=+0.00 | phero=1 pd=0.39 pa=+0.14 | srch=0.11 | wall=2.45
R9[T3][SITE      ]: L=+1.00 R=+1.00 | carry=0 | base=0.15 ba=+0.96 | site=1 sd=0.29 sa=-0.30 | phero=0 pd=0.00 pa=+0.00 | srch=0.06 | wall=2.77
R10[T3][PHERO     ]: L=+1.00 R=+1.00 | carry=0 | base=0.24 ba=+0.95 | site=0 sd=0.00 sa=+0.00 | phero=1 pd=0.27 pa=-0.22 | srch=0.10 | wall=2.40
R11[T3][EXPLORE   ]: L=+0.83 R=+0.88 | carry=0 | base=0.40 ba=-0.58 | site=0 sd=0.00 sa=+0.00 | phero=0 pd=0.00 pa=+0.00 | srch=0.31 | wall=1.56
R12[T3][RTB       ]: L=+1.00 R=+1.00 | carry=1 | base=0.18 ba=-0.00 | site=0 sd=0.00 sa=+0.00 | phero=0 pd=0.00 pa=+0.00 | srch=0.00 | wall=2.79
R13[T4][SITE      ]: L=+1.00 R=+1.00 | carry=0 | base=0.34 ba=+0.99 | site=1 sd=0.37 sa=+0.28 | phero=0 pd=0.00 pa=+0.00 | srch=0.12 | wall=2.24
R14[T4][RTB       ]: L=+1.00 R=+1.00 | carry=1 | base=0.31 ba=+0.00 | site=0 sd=0.00 sa=+0.00 | phero=0 pd=0.00 pa=+0.00 | srch=0.00 | wall=2.13
R15[T4][EXPLORE   ]: L=+0.81 R=+0.98 | carry=0 | base=0.46 ba=+0.35 | site=0 sd=0.00 sa=+0.00 | phero=0 pd=0.00 pa=+0.00 | srch=0.30 | wall=1.53
R16[T4][SITE      ]: L=+1.00 R=+1.00 | carry=0 | base=0.27 ba=-0.97 | site=1 sd=0.28 sa=+0.33 | phero=0 pd=0.00 pa=+0.00 | srch=0.11 | wall=2.25

[DEPOSIT] Robot 12 deposited! Total: 148
  [PHERO] Laid at (-1.29, -1.89) density=13 prob=1.00 total_entries=18
  [TARGET] Robot 12 → SITE (-1.29,-1.89)
[DEPOSIT] Robot 6 deposited! Total: 149
  [PHERO] Laid at (3.01, -2.42) density=4 prob=0.82 total_entries=19
  [TARGET] Robot 6 → SITE (3.01,-2.42)
[DEPOSIT] Robot 14 deposited! Total: 150
  [PHERO] Laid at (1.65, 2.87) density=13 prob=1.00 total_entries=19
  [TARGET] Robot 14 → SITE (1.65,2.87)
[PICKUP] Robot 1 picked up tag (density=8) | Total: 151
[PICKUP] Robot 9 picked up tag (density=3) | Total: 152

======================================================================
Step 19000 (10.1 min) | Pickups: 152 | Deposits: 150 | Rate: 14.80 tags/min | phero_entries=18 phero_max=0.775
======================================================================
R1[T1][RTB       ]: L=+0.46 R=+1.00 | carry=1 | base=0.37 ba=+0.20 | site=0 sd=0.00 sa=+0.00 | phero=0 pd=0.00 pa=+0.00 | srch=0.00 | wall=1.66
R2[T1][EXPLORE   ]: L=+1.00 R=+1.00 | carry=0 | base=0.85 ba=-0.87 | site=0 sd=0.00 sa=+0.00 | phero=0 pd=0.00 pa=+0.00 | srch=0.70 | wall=0.53
R3[T1][EXPLORE   ]: L=+1.00 R=+1.00 | carry=0 | base=0.33 ba=+0.29 | site=0 sd=0.00 sa=+0.00 | phero=0 pd=0.00 pa=+0.00 | srch=0.64 | wall=1.86
R4[T1][EXPLORE   ]: L=+1.00 R=+1.00 | carry=0 | base=0.16 ba=+0.69 | site=0 sd=0.00 sa=+0.00 | phero=0 pd=0.00 pa=+0.00 | srch=0.58 | wall=2.75
R5[T2][EXPLORE   ]: L=+1.00 R=+1.00 | carry=0 | base=0.59 ba=-0.60 | site=0 sd=0.00 sa=+0.00 | phero=0 pd=0.00 pa=+0.00 | srch=0.44 | wall=0.66
R6[T2][SITE      ]: L=+1.00 R=+1.00 | carry=0 | base=0.19 ba=+1.00 | site=1 sd=0.60 sa=+0.10 | phero=0 pd=0.00 pa=+0.00 | srch=0.07 | wall=2.77
R7[T2][EXPLORE   ]: L=+1.00 R=+1.00 | carry=0 | base=0.28 ba=+0.06 | site=0 sd=0.00 sa=+0.00 | phero=0 pd=0.00 pa=+0.00 | srch=0.63 | wall=2.18
R8[T2][PHERO     ]: L=+0.76 R=+0.73 | carry=0 | base=0.56 ba=+0.86 | site=0 sd=0.00 sa=+0.00 | phero=1 pd=0.07 pa=-0.08 | srch=0.24 | wall=0.93
R9[T3][RTB       ]: L=+1.00 R=+0.00 | carry=1 | base=0.43 ba=-0.45 | site=0 sd=0.00 sa=+0.00 | phero=0 pd=0.00 pa=+0.00 | srch=0.00 | wall=1.95
R10[T3][PHERO     ]: L=+0.92 R=+0.90 | carry=0 | base=0.40 ba=-0.80 | site=0 sd=0.00 sa=+0.00 | phero=1 pd=0.12 pa=-0.03 | srch=0.22 | wall=1.59
R11[T3][WALL_ESC  ]: L=+0.00 R=+1.00 | carry=0 | base=0.67 ba=+0.73 | site=0 sd=0.00 sa=+0.00 | phero=0 pd=0.00 pa=+0.00 | srch=0.43 | wall=0.33
R12[T3][SITE      ]: L=+0.97 R=+1.00 | carry=0 | base=0.21 ba=+0.84 | site=1 sd=0.28 sa=+0.07 | phero=0 pd=0.00 pa=+0.00 | srch=0.08 | wall=2.61
R13[T4][SITE      ]: L=+0.96 R=+1.00 | carry=0 | base=0.68 ba=+0.70 | site=1 sd=0.23 sa=+0.31 | phero=0 pd=0.00 pa=+0.00 | srch=0.25 | wall=0.98
R14[T4][SITE      ]: L=+1.00 R=+1.00 | carry=0 | base=0.09 ba=+0.94 | site=1 sd=0.59 sa=-0.20 | phero=0 pd=0.00 pa=+0.00 | srch=0.04 | wall=3.07
R15[T4][EXPLORE   ]: L=+1.00 R=+1.00 | carry=0 | base=0.36 ba=+0.65 | site=0 sd=0.00 sa=+0.00 | phero=0 pd=0.00 pa=+0.00 | srch=0.42 | wall=1.87
R16[T4][SITE      ]: L=+1.00 R=+0.89 | carry=0 | base=0.48 ba=+0.55 | site=1 sd=0.03 sa=-0.09 | phero=0 pd=0.00 pa=+0.00 | srch=0.23 | wall=1.13

[PICKUP] Robot 16 picked up tag (density=14) | Total: 153
[PICKUP] Robot 8 picked up tag (density=12) | Total: 154
[PICKUP] Robot 10 picked up tag (density=13) | Total: 155
[GIVE-UP] R15 giving up after 1945 steps
[PICKUP] Robot 13 picked up tag (density=11) | Total: 156
[PICKUP] Robot 12 picked up tag (density=12) | Total: 157
[PICKUP] Robot 6 picked up tag (density=2) | Total: 158
[PICKUP] Robot 5 picked up tag (density=3) | Total: 159
[DEPOSIT] Robot 1 deposited! Total: 151
  [PHERO] Laid at (0.13, -1.84) density=8 prob=1.00 total_entries=17
  [TARGET] Robot 1 → SITE (0.13,-1.84)

======================================================================
Step 19500 (10.4 min) | Pickups: 159 | Deposits: 151 | Rate: 14.52 tags/min | phero_entries=17 phero_max=0.890
======================================================================
R1[T1][BASE_ESC  ]: L=+1.00 R=+0.00 | carry=0 | base=0.04 ba=+0.62 | site=1 sd=0.33 sa=-0.45 | phero=0 pd=0.00 pa=+0.00 | srch=0.02 | wall=3.29
R2[T1][EXPLORE   ]: L=+1.00 R=+1.00 | carry=0 | base=0.62 ba=-0.04 | site=0 sd=0.00 sa=+0.00 | phero=0 pd=0.00 pa=+0.00 | srch=0.83 | wall=1.18
R3[T1][EXPLORE   ]: L=+1.00 R=+1.00 | carry=0 | base=0.32 ba=+0.69 | site=0 sd=0.00 sa=+0.00 | phero=0 pd=0.00 pa=+0.00 | srch=0.77 | wall=2.01
R4[T1][EXPLORE   ]: L=+1.00 R=+1.00 | carry=0 | base=0.49 ba=+0.91 | site=0 sd=0.00 sa=+0.00 | phero=0 pd=0.00 pa=+0.00 | srch=0.71 | wall=1.27
R5[T2][RTB       ]: L=+1.00 R=+0.95 | carry=1 | base=0.71 ba=-0.02 | site=0 sd=0.00 sa=+0.00 | phero=0 pd=0.00 pa=+0.00 | srch=0.00 | wall=0.71
R6[T2][RTB       ]: L=+0.98 R=+1.00 | carry=1 | base=0.38 ba=+0.01 | site=0 sd=0.00 sa=+0.00 | phero=0 pd=0.00 pa=+0.00 | srch=0.00 | wall=2.12
R7[T2][EXPLORE   ]: L=+0.53 R=+1.00 | carry=0 | base=0.17 ba=+0.17 | site=0 sd=0.00 sa=+0.00 | phero=0 pd=0.00 pa=+0.00 | srch=0.75 | wall=2.68
R8[T2][RTB       ]: L=+1.00 R=+1.00 | carry=1 | base=0.46 ba=-0.00 | site=0 sd=0.00 sa=+0.00 | phero=0 pd=0.00 pa=+0.00 | srch=0.00 | wall=1.41
R9[T3][RTB       ]: L=+1.00 R=+1.00 | carry=1 | base=0.07 ba=-0.00 | site=0 sd=0.00 sa=+0.00 | phero=0 pd=0.00 pa=+0.00 | srch=0.00 | wall=3.25
R10[T3][RTB       ]: L=+1.00 R=+1.00 | carry=1 | base=0.30 ba=-0.00 | site=0 sd=0.00 sa=+0.00 | phero=0 pd=0.00 pa=+0.00 | srch=0.00 | wall=2.02
R11[T3][EXPLORE   ]: L=+0.29 R=+1.00 | carry=0 | base=0.50 ba=+0.88 | site=0 sd=0.00 sa=+0.00 | phero=0 pd=0.00 pa=+0.00 | srch=0.56 | wall=1.09
R12[T3][RTB       ]: L=+0.99 R=+1.00 | carry=1 | base=0.37 ba=+0.00 | site=0 sd=0.00 sa=+0.00 | phero=0 pd=0.00 pa=+0.00 | srch=0.00 | wall=2.01
R13[T4][RTB       ]: L=+1.00 R=+1.00 | carry=1 | base=0.56 ba=+0.00 | site=0 sd=0.00 sa=+0.00 | phero=0 pd=0.00 pa=+0.00 | srch=0.00 | wall=1.06
R14[T4][SITE      ]: L=+1.00 R=+0.97 | carry=0 | base=0.44 ba=-0.79 | site=1 sd=0.28 sa=-0.06 | phero=0 pd=0.00 pa=+0.00 | srch=0.16 | wall=1.35
R15[T4][GIVE_UP   ]: L=+1.00 R=+1.00 | carry=0 | base=0.13 ba=-0.00 | site=0 sd=0.00 sa=+0.00 | phero=0 pd=0.00 pa=+0.00 | srch=0.55 | wall=2.96
R16[T4][RTB       ]: L=+1.00 R=+1.00 | carry=1 | base=0.21 ba=+0.00 | site=0 sd=0.00 sa=+0.00 | phero=0 pd=0.00 pa=+0.00 | srch=0.00 | wall=2.49

[DEPOSIT] Robot 9 deposited! Total: 152
  [PHERO] Laid at (1.56, -1.40) density=3 prob=0.65 total_entries=18
  [TARGET] Robot 9 → SITE (1.56,-1.40)
[EMPTY_RTN] R15 → phero(-1.29,-1.89)
[PICKUP] Robot 4 picked up tag (density=11) | Total: 160
[DEPOSIT] Robot 16 deposited! Total: 153
  [PHERO] Laid at (-2.43, -0.29) density=14 prob=1.00 total_entries=19
  [TARGET] Robot 16 → SITE (-2.43,-0.29)
[DEPOSIT] Robot 10 deposited! Total: 154
  [PHERO] Laid at (-2.44, -0.24) density=13 prob=1.00 total_entries=19
  [TARGET] Robot 10 → SITE (-2.44,-0.24)
[PICKUP] Robot 14 picked up tag (density=10) | Total: 161
[DEPOSIT] Robot 12 deposited! Total: 155
  [PHERO] Laid at (-1.34, -1.67) density=12 prob=1.00 total_entries=20
  [TARGET] Robot 12 → SITE (-1.34,-1.67)
[DEPOSIT] Robot 6 deposited! Total: 156
  [TARGET] Robot 6 → SITE (1.37,-1.63)
[PICKUP] Robot 1 picked up tag (density=7) | Total: 162

======================================================================
Step 20000 (10.7 min) | Pickups: 162 | Deposits: 156 | Rate: 14.62 tags/min | phero_entries=20 phero_max=0.870
======================================================================
R1[T1][RTB       ]: L=+1.00 R=+0.00 | carry=1 | base=0.33 ba=-0.40 | site=0 sd=0.00 sa=+0.00 | phero=0 pd=0.00 pa=+0.00 | srch=0.00 | wall=1.94
R2[T1][EXPLORE   ]: L=+1.00 R=+1.00 | carry=0 | base=0.24 ba=-0.11 | site=0 sd=0.00 sa=+0.00 | phero=0 pd=0.00 pa=+0.00 | srch=0.95 | wall=2.45
R3[T1][EXPLORE   ]: L=+1.00 R=+1.00 | carry=0 | base=0.55 ba=+0.65 | site=0 sd=0.00 sa=+0.00 | phero=0 pd=0.00 pa=+0.00 | srch=0.89 | wall=0.94
R4[T1][RTB       ]: L=+1.00 R=+1.00 | carry=1 | base=0.40 ba=+0.00 | site=0 sd=0.00 sa=+0.00 | phero=0 pd=0.00 pa=+0.00 | srch=0.00 | wall=1.78
R5[T2][RTB       ]: L=+1.00 R=+1.00 | carry=1 | base=0.32 ba=-0.00 | site=0 sd=0.00 sa=+0.00 | phero=0 pd=0.00 pa=+0.00 | srch=0.00 | wall=2.25
R6[T2][BASE_ESC  ]: L=+1.00 R=+0.00 | carry=0 | base=0.04 ba=+0.62 | site=1 sd=0.39 sa=-0.45 | phero=0 pd=0.00 pa=+0.00 | srch=0.02 | wall=3.33
R7[T2][EXPLORE   ]: L=+0.51 R=+1.00 | carry=0 | base=0.13 ba=-0.68 | site=0 sd=0.00 sa=+0.00 | phero=0 pd=0.00 pa=+0.00 | srch=0.88 | wall=2.88
R8[T2][RTB       ]: L=+1.00 R=+1.00 | carry=1 | base=0.07 ba=-0.00 | site=0 sd=0.00 sa=+0.00 | phero=0 pd=0.00 pa=+0.00 | srch=0.00 | wall=3.17
R9[T3][SITE      ]: L=+1.00 R=+1.00 | carry=0 | base=0.30 ba=+0.74 | site=1 sd=0.16 sa=+0.01 | phero=0 pd=0.00 pa=+0.00 | srch=0.12 | wall=2.23
R10[T3][SITE      ]: L=+0.97 R=+1.00 | carry=0 | base=0.10 ba=-0.98 | site=1 sd=0.40 sa=+0.18 | phero=0 pd=0.00 pa=+0.00 | srch=0.05 | wall=3.02
R11[T3][EXPLORE   ]: L=+1.00 R=+0.92 | carry=0 | base=0.55 ba=-0.70 | site=0 sd=0.00 sa=+0.00 | phero=0 pd=0.00 pa=+0.00 | srch=0.68 | wall=0.86
R12[T3][BASE_ESC  ]: L=+1.00 R=+0.00 | carry=0 | base=0.05 ba=+0.72 | site=1 sd=0.39 sa=-0.36 | phero=0 pd=0.00 pa=+0.00 | srch=0.02 | wall=3.30
R13[T4][RTB       ]: L=+1.00 R=+1.00 | carry=1 | base=0.17 ba=+0.00 | site=0 sd=0.00 sa=+0.00 | phero=0 pd=0.00 pa=+0.00 | srch=0.00 | wall=2.77
R14[T4][RTB       ]: L=+1.00 R=+1.00 | carry=1 | base=0.53 ba=-0.00 | site=0 sd=0.00 sa=+0.00 | phero=0 pd=0.00 pa=+0.00 | srch=0.00 | wall=1.16
R15[T4][PHERO     ]: L=+1.00 R=-0.28 | carry=0 | base=0.05 ba=-0.35 | site=0 sd=0.00 sa=+0.00 | phero=1 pd=0.49 pa=-0.08 | srch=0.10 | wall=3.25
R16[T4][SITE      ]: L=+1.00 R=+1.00 | carry=0 | base=0.18 ba=-0.95 | site=1 sd=0.32 sa=+0.05 | phero=0 pd=0.00 pa=+0.00 | srch=0.07 | wall=2.63

[DEPOSIT] Robot 8 deposited! Total: 157
  [PHERO] Laid at (1.16, 2.97) density=12 prob=1.00 total_entries=21
  [TARGET] Robot 8 → SITE (1.16,2.97)
[PICKUP] Robot 3 picked up tag (density=10) | Total: 163
[DEPOSIT] Robot 13 deposited! Total: 158
  [PHERO] Laid at (1.67, 3.08) density=11 prob=1.00 total_entries=22
  [TARGET] Robot 13 → SITE (1.67,3.08)
[DEPOSIT] Robot 5 deposited! Total: 159
  [TARGET] Robot 5 → SITE (2.98,-2.12)
[DEPOSIT] Robot 1 deposited! Total: 160
  [PHERO] Laid at (0.47, -1.54) density=7 prob=0.99 total_entries=20
  [TARGET] Robot 1 → SITE (0.47,-1.54)
[DEPOSIT] Robot 4 deposited! Total: 161
  [PHERO] Laid at (-1.33, 2.62) density=11 prob=1.00 total_entries=20
  [TARGET] Robot 4 → SITE (-1.33,2.62)
[PICKUP] Robot 16 picked up tag (density=12) | Total: 164

======================================================================
Step 20500 (10.9 min) | Pickups: 164 | Deposits: 161 | Rate: 14.73 tags/min | phero_entries=20 phero_max=0.919
======================================================================
R1[T1][BASE_ESC  ]: L=+0.32 R=+1.00 | carry=0 | base=0.05 ba=-0.85 | site=1 sd=0.28 sa=+0.26 | phero=0 pd=0.00 pa=+0.00 | srch=0.03 | wall=3.26
R2[T1][EXPLORE   ]: L=+1.00 R=+1.00 | carry=0 | base=0.19 ba=-0.85 | site=0 sd=0.00 sa=+0.00 | phero=0 pd=0.00 pa=+0.00 | srch=1.00 | wall=2.61
R3[T1][RTB       ]: L=+1.00 R=+1.00 | carry=1 | base=0.35 ba=+0.00 | site=0 sd=0.00 sa=+0.00 | phero=0 pd=0.00 pa=+0.00 | srch=0.00 | wall=1.98
R4[T1][BASE_ESC  ]: L=+1.00 R=+0.00 | carry=0 | base=0.04 ba=+0.46 | site=1 sd=0.55 sa=-0.58 | phero=0 pd=0.00 pa=+0.00 | srch=0.01 | wall=3.32
R5[T2][SITE      ]: L=+1.00 R=+1.00 | carry=0 | base=0.05 ba=+0.89 | site=1 sd=0.69 sa=-0.23 | phero=0 pd=0.00 pa=+0.00 | srch=0.03 | wall=3.25
R6[T2][SITE      ]: L=+1.00 R=+1.00 | carry=0 | base=0.32 ba=+0.99 | site=1 sd=0.13 sa=-0.20 | phero=0 pd=0.00 pa=+0.00 | srch=0.14 | wall=2.30
R7[T2][EXPLORE   ]: L=+0.98 R=+1.00 | carry=0 | base=0.50 ba=+0.97 | site=0 sd=0.00 sa=+0.00 | phero=0 pd=0.00 pa=+0.00 | srch=1.00 | wall=1.21
R8[T2][SITE      ]: L=+1.00 R=+1.00 | carry=0 | base=0.31 ba=+0.94 | site=1 sd=0.34 sa=+0.02 | phero=0 pd=0.00 pa=+0.00 | srch=0.12 | wall=2.13
R9[T3][EXPLORE   ]: L=+1.00 R=+1.00 | carry=0 | base=0.61 ba=+0.86 | site=0 sd=0.00 sa=+0.00 | phero=0 pd=0.00 pa=+0.00 | srch=0.24 | wall=0.86
R10[T3][SITE      ]: L=+0.93 R=+1.00 | carry=0 | base=0.46 ba=+0.77 | site=1 sd=0.08 sa=+0.16 | phero=0 pd=0.00 pa=+0.00 | srch=0.17 | wall=1.21
R11[T3][EXPLORE   ]: L=+1.00 R=+1.00 | carry=0 | base=0.43 ba=+0.51 | site=0 sd=0.00 sa=+0.00 | phero=0 pd=0.00 pa=+0.00 | srch=0.81 | wall=1.36
R12[T3][SITE      ]: L=+0.85 R=+0.86 | carry=0 | base=0.40 ba=-0.92 | site=1 sd=0.04 sa=+0.01 | phero=0 pd=0.00 pa=+0.00 | srch=0.15 | wall=1.94
R13[T4][SITE      ]: L=+1.00 R=+1.00 | carry=0 | base=0.22 ba=-0.99 | site=1 sd=0.51 sa=+0.18 | phero=0 pd=0.00 pa=+0.00 | srch=0.08 | wall=2.66
R14[T4][RTB       ]: L=+1.00 R=+1.00 | carry=1 | base=0.14 ba=-0.00 | site=0 sd=0.00 sa=+0.00 | phero=0 pd=0.00 pa=+0.00 | srch=0.00 | wall=2.89
R15[T4][PHERO     ]: L=-0.14 R=-0.15 | carry=0 | base=0.05 ba=-0.68 | site=0 sd=0.00 sa=+0.00 | phero=1 pd=0.44 pa=-0.07 | srch=0.22 | wall=3.27
R16[T4][RTB       ]: L=+0.22 R=+1.00 | carry=1 | base=0.51 ba=+0.32 | site=0 sd=0.00 sa=+0.00 | phero=0 pd=0.00 pa=+0.00 | srch=0.00 | wall=1.01

[PICKUP] Robot 12 picked up tag (density=11) | Total: 165
[DEPOSIT] Robot 14 deposited! Total: 162
  [PHERO] Laid at (1.19, 2.69) density=10 prob=1.00 total_entries=21
  [TARGET] Robot 14 → SITE (1.19,2.69)
[PICKUP] Robot 6 picked up tag (density=1) | Total: 166
[PICKUP] Robot 8 picked up tag (density=9) | Total: 167
[DEPOSIT] Robot 3 deposited! Total: 163
  [PHERO] Laid at (-1.34, 2.62) density=10 prob=1.00 total_entries=21
  [TARGET] Robot 3 → SITE (-1.34,2.62)

======================================================================
Step 21000 (11.2 min) | Pickups: 167 | Deposits: 163 | Rate: 14.55 tags/min | phero_entries=19 phero_max=0.835
======================================================================
R1[T1][EXPLORE   ]: L=+1.00 R=+1.00 | carry=0 | base=0.37 ba=+0.72 | site=0 sd=0.00 sa=+0.00 | phero=0 pd=0.00 pa=+0.00 | srch=0.15 | wall=1.87
R2[T1][EXPLORE   ]: L=+1.00 R=+1.00 | carry=0 | base=0.56 ba=-0.95 | site=0 sd=0.00 sa=+0.00 | phero=0 pd=0.00 pa=+0.00 | srch=1.00 | wall=1.13
R3[T1][SITE      ]: L=+1.00 R=+0.52 | carry=0 | base=0.05 ba=+0.90 | site=1 sd=0.55 sa=-0.19 | phero=0 pd=0.00 pa=+0.00 | srch=0.03 | wall=3.31
R4[T1][SITE      ]: L=+1.00 R=+1.00 | carry=0 | base=0.38 ba=-0.91 | site=1 sd=0.22 sa=-0.02 | phero=0 pd=0.00 pa=+0.00 | srch=0.14 | wall=1.94
R5[T2][SITE      ]: L=+1.00 R=+1.00 | carry=0 | base=0.44 ba=+0.99 | site=1 sd=0.48 sa=-0.42 | phero=0 pd=0.00 pa=+0.00 | srch=0.15 | wall=1.34
R6[T2][RTB       ]: L=+1.00 R=+1.00 | carry=1 | base=0.24 ba=-0.00 | site=0 sd=0.00 sa=+0.00 | phero=0 pd=0.00 pa=+0.00 | srch=0.00 | wall=2.63
R7[T2][EXPLORE   ]: L=+0.08 R=+1.00 | carry=0 | base=0.63 ba=-0.72 | site=0 sd=0.00 sa=+0.00 | phero=0 pd=0.00 pa=+0.00 | srch=1.00 | wall=0.55
R8[T2][RTB       ]: L=+0.63 R=+1.00 | carry=1 | base=0.60 ba=+0.14 | site=0 sd=0.00 sa=+0.00 | phero=0 pd=0.00 pa=+0.00 | srch=0.00 | wall=0.73
R9[T3][EXPLORE   ]: L=+1.00 R=+1.00 | carry=0 | base=0.51 ba=+0.11 | site=0 sd=0.00 sa=+0.00 | phero=0 pd=0.00 pa=+0.00 | srch=0.37 | wall=1.11
R10[T3][EXPLORE   ]: L=+1.00 R=+1.00 | carry=0 | base=0.52 ba=+0.61 | site=0 sd=0.00 sa=+0.00 | phero=0 pd=0.00 pa=+0.00 | srch=0.29 | wall=1.48
R11[T3][EXPLORE   ]: L=+0.29 R=+0.83 | carry=0 | base=0.41 ba=-0.30 | site=0 sd=0.00 sa=+0.00 | phero=0 pd=0.00 pa=+0.00 | srch=0.93 | wall=1.55
R12[T3][RTB       ]: L=+1.00 R=+1.00 | carry=1 | base=0.20 ba=-0.00 | site=0 sd=0.00 sa=+0.00 | phero=0 pd=0.00 pa=+0.00 | srch=0.00 | wall=2.78
R13[T4][SITE      ]: L=+0.95 R=+1.00 | carry=0 | base=0.60 ba=+0.81 | site=1 sd=0.21 sa=+0.17 | phero=0 pd=0.00 pa=+0.00 | srch=0.21 | wall=1.38
R14[T4][SITE      ]: L=+0.98 R=+1.00 | carry=0 | base=0.25 ba=+0.95 | site=1 sd=0.35 sa=+0.06 | phero=0 pd=0.00 pa=+0.00 | srch=0.10 | wall=2.48
R15[T4][PHERO     ]: L=+0.04 R=+0.04 | carry=0 | base=0.05 ba=-0.59 | site=0 sd=0.00 sa=+0.00 | phero=1 pd=0.44 pa=+0.02 | srch=0.35 | wall=3.28
R16[T4][RTB       ]: L=+1.00 R=+1.00 | carry=1 | base=0.14 ba=+0.00 | site=0 sd=0.00 sa=+0.00 | phero=0 pd=0.00 pa=+0.00 | srch=0.00 | wall=2.83

[DEPOSIT] Robot 16 deposited! Total: 164
  [PHERO] Laid at (-2.50, -0.23) density=12 prob=1.00 total_entries=20
  [TARGET] Robot 16 → SITE (-2.50,-0.23)
[DEPOSIT] Robot 12 deposited! Total: 165
  [PHERO] Laid at (-1.39, -1.71) density=11 prob=1.00 total_entries=21
  [TARGET] Robot 12 → SITE (-1.39,-1.71)
[DEPOSIT] Robot 6 deposited! Total: 166
  [TARGET] Robot 6 → SITE (1.54,-1.49)
[PICKUP] Robot 4 picked up tag (density=9) | Total: 168
[PICKUP] Robot 13 picked up tag (density=8) | Total: 169
[PICKUP] Robot 14 picked up tag (density=7) | Total: 170

======================================================================
Step 21500 (11.5 min) | Pickups: 170 | Deposits: 166 | Rate: 14.48 tags/min | phero_entries=20 phero_max=0.608
======================================================================
R1[T1][EXPLORE   ]: L=+1.00 R=+1.00 | carry=0 | base=0.68 ba=+0.86 | site=0 sd=0.00 sa=+0.00 | phero=0 pd=0.00 pa=+0.00 | srch=0.28 | wall=0.79
R2[T1][EXPLORE   ]: L=+1.00 R=+1.00 | carry=0 | base=0.72 ba=-0.39 | site=0 sd=0.00 sa=+0.00 | phero=0 pd=0.00 pa=+0.00 | srch=1.00 | wall=0.87
R3[T1][SITE      ]: L=+1.00 R=+1.00 | carry=0 | base=0.43 ba=+1.00 | site=1 sd=0.17 sa=-0.04 | phero=0 pd=0.00 pa=+0.00 | srch=0.15 | wall=1.65
R4[T1][RTB       ]: L=+0.97 R=+1.00 | carry=1 | base=0.57 ba=+0.01 | site=0 sd=0.00 sa=+0.00 | phero=0 pd=0.00 pa=+0.00 | srch=0.00 | wall=1.06
R5[T2][SITE      ]: L=+1.00 R=+1.00 | carry=0 | base=0.60 ba=-0.43 | site=1 sd=0.29 sa=+0.17 | phero=0 pd=0.00 pa=+0.00 | srch=0.28 | wall=0.61
R6[T2][SITE      ]: L=+1.00 R=+1.00 | carry=0 | base=0.16 ba=+1.00 | site=1 sd=0.29 sa=+0.15 | phero=0 pd=0.00 pa=+0.00 | srch=0.06 | wall=2.82
R7[T2][EXPLORE   ]: L=+0.20 R=+1.00 | carry=0 | base=0.65 ba=-0.02 | site=0 sd=0.00 sa=+0.00 | phero=0 pd=0.00 pa=+0.00 | srch=1.00 | wall=0.40
R8[T2][RTB       ]: L=+1.00 R=+1.00 | carry=1 | base=0.22 ba=+0.00 | site=0 sd=0.00 sa=+0.00 | phero=0 pd=0.00 pa=+0.00 | srch=0.00 | wall=2.48
R9[T3][EXPLORE   ]: L=+1.00 R=+1.00 | carry=0 | base=0.18 ba=+0.31 | site=0 sd=0.00 sa=+0.00 | phero=0 pd=0.00 pa=+0.00 | srch=0.49 | wall=2.64
R10[T3][WALL_ESC  ]: L=+0.00 R=+1.00 | carry=0 | base=0.77 ba=+0.51 | site=0 sd=0.00 sa=+0.00 | phero=0 pd=0.00 pa=+0.00 | srch=0.42 | wall=0.31
R11[T3][EXPLORE   ]: L=+1.00 R=+1.00 | carry=0 | base=0.23 ba=-0.11 | site=0 sd=0.00 sa=+0.00 | phero=0 pd=0.00 pa=+0.00 | srch=1.00 | wall=2.39
R12[T3][SITE      ]: L=+0.98 R=+1.00 | carry=0 | base=0.20 ba=+0.96 | site=1 sd=0.26 sa=+0.13 | phero=0 pd=0.00 pa=+0.00 | srch=0.08 | wall=2.68
R13[T4][RTB       ]: L=+0.96 R=+1.00 | carry=1 | base=0.69 ba=+0.02 | site=0 sd=0.00 sa=+0.00 | phero=0 pd=0.00 pa=+0.00 | srch=0.00 | wall=0.44
R14[T4][RTB       ]: L=+0.00 R=+1.00 | carry=1 | base=0.62 ba=+0.66 | site=0 sd=0.00 sa=+0.00 | phero=0 pd=0.00 pa=+0.00 | srch=0.00 | wall=0.70
R15[T4][PHERO     ]: L=+0.93 R=+1.00 | carry=0 | base=0.21 ba=+0.97 | site=0 sd=0.00 sa=+0.00 | phero=1 pd=0.26 pa=+0.03 | srch=0.47 | wall=2.71
R16[T4][SITE      ]: L=+1.00 R=+1.00 | carry=0 | base=0.23 ba=-0.96 | site=1 sd=0.28 sa=+0.07 | phero=0 pd=0.00 pa=+0.00 | srch=0.10 | wall=2.37

[DEPOSIT] Robot 8 deposited! Total: 167
  [PHERO] Laid at (1.19, 2.77) density=9 prob=1.00 total_entries=20
  [TARGET] Robot 8 → SITE (1.19,2.77)
[PICKUP] Robot 15 picked up tag (density=10) | Total: 171
[PICKUP] Robot 16 picked up tag (density=11) | Total: 172
[PICKUP] Robot 12 picked up tag (density=9) | Total: 173
[PICKUP] Robot 5 picked up tag (density=2) | Total: 174

======================================================================
Step 22000 (11.7 min) | Pickups: 174 | Deposits: 167 | Rate: 14.23 tags/min | phero_entries=20 phero_max=0.638
======================================================================
R1[T1][EXPLORE   ]: L=+1.00 R=+1.00 | carry=0 | base=0.56 ba=+0.07 | site=0 sd=0.00 sa=+0.00 | phero=0 pd=0.00 pa=+0.00 | srch=0.40 | wall=1.09
R2[T1][EXPLORE   ]: L=+1.00 R=+1.00 | carry=0 | base=0.65 ba=-0.23 | site=0 sd=0.00 sa=+0.00 | phero=0 pd=0.00 pa=+0.00 | srch=1.00 | wall=0.44
R3[T1][WALL_ESC  ]: L=+1.00 R=+0.12 | carry=0 | base=0.70 ba=-0.22 | site=0 sd=0.00 sa=+0.00 | phero=0 pd=0.00 pa=+0.00 | srch=0.28 | wall=0.32
R4[T1][RTB       ]: L=+1.00 R=+1.00 | carry=1 | base=0.18 ba=-0.00 | site=0 sd=0.00 sa=+0.00 | phero=0 pd=0.00 pa=+0.00 | srch=0.00 | wall=2.71
R5[T2][RTB       ]: L=+1.00 R=+0.15 | carry=1 | base=0.75 ba=-0.34 | site=0 sd=0.00 sa=+0.00 | phero=0 pd=0.00 pa=+0.00 | srch=0.00 | wall=0.53
R6[T2][EXPLORE   ]: L=+1.00 R=+1.00 | carry=0 | base=0.44 ba=+0.56 | site=0 sd=0.00 sa=+0.00 | phero=0 pd=0.00 pa=+0.00 | srch=0.19 | wall=1.76
R7[T2][EXPLORE   ]: L=+1.00 R=+1.00 | carry=0 | base=0.51 ba=+0.24 | site=0 sd=0.00 sa=+0.00 | phero=0 pd=0.00 pa=+0.00 | srch=1.00 | wall=0.97
R8[T2][SITE      ]: L=+1.00 R=+1.00 | carry=0 | base=0.18 ba=-1.00 | site=1 sd=0.44 sa=-0.16 | phero=0 pd=0.00 pa=+0.00 | srch=0.07 | wall=2.61
R9[T3][EXPLORE   ]: L=+1.00 R=+1.00 | carry=0 | base=0.32 ba=+0.84 | site=0 sd=0.00 sa=+0.00 | phero=0 pd=0.00 pa=+0.00 | srch=0.62 | wall=2.06
R10[T3][EXPLORE   ]: L=+1.00 R=+1.00 | carry=0 | base=0.43 ba=+0.08 | site=0 sd=0.00 sa=+0.00 | phero=0 pd=0.00 pa=+0.00 | srch=0.55 | wall=1.59
R11[T3][EXPLORE   ]: L=+0.66 R=+0.60 | carry=0 | base=0.09 ba=-0.83 | site=0 sd=0.00 sa=+0.00 | phero=0 pd=0.00 pa=+0.00 | srch=1.00 | wall=3.05
R12[T3][RTB       ]: L=+0.93 R=+1.00 | carry=1 | base=0.42 ba=+0.03 | site=0 sd=0.00 sa=+0.00 | phero=0 pd=0.00 pa=+0.00 | srch=0.00 | wall=1.78
R13[T4][RTB       ]: L=+1.00 R=+1.00 | carry=1 | base=0.30 ba=+0.00 | site=0 sd=0.00 sa=+0.00 | phero=0 pd=0.00 pa=+0.00 | srch=0.00 | wall=2.17
R14[T4][RTB       ]: L=+1.00 R=+1.00 | carry=1 | base=0.29 ba=+0.00 | site=0 sd=0.00 sa=+0.00 | phero=0 pd=0.00 pa=+0.00 | srch=0.00 | wall=2.17
R15[T4][RTB       ]: L=+0.95 R=+1.00 | carry=1 | base=0.43 ba=+0.02 | site=0 sd=0.00 sa=+0.00 | phero=0 pd=0.00 pa=+0.00 | srch=0.00 | wall=1.69
R16[T4][RTB       ]: L=+0.89 R=+1.00 | carry=1 | base=0.48 ba=+0.04 | site=0 sd=0.00 sa=+0.00 | phero=0 pd=0.00 pa=+0.00 | srch=0.00 | wall=1.11

[DEPOSIT] Robot 4 deposited! Total: 168
  [PHERO] Laid at (-1.41, 2.67) density=9 prob=1.00 total_entries=21
  [TARGET] Robot 4 → SITE (-1.41,2.67)
[DEPOSIT] Robot 14 deposited! Total: 169
  [PHERO] Laid at (1.23, 2.77) density=7 prob=0.99 total_entries=22
  [TARGET] Robot 14 → SITE (1.23,2.77)
[DEPOSIT] Robot 13 deposited! Total: 170
  [PHERO] Laid at (1.55, 3.14) density=8 prob=1.00 total_entries=23
  [TARGET] Robot 13 → SITE (1.55,3.14)
[DEPOSIT] Robot 12 deposited! Total: 171
  [PHERO] Laid at (-1.38, -1.78) density=9 prob=1.00 total_entries=22
  [TARGET] Robot 12 → SITE (-1.38,-1.78)

======================================================================
Step 22500 (12.0 min) | Pickups: 174 | Deposits: 171 | Rate: 14.25 tags/min | phero_entries=22 phero_max=0.973
======================================================================
R1[T1][EXPLORE   ]: L=+1.00 R=+1.00 | carry=0 | base=0.45 ba=+0.23 | site=0 sd=0.00 sa=+0.00 | phero=0 pd=0.00 pa=+0.00 | srch=0.53 | wall=1.26
R2[T1][EXPLORE   ]: L=+1.00 R=+1.00 | carry=0 | base=0.33 ba=-0.14 | site=0 sd=0.00 sa=+0.00 | phero=0 pd=0.00 pa=+0.00 | srch=1.00 | wall=1.86
R3[T1][EXPLORE   ]: L=+1.00 R=+1.00 | carry=0 | base=0.36 ba=-0.18 | site=0 sd=0.00 sa=+0.00 | phero=0 pd=0.00 pa=+0.00 | srch=0.40 | wall=1.75
R4[T1][SITE      ]: L=+0.97 R=+1.00 | carry=0 | base=0.22 ba=-0.99 | site=1 sd=0.42 sa=+0.22 | phero=0 pd=0.00 pa=+0.00 | srch=0.08 | wall=2.43
R5[T2][RTB       ]: L=+1.00 R=+1.00 | carry=1 | base=0.38 ba=-0.00 | site=0 sd=0.00 sa=+0.00 | phero=0 pd=0.00 pa=+0.00 | srch=0.00 | wall=2.02
R6[T2][EXPLORE   ]: L=+1.00 R=+1.00 | carry=0 | base=0.44 ba=+0.76 | site=0 sd=0.00 sa=+0.00 | phero=0 pd=0.00 pa=+0.00 | srch=0.31 | wall=1.34
R7[T2][EXPLORE   ]: L=+1.00 R=+1.00 | carry=0 | base=0.35 ba=+0.51 | site=0 sd=0.00 sa=+0.00 | phero=0 pd=0.00 pa=+0.00 | srch=1.00 | wall=2.28
R8[T2][SITE      ]: L=+1.00 R=+0.96 | carry=0 | base=0.55 ba=-0.83 | site=1 sd=0.09 sa=-0.12 | phero=0 pd=0.00 pa=+0.00 | srch=0.20 | wall=0.89
R9[T3][EXPLORE   ]: L=+1.00 R=+1.00 | carry=0 | base=0.69 ba=+0.93 | site=0 sd=0.00 sa=+0.00 | phero=0 pd=0.00 pa=+0.00 | srch=0.74 | wall=0.93
R10[T3][EXPLORE   ]: L=+1.00 R=+0.33 | carry=0 | base=0.11 ba=+0.53 | site=0 sd=0.00 sa=+0.00 | phero=0 pd=0.00 pa=+0.00 | srch=0.67 | wall=3.01
R11[T3][EXPLORE   ]: L=+1.00 R=+1.00 | carry=0 | base=0.08 ba=+0.85 | site=0 sd=0.00 sa=+0.00 | phero=0 pd=0.00 pa=+0.00 | srch=1.00 | wall=3.13
R12[T3][BASE_ESC  ]: L=+0.00 R=+1.00 | carry=0 | base=0.04 ba=-0.19 | site=1 sd=0.42 sa=+0.84 | phero=0 pd=0.00 pa=+0.00 | srch=0.00 | wall=3.35
R13[T4][SITE      ]: L=+0.93 R=+1.00 | carry=0 | base=0.10 ba=-0.99 | site=1 sd=0.62 sa=+0.17 | phero=0 pd=0.00 pa=+0.00 | srch=0.04 | wall=3.12
R14[T4][SITE      ]: L=+1.00 R=+1.00 | carry=0 | base=0.11 ba=+0.96 | site=1 sd=0.53 sa=-0.25 | phero=0 pd=0.00 pa=+0.00 | srch=0.05 | wall=2.98
R15[T4][RTB       ]: L=+1.00 R=+1.00 | carry=1 | base=0.05 ba=+0.00 | site=0 sd=0.00 sa=+0.00 | phero=0 pd=0.00 pa=+0.00 | srch=0.00 | wall=3.28
R16[T4][RTB       ]: L=+1.00 R=+1.00 | carry=1 | base=0.10 ba=+0.00 | site=0 sd=0.00 sa=+0.00 | phero=0 pd=0.00 pa=+0.00 | srch=0.00 | wall=3.02

[DEPOSIT] Robot 15 deposited! Total: 172
  [PHERO] Laid at (-1.29, -1.89) density=10 prob=1.00 total_entries=23
  [TARGET] Robot 15 → SITE (-1.29,-1.89)
[GIVE-UP] R6 giving up after 1304 steps
[DEPOSIT] Robot 16 deposited! Total: 173
  [PHERO] Laid at (-2.51, -0.03) density=11 prob=1.00 total_entries=24
  [TARGET] Robot 16 → SITE (-2.51,-0.03)
[PICKUP] Robot 8 picked up tag (density=6) | Total: 175
[DEPOSIT] Robot 5 deposited! Total: 174
  [PHERO] Laid at (2.98, -2.17) density=2 prob=0.42 total_entries=24
  [TARGET] Robot 5 → SITE (2.98,-2.17)

======================================================================
Step 23000 (12.3 min) | Pickups: 175 | Deposits: 174 | Rate: 14.18 tags/min | phero_entries=23 phero_max=0.884
======================================================================
R1[T1][EXPLORE   ]: L=+1.00 R=+1.00 | carry=0 | base=0.20 ba=+0.31 | site=0 sd=0.00 sa=+0.00 | phero=0 pd=0.00 pa=+0.00 | srch=0.65 | wall=2.73
R2[T1][EXPLORE   ]: L=+1.00 R=+0.91 | carry=0 | base=0.11 ba=-0.40 | site=0 sd=0.00 sa=+0.00 | phero=0 pd=0.00 pa=+0.00 | srch=1.00 | wall=2.95
R3[T1][EXPLORE   ]: L=+1.00 R=+1.00 | carry=0 | base=0.21 ba=-0.64 | site=0 sd=0.00 sa=+0.00 | phero=0 pd=0.00 pa=+0.00 | srch=0.53 | wall=2.49
R4[T1][SITE      ]: L=+0.95 R=+1.00 | carry=0 | base=0.57 ba=+0.75 | site=1 sd=0.10 sa=+0.15 | phero=0 pd=0.00 pa=+0.00 | srch=0.21 | wall=0.84
R5[T2][BASE_ESC  ]: L=+0.00 R=+1.00 | carry=0 | base=0.05 ba=-0.68 | site=1 sd=0.70 sa=+0.39 | phero=0 pd=0.00 pa=+0.00 | srch=0.02 | wall=3.34
R6[T2][GIVE_UP   ]: L=+1.00 R=+1.00 | carry=0 | base=0.17 ba=+0.00 | site=0 sd=0.00 sa=+0.00 | phero=0 pd=0.00 pa=+0.00 | srch=0.44 | wall=2.66
R7[T2][EXPLORE   ]: L=-0.08 R=+1.00 | carry=0 | base=0.35 ba=+0.05 | site=0 sd=0.00 sa=+0.00 | phero=0 pd=0.00 pa=+0.00 | srch=1.00 | wall=1.92
R8[T2][RTB       ]: L=+1.00 R=+1.00 | carry=1 | base=0.39 ba=-0.00 | site=0 sd=0.00 sa=+0.00 | phero=0 pd=0.00 pa=+0.00 | srch=0.00 | wall=1.78
R9[T3][EXPLORE   ]: L=+1.00 R=+1.00 | carry=0 | base=0.80 ba=+0.12 | site=0 sd=0.00 sa=+0.00 | phero=0 pd=0.00 pa=+0.00 | srch=0.87 | wall=0.53
R10[T3][EXPLORE   ]: L=+1.00 R=+1.00 | carry=0 | base=0.46 ba=+0.95 | site=0 sd=0.00 sa=+0.00 | phero=0 pd=0.00 pa=+0.00 | srch=0.80 | wall=1.41
R11[T3][EXPLORE   ]: L=+1.00 R=+1.00 | carry=0 | base=0.40 ba=+0.99 | site=0 sd=0.00 sa=+0.00 | phero=0 pd=0.00 pa=+0.00 | srch=1.00 | wall=1.62
R12[T3][SITE      ]: L=+0.97 R=+1.00 | carry=0 | base=0.35 ba=+0.87 | site=1 sd=0.13 sa=+0.10 | phero=0 pd=0.00 pa=+0.00 | srch=0.13 | wall=2.19
R13[T4][SITE      ]: L=+1.00 R=+1.00 | carry=0 | base=0.49 ba=+0.99 | site=1 sd=0.31 sa=+0.31 | phero=0 pd=0.00 pa=+0.00 | srch=0.17 | wall=1.73
R14[T4][SITE      ]: L=+1.00 R=+1.00 | carry=0 | base=0.47 ba=-0.93 | site=1 sd=0.20 sa=-0.23 | phero=0 pd=0.00 pa=+0.00 | srch=0.17 | wall=1.19
R15[T4][SITE      ]: L=+0.95 R=+0.94 | carry=0 | base=0.33 ba=-0.93 | site=1 sd=0.14 sa=-0.03 | phero=0 pd=0.00 pa=+0.00 | srch=0.12 | wall=2.08
R16[T4][SITE      ]: L=+0.90 R=+0.92 | carry=0 | base=0.25 ba=+0.93 | site=1 sd=0.29 sa=+0.15 | phero=0 pd=0.00 pa=+0.00 | srch=0.09 | wall=2.34

[PICKUP] Robot 4 picked up tag (density=8) | Total: 176
[EMPTY_RTN] R6 → phero(1.23,2.77)
[PICKUP] Robot 12 picked up tag (density=8) | Total: 177
[PICKUP] Robot 15 picked up tag (density=7) | Total: 178
[PICKUP] Robot 14 picked up tag (density=5) | Total: 179
[DEPOSIT] Robot 8 deposited! Total: 175
  [PHERO] Laid at (1.26, 2.78) density=6 prob=0.97 total_entries=22
  [TARGET] Robot 8 → SITE (1.26,2.78)

======================================================================
Step 23500 (12.5 min) | Pickups: 179 | Deposits: 175 | Rate: 13.96 tags/min | phero_entries=22 phero_max=0.916
======================================================================
R1[T1][EXPLORE   ]: L=+1.00 R=+1.00 | carry=0 | base=0.32 ba=+0.83 | site=0 sd=0.00 sa=+0.00 | phero=0 pd=0.00 pa=+0.00 | srch=0.78 | wall=2.33
R2[T1][EXPLORE   ]: L=+1.00 R=+1.00 | carry=0 | base=0.27 ba=-0.90 | site=0 sd=0.00 sa=+0.00 | phero=0 pd=0.00 pa=+0.00 | srch=1.00 | wall=2.27
R3[T1][EXPLORE   ]: L=+1.00 R=+1.00 | carry=0 | base=0.20 ba=-0.40 | site=0 sd=0.00 sa=+0.00 | phero=0 pd=0.00 pa=+0.00 | srch=0.65 | wall=2.64
R4[T1][RTB       ]: L=+1.00 R=+1.00 | carry=1 | base=0.37 ba=+0.00 | site=0 sd=0.00 sa=+0.00 | phero=0 pd=0.00 pa=+0.00 | srch=0.00 | wall=1.89
R5[T2][SITE      ]: L=+1.00 R=+1.00 | carry=0 | base=0.41 ba=+0.97 | site=1 sd=0.44 sa=+0.29 | phero=0 pd=0.00 pa=+0.00 | srch=0.14 | wall=1.65
R6[T2][PHERO     ]: L=+1.00 R=+1.00 | carry=0 | base=0.21 ba=+0.92 | site=0 sd=0.00 sa=+0.00 | phero=1 pd=0.41 pa=-0.03 | srch=0.09 | wall=2.62
R7[T2][EXPLORE   ]: L=+1.00 R=+0.90 | carry=0 | base=0.34 ba=+0.43 | site=0 sd=0.00 sa=+0.00 | phero=0 pd=0.00 pa=+0.00 | srch=1.00 | wall=1.89
R8[T2][BASE_ESC  ]: L=+1.00 R=+0.00 | carry=0 | base=0.04 ba=+0.48 | site=1 sd=0.57 sa=-0.55 | phero=0 pd=0.00 pa=+0.00 | srch=0.01 | wall=3.29
R9[T3][EXPLORE   ]: L=+1.00 R=+1.00 | carry=0 | base=0.47 ba=+0.23 | site=0 sd=0.00 sa=+0.00 | phero=0 pd=0.00 pa=+0.00 | srch=0.99 | wall=1.38
R10[T3][EXPLORE   ]: L=+1.00 R=+1.00 | carry=0 | base=0.60 ba=+0.10 | site=0 sd=0.00 sa=+0.00 | phero=0 pd=0.00 pa=+0.00 | srch=0.92 | wall=0.65
R11[T3][EXPLORE   ]: L=+1.00 R=+1.00 | carry=0 | base=0.66 ba=+0.21 | site=0 sd=0.00 sa=+0.00 | phero=0 pd=0.00 pa=+0.00 | srch=1.00 | wall=0.48
R12[T3][RTB       ]: L=+1.00 R=+1.00 | carry=1 | base=0.31 ba=+0.00 | site=0 sd=0.00 sa=+0.00 | phero=0 pd=0.00 pa=+0.00 | srch=0.00 | wall=2.23
R13[T4][WALL_ESC  ]: L=+0.00 R=+1.00 | carry=0 | base=0.77 ba=+0.47 | site=1 sd=0.11 sa=+0.17 | phero=0 pd=0.00 pa=+0.00 | srch=0.29 | wall=0.33
R14[T4][RTB       ]: L=+1.00 R=+1.00 | carry=1 | base=0.57 ba=-0.00 | site=0 sd=0.00 sa=+0.00 | phero=0 pd=0.00 pa=+0.00 | srch=0.00 | wall=0.92
R15[T4][RTB       ]: L=+1.00 R=+1.00 | carry=1 | base=0.37 ba=-0.00 | site=0 sd=0.00 sa=+0.00 | phero=0 pd=0.00 pa=+0.00 | srch=0.00 | wall=2.05
R16[T4][SITE      ]: L=+0.75 R=+1.00 | carry=0 | base=0.53 ba=+0.66 | site=1 sd=0.03 sa=+0.39 | phero=0 pd=0.00 pa=+0.00 | srch=0.22 | wall=0.89

[PICKUP] Robot 16 picked up tag (density=10) | Total: 180
[PICKUP] Robot 13 picked up tag (density=4) | Total: 181
[DEPOSIT] Robot 12 deposited! Total: 176
  [PHERO] Laid at (-1.37, -1.88) density=8 prob=1.00 total_entries=22
  [TARGET] Robot 12 → SITE (-1.37,-1.88)
[PICKUP] Robot 11 picked up tag (density=6) | Total: 182
[DEPOSIT] Robot 15 deposited! Total: 177
  [PHERO] Laid at (-1.37, -1.97) density=7 prob=0.99 total_entries=22
  [TARGET] Robot 15 → SITE (-1.37,-1.97)
[DEPOSIT] Robot 4 deposited! Total: 178
  [PHERO] Laid at (-1.41, 2.70) density=8 prob=1.00 total_entries=23
  [TARGET] Robot 4 → SITE (-1.41,2.70)

======================================================================
Step 24000 (12.8 min) | Pickups: 182 | Deposits: 178 | Rate: 13.91 tags/min | phero_entries=23 phero_max=0.874
======================================================================
R1[T1][EXPLORE   ]: L=+0.98 R=+1.00 | carry=0 | base=0.65 ba=+0.55 | site=0 sd=0.00 sa=+0.00 | phero=0 pd=0.00 pa=+0.00 | srch=0.90 | wall=0.70
R2[T1][EXPLORE   ]: L=+1.00 R=+1.00 | carry=0 | base=0.65 ba=-0.92 | site=0 sd=0.00 sa=+0.00 | phero=0 pd=0.00 pa=+0.00 | srch=1.00 | wall=0.36
R3[T1][EXPLORE   ]: L=+1.00 R=+1.00 | carry=0 | base=0.38 ba=-0.83 | site=0 sd=0.00 sa=+0.00 | phero=0 pd=0.00 pa=+0.00 | srch=0.78 | wall=2.05
R4[T1][BASE_ESC  ]: L=+1.00 R=+0.00 | carry=0 | base=0.04 ba=+0.68 | site=1 sd=0.57 sa=-0.39 | phero=0 pd=0.00 pa=+0.00 | srch=0.02 | wall=3.33
R5[T2][SITE      ]: L=+1.00 R=+1.00 | carry=0 | base=0.73 ba=+0.31 | site=1 sd=0.31 sa=-0.15 | phero=0 pd=0.00 pa=+0.00 | srch=0.27 | wall=0.36
R6[T2][PHERO     ]: L=+1.00 R=+0.90 | carry=0 | base=0.58 ba=-0.99 | site=0 sd=0.00 sa=+0.00 | phero=1 pd=0.03 pa=-0.16 | srch=0.21 | wall=0.83
R7[T2][EXPLORE   ]: L=+1.00 R=+1.00 | carry=0 | base=0.52 ba=+0.81 | site=0 sd=0.00 sa=+0.00 | phero=0 pd=0.00 pa=+0.00 | srch=1.00 | wall=1.22
R8[T2][SITE      ]: L=+1.00 R=+1.00 | carry=0 | base=0.39 ba=-0.93 | site=1 sd=0.24 sa=-0.06 | phero=0 pd=0.00 pa=+0.00 | srch=0.14 | wall=1.65
R9[T3][EXPLORE   ]: L=+0.49 R=+1.00 | carry=0 | base=0.23 ba=-0.25 | site=0 sd=0.00 sa=+0.00 | phero=0 pd=0.00 pa=+0.00 | srch=1.00 | wall=2.39
R10[T3][EXPLORE   ]: L=+1.00 R=+1.00 | carry=0 | base=0.27 ba=+0.31 | site=0 sd=0.00 sa=+0.00 | phero=0 pd=0.00 pa=+0.00 | srch=1.00 | wall=2.17
R11[T3][RTB       ]: L=+1.00 R=+1.00 | carry=1 | base=0.39 ba=+0.00 | site=0 sd=0.00 sa=+0.00 | phero=0 pd=0.00 pa=+0.00 | srch=0.00 | wall=2.09
R12[T3][SITE      ]: L=+1.00 R=+1.00 | carry=0 | base=0.09 ba=-0.98 | site=1 sd=0.39 sa=-0.11 | phero=0 pd=0.00 pa=+0.00 | srch=0.04 | wall=3.08
R13[T4][RTB       ]: L=+1.00 R=+1.00 | carry=1 | base=0.47 ba=+0.00 | site=0 sd=0.00 sa=+0.00 | phero=0 pd=0.00 pa=+0.00 | srch=0.00 | wall=1.45
R14[T4][RTB       ]: L=+1.00 R=+1.00 | carry=1 | base=0.18 ba=-0.00 | site=0 sd=0.00 sa=+0.00 | phero=0 pd=0.00 pa=+0.00 | srch=0.00 | wall=2.67
R15[T4][BASE_ESC  ]: L=+0.00 R=+1.00 | carry=0 | base=0.05 ba=-0.74 | site=1 sd=0.44 sa=+0.35 | phero=0 pd=0.00 pa=+0.00 | srch=0.02 | wall=3.33
R16[T4][RTB       ]: L=+1.00 R=+1.00 | carry=1 | base=0.21 ba=+0.00 | site=0 sd=0.00 sa=+0.00 | phero=0 pd=0.00 pa=+0.00 | srch=0.00 | wall=2.48

[GIVE-UP] R3 giving up after 3126 steps
[PICKUP] Robot 5 picked up tag (density=13) | Total: 183
[PICKUP] Robot 7 picked up tag (density=7) | Total: 184
[PICKUP] Robot 6 picked up tag (density=3) | Total: 185
[PICKUP] Robot 1 picked up tag (density=15) | Total: 186
[DEPOSIT] Robot 14 deposited! Total: 179
  [PHERO] Laid at (1.23, 2.99) density=5 prob=0.92 total_entries=22
  [TARGET] Robot 14 → SITE (1.23,2.99)
[DEPOSIT] Robot 16 deposited! Total: 180
  [PHERO] Laid at (-2.64, 0.03) density=10 prob=1.00 total_entries=23
  [TARGET] Robot 16 → SITE (-2.64,0.03)
[PICKUP] Robot 2 picked up tag (density=9) | Total: 187
[DEPOSIT] Robot 11 deposited! Total: 181
  [PHERO] Laid at (-1.65, -1.65) density=6 prob=0.97 total_entries=22
  [TARGET] Robot 11 → SITE (-1.65,-1.65)
[PICKUP] Robot 9 picked up tag (density=8) | Total: 188

======================================================================
Step 24500 (13.1 min) | Pickups: 188 | Deposits: 181 | Rate: 13.85 tags/min | phero_entries=21 phero_max=0.906
======================================================================
R1[T1][RTB       ]: L=+1.00 R=+1.00 | carry=1 | base=0.40 ba=+0.00 | site=0 sd=0.00 sa=+0.00 | phero=0 pd=0.00 pa=+0.00 | srch=0.00 | wall=1.67
R2[T1][RTB       ]: L=+1.00 R=+1.00 | carry=1 | base=0.36 ba=-0.00 | site=0 sd=0.00 sa=+0.00 | phero=0 pd=0.00 pa=+0.00 | srch=0.00 | wall=1.73
R3[T1][GIVE_UP   ]: L=+1.00 R=+1.00 | carry=0 | base=0.08 ba=-0.00 | site=0 sd=0.00 sa=+0.00 | phero=0 pd=0.00 pa=+0.00 | srch=0.90 | wall=3.16
R4[T1][SITE      ]: L=+1.00 R=+0.99 | carry=0 | base=0.41 ba=-0.94 | site=1 sd=0.22 sa=-0.05 | phero=0 pd=0.00 pa=+0.00 | srch=0.15 | wall=1.85
R5[T2][RTB       ]: L=+1.00 R=+1.00 | carry=1 | base=0.36 ba=+0.00 | site=0 sd=0.00 sa=+0.00 | phero=0 pd=0.00 pa=+0.00 | srch=0.00 | wall=1.98
R6[T2][RTB       ]: L=+1.00 R=+1.00 | carry=1 | base=0.38 ba=-0.00 | site=0 sd=0.00 sa=+0.00 | phero=0 pd=0.00 pa=+0.00 | srch=0.00 | wall=1.81
R7[T2][RTB       ]: L=+1.00 R=+1.00 | carry=1 | base=0.28 ba=+0.00 | site=0 sd=0.00 sa=+0.00 | phero=0 pd=0.00 pa=+0.00 | srch=0.00 | wall=2.35
R8[T2][EXPLORE   ]: L=+1.00 R=+1.00 | carry=0 | base=0.65 ba=+0.63 | site=0 sd=0.00 sa=+0.00 | phero=0 pd=0.00 pa=+0.00 | srch=0.26 | wall=0.42
R9[T3][RTB       ]: L=+0.00 R=+1.00 | carry=1 | base=0.51 ba=+0.69 | site=0 sd=0.00 sa=+0.00 | phero=0 pd=0.00 pa=+0.00 | srch=0.00 | wall=0.97
R10[T3][EXPLORE   ]: L=+1.00 R=+1.00 | carry=0 | base=0.32 ba=+0.79 | site=0 sd=0.00 sa=+0.00 | phero=0 pd=0.00 pa=+0.00 | srch=1.00 | wall=1.91
R11[T3][BASE_ESC  ]: L=+1.00 R=+0.00 | carry=0 | base=0.04 ba=+0.56 | site=1 sd=0.43 sa=-0.49 | phero=0 pd=0.00 pa=+0.00 | srch=0.02 | wall=3.32
R12[T3][SITE      ]: L=+0.89 R=+1.00 | carry=0 | base=0.46 ba=-0.89 | site=1 sd=0.01 sa=+0.26 | phero=0 pd=0.00 pa=+0.00 | srch=0.17 | wall=1.69
R13[T4][RTB       ]: L=+1.00 R=+1.00 | carry=1 | base=0.10 ba=-0.00 | site=0 sd=0.00 sa=+0.00 | phero=0 pd=0.00 pa=+0.00 | srch=0.00 | wall=3.08
R14[T4][SITE      ]: L=+1.00 R=+1.00 | carry=0 | base=0.21 ba=+0.97 | site=1 sd=0.46 sa=+0.13 | phero=0 pd=0.00 pa=+0.00 | srch=0.08 | wall=2.71
R15[T4][SITE      ]: L=+0.99 R=+1.00 | carry=0 | base=0.36 ba=+0.97 | site=1 sd=0.12 sa=-0.02 | phero=0 pd=0.00 pa=+0.00 | srch=0.15 | wall=2.05
R16[T4][SITE      ]: L=+1.00 R=+1.00 | carry=0 | base=0.18 ba=-0.99 | site=1 sd=0.36 sa=-0.11 | phero=0 pd=0.00 pa=+0.00 | srch=0.07 | wall=2.61

[GIVE-UP] R10 giving up after 4699 steps
[PICKUP] Robot 12 picked up tag (density=5) | Total: 189
[EMPTY_RTN] R3 → phero(-2.64,0.03)
[DEPOSIT] Robot 13 deposited! Total: 182
  [PHERO] Laid at (1.59, 2.92) density=4 prob=0.82 total_entries=22
  [TARGET] Robot 13 → SITE (1.59,2.92)
[DEPOSIT] Robot 7 deposited! Total: 183
  [PHERO] Laid at (-1.42, 2.36) density=7 prob=0.99 total_entries=21
  [TARGET] Robot 7 → SITE (-1.42,2.36)
[PICKUP] Robot 4 picked up tag (density=6) | Total: 190
[DEPOSIT] Robot 2 deposited! Total: 184
  [PHERO] Laid at (-2.85, -0.46) density=9 prob=1.00 total_entries=22
  [TARGET] Robot 2 → SITE (-2.85,-0.46)
[DEPOSIT] Robot 5 deposited! Total: 185
  [PHERO] Laid at (1.81, -3.05) density=13 prob=1.00 total_entries=23
  [TARGET] Robot 5 → SITE (1.81,-3.05)
[DEPOSIT] Robot 6 deposited! Total: 186
  [PHERO] Laid at (1.32, 2.86) density=3 prob=0.65 total_entries=24
  [TARGET] Robot 6 → SITE (1.32,2.86)
[DEPOSIT] Robot 1 deposited! Total: 187
  [PHERO] Laid at (-3.04, 1.24) density=15 prob=1.00 total_entries=24
  [TARGET] Robot 1 → SITE (-3.04,1.24)
[EMPTY_RTN] R10 → phero(-1.42,2.36)
[GIVE-UP] R15 giving up after 1072 steps

======================================================================
Step 25000 (13.3 min) | Pickups: 190 | Deposits: 187 | Rate: 14.02 tags/min | phero_entries=24 phero_max=0.916
======================================================================
R1[T1][BASE_ESC  ]: L=+1.00 R=+0.00 | carry=0 | base=0.04 ba=+0.40 | site=1 sd=0.62 sa=-0.62 | phero=0 pd=0.00 pa=+0.00 | srch=0.01 | wall=3.29
R2[T1][BASE_ESC  ]: L=+1.00 R=+0.00 | carry=0 | base=0.05 ba=-0.76 | site=1 sd=0.54 sa=+0.29 | phero=0 pd=0.00 pa=+0.00 | srch=0.02 | wall=3.27
R3[T1][PHERO     ]: L=+0.92 R=+0.84 | carry=0 | base=0.16 ba=+0.91 | site=0 sd=0.00 sa=+0.00 | phero=1 pd=0.37 pa=-0.10 | srch=0.11 | wall=2.70
R4[T1][RTB       ]: L=+0.98 R=+1.00 | carry=1 | base=0.59 ba=+0.01 | site=0 sd=0.00 sa=+0.00 | phero=0 pd=0.00 pa=+0.00 | srch=0.00 | wall=0.98
R5[T2][BASE_ESC  ]: L=+1.00 R=+0.24 | carry=0 | base=0.05 ba=+0.83 | site=1 sd=0.67 sa=-0.25 | phero=0 pd=0.00 pa=+0.00 | srch=0.02 | wall=3.33
R6[T2][BASE_ESC  ]: L=+0.00 R=+1.00 | carry=0 | base=0.04 ba=-0.60 | site=1 sd=0.59 sa=+0.46 | phero=0 pd=0.00 pa=+0.00 | srch=0.02 | wall=3.32
R7[T2][SITE      ]: L=+1.00 R=+1.00 | carry=0 | base=0.12 ba=+0.96 | site=1 sd=0.45 sa=-0.23 | phero=0 pd=0.00 pa=+0.00 | srch=0.05 | wall=2.98
R8[T2][EXPLORE   ]: L=+1.00 R=+1.00 | carry=0 | base=0.44 ba=+0.34 | site=0 sd=0.00 sa=+0.00 | phero=0 pd=0.00 pa=+0.00 | srch=0.39 | wall=1.36
R9[T3][RTB       ]: L=+1.00 R=+1.00 | carry=1 | base=0.26 ba=+0.00 | site=0 sd=0.00 sa=+0.00 | phero=0 pd=0.00 pa=+0.00 | srch=0.00 | wall=2.21
R10[T3][BASE_ESC  ]: L=+1.00 R=+0.00 | carry=0 | base=0.05 ba=+0.26 | site=0 sd=0.00 sa=+0.00 | phero=1 pd=0.51 pa=-0.60 | srch=0.01 | wall=3.28
R11[T3][SITE      ]: L=+0.69 R=+0.75 | carry=0 | base=0.34 ba=-0.94 | site=1 sd=0.13 sa=+0.05 | phero=0 pd=0.00 pa=+0.00 | srch=0.14 | wall=2.31
R12[T3][RTB       ]: L=+1.00 R=+1.00 | carry=1 | base=0.21 ba=-0.00 | site=0 sd=0.00 sa=+0.00 | phero=0 pd=0.00 pa=+0.00 | srch=0.00 | wall=2.69
R13[T4][SITE      ]: L=+1.00 R=+1.00 | carry=0 | base=0.30 ba=+0.99 | site=1 sd=0.39 sa=+0.14 | phero=0 pd=0.00 pa=+0.00 | srch=0.11 | wall=2.41
R14[T4][SITE      ]: L=+0.91 R=+1.00 | carry=0 | base=0.59 ba=+0.84 | site=1 sd=0.15 sa=+0.24 | phero=0 pd=0.00 pa=+0.00 | srch=0.21 | wall=1.10
R15[T4][GIVE_UP   ]: L=+1.00 R=+0.11 | carry=0 | base=0.58 ba=-0.36 | site=0 sd=0.00 sa=+0.00 | phero=0 pd=0.00 pa=+0.00 | srch=0.27 | wall=1.38
R16[T4][SITE      ]: L=+0.96 R=+1.00 | carry=0 | base=0.47 ba=-0.95 | site=1 sd=0.07 sa=+0.06 | phero=0 pd=0.00 pa=+0.00 | srch=0.20 | wall=1.19

[PICKUP] Robot 15 picked up tag (density=4) | Total: 191
[PICKUP] Robot 16 picked up tag (density=7) | Total: 192
[PICKUP] Robot 14 picked up tag (density=2) | Total: 193
[DEPOSIT] Robot 12 deposited! Total: 188
  [PHERO] Laid at (-1.44, -1.89) density=5 prob=0.92 total_entries=24
  [TARGET] Robot 12 → SITE (-1.44,-1.89)
[DEPOSIT] Robot 9 deposited! Total: 189
  [PHERO] Laid at (-2.52, -0.25) density=8 prob=1.00 total_entries=25
  [TARGET] Robot 9 → SITE (-2.52,-0.25)

======================================================================
Step 25500 (13.6 min) | Pickups: 193 | Deposits: 189 | Rate: 13.90 tags/min | phero_entries=24 phero_max=0.704
======================================================================
R1[T1][SITE      ]: L=+1.00 R=+0.98 | carry=0 | base=0.38 ba=+0.98 | site=1 sd=0.39 sa=-0.36 | phero=0 pd=0.00 pa=+0.00 | srch=0.14 | wall=1.66
R2[T1][SITE      ]: L=+1.00 R=+1.00 | carry=0 | base=0.40 ba=+0.99 | site=1 sd=0.20 sa=-0.15 | phero=0 pd=0.00 pa=+0.00 | srch=0.15 | wall=1.62
R3[T1][PHERO     ]: L=+0.29 R=+0.29 | carry=0 | base=0.36 ba=-0.95 | site=0 sd=0.00 sa=+0.00 | phero=1 pd=0.18 pa=-0.06 | srch=0.24 | wall=1.75
R4[T1][RTB       ]: L=+1.00 R=+1.00 | carry=1 | base=0.20 ba=+0.00 | site=0 sd=0.00 sa=+0.00 | phero=0 pd=0.00 pa=+0.00 | srch=0.00 | wall=2.64
R5[T2][SITE      ]: L=+1.00 R=+1.00 | carry=0 | base=0.42 ba=+0.98 | site=1 sd=0.45 sa=-0.40 | phero=0 pd=0.00 pa=+0.00 | srch=0.15 | wall=1.57
R6[T2][SITE      ]: L=+1.00 R=+1.00 | carry=0 | base=0.40 ba=+1.00 | site=1 sd=0.27 sa=+0.22 | phero=0 pd=0.00 pa=+0.00 | srch=0.14 | wall=2.00
R7[T2][SITE      ]: L=+1.00 R=+0.97 | carry=0 | base=0.46 ba=-0.81 | site=1 sd=0.16 sa=-0.13 | phero=0 pd=0.00 pa=+0.00 | srch=0.18 | wall=1.89
R8[T2][EXPLORE   ]: L=+1.00 R=+1.00 | carry=0 | base=0.43 ba=+0.60 | site=0 sd=0.00 sa=+0.00 | phero=0 pd=0.00 pa=+0.00 | srch=0.51 | wall=1.67
R9[T3][SITE      ]: L=+0.99 R=+1.00 | carry=0 | base=0.13 ba=-1.00 | site=1 sd=0.39 sa=+0.16 | phero=0 pd=0.00 pa=+0.00 | srch=0.05 | wall=2.88
R10[T3][PHERO     ]: L=+1.00 R=+1.00 | carry=0 | base=0.32 ba=+1.00 | site=0 sd=0.00 sa=+0.00 | phero=1 pd=0.24 pa=-0.07 | srch=0.13 | wall=2.22
R11[T3][EXPLORE   ]: L=+1.00 R=+1.00 | carry=0 | base=0.51 ba=-0.96 | site=0 sd=0.00 sa=+0.00 | phero=0 pd=0.00 pa=+0.00 | srch=0.27 | wall=1.69
R12[T3][SITE      ]: L=+0.98 R=+1.00 | carry=0 | base=0.18 ba=+0.92 | site=1 sd=0.31 sa=+0.07 | phero=0 pd=0.00 pa=+0.00 | srch=0.07 | wall=2.78
R13[T4][SITE      ]: L=+0.92 R=+1.00 | carry=0 | base=0.69 ba=+0.87 | site=1 sd=0.15 sa=+0.44 | phero=0 pd=0.00 pa=+0.00 | srch=0.24 | wall=0.95
R14[T4][RTB       ]: L=+1.00 R=+1.00 | carry=1 | base=0.44 ba=+0.00 | site=0 sd=0.00 sa=+0.00 | phero=0 pd=0.00 pa=+0.00 | srch=0.00 | wall=1.56
R15[T4][RTB       ]: L=+1.00 R=+1.00 | carry=1 | base=0.23 ba=-0.00 | site=0 sd=0.00 sa=+0.00 | phero=0 pd=0.00 pa=+0.00 | srch=0.00 | wall=2.66
R16[T4][RTB       ]: L=+1.00 R=+1.00 | carry=1 | base=0.33 ba=+0.00 | site=0 sd=0.00 sa=+0.00 | phero=0 pd=0.00 pa=+0.00 | srch=0.00 | wall=1.86

[GIVE-UP] R8 giving up after 2117 steps
[DEPOSIT] Robot 4 deposited! Total: 190
  [PHERO] Laid at (-1.49, 2.78) density=6 prob=0.97 total_entries=24
  [TARGET] Robot 4 → SITE (-1.49,2.78)
[DEPOSIT] Robot 15 deposited! Total: 191
  [PHERO] Laid at (-1.82, -1.87) density=4 prob=0.82 total_entries=25
  [TARGET] Robot 15 → SITE (-1.82,-1.87)
[PICKUP] Robot 10 picked up tag (density=5) | Total: 194
[DEPOSIT] Robot 16 deposited! Total: 192
  [PHERO] Laid at (-2.70, 0.03) density=7 prob=0.99 total_entries=26
  [TARGET] Robot 16 → SITE (-2.70,0.03)
[PICKUP] Robot 12 picked up tag (density=3) | Total: 195
[GIVE-UP] R2 giving up after 1022 steps
[PICKUP] Robot 1 picked up tag (density=14) | Total: 196
[PICKUP] Robot 13 picked up tag (density=1) | Total: 197
[DEPOSIT] Robot 14 deposited! Total: 193
  [PHERO] Laid at (1.58, 2.87) density=2 prob=0.42 total_entries=27
  [TARGET] Robot 14 → PHERO (-2.52,-0.25)

======================================================================
Step 26000 (13.9 min) | Pickups: 197 | Deposits: 193 | Rate: 13.92 tags/min | phero_entries=27 phero_max=1.000
======================================================================
R1[T1][RTB       ]: L=+1.00 R=+0.19 | carry=1 | base=0.62 ba=-0.33 | site=0 sd=0.00 sa=+0.00 | phero=0 pd=0.00 pa=+0.00 | srch=0.00 | wall=0.53
R2[T1][GIVE_UP   ]: L=+1.00 R=+0.97 | carry=0 | base=0.61 ba=-0.01 | site=0 sd=0.00 sa=+0.00 | phero=0 pd=0.00 pa=+0.00 | srch=0.27 | wall=0.50
R3[T1][EXPLORE   ]: L=+1.00 R=+1.00 | carry=0 | base=0.62 ba=-0.95 | site=0 sd=0.00 sa=+0.00 | phero=0 pd=0.00 pa=+0.00 | srch=0.36 | wall=0.46
R4[T1][SITE      ]: L=+1.00 R=+0.99 | carry=0 | base=0.19 ba=-0.97 | site=1 sd=0.45 sa=-0.04 | phero=0 pd=0.00 pa=+0.00 | srch=0.08 | wall=2.74
R5[T2][SITE      ]: L=+1.00 R=+0.97 | carry=0 | base=0.71 ba=-0.65 | site=1 sd=0.24 sa=-0.19 | phero=0 pd=0.00 pa=+0.00 | srch=0.27 | wall=0.83
R6[T2][SITE      ]: L=+0.83 R=+1.00 | carry=0 | base=0.66 ba=+0.38 | site=1 sd=0.03 sa=+0.23 | phero=0 pd=0.00 pa=+0.00 | srch=0.27 | wall=0.54
R7[T2][EXPLORE   ]: L=+1.00 R=+1.00 | carry=0 | base=0.63 ba=-0.65 | site=0 sd=0.00 sa=+0.00 | phero=0 pd=0.00 pa=+0.00 | srch=0.30 | wall=0.45
R8[T2][GIVE_UP   ]: L=+1.00 R=+1.00 | carry=0 | base=0.15 ba=+0.00 | site=0 sd=0.00 sa=+0.00 | phero=0 pd=0.00 pa=+0.00 | srch=0.64 | wall=2.79
R9[T3][SITE      ]: L=+1.00 R=+1.00 | carry=0 | base=0.51 ba=+0.84 | site=1 sd=0.17 sa=+0.39 | phero=0 pd=0.00 pa=+0.00 | srch=0.18 | wall=1.03
R10[T3][RTB       ]: L=+1.00 R=+0.99 | carry=1 | base=0.50 ba=-0.00 | site=0 sd=0.00 sa=+0.00 | phero=0 pd=0.00 pa=+0.00 | srch=0.00 | wall=1.36
R11[T3][EXPLORE   ]: L=+0.31 R=+1.00 | carry=0 | base=0.55 ba=+0.86 | site=0 sd=0.00 sa=+0.00 | phero=0 pd=0.00 pa=+0.00 | srch=0.39 | wall=0.87
R12[T3][RTB       ]: L=+0.18 R=+1.00 | carry=1 | base=0.48 ba=+0.33 | site=0 sd=0.00 sa=+0.00 | phero=0 pd=0.00 pa=+0.00 | srch=0.00 | wall=1.65
R13[T4][RTB       ]: L=+0.00 R=+1.00 | carry=1 | base=0.65 ba=+0.46 | site=0 sd=0.00 sa=+0.00 | phero=0 pd=0.00 pa=+0.00 | srch=0.00 | wall=0.59
R14[T4][BASE_ESC  ]: L=+1.00 R=+1.00 | carry=0 | base=0.05 ba=+0.00 | site=0 sd=0.00 sa=+0.00 | phero=1 pd=0.54 pa=-0.29 | srch=0.00 | wall=3.28
R15[T4][SITE      ]: L=+1.00 R=+1.00 | carry=0 | base=0.16 ba=+0.99 | site=1 sd=0.37 sa=+0.05 | phero=0 pd=0.00 pa=+0.00 | srch=0.07 | wall=2.89
R16[T4][SITE      ]: L=+1.00 R=+0.96 | carry=0 | base=0.07 ba=+1.00 | site=1 sd=0.48 sa=-0.12 | phero=0 pd=0.00 pa=+0.00 | srch=0.03 | wall=3.19

[PICKUP] Robot 2 picked up tag (density=6) | Total: 198
[EMPTY_RTN] R8 → phero(1.58,2.87)
[PICKUP] Robot 5 picked up tag (density=12) | Total: 199
[GIVE-UP] R6 giving up after 1305 steps
[GIVE-UP] R6 giving up after 1383 steps
[PICKUP] Robot 9 picked up tag (density=5) | Total: 200

======================================================================
Step 26500 (14.1 min) | Pickups: 200 | Deposits: 193 | Rate: 13.66 tags/min | phero_entries=25 phero_max=0.449
======================================================================
R1[T1][RTB       ]: L=+1.00 R=+1.00 | carry=1 | base=0.25 ba=-0.00 | site=0 sd=0.00 sa=+0.00 | phero=0 pd=0.00 pa=+0.00 | srch=0.00 | wall=2.31
R2[T1][RTB       ]: L=+1.00 R=+1.00 | carry=1 | base=0.22 ba=-0.00 | site=0 sd=0.00 sa=+0.00 | phero=0 pd=0.00 pa=+0.00 | srch=0.00 | wall=2.41
R3[T1][EXPLORE   ]: L=+1.00 R=+0.99 | carry=0 | base=0.40 ba=-0.21 | site=0 sd=0.00 sa=+0.00 | phero=0 pd=0.00 pa=+0.00 | srch=0.49 | wall=1.65
R4[T1][SITE      ]: L=+1.00 R=+1.00 | carry=0 | base=0.57 ba=-0.96 | site=1 sd=0.07 sa=+0.09 | phero=0 pd=0.00 pa=+0.00 | srch=0.20 | wall=0.99
R5[T2][RTB       ]: L=+1.00 R=+1.00 | carry=1 | base=0.51 ba=-0.00 | site=0 sd=0.00 sa=+0.00 | phero=0 pd=0.00 pa=+0.00 | srch=0.00 | wall=1.55
R6[T2][GIVE_UP   ]: L=+1.00 R=+1.00 | carry=0 | base=0.32 ba=-0.00 | site=0 sd=0.00 sa=+0.00 | phero=0 pd=0.00 pa=+0.00 | srch=0.39 | wall=2.08
R7[T2][EXPLORE   ]: L=+1.00 R=+1.00 | carry=0 | base=0.57 ba=-0.48 | site=0 sd=0.00 sa=+0.00 | phero=0 pd=0.00 pa=+0.00 | srch=0.43 | wall=0.77
R8[T2][PHERO     ]: L=+0.65 R=+0.64 | carry=0 | base=0.08 ba=-0.76 | site=0 sd=0.00 sa=+0.00 | phero=1 pd=0.61 pa=-0.03 | srch=0.09 | wall=3.13
R9[T3][RTB       ]: L=+1.00 R=+1.00 | carry=1 | base=0.47 ba=+0.00 | site=0 sd=0.00 sa=+0.00 | phero=0 pd=0.00 pa=+0.00 | srch=0.00 | wall=1.18
R10[T3][RTB       ]: L=+1.00 R=+1.00 | carry=1 | base=0.12 ba=+0.00 | site=0 sd=0.00 sa=+0.00 | phero=0 pd=0.00 pa=+0.00 | srch=0.00 | wall=2.99
R11[T3][EXPLORE   ]: L=+0.59 R=+1.00 | carry=0 | base=0.55 ba=+0.98 | site=0 sd=0.00 sa=+0.00 | phero=0 pd=0.00 pa=+0.00 | srch=0.52 | wall=0.86
R12[T3][RTB       ]: L=+1.00 R=+1.00 | carry=1 | base=0.11 ba=+0.00 | site=0 sd=0.00 sa=+0.00 | phero=0 pd=0.00 pa=+0.00 | srch=0.00 | wall=3.07
R13[T4][RTB       ]: L=+1.00 R=+1.00 | carry=1 | base=0.29 ba=+0.00 | site=0 sd=0.00 sa=+0.00 | phero=0 pd=0.00 pa=+0.00 | srch=0.00 | wall=2.18
R14[T4][PHERO     ]: L=+1.00 R=+1.00 | carry=0 | base=0.19 ba=+0.91 | site=0 sd=0.00 sa=+0.00 | phero=1 pd=0.32 pa=-0.07 | srch=0.12 | wall=2.56
R15[T4][SITE      ]: L=+0.87 R=+0.92 | carry=0 | base=0.50 ba=+0.93 | site=1 sd=0.03 sa=+0.05 | phero=0 pd=0.00 pa=+0.00 | srch=0.19 | wall=1.75
R16[T4][SITE      ]: L=+1.00 R=+0.96 | carry=0 | base=0.44 ba=-0.86 | site=1 sd=0.13 sa=-0.10 | phero=0 pd=0.00 pa=+0.00 | srch=0.16 | wall=1.32

[DEPOSIT] Robot 12 deposited! Total: 194
  [PHERO] Laid at (-1.50, -1.82) density=3 prob=0.65 total_entries=26
  [TARGET] Robot 12 → SITE (-1.50,-1.82)
[DEPOSIT] Robot 10 deposited! Total: 195
  [PHERO] Laid at (-1.48, 2.37) density=5 prob=0.92 total_entries=27
  [TARGET] Robot 10 → SITE (-1.48,2.37)
[PICKUP] Robot 16 picked up tag (density=4) | Total: 201
[DEPOSIT] Robot 1 deposited! Total: 196
  [PHERO] Laid at (-2.98, 0.71) density=14 prob=1.00 total_entries=26
  [TARGET] Robot 1 → SITE (-2.98,0.71)
[DEPOSIT] Robot 13 deposited! Total: 197
  [TARGET] Robot 13 → SITE (1.44,2.89)
[DEPOSIT] Robot 2 deposited! Total: 198
  [PHERO] Laid at (-2.95, -0.23) density=6 prob=0.97 total_entries=26
  [TARGET] Robot 2 → SITE (-2.95,-0.23)
[EMPTY_RTN] R6 → phero(-1.65,-1.65)
[PICKUP] Robot 15 picked up tag (density=2) | Total: 202

======================================================================
Step 27000 (14.4 min) | Pickups: 202 | Deposits: 198 | Rate: 13.75 tags/min | phero_entries=24 phero_max=0.739
======================================================================
R1[T1][SITE      ]: L=+1.00 R=+1.00 | carry=0 | base=0.15 ba=+1.00 | site=1 sd=0.48 sa=+0.15 | phero=0 pd=0.00 pa=+0.00 | srch=0.06 | wall=2.88
R2[T1][SITE      ]: L=+1.00 R=+1.00 | carry=0 | base=0.11 ba=+0.95 | site=1 sd=0.50 sa=-0.21 | phero=0 pd=0.00 pa=+0.00 | srch=0.05 | wall=3.03
R3[T1][EXPLORE   ]: L=+1.00 R=+1.00 | carry=0 | base=0.33 ba=-0.77 | site=0 sd=0.00 sa=+0.00 | phero=0 pd=0.00 pa=+0.00 | srch=0.61 | wall=1.93
R4[T1][EXPLORE   ]: L=+1.00 R=+1.00 | carry=0 | base=0.83 ba=+0.71 | site=0 sd=0.00 sa=+0.00 | phero=0 pd=0.00 pa=+0.00 | srch=0.33 | wall=0.58
R5[T2][RTB       ]: L=+1.00 R=+1.00 | carry=1 | base=0.12 ba=-0.00 | site=0 sd=0.00 sa=+0.00 | phero=0 pd=0.00 pa=+0.00 | srch=0.00 | wall=3.03
R6[T2][PHERO     ]: L=+0.82 R=+1.00 | carry=0 | base=0.08 ba=+0.19 | site=0 sd=0.00 sa=+0.00 | phero=1 pd=0.53 pa=-0.01 | srch=0.04 | wall=3.11
R7[T2][EXPLORE   ]: L=+1.00 R=+0.94 | carry=0 | base=0.65 ba=-0.65 | site=0 sd=0.00 sa=+0.00 | phero=0 pd=0.00 pa=+0.00 | srch=0.55 | wall=1.04
R8[T2][PHERO     ]: L=+0.48 R=+0.49 | carry=0 | base=0.31 ba=-0.96 | site=0 sd=0.00 sa=+0.00 | phero=1 pd=0.36 pa=-0.06 | srch=0.22 | wall=2.05
R9[T3][RTB       ]: L=+1.00 R=+1.00 | carry=1 | base=0.17 ba=+0.00 | site=0 sd=0.00 sa=+0.00 | phero=0 pd=0.00 pa=+0.00 | srch=0.00 | wall=2.66
R10[T3][SITE      ]: L=+1.00 R=+0.98 | carry=0 | base=0.27 ba=-0.89 | site=1 sd=0.32 sa=-0.09 | phero=0 pd=0.00 pa=+0.00 | srch=0.10 | wall=2.43
R11[T3][EXPLORE   ]: L=+1.00 R=+1.00 | carry=0 | base=0.75 ba=+0.73 | site=0 sd=0.00 sa=+0.00 | phero=0 pd=0.00 pa=+0.00 | srch=0.64 | wall=0.72
R12[T3][SITE      ]: L=+1.00 R=+0.97 | carry=0 | base=0.28 ba=-0.88 | site=1 sd=0.22 sa=-0.10 | phero=0 pd=0.00 pa=+0.00 | srch=0.11 | wall=2.20
R13[T4][SITE      ]: L=+1.00 R=+1.00 | carry=0 | base=0.07 ba=+0.95 | site=1 sd=0.59 sa=-0.17 | phero=0 pd=0.00 pa=+0.00 | srch=0.05 | wall=3.18
R14[T4][PHERO     ]: L=+1.00 R=+1.00 | carry=0 | base=0.48 ba=+0.99 | site=0 sd=0.00 sa=+0.00 | phero=1 pd=0.05 pa=-0.30 | srch=0.25 | wall=1.18
R15[T4][RTB       ]: L=+1.00 R=+0.99 | carry=1 | base=0.48 ba=-0.00 | site=0 sd=0.00 sa=+0.00 | phero=0 pd=0.00 pa=+0.00 | srch=0.00 | wall=1.64
R16[T4][RTB       ]: L=+1.00 R=+1.00 | carry=1 | base=0.31 ba=-0.00 | site=0 sd=0.00 sa=+0.00 | phero=0 pd=0.00 pa=+0.00 | srch=0.00 | wall=1.97

[DEPOSIT] Robot 5 deposited! Total: 199
  [PHERO] Laid at (2.33, -2.77) density=12 prob=1.00 total_entries=25
  [TARGET] Robot 5 → SITE (2.33,-2.77)
[PICKUP] Robot 14 picked up tag (density=3) | Total: 203
[DEPOSIT] Robot 9 deposited! Total: 200
  [PHERO] Laid at (-2.87, -0.35) density=5 prob=0.92 total_entries=26
  [TARGET] Robot 9 → SITE (-2.87,-0.35)
[PICKUP] Robot 12 picked up tag (density=1) | Total: 204
[DEPOSIT] Robot 16 deposited! Total: 201
  [PHERO] Laid at (-2.50, -0.14) density=4 prob=0.82 total_entries=26
  [TARGET] Robot 16 → SITE (-2.50,-0.14)
[PICKUP] Robot 4 picked up tag (density=15) | Total: 205
[PICKUP] Robot 10 picked up tag (density=4) | Total: 206

======================================================================
Step 27500 (14.7 min) | Pickups: 206 | Deposits: 201 | Rate: 13.70 tags/min | phero_entries=26 phero_max=0.766
======================================================================
R1[T1][SITE      ]: L=+1.00 R=+1.00 | carry=0 | base=0.53 ba=+0.89 | site=1 sd=0.17 sa=+0.24 | phero=0 pd=0.00 pa=+0.00 | srch=0.19 | wall=1.18
R2[T1][SITE      ]: L=+1.00 R=+0.97 | carry=0 | base=0.48 ba=-0.84 | site=1 sd=0.29 sa=-0.30 | phero=0 pd=0.00 pa=+0.00 | srch=0.17 | wall=1.49
R3[T1][EXPLORE   ]: L=+0.58 R=+1.00 | carry=0 | base=0.64 ba=+0.59 | site=0 sd=0.00 sa=+0.00 | phero=0 pd=0.00 pa=+0.00 | srch=0.74 | wall=0.35
R4[T1][RTB       ]: L=+1.00 R=+1.00 | carry=1 | base=0.59 ba=+0.00 | site=0 sd=0.00 sa=+0.00 | phero=0 pd=0.00 pa=+0.00 | srch=0.00 | wall=1.23
R5[T2][SITE      ]: L=+1.00 R=+1.00 | carry=0 | base=0.28 ba=-0.98 | site=1 sd=0.52 sa=+0.29 | phero=0 pd=0.00 pa=+0.00 | srch=0.10 | wall=2.13
R6[T2][PHERO     ]: L=+1.00 R=+1.00 | carry=0 | base=0.12 ba=+0.85 | site=0 sd=0.00 sa=+0.00 | phero=1 pd=0.35 pa=-0.13 | srch=0.16 | wall=3.06
R7[T2][EXPLORE   ]: L=+1.00 R=+1.00 | carry=0 | base=0.67 ba=+0.43 | site=0 sd=0.00 sa=+0.00 | phero=0 pd=0.00 pa=+0.00 | srch=0.68 | wall=0.84
R8[T2][PHERO     ]: L=+1.00 R=+0.92 | carry=0 | base=0.63 ba=-0.83 | site=0 sd=0.00 sa=+0.00 | phero=1 pd=0.05 pa=-0.13 | srch=0.34 | wall=0.68
R9[T3][SITE      ]: L=+1.00 R=+1.00 | carry=0 | base=0.23 ba=+0.99 | site=1 sd=0.39 sa=-0.22 | phero=0 pd=0.00 pa=+0.00 | srch=0.09 | wall=2.52
R10[T3][RTB       ]: L=+1.00 R=+0.30 | carry=1 | base=0.58 ba=-0.26 | site=0 sd=0.00 sa=+0.00 | phero=0 pd=0.00 pa=+0.00 | srch=0.00 | wall=1.13
R11[T3][EXPLORE   ]: L=+0.02 R=+1.00 | carry=0 | base=0.81 ba=+0.74 | site=0 sd=0.00 sa=+0.00 | phero=0 pd=0.00 pa=+0.00 | srch=0.77 | wall=0.48
R12[T3][RTB       ]: L=+1.00 R=+1.00 | carry=1 | base=0.41 ba=-0.00 | site=0 sd=0.00 sa=+0.00 | phero=0 pd=0.00 pa=+0.00 | srch=0.00 | wall=2.05
R13[T4][SITE      ]: L=+1.00 R=+1.00 | carry=0 | base=0.43 ba=+1.00 | site=1 sd=0.30 sa=-0.31 | phero=0 pd=0.00 pa=+0.00 | srch=0.17 | wall=1.38
R14[T4][RTB       ]: L=+1.00 R=+1.00 | carry=1 | base=0.28 ba=-0.00 | site=0 sd=0.00 sa=+0.00 | phero=0 pd=0.00 pa=+0.00 | srch=0.00 | wall=2.10
R15[T4][RTB       ]: L=+1.00 R=+1.00 | carry=1 | base=0.09 ba=-0.00 | site=0 sd=0.00 sa=+0.00 | phero=0 pd=0.00 pa=+0.00 | srch=0.00 | wall=3.14
R16[T4][SITE      ]: L=+1.00 R=+1.00 | carry=0 | base=0.09 ba=-0.95 | site=1 sd=0.42 sa=+0.15 | phero=0 pd=0.00 pa=+0.00 | srch=0.04 | wall=3.08

[DEPOSIT] Robot 15 deposited! Total: 202
  [PHERO] Laid at (-1.59, -2.15) density=2 prob=0.42 total_entries=27
  [TARGET] Robot 15 → PHERO (-2.87,-0.35)
[PICKUP] Robot 5 picked up tag (density=6) | Total: 207
[PICKUP] Robot 1 picked up tag (density=13) | Total: 208
[DEPOSIT] Robot 14 deposited! Total: 203
  [TARGET] Robot 14 → SITE (-2.62,-0.34)
[GIVE-UP] R3 giving up after 3284 steps
[DEPOSIT] Robot 12 deposited! Total: 204
  [PHERO] Laid at (-1.59, -1.81) density=1 prob=0.20 total_entries=27
  [TARGET] Robot 12 → SITE (-1.59,-1.81)
[PICKUP] Robot 2 picked up tag (density=2) | Total: 209

======================================================================
Step 28000 (14.9 min) | Pickups: 209 | Deposits: 204 | Rate: 13.66 tags/min | phero_entries=27 phero_max=0.940
======================================================================
R1[T1][RTB       ]: L=+1.00 R=+1.00 | carry=1 | base=0.40 ba=+0.00 | site=0 sd=0.00 sa=+0.00 | phero=0 pd=0.00 pa=+0.00 | srch=0.00 | wall=1.63
R2[T1][RTB       ]: L=+1.00 R=+0.37 | carry=1 | base=0.60 ba=-0.25 | site=0 sd=0.00 sa=+0.00 | phero=0 pd=0.00 pa=+0.00 | srch=0.00 | wall=0.55
R3[T1][GIVE_UP   ]: L=+0.99 R=+1.00 | carry=0 | base=0.57 ba=+0.00 | site=0 sd=0.00 sa=+0.00 | phero=0 pd=0.00 pa=+0.00 | srch=0.86 | wall=0.69
R4[T1][RTB       ]: L=+1.00 R=+1.00 | carry=1 | base=0.20 ba=+0.00 | site=0 sd=0.00 sa=+0.00 | phero=0 pd=0.00 pa=+0.00 | srch=0.00 | wall=2.72
R5[T2][RTB       ]: L=+1.00 R=+1.00 | carry=1 | base=0.07 ba=-0.00 | site=0 sd=0.00 sa=+0.00 | phero=0 pd=0.00 pa=+0.00 | srch=0.00 | wall=3.14
R6[T2][PHERO     ]: L=+1.00 R=+0.87 | carry=0 | base=0.47 ba=-0.69 | site=0 sd=0.00 sa=+0.00 | phero=1 pd=0.04 pa=-0.20 | srch=0.29 | wall=1.71
R7[T2][EXPLORE   ]: L=+1.00 R=+1.00 | carry=0 | base=0.57 ba=+0.15 | site=0 sd=0.00 sa=+0.00 | phero=0 pd=0.00 pa=+0.00 | srch=0.80 | wall=0.72
R8[T2][WALL_ESC  ]: L=+1.00 R=+0.00 | carry=0 | base=0.85 ba=-0.61 | site=0 sd=0.00 sa=+0.00 | phero=0 pd=0.00 pa=+0.00 | srch=0.47 | wall=0.33
R9[T3][SITE      ]: L=+1.00 R=+0.99 | carry=0 | base=0.57 ba=-0.69 | site=1 sd=0.12 sa=-0.19 | phero=0 pd=0.00 pa=+0.00 | srch=0.21 | wall=0.85
R10[T3][RTB       ]: L=+1.00 R=+1.00 | carry=1 | base=0.21 ba=-0.00 | site=0 sd=0.00 sa=+0.00 | phero=0 pd=0.00 pa=+0.00 | srch=0.00 | wall=2.64
R11[T3][EXPLORE   ]: L=+0.41 R=+1.00 | carry=0 | base=0.80 ba=-0.61 | site=0 sd=0.00 sa=+0.00 | phero=0 pd=0.00 pa=+0.00 | srch=0.89 | wall=0.51
R12[T3][BASE_ESC  ]: L=+0.00 R=+1.00 | carry=0 | base=0.04 ba=-0.36 | site=1 sd=0.44 sa=+0.68 | phero=0 pd=0.00 pa=+0.00 | srch=0.01 | wall=3.34
R13[T4][SITE      ]: L=+1.00 R=+1.00 | carry=0 | base=0.66 ba=-0.51 | site=1 sd=0.04 sa=-0.12 | phero=0 pd=0.00 pa=+0.00 | srch=0.30 | wall=0.48
R14[T4][SITE      ]: L=+1.00 R=+1.00 | carry=0 | base=0.11 ba=+0.99 | site=1 sd=0.43 sa=+0.09 | phero=0 pd=0.00 pa=+0.00 | srch=0.05 | wall=2.97
R15[T4][PHERO     ]: L=+0.97 R=+0.97 | carry=0 | base=0.23 ba=-0.95 | site=0 sd=0.00 sa=+0.00 | phero=1 pd=0.36 pa=+0.12 | srch=0.11 | wall=2.35
R16[T4][SITE      ]: L=+0.99 R=+1.00 | carry=0 | base=0.44 ba=+0.74 | site=1 sd=0.11 sa=+0.06 | phero=0 pd=0.00 pa=+0.00 | srch=0.17 | wall=1.34

[DEPOSIT] Robot 5 deposited! Total: 205
  [PHERO] Laid at (0.22, -1.59) density=6 prob=0.97 total_entries=28
  [TARGET] Robot 5 → SITE (0.22,-1.59)
TIMEOUT_RESULT pickups=209 deposits=205 steps=28125 elapsed_min=15.000000
BATCH_RESULT pickups=209 deposits=205
