Gym has been unmaintained since 2022 and does not support NumPy 2.0 amongst other critical functionality.
Please upgrade to Gymnasium, the maintained drop-in replacement of Gym, or contact the authors of your software and request that they upgrade.
Users of this version of Gym should be able to simply replace 'import gym' with 'import gymnasium as gym' in the vast majority of cases.
See the migration guide at https://gymnasium.farama.org/introduction/migration_guide/ for additional information.
============================================================
EVALUATION MODE — CPFA-RL Trained Model
Arena: 7×7m  |  Robots: 16  (teams of 4: 4)  |  Tags: 256
Obs per team: 18 × 4 = 72  |  Total obs dim: 288
============================================================

Loading model: ppo_cpfa_v9
Model loaded. Starting evaluation...

============================================================

[PICKUP] Robot 14 picked up tag (density=16) | Total: 1
[PICKUP] Robot 15 picked up tag (density=15) | Total: 2
[PICKUP] Robot 13 picked up tag (density=14) | Total: 3
[GIVE-UP] R6 giving up after 78 steps
[DEPOSIT] Robot 14 deposited! Total: 1
  [PHERO] Laid at (0.19, -0.46) density=16 prob=1.00 total_entries=1
  [TARGET] Robot 14 → SITE (0.19,-0.46)
[PICKUP] Robot 12 picked up tag (density=13) | Total: 4
[DEPOSIT] Robot 15 deposited! Total: 2
  [PHERO] Laid at (0.37, -0.35) density=15 prob=1.00 total_entries=2
  [TARGET] Robot 15 → SITE (0.37,-0.35)
[EMPTY_RTN] R6 → phero(0.37,-0.35)
[DEPOSIT] Robot 13 deposited! Total: 3
  [PHERO] Laid at (0.20, -0.49) density=14 prob=1.00 total_entries=3
  [TARGET] Robot 13 → SITE (0.20,-0.49)
[GIVE-UP] R2 giving up after 312 steps
[DEPOSIT] Robot 12 deposited! Total: 4
  [PHERO] Laid at (0.34, -0.44) density=13 prob=1.00 total_entries=4
  [TARGET] Robot 12 → SITE (0.34,-0.44)
[PICKUP] Robot 13 picked up tag (density=12) | Total: 5
[PICKUP] Robot 15 picked up tag (density=11) | Total: 6

======================================================================
Step 500 (0.3 min) | Pickups: 6 | Deposits: 4 | Rate: 15.00 tags/min | phero_entries=4 phero_max=0.782
======================================================================
R1[T1][EXPLORE   ]: L=+1.00 R=+1.00 | carry=0 | base=0.49 ba=+1.00 | site=0 sd=0.00 sa=+0.00 | phero=0 pd=0.00 pa=+0.00 | srch=0.12 | wall=1.08
R2[T1][GIVE_UP   ]: L=+1.00 R=+0.99 | carry=0 | base=0.28 ba=-0.00 | site=0 sd=0.00 sa=+0.00 | phero=0 pd=0.00 pa=+0.00 | srch=0.12 | wall=2.13
R3[T1][EXPLORE   ]: L=+1.00 R=+1.00 | carry=0 | base=0.40 ba=-0.90 | site=0 sd=0.00 sa=+0.00 | phero=0 pd=0.00 pa=+0.00 | srch=0.12 | wall=1.73
R4[T1][EXPLORE   ]: L=+1.00 R=+0.77 | carry=0 | base=0.08 ba=-0.20 | site=0 sd=0.00 sa=+0.00 | phero=0 pd=0.00 pa=+0.00 | srch=0.12 | wall=3.09
R5[T2][EXPLORE   ]: L=+1.00 R=+1.00 | carry=0 | base=0.42 ba=+1.00 | site=0 sd=0.00 sa=+0.00 | phero=0 pd=0.00 pa=+0.00 | srch=0.12 | wall=1.98
R6[T2][PHERO     ]: L=+1.00 R=+0.77 | carry=0 | base=0.11 ba=-0.63 | site=0 sd=0.00 sa=+0.00 | phero=1 pd=0.03 pa=-0.27 | srch=0.07 | wall=3.02
R7[T2][EXPLORE   ]: L=+1.00 R=+1.00 | carry=0 | base=0.27 ba=-0.89 | site=0 sd=0.00 sa=+0.00 | phero=0 pd=0.00 pa=+0.00 | srch=0.12 | wall=2.19
R8[T2][EXPLORE   ]: L=+1.00 R=+0.74 | carry=0 | base=0.10 ba=+0.13 | site=0 sd=0.00 sa=+0.00 | phero=0 pd=0.00 pa=+0.00 | srch=0.12 | wall=3.05
R9[T3][EXPLORE   ]: L=+1.00 R=+1.00 | carry=0 | base=0.30 ba=+1.00 | site=0 sd=0.00 sa=+0.00 | phero=0 pd=0.00 pa=+0.00 | srch=0.12 | wall=2.18
R10[T3][EXPLORE   ]: L=+1.00 R=+1.00 | carry=0 | base=0.19 ba=-0.42 | site=0 sd=0.00 sa=+0.00 | phero=0 pd=0.00 pa=+0.00 | srch=0.12 | wall=2.62
R11[T3][EXPLORE   ]: L=+1.00 R=+0.68 | carry=0 | base=0.06 ba=-0.04 | site=0 sd=0.00 sa=+0.00 | phero=0 pd=0.00 pa=+0.00 | srch=0.12 | wall=3.19
R12[T3][SITE      ]: L=+0.90 R=+1.00 | carry=0 | base=0.07 ba=+0.92 | site=1 sd=0.04 sa=+0.10 | phero=0 pd=0.00 pa=+0.00 | srch=0.04 | wall=3.18
R13[T4][RTB       ]: L=+0.00 R=+1.00 | carry=1 | base=0.12 ba=+0.69 | site=0 sd=0.00 sa=+0.00 | phero=0 pd=0.00 pa=+0.00 | srch=0.00 | wall=2.93
R14[T4][EXPLORE   ]: L=+1.00 R=+1.00 | carry=0 | base=0.16 ba=-0.85 | site=0 sd=0.00 sa=+0.00 | phero=0 pd=0.00 pa=+0.00 | srch=0.09 | wall=2.73
R15[T4][RTB       ]: L=+1.00 R=+0.00 | carry=1 | base=0.12 ba=-0.52 | site=0 sd=0.00 sa=+0.00 | phero=0 pd=0.00 pa=+0.00 | srch=0.00 | wall=3.04
R16[T4][EXPLORE   ]: L=+1.00 R=+0.82 | carry=0 | base=0.34 ba=-0.24 | site=0 sd=0.00 sa=+0.00 | phero=0 pd=0.00 pa=+0.00 | srch=0.12 | wall=2.09

[GIVE-UP] R8 giving up after 546 steps
[EMPTY_RTN] R8 → phero(0.34,-0.44)
[DEPOSIT] Robot 15 deposited! Total: 5
  [PHERO] Laid at (0.38, -0.43) density=11 prob=1.00 total_entries=5
  [TARGET] Robot 15 → SITE (0.38,-0.43)
[PICKUP] Robot 10 picked up tag (density=16) | Total: 7
[PICKUP] Robot 12 picked up tag (density=10) | Total: 8
[DEPOSIT] Robot 13 deposited! Total: 6
  [PHERO] Laid at (0.21, -0.55) density=12 prob=1.00 total_entries=6
  [TARGET] Robot 13 → SITE (0.21,-0.55)
[PICKUP] Robot 11 picked up tag (density=9) | Total: 9
[PICKUP] Robot 7 picked up tag (density=16) | Total: 10
[EMPTY_RTN] R2 → phero(0.21,-0.55)
[DEPOSIT] Robot 12 deposited! Total: 7
  [PHERO] Laid at (0.39, -0.45) density=10 prob=1.00 total_entries=7
  [TARGET] Robot 12 → SITE (0.39,-0.45)
[PICKUP] Robot 15 picked up tag (density=8) | Total: 11
[GIVE-UP] R3 giving up after 936 steps
[DEPOSIT] Robot 11 deposited! Total: 8
  [PHERO] Laid at (0.24, -0.61) density=9 prob=1.00 total_entries=8
  [TARGET] Robot 11 → SITE (0.24,-0.61)

======================================================================
Step 1000 (0.5 min) | Pickups: 11 | Deposits: 8 | Rate: 15.00 tags/min | phero_entries=8 phero_max=0.943
======================================================================
R1[T1][EXPLORE   ]: L=+1.00 R=+1.00 | carry=0 | base=0.50 ba=+0.14 | site=0 sd=0.00 sa=+0.00 | phero=0 pd=0.00 pa=+0.00 | srch=0.25 | wall=1.03
R2[T1][PHERO     ]: L=+1.00 R=+0.89 | carry=0 | base=0.10 ba=-0.78 | site=0 sd=0.00 sa=+0.00 | phero=1 pd=0.05 pa=-0.21 | srch=0.05 | wall=3.16
R3[T1][GIVE_UP   ]: L=+0.00 R=+1.00 | carry=0 | base=0.73 ba=+0.48 | site=0 sd=0.00 sa=+0.00 | phero=0 pd=0.00 pa=+0.00 | srch=0.25 | wall=0.43
R4[T1][EXPLORE   ]: L=+1.00 R=+1.00 | carry=0 | base=0.29 ba=-0.98 | site=0 sd=0.00 sa=+0.00 | phero=0 pd=0.00 pa=+0.00 | srch=0.25 | wall=2.07
R5[T2][EXPLORE   ]: L=+1.00 R=+1.00 | carry=0 | base=0.81 ba=+0.98 | site=0 sd=0.00 sa=+0.00 | phero=0 pd=0.00 pa=+0.00 | srch=0.25 | wall=0.52
R6[T2][EXPLORE   ]: L=+1.00 R=+1.00 | carry=0 | base=0.30 ba=-0.98 | site=0 sd=0.00 sa=+0.00 | phero=0 pd=0.00 pa=+0.00 | srch=0.20 | wall=2.02
R7[T2][RTB       ]: L=+0.97 R=+1.00 | carry=1 | base=0.32 ba=+0.01 | site=0 sd=0.00 sa=+0.00 | phero=0 pd=0.00 pa=+0.00 | srch=0.00 | wall=1.97
R8[T2][PHERO     ]: L=+1.00 R=-0.31 | carry=0 | base=0.05 ba=-0.33 | site=0 sd=0.00 sa=+0.00 | phero=1 pd=0.14 pa=-0.05 | srch=0.09 | wall=3.29
R9[T3][EXPLORE   ]: L=+1.00 R=+1.00 | carry=0 | base=0.68 ba=+0.97 | site=0 sd=0.00 sa=+0.00 | phero=0 pd=0.00 pa=+0.00 | srch=0.25 | wall=0.44
R10[T3][RTB       ]: L=+1.00 R=+1.00 | carry=1 | base=0.06 ba=-0.00 | site=0 sd=0.00 sa=+0.00 | phero=0 pd=0.00 pa=+0.00 | srch=0.00 | wall=3.20
R11[T3][BASE_ESC  ]: L=+1.00 R=+0.00 | carry=0 | base=0.04 ba=+0.33 | site=1 sd=0.09 sa=-0.79 | phero=0 pd=0.00 pa=+0.00 | srch=0.01 | wall=3.32
R12[T3][BASE_ESC  ]: L=+1.00 R=+0.00 | carry=0 | base=0.05 ba=+0.76 | site=1 sd=0.08 sa=-0.44 | phero=0 pd=0.00 pa=+0.00 | srch=0.02 | wall=3.30
R13[T4][SITE      ]: L=+0.07 R=+1.00 | carry=0 | base=0.13 ba=+0.66 | site=1 sd=0.01 sa=+0.46 | phero=0 pd=0.00 pa=+0.00 | srch=0.07 | wall=2.90
R14[T4][EXPLORE   ]: L=+1.00 R=+1.00 | carry=0 | base=0.53 ba=+1.00 | site=0 sd=0.00 sa=+0.00 | phero=0 pd=0.00 pa=+0.00 | srch=0.22 | wall=0.92
R15[T4][RTB       ]: L=+0.09 R=+1.00 | carry=1 | base=0.13 ba=+0.37 | site=0 sd=0.00 sa=+0.00 | phero=0 pd=0.00 pa=+0.00 | srch=0.00 | wall=3.04
R16[T4][EXPLORE   ]: L=+1.00 R=+1.00 | carry=0 | base=0.30 ba=+0.78 | site=0 sd=0.00 sa=+0.00 | phero=0 pd=0.00 pa=+0.00 | srch=0.25 | wall=2.03

[DEPOSIT] Robot 10 deposited! Total: 9
  [PHERO] Laid at (-1.04, -0.40) density=16 prob=1.00 total_entries=9
  [TARGET] Robot 10 → SITE (-1.04,-0.40)
[PICKUP] Robot 13 picked up tag (density=7) | Total: 12
[PICKUP] Robot 3 picked up tag (density=16) | Total: 13
[DEPOSIT] Robot 15 deposited! Total: 10
  [PHERO] Laid at (0.41, -0.44) density=8 prob=1.00 total_entries=10
  [TARGET] Robot 15 → SITE (0.41,-0.44)
[DEPOSIT] Robot 13 deposited! Total: 11
  [PHERO] Laid at (0.26, -0.60) density=7 prob=0.99 total_entries=11
  [TARGET] Robot 13 → SITE (0.26,-0.60)
[PICKUP] Robot 10 picked up tag (density=15) | Total: 14
[PICKUP] Robot 12 picked up tag (density=6) | Total: 15
[GIVE-UP] R9 giving up after 1404 steps
[DEPOSIT] Robot 7 deposited! Total: 12
  [PHERO] Laid at (1.98, -0.64) density=16 prob=1.00 total_entries=12
  [TARGET] Robot 7 → SITE (1.98,-0.64)
[DEPOSIT] Robot 10 deposited! Total: 13
  [PHERO] Laid at (-0.66, -0.02) density=15 prob=1.00 total_entries=13
  [TARGET] Robot 10 → SITE (-0.66,-0.02)
[DEPOSIT] Robot 12 deposited! Total: 14
  [PHERO] Laid at (0.39, -0.53) density=6 prob=0.97 total_entries=14
  [TARGET] Robot 12 → SITE (0.39,-0.53)

======================================================================
Step 1500 (0.8 min) | Pickups: 15 | Deposits: 14 | Rate: 17.50 tags/min | phero_entries=14 phero_max=0.973
======================================================================
R1[T1][EXPLORE   ]: L=+1.00 R=+1.00 | carry=0 | base=0.23 ba=+0.41 | site=0 sd=0.00 sa=+0.00 | phero=0 pd=0.00 pa=+0.00 | srch=0.38 | wall=2.57
R2[T1][EXPLORE   ]: L=+1.00 R=+1.00 | carry=0 | base=0.39 ba=-0.91 | site=0 sd=0.00 sa=+0.00 | phero=0 pd=0.00 pa=+0.00 | srch=0.17 | wall=1.67
R3[T1][RTB       ]: L=+1.00 R=+1.00 | carry=1 | base=0.38 ba=+0.00 | site=0 sd=0.00 sa=+0.00 | phero=0 pd=0.00 pa=+0.00 | srch=0.00 | wall=1.88
R4[T1][EXPLORE   ]: L=+1.00 R=+0.87 | carry=0 | base=0.60 ba=-0.57 | site=0 sd=0.00 sa=+0.00 | phero=0 pd=0.00 pa=+0.00 | srch=0.38 | wall=0.61
R5[T2][EXPLORE   ]: L=+1.00 R=+1.00 | carry=0 | base=0.61 ba=-0.06 | site=0 sd=0.00 sa=+0.00 | phero=0 pd=0.00 pa=+0.00 | srch=0.38 | wall=1.19
R6[T2][WALL_ESC  ]: L=+1.00 R=+0.00 | carry=0 | base=0.64 ba=-0.50 | site=0 sd=0.00 sa=+0.00 | phero=0 pd=0.00 pa=+0.00 | srch=0.32 | wall=0.32
R7[T2][BASE_ESC  ]: L=+1.00 R=+0.00 | carry=0 | base=0.04 ba=+0.61 | site=1 sd=0.38 sa=-0.47 | phero=0 pd=0.00 pa=+0.00 | srch=0.02 | wall=3.29
R8[T2][PHERO     ]: L=+1.00 R=+0.97 | carry=0 | base=0.06 ba=-0.54 | site=0 sd=0.00 sa=+0.00 | phero=1 pd=0.08 pa=+0.10 | srch=0.22 | wall=3.23
R9[T3][GIVE_UP   ]: L=+1.00 R=+1.00 | carry=0 | base=0.43 ba=+0.00 | site=0 sd=0.00 sa=+0.00 | phero=0 pd=0.00 pa=+0.00 | srch=0.38 | wall=1.48
R10[T3][BASE_ESC  ]: L=+1.00 R=+0.00 | carry=0 | base=0.05 ba=+0.26 | site=1 sd=0.09 sa=-0.84 | phero=0 pd=0.00 pa=+0.00 | srch=0.01 | wall=3.28
R11[T3][SITE      ]: L=+0.56 R=+0.73 | carry=0 | base=0.07 ba=-0.91 | site=1 sd=0.07 sa=-0.04 | phero=0 pd=0.00 pa=+0.00 | srch=0.13 | wall=3.21
R12[T3][BASE_ESC  ]: L=+0.00 R=+1.00 | carry=0 | base=0.05 ba=-0.17 | site=1 sd=0.09 sa=+0.96 | phero=0 pd=0.00 pa=+0.00 | srch=0.00 | wall=3.29
R13[T4][SITE      ]: L=+0.45 R=+1.00 | carry=0 | base=0.14 ba=+0.64 | site=1 sd=0.02 sa=+0.37 | phero=0 pd=0.00 pa=+0.00 | srch=0.07 | wall=2.83
R14[T4][EXPLORE   ]: L=+1.00 R=+1.00 | carry=0 | base=0.48 ba=+0.12 | site=0 sd=0.00 sa=+0.00 | phero=0 pd=0.00 pa=+0.00 | srch=0.34 | wall=1.13
R15[T4][SITE      ]: L=+0.39 R=+0.40 | carry=0 | base=0.11 ba=-0.86 | site=1 sd=0.02 sa=+0.02 | phero=0 pd=0.00 pa=+0.00 | srch=0.08 | wall=3.12
R16[T4][EXPLORE   ]: L=+1.00 R=+0.66 | carry=0 | base=0.56 ba=-0.27 | site=0 sd=0.00 sa=+0.00 | phero=0 pd=0.00 pa=+0.00 | srch=0.38 | wall=0.75

[PICKUP] Robot 15 picked up tag (density=5) | Total: 16
[PICKUP] Robot 1 picked up tag (density=16) | Total: 17
[PICKUP] Robot 16 picked up tag (density=15) | Total: 18
[PICKUP] Robot 8 picked up tag (density=4) | Total: 19
[PICKUP] Robot 2 picked up tag (density=16) | Total: 20
[PICKUP] Robot 10 picked up tag (density=14) | Total: 21
[GIVE-UP] R11 giving up after 833 steps
[DEPOSIT] Robot 15 deposited! Total: 15
  [PHERO] Laid at (0.43, -0.49) density=5 prob=0.92 total_entries=15
  [TARGET] Robot 15 → SITE (0.43,-0.49)
[PICKUP] Robot 12 picked up tag (density=3) | Total: 22
[DEPOSIT] Robot 1 deposited! Total: 16
  [PHERO] Laid at (0.34, 1.03) density=16 prob=1.00 total_entries=16
  [TARGET] Robot 1 → SITE (0.34,1.03)
[DEPOSIT] Robot 8 deposited! Total: 17
  [PHERO] Laid at (0.34, -0.59) density=4 prob=0.82 total_entries=17
  [TARGET] Robot 8 → SITE (0.34,-0.59)
[DEPOSIT] Robot 3 deposited! Total: 18
  [PHERO] Laid at (2.84, -1.69) density=16 prob=1.00 total_entries=18
  [TARGET] Robot 3 → SITE (2.84,-1.69)
[PICKUP] Robot 14 picked up tag (density=2) | Total: 23
[EMPTY_RTN] R9 → phero(2.84,-1.69)

======================================================================
Step 2000 (1.1 min) | Pickups: 23 | Deposits: 18 | Rate: 16.88 tags/min | phero_entries=18 phero_max=0.887
======================================================================
R1[T1][SITE      ]: L=+1.00 R=+1.00 | carry=0 | base=0.08 ba=+0.93 | site=1 sd=0.15 sa=-0.30 | phero=0 pd=0.00 pa=+0.00 | srch=0.04 | wall=3.10
R2[T1][RTB       ]: L=+1.00 R=+1.00 | carry=1 | base=0.41 ba=-0.00 | site=0 sd=0.00 sa=+0.00 | phero=0 pd=0.00 pa=+0.00 | srch=0.00 | wall=1.68
R3[T1][BASE_ESC  ]: L=+1.00 R=+0.00 | carry=0 | base=0.04 ba=+0.65 | site=1 sd=0.62 sa=-0.41 | phero=0 pd=0.00 pa=+0.00 | srch=0.02 | wall=3.29
R4[T1][EXPLORE   ]: L=+1.00 R=+1.00 | carry=0 | base=0.44 ba=-0.38 | site=0 sd=0.00 sa=+0.00 | phero=0 pd=0.00 pa=+0.00 | srch=0.50 | wall=1.80
R5[T2][EXPLORE   ]: L=+1.00 R=+1.00 | carry=0 | base=0.26 ba=-0.15 | site=0 sd=0.00 sa=+0.00 | phero=0 pd=0.00 pa=+0.00 | srch=0.50 | wall=2.43
R6[T2][EXPLORE   ]: L=+1.00 R=+1.00 | carry=0 | base=0.34 ba=-0.25 | site=0 sd=0.00 sa=+0.00 | phero=0 pd=0.00 pa=+0.00 | srch=0.45 | wall=1.95
R7[T2][SITE      ]: L=+0.83 R=+0.86 | carry=0 | base=0.21 ba=-0.86 | site=1 sd=0.21 sa=+0.11 | phero=0 pd=0.00 pa=+0.00 | srch=0.14 | wall=2.48
R8[T2][SITE      ]: L=+1.00 R=-1.00 | carry=0 | base=0.05 ba=+0.54 | site=1 sd=0.09 sa=-0.32 | phero=0 pd=0.00 pa=+0.00 | srch=0.02 | wall=3.24
R9[T3][BASE_ESC  ]: L=+1.00 R=+0.00 | carry=0 | base=0.05 ba=+0.00 | site=0 sd=0.00 sa=+0.00 | phero=1 pd=0.71 pa=-0.06 | srch=0.00 | wall=3.27
R10[T3][RTB       ]: L=+1.00 R=+0.97 | carry=1 | base=0.06 ba=-0.01 | site=0 sd=0.00 sa=+0.00 | phero=0 pd=0.00 pa=+0.00 | srch=0.00 | wall=3.19
R11[T3][GIVE_UP   ]: L=+1.00 R=+1.00 | carry=0 | base=0.10 ba=-0.00 | site=0 sd=0.00 sa=+0.00 | phero=0 pd=0.00 pa=+0.00 | srch=0.26 | wall=3.03
R12[T3][RTB       ]: L=+0.99 R=+1.00 | carry=1 | base=0.08 ba=+0.00 | site=0 sd=0.00 sa=+0.00 | phero=0 pd=0.00 pa=+0.00 | srch=0.00 | wall=3.20
R13[T4][EXPLORE   ]: L=+1.00 R=+1.00 | carry=0 | base=0.26 ba=+0.87 | site=0 sd=0.00 sa=+0.00 | phero=0 pd=0.00 pa=+0.00 | srch=0.19 | wall=2.40
R14[T4][RTB       ]: L=+0.96 R=+1.00 | carry=1 | base=0.17 ba=+0.02 | site=0 sd=0.00 sa=+0.00 | phero=0 pd=0.00 pa=+0.00 | srch=0.00 | wall=2.82
R15[T4][BASE_ESC  ]: L=+0.94 R=+1.00 | carry=0 | base=0.04 ba=-0.99 | site=1 sd=0.09 sa=+0.13 | phero=0 pd=0.00 pa=+0.00 | srch=0.04 | wall=3.30
R16[T4][RTB       ]: L=+1.00 R=+0.82 | carry=1 | base=0.21 ba=-0.07 | site=0 sd=0.00 sa=+0.00 | phero=0 pd=0.00 pa=+0.00 | srch=0.00 | wall=2.46

[DEPOSIT] Robot 10 deposited! Total: 19
  [PHERO] Laid at (-0.71, 0.01) density=14 prob=1.00 total_entries=19
  [TARGET] Robot 10 → SITE (-0.71,0.01)
[DEPOSIT] Robot 12 deposited! Total: 20
  [TARGET] Robot 12 → SITE (0.42,-0.58)
[EMPTY_RTN] R11 → phero(0.39,-0.53)
[DEPOSIT] Robot 14 deposited! Total: 21
  [PHERO] Laid at (0.54, -0.88) density=2 prob=0.42 total_entries=20
  [TARGET] Robot 14 → SITE (0.54,-0.88)
[PICKUP] Robot 8 picked up tag (density=1) | Total: 24
[PICKUP] Robot 1 picked up tag (density=15) | Total: 25
[PICKUP] Robot 6 picked up tag (density=14) | Total: 26
[DEPOSIT] Robot 16 deposited! Total: 22
  [PHERO] Laid at (2.37, -0.40) density=15 prob=1.00 total_entries=21
  [TARGET] Robot 16 → SITE (2.37,-0.40)
[DEPOSIT] Robot 2 deposited! Total: 23
  [PHERO] Laid at (-1.10, -2.49) density=16 prob=1.00 total_entries=22
  [TARGET] Robot 2 → SITE (-1.10,-2.49)
[DEPOSIT] Robot 8 deposited! Total: 24
  [TARGET] Robot 8 → PHERO (2.37,-0.40)

======================================================================
Step 2500 (1.3 min) | Pickups: 26 | Deposits: 24 | Rate: 18.00 tags/min | phero_entries=22 phero_max=0.941
======================================================================
R1[T1][RTB       ]: L=+1.00 R=+1.00 | carry=1 | base=0.06 ba=-0.00 | site=0 sd=0.00 sa=+0.00 | phero=0 pd=0.00 pa=+0.00 | srch=0.00 | wall=3.18
R2[T1][BASE_ESC  ]: L=+0.00 R=+1.00 | carry=0 | base=0.04 ba=-0.34 | site=1 sd=0.50 sa=+0.69 | phero=0 pd=0.00 pa=+0.00 | srch=0.01 | wall=3.31
R3[T1][SITE      ]: L=+1.00 R=+0.98 | carry=0 | base=0.21 ba=-0.86 | site=1 sd=0.48 sa=-0.02 | phero=0 pd=0.00 pa=+0.00 | srch=0.14 | wall=2.50
R4[T1][EXPLORE   ]: L=+1.00 R=+0.89 | carry=0 | base=0.46 ba=-0.55 | site=0 sd=0.00 sa=+0.00 | phero=0 pd=0.00 pa=+0.00 | srch=0.62 | wall=1.26
R5[T2][EXPLORE   ]: L=-0.19 R=+1.00 | carry=0 | base=0.19 ba=+0.98 | site=0 sd=0.00 sa=+0.00 | phero=0 pd=0.00 pa=+0.00 | srch=0.62 | wall=2.58
R6[T2][RTB       ]: L=+1.00 R=+1.00 | carry=1 | base=0.16 ba=-0.00 | site=0 sd=0.00 sa=+0.00 | phero=0 pd=0.00 pa=+0.00 | srch=0.00 | wall=2.69
R7[T2][EXPLORE   ]: L=+1.00 R=+0.84 | carry=0 | base=0.42 ba=-0.82 | site=0 sd=0.00 sa=+0.00 | phero=0 pd=0.00 pa=+0.00 | srch=0.27 | wall=1.55
R8[T2][BASE_ESC  ]: L=+1.00 R=+0.00 | carry=0 | base=0.04 ba=+0.33 | site=0 sd=0.00 sa=+0.00 | phero=1 pd=0.45 pa=-0.42 | srch=0.01 | wall=3.33
R9[T3][PHERO     ]: L=+1.00 R=+1.00 | carry=0 | base=0.13 ba=+0.83 | site=0 sd=0.00 sa=+0.00 | phero=1 pd=0.55 pa=-0.01 | srch=0.13 | wall=2.96
R10[T3][SITE      ]: L=+0.98 R=+0.90 | carry=0 | base=0.10 ba=+0.86 | site=1 sd=0.04 sa=-0.11 | phero=0 pd=0.00 pa=+0.00 | srch=0.12 | wall=3.01
R11[T3][PHERO     ]: L=+0.42 R=+0.46 | carry=0 | base=0.07 ba=+0.81 | site=0 sd=0.00 sa=+0.00 | phero=1 pd=0.09 pa=+0.17 | srch=0.11 | wall=3.15
R12[T3][EXPLORE   ]: L=+1.00 R=+0.80 | carry=0 | base=0.16 ba=-0.79 | site=0 sd=0.00 sa=+0.00 | phero=0 pd=0.00 pa=+0.00 | srch=0.11 | wall=2.80
R13[T4][EXPLORE   ]: L=+1.00 R=+1.00 | carry=0 | base=0.64 ba=+0.95 | site=0 sd=0.00 sa=+0.00 | phero=0 pd=0.00 pa=+0.00 | srch=0.32 | wall=1.24
R14[T4][SITE      ]: L=+0.36 R=+0.34 | carry=0 | base=0.17 ba=-0.69 | site=1 sd=0.06 sa=-0.03 | phero=0 pd=0.00 pa=+0.00 | srch=0.08 | wall=2.89
R15[T4][EXPLORE   ]: L=+1.00 R=+1.00 | carry=0 | base=0.16 ba=+0.86 | site=0 sd=0.00 sa=+0.00 | phero=0 pd=0.00 pa=+0.00 | srch=0.17 | wall=2.89
R16[T4][BASE_ESC  ]: L=+0.00 R=+1.00 | carry=0 | base=0.04 ba=-0.46 | site=1 sd=0.44 sa=+0.53 | phero=0 pd=0.00 pa=+0.00 | srch=0.01 | wall=3.28

[DEPOSIT] Robot 1 deposited! Total: 25
  [PHERO] Laid at (-0.12, 1.10) density=15 prob=1.00 total_entries=23
  [TARGET] Robot 1 → SITE (-0.12,1.10)
[PICKUP] Robot 7 picked up tag (density=14) | Total: 27
[PICKUP] Robot 10 picked up tag (density=12) | Total: 28
[DEPOSIT] Robot 6 deposited! Total: 26
  [PHERO] Laid at (-1.16, -0.26) density=14 prob=1.00 total_entries=24
  [TARGET] Robot 6 → SITE (-1.16,-0.26)
[PICKUP] Robot 3 picked up tag (density=13) | Total: 29
[DEPOSIT] Robot 10 deposited! Total: 27
  [PHERO] Laid at (-0.74, -0.00) density=12 prob=1.00 total_entries=25
  [TARGET] Robot 10 → SITE (-0.74,-0.00)
[PICKUP] Robot 1 picked up tag (density=14) | Total: 30
[PICKUP] Robot 5 picked up tag (density=16) | Total: 31

======================================================================
Step 3000 (1.6 min) | Pickups: 31 | Deposits: 27 | Rate: 16.88 tags/min | phero_entries=25 phero_max=0.775
======================================================================
R1[T1][RTB       ]: L=+0.94 R=+1.00 | carry=1 | base=0.18 ba=+0.02 | site=0 sd=0.00 sa=+0.00 | phero=0 pd=0.00 pa=+0.00 | srch=0.00 | wall=2.64
R2[T1][SITE      ]: L=+0.95 R=+1.00 | carry=0 | base=0.37 ba=+0.87 | site=1 sd=0.29 sa=+0.25 | phero=0 pd=0.00 pa=+0.00 | srch=0.13 | wall=2.03
R3[T1][RTB       ]: L=+1.00 R=+0.98 | carry=1 | base=0.40 ba=-0.01 | site=0 sd=0.00 sa=+0.00 | phero=0 pd=0.00 pa=+0.00 | srch=0.00 | wall=1.73
R4[T1][EXPLORE   ]: L=+1.00 R=+1.00 | carry=0 | base=0.43 ba=+0.76 | site=0 sd=0.00 sa=+0.00 | phero=0 pd=0.00 pa=+0.00 | srch=0.75 | wall=1.39
R5[T2][RTB       ]: L=+0.69 R=+1.00 | carry=1 | base=0.47 ba=+0.12 | site=0 sd=0.00 sa=+0.00 | phero=0 pd=0.00 pa=+0.00 | srch=0.00 | wall=1.43
R6[T2][SITE      ]: L=+1.00 R=+0.88 | carry=0 | base=0.22 ba=-0.76 | site=1 sd=0.06 sa=-0.16 | phero=0 pd=0.00 pa=+0.00 | srch=0.09 | wall=2.53
R7[T2][RTB       ]: L=+1.00 R=+1.00 | carry=1 | base=0.12 ba=+0.00 | site=0 sd=0.00 sa=+0.00 | phero=0 pd=0.00 pa=+0.00 | srch=0.00 | wall=2.95
R8[T2][PHERO     ]: L=+0.46 R=+0.47 | carry=0 | base=0.21 ba=+0.91 | site=0 sd=0.00 sa=+0.00 | phero=1 pd=0.29 pa=+0.05 | srch=0.13 | wall=2.57
R9[T3][PHERO     ]: L=+1.00 R=+1.00 | carry=0 | base=0.50 ba=+0.96 | site=0 sd=0.00 sa=+0.00 | phero=1 pd=0.16 pa=-0.01 | srch=0.25 | wall=1.39
R10[T3][SITE      ]: L=+0.94 R=+1.00 | carry=0 | base=0.07 ba=+0.89 | site=1 sd=0.08 sa=+0.09 | phero=0 pd=0.00 pa=+0.00 | srch=0.04 | wall=3.16
R11[T3][EXPLORE   ]: L=+1.00 R=+0.57 | carry=0 | base=0.16 ba=+0.26 | site=0 sd=0.00 sa=+0.00 | phero=0 pd=0.00 pa=+0.00 | srch=0.24 | wall=2.91
R12[T3][EXPLORE   ]: L=+1.00 R=+0.92 | carry=0 | base=0.16 ba=-0.53 | site=0 sd=0.00 sa=+0.00 | phero=0 pd=0.00 pa=+0.00 | srch=0.24 | wall=2.77
R13[T4][EXPLORE   ]: L=+1.00 R=+1.00 | carry=0 | base=0.82 ba=+0.03 | site=0 sd=0.00 sa=+0.00 | phero=0 pd=0.00 pa=+0.00 | srch=0.44 | wall=0.48
R14[T4][EXPLORE   ]: L=+1.00 R=+1.00 | carry=0 | base=0.32 ba=-0.77 | site=0 sd=0.00 sa=+0.00 | phero=0 pd=0.00 pa=+0.00 | srch=0.21 | wall=2.15
R15[T4][EXPLORE   ]: L=+1.00 R=+1.00 | carry=0 | base=0.52 ba=+0.94 | site=0 sd=0.00 sa=+0.00 | phero=0 pd=0.00 pa=+0.00 | srch=0.29 | wall=1.33
R16[T4][SITE      ]: L=+0.98 R=+1.00 | carry=0 | base=0.39 ba=+0.94 | site=1 sd=0.10 sa=+0.05 | phero=0 pd=0.00 pa=+0.00 | srch=0.14 | wall=1.65

[PICKUP] Robot 16 picked up tag (density=12) | Total: 32
[GIVE-UP] R12 giving up after 1037 steps
[DEPOSIT] Robot 7 deposited! Total: 28
  [PHERO] Laid at (1.98, -0.69) density=14 prob=1.00 total_entries=26
  [TARGET] Robot 7 → SITE (1.98,-0.69)
[PICKUP] Robot 15 picked up tag (density=15) | Total: 33
[PICKUP] Robot 10 picked up tag (density=11) | Total: 34
[PICKUP] Robot 9 picked up tag (density=14) | Total: 35
[DEPOSIT] Robot 1 deposited! Total: 29
  [PHERO] Laid at (0.23, 1.02) density=14 prob=1.00 total_entries=27
  [TARGET] Robot 1 → SITE (0.23,1.02)
[EMPTY_RTN] R12 → phero(-1.16,-0.26)
[DEPOSIT] Robot 10 deposited! Total: 30
  [PHERO] Laid at (-0.76, -0.01) density=11 prob=1.00 total_entries=28
  [TARGET] Robot 10 → SITE (-0.76,-0.01)
[PICKUP] Robot 8 picked up tag (density=11) | Total: 36
[PICKUP] Robot 14 picked up tag (density=16) | Total: 37
[PICKUP] Robot 2 picked up tag (density=15) | Total: 38
[DEPOSIT] Robot 3 deposited! Total: 31
  [PHERO] Laid at (2.00, -0.86) density=13 prob=1.00 total_entries=29
  [TARGET] Robot 3 → SITE (2.00,-0.86)

======================================================================
Step 3500 (1.9 min) | Pickups: 38 | Deposits: 31 | Rate: 16.61 tags/min | phero_entries=29 phero_max=0.934
======================================================================
R1[T1][SITE      ]: L=+1.00 R=+0.94 | carry=0 | base=0.20 ba=-0.86 | site=1 sd=0.03 sa=-0.30 | phero=0 pd=0.00 pa=+0.00 | srch=0.08 | wall=2.51
R2[T1][RTB       ]: L=+0.74 R=+1.00 | carry=1 | base=0.54 ba=+0.10 | site=0 sd=0.00 sa=+0.00 | phero=0 pd=0.00 pa=+0.00 | srch=0.00 | wall=1.04
R3[T1][BASE_ESC  ]: L=+1.00 R=+0.00 | carry=0 | base=0.04 ba=+0.40 | site=1 sd=0.40 sa=-0.61 | phero=0 pd=0.00 pa=+0.00 | srch=0.01 | wall=3.30
R4[T1][EXPLORE   ]: L=+1.00 R=+1.00 | carry=0 | base=0.58 ba=+0.21 | site=0 sd=0.00 sa=+0.00 | phero=0 pd=0.00 pa=+0.00 | srch=0.88 | wall=0.66
R5[T2][RTB       ]: L=+1.00 R=+1.00 | carry=1 | base=0.09 ba=+0.00 | site=0 sd=0.00 sa=+0.00 | phero=0 pd=0.00 pa=+0.00 | srch=0.00 | wall=3.11
R6[T2][EXPLORE   ]: L=+1.00 R=+1.00 | carry=0 | base=0.49 ba=+1.00 | site=0 sd=0.00 sa=+0.00 | phero=0 pd=0.00 pa=+0.00 | srch=0.21 | wall=1.12
R7[T2][SITE      ]: L=+0.05 R=+0.05 | carry=0 | base=0.18 ba=-0.91 | site=1 sd=0.25 sa=-0.04 | phero=0 pd=0.00 pa=+0.00 | srch=0.10 | wall=2.62
R8[T2][RTB       ]: L=+0.95 R=+1.00 | carry=1 | base=0.40 ba=+0.02 | site=0 sd=0.00 sa=+0.00 | phero=0 pd=0.00 pa=+0.00 | srch=0.00 | wall=1.58
R9[T3][RTB       ]: L=+0.99 R=+1.00 | carry=1 | base=0.42 ba=+0.00 | site=0 sd=0.00 sa=+0.00 | phero=0 pd=0.00 pa=+0.00 | srch=0.00 | wall=1.70
R10[T3][SITE      ]: L=+0.22 R=+0.23 | carry=0 | base=0.06 ba=-0.91 | site=1 sd=0.10 sa=-0.12 | phero=0 pd=0.00 pa=+0.00 | srch=0.04 | wall=3.22
R11[T3][EXPLORE   ]: L=+1.00 R=+1.00 | carry=0 | base=0.43 ba=+0.99 | site=0 sd=0.00 sa=+0.00 | phero=0 pd=0.00 pa=+0.00 | srch=0.36 | wall=1.58
R12[T3][PHERO     ]: L=+0.62 R=+0.62 | carry=0 | base=0.07 ba=-0.77 | site=0 sd=0.00 sa=+0.00 | phero=1 pd=0.19 pa=-0.05 | srch=0.05 | wall=3.22
R13[T4][EXPLORE   ]: L=+1.00 R=+1.00 | carry=0 | base=0.44 ba=+0.05 | site=0 sd=0.00 sa=+0.00 | phero=0 pd=0.00 pa=+0.00 | srch=0.57 | wall=1.80
R14[T4][RTB       ]: L=+1.00 R=+0.71 | carry=1 | base=0.56 ba=-0.11 | site=0 sd=0.00 sa=+0.00 | phero=0 pd=0.00 pa=+0.00 | srch=0.00 | wall=1.30
R15[T4][RTB       ]: L=+0.93 R=+1.00 | carry=1 | base=0.41 ba=+0.03 | site=0 sd=0.00 sa=+0.00 | phero=0 pd=0.00 pa=+0.00 | srch=0.00 | wall=1.72
R16[T4][RTB       ]: L=+1.00 R=+1.00 | carry=1 | base=0.15 ba=-0.00 | site=0 sd=0.00 sa=+0.00 | phero=0 pd=0.00 pa=+0.00 | srch=0.00 | wall=2.78

[PICKUP] Robot 1 picked up tag (density=13) | Total: 39
[PICKUP] Robot 6 picked up tag (density=16) | Total: 40
[DEPOSIT] Robot 5 deposited! Total: 32
  [PHERO] Laid at (1.04, -2.15) density=16 prob=1.00 total_entries=30
  [TARGET] Robot 5 → SITE (1.04,-2.15)
[PICKUP] Robot 4 picked up tag (density=15) | Total: 41
[PICKUP] Robot 12 picked up tag (density=10) | Total: 42
[PICKUP] Robot 11 picked up tag (density=13) | Total: 43
[PICKUP] Robot 10 picked up tag (density=9) | Total: 44
[DEPOSIT] Robot 1 deposited! Total: 33
  [PHERO] Laid at (0.07, 1.01) density=13 prob=1.00 total_entries=31
  [TARGET] Robot 1 → SITE (0.07,1.01)
[DEPOSIT] Robot 16 deposited! Total: 34
  [PHERO] Laid at (2.01, -0.47) density=12 prob=1.00 total_entries=32
  [TARGET] Robot 16 → SITE (2.01,-0.47)
[DEPOSIT] Robot 12 deposited! Total: 35
  [PHERO] Laid at (-0.67, -0.32) density=10 prob=1.00 total_entries=33
  [TARGET] Robot 12 → SITE (-0.67,-0.32)
[DEPOSIT] Robot 15 deposited! Total: 36
  [PHERO] Laid at (2.58, -1.50) density=15 prob=1.00 total_entries=34
  [TARGET] Robot 15 → SITE (2.58,-1.50)
[DEPOSIT] Robot 10 deposited! Total: 37
  [PHERO] Laid at (-0.70, -0.07) density=9 prob=1.00 total_entries=35
  [TARGET] Robot 10 → SITE (-0.70,-0.07)
[DEPOSIT] Robot 8 deposited! Total: 38
  [PHERO] Laid at (2.06, -0.54) density=11 prob=1.00 total_entries=36
  [TARGET] Robot 8 → SITE (2.06,-0.54)
[DEPOSIT] Robot 9 deposited! Total: 39
  [PHERO] Laid at (2.57, -1.55) density=14 prob=1.00 total_entries=37
  [TARGET] Robot 9 → SITE (2.57,-1.55)

======================================================================
Step 4000 (2.1 min) | Pickups: 44 | Deposits: 39 | Rate: 18.28 tags/min | phero_entries=37 phero_max=0.979
======================================================================
R1[T1][SITE      ]: L=+1.00 R=+1.00 | carry=0 | base=0.11 ba=+1.00 | site=1 sd=0.11 sa=+0.25 | phero=0 pd=0.00 pa=+0.00 | srch=0.05 | wall=3.01
R2[T1][RTB       ]: L=+1.00 R=+1.00 | carry=1 | base=0.15 ba=+0.00 | site=0 sd=0.00 sa=+0.00 | phero=0 pd=0.00 pa=+0.00 | srch=0.00 | wall=2.81
R3[T1][BASE_ESC  ]: L=+1.00 R=+0.97 | carry=0 | base=0.04 ba=+0.99 | site=1 sd=0.41 sa=-0.13 | phero=0 pd=0.00 pa=+0.00 | srch=0.14 | wall=3.33
R4[T1][RTB       ]: L=+1.00 R=+1.00 | carry=1 | base=0.24 ba=+0.00 | site=0 sd=0.00 sa=+0.00 | phero=0 pd=0.00 pa=+0.00 | srch=0.00 | wall=2.40
R5[T2][SITE      ]: L=+1.00 R=+0.40 | carry=0 | base=0.31 ba=-0.92 | site=1 sd=0.28 sa=-0.30 | phero=0 pd=0.00 pa=+0.00 | srch=0.11 | wall=2.21
R6[T2][RTB       ]: L=+1.00 R=+1.00 | carry=1 | base=0.20 ba=+0.00 | site=0 sd=0.00 sa=+0.00 | phero=0 pd=0.00 pa=+0.00 | srch=0.00 | wall=2.51
R7[T2][SITE      ]: L=+0.95 R=+0.57 | carry=0 | base=0.20 ba=-0.87 | site=1 sd=0.23 sa=+0.00 | phero=0 pd=0.00 pa=+0.00 | srch=0.23 | wall=2.52
R8[T2][BASE_ESC  ]: L=+1.00 R=+0.00 | carry=0 | base=0.05 ba=+0.15 | site=1 sd=0.38 sa=-0.92 | phero=0 pd=0.00 pa=+0.00 | srch=0.00 | wall=3.25
R9[T3][BASE_ESC  ]: L=+0.00 R=+1.00 | carry=0 | base=0.05 ba=-0.21 | site=1 sd=0.56 sa=+0.84 | phero=0 pd=0.00 pa=+0.00 | srch=0.00 | wall=3.32
R10[T3][BASE_ESC  ]: L=+0.00 R=+1.00 | carry=0 | base=0.05 ba=-0.26 | site=1 sd=0.10 sa=+0.86 | phero=0 pd=0.00 pa=+0.00 | srch=0.01 | wall=3.27
R11[T3][RTB       ]: L=+1.00 R=+1.00 | carry=1 | base=0.43 ba=+0.00 | site=0 sd=0.00 sa=+0.00 | phero=0 pd=0.00 pa=+0.00 | srch=0.00 | wall=1.54
R12[T3][BASE_ESC  ]: L=+0.00 R=+1.00 | carry=0 | base=0.05 ba=-0.63 | site=1 sd=0.11 sa=+0.50 | phero=0 pd=0.00 pa=+0.00 | srch=0.02 | wall=3.28
R13[T4][EXPLORE   ]: L=+0.36 R=+1.00 | carry=0 | base=0.12 ba=-0.66 | site=0 sd=0.00 sa=+0.00 | phero=0 pd=0.00 pa=+0.00 | srch=0.69 | wall=3.05
R14[T4][RTB       ]: L=+1.00 R=+1.00 | carry=1 | base=0.18 ba=-0.00 | site=0 sd=0.00 sa=+0.00 | phero=0 pd=0.00 pa=+0.00 | srch=0.00 | wall=2.80
R15[T4][BASE_ESC  ]: L=+1.00 R=+0.00 | carry=0 | base=0.04 ba=+0.39 | site=1 sd=0.56 sa=-0.67 | phero=0 pd=0.00 pa=+0.00 | srch=0.01 | wall=3.30
R16[T4][SITE      ]: L=+1.00 R=+0.90 | carry=0 | base=0.07 ba=-0.96 | site=1 sd=0.36 sa=-0.16 | phero=0 pd=0.00 pa=+0.00 | srch=0.04 | wall=3.18

[DEPOSIT] Robot 2 deposited! Total: 40
  [PHERO] Laid at (-1.08, -2.50) density=15 prob=1.00 total_entries=38
  [TARGET] Robot 2 → SITE (-1.08,-2.50)
[DEPOSIT] Robot 14 deposited! Total: 41
  [PHERO] Laid at (-2.19, -1.83) density=16 prob=1.00 total_entries=39
  [TARGET] Robot 14 → SITE (-2.19,-1.83)
[PICKUP] Robot 1 picked up tag (density=12) | Total: 45
[DEPOSIT] Robot 4 deposited! Total: 42
  [PHERO] Laid at (0.75, -2.32) density=15 prob=1.00 total_entries=40
  [TARGET] Robot 4 → SITE (0.75,-2.32)
[PICKUP] Robot 10 picked up tag (density=8) | Total: 46
[PICKUP] Robot 5 picked up tag (density=14) | Total: 47
[PICKUP] Robot 14 picked up tag (density=7) | Total: 48
[DEPOSIT] Robot 6 deposited! Total: 43
  [PHERO] Laid at (-2.39, 0.46) density=16 prob=1.00 total_entries=41
  [TARGET] Robot 6 → SITE (-2.39,0.46)
[DEPOSIT] Robot 1 deposited! Total: 44
  [PHERO] Laid at (0.29, 1.08) density=12 prob=1.00 total_entries=40
  [TARGET] Robot 1 → SITE (0.29,1.08)
[DEPOSIT] Robot 11 deposited! Total: 45
  [PHERO] Laid at (2.59, -1.24) density=13 prob=1.00 total_entries=41
  [TARGET] Robot 11 → SITE (2.59,-1.24)

======================================================================
Step 4500 (2.4 min) | Pickups: 48 | Deposits: 45 | Rate: 18.75 tags/min | phero_entries=41 phero_max=0.987
======================================================================
R1[T1][BASE_ESC  ]: L=+1.00 R=+0.00 | carry=0 | base=0.05 ba=+0.14 | site=1 sd=0.18 sa=-0.90 | phero=0 pd=0.00 pa=+0.00 | srch=0.00 | wall=3.27
R2[T1][SITE      ]: L=+1.00 R=+0.99 | carry=0 | base=0.24 ba=-0.88 | site=1 sd=0.34 sa=-0.09 | phero=0 pd=0.00 pa=+0.00 | srch=0.09 | wall=2.30
R3[T1][SITE      ]: L=+0.83 R=+0.87 | carry=0 | base=0.30 ba=-0.96 | site=1 sd=0.14 sa=-0.01 | phero=0 pd=0.00 pa=+0.00 | srch=0.26 | wall=2.12
R4[T1][SITE      ]: L=+1.00 R=+1.00 | carry=0 | base=0.15 ba=-0.92 | site=1 sd=0.34 sa=+0.07 | phero=0 pd=0.00 pa=+0.00 | srch=0.06 | wall=2.80
R5[T2][RTB       ]: L=+1.00 R=+0.94 | carry=1 | base=0.45 ba=-0.02 | site=0 sd=0.00 sa=+0.00 | phero=0 pd=0.00 pa=+0.00 | srch=0.00 | wall=1.45
R6[T2][BASE_ESC  ]: L=+0.00 R=+1.00 | carry=0 | base=0.04 ba=-0.49 | site=1 sd=0.45 sa=+0.49 | phero=0 pd=0.00 pa=+0.00 | srch=0.01 | wall=3.28
R7[T2][SITE      ]: L=+0.34 R=+0.38 | carry=0 | base=0.36 ba=-0.93 | site=1 sd=0.06 sa=+0.03 | phero=0 pd=0.00 pa=+0.00 | srch=0.35 | wall=1.81
R8[T2][SITE      ]: L=+0.79 R=+0.86 | carry=0 | base=0.34 ba=-0.98 | site=1 sd=0.10 sa=+0.10 | phero=0 pd=0.00 pa=+0.00 | srch=0.13 | wall=1.92
R9[T3][SITE      ]: L=+0.67 R=+1.00 | carry=0 | base=0.37 ba=+0.94 | site=1 sd=0.32 sa=+0.24 | phero=0 pd=0.00 pa=+0.00 | srch=0.13 | wall=2.00
R10[T3][RTB       ]: L=+1.00 R=+0.56 | carry=1 | base=0.16 ba=-0.17 | site=0 sd=0.00 sa=+0.00 | phero=0 pd=0.00 pa=+0.00 | srch=0.00 | wall=2.73
R11[T3][BASE_ESC  ]: L=+1.00 R=+0.00 | carry=0 | base=0.05 ba=+0.17 | site=1 sd=0.53 sa=-0.85 | phero=0 pd=0.00 pa=+0.00 | srch=0.00 | wall=3.28
R12[T3][EXPLORE   ]: L=+1.00 R=+1.00 | carry=0 | base=0.33 ba=-0.68 | site=0 sd=0.00 sa=+0.00 | phero=0 pd=0.00 pa=+0.00 | srch=0.15 | wall=2.21
R13[T4][EXPLORE   ]: L=+1.00 R=+1.00 | carry=0 | base=0.49 ba=-0.98 | site=0 sd=0.00 sa=+0.00 | phero=0 pd=0.00 pa=+0.00 | srch=0.82 | wall=1.41
R14[T4][RTB       ]: L=+1.00 R=+0.08 | carry=1 | base=0.16 ba=-0.35 | site=0 sd=0.00 sa=+0.00 | phero=0 pd=0.00 pa=+0.00 | srch=0.00 | wall=2.69
R15[T4][SITE      ]: L=+0.99 R=+1.00 | carry=0 | base=0.33 ba=+1.00 | site=1 sd=0.27 sa=+0.03 | phero=0 pd=0.00 pa=+0.00 | srch=0.14 | wall=2.12
R16[T4][SITE      ]: L=+0.83 R=+1.00 | carry=0 | base=0.40 ba=+0.98 | site=1 sd=0.03 sa=+0.33 | phero=0 pd=0.00 pa=+0.00 | srch=0.16 | wall=1.58

[PICKUP] Robot 12 picked up tag (density=16) | Total: 49
[PICKUP] Robot 7 picked up tag (density=10) | Total: 50
[DEPOSIT] Robot 10 deposited! Total: 46
  [PHERO] Laid at (-0.78, -0.06) density=8 prob=1.00 total_entries=41
  [TARGET] Robot 10 → SITE (-0.78,-0.06)
[PICKUP] Robot 8 picked up tag (density=9) | Total: 51
[DEPOSIT] Robot 14 deposited! Total: 47
  [PHERO] Laid at (-0.78, -0.15) density=7 prob=0.99 total_entries=41
  [TARGET] Robot 14 → SITE (-0.78,-0.15)
[PICKUP] Robot 15 picked up tag (density=12) | Total: 52
[PICKUP] Robot 3 picked up tag (density=8) | Total: 53
[PICKUP] Robot 1 picked up tag (density=11) | Total: 54
[PICKUP] Robot 10 picked up tag (density=6) | Total: 55
[PICKUP] Robot 4 picked up tag (density=13) | Total: 56

======================================================================
Step 5000 (2.7 min) | Pickups: 56 | Deposits: 47 | Rate: 17.62 tags/min | phero_entries=40 phero_max=0.607
======================================================================
R1[T1][RTB       ]: L=+0.07 R=+1.00 | carry=1 | base=0.25 ba=+0.37 | site=0 sd=0.00 sa=+0.00 | phero=0 pd=0.00 pa=+0.00 | srch=0.00 | wall=2.29
R2[T1][EXPLORE   ]: L=+1.00 R=+1.00 | carry=0 | base=0.57 ba=-0.80 | site=0 sd=0.00 sa=+0.00 | phero=0 pd=0.00 pa=+0.00 | srch=0.22 | wall=0.92
R3[T1][RTB       ]: L=+0.43 R=+1.00 | carry=1 | base=0.46 ba=+0.23 | site=0 sd=0.00 sa=+0.00 | phero=0 pd=0.00 pa=+0.00 | srch=0.00 | wall=1.39
R4[T1][RTB       ]: L=+0.00 R=+1.00 | carry=1 | base=0.50 ba=+0.62 | site=0 sd=0.00 sa=+0.00 | phero=0 pd=0.00 pa=+0.00 | srch=0.00 | wall=1.15
R5[T2][RTB       ]: L=+1.00 R=+1.00 | carry=1 | base=0.06 ba=-0.00 | site=0 sd=0.00 sa=+0.00 | phero=0 pd=0.00 pa=+0.00 | srch=0.00 | wall=3.21
R6[T2][SITE      ]: L=+0.95 R=+1.00 | carry=0 | base=0.38 ba=+0.85 | site=1 sd=0.15 sa=+0.12 | phero=0 pd=0.00 pa=+0.00 | srch=0.14 | wall=1.78
R7[T2][RTB       ]: L=+1.00 R=+1.00 | carry=1 | base=0.31 ba=-0.00 | site=0 sd=0.00 sa=+0.00 | phero=0 pd=0.00 pa=+0.00 | srch=0.00 | wall=2.09
R8[T2][RTB       ]: L=+1.00 R=+1.00 | carry=1 | base=0.26 ba=+0.00 | site=0 sd=0.00 sa=+0.00 | phero=0 pd=0.00 pa=+0.00 | srch=0.00 | wall=2.26
R9[T3][SITE      ]: L=+1.00 R=+1.00 | carry=0 | base=0.69 ba=+0.69 | site=1 sd=0.13 sa=+0.45 | phero=0 pd=0.00 pa=+0.00 | srch=0.25 | wall=0.87
R10[T3][RTB       ]: L=+0.25 R=+1.00 | carry=1 | base=0.16 ba=+0.30 | site=0 sd=0.00 sa=+0.00 | phero=0 pd=0.00 pa=+0.00 | srch=0.00 | wall=2.69
R11[T3][SITE      ]: L=+0.17 R=+0.17 | carry=0 | base=0.08 ba=-0.94 | site=1 sd=0.50 sa=-0.01 | phero=0 pd=0.00 pa=+0.00 | srch=0.13 | wall=3.11
R12[T3][RTB       ]: L=+1.00 R=+1.00 | carry=1 | base=0.06 ba=-0.00 | site=0 sd=0.00 sa=+0.00 | phero=0 pd=0.00 pa=+0.00 | srch=0.00 | wall=3.27
R13[T4][EXPLORE   ]: L=+1.00 R=+1.00 | carry=0 | base=0.68 ba=-0.06 | site=0 sd=0.00 sa=+0.00 | phero=0 pd=0.00 pa=+0.00 | srch=0.94 | wall=0.52
R14[T4][SITE      ]: L=+1.00 R=+0.73 | carry=0 | base=0.17 ba=-0.64 | site=1 sd=0.03 sa=-0.32 | phero=0 pd=0.00 pa=+0.00 | srch=0.08 | wall=2.70
R15[T4][RTB       ]: L=+1.00 R=+0.88 | carry=1 | base=0.59 ba=-0.04 | site=0 sd=0.00 sa=+0.00 | phero=0 pd=0.00 pa=+0.00 | srch=0.00 | wall=1.03
R16[T4][EXPLORE   ]: L=+1.00 R=+0.57 | carry=0 | base=0.27 ba=+0.94 | site=0 sd=0.00 sa=+0.00 | phero=0 pd=0.00 pa=+0.00 | srch=0.28 | wall=2.18

[PICKUP] Robot 14 picked up tag (density=5) | Total: 57
[DEPOSIT] Robot 12 deposited! Total: 48
  [PHERO] Laid at (-1.42, -0.98) density=16 prob=1.00 total_entries=41
  [TARGET] Robot 12 → SITE (-1.42,-0.98)
[DEPOSIT] Robot 5 deposited! Total: 49
  [PHERO] Laid at (1.05, -2.17) density=14 prob=1.00 total_entries=42
  [TARGET] Robot 5 → SITE (1.05,-2.17)
[DEPOSIT] Robot 10 deposited! Total: 50
  [PHERO] Laid at (-0.82, 0.02) density=6 prob=0.97 total_entries=42
  [TARGET] Robot 10 → SITE (-0.82,0.02)
[PICKUP] Robot 9 picked up tag (density=11) | Total: 58
[DEPOSIT] Robot 8 deposited! Total: 51
  [PHERO] Laid at (2.07, -0.56) density=9 prob=1.00 total_entries=42
  [TARGET] Robot 8 → SITE (2.07,-0.56)
[DEPOSIT] Robot 14 deposited! Total: 52
  [PHERO] Laid at (-0.81, -0.27) density=5 prob=0.92 total_entries=43
  [TARGET] Robot 14 → SITE (-0.81,-0.27)
[DEPOSIT] Robot 1 deposited! Total: 53
  [PHERO] Laid at (0.32, 1.18) density=11 prob=1.00 total_entries=43
  [TARGET] Robot 1 → SITE (0.32,1.18)
[GIVE-UP] R13 giving up after 4063 steps
[DEPOSIT] Robot 7 deposited! Total: 54
  [PHERO] Laid at (2.06, -0.73) density=10 prob=1.00 total_entries=43
  [TARGET] Robot 7 → SITE (2.06,-0.73)

======================================================================
Step 5500 (2.9 min) | Pickups: 58 | Deposits: 54 | Rate: 18.41 tags/min | phero_entries=42 phero_max=0.799
======================================================================
R1[T1][SITE      ]: L=+1.00 R=+0.55 | carry=0 | base=0.12 ba=-0.91 | site=1 sd=0.15 sa=-0.17 | phero=0 pd=0.00 pa=+0.00 | srch=0.05 | wall=2.93
R2[T1][EXPLORE   ]: L=+1.00 R=+1.00 | carry=0 | base=0.76 ba=-0.49 | site=0 sd=0.00 sa=+0.00 | phero=0 pd=0.00 pa=+0.00 | srch=0.34 | wall=0.76
R3[T1][RTB       ]: L=+1.00 R=+1.00 | carry=1 | base=0.08 ba=+0.00 | site=0 sd=0.00 sa=+0.00 | phero=0 pd=0.00 pa=+0.00 | srch=0.00 | wall=3.12
R4[T1][RTB       ]: L=+1.00 R=+1.00 | carry=1 | base=0.17 ba=+0.00 | site=0 sd=0.00 sa=+0.00 | phero=0 pd=0.00 pa=+0.00 | srch=0.00 | wall=2.73
R5[T2][SITE      ]: L=+1.00 R=+1.00 | carry=0 | base=0.33 ba=+0.96 | site=1 sd=0.18 sa=+0.15 | phero=0 pd=0.00 pa=+0.00 | srch=0.12 | wall=1.92
R6[T2][WALL_ESC  ]: L=+0.00 R=+1.00 | carry=0 | base=0.64 ba=+0.57 | site=0 sd=0.00 sa=+0.00 | phero=0 pd=0.00 pa=+0.00 | srch=0.26 | wall=0.34
R7[T2][SITE      ]: L=+0.55 R=+0.43 | carry=0 | base=0.05 ba=-0.87 | site=1 sd=0.39 sa=+0.05 | phero=0 pd=0.00 pa=+0.00 | srch=0.04 | wall=3.23
R8[T2][SITE      ]: L=+1.00 R=+0.68 | carry=0 | base=0.14 ba=-0.88 | site=1 sd=0.30 sa=+0.01 | phero=0 pd=0.00 pa=+0.00 | srch=0.06 | wall=2.82
R9[T3][RTB       ]: L=+1.00 R=+1.00 | carry=1 | base=0.50 ba=+0.00 | site=0 sd=0.00 sa=+0.00 | phero=0 pd=0.00 pa=+0.00 | srch=0.00 | wall=1.29
R10[T3][SITE      ]: L=+1.00 R=+0.91 | carry=0 | base=0.14 ba=-0.83 | site=1 sd=0.03 sa=-0.07 | phero=0 pd=0.00 pa=+0.00 | srch=0.07 | wall=2.79
R11[T3][SITE      ]: L=+1.00 R=+1.00 | carry=0 | base=0.37 ba=+1.00 | site=1 sd=0.21 sa=+0.04 | phero=0 pd=0.00 pa=+0.00 | srch=0.25 | wall=1.89
R12[T3][SITE      ]: L=+0.97 R=+1.00 | carry=0 | base=0.23 ba=+0.97 | site=1 sd=0.12 sa=+0.05 | phero=0 pd=0.00 pa=+0.00 | srch=0.12 | wall=2.52
R13[T4][GIVE_UP   ]: L=+1.00 R=+1.00 | carry=0 | base=0.30 ba=-0.00 | site=0 sd=0.00 sa=+0.00 | phero=0 pd=0.00 pa=+0.00 | srch=1.00 | wall=2.13
R14[T4][SITE      ]: L=+1.00 R=+0.85 | carry=0 | base=0.12 ba=-0.88 | site=1 sd=0.06 sa=-0.13 | phero=0 pd=0.00 pa=+0.00 | srch=0.06 | wall=2.98
R15[T4][RTB       ]: L=+1.00 R=+1.00 | carry=1 | base=0.20 ba=-0.00 | site=0 sd=0.00 sa=+0.00 | phero=0 pd=0.00 pa=+0.00 | srch=0.00 | wall=2.66
R16[T4][EXPLORE   ]: L=+1.00 R=+0.60 | carry=0 | base=0.26 ba=-0.14 | site=0 sd=0.00 sa=+0.00 | phero=0 pd=0.00 pa=+0.00 | srch=0.41 | wall=2.56

[DEPOSIT] Robot 3 deposited! Total: 55
  [PHERO] Laid at (2.09, -0.87) density=8 prob=1.00 total_entries=43
  [TARGET] Robot 3 → SITE (2.09,-0.87)
[PICKUP] Robot 10 picked up tag (density=4) | Total: 59
[PICKUP] Robot 14 picked up tag (density=3) | Total: 60
[PICKUP] Robot 12 picked up tag (density=15) | Total: 61
[DEPOSIT] Robot 4 deposited! Total: 56
  [PHERO] Laid at (0.75, -2.34) density=13 prob=1.00 total_entries=43
  [TARGET] Robot 4 → SITE (0.75,-2.34)
[PICKUP] Robot 1 picked up tag (density=10) | Total: 62
[DEPOSIT] Robot 15 deposited! Total: 57
  [PHERO] Laid at (2.61, -1.48) density=12 prob=1.00 total_entries=44
  [TARGET] Robot 15 → SITE (2.61,-1.48)
[PICKUP] Robot 5 picked up tag (density=12) | Total: 63
[EMPTY_RTN] R13 → phero(0.75,-2.34)
[DEPOSIT] Robot 14 deposited! Total: 58
  [PHERO] Laid at (-0.85, -0.27) density=3 prob=0.65 total_entries=42
  [TARGET] Robot 14 → SITE (-0.85,-0.27)
[DEPOSIT] Robot 10 deposited! Total: 59
  [PHERO] Laid at (-0.93, 0.09) density=4 prob=0.82 total_entries=43
  [TARGET] Robot 10 → SITE (-0.93,0.09)
[PICKUP] Robot 8 picked up tag (density=7) | Total: 64
[DEPOSIT] Robot 1 deposited! Total: 60
  [PHERO] Laid at (0.14, 1.08) density=10 prob=1.00 total_entries=44
  [TARGET] Robot 1 → SITE (0.14,1.08)

======================================================================
Step 6000 (3.2 min) | Pickups: 64 | Deposits: 60 | Rate: 18.75 tags/min | phero_entries=44 phero_max=0.967
======================================================================
R1[T1][BASE_ESC  ]: L=+0.00 R=+1.00 | carry=0 | base=0.05 ba=-0.24 | site=1 sd=0.18 sa=+0.82 | phero=0 pd=0.00 pa=+0.00 | srch=0.01 | wall=3.28
R2[T1][EXPLORE   ]: L=+1.00 R=+1.00 | carry=0 | base=0.52 ba=-0.31 | site=0 sd=0.00 sa=+0.00 | phero=0 pd=0.00 pa=+0.00 | srch=0.47 | wall=1.12
R3[T1][SITE      ]: L=+0.30 R=+0.33 | carry=0 | base=0.29 ba=+0.91 | site=1 sd=0.18 sa=+0.03 | phero=0 pd=0.00 pa=+0.00 | srch=0.11 | wall=2.28
R4[T1][SITE      ]: L=+1.00 R=+0.99 | carry=0 | base=0.23 ba=-0.90 | site=1 sd=0.28 sa=-0.03 | phero=0 pd=0.00 pa=+0.00 | srch=0.09 | wall=2.52
R5[T2][RTB       ]: L=+1.00 R=+1.00 | carry=1 | base=0.36 ba=+0.00 | site=0 sd=0.00 sa=+0.00 | phero=0 pd=0.00 pa=+0.00 | srch=0.00 | wall=1.83
R6[T2][EXPLORE   ]: L=+1.00 R=+1.00 | carry=0 | base=0.42 ba=+0.38 | site=0 sd=0.00 sa=+0.00 | phero=0 pd=0.00 pa=+0.00 | srch=0.39 | wall=1.79
R7[T2][SITE      ]: L=+0.71 R=+0.70 | carry=0 | base=0.31 ba=+0.90 | site=1 sd=0.13 sa=-0.06 | phero=0 pd=0.00 pa=+0.00 | srch=0.16 | wall=2.09
R8[T2][RTB       ]: L=+0.16 R=+1.00 | carry=1 | base=0.45 ba=+0.34 | site=0 sd=0.00 sa=+0.00 | phero=0 pd=0.00 pa=+0.00 | srch=0.00 | wall=1.35
R9[T3][RTB       ]: L=+1.00 R=+1.00 | carry=1 | base=0.12 ba=+0.00 | site=0 sd=0.00 sa=+0.00 | phero=0 pd=0.00 pa=+0.00 | srch=0.00 | wall=2.97
R10[T3][SITE      ]: L=+0.96 R=+1.00 | carry=0 | base=0.07 ba=+0.93 | site=1 sd=0.13 sa=+0.10 | phero=0 pd=0.00 pa=+0.00 | srch=0.04 | wall=3.18
R11[T3][SITE      ]: L=+0.15 R=+0.14 | carry=0 | base=0.53 ba=+0.96 | site=1 sd=0.05 sa=-0.09 | phero=0 pd=0.00 pa=+0.00 | srch=0.38 | wall=1.10
R12[T3][RTB       ]: L=+1.00 R=+1.00 | carry=1 | base=0.12 ba=+0.00 | site=0 sd=0.00 sa=+0.00 | phero=0 pd=0.00 pa=+0.00 | srch=0.00 | wall=3.02
R13[T4][PHERO     ]: L=+1.00 R=+0.96 | carry=0 | base=0.10 ba=-0.88 | site=0 sd=0.00 sa=+0.00 | phero=1 pd=0.46 pa=-0.31 | srch=0.05 | wall=3.00
R14[T4][SITE      ]: L=+0.97 R=+1.00 | carry=0 | base=0.07 ba=+0.90 | site=1 sd=0.12 sa=+0.05 | phero=0 pd=0.00 pa=+0.00 | srch=0.04 | wall=3.15
R15[T4][SITE      ]: L=+1.00 R=+1.00 | carry=0 | base=0.17 ba=+0.95 | site=1 sd=0.44 sa=-0.00 | phero=0 pd=0.00 pa=+0.00 | srch=0.08 | wall=2.82
R16[T4][EXPLORE   ]: L=+1.00 R=+1.00 | carry=0 | base=0.18 ba=-0.03 | site=0 sd=0.00 sa=+0.00 | phero=0 pd=0.00 pa=+0.00 | srch=0.54 | wall=2.79

[DEPOSIT] Robot 12 deposited! Total: 61
  [PHERO] Laid at (-1.35, -0.83) density=15 prob=1.00 total_entries=45
  [TARGET] Robot 12 → SITE (-1.35,-0.83)
[DEPOSIT] Robot 9 deposited! Total: 62
  [PHERO] Laid at (3.08, -1.63) density=11 prob=1.00 total_entries=46
  [TARGET] Robot 9 → SITE (3.08,-1.63)
[PICKUP] Robot 10 picked up tag (density=2) | Total: 65
[PICKUP] Robot 14 picked up tag (density=14) | Total: 66
[DEPOSIT] Robot 5 deposited! Total: 63
  [PHERO] Laid at (0.79, -2.35) density=12 prob=1.00 total_entries=42
  [TARGET] Robot 5 → SITE (0.79,-2.35)
[PICKUP] Robot 4 picked up tag (density=11) | Total: 67
[PICKUP] Robot 1 picked up tag (density=9) | Total: 68
[PICKUP] Robot 3 picked up tag (density=6) | Total: 69

======================================================================
Step 6500 (3.5 min) | Pickups: 69 | Deposits: 63 | Rate: 18.17 tags/min | phero_entries=41 phero_max=0.856
======================================================================
R1[T1][RTB       ]: L=+0.45 R=+1.00 | carry=1 | base=0.27 ba=+0.21 | site=0 sd=0.00 sa=+0.00 | phero=0 pd=0.00 pa=+0.00 | srch=0.00 | wall=2.19
R2[T1][EXPLORE   ]: L=+1.00 R=+1.00 | carry=0 | base=0.45 ba=-0.57 | site=0 sd=0.00 sa=+0.00 | phero=0 pd=0.00 pa=+0.00 | srch=0.59 | wall=1.48
R3[T1][RTB       ]: L=+0.00 R=+1.00 | carry=1 | base=0.47 ba=+0.58 | site=0 sd=0.00 sa=+0.00 | phero=0 pd=0.00 pa=+0.00 | srch=0.00 | wall=1.32
R4[T1][RTB       ]: L=+1.00 R=+0.29 | carry=1 | base=0.53 ba=-0.27 | site=0 sd=0.00 sa=+0.00 | phero=0 pd=0.00 pa=+0.00 | srch=0.00 | wall=0.97
R5[T2][BASE_ESC  ]: L=+1.00 R=+0.18 | carry=0 | base=0.05 ba=+0.82 | site=1 sd=0.46 sa=-0.27 | phero=0 pd=0.00 pa=+0.00 | srch=0.02 | wall=3.31
R6[T2][EXPLORE   ]: L=+1.00 R=+1.00 | carry=0 | base=0.46 ba=+0.67 | site=0 sd=0.00 sa=+0.00 | phero=0 pd=0.00 pa=+0.00 | srch=0.51 | wall=1.22
R7[T2][SITE      ]: L=-0.05 R=-0.06 | carry=0 | base=0.42 ba=-0.94 | site=1 sd=0.02 sa=-0.06 | phero=0 pd=0.00 pa=+0.00 | srch=0.28 | wall=1.53
R8[T2][RTB       ]: L=+1.00 R=+1.00 | carry=1 | base=0.08 ba=+0.00 | site=0 sd=0.00 sa=+0.00 | phero=0 pd=0.00 pa=+0.00 | srch=0.00 | wall=3.12
R9[T3][SITE      ]: L=+1.00 R=+0.96 | carry=0 | base=0.28 ba=+1.00 | site=1 sd=0.49 sa=-0.27 | phero=0 pd=0.00 pa=+0.00 | srch=0.10 | wall=2.12
R10[T3][RTB       ]: L=+1.00 R=+1.00 | carry=1 | base=0.07 ba=+0.00 | site=0 sd=0.00 sa=+0.00 | phero=0 pd=0.00 pa=+0.00 | srch=0.00 | wall=3.14
R11[T3][EXPLORE   ]: L=+1.00 R=+0.79 | carry=0 | base=0.57 ba=+0.06 | site=0 sd=0.00 sa=+0.00 | phero=0 pd=0.00 pa=+0.00 | srch=0.50 | wall=1.34
R12[T3][SITE      ]: L=+1.00 R=+0.95 | carry=0 | base=0.26 ba=-0.97 | site=1 sd=0.06 sa=-0.02 | phero=0 pd=0.00 pa=+0.00 | srch=0.10 | wall=2.42
R13[T4][PHERO     ]: L=+1.00 R=+0.99 | carry=0 | base=0.47 ba=-0.91 | site=0 sd=0.00 sa=+0.00 | phero=1 pd=0.32 pa=-0.50 | srch=0.17 | wall=1.55
R14[T4][RTB       ]: L=+0.93 R=+1.00 | carry=1 | base=0.25 ba=+0.03 | site=0 sd=0.00 sa=+0.00 | phero=0 pd=0.00 pa=+0.00 | srch=0.00 | wall=2.43
R15[T4][SITE      ]: L=+0.94 R=+0.93 | carry=0 | base=0.53 ba=+0.99 | site=1 sd=0.08 sa=-0.05 | phero=0 pd=0.00 pa=+0.00 | srch=0.20 | wall=1.20
R16[T4][EXPLORE   ]: L=+1.00 R=+0.46 | carry=0 | base=0.10 ba=-0.17 | site=0 sd=0.00 sa=+0.00 | phero=0 pd=0.00 pa=+0.00 | srch=0.66 | wall=3.01

[DEPOSIT] Robot 10 deposited! Total: 64
  [TARGET] Robot 10 → SITE (-1.07,0.05)
[DEPOSIT] Robot 8 deposited! Total: 65
  [PHERO] Laid at (2.13, -0.55) density=7 prob=0.99 total_entries=42
  [TARGET] Robot 8 → SITE (2.13,-0.55)
[PICKUP] Robot 12 picked up tag (density=13) | Total: 70
[PICKUP] Robot 15 picked up tag (density=10) | Total: 71
[DEPOSIT] Robot 14 deposited! Total: 66
  [PHERO] Laid at (-1.34, -0.66) density=14 prob=1.00 total_entries=42
  [TARGET] Robot 14 → SITE (-1.34,-0.66)
[DEPOSIT] Robot 1 deposited! Total: 67
  [PHERO] Laid at (0.39, 1.32) density=9 prob=1.00 total_entries=42
  [TARGET] Robot 1 → SITE (0.39,1.32)
[PICKUP] Robot 10 picked up tag (density=1) | Total: 72

======================================================================
Step 7000 (3.7 min) | Pickups: 72 | Deposits: 67 | Rate: 17.95 tags/min | phero_entries=40 phero_max=0.724
======================================================================
R1[T1][SITE      ]: L=+1.00 R=+0.95 | carry=0 | base=0.12 ba=+0.98 | site=1 sd=0.18 sa=-0.27 | phero=0 pd=0.00 pa=+0.00 | srch=0.05 | wall=2.93
R2[T1][EXPLORE   ]: L=+1.00 R=+1.00 | carry=0 | base=0.66 ba=-0.78 | site=0 sd=0.00 sa=+0.00 | phero=0 pd=0.00 pa=+0.00 | srch=0.72 | wall=0.72
R3[T1][RTB       ]: L=+1.00 R=+1.00 | carry=1 | base=0.14 ba=+0.00 | site=0 sd=0.00 sa=+0.00 | phero=0 pd=0.00 pa=+0.00 | srch=0.00 | wall=2.83
R4[T1][RTB       ]: L=+1.00 R=+1.00 | carry=1 | base=0.16 ba=-0.00 | site=0 sd=0.00 sa=+0.00 | phero=0 pd=0.00 pa=+0.00 | srch=0.00 | wall=2.75
R5[T2][SITE      ]: L=+0.71 R=+0.70 | carry=0 | base=0.36 ba=-0.90 | site=1 sd=0.15 sa=-0.01 | phero=0 pd=0.00 pa=+0.00 | srch=0.15 | wall=1.90
R6[T2][EXPLORE   ]: L=+1.00 R=+1.00 | carry=0 | base=0.68 ba=+0.38 | site=0 sd=0.00 sa=+0.00 | phero=0 pd=0.00 pa=+0.00 | srch=0.64 | wall=0.43
R7[T2][EXPLORE   ]: L=+1.00 R=+0.99 | carry=0 | base=0.72 ba=-0.89 | site=0 sd=0.00 sa=+0.00 | phero=0 pd=0.00 pa=+0.00 | srch=0.41 | wall=0.55
R8[T2][SITE      ]: L=+1.00 R=+0.97 | carry=0 | base=0.31 ba=-0.88 | site=1 sd=0.15 sa=-0.08 | phero=0 pd=0.00 pa=+0.00 | srch=0.12 | wall=1.95
R9[T3][SITE      ]: L=+1.00 R=+1.00 | carry=0 | base=0.57 ba=-0.87 | site=1 sd=0.13 sa=+0.10 | phero=0 pd=0.00 pa=+0.00 | srch=0.23 | wall=0.97
R10[T3][RTB       ]: L=+1.00 R=+0.99 | carry=1 | base=0.11 ba=-0.00 | site=0 sd=0.00 sa=+0.00 | phero=0 pd=0.00 pa=+0.00 | srch=0.00 | wall=2.98
R11[T3][EXPLORE   ]: L=+0.15 R=+0.98 | carry=0 | base=0.49 ba=-0.36 | site=0 sd=0.00 sa=+0.00 | phero=0 pd=0.00 pa=+0.00 | srch=0.63 | wall=1.53
R12[T3][RTB       ]: L=+1.00 R=+1.00 | carry=1 | base=0.12 ba=-0.00 | site=0 sd=0.00 sa=+0.00 | phero=0 pd=0.00 pa=+0.00 | srch=0.00 | wall=2.97
R13[T4][PHERO     ]: L=+1.00 R=+0.98 | carry=0 | base=0.60 ba=-0.49 | site=0 sd=0.00 sa=+0.00 | phero=1 pd=0.13 pa=-0.32 | srch=0.30 | wall=0.80
R14[T4][SITE      ]: L=+1.00 R=+1.00 | carry=0 | base=0.15 ba=+1.00 | site=1 sd=0.17 sa=+0.18 | phero=0 pd=0.00 pa=+0.00 | srch=0.06 | wall=2.79
R15[T4][RTB       ]: L=+1.00 R=+1.00 | carry=1 | base=0.45 ba=-0.00 | site=0 sd=0.00 sa=+0.00 | phero=0 pd=0.00 pa=+0.00 | srch=0.00 | wall=1.59
R16[T4][EXPLORE   ]: L=+1.00 R=+0.65 | carry=0 | base=0.08 ba=+0.76 | site=0 sd=0.00 sa=+0.00 | phero=0 pd=0.00 pa=+0.00 | srch=0.79 | wall=3.15

[GIVE-UP] R11 giving up after 2524 steps
[DEPOSIT] Robot 10 deposited! Total: 68
  [PHERO] Laid at (-0.82, -0.13) density=1 prob=0.20 total_entries=41
  [TARGET] Robot 10 → PHERO (2.13,-0.55)
[PICKUP] Robot 9 picked up tag (density=9) | Total: 73
[DEPOSIT] Robot 12 deposited! Total: 69
  [PHERO] Laid at (-1.42, -0.89) density=13 prob=1.00 total_entries=42
  [TARGET] Robot 12 → SITE (-1.42,-0.89)
[DEPOSIT] Robot 3 deposited! Total: 70
  [PHERO] Laid at (2.15, -0.86) density=6 prob=0.97 total_entries=43
  [TARGET] Robot 3 → SITE (2.15,-0.86)
[DEPOSIT] Robot 4 deposited! Total: 71
  [PHERO] Laid at (0.75, -2.50) density=11 prob=1.00 total_entries=44
  [TARGET] Robot 4 → SITE (0.75,-2.50)
[PICKUP] Robot 1 picked up tag (density=8) | Total: 74
[PICKUP] Robot 8 picked up tag (density=5) | Total: 75
[PICKUP] Robot 14 picked up tag (density=12) | Total: 76
[PICKUP] Robot 13 picked up tag (density=10) | Total: 77
[DEPOSIT] Robot 1 deposited! Total: 72
  [PHERO] Laid at (0.05, 1.09) density=8 prob=1.00 total_entries=42
  [TARGET] Robot 1 → SITE (0.05,1.09)

======================================================================
Step 7500 (4.0 min) | Pickups: 77 | Deposits: 72 | Rate: 18.00 tags/min | phero_entries=42 phero_max=0.976
======================================================================
R1[T1][BASE_ESC  ]: L=+0.00 R=+1.00 | carry=0 | base=0.05 ba=-0.17 | site=1 sd=0.17 sa=+0.88 | phero=0 pd=0.00 pa=+0.00 | srch=0.00 | wall=3.27
R2[T1][EXPLORE   ]: L=+1.00 R=+1.00 | carry=0 | base=0.48 ba=+0.04 | site=0 sd=0.00 sa=+0.00 | phero=0 pd=0.00 pa=+0.00 | srch=0.84 | wall=1.40
R3[T1][SITE      ]: L=+0.39 R=+0.39 | carry=0 | base=0.24 ba=-0.93 | site=1 sd=0.23 sa=+0.04 | phero=0 pd=0.00 pa=+0.00 | srch=0.09 | wall=2.37
R4[T1][SITE      ]: L=+0.75 R=+1.00 | carry=0 | base=0.23 ba=+0.93 | site=1 sd=0.34 sa=+0.19 | phero=0 pd=0.00 pa=+0.00 | srch=0.09 | wall=2.38
R5[T2][WALL_ESC  ]: L=+1.00 R=+0.00 | carry=0 | base=0.66 ba=-0.62 | site=0 sd=0.00 sa=+0.00 | phero=0 pd=0.00 pa=+0.00 | srch=0.27 | wall=0.32
R6[T2][EXPLORE   ]: L=+1.00 R=+1.00 | carry=0 | base=0.65 ba=+0.57 | site=0 sd=0.00 sa=+0.00 | phero=0 pd=0.00 pa=+0.00 | srch=0.76 | wall=0.78
R7[T2][EXPLORE   ]: L=+0.83 R=+1.00 | carry=0 | base=0.81 ba=-0.13 | site=0 sd=0.00 sa=+0.00 | phero=0 pd=0.00 pa=+0.00 | srch=0.54 | wall=0.47
R8[T2][RTB       ]: L=+1.00 R=+1.00 | carry=1 | base=0.28 ba=-0.00 | site=0 sd=0.00 sa=+0.00 | phero=0 pd=0.00 pa=+0.00 | srch=0.00 | wall=2.16
R9[T3][RTB       ]: L=+1.00 R=+1.00 | carry=1 | base=0.39 ba=-0.00 | site=0 sd=0.00 sa=+0.00 | phero=0 pd=0.00 pa=+0.00 | srch=0.00 | wall=1.87
R10[T3][PHERO     ]: L=+1.00 R=-1.00 | carry=0 | base=0.05 ba=-0.54 | site=0 sd=0.00 sa=+0.00 | phero=1 pd=0.49 pa=-0.43 | srch=0.11 | wall=3.30
R11[T3][GIVE_UP   ]: L=+1.00 R=+1.00 | carry=0 | base=0.15 ba=-0.00 | site=0 sd=0.00 sa=+0.00 | phero=0 pd=0.00 pa=+0.00 | srch=0.75 | wall=2.92
R12[T3][SITE      ]: L=+0.98 R=+0.95 | carry=0 | base=0.26 ba=+0.99 | site=1 sd=0.08 sa=-0.04 | phero=0 pd=0.00 pa=+0.00 | srch=0.10 | wall=2.44
R13[T4][RTB       ]: L=+0.11 R=+1.00 | carry=1 | base=0.49 ba=+0.36 | site=0 sd=0.00 sa=+0.00 | phero=0 pd=0.00 pa=+0.00 | srch=0.00 | wall=1.32
R14[T4][RTB       ]: L=+1.00 R=+1.00 | carry=1 | base=0.15 ba=+0.00 | site=0 sd=0.00 sa=+0.00 | phero=0 pd=0.00 pa=+0.00 | srch=0.00 | wall=2.82
R15[T4][RTB       ]: L=+1.00 R=+1.00 | carry=1 | base=0.07 ba=-0.00 | site=0 sd=0.00 sa=+0.00 | phero=0 pd=0.00 pa=+0.00 | srch=0.00 | wall=3.22
R16[T4][EXPLORE   ]: L=+1.00 R=+1.00 | carry=0 | base=0.15 ba=-0.77 | site=0 sd=0.00 sa=+0.00 | phero=0 pd=0.00 pa=+0.00 | srch=0.91 | wall=2.80

[DEPOSIT] Robot 15 deposited! Total: 73
  [PHERO] Laid at (2.66, -1.52) density=10 prob=1.00 total_entries=43
  [TARGET] Robot 15 → SITE (2.66,-1.52)
[GIVE-UP] R6 giving up after 3085 steps
[PICKUP] Robot 6 picked up tag (density=8) | Total: 78
[DEPOSIT] Robot 14 deposited! Total: 74
  [PHERO] Laid at (-1.40, -0.50) density=12 prob=1.00 total_entries=44
  [TARGET] Robot 14 → SITE (-1.40,-0.50)
[PICKUP] Robot 12 picked up tag (density=11) | Total: 79
[EMPTY_RTN] R11 → phero(0.75,-2.50)
[DEPOSIT] Robot 8 deposited! Total: 75
  [PHERO] Laid at (2.16, -0.55) density=5 prob=0.92 total_entries=43
  [TARGET] Robot 8 → SITE (2.16,-0.55)
[PICKUP] Robot 1 picked up tag (density=7) | Total: 80
[DEPOSIT] Robot 9 deposited! Total: 76
  [PHERO] Laid at (2.73, -1.54) density=9 prob=1.00 total_entries=43
  [TARGET] Robot 9 → SITE (2.73,-1.54)
[PICKUP] Robot 3 picked up tag (density=4) | Total: 81

======================================================================
Step 8000 (4.3 min) | Pickups: 81 | Deposits: 76 | Rate: 17.81 tags/min | phero_entries=43 phero_max=0.935
======================================================================
R1[T1][RTB       ]: L=+0.92 R=+1.00 | carry=1 | base=0.21 ba=+0.03 | site=0 sd=0.00 sa=+0.00 | phero=0 pd=0.00 pa=+0.00 | srch=0.00 | wall=2.45
R2[T1][EXPLORE   ]: L=+1.00 R=+1.00 | carry=0 | base=0.11 ba=+0.19 | site=0 sd=0.00 sa=+0.00 | phero=0 pd=0.00 pa=+0.00 | srch=0.97 | wall=3.05
R3[T1][RTB       ]: L=+0.00 R=+1.00 | carry=1 | base=0.49 ba=+0.69 | site=0 sd=0.00 sa=+0.00 | phero=0 pd=0.00 pa=+0.00 | srch=0.00 | wall=1.25
R4[T1][SITE      ]: L=+1.00 R=+1.00 | carry=0 | base=0.54 ba=+0.56 | site=1 sd=0.05 sa=+0.16 | phero=0 pd=0.00 pa=+0.00 | srch=0.22 | wall=0.88
R5[T2][EXPLORE   ]: L=+1.00 R=+1.00 | carry=0 | base=0.37 ba=-0.22 | site=0 sd=0.00 sa=+0.00 | phero=0 pd=0.00 pa=+0.00 | srch=0.40 | wall=1.66
R6[T2][RTB       ]: L=+1.00 R=+1.00 | carry=1 | base=0.34 ba=+0.00 | site=0 sd=0.00 sa=+0.00 | phero=0 pd=0.00 pa=+0.00 | srch=0.00 | wall=2.04
R7[T2][EXPLORE   ]: L=+0.74 R=+0.87 | carry=0 | base=0.80 ba=-0.87 | site=0 sd=0.00 sa=+0.00 | phero=0 pd=0.00 pa=+0.00 | srch=0.66 | wall=0.56
R8[T2][SITE      ]: L=+1.00 R=+1.00 | carry=0 | base=0.09 ba=-1.00 | site=1 sd=0.38 sa=+0.20 | phero=0 pd=0.00 pa=+0.00 | srch=0.05 | wall=3.19
R9[T3][BASE_ESC  ]: L=+0.00 R=+1.00 | carry=0 | base=0.05 ba=-0.34 | site=1 sd=0.59 sa=+0.66 | phero=0 pd=0.00 pa=+0.00 | srch=0.01 | wall=3.31
R10[T3][PHERO     ]: L=+0.85 R=+0.83 | carry=0 | base=0.06 ba=-0.63 | site=0 sd=0.00 sa=+0.00 | phero=1 pd=0.44 pa=-0.13 | srch=0.23 | wall=3.24
R11[T3][PHERO     ]: L=-0.24 R=-0.23 | carry=0 | base=0.09 ba=-0.97 | site=0 sd=0.00 sa=+0.00 | phero=1 pd=0.43 pa=+0.02 | srch=0.09 | wall=3.06
R12[T3][RTB       ]: L=+1.00 R=+1.00 | carry=1 | base=0.16 ba=-0.00 | site=0 sd=0.00 sa=+0.00 | phero=0 pd=0.00 pa=+0.00 | srch=0.00 | wall=2.78
R13[T4][RTB       ]: L=+1.00 R=+1.00 | carry=1 | base=0.13 ba=+0.00 | site=0 sd=0.00 sa=+0.00 | phero=0 pd=0.00 pa=+0.00 | srch=0.00 | wall=2.94
R14[T4][SITE      ]: L=+1.00 R=+0.95 | carry=0 | base=0.24 ba=-0.86 | site=1 sd=0.09 sa=-0.13 | phero=0 pd=0.00 pa=+0.00 | srch=0.09 | wall=2.51
R15[T4][SITE      ]: L=+0.98 R=+1.00 | carry=0 | base=0.32 ba=+0.92 | site=1 sd=0.32 sa=+0.07 | phero=0 pd=0.00 pa=+0.00 | srch=0.12 | wall=2.38
R16[T4][EXPLORE   ]: L=+1.00 R=+1.00 | carry=0 | base=0.16 ba=-0.82 | site=0 sd=0.00 sa=+0.00 | phero=0 pd=0.00 pa=+0.00 | srch=1.00 | wall=2.73

[DEPOSIT] Robot 13 deposited! Total: 77
  [PHERO] Laid at (1.05, -2.17) density=10 prob=1.00 total_entries=44
  [TARGET] Robot 13 → SITE (1.05,-2.17)
[PICKUP] Robot 4 picked up tag (density=9) | Total: 82
[PICKUP] Robot 16 picked up tag (density=6) | Total: 83
[DEPOSIT] Robot 12 deposited! Total: 78
  [PHERO] Laid at (-1.52, -0.93) density=11 prob=1.00 total_entries=44
  [TARGET] Robot 12 → SITE (-1.52,-0.93)
[DEPOSIT] Robot 1 deposited! Total: 79
  [PHERO] Laid at (0.31, 1.18) density=7 prob=0.99 total_entries=44
  [TARGET] Robot 1 → SITE (0.31,1.18)
[GIVE-UP] R14 giving up after 646 steps
[DEPOSIT] Robot 6 deposited! Total: 80
  [PHERO] Laid at (2.82, -1.60) density=8 prob=1.00 total_entries=40
  [TARGET] Robot 6 → SITE (2.82,-1.60)

======================================================================
Step 8500 (4.5 min) | Pickups: 83 | Deposits: 80 | Rate: 17.65 tags/min | phero_entries=38 phero_max=0.810
======================================================================
R1[T1][SITE      ]: L=+1.00 R=+0.96 | carry=0 | base=0.17 ba=-0.81 | site=1 sd=0.10 sa=-0.08 | phero=0 pd=0.00 pa=+0.00 | srch=0.07 | wall=2.67
R2[T1][EXPLORE   ]: L=+1.00 R=+1.00 | carry=0 | base=0.25 ba=+0.93 | site=0 sd=0.00 sa=+0.00 | phero=0 pd=0.00 pa=+0.00 | srch=1.00 | wall=2.28
R3[T1][RTB       ]: L=+1.00 R=+1.00 | carry=1 | base=0.16 ba=+0.00 | site=0 sd=0.00 sa=+0.00 | phero=0 pd=0.00 pa=+0.00 | srch=0.00 | wall=2.75
R4[T1][RTB       ]: L=+1.00 R=+1.00 | carry=1 | base=0.23 ba=+0.00 | site=0 sd=0.00 sa=+0.00 | phero=0 pd=0.00 pa=+0.00 | srch=0.00 | wall=2.42
R5[T2][EXPLORE   ]: L=+0.98 R=+1.00 | carry=0 | base=0.26 ba=-0.66 | site=0 sd=0.00 sa=+0.00 | phero=0 pd=0.00 pa=+0.00 | srch=0.52 | wall=2.23
R6[T2][SITE      ]: L=+1.00 R=+0.99 | carry=0 | base=0.07 ba=+0.91 | site=1 sd=0.59 sa=-0.22 | phero=0 pd=0.00 pa=+0.00 | srch=0.03 | wall=3.18
R7[T2][EXPLORE   ]: L=+1.00 R=+1.00 | carry=0 | base=0.74 ba=+0.18 | site=0 sd=0.00 sa=+0.00 | phero=0 pd=0.00 pa=+0.00 | srch=0.79 | wall=0.48
R8[T2][SITE      ]: L=+1.00 R=+0.96 | carry=0 | base=0.38 ba=+0.57 | site=1 sd=0.11 sa=-0.13 | phero=0 pd=0.00 pa=+0.00 | srch=0.17 | wall=1.83
R9[T3][SITE      ]: L=+1.00 R=+1.00 | carry=0 | base=0.38 ba=+0.99 | site=1 sd=0.30 sa=+0.24 | phero=0 pd=0.00 pa=+0.00 | srch=0.14 | wall=2.07
R10[T3][PHERO     ]: L=+1.00 R=+0.97 | carry=0 | base=0.27 ba=-0.89 | site=0 sd=0.00 sa=+0.00 | phero=1 pd=0.22 pa=-0.18 | srch=0.36 | wall=2.17
R11[T3][PHERO     ]: L=+0.75 R=+0.77 | carry=0 | base=0.30 ba=-0.98 | site=0 sd=0.00 sa=+0.00 | phero=1 pd=0.24 pa=+0.19 | srch=0.21 | wall=2.00
R12[T3][SITE      ]: L=+1.00 R=+1.00 | carry=0 | base=0.18 ba=-0.91 | site=1 sd=0.18 sa=+0.10 | phero=0 pd=0.00 pa=+0.00 | srch=0.08 | wall=2.73
R13[T4][SITE      ]: L=+1.00 R=+1.00 | carry=0 | base=0.27 ba=+0.98 | site=1 sd=0.29 sa=-0.36 | phero=0 pd=0.00 pa=+0.00 | srch=0.10 | wall=2.37
R14[T4][GIVE_UP   ]: L=+1.00 R=+1.00 | carry=0 | base=0.26 ba=-0.00 | site=0 sd=0.00 sa=+0.00 | phero=0 pd=0.00 pa=+0.00 | srch=0.22 | wall=2.24
R15[T4][SITE      ]: L=+0.29 R=+0.28 | carry=0 | base=0.48 ba=+0.85 | site=1 sd=0.14 sa=-0.06 | phero=0 pd=0.00 pa=+0.00 | srch=0.24 | wall=1.51
R16[T4][RTB       ]: L=+1.00 R=+1.00 | carry=1 | base=0.10 ba=-0.00 | site=0 sd=0.00 sa=+0.00 | phero=0 pd=0.00 pa=+0.00 | srch=0.00 | wall=3.01

[DEPOSIT] Robot 16 deposited! Total: 81
  [PHERO] Laid at (-0.13, 1.37) density=6 prob=0.97 total_entries=38
  [TARGET] Robot 16 → SITE (-0.13,1.37)
[DEPOSIT] Robot 3 deposited! Total: 82
  [PHERO] Laid at (2.24, -0.87) density=4 prob=0.82 total_entries=39
  [TARGET] Robot 3 → SITE (2.24,-0.87)
[PICKUP] Robot 7 picked up tag (density=7) | Total: 84
[PICKUP] Robot 8 picked up tag (density=3) | Total: 85
[PICKUP] Robot 12 picked up tag (density=10) | Total: 86
[DEPOSIT] Robot 4 deposited! Total: 83
  [PHERO] Laid at (0.83, -2.46) density=9 prob=1.00 total_entries=40
  [TARGET] Robot 4 → SITE (0.83,-2.46)
[EMPTY_RTN] R14 → phero(-0.13,1.37)
[PICKUP] Robot 2 picked up tag (density=8) | Total: 87
[GIVE-UP] R1 giving up after 645 steps
[PICKUP] Robot 5 picked up tag (density=15) | Total: 88
[PICKUP] Robot 11 picked up tag (density=7) | Total: 89
[PICKUP] Robot 16 picked up tag (density=5) | Total: 90
[PICKUP] Robot 13 picked up tag (density=6) | Total: 91

======================================================================
Step 9000 (4.8 min) | Pickups: 91 | Deposits: 83 | Rate: 17.29 tags/min | phero_entries=36 phero_max=0.654
======================================================================
R1[T1][GIVE_UP   ]: L=+0.85 R=+1.00 | carry=0 | base=0.39 ba=+0.06 | site=0 sd=0.00 sa=+0.00 | phero=0 pd=0.00 pa=+0.00 | srch=0.20 | wall=1.64
R2[T1][RTB       ]: L=+0.97 R=+1.00 | carry=1 | base=0.47 ba=+0.01 | site=0 sd=0.00 sa=+0.00 | phero=0 pd=0.00 pa=+0.00 | srch=0.00 | wall=1.32
R3[T1][SITE      ]: L=+0.58 R=+0.57 | carry=0 | base=0.17 ba=-0.97 | site=1 sd=0.31 sa=-0.02 | phero=0 pd=0.00 pa=+0.00 | srch=0.09 | wall=2.68
R4[T1][SITE      ]: L=+1.00 R=+1.00 | carry=0 | base=0.15 ba=-0.93 | site=1 sd=0.38 sa=+0.09 | phero=0 pd=0.00 pa=+0.00 | srch=0.07 | wall=2.80
R5[T2][RTB       ]: L=+1.00 R=+0.89 | carry=1 | base=0.47 ba=-0.04 | site=0 sd=0.00 sa=+0.00 | phero=0 pd=0.00 pa=+0.00 | srch=0.00 | wall=1.25
R6[T2][SITE      ]: L=+1.00 R=+1.00 | carry=0 | base=0.44 ba=-0.96 | site=1 sd=0.24 sa=-0.13 | phero=0 pd=0.00 pa=+0.00 | srch=0.16 | wall=1.44
R7[T2][RTB       ]: L=+1.00 R=+1.00 | carry=1 | base=0.38 ba=+0.00 | site=0 sd=0.00 sa=+0.00 | phero=0 pd=0.00 pa=+0.00 | srch=0.00 | wall=1.84
R8[T2][RTB       ]: L=+1.00 R=+1.00 | carry=1 | base=0.30 ba=+0.00 | site=0 sd=0.00 sa=+0.00 | phero=0 pd=0.00 pa=+0.00 | srch=0.00 | wall=2.03
R9[T3][SITE      ]: L=+0.93 R=+1.00 | carry=0 | base=0.76 ba=+0.89 | site=1 sd=0.24 sa=+0.62 | phero=0 pd=0.00 pa=+0.00 | srch=0.26 | wall=0.79
R10[T3][PHERO     ]: L=+1.00 R=+0.25 | carry=0 | base=0.44 ba=+0.14 | site=0 sd=0.00 sa=+0.00 | phero=1 pd=0.01 pa=-0.53 | srch=0.48 | wall=1.42
R11[T3][RTB       ]: L=+0.77 R=+1.00 | carry=1 | base=0.52 ba=+0.09 | site=0 sd=0.00 sa=+0.00 | phero=0 pd=0.00 pa=+0.00 | srch=0.00 | wall=1.07
R12[T3][RTB       ]: L=+1.00 R=+1.00 | carry=1 | base=0.17 ba=+0.00 | site=0 sd=0.00 sa=+0.00 | phero=0 pd=0.00 pa=+0.00 | srch=0.00 | wall=2.80
R13[T4][RTB       ]: L=+1.00 R=+0.00 | carry=1 | base=0.51 ba=-0.38 | site=0 sd=0.00 sa=+0.00 | phero=0 pd=0.00 pa=+0.00 | srch=0.00 | wall=1.26
R14[T4][PHERO     ]: L=+1.00 R=+1.00 | carry=0 | base=0.08 ba=-0.78 | site=0 sd=0.00 sa=+0.00 | phero=1 pd=0.23 pa=-0.08 | srch=0.06 | wall=3.22
R15[T4][WALL_ESC  ]: L=+0.00 R=+1.00 | carry=0 | base=0.74 ba=+0.73 | site=0 sd=0.00 sa=+0.00 | phero=0 pd=0.00 pa=+0.00 | srch=0.37 | wall=0.32
R16[T4][RTB       ]: L=+0.08 R=+1.00 | carry=1 | base=0.24 ba=+0.35 | site=0 sd=0.00 sa=+0.00 | phero=0 pd=0.00 pa=+0.00 | srch=0.00 | wall=2.32

[PICKUP] Robot 6 picked up tag (density=2) | Total: 92
[PICKUP] Robot 1 picked up tag (density=4) | Total: 93
[DEPOSIT] Robot 12 deposited! Total: 84
  [PHERO] Laid at (-1.42, -0.74) density=10 prob=1.00 total_entries=36
  [TARGET] Robot 12 → SITE (-1.42,-0.74)
[PICKUP] Robot 15 picked up tag (density=6) | Total: 94
[DEPOSIT] Robot 16 deposited! Total: 85
  [PHERO] Laid at (0.19, 1.16) density=5 prob=0.92 total_entries=37
  [TARGET] Robot 16 → SITE (0.19,1.16)
[DEPOSIT] Robot 8 deposited! Total: 86
  [PHERO] Laid at (2.24, -0.54) density=3 prob=0.65 total_entries=37
  [TARGET] Robot 8 → SITE (2.24,-0.54)
[PICKUP] Robot 14 picked up tag (density=3) | Total: 95
[DEPOSIT] Robot 7 deposited! Total: 87
  [PHERO] Laid at (2.80, -1.54) density=7 prob=0.99 total_entries=37
  [TARGET] Robot 7 → SITE (2.80,-1.54)
[DEPOSIT] Robot 1 deposited! Total: 88
  [PHERO] Laid at (0.31, 1.44) density=4 prob=0.82 total_entries=38
  [TARGET] Robot 1 → SITE (0.31,1.44)

======================================================================
Step 9500 (5.1 min) | Pickups: 95 | Deposits: 88 | Rate: 17.37 tags/min | phero_entries=38 phero_max=0.900
======================================================================
R1[T1][BASE_ESC  ]: L=+1.00 R=+0.00 | carry=0 | base=0.04 ba=+0.53 | site=1 sd=0.25 sa=-0.51 | phero=0 pd=0.00 pa=+0.00 | srch=0.02 | wall=3.28
R2[T1][RTB       ]: L=+1.00 R=+1.00 | carry=1 | base=0.09 ba=+0.00 | site=0 sd=0.00 sa=+0.00 | phero=0 pd=0.00 pa=+0.00 | srch=0.00 | wall=3.10
R3[T1][SITE      ]: L=+0.76 R=+0.75 | carry=0 | base=0.38 ba=+0.98 | site=1 sd=0.10 sa=-0.06 | phero=0 pd=0.00 pa=+0.00 | srch=0.21 | wall=1.73
R4[T1][SITE      ]: L=+1.00 R=+1.00 | carry=0 | base=0.53 ba=+0.92 | site=1 sd=0.09 sa=+0.46 | phero=0 pd=0.00 pa=+0.00 | srch=0.19 | wall=0.92
R5[T2][RTB       ]: L=+1.00 R=+1.00 | carry=1 | base=0.09 ba=-0.00 | site=0 sd=0.00 sa=+0.00 | phero=0 pd=0.00 pa=+0.00 | srch=0.00 | wall=3.09
R6[T2][RTB       ]: L=+1.00 R=+1.00 | carry=1 | base=0.18 ba=-0.00 | site=0 sd=0.00 sa=+0.00 | phero=0 pd=0.00 pa=+0.00 | srch=0.00 | wall=2.67
R7[T2][BASE_ESC  ]: L=+1.00 R=+0.00 | carry=0 | base=0.04 ba=+0.64 | site=1 sd=0.60 sa=-0.42 | phero=0 pd=0.00 pa=+0.00 | srch=0.02 | wall=3.29
R8[T2][SITE      ]: L=+1.00 R=+0.97 | carry=0 | base=0.10 ba=+0.98 | site=1 sd=0.38 sa=-0.18 | phero=0 pd=0.00 pa=+0.00 | srch=0.04 | wall=3.02
R9[T3][SITE      ]: L=+1.00 R=+0.95 | carry=0 | base=0.67 ba=+0.26 | site=1 sd=0.07 sa=-0.07 | phero=0 pd=0.00 pa=+0.00 | srch=0.39 | wall=0.80
R10[T3][EXPLORE   ]: L=+1.00 R=+1.00 | carry=0 | base=0.34 ba=+0.18 | site=0 sd=0.00 sa=+0.00 | phero=0 pd=0.00 pa=+0.00 | srch=0.61 | wall=1.84
R11[T3][RTB       ]: L=+1.00 R=+1.00 | carry=1 | base=0.14 ba=+0.00 | site=0 sd=0.00 sa=+0.00 | phero=0 pd=0.00 pa=+0.00 | srch=0.00 | wall=2.87
R12[T3][SITE      ]: L=+1.00 R=+0.98 | carry=0 | base=0.22 ba=-0.93 | site=1 sd=0.10 sa=-0.02 | phero=0 pd=0.00 pa=+0.00 | srch=0.09 | wall=2.57
R13[T4][RTB       ]: L=+1.00 R=+1.00 | carry=1 | base=0.15 ba=-0.00 | site=0 sd=0.00 sa=+0.00 | phero=0 pd=0.00 pa=+0.00 | srch=0.00 | wall=2.83
R14[T4][RTB       ]: L=+1.00 R=+0.99 | carry=1 | base=0.23 ba=-0.00 | site=0 sd=0.00 sa=+0.00 | phero=0 pd=0.00 pa=+0.00 | srch=0.00 | wall=2.37
R15[T4][RTB       ]: L=+1.00 R=+1.00 | carry=1 | base=0.42 ba=+0.00 | site=0 sd=0.00 sa=+0.00 | phero=0 pd=0.00 pa=+0.00 | srch=0.00 | wall=1.66
R16[T4][SITE      ]: L=+1.00 R=+1.00 | carry=0 | base=0.12 ba=-0.92 | site=1 sd=0.12 sa=+0.03 | phero=0 pd=0.00 pa=+0.00 | srch=0.06 | wall=2.92

[DEPOSIT] Robot 2 deposited! Total: 89
  [PHERO] Laid at (0.82, -2.39) density=8 prob=1.00 total_entries=38
  [TARGET] Robot 2 → SITE (0.82,-2.39)
[DEPOSIT] Robot 5 deposited! Total: 90
  [PHERO] Laid at (-2.39, 0.57) density=15 prob=1.00 total_entries=39
  [TARGET] Robot 5 → SITE (-2.39,0.57)
[DEPOSIT] Robot 11 deposited! Total: 91
  [PHERO] Laid at (0.82, -2.54) density=7 prob=0.99 total_entries=37
  [TARGET] Robot 11 → SITE (0.82,-2.54)
[PICKUP] Robot 9 picked up tag (density=5) | Total: 96
[PICKUP] Robot 12 picked up tag (density=9) | Total: 97
[DEPOSIT] Robot 13 deposited! Total: 92
  [PHERO] Laid at (1.19, -2.24) density=6 prob=0.97 total_entries=38
  [TARGET] Robot 13 → SITE (1.19,-2.24)
[DEPOSIT] Robot 6 deposited! Total: 93
  [TARGET] Robot 6 → PHERO (1.19,-2.24)
[DEPOSIT] Robot 14 deposited! Total: 94
  [TARGET] Robot 14 → SITE (-0.06,1.43)
[PICKUP] Robot 3 picked up tag (density=4) | Total: 98

======================================================================
Step 10000 (5.3 min) | Pickups: 98 | Deposits: 94 | Rate: 17.62 tags/min | phero_entries=35 phero_max=0.593
======================================================================
R1[T1][EXPLORE   ]: L=+1.00 R=+1.00 | carry=0 | base=0.31 ba=-0.95 | site=0 sd=0.00 sa=+0.00 | phero=0 pd=0.00 pa=+0.00 | srch=0.14 | wall=1.99
R2[T1][SITE      ]: L=+1.00 R=+1.00 | carry=0 | base=0.30 ba=+1.00 | site=1 sd=0.27 sa=-0.30 | phero=0 pd=0.00 pa=+0.00 | srch=0.11 | wall=2.43
R3[T1][RTB       ]: L=+1.00 R=+0.99 | carry=1 | base=0.54 ba=-0.00 | site=0 sd=0.00 sa=+0.00 | phero=0 pd=0.00 pa=+0.00 | srch=0.00 | wall=1.15
R4[T1][EXPLORE   ]: L=+1.00 R=+1.00 | carry=0 | base=0.40 ba=+0.39 | site=0 sd=0.00 sa=+0.00 | phero=0 pd=0.00 pa=+0.00 | srch=0.32 | wall=2.03
R5[T2][SITE      ]: L=+1.00 R=+1.00 | carry=0 | base=0.31 ba=+0.98 | site=1 sd=0.23 sa=+0.22 | phero=0 pd=0.00 pa=+0.00 | srch=0.11 | wall=2.22
R6[T2][PHERO     ]: L=+1.00 R=+1.00 | carry=0 | base=0.14 ba=-0.86 | site=0 sd=0.00 sa=+0.00 | phero=1 pd=0.40 pa=-0.10 | srch=0.07 | wall=2.89
R7[T2][SITE      ]: L=+0.82 R=+0.82 | carry=0 | base=0.23 ba=-0.97 | site=1 sd=0.42 sa=+0.07 | phero=0 pd=0.00 pa=+0.00 | srch=0.14 | wall=2.57
R8[T2][SITE      ]: L=+0.77 R=+0.90 | carry=0 | base=0.44 ba=+0.91 | site=1 sd=0.03 sa=+0.16 | phero=0 pd=0.00 pa=+0.00 | srch=0.17 | wall=1.40
R9[T3][RTB       ]: L=+1.00 R=+1.00 | carry=1 | base=0.36 ba=+0.00 | site=0 sd=0.00 sa=+0.00 | phero=0 pd=0.00 pa=+0.00 | srch=0.00 | wall=1.90
R10[T3][EXPLORE   ]: L=+1.00 R=+1.00 | carry=0 | base=0.22 ba=+0.67 | site=0 sd=0.00 sa=+0.00 | phero=0 pd=0.00 pa=+0.00 | srch=0.73 | wall=2.44
R11[T3][SITE      ]: L=+0.99 R=+1.00 | carry=0 | base=0.24 ba=+0.95 | site=1 sd=0.30 sa=-0.02 | phero=0 pd=0.00 pa=+0.00 | srch=0.10 | wall=2.34
R12[T3][RTB       ]: L=+1.00 R=+1.00 | carry=1 | base=0.12 ba=-0.00 | site=0 sd=0.00 sa=+0.00 | phero=0 pd=0.00 pa=+0.00 | srch=0.00 | wall=2.96
R13[T4][SITE      ]: L=+1.00 R=+0.97 | carry=0 | base=0.21 ba=+1.00 | site=1 sd=0.34 sa=-0.26 | phero=0 pd=0.00 pa=+0.00 | srch=0.08 | wall=2.63
R14[T4][SITE      ]: L=+1.00 R=+1.00 | carry=0 | base=0.17 ba=+0.97 | site=1 sd=0.15 sa=-0.30 | phero=0 pd=0.00 pa=+0.00 | srch=0.07 | wall=2.75
R15[T4][RTB       ]: L=+0.99 R=+1.00 | carry=1 | base=0.06 ba=+0.00 | site=0 sd=0.00 sa=+0.00 | phero=0 pd=0.00 pa=+0.00 | srch=0.00 | wall=3.24
R16[T4][EXPLORE   ]: L=+1.00 R=+1.00 | carry=0 | base=0.50 ba=+0.99 | site=0 sd=0.00 sa=+0.00 | phero=0 pd=0.00 pa=+0.00 | srch=0.18 | wall=1.06

[DEPOSIT] Robot 15 deposited! Total: 95
  [PHERO] Laid at (3.01, -1.60) density=6 prob=0.97 total_entries=36
  [TARGET] Robot 15 → SITE (3.01,-1.60)
[PICKUP] Robot 10 picked up tag (density=2) | Total: 99
[DEPOSIT] Robot 12 deposited! Total: 96
  [PHERO] Laid at (-1.42, -0.72) density=9 prob=1.00 total_entries=36
  [TARGET] Robot 12 → SITE (-1.42,-0.72)
[PICKUP] Robot 14 picked up tag (density=1) | Total: 100
[DEPOSIT] Robot 10 deposited! Total: 97
  [PHERO] Laid at (0.12, 1.16) density=2 prob=0.42 total_entries=34
  [TARGET] Robot 10 → SITE (0.12,1.16)
[PICKUP] Robot 2 picked up tag (density=5) | Total: 101
[GIVE-UP] R4 giving up after 1662 steps
[DEPOSIT] Robot 9 deposited! Total: 98
  [PHERO] Laid at (2.74, -1.45) density=5 prob=0.92 total_entries=35
  [TARGET] Robot 9 → SITE (2.74,-1.45)
[GIVE-UP] R8 giving up after 1107 steps

======================================================================
Step 10500 (5.6 min) | Pickups: 101 | Deposits: 98 | Rate: 17.50 tags/min | phero_entries=33 phero_max=0.852
======================================================================
R1[T1][WALL_ESC  ]: L=+1.00 R=+0.00 | carry=0 | base=0.67 ba=-0.61 | site=0 sd=0.00 sa=+0.00 | phero=0 pd=0.00 pa=+0.00 | srch=0.27 | wall=0.33
R2[T1][RTB       ]: L=+1.00 R=+0.94 | carry=1 | base=0.50 ba=-0.02 | site=0 sd=0.00 sa=+0.00 | phero=0 pd=0.00 pa=+0.00 | srch=0.00 | wall=1.26
R3[T1][RTB       ]: L=+1.00 R=+1.00 | carry=1 | base=0.15 ba=-0.00 | site=0 sd=0.00 sa=+0.00 | phero=0 pd=0.00 pa=+0.00 | srch=0.00 | wall=2.85
R4[T1][GIVE_UP   ]: L=+0.93 R=+1.00 | carry=0 | base=0.39 ba=+0.03 | site=0 sd=0.00 sa=+0.00 | phero=0 pd=0.00 pa=+0.00 | srch=0.44 | wall=1.59
R5[T2][SITE      ]: L=+1.00 R=+1.00 | carry=0 | base=0.70 ba=+0.99 | site=1 sd=0.26 sa=+0.81 | phero=0 pd=0.00 pa=+0.00 | srch=0.24 | wall=0.52
R6[T2][PHERO     ]: L=+1.00 R=+0.93 | carry=0 | base=0.52 ba=-0.86 | site=0 sd=0.00 sa=+0.00 | phero=1 pd=0.11 pa=-0.41 | srch=0.19 | wall=1.55
R7[T2][SITE      ]: L=+0.94 R=+1.00 | carry=0 | base=0.60 ba=+0.90 | site=1 sd=0.05 sa=+0.11 | phero=0 pd=0.00 pa=+0.00 | srch=0.27 | wall=0.95
R8[T2][GIVE_UP   ]: L=+1.00 R=+1.00 | carry=0 | base=0.55 ba=-0.00 | site=0 sd=0.00 sa=+0.00 | phero=0 pd=0.00 pa=+0.00 | srch=0.29 | wall=0.86
R9[T3][BASE_ESC  ]: L=+1.00 R=+0.31 | carry=0 | base=0.05 ba=+0.85 | site=1 sd=0.58 sa=-0.24 | phero=0 pd=0.00 pa=+0.00 | srch=0.03 | wall=3.27
R10[T3][SITE      ]: L=+1.00 R=+1.00 | carry=0 | base=0.08 ba=+0.93 | site=1 sd=0.17 sa=-0.28 | phero=0 pd=0.00 pa=+0.00 | srch=0.04 | wall=3.14
R11[T3][SITE      ]: L=+0.56 R=+0.55 | carry=0 | base=0.50 ba=-0.95 | site=1 sd=0.04 sa=-0.03 | phero=0 pd=0.00 pa=+0.00 | srch=0.22 | wall=1.16
R12[T3][SITE      ]: L=+1.00 R=+0.94 | carry=0 | base=0.23 ba=+0.84 | site=1 sd=0.11 sa=+0.06 | phero=0 pd=0.00 pa=+0.00 | srch=0.10 | wall=2.41
R13[T4][SITE      ]: L=+1.00 R=+0.82 | carry=0 | base=0.54 ba=-0.57 | site=1 sd=0.04 sa=-0.28 | phero=0 pd=0.00 pa=+0.00 | srch=0.21 | wall=1.24
R14[T4][RTB       ]: L=+1.00 R=+1.00 | carry=1 | base=0.14 ba=-0.00 | site=0 sd=0.00 sa=+0.00 | phero=0 pd=0.00 pa=+0.00 | srch=0.00 | wall=2.79
R15[T4][SITE      ]: L=+1.00 R=+0.97 | carry=0 | base=0.33 ba=-0.86 | site=1 sd=0.40 sa=-0.09 | phero=0 pd=0.00 pa=+0.00 | srch=0.12 | wall=1.88
R16[T4][EXPLORE   ]: L=+1.00 R=+1.00 | carry=0 | base=0.52 ba=-0.20 | site=0 sd=0.00 sa=+0.00 | phero=0 pd=0.00 pa=+0.00 | srch=0.31 | wall=1.08

[PICKUP] Robot 8 picked up tag (density=1) | Total: 102
[PICKUP] Robot 13 picked up tag (density=4) | Total: 103
[PICKUP] Robot 7 picked up tag (density=3) | Total: 104
[DEPOSIT] Robot 14 deposited! Total: 99
  [TARGET] Robot 14 → PHERO (-1.42,-0.72)
[PICKUP] Robot 12 picked up tag (density=8) | Total: 105
[DEPOSIT] Robot 3 deposited! Total: 100
  [TARGET] Robot 3 → SITE (2.66,-1.26)
[PICKUP] Robot 1 picked up tag (density=16) | Total: 106
[PICKUP] Robot 6 picked up tag (density=3) | Total: 107
[PICKUP] Robot 11 picked up tag (density=2) | Total: 108
[EMPTY_RTN] R4 → phero(2.74,-1.45)

======================================================================
Step 11000 (5.9 min) | Pickups: 108 | Deposits: 100 | Rate: 17.05 tags/min | phero_entries=31 phero_max=0.383
======================================================================
R1[T1][RTB       ]: L=+1.00 R=+1.00 | carry=1 | base=0.36 ba=-0.00 | site=0 sd=0.00 sa=+0.00 | phero=0 pd=0.00 pa=+0.00 | srch=0.00 | wall=1.88
R2[T1][RTB       ]: L=+1.00 R=+1.00 | carry=1 | base=0.11 ba=-0.00 | site=0 sd=0.00 sa=+0.00 | phero=0 pd=0.00 pa=+0.00 | srch=0.00 | wall=2.99
R3[T1][SITE      ]: L=+0.80 R=+1.00 | carry=0 | base=0.24 ba=+0.78 | site=1 sd=0.37 sa=-0.11 | phero=0 pd=0.00 pa=+0.00 | srch=0.09 | wall=2.58
R4[T1][BASE_ESC  ]: L=+0.00 R=+1.00 | carry=0 | base=0.05 ba=-0.24 | site=0 sd=0.00 sa=+0.00 | phero=1 pd=0.59 pa=+0.62 | srch=0.00 | wall=3.27
R5[T2][SITE      ]: L=+1.00 R=+0.90 | carry=0 | base=0.49 ba=+0.16 | site=1 sd=0.09 sa=-0.33 | phero=0 pd=0.00 pa=+0.00 | srch=0.36 | wall=1.30
R6[T2][RTB       ]: L=+1.00 R=+1.00 | carry=1 | base=0.36 ba=-0.00 | site=0 sd=0.00 sa=+0.00 | phero=0 pd=0.00 pa=+0.00 | srch=0.00 | wall=1.90
R7[T2][RTB       ]: L=+1.00 R=+1.00 | carry=1 | base=0.40 ba=+0.00 | site=0 sd=0.00 sa=+0.00 | phero=0 pd=0.00 pa=+0.00 | srch=0.00 | wall=1.72
R8[T2][RTB       ]: L=+1.00 R=+1.00 | carry=1 | base=0.17 ba=+0.00 | site=0 sd=0.00 sa=+0.00 | phero=0 pd=0.00 pa=+0.00 | srch=0.00 | wall=2.69
R9[T3][SITE      ]: L=+1.00 R=+0.99 | carry=0 | base=0.37 ba=-0.87 | site=1 sd=0.32 sa=-0.15 | phero=0 pd=0.00 pa=+0.00 | srch=0.15 | wall=1.66
R10[T3][EXPLORE   ]: L=+1.00 R=+1.00 | carry=0 | base=0.16 ba=-0.18 | site=0 sd=0.00 sa=+0.00 | phero=0 pd=0.00 pa=+0.00 | srch=0.16 | wall=2.76
R11[T3][RTB       ]: L=+1.00 R=+1.00 | carry=1 | base=0.44 ba=+0.00 | site=0 sd=0.00 sa=+0.00 | phero=0 pd=0.00 pa=+0.00 | srch=0.00 | wall=1.49
R12[T3][RTB       ]: L=+1.00 R=+1.00 | carry=1 | base=0.09 ba=+0.00 | site=0 sd=0.00 sa=+0.00 | phero=0 pd=0.00 pa=+0.00 | srch=0.00 | wall=3.09
R13[T4][RTB       ]: L=+1.00 R=+1.00 | carry=1 | base=0.21 ba=-0.00 | site=0 sd=0.00 sa=+0.00 | phero=0 pd=0.00 pa=+0.00 | srch=0.00 | wall=2.58
R14[T4][PHERO     ]: L=+0.97 R=+1.00 | carry=0 | base=0.15 ba=+0.84 | site=0 sd=0.00 sa=+0.00 | phero=1 pd=0.25 pa=+0.26 | srch=0.09 | wall=2.84
R15[T4][SITE      ]: L=+0.58 R=+0.57 | carry=0 | base=0.57 ba=-0.87 | site=1 sd=0.14 sa=-0.06 | phero=0 pd=0.00 pa=+0.00 | srch=0.25 | wall=0.89
R16[T4][EXPLORE   ]: L=+1.00 R=+1.00 | carry=0 | base=0.21 ba=+0.25 | site=0 sd=0.00 sa=+0.00 | phero=0 pd=0.00 pa=+0.00 | srch=0.43 | wall=2.47

[DEPOSIT] Robot 12 deposited! Total: 101
  [PHERO] Laid at (-1.42, -0.61) density=8 prob=1.00 total_entries=32
  [TARGET] Robot 12 → SITE (-1.42,-0.61)
[DEPOSIT] Robot 2 deposited! Total: 102
  [PHERO] Laid at (1.23, -2.35) density=5 prob=0.92 total_entries=33
  [TARGET] Robot 2 → SITE (1.23,-2.35)
[PICKUP] Robot 15 picked up tag (density=2) | Total: 109
[GIVE-UP] R16 giving up after 1862 steps
[DEPOSIT] Robot 8 deposited! Total: 103
  [TARGET] Robot 8 → SITE (2.51,-0.70)
[DEPOSIT] Robot 13 deposited! Total: 104
  [PHERO] Laid at (1.19, -2.32) density=4 prob=0.82 total_entries=32
  [TARGET] Robot 13 → SITE (1.19,-2.32)
[PICKUP] Robot 5 picked up tag (density=14) | Total: 110
[EMPTY_RTN] R16 → phero(1.23,-2.35)
[DEPOSIT] Robot 1 deposited! Total: 105
  [PHERO] Laid at (1.16, 2.74) density=16 prob=1.00 total_entries=32
  [TARGET] Robot 1 → SITE (1.16,2.74)
[DEPOSIT] Robot 6 deposited! Total: 106
  [PHERO] Laid at (1.26, -2.47) density=3 prob=0.65 total_entries=33
  [TARGET] Robot 6 → SITE (1.26,-2.47)

======================================================================
Step 11500 (6.1 min) | Pickups: 110 | Deposits: 106 | Rate: 17.28 tags/min | phero_entries=30 phero_max=0.847
======================================================================
R1[T1][BASE_ESC  ]: L=+0.35 R=+1.00 | carry=0 | base=0.05 ba=-0.86 | site=1 sd=0.55 sa=+0.23 | phero=0 pd=0.00 pa=+0.00 | srch=0.03 | wall=3.31
R2[T1][SITE      ]: L=+1.00 R=+1.00 | carry=0 | base=0.27 ba=+0.90 | site=1 sd=0.27 sa=-0.09 | phero=0 pd=0.00 pa=+0.00 | srch=0.10 | wall=2.33
R3[T1][SITE      ]: L=+1.00 R=+0.98 | carry=0 | base=0.55 ba=+0.95 | site=1 sd=0.05 sa=-0.16 | phero=0 pd=0.00 pa=+0.00 | srch=0.22 | wall=1.00
R4[T1][PHERO     ]: L=+1.00 R=+1.00 | carry=0 | base=0.31 ba=+0.99 | site=0 sd=0.00 sa=+0.00 | phero=1 pd=0.32 pa=-0.04 | srch=0.13 | wall=2.13
R5[T2][RTB       ]: L=+1.00 R=+1.00 | carry=1 | base=0.39 ba=-0.00 | site=0 sd=0.00 sa=+0.00 | phero=0 pd=0.00 pa=+0.00 | srch=0.00 | wall=1.66
R6[T2][BASE_ESC  ]: L=+0.38 R=+1.00 | carry=0 | base=0.05 ba=-0.84 | site=1 sd=0.51 sa=+0.24 | phero=0 pd=0.00 pa=+0.00 | srch=0.03 | wall=3.27
R7[T2][RTB       ]: L=+1.00 R=+1.00 | carry=1 | base=0.06 ba=-0.00 | site=0 sd=0.00 sa=+0.00 | phero=0 pd=0.00 pa=+0.00 | srch=0.00 | wall=3.24
R8[T2][SITE      ]: L=+1.00 R=+1.00 | carry=0 | base=0.22 ba=-0.93 | site=1 sd=0.31 sa=+0.01 | phero=0 pd=0.00 pa=+0.00 | srch=0.09 | wall=2.43
R9[T3][EXPLORE   ]: L=+1.00 R=+1.00 | carry=0 | base=0.67 ba=-0.98 | site=0 sd=0.00 sa=+0.00 | phero=0 pd=0.00 pa=+0.00 | srch=0.28 | wall=0.57
R10[T3][EXPLORE   ]: L=+1.00 R=+1.00 | carry=0 | base=0.25 ba=-0.91 | site=0 sd=0.00 sa=+0.00 | phero=0 pd=0.00 pa=+0.00 | srch=0.29 | wall=2.39
R11[T3][RTB       ]: L=+1.00 R=+1.00 | carry=1 | base=0.06 ba=-0.00 | site=0 sd=0.00 sa=+0.00 | phero=0 pd=0.00 pa=+0.00 | srch=0.00 | wall=3.23
R12[T3][SITE      ]: L=+1.00 R=+1.00 | carry=0 | base=0.29 ba=-0.93 | site=1 sd=0.02 sa=+0.07 | phero=0 pd=0.00 pa=+0.00 | srch=0.11 | wall=2.17
R13[T4][SITE      ]: L=+1.00 R=+1.00 | carry=0 | base=0.18 ba=-0.85 | site=1 sd=0.36 sa=+0.04 | phero=0 pd=0.00 pa=+0.00 | srch=0.07 | wall=2.83
R14[T4][EXPLORE   ]: L=+1.00 R=+1.00 | carry=0 | base=0.34 ba=+0.64 | site=0 sd=0.00 sa=+0.00 | phero=0 pd=0.00 pa=+0.00 | srch=0.22 | wall=2.19
R15[T4][RTB       ]: L=+1.00 R=+1.00 | carry=1 | base=0.43 ba=+0.00 | site=0 sd=0.00 sa=+0.00 | phero=0 pd=0.00 pa=+0.00 | srch=0.00 | wall=1.53
R16[T4][BASE_ESC  ]: L=+1.00 R=+0.00 | carry=0 | base=0.05 ba=+0.38 | site=0 sd=0.00 sa=+0.00 | phero=1 pd=0.58 pa=+0.31 | srch=0.05 | wall=3.32

[DEPOSIT] Robot 7 deposited! Total: 107
  [PHERO] Laid at (2.86, -1.50) density=3 prob=0.65 total_entries=31
  [TARGET] Robot 7 → SITE (2.86,-1.50)
[DEPOSIT] Robot 11 deposited! Total: 108
  [TARGET] Robot 11 → SITE (1.14,-2.65)
[PICKUP] Robot 12 picked up tag (density=7) | Total: 111
[GIVE-UP] R10 giving up after 1226 steps
[PICKUP] Robot 3 picked up tag (density=1) | Total: 112
[PICKUP] Robot 14 picked up tag (density=14) | Total: 113
[DEPOSIT] Robot 5 deposited! Total: 109
  [PHERO] Laid at (-2.43, 0.54) density=14 prob=1.00 total_entries=30
  [TARGET] Robot 5 → SITE (-2.43,0.54)
[PICKUP] Robot 13 picked up tag (density=1) | Total: 114
[DEPOSIT] Robot 15 deposited! Total: 110
  [TARGET] Robot 15 → PHERO (-2.43,0.54)

======================================================================
Step 12000 (6.4 min) | Pickups: 114 | Deposits: 110 | Rate: 17.19 tags/min | phero_entries=29 phero_max=0.897
======================================================================
R1[T1][SITE      ]: L=+0.95 R=+1.00 | carry=0 | base=0.43 ba=+0.94 | site=1 sd=0.23 sa=+0.22 | phero=0 pd=0.00 pa=+0.00 | srch=0.15 | wall=1.89
R2[T1][SITE      ]: L=+1.00 R=+0.77 | carry=0 | base=0.59 ba=-0.47 | site=1 sd=0.05 sa=-0.43 | phero=0 pd=0.00 pa=+0.00 | srch=0.23 | wall=0.94
R3[T1][RTB       ]: L=+1.00 R=+1.00 | carry=1 | base=0.46 ba=+0.00 | site=0 sd=0.00 sa=+0.00 | phero=0 pd=0.00 pa=+0.00 | srch=0.00 | wall=1.40
R4[T1][PHERO     ]: L=+0.41 R=+0.48 | carry=0 | base=0.56 ba=+1.00 | site=0 sd=0.00 sa=+0.00 | phero=1 pd=0.07 pa=+0.11 | srch=0.25 | wall=1.08
R5[T2][BASE_ESC  ]: L=+0.00 R=+1.00 | carry=0 | base=0.04 ba=-0.59 | site=1 sd=0.46 sa=+0.47 | phero=0 pd=0.00 pa=+0.00 | srch=0.02 | wall=3.30
R6[T2][SITE      ]: L=+1.00 R=+1.00 | carry=0 | base=0.42 ba=+0.94 | site=1 sd=0.16 sa=+0.10 | phero=0 pd=0.00 pa=+0.00 | srch=0.15 | wall=1.55
R7[T2][SITE      ]: L=+1.00 R=+1.00 | carry=0 | base=0.32 ba=+0.85 | site=1 sd=0.34 sa=-0.11 | phero=0 pd=0.00 pa=+0.00 | srch=0.12 | wall=2.16
R8[T2][EXPLORE   ]: L=+1.00 R=+1.00 | carry=0 | base=0.59 ba=+0.95 | site=0 sd=0.00 sa=+0.00 | phero=0 pd=0.00 pa=+0.00 | srch=0.21 | wall=0.70
R9[T3][EXPLORE   ]: L=+1.00 R=+1.00 | carry=0 | base=0.49 ba=+0.07 | site=0 sd=0.00 sa=+0.00 | phero=0 pd=0.00 pa=+0.00 | srch=0.40 | wall=1.27
R10[T3][GIVE_UP   ]: L=+1.00 R=+1.00 | carry=0 | base=0.07 ba=-0.00 | site=0 sd=0.00 sa=+0.00 | phero=0 pd=0.00 pa=+0.00 | srch=0.41 | wall=3.18
R11[T3][SITE      ]: L=+0.39 R=+0.38 | carry=0 | base=0.19 ba=-0.96 | site=1 sd=0.39 sa=-0.00 | phero=0 pd=0.00 pa=+0.00 | srch=0.12 | wall=2.66
R12[T3][RTB       ]: L=+1.00 R=+1.00 | carry=1 | base=0.06 ba=-0.00 | site=0 sd=0.00 sa=+0.00 | phero=0 pd=0.00 pa=+0.00 | srch=0.00 | wall=3.23
R13[T4][RTB       ]: L=+0.00 R=+1.00 | carry=1 | base=0.52 ba=+0.68 | site=0 sd=0.00 sa=+0.00 | phero=0 pd=0.00 pa=+0.00 | srch=0.00 | wall=1.11
R14[T4][RTB       ]: L=+0.84 R=+1.00 | carry=1 | base=0.52 ba=+0.06 | site=0 sd=0.00 sa=+0.00 | phero=0 pd=0.00 pa=+0.00 | srch=0.00 | wall=1.06
R15[T4][BASE_ESC  ]: L=+1.00 R=+0.00 | carry=0 | base=0.05 ba=+0.07 | site=0 sd=0.00 sa=+0.00 | phero=1 pd=0.55 pa=+0.12 | srch=0.00 | wall=3.28
R16[T4][PHERO     ]: L=+0.73 R=+1.00 | carry=0 | base=0.10 ba=+0.81 | site=0 sd=0.00 sa=+0.00 | phero=1 pd=0.49 pa=+0.20 | srch=0.17 | wall=3.06

[DEPOSIT] Robot 12 deposited! Total: 111
  [PHERO] Laid at (-1.49, -0.60) density=7 prob=0.99 total_entries=30
  [TARGET] Robot 12 → SITE (-1.49,-0.60)
[EMPTY_RTN] R10 → phero(-2.43,0.54)
[PICKUP] Robot 1 picked up tag (density=15) | Total: 115
[PICKUP] Robot 5 picked up tag (density=16) | Total: 116

======================================================================
Step 12500 (6.7 min) | Pickups: 116 | Deposits: 111 | Rate: 16.65 tags/min | phero_entries=26 phero_max=0.455
======================================================================
R1[T1][RTB       ]: L=+1.00 R=+1.00 | carry=1 | base=0.43 ba=+0.00 | site=0 sd=0.00 sa=+0.00 | phero=0 pd=0.00 pa=+0.00 | srch=0.00 | wall=1.72
R2[T1][EXPLORE   ]: L=+1.00 R=+1.00 | carry=0 | base=0.51 ba=-0.23 | site=0 sd=0.00 sa=+0.00 | phero=0 pd=0.00 pa=+0.00 | srch=0.35 | wall=1.18
R3[T1][RTB       ]: L=+1.00 R=+1.00 | carry=1 | base=0.08 ba=+0.00 | site=0 sd=0.00 sa=+0.00 | phero=0 pd=0.00 pa=+0.00 | srch=0.00 | wall=3.15
R4[T1][EXPLORE   ]: L=+1.00 R=+1.00 | carry=0 | base=0.70 ba=-0.35 | site=0 sd=0.00 sa=+0.00 | phero=0 pd=0.00 pa=+0.00 | srch=0.38 | wall=0.70
R5[T2][RTB       ]: L=+0.00 R=+1.00 | carry=1 | base=0.38 ba=+0.70 | site=0 sd=0.00 sa=+0.00 | phero=0 pd=0.00 pa=+0.00 | srch=0.00 | wall=2.14
R6[T2][EXPLORE   ]: L=+1.00 R=+1.00 | carry=0 | base=0.59 ba=+0.59 | site=0 sd=0.00 sa=+0.00 | phero=0 pd=0.00 pa=+0.00 | srch=0.28 | wall=1.42
R7[T2][SITE      ]: L=+0.83 R=+0.83 | carry=0 | base=0.61 ba=-0.88 | site=1 sd=0.05 sa=-0.02 | phero=0 pd=0.00 pa=+0.00 | srch=0.25 | wall=0.80
R8[T2][WALL_ESC  ]: L=+1.00 R=+0.00 | carry=0 | base=0.64 ba=-0.56 | site=0 sd=0.00 sa=+0.00 | phero=0 pd=0.00 pa=+0.00 | srch=0.34 | wall=0.34
R9[T3][EXPLORE   ]: L=+1.00 R=+1.00 | carry=0 | base=0.14 ba=+0.28 | site=0 sd=0.00 sa=+0.00 | phero=0 pd=0.00 pa=+0.00 | srch=0.52 | wall=2.83
R10[T3][PHERO     ]: L=+0.89 R=+0.88 | carry=0 | base=0.23 ba=-0.85 | site=0 sd=0.00 sa=+0.00 | phero=1 pd=0.28 pa=+0.03 | srch=0.12 | wall=2.34
R11[T3][SITE      ]: L=+0.87 R=+0.87 | carry=0 | base=0.48 ba=+0.95 | site=1 sd=0.10 sa=+0.02 | phero=0 pd=0.00 pa=+0.00 | srch=0.25 | wall=1.27
R12[T3][SITE      ]: L=+0.91 R=+1.00 | carry=0 | base=0.29 ba=+0.83 | site=1 sd=0.05 sa=+0.12 | phero=0 pd=0.00 pa=+0.00 | srch=0.12 | wall=2.09
R13[T4][RTB       ]: L=+1.00 R=+1.00 | carry=1 | base=0.19 ba=+0.00 | site=0 sd=0.00 sa=+0.00 | phero=0 pd=0.00 pa=+0.00 | srch=0.00 | wall=2.64
R14[T4][RTB       ]: L=+1.00 R=+1.00 | carry=1 | base=0.14 ba=+0.00 | site=0 sd=0.00 sa=+0.00 | phero=0 pd=0.00 pa=+0.00 | srch=0.00 | wall=2.87
R15[T4][BASE_ESC  ]: L=+1.00 R=+0.00 | carry=0 | base=0.05 ba=+0.63 | site=0 sd=0.00 sa=+0.00 | phero=1 pd=0.54 pa=+0.44 | srch=0.13 | wall=3.27
R16[T4][PHERO     ]: L=+0.97 R=+1.00 | carry=0 | base=0.45 ba=+0.83 | site=0 sd=0.00 sa=+0.00 | phero=1 pd=0.16 pa=+0.18 | srch=0.30 | wall=1.34

[DEPOSIT] Robot 3 deposited! Total: 112
  [TARGET] Robot 3 → SITE (2.82,-1.37)
[PICKUP] Robot 12 picked up tag (density=6) | Total: 117
[DEPOSIT] Robot 14 deposited! Total: 113
  [PHERO] Laid at (-0.98, -2.49) density=14 prob=1.00 total_entries=26
  [TARGET] Robot 14 → SITE (-0.98,-2.49)
[DEPOSIT] Robot 13 deposited! Total: 114
  [TARGET] Robot 13 → PHERO (1.26,-2.47)
[PICKUP] Robot 10 picked up tag (density=13) | Total: 118
[DEPOSIT] Robot 1 deposited! Total: 115
  [PHERO] Laid at (1.62, 2.38) density=15 prob=1.00 total_entries=24
  [TARGET] Robot 1 → SITE (1.62,2.38)

======================================================================
Step 13000 (6.9 min) | Pickups: 118 | Deposits: 115 | Rate: 16.59 tags/min | phero_entries=24 phero_max=0.975
======================================================================
R1[T1][BASE_ESC  ]: L=+1.00 R=+0.00 | carry=0 | base=0.05 ba=+0.17 | site=1 sd=0.53 sa=-0.85 | phero=0 pd=0.00 pa=+0.00 | srch=0.00 | wall=3.30
R2[T1][EXPLORE   ]: L=+1.00 R=+1.00 | carry=0 | base=0.37 ba=-0.52 | site=0 sd=0.00 sa=+0.00 | phero=0 pd=0.00 pa=+0.00 | srch=0.48 | wall=1.84
R3[T1][SITE      ]: L=+1.00 R=+1.00 | carry=0 | base=0.31 ba=-0.86 | site=1 sd=0.35 sa=-0.05 | phero=0 pd=0.00 pa=+0.00 | srch=0.12 | wall=1.98
R4[T1][EXPLORE   ]: L=+1.00 R=+1.00 | carry=0 | base=0.59 ba=-0.46 | site=0 sd=0.00 sa=+0.00 | phero=0 pd=0.00 pa=+0.00 | srch=0.50 | wall=0.77
R5[T2][RTB       ]: L=+1.00 R=+1.00 | carry=1 | base=0.06 ba=-0.00 | site=0 sd=0.00 sa=+0.00 | phero=0 pd=0.00 pa=+0.00 | srch=0.00 | wall=3.27
R6[T2][EXPLORE   ]: L=+1.00 R=+1.00 | carry=0 | base=0.62 ba=+0.14 | site=0 sd=0.00 sa=+0.00 | phero=0 pd=0.00 pa=+0.00 | srch=0.40 | wall=0.62
R7[T2][EXPLORE   ]: L=+1.00 R=+1.00 | carry=0 | base=0.70 ba=-0.46 | site=0 sd=0.00 sa=+0.00 | phero=0 pd=0.00 pa=+0.00 | srch=0.37 | wall=1.01
R8[T2][EXPLORE   ]: L=+1.00 R=+1.00 | carry=0 | base=0.38 ba=-0.31 | site=0 sd=0.00 sa=+0.00 | phero=0 pd=0.00 pa=+0.00 | srch=0.46 | wall=1.91
R9[T3][EXPLORE   ]: L=+1.00 R=+1.00 | carry=0 | base=0.32 ba=+0.89 | site=0 sd=0.00 sa=+0.00 | phero=0 pd=0.00 pa=+0.00 | srch=0.65 | wall=2.19
R10[T3][RTB       ]: L=+0.67 R=+1.00 | carry=1 | base=0.50 ba=+0.12 | site=0 sd=0.00 sa=+0.00 | phero=0 pd=0.00 pa=+0.00 | srch=0.00 | wall=1.07
R11[T3][EXPLORE   ]: L=+0.35 R=+0.76 | carry=0 | base=0.56 ba=-0.41 | site=0 sd=0.00 sa=+0.00 | phero=0 pd=0.00 pa=+0.00 | srch=0.37 | wall=0.99
R12[T3][RTB       ]: L=+1.00 R=+1.00 | carry=1 | base=0.05 ba=+0.00 | site=0 sd=0.00 sa=+0.00 | phero=0 pd=0.00 pa=+0.00 | srch=0.00 | wall=3.27
R13[T4][PHERO     ]: L=+1.00 R=+1.00 | carry=0 | base=0.21 ba=+0.98 | site=0 sd=0.00 sa=+0.00 | phero=1 pd=0.38 pa=-0.23 | srch=0.08 | wall=2.69
R14[T4][SITE      ]: L=+1.00 R=+0.99 | carry=0 | base=0.26 ba=-0.90 | site=1 sd=0.33 sa=-0.17 | phero=0 pd=0.00 pa=+0.00 | srch=0.10 | wall=2.22
R15[T4][PHERO     ]: L=+0.91 R=+0.93 | carry=0 | base=0.20 ba=+0.90 | site=0 sd=0.00 sa=+0.00 | phero=1 pd=0.32 pa=+0.09 | srch=0.25 | wall=2.66
R16[T4][EXPLORE   ]: L=+1.00 R=+0.44 | carry=0 | base=0.61 ba=-0.78 | site=0 sd=0.00 sa=+0.00 | phero=0 pd=0.00 pa=+0.00 | srch=0.42 | wall=0.97

[DEPOSIT] Robot 12 deposited! Total: 116
  [PHERO] Laid at (-1.52, -0.61) density=6 prob=0.97 total_entries=25
  [TARGET] Robot 12 → SITE (-1.52,-0.61)
[DEPOSIT] Robot 5 deposited! Total: 117
  [PHERO] Laid at (-1.34, 1.28) density=16 prob=1.00 total_entries=26
  [TARGET] Robot 5 → SITE (-1.34,1.28)
[PICKUP] Robot 9 picked up tag (density=15) | Total: 119
[PICKUP] Robot 15 picked up tag (density=12) | Total: 120
[PICKUP] Robot 14 picked up tag (density=13) | Total: 121

======================================================================
Step 13500 (7.2 min) | Pickups: 121 | Deposits: 117 | Rate: 16.25 tags/min | phero_entries=24 phero_max=0.458
======================================================================
R1[T1][SITE      ]: L=+1.00 R=+0.93 | carry=0 | base=0.36 ba=-0.84 | site=1 sd=0.33 sa=-0.20 | phero=0 pd=0.00 pa=+0.00 | srch=0.13 | wall=1.74
R2[T1][EXPLORE   ]: L=+1.00 R=+1.00 | carry=0 | base=0.55 ba=-0.77 | site=0 sd=0.00 sa=+0.00 | phero=0 pd=0.00 pa=+0.00 | srch=0.60 | wall=0.94
R3[T1][EXPLORE   ]: L=+1.00 R=+1.00 | carry=0 | base=0.66 ba=-0.79 | site=0 sd=0.00 sa=+0.00 | phero=0 pd=0.00 pa=+0.00 | srch=0.24 | wall=0.61
R4[T1][EXPLORE   ]: L=+1.00 R=+1.00 | carry=0 | base=0.47 ba=+0.05 | site=0 sd=0.00 sa=+0.00 | phero=0 pd=0.00 pa=+0.00 | srch=0.63 | wall=1.19
R5[T2][SITE      ]: L=+0.88 R=+1.00 | carry=0 | base=0.34 ba=+0.89 | site=1 sd=0.07 sa=+0.24 | phero=0 pd=0.00 pa=+0.00 | srch=0.12 | wall=2.16
R6[T2][EXPLORE   ]: L=+1.00 R=+1.00 | carry=0 | base=0.32 ba=+0.32 | site=0 sd=0.00 sa=+0.00 | phero=0 pd=0.00 pa=+0.00 | srch=0.53 | wall=1.94
R7[T2][EXPLORE   ]: L=+1.00 R=+1.00 | carry=0 | base=0.65 ba=-0.06 | site=0 sd=0.00 sa=+0.00 | phero=0 pd=0.00 pa=+0.00 | srch=0.50 | wall=0.86
R8[T2][EXPLORE   ]: L=+1.00 R=+1.00 | carry=0 | base=0.35 ba=-0.66 | site=0 sd=0.00 sa=+0.00 | phero=0 pd=0.00 pa=+0.00 | srch=0.59 | wall=1.78
R9[T3][RTB       ]: L=+1.00 R=+1.00 | carry=1 | base=0.16 ba=+0.00 | site=0 sd=0.00 sa=+0.00 | phero=0 pd=0.00 pa=+0.00 | srch=0.00 | wall=2.92
R10[T3][RTB       ]: L=+1.00 R=+1.00 | carry=1 | base=0.11 ba=+0.00 | site=0 sd=0.00 sa=+0.00 | phero=0 pd=0.00 pa=+0.00 | srch=0.00 | wall=2.94
R11[T3][EXPLORE   ]: L=+1.00 R=+1.00 | carry=0 | base=0.23 ba=+0.29 | site=0 sd=0.00 sa=+0.00 | phero=0 pd=0.00 pa=+0.00 | srch=0.50 | wall=2.48
R12[T3][EXPLORE   ]: L=+1.00 R=+1.00 | carry=0 | base=0.33 ba=-0.91 | site=0 sd=0.00 sa=+0.00 | phero=0 pd=0.00 pa=+0.00 | srch=0.12 | wall=1.98
R13[T4][PHERO     ]: L=+1.00 R=+1.00 | carry=0 | base=0.57 ba=-0.77 | site=0 sd=0.00 sa=+0.00 | phero=1 pd=0.24 pa=-0.35 | srch=0.20 | wall=1.29
R14[T4][RTB       ]: L=+1.00 R=+0.19 | carry=1 | base=0.56 ba=-0.33 | site=0 sd=0.00 sa=+0.00 | phero=0 pd=0.00 pa=+0.00 | srch=0.00 | wall=0.84
R15[T4][RTB       ]: L=+0.19 R=+1.00 | carry=1 | base=0.51 ba=+0.33 | site=0 sd=0.00 sa=+0.00 | phero=0 pd=0.00 pa=+0.00 | srch=0.00 | wall=1.02
R16[T4][EXPLORE   ]: L=+1.00 R=+0.43 | carry=0 | base=0.57 ba=+0.33 | site=0 sd=0.00 sa=+0.00 | phero=0 pd=0.00 pa=+0.00 | srch=0.55 | wall=1.13

[PICKUP] Robot 12 picked up tag (density=5) | Total: 122
[GIVE-UP] R3 giving up after 998 steps
[PICKUP] Robot 1 picked up tag (density=16) | Total: 123
[DEPOSIT] Robot 10 deposited! Total: 118
  [PHERO] Laid at (-2.46, 0.58) density=13 prob=1.00 total_entries=25
  [TARGET] Robot 10 → SITE (-2.46,0.58)
[DEPOSIT] Robot 9 deposited! Total: 119
  [PHERO] Laid at (-1.31, 1.42) density=15 prob=1.00 total_entries=24
  [TARGET] Robot 9 → SITE (-1.31,1.42)
[GIVE-UP] R8 giving up after 2778 steps
[DEPOSIT] Robot 12 deposited! Total: 120
  [PHERO] Laid at (-1.57, -0.63) density=5 prob=0.92 total_entries=19
  [TARGET] Robot 12 → SITE (-1.57,-0.63)

======================================================================
Step 14000 (7.5 min) | Pickups: 123 | Deposits: 120 | Rate: 16.07 tags/min | phero_entries=19 phero_max=0.998
======================================================================
R1[T1][RTB       ]: L=+1.00 R=+1.00 | carry=1 | base=0.09 ba=-0.00 | site=0 sd=0.00 sa=+0.00 | phero=0 pd=0.00 pa=+0.00 | srch=0.00 | wall=3.07
R2[T1][EXPLORE   ]: L=+1.00 R=+1.00 | carry=0 | base=0.49 ba=-0.17 | site=0 sd=0.00 sa=+0.00 | phero=0 pd=0.00 pa=+0.00 | srch=0.73 | wall=1.10
R3[T1][GIVE_UP   ]: L=+1.00 R=+1.00 | carry=0 | base=0.38 ba=-0.00 | site=0 sd=0.00 sa=+0.00 | phero=0 pd=0.00 pa=+0.00 | srch=0.37 | wall=1.88
R4[T1][EXPLORE   ]: L=+1.00 R=+1.00 | carry=0 | base=0.11 ba=+0.26 | site=0 sd=0.00 sa=+0.00 | phero=0 pd=0.00 pa=+0.00 | srch=0.75 | wall=3.05
R5[T2][EXPLORE   ]: L=+1.00 R=+1.00 | carry=0 | base=0.41 ba=+0.65 | site=0 sd=0.00 sa=+0.00 | phero=0 pd=0.00 pa=+0.00 | srch=0.25 | wall=1.48
R6[T2][EXPLORE   ]: L=+1.00 R=+1.00 | carry=0 | base=0.34 ba=+0.71 | site=0 sd=0.00 sa=+0.00 | phero=0 pd=0.00 pa=+0.00 | srch=0.65 | wall=1.83
R7[T2][EXPLORE   ]: L=+1.00 R=+1.00 | carry=0 | base=0.27 ba=-0.15 | site=0 sd=0.00 sa=+0.00 | phero=0 pd=0.00 pa=+0.00 | srch=0.62 | wall=2.21
R8[T2][GIVE_UP   ]: L=+1.00 R=+0.16 | carry=0 | base=0.59 ba=-0.34 | site=0 sd=0.00 sa=+0.00 | phero=0 pd=0.00 pa=+0.00 | srch=0.71 | wall=1.16
R9[T3][SITE      ]: L=-0.27 R=+0.06 | carry=0 | base=0.21 ba=-0.91 | site=1 sd=0.19 sa=-0.00 | phero=0 pd=0.00 pa=+0.00 | srch=0.09 | wall=2.70
R10[T3][SITE      ]: L=+1.00 R=+1.00 | carry=0 | base=0.26 ba=-0.87 | site=1 sd=0.26 sa=-0.00 | phero=0 pd=0.00 pa=+0.00 | srch=0.10 | wall=2.21
R11[T3][EXPLORE   ]: L=+1.00 R=+0.96 | carry=0 | base=0.22 ba=-0.69 | site=0 sd=0.00 sa=+0.00 | phero=0 pd=0.00 pa=+0.00 | srch=0.62 | wall=2.50
R12[T3][BASE_ESC  ]: L=+0.00 R=+1.00 | carry=0 | base=0.05 ba=-0.00 | site=1 sd=0.29 sa=-0.97 | phero=0 pd=0.00 pa=+0.00 | srch=0.00 | wall=3.27
R13[T4][PHERO     ]: L=+1.00 R=+1.00 | carry=0 | base=0.70 ba=-0.16 | site=0 sd=0.00 sa=+0.00 | phero=1 pd=0.14 pa=-0.15 | srch=0.33 | wall=0.43
R14[T4][RTB       ]: L=+1.00 R=+1.00 | carry=1 | base=0.19 ba=-0.00 | site=0 sd=0.00 sa=+0.00 | phero=0 pd=0.00 pa=+0.00 | srch=0.00 | wall=2.61
R15[T4][RTB       ]: L=+1.00 R=+1.00 | carry=1 | base=0.14 ba=+0.00 | site=0 sd=0.00 sa=+0.00 | phero=0 pd=0.00 pa=+0.00 | srch=0.00 | wall=2.80
R16[T4][EXPLORE   ]: L=+1.00 R=+0.65 | carry=0 | base=0.62 ba=-0.73 | site=0 sd=0.00 sa=+0.00 | phero=0 pd=0.00 pa=+0.00 | srch=0.67 | wall=0.96

[GIVE-UP] R5 giving up after 1001 steps
[DEPOSIT] Robot 1 deposited! Total: 121
  [PHERO] Laid at (0.16, 1.86) density=16 prob=1.00 total_entries=20
  [TARGET] Robot 1 → SITE (0.16,1.86)
[PICKUP] Robot 6 picked up tag (density=15) | Total: 124
[DEPOSIT] Robot 15 deposited! Total: 122
  [PHERO] Laid at (-2.47, 0.54) density=12 prob=1.00 total_entries=21
  [TARGET] Robot 15 → SITE (-2.47,0.54)
[DEPOSIT] Robot 14 deposited! Total: 123
  [PHERO] Laid at (-0.71, -2.67) density=13 prob=1.00 total_entries=22
  [TARGET] Robot 14 → SITE (-0.71,-2.67)
[GIVE-UP] R4 giving up after 3212 steps
[PICKUP] Robot 9 picked up tag (density=14) | Total: 125
[EMPTY_RTN] R4 → phero(-2.47,0.54)
[GIVE-UP] R2 giving up after 3314 steps
[EMPTY_RTN] R3 → phero(0.16,1.86)
[GIVE-UP] R7 giving up after 2922 steps

======================================================================
Step 14500 (7.7 min) | Pickups: 125 | Deposits: 123 | Rate: 15.91 tags/min | phero_entries=20 phero_max=0.596
======================================================================
R1[T1][SITE      ]: L=+0.51 R=+0.63 | carry=0 | base=0.29 ba=+0.80 | site=1 sd=0.11 sa=+0.06 | phero=0 pd=0.00 pa=+0.00 | srch=0.11 | wall=2.11
R2[T1][GIVE_UP   ]: L=+1.00 R=+0.94 | carry=0 | base=0.26 ba=-0.02 | site=0 sd=0.00 sa=+0.00 | phero=0 pd=0.00 pa=+0.00 | srch=0.85 | wall=2.44
R3[T1][BASE_ESC  ]: L=+0.00 R=+1.00 | carry=0 | base=0.04 ba=-0.62 | site=0 sd=0.00 sa=+0.00 | phero=1 pd=0.40 pa=-0.91 | srch=0.02 | wall=3.33
R4[T1][PHERO     ]: L=+0.64 R=+1.00 | carry=0 | base=0.05 ba=+0.52 | site=0 sd=0.00 sa=+0.00 | phero=1 pd=0.52 pa=+0.11 | srch=0.04 | wall=3.26
R5[T2][GIVE_UP   ]: L=+1.00 R=+1.00 | carry=0 | base=0.08 ba=+0.00 | site=0 sd=0.00 sa=+0.00 | phero=0 pd=0.00 pa=+0.00 | srch=0.37 | wall=3.08
R6[T2][RTB       ]: L=+1.00 R=+1.00 | carry=1 | base=0.10 ba=+0.00 | site=0 sd=0.00 sa=+0.00 | phero=0 pd=0.00 pa=+0.00 | srch=0.00 | wall=2.99
R7[T2][GIVE_UP   ]: L=+1.00 R=+0.43 | carry=0 | base=0.15 ba=-0.21 | site=0 sd=0.00 sa=+0.00 | phero=0 pd=0.00 pa=+0.00 | srch=0.75 | wall=2.78
R8[T2][GIVE_UP   ]: L=+1.00 R=+1.00 | carry=0 | base=0.23 ba=-0.00 | site=0 sd=0.00 sa=+0.00 | phero=0 pd=0.00 pa=+0.00 | srch=0.84 | wall=2.63
R9[T3][RTB       ]: L=+1.00 R=+1.00 | carry=1 | base=0.32 ba=+0.00 | site=0 sd=0.00 sa=+0.00 | phero=0 pd=0.00 pa=+0.00 | srch=0.00 | wall=2.37
R10[T3][SITE      ]: L=+0.91 R=+0.90 | carry=0 | base=0.47 ba=-0.90 | site=1 sd=0.04 sa=-0.01 | phero=0 pd=0.00 pa=+0.00 | srch=0.23 | wall=1.20
R11[T3][EXPLORE   ]: L=+1.00 R=+1.00 | carry=0 | base=0.57 ba=+0.96 | site=0 sd=0.00 sa=+0.00 | phero=0 pd=0.00 pa=+0.00 | srch=0.75 | wall=1.02
R12[T3][SITE      ]: L=+1.00 R=+1.00 | carry=0 | base=0.32 ba=+0.90 | site=1 sd=0.02 sa=-0.02 | phero=0 pd=0.00 pa=+0.00 | srch=0.13 | wall=2.00
R13[T4][PHERO     ]: L=+1.00 R=+0.95 | carry=0 | base=0.46 ba=+0.60 | site=0 sd=0.00 sa=+0.00 | phero=1 pd=0.13 pa=-0.63 | srch=0.45 | wall=1.65
R14[T4][SITE      ]: L=+1.00 R=+1.00 | carry=0 | base=0.21 ba=+1.00 | site=1 sd=0.36 sa=+0.15 | phero=0 pd=0.00 pa=+0.00 | srch=0.08 | wall=2.62
R15[T4][SITE      ]: L=+0.99 R=+1.00 | carry=0 | base=0.25 ba=+0.95 | site=1 sd=0.27 sa=+0.04 | phero=0 pd=0.00 pa=+0.00 | srch=0.09 | wall=2.36
R16[T4][EXPLORE   ]: L=+1.00 R=+0.29 | carry=0 | base=0.60 ba=+0.25 | site=0 sd=0.00 sa=+0.00 | phero=0 pd=0.00 pa=+0.00 | srch=0.80 | wall=0.77

[PICKUP] Robot 12 picked up tag (density=4) | Total: 126
[EMPTY_RTN] R5 → phero(-0.71,-2.67)
[PICKUP] Robot 10 picked up tag (density=11) | Total: 127
[DEPOSIT] Robot 6 deposited! Total: 124
  [PHERO] Laid at (0.07, 1.86) density=15 prob=1.00 total_entries=21
  [TARGET] Robot 6 → SITE (0.07,1.86)
[EMPTY_RTN] R7 → phero(-1.34,1.28)
[PICKUP] Robot 1 picked up tag (density=14) | Total: 128
[EMPTY_RTN] R8 → phero(0.07,1.86)
[EMPTY_RTN] R2 → phero(-0.71,-2.67)
[PICKUP] Robot 15 picked up tag (density=10) | Total: 129
[DEPOSIT] Robot 9 deposited! Total: 125
  [PHERO] Laid at (-1.32, 1.45) density=14 prob=1.00 total_entries=20
  [TARGET] Robot 9 → SITE (-1.32,1.45)
[PICKUP] Robot 14 picked up tag (density=12) | Total: 130

======================================================================
Step 15000 (8.0 min) | Pickups: 130 | Deposits: 125 | Rate: 15.62 tags/min | phero_entries=20 phero_max=0.832
======================================================================
R1[T1][RTB       ]: L=+1.00 R=+1.00 | carry=1 | base=0.18 ba=+0.00 | site=0 sd=0.00 sa=+0.00 | phero=0 pd=0.00 pa=+0.00 | srch=0.00 | wall=2.63
R2[T1][PHERO     ]: L=-1.00 R=+0.65 | carry=0 | base=0.05 ba=+0.15 | site=0 sd=0.00 sa=+0.00 | phero=1 pd=0.60 pa=-0.06 | srch=0.06 | wall=3.26
R3[T1][PHERO     ]: L=+1.00 R=+1.00 | carry=0 | base=0.20 ba=+0.70 | site=0 sd=0.00 sa=+0.00 | phero=1 pd=0.24 pa=+0.06 | srch=0.14 | wall=2.74
R4[T1][PHERO     ]: L=+0.73 R=+0.72 | carry=0 | base=0.27 ba=+0.88 | site=0 sd=0.00 sa=+0.00 | phero=1 pd=0.24 pa=-0.04 | srch=0.16 | wall=2.23
R5[T2][PHERO     ]: L=+0.88 R=+1.00 | carry=0 | base=0.22 ba=+0.89 | site=0 sd=0.00 sa=+0.00 | phero=1 pd=0.34 pa=-0.20 | srch=0.11 | wall=2.41
R6[T2][SITE      ]: L=+0.44 R=+0.46 | carry=0 | base=0.12 ba=-0.97 | site=1 sd=0.27 sa=-0.10 | phero=0 pd=0.00 pa=+0.00 | srch=0.10 | wall=2.94
R7[T2][PHERO     ]: L=+0.55 R=+0.49 | carry=0 | base=0.06 ba=-0.60 | site=0 sd=0.00 sa=+0.00 | phero=1 pd=0.32 pa=+0.31 | srch=0.09 | wall=3.24
R8[T2][BASE_ESC  ]: L=+0.00 R=+1.00 | carry=0 | base=0.05 ba=-0.64 | site=0 sd=0.00 sa=+0.00 | phero=1 pd=0.40 pa=-0.34 | srch=0.07 | wall=3.30
R9[T3][BASE_ESC  ]: L=+0.22 R=+1.00 | carry=0 | base=0.05 ba=-0.82 | site=1 sd=0.35 sa=+0.20 | phero=0 pd=0.00 pa=+0.00 | srch=0.03 | wall=3.33
R10[T3][RTB       ]: L=+1.00 R=+1.00 | carry=1 | base=0.25 ba=-0.00 | site=0 sd=0.00 sa=+0.00 | phero=0 pd=0.00 pa=+0.00 | srch=0.00 | wall=2.30
R11[T3][EXPLORE   ]: L=-0.26 R=+1.00 | carry=0 | base=0.61 ba=+0.76 | site=0 sd=0.00 sa=+0.00 | phero=0 pd=0.00 pa=+0.00 | srch=0.87 | wall=0.93
R12[T3][RTB       ]: L=+0.97 R=+1.00 | carry=1 | base=0.06 ba=+0.02 | site=0 sd=0.00 sa=+0.00 | phero=0 pd=0.00 pa=+0.00 | srch=0.00 | wall=3.23
R13[T4][PHERO     ]: L=+1.00 R=+1.00 | carry=0 | base=0.74 ba=-0.58 | site=0 sd=0.00 sa=+0.00 | phero=1 pd=0.24 pa=-0.38 | srch=0.58 | wall=0.82
R14[T4][RTB       ]: L=+0.00 R=+1.00 | carry=1 | base=0.57 ba=+0.72 | site=0 sd=0.00 sa=+0.00 | phero=0 pd=0.00 pa=+0.00 | srch=0.00 | wall=0.92
R15[T4][RTB       ]: L=+0.79 R=+1.00 | carry=1 | base=0.51 ba=+0.08 | site=0 sd=0.00 sa=+0.00 | phero=0 pd=0.00 pa=+0.00 | srch=0.00 | wall=1.00
R16[T4][EXPLORE   ]: L=+1.00 R=+0.38 | carry=0 | base=0.66 ba=-0.61 | site=0 sd=0.00 sa=+0.00 | phero=0 pd=0.00 pa=+0.00 | srch=0.92 | wall=0.53

[DEPOSIT] Robot 12 deposited! Total: 126
  [PHERO] Laid at (-1.58, -0.64) density=4 prob=0.82 total_entries=21
  [TARGET] Robot 12 → SITE (-1.58,-0.64)
[DEPOSIT] Robot 1 deposited! Total: 127
  [PHERO] Laid at (0.23, 1.86) density=14 prob=1.00 total_entries=22
  [TARGET] Robot 1 → SITE (0.23,1.86)
[DEPOSIT] Robot 10 deposited! Total: 128
  [PHERO] Laid at (-2.48, 0.58) density=11 prob=1.00 total_entries=23
  [TARGET] Robot 10 → SITE (-2.48,0.58)
[PICKUP] Robot 3 picked up tag (density=13) | Total: 131
[PICKUP] Robot 4 picked up tag (density=9) | Total: 132

======================================================================
Step 15500 (8.3 min) | Pickups: 132 | Deposits: 128 | Rate: 15.48 tags/min | phero_entries=21 phero_max=0.682
======================================================================
R1[T1][SITE      ]: L=+1.00 R=+1.00 | carry=0 | base=0.19 ba=+0.99 | site=1 sd=0.24 sa=-0.34 | phero=0 pd=0.00 pa=+0.00 | srch=0.08 | wall=2.65
R2[T1][PHERO     ]: L=+1.00 R=-0.43 | carry=0 | base=0.05 ba=-0.46 | site=0 sd=0.00 sa=+0.00 | phero=1 pd=0.61 pa=-0.46 | srch=0.18 | wall=3.26
R3[T1][RTB       ]: L=+0.99 R=+1.00 | carry=1 | base=0.32 ba=+0.00 | site=0 sd=0.00 sa=+0.00 | phero=0 pd=0.00 pa=+0.00 | srch=0.00 | wall=1.90
R4[T1][RTB       ]: L=+0.75 R=+1.00 | carry=1 | base=0.51 ba=+0.09 | site=0 sd=0.00 sa=+0.00 | phero=0 pd=0.00 pa=+0.00 | srch=0.00 | wall=1.01
R5[T2][PHERO     ]: L=+1.00 R=+0.96 | carry=0 | base=0.52 ba=-0.73 | site=0 sd=0.00 sa=+0.00 | phero=1 pd=0.09 pa=-0.11 | srch=0.24 | wall=0.94
R6[T2][SITE      ]: L=-0.25 R=-0.25 | carry=0 | base=0.09 ba=-0.92 | site=1 sd=0.30 sa=-0.08 | phero=0 pd=0.00 pa=+0.00 | srch=0.23 | wall=3.11
R7[T2][PHERO     ]: L=+0.94 R=+1.00 | carry=0 | base=0.35 ba=+0.75 | site=0 sd=0.00 sa=+0.00 | phero=1 pd=0.06 pa=+0.13 | srch=0.22 | wall=2.14
R8[T2][PHERO     ]: L=+0.48 R=+0.48 | carry=0 | base=0.05 ba=-0.61 | site=0 sd=0.00 sa=+0.00 | phero=1 pd=0.35 pa=+0.01 | srch=0.19 | wall=3.27
R9[T3][SITE      ]: L=+0.92 R=+1.00 | carry=0 | base=0.35 ba=+0.88 | site=1 sd=0.09 sa=+0.22 | phero=0 pd=0.00 pa=+0.00 | srch=0.15 | wall=2.03
R10[T3][SITE      ]: L=+1.00 R=+1.00 | carry=0 | base=0.15 ba=+1.00 | site=1 sd=0.38 sa=+0.14 | phero=0 pd=0.00 pa=+0.00 | srch=0.06 | wall=2.88
R11[T3][EXPLORE   ]: L=+1.00 R=+0.87 | carry=0 | base=0.43 ba=+0.45 | site=0 sd=0.00 sa=+0.00 | phero=0 pd=0.00 pa=+0.00 | srch=1.00 | wall=1.83
R12[T3][SITE      ]: L=+0.97 R=+1.00 | carry=0 | base=0.30 ba=+0.74 | site=1 sd=0.07 sa=+0.05 | phero=0 pd=0.00 pa=+0.00 | srch=0.12 | wall=2.07
R13[T4][PHERO     ]: L=+1.00 R=+0.99 | carry=0 | base=0.57 ba=-0.17 | site=0 sd=0.00 sa=+0.00 | phero=1 pd=0.02 pa=-0.57 | srch=0.70 | wall=0.97
R14[T4][RTB       ]: L=+1.00 R=+1.00 | carry=1 | base=0.24 ba=+0.00 | site=0 sd=0.00 sa=+0.00 | phero=0 pd=0.00 pa=+0.00 | srch=0.00 | wall=2.37
R15[T4][RTB       ]: L=+1.00 R=+1.00 | carry=1 | base=0.13 ba=+0.00 | site=0 sd=0.00 sa=+0.00 | phero=0 pd=0.00 pa=+0.00 | srch=0.00 | wall=2.89
R16[T4][EXPLORE   ]: L=+1.00 R=+0.03 | carry=0 | base=0.67 ba=+0.36 | site=0 sd=0.00 sa=+0.00 | phero=0 pd=0.00 pa=+0.00 | srch=1.00 | wall=0.52

[DEPOSIT] Robot 15 deposited! Total: 129
  [PHERO] Laid at (-2.55, 0.53) density=10 prob=1.00 total_entries=21
  [TARGET] Robot 15 → SITE (-2.55,0.53)
[PICKUP] Robot 12 picked up tag (density=3) | Total: 133
[PICKUP] Robot 5 picked up tag (density=11) | Total: 134
[PICKUP] Robot 9 picked up tag (density=13) | Total: 135
[DEPOSIT] Robot 14 deposited! Total: 130
  [PHERO] Laid at (-1.13, -2.57) density=12 prob=1.00 total_entries=20
  [TARGET] Robot 14 → SITE (-1.13,-2.57)
[DEPOSIT] Robot 3 deposited! Total: 131
  [PHERO] Laid at (0.08, 1.91) density=13 prob=1.00 total_entries=20
  [TARGET] Robot 3 → SITE (0.08,1.91)
[PICKUP] Robot 1 picked up tag (density=12) | Total: 136

======================================================================
Step 16000 (8.5 min) | Pickups: 136 | Deposits: 131 | Rate: 15.35 tags/min | phero_entries=20 phero_max=0.789
======================================================================
R1[T1][RTB       ]: L=+1.00 R=+0.95 | carry=1 | base=0.36 ba=-0.02 | site=0 sd=0.00 sa=+0.00 | phero=0 pd=0.00 pa=+0.00 | srch=0.00 | wall=1.76
R2[T1][PHERO     ]: L=+1.00 R=-0.28 | carry=0 | base=0.05 ba=-0.47 | site=0 sd=0.00 sa=+0.00 | phero=1 pd=0.60 pa=-0.25 | srch=0.31 | wall=3.29
R3[T1][SITE      ]: L=+1.00 R=+0.59 | carry=0 | base=0.07 ba=-0.91 | site=1 sd=0.32 sa=-0.03 | phero=0 pd=0.00 pa=+0.00 | srch=0.04 | wall=3.18
R4[T1][RTB       ]: L=+1.00 R=+1.00 | carry=1 | base=0.17 ba=+0.00 | site=0 sd=0.00 sa=+0.00 | phero=0 pd=0.00 pa=+0.00 | srch=0.00 | wall=2.69
R5[T2][RTB       ]: L=+1.00 R=+1.00 | carry=1 | base=0.30 ba=-0.00 | site=0 sd=0.00 sa=+0.00 | phero=0 pd=0.00 pa=+0.00 | srch=0.00 | wall=2.07
R6[T2][SITE      ]: L=+0.52 R=+0.51 | carry=0 | base=0.22 ba=-0.95 | site=1 sd=0.17 sa=-0.12 | phero=0 pd=0.00 pa=+0.00 | srch=0.35 | wall=2.44
R7[T2][EXPLORE   ]: L=+1.00 R=+1.00 | carry=0 | base=0.52 ba=+0.74 | site=0 sd=0.00 sa=+0.00 | phero=0 pd=0.00 pa=+0.00 | srch=0.34 | wall=0.93
R8[T2][PHERO     ]: L=+0.75 R=+0.74 | carry=0 | base=0.28 ba=-0.91 | site=0 sd=0.00 sa=+0.00 | phero=1 pd=0.10 pa=-0.04 | srch=0.32 | wall=2.13
R9[T3][RTB       ]: L=+1.00 R=+1.00 | carry=1 | base=0.17 ba=+0.00 | site=0 sd=0.00 sa=+0.00 | phero=0 pd=0.00 pa=+0.00 | srch=0.00 | wall=2.89
R10[T3][SITE      ]: L=+0.93 R=+1.00 | carry=0 | base=0.50 ba=+0.75 | site=1 sd=0.04 sa=+0.10 | phero=0 pd=0.00 pa=+0.00 | srch=0.18 | wall=1.15
R11[T3][EXPLORE   ]: L=+0.04 R=+1.00 | carry=0 | base=0.43 ba=+0.05 | site=0 sd=0.00 sa=+0.00 | phero=0 pd=0.00 pa=+0.00 | srch=1.00 | wall=1.83
R12[T3][RTB       ]: L=+1.00 R=+1.00 | carry=1 | base=0.09 ba=+0.00 | site=0 sd=0.00 sa=+0.00 | phero=0 pd=0.00 pa=+0.00 | srch=0.00 | wall=3.10
R13[T4][PHERO     ]: L=+1.00 R=+0.93 | carry=0 | base=0.61 ba=-0.57 | site=0 sd=0.00 sa=+0.00 | phero=1 pd=0.08 pa=-0.31 | srch=0.83 | wall=0.95
R14[T4][SITE      ]: L=+1.00 R=+1.00 | carry=0 | base=0.16 ba=+0.97 | site=1 sd=0.44 sa=-0.25 | phero=0 pd=0.00 pa=+0.00 | srch=0.06 | wall=2.72
R15[T4][SITE      ]: L=+1.00 R=+1.00 | carry=0 | base=0.23 ba=-0.97 | site=1 sd=0.29 sa=+0.04 | phero=0 pd=0.00 pa=+0.00 | srch=0.10 | wall=2.38
R16[T4][WALL_ESC  ]: L=+1.00 R=+0.04 | carry=0 | base=0.70 ba=-0.22 | site=0 sd=0.00 sa=+0.00 | phero=0 pd=0.00 pa=+0.00 | srch=1.00 | wall=0.33

[PICKUP] Robot 10 picked up tag (density=8) | Total: 137
[DEPOSIT] Robot 12 deposited! Total: 132
  [TARGET] Robot 12 → SITE (-1.58,-0.63)
[DEPOSIT] Robot 4 deposited! Total: 133
  [PHERO] Laid at (-2.54, 0.55) density=9 prob=1.00 total_entries=21
  [TARGET] Robot 4 → SITE (-2.54,0.55)
[DEPOSIT] Robot 9 deposited! Total: 134
  [PHERO] Laid at (-1.31, 1.55) density=13 prob=1.00 total_entries=22
  [TARGET] Robot 9 → SITE (-1.31,1.55)
[PICKUP] Robot 8 picked up tag (density=11) | Total: 138
[DEPOSIT] Robot 5 deposited! Total: 135
  [PHERO] Laid at (-0.71, -2.67) density=11 prob=1.00 total_entries=22
  [TARGET] Robot 5 → SITE (-0.71,-2.67)
[PICKUP] Robot 6 picked up tag (density=10) | Total: 139
[DEPOSIT] Robot 1 deposited! Total: 136
  [PHERO] Laid at (0.18, 1.93) density=12 prob=1.00 total_entries=22
  [TARGET] Robot 1 → SITE (0.18,1.93)
[PICKUP] Robot 15 picked up tag (density=7) | Total: 140

======================================================================
Step 16500 (8.8 min) | Pickups: 140 | Deposits: 136 | Rate: 15.45 tags/min | phero_entries=22 phero_max=0.845
======================================================================
R1[T1][BASE_ESC  ]: L=+0.36 R=+1.00 | carry=0 | base=0.05 ba=-0.86 | site=1 sd=0.35 sa=+0.24 | phero=0 pd=0.00 pa=+0.00 | srch=0.03 | wall=3.28
R2[T1][PHERO     ]: L=+0.55 R=+0.49 | carry=0 | base=0.19 ba=-0.86 | site=0 sd=0.00 sa=+0.00 | phero=1 pd=0.40 pa=-0.08 | srch=0.43 | wall=2.59
R3[T1][SITE      ]: L=+0.91 R=+0.98 | carry=0 | base=0.33 ba=+0.92 | site=1 sd=0.06 sa=-0.01 | phero=0 pd=0.00 pa=+0.00 | srch=0.16 | wall=1.89
R4[T1][SITE      ]: L=+1.00 R=+1.00 | carry=0 | base=0.22 ba=-0.97 | site=1 sd=0.31 sa=-0.03 | phero=0 pd=0.00 pa=+0.00 | srch=0.09 | wall=2.41
R5[T2][SITE      ]: L=+1.00 R=+1.00 | carry=0 | base=0.10 ba=-0.95 | site=1 sd=0.47 sa=+0.22 | phero=0 pd=0.00 pa=+0.00 | srch=0.04 | wall=3.13
R6[T2][RTB       ]: L=+1.00 R=+0.96 | carry=1 | base=0.37 ba=-0.01 | site=0 sd=0.00 sa=+0.00 | phero=0 pd=0.00 pa=+0.00 | srch=0.00 | wall=1.70
R7[T2][EXPLORE   ]: L=-0.22 R=+1.00 | carry=0 | base=0.61 ba=+0.27 | site=0 sd=0.00 sa=+0.00 | phero=0 pd=0.00 pa=+0.00 | srch=0.47 | wall=0.49
R8[T2][RTB       ]: L=+1.00 R=+1.00 | carry=1 | base=0.34 ba=+0.00 | site=0 sd=0.00 sa=+0.00 | phero=0 pd=0.00 pa=+0.00 | srch=0.00 | wall=1.83
R9[T3][SITE      ]: L=+0.82 R=+0.82 | carry=0 | base=0.21 ba=-0.90 | site=1 sd=0.20 sa=+0.03 | phero=0 pd=0.00 pa=+0.00 | srch=0.09 | wall=2.75
R10[T3][RTB       ]: L=+1.00 R=+1.00 | carry=1 | base=0.20 ba=-0.00 | site=0 sd=0.00 sa=+0.00 | phero=0 pd=0.00 pa=+0.00 | srch=0.00 | wall=2.55
R11[T3][EXPLORE   ]: L=+0.75 R=+0.62 | carry=0 | base=0.33 ba=-0.60 | site=0 sd=0.00 sa=+0.00 | phero=0 pd=0.00 pa=+0.00 | srch=1.00 | wall=1.92
R12[T3][SITE      ]: L=+1.00 R=+1.00 | carry=0 | base=0.30 ba=-0.96 | site=1 sd=0.04 sa=-0.02 | phero=0 pd=0.00 pa=+0.00 | srch=0.11 | wall=2.13
R13[T4][PHERO     ]: L=+1.00 R=+0.29 | carry=0 | base=0.56 ba=-0.96 | site=0 sd=0.00 sa=+0.00 | phero=1 pd=0.11 pa=-0.49 | srch=0.95 | wall=1.33
R14[T4][SITE      ]: L=+1.00 R=+0.72 | carry=0 | base=0.50 ba=-0.77 | site=1 sd=0.16 sa=-0.18 | phero=0 pd=0.00 pa=+0.00 | srch=0.19 | wall=1.04
R15[T4][RTB       ]: L=+0.34 R=+1.00 | carry=1 | base=0.54 ba=+0.27 | site=0 sd=0.00 sa=+0.00 | phero=0 pd=0.00 pa=+0.00 | srch=0.00 | wall=0.90
R16[T4][EXPLORE   ]: L=+1.00 R=+0.13 | carry=0 | base=0.68 ba=-0.73 | site=0 sd=0.00 sa=+0.00 | phero=0 pd=0.00 pa=+0.00 | srch=1.00 | wall=0.42

[PICKUP] Robot 12 picked up tag (density=2) | Total: 141
[PICKUP] Robot 14 picked up tag (density=10) | Total: 142
[PICKUP] Robot 3 picked up tag (density=9) | Total: 143
[DEPOSIT] Robot 10 deposited! Total: 137
  [PHERO] Laid at (-2.39, 0.69) density=8 prob=1.00 total_entries=23
  [TARGET] Robot 10 → SITE (-2.39,0.69)
[DEPOSIT] Robot 6 deposited! Total: 138
  [PHERO] Laid at (0.20, 2.01) density=10 prob=1.00 total_entries=24
  [TARGET] Robot 6 → SITE (0.20,2.01)
[DEPOSIT] Robot 8 deposited! Total: 139
  [PHERO] Laid at (0.10, 1.94) density=11 prob=1.00 total_entries=24
  [TARGET] Robot 8 → SITE (0.10,1.94)
[PICKUP] Robot 4 picked up tag (density=6) | Total: 144

======================================================================
Step 17000 (9.1 min) | Pickups: 144 | Deposits: 139 | Rate: 15.33 tags/min | phero_entries=24 phero_max=0.916
======================================================================
R1[T1][SITE      ]: L=+1.00 R=+1.00 | carry=0 | base=0.41 ba=+0.85 | site=1 sd=0.14 sa=+0.44 | phero=0 pd=0.00 pa=+0.00 | srch=0.15 | wall=1.65
R2[T1][PHERO     ]: L=+1.00 R=+1.00 | carry=0 | base=0.50 ba=-0.83 | site=0 sd=0.00 sa=+0.00 | phero=1 pd=0.10 pa=-0.16 | srch=0.56 | wall=1.04
R3[T1][RTB       ]: L=+1.00 R=+1.00 | carry=1 | base=0.20 ba=+0.00 | site=0 sd=0.00 sa=+0.00 | phero=0 pd=0.00 pa=+0.00 | srch=0.00 | wall=2.50
R4[T1][RTB       ]: L=+0.00 R=+1.00 | carry=1 | base=0.55 ba=+0.66 | site=0 sd=0.00 sa=+0.00 | phero=0 pd=0.00 pa=+0.00 | srch=0.00 | wall=0.86
R5[T2][SITE      ]: L=+1.00 R=+1.00 | carry=0 | base=0.47 ba=+0.74 | site=1 sd=0.24 sa=+0.19 | phero=0 pd=0.00 pa=+0.00 | srch=0.17 | wall=1.74
R6[T2][BASE_ESC  ]: L=+0.17 R=+1.00 | carry=0 | base=0.04 ba=-0.82 | site=1 sd=0.37 sa=+0.30 | phero=0 pd=0.00 pa=+0.00 | srch=0.02 | wall=3.33
R7[T2][EXPLORE   ]: L=+1.00 R=+0.96 | carry=0 | base=0.63 ba=+0.68 | site=0 sd=0.00 sa=+0.00 | phero=0 pd=0.00 pa=+0.00 | srch=0.59 | wall=0.39
R8[T2][BASE_ESC  ]: L=+1.00 R=+0.00 | carry=0 | base=0.05 ba=+0.46 | site=1 sd=0.35 sa=-0.56 | phero=0 pd=0.00 pa=+0.00 | srch=0.01 | wall=3.28
R9[T3][EXPLORE   ]: L=+1.00 R=+1.00 | carry=0 | base=0.58 ba=+1.00 | site=0 sd=0.00 sa=+0.00 | phero=0 pd=0.00 pa=+0.00 | srch=0.21 | wall=1.29
R10[T3][SITE      ]: L=+1.00 R=+1.00 | carry=0 | base=0.20 ba=+0.99 | site=1 sd=0.32 sa=+0.16 | phero=0 pd=0.00 pa=+0.00 | srch=0.08 | wall=2.69
R11[T3][EXPLORE   ]: L=+0.33 R=+0.97 | carry=0 | base=0.35 ba=+0.17 | site=0 sd=0.00 sa=+0.00 | phero=0 pd=0.00 pa=+0.00 | srch=1.00 | wall=1.80
R12[T3][RTB       ]: L=+1.00 R=+1.00 | carry=1 | base=0.11 ba=-0.00 | site=0 sd=0.00 sa=+0.00 | phero=0 pd=0.00 pa=+0.00 | srch=0.00 | wall=2.98
R13[T4][PHERO     ]: L=+1.00 R=+0.96 | carry=0 | base=0.54 ba=-0.15 | site=0 sd=0.00 sa=+0.00 | phero=1 pd=0.15 pa=-0.65 | srch=1.00 | wall=0.87
R14[T4][RTB       ]: L=+1.00 R=+1.00 | carry=1 | base=0.32 ba=-0.00 | site=0 sd=0.00 sa=+0.00 | phero=0 pd=0.00 pa=+0.00 | srch=0.00 | wall=1.98
R15[T4][RTB       ]: L=+1.00 R=+1.00 | carry=1 | base=0.20 ba=-0.00 | site=0 sd=0.00 sa=+0.00 | phero=0 pd=0.00 pa=+0.00 | srch=0.00 | wall=2.51
R16[T4][EXPLORE   ]: L=+1.00 R=-0.21 | carry=0 | base=0.67 ba=+0.60 | site=0 sd=0.00 sa=+0.00 | phero=0 pd=0.00 pa=+0.00 | srch=1.00 | wall=0.44

[DEPOSIT] Robot 12 deposited! Total: 140
  [PHERO] Laid at (-1.64, -0.65) density=2 prob=0.42 total_entries=25
  [TARGET] Robot 12 → SITE (-1.64,-0.65)
[DEPOSIT] Robot 3 deposited! Total: 141
  [PHERO] Laid at (0.08, 1.94) density=9 prob=1.00 total_entries=26
  [TARGET] Robot 3 → SITE (0.08,1.94)
[DEPOSIT] Robot 15 deposited! Total: 142
  [PHERO] Laid at (-2.58, 0.55) density=7 prob=0.99 total_entries=27
  [TARGET] Robot 15 → SITE (-2.58,0.55)
[PICKUP] Robot 1 picked up tag (density=8) | Total: 145
[PICKUP] Robot 5 picked up tag (density=9) | Total: 146
[DEPOSIT] Robot 14 deposited! Total: 143
  [PHERO] Laid at (-0.77, -2.67) density=10 prob=1.00 total_entries=25
  [TARGET] Robot 14 → SITE (-0.77,-2.67)

======================================================================
Step 17500 (9.3 min) | Pickups: 146 | Deposits: 143 | Rate: 15.32 tags/min | phero_entries=25 phero_max=0.789
======================================================================
R1[T1][RTB       ]: L=+1.00 R=+1.00 | carry=1 | base=0.29 ba=+0.00 | site=0 sd=0.00 sa=+0.00 | phero=0 pd=0.00 pa=+0.00 | srch=0.00 | wall=2.06
R2[T1][EXPLORE   ]: L=+1.00 R=+1.00 | carry=0 | base=0.41 ba=-0.31 | site=0 sd=0.00 sa=+0.00 | phero=0 pd=0.00 pa=+0.00 | srch=0.68 | wall=1.86
R3[T1][SITE      ]: L=+0.59 R=+0.59 | carry=0 | base=0.15 ba=-0.95 | site=1 sd=0.25 sa=-0.02 | phero=0 pd=0.00 pa=+0.00 | srch=0.08 | wall=2.77
R4[T1][RTB       ]: L=+1.00 R=+1.00 | carry=1 | base=0.21 ba=+0.00 | site=0 sd=0.00 sa=+0.00 | phero=0 pd=0.00 pa=+0.00 | srch=0.00 | wall=2.45
R5[T2][RTB       ]: L=+1.00 R=+1.00 | carry=1 | base=0.42 ba=+0.00 | site=0 sd=0.00 sa=+0.00 | phero=0 pd=0.00 pa=+0.00 | srch=0.00 | wall=1.56
R6[T2][SITE      ]: L=+0.90 R=+1.00 | carry=0 | base=0.39 ba=+0.75 | site=1 sd=0.05 sa=+0.14 | phero=0 pd=0.00 pa=+0.00 | srch=0.15 | wall=1.61
R7[T2][EXPLORE   ]: L=+1.00 R=+1.00 | carry=0 | base=0.60 ba=+0.36 | site=0 sd=0.00 sa=+0.00 | phero=0 pd=0.00 pa=+0.00 | srch=0.72 | wall=0.95
R8[T2][SITE      ]: L=+0.93 R=+0.86 | carry=0 | base=0.38 ba=-0.84 | site=1 sd=0.02 sa=-0.05 | phero=0 pd=0.00 pa=+0.00 | srch=0.14 | wall=1.64
R9[T3][EXPLORE   ]: L=+1.00 R=+1.00 | carry=0 | base=0.82 ba=+0.39 | site=0 sd=0.00 sa=+0.00 | phero=0 pd=0.00 pa=+0.00 | srch=0.34 | wall=0.60
R10[T3][SITE      ]: L=+0.82 R=+1.00 | carry=0 | base=0.54 ba=+0.55 | site=1 sd=0.05 sa=+0.31 | phero=0 pd=0.00 pa=+0.00 | srch=0.20 | wall=1.01
R11[T3][EXPLORE   ]: L=+1.00 R=+1.00 | carry=0 | base=0.54 ba=-0.81 | site=0 sd=0.00 sa=+0.00 | phero=0 pd=0.00 pa=+0.00 | srch=1.00 | wall=0.98
R12[T3][SITE      ]: L=+0.70 R=+0.70 | carry=0 | base=0.23 ba=+0.96 | site=1 sd=0.13 sa=+0.07 | phero=0 pd=0.00 pa=+0.00 | srch=0.11 | wall=2.40
R13[T4][PHERO     ]: L=+1.00 R=+1.00 | carry=0 | base=0.27 ba=+0.50 | site=0 sd=0.00 sa=+0.00 | phero=1 pd=0.31 pa=-0.69 | srch=1.00 | wall=2.54
R14[T4][SITE      ]: L=+0.99 R=+1.00 | carry=0 | base=0.08 ba=-0.94 | site=1 sd=0.49 sa=+0.20 | phero=0 pd=0.00 pa=+0.00 | srch=0.04 | wall=3.20
R15[T4][SITE      ]: L=+1.00 R=+1.00 | carry=0 | base=0.20 ba=+1.00 | site=1 sd=0.34 sa=+0.11 | phero=0 pd=0.00 pa=+0.00 | srch=0.08 | wall=2.61
R16[T4][EXPLORE   ]: L=+1.00 R=-0.14 | carry=0 | base=0.65 ba=+0.31 | site=0 sd=0.00 sa=+0.00 | phero=0 pd=0.00 pa=+0.00 | srch=1.00 | wall=0.47

[PICKUP] Robot 10 picked up tag (density=5) | Total: 147
[PICKUP] Robot 11 picked up tag (density=8) | Total: 148
[PICKUP] Robot 8 picked up tag (density=7) | Total: 149
[GIVE-UP] R2 giving up after 2819 steps
[PICKUP] Robot 6 picked up tag (density=6) | Total: 150
[DEPOSIT] Robot 4 deposited! Total: 144
  [PHERO] Laid at (-2.62, 0.57) density=6 prob=0.97 total_entries=26
  [TARGET] Robot 4 → SITE (-2.62,0.57)
[PICKUP] Robot 12 picked up tag (density=1) | Total: 151
[DEPOSIT] Robot 1 deposited! Total: 145
  [PHERO] Laid at (0.32, 2.31) density=8 prob=1.00 total_entries=27
  [TARGET] Robot 1 → SITE (0.32,2.31)
[PICKUP] Robot 15 picked up tag (density=4) | Total: 152
[DEPOSIT] Robot 5 deposited! Total: 146
  [PHERO] Laid at (-1.08, -2.58) density=9 prob=1.00 total_entries=26
  [TARGET] Robot 5 → SITE (-1.08,-2.58)
[PICKUP] Robot 3 picked up tag (density=5) | Total: 153

======================================================================
Step 18000 (9.6 min) | Pickups: 153 | Deposits: 146 | Rate: 15.21 tags/min | phero_entries=26 phero_max=0.962
======================================================================
R1[T1][SITE      ]: L=+1.00 R=+1.00 | carry=0 | base=0.11 ba=+0.96 | site=1 sd=0.38 sa=-0.21 | phero=0 pd=0.00 pa=+0.00 | srch=0.05 | wall=2.99
R2[T1][GIVE_UP   ]: L=+1.00 R=+1.00 | carry=0 | base=0.07 ba=-0.00 | site=0 sd=0.00 sa=+0.00 | phero=0 pd=0.00 pa=+0.00 | srch=0.81 | wall=3.24
R3[T1][RTB       ]: L=+0.00 R=+1.00 | carry=1 | base=0.40 ba=+0.92 | site=0 sd=0.00 sa=+0.00 | phero=0 pd=0.00 pa=+0.00 | srch=0.00 | wall=1.51
R4[T1][SITE      ]: L=+1.00 R=+1.00 | carry=0 | base=0.18 ba=-0.99 | site=1 sd=0.37 sa=-0.12 | phero=0 pd=0.00 pa=+0.00 | srch=0.07 | wall=2.59
R5[T2][BASE_ESC  ]: L=+1.00 R=+0.00 | carry=0 | base=0.05 ba=+0.26 | site=1 sd=0.52 sa=-0.76 | phero=0 pd=0.00 pa=+0.00 | srch=0.01 | wall=3.29
R6[T2][RTB       ]: L=+1.00 R=+1.00 | carry=1 | base=0.18 ba=+0.00 | site=0 sd=0.00 sa=+0.00 | phero=0 pd=0.00 pa=+0.00 | srch=0.00 | wall=2.60
R7[T2][EXPLORE   ]: L=+0.00 R=+1.00 | carry=0 | base=0.57 ba=-0.75 | site=0 sd=0.00 sa=+0.00 | phero=0 pd=0.00 pa=+0.00 | srch=0.84 | wall=1.22
R8[T2][RTB       ]: L=+1.00 R=+1.00 | carry=1 | base=0.14 ba=+0.00 | site=0 sd=0.00 sa=+0.00 | phero=0 pd=0.00 pa=+0.00 | srch=0.00 | wall=2.80
R9[T3][EXPLORE   ]: L=+1.00 R=+1.00 | carry=0 | base=0.60 ba=+0.25 | site=0 sd=0.00 sa=+0.00 | phero=0 pd=0.00 pa=+0.00 | srch=0.46 | wall=0.78
R10[T3][RTB       ]: L=+1.00 R=+1.00 | carry=1 | base=0.20 ba=+0.00 | site=0 sd=0.00 sa=+0.00 | phero=0 pd=0.00 pa=+0.00 | srch=0.00 | wall=2.55
R11[T3][RTB       ]: L=+1.00 R=+1.00 | carry=1 | base=0.25 ba=-0.00 | site=0 sd=0.00 sa=+0.00 | phero=0 pd=0.00 pa=+0.00 | srch=0.00 | wall=2.37
R12[T3][RTB       ]: L=+1.00 R=+1.00 | carry=1 | base=0.22 ba=+0.00 | site=0 sd=0.00 sa=+0.00 | phero=0 pd=0.00 pa=+0.00 | srch=0.00 | wall=2.52
R13[T4][PHERO     ]: L=+1.00 R=+0.90 | carry=0 | base=0.53 ba=-0.82 | site=0 sd=0.00 sa=+0.00 | phero=1 pd=0.51 pa=-0.46 | srch=1.00 | wall=0.88
R14[T4][SITE      ]: L=+1.00 R=+1.00 | carry=0 | base=0.46 ba=+0.88 | site=1 sd=0.24 sa=+0.32 | phero=0 pd=0.00 pa=+0.00 | srch=0.16 | wall=1.78
R15[T4][RTB       ]: L=+0.00 R=+1.00 | carry=1 | base=0.54 ba=+0.56 | site=0 sd=0.00 sa=+0.00 | phero=0 pd=0.00 pa=+0.00 | srch=0.00 | wall=0.86
R16[T4][EXPLORE   ]: L=+1.00 R=+0.50 | carry=0 | base=0.64 ba=-0.33 | site=0 sd=0.00 sa=+0.00 | phero=0 pd=0.00 pa=+0.00 | srch=1.00 | wall=0.51

[EMPTY_RTN] R2 → phero(-2.62,0.57)
[PICKUP] Robot 9 picked up tag (density=3) | Total: 154
[DEPOSIT] Robot 8 deposited! Total: 147
  [PHERO] Laid at (0.15, 2.01) density=7 prob=0.99 total_entries=27
  [TARGET] Robot 8 → SITE (0.15,2.01)
[PICKUP] Robot 7 picked up tag (density=15) | Total: 155
[DEPOSIT] Robot 6 deposited! Total: 148
  [TARGET] Robot 6 → SITE (0.16,2.07)
[DEPOSIT] Robot 10 deposited! Total: 149
  [PHERO] Laid at (-2.51, 0.84) density=5 prob=0.92 total_entries=28
  [TARGET] Robot 10 → SITE (-2.51,0.84)
[DEPOSIT] Robot 11 deposited! Total: 150
  [PHERO] Laid at (-0.95, -2.57) density=8 prob=1.00 total_entries=29
  [TARGET] Robot 11 → SITE (-0.95,-2.57)
[GIVE-UP] R16 giving up after 6969 steps
[DEPOSIT] Robot 12 deposited! Total: 151
  [TARGET] Robot 12 → PHERO (-2.62,0.57)
[PICKUP] Robot 1 picked up tag (density=4) | Total: 156

======================================================================
Step 18500 (9.9 min) | Pickups: 156 | Deposits: 151 | Rate: 15.30 tags/min | phero_entries=25 phero_max=0.676
======================================================================
R1[T1][RTB       ]: L=+1.00 R=+0.00 | carry=1 | base=0.43 ba=-0.69 | site=0 sd=0.00 sa=+0.00 | phero=0 pd=0.00 pa=+0.00 | srch=0.00 | wall=1.38
R2[T1][PHERO     ]: L=+1.00 R=+1.00 | carry=0 | base=0.20 ba=-0.88 | site=0 sd=0.00 sa=+0.00 | phero=1 pd=0.36 pa=-0.03 | srch=0.12 | wall=2.52
R3[T1][RTB       ]: L=+1.00 R=+1.00 | carry=1 | base=0.13 ba=+0.00 | site=0 sd=0.00 sa=+0.00 | phero=0 pd=0.00 pa=+0.00 | srch=0.00 | wall=2.86
R4[T1][EXPLORE   ]: L=+1.00 R=+1.00 | carry=0 | base=0.54 ba=+0.92 | site=0 sd=0.00 sa=+0.00 | phero=0 pd=0.00 pa=+0.00 | srch=0.20 | wall=0.92
R5[T2][SITE      ]: L=+0.83 R=+0.84 | carry=0 | base=0.33 ba=-0.87 | site=1 sd=0.25 sa=+0.00 | phero=0 pd=0.00 pa=+0.00 | srch=0.13 | wall=1.93
R6[T2][SITE      ]: L=+0.97 R=+1.00 | carry=0 | base=0.20 ba=+0.99 | site=1 sd=0.22 sa=+0.12 | phero=0 pd=0.00 pa=+0.00 | srch=0.08 | wall=2.53
R7[T2][RTB       ]: L=+1.00 R=+1.00 | carry=1 | base=0.38 ba=+0.00 | site=0 sd=0.00 sa=+0.00 | phero=0 pd=0.00 pa=+0.00 | srch=0.00 | wall=2.10
R8[T2][SITE      ]: L=+1.00 R=+0.97 | carry=0 | base=0.25 ba=-0.94 | site=1 sd=0.17 sa=-0.09 | phero=0 pd=0.00 pa=+0.00 | srch=0.10 | wall=2.29
R9[T3][RTB       ]: L=+1.00 R=+1.00 | carry=1 | base=0.25 ba=+0.00 | site=0 sd=0.00 sa=+0.00 | phero=0 pd=0.00 pa=+0.00 | srch=0.00 | wall=2.33
R10[T3][SITE      ]: L=+0.58 R=+0.57 | carry=0 | base=0.15 ba=-0.95 | site=1 sd=0.39 sa=-0.08 | phero=0 pd=0.00 pa=+0.00 | srch=0.08 | wall=2.74
R11[T3][SITE      ]: L=+0.98 R=+1.00 | carry=0 | base=0.14 ba=+0.98 | site=1 sd=0.41 sa=+0.09 | phero=0 pd=0.00 pa=+0.00 | srch=0.06 | wall=2.91
R12[T3][PHERO     ]: L=+0.76 R=+0.75 | carry=0 | base=0.11 ba=-0.97 | site=0 sd=0.00 sa=+0.00 | phero=1 pd=0.43 pa=-0.01 | srch=0.05 | wall=2.94
R13[T4][PHERO     ]: L=+1.00 R=+1.00 | carry=0 | base=0.58 ba=-0.37 | site=0 sd=0.00 sa=+0.00 | phero=1 pd=0.32 pa=+0.02 | srch=1.00 | wall=1.05
R14[T4][SITE      ]: L=+1.00 R=+1.00 | carry=0 | base=0.67 ba=+0.24 | site=1 sd=0.12 sa=+0.14 | phero=0 pd=0.00 pa=+0.00 | srch=0.29 | wall=0.38
R15[T4][RTB       ]: L=+1.00 R=+1.00 | carry=1 | base=0.20 ba=+0.00 | site=0 sd=0.00 sa=+0.00 | phero=0 pd=0.00 pa=+0.00 | srch=0.00 | wall=2.51
R16[T4][GIVE_UP   ]: L=+1.00 R=+1.00 | carry=0 | base=0.52 ba=-0.00 | site=0 sd=0.00 sa=+0.00 | phero=0 pd=0.00 pa=+0.00 | srch=1.00 | wall=1.02

[PICKUP] Robot 4 picked up tag (density=2) | Total: 157
[PICKUP] Robot 14 picked up tag (density=7) | Total: 158
[DEPOSIT] Robot 3 deposited! Total: 152
  [PHERO] Laid at (0.08, 1.99) density=5 prob=0.92 total_entries=26
  [TARGET] Robot 3 → SITE (0.08,1.99)
[DEPOSIT] Robot 15 deposited! Total: 153
  [PHERO] Laid at (-2.62, 0.54) density=4 prob=0.82 total_entries=27
  [TARGET] Robot 15 → SITE (-2.62,0.54)
[DEPOSIT] Robot 9 deposited! Total: 154
  [TARGET] Robot 9 → SITE (-2.59,0.84)
[PICKUP] Robot 6 picked up tag (density=3) | Total: 159
[PICKUP] Robot 5 picked up tag (density=6) | Total: 160
[DEPOSIT] Robot 7 deposited! Total: 155
  [PHERO] Laid at (-2.23, -1.83) density=15 prob=1.00 total_entries=27
  [TARGET] Robot 7 → SITE (-2.23,-1.83)
[GIVE-UP] R8 giving up after 833 steps

======================================================================
Step 19000 (10.1 min) | Pickups: 160 | Deposits: 155 | Rate: 15.30 tags/min | phero_entries=27 phero_max=0.881
======================================================================
R1[T1][RTB       ]: L=+1.00 R=+1.00 | carry=1 | base=0.10 ba=-0.00 | site=0 sd=0.00 sa=+0.00 | phero=0 pd=0.00 pa=+0.00 | srch=0.00 | wall=2.99
R2[T1][EXPLORE   ]: L=+1.00 R=+1.00 | carry=0 | base=0.55 ba=-0.71 | site=0 sd=0.00 sa=+0.00 | phero=0 pd=0.00 pa=+0.00 | srch=0.24 | wall=0.84
R3[T1][SITE      ]: L=+0.13 R=+0.13 | carry=0 | base=0.21 ba=-0.96 | site=1 sd=0.20 sa=-0.05 | phero=0 pd=0.00 pa=+0.00 | srch=0.10 | wall=2.49
R4[T1][RTB       ]: L=+1.00 R=+1.00 | carry=1 | base=0.25 ba=+0.00 | site=0 sd=0.00 sa=+0.00 | phero=0 pd=0.00 pa=+0.00 | srch=0.00 | wall=2.28
R5[T2][RTB       ]: L=+1.00 R=+0.36 | carry=1 | base=0.58 ba=-0.26 | site=0 sd=0.00 sa=+0.00 | phero=0 pd=0.00 pa=+0.00 | srch=0.00 | wall=0.87
R6[T2][RTB       ]: L=+1.00 R=+1.00 | carry=1 | base=0.35 ba=+0.00 | site=0 sd=0.00 sa=+0.00 | phero=0 pd=0.00 pa=+0.00 | srch=0.00 | wall=1.74
R7[T2][BASE_ESC  ]: L=+1.00 R=+0.00 | carry=0 | base=0.04 ba=+0.67 | site=1 sd=0.54 sa=-0.40 | phero=0 pd=0.00 pa=+0.00 | srch=0.02 | wall=3.33
R8[T2][GIVE_UP   ]: L=+1.00 R=+0.00 | carry=0 | base=0.56 ba=-0.44 | site=0 sd=0.00 sa=+0.00 | phero=0 pd=0.00 pa=+0.00 | srch=0.22 | wall=0.79
R9[T3][SITE      ]: L=+0.98 R=+1.00 | carry=0 | base=0.15 ba=-0.96 | site=1 sd=0.44 sa=+0.31 | phero=0 pd=0.00 pa=+0.00 | srch=0.06 | wall=2.91
R10[T3][SITE      ]: L=+1.00 R=+0.94 | carry=0 | base=0.46 ba=-0.91 | site=1 sd=0.11 sa=-0.21 | phero=0 pd=0.00 pa=+0.00 | srch=0.20 | wall=1.24
R11[T3][SITE      ]: L=+1.00 R=+0.89 | carry=0 | base=0.50 ba=+0.97 | site=1 sd=0.06 sa=-0.23 | phero=0 pd=0.00 pa=+0.00 | srch=0.19 | wall=1.11
R12[T3][PHERO     ]: L=+1.00 R=+1.00 | carry=0 | base=0.37 ba=+1.00 | site=0 sd=0.00 sa=+0.00 | phero=1 pd=0.17 pa=+0.03 | srch=0.18 | wall=1.73
R13[T4][PHERO     ]: L=+1.00 R=+1.00 | carry=0 | base=0.58 ba=+0.99 | site=0 sd=0.00 sa=+0.00 | phero=1 pd=0.04 pa=+0.64 | srch=1.00 | wall=0.88
R14[T4][RTB       ]: L=+1.00 R=+1.00 | carry=1 | base=0.31 ba=+0.00 | site=0 sd=0.00 sa=+0.00 | phero=0 pd=0.00 pa=+0.00 | srch=0.00 | wall=2.03
R15[T4][SITE      ]: L=+0.88 R=+0.87 | carry=0 | base=0.15 ba=-0.98 | site=1 sd=0.40 sa=+0.13 | phero=0 pd=0.00 pa=+0.00 | srch=0.06 | wall=2.85
R16[T4][GIVE_UP   ]: L=+1.00 R=+1.00 | carry=0 | base=0.13 ba=-0.00 | site=0 sd=0.00 sa=+0.00 | phero=0 pd=0.00 pa=+0.00 | srch=1.00 | wall=2.86

[PICKUP] Robot 2 picked up tag (density=1) | Total: 161
[DEPOSIT] Robot 1 deposited! Total: 156
  [PHERO] Laid at (0.19, 2.11) density=4 prob=0.82 total_entries=28
  [TARGET] Robot 1 → SITE (0.19,2.11)
[EMPTY_RTN] R16 → phero(0.19,2.11)
[DEPOSIT] Robot 4 deposited! Total: 157
  [TARGET] Robot 4 → SITE (-2.63,0.59)
[DEPOSIT] Robot 14 deposited! Total: 158
  [PHERO] Laid at (-0.91, -3.02) density=7 prob=0.99 total_entries=28
  [TARGET] Robot 14 → SITE (-0.91,-3.02)
[GIVE-UP] R11 giving up after 1083 steps
[PICKUP] Robot 9 picked up tag (density=12) | Total: 162
[DEPOSIT] Robot 6 deposited! Total: 159
  [PHERO] Laid at (0.14, 2.12) density=3 prob=0.65 total_entries=28
  [TARGET] Robot 6 → SITE (0.14,2.12)

======================================================================
Step 19500 (10.4 min) | Pickups: 162 | Deposits: 159 | Rate: 15.29 tags/min | phero_entries=27 phero_max=0.843
======================================================================
R1[T1][SITE      ]: L=+0.98 R=+1.00 | carry=0 | base=0.29 ba=+0.99 | site=1 sd=0.21 sa=+0.35 | phero=0 pd=0.00 pa=+0.00 | srch=0.11 | wall=2.27
R2[T1][RTB       ]: L=+1.00 R=+1.00 | carry=1 | base=0.28 ba=-0.00 | site=0 sd=0.00 sa=+0.00 | phero=0 pd=0.00 pa=+0.00 | srch=0.00 | wall=2.16
R3[T1][SITE      ]: L=+0.03 R=+0.02 | carry=0 | base=0.26 ba=-0.90 | site=1 sd=0.14 sa=+0.02 | phero=0 pd=0.00 pa=+0.00 | srch=0.22 | wall=2.19
R4[T1][SITE      ]: L=+1.00 R=+1.00 | carry=0 | base=0.13 ba=-0.91 | site=1 sd=0.42 sa=+0.09 | phero=0 pd=0.00 pa=+0.00 | srch=0.06 | wall=2.88
R5[T2][RTB       ]: L=+1.00 R=+1.00 | carry=1 | base=0.20 ba=-0.00 | site=0 sd=0.00 sa=+0.00 | phero=0 pd=0.00 pa=+0.00 | srch=0.00 | wall=2.59
R6[T2][BASE_ESC  ]: L=+1.00 R=+0.50 | carry=0 | base=0.05 ba=+0.88 | site=1 sd=0.38 sa=-0.22 | phero=0 pd=0.00 pa=+0.00 | srch=0.03 | wall=3.27
R7[T2][SITE      ]: L=+1.00 R=+1.00 | carry=0 | base=0.39 ba=-0.88 | site=1 sd=0.22 sa=-0.04 | phero=0 pd=0.00 pa=+0.00 | srch=0.14 | wall=2.03
R8[T2][GIVE_UP   ]: L=+1.00 R=+1.00 | carry=0 | base=0.21 ba=-0.00 | site=0 sd=0.00 sa=+0.00 | phero=0 pd=0.00 pa=+0.00 | srch=0.35 | wall=2.50
R9[T3][RTB       ]: L=+0.92 R=+1.00 | carry=1 | base=0.37 ba=+0.03 | site=0 sd=0.00 sa=+0.00 | phero=0 pd=0.00 pa=+0.00 | srch=0.00 | wall=1.97
R10[T3][EXPLORE   ]: L=+1.00 R=+1.00 | carry=0 | base=0.55 ba=-0.83 | site=0 sd=0.00 sa=+0.00 | phero=0 pd=0.00 pa=+0.00 | srch=0.33 | wall=0.93
R11[T3][GIVE_UP   ]: L=+1.00 R=+0.99 | carry=0 | base=0.61 ba=-0.00 | site=0 sd=0.00 sa=+0.00 | phero=0 pd=0.00 pa=+0.00 | srch=0.31 | wall=0.98
R12[T3][PHERO     ]: L=+0.79 R=+0.81 | carry=0 | base=0.50 ba=+0.93 | site=0 sd=0.00 sa=+0.00 | phero=1 pd=0.05 pa=+0.03 | srch=0.30 | wall=1.12
R13[T4][PHERO     ]: L=+0.65 R=+1.00 | carry=0 | base=0.46 ba=-0.32 | site=0 sd=0.00 sa=+0.00 | phero=1 pd=0.10 pa=+0.70 | srch=1.00 | wall=1.45
R14[T4][SITE      ]: L=+0.68 R=+0.63 | carry=0 | base=0.06 ba=-0.81 | site=1 sd=0.58 sa=+0.12 | phero=0 pd=0.00 pa=+0.00 | srch=0.04 | wall=3.20
R15[T4][SITE      ]: L=+1.00 R=+0.91 | carry=0 | base=0.43 ba=+0.85 | site=1 sd=0.14 sa=+0.07 | phero=0 pd=0.00 pa=+0.00 | srch=0.19 | wall=1.53
R16[T4][PHERO     ]: L=-0.24 R=+1.00 | carry=0 | base=0.05 ba=+0.27 | site=0 sd=0.00 sa=+0.00 | phero=1 pd=0.48 pa=+0.16 | srch=0.10 | wall=3.25

[EMPTY_RTN] R8 → phero(-0.91,-3.02)
[DEPOSIT] Robot 5 deposited! Total: 160
  [PHERO] Laid at (-1.11, -2.64) density=6 prob=0.97 total_entries=27
  [TARGET] Robot 5 → SITE (-1.11,-2.64)
[DEPOSIT] Robot 2 deposited! Total: 161
  [TARGET] Robot 2 → PHERO (-2.58,0.55)
[DEPOSIT] Robot 9 deposited! Total: 162
  [PHERO] Laid at (-1.57, 1.22) density=12 prob=1.00 total_entries=27
  [TARGET] Robot 9 → SITE (-1.57,1.22)

======================================================================
Step 20000 (10.7 min) | Pickups: 162 | Deposits: 162 | Rate: 15.19 tags/min | phero_entries=27 phero_max=0.901
======================================================================
R1[T1][SITE      ]: L=+0.83 R=+1.00 | carry=0 | base=0.49 ba=+0.35 | site=1 sd=0.07 sa=+0.43 | phero=0 pd=0.00 pa=+0.00 | srch=0.23 | wall=1.06
R2[T1][PHERO     ]: L=+1.00 R=+1.00 | carry=0 | base=0.09 ba=+1.00 | site=0 sd=0.00 sa=+0.00 | phero=1 pd=0.44 pa=+0.10 | srch=0.05 | wall=3.08
R3[T1][SITE      ]: L=+0.06 R=+0.07 | carry=0 | base=0.24 ba=-0.86 | site=1 sd=0.16 sa=+0.06 | phero=0 pd=0.00 pa=+0.00 | srch=0.35 | wall=2.30
R4[T1][SITE      ]: L=+0.76 R=+0.78 | carry=0 | base=0.48 ba=+0.83 | site=1 sd=0.09 sa=+0.06 | phero=0 pd=0.00 pa=+0.00 | srch=0.19 | wall=1.28
R5[T2][SITE      ]: L=+1.00 R=+0.93 | carry=0 | base=0.16 ba=+0.98 | site=1 sd=0.42 sa=-0.15 | phero=0 pd=0.00 pa=+0.00 | srch=0.07 | wall=2.70
R6[T2][SITE      ]: L=+1.00 R=+1.00 | carry=0 | base=0.38 ba=-0.78 | site=1 sd=0.07 sa=-0.03 | phero=0 pd=0.00 pa=+0.00 | srch=0.15 | wall=1.63
R7[T2][EXPLORE   ]: L=+1.00 R=+0.96 | carry=0 | base=0.62 ba=-0.34 | site=0 sd=0.00 sa=+0.00 | phero=0 pd=0.00 pa=+0.00 | srch=0.27 | wall=0.75
R8[T2][PHERO     ]: L=+1.00 R=-1.00 | carry=0 | base=0.05 ba=-0.57 | site=0 sd=0.00 sa=+0.00 | phero=1 pd=0.68 pa=-0.44 | srch=0.07 | wall=3.31
R9[T3][BASE_ESC  ]: L=+0.00 R=+1.00 | carry=0 | base=0.04 ba=-0.55 | site=1 sd=0.36 sa=+0.52 | phero=0 pd=0.00 pa=+0.00 | srch=0.02 | wall=3.33
R10[T3][EXPLORE   ]: L=+1.00 R=+1.00 | carry=0 | base=0.65 ba=-0.41 | site=0 sd=0.00 sa=+0.00 | phero=0 pd=0.00 pa=+0.00 | srch=0.45 | wall=0.97
R11[T3][GIVE_UP   ]: L=+1.00 R=+1.00 | carry=0 | base=0.22 ba=-0.00 | site=0 sd=0.00 sa=+0.00 | phero=0 pd=0.00 pa=+0.00 | srch=0.44 | wall=2.58
R12[T3][EXPLORE   ]: L=+1.00 R=+1.00 | carry=0 | base=0.53 ba=+0.19 | site=0 sd=0.00 sa=+0.00 | phero=0 pd=0.00 pa=+0.00 | srch=0.43 | wall=0.85
R13[T4][PHERO     ]: L=+0.75 R=+1.00 | carry=0 | base=0.65 ba=+0.42 | site=0 sd=0.00 sa=+0.00 | phero=1 pd=0.11 pa=+0.28 | srch=1.00 | wall=0.51
R14[T4][SITE      ]: L=+1.00 R=+1.00 | carry=0 | base=0.37 ba=+1.00 | site=1 sd=0.27 sa=+0.09 | phero=0 pd=0.00 pa=+0.00 | srch=0.17 | wall=1.82
R15[T4][EXPLORE   ]: L=+1.00 R=+0.80 | carry=0 | base=0.63 ba=+0.17 | site=0 sd=0.00 sa=+0.00 | phero=0 pd=0.00 pa=+0.00 | srch=0.31 | wall=0.40
R16[T4][BASE_ESC  ]: L=+1.00 R=+0.00 | carry=0 | base=0.05 ba=+0.41 | site=0 sd=0.00 sa=+0.00 | phero=1 pd=0.45 pa=+0.10 | srch=0.22 | wall=3.29

[PICKUP] Robot 1 picked up tag (density=2) | Total: 163
[PICKUP] Robot 6 picked up tag (density=1) | Total: 164
[GIVE-UP] R7 giving up after 1167 steps
[EMPTY_RTN] R11 → phero(-1.57,1.22)
[PICKUP] Robot 14 picked up tag (density=5) | Total: 165

======================================================================
Step 20500 (10.9 min) | Pickups: 165 | Deposits: 162 | Rate: 14.82 tags/min | phero_entries=23 phero_max=0.405
======================================================================
R1[T1][RTB       ]: L=+0.97 R=+1.00 | carry=1 | base=0.34 ba=+0.01 | site=0 sd=0.00 sa=+0.00 | phero=0 pd=0.00 pa=+0.00 | srch=0.00 | wall=1.82
R2[T1][PHERO     ]: L=+1.00 R=+1.00 | carry=0 | base=0.47 ba=+0.88 | site=0 sd=0.00 sa=+0.00 | phero=1 pd=0.10 pa=+0.18 | srch=0.18 | wall=1.31
R3[T1][SITE      ]: L=+0.75 R=+1.00 | carry=0 | base=0.33 ba=-1.00 | site=1 sd=0.07 sa=-0.04 | phero=0 pd=0.00 pa=+0.00 | srch=0.47 | wall=1.87
R4[T1][EXPLORE   ]: L=+1.00 R=+0.98 | carry=0 | base=0.56 ba=+0.21 | site=0 sd=0.00 sa=+0.00 | phero=0 pd=0.00 pa=+0.00 | srch=0.31 | wall=0.71
R5[T2][SITE      ]: L=+1.00 R=+0.87 | carry=0 | base=0.50 ba=-0.79 | site=1 sd=0.10 sa=-0.02 | phero=0 pd=0.00 pa=+0.00 | srch=0.20 | wall=1.11
R6[T2][RTB       ]: L=+1.00 R=+1.00 | carry=1 | base=0.14 ba=-0.00 | site=0 sd=0.00 sa=+0.00 | phero=0 pd=0.00 pa=+0.00 | srch=0.00 | wall=2.80
R7[T2][GIVE_UP   ]: L=+1.00 R=+1.00 | carry=0 | base=0.29 ba=-0.00 | site=0 sd=0.00 sa=+0.00 | phero=0 pd=0.00 pa=+0.00 | srch=0.39 | wall=2.16
R8[T2][PHERO     ]: L=+1.00 R=+0.39 | carry=0 | base=0.05 ba=-0.54 | site=0 sd=0.00 sa=+0.00 | phero=1 pd=0.65 pa=-0.12 | srch=0.20 | wall=3.25
R9[T3][SITE      ]: L=+0.93 R=+1.00 | carry=0 | base=0.37 ba=+0.76 | site=1 sd=0.07 sa=+0.14 | phero=0 pd=0.00 pa=+0.00 | srch=0.14 | wall=2.15
R10[T3][EXPLORE   ]: L=+1.00 R=+1.00 | carry=0 | base=0.66 ba=-0.60 | site=0 sd=0.00 sa=+0.00 | phero=0 pd=0.00 pa=+0.00 | srch=0.58 | wall=0.39
R11[T3][PHERO     ]: L=+1.00 R=+1.00 | carry=0 | base=0.11 ba=-0.81 | site=0 sd=0.00 sa=+0.00 | phero=1 pd=0.30 pa=+0.10 | srch=0.07 | wall=3.02
R12[T3][EXPLORE   ]: L=+1.00 R=+0.78 | carry=0 | base=0.49 ba=-0.59 | site=0 sd=0.00 sa=+0.00 | phero=0 pd=0.00 pa=+0.00 | srch=0.55 | wall=1.21
R13[T4][EXPLORE   ]: L=+1.00 R=+1.00 | carry=0 | base=0.51 ba=-0.48 | site=0 sd=0.00 sa=+0.00 | phero=0 pd=0.00 pa=+0.00 | srch=1.00 | wall=1.01
R14[T4][RTB       ]: L=+1.00 R=+1.00 | carry=1 | base=0.48 ba=+0.00 | site=0 sd=0.00 sa=+0.00 | phero=0 pd=0.00 pa=+0.00 | srch=0.00 | wall=1.26
R15[T4][EXPLORE   ]: L=+1.00 R=+1.00 | carry=0 | base=0.60 ba=+0.62 | site=0 sd=0.00 sa=+0.00 | phero=0 pd=0.00 pa=+0.00 | srch=0.44 | wall=0.94
R16[T4][PHERO     ]: L=+0.98 R=+1.00 | carry=0 | base=0.18 ba=+0.89 | site=0 sd=0.00 sa=+0.00 | phero=1 pd=0.28 pa=+0.15 | srch=0.35 | wall=2.74

[PICKUP] Robot 9 picked up tag (density=11) | Total: 166
[DEPOSIT] Robot 6 deposited! Total: 163
  [TARGET] Robot 6 → PHERO (-1.11,-2.64)
[PICKUP] Robot 10 picked up tag (density=16) | Total: 167
[EMPTY_RTN] R7 → phero(-1.11,-2.64)
[DEPOSIT] Robot 1 deposited! Total: 164
  [PHERO] Laid at (0.02, 2.37) density=2 prob=0.42 total_entries=22
  [TARGET] Robot 1 → PHERO (0.02,2.37)
[PICKUP] Robot 11 picked up tag (density=10) | Total: 168

======================================================================
Step 21000 (11.2 min) | Pickups: 168 | Deposits: 164 | Rate: 14.64 tags/min | phero_entries=22 phero_max=0.852
======================================================================
R1[T1][BASE_ESC  ]: L=+0.25 R=+1.00 | carry=0 | base=0.05 ba=-0.81 | site=0 sd=0.00 sa=+0.00 | phero=1 pd=0.43 pa=+0.25 | srch=0.03 | wall=3.27
R2[T1][EXPLORE   ]: L=+1.00 R=+1.00 | carry=0 | base=0.40 ba=+0.35 | site=0 sd=0.00 sa=+0.00 | phero=0 pd=0.00 pa=+0.00 | srch=0.30 | wall=1.57
R3[T1][EXPLORE   ]: L=+1.00 R=+0.54 | carry=0 | base=0.60 ba=-0.24 | site=0 sd=0.00 sa=+0.00 | phero=0 pd=0.00 pa=+0.00 | srch=0.60 | wall=0.55
R4[T1][EXPLORE   ]: L=+1.00 R=+1.00 | carry=0 | base=0.38 ba=+0.48 | site=0 sd=0.00 sa=+0.00 | phero=0 pd=0.00 pa=+0.00 | srch=0.44 | wall=2.13
R5[T2][EXPLORE   ]: L=+1.00 R=+1.00 | carry=0 | base=0.73 ba=-0.32 | site=0 sd=0.00 sa=+0.00 | phero=0 pd=0.00 pa=+0.00 | srch=0.32 | wall=0.47
R6[T2][PHERO     ]: L=+0.95 R=-1.00 | carry=0 | base=0.05 ba=-0.45 | site=0 sd=0.00 sa=+0.00 | phero=1 pd=0.63 pa=-0.40 | srch=0.10 | wall=3.29
R7[T2][PHERO     ]: L=+0.81 R=+1.00 | carry=0 | base=0.11 ba=+0.99 | site=0 sd=0.00 sa=+0.00 | phero=1 pd=0.54 pa=+0.41 | srch=0.05 | wall=2.95
R8[T2][PHERO     ]: L=+0.42 R=+0.40 | carry=0 | base=0.14 ba=-0.91 | site=0 sd=0.00 sa=+0.00 | phero=1 pd=0.51 pa=-0.07 | srch=0.32 | wall=2.80
R9[T3][RTB       ]: L=+1.00 R=+1.00 | carry=1 | base=0.09 ba=-0.00 | site=0 sd=0.00 sa=+0.00 | phero=0 pd=0.00 pa=+0.00 | srch=0.00 | wall=3.18
R10[T3][RTB       ]: L=+1.00 R=+1.00 | carry=1 | base=0.35 ba=-0.00 | site=0 sd=0.00 sa=+0.00 | phero=0 pd=0.00 pa=+0.00 | srch=0.00 | wall=1.79
R11[T3][RTB       ]: L=+0.42 R=+1.00 | carry=1 | base=0.41 ba=+0.23 | site=0 sd=0.00 sa=+0.00 | phero=0 pd=0.00 pa=+0.00 | srch=0.00 | wall=1.86
R12[T3][EXPLORE   ]: L=+1.00 R=+1.00 | carry=0 | base=0.18 ba=+0.19 | site=0 sd=0.00 sa=+0.00 | phero=0 pd=0.00 pa=+0.00 | srch=0.68 | wall=2.73
R13[T4][EXPLORE   ]: L=+1.00 R=+1.00 | carry=0 | base=0.62 ba=-0.70 | site=0 sd=0.00 sa=+0.00 | phero=0 pd=0.00 pa=+0.00 | srch=1.00 | wall=0.91
R14[T4][RTB       ]: L=+1.00 R=+1.00 | carry=1 | base=0.09 ba=+0.00 | site=0 sd=0.00 sa=+0.00 | phero=0 pd=0.00 pa=+0.00 | srch=0.00 | wall=3.07
R15[T4][WALL_ESC  ]: L=+0.00 R=+1.00 | carry=0 | base=0.79 ba=+0.28 | site=0 sd=0.00 sa=+0.00 | phero=0 pd=0.00 pa=+0.00 | srch=0.56 | wall=0.32
R16[T4][EXPLORE   ]: L=+1.00 R=+1.00 | carry=0 | base=0.43 ba=+0.51 | site=0 sd=0.00 sa=+0.00 | phero=0 pd=0.00 pa=+0.00 | srch=0.47 | wall=1.36

[DEPOSIT] Robot 9 deposited! Total: 165
  [PHERO] Laid at (-1.39, 1.34) density=11 prob=1.00 total_entries=22
  [TARGET] Robot 9 → SITE (-1.39,1.34)
[DEPOSIT] Robot 14 deposited! Total: 166
  [TARGET] Robot 14 → SITE (-1.05,-2.65)
[PICKUP] Robot 5 picked up tag (density=14) | Total: 169
[PICKUP] Robot 3 picked up tag (density=15) | Total: 170
[DEPOSIT] Robot 10 deposited! Total: 167
  [PHERO] Laid at (-0.60, 2.93) density=16 prob=1.00 total_entries=21
  [TARGET] Robot 10 → SITE (-0.60,2.93)
[DEPOSIT] Robot 11 deposited! Total: 168
  [PHERO] Laid at (-1.61, 1.24) density=10 prob=1.00 total_entries=21
  [TARGET] Robot 11 → SITE (-1.61,1.24)

======================================================================
Step 21500 (11.5 min) | Pickups: 170 | Deposits: 168 | Rate: 14.65 tags/min | phero_entries=21 phero_max=0.967
======================================================================
R1[T1][PHERO     ]: L=+1.00 R=+1.00 | carry=0 | base=0.43 ba=+1.00 | site=0 sd=0.00 sa=+0.00 | phero=1 pd=0.22 pa=+0.50 | srch=0.15 | wall=1.64
R2[T1][EXPLORE   ]: L=+1.00 R=+1.00 | carry=0 | base=0.41 ba=+0.67 | site=0 sd=0.00 sa=+0.00 | phero=0 pd=0.00 pa=+0.00 | srch=0.43 | wall=1.63
R3[T1][RTB       ]: L=+1.00 R=+1.00 | carry=1 | base=0.39 ba=+0.00 | site=0 sd=0.00 sa=+0.00 | phero=0 pd=0.00 pa=+0.00 | srch=0.00 | wall=1.62
R4[T1][EXPLORE   ]: L=+1.00 R=+1.00 | carry=0 | base=0.53 ba=+0.74 | site=0 sd=0.00 sa=+0.00 | phero=0 pd=0.00 pa=+0.00 | srch=0.56 | wall=0.89
R5[T2][RTB       ]: L=+1.00 R=+1.00 | carry=1 | base=0.44 ba=-0.00 | site=0 sd=0.00 sa=+0.00 | phero=0 pd=0.00 pa=+0.00 | srch=0.00 | wall=1.94
R6[T2][PHERO     ]: L=+0.19 R=+0.19 | carry=0 | base=0.06 ba=-0.27 | site=0 sd=0.00 sa=+0.00 | phero=1 pd=0.64 pa=-0.24 | srch=0.22 | wall=3.24
R7[T2][PHERO     ]: L=+0.97 R=+1.00 | carry=0 | base=0.46 ba=+0.84 | site=0 sd=0.00 sa=+0.00 | phero=1 pd=0.29 pa=+0.29 | srch=0.17 | wall=1.68
R8[T2][PHERO     ]: L=+0.71 R=+0.70 | carry=0 | base=0.36 ba=-0.93 | site=0 sd=0.00 sa=+0.00 | phero=1 pd=0.29 pa=-0.06 | srch=0.45 | wall=1.73
R9[T3][SITE      ]: L=+0.95 R=+1.00 | carry=0 | base=0.27 ba=+0.91 | site=1 sd=0.16 sa=+0.21 | phero=0 pd=0.00 pa=+0.00 | srch=0.11 | wall=2.30
R10[T3][BASE_ESC  ]: L=+0.48 R=+1.00 | carry=0 | base=0.05 ba=-0.88 | site=1 sd=0.56 sa=+0.21 | phero=0 pd=0.00 pa=+0.00 | srch=0.03 | wall=3.25
R11[T3][BASE_ESC  ]: L=+1.00 R=+0.00 | carry=0 | base=0.05 ba=+0.25 | site=1 sd=0.36 sa=-0.78 | phero=0 pd=0.00 pa=+0.00 | srch=0.01 | wall=3.31
R12[T3][EXPLORE   ]: L=+1.00 R=+1.00 | carry=0 | base=0.29 ba=+0.91 | site=0 sd=0.00 sa=+0.00 | phero=0 pd=0.00 pa=+0.00 | srch=0.80 | wall=2.43
R13[T4][WALL_ESC  ]: L=+1.00 R=+0.53 | carry=0 | base=0.81 ba=-0.11 | site=0 sd=0.00 sa=+0.00 | phero=0 pd=0.00 pa=+0.00 | srch=1.00 | wall=0.34
R14[T4][SITE      ]: L=+1.00 R=+1.00 | carry=0 | base=0.30 ba=-0.90 | site=1 sd=0.31 sa=-0.12 | phero=0 pd=0.00 pa=+0.00 | srch=0.11 | wall=2.03
R15[T4][EXPLORE   ]: L=+1.00 R=+1.00 | carry=0 | base=0.43 ba=+0.12 | site=0 sd=0.00 sa=+0.00 | phero=0 pd=0.00 pa=+0.00 | srch=0.69 | wall=1.57
R16[T4][EXPLORE   ]: L=+1.00 R=+0.97 | carry=0 | base=0.18 ba=+0.02 | site=0 sd=0.00 sa=+0.00 | phero=0 pd=0.00 pa=+0.00 | srch=0.60 | wall=2.67

[PICKUP] Robot 1 picked up tag (density=14) | Total: 171
[PICKUP] Robot 7 picked up tag (density=13) | Total: 172
[PICKUP] Robot 9 picked up tag (density=9) | Total: 173
[GIVE-UP] R16 giving up after 2742 steps
[PICKUP] Robot 8 picked up tag (density=4) | Total: 174
[DEPOSIT] Robot 3 deposited! Total: 169
  [PHERO] Laid at (-0.46, 2.55) density=15 prob=1.00 total_entries=19
  [TARGET] Robot 3 → SITE (-0.46,2.55)

======================================================================
Step 22000 (11.7 min) | Pickups: 174 | Deposits: 169 | Rate: 14.40 tags/min | phero_entries=19 phero_max=0.906
======================================================================
R1[T1][RTB       ]: L=+1.00 R=+1.00 | carry=1 | base=0.31 ba=+0.00 | site=0 sd=0.00 sa=+0.00 | phero=0 pd=0.00 pa=+0.00 | srch=0.00 | wall=2.13
R2[T1][WALL_ESC  ]: L=+0.15 R=+1.00 | carry=0 | base=0.64 ba=+0.19 | site=0 sd=0.00 sa=+0.00 | phero=0 pd=0.00 pa=+0.00 | srch=0.55 | wall=0.35
R3[T1][BASE_ESC  ]: L=+1.00 R=+0.00 | carry=0 | base=0.04 ba=+0.55 | site=1 sd=0.48 sa=-0.50 | phero=0 pd=0.00 pa=+0.00 | srch=0.02 | wall=3.29
R4[T1][EXPLORE   ]: L=+1.00 R=+1.00 | carry=0 | base=0.54 ba=+0.33 | site=0 sd=0.00 sa=+0.00 | phero=0 pd=0.00 pa=+0.00 | srch=0.69 | wall=1.07
R5[T2][RTB       ]: L=+1.00 R=+1.00 | carry=1 | base=0.06 ba=-0.00 | site=0 sd=0.00 sa=+0.00 | phero=0 pd=0.00 pa=+0.00 | srch=0.00 | wall=3.30
R6[T2][PHERO     ]: L=+1.00 R=+0.98 | carry=0 | base=0.18 ba=-0.84 | site=0 sd=0.00 sa=+0.00 | phero=1 pd=0.45 pa=-0.11 | srch=0.35 | wall=2.64
R7[T2][RTB       ]: L=+1.00 R=+1.00 | carry=1 | base=0.32 ba=+0.00 | site=0 sd=0.00 sa=+0.00 | phero=0 pd=0.00 pa=+0.00 | srch=0.00 | wall=2.35
R8[T2][RTB       ]: L=+1.00 R=+0.87 | carry=1 | base=0.56 ba=-0.05 | site=0 sd=0.00 sa=+0.00 | phero=0 pd=0.00 pa=+0.00 | srch=0.00 | wall=0.88
R9[T3][RTB       ]: L=+1.00 R=+1.00 | carry=1 | base=0.29 ba=+0.00 | site=0 sd=0.00 sa=+0.00 | phero=0 pd=0.00 pa=+0.00 | srch=0.00 | wall=2.47
R10[T3][SITE      ]: L=+1.00 R=+1.00 | carry=0 | base=0.44 ba=+1.00 | site=1 sd=0.24 sa=+0.30 | phero=0 pd=0.00 pa=+0.00 | srch=0.15 | wall=1.36
R11[T3][SITE      ]: L=+1.00 R=+0.95 | carry=0 | base=0.36 ba=-0.92 | site=1 sd=0.06 sa=-0.08 | phero=0 pd=0.00 pa=+0.00 | srch=0.13 | wall=2.03
R12[T3][EXPLORE   ]: L=+1.00 R=+0.86 | carry=0 | base=0.64 ba=-0.65 | site=0 sd=0.00 sa=+0.00 | phero=0 pd=0.00 pa=+0.00 | srch=0.93 | wall=1.15
R13[T4][EXPLORE   ]: L=+1.00 R=+1.00 | carry=0 | base=0.57 ba=-0.60 | site=0 sd=0.00 sa=+0.00 | phero=0 pd=0.00 pa=+0.00 | srch=1.00 | wall=0.85
R14[T4][EXPLORE   ]: L=+1.00 R=+1.00 | carry=0 | base=0.62 ba=-0.80 | site=0 sd=0.00 sa=+0.00 | phero=0 pd=0.00 pa=+0.00 | srch=0.24 | wall=0.72
R15[T4][EXPLORE   ]: L=+1.00 R=+1.00 | carry=0 | base=0.16 ba=+0.47 | site=0 sd=0.00 sa=+0.00 | phero=0 pd=0.00 pa=+0.00 | srch=0.81 | wall=2.88
R16[T4][GIVE_UP   ]: L=+1.00 R=+0.97 | carry=0 | base=0.17 ba=-0.01 | site=0 sd=0.00 sa=+0.00 | phero=0 pd=0.00 pa=+0.00 | srch=0.72 | wall=2.78

[DEPOSIT] Robot 5 deposited! Total: 170
  [PHERO] Laid at (-2.26, -2.36) density=14 prob=1.00 total_entries=20
  [TARGET] Robot 5 → SITE (-2.26,-2.36)
[PICKUP] Robot 11 picked up tag (density=8) | Total: 175
[EMPTY_RTN] R16 → phero(-1.39,1.34)
[GIVE-UP] R4 giving up after 2975 steps
[DEPOSIT] Robot 1 deposited! Total: 171
  [PHERO] Laid at (1.21, 2.23) density=14 prob=1.00 total_entries=18
  [TARGET] Robot 1 → SITE (1.21,2.23)
[DEPOSIT] Robot 9 deposited! Total: 172
  [PHERO] Laid at (-1.39, 1.57) density=9 prob=1.00 total_entries=19
  [TARGET] Robot 9 → SITE (-1.39,1.57)
[DEPOSIT] Robot 7 deposited! Total: 173
  [PHERO] Laid at (-1.94, -1.86) density=13 prob=1.00 total_entries=20
  [TARGET] Robot 7 → SITE (-1.94,-1.86)
[PICKUP] Robot 10 picked up tag (density=14) | Total: 176
[GIVE-UP] R15 giving up after 3732 steps

======================================================================
Step 22500 (12.0 min) | Pickups: 176 | Deposits: 173 | Rate: 14.42 tags/min | phero_entries=19 phero_max=0.785
======================================================================
R1[T1][SITE      ]: L=+1.00 R=+1.00 | carry=0 | base=0.09 ba=+0.94 | site=1 sd=0.43 sa=-0.23 | phero=0 pd=0.00 pa=+0.00 | srch=0.04 | wall=3.04
R2[T1][EXPLORE   ]: L=+1.00 R=+1.00 | carry=0 | base=0.36 ba=+0.34 | site=0 sd=0.00 sa=+0.00 | phero=0 pd=0.00 pa=+0.00 | srch=0.68 | wall=2.07
R3[T1][SITE      ]: L=+1.00 R=+0.98 | carry=0 | base=0.37 ba=-0.84 | site=1 sd=0.19 sa=-0.08 | phero=0 pd=0.00 pa=+0.00 | srch=0.14 | wall=1.83
R4[T1][GIVE_UP   ]: L=+1.00 R=+1.00 | carry=0 | base=0.29 ba=+0.00 | site=0 sd=0.00 sa=+0.00 | phero=0 pd=0.00 pa=+0.00 | srch=0.81 | wall=2.45
R5[T2][SITE      ]: L=+1.00 R=+1.00 | carry=0 | base=0.34 ba=+0.99 | site=1 sd=0.41 sa=+0.30 | phero=0 pd=0.00 pa=+0.00 | srch=0.12 | wall=1.87
R6[T2][PHERO     ]: L=+1.00 R=+1.00 | carry=0 | base=0.52 ba=-0.84 | site=0 sd=0.00 sa=+0.00 | phero=1 pd=0.09 pa=-0.16 | srch=0.47 | wall=1.00
R7[T2][SITE      ]: L=+1.00 R=+0.68 | carry=0 | base=0.08 ba=-0.96 | site=1 sd=0.47 sa=-0.08 | phero=0 pd=0.00 pa=+0.00 | srch=0.04 | wall=3.17
R8[T2][RTB       ]: L=+1.00 R=+1.00 | carry=1 | base=0.17 ba=-0.00 | site=0 sd=0.00 sa=+0.00 | phero=0 pd=0.00 pa=+0.00 | srch=0.00 | wall=2.70
R9[T3][SITE      ]: L=+1.00 R=+1.00 | carry=0 | base=0.08 ba=+0.93 | site=1 sd=0.35 sa=-0.20 | phero=0 pd=0.00 pa=+0.00 | srch=0.04 | wall=3.15
R10[T3][RTB       ]: L=+0.82 R=+1.00 | carry=1 | base=0.58 ba=+0.07 | site=0 sd=0.00 sa=+0.00 | phero=0 pd=0.00 pa=+0.00 | srch=0.00 | wall=0.69
R11[T3][RTB       ]: L=+1.00 R=+1.00 | carry=1 | base=0.18 ba=-0.00 | site=0 sd=0.00 sa=+0.00 | phero=0 pd=0.00 pa=+0.00 | srch=0.00 | wall=2.82
R12[T3][EXPLORE   ]: L=+1.00 R=+0.98 | carry=0 | base=0.62 ba=-0.55 | site=0 sd=0.00 sa=+0.00 | phero=0 pd=0.00 pa=+0.00 | srch=1.00 | wall=0.52
R13[T4][EXPLORE   ]: L=+1.00 R=+1.00 | carry=0 | base=0.51 ba=-0.26 | site=0 sd=0.00 sa=+0.00 | phero=0 pd=0.00 pa=+0.00 | srch=1.00 | wall=1.01
R14[T4][EXPLORE   ]: L=+1.00 R=+1.00 | carry=0 | base=0.59 ba=+0.33 | site=0 sd=0.00 sa=+0.00 | phero=0 pd=0.00 pa=+0.00 | srch=0.36 | wall=0.94
R15[T4][GIVE_UP   ]: L=+0.00 R=+1.00 | carry=0 | base=0.29 ba=+0.63 | site=0 sd=0.00 sa=+0.00 | phero=0 pd=0.00 pa=+0.00 | srch=0.94 | wall=2.47
R16[T4][PHERO     ]: L=+0.77 R=+0.76 | carry=0 | base=0.16 ba=-0.98 | site=0 sd=0.00 sa=+0.00 | phero=1 pd=0.23 pa=+0.01 | srch=0.09 | wall=2.92

[PICKUP] Robot 6 picked up tag (density=3) | Total: 177
[DEPOSIT] Robot 8 deposited! Total: 174
  [PHERO] Laid at (-0.76, -2.75) density=4 prob=0.82 total_entries=18
  [TARGET] Robot 8 → SITE (-0.76,-2.75)
[DEPOSIT] Robot 11 deposited! Total: 175
  [PHERO] Laid at (-1.64, 1.30) density=8 prob=1.00 total_entries=19
  [TARGET] Robot 11 → SITE (-1.64,1.30)
[PICKUP] Robot 3 picked up tag (density=13) | Total: 178
[EMPTY_RTN] R4 → phero(1.21,2.23)
[PICKUP] Robot 13 picked up tag (density=7) | Total: 179
[EMPTY_RTN] R15 → phero(-0.60,2.93)
[PICKUP] Robot 16 picked up tag (density=6) | Total: 180

======================================================================
Step 23000 (12.3 min) | Pickups: 180 | Deposits: 175 | Rate: 14.27 tags/min | phero_entries=18 phero_max=0.615
======================================================================
R1[T1][SITE      ]: L=+1.00 R=+1.00 | carry=0 | base=0.41 ba=-0.72 | site=1 sd=0.14 sa=-0.01 | phero=0 pd=0.00 pa=+0.00 | srch=0.17 | wall=1.53
R2[T1][EXPLORE   ]: L=+1.00 R=+1.00 | carry=0 | base=0.39 ba=+0.69 | site=0 sd=0.00 sa=+0.00 | phero=0 pd=0.00 pa=+0.00 | srch=0.80 | wall=1.61
R3[T1][RTB       ]: L=+1.00 R=+1.00 | carry=1 | base=0.38 ba=-0.00 | site=0 sd=0.00 sa=+0.00 | phero=0 pd=0.00 pa=+0.00 | srch=0.00 | wall=1.63
R4[T1][PHERO     ]: L=+0.99 R=+1.00 | carry=0 | base=0.08 ba=+0.79 | site=0 sd=0.00 sa=+0.00 | phero=1 pd=0.48 pa=+0.19 | srch=0.05 | wall=3.09
R5[T2][WALL_ESC  ]: L=+0.00 R=+1.00 | carry=0 | base=0.68 ba=+0.40 | site=1 sd=0.31 sa=-0.00 | phero=0 pd=0.00 pa=+0.00 | srch=0.25 | wall=0.34
R6[T2][RTB       ]: L=+1.00 R=+1.00 | carry=1 | base=0.31 ba=-0.00 | site=0 sd=0.00 sa=+0.00 | phero=0 pd=0.00 pa=+0.00 | srch=0.00 | wall=2.08
R7[T2][SITE      ]: L=+0.68 R=+0.68 | carry=0 | base=0.26 ba=-0.96 | site=1 sd=0.28 sa=-0.02 | phero=0 pd=0.00 pa=+0.00 | srch=0.16 | wall=2.52
R8[T2][SITE      ]: L=+1.00 R=+1.00 | carry=0 | base=0.23 ba=-0.98 | site=1 sd=0.40 sa=+0.30 | phero=0 pd=0.00 pa=+0.00 | srch=0.09 | wall=2.66
R9[T3][SITE      ]: L=+1.00 R=+0.53 | carry=0 | base=0.47 ba=-0.98 | site=1 sd=0.23 sa=-0.62 | phero=0 pd=0.00 pa=+0.00 | srch=0.16 | wall=1.31
R10[T3][RTB       ]: L=+1.00 R=+1.00 | carry=1 | base=0.20 ba=+0.00 | site=0 sd=0.00 sa=+0.00 | phero=0 pd=0.00 pa=+0.00 | srch=0.00 | wall=2.55
R11[T3][SITE      ]: L=+1.00 R=+1.00 | carry=0 | base=0.19 ba=+0.96 | site=1 sd=0.24 sa=+0.06 | phero=0 pd=0.00 pa=+0.00 | srch=0.08 | wall=2.81
R12[T3][EXPLORE   ]: L=+1.00 R=+1.00 | carry=0 | base=0.54 ba=+0.43 | site=0 sd=0.00 sa=+0.00 | phero=0 pd=0.00 pa=+0.00 | srch=1.00 | wall=0.91
R13[T4][RTB       ]: L=+1.00 R=+0.99 | carry=1 | base=0.35 ba=-0.01 | site=0 sd=0.00 sa=+0.00 | phero=0 pd=0.00 pa=+0.00 | srch=0.00 | wall=2.23
R14[T4][EXPLORE   ]: L=+0.79 R=+1.00 | carry=0 | base=0.46 ba=+0.11 | site=0 sd=0.00 sa=+0.00 | phero=0 pd=0.00 pa=+0.00 | srch=0.49 | wall=1.23
R15[T4][PHERO     ]: L=+0.59 R=+0.73 | carry=0 | base=0.05 ba=+0.82 | site=0 sd=0.00 sa=+0.00 | phero=1 pd=0.56 pa=+0.03 | srch=0.03 | wall=3.25
R16[T4][RTB       ]: L=+0.00 R=+1.00 | carry=1 | base=0.41 ba=+0.56 | site=0 sd=0.00 sa=+0.00 | phero=0 pd=0.00 pa=+0.00 | srch=0.00 | wall=2.02

[DEPOSIT] Robot 10 deposited! Total: 176
  [PHERO] Laid at (-0.63, 2.92) density=14 prob=1.00 total_entries=18
  [TARGET] Robot 10 → SITE (-0.63,2.92)
[PICKUP] Robot 1 picked up tag (density=13) | Total: 181
[PICKUP] Robot 11 picked up tag (density=5) | Total: 182
[DEPOSIT] Robot 6 deposited! Total: 177
  [PHERO] Laid at (-0.84, -2.67) density=3 prob=0.65 total_entries=18
  [TARGET] Robot 6 → SITE (-0.84,-2.67)
[PICKUP] Robot 2 picked up tag (density=16) | Total: 183
[DEPOSIT] Robot 13 deposited! Total: 178
  [PHERO] Laid at (-1.50, 1.30) density=7 prob=0.99 total_entries=18
  [TARGET] Robot 13 → SITE (-1.50,1.30)
[DEPOSIT] Robot 3 deposited! Total: 179
  [PHERO] Laid at (-0.50, 2.53) density=13 prob=1.00 total_entries=19
  [TARGET] Robot 3 → SITE (-0.50,2.53)
[PICKUP] Robot 5 picked up tag (density=12) | Total: 184

======================================================================
Step 23500 (12.5 min) | Pickups: 184 | Deposits: 179 | Rate: 14.28 tags/min | phero_entries=19 phero_max=0.891
======================================================================
R1[T1][RTB       ]: L=+1.00 R=+1.00 | carry=1 | base=0.34 ba=-0.00 | site=0 sd=0.00 sa=+0.00 | phero=0 pd=0.00 pa=+0.00 | srch=0.00 | wall=2.04
R2[T1][RTB       ]: L=+0.99 R=+1.00 | carry=1 | base=0.52 ba=+0.00 | site=0 sd=0.00 sa=+0.00 | phero=0 pd=0.00 pa=+0.00 | srch=0.00 | wall=1.36
R3[T1][BASE_ESC  ]: L=+0.00 R=+1.00 | carry=0 | base=0.04 ba=-0.60 | site=1 sd=0.48 sa=+0.46 | phero=0 pd=0.00 pa=+0.00 | srch=0.02 | wall=3.28
R4[T1][PHERO     ]: L=+0.68 R=+0.69 | carry=0 | base=0.40 ba=+0.90 | site=0 sd=0.00 sa=+0.00 | phero=1 pd=0.17 pa=+0.21 | srch=0.17 | wall=2.08
R5[T2][RTB       ]: L=+0.36 R=+1.00 | carry=1 | base=0.56 ba=+0.26 | site=0 sd=0.00 sa=+0.00 | phero=0 pd=0.00 pa=+0.00 | srch=0.00 | wall=1.47
R6[T2][SITE      ]: L=+1.00 R=+1.00 | carry=0 | base=0.10 ba=-0.93 | site=1 sd=0.48 sa=+0.25 | phero=0 pd=0.00 pa=+0.00 | srch=0.04 | wall=3.17
R7[T2][SITE      ]: L=+0.97 R=+0.96 | carry=0 | base=0.52 ba=-0.98 | site=1 sd=0.02 sa=-0.00 | phero=0 pd=0.00 pa=+0.00 | srch=0.29 | wall=1.65
R8[T2][SITE      ]: L=+0.93 R=+1.00 | carry=0 | base=0.55 ba=+0.56 | site=1 sd=0.25 sa=+0.10 | phero=0 pd=0.00 pa=+0.00 | srch=0.21 | wall=1.47
R9[T3][SITE      ]: L=+1.00 R=+0.93 | carry=0 | base=0.49 ba=-0.16 | site=1 sd=0.07 sa=-0.13 | phero=0 pd=0.00 pa=+0.00 | srch=0.29 | wall=1.71
R10[T3][SITE      ]: L=+1.00 R=+1.00 | carry=0 | base=0.19 ba=+0.95 | site=1 sd=0.47 sa=-0.34 | phero=0 pd=0.00 pa=+0.00 | srch=0.08 | wall=2.79
R11[T3][RTB       ]: L=+0.99 R=+1.00 | carry=1 | base=0.36 ba=+0.00 | site=0 sd=0.00 sa=+0.00 | phero=0 pd=0.00 pa=+0.00 | srch=0.00 | wall=2.06
R12[T3][EXPLORE   ]: L=+1.00 R=+1.00 | carry=0 | base=0.59 ba=+0.65 | site=0 sd=0.00 sa=+0.00 | phero=0 pd=0.00 pa=+0.00 | srch=1.00 | wall=1.16
R13[T4][BASE_ESC  ]: L=+1.00 R=+0.20 | carry=0 | base=0.05 ba=+0.79 | site=1 sd=0.35 sa=-0.27 | phero=0 pd=0.00 pa=+0.00 | srch=0.02 | wall=3.30
R14[T4][EXPLORE   ]: L=+0.63 R=+1.00 | carry=0 | base=0.58 ba=+0.25 | site=0 sd=0.00 sa=+0.00 | phero=0 pd=0.00 pa=+0.00 | srch=0.61 | wall=0.65
R15[T4][PHERO     ]: L=+0.45 R=+0.44 | carry=0 | base=0.26 ba=+0.93 | site=0 sd=0.00 sa=+0.00 | phero=1 pd=0.35 pa=-0.03 | srch=0.15 | wall=2.23
R16[T4][RTB       ]: L=+1.00 R=+1.00 | carry=1 | base=0.08 ba=+0.00 | site=0 sd=0.00 sa=+0.00 | phero=0 pd=0.00 pa=+0.00 | srch=0.00 | wall=3.18

[PICKUP] Robot 7 picked up tag (density=11) | Total: 185
[DEPOSIT] Robot 16 deposited! Total: 180
  [PHERO] Laid at (-1.45, 1.40) density=6 prob=0.97 total_entries=20
  [TARGET] Robot 16 → SITE (-1.45,1.40)
[GIVE-UP] R14 giving up after 2495 steps
[PICKUP] Robot 4 picked up tag (density=12) | Total: 186
[PICKUP] Robot 10 picked up tag (density=4) | Total: 187
[DEPOSIT] Robot 1 deposited! Total: 181
  [PHERO] Laid at (1.25, 2.25) density=13 prob=1.00 total_entries=19
  [TARGET] Robot 1 → SITE (1.25,2.25)
[DEPOSIT] Robot 11 deposited! Total: 182
  [PHERO] Laid at (-1.61, 1.31) density=5 prob=0.92 total_entries=20
  [TARGET] Robot 11 → SITE (-1.61,1.31)

======================================================================
Step 24000 (12.8 min) | Pickups: 187 | Deposits: 182 | Rate: 14.22 tags/min | phero_entries=20 phero_max=0.862
======================================================================
R1[T1][SITE      ]: L=+1.00 R=+1.00 | carry=0 | base=0.06 ba=-0.91 | site=1 sd=0.47 sa=+0.21 | phero=0 pd=0.00 pa=+0.00 | srch=0.03 | wall=3.29
R2[T1][RTB       ]: L=+1.00 R=+1.00 | carry=1 | base=0.13 ba=+0.00 | site=0 sd=0.00 sa=+0.00 | phero=0 pd=0.00 pa=+0.00 | srch=0.00 | wall=2.95
R3[T1][SITE      ]: L=+0.30 R=+0.30 | carry=0 | base=0.27 ba=+0.91 | site=1 sd=0.25 sa=-0.13 | phero=0 pd=0.00 pa=+0.00 | srch=0.14 | wall=2.21
R4[T1][RTB       ]: L=+1.00 R=+1.00 | carry=1 | base=0.40 ba=+0.00 | site=0 sd=0.00 sa=+0.00 | phero=0 pd=0.00 pa=+0.00 | srch=0.00 | wall=1.81
R5[T2][RTB       ]: L=+1.00 R=+1.00 | carry=1 | base=0.18 ba=+0.00 | site=0 sd=0.00 sa=+0.00 | phero=0 pd=0.00 pa=+0.00 | srch=0.00 | wall=2.82
R6[T2][SITE      ]: L=+0.95 R=+1.00 | carry=0 | base=0.47 ba=+0.84 | site=1 sd=0.20 sa=+0.23 | phero=0 pd=0.00 pa=+0.00 | srch=0.17 | wall=1.67
R7[T2][RTB       ]: L=+1.00 R=+1.00 | carry=1 | base=0.29 ba=-0.00 | site=0 sd=0.00 sa=+0.00 | phero=0 pd=0.00 pa=+0.00 | srch=0.00 | wall=2.42
R8[T2][EXPLORE   ]: L=+1.00 R=+1.00 | carry=0 | base=0.60 ba=+0.58 | site=0 sd=0.00 sa=+0.00 | phero=0 pd=0.00 pa=+0.00 | srch=0.34 | wall=0.56
R9[T3][EXPLORE   ]: L=+1.00 R=+1.00 | carry=0 | base=0.13 ba=+0.22 | site=0 sd=0.00 sa=+0.00 | phero=0 pd=0.00 pa=+0.00 | srch=0.41 | wall=2.89
R10[T3][RTB       ]: L=+1.00 R=+0.99 | carry=1 | base=0.38 ba=-0.00 | site=0 sd=0.00 sa=+0.00 | phero=0 pd=0.00 pa=+0.00 | srch=0.00 | wall=2.14
R11[T3][BASE_ESC  ]: L=+0.00 R=+1.00 | carry=0 | base=0.05 ba=-0.75 | site=1 sd=0.38 sa=+0.29 | phero=0 pd=0.00 pa=+0.00 | srch=0.02 | wall=3.34
R12[T3][EXPLORE   ]: L=+1.00 R=+0.43 | carry=0 | base=0.65 ba=+0.94 | site=0 sd=0.00 sa=+0.00 | phero=0 pd=0.00 pa=+0.00 | srch=1.00 | wall=0.42
R13[T4][SITE      ]: L=+1.00 R=+0.99 | carry=0 | base=0.39 ba=-0.86 | site=1 sd=0.07 sa=-0.35 | phero=0 pd=0.00 pa=+0.00 | srch=0.15 | wall=1.84
R14[T4][GIVE_UP   ]: L=+1.00 R=+1.00 | carry=0 | base=0.21 ba=-0.00 | site=0 sd=0.00 sa=+0.00 | phero=0 pd=0.00 pa=+0.00 | srch=0.74 | wall=2.48
R15[T4][PHERO     ]: L=+0.96 R=+1.00 | carry=0 | base=0.54 ba=+0.95 | site=0 sd=0.00 sa=+0.00 | phero=1 pd=0.08 pa=+0.17 | srch=0.28 | wall=0.85
R16[T4][SITE      ]: L=+0.98 R=+1.00 | carry=0 | base=0.31 ba=+0.95 | site=1 sd=0.17 sa=+0.33 | phero=0 pd=0.00 pa=+0.00 | srch=0.11 | wall=2.07

[PICKUP] Robot 13 picked up tag (density=3) | Total: 188
[GIVE-UP] R8 giving up after 1482 steps
[DEPOSIT] Robot 2 deposited! Total: 183
  [PHERO] Laid at (2.44, 1.49) density=16 prob=1.00 total_entries=20
  [TARGET] Robot 2 → SITE (2.44,1.49)
[DEPOSIT] Robot 5 deposited! Total: 184
  [PHERO] Laid at (-1.90, -1.97) density=12 prob=1.00 total_entries=21
  [TARGET] Robot 5 → SITE (-1.90,-1.97)
[PICKUP] Robot 15 picked up tag (density=12) | Total: 189
[EMPTY_RTN] R14 → phero(-1.61,1.31)
[DEPOSIT] Robot 7 deposited! Total: 185
  [PHERO] Laid at (-1.98, -1.89) density=11 prob=1.00 total_entries=21
  [TARGET] Robot 7 → SITE (-1.98,-1.89)
[DEPOSIT] Robot 10 deposited! Total: 186
  [TARGET] Robot 10 → SITE (-1.63,1.37)

======================================================================
Step 24500 (13.1 min) | Pickups: 189 | Deposits: 186 | Rate: 14.23 tags/min | phero_entries=21 phero_max=0.736
======================================================================
R1[T1][SITE      ]: L=+0.95 R=+1.00 | carry=0 | base=0.39 ba=+0.87 | site=1 sd=0.27 sa=+0.31 | phero=0 pd=0.00 pa=+0.00 | srch=0.16 | wall=1.82
R2[T1][SITE      ]: L=+1.00 R=+1.00 | carry=0 | base=0.18 ba=+0.91 | site=1 sd=0.44 sa=-0.36 | phero=0 pd=0.00 pa=+0.00 | srch=0.09 | wall=2.67
R3[T1][SITE      ]: L=+0.22 R=+0.24 | carry=0 | base=0.40 ba=-0.93 | site=1 sd=0.13 sa=-0.07 | phero=0 pd=0.00 pa=+0.00 | srch=0.27 | wall=1.63
R4[T1][RTB       ]: L=+1.00 R=+1.00 | carry=1 | base=0.05 ba=-0.00 | site=0 sd=0.00 sa=+0.00 | phero=0 pd=0.00 pa=+0.00 | srch=0.00 | wall=3.27
R5[T2][SITE      ]: L=+1.00 R=+1.00 | carry=0 | base=0.22 ba=+0.98 | site=1 sd=0.38 sa=-0.28 | phero=0 pd=0.00 pa=+0.00 | srch=0.08 | wall=2.46
R6[T2][EXPLORE   ]: L=+1.00 R=+1.00 | carry=0 | base=0.56 ba=+0.52 | site=0 sd=0.00 sa=+0.00 | phero=0 pd=0.00 pa=+0.00 | srch=0.29 | wall=0.74
R7[T2][SITE      ]: L=+1.00 R=+1.00 | carry=0 | base=0.10 ba=+0.96 | site=1 sd=0.45 sa=+0.04 | phero=0 pd=0.00 pa=+0.00 | srch=0.05 | wall=3.07
R8[T2][GIVE_UP   ]: L=+1.00 R=+1.00 | carry=0 | base=0.39 ba=+0.00 | site=0 sd=0.00 sa=+0.00 | phero=0 pd=0.00 pa=+0.00 | srch=0.46 | wall=1.57
R9[T3][EXPLORE   ]: L=+1.00 R=+1.00 | carry=0 | base=0.30 ba=+0.91 | site=0 sd=0.00 sa=+0.00 | phero=0 pd=0.00 pa=+0.00 | srch=0.54 | wall=2.05
R10[T3][BASE_ESC  ]: L=+0.00 R=+1.00 | carry=0 | base=0.04 ba=-0.41 | site=1 sd=0.39 sa=+0.65 | phero=0 pd=0.00 pa=+0.00 | srch=0.01 | wall=3.33
R11[T3][SITE      ]: L=+1.00 R=+1.00 | carry=0 | base=0.37 ba=+0.98 | site=1 sd=0.05 sa=-0.06 | phero=0 pd=0.00 pa=+0.00 | srch=0.15 | wall=2.05
R12[T3][EXPLORE   ]: L=+1.00 R=+0.92 | carry=0 | base=0.48 ba=+0.48 | site=0 sd=0.00 sa=+0.00 | phero=0 pd=0.00 pa=+0.00 | srch=1.00 | wall=1.23
R13[T4][RTB       ]: L=+1.00 R=+1.00 | carry=1 | base=0.18 ba=+0.00 | site=0 sd=0.00 sa=+0.00 | phero=0 pd=0.00 pa=+0.00 | srch=0.00 | wall=2.83
R14[T4][PHERO     ]: L=+1.00 R=+0.97 | carry=0 | base=0.13 ba=-0.81 | site=0 sd=0.00 sa=+0.00 | phero=1 pd=0.37 pa=-0.24 | srch=0.07 | wall=2.88
R15[T4][RTB       ]: L=+1.00 R=+1.00 | carry=1 | base=0.41 ba=-0.00 | site=0 sd=0.00 sa=+0.00 | phero=0 pd=0.00 pa=+0.00 | srch=0.00 | wall=1.56
R16[T4][EXPLORE   ]: L=+1.00 R=+1.00 | carry=0 | base=0.40 ba=+0.55 | site=0 sd=0.00 sa=+0.00 | phero=0 pd=0.00 pa=+0.00 | srch=0.24 | wall=1.67

[DEPOSIT] Robot 4 deposited! Total: 187
  [PHERO] Laid at (1.48, 2.26) density=12 prob=1.00 total_entries=22
  [TARGET] Robot 4 → SITE (1.48,2.26)
[DEPOSIT] Robot 13 deposited! Total: 188
  [TARGET] Robot 13 → SITE (-1.69,1.37)
[GIVE-UP] R12 giving up after 6651 steps
[EMPTY_RTN] R8 → phero(1.25,2.25)

======================================================================
Step 25000 (13.3 min) | Pickups: 189 | Deposits: 188 | Rate: 14.10 tags/min | phero_entries=22 phero_max=0.450
======================================================================
R1[T1][EXPLORE   ]: L=+1.00 R=+1.00 | carry=0 | base=0.51 ba=+0.35 | site=0 sd=0.00 sa=+0.00 | phero=0 pd=0.00 pa=+0.00 | srch=0.28 | wall=1.24
R2[T1][SITE      ]: L=+1.00 R=+0.95 | carry=0 | base=0.52 ba=-0.75 | site=1 sd=0.16 sa=-0.19 | phero=0 pd=0.00 pa=+0.00 | srch=0.21 | wall=1.60
R3[T1][WALL_ESC  ]: L=+1.00 R=+0.00 | carry=0 | base=0.64 ba=-0.39 | site=0 sd=0.00 sa=+0.00 | phero=0 pd=0.00 pa=+0.00 | srch=0.39 | wall=0.33
R4[T1][SITE      ]: L=+0.83 R=+0.84 | carry=0 | base=0.34 ba=+0.89 | site=1 sd=0.22 sa=+0.04 | phero=0 pd=0.00 pa=+0.00 | srch=0.12 | wall=2.29
R5[T2][SITE      ]: L=+1.00 R=+0.92 | carry=0 | base=0.57 ba=-0.62 | site=1 sd=0.25 sa=-0.21 | phero=0 pd=0.00 pa=+0.00 | srch=0.21 | wall=0.82
R6[T2][EXPLORE   ]: L=+1.00 R=+1.00 | carry=0 | base=0.70 ba=+0.70 | site=0 sd=0.00 sa=+0.00 | phero=0 pd=0.00 pa=+0.00 | srch=0.42 | wall=0.54
R7[T2][SITE      ]: L=+0.94 R=+1.00 | carry=0 | base=0.48 ba=+0.85 | site=1 sd=0.07 sa=-0.06 | phero=0 pd=0.00 pa=+0.00 | srch=0.17 | wall=1.71
R8[T2][BASE_ESC  ]: L=+1.00 R=+0.00 | carry=0 | base=0.04 ba=+0.49 | site=0 sd=0.00 sa=+0.00 | phero=1 pd=0.55 pa=+0.27 | srch=0.01 | wall=3.29
R9[T3][EXPLORE   ]: L=+1.00 R=+1.00 | carry=0 | base=0.68 ba=+0.96 | site=0 sd=0.00 sa=+0.00 | phero=0 pd=0.00 pa=+0.00 | srch=0.66 | wall=0.37
R10[T3][SITE      ]: L=+0.97 R=+1.00 | carry=0 | base=0.35 ba=+0.99 | site=1 sd=0.24 sa=+0.47 | phero=0 pd=0.00 pa=+0.00 | srch=0.14 | wall=1.86
R11[T3][EXPLORE   ]: L=+1.00 R=+1.00 | carry=0 | base=0.76 ba=-0.98 | site=0 sd=0.00 sa=+0.00 | phero=0 pd=0.00 pa=+0.00 | srch=0.27 | wall=0.69
R12[T3][GIVE_UP   ]: L=+0.33 R=+1.00 | carry=0 | base=0.49 ba=+0.25 | site=0 sd=0.00 sa=+0.00 | phero=0 pd=0.00 pa=+0.00 | srch=1.00 | wall=1.13
R13[T4][SITE      ]: L=+1.00 R=+1.00 | carry=0 | base=0.22 ba=+0.97 | site=1 sd=0.27 sa=-0.30 | phero=0 pd=0.00 pa=+0.00 | srch=0.08 | wall=2.44
R14[T4][PHERO     ]: L=+1.00 R=+0.92 | carry=0 | base=0.45 ba=-0.69 | site=0 sd=0.00 sa=+0.00 | phero=1 pd=0.12 pa=-0.31 | srch=0.20 | wall=1.47
R15[T4][RTB       ]: L=+1.00 R=+1.00 | carry=1 | base=0.07 ba=-0.00 | site=0 sd=0.00 sa=+0.00 | phero=0 pd=0.00 pa=+0.00 | srch=0.00 | wall=3.16
R16[T4][EXPLORE   ]: L=+1.00 R=+0.98 | carry=0 | base=0.61 ba=+0.84 | site=0 sd=0.00 sa=+0.00 | phero=0 pd=0.00 pa=+0.00 | srch=0.36 | wall=0.61

[DEPOSIT] Robot 15 deposited! Total: 189
  [PHERO] Laid at (-0.76, 2.93) density=12 prob=1.00 total_entries=23
  [TARGET] Robot 15 → SITE (-0.76,2.93)
[PICKUP] Robot 2 picked up tag (density=15) | Total: 190
[PICKUP] Robot 7 picked up tag (density=10) | Total: 191
[PICKUP] Robot 5 picked up tag (density=9) | Total: 192
[PICKUP] Robot 4 picked up tag (density=11) | Total: 193

======================================================================
Step 25500 (13.6 min) | Pickups: 193 | Deposits: 189 | Rate: 13.90 tags/min | phero_entries=21 phero_max=0.468
======================================================================
R1[T1][EXPLORE   ]: L=+1.00 R=+1.00 | carry=0 | base=0.48 ba=+0.60 | site=0 sd=0.00 sa=+0.00 | phero=0 pd=0.00 pa=+0.00 | srch=0.41 | wall=1.27
R2[T1][RTB       ]: L=+1.00 R=+1.00 | carry=1 | base=0.29 ba=-0.00 | site=0 sd=0.00 sa=+0.00 | phero=0 pd=0.00 pa=+0.00 | srch=0.00 | wall=2.39
R3[T1][EXPLORE   ]: L=+0.45 R=+1.00 | carry=0 | base=0.45 ba=+0.81 | site=0 sd=0.00 sa=+0.00 | phero=0 pd=0.00 pa=+0.00 | srch=0.52 | wall=1.37
R4[T1][RTB       ]: L=+0.99 R=+1.00 | carry=1 | base=0.48 ba=+0.00 | site=0 sd=0.00 sa=+0.00 | phero=0 pd=0.00 pa=+0.00 | srch=0.00 | wall=1.44
R5[T2][RTB       ]: L=+1.00 R=+1.00 | carry=1 | base=0.46 ba=-0.00 | site=0 sd=0.00 sa=+0.00 | phero=0 pd=0.00 pa=+0.00 | srch=0.00 | wall=1.86
R6[T2][EXPLORE   ]: L=+1.00 R=+1.00 | carry=0 | base=0.86 ba=+0.04 | site=0 sd=0.00 sa=+0.00 | phero=0 pd=0.00 pa=+0.00 | srch=0.54 | wall=0.43
R7[T2][RTB       ]: L=+1.00 R=+1.00 | carry=1 | base=0.36 ba=-0.00 | site=0 sd=0.00 sa=+0.00 | phero=0 pd=0.00 pa=+0.00 | srch=0.00 | wall=2.14
R8[T2][PHERO     ]: L=+0.98 R=+0.99 | carry=0 | base=0.28 ba=+0.91 | site=0 sd=0.00 sa=+0.00 | phero=1 pd=0.27 pa=+0.09 | srch=0.14 | wall=2.53
R9[T3][EXPLORE   ]: L=+1.00 R=+1.00 | carry=0 | base=0.50 ba=+0.36 | site=0 sd=0.00 sa=+0.00 | phero=0 pd=0.00 pa=+0.00 | srch=0.79 | wall=1.71
R10[T3][SITE      ]: L=+0.93 R=+1.00 | carry=0 | base=0.59 ba=+0.49 | site=1 sd=0.17 sa=+0.38 | phero=0 pd=0.00 pa=+0.00 | srch=0.26 | wall=1.33
R11[T3][EXPLORE   ]: L=+1.00 R=+1.00 | carry=0 | base=0.76 ba=-0.18 | site=0 sd=0.00 sa=+0.00 | phero=0 pd=0.00 pa=+0.00 | srch=0.40 | wall=0.47
R12[T3][GIVE_UP   ]: L=+1.00 R=+1.00 | carry=0 | base=0.11 ba=+0.00 | site=0 sd=0.00 sa=+0.00 | phero=0 pd=0.00 pa=+0.00 | srch=1.00 | wall=2.95
R13[T4][SITE      ]: L=+1.00 R=+0.95 | carry=0 | base=0.56 ba=-0.69 | site=1 sd=0.21 sa=-0.44 | phero=0 pd=0.00 pa=+0.00 | srch=0.21 | wall=0.88
R14[T4][EXPLORE   ]: L=+1.00 R=+1.00 | carry=0 | base=0.50 ba=+0.88 | site=0 sd=0.00 sa=+0.00 | phero=0 pd=0.00 pa=+0.00 | srch=0.32 | wall=1.42
R15[T4][SITE      ]: L=+0.99 R=+1.00 | carry=0 | base=0.31 ba=+0.86 | site=1 sd=0.35 sa=+0.10 | phero=0 pd=0.00 pa=+0.00 | srch=0.12 | wall=1.96
R16[T4][EXPLORE   ]: L=+1.00 R=+1.00 | carry=0 | base=0.58 ba=+0.50 | site=0 sd=0.00 sa=+0.00 | phero=0 pd=0.00 pa=+0.00 | srch=0.49 | wall=1.02

[EMPTY_RTN] R12 → phero(-1.98,-1.89)
[PICKUP] Robot 16 picked up tag (density=8) | Total: 194
[DEPOSIT] Robot 2 deposited! Total: 190
  [PHERO] Laid at (2.07, 1.86) density=15 prob=1.00 total_entries=20
  [TARGET] Robot 2 → SITE (2.07,1.86)
[PICKUP] Robot 8 picked up tag (density=10) | Total: 195
[PICKUP] Robot 15 picked up tag (density=11) | Total: 196
[DEPOSIT] Robot 7 deposited! Total: 191
  [PHERO] Laid at (-2.05, -1.92) density=10 prob=1.00 total_entries=21
  [TARGET] Robot 7 → SITE (-2.05,-1.92)
[PICKUP] Robot 11 picked up tag (density=10) | Total: 197

======================================================================
Step 26000 (13.9 min) | Pickups: 197 | Deposits: 191 | Rate: 13.77 tags/min | phero_entries=21 phero_max=0.858
======================================================================
R1[T1][EXPLORE   ]: L=+1.00 R=+1.00 | carry=0 | base=0.71 ba=+0.78 | site=0 sd=0.00 sa=+0.00 | phero=0 pd=0.00 pa=+0.00 | srch=0.53 | wall=0.78
R2[T1][SITE      ]: L=+0.99 R=+1.00 | carry=0 | base=0.11 ba=-0.98 | site=1 sd=0.46 sa=+0.17 | phero=0 pd=0.00 pa=+0.00 | srch=0.05 | wall=2.99
R3[T1][EXPLORE   ]: L=+0.89 R=+1.00 | carry=0 | base=0.47 ba=+0.35 | site=0 sd=0.00 sa=+0.00 | phero=0 pd=0.00 pa=+0.00 | srch=0.64 | wall=1.19
R4[T1][RTB       ]: L=+1.00 R=+1.00 | carry=1 | base=0.09 ba=+0.00 | site=0 sd=0.00 sa=+0.00 | phero=0 pd=0.00 pa=+0.00 | srch=0.00 | wall=3.10
R5[T2][RTB       ]: L=+1.00 R=+1.00 | carry=1 | base=0.07 ba=-0.00 | site=0 sd=0.00 sa=+0.00 | phero=0 pd=0.00 pa=+0.00 | srch=0.00 | wall=3.24
R6[T2][EXPLORE   ]: L=+1.00 R=+1.00 | carry=0 | base=0.47 ba=+0.09 | site=0 sd=0.00 sa=+0.00 | phero=0 pd=0.00 pa=+0.00 | srch=0.67 | wall=1.62
R7[T2][BASE_ESC  ]: L=+0.21 R=+1.00 | carry=0 | base=0.05 ba=-0.80 | site=1 sd=0.52 sa=+0.28 | phero=0 pd=0.00 pa=+0.00 | srch=0.02 | wall=3.30
R8[T2][RTB       ]: L=+0.96 R=+1.00 | carry=1 | base=0.49 ba=+0.01 | site=0 sd=0.00 sa=+0.00 | phero=0 pd=0.00 pa=+0.00 | srch=0.00 | wall=1.32
R9[T3][EXPLORE   ]: L=+0.87 R=+1.00 | carry=0 | base=0.56 ba=+0.83 | site=0 sd=0.00 sa=+0.00 | phero=0 pd=0.00 pa=+0.00 | srch=0.91 | wall=0.93
R10[T3][EXPLORE   ]: L=+1.00 R=+1.00 | carry=0 | base=0.33 ba=-0.25 | site=0 sd=0.00 sa=+0.00 | phero=0 pd=0.00 pa=+0.00 | srch=0.39 | wall=2.23
R11[T3][RTB       ]: L=+1.00 R=+1.00 | carry=1 | base=0.53 ba=-0.00 | site=0 sd=0.00 sa=+0.00 | phero=0 pd=0.00 pa=+0.00 | srch=0.00 | wall=1.00
R12[T3][BASE_ESC  ]: L=+0.05 R=+1.00 | carry=0 | base=0.05 ba=-0.76 | site=0 sd=0.00 sa=+0.00 | phero=1 pd=0.58 pa=-0.47 | srch=0.10 | wall=3.26
R13[T4][SITE      ]: L=+1.00 R=+0.91 | carry=0 | base=0.53 ba=-0.08 | site=1 sd=0.12 sa=-0.27 | phero=0 pd=0.00 pa=+0.00 | srch=0.33 | wall=1.54
R14[T4][EXPLORE   ]: L=+1.00 R=+1.00 | carry=0 | base=0.68 ba=+0.07 | site=0 sd=0.00 sa=+0.00 | phero=0 pd=0.00 pa=+0.00 | srch=0.45 | wall=0.50
R15[T4][RTB       ]: L=+0.76 R=+1.00 | carry=1 | base=0.50 ba=+0.09 | site=0 sd=0.00 sa=+0.00 | phero=0 pd=0.00 pa=+0.00 | srch=0.00 | wall=1.08
R16[T4][RTB       ]: L=+1.00 R=+1.00 | carry=1 | base=0.35 ba=+0.00 | site=0 sd=0.00 sa=+0.00 | phero=0 pd=0.00 pa=+0.00 | srch=0.00 | wall=2.24

[DEPOSIT] Robot 5 deposited! Total: 192
  [PHERO] Laid at (-1.88, -2.09) density=9 prob=1.00 total_entries=22
  [TARGET] Robot 5 → SITE (-1.88,-2.09)
[DEPOSIT] Robot 4 deposited! Total: 193
  [PHERO] Laid at (1.47, 2.31) density=11 prob=1.00 total_entries=23
  [TARGET] Robot 4 → SITE (1.47,2.31)
[PICKUP] Robot 13 picked up tag (density=2) | Total: 198
[GIVE-UP] R9 giving up after 3968 steps
[DEPOSIT] Robot 16 deposited! Total: 194
  [PHERO] Laid at (-2.21, -1.92) density=8 prob=1.00 total_entries=22
  [TARGET] Robot 16 → SITE (-2.21,-1.92)
[GIVE-UP] R10 giving up after 1993 steps

======================================================================
Step 26500 (14.1 min) | Pickups: 198 | Deposits: 194 | Rate: 13.73 tags/min | phero_entries=22 phero_max=0.829
======================================================================
R1[T1][EXPLORE   ]: L=+0.74 R=+1.00 | carry=0 | base=0.56 ba=-0.24 | site=0 sd=0.00 sa=+0.00 | phero=0 pd=0.00 pa=+0.00 | srch=0.65 | wall=1.17
R2[T1][SITE      ]: L=+0.95 R=+1.00 | carry=0 | base=0.48 ba=+0.82 | site=1 sd=0.15 sa=+0.18 | phero=0 pd=0.00 pa=+0.00 | srch=0.17 | wall=1.39
R3[T1][EXPLORE   ]: L=+1.00 R=+1.00 | carry=0 | base=0.22 ba=+0.41 | site=0 sd=0.00 sa=+0.00 | phero=0 pd=0.00 pa=+0.00 | srch=0.77 | wall=2.65
R4[T1][SITE      ]: L=+1.00 R=+1.00 | carry=0 | base=0.30 ba=-0.93 | site=1 sd=0.26 sa=-0.06 | phero=0 pd=0.00 pa=+0.00 | srch=0.11 | wall=2.12
R5[T2][SITE      ]: L=+1.00 R=+1.00 | carry=0 | base=0.33 ba=+1.00 | site=1 sd=0.34 sa=+0.36 | phero=0 pd=0.00 pa=+0.00 | srch=0.12 | wall=1.93
R6[T2][EXPLORE   ]: L=+1.00 R=+1.00 | carry=0 | base=0.15 ba=+0.34 | site=0 sd=0.00 sa=+0.00 | phero=0 pd=0.00 pa=+0.00 | srch=0.79 | wall=2.79
R7[T2][SITE      ]: L=+0.23 R=+0.22 | carry=0 | base=0.28 ba=-0.92 | site=1 sd=0.29 sa=+0.01 | phero=0 pd=0.00 pa=+0.00 | srch=0.15 | wall=2.44
R8[T2][RTB       ]: L=+1.00 R=+1.00 | carry=1 | base=0.10 ba=+0.00 | site=0 sd=0.00 sa=+0.00 | phero=0 pd=0.00 pa=+0.00 | srch=0.00 | wall=3.05
R9[T3][GIVE_UP   ]: L=+1.00 R=+1.00 | carry=0 | base=0.48 ba=+0.00 | site=0 sd=0.00 sa=+0.00 | phero=0 pd=0.00 pa=+0.00 | srch=1.00 | wall=1.20
R10[T3][GIVE_UP   ]: L=+1.00 R=+0.39 | carry=0 | base=0.25 ba=-0.23 | site=0 sd=0.00 sa=+0.00 | phero=0 pd=0.00 pa=+0.00 | srch=0.51 | wall=2.47
R11[T3][RTB       ]: L=+1.00 R=+0.99 | carry=1 | base=0.19 ba=-0.00 | site=0 sd=0.00 sa=+0.00 | phero=0 pd=0.00 pa=+0.00 | srch=0.00 | wall=2.72
R12[T3][PHERO     ]: L=+0.78 R=+0.79 | carry=0 | base=0.10 ba=-0.84 | site=0 sd=0.00 sa=+0.00 | phero=1 pd=0.46 pa=+0.08 | srch=0.23 | wall=3.10
R13[T4][RTB       ]: L=+1.00 R=+1.00 | carry=1 | base=0.15 ba=+0.00 | site=0 sd=0.00 sa=+0.00 | phero=0 pd=0.00 pa=+0.00 | srch=0.00 | wall=2.95
R14[T4][EXPLORE   ]: L=+1.00 R=+1.00 | carry=0 | base=0.31 ba=+0.17 | site=0 sd=0.00 sa=+0.00 | phero=0 pd=0.00 pa=+0.00 | srch=0.57 | wall=1.98
R15[T4][RTB       ]: L=+1.00 R=+1.00 | carry=1 | base=0.12 ba=-0.00 | site=0 sd=0.00 sa=+0.00 | phero=0 pd=0.00 pa=+0.00 | srch=0.00 | wall=2.94
R16[T4][SITE      ]: L=+1.00 R=+0.76 | carry=0 | base=0.05 ba=+0.92 | site=1 sd=0.54 sa=-0.18 | phero=0 pd=0.00 pa=+0.00 | srch=0.03 | wall=3.27

[DEPOSIT] Robot 8 deposited! Total: 195
  [PHERO] Laid at (1.24, 2.31) density=10 prob=1.00 total_entries=23
  [TARGET] Robot 8 → SITE (1.24,2.31)
[DEPOSIT] Robot 15 deposited! Total: 196
  [PHERO] Laid at (-0.55, 2.51) density=11 prob=1.00 total_entries=24
  [TARGET] Robot 15 → SITE (-0.55,2.51)
[PICKUP] Robot 2 picked up tag (density=14) | Total: 199
[DEPOSIT] Robot 13 deposited! Total: 197
  [PHERO] Laid at (-1.57, 1.74) density=2 prob=0.42 total_entries=25
  [TARGET] Robot 13 → SITE (-1.57,1.74)
[DEPOSIT] Robot 11 deposited! Total: 198
  [PHERO] Laid at (-0.98, 2.84) density=10 prob=1.00 total_entries=23
  [TARGET] Robot 11 → SITE (-0.98,2.84)
[EMPTY_RTN] R10 → phero(-1.57,1.74)
[GIVE-UP] R1 giving up after 3023 steps

======================================================================
Step 27000 (14.4 min) | Pickups: 199 | Deposits: 198 | Rate: 13.75 tags/min | phero_entries=22 phero_max=0.604
======================================================================
R1[T1][GIVE_UP   ]: L=+1.00 R=+0.53 | carry=0 | base=0.77 ba=-0.19 | site=0 sd=0.00 sa=+0.00 | phero=0 pd=0.00 pa=+0.00 | srch=0.78 | wall=0.73
R2[T1][RTB       ]: L=+1.00 R=+1.00 | carry=1 | base=0.29 ba=+0.00 | site=0 sd=0.00 sa=+0.00 | phero=0 pd=0.00 pa=+0.00 | srch=0.00 | wall=2.34
R3[T1][EXPLORE   ]: L=+1.00 R=+1.00 | carry=0 | base=0.39 ba=+0.82 | site=0 sd=0.00 sa=+0.00 | phero=0 pd=0.00 pa=+0.00 | srch=0.89 | wall=1.71
R4[T1][EXPLORE   ]: L=+1.00 R=+1.00 | carry=0 | base=0.66 ba=-0.88 | site=0 sd=0.00 sa=+0.00 | phero=0 pd=0.00 pa=+0.00 | srch=0.24 | wall=0.88
R5[T2][SITE      ]: L=+1.00 R=+1.00 | carry=0 | base=0.63 ba=+0.66 | site=1 sd=0.13 sa=+0.34 | phero=0 pd=0.00 pa=+0.00 | srch=0.24 | wall=1.00
R6[T2][EXPLORE   ]: L=+1.00 R=+1.00 | carry=0 | base=0.34 ba=+0.88 | site=0 sd=0.00 sa=+0.00 | phero=0 pd=0.00 pa=+0.00 | srch=0.92 | wall=1.86
R7[T2][SITE      ]: L=+0.88 R=+0.91 | carry=0 | base=0.51 ba=+0.95 | site=1 sd=0.06 sa=+0.07 | phero=0 pd=0.00 pa=+0.00 | srch=0.27 | wall=1.60
R8[T2][SITE      ]: L=+1.00 R=+1.00 | carry=0 | base=0.29 ba=-0.94 | site=1 sd=0.24 sa=+0.00 | phero=0 pd=0.00 pa=+0.00 | srch=0.11 | wall=2.19
R9[T3][GIVE_UP   ]: L=+1.00 R=+1.00 | carry=0 | base=0.09 ba=+0.00 | site=0 sd=0.00 sa=+0.00 | phero=0 pd=0.00 pa=+0.00 | srch=1.00 | wall=3.07
R10[T3][PHERO     ]: L=+0.74 R=+0.75 | carry=0 | base=0.05 ba=+0.52 | site=0 sd=0.00 sa=+0.00 | phero=1 pd=0.46 pa=-0.04 | srch=0.06 | wall=3.28
R11[T3][SITE      ]: L=+1.00 R=+1.00 | carry=0 | base=0.17 ba=+0.97 | site=1 sd=0.44 sa=-0.05 | phero=0 pd=0.00 pa=+0.00 | srch=0.08 | wall=2.71
R12[T3][PHERO     ]: L=+0.78 R=+0.78 | carry=0 | base=0.34 ba=+0.98 | site=0 sd=0.00 sa=+0.00 | phero=1 pd=0.22 pa=+0.03 | srch=0.35 | wall=2.22
R13[T4][SITE      ]: L=+1.00 R=+1.00 | carry=0 | base=0.25 ba=+0.98 | site=1 sd=0.29 sa=-0.34 | phero=0 pd=0.00 pa=+0.00 | srch=0.09 | wall=2.31
R14[T4][EXPLORE   ]: L=+1.00 R=+1.00 | carry=0 | base=0.18 ba=+0.69 | site=0 sd=0.00 sa=+0.00 | phero=0 pd=0.00 pa=+0.00 | srch=0.70 | wall=2.63
R15[T4][SITE      ]: L=+0.99 R=+1.00 | carry=0 | base=0.27 ba=+0.97 | site=1 sd=0.25 sa=+0.07 | phero=0 pd=0.00 pa=+0.00 | srch=0.10 | wall=2.15
R16[T4][SITE      ]: L=+1.00 R=+1.00 | carry=0 | base=0.42 ba=-0.95 | site=1 sd=0.17 sa=+0.11 | phero=0 pd=0.00 pa=+0.00 | srch=0.15 | wall=1.86

[EMPTY_RTN] R9 → phero(-0.55,2.51)
[PICKUP] Robot 7 picked up tag (density=7) | Total: 200
[PICKUP] Robot 5 picked up tag (density=6) | Total: 201
[DEPOSIT] Robot 2 deposited! Total: 199
  [PHERO] Laid at (2.23, 1.49) density=14 prob=1.00 total_entries=22
  [TARGET] Robot 2 → SITE (2.23,1.49)
[PICKUP] Robot 8 picked up tag (density=9) | Total: 202
[PICKUP] Robot 15 picked up tag (density=9) | Total: 203
[PICKUP] Robot 1 picked up tag (density=1) | Total: 204
[PICKUP] Robot 12 picked up tag (density=5) | Total: 205

======================================================================
Step 27500 (14.7 min) | Pickups: 205 | Deposits: 199 | Rate: 13.57 tags/min | phero_entries=22 phero_max=0.737
======================================================================
R1[T1][RTB       ]: L=+1.00 R=+1.00 | carry=1 | base=0.39 ba=-0.00 | site=0 sd=0.00 sa=+0.00 | phero=0 pd=0.00 pa=+0.00 | srch=0.00 | wall=2.08
R2[T1][SITE      ]: L=+1.00 R=+1.00 | carry=0 | base=0.11 ba=+0.95 | site=1 sd=0.45 sa=-0.25 | phero=0 pd=0.00 pa=+0.00 | srch=0.05 | wall=3.01
R3[T1][EXPLORE   ]: L=+1.00 R=+1.00 | carry=0 | base=0.75 ba=+0.91 | site=0 sd=0.00 sa=+0.00 | phero=0 pd=0.00 pa=+0.00 | srch=1.00 | wall=0.61
R4[T1][WALL_ESC  ]: L=+1.00 R=+0.67 | carry=0 | base=0.88 ba=-0.09 | site=0 sd=0.00 sa=+0.00 | phero=0 pd=0.00 pa=+0.00 | srch=0.36 | wall=0.33
R5[T2][RTB       ]: L=+1.00 R=+1.00 | carry=1 | base=0.39 ba=+0.00 | site=0 sd=0.00 sa=+0.00 | phero=0 pd=0.00 pa=+0.00 | srch=0.00 | wall=2.13
R6[T2][WALL_ESC  ]: L=+0.00 R=+1.00 | carry=0 | base=0.72 ba=+0.90 | site=0 sd=0.00 sa=+0.00 | phero=0 pd=0.00 pa=+0.00 | srch=1.00 | wall=0.34
R7[T2][RTB       ]: L=+1.00 R=+1.00 | carry=1 | base=0.34 ba=+0.00 | site=0 sd=0.00 sa=+0.00 | phero=0 pd=0.00 pa=+0.00 | srch=0.00 | wall=2.30
R8[T2][RTB       ]: L=+1.00 R=+0.99 | carry=1 | base=0.48 ba=-0.00 | site=0 sd=0.00 sa=+0.00 | phero=0 pd=0.00 pa=+0.00 | srch=0.00 | wall=1.45
R9[T3][PHERO     ]: L=+1.00 R=+1.00 | carry=0 | base=0.31 ba=+0.98 | site=0 sd=0.00 sa=+0.00 | phero=1 pd=0.58 pa=+0.64 | srch=0.11 | wall=2.03
R10[T3][PHERO     ]: L=+1.00 R=+0.98 | carry=0 | base=0.37 ba=-0.86 | site=0 sd=0.00 sa=+0.00 | phero=1 pd=0.13 pa=-0.08 | srch=0.18 | wall=2.08
R11[T3][SITE      ]: L=-0.16 R=-0.16 | carry=0 | base=0.31 ba=-0.94 | site=1 sd=0.30 sa=+0.12 | phero=0 pd=0.00 pa=+0.00 | srch=0.20 | wall=2.01
R12[T3][RTB       ]: L=+0.64 R=+1.00 | carry=1 | base=0.56 ba=+0.14 | site=0 sd=0.00 sa=+0.00 | phero=0 pd=0.00 pa=+0.00 | srch=0.00 | wall=1.46
R13[T4][EXPLORE   ]: L=+1.00 R=+1.00 | carry=0 | base=0.48 ba=-0.28 | site=0 sd=0.00 sa=+0.00 | phero=0 pd=0.00 pa=+0.00 | srch=0.22 | wall=1.72
R14[T4][EXPLORE   ]: L=+1.00 R=+1.00 | carry=0 | base=0.51 ba=+0.94 | site=0 sd=0.00 sa=+0.00 | phero=0 pd=0.00 pa=+0.00 | srch=0.82 | wall=1.45
R15[T4][RTB       ]: L=+0.98 R=+1.00 | carry=1 | base=0.48 ba=+0.01 | site=0 sd=0.00 sa=+0.00 | phero=0 pd=0.00 pa=+0.00 | srch=0.00 | wall=1.20
R16[T4][EXPLORE   ]: L=+1.00 R=+1.00 | carry=0 | base=0.54 ba=-0.28 | site=0 sd=0.00 sa=+0.00 | phero=0 pd=0.00 pa=+0.00 | srch=0.28 | wall=1.35

[PICKUP] Robot 9 picked up tag (density=16) | Total: 206
[GIVE-UP] R13 giving up after 1182 steps
[PICKUP] Robot 4 picked up tag (density=13) | Total: 207
[DEPOSIT] Robot 7 deposited! Total: 200
  [PHERO] Laid at (-2.07, -1.95) density=7 prob=0.99 total_entries=18
  [TARGET] Robot 7 → SITE (-2.07,-1.95)
[DEPOSIT] Robot 5 deposited! Total: 201
  [PHERO] Laid at (-2.38, -2.21) density=6 prob=0.97 total_entries=19
  [TARGET] Robot 5 → SITE (-2.38,-2.21)
[DEPOSIT] Robot 1 deposited! Total: 202
  [TARGET] Robot 1 → SITE (-1.59,1.71)

======================================================================
Step 28000 (14.9 min) | Pickups: 207 | Deposits: 202 | Rate: 13.53 tags/min | phero_entries=19 phero_max=0.904
======================================================================
R1[T1][BASE_ESC  ]: L=+0.00 R=+1.00 | carry=0 | base=0.04 ba=-0.54 | site=1 sd=0.43 sa=+0.51 | phero=0 pd=0.00 pa=+0.00 | srch=0.02 | wall=3.32
R2[T1][SITE      ]: L=+1.00 R=+1.00 | carry=0 | base=0.46 ba=-0.78 | site=1 sd=0.19 sa=-0.20 | phero=0 pd=0.00 pa=+0.00 | srch=0.17 | wall=1.68
R3[T1][EXPLORE   ]: L=-0.43 R=+0.96 | carry=0 | base=0.79 ba=-0.92 | site=0 sd=0.00 sa=+0.00 | phero=0 pd=0.00 pa=+0.00 | srch=1.00 | wall=0.50
R4[T1][RTB       ]: L=+1.00 R=+1.00 | carry=1 | base=0.52 ba=-0.00 | site=0 sd=0.00 sa=+0.00 | phero=0 pd=0.00 pa=+0.00 | srch=0.00 | wall=1.42
R5[T2][BASE_ESC  ]: L=+1.00 R=+0.00 | carry=0 | base=0.04 ba=+0.49 | site=1 sd=0.61 sa=-0.54 | phero=0 pd=0.00 pa=+0.00 | srch=0.02 | wall=3.34
R6[T2][EXPLORE   ]: L=+1.00 R=+1.00 | carry=0 | base=0.57 ba=+0.43 | site=0 sd=0.00 sa=+0.00 | phero=0 pd=0.00 pa=+0.00 | srch=1.00 | wall=1.23
R7[T2][SITE      ]: L=+1.00 R=+0.93 | carry=0 | base=0.06 ba=+0.97 | site=1 sd=0.52 sa=-0.19 | phero=0 pd=0.00 pa=+0.00 | srch=0.03 | wall=3.21
R8[T2][RTB       ]: L=+1.00 R=+1.00 | carry=1 | base=0.10 ba=-0.00 | site=0 sd=0.00 sa=+0.00 | phero=0 pd=0.00 pa=+0.00 | srch=0.00 | wall=3.09
R9[T3][RTB       ]: L=+1.00 R=+1.00 | carry=1 | base=0.42 ba=+0.00 | site=0 sd=0.00 sa=+0.00 | phero=0 pd=0.00 pa=+0.00 | srch=0.00 | wall=1.55
R10[T3][EXPLORE   ]: L=+1.00 R=+1.00 | carry=0 | base=0.66 ba=-0.81 | site=0 sd=0.00 sa=+0.00 | phero=0 pd=0.00 pa=+0.00 | srch=0.31 | wall=0.53
R11[T3][SITE      ]: L=+0.79 R=+0.79 | carry=0 | base=0.40 ba=+0.96 | site=1 sd=0.21 sa=-0.09 | phero=0 pd=0.00 pa=+0.00 | srch=0.33 | wall=1.68
R12[T3][RTB       ]: L=+1.00 R=+1.00 | carry=1 | base=0.18 ba=+0.00 | site=0 sd=0.00 sa=+0.00 | phero=0 pd=0.00 pa=+0.00 | srch=0.00 | wall=2.85
R13[T4][GIVE_UP   ]: L=+1.00 R=+1.00 | carry=0 | base=0.26 ba=-0.00 | site=0 sd=0.00 sa=+0.00 | phero=0 pd=0.00 pa=+0.00 | srch=0.34 | wall=2.22
R14[T4][EXPLORE   ]: L=+1.00 R=+1.00 | carry=0 | base=0.84 ba=+0.43 | site=0 sd=0.00 sa=+0.00 | phero=0 pd=0.00 pa=+0.00 | srch=0.95 | wall=0.37
R15[T4][RTB       ]: L=+1.00 R=+1.00 | carry=1 | base=0.11 ba=+0.00 | site=0 sd=0.00 sa=+0.00 | phero=0 pd=0.00 pa=+0.00 | srch=0.00 | wall=2.96
R16[T4][EXPLORE   ]: L=+1.00 R=+1.00 | carry=0 | base=0.42 ba=-0.53 | site=0 sd=0.00 sa=+0.00 | phero=0 pd=0.00 pa=+0.00 | srch=0.40 | wall=1.45

[DEPOSIT] Robot 8 deposited! Total: 203
  [PHERO] Laid at (1.26, 2.32) density=9 prob=1.00 total_entries=20
  [TARGET] Robot 8 → SITE (1.26,2.32)
[DEPOSIT] Robot 15 deposited! Total: 204
  [PHERO] Laid at (-0.57, 2.55) density=9 prob=1.00 total_entries=21
  [TARGET] Robot 15 → SITE (-0.57,2.55)
TIMEOUT_RESULT pickups=207 deposits=204 steps=28125 elapsed_min=15.000000
BATCH_RESULT pickups=207 deposits=204
