Gym has been unmaintained since 2022 and does not support NumPy 2.0 amongst other critical functionality.
Please upgrade to Gymnasium, the maintained drop-in replacement of Gym, or contact the authors of your software and request that they upgrade.
Users of this version of Gym should be able to simply replace 'import gym' with 'import gymnasium as gym' in the vast majority of cases.
See the migration guide at https://gymnasium.farama.org/introduction/migration_guide/ for additional information.
============================================================
EVALUATION MODE — CPFA-RL Trained Model
Arena: 7×7m  |  Robots: 16  (teams of 4: 4)  |  Tags: 256
Obs per team: 18 × 4 = 72  |  Total obs dim: 288
============================================================

Loading model: ppo_cpfa_v9
Model loaded. Starting evaluation...

============================================================

[GIVE-UP] R7 giving up after 156 steps
[GIVE-UP] R12 giving up after 234 steps
[PICKUP] Robot 6 picked up tag (density=16) | Total: 1
[EMPTY_RTN] R7 → EXPLORE
[EMPTY_RTN] R12 → EXPLORE

======================================================================
Step 500 (0.3 min) | Pickups: 1 | Deposits: 0 | Rate: 0.00 tags/min | phero_entries=0 phero_max=0.000
======================================================================
R1[T1][EXPLORE   ]: L=+1.00 R=+1.00 | carry=0 | base=0.49 ba=+0.98 | site=0 sd=0.00 sa=+0.00 | phero=0 pd=0.00 pa=+0.00 | srch=0.12 | wall=1.07
R2[T1][EXPLORE   ]: L=+1.00 R=+1.00 | carry=0 | base=0.48 ba=-0.98 | site=0 sd=0.00 sa=+0.00 | phero=0 pd=0.00 pa=+0.00 | srch=0.12 | wall=1.14
R3[T1][EXPLORE   ]: L=+1.00 R=+1.00 | carry=0 | base=0.40 ba=-0.90 | site=0 sd=0.00 sa=+0.00 | phero=0 pd=0.00 pa=+0.00 | srch=0.12 | wall=1.73
R4[T1][EXPLORE   ]: L=+1.00 R=+0.76 | carry=0 | base=0.10 ba=-0.34 | site=0 sd=0.00 sa=+0.00 | phero=0 pd=0.00 pa=+0.00 | srch=0.12 | wall=3.02
R5[T2][EXPLORE   ]: L=+1.00 R=+1.00 | carry=0 | base=0.42 ba=+1.00 | site=0 sd=0.00 sa=+0.00 | phero=0 pd=0.00 pa=+0.00 | srch=0.12 | wall=2.01
R6[T2][RTB       ]: L=+1.00 R=+0.82 | carry=1 | base=0.12 ba=-0.07 | site=0 sd=0.00 sa=+0.00 | phero=0 pd=0.00 pa=+0.00 | srch=0.00 | wall=2.95
R7[T2][EXPLORE   ]: L=+1.00 R=+1.00 | carry=0 | base=0.10 ba=-0.88 | site=0 sd=0.00 sa=+0.00 | phero=0 pd=0.00 pa=+0.00 | srch=0.05 | wall=3.02
R8[T2][EXPLORE   ]: L=+1.00 R=+0.72 | carry=0 | base=0.10 ba=+0.14 | site=0 sd=0.00 sa=+0.00 | phero=0 pd=0.00 pa=+0.00 | srch=0.12 | wall=3.03
R9[T3][EXPLORE   ]: L=+1.00 R=+1.00 | carry=0 | base=0.30 ba=-0.98 | site=0 sd=0.00 sa=+0.00 | phero=0 pd=0.00 pa=+0.00 | srch=0.12 | wall=2.25
R10[T3][EXPLORE   ]: L=+1.00 R=+1.00 | carry=0 | base=0.32 ba=+0.97 | site=0 sd=0.00 sa=+0.00 | phero=0 pd=0.00 pa=+0.00 | srch=0.12 | wall=1.90
R11[T3][EXPLORE   ]: L=+1.00 R=+1.00 | carry=0 | base=0.32 ba=+0.93 | site=0 sd=0.00 sa=+0.00 | phero=0 pd=0.00 pa=+0.00 | srch=0.12 | wall=1.94
R12[T3][BASE_ESC  ]: L=+1.00 R=+0.00 | carry=0 | base=0.05 ba=+0.24 | site=0 sd=0.00 sa=+0.00 | phero=0 pd=0.00 pa=+0.00 | srch=0.01 | wall=3.29
R13[T4][EXPLORE   ]: L=+1.00 R=+1.00 | carry=0 | base=0.39 ba=+0.92 | site=0 sd=0.00 sa=+0.00 | phero=0 pd=0.00 pa=+0.00 | srch=0.12 | wall=1.63
R14[T4][EXPLORE   ]: L=+1.00 R=+1.00 | carry=0 | base=0.44 ba=+0.93 | site=0 sd=0.00 sa=+0.00 | phero=0 pd=0.00 pa=+0.00 | srch=0.12 | wall=1.39
R15[T4][EXPLORE   ]: L=+1.00 R=+1.00 | carry=0 | base=0.46 ba=+0.95 | site=0 sd=0.00 sa=+0.00 | phero=0 pd=0.00 pa=+0.00 | srch=0.12 | wall=1.23
R16[T4][EXPLORE   ]: L=+1.00 R=+1.00 | carry=0 | base=0.48 ba=+0.97 | site=0 sd=0.00 sa=+0.00 | phero=0 pd=0.00 pa=+0.00 | srch=0.12 | wall=1.14

[PICKUP] Robot 5 picked up tag (density=16) | Total: 2
[GIVE-UP] R12 giving up after 78 steps
[EMPTY_RTN] R12 → EXPLORE
[PICKUP] Robot 3 picked up tag (density=16) | Total: 3
[PICKUP] Robot 8 picked up tag (density=16) | Total: 4
[PICKUP] Robot 12 picked up tag (density=15) | Total: 5
[GIVE-UP] R4 giving up after 936 steps
[PICKUP] Robot 7 picked up tag (density=14) | Total: 6
[DEPOSIT] Robot 6 deposited! Total: 1
  [PHERO] Laid at (0.87, 0.46) density=16 prob=1.00 total_entries=1
  [TARGET] Robot 6 → SITE (0.87,0.46)

======================================================================
Step 1000 (0.5 min) | Pickups: 6 | Deposits: 1 | Rate: 1.88 tags/min | phero_entries=1 phero_max=0.992
======================================================================
R1[T1][EXPLORE   ]: L=+1.00 R=+1.00 | carry=0 | base=0.50 ba=+0.16 | site=0 sd=0.00 sa=+0.00 | phero=0 pd=0.00 pa=+0.00 | srch=0.25 | wall=1.05
R2[T1][EXPLORE   ]: L=+1.00 R=+1.00 | carry=0 | base=0.56 ba=-0.30 | site=0 sd=0.00 sa=+0.00 | phero=0 pd=0.00 pa=+0.00 | srch=0.25 | wall=0.72
R3[T1][RTB       ]: L=+1.00 R=+1.00 | carry=1 | base=0.55 ba=-0.00 | site=0 sd=0.00 sa=+0.00 | phero=0 pd=0.00 pa=+0.00 | srch=0.00 | wall=1.26
R4[T1][GIVE_UP   ]: L=+1.00 R=+0.67 | carry=0 | base=0.11 ba=-0.13 | site=0 sd=0.00 sa=+0.00 | phero=0 pd=0.00 pa=+0.00 | srch=0.25 | wall=3.00
R5[T2][RTB       ]: L=+1.00 R=+1.00 | carry=1 | base=0.21 ba=+0.00 | site=0 sd=0.00 sa=+0.00 | phero=0 pd=0.00 pa=+0.00 | srch=0.00 | wall=2.74
R6[T2][BASE_ESC  ]: L=+0.00 R=+1.00 | carry=0 | base=0.05 ba=-0.09 | site=1 sd=0.16 sa=-0.91 | phero=0 pd=0.00 pa=+0.00 | srch=0.00 | wall=3.26
R7[T2][RTB       ]: L=+0.31 R=+1.00 | carry=1 | base=0.23 ba=+0.27 | site=0 sd=0.00 sa=+0.00 | phero=0 pd=0.00 pa=+0.00 | srch=0.00 | wall=2.39
R8[T2][RTB       ]: L=+0.98 R=+1.00 | carry=1 | base=0.21 ba=+0.01 | site=0 sd=0.00 sa=+0.00 | phero=0 pd=0.00 pa=+0.00 | srch=0.00 | wall=2.50
R9[T3][EXPLORE   ]: L=+1.00 R=+1.00 | carry=0 | base=0.68 ba=-0.99 | site=0 sd=0.00 sa=+0.00 | phero=0 pd=0.00 pa=+0.00 | srch=0.25 | wall=0.67
R10[T3][WALL_ESC  ]: L=+0.00 R=+1.00 | carry=0 | base=0.64 ba=+0.30 | site=0 sd=0.00 sa=+0.00 | phero=0 pd=0.00 pa=+0.00 | srch=0.25 | wall=0.33
R11[T3][EXPLORE   ]: L=+0.30 R=+1.00 | carry=0 | base=0.59 ba=+0.60 | site=0 sd=0.00 sa=+0.00 | phero=0 pd=0.00 pa=+0.00 | srch=0.25 | wall=0.59
R12[T3][RTB       ]: L=+0.77 R=+1.00 | carry=1 | base=0.22 ba=+0.09 | site=0 sd=0.00 sa=+0.00 | phero=0 pd=0.00 pa=+0.00 | srch=0.00 | wall=2.44
R13[T4][EXPLORE   ]: L=+1.00 R=+1.00 | carry=0 | base=0.63 ba=+0.21 | site=0 sd=0.00 sa=+0.00 | phero=0 pd=0.00 pa=+0.00 | srch=0.25 | wall=0.36
R14[T4][EXPLORE   ]: L=+1.00 R=+1.00 | carry=0 | base=0.60 ba=+0.11 | site=0 sd=0.00 sa=+0.00 | phero=0 pd=0.00 pa=+0.00 | srch=0.25 | wall=0.52
R15[T4][EXPLORE   ]: L=+1.00 R=+1.00 | carry=0 | base=0.58 ba=+0.00 | site=0 sd=0.00 sa=+0.00 | phero=0 pd=0.00 pa=+0.00 | srch=0.25 | wall=0.65
R16[T4][EXPLORE   ]: L=+1.00 R=+1.00 | carry=0 | base=0.54 ba=+0.24 | site=0 sd=0.00 sa=+0.00 | phero=0 pd=0.00 pa=+0.00 | srch=0.25 | wall=0.82

[PICKUP] Robot 1 picked up tag (density=16) | Total: 7
[EMPTY_RTN] R4 → phero(0.87,0.46)
[GIVE-UP] R13 giving up after 1092 steps
[PICKUP] Robot 16 picked up tag (density=15) | Total: 8
[GIVE-UP] R10 giving up after 1170 steps
[GIVE-UP] R13 giving up after 1170 steps
[DEPOSIT] Robot 5 deposited! Total: 2
  [PHERO] Laid at (1.62, 1.62) density=16 prob=1.00 total_entries=2
  [TARGET] Robot 5 → SITE (1.62,1.62)
[DEPOSIT] Robot 8 deposited! Total: 3
  [PHERO] Laid at (0.50, 1.19) density=16 prob=1.00 total_entries=3
  [TARGET] Robot 8 → SITE (0.50,1.19)
[DEPOSIT] Robot 12 deposited! Total: 4
  [PHERO] Laid at (1.15, 0.16) density=15 prob=1.00 total_entries=4
  [TARGET] Robot 12 → SITE (1.15,0.16)
[DEPOSIT] Robot 7 deposited! Total: 5
  [PHERO] Laid at (1.13, 0.17) density=14 prob=1.00 total_entries=5
  [TARGET] Robot 7 → SITE (1.13,0.17)
[PICKUP] Robot 9 picked up tag (density=16) | Total: 9
[PICKUP] Robot 14 picked up tag (density=13) | Total: 10

======================================================================
Step 1500 (0.8 min) | Pickups: 10 | Deposits: 5 | Rate: 6.25 tags/min | phero_entries=5 phero_max=0.687
======================================================================
R1[T1][RTB       ]: L=+0.97 R=+1.00 | carry=1 | base=0.16 ba=+0.01 | site=0 sd=0.00 sa=+0.00 | phero=0 pd=0.00 pa=+0.00 | srch=0.00 | wall=2.72
R2[T1][EXPLORE   ]: L=+1.00 R=+1.00 | carry=0 | base=0.46 ba=-0.54 | site=0 sd=0.00 sa=+0.00 | phero=0 pd=0.00 pa=+0.00 | srch=0.38 | wall=1.81
R3[T1][RTB       ]: L=+1.00 R=+1.00 | carry=1 | base=0.16 ba=-0.00 | site=0 sd=0.00 sa=+0.00 | phero=0 pd=0.00 pa=+0.00 | srch=0.00 | wall=2.84
R4[T1][PHERO     ]: L=+0.94 R=+1.00 | carry=0 | base=0.15 ba=+0.80 | site=0 sd=0.00 sa=+0.00 | phero=1 pd=0.08 pa=+0.15 | srch=0.11 | wall=2.77
R5[T2][SITE      ]: L=+1.00 R=+0.97 | carry=0 | base=0.19 ba=-0.92 | site=1 sd=0.28 sa=-0.06 | phero=0 pd=0.00 pa=+0.00 | srch=0.07 | wall=2.69
R6[T2][SITE      ]: L=+0.00 R=+0.00 | carry=0 | base=0.19 ba=-0.76 | site=1 sd=0.02 sa=-0.03 | phero=0 pd=0.00 pa=+0.00 | srch=0.13 | wall=2.71
R7[T2][SITE      ]: L=+0.86 R=+0.84 | carry=0 | base=0.13 ba=+0.97 | site=1 sd=0.10 sa=-0.04 | phero=0 pd=0.00 pa=+0.00 | srch=0.06 | wall=2.87
R8[T2][SITE      ]: L=+0.93 R=+1.00 | carry=0 | base=0.15 ba=-0.97 | site=1 sd=0.11 sa=+0.17 | phero=0 pd=0.00 pa=+0.00 | srch=0.07 | wall=2.87
R9[T3][RTB       ]: L=+1.00 R=+1.00 | carry=1 | base=0.59 ba=-0.00 | site=0 sd=0.00 sa=+0.00 | phero=0 pd=0.00 pa=+0.00 | srch=0.00 | wall=1.22
R10[T3][GIVE_UP   ]: L=+1.00 R=+1.00 | carry=0 | base=0.29 ba=+0.00 | site=0 sd=0.00 sa=+0.00 | phero=0 pd=0.00 pa=+0.00 | srch=0.38 | wall=2.11
R11[T3][EXPLORE   ]: L=+1.00 R=+0.93 | carry=0 | base=0.53 ba=-0.50 | site=0 sd=0.00 sa=+0.00 | phero=0 pd=0.00 pa=+0.00 | srch=0.38 | wall=1.21
R12[T3][SITE      ]: L=+1.00 R=+1.00 | carry=0 | base=0.15 ba=-0.92 | site=1 sd=0.09 sa=-0.01 | phero=0 pd=0.00 pa=+0.00 | srch=0.07 | wall=2.77
R13[T4][GIVE_UP   ]: L=+1.00 R=+1.00 | carry=0 | base=0.28 ba=+0.00 | site=0 sd=0.00 sa=+0.00 | phero=0 pd=0.00 pa=+0.00 | srch=0.38 | wall=2.13
R14[T4][RTB       ]: L=+0.61 R=+1.00 | carry=1 | base=0.29 ba=+0.17 | site=0 sd=0.00 sa=+0.00 | phero=0 pd=0.00 pa=+0.00 | srch=0.00 | wall=2.13
R15[T4][EXPLORE   ]: L=+0.17 R=+0.91 | carry=0 | base=0.46 ba=-0.24 | site=0 sd=0.00 sa=+0.00 | phero=0 pd=0.00 pa=+0.00 | srch=0.38 | wall=1.22
R16[T4][RTB       ]: L=+1.00 R=+1.00 | carry=1 | base=0.20 ba=+0.00 | site=0 sd=0.00 sa=+0.00 | phero=0 pd=0.00 pa=+0.00 | srch=0.00 | wall=2.55

[PICKUP] Robot 12 picked up tag (density=12) | Total: 11
[PICKUP] Robot 6 picked up tag (density=11) | Total: 12
[PICKUP] Robot 5 picked up tag (density=15) | Total: 13
[DEPOSIT] Robot 3 deposited! Total: 6
  [PHERO] Laid at (2.59, -1.67) density=16 prob=1.00 total_entries=6
  [TARGET] Robot 3 → SITE (2.59,-1.67)
[PICKUP] Robot 8 picked up tag (density=14) | Total: 14
[DEPOSIT] Robot 1 deposited! Total: 7
  [PHERO] Laid at (2.35, 0.47) density=16 prob=1.00 total_entries=7
  [TARGET] Robot 1 → SITE (2.35,0.47)
[DEPOSIT] Robot 16 deposited! Total: 8
  [PHERO] Laid at (2.31, 0.47) density=15 prob=1.00 total_entries=8
  [TARGET] Robot 16 → SITE (2.31,0.47)
[PICKUP] Robot 4 picked up tag (density=10) | Total: 15
[EMPTY_RTN] R13 → phero(2.31,0.47)
[EMPTY_RTN] R10 → phero(2.35,0.47)
[DEPOSIT] Robot 12 deposited! Total: 9
  [PHERO] Laid at (0.89, 0.23) density=12 prob=1.00 total_entries=9
  [TARGET] Robot 12 → SITE (0.89,0.23)
[DEPOSIT] Robot 14 deposited! Total: 10
  [PHERO] Laid at (1.40, 0.47) density=13 prob=1.00 total_entries=10
  [TARGET] Robot 14 → SITE (1.40,0.47)
[DEPOSIT] Robot 6 deposited! Total: 11
  [PHERO] Laid at (0.89, 0.45) density=11 prob=1.00 total_entries=11
  [TARGET] Robot 6 → SITE (0.89,0.45)

======================================================================
Step 2000 (1.1 min) | Pickups: 15 | Deposits: 11 | Rate: 10.31 tags/min | phero_entries=11 phero_max=0.976
======================================================================
R1[T1][SITE      ]: L=+1.00 R=+1.00 | carry=0 | base=0.12 ba=-1.00 | site=1 sd=0.37 sa=+0.12 | phero=0 pd=0.00 pa=+0.00 | srch=0.06 | wall=2.93
R2[T1][WALL_ESC  ]: L=+1.00 R=+0.00 | carry=0 | base=0.68 ba=-0.36 | site=0 sd=0.00 sa=+0.00 | phero=0 pd=0.00 pa=+0.00 | srch=0.50 | wall=0.31
R3[T1][SITE      ]: L=+0.89 R=+0.87 | carry=0 | base=0.20 ba=+0.96 | site=1 sd=0.43 sa=-0.12 | phero=0 pd=0.00 pa=+0.00 | srch=0.09 | wall=2.60
R4[T1][RTB       ]: L=+1.00 R=+1.00 | carry=1 | base=0.12 ba=+0.00 | site=0 sd=0.00 sa=+0.00 | phero=0 pd=0.00 pa=+0.00 | srch=0.00 | wall=2.99
R5[T2][RTB       ]: L=+1.00 R=+1.00 | carry=1 | base=0.09 ba=-0.00 | site=0 sd=0.00 sa=+0.00 | phero=0 pd=0.00 pa=+0.00 | srch=0.00 | wall=3.17
R6[T2][BASE_ESC  ]: L=+1.00 R=+0.00 | carry=0 | base=0.05 ba=+0.15 | site=1 sd=0.16 sa=-0.78 | phero=0 pd=0.00 pa=+0.00 | srch=0.00 | wall=3.28
R7[T2][SITE      ]: L=+0.45 R=+0.44 | carry=0 | base=0.08 ba=-0.93 | site=1 sd=0.15 sa=-0.09 | phero=0 pd=0.00 pa=+0.00 | srch=0.18 | wall=3.13
R8[T2][RTB       ]: L=+1.00 R=+1.00 | carry=1 | base=0.08 ba=+0.00 | site=0 sd=0.00 sa=+0.00 | phero=0 pd=0.00 pa=+0.00 | srch=0.00 | wall=3.16
R9[T3][RTB       ]: L=+1.00 R=+1.00 | carry=1 | base=0.21 ba=-0.00 | site=0 sd=0.00 sa=+0.00 | phero=0 pd=0.00 pa=+0.00 | srch=0.00 | wall=2.71
R10[T3][PHERO     ]: L=+0.96 R=+1.00 | carry=0 | base=0.09 ba=+0.78 | site=0 sd=0.00 sa=+0.00 | phero=1 pd=0.43 pa=+0.09 | srch=0.05 | wall=3.13
R11[T3][EXPLORE   ]: L=+1.00 R=+0.42 | carry=0 | base=0.71 ba=-0.35 | site=0 sd=0.00 sa=+0.00 | phero=0 pd=0.00 pa=+0.00 | srch=0.50 | wall=0.85
R12[T3][SITE      ]: L=+1.00 R=+0.93 | carry=0 | base=0.07 ba=-0.93 | site=1 sd=0.12 sa=-0.07 | phero=0 pd=0.00 pa=+0.00 | srch=0.03 | wall=3.22
R13[T4][PHERO     ]: L=+1.00 R=+1.00 | carry=0 | base=0.13 ba=+0.91 | site=0 sd=0.00 sa=+0.00 | phero=1 pd=0.36 pa=+0.09 | srch=0.05 | wall=2.87
R14[T4][BASE_ESC  ]: L=+0.00 R=+1.00 | carry=0 | base=0.04 ba=-0.61 | site=1 sd=0.26 sa=+0.52 | phero=0 pd=0.00 pa=+0.00 | srch=0.02 | wall=3.28
R15[T4][EXPLORE   ]: L=+0.84 R=-0.69 | carry=0 | base=0.48 ba=-0.55 | site=0 sd=0.00 sa=+0.00 | phero=0 pd=0.00 pa=+0.00 | srch=0.50 | wall=1.12
R16[T4][SITE      ]: L=+1.00 R=+1.00 | carry=0 | base=0.11 ba=-0.81 | site=1 sd=0.38 sa=+0.06 | phero=0 pd=0.00 pa=+0.00 | srch=0.05 | wall=3.04

[DEPOSIT] Robot 8 deposited! Total: 12
  [PHERO] Laid at (0.64, 1.16) density=14 prob=1.00 total_entries=12
  [TARGET] Robot 8 → SITE (0.64,1.16)
[DEPOSIT] Robot 5 deposited! Total: 13
  [PHERO] Laid at (0.82, 1.16) density=15 prob=1.00 total_entries=13
  [TARGET] Robot 5 → SITE (0.82,1.16)
[DEPOSIT] Robot 4 deposited! Total: 14
  [PHERO] Laid at (0.90, 0.46) density=10 prob=1.00 total_entries=14
  [TARGET] Robot 4 → SITE (0.90,0.46)
[PICKUP] Robot 16 picked up tag (density=9) | Total: 16
[DEPOSIT] Robot 9 deposited! Total: 15
  [PHERO] Laid at (-2.92, 2.27) density=16 prob=1.00 total_entries=15
  [TARGET] Robot 9 → SITE (-2.92,2.27)
[PICKUP] Robot 11 picked up tag (density=15) | Total: 17
[PICKUP] Robot 14 picked up tag (density=8) | Total: 18
[PICKUP] Robot 6 picked up tag (density=7) | Total: 19
[PICKUP] Robot 4 picked up tag (density=6) | Total: 20

======================================================================
Step 2500 (1.3 min) | Pickups: 20 | Deposits: 15 | Rate: 11.25 tags/min | phero_entries=15 phero_max=0.621
======================================================================
R1[T1][SITE      ]: L=+0.83 R=+1.00 | carry=0 | base=0.50 ba=+0.91 | site=1 sd=0.14 sa=+0.49 | phero=0 pd=0.00 pa=+0.00 | srch=0.18 | wall=1.04
R2[T1][EXPLORE   ]: L=+1.00 R=+1.00 | carry=0 | base=0.36 ba=-0.20 | site=0 sd=0.00 sa=+0.00 | phero=0 pd=0.00 pa=+0.00 | srch=0.62 | wall=1.74
R3[T1][SITE      ]: L=+0.20 R=+0.07 | carry=0 | base=0.39 ba=-0.99 | site=1 sd=0.23 sa=+0.00 | phero=0 pd=0.00 pa=+0.00 | srch=0.21 | wall=1.86
R4[T1][RTB       ]: L=+0.00 R=+1.00 | carry=1 | base=0.20 ba=+0.60 | site=0 sd=0.00 sa=+0.00 | phero=0 pd=0.00 pa=+0.00 | srch=0.00 | wall=2.55
R5[T2][SITE      ]: L=+1.00 R=+1.00 | carry=0 | base=0.27 ba=+1.00 | site=1 sd=0.04 sa=+0.38 | phero=0 pd=0.00 pa=+0.00 | srch=0.11 | wall=2.53
R6[T2][RTB       ]: L=+1.00 R=+0.98 | carry=1 | base=0.17 ba=-0.01 | site=0 sd=0.00 sa=+0.00 | phero=0 pd=0.00 pa=+0.00 | srch=0.00 | wall=2.70
R7[T2][SITE      ]: L=+0.03 R=+0.00 | carry=0 | base=0.13 ba=-0.85 | site=1 sd=0.10 sa=+0.04 | phero=0 pd=0.00 pa=+0.00 | srch=0.31 | wall=2.87
R8[T2][SITE      ]: L=+0.77 R=+1.00 | carry=0 | base=0.28 ba=+0.78 | site=1 sd=0.05 sa=+0.37 | phero=0 pd=0.00 pa=+0.00 | srch=0.12 | wall=2.45
R9[T3][SITE      ]: L=+1.00 R=+1.00 | carry=0 | base=0.19 ba=-0.97 | site=1 sd=0.59 sa=+0.24 | phero=0 pd=0.00 pa=+0.00 | srch=0.07 | wall=2.62
R10[T3][PHERO     ]: L=+1.00 R=+1.00 | carry=0 | base=0.44 ba=+0.92 | site=0 sd=0.00 sa=+0.00 | phero=1 pd=0.04 pa=+0.01 | srch=0.17 | wall=1.34
R11[T3][RTB       ]: L=+1.00 R=+1.00 | carry=1 | base=0.53 ba=+0.00 | site=0 sd=0.00 sa=+0.00 | phero=0 pd=0.00 pa=+0.00 | srch=0.00 | wall=1.27
R12[T3][EXPLORE   ]: L=+1.00 R=+1.00 | carry=0 | base=0.34 ba=-0.85 | site=0 sd=0.00 sa=+0.00 | phero=0 pd=0.00 pa=+0.00 | srch=0.16 | wall=1.86
R13[T4][PHERO     ]: L=+1.00 R=+1.00 | carry=0 | base=0.51 ba=+0.93 | site=0 sd=0.00 sa=+0.00 | phero=1 pd=0.07 pa=+0.59 | srch=0.18 | wall=1.00
R14[T4][RTB       ]: L=+0.90 R=+1.00 | carry=1 | base=0.21 ba=+0.03 | site=0 sd=0.00 sa=+0.00 | phero=0 pd=0.00 pa=+0.00 | srch=0.00 | wall=2.49
R15[T4][EXPLORE   ]: L=+0.39 R=-0.25 | carry=0 | base=0.49 ba=+0.74 | site=0 sd=0.00 sa=+0.00 | phero=0 pd=0.00 pa=+0.00 | srch=0.62 | wall=1.06
R16[T4][RTB       ]: L=+1.00 R=+1.00 | carry=1 | base=0.12 ba=-0.00 | site=0 sd=0.00 sa=+0.00 | phero=0 pd=0.00 pa=+0.00 | srch=0.00 | wall=2.88

[PICKUP] Robot 8 picked up tag (density=13) | Total: 21
[PICKUP] Robot 10 picked up tag (density=14) | Total: 22
[DEPOSIT] Robot 16 deposited! Total: 16
  [PHERO] Laid at (1.14, 0.21) density=9 prob=1.00 total_entries=16
  [TARGET] Robot 16 → SITE (1.14,0.21)
[PICKUP] Robot 5 picked up tag (density=12) | Total: 23
[DEPOSIT] Robot 6 deposited! Total: 17
  [PHERO] Laid at (0.95, 0.47) density=7 prob=0.99 total_entries=17
  [TARGET] Robot 6 → SITE (0.95,0.47)
[DEPOSIT] Robot 14 deposited! Total: 18
  [PHERO] Laid at (1.16, 0.24) density=8 prob=1.00 total_entries=18
  [TARGET] Robot 14 → SITE (1.16,0.24)
[DEPOSIT] Robot 4 deposited! Total: 19
  [PHERO] Laid at (0.96, 0.32) density=6 prob=0.97 total_entries=19
  [TARGET] Robot 4 → SITE (0.96,0.32)
[PICKUP] Robot 13 picked up tag (density=13) | Total: 24
[GIVE-UP] R15 giving up after 2808 steps
[PICKUP] Robot 9 picked up tag (density=16) | Total: 25
[PICKUP] Robot 1 picked up tag (density=12) | Total: 26
[DEPOSIT] Robot 8 deposited! Total: 20
  [PHERO] Laid at (0.84, 1.18) density=13 prob=1.00 total_entries=20
  [TARGET] Robot 8 → SITE (0.84,1.18)

======================================================================
Step 3000 (1.6 min) | Pickups: 26 | Deposits: 20 | Rate: 12.50 tags/min | phero_entries=20 phero_max=0.881
======================================================================
R1[T1][RTB       ]: L=+1.00 R=+1.00 | carry=1 | base=0.43 ba=+0.00 | site=0 sd=0.00 sa=+0.00 | phero=0 pd=0.00 pa=+0.00 | srch=0.00 | wall=1.46
R2[T1][EXPLORE   ]: L=+1.00 R=+1.00 | carry=0 | base=0.23 ba=-0.63 | site=0 sd=0.00 sa=+0.00 | phero=0 pd=0.00 pa=+0.00 | srch=0.75 | wall=2.40
R3[T1][SITE      ]: L=+1.00 R=+1.00 | carry=0 | base=0.55 ba=+1.00 | site=1 sd=0.08 sa=+0.06 | phero=0 pd=0.00 pa=+0.00 | srch=0.34 | wall=1.27
R4[T1][SITE      ]: L=+1.00 R=+1.00 | carry=0 | base=0.09 ba=-0.87 | site=1 sd=0.12 sa=+0.18 | phero=0 pd=0.00 pa=+0.00 | srch=0.05 | wall=3.09
R5[T2][RTB       ]: L=+1.00 R=+1.00 | carry=1 | base=0.06 ba=+0.00 | site=0 sd=0.00 sa=+0.00 | phero=0 pd=0.00 pa=+0.00 | srch=0.00 | wall=3.25
R6[T2][SITE      ]: L=+0.87 R=+1.00 | carry=0 | base=0.19 ba=-0.88 | site=1 sd=0.02 sa=+0.11 | phero=0 pd=0.00 pa=+0.00 | srch=0.08 | wall=2.64
R7[T2][SITE      ]: L=+0.52 R=+0.53 | carry=0 | base=0.15 ba=-0.88 | site=1 sd=0.08 sa=+0.05 | phero=0 pd=0.00 pa=+0.00 | srch=0.43 | wall=2.76
R8[T2][BASE_ESC  ]: L=+1.00 R=+0.00 | carry=0 | base=0.04 ba=+0.65 | site=1 sd=0.25 sa=-0.44 | phero=0 pd=0.00 pa=+0.00 | srch=0.02 | wall=3.30
R9[T3][RTB       ]: L=+0.97 R=+1.00 | carry=1 | base=0.41 ba=+0.01 | site=0 sd=0.00 sa=+0.00 | phero=0 pd=0.00 pa=+0.00 | srch=0.00 | wall=1.64
R10[T3][RTB       ]: L=+1.00 R=+1.00 | carry=1 | base=0.24 ba=+0.00 | site=0 sd=0.00 sa=+0.00 | phero=0 pd=0.00 pa=+0.00 | srch=0.00 | wall=2.34
R11[T3][RTB       ]: L=+1.00 R=+1.00 | carry=1 | base=0.15 ba=+0.00 | site=0 sd=0.00 sa=+0.00 | phero=0 pd=0.00 pa=+0.00 | srch=0.00 | wall=2.86
R12[T3][EXPLORE   ]: L=+1.00 R=+1.00 | carry=0 | base=0.56 ba=-0.60 | site=0 sd=0.00 sa=+0.00 | phero=0 pd=0.00 pa=+0.00 | srch=0.28 | wall=1.48
R13[T4][RTB       ]: L=+1.00 R=+1.00 | carry=1 | base=0.38 ba=+0.00 | site=0 sd=0.00 sa=+0.00 | phero=0 pd=0.00 pa=+0.00 | srch=0.00 | wall=1.70
R14[T4][SITE      ]: L=+1.00 R=+0.94 | carry=0 | base=0.10 ba=+0.96 | site=1 sd=0.14 sa=-0.06 | phero=0 pd=0.00 pa=+0.00 | srch=0.06 | wall=3.02
R15[T4][GIVE_UP   ]: L=+1.00 R=+1.00 | carry=0 | base=0.31 ba=-0.00 | site=0 sd=0.00 sa=+0.00 | phero=0 pd=0.00 pa=+0.00 | srch=0.75 | wall=1.96
R16[T4][SITE      ]: L=+0.88 R=+0.74 | carry=0 | base=0.22 ba=-0.97 | site=1 sd=0.01 sa=-0.07 | phero=0 pd=0.00 pa=+0.00 | srch=0.10 | wall=2.43

[DEPOSIT] Robot 5 deposited! Total: 21
  [PHERO] Laid at (0.93, 1.27) density=12 prob=1.00 total_entries=21
  [TARGET] Robot 5 → SITE (0.93,1.27)
[PICKUP] Robot 6 picked up tag (density=5) | Total: 27
[PICKUP] Robot 16 picked up tag (density=4) | Total: 28
[PICKUP] Robot 3 picked up tag (density=14) | Total: 29
[DEPOSIT] Robot 11 deposited! Total: 22
  [PHERO] Laid at (2.78, -1.81) density=15 prob=1.00 total_entries=22
  [TARGET] Robot 11 → SITE (2.78,-1.81)
[DEPOSIT] Robot 10 deposited! Total: 23
  [PHERO] Laid at (2.39, 0.48) density=14 prob=1.00 total_entries=23
  [TARGET] Robot 10 → SITE (2.39,0.48)
[EMPTY_RTN] R15 → phero(-2.92,2.27)
[GIVE-UP] R2 giving up after 3354 steps
[DEPOSIT] Robot 6 deposited! Total: 24
  [TARGET] Robot 6 → SITE (0.98,0.46)
[DEPOSIT] Robot 13 deposited! Total: 25
  [PHERO] Laid at (2.59, 0.80) density=13 prob=1.00 total_entries=24
  [TARGET] Robot 13 → SITE (2.59,0.80)
[DEPOSIT] Robot 9 deposited! Total: 26
  [PHERO] Laid at (-0.81, 2.07) density=16 prob=1.00 total_entries=25
  [TARGET] Robot 9 → SITE (-0.81,2.07)

======================================================================
Step 3500 (1.9 min) | Pickups: 29 | Deposits: 26 | Rate: 13.93 tags/min | phero_entries=25 phero_max=0.950
======================================================================
R1[T1][RTB       ]: L=+1.00 R=+0.97 | carry=1 | base=0.06 ba=-0.01 | site=0 sd=0.00 sa=+0.00 | phero=0 pd=0.00 pa=+0.00 | srch=0.00 | wall=3.21
R2[T1][GIVE_UP   ]: L=+1.00 R=+0.98 | carry=0 | base=0.36 ba=-0.01 | site=0 sd=0.00 sa=+0.00 | phero=0 pd=0.00 pa=+0.00 | srch=0.88 | wall=1.99
R3[T1][RTB       ]: L=+1.00 R=+1.00 | carry=1 | base=0.41 ba=+0.00 | site=0 sd=0.00 sa=+0.00 | phero=0 pd=0.00 pa=+0.00 | srch=0.00 | wall=1.73
R4[T1][EXPLORE   ]: L=+1.00 R=+1.00 | carry=0 | base=0.25 ba=+0.69 | site=0 sd=0.00 sa=+0.00 | phero=0 pd=0.00 pa=+0.00 | srch=0.18 | wall=2.39
R5[T2][SITE      ]: L=+0.82 R=+1.00 | carry=0 | base=0.33 ba=+0.77 | site=1 sd=0.07 sa=+0.35 | phero=0 pd=0.00 pa=+0.00 | srch=0.12 | wall=2.30
R6[T2][BASE_ESC  ]: L=+0.00 R=+1.00 | carry=0 | base=0.03 ba=-0.69 | site=1 sd=0.19 sa=+0.46 | phero=0 pd=0.00 pa=+0.00 | srch=0.02 | wall=3.34
R7[T2][SITE      ]: L=-0.03 R=-0.03 | carry=0 | base=0.08 ba=-0.76 | site=1 sd=0.16 sa=+0.06 | phero=0 pd=0.00 pa=+0.00 | srch=0.56 | wall=3.17
R8[T2][SITE      ]: L=+0.60 R=+0.81 | carry=0 | base=0.31 ba=+0.38 | site=1 sd=0.02 sa=+0.17 | phero=0 pd=0.00 pa=+0.00 | srch=0.14 | wall=2.29
R9[T3][BASE_ESC  ]: L=+1.00 R=+0.00 | carry=0 | base=0.05 ba=+0.33 | site=1 sd=0.40 sa=-0.71 | phero=0 pd=0.00 pa=+0.00 | srch=0.01 | wall=3.30
R10[T3][SITE      ]: L=+1.00 R=+1.00 | carry=0 | base=0.10 ba=+0.94 | site=1 sd=0.41 sa=-0.27 | phero=0 pd=0.00 pa=+0.00 | srch=0.04 | wall=3.14
R11[T3][SITE      ]: L=+1.00 R=+1.00 | carry=0 | base=0.25 ba=-0.94 | site=1 sd=0.45 sa=-0.14 | phero=0 pd=0.00 pa=+0.00 | srch=0.09 | wall=2.28
R12[T3][EXPLORE   ]: L=+1.00 R=+1.00 | carry=0 | base=0.66 ba=-0.13 | site=0 sd=0.00 sa=+0.00 | phero=0 pd=0.00 pa=+0.00 | srch=0.41 | wall=0.46
R13[T4][BASE_ESC  ]: L=+0.00 R=+1.00 | carry=0 | base=0.05 ba=-0.33 | site=1 sd=0.50 sa=+0.72 | phero=0 pd=0.00 pa=+0.00 | srch=0.01 | wall=3.28
R14[T4][EXPLORE   ]: L=+1.00 R=+1.00 | carry=0 | base=0.28 ba=-0.40 | site=0 sd=0.00 sa=+0.00 | phero=0 pd=0.00 pa=+0.00 | srch=0.19 | wall=2.14
R15[T4][PHERO     ]: L=-1.00 R=+1.00 | carry=0 | base=0.05 ba=+0.65 | site=0 sd=0.00 sa=+0.00 | phero=1 pd=0.79 pa=+0.53 | srch=0.04 | wall=3.25
R16[T4][RTB       ]: L=+1.00 R=+1.00 | carry=1 | base=0.21 ba=-0.00 | site=0 sd=0.00 sa=+0.00 | phero=0 pd=0.00 pa=+0.00 | srch=0.00 | wall=2.46

[PICKUP] Robot 8 picked up tag (density=11) | Total: 30
[DEPOSIT] Robot 1 deposited! Total: 27
  [PHERO] Laid at (2.58, 0.75) density=12 prob=1.00 total_entries=26
  [TARGET] Robot 1 → SITE (2.58,0.75)
[PICKUP] Robot 4 picked up tag (density=16) | Total: 31
[DEPOSIT] Robot 16 deposited! Total: 28
  [PHERO] Laid at (1.21, 0.24) density=4 prob=0.82 total_entries=27
  [TARGET] Robot 16 → SITE (1.21,0.24)
[EMPTY_RTN] R2 → phero(2.58,0.75)
[DEPOSIT] Robot 8 deposited! Total: 29
  [PHERO] Laid at (0.78, 1.24) density=11 prob=1.00 total_entries=28
  [TARGET] Robot 8 → SITE (0.78,1.24)
[DEPOSIT] Robot 3 deposited! Total: 30
  [PHERO] Laid at (2.63, -1.70) density=14 prob=1.00 total_entries=29
  [TARGET] Robot 3 → SITE (2.63,-1.70)

======================================================================
Step 4000 (2.1 min) | Pickups: 31 | Deposits: 30 | Rate: 14.06 tags/min | phero_entries=29 phero_max=0.953
======================================================================
R1[T1][SITE      ]: L=+1.00 R=+1.00 | carry=0 | base=0.25 ba=+0.97 | site=1 sd=0.29 sa=+0.03 | phero=0 pd=0.00 pa=+0.00 | srch=0.11 | wall=2.27
R2[T1][BASE_ESC  ]: L=+0.26 R=+1.00 | carry=0 | base=0.05 ba=-0.81 | site=0 sd=0.00 sa=+0.00 | phero=1 pd=0.57 pa=-0.50 | srch=0.03 | wall=3.33
R3[T1][BASE_ESC  ]: L=+1.00 R=+0.00 | carry=0 | base=0.05 ba=+0.28 | site=1 sd=0.59 sa=-0.75 | phero=0 pd=0.00 pa=+0.00 | srch=0.01 | wall=3.30
R4[T1][RTB       ]: L=+1.00 R=+1.00 | carry=1 | base=0.20 ba=+0.00 | site=0 sd=0.00 sa=+0.00 | phero=0 pd=0.00 pa=+0.00 | srch=0.00 | wall=2.49
R5[T2][EXPLORE   ]: L=+1.00 R=+1.00 | carry=0 | base=0.08 ba=-0.29 | site=0 sd=0.00 sa=+0.00 | phero=0 pd=0.00 pa=+0.00 | srch=0.25 | wall=3.15
R6[T2][EXPLORE   ]: L=+1.00 R=+1.00 | carry=0 | base=0.23 ba=+0.58 | site=0 sd=0.00 sa=+0.00 | phero=0 pd=0.00 pa=+0.00 | srch=0.14 | wall=2.54
R7[T2][SITE      ]: L=+0.27 R=+0.31 | carry=0 | base=0.07 ba=-0.80 | site=1 sd=0.17 sa=+0.06 | phero=0 pd=0.00 pa=+0.00 | srch=0.68 | wall=3.21
R8[T2][BASE_ESC  ]: L=+1.00 R=+0.00 | carry=0 | base=0.04 ba=+0.70 | site=1 sd=0.25 sa=-0.39 | phero=0 pd=0.00 pa=+0.00 | srch=0.02 | wall=3.29
R9[T3][SITE      ]: L=+1.00 R=+0.99 | carry=0 | base=0.35 ba=-0.87 | site=1 sd=0.11 sa=-0.01 | phero=0 pd=0.00 pa=+0.00 | srch=0.13 | wall=1.96
R10[T3][SITE      ]: L=+1.00 R=+0.96 | carry=0 | base=0.46 ba=-0.78 | site=1 sd=0.24 sa=-0.32 | phero=0 pd=0.00 pa=+0.00 | srch=0.17 | wall=1.75
R11[T3][SITE      ]: L=+1.00 R=+0.94 | carry=0 | base=0.62 ba=-0.81 | site=1 sd=0.12 sa=-0.19 | phero=0 pd=0.00 pa=+0.00 | srch=0.22 | wall=0.69
R12[T3][EXPLORE   ]: L=+1.00 R=+1.00 | carry=0 | base=0.34 ba=-0.29 | site=0 sd=0.00 sa=+0.00 | phero=0 pd=0.00 pa=+0.00 | srch=0.53 | wall=1.81
R13[T4][SITE      ]: L=+1.00 R=+1.00 | carry=0 | base=0.38 ba=+0.98 | site=1 sd=0.25 sa=+0.31 | phero=0 pd=0.00 pa=+0.00 | srch=0.13 | wall=1.64
R14[T4][EXPLORE   ]: L=+1.00 R=+1.00 | carry=0 | base=0.57 ba=+0.99 | site=0 sd=0.00 sa=+0.00 | phero=0 pd=0.00 pa=+0.00 | srch=0.31 | wall=0.86
R15[T4][PHERO     ]: L=+0.31 R=+0.31 | carry=0 | base=0.07 ba=+0.30 | site=0 sd=0.00 sa=+0.00 | phero=1 pd=0.81 pa=+0.15 | srch=0.17 | wall=3.16
R16[T4][SITE      ]: L=+0.96 R=+1.00 | carry=0 | base=0.14 ba=+0.93 | site=1 sd=0.12 sa=+0.10 | phero=0 pd=0.00 pa=+0.00 | srch=0.06 | wall=2.82

[PICKUP] Robot 11 picked up tag (density=13) | Total: 32
[PICKUP] Robot 9 picked up tag (density=15) | Total: 33
[PICKUP] Robot 6 picked up tag (density=10) | Total: 34
[DEPOSIT] Robot 4 deposited! Total: 31
  [PHERO] Laid at (0.17, 1.79) density=16 prob=1.00 total_entries=30
  [TARGET] Robot 4 → SITE (0.17,1.79)
[PICKUP] Robot 1 picked up tag (density=11) | Total: 35

======================================================================
Step 4500 (2.4 min) | Pickups: 35 | Deposits: 31 | Rate: 12.92 tags/min | phero_entries=30 phero_max=0.618
======================================================================
R1[T1][RTB       ]: L=+1.00 R=+1.00 | carry=1 | base=0.34 ba=+0.00 | site=0 sd=0.00 sa=+0.00 | phero=0 pd=0.00 pa=+0.00 | srch=0.00 | wall=1.87
R2[T1][PHERO     ]: L=+0.63 R=+0.62 | carry=0 | base=0.30 ba=-0.81 | site=0 sd=0.00 sa=+0.00 | phero=1 pd=0.28 pa=-0.04 | srch=0.15 | wall=2.32
R3[T1][SITE      ]: L=+0.98 R=+1.00 | carry=0 | base=0.31 ba=+0.98 | site=1 sd=0.33 sa=+0.08 | phero=0 pd=0.00 pa=+0.00 | srch=0.13 | wall=2.36
R4[T1][SITE      ]: L=+1.00 R=+1.00 | carry=0 | base=0.17 ba=-0.94 | site=1 sd=0.19 sa=+0.10 | phero=0 pd=0.00 pa=+0.00 | srch=0.08 | wall=2.65
R5[T2][EXPLORE   ]: L=+1.00 R=+1.00 | carry=0 | base=0.31 ba=-0.92 | site=0 sd=0.00 sa=+0.00 | phero=0 pd=0.00 pa=+0.00 | srch=0.37 | wall=1.97
R6[T2][RTB       ]: L=+1.00 R=+1.00 | carry=1 | base=0.10 ba=+0.00 | site=0 sd=0.00 sa=+0.00 | phero=0 pd=0.00 pa=+0.00 | srch=0.00 | wall=3.06
R7[T2][SITE      ]: L=+0.27 R=+0.28 | carry=0 | base=0.12 ba=-0.94 | site=1 sd=0.11 sa=-0.01 | phero=0 pd=0.00 pa=+0.00 | srch=0.81 | wall=2.91
R8[T2][SITE      ]: L=+0.12 R=+1.00 | carry=0 | base=0.30 ba=+0.17 | site=1 sd=0.01 sa=+0.43 | phero=0 pd=0.00 pa=+0.00 | srch=0.15 | wall=2.21
R9[T3][RTB       ]: L=+1.00 R=+1.00 | carry=1 | base=0.27 ba=-0.00 | site=0 sd=0.00 sa=+0.00 | phero=0 pd=0.00 pa=+0.00 | srch=0.00 | wall=2.22
R10[T3][SITE      ]: L=+1.00 R=+0.32 | carry=0 | base=0.49 ba=+0.19 | site=1 sd=0.02 sa=-0.35 | phero=0 pd=0.00 pa=+0.00 | srch=0.29 | wall=1.11
R11[T3][RTB       ]: L=+1.00 R=+1.00 | carry=1 | base=0.33 ba=-0.00 | site=0 sd=0.00 sa=+0.00 | phero=0 pd=0.00 pa=+0.00 | srch=0.00 | wall=2.06
R12[T3][EXPLORE   ]: L=+1.00 R=+0.94 | carry=0 | base=0.15 ba=-0.10 | site=0 sd=0.00 sa=+0.00 | phero=0 pd=0.00 pa=+0.00 | srch=0.66 | wall=2.78
R13[T4][SITE      ]: L=+0.90 R=+1.00 | carry=0 | base=0.65 ba=+0.48 | site=1 sd=0.10 sa=+0.41 | phero=0 pd=0.00 pa=+0.00 | srch=0.26 | wall=0.39
R14[T4][EXPLORE   ]: L=+1.00 R=+1.00 | carry=0 | base=0.51 ba=+0.09 | site=0 sd=0.00 sa=+0.00 | phero=0 pd=0.00 pa=+0.00 | srch=0.44 | wall=1.09
R15[T4][PHERO     ]: L=+1.00 R=+1.00 | carry=0 | base=0.23 ba=+0.93 | site=0 sd=0.00 sa=+0.00 | phero=1 pd=0.53 pa=+0.07 | srch=0.29 | wall=2.55
R16[T4][EXPLORE   ]: L=+1.00 R=+1.00 | carry=0 | base=0.48 ba=+0.90 | site=0 sd=0.00 sa=+0.00 | phero=0 pd=0.00 pa=+0.00 | srch=0.18 | wall=1.42

[DEPOSIT] Robot 6 deposited! Total: 32
  [PHERO] Laid at (0.75, 1.25) density=10 prob=1.00 total_entries=31
  [TARGET] Robot 6 → SITE (0.75,1.25)
[PICKUP] Robot 10 picked up tag (density=10) | Total: 36
[PICKUP] Robot 15 picked up tag (density=16) | Total: 37
[PICKUP] Robot 13 picked up tag (density=9) | Total: 38
[PICKUP] Robot 4 picked up tag (density=15) | Total: 39
[DEPOSIT] Robot 9 deposited! Total: 33
  [PHERO] Laid at (-0.82, 2.09) density=15 prob=1.00 total_entries=32
  [TARGET] Robot 9 → SITE (-0.82,2.09)
[PICKUP] Robot 2 picked up tag (density=8) | Total: 40
[PICKUP] Robot 8 picked up tag (density=9) | Total: 41
[PICKUP] Robot 16 picked up tag (density=16) | Total: 42
[DEPOSIT] Robot 11 deposited! Total: 34
  [PHERO] Laid at (2.85, -1.29) density=13 prob=1.00 total_entries=33
  [TARGET] Robot 11 → SITE (2.85,-1.29)
[DEPOSIT] Robot 1 deposited! Total: 35
  [PHERO] Laid at (2.15, 0.48) density=11 prob=1.00 total_entries=34
  [TARGET] Robot 1 → SITE (2.15,0.48)

======================================================================
Step 5000 (2.7 min) | Pickups: 42 | Deposits: 35 | Rate: 13.12 tags/min | phero_entries=34 phero_max=0.821
======================================================================
R1[T1][SITE      ]: L=+1.00 R=+1.00 | carry=0 | base=0.06 ba=+0.91 | site=1 sd=0.39 sa=-0.22 | phero=0 pd=0.00 pa=+0.00 | srch=0.03 | wall=3.24
R2[T1][RTB       ]: L=+1.00 R=+1.00 | carry=1 | base=0.34 ba=-0.00 | site=0 sd=0.00 sa=+0.00 | phero=0 pd=0.00 pa=+0.00 | srch=0.00 | wall=1.91
R3[T1][SITE      ]: L=+0.07 R=+0.06 | carry=0 | base=0.56 ba=+0.83 | site=1 sd=0.07 sa=-0.11 | phero=0 pd=0.00 pa=+0.00 | srch=0.26 | wall=1.19
R4[T1][RTB       ]: L=+1.00 R=+1.00 | carry=1 | base=0.26 ba=+0.00 | site=0 sd=0.00 sa=+0.00 | phero=0 pd=0.00 pa=+0.00 | srch=0.00 | wall=2.19
R5[T2][WALL_ESC  ]: L=+0.00 R=+1.00 | carry=0 | base=0.64 ba=+0.42 | site=0 sd=0.00 sa=+0.00 | phero=0 pd=0.00 pa=+0.00 | srch=0.50 | wall=0.32
R6[T2][SITE      ]: L=+1.00 R=+0.92 | carry=0 | base=0.26 ba=-0.72 | site=1 sd=0.08 sa=-0.12 | phero=0 pd=0.00 pa=+0.00 | srch=0.11 | wall=2.26
R7[T2][EXPLORE   ]: L=+0.60 R=+1.00 | carry=0 | base=0.39 ba=+0.25 | site=0 sd=0.00 sa=+0.00 | phero=0 pd=0.00 pa=+0.00 | srch=0.93 | wall=1.61
R8[T2][RTB       ]: L=+1.00 R=+1.00 | carry=1 | base=0.28 ba=-0.00 | site=0 sd=0.00 sa=+0.00 | phero=0 pd=0.00 pa=+0.00 | srch=0.00 | wall=2.21
R9[T3][SITE      ]: L=+1.00 R=+1.00 | carry=0 | base=0.13 ba=-0.96 | site=1 sd=0.35 sa=+0.24 | phero=0 pd=0.00 pa=+0.00 | srch=0.05 | wall=2.88
R10[T3][RTB       ]: L=+1.00 R=+1.00 | carry=1 | base=0.18 ba=-0.00 | site=0 sd=0.00 sa=+0.00 | phero=0 pd=0.00 pa=+0.00 | srch=0.00 | wall=2.65
R11[T3][SITE      ]: L=+0.94 R=+1.00 | carry=0 | base=0.07 ba=+0.93 | site=1 sd=0.57 sa=+0.02 | phero=0 pd=0.00 pa=+0.00 | srch=0.04 | wall=3.25
R12[T3][EXPLORE   ]: L=+1.00 R=+1.00 | carry=0 | base=0.18 ba=-0.58 | site=0 sd=0.00 sa=+0.00 | phero=0 pd=0.00 pa=+0.00 | srch=0.78 | wall=2.62
R13[T4][RTB       ]: L=+1.00 R=+1.00 | carry=1 | base=0.35 ba=-0.00 | site=0 sd=0.00 sa=+0.00 | phero=0 pd=0.00 pa=+0.00 | srch=0.00 | wall=1.85
R14[T4][EXPLORE   ]: L=+1.00 R=+1.00 | carry=0 | base=0.17 ba=+0.31 | site=0 sd=0.00 sa=+0.00 | phero=0 pd=0.00 pa=+0.00 | srch=0.56 | wall=2.71
R15[T4][RTB       ]: L=+1.00 R=+1.00 | carry=1 | base=0.24 ba=+0.00 | site=0 sd=0.00 sa=+0.00 | phero=0 pd=0.00 pa=+0.00 | srch=0.00 | wall=2.63
R16[T4][RTB       ]: L=+0.94 R=+1.00 | carry=1 | base=0.72 ba=+0.02 | site=0 sd=0.00 sa=+0.00 | phero=0 pd=0.00 pa=+0.00 | srch=0.00 | wall=0.69

[PICKUP] Robot 6 picked up tag (density=8) | Total: 43
[DEPOSIT] Robot 10 deposited! Total: 36
  [PHERO] Laid at (2.32, 0.55) density=10 prob=1.00 total_entries=35
  [TARGET] Robot 10 → SITE (2.32,0.55)
[DEPOSIT] Robot 15 deposited! Total: 37
  [PHERO] Laid at (-1.20, 1.47) density=16 prob=1.00 total_entries=36
  [TARGET] Robot 15 → SITE (-1.20,1.47)
[DEPOSIT] Robot 4 deposited! Total: 38
  [PHERO] Laid at (0.16, 1.84) density=15 prob=1.00 total_entries=37
  [TARGET] Robot 4 → SITE (0.16,1.84)
[DEPOSIT] Robot 8 deposited! Total: 39
  [PHERO] Laid at (0.51, 1.66) density=9 prob=1.00 total_entries=37
  [TARGET] Robot 8 → SITE (0.51,1.66)
[DEPOSIT] Robot 2 deposited! Total: 40
  [PHERO] Laid at (2.07, 0.81) density=8 prob=1.00 total_entries=38
  [TARGET] Robot 2 → SITE (2.07,0.81)
[DEPOSIT] Robot 13 deposited! Total: 41
  [PHERO] Laid at (2.46, 1.00) density=9 prob=1.00 total_entries=39
  [TARGET] Robot 13 → SITE (2.46,1.00)
[DEPOSIT] Robot 6 deposited! Total: 42
  [PHERO] Laid at (0.49, 1.28) density=8 prob=1.00 total_entries=40
  [TARGET] Robot 6 → SITE (0.49,1.28)
[PICKUP] Robot 3 picked up tag (density=12) | Total: 44

======================================================================
Step 5500 (2.9 min) | Pickups: 44 | Deposits: 42 | Rate: 14.32 tags/min | phero_entries=40 phero_max=0.866
======================================================================
R1[T1][SITE      ]: L=+0.70 R=+0.86 | carry=0 | base=0.36 ba=-0.67 | site=1 sd=0.13 sa=+0.03 | phero=0 pd=0.00 pa=+0.00 | srch=0.16 | wall=1.92
R2[T1][BASE_ESC  ]: L=+1.00 R=+0.50 | carry=0 | base=0.04 ba=+0.89 | site=1 sd=0.41 sa=-0.22 | phero=0 pd=0.00 pa=+0.00 | srch=0.03 | wall=3.34
R3[T1][RTB       ]: L=+0.14 R=+1.00 | carry=1 | base=0.67 ba=+0.35 | site=0 sd=0.00 sa=+0.00 | phero=0 pd=0.00 pa=+0.00 | srch=0.00 | wall=0.68
R4[T1][SITE      ]: L=+1.00 R=+1.00 | carry=0 | base=0.13 ba=-0.97 | site=1 sd=0.25 sa=-0.16 | phero=0 pd=0.00 pa=+0.00 | srch=0.06 | wall=2.87
R5[T2][EXPLORE   ]: L=+1.00 R=+1.00 | carry=0 | base=0.32 ba=+0.16 | site=0 sd=0.00 sa=+0.00 | phero=0 pd=0.00 pa=+0.00 | srch=0.62 | wall=1.98
R6[T2][BASE_ESC  ]: L=+0.00 R=+1.00 | carry=0 | base=0.05 ba=-0.69 | site=1 sd=0.23 sa=+0.39 | phero=0 pd=0.00 pa=+0.00 | srch=0.02 | wall=3.30
R7[T2][EXPLORE   ]: L=+1.00 R=+1.00 | carry=0 | base=0.42 ba=+0.99 | site=0 sd=0.00 sa=+0.00 | phero=0 pd=0.00 pa=+0.00 | srch=1.00 | wall=1.62
R8[T2][SITE      ]: L=+1.00 R=+1.00 | carry=0 | base=0.10 ba=-0.98 | site=1 sd=0.26 sa=-0.06 | phero=0 pd=0.00 pa=+0.00 | srch=0.05 | wall=3.01
R9[T3][SITE      ]: L=+0.94 R=+1.00 | carry=0 | base=0.51 ba=+0.83 | site=1 sd=0.23 sa=+0.48 | phero=0 pd=0.00 pa=+0.00 | srch=0.18 | wall=1.01
R10[T3][SITE      ]: L=+1.00 R=+1.00 | carry=0 | base=0.22 ba=+1.00 | site=1 sd=0.28 sa=+0.17 | phero=0 pd=0.00 pa=+0.00 | srch=0.08 | wall=2.41
R11[T3][SITE      ]: L=+1.00 R=+1.00 | carry=0 | base=0.45 ba=+0.97 | site=1 sd=0.19 sa=-0.08 | phero=0 pd=0.00 pa=+0.00 | srch=0.16 | wall=1.44
R12[T3][EXPLORE   ]: L=+1.00 R=+1.00 | carry=0 | base=0.47 ba=-0.88 | site=0 sd=0.00 sa=+0.00 | phero=0 pd=0.00 pa=+0.00 | srch=0.91 | wall=1.86
R13[T4][BASE_ESC  ]: L=+0.31 R=+1.00 | carry=0 | base=0.05 ba=-0.82 | site=1 sd=0.49 sa=+0.26 | phero=0 pd=0.00 pa=+0.00 | srch=0.03 | wall=3.26
R14[T4][EXPLORE   ]: L=+1.00 R=+1.00 | carry=0 | base=0.32 ba=+0.86 | site=0 sd=0.00 sa=+0.00 | phero=0 pd=0.00 pa=+0.00 | srch=0.69 | wall=2.17
R15[T4][SITE      ]: L=+0.25 R=+0.26 | carry=0 | base=0.06 ba=-0.95 | site=1 sd=0.32 sa=-0.06 | phero=0 pd=0.00 pa=+0.00 | srch=0.06 | wall=3.24
R16[T4][RTB       ]: L=+1.00 R=+1.00 | carry=1 | base=0.33 ba=+0.00 | site=0 sd=0.00 sa=+0.00 | phero=0 pd=0.00 pa=+0.00 | srch=0.00 | wall=2.21

[PICKUP] Robot 7 picked up tag (density=7) | Total: 45
[PICKUP] Robot 14 picked up tag (density=15) | Total: 46
[PICKUP] Robot 8 picked up tag (density=7) | Total: 47
[PICKUP] Robot 11 picked up tag (density=11) | Total: 48
[DEPOSIT] Robot 16 deposited! Total: 43
  [PHERO] Laid at (2.99, 2.19) density=16 prob=1.00 total_entries=37
  [TARGET] Robot 16 → SITE (2.99,2.19)
[PICKUP] Robot 9 picked up tag (density=14) | Total: 49

======================================================================
Step 6000 (3.2 min) | Pickups: 49 | Deposits: 43 | Rate: 13.44 tags/min | phero_entries=36 phero_max=0.802
======================================================================
R1[T1][EXPLORE   ]: L=+1.00 R=+1.00 | carry=0 | base=0.60 ba=-0.89 | site=0 sd=0.00 sa=+0.00 | phero=0 pd=0.00 pa=+0.00 | srch=0.28 | wall=0.56
R2[T1][SITE      ]: L=+1.00 R=+1.00 | carry=0 | base=0.38 ba=-0.90 | site=1 sd=0.10 sa=-0.16 | phero=0 pd=0.00 pa=+0.00 | srch=0.16 | wall=1.88
R3[T1][RTB       ]: L=+1.00 R=+1.00 | carry=1 | base=0.30 ba=+0.00 | site=0 sd=0.00 sa=+0.00 | phero=0 pd=0.00 pa=+0.00 | srch=0.00 | wall=2.20
R4[T1][EXPLORE   ]: L=+1.00 R=+0.98 | carry=0 | base=0.48 ba=-0.91 | site=0 sd=0.00 sa=+0.00 | phero=0 pd=0.00 pa=+0.00 | srch=0.18 | wall=1.15
R5[T2][EXPLORE   ]: L=+1.00 R=+1.00 | carry=0 | base=0.52 ba=+0.99 | site=0 sd=0.00 sa=+0.00 | phero=0 pd=0.00 pa=+0.00 | srch=0.75 | wall=0.96
R6[T2][EXPLORE   ]: L=+1.00 R=+1.00 | carry=0 | base=0.28 ba=+0.28 | site=0 sd=0.00 sa=+0.00 | phero=0 pd=0.00 pa=+0.00 | srch=0.15 | wall=2.18
R7[T2][RTB       ]: L=+1.00 R=+1.00 | carry=1 | base=0.18 ba=-0.00 | site=0 sd=0.00 sa=+0.00 | phero=0 pd=0.00 pa=+0.00 | srch=0.00 | wall=2.65
R8[T2][RTB       ]: L=+1.00 R=+1.00 | carry=1 | base=0.21 ba=-0.00 | site=0 sd=0.00 sa=+0.00 | phero=0 pd=0.00 pa=+0.00 | srch=0.00 | wall=2.56
R9[T3][RTB       ]: L=+0.98 R=+1.00 | carry=1 | base=0.51 ba=+0.01 | site=0 sd=0.00 sa=+0.00 | phero=0 pd=0.00 pa=+0.00 | srch=0.00 | wall=1.16
R10[T3][SITE      ]: L=+0.87 R=+1.00 | carry=0 | base=0.54 ba=+0.49 | site=1 sd=0.07 sa=+0.27 | phero=0 pd=0.00 pa=+0.00 | srch=0.21 | wall=0.87
R11[T3][RTB       ]: L=+1.00 R=+1.00 | carry=1 | base=0.57 ba=-0.00 | site=0 sd=0.00 sa=+0.00 | phero=0 pd=0.00 pa=+0.00 | srch=0.00 | wall=0.98
R12[T3][EXPLORE   ]: L=+1.00 R=+1.00 | carry=0 | base=0.54 ba=+0.76 | site=0 sd=0.00 sa=+0.00 | phero=0 pd=0.00 pa=+0.00 | srch=1.00 | wall=1.50
R13[T4][SITE      ]: L=+0.99 R=+1.00 | carry=0 | base=0.42 ba=+0.91 | site=1 sd=0.24 sa=+0.33 | phero=0 pd=0.00 pa=+0.00 | srch=0.15 | wall=1.41
R14[T4][RTB       ]: L=+1.00 R=+1.00 | carry=1 | base=0.17 ba=+0.00 | site=0 sd=0.00 sa=+0.00 | phero=0 pd=0.00 pa=+0.00 | srch=0.00 | wall=2.85
R15[T4][SITE      ]: L=+0.28 R=+0.26 | carry=0 | base=0.18 ba=-0.91 | site=1 sd=0.21 sa=+0.01 | phero=0 pd=0.00 pa=+0.00 | srch=0.19 | wall=2.86
R16[T4][SITE      ]: L=+1.00 R=+0.67 | carry=0 | base=0.06 ba=-0.97 | site=1 sd=0.69 sa=-0.06 | phero=0 pd=0.00 pa=+0.00 | srch=0.03 | wall=3.26

[PICKUP] Robot 10 picked up tag (density=6) | Total: 50
[DEPOSIT] Robot 14 deposited! Total: 44
  [PHERO] Laid at (-1.20, 1.56) density=15 prob=1.00 total_entries=35
  [TARGET] Robot 14 → SITE (-1.20,1.56)
[DEPOSIT] Robot 7 deposited! Total: 45
  [PHERO] Laid at (2.07, 0.90) density=7 prob=0.99 total_entries=36
  [TARGET] Robot 7 → SITE (2.07,0.90)
[PICKUP] Robot 2 picked up tag (density=5) | Total: 51
[DEPOSIT] Robot 8 deposited! Total: 46
  [PHERO] Laid at (0.49, 1.36) density=7 prob=0.99 total_entries=36
  [TARGET] Robot 8 → SITE (0.49,1.36)
[DEPOSIT] Robot 3 deposited! Total: 47
  [PHERO] Laid at (2.78, -1.76) density=12 prob=1.00 total_entries=35
  [TARGET] Robot 3 → SITE (2.78,-1.76)
[PICKUP] Robot 4 picked up tag (density=15) | Total: 52

======================================================================
Step 6500 (3.5 min) | Pickups: 52 | Deposits: 47 | Rate: 13.56 tags/min | phero_entries=32 phero_max=0.758
======================================================================
R1[T1][EXPLORE   ]: L=+1.00 R=+1.00 | carry=0 | base=0.41 ba=-0.22 | site=0 sd=0.00 sa=+0.00 | phero=0 pd=0.00 pa=+0.00 | srch=0.41 | wall=1.51
R2[T1][RTB       ]: L=+1.00 R=+1.00 | carry=1 | base=0.24 ba=-0.00 | site=0 sd=0.00 sa=+0.00 | phero=0 pd=0.00 pa=+0.00 | srch=0.00 | wall=2.39
R3[T1][SITE      ]: L=+0.50 R=+0.50 | carry=0 | base=0.08 ba=-0.96 | site=1 sd=0.59 sa=-0.06 | phero=0 pd=0.00 pa=+0.00 | srch=0.04 | wall=3.13
R4[T1][RTB       ]: L=+1.00 R=+1.00 | carry=1 | base=0.39 ba=-0.00 | site=0 sd=0.00 sa=+0.00 | phero=0 pd=0.00 pa=+0.00 | srch=0.00 | wall=1.86
R5[T2][EXPLORE   ]: L=+1.00 R=+1.00 | carry=0 | base=0.49 ba=+0.19 | site=0 sd=0.00 sa=+0.00 | phero=0 pd=0.00 pa=+0.00 | srch=0.87 | wall=1.18
R6[T2][EXPLORE   ]: L=+1.00 R=+1.00 | carry=0 | base=0.42 ba=+0.99 | site=0 sd=0.00 sa=+0.00 | phero=0 pd=0.00 pa=+0.00 | srch=0.27 | wall=1.54
R7[T2][SITE      ]: L=+1.00 R=+1.00 | carry=0 | base=0.20 ba=+0.96 | site=1 sd=0.26 sa=+0.06 | phero=0 pd=0.00 pa=+0.00 | srch=0.08 | wall=2.55
R8[T2][SITE      ]: L=+0.93 R=+1.00 | carry=0 | base=0.19 ba=+0.92 | site=1 sd=0.12 sa=+0.13 | phero=0 pd=0.00 pa=+0.00 | srch=0.07 | wall=2.73
R9[T3][RTB       ]: L=+1.00 R=+1.00 | carry=1 | base=0.12 ba=+0.00 | site=0 sd=0.00 sa=+0.00 | phero=0 pd=0.00 pa=+0.00 | srch=0.00 | wall=2.94
R10[T3][RTB       ]: L=+0.99 R=+1.00 | carry=1 | base=0.21 ba=+0.00 | site=0 sd=0.00 sa=+0.00 | phero=0 pd=0.00 pa=+0.00 | srch=0.00 | wall=2.48
R11[T3][RTB       ]: L=+1.00 R=+1.00 | carry=1 | base=0.18 ba=-0.00 | site=0 sd=0.00 sa=+0.00 | phero=0 pd=0.00 pa=+0.00 | srch=0.00 | wall=2.70
R12[T3][EXPLORE   ]: L=+1.00 R=+1.00 | carry=0 | base=0.65 ba=+0.11 | site=0 sd=0.00 sa=+0.00 | phero=0 pd=0.00 pa=+0.00 | srch=1.00 | wall=0.60
R13[T4][EXPLORE   ]: L=+1.00 R=+1.00 | carry=0 | base=0.52 ba=+0.21 | site=0 sd=0.00 sa=+0.00 | phero=0 pd=0.00 pa=+0.00 | srch=0.28 | wall=1.13
R14[T4][SITE      ]: L=+1.00 R=+0.39 | carry=0 | base=0.22 ba=-0.97 | site=1 sd=0.24 sa=-0.31 | phero=0 pd=0.00 pa=+0.00 | srch=0.08 | wall=2.46
R15[T4][SITE      ]: L=+0.79 R=+0.78 | carry=0 | base=0.37 ba=-0.98 | site=1 sd=0.01 sa=-0.01 | phero=0 pd=0.00 pa=+0.00 | srch=0.31 | wall=2.08
R16[T4][SITE      ]: L=+1.00 R=+0.53 | carry=0 | base=0.44 ba=-0.98 | site=1 sd=0.31 sa=+0.05 | phero=0 pd=0.00 pa=+0.00 | srch=0.16 | wall=1.71

[PICKUP] Robot 15 picked up tag (density=14) | Total: 53
[PICKUP] Robot 6 picked up tag (density=13) | Total: 54
[DEPOSIT] Robot 9 deposited! Total: 48
  [PHERO] Laid at (-0.96, 2.60) density=14 prob=1.00 total_entries=32
  [TARGET] Robot 9 → SITE (-0.96,2.60)
[PICKUP] Robot 7 picked up tag (density=3) | Total: 55
[PICKUP] Robot 8 picked up tag (density=6) | Total: 56
[DEPOSIT] Robot 11 deposited! Total: 49
  [PHERO] Laid at (2.86, -1.29) density=11 prob=1.00 total_entries=33
  [TARGET] Robot 11 → SITE (2.86,-1.29)
[PICKUP] Robot 14 picked up tag (density=13) | Total: 57
[DEPOSIT] Robot 10 deposited! Total: 50
  [PHERO] Laid at (2.47, 0.59) density=6 prob=0.97 total_entries=34
  [TARGET] Robot 10 → SITE (2.47,0.59)
[DEPOSIT] Robot 2 deposited! Total: 51
  [PHERO] Laid at (2.12, 0.82) density=5 prob=0.92 total_entries=35
  [TARGET] Robot 2 → SITE (2.12,0.82)
[PICKUP] Robot 13 picked up tag (density=5) | Total: 58
[DEPOSIT] Robot 4 deposited! Total: 52
  [PHERO] Laid at (1.24, 2.04) density=15 prob=1.00 total_entries=35
  [TARGET] Robot 4 → SITE (1.24,2.04)
[DEPOSIT] Robot 7 deposited! Total: 53
  [TARGET] Robot 7 → SITE (1.09,0.34)

======================================================================
Step 7000 (3.7 min) | Pickups: 58 | Deposits: 53 | Rate: 14.20 tags/min | phero_entries=34 phero_max=0.916
======================================================================
R1[T1][EXPLORE   ]: L=+1.00 R=+1.00 | carry=0 | base=0.27 ba=-0.61 | site=0 sd=0.00 sa=+0.00 | phero=0 pd=0.00 pa=+0.00 | srch=0.53 | wall=2.17
R2[T1][SITE      ]: L=+1.00 R=+1.00 | carry=0 | base=0.12 ba=-0.78 | site=1 sd=0.34 sa=+0.08 | phero=0 pd=0.00 pa=+0.00 | srch=0.06 | wall=3.03
R3[T1][SITE      ]: L=+0.91 R=+0.90 | carry=0 | base=0.31 ba=-0.95 | site=1 sd=0.36 sa=-0.04 | phero=0 pd=0.00 pa=+0.00 | srch=0.17 | wall=2.07
R4[T1][BASE_ESC  ]: L=+0.00 R=+1.00 | carry=0 | base=0.04 ba=-0.48 | site=1 sd=0.44 sa=+0.56 | phero=0 pd=0.00 pa=+0.00 | srch=0.01 | wall=3.33
R5[T2][EXPLORE   ]: L=+1.00 R=+1.00 | carry=0 | base=0.27 ba=+0.36 | site=0 sd=0.00 sa=+0.00 | phero=0 pd=0.00 pa=+0.00 | srch=1.00 | wall=2.27
R6[T2][RTB       ]: L=+1.00 R=+1.00 | carry=1 | base=0.20 ba=+0.00 | site=0 sd=0.00 sa=+0.00 | phero=0 pd=0.00 pa=+0.00 | srch=0.00 | wall=2.56
R7[T2][BASE_ESC  ]: L=+1.00 R=+0.00 | carry=0 | base=0.04 ba=+0.47 | site=1 sd=0.19 sa=-0.61 | phero=0 pd=0.00 pa=+0.00 | srch=0.01 | wall=3.31
R8[T2][RTB       ]: L=+1.00 R=+1.00 | carry=1 | base=0.11 ba=+0.00 | site=0 sd=0.00 sa=+0.00 | phero=0 pd=0.00 pa=+0.00 | srch=0.00 | wall=3.01
R9[T3][SITE      ]: L=+1.00 R=+1.00 | carry=0 | base=0.28 ba=+0.98 | site=1 sd=0.37 sa=-0.36 | phero=0 pd=0.00 pa=+0.00 | srch=0.10 | wall=2.37
R10[T3][SITE      ]: L=+0.99 R=+1.00 | carry=0 | base=0.14 ba=+0.98 | site=1 sd=0.38 sa=+0.07 | phero=0 pd=0.00 pa=+0.00 | srch=0.06 | wall=2.81
R11[T3][SITE      ]: L=+0.99 R=+1.00 | carry=0 | base=0.21 ba=+0.98 | site=1 sd=0.43 sa=+0.07 | phero=0 pd=0.00 pa=+0.00 | srch=0.08 | wall=2.64
R12[T3][WALL_ESC  ]: L=+0.00 R=+1.00 | carry=0 | base=0.65 ba=+0.50 | site=0 sd=0.00 sa=+0.00 | phero=0 pd=0.00 pa=+0.00 | srch=1.00 | wall=0.32
R13[T4][RTB       ]: L=+0.99 R=+1.00 | carry=1 | base=0.26 ba=+0.00 | site=0 sd=0.00 sa=+0.00 | phero=0 pd=0.00 pa=+0.00 | srch=0.00 | wall=2.39
R14[T4][RTB       ]: L=+1.00 R=+1.00 | carry=1 | base=0.24 ba=-0.00 | site=0 sd=0.00 sa=+0.00 | phero=0 pd=0.00 pa=+0.00 | srch=0.00 | wall=2.63
R15[T4][RTB       ]: L=+1.00 R=+1.00 | carry=1 | base=0.11 ba=-0.00 | site=0 sd=0.00 sa=+0.00 | phero=0 pd=0.00 pa=+0.00 | srch=0.00 | wall=3.05
R16[T4][SITE      ]: L=+0.33 R=+1.00 | carry=0 | base=0.76 ba=+0.46 | site=1 sd=0.02 sa=+0.41 | phero=0 pd=0.00 pa=+0.00 | srch=0.28 | wall=0.44

[PICKUP] Robot 16 picked up tag (density=15) | Total: 59
[DEPOSIT] Robot 8 deposited! Total: 54
  [PHERO] Laid at (0.66, 1.31) density=6 prob=0.97 total_entries=35
  [TARGET] Robot 8 → SITE (0.66,1.31)
[DEPOSIT] Robot 15 deposited! Total: 55
  [PHERO] Laid at (-1.22, 1.50) density=14 prob=1.00 total_entries=35
  [TARGET] Robot 15 → SITE (-1.22,1.50)
[PICKUP] Robot 2 picked up tag (density=2) | Total: 60
[DEPOSIT] Robot 6 deposited! Total: 56
  [PHERO] Laid at (-0.72, 2.15) density=13 prob=1.00 total_entries=35
  [TARGET] Robot 6 → SITE (-0.72,2.15)
[DEPOSIT] Robot 14 deposited! Total: 57
  [PHERO] Laid at (-1.42, 1.19) density=13 prob=1.00 total_entries=35
  [TARGET] Robot 14 → SITE (-1.42,1.19)
[DEPOSIT] Robot 13 deposited! Total: 58
  [TARGET] Robot 13 → SITE (0.87,1.32)
[PICKUP] Robot 5 picked up tag (density=1) | Total: 61
[PICKUP] Robot 1 picked up tag (density=16) | Total: 62
[PICKUP] Robot 12 picked up tag (density=14) | Total: 63

======================================================================
Step 7500 (4.0 min) | Pickups: 63 | Deposits: 58 | Rate: 14.50 tags/min | phero_entries=33 phero_max=0.669
======================================================================
R1[T1][RTB       ]: L=+1.00 R=+0.99 | carry=1 | base=0.37 ba=-0.00 | site=0 sd=0.00 sa=+0.00 | phero=0 pd=0.00 pa=+0.00 | srch=0.00 | wall=1.83
R2[T1][RTB       ]: L=+1.00 R=+1.00 | carry=1 | base=0.09 ba=+0.00 | site=0 sd=0.00 sa=+0.00 | phero=0 pd=0.00 pa=+0.00 | srch=0.00 | wall=3.10
R3[T1][SITE      ]: L=+0.60 R=+0.60 | carry=0 | base=0.62 ba=-0.93 | site=1 sd=0.04 sa=-0.00 | phero=0 pd=0.00 pa=+0.00 | srch=0.29 | wall=0.88
R4[T1][SITE      ]: L=+1.00 R=+1.00 | carry=0 | base=0.37 ba=+1.00 | site=1 sd=0.17 sa=+0.31 | phero=0 pd=0.00 pa=+0.00 | srch=0.14 | wall=2.14
R5[T2][RTB       ]: L=+1.00 R=+1.00 | carry=1 | base=0.14 ba=+0.00 | site=0 sd=0.00 sa=+0.00 | phero=0 pd=0.00 pa=+0.00 | srch=0.00 | wall=2.89
R6[T2][SITE      ]: L=+0.51 R=+0.51 | carry=0 | base=0.13 ba=-0.95 | site=1 sd=0.33 sa=-0.02 | phero=0 pd=0.00 pa=+0.00 | srch=0.07 | wall=2.94
R7[T2][EXPLORE   ]: L=+1.00 R=+1.00 | carry=0 | base=0.29 ba=+0.96 | site=0 sd=0.00 sa=+0.00 | phero=0 pd=0.00 pa=+0.00 | srch=0.14 | wall=2.13
R8[T2][SITE      ]: L=+1.00 R=+1.00 | carry=0 | base=0.24 ba=+1.00 | site=1 sd=0.06 sa=-0.01 | phero=0 pd=0.00 pa=+0.00 | srch=0.11 | wall=2.45
R9[T3][SITE      ]: L=+1.00 R=+1.00 | carry=0 | base=0.62 ba=-0.70 | site=1 sd=0.27 sa=-0.34 | phero=0 pd=0.00 pa=+0.00 | srch=0.23 | wall=1.31
R10[T3][EXPLORE   ]: L=+1.00 R=+1.00 | carry=0 | base=0.51 ba=+0.80 | site=0 sd=0.00 sa=+0.00 | phero=0 pd=0.00 pa=+0.00 | srch=0.19 | wall=1.03
R11[T3][SITE      ]: L=+0.60 R=+0.51 | carry=0 | base=0.55 ba=+0.88 | site=1 sd=0.09 sa=-0.11 | phero=0 pd=0.00 pa=+0.00 | srch=0.21 | wall=1.04
R12[T3][RTB       ]: L=+1.00 R=+1.00 | carry=1 | base=0.33 ba=+0.00 | site=0 sd=0.00 sa=+0.00 | phero=0 pd=0.00 pa=+0.00 | srch=0.00 | wall=1.86
R13[T4][SITE      ]: L=+1.00 R=+1.00 | carry=0 | base=0.14 ba=+0.97 | site=1 sd=0.21 sa=-0.30 | phero=0 pd=0.00 pa=+0.00 | srch=0.06 | wall=2.81
R14[T4][SITE      ]: L=+1.00 R=+0.97 | carry=0 | base=0.15 ba=+0.97 | site=1 sd=0.25 sa=-0.26 | phero=0 pd=0.00 pa=+0.00 | srch=0.06 | wall=2.76
R15[T4][SITE      ]: L=+0.63 R=+0.62 | carry=0 | base=0.18 ba=+0.99 | site=1 sd=0.21 sa=-0.10 | phero=0 pd=0.00 pa=+0.00 | srch=0.10 | wall=2.84
R16[T4][RTB       ]: L=+1.00 R=+1.00 | carry=1 | base=0.41 ba=+0.00 | site=0 sd=0.00 sa=+0.00 | phero=0 pd=0.00 pa=+0.00 | srch=0.00 | wall=1.89

[DEPOSIT] Robot 2 deposited! Total: 59
  [PHERO] Laid at (1.13, 0.40) density=2 prob=0.42 total_entries=34
  [TARGET] Robot 2 → SITE (1.13,0.40)
[PICKUP] Robot 8 picked up tag (density=4) | Total: 64
[DEPOSIT] Robot 5 deposited! Total: 60
  [PHERO] Laid at (1.11, 0.49) density=1 prob=0.20 total_entries=35
  [TARGET] Robot 5 → PHERO (2.47,0.59)
[PICKUP] Robot 4 picked up tag (density=14) | Total: 65
[GIVE-UP] R10 giving up after 969 steps
[DEPOSIT] Robot 12 deposited! Total: 61
  [PHERO] Laid at (-0.13, 2.18) density=14 prob=1.00 total_entries=33
  [TARGET] Robot 12 → SITE (-0.13,2.18)
[PICKUP] Robot 14 picked up tag (density=12) | Total: 66
[PICKUP] Robot 11 picked up tag (density=10) | Total: 67
[DEPOSIT] Robot 1 deposited! Total: 62
  [PHERO] Laid at (-0.77, -2.01) density=16 prob=1.00 total_entries=33
  [TARGET] Robot 1 → SITE (-0.77,-2.01)
[DEPOSIT] Robot 16 deposited! Total: 63
  [PHERO] Laid at (3.03, 2.24) density=15 prob=1.00 total_entries=34
  [TARGET] Robot 16 → SITE (3.03,2.24)

======================================================================
Step 8000 (4.3 min) | Pickups: 67 | Deposits: 63 | Rate: 14.77 tags/min | phero_entries=34 phero_max=0.953
======================================================================
R1[T1][BASE_ESC  ]: L=+0.00 R=+1.00 | carry=0 | base=0.05 ba=-0.74 | site=1 sd=0.39 sa=+0.35 | phero=0 pd=0.00 pa=+0.00 | srch=0.02 | wall=3.31
R2[T1][EXPLORE   ]: L=+1.00 R=+1.00 | carry=0 | base=0.27 ba=-0.84 | site=0 sd=0.00 sa=+0.00 | phero=0 pd=0.00 pa=+0.00 | srch=0.11 | wall=2.21
R3[T1][EXPLORE   ]: L=-0.14 R=+0.92 | carry=0 | base=0.73 ba=+0.53 | site=0 sd=0.00 sa=+0.00 | phero=0 pd=0.00 pa=+0.00 | srch=0.42 | wall=0.43
R4[T1][RTB       ]: L=+1.00 R=+1.00 | carry=1 | base=0.26 ba=-0.00 | site=0 sd=0.00 sa=+0.00 | phero=0 pd=0.00 pa=+0.00 | srch=0.00 | wall=2.48
R5[T2][PHERO     ]: L=+1.00 R=+1.00 | carry=0 | base=0.25 ba=+1.00 | site=0 sd=0.00 sa=+0.00 | phero=1 pd=0.26 pa=+0.03 | srch=0.09 | wall=2.27
R6[T2][SITE      ]: L=+1.00 R=+0.27 | carry=0 | base=0.43 ba=-0.98 | site=1 sd=0.03 sa=-0.08 | phero=0 pd=0.00 pa=+0.00 | srch=0.19 | wall=1.49
R7[T2][EXPLORE   ]: L=+0.46 R=+0.24 | carry=0 | base=0.37 ba=+0.21 | site=0 sd=0.00 sa=+0.00 | phero=0 pd=0.00 pa=+0.00 | srch=0.26 | wall=1.83
R8[T2][RTB       ]: L=+1.00 R=+1.00 | carry=1 | base=0.08 ba=+0.00 | site=0 sd=0.00 sa=+0.00 | phero=0 pd=0.00 pa=+0.00 | srch=0.00 | wall=3.15
R9[T3][SITE      ]: L=+1.00 R=+0.14 | carry=0 | base=0.57 ba=-0.06 | site=1 sd=0.01 sa=-0.28 | phero=0 pd=0.00 pa=+0.00 | srch=0.35 | wall=0.85
R10[T3][GIVE_UP   ]: L=+1.00 R=+1.00 | carry=0 | base=0.53 ba=+0.00 | site=0 sd=0.00 sa=+0.00 | phero=0 pd=0.00 pa=+0.00 | srch=0.31 | wall=1.12
R11[T3][RTB       ]: L=+1.00 R=+0.67 | carry=1 | base=0.63 ba=-0.13 | site=0 sd=0.00 sa=+0.00 | phero=0 pd=0.00 pa=+0.00 | srch=0.00 | wall=0.73
R12[T3][SITE      ]: L=+1.00 R=+0.84 | carry=0 | base=0.06 ba=-0.97 | site=1 sd=0.38 sa=-0.08 | phero=0 pd=0.00 pa=+0.00 | srch=0.03 | wall=3.21
R13[T4][EXPLORE   ]: L=+1.00 R=+1.00 | carry=0 | base=0.43 ba=-0.86 | site=0 sd=0.00 sa=+0.00 | phero=0 pd=0.00 pa=+0.00 | srch=0.18 | wall=1.97
R14[T4][RTB       ]: L=+1.00 R=+0.97 | carry=1 | base=0.34 ba=-0.01 | site=0 sd=0.00 sa=+0.00 | phero=0 pd=0.00 pa=+0.00 | srch=0.00 | wall=2.28
R15[T4][SITE      ]: L=+0.45 R=+0.41 | carry=0 | base=0.27 ba=-0.97 | site=1 sd=0.12 sa=-0.11 | phero=0 pd=0.00 pa=+0.00 | srch=0.23 | wall=2.51
R16[T4][BASE_ESC  ]: L=+0.00 R=+1.00 | carry=0 | base=0.05 ba=-0.30 | site=1 sd=0.72 sa=+0.71 | phero=0 pd=0.00 pa=+0.00 | srch=0.01 | wall=3.32

[PICKUP] Robot 9 picked up tag (density=12) | Total: 68
[DEPOSIT] Robot 8 deposited! Total: 64
  [PHERO] Laid at (0.67, 1.34) density=4 prob=0.82 total_entries=35
  [TARGET] Robot 8 → SITE (0.67,1.34)
[PICKUP] Robot 6 picked up tag (density=11) | Total: 69
[GIVE-UP] R13 giving up after 916 steps
[DEPOSIT] Robot 4 deposited! Total: 65
  [PHERO] Laid at (1.37, 1.62) density=14 prob=1.00 total_entries=34
  [TARGET] Robot 4 → SITE (1.37,1.62)
[PICKUP] Robot 12 picked up tag (density=13) | Total: 70
[DEPOSIT] Robot 14 deposited! Total: 66
  [PHERO] Laid at (-1.44, 1.20) density=12 prob=1.00 total_entries=34
  [TARGET] Robot 14 → SITE (-1.44,1.20)
[PICKUP] Robot 3 picked up tag (density=9) | Total: 71
[PICKUP] Robot 5 picked up tag (density=4) | Total: 72

======================================================================
Step 8500 (4.5 min) | Pickups: 72 | Deposits: 66 | Rate: 14.56 tags/min | phero_entries=34 phero_max=0.844
======================================================================
R1[T1][SITE      ]: L=+1.00 R=+1.00 | carry=0 | base=0.40 ba=+0.81 | site=1 sd=0.14 sa=+0.29 | phero=0 pd=0.00 pa=+0.00 | srch=0.15 | wall=1.98
R2[T1][WALL_ESC  ]: L=+1.00 R=+0.00 | carry=0 | base=0.64 ba=-0.86 | site=0 sd=0.00 sa=+0.00 | phero=0 pd=0.00 pa=+0.00 | srch=0.24 | wall=0.34
R3[T1][RTB       ]: L=+0.09 R=+1.00 | carry=1 | base=0.63 ba=+0.34 | site=0 sd=0.00 sa=+0.00 | phero=0 pd=0.00 pa=+0.00 | srch=0.00 | wall=0.84
R4[T1][SITE      ]: L=+1.00 R=+1.00 | carry=0 | base=0.14 ba=-0.96 | site=1 sd=0.30 sa=+0.20 | phero=0 pd=0.00 pa=+0.00 | srch=0.06 | wall=2.91
R5[T2][RTB       ]: L=+0.50 R=+1.00 | carry=1 | base=0.53 ba=+0.19 | site=0 sd=0.00 sa=+0.00 | phero=0 pd=0.00 pa=+0.00 | srch=0.00 | wall=0.99
R6[T2][RTB       ]: L=+1.00 R=+1.00 | carry=1 | base=0.21 ba=-0.00 | site=0 sd=0.00 sa=+0.00 | phero=0 pd=0.00 pa=+0.00 | srch=0.00 | wall=2.50
R7[T2][EXPLORE   ]: L=+1.00 R=+1.00 | carry=0 | base=0.38 ba=-0.32 | site=0 sd=0.00 sa=+0.00 | phero=0 pd=0.00 pa=+0.00 | srch=0.39 | wall=1.83
R8[T2][SITE      ]: L=+1.00 R=+1.00 | carry=0 | base=0.29 ba=+0.82 | site=1 sd=0.04 sa=+0.22 | phero=0 pd=0.00 pa=+0.00 | srch=0.12 | wall=2.34
R9[T3][RTB       ]: L=+1.00 R=+1.00 | carry=1 | base=0.18 ba=-0.00 | site=0 sd=0.00 sa=+0.00 | phero=0 pd=0.00 pa=+0.00 | srch=0.00 | wall=2.64
R10[T3][GIVE_UP   ]: L=+0.98 R=+1.00 | carry=0 | base=0.14 ba=+0.01 | site=0 sd=0.00 sa=+0.00 | phero=0 pd=0.00 pa=+0.00 | srch=0.44 | wall=2.86
R11[T3][RTB       ]: L=+1.00 R=+1.00 | carry=1 | base=0.24 ba=-0.00 | site=0 sd=0.00 sa=+0.00 | phero=0 pd=0.00 pa=+0.00 | srch=0.00 | wall=2.43
R12[T3][RTB       ]: L=+1.00 R=+0.87 | carry=1 | base=0.32 ba=-0.05 | site=0 sd=0.00 sa=+0.00 | phero=0 pd=0.00 pa=+0.00 | srch=0.00 | wall=1.93
R13[T4][GIVE_UP   ]: L=+1.00 R=+1.00 | carry=0 | base=0.41 ba=-0.00 | site=0 sd=0.00 sa=+0.00 | phero=0 pd=0.00 pa=+0.00 | srch=0.31 | wall=1.87
R14[T4][BASE_ESC  ]: L=+0.41 R=+1.00 | carry=0 | base=0.05 ba=-0.87 | site=1 sd=0.33 sa=+0.23 | phero=0 pd=0.00 pa=+0.00 | srch=0.03 | wall=3.30
R15[T4][EXPLORE   ]: L=+1.00 R=+1.00 | carry=0 | base=0.47 ba=-0.77 | site=0 sd=0.00 sa=+0.00 | phero=0 pd=0.00 pa=+0.00 | srch=0.35 | wall=1.52
R16[T4][SITE      ]: L=+0.97 R=+1.00 | carry=0 | base=0.36 ba=+0.86 | site=1 sd=0.45 sa=+0.08 | phero=0 pd=0.00 pa=+0.00 | srch=0.13 | wall=1.76

[PICKUP] Robot 15 picked up tag (density=10) | Total: 73
[EMPTY_RTN] R10 → phero(1.13,0.40)
[PICKUP] Robot 16 picked up tag (density=3) | Total: 74
[PICKUP] Robot 1 picked up tag (density=15) | Total: 75
[DEPOSIT] Robot 9 deposited! Total: 67
  [PHERO] Laid at (-0.92, 2.60) density=12 prob=1.00 total_entries=34
  [TARGET] Robot 9 → SITE (-0.92,2.60)
[DEPOSIT] Robot 6 deposited! Total: 68
  [PHERO] Laid at (-0.69, 2.22) density=11 prob=1.00 total_entries=35
  [TARGET] Robot 6 → SITE (-0.69,2.22)
[DEPOSIT] Robot 11 deposited! Total: 69
  [PHERO] Laid at (2.86, -1.33) density=10 prob=1.00 total_entries=36
  [TARGET] Robot 11 → SITE (2.86,-1.33)
[EMPTY_RTN] R13 → phero(0.66,1.31)
[PICKUP] Robot 14 picked up tag (density=11) | Total: 76
[PICKUP] Robot 4 picked up tag (density=13) | Total: 77

======================================================================
Step 9000 (4.8 min) | Pickups: 77 | Deposits: 69 | Rate: 14.38 tags/min | phero_entries=35 phero_max=0.667
======================================================================
R1[T1][RTB       ]: L=+1.00 R=+1.00 | carry=1 | base=0.28 ba=+0.00 | site=0 sd=0.00 sa=+0.00 | phero=0 pd=0.00 pa=+0.00 | srch=0.00 | wall=2.23
R2[T1][EXPLORE   ]: L=+1.00 R=+1.00 | carry=0 | base=0.40 ba=-0.28 | site=0 sd=0.00 sa=+0.00 | phero=0 pd=0.00 pa=+0.00 | srch=0.36 | wall=1.70
R3[T1][RTB       ]: L=+1.00 R=+1.00 | carry=1 | base=0.26 ba=+0.00 | site=0 sd=0.00 sa=+0.00 | phero=0 pd=0.00 pa=+0.00 | srch=0.00 | wall=2.38
R4[T1][RTB       ]: L=+0.12 R=+1.00 | carry=1 | base=0.43 ba=+0.33 | site=0 sd=0.00 sa=+0.00 | phero=0 pd=0.00 pa=+0.00 | srch=0.00 | wall=1.85
R5[T2][RTB       ]: L=+1.00 R=+1.00 | carry=1 | base=0.17 ba=+0.00 | site=0 sd=0.00 sa=+0.00 | phero=0 pd=0.00 pa=+0.00 | srch=0.00 | wall=2.71
R6[T2][SITE      ]: L=+1.00 R=+1.00 | carry=0 | base=0.18 ba=+1.00 | site=1 sd=0.32 sa=+0.22 | phero=0 pd=0.00 pa=+0.00 | srch=0.07 | wall=2.64
R7[T2][EXPLORE   ]: L=+1.00 R=+1.00 | carry=0 | base=0.36 ba=-0.65 | site=0 sd=0.00 sa=+0.00 | phero=0 pd=0.00 pa=+0.00 | srch=0.51 | wall=2.07
R8[T2][EXPLORE   ]: L=+1.00 R=+1.00 | carry=0 | base=0.40 ba=+0.74 | site=0 sd=0.00 sa=+0.00 | phero=0 pd=0.00 pa=+0.00 | srch=0.24 | wall=1.71
R9[T3][SITE      ]: L=+1.00 R=+1.00 | carry=0 | base=0.16 ba=-1.00 | site=1 sd=0.41 sa=+0.14 | phero=0 pd=0.00 pa=+0.00 | srch=0.08 | wall=2.73
R10[T3][PHERO     ]: L=+0.84 R=+0.73 | carry=0 | base=0.22 ba=-0.87 | site=0 sd=0.00 sa=+0.00 | phero=1 pd=0.02 pa=-0.09 | srch=0.09 | wall=2.48
R11[T3][SITE      ]: L=+1.00 R=+1.00 | carry=0 | base=0.14 ba=+0.93 | site=1 sd=0.50 sa=-0.10 | phero=0 pd=0.00 pa=+0.00 | srch=0.06 | wall=2.87
R12[T3][RTB       ]: L=+1.00 R=+0.99 | carry=1 | base=0.17 ba=-0.00 | site=0 sd=0.00 sa=+0.00 | phero=0 pd=0.00 pa=+0.00 | srch=0.00 | wall=2.66
R13[T4][BASE_ESC  ]: L=+0.00 R=+1.00 | carry=0 | base=0.04 ba=-0.37 | site=0 sd=0.00 sa=+0.00 | phero=1 pd=0.26 pa=+0.83 | srch=0.01 | wall=3.31
R14[T4][RTB       ]: L=+0.00 R=+1.00 | carry=1 | base=0.37 ba=+0.40 | site=0 sd=0.00 sa=+0.00 | phero=0 pd=0.00 pa=+0.00 | srch=0.00 | wall=2.13
R15[T4][RTB       ]: L=+1.00 R=+1.00 | carry=1 | base=0.28 ba=-0.00 | site=0 sd=0.00 sa=+0.00 | phero=0 pd=0.00 pa=+0.00 | srch=0.00 | wall=2.23
R16[T4][RTB       ]: L=+1.00 R=+1.00 | carry=1 | base=0.28 ba=+0.00 | site=0 sd=0.00 sa=+0.00 | phero=0 pd=0.00 pa=+0.00 | srch=0.00 | wall=2.22

[DEPOSIT] Robot 5 deposited! Total: 70
  [TARGET] Robot 5 → PHERO (-1.42,1.19)
[PICKUP] Robot 9 picked up tag (density=12) | Total: 78
[PICKUP] Robot 6 picked up tag (density=11) | Total: 79
[DEPOSIT] Robot 3 deposited! Total: 71
  [PHERO] Laid at (2.66, -1.64) density=9 prob=1.00 total_entries=33
  [TARGET] Robot 3 → SITE (2.66,-1.64)
[DEPOSIT] Robot 15 deposited! Total: 72
  [PHERO] Laid at (-1.12, 2.34) density=10 prob=1.00 total_entries=34
  [TARGET] Robot 15 → SITE (-1.12,2.34)
[DEPOSIT] Robot 1 deposited! Total: 73
  [PHERO] Laid at (-1.14, -2.12) density=15 prob=1.00 total_entries=35
  [TARGET] Robot 1 → SITE (-1.14,-2.12)
[DEPOSIT] Robot 16 deposited! Total: 74
  [PHERO] Laid at (2.15, 0.83) density=3 prob=0.65 total_entries=36
  [TARGET] Robot 16 → SITE (2.15,0.83)
[DEPOSIT] Robot 14 deposited! Total: 75
  [PHERO] Laid at (-1.20, 1.39) density=11 prob=1.00 total_entries=37
  [TARGET] Robot 14 → SITE (-1.20,1.39)

======================================================================
Step 9500 (5.1 min) | Pickups: 79 | Deposits: 75 | Rate: 14.80 tags/min | phero_entries=36 phero_max=0.928
======================================================================
R1[T1][SITE      ]: L=+1.00 R=+1.00 | carry=0 | base=0.12 ba=+0.95 | site=1 sd=0.39 sa=-0.24 | phero=0 pd=0.00 pa=+0.00 | srch=0.05 | wall=2.92
R2[T1][EXPLORE   ]: L=+1.00 R=+1.00 | carry=0 | base=0.33 ba=-0.62 | site=0 sd=0.00 sa=+0.00 | phero=0 pd=0.00 pa=+0.00 | srch=0.49 | wall=1.86
R3[T1][SITE      ]: L=+0.52 R=+0.52 | carry=0 | base=0.10 ba=-0.95 | site=1 sd=0.53 sa=-0.03 | phero=0 pd=0.00 pa=+0.00 | srch=0.06 | wall=3.04
R4[T1][RTB       ]: L=+1.00 R=+1.00 | carry=1 | base=0.08 ba=-0.00 | site=0 sd=0.00 sa=+0.00 | phero=0 pd=0.00 pa=+0.00 | srch=0.00 | wall=3.21
R5[T2][PHERO     ]: L=+0.96 R=+1.00 | carry=0 | base=0.21 ba=+0.87 | site=0 sd=0.00 sa=+0.00 | phero=1 pd=0.42 pa=+0.53 | srch=0.08 | wall=2.70
R6[T2][RTB       ]: L=+1.00 R=+1.00 | carry=1 | base=0.26 ba=+0.00 | site=0 sd=0.00 sa=+0.00 | phero=0 pd=0.00 pa=+0.00 | srch=0.00 | wall=2.19
R7[T2][EXPLORE   ]: L=+1.00 R=+0.06 | carry=0 | base=0.44 ba=-0.82 | site=0 sd=0.00 sa=+0.00 | phero=0 pd=0.00 pa=+0.00 | srch=0.64 | wall=1.77
R8[T2][EXPLORE   ]: L=+1.00 R=+1.00 | carry=0 | base=0.74 ba=+0.98 | site=0 sd=0.00 sa=+0.00 | phero=0 pd=0.00 pa=+0.00 | srch=0.37 | wall=0.61
R9[T3][RTB       ]: L=+1.00 R=+1.00 | carry=1 | base=0.24 ba=-0.00 | site=0 sd=0.00 sa=+0.00 | phero=0 pd=0.00 pa=+0.00 | srch=0.00 | wall=2.32
R10[T3][EXPLORE   ]: L=+1.00 R=+1.00 | carry=0 | base=0.58 ba=-0.93 | site=0 sd=0.00 sa=+0.00 | phero=0 pd=0.00 pa=+0.00 | srch=0.22 | wall=0.62
R11[T3][SITE      ]: L=+0.29 R=+0.30 | carry=0 | base=0.33 ba=-0.97 | site=1 sd=0.32 sa=-0.05 | phero=0 pd=0.00 pa=+0.00 | srch=0.19 | wall=1.96
R12[T3][RTB       ]: L=+1.00 R=+1.00 | carry=1 | base=0.11 ba=-0.00 | site=0 sd=0.00 sa=+0.00 | phero=0 pd=0.00 pa=+0.00 | srch=0.00 | wall=2.94
R13[T4][PHERO     ]: L=+1.00 R=+1.00 | carry=0 | base=0.34 ba=+0.92 | site=0 sd=0.00 sa=+0.00 | phero=1 pd=0.14 pa=+0.58 | srch=0.14 | wall=2.18
R14[T4][BASE_ESC  ]: L=+1.00 R=+0.00 | carry=0 | base=0.04 ba=+0.41 | site=1 sd=0.33 sa=-0.64 | phero=0 pd=0.00 pa=+0.00 | srch=0.01 | wall=3.34
R15[T4][SITE      ]: L=+0.98 R=+0.98 | carry=0 | base=0.08 ba=+0.96 | site=1 sd=0.45 sa=+0.05 | phero=0 pd=0.00 pa=+0.00 | srch=0.05 | wall=3.12
R16[T4][SITE      ]: L=+1.00 R=+1.00 | carry=0 | base=0.10 ba=+0.89 | site=1 sd=0.37 sa=+0.01 | phero=0 pd=0.00 pa=+0.00 | srch=0.05 | wall=3.02

[DEPOSIT] Robot 4 deposited! Total: 76
  [PHERO] Laid at (1.39, 1.64) density=13 prob=1.00 total_entries=37
  [TARGET] Robot 4 → SITE (1.39,1.64)
[GIVE-UP] R10 giving up after 938 steps
[DEPOSIT] Robot 12 deposited! Total: 77
  [PHERO] Laid at (-0.20, 1.66) density=13 prob=1.00 total_entries=37
  [TARGET] Robot 12 → SITE (-0.20,1.66)
[PICKUP] Robot 5 picked up tag (density=3) | Total: 80
[PICKUP] Robot 13 picked up tag (density=12) | Total: 81
[GIVE-UP] R2 giving up after 2190 steps
[DEPOSIT] Robot 9 deposited! Total: 78
  [PHERO] Laid at (-0.05, 1.65) density=12 prob=1.00 total_entries=33
  [TARGET] Robot 9 → SITE (-0.05,1.65)
[PICKUP] Robot 2 picked up tag (density=14) | Total: 82
[DEPOSIT] Robot 6 deposited! Total: 79
  [PHERO] Laid at (0.11, 1.84) density=11 prob=1.00 total_entries=34
  [TARGET] Robot 6 → SITE (0.11,1.84)
[PICKUP] Robot 8 picked up tag (density=15) | Total: 83
[PICKUP] Robot 16 picked up tag (density=2) | Total: 84

======================================================================
Step 10000 (5.3 min) | Pickups: 84 | Deposits: 79 | Rate: 14.81 tags/min | phero_entries=34 phero_max=0.706
======================================================================
R1[T1][SITE      ]: L=+1.00 R=+0.93 | carry=0 | base=0.46 ba=-0.73 | site=1 sd=0.11 sa=-0.20 | phero=0 pd=0.00 pa=+0.00 | srch=0.17 | wall=1.29
R2[T1][RTB       ]: L=+1.00 R=+1.00 | carry=1 | base=0.30 ba=-0.00 | site=0 sd=0.00 sa=+0.00 | phero=0 pd=0.00 pa=+0.00 | srch=0.00 | wall=2.14
R3[T1][SITE      ]: L=+0.46 R=+0.45 | carry=0 | base=0.43 ba=-0.96 | site=1 sd=0.20 sa=-0.03 | phero=0 pd=0.00 pa=+0.00 | srch=0.18 | wall=1.60
R4[T1][SITE      ]: L=+0.95 R=+1.00 | carry=0 | base=0.32 ba=-0.99 | site=1 sd=0.23 sa=+0.44 | phero=0 pd=0.00 pa=+0.00 | srch=0.12 | wall=1.98
R5[T2][RTB       ]: L=+0.99 R=+1.00 | carry=1 | base=0.16 ba=+0.00 | site=0 sd=0.00 sa=+0.00 | phero=0 pd=0.00 pa=+0.00 | srch=0.00 | wall=2.80
R6[T2][SITE      ]: L=+1.00 R=+0.96 | carry=0 | base=0.13 ba=-0.91 | site=1 sd=0.26 sa=-0.10 | phero=0 pd=0.00 pa=+0.00 | srch=0.05 | wall=2.89
R7[T2][EXPLORE   ]: L=+0.33 R=+1.00 | carry=0 | base=0.29 ba=-0.76 | site=0 sd=0.00 sa=+0.00 | phero=0 pd=0.00 pa=+0.00 | srch=0.76 | wall=2.45
R8[T2][RTB       ]: L=+1.00 R=+1.00 | carry=1 | base=0.65 ba=+0.00 | site=0 sd=0.00 sa=+0.00 | phero=0 pd=0.00 pa=+0.00 | srch=0.00 | wall=1.13
R9[T3][SITE      ]: L=+1.00 R=+1.00 | carry=0 | base=0.15 ba=+1.00 | site=1 sd=0.22 sa=+0.27 | phero=0 pd=0.00 pa=+0.00 | srch=0.06 | wall=2.87
R10[T3][GIVE_UP   ]: L=+1.00 R=+1.00 | carry=0 | base=0.38 ba=-0.00 | site=0 sd=0.00 sa=+0.00 | phero=0 pd=0.00 pa=+0.00 | srch=0.34 | wall=1.62
R11[T3][SITE      ]: L=+0.25 R=+0.24 | carry=0 | base=0.48 ba=-0.89 | site=1 sd=0.16 sa=+0.04 | phero=0 pd=0.00 pa=+0.00 | srch=0.31 | wall=1.31
R12[T3][SITE      ]: L=+1.00 R=+1.00 | carry=0 | base=0.28 ba=+0.87 | site=1 sd=0.09 sa=+0.17 | phero=0 pd=0.00 pa=+0.00 | srch=0.10 | wall=2.13
R13[T4][RTB       ]: L=+1.00 R=+1.00 | carry=1 | base=0.26 ba=+0.00 | site=0 sd=0.00 sa=+0.00 | phero=0 pd=0.00 pa=+0.00 | srch=0.00 | wall=2.51
R14[T4][EXPLORE   ]: L=+1.00 R=+1.00 | carry=0 | base=0.37 ba=-0.90 | site=0 sd=0.00 sa=+0.00 | phero=0 pd=0.00 pa=+0.00 | srch=0.14 | wall=2.11
R15[T4][SITE      ]: L=+0.46 R=+0.68 | carry=0 | base=0.40 ba=+0.80 | site=1 sd=0.13 sa=-0.07 | phero=0 pd=0.00 pa=+0.00 | srch=0.18 | wall=1.64
R16[T4][RTB       ]: L=+0.00 R=+1.00 | carry=1 | base=0.47 ba=+0.73 | site=0 sd=0.00 sa=+0.00 | phero=0 pd=0.00 pa=+0.00 | srch=0.00 | wall=1.34

[PICKUP] Robot 1 picked up tag (density=13) | Total: 85
[PICKUP] Robot 14 picked up tag (density=10) | Total: 86
[PICKUP] Robot 12 picked up tag (density=10) | Total: 87
[DEPOSIT] Robot 5 deposited! Total: 80
  [TARGET] Robot 5 → SITE (0.79,1.39)
[PICKUP] Robot 15 picked up tag (density=9) | Total: 88
[DEPOSIT] Robot 13 deposited! Total: 81
  [PHERO] Laid at (1.54, 1.62) density=12 prob=1.00 total_entries=34
  [TARGET] Robot 13 → SITE (1.54,1.62)
[DEPOSIT] Robot 2 deposited! Total: 82
  [PHERO] Laid at (-0.77, -2.03) density=14 prob=1.00 total_entries=35
  [TARGET] Robot 2 → SITE (-0.77,-2.03)
[PICKUP] Robot 6 picked up tag (density=9) | Total: 89
[EMPTY_RTN] R10 → phero(-0.20,1.66)
[PICKUP] Robot 3 picked up tag (density=8) | Total: 90
[PICKUP] Robot 9 picked up tag (density=8) | Total: 91

======================================================================
Step 10500 (5.6 min) | Pickups: 91 | Deposits: 82 | Rate: 14.64 tags/min | phero_entries=33 phero_max=0.752
======================================================================
R1[T1][RTB       ]: L=+1.00 R=+1.00 | carry=1 | base=0.14 ba=-0.00 | site=0 sd=0.00 sa=+0.00 | phero=0 pd=0.00 pa=+0.00 | srch=0.00 | wall=2.84
R2[T1][SITE      ]: L=+1.00 R=+1.00 | carry=0 | base=0.10 ba=-0.97 | site=1 sd=0.35 sa=+0.21 | phero=0 pd=0.00 pa=+0.00 | srch=0.04 | wall=3.14
R3[T1][RTB       ]: L=+1.00 R=+0.00 | carry=1 | base=0.64 ba=-0.46 | site=0 sd=0.00 sa=+0.00 | phero=0 pd=0.00 pa=+0.00 | srch=0.00 | wall=0.81
R4[T1][EXPLORE   ]: L=+1.00 R=+0.99 | carry=0 | base=0.44 ba=+0.24 | site=0 sd=0.00 sa=+0.00 | phero=0 pd=0.00 pa=+0.00 | srch=0.24 | wall=1.85
R5[T2][SITE      ]: L=+1.00 R=+1.00 | carry=0 | base=0.21 ba=+1.00 | site=1 sd=0.11 sa=+0.10 | phero=0 pd=0.00 pa=+0.00 | srch=0.09 | wall=2.64
R6[T2][RTB       ]: L=+1.00 R=+0.54 | carry=1 | base=0.39 ba=-0.18 | site=0 sd=0.00 sa=+0.00 | phero=0 pd=0.00 pa=+0.00 | srch=0.00 | wall=1.59
R7[T2][EXPLORE   ]: L=+0.02 R=+0.81 | carry=0 | base=0.33 ba=+0.60 | site=0 sd=0.00 sa=+0.00 | phero=0 pd=0.00 pa=+0.00 | srch=0.89 | wall=2.23
R8[T2][RTB       ]: L=+1.00 R=+1.00 | carry=1 | base=0.26 ba=+0.00 | site=0 sd=0.00 sa=+0.00 | phero=0 pd=0.00 pa=+0.00 | srch=0.00 | wall=2.54
R9[T3][RTB       ]: L=+0.39 R=+1.00 | carry=1 | base=0.40 ba=+0.25 | site=0 sd=0.00 sa=+0.00 | phero=0 pd=0.00 pa=+0.00 | srch=0.00 | wall=1.50
R10[T3][BASE_ESC  ]: L=+0.00 R=+1.00 | carry=0 | base=0.04 ba=-0.61 | site=0 sd=0.00 sa=+0.00 | phero=1 pd=0.35 pa=-0.97 | srch=0.02 | wall=3.28
R11[T3][SITE      ]: L=+1.00 R=+1.00 | carry=0 | base=0.47 ba=-0.88 | site=1 sd=0.17 sa=+0.07 | phero=0 pd=0.00 pa=+0.00 | srch=0.44 | wall=1.35
R12[T3][RTB       ]: L=+1.00 R=+1.00 | carry=1 | base=0.09 ba=+0.00 | site=0 sd=0.00 sa=+0.00 | phero=0 pd=0.00 pa=+0.00 | srch=0.00 | wall=3.04
R13[T4][SITE      ]: L=+1.00 R=+1.00 | carry=0 | base=0.11 ba=+0.95 | site=1 sd=0.35 sa=-0.19 | phero=0 pd=0.00 pa=+0.00 | srch=0.05 | wall=3.00
R14[T4][RTB       ]: L=+1.00 R=+1.00 | carry=1 | base=0.14 ba=-0.00 | site=0 sd=0.00 sa=+0.00 | phero=0 pd=0.00 pa=+0.00 | srch=0.00 | wall=2.96
R15[T4][RTB       ]: L=+1.00 R=+1.00 | carry=1 | base=0.32 ba=+0.00 | site=0 sd=0.00 sa=+0.00 | phero=0 pd=0.00 pa=+0.00 | srch=0.00 | wall=2.08
R16[T4][RTB       ]: L=+1.00 R=+1.00 | carry=1 | base=0.15 ba=+0.00 | site=0 sd=0.00 sa=+0.00 | phero=0 pd=0.00 pa=+0.00 | srch=0.00 | wall=2.80

[DEPOSIT] Robot 12 deposited! Total: 83
  [PHERO] Laid at (-0.05, 1.68) density=10 prob=1.00 total_entries=33
  [TARGET] Robot 12 → SITE (-0.05,1.68)
[DEPOSIT] Robot 14 deposited! Total: 84
  [PHERO] Laid at (-1.27, 1.55) density=10 prob=1.00 total_entries=34
  [TARGET] Robot 14 → SITE (-1.27,1.55)
[DEPOSIT] Robot 1 deposited! Total: 85
  [PHERO] Laid at (-0.62, -2.22) density=13 prob=1.00 total_entries=35
  [TARGET] Robot 1 → SITE (-0.62,-2.22)
[PICKUP] Robot 4 picked up tag (density=3) | Total: 92
[DEPOSIT] Robot 16 deposited! Total: 86
  [TARGET] Robot 16 → SITE (2.15,0.82)
[DEPOSIT] Robot 8 deposited! Total: 87
  [PHERO] Laid at (-2.80, 2.68) density=15 prob=1.00 total_entries=35
  [TARGET] Robot 8 → SITE (-2.80,2.68)
[DEPOSIT] Robot 15 deposited! Total: 88
  [PHERO] Laid at (-0.96, 2.07) density=9 prob=1.00 total_entries=36
  [TARGET] Robot 15 → SITE (-0.96,2.07)
[GIVE-UP] R7 giving up after 3970 steps
[DEPOSIT] Robot 6 deposited! Total: 89
  [PHERO] Laid at (0.14, 1.95) density=9 prob=1.00 total_entries=36
  [TARGET] Robot 6 → SITE (0.14,1.95)

======================================================================
Step 11000 (5.9 min) | Pickups: 92 | Deposits: 89 | Rate: 15.17 tags/min | phero_entries=35 phero_max=0.908
======================================================================
R1[T1][SITE      ]: L=+0.98 R=+1.00 | carry=0 | base=0.26 ba=+1.00 | site=1 sd=0.23 sa=+0.21 | phero=0 pd=0.00 pa=+0.00 | srch=0.10 | wall=2.43
R2[T1][SITE      ]: L=+0.88 R=+1.00 | carry=0 | base=0.43 ba=+0.65 | site=1 sd=0.04 sa=+0.12 | phero=0 pd=0.00 pa=+0.00 | srch=0.17 | wall=1.56
R3[T1][RTB       ]: L=+1.00 R=+1.00 | carry=1 | base=0.29 ba=-0.00 | site=0 sd=0.00 sa=+0.00 | phero=0 pd=0.00 pa=+0.00 | srch=0.00 | wall=2.30
R4[T1][RTB       ]: L=+1.00 R=+1.00 | carry=1 | base=0.18 ba=+0.00 | site=0 sd=0.00 sa=+0.00 | phero=0 pd=0.00 pa=+0.00 | srch=0.00 | wall=2.68
R5[T2][EXPLORE   ]: L=+1.00 R=+1.00 | carry=0 | base=0.36 ba=+0.77 | site=0 sd=0.00 sa=+0.00 | phero=0 pd=0.00 pa=+0.00 | srch=0.21 | wall=1.72
R6[T2][BASE_ESC  ]: L=+0.00 R=+1.00 | carry=0 | base=0.04 ba=-0.53 | site=1 sd=0.35 sa=+0.50 | phero=0 pd=0.00 pa=+0.00 | srch=0.01 | wall=3.28
R7[T2][GIVE_UP   ]: L=+0.99 R=+1.00 | carry=0 | base=0.17 ba=+0.00 | site=0 sd=0.00 sa=+0.00 | phero=0 pd=0.00 pa=+0.00 | srch=1.00 | wall=2.71
R8[T2][SITE      ]: L=+1.00 R=+1.00 | carry=0 | base=0.14 ba=-0.97 | site=1 sd=0.65 sa=-0.08 | phero=0 pd=0.00 pa=+0.00 | srch=0.06 | wall=2.90
R9[T3][RTB       ]: L=+1.00 R=+1.00 | carry=1 | base=0.17 ba=+0.00 | site=0 sd=0.00 sa=+0.00 | phero=0 pd=0.00 pa=+0.00 | srch=0.00 | wall=2.68
R10[T3][PHERO     ]: L=+0.99 R=+1.00 | carry=0 | base=0.29 ba=+0.82 | site=0 sd=0.00 sa=+0.00 | phero=1 pd=0.12 pa=+0.23 | srch=0.14 | wall=2.11
R11[T3][SITE      ]: L=+0.10 R=+0.11 | carry=0 | base=0.49 ba=-0.98 | site=1 sd=0.15 sa=-0.00 | phero=0 pd=0.00 pa=+0.00 | srch=0.56 | wall=1.30
R12[T3][SITE      ]: L=+1.00 R=+1.00 | carry=0 | base=0.15 ba=-0.98 | site=1 sd=0.19 sa=+0.06 | phero=0 pd=0.00 pa=+0.00 | srch=0.11 | wall=2.75
R13[T4][SITE      ]: L=+1.00 R=+0.99 | carry=0 | base=0.40 ba=-0.85 | site=1 sd=0.06 sa=-0.02 | phero=0 pd=0.00 pa=+0.00 | srch=0.18 | wall=1.98
R14[T4][SITE      ]: L=+0.97 R=+1.00 | carry=0 | base=0.23 ba=+0.96 | site=1 sd=0.18 sa=-0.00 | phero=0 pd=0.00 pa=+0.00 | srch=0.10 | wall=2.59
R15[T4][BASE_ESC  ]: L=+1.00 R=+0.44 | carry=0 | base=0.05 ba=+0.87 | site=1 sd=0.41 sa=-0.21 | phero=0 pd=0.00 pa=+0.00 | srch=0.03 | wall=3.31
R16[T4][SITE      ]: L=+1.00 R=+1.00 | carry=0 | base=0.24 ba=-0.95 | site=1 sd=0.23 sa=-0.10 | phero=0 pd=0.00 pa=+0.00 | srch=0.09 | wall=2.50

[PICKUP] Robot 5 picked up tag (density=7) | Total: 93
[PICKUP] Robot 10 picked up tag (density=6) | Total: 94
[EMPTY_RTN] R7 → phero(-1.27,1.55)
[DEPOSIT] Robot 4 deposited! Total: 90
  [PHERO] Laid at (0.96, 1.61) density=3 prob=0.65 total_entries=34
  [TARGET] Robot 4 → SITE (0.96,1.61)
[PICKUP] Robot 14 picked up tag (density=9) | Total: 95
[DEPOSIT] Robot 9 deposited! Total: 91
  [PHERO] Laid at (0.09, 2.01) density=8 prob=1.00 total_entries=35
  [TARGET] Robot 9 → SITE (0.09,2.01)
[PICKUP] Robot 1 picked up tag (density=12) | Total: 96
[DEPOSIT] Robot 3 deposited! Total: 92
  [PHERO] Laid at (2.68, -1.66) density=8 prob=1.00 total_entries=35
  [TARGET] Robot 3 → SITE (2.68,-1.66)
[PICKUP] Robot 12 picked up tag (density=5) | Total: 97
[PICKUP] Robot 16 picked up tag (density=1) | Total: 98
[PICKUP] Robot 13 picked up tag (density=18) | Total: 99

======================================================================
Step 11500 (6.1 min) | Pickups: 99 | Deposits: 92 | Rate: 15.00 tags/min | phero_entries=33 phero_max=0.738
======================================================================
R1[T1][RTB       ]: L=+1.00 R=+1.00 | carry=1 | base=0.34 ba=+0.00 | site=0 sd=0.00 sa=+0.00 | phero=0 pd=0.00 pa=+0.00 | srch=0.00 | wall=1.91
R2[T1][EXPLORE   ]: L=+1.00 R=+1.00 | carry=0 | base=0.56 ba=+0.71 | site=0 sd=0.00 sa=+0.00 | phero=0 pd=0.00 pa=+0.00 | srch=0.29 | wall=0.85
R3[T1][SITE      ]: L=+0.99 R=+1.00 | carry=0 | base=0.10 ba=+0.98 | site=1 sd=0.54 sa=+0.08 | phero=0 pd=0.00 pa=+0.00 | srch=0.05 | wall=3.12
R4[T1][SITE      ]: L=+1.00 R=+1.00 | carry=0 | base=0.17 ba=-0.95 | site=1 sd=0.21 sa=+0.11 | phero=0 pd=0.00 pa=+0.00 | srch=0.08 | wall=2.80
R5[T2][RTB       ]: L=+0.77 R=+1.00 | carry=1 | base=0.10 ba=+0.08 | site=0 sd=0.00 sa=+0.00 | phero=0 pd=0.00 pa=+0.00 | srch=0.00 | wall=3.02
R6[T2][SITE      ]: L=+0.19 R=+0.20 | carry=0 | base=0.23 ba=-0.97 | site=1 sd=0.17 sa=-0.09 | phero=0 pd=0.00 pa=+0.00 | srch=0.14 | wall=2.36
R7[T2][PHERO     ]: L=+0.95 R=+1.00 | carry=0 | base=0.09 ba=+0.78 | site=0 sd=0.00 sa=+0.00 | phero=1 pd=0.35 pa=+0.08 | srch=0.09 | wall=3.06
R8[T2][SITE      ]: L=+1.00 R=+0.99 | carry=0 | base=0.52 ba=-0.90 | site=1 sd=0.29 sa=-0.05 | phero=0 pd=0.00 pa=+0.00 | srch=0.18 | wall=1.39
R9[T3][SITE      ]: L=+1.00 R=+1.00 | carry=0 | base=0.17 ba=-0.96 | site=1 sd=0.25 sa=+0.23 | phero=0 pd=0.00 pa=+0.00 | srch=0.07 | wall=2.73
R10[T3][RTB       ]: L=+1.00 R=+1.00 | carry=1 | base=0.24 ba=-0.00 | site=0 sd=0.00 sa=+0.00 | phero=0 pd=0.00 pa=+0.00 | srch=0.00 | wall=2.30
R11[T3][SITE      ]: L=-0.01 R=-0.01 | carry=0 | base=0.55 ba=+0.93 | site=1 sd=0.09 sa=-0.13 | phero=0 pd=0.00 pa=+0.00 | srch=0.69 | wall=1.00
R12[T3][RTB       ]: L=+0.98 R=+1.00 | carry=1 | base=0.32 ba=+0.01 | site=0 sd=0.00 sa=+0.00 | phero=0 pd=0.00 pa=+0.00 | srch=0.00 | wall=1.94
R13[T4][RTB       ]: L=+0.00 R=+1.00 | carry=1 | base=0.73 ba=+0.61 | site=0 sd=0.00 sa=+0.00 | phero=0 pd=0.00 pa=+0.00 | srch=0.00 | wall=0.87
R14[T4][RTB       ]: L=+1.00 R=+1.00 | carry=1 | base=0.27 ba=+0.00 | site=0 sd=0.00 sa=+0.00 | phero=0 pd=0.00 pa=+0.00 | srch=0.00 | wall=2.54
R15[T4][SITE      ]: L=+0.77 R=+0.76 | carry=0 | base=0.30 ba=+0.97 | site=1 sd=0.16 sa=-0.08 | phero=0 pd=0.00 pa=+0.00 | srch=0.15 | wall=2.19
R16[T4][RTB       ]: L=+0.83 R=+1.00 | carry=1 | base=0.45 ba=+0.06 | site=0 sd=0.00 sa=+0.00 | phero=0 pd=0.00 pa=+0.00 | srch=0.00 | wall=1.40

[DEPOSIT] Robot 5 deposited! Total: 93
  [PHERO] Laid at (0.08, 1.82) density=7 prob=0.99 total_entries=32
  [TARGET] Robot 5 → SITE (0.08,1.82)
[PICKUP] Robot 9 picked up tag (density=1) | Total: 100
[PICKUP] Robot 8 picked up tag (density=14) | Total: 101
[DEPOSIT] Robot 14 deposited! Total: 94
  [PHERO] Laid at (-1.27, 1.48) density=9 prob=1.00 total_entries=33
  [TARGET] Robot 14 → SITE (-1.27,1.48)
[DEPOSIT] Robot 10 deposited! Total: 95
  [PHERO] Laid at (-0.04, 1.77) density=6 prob=0.97 total_entries=34
  [TARGET] Robot 10 → SITE (-0.04,1.77)
[DEPOSIT] Robot 1 deposited! Total: 96
  [PHERO] Laid at (-0.91, -2.01) density=12 prob=1.00 total_entries=34
  [TARGET] Robot 1 → SITE (-0.91,-2.01)
[DEPOSIT] Robot 12 deposited! Total: 97
  [PHERO] Laid at (-0.03, 1.81) density=5 prob=0.92 total_entries=35
  [TARGET] Robot 12 → SITE (-0.03,1.81)

======================================================================
Step 12000 (6.4 min) | Pickups: 101 | Deposits: 97 | Rate: 15.16 tags/min | phero_entries=34 phero_max=0.854
======================================================================
R1[T1][SITE      ]: L=+1.00 R=+1.00 | carry=0 | base=0.06 ba=+0.91 | site=1 sd=0.39 sa=-0.21 | phero=0 pd=0.00 pa=+0.00 | srch=0.03 | wall=3.21
R2[T1][EXPLORE   ]: L=+1.00 R=+1.00 | carry=0 | base=0.78 ba=+0.55 | site=0 sd=0.00 sa=+0.00 | phero=0 pd=0.00 pa=+0.00 | srch=0.42 | wall=0.55
R3[T1][SITE      ]: L=+1.00 R=+1.00 | carry=0 | base=0.48 ba=+0.88 | site=1 sd=0.16 sa=-0.05 | phero=0 pd=0.00 pa=+0.00 | srch=0.17 | wall=1.54
R4[T1][EXPLORE   ]: L=+1.00 R=+1.00 | carry=0 | base=0.49 ba=+0.77 | site=0 sd=0.00 sa=+0.00 | phero=0 pd=0.00 pa=+0.00 | srch=0.21 | wall=1.18
R5[T2][SITE      ]: L=+1.00 R=+0.96 | carry=0 | base=0.27 ba=-0.79 | site=1 sd=0.16 sa=-0.16 | phero=0 pd=0.00 pa=+0.00 | srch=0.11 | wall=2.26
R6[T2][SITE      ]: L=+0.00 R=+0.01 | carry=0 | base=0.35 ba=-0.81 | site=1 sd=0.07 sa=-0.10 | phero=0 pd=0.00 pa=+0.00 | srch=0.26 | wall=1.76
R7[T2][PHERO     ]: L=+0.73 R=+0.68 | carry=0 | base=0.34 ba=+0.88 | site=0 sd=0.00 sa=+0.00 | phero=1 pd=0.07 pa=-0.12 | srch=0.21 | wall=2.20
R8[T2][RTB       ]: L=+1.00 R=+1.00 | carry=1 | base=0.54 ba=-0.00 | site=0 sd=0.00 sa=+0.00 | phero=0 pd=0.00 pa=+0.00 | srch=0.00 | wall=1.49
R9[T3][RTB       ]: L=+1.00 R=+1.00 | carry=1 | base=0.17 ba=+0.00 | site=0 sd=0.00 sa=+0.00 | phero=0 pd=0.00 pa=+0.00 | srch=0.00 | wall=2.74
R10[T3][SITE      ]: L=+1.00 R=+1.00 | carry=0 | base=0.10 ba=-0.98 | site=1 sd=0.27 sa=+0.19 | phero=0 pd=0.00 pa=+0.00 | srch=0.04 | wall=3.02
R11[T3][SITE      ]: L=+0.49 R=+0.53 | carry=0 | base=0.59 ba=-0.94 | site=1 sd=0.05 sa=+0.01 | phero=0 pd=0.00 pa=+0.00 | srch=0.81 | wall=0.85
R12[T3][BASE_ESC  ]: L=+1.00 R=+0.35 | carry=0 | base=0.05 ba=+0.83 | site=1 sd=0.32 sa=-0.28 | phero=0 pd=0.00 pa=+0.00 | srch=0.02 | wall=3.27
R13[T4][RTB       ]: L=+1.00 R=+1.00 | carry=1 | base=0.40 ba=+0.00 | site=0 sd=0.00 sa=+0.00 | phero=0 pd=0.00 pa=+0.00 | srch=0.00 | wall=2.11
R14[T4][SITE      ]: L=+1.00 R=+0.98 | carry=0 | base=0.13 ba=+0.96 | site=1 sd=0.29 sa=-0.27 | phero=0 pd=0.00 pa=+0.00 | srch=0.05 | wall=2.90
R15[T4][SITE      ]: L=+0.26 R=+0.23 | carry=0 | base=0.45 ba=-0.87 | site=1 sd=0.02 sa=-0.08 | phero=0 pd=0.00 pa=+0.00 | srch=0.28 | wall=1.52
R16[T4][RTB       ]: L=+1.00 R=+1.00 | carry=1 | base=0.07 ba=+0.00 | site=0 sd=0.00 sa=+0.00 | phero=0 pd=0.00 pa=+0.00 | srch=0.00 | wall=3.19

[DEPOSIT] Robot 16 deposited! Total: 98
  [TARGET] Robot 16 → SITE (2.22,0.74)
[PICKUP] Robot 15 picked up tag (density=8) | Total: 102
[GIVE-UP] R4 giving up after 1003 steps
[PICKUP] Robot 7 picked up tag (density=8) | Total: 103
[DEPOSIT] Robot 9 deposited! Total: 99
  [PHERO] Laid at (0.68, 1.39) density=1 prob=0.20 total_entries=34
  [TARGET] Robot 9 → SITE (0.68,1.39)
[PICKUP] Robot 14 picked up tag (density=7) | Total: 104
[DEPOSIT] Robot 13 deposited! Total: 100
  [PHERO] Laid at (2.62, 2.47) density=18 prob=1.00 total_entries=32
  [TARGET] Robot 13 → SITE (2.62,2.47)
[PICKUP] Robot 12 picked up tag (density=4) | Total: 105

======================================================================
Step 12500 (6.7 min) | Pickups: 105 | Deposits: 100 | Rate: 15.00 tags/min | phero_entries=32 phero_max=0.917
======================================================================
R1[T1][SITE      ]: L=+1.00 R=+0.96 | carry=0 | base=0.40 ba=-0.75 | site=1 sd=0.09 sa=-0.09 | phero=0 pd=0.00 pa=+0.00 | srch=0.16 | wall=1.60
R2[T1][EXPLORE   ]: L=+1.00 R=+1.00 | carry=0 | base=0.67 ba=+0.20 | site=0 sd=0.00 sa=+0.00 | phero=0 pd=0.00 pa=+0.00 | srch=0.54 | wall=0.73
R3[T1][EXPLORE   ]: L=+1.00 R=+1.00 | carry=0 | base=0.80 ba=-0.83 | site=0 sd=0.00 sa=+0.00 | phero=0 pd=0.00 pa=+0.00 | srch=0.30 | wall=0.40
R4[T1][GIVE_UP   ]: L=+1.00 R=+1.00 | carry=0 | base=0.42 ba=+0.00 | site=0 sd=0.00 sa=+0.00 | phero=0 pd=0.00 pa=+0.00 | srch=0.33 | wall=1.44
R5[T2][EXPLORE   ]: L=+1.00 R=+1.00 | carry=0 | base=0.50 ba=-0.77 | site=0 sd=0.00 sa=+0.00 | phero=0 pd=0.00 pa=+0.00 | srch=0.23 | wall=1.25
R6[T2][EXPLORE   ]: L=+1.00 R=+1.00 | carry=0 | base=0.57 ba=-0.80 | site=0 sd=0.00 sa=+0.00 | phero=0 pd=0.00 pa=+0.00 | srch=0.39 | wall=0.97
R7[T2][RTB       ]: L=+1.00 R=+1.00 | carry=1 | base=0.27 ba=+0.00 | site=0 sd=0.00 sa=+0.00 | phero=0 pd=0.00 pa=+0.00 | srch=0.00 | wall=2.52
R8[T2][RTB       ]: L=+1.00 R=+1.00 | carry=1 | base=0.16 ba=-0.00 | site=0 sd=0.00 sa=+0.00 | phero=0 pd=0.00 pa=+0.00 | srch=0.00 | wall=2.93
R9[T3][SITE      ]: L=+1.00 R=+1.00 | carry=0 | base=0.16 ba=-0.93 | site=1 sd=0.16 sa=+0.02 | phero=0 pd=0.00 pa=+0.00 | srch=0.07 | wall=2.78
R10[T3][SITE      ]: L=+0.24 R=+1.00 | carry=0 | base=0.38 ba=+0.40 | site=1 sd=0.03 sa=+0.19 | phero=0 pd=0.00 pa=+0.00 | srch=0.17 | wall=1.63
R11[T3][SITE      ]: L=+0.05 R=+0.03 | carry=0 | base=0.61 ba=+0.96 | site=1 sd=0.02 sa=-0.13 | phero=0 pd=0.00 pa=+0.00 | srch=0.94 | wall=0.73
R12[T3][RTB       ]: L=+0.00 R=+1.00 | carry=1 | base=0.38 ba=+0.58 | site=0 sd=0.00 sa=+0.00 | phero=0 pd=0.00 pa=+0.00 | srch=0.00 | wall=1.63
R13[T4][BASE_ESC  ]: L=+1.00 R=+0.00 | carry=0 | base=0.04 ba=+0.48 | site=1 sd=0.68 sa=-0.56 | phero=0 pd=0.00 pa=+0.00 | srch=0.01 | wall=3.33
R14[T4][RTB       ]: L=+1.00 R=+0.92 | carry=1 | base=0.35 ba=-0.03 | site=0 sd=0.00 sa=+0.00 | phero=0 pd=0.00 pa=+0.00 | srch=0.00 | wall=2.24
R15[T4][RTB       ]: L=+1.00 R=+1.00 | carry=1 | base=0.19 ba=-0.00 | site=0 sd=0.00 sa=+0.00 | phero=0 pd=0.00 pa=+0.00 | srch=0.00 | wall=2.63
R16[T4][SITE      ]: L=+1.00 R=+1.00 | carry=0 | base=0.32 ba=-0.96 | site=1 sd=0.16 sa=+0.08 | phero=0 pd=0.00 pa=+0.00 | srch=0.12 | wall=1.98

[PICKUP] Robot 2 picked up tag (density=7) | Total: 106
[GIVE-UP] R4 giving up after 1393 steps
[GIVE-UP] R5 giving up after 1040 steps
[DEPOSIT] Robot 8 deposited! Total: 101
  [PHERO] Laid at (-2.59, 2.16) density=14 prob=1.00 total_entries=32
  [TARGET] Robot 8 → SITE (-2.59,2.16)
[DEPOSIT] Robot 15 deposited! Total: 102
  [PHERO] Laid at (-0.96, 2.09) density=8 prob=1.00 total_entries=33
  [TARGET] Robot 15 → SITE (-0.96,2.09)
[PICKUP] Robot 6 picked up tag (density=16) | Total: 107
[DEPOSIT] Robot 7 deposited! Total: 103
  [PHERO] Laid at (-1.35, 1.57) density=8 prob=1.00 total_entries=33
  [TARGET] Robot 7 → SITE (-1.35,1.57)
[DEPOSIT] Robot 14 deposited! Total: 104
  [PHERO] Laid at (-1.34, 1.29) density=7 prob=0.99 total_entries=34
  [TARGET] Robot 14 → SITE (-1.34,1.29)
[EMPTY_RTN] R4 → phero(-1.35,1.57)
[DEPOSIT] Robot 12 deposited! Total: 105
  [TARGET] Robot 12 → SITE (-0.03,1.86)

======================================================================
Step 13000 (6.9 min) | Pickups: 107 | Deposits: 105 | Rate: 15.14 tags/min | phero_entries=33 phero_max=0.839
======================================================================
R1[T1][EXPLORE   ]: L=-0.30 R=+1.00 | carry=0 | base=0.61 ba=+1.00 | site=0 sd=0.00 sa=+0.00 | phero=0 pd=0.00 pa=+0.00 | srch=0.28 | wall=1.24
R2[T1][RTB       ]: L=+1.00 R=+1.00 | carry=1 | base=0.30 ba=+0.00 | site=0 sd=0.00 sa=+0.00 | phero=0 pd=0.00 pa=+0.00 | srch=0.00 | wall=2.20
R3[T1][EXPLORE   ]: L=+1.00 R=+0.78 | carry=0 | base=0.70 ba=-0.04 | site=0 sd=0.00 sa=+0.00 | phero=0 pd=0.00 pa=+0.00 | srch=0.42 | wall=0.77
R4[T1][BASE_ESC  ]: L=+0.00 R=+1.00 | carry=0 | base=0.05 ba=-0.27 | site=0 sd=0.00 sa=+0.00 | phero=1 pd=0.39 pa=-0.96 | srch=0.01 | wall=3.28
R5[T2][GIVE_UP   ]: L=+1.00 R=+1.00 | carry=0 | base=0.34 ba=-0.00 | site=0 sd=0.00 sa=+0.00 | phero=0 pd=0.00 pa=+0.00 | srch=0.36 | wall=2.08
R6[T2][RTB       ]: L=+1.00 R=+1.00 | carry=1 | base=0.49 ba=-0.00 | site=0 sd=0.00 sa=+0.00 | phero=0 pd=0.00 pa=+0.00 | srch=0.00 | wall=1.52
R7[T2][SITE      ]: L=+0.65 R=+0.65 | carry=0 | base=0.10 ba=-0.93 | site=1 sd=0.32 sa=-0.03 | phero=0 pd=0.00 pa=+0.00 | srch=0.05 | wall=3.09
R8[T2][SITE      ]: L=+1.00 R=+1.00 | carry=0 | base=0.25 ba=-0.98 | site=1 sd=0.49 sa=+0.28 | phero=0 pd=0.00 pa=+0.00 | srch=0.09 | wall=2.35
R9[T3][EXPLORE   ]: L=+1.00 R=+1.00 | carry=0 | base=0.54 ba=-0.98 | site=0 sd=0.00 sa=+0.00 | phero=0 pd=0.00 pa=+0.00 | srch=0.19 | wall=1.19
R10[T3][EXPLORE   ]: L=+1.00 R=+1.00 | carry=0 | base=0.24 ba=+0.61 | site=0 sd=0.00 sa=+0.00 | phero=0 pd=0.00 pa=+0.00 | srch=0.29 | wall=2.37
R11[T3][SITE      ]: L=+0.57 R=+0.47 | carry=0 | base=0.62 ba=-0.86 | site=1 sd=0.02 sa=+0.05 | phero=0 pd=0.00 pa=+0.00 | srch=1.00 | wall=0.72
R12[T3][BASE_ESC  ]: L=+1.00 R=+0.00 | carry=0 | base=0.05 ba=+0.17 | site=1 sd=0.33 sa=-0.88 | phero=0 pd=0.00 pa=+0.00 | srch=0.00 | wall=3.27
R13[T4][SITE      ]: L=+1.00 R=+0.96 | carry=0 | base=0.38 ba=-0.84 | site=1 sd=0.45 sa=-0.17 | phero=0 pd=0.00 pa=+0.00 | srch=0.14 | wall=1.66
R14[T4][BASE_ESC  ]: L=+1.00 R=+0.42 | carry=0 | base=0.05 ba=+0.86 | site=1 sd=0.33 sa=-0.20 | phero=0 pd=0.00 pa=+0.00 | srch=0.03 | wall=3.30
R15[T4][SITE      ]: L=+1.00 R=+1.00 | carry=0 | base=0.19 ba=+0.95 | site=1 sd=0.28 sa=-0.08 | phero=0 pd=0.00 pa=+0.00 | srch=0.08 | wall=2.69
R16[T4][SITE      ]: L=+0.72 R=+1.00 | carry=0 | base=0.46 ba=-0.74 | site=1 sd=0.02 sa=+0.19 | phero=0 pd=0.00 pa=+0.00 | srch=0.24 | wall=1.36

[PICKUP] Robot 11 picked up tag (density=6) | Total: 108
[GIVE-UP] R9 giving up after 864 steps
[GIVE-UP] R16 giving up after 1068 steps
[GIVE-UP] R1 giving up after 1287 steps
[PICKUP] Robot 8 picked up tag (density=7) | Total: 109
[GIVE-UP] R9 giving up after 1098 steps
[DEPOSIT] Robot 2 deposited! Total: 106
  [PHERO] Laid at (2.69, -1.59) density=7 prob=0.99 total_entries=32
  [TARGET] Robot 2 → SITE (2.69,-1.59)
[EMPTY_RTN] R5 → phero(-0.04,1.77)
[PICKUP] Robot 13 picked up tag (density=15) | Total: 110
[PICKUP] Robot 15 picked up tag (density=6) | Total: 111

======================================================================
Step 13500 (7.2 min) | Pickups: 111 | Deposits: 106 | Rate: 14.72 tags/min | phero_entries=32 phero_max=0.755
======================================================================
R1[T1][GIVE_UP   ]: L=+1.00 R=+1.00 | carry=0 | base=0.56 ba=+0.00 | site=0 sd=0.00 sa=+0.00 | phero=0 pd=0.00 pa=+0.00 | srch=0.41 | wall=1.50
R2[T1][SITE      ]: L=+1.00 R=+1.00 | carry=0 | base=0.10 ba=+0.95 | site=1 sd=0.54 sa=-0.20 | phero=0 pd=0.00 pa=+0.00 | srch=0.04 | wall=3.00
R3[T1][EXPLORE   ]: L=+1.00 R=+1.00 | carry=0 | base=0.61 ba=-0.10 | site=0 sd=0.00 sa=+0.00 | phero=0 pd=0.00 pa=+0.00 | srch=0.55 | wall=0.85
R4[T1][PHERO     ]: L=+0.59 R=+0.58 | carry=0 | base=0.23 ba=+0.72 | site=0 sd=0.00 sa=+0.00 | phero=1 pd=0.21 pa=-0.06 | srch=0.13 | wall=2.43
R5[T2][PHERO     ]: L=+0.96 R=+1.00 | carry=0 | base=0.06 ba=-0.93 | site=0 sd=0.00 sa=+0.00 | phero=1 pd=0.32 pa=+0.39 | srch=0.03 | wall=3.26
R6[T2][RTB       ]: L=+1.00 R=+1.00 | carry=1 | base=0.10 ba=-0.00 | site=0 sd=0.00 sa=+0.00 | phero=0 pd=0.00 pa=+0.00 | srch=0.00 | wall=3.09
R7[T2][SITE      ]: L=-0.67 R=-0.67 | carry=0 | base=0.17 ba=-0.84 | site=1 sd=0.26 sa=+0.03 | phero=0 pd=0.00 pa=+0.00 | srch=0.18 | wall=2.84
R8[T2][RTB       ]: L=+1.00 R=+1.00 | carry=1 | base=0.40 ba=+0.00 | site=0 sd=0.00 sa=+0.00 | phero=0 pd=0.00 pa=+0.00 | srch=0.00 | wall=1.63
R9[T3][GIVE_UP   ]: L=+1.00 R=+1.00 | carry=0 | base=0.38 ba=+0.00 | site=0 sd=0.00 sa=+0.00 | phero=0 pd=0.00 pa=+0.00 | srch=0.32 | wall=1.85
R10[T3][EXPLORE   ]: L=+1.00 R=+1.00 | carry=0 | base=0.52 ba=+0.85 | site=0 sd=0.00 sa=+0.00 | phero=0 pd=0.00 pa=+0.00 | srch=0.42 | wall=1.13
R11[T3][RTB       ]: L=+1.00 R=+1.00 | carry=1 | base=0.36 ba=-0.00 | site=0 sd=0.00 sa=+0.00 | phero=0 pd=0.00 pa=+0.00 | srch=0.00 | wall=1.92
R12[T3][SITE      ]: L=+1.00 R=+1.00 | carry=0 | base=0.35 ba=-0.94 | site=1 sd=0.03 sa=+0.02 | phero=0 pd=0.00 pa=+0.00 | srch=0.13 | wall=1.79
R13[T4][RTB       ]: L=+1.00 R=+0.54 | carry=1 | base=0.64 ba=-0.19 | site=0 sd=0.00 sa=+0.00 | phero=0 pd=0.00 pa=+0.00 | srch=0.00 | wall=0.91
R14[T4][SITE      ]: L=+1.00 R=+0.89 | carry=0 | base=0.40 ba=-0.70 | site=1 sd=0.07 sa=-0.32 | phero=0 pd=0.00 pa=+0.00 | srch=0.15 | wall=1.88
R15[T4][RTB       ]: L=+1.00 R=+0.65 | carry=1 | base=0.46 ba=-0.14 | site=0 sd=0.00 sa=+0.00 | phero=0 pd=0.00 pa=+0.00 | srch=0.00 | wall=1.37
R16[T4][GIVE_UP   ]: L=+1.00 R=+1.00 | carry=0 | base=0.27 ba=-0.00 | site=0 sd=0.00 sa=+0.00 | phero=0 pd=0.00 pa=+0.00 | srch=0.37 | wall=2.18

[PICKUP] Robot 14 picked up tag (density=6) | Total: 112
[DEPOSIT] Robot 6 deposited! Total: 107
  [PHERO] Laid at (1.85, 2.81) density=16 prob=1.00 total_entries=33
  [TARGET] Robot 6 → SITE (1.85,2.81)
[PICKUP] Robot 1 picked up tag (density=16) | Total: 113
[EMPTY_RTN] R16 → phero(-1.35,1.57)
[DEPOSIT] Robot 11 deposited! Total: 108
  [PHERO] Laid at (2.84, -1.32) density=6 prob=0.97 total_entries=28
  [TARGET] Robot 11 → SITE (2.84,-1.32)
[EMPTY_RTN] R9 → phero(2.84,-1.32)
[DEPOSIT] Robot 8 deposited! Total: 109
  [PHERO] Laid at (-0.72, 2.23) density=7 prob=0.99 total_entries=28
  [TARGET] Robot 8 → SITE (-0.72,2.23)

======================================================================
Step 14000 (7.5 min) | Pickups: 113 | Deposits: 109 | Rate: 14.60 tags/min | phero_entries=28 phero_max=0.932
======================================================================
R1[T1][RTB       ]: L=+1.00 R=+1.00 | carry=1 | base=0.18 ba=+0.00 | site=0 sd=0.00 sa=+0.00 | phero=0 pd=0.00 pa=+0.00 | srch=0.00 | wall=2.88
R2[T1][SITE      ]: L=+1.00 R=+1.00 | carry=0 | base=0.47 ba=-0.84 | site=1 sd=0.22 sa=-0.11 | phero=0 pd=0.00 pa=+0.00 | srch=0.17 | wall=1.28
R3[T1][EXPLORE   ]: L=+1.00 R=+1.00 | carry=0 | base=0.27 ba=-0.25 | site=0 sd=0.00 sa=+0.00 | phero=0 pd=0.00 pa=+0.00 | srch=0.67 | wall=2.15
R4[T1][EXPLORE   ]: L=+1.00 R=+1.00 | carry=0 | base=0.41 ba=+0.92 | site=0 sd=0.00 sa=+0.00 | phero=0 pd=0.00 pa=+0.00 | srch=0.26 | wall=1.94
R5[T2][PHERO     ]: L=+0.87 R=+1.00 | carry=0 | base=0.43 ba=+0.72 | site=0 sd=0.00 sa=+0.00 | phero=1 pd=0.34 pa=+0.42 | srch=0.16 | wall=1.91
R6[T2][SITE      ]: L=+1.00 R=+1.00 | carry=0 | base=0.30 ba=+0.98 | site=1 sd=0.43 sa=+0.22 | phero=0 pd=0.00 pa=+0.00 | srch=0.11 | wall=2.23
R7[T2][SITE      ]: L=+0.47 R=+0.54 | carry=0 | base=0.10 ba=-0.51 | site=1 sd=0.36 sa=+0.17 | phero=0 pd=0.00 pa=+0.00 | srch=0.30 | wall=3.03
R8[T2][BASE_ESC  ]: L=+1.00 R=+0.00 | carry=0 | base=0.04 ba=+0.41 | site=1 sd=0.43 sa=-0.64 | phero=0 pd=0.00 pa=+0.00 | srch=0.01 | wall=3.30
R9[T3][BASE_ESC  ]: L=+1.00 R=+0.00 | carry=0 | base=0.05 ba=+0.67 | site=0 sd=0.00 sa=+0.00 | phero=1 pd=0.64 pa=-0.88 | srch=0.02 | wall=3.29
R10[T3][EXPLORE   ]: L=+1.00 R=+1.00 | carry=0 | base=0.72 ba=+0.42 | site=0 sd=0.00 sa=+0.00 | phero=0 pd=0.00 pa=+0.00 | srch=0.54 | wall=0.72
R11[T3][BASE_ESC  ]: L=+0.38 R=+1.00 | carry=0 | base=0.05 ba=-0.86 | site=1 sd=0.59 sa=+0.22 | phero=0 pd=0.00 pa=+0.00 | srch=0.03 | wall=3.32
R12[T3][EXPLORE   ]: L=+1.00 R=-0.58 | carry=0 | base=0.64 ba=-0.02 | site=0 sd=0.00 sa=+0.00 | phero=0 pd=0.00 pa=+0.00 | srch=0.25 | wall=0.35
R13[T4][RTB       ]: L=+1.00 R=+1.00 | carry=1 | base=0.26 ba=-0.00 | site=0 sd=0.00 sa=+0.00 | phero=0 pd=0.00 pa=+0.00 | srch=0.00 | wall=2.46
R14[T4][RTB       ]: L=+1.00 R=+1.00 | carry=1 | base=0.09 ba=-0.00 | site=0 sd=0.00 sa=+0.00 | phero=0 pd=0.00 pa=+0.00 | srch=0.00 | wall=3.15
R15[T4][RTB       ]: L=+1.00 R=+1.00 | carry=1 | base=0.08 ba=-0.00 | site=0 sd=0.00 sa=+0.00 | phero=0 pd=0.00 pa=+0.00 | srch=0.00 | wall=3.13
R16[T4][PHERO     ]: L=+0.97 R=+1.00 | carry=0 | base=0.06 ba=+0.62 | site=0 sd=0.00 sa=+0.00 | phero=1 pd=0.44 pa=+0.27 | srch=0.05 | wall=3.23

[PICKUP] Robot 4 picked up tag (density=5) | Total: 114
[DEPOSIT] Robot 15 deposited! Total: 110
  [PHERO] Laid at (-0.94, 2.15) density=6 prob=0.97 total_entries=29
  [TARGET] Robot 15 → SITE (-0.94,2.15)
[DEPOSIT] Robot 14 deposited! Total: 111
  [PHERO] Laid at (-1.61, 1.20) density=6 prob=0.97 total_entries=30
  [TARGET] Robot 14 → SITE (-1.61,1.20)
[PICKUP] Robot 5 picked up tag (density=11) | Total: 115
[DEPOSIT] Robot 1 deposited! Total: 112
  [PHERO] Laid at (-1.58, -1.54) density=16 prob=1.00 total_entries=29
  [TARGET] Robot 1 → SITE (-1.58,-1.54)
[DEPOSIT] Robot 13 deposited! Total: 113
  [PHERO] Laid at (1.81, 2.65) density=15 prob=1.00 total_entries=30
  [TARGET] Robot 13 → SITE (1.81,2.65)

======================================================================
Step 14500 (7.7 min) | Pickups: 115 | Deposits: 113 | Rate: 14.61 tags/min | phero_entries=30 phero_max=0.693
======================================================================
R1[T1][SITE      ]: L=+1.00 R=+1.00 | carry=0 | base=0.21 ba=-0.84 | site=1 sd=0.26 sa=-0.07 | phero=0 pd=0.00 pa=+0.00 | srch=0.08 | wall=2.54
R2[T1][EXPLORE   ]: L=+1.00 R=+1.00 | carry=0 | base=0.69 ba=-0.67 | site=0 sd=0.00 sa=+0.00 | phero=0 pd=0.00 pa=+0.00 | srch=0.29 | wall=0.89
R3[T1][EXPLORE   ]: L=+0.20 R=+1.00 | carry=0 | base=0.28 ba=+0.78 | site=0 sd=0.00 sa=+0.00 | phero=0 pd=0.00 pa=+0.00 | srch=0.80 | wall=2.11
R4[T1][RTB       ]: L=+1.00 R=+1.00 | carry=1 | base=0.18 ba=+0.00 | site=0 sd=0.00 sa=+0.00 | phero=0 pd=0.00 pa=+0.00 | srch=0.00 | wall=2.86
R5[T2][RTB       ]: L=+1.00 R=+1.00 | carry=1 | base=0.19 ba=+0.00 | site=0 sd=0.00 sa=+0.00 | phero=0 pd=0.00 pa=+0.00 | srch=0.00 | wall=2.78
R6[T2][SITE      ]: L=+0.95 R=+1.00 | carry=0 | base=0.66 ba=+0.76 | site=1 sd=0.16 sa=+0.26 | phero=0 pd=0.00 pa=+0.00 | srch=0.23 | wall=1.12
R7[T2][SITE      ]: L=+0.41 R=+0.41 | carry=0 | base=0.30 ba=-0.92 | site=1 sd=0.13 sa=-0.01 | phero=0 pd=0.00 pa=+0.00 | srch=0.43 | wall=2.46
R8[T2][SITE      ]: L=+0.81 R=+0.83 | carry=0 | base=0.32 ba=-0.98 | site=1 sd=0.15 sa=+0.09 | phero=0 pd=0.00 pa=+0.00 | srch=0.14 | wall=1.94
R9[T3][PHERO     ]: L=+1.00 R=+1.00 | carry=0 | base=0.38 ba=-0.84 | site=0 sd=0.00 sa=+0.00 | phero=1 pd=0.76 pa=-0.53 | srch=0.14 | wall=1.73
R10[T3][EXPLORE   ]: L=+1.00 R=+1.00 | carry=0 | base=0.67 ba=+0.18 | site=0 sd=0.00 sa=+0.00 | phero=0 pd=0.00 pa=+0.00 | srch=0.67 | wall=0.46
R11[T3][SITE      ]: L=+0.99 R=+1.00 | carry=0 | base=0.42 ba=+0.97 | site=1 sd=0.22 sa=+0.07 | phero=0 pd=0.00 pa=+0.00 | srch=0.15 | wall=1.72
R12[T3][EXPLORE   ]: L=+1.00 R=+0.55 | carry=0 | base=0.62 ba=+0.49 | site=0 sd=0.00 sa=+0.00 | phero=0 pd=0.00 pa=+0.00 | srch=0.38 | wall=0.44
R13[T4][SITE      ]: L=+1.00 R=+1.00 | carry=0 | base=0.14 ba=-0.96 | site=1 sd=0.53 sa=+0.23 | phero=0 pd=0.00 pa=+0.00 | srch=0.06 | wall=2.89
R14[T4][SITE      ]: L=+1.00 R=+0.81 | carry=0 | base=0.26 ba=-0.93 | site=1 sd=0.18 sa=-0.19 | phero=0 pd=0.00 pa=+0.00 | srch=0.11 | wall=2.27
R15[T4][SITE      ]: L=+1.00 R=+1.00 | carry=0 | base=0.29 ba=+0.92 | site=1 sd=0.18 sa=-0.13 | phero=0 pd=0.00 pa=+0.00 | srch=0.11 | wall=2.22
R16[T4][PHERO     ]: L=+1.00 R=+0.94 | carry=0 | base=0.24 ba=+0.94 | site=0 sd=0.00 sa=+0.00 | phero=1 pd=0.18 pa=-0.00 | srch=0.18 | wall=2.55

[PICKUP] Robot 6 picked up tag (density=16) | Total: 116
[DEPOSIT] Robot 4 deposited! Total: 114
  [PHERO] Laid at (-1.45, 1.64) density=5 prob=0.92 total_entries=29
  [TARGET] Robot 4 → SITE (-1.45,1.64)
[DEPOSIT] Robot 5 deposited! Total: 115
  [PHERO] Laid at (1.56, 1.70) density=11 prob=1.00 total_entries=30
  [TARGET] Robot 5 → SITE (1.56,1.70)
[PICKUP] Robot 8 picked up tag (density=5) | Total: 117
[PICKUP] Robot 1 picked up tag (density=15) | Total: 118
[PICKUP] Robot 15 picked up tag (density=4) | Total: 119
[PICKUP] Robot 9 picked up tag (density=15) | Total: 120
[PICKUP] Robot 14 picked up tag (density=4) | Total: 121

======================================================================
Step 15000 (8.0 min) | Pickups: 121 | Deposits: 115 | Rate: 14.38 tags/min | phero_entries=27 phero_max=0.598
======================================================================
R1[T1][RTB       ]: L=+1.00 R=+1.00 | carry=1 | base=0.30 ba=-0.00 | site=0 sd=0.00 sa=+0.00 | phero=0 pd=0.00 pa=+0.00 | srch=0.00 | wall=2.45
R2[T1][EXPLORE   ]: L=+1.00 R=+1.00 | carry=0 | base=0.66 ba=-0.08 | site=0 sd=0.00 sa=+0.00 | phero=0 pd=0.00 pa=+0.00 | srch=0.42 | wall=0.78
R3[T1][EXPLORE   ]: L=+1.00 R=+1.00 | carry=0 | base=0.18 ba=-0.59 | site=0 sd=0.00 sa=+0.00 | phero=0 pd=0.00 pa=+0.00 | srch=0.92 | wall=2.69
R4[T1][SITE      ]: L=+1.00 R=+0.99 | carry=0 | base=0.21 ba=-0.94 | site=1 sd=0.23 sa=-0.01 | phero=0 pd=0.00 pa=+0.00 | srch=0.08 | wall=2.72
R5[T2][SITE      ]: L=+1.00 R=+1.00 | carry=0 | base=0.21 ba=+0.97 | site=1 sd=0.31 sa=-0.32 | phero=0 pd=0.00 pa=+0.00 | srch=0.08 | wall=2.47
R6[T2][RTB       ]: L=+1.00 R=+1.00 | carry=1 | base=0.45 ba=+0.00 | site=0 sd=0.00 sa=+0.00 | phero=0 pd=0.00 pa=+0.00 | srch=0.00 | wall=1.80
R7[T2][SITE      ]: L=-0.23 R=-0.23 | carry=0 | base=0.37 ba=-0.99 | site=1 sd=0.05 sa=-0.09 | phero=0 pd=0.00 pa=+0.00 | srch=0.55 | wall=2.16
R8[T2][RTB       ]: L=+1.00 R=+1.00 | carry=1 | base=0.39 ba=+0.00 | site=0 sd=0.00 sa=+0.00 | phero=0 pd=0.00 pa=+0.00 | srch=0.00 | wall=1.66
R9[T3][RTB       ]: L=+1.00 R=+0.99 | carry=1 | base=0.55 ba=-0.00 | site=0 sd=0.00 sa=+0.00 | phero=0 pd=0.00 pa=+0.00 | srch=0.00 | wall=1.39
R10[T3][EXPLORE   ]: L=+1.00 R=+1.00 | carry=0 | base=0.40 ba=+0.35 | site=0 sd=0.00 sa=+0.00 | phero=0 pd=0.00 pa=+0.00 | srch=0.79 | wall=1.51
R11[T3][EXPLORE   ]: L=+1.00 R=+1.00 | carry=0 | base=0.66 ba=+0.12 | site=0 sd=0.00 sa=+0.00 | phero=0 pd=0.00 pa=+0.00 | srch=0.28 | wall=0.42
R12[T3][EXPLORE   ]: L=+1.00 R=+1.00 | carry=0 | base=0.65 ba=+0.44 | site=0 sd=0.00 sa=+0.00 | phero=0 pd=0.00 pa=+0.00 | srch=0.50 | wall=0.60
R13[T4][SITE      ]: L=+1.00 R=+1.00 | carry=0 | base=0.53 ba=+0.98 | site=1 sd=0.31 sa=+0.43 | phero=0 pd=0.00 pa=+0.00 | srch=0.18 | wall=1.18
R14[T4][RTB       ]: L=+1.00 R=+1.00 | carry=1 | base=0.36 ba=-0.00 | site=0 sd=0.00 sa=+0.00 | phero=0 pd=0.00 pa=+0.00 | srch=0.00 | wall=2.15
R15[T4][RTB       ]: L=+1.00 R=+1.00 | carry=1 | base=0.38 ba=-0.00 | site=0 sd=0.00 sa=+0.00 | phero=0 pd=0.00 pa=+0.00 | srch=0.00 | wall=1.74
R16[T4][EXPLORE   ]: L=+1.00 R=+0.84 | carry=0 | base=0.50 ba=-0.65 | site=0 sd=0.00 sa=+0.00 | phero=0 pd=0.00 pa=+0.00 | srch=0.30 | wall=1.49

[PICKUP] Robot 4 picked up tag (density=3) | Total: 122
[DEPOSIT] Robot 1 deposited! Total: 116
  [PHERO] Laid at (-1.28, -1.45) density=15 prob=1.00 total_entries=25
  [TARGET] Robot 1 → SITE (-1.28,-1.45)
[DEPOSIT] Robot 14 deposited! Total: 117
  [PHERO] Laid at (-1.73, 1.40) density=4 prob=0.82 total_entries=26
  [TARGET] Robot 14 → SITE (-1.73,1.40)
[PICKUP] Robot 13 picked up tag (density=13) | Total: 123
[DEPOSIT] Robot 15 deposited! Total: 118
  [PHERO] Laid at (-0.97, 2.17) density=4 prob=0.82 total_entries=27
  [TARGET] Robot 15 → SITE (-0.97,2.17)
[DEPOSIT] Robot 8 deposited! Total: 119
  [PHERO] Laid at (-0.61, 2.39) density=5 prob=0.92 total_entries=28
  [TARGET] Robot 8 → SITE (-0.61,2.39)
[PICKUP] Robot 16 picked up tag (density=2) | Total: 124
[PICKUP] Robot 5 picked up tag (density=10) | Total: 125

======================================================================
Step 15500 (8.3 min) | Pickups: 125 | Deposits: 119 | Rate: 14.40 tags/min | phero_entries=27 phero_max=0.911
======================================================================
R1[T1][SITE      ]: L=+1.00 R=+1.00 | carry=0 | base=0.10 ba=+1.00 | site=1 sd=0.30 sa=+0.14 | phero=0 pd=0.00 pa=+0.00 | srch=0.04 | wall=3.07
R2[T1][EXPLORE   ]: L=+1.00 R=+1.00 | carry=0 | base=0.30 ba=-0.18 | site=0 sd=0.00 sa=+0.00 | phero=0 pd=0.00 pa=+0.00 | srch=0.54 | wall=2.05
R3[T1][EXPLORE   ]: L=+0.24 R=+0.55 | carry=0 | base=0.18 ba=-0.46 | site=0 sd=0.00 sa=+0.00 | phero=0 pd=0.00 pa=+0.00 | srch=1.00 | wall=2.82
R4[T1][RTB       ]: L=+1.00 R=+1.00 | carry=1 | base=0.33 ba=-0.00 | site=0 sd=0.00 sa=+0.00 | phero=0 pd=0.00 pa=+0.00 | srch=0.00 | wall=2.20
R5[T2][RTB       ]: L=+1.00 R=+0.25 | carry=1 | base=0.47 ba=-0.30 | site=0 sd=0.00 sa=+0.00 | phero=0 pd=0.00 pa=+0.00 | srch=0.00 | wall=1.54
R6[T2][RTB       ]: L=+1.00 R=+1.00 | carry=1 | base=0.06 ba=+0.00 | site=0 sd=0.00 sa=+0.00 | phero=0 pd=0.00 pa=+0.00 | srch=0.00 | wall=3.27
R7[T2][SITE      ]: L=+0.44 R=+0.37 | carry=0 | base=0.38 ba=-0.86 | site=1 sd=0.05 sa=-0.04 | phero=0 pd=0.00 pa=+0.00 | srch=0.68 | wall=2.15
R8[T2][BASE_ESC  ]: L=+0.00 R=+1.00 | carry=0 | base=0.05 ba=-0.53 | site=1 sd=0.45 sa=+0.51 | phero=0 pd=0.00 pa=+0.00 | srch=0.01 | wall=3.28
R9[T3][RTB       ]: L=+1.00 R=+1.00 | carry=1 | base=0.16 ba=-0.00 | site=0 sd=0.00 sa=+0.00 | phero=0 pd=0.00 pa=+0.00 | srch=0.00 | wall=2.88
R10[T3][EXPLORE   ]: L=+1.00 R=+1.00 | carry=0 | base=0.42 ba=+0.67 | site=0 sd=0.00 sa=+0.00 | phero=0 pd=0.00 pa=+0.00 | srch=0.92 | wall=1.65
R11[T3][EXPLORE   ]: L=+1.00 R=+1.00 | carry=0 | base=0.34 ba=+0.26 | site=0 sd=0.00 sa=+0.00 | phero=0 pd=0.00 pa=+0.00 | srch=0.40 | wall=1.84
R12[T3][EXPLORE   ]: L=+1.00 R=+1.00 | carry=0 | base=0.68 ba=+0.62 | site=0 sd=0.00 sa=+0.00 | phero=0 pd=0.00 pa=+0.00 | srch=0.63 | wall=0.61
R13[T4][RTB       ]: L=+0.93 R=+1.00 | carry=1 | base=0.73 ba=+0.03 | site=0 sd=0.00 sa=+0.00 | phero=0 pd=0.00 pa=+0.00 | srch=0.00 | wall=0.64
R14[T4][BASE_ESC  ]: L=+0.00 R=+1.00 | carry=0 | base=0.05 ba=-0.70 | site=1 sd=0.40 sa=+0.35 | phero=0 pd=0.00 pa=+0.00 | srch=0.02 | wall=3.32
R15[T4][BASE_ESC  ]: L=+1.00 R=+0.00 | carry=0 | base=0.03 ba=+0.59 | site=1 sd=0.44 sa=-0.46 | phero=0 pd=0.00 pa=+0.00 | srch=0.02 | wall=3.36
R16[T4][RTB       ]: L=+0.28 R=+1.00 | carry=1 | base=0.40 ba=+0.29 | site=0 sd=0.00 sa=+0.00 | phero=0 pd=0.00 pa=+0.00 | srch=0.00 | wall=2.09

[DEPOSIT] Robot 6 deposited! Total: 120
  [PHERO] Laid at (2.34, 2.60) density=16 prob=1.00 total_entries=28
  [TARGET] Robot 6 → SITE (2.34,2.60)
[DEPOSIT] Robot 9 deposited! Total: 121
  [PHERO] Laid at (1.83, 2.40) density=15 prob=1.00 total_entries=27
  [TARGET] Robot 9 → SITE (1.83,2.40)
[PICKUP] Robot 1 picked up tag (density=14) | Total: 126
[PICKUP] Robot 12 picked up tag (density=16) | Total: 127
[DEPOSIT] Robot 4 deposited! Total: 122
  [PHERO] Laid at (-1.35, 1.52) density=3 prob=0.65 total_entries=27
  [TARGET] Robot 4 → SITE (-1.35,1.52)
[DEPOSIT] Robot 16 deposited! Total: 123
  [PHERO] Laid at (-1.35, 1.44) density=2 prob=0.42 total_entries=28
  [TARGET] Robot 16 → SITE (-1.35,1.44)

======================================================================
Step 16000 (8.5 min) | Pickups: 127 | Deposits: 123 | Rate: 14.41 tags/min | phero_entries=28 phero_max=0.965
======================================================================
R1[T1][RTB       ]: L=+0.99 R=+1.00 | carry=1 | base=0.29 ba=+0.00 | site=0 sd=0.00 sa=+0.00 | phero=0 pd=0.00 pa=+0.00 | srch=0.00 | wall=2.40
R2[T1][EXPLORE   ]: L=+1.00 R=+1.00 | carry=0 | base=0.21 ba=-0.72 | site=0 sd=0.00 sa=+0.00 | phero=0 pd=0.00 pa=+0.00 | srch=0.67 | wall=2.49
R3[T1][EXPLORE   ]: L=+1.00 R=+0.99 | carry=0 | base=0.33 ba=-0.72 | site=0 sd=0.00 sa=+0.00 | phero=0 pd=0.00 pa=+0.00 | srch=1.00 | wall=1.99
R4[T1][BASE_ESC  ]: L=+1.00 R=+0.00 | carry=0 | base=0.04 ba=+0.56 | site=1 sd=0.37 sa=-0.42 | phero=0 pd=0.00 pa=+0.00 | srch=0.02 | wall=3.35
R5[T2][RTB       ]: L=+1.00 R=+1.00 | carry=1 | base=0.10 ba=+0.00 | site=0 sd=0.00 sa=+0.00 | phero=0 pd=0.00 pa=+0.00 | srch=0.00 | wall=3.10
R6[T2][SITE      ]: L=+1.00 R=+0.97 | carry=0 | base=0.33 ba=-0.87 | site=1 sd=0.43 sa=-0.12 | phero=0 pd=0.00 pa=+0.00 | srch=0.12 | wall=1.94
R7[T2][WALL_ESC  ]: L=+1.00 R=+0.00 | carry=0 | base=0.73 ba=-0.85 | site=0 sd=0.00 sa=+0.00 | phero=0 pd=0.00 pa=+0.00 | srch=0.80 | wall=0.34
R8[T2][SITE      ]: L=+0.81 R=+0.82 | carry=0 | base=0.37 ba=-0.96 | site=1 sd=0.13 sa=+0.00 | phero=0 pd=0.00 pa=+0.00 | srch=0.14 | wall=1.75
R9[T3][SITE      ]: L=+1.00 R=+1.00 | carry=0 | base=0.24 ba=+1.00 | site=1 sd=0.41 sa=+0.23 | phero=0 pd=0.00 pa=+0.00 | srch=0.09 | wall=2.45
R10[T3][EXPLORE   ]: L=+1.00 R=+1.00 | carry=0 | base=0.63 ba=+0.15 | site=0 sd=0.00 sa=+0.00 | phero=0 pd=0.00 pa=+0.00 | srch=1.00 | wall=0.38
R11[T3][EXPLORE   ]: L=+0.91 R=+1.00 | carry=0 | base=0.21 ba=+0.18 | site=0 sd=0.00 sa=+0.00 | phero=0 pd=0.00 pa=+0.00 | srch=0.53 | wall=2.50
R12[T3][RTB       ]: L=+1.00 R=+1.00 | carry=1 | base=0.47 ba=+0.00 | site=0 sd=0.00 sa=+0.00 | phero=0 pd=0.00 pa=+0.00 | srch=0.00 | wall=1.30
R13[T4][RTB       ]: L=+1.00 R=+1.00 | carry=1 | base=0.35 ba=+0.00 | site=0 sd=0.00 sa=+0.00 | phero=0 pd=0.00 pa=+0.00 | srch=0.00 | wall=2.15
R14[T4][SITE      ]: L=+0.97 R=+1.00 | carry=0 | base=0.36 ba=+0.94 | site=1 sd=0.11 sa=+0.21 | phero=0 pd=0.00 pa=+0.00 | srch=0.15 | wall=2.11
R15[T4][SITE      ]: L=+0.98 R=+0.78 | carry=0 | base=0.24 ba=-0.87 | site=1 sd=0.24 sa=+0.05 | phero=0 pd=0.00 pa=+0.00 | srch=0.14 | wall=2.49
R16[T4][BASE_ESC  ]: L=+1.00 R=+0.00 | carry=0 | base=0.05 ba=+0.32 | site=1 sd=0.35 sa=-0.75 | phero=0 pd=0.00 pa=+0.00 | srch=0.01 | wall=3.32

[DEPOSIT] Robot 5 deposited! Total: 124
  [PHERO] Laid at (1.24, 1.99) density=10 prob=1.00 total_entries=29
  [TARGET] Robot 5 → SITE (1.24,1.99)
[PICKUP] Robot 14 picked up tag (density=1) | Total: 128
[GIVE-UP] R10 giving up after 4306 steps
[PICKUP] Robot 3 picked up tag (density=3) | Total: 129
[GIVE-UP] R8 giving up after 803 steps
[DEPOSIT] Robot 1 deposited! Total: 125
  [PHERO] Laid at (-1.39, -1.01) density=14 prob=1.00 total_entries=26
  [TARGET] Robot 1 → SITE (-1.39,-1.01)
[DEPOSIT] Robot 13 deposited! Total: 126
  [PHERO] Laid at (3.04, 2.27) density=13 prob=1.00 total_entries=27
  [TARGET] Robot 13 → SITE (3.04,2.27)
[PICKUP] Robot 2 picked up tag (density=15) | Total: 130
[PICKUP] Robot 7 picked up tag (density=3) | Total: 131
[GIVE-UP] R8 giving up after 959 steps

======================================================================
Step 16500 (8.8 min) | Pickups: 131 | Deposits: 126 | Rate: 14.32 tags/min | phero_entries=27 phero_max=0.829
======================================================================
R1[T1][SITE      ]: L=+1.00 R=+0.98 | carry=0 | base=0.11 ba=+0.97 | site=1 sd=0.25 sa=-0.24 | phero=0 pd=0.00 pa=+0.00 | srch=0.05 | wall=3.02
R2[T1][RTB       ]: L=+1.00 R=+0.64 | carry=1 | base=0.46 ba=-0.14 | site=0 sd=0.00 sa=+0.00 | phero=0 pd=0.00 pa=+0.00 | srch=0.00 | wall=1.43
R3[T1][RTB       ]: L=+1.00 R=+1.00 | carry=1 | base=0.24 ba=-0.00 | site=0 sd=0.00 sa=+0.00 | phero=0 pd=0.00 pa=+0.00 | srch=0.00 | wall=2.31
R4[T1][SITE      ]: L=+1.00 R=+1.00 | carry=0 | base=0.37 ba=-0.91 | site=1 sd=0.04 sa=+0.21 | phero=0 pd=0.00 pa=+0.00 | srch=0.14 | wall=2.08
R5[T2][SITE      ]: L=+1.00 R=+1.00 | carry=0 | base=0.29 ba=-0.92 | site=1 sd=0.18 sa=-0.01 | phero=0 pd=0.00 pa=+0.00 | srch=0.11 | wall=2.20
R6[T2][SITE      ]: L=+1.00 R=+0.90 | carry=0 | base=0.68 ba=-0.81 | site=1 sd=0.10 sa=-0.25 | phero=0 pd=0.00 pa=+0.00 | srch=0.25 | wall=0.70
R7[T2][RTB       ]: L=+1.00 R=+1.00 | carry=1 | base=0.43 ba=-0.00 | site=0 sd=0.00 sa=+0.00 | phero=0 pd=0.00 pa=+0.00 | srch=0.00 | wall=1.55
R8[T2][GIVE_UP   ]: L=+1.00 R=+1.00 | carry=0 | base=0.44 ba=-0.00 | site=0 sd=0.00 sa=+0.00 | phero=0 pd=0.00 pa=+0.00 | srch=0.26 | wall=1.37
R9[T3][SITE      ]: L=+0.94 R=+1.00 | carry=0 | base=0.61 ba=+0.80 | site=1 sd=0.20 sa=+0.34 | phero=0 pd=0.00 pa=+0.00 | srch=0.21 | wall=1.01
R10[T3][GIVE_UP   ]: L=+1.00 R=+1.00 | carry=0 | base=0.26 ba=+0.00 | site=0 sd=0.00 sa=+0.00 | phero=0 pd=0.00 pa=+0.00 | srch=1.00 | wall=2.22
R11[T3][EXPLORE   ]: L=+1.00 R=+1.00 | carry=0 | base=0.19 ba=+0.99 | site=0 sd=0.00 sa=+0.00 | phero=0 pd=0.00 pa=+0.00 | srch=0.65 | wall=2.79
R12[T3][RTB       ]: L=+1.00 R=+1.00 | carry=1 | base=0.08 ba=+0.00 | site=0 sd=0.00 sa=+0.00 | phero=0 pd=0.00 pa=+0.00 | srch=0.00 | wall=3.13
R13[T4][SITE      ]: L=+1.00 R=+1.00 | carry=0 | base=0.05 ba=+0.90 | site=1 sd=0.71 sa=-0.20 | phero=0 pd=0.00 pa=+0.00 | srch=0.03 | wall=3.28
R14[T4][RTB       ]: L=+0.98 R=+1.00 | carry=1 | base=0.19 ba=+0.01 | site=0 sd=0.00 sa=+0.00 | phero=0 pd=0.00 pa=+0.00 | srch=0.00 | wall=2.83
R15[T4][SITE      ]: L=+0.11 R=+0.14 | carry=0 | base=0.42 ba=-0.95 | site=1 sd=0.06 sa=-0.03 | phero=0 pd=0.00 pa=+0.00 | srch=0.27 | wall=1.65
R16[T4][SITE      ]: L=+1.00 R=+1.00 | carry=0 | base=0.35 ba=-0.96 | site=1 sd=0.08 sa=+0.38 | phero=0 pd=0.00 pa=+0.00 | srch=0.13 | wall=2.03

[PICKUP] Robot 6 picked up tag (density=12) | Total: 132
[DEPOSIT] Robot 12 deposited! Total: 127
  [PHERO] Laid at (-2.66, 0.89) density=16 prob=1.00 total_entries=28
  [TARGET] Robot 12 → SITE (-2.66,0.89)
[PICKUP] Robot 8 picked up tag (density=2) | Total: 133
[DEPOSIT] Robot 14 deposited! Total: 128
  [TARGET] Robot 14 → PHERO (-2.66,0.89)
[PICKUP] Robot 9 picked up tag (density=11) | Total: 134
[DEPOSIT] Robot 3 deposited! Total: 129
  [PHERO] Laid at (-0.35, 2.09) density=3 prob=0.65 total_entries=28
  [TARGET] Robot 3 → SITE (-0.35,2.09)
[PICKUP] Robot 15 picked up tag (density=2) | Total: 135
[EMPTY_RTN] R10 → phero(-0.35,2.09)
[PICKUP] Robot 1 picked up tag (density=13) | Total: 136
[DEPOSIT] Robot 7 deposited! Total: 130
  [PHERO] Laid at (-1.03, 2.31) density=3 prob=0.65 total_entries=27
  [TARGET] Robot 7 → SITE (-1.03,2.31)

======================================================================
Step 17000 (9.1 min) | Pickups: 136 | Deposits: 130 | Rate: 14.34 tags/min | phero_entries=26 phero_max=0.984
======================================================================
R1[T1][RTB       ]: L=+1.00 R=+0.97 | carry=1 | base=0.31 ba=-0.01 | site=0 sd=0.00 sa=+0.00 | phero=0 pd=0.00 pa=+0.00 | srch=0.00 | wall=2.33
R2[T1][RTB       ]: L=+1.00 R=+1.00 | carry=1 | base=0.07 ba=-0.00 | site=0 sd=0.00 sa=+0.00 | phero=0 pd=0.00 pa=+0.00 | srch=0.00 | wall=3.18
R3[T1][SITE      ]: L=+1.00 R=+1.00 | carry=0 | base=0.15 ba=+0.96 | site=1 sd=0.28 sa=+0.00 | phero=0 pd=0.00 pa=+0.00 | srch=0.06 | wall=2.78
R4[T1][EXPLORE   ]: L=+1.00 R=+1.00 | carry=0 | base=0.42 ba=+0.52 | site=0 sd=0.00 sa=+0.00 | phero=0 pd=0.00 pa=+0.00 | srch=0.27 | wall=1.96
R5[T2][EXPLORE   ]: L=+1.00 R=+1.00 | carry=0 | base=0.68 ba=-0.97 | site=0 sd=0.00 sa=+0.00 | phero=0 pd=0.00 pa=+0.00 | srch=0.23 | wall=0.73
R6[T2][RTB       ]: L=+1.00 R=+1.00 | carry=1 | base=0.38 ba=-0.00 | site=0 sd=0.00 sa=+0.00 | phero=0 pd=0.00 pa=+0.00 | srch=0.00 | wall=2.00
R7[T2][BASE_ESC  ]: L=+0.00 R=+1.00 | carry=0 | base=0.04 ba=-0.11 | site=1 sd=0.47 sa=+0.88 | phero=0 pd=0.00 pa=+0.00 | srch=0.00 | wall=3.31
R8[T2][RTB       ]: L=+1.00 R=+0.98 | carry=1 | base=0.05 ba=-0.01 | site=0 sd=0.00 sa=+0.00 | phero=0 pd=0.00 pa=+0.00 | srch=0.00 | wall=3.25
R9[T3][RTB       ]: L=+1.00 R=+1.00 | carry=1 | base=0.47 ba=+0.00 | site=0 sd=0.00 sa=+0.00 | phero=0 pd=0.00 pa=+0.00 | srch=0.00 | wall=1.79
R10[T3][PHERO     ]: L=+0.98 R=+1.00 | carry=0 | base=0.11 ba=+0.82 | site=0 sd=0.00 sa=+0.00 | phero=1 pd=0.35 pa=+0.10 | srch=0.06 | wall=3.03
R11[T3][EXPLORE   ]: L=+1.00 R=+0.80 | carry=0 | base=0.51 ba=-0.41 | site=0 sd=0.00 sa=+0.00 | phero=0 pd=0.00 pa=+0.00 | srch=0.78 | wall=1.71
R12[T3][SITE      ]: L=+1.00 R=+1.00 | carry=0 | base=0.31 ba=-0.88 | site=1 sd=0.29 sa=-0.09 | phero=0 pd=0.00 pa=+0.00 | srch=0.12 | wall=1.99
R13[T4][SITE      ]: L=+1.00 R=+1.00 | carry=0 | base=0.44 ba=+0.99 | site=1 sd=0.46 sa=-0.37 | phero=0 pd=0.00 pa=+0.00 | srch=0.15 | wall=1.45
R14[T4][PHERO     ]: L=+1.00 R=+1.00 | carry=0 | base=0.21 ba=+0.97 | site=0 sd=0.00 sa=+0.00 | phero=1 pd=0.36 pa=-0.08 | srch=0.08 | wall=2.49
R15[T4][RTB       ]: L=+1.00 R=+1.00 | carry=1 | base=0.39 ba=-0.00 | site=0 sd=0.00 sa=+0.00 | phero=0 pd=0.00 pa=+0.00 | srch=0.00 | wall=1.70
R16[T4][EXPLORE   ]: L=+1.00 R=+1.00 | carry=0 | base=0.33 ba=-0.29 | site=0 sd=0.00 sa=+0.00 | phero=0 pd=0.00 pa=+0.00 | srch=0.26 | wall=2.14

[DEPOSIT] Robot 8 deposited! Total: 131
  [TARGET] Robot 8 → PHERO (-1.39,-1.01)
[DEPOSIT] Robot 2 deposited! Total: 132
  [PHERO] Laid at (-2.14, 0.82) density=15 prob=1.00 total_entries=27
  [TARGET] Robot 2 → SITE (-2.14,0.82)
[PICKUP] Robot 4 picked up tag (density=14) | Total: 137
[PICKUP] Robot 12 picked up tag (density=13) | Total: 138
[DEPOSIT] Robot 1 deposited! Total: 133
  [PHERO] Laid at (-1.28, -1.19) density=13 prob=1.00 total_entries=26
  [TARGET] Robot 1 → SITE (-1.28,-1.19)
[PICKUP] Robot 10 picked up tag (density=1) | Total: 139
[DEPOSIT] Robot 6 deposited! Total: 134
  [PHERO] Laid at (1.93, 2.81) density=12 prob=1.00 total_entries=27
  [TARGET] Robot 6 → SITE (1.93,2.81)
[DEPOSIT] Robot 15 deposited! Total: 135
  [TARGET] Robot 15 → PHERO (1.93,2.81)

======================================================================
Step 17500 (9.3 min) | Pickups: 139 | Deposits: 135 | Rate: 14.46 tags/min | phero_entries=27 phero_max=0.880
======================================================================
R1[T1][SITE      ]: L=+0.96 R=+1.00 | carry=0 | base=0.10 ba=-0.98 | site=1 sd=0.27 sa=+0.21 | phero=0 pd=0.00 pa=+0.00 | srch=0.04 | wall=3.05
R2[T1][SITE      ]: L=+0.98 R=+1.00 | carry=0 | base=0.32 ba=+0.90 | site=1 sd=0.16 sa=+0.04 | phero=0 pd=0.00 pa=+0.00 | srch=0.12 | wall=2.14
R3[T1][SITE      ]: L=+0.18 R=+0.16 | carry=0 | base=0.37 ba=+0.97 | site=1 sd=0.06 sa=-0.13 | phero=0 pd=0.00 pa=+0.00 | srch=0.19 | wall=1.70
R4[T1][RTB       ]: L=+1.00 R=+1.00 | carry=1 | base=0.33 ba=+0.00 | site=0 sd=0.00 sa=+0.00 | phero=0 pd=0.00 pa=+0.00 | srch=0.00 | wall=1.98
R5[T2][EXPLORE   ]: L=+1.00 R=+1.00 | carry=0 | base=0.58 ba=+0.05 | site=0 sd=0.00 sa=+0.00 | phero=0 pd=0.00 pa=+0.00 | srch=0.36 | wall=1.04
R6[T2][BASE_ESC  ]: L=+0.00 R=+1.00 | carry=0 | base=0.04 ba=-0.68 | site=1 sd=0.65 sa=+0.39 | phero=0 pd=0.00 pa=+0.00 | srch=0.02 | wall=3.34
R7[T2][SITE      ]: L=+1.00 R=+1.00 | carry=0 | base=0.31 ba=+0.98 | site=1 sd=0.20 sa=-0.12 | phero=0 pd=0.00 pa=+0.00 | srch=0.13 | wall=2.16
R8[T2][PHERO     ]: L=+1.00 R=+1.00 | carry=0 | base=0.21 ba=+0.63 | site=0 sd=0.00 sa=+0.00 | phero=1 pd=0.23 pa=+0.05 | srch=0.12 | wall=2.46
R9[T3][RTB       ]: L=+1.00 R=+1.00 | carry=1 | base=0.08 ba=+0.00 | site=0 sd=0.00 sa=+0.00 | phero=0 pd=0.00 pa=+0.00 | srch=0.00 | wall=3.22
R10[T3][RTB       ]: L=+0.77 R=+1.00 | carry=1 | base=0.36 ba=+0.09 | site=0 sd=0.00 sa=+0.00 | phero=0 pd=0.00 pa=+0.00 | srch=0.00 | wall=1.73
R11[T3][EXPLORE   ]: L=+0.17 R=+1.00 | carry=0 | base=0.29 ba=+0.76 | site=0 sd=0.00 sa=+0.00 | phero=0 pd=0.00 pa=+0.00 | srch=0.90 | wall=2.44
R12[T3][RTB       ]: L=+1.00 R=+1.00 | carry=1 | base=0.47 ba=-0.00 | site=0 sd=0.00 sa=+0.00 | phero=0 pd=0.00 pa=+0.00 | srch=0.00 | wall=1.29
R13[T4][SITE      ]: L=+1.00 R=+1.00 | carry=0 | base=0.71 ba=-0.46 | site=1 sd=0.28 sa=+0.05 | phero=0 pd=0.00 pa=+0.00 | srch=0.28 | wall=0.51
R14[T4][PHERO     ]: L=+1.00 R=+0.80 | carry=0 | base=0.58 ba=-0.67 | site=0 sd=0.00 sa=+0.00 | phero=1 pd=0.04 pa=-0.24 | srch=0.21 | wall=0.74
R15[T4][BASE_ESC  ]: L=+0.00 R=+1.00 | carry=0 | base=0.04 ba=-0.34 | site=0 sd=0.00 sa=+0.00 | phero=1 pd=0.66 pa=+0.37 | srch=0.01 | wall=3.29
R16[T4][EXPLORE   ]: L=+1.00 R=+1.00 | carry=0 | base=0.32 ba=-0.69 | site=0 sd=0.00 sa=+0.00 | phero=0 pd=0.00 pa=+0.00 | srch=0.38 | wall=2.23

[DEPOSIT] Robot 9 deposited! Total: 136
  [PHERO] Laid at (2.22, 2.33) density=11 prob=1.00 total_entries=28
  [TARGET] Robot 9 → SITE (2.22,2.33)
[PICKUP] Robot 13 picked up tag (density=10) | Total: 140
[PICKUP] Robot 14 picked up tag (density=12) | Total: 141
[PICKUP] Robot 2 picked up tag (density=11) | Total: 142
[DEPOSIT] Robot 4 deposited! Total: 137
  [PHERO] Laid at (-2.14, 0.96) density=14 prob=1.00 total_entries=28
  [TARGET] Robot 4 → SITE (-2.14,0.96)
[DEPOSIT] Robot 10 deposited! Total: 138
  [TARGET] Robot 10 → SITE (-0.12,1.85)
[PICKUP] Robot 1 picked up tag (density=12) | Total: 143
[PICKUP] Robot 8 picked up tag (density=11) | Total: 144

======================================================================
Step 18000 (9.6 min) | Pickups: 144 | Deposits: 138 | Rate: 14.38 tags/min | phero_entries=27 phero_max=0.799
======================================================================
R1[T1][RTB       ]: L=+0.82 R=+1.00 | carry=1 | base=0.35 ba=+0.07 | site=0 sd=0.00 sa=+0.00 | phero=0 pd=0.00 pa=+0.00 | srch=0.00 | wall=2.08
R2[T1][RTB       ]: L=+1.00 R=+1.00 | carry=1 | base=0.32 ba=+0.00 | site=0 sd=0.00 sa=+0.00 | phero=0 pd=0.00 pa=+0.00 | srch=0.00 | wall=2.00
R3[T1][SITE      ]: L=+0.42 R=+0.44 | carry=0 | base=0.33 ba=-0.97 | site=1 sd=0.10 sa=+0.00 | phero=0 pd=0.00 pa=+0.00 | srch=0.31 | wall=1.91
R4[T1][SITE      ]: L=+1.00 R=+0.60 | carry=0 | base=0.06 ba=-0.91 | site=1 sd=0.42 sa=-0.01 | phero=0 pd=0.00 pa=+0.00 | srch=0.04 | wall=3.22
R5[T2][EXPLORE   ]: L=+1.00 R=+1.00 | carry=0 | base=0.21 ba=+0.15 | site=0 sd=0.00 sa=+0.00 | phero=0 pd=0.00 pa=+0.00 | srch=0.48 | wall=2.49
R6[T2][SITE      ]: L=+1.00 R=+1.00 | carry=0 | base=0.40 ba=+0.97 | site=1 sd=0.32 sa=+0.16 | phero=0 pd=0.00 pa=+0.00 | srch=0.14 | wall=1.98
R7[T2][EXPLORE   ]: L=+0.60 R=+1.00 | carry=0 | base=0.63 ba=+0.84 | site=0 sd=0.00 sa=+0.00 | phero=0 pd=0.00 pa=+0.00 | srch=0.25 | wall=0.50
R8[T2][RTB       ]: L=+0.33 R=+1.00 | carry=1 | base=0.35 ba=+0.27 | site=0 sd=0.00 sa=+0.00 | phero=0 pd=0.00 pa=+0.00 | srch=0.00 | wall=2.14
R9[T3][SITE      ]: L=+1.00 R=+1.00 | carry=0 | base=0.32 ba=+1.00 | site=1 sd=0.40 sa=+0.28 | phero=0 pd=0.00 pa=+0.00 | srch=0.12 | wall=1.99
R10[T3][BASE_ESC  ]: L=+1.00 R=+0.33 | carry=0 | base=0.05 ba=+0.83 | site=1 sd=0.33 sa=-0.27 | phero=0 pd=0.00 pa=+0.00 | srch=0.02 | wall=3.28
R11[T3][EXPLORE   ]: L=+0.15 R=+1.00 | carry=0 | base=0.31 ba=+0.31 | site=0 sd=0.00 sa=+0.00 | phero=0 pd=0.00 pa=+0.00 | srch=1.00 | wall=2.37
R12[T3][RTB       ]: L=+1.00 R=+1.00 | carry=1 | base=0.08 ba=-0.00 | site=0 sd=0.00 sa=+0.00 | phero=0 pd=0.00 pa=+0.00 | srch=0.00 | wall=3.13
R13[T4][RTB       ]: L=+1.00 R=+1.00 | carry=1 | base=0.40 ba=-0.00 | site=0 sd=0.00 sa=+0.00 | phero=0 pd=0.00 pa=+0.00 | srch=0.00 | wall=1.94
R14[T4][RTB       ]: L=+1.00 R=+1.00 | carry=1 | base=0.28 ba=-0.00 | site=0 sd=0.00 sa=+0.00 | phero=0 pd=0.00 pa=+0.00 | srch=0.00 | wall=2.23
R15[T4][PHERO     ]: L=+0.94 R=+0.94 | carry=0 | base=0.36 ba=-0.95 | site=0 sd=0.00 sa=+0.00 | phero=1 pd=0.33 pa=+0.02 | srch=0.13 | wall=1.98
R16[T4][EXPLORE   ]: L=+1.00 R=+0.81 | carry=0 | base=0.38 ba=-0.53 | site=0 sd=0.00 sa=+0.00 | phero=0 pd=0.00 pa=+0.00 | srch=0.51 | wall=2.06

[DEPOSIT] Robot 12 deposited! Total: 139
  [PHERO] Laid at (-2.57, 0.61) density=13 prob=1.00 total_entries=28
  [TARGET] Robot 12 → SITE (-2.57,0.61)
[PICKUP] Robot 15 picked up tag (density=9) | Total: 145
[DEPOSIT] Robot 14 deposited! Total: 140
  [PHERO] Laid at (-2.66, 0.93) density=12 prob=1.00 total_entries=27
  [TARGET] Robot 14 → SITE (-2.66,0.93)
[DEPOSIT] Robot 2 deposited! Total: 141
  [PHERO] Laid at (-2.14, 0.88) density=11 prob=1.00 total_entries=27
  [TARGET] Robot 2 → SITE (-2.14,0.88)
[DEPOSIT] Robot 1 deposited! Total: 142
  [PHERO] Laid at (-1.55, -1.01) density=12 prob=1.00 total_entries=27
  [TARGET] Robot 1 → SITE (-1.55,-1.01)
[PICKUP] Robot 6 picked up tag (density=12) | Total: 146
[DEPOSIT] Robot 8 deposited! Total: 143
  [PHERO] Laid at (-1.40, -1.05) density=11 prob=1.00 total_entries=28
  [TARGET] Robot 8 → SITE (-1.40,-1.05)
[DEPOSIT] Robot 13 deposited! Total: 144
  [PHERO] Laid at (2.03, 2.83) density=10 prob=1.00 total_entries=29
  [TARGET] Robot 13 → SITE (2.03,2.83)

======================================================================
Step 18500 (9.9 min) | Pickups: 146 | Deposits: 144 | Rate: 14.59 tags/min | phero_entries=28 phero_max=0.916
======================================================================
R1[T1][BASE_ESC  ]: L=+0.61 R=+1.00 | carry=0 | base=0.05 ba=-0.90 | site=1 sd=0.33 sa=+0.23 | phero=0 pd=0.00 pa=+0.00 | srch=0.03 | wall=3.26
R2[T1][SITE      ]: L=+1.00 R=+0.96 | carry=0 | base=0.07 ba=+0.96 | site=1 sd=0.41 sa=-0.18 | phero=0 pd=0.00 pa=+0.00 | srch=0.03 | wall=3.17
R3[T1][EXPLORE   ]: L=+1.00 R=+1.00 | carry=0 | base=0.49 ba=+0.97 | site=0 sd=0.00 sa=+0.00 | phero=0 pd=0.00 pa=+0.00 | srch=0.44 | wall=1.13
R4[T1][SITE      ]: L=+1.00 R=+1.00 | carry=0 | base=0.38 ba=+0.81 | site=1 sd=0.09 sa=-0.20 | phero=0 pd=0.00 pa=+0.00 | srch=0.16 | wall=1.76
R5[T2][EXPLORE   ]: L=+1.00 R=+1.00 | carry=0 | base=0.16 ba=+0.83 | site=0 sd=0.00 sa=+0.00 | phero=0 pd=0.00 pa=+0.00 | srch=0.61 | wall=2.85
R6[T2][RTB       ]: L=+0.89 R=+1.00 | carry=1 | base=0.65 ba=+0.04 | site=0 sd=0.00 sa=+0.00 | phero=0 pd=0.00 pa=+0.00 | srch=0.00 | wall=1.09
R7[T2][EXPLORE   ]: L=+0.86 R=+0.92 | carry=0 | base=0.60 ba=-0.16 | site=0 sd=0.00 sa=+0.00 | phero=0 pd=0.00 pa=+0.00 | srch=0.38 | wall=0.75
R8[T2][BASE_ESC  ]: L=+0.00 R=+1.00 | carry=0 | base=0.05 ba=-0.67 | site=1 sd=0.31 sa=+0.35 | phero=0 pd=0.00 pa=+0.00 | srch=0.02 | wall=3.31
R9[T3][SITE      ]: L=+0.94 R=+1.00 | carry=0 | base=0.63 ba=+0.73 | site=1 sd=0.05 sa=+0.10 | phero=0 pd=0.00 pa=+0.00 | srch=0.24 | wall=1.20
R10[T3][SITE      ]: L=+0.95 R=+0.89 | carry=0 | base=0.36 ba=-0.68 | site=1 sd=0.04 sa=-0.07 | phero=0 pd=0.00 pa=+0.00 | srch=0.15 | wall=1.75
R11[T3][EXPLORE   ]: L=+1.00 R=+1.00 | carry=0 | base=0.10 ba=+0.71 | site=0 sd=0.00 sa=+0.00 | phero=0 pd=0.00 pa=+0.00 | srch=1.00 | wall=3.02
R12[T3][SITE      ]: L=+1.00 R=+0.99 | carry=0 | base=0.31 ba=-0.95 | site=1 sd=0.22 sa=-0.02 | phero=0 pd=0.00 pa=+0.00 | srch=0.11 | wall=1.96
R13[T4][BASE_ESC  ]: L=+0.00 R=+1.00 | carry=0 | base=0.04 ba=-0.48 | site=1 sd=0.66 sa=+0.57 | phero=0 pd=0.00 pa=+0.00 | srch=0.01 | wall=3.34
R14[T4][SITE      ]: L=+1.00 R=+1.00 | carry=0 | base=0.12 ba=+0.99 | site=1 sd=0.46 sa=+0.14 | phero=0 pd=0.00 pa=+0.00 | srch=0.05 | wall=3.04
R15[T4][RTB       ]: L=+1.00 R=+1.00 | carry=1 | base=0.27 ba=-0.00 | site=0 sd=0.00 sa=+0.00 | phero=0 pd=0.00 pa=+0.00 | srch=0.00 | wall=2.42
R16[T4][EXPLORE   ]: L=+1.00 R=+1.00 | carry=0 | base=0.07 ba=-0.26 | site=0 sd=0.00 sa=+0.00 | phero=0 pd=0.00 pa=+0.00 | srch=0.63 | wall=3.18

[PICKUP] Robot 7 picked up tag (density=1) | Total: 147
[PICKUP] Robot 9 picked up tag (density=8) | Total: 148
[GIVE-UP] R11 giving up after 4707 steps
[PICKUP] Robot 4 picked up tag (density=10) | Total: 149
[GIVE-UP] R5 giving up after 2690 steps
[DEPOSIT] Robot 15 deposited! Total: 145
  [PHERO] Laid at (1.24, 1.91) density=9 prob=1.00 total_entries=28
  [TARGET] Robot 15 → SITE (1.24,1.91)
[EMPTY_RTN] R11 → phero(1.24,1.91)
[GIVE-UP] R5 giving up after 2846 steps

======================================================================
Step 19000 (10.1 min) | Pickups: 149 | Deposits: 145 | Rate: 14.31 tags/min | phero_entries=26 phero_max=0.706
======================================================================
R1[T1][SITE      ]: L=+0.75 R=+1.00 | carry=0 | base=0.37 ba=+0.55 | site=1 sd=0.01 sa=+0.08 | phero=0 pd=0.00 pa=+0.00 | srch=0.15 | wall=1.92
R2[T1][SITE      ]: L=+1.00 R=+1.00 | carry=0 | base=0.43 ba=-0.73 | site=1 sd=0.13 sa=-0.18 | phero=0 pd=0.00 pa=+0.00 | srch=0.16 | wall=1.40
R3[T1][EXPLORE   ]: L=+0.24 R=+0.95 | carry=0 | base=0.62 ba=+0.99 | site=0 sd=0.00 sa=+0.00 | phero=0 pd=0.00 pa=+0.00 | srch=0.56 | wall=0.51
R4[T1][RTB       ]: L=+1.00 R=+1.00 | carry=1 | base=0.31 ba=-0.00 | site=0 sd=0.00 sa=+0.00 | phero=0 pd=0.00 pa=+0.00 | srch=0.00 | wall=2.12
R5[T2][GIVE_UP   ]: L=+1.00 R=+1.00 | carry=0 | base=0.24 ba=+0.00 | site=0 sd=0.00 sa=+0.00 | phero=0 pd=0.00 pa=+0.00 | srch=0.73 | wall=2.36
R6[T2][RTB       ]: L=+1.00 R=+1.00 | carry=1 | base=0.26 ba=+0.00 | site=0 sd=0.00 sa=+0.00 | phero=0 pd=0.00 pa=+0.00 | srch=0.00 | wall=2.52
R7[T2][RTB       ]: L=+1.00 R=+1.00 | carry=1 | base=0.22 ba=-0.00 | site=0 sd=0.00 sa=+0.00 | phero=0 pd=0.00 pa=+0.00 | srch=0.00 | wall=2.47
R8[T2][SITE      ]: L=+0.90 R=+1.00 | carry=0 | base=0.38 ba=+0.70 | site=1 sd=0.10 sa=+0.34 | phero=0 pd=0.00 pa=+0.00 | srch=0.15 | wall=1.73
R9[T3][RTB       ]: L=+1.00 R=+1.00 | carry=1 | base=0.39 ba=+0.00 | site=0 sd=0.00 sa=+0.00 | phero=0 pd=0.00 pa=+0.00 | srch=0.00 | wall=2.05
R10[T3][EXPLORE   ]: L=+1.00 R=+1.00 | carry=0 | base=0.59 ba=-0.80 | site=0 sd=0.00 sa=+0.00 | phero=0 pd=0.00 pa=+0.00 | srch=0.27 | wall=0.95
R11[T3][PHERO     ]: L=+0.18 R=+1.00 | carry=0 | base=0.05 ba=+0.61 | site=0 sd=0.00 sa=+0.00 | phero=1 pd=0.49 pa=+0.32 | srch=0.03 | wall=3.27
R12[T3][WALL_ESC  ]: L=+1.00 R=+0.00 | carry=0 | base=0.67 ba=-0.60 | site=0 sd=0.00 sa=+0.00 | phero=0 pd=0.00 pa=+0.00 | srch=0.24 | wall=0.33
R13[T4][SITE      ]: L=+1.00 R=+1.00 | carry=0 | base=0.39 ba=+0.99 | site=1 sd=0.36 sa=+0.22 | phero=0 pd=0.00 pa=+0.00 | srch=0.14 | wall=1.89
R14[T4][SITE      ]: L=+0.98 R=+1.00 | carry=0 | base=0.49 ba=+0.79 | site=1 sd=0.13 sa=+0.10 | phero=0 pd=0.00 pa=+0.00 | srch=0.18 | wall=1.42
R15[T4][SITE      ]: L=+0.99 R=+1.00 | carry=0 | base=0.12 ba=+0.95 | site=1 sd=0.34 sa=+0.01 | phero=0 pd=0.00 pa=+0.00 | srch=0.05 | wall=3.06
R16[T4][EXPLORE   ]: L=+1.00 R=+1.00 | carry=0 | base=0.18 ba=-0.40 | site=0 sd=0.00 sa=+0.00 | phero=0 pd=0.00 pa=+0.00 | srch=0.76 | wall=2.80

[PICKUP] Robot 1 picked up tag (density=10) | Total: 150
[PICKUP] Robot 14 picked up tag (density=9) | Total: 151
[PICKUP] Robot 2 picked up tag (density=8) | Total: 152
[PICKUP] Robot 8 picked up tag (density=9) | Total: 153
[DEPOSIT] Robot 7 deposited! Total: 146
  [PHERO] Laid at (-0.94, 2.54) density=1 prob=0.20 total_entries=27
  [TARGET] Robot 7 → SITE (-0.94,2.54)
[GIVE-UP] R16 giving up after 3246 steps
[EMPTY_RTN] R5 → phero(2.03,2.83)
[DEPOSIT] Robot 6 deposited! Total: 147
  [PHERO] Laid at (2.29, 2.44) density=12 prob=1.00 total_entries=28
  [TARGET] Robot 6 → SITE (2.29,2.44)
[DEPOSIT] Robot 4 deposited! Total: 148
  [PHERO] Laid at (-2.23, 1.06) density=10 prob=1.00 total_entries=29
  [TARGET] Robot 4 → SITE (-2.23,1.06)
[DEPOSIT] Robot 9 deposited! Total: 149
  [PHERO] Laid at (2.23, 2.39) density=8 prob=1.00 total_entries=30
  [TARGET] Robot 9 → SITE (2.23,2.39)
[EMPTY_RTN] R16 → phero(-0.94,2.54)
[DEPOSIT] Robot 1 deposited! Total: 150
  [PHERO] Laid at (-1.54, -1.05) density=10 prob=1.00 total_entries=31
  [TARGET] Robot 1 → SITE (-1.54,-1.05)

======================================================================
Step 19500 (10.4 min) | Pickups: 153 | Deposits: 150 | Rate: 14.42 tags/min | phero_entries=31 phero_max=0.989
======================================================================
R1[T1][BASE_ESC  ]: L=+1.00 R=+0.00 | carry=0 | base=0.05 ba=+0.14 | site=1 sd=0.33 sa=-0.88 | phero=0 pd=0.00 pa=+0.00 | srch=0.00 | wall=3.32
R2[T1][RTB       ]: L=+1.00 R=+1.00 | carry=1 | base=0.21 ba=-0.00 | site=0 sd=0.00 sa=+0.00 | phero=0 pd=0.00 pa=+0.00 | srch=0.00 | wall=2.51
R3[T1][EXPLORE   ]: L=+0.92 R=+1.00 | carry=0 | base=0.64 ba=+0.34 | site=0 sd=0.00 sa=+0.00 | phero=0 pd=0.00 pa=+0.00 | srch=0.69 | wall=0.59
R4[T1][SITE      ]: L=+1.00 R=+1.00 | carry=0 | base=0.09 ba=-0.94 | site=1 sd=0.42 sa=+0.22 | phero=0 pd=0.00 pa=+0.00 | srch=0.04 | wall=3.17
R5[T2][PHERO     ]: L=+1.00 R=+1.00 | carry=0 | base=0.16 ba=+0.97 | site=0 sd=0.00 sa=+0.00 | phero=1 pd=0.82 pa=+0.73 | srch=0.07 | wall=2.72
R6[T2][SITE      ]: L=+0.99 R=+1.00 | carry=0 | base=0.14 ba=-0.96 | site=1 sd=0.55 sa=+0.20 | phero=0 pd=0.00 pa=+0.00 | srch=0.06 | wall=2.88
R7[T2][SITE      ]: L=-0.12 R=-0.13 | carry=0 | base=0.05 ba=-0.97 | site=1 sd=0.50 sa=+0.11 | phero=0 pd=0.00 pa=+0.00 | srch=0.07 | wall=3.25
R8[T2][RTB       ]: L=+1.00 R=+1.00 | carry=1 | base=0.14 ba=+0.00 | site=0 sd=0.00 sa=+0.00 | phero=0 pd=0.00 pa=+0.00 | srch=0.00 | wall=2.92
R9[T3][BASE_ESC  ]: L=+1.00 R=+0.00 | carry=0 | base=0.04 ba=+0.54 | site=1 sd=0.62 sa=-0.52 | phero=0 pd=0.00 pa=+0.00 | srch=0.02 | wall=3.32
R10[T3][EXPLORE   ]: L=+0.98 R=+1.00 | carry=0 | base=0.88 ba=-0.79 | site=0 sd=0.00 sa=+0.00 | phero=0 pd=0.00 pa=+0.00 | srch=0.40 | wall=0.42
R11[T3][PHERO     ]: L=+0.95 R=+1.00 | carry=0 | base=0.34 ba=+0.81 | site=0 sd=0.00 sa=+0.00 | phero=1 pd=0.14 pa=+0.04 | srch=0.16 | wall=2.28
R12[T3][EXPLORE   ]: L=+1.00 R=+1.00 | carry=0 | base=0.44 ba=-0.35 | site=0 sd=0.00 sa=+0.00 | phero=0 pd=0.00 pa=+0.00 | srch=0.36 | wall=1.95
R13[T4][SITE      ]: L=+0.91 R=+1.00 | carry=0 | base=0.78 ba=+0.90 | site=1 sd=0.24 sa=+0.54 | phero=0 pd=0.00 pa=+0.00 | srch=0.26 | wall=0.41
R14[T4][RTB       ]: L=+1.00 R=+1.00 | carry=1 | base=0.30 ba=+0.00 | site=0 sd=0.00 sa=+0.00 | phero=0 pd=0.00 pa=+0.00 | srch=0.00 | wall=2.15
R15[T4][SITE      ]: L=+0.24 R=+0.20 | carry=0 | base=0.45 ba=-0.89 | site=1 sd=0.01 sa=-0.03 | phero=0 pd=0.00 pa=+0.00 | srch=0.18 | wall=1.63
R16[T4][BASE_ESC  ]: L=+0.00 R=+1.00 | carry=0 | base=0.04 ba=-0.42 | site=0 sd=0.00 sa=+0.00 | phero=1 pd=0.53 pa=+0.24 | srch=0.01 | wall=3.28

[PICKUP] Robot 15 picked up tag (density=8) | Total: 154
[PICKUP] Robot 13 picked up tag (density=12) | Total: 155
[DEPOSIT] Robot 8 deposited! Total: 151
  [PHERO] Laid at (-1.70, -1.10) density=9 prob=1.00 total_entries=32
  [TARGET] Robot 8 → SITE (-1.70,-1.10)
[DEPOSIT] Robot 2 deposited! Total: 152
  [PHERO] Laid at (-2.22, 0.62) density=8 prob=1.00 total_entries=32
  [TARGET] Robot 2 → SITE (-2.22,0.62)
[PICKUP] Robot 10 picked up tag (density=11) | Total: 156
[DEPOSIT] Robot 14 deposited! Total: 153
  [PHERO] Laid at (-2.43, 1.13) density=9 prob=1.00 total_entries=30
  [TARGET] Robot 14 → SITE (-2.43,1.13)

======================================================================
Step 20000 (10.7 min) | Pickups: 156 | Deposits: 153 | Rate: 14.34 tags/min | phero_entries=28 phero_max=0.752
======================================================================
R1[T1][SITE      ]: L=+0.83 R=+0.84 | carry=0 | base=0.31 ba=-0.89 | site=1 sd=0.07 sa=+0.02 | phero=0 pd=0.00 pa=+0.00 | srch=0.13 | wall=2.29
R2[T1][SITE      ]: L=+1.00 R=+1.00 | carry=0 | base=0.18 ba=+1.00 | site=1 sd=0.30 sa=+0.20 | phero=0 pd=0.00 pa=+0.00 | srch=0.07 | wall=2.79
R3[T1][WALL_ESC  ]: L=+1.00 R=+0.00 | carry=0 | base=0.65 ba=-0.48 | site=0 sd=0.00 sa=+0.00 | phero=0 pd=0.00 pa=+0.00 | srch=0.81 | wall=0.33
R4[T1][SITE      ]: L=+0.98 R=+1.00 | carry=0 | base=0.42 ba=+0.75 | site=1 sd=0.11 sa=+0.06 | phero=0 pd=0.00 pa=+0.00 | srch=0.16 | wall=1.81
R5[T2][PHERO     ]: L=+1.00 R=+1.00 | carry=0 | base=0.47 ba=+0.83 | site=0 sd=0.00 sa=+0.00 | phero=1 pd=0.88 pa=+0.54 | srch=0.19 | wall=1.75
R6[T2][SITE      ]: L=+0.97 R=+1.00 | carry=0 | base=0.52 ba=+0.92 | site=1 sd=0.28 sa=+0.30 | phero=0 pd=0.00 pa=+0.00 | srch=0.18 | wall=1.15
R7[T2][SITE      ]: L=+0.12 R=+0.11 | carry=0 | base=0.12 ba=-0.98 | site=1 sd=0.44 sa=+0.18 | phero=0 pd=0.00 pa=+0.00 | srch=0.19 | wall=2.92
R8[T2][SITE      ]: L=+1.00 R=+1.00 | carry=0 | base=0.24 ba=-0.95 | site=1 sd=0.17 sa=+0.09 | phero=0 pd=0.00 pa=+0.00 | srch=0.09 | wall=2.48
R9[T3][SITE      ]: L=+1.00 R=+1.00 | carry=0 | base=0.40 ba=+0.99 | site=1 sd=0.39 sa=-0.38 | phero=0 pd=0.00 pa=+0.00 | srch=0.14 | wall=1.56
R10[T3][RTB       ]: L=+1.00 R=+1.00 | carry=1 | base=0.60 ba=-0.00 | site=0 sd=0.00 sa=+0.00 | phero=0 pd=0.00 pa=+0.00 | srch=0.00 | wall=1.33
R11[T3][EXPLORE   ]: L=+1.00 R=+1.00 | carry=0 | base=0.68 ba=+0.89 | site=0 sd=0.00 sa=+0.00 | phero=0 pd=0.00 pa=+0.00 | srch=0.28 | wall=0.37
R12[T3][EXPLORE   ]: L=+1.00 R=+1.00 | carry=0 | base=0.43 ba=-0.64 | site=0 sd=0.00 sa=+0.00 | phero=0 pd=0.00 pa=+0.00 | srch=0.49 | wall=1.37
R13[T4][RTB       ]: L=+1.00 R=+1.00 | carry=1 | base=0.51 ba=+0.00 | site=0 sd=0.00 sa=+0.00 | phero=0 pd=0.00 pa=+0.00 | srch=0.00 | wall=1.55
R14[T4][SITE      ]: L=+0.98 R=+1.00 | carry=0 | base=0.09 ba=+0.98 | site=1 sd=0.45 sa=+0.05 | phero=0 pd=0.00 pa=+0.00 | srch=0.04 | wall=3.12
R15[T4][RTB       ]: L=+1.00 R=+1.00 | carry=1 | base=0.20 ba=-0.00 | site=0 sd=0.00 sa=+0.00 | phero=0 pd=0.00 pa=+0.00 | srch=0.00 | wall=2.72
R16[T4][PHERO     ]: L=+0.82 R=+0.82 | carry=0 | base=0.31 ba=+0.89 | site=0 sd=0.00 sa=+0.00 | phero=1 pd=0.25 pa=-0.01 | srch=0.14 | wall=2.00

[PICKUP] Robot 4 picked up tag (density=7) | Total: 157
[DEPOSIT] Robot 15 deposited! Total: 154
  [PHERO] Laid at (1.31, 1.93) density=8 prob=1.00 total_entries=29
  [TARGET] Robot 15 → SITE (1.31,1.93)
[GIVE-UP] R11 giving up after 1352 steps
[PICKUP] Robot 5 picked up tag (density=5) | Total: 158
[PICKUP] Robot 8 picked up tag (density=8) | Total: 159
[PICKUP] Robot 12 picked up tag (density=7) | Total: 160
[PICKUP] Robot 2 picked up tag (density=6) | Total: 161
[PICKUP] Robot 6 picked up tag (density=6) | Total: 162

======================================================================
Step 20500 (10.9 min) | Pickups: 162 | Deposits: 154 | Rate: 14.09 tags/min | phero_entries=26 phero_max=0.608
======================================================================
R1[T1][EXPLORE   ]: L=+1.00 R=+1.00 | carry=0 | base=0.68 ba=+1.00 | site=0 sd=0.00 sa=+0.00 | phero=0 pd=0.00 pa=+0.00 | srch=0.25 | wall=0.67
R2[T1][RTB       ]: L=+0.33 R=+1.00 | carry=1 | base=0.48 ba=+0.27 | site=0 sd=0.00 sa=+0.00 | phero=0 pd=0.00 pa=+0.00 | srch=0.00 | wall=1.28
R3[T1][EXPLORE   ]: L=+0.15 R=+0.89 | carry=0 | base=0.55 ba=-0.53 | site=0 sd=0.00 sa=+0.00 | phero=0 pd=0.00 pa=+0.00 | srch=0.94 | wall=0.77
R4[T1][RTB       ]: L=+1.00 R=+1.00 | carry=1 | base=0.30 ba=-0.00 | site=0 sd=0.00 sa=+0.00 | phero=0 pd=0.00 pa=+0.00 | srch=0.00 | wall=2.10
R5[T2][RTB       ]: L=+1.00 R=+1.00 | carry=1 | base=0.57 ba=+0.00 | site=0 sd=0.00 sa=+0.00 | phero=0 pd=0.00 pa=+0.00 | srch=0.00 | wall=1.05
R6[T2][RTB       ]: L=+0.40 R=+1.00 | carry=1 | base=0.67 ba=+0.23 | site=0 sd=0.00 sa=+0.00 | phero=0 pd=0.00 pa=+0.00 | srch=0.00 | wall=1.02
R7[T2][SITE      ]: L=+0.75 R=+0.74 | carry=0 | base=0.33 ba=+0.83 | site=1 sd=0.22 sa=-0.11 | phero=0 pd=0.00 pa=+0.00 | srch=0.32 | wall=1.94
R8[T2][RTB       ]: L=+1.00 R=+1.00 | carry=1 | base=0.29 ba=+0.00 | site=0 sd=0.00 sa=+0.00 | phero=0 pd=0.00 pa=+0.00 | srch=0.00 | wall=2.33
R9[T3][SITE      ]: L=+1.00 R=+0.97 | carry=0 | base=0.69 ba=-0.65 | site=1 sd=0.16 sa=-0.24 | phero=0 pd=0.00 pa=+0.00 | srch=0.27 | wall=0.56
R10[T3][RTB       ]: L=+1.00 R=+1.00 | carry=1 | base=0.21 ba=-0.00 | site=0 sd=0.00 sa=+0.00 | phero=0 pd=0.00 pa=+0.00 | srch=0.00 | wall=2.74
R11[T3][GIVE_UP   ]: L=+1.00 R=+1.00 | carry=0 | base=0.39 ba=+0.00 | site=0 sd=0.00 sa=+0.00 | phero=0 pd=0.00 pa=+0.00 | srch=0.41 | wall=1.68
R12[T3][RTB       ]: L=+1.00 R=+0.27 | carry=1 | base=0.66 ba=-0.30 | site=0 sd=0.00 sa=+0.00 | phero=0 pd=0.00 pa=+0.00 | srch=0.00 | wall=0.86
R13[T4][RTB       ]: L=+1.00 R=+1.00 | carry=1 | base=0.12 ba=+0.00 | site=0 sd=0.00 sa=+0.00 | phero=0 pd=0.00 pa=+0.00 | srch=0.00 | wall=3.03
R14[T4][SITE      ]: L=+0.90 R=+0.64 | carry=0 | base=0.46 ba=-0.95 | site=1 sd=0.10 sa=-0.16 | phero=0 pd=0.00 pa=+0.00 | srch=0.17 | wall=1.33
R15[T4][SITE      ]: L=+1.00 R=+1.00 | carry=0 | base=0.19 ba=+0.96 | site=1 sd=0.29 sa=+0.05 | phero=0 pd=0.00 pa=+0.00 | srch=0.08 | wall=2.84
R16[T4][PHERO     ]: L=+0.61 R=+0.73 | carry=0 | base=0.53 ba=+0.98 | site=0 sd=0.00 sa=+0.00 | phero=1 pd=0.02 pa=+0.05 | srch=0.26 | wall=1.02

[PICKUP] Robot 14 picked up tag (density=5) | Total: 163
[DEPOSIT] Robot 13 deposited! Total: 155
  [PHERO] Laid at (3.12, 2.42) density=12 prob=1.00 total_entries=27
  [TARGET] Robot 13 → SITE (3.12,2.42)
[PICKUP] Robot 9 picked up tag (density=5) | Total: 164
[DEPOSIT] Robot 10 deposited! Total: 156
  [PHERO] Laid at (2.92, 2.72) density=11 prob=1.00 total_entries=26
  [TARGET] Robot 10 → SITE (2.92,2.72)
[DEPOSIT] Robot 8 deposited! Total: 157
  [PHERO] Laid at (-1.67, -1.13) density=8 prob=1.00 total_entries=27
  [TARGET] Robot 8 → SITE (-1.67,-1.13)
[DEPOSIT] Robot 4 deposited! Total: 158
  [PHERO] Laid at (-2.27, 1.03) density=7 prob=0.99 total_entries=28
  [TARGET] Robot 4 → SITE (-2.27,1.03)
[EMPTY_RTN] R11 → phero(-1.67,-1.13)
[PICKUP] Robot 15 picked up tag (density=7) | Total: 165

======================================================================
Step 21000 (11.2 min) | Pickups: 165 | Deposits: 158 | Rate: 14.11 tags/min | phero_entries=27 phero_max=0.759
======================================================================
R1[T1][EXPLORE   ]: L=+1.00 R=+1.00 | carry=0 | base=0.62 ba=+0.33 | site=0 sd=0.00 sa=+0.00 | phero=0 pd=0.00 pa=+0.00 | srch=0.38 | wall=1.22
R2[T1][RTB       ]: L=+1.00 R=+1.00 | carry=1 | base=0.12 ba=+0.00 | site=0 sd=0.00 sa=+0.00 | phero=0 pd=0.00 pa=+0.00 | srch=0.00 | wall=2.93
R3[T1][WALL_ESC  ]: L=+0.00 R=+1.00 | carry=0 | base=0.64 ba=+0.65 | site=0 sd=0.00 sa=+0.00 | phero=0 pd=0.00 pa=+0.00 | srch=1.00 | wall=0.33
R4[T1][SITE      ]: L=+1.00 R=+1.00 | carry=0 | base=0.09 ba=-0.93 | site=1 sd=0.42 sa=+0.21 | phero=0 pd=0.00 pa=+0.00 | srch=0.04 | wall=3.17
R5[T2][RTB       ]: L=+1.00 R=+1.00 | carry=1 | base=0.18 ba=+0.00 | site=0 sd=0.00 sa=+0.00 | phero=0 pd=0.00 pa=+0.00 | srch=0.00 | wall=2.72
R6[T2][RTB       ]: L=+1.00 R=+1.00 | carry=1 | base=0.29 ba=+0.00 | site=0 sd=0.00 sa=+0.00 | phero=0 pd=0.00 pa=+0.00 | srch=0.00 | wall=2.40
R7[T2][SITE      ]: L=+0.17 R=+0.16 | carry=0 | base=0.52 ba=-0.94 | site=1 sd=0.02 sa=-0.00 | phero=0 pd=0.00 pa=+0.00 | srch=0.44 | wall=1.07
R8[T2][SITE      ]: L=+1.00 R=+1.00 | carry=0 | base=0.09 ba=-0.88 | site=1 sd=0.32 sa=+0.08 | phero=0 pd=0.00 pa=+0.00 | srch=0.05 | wall=3.16
R9[T3][RTB       ]: L=+1.00 R=+1.00 | carry=1 | base=0.46 ba=-0.00 | site=0 sd=0.00 sa=+0.00 | phero=0 pd=0.00 pa=+0.00 | srch=0.00 | wall=1.72
R10[T3][SITE      ]: L=+1.00 R=+1.00 | carry=0 | base=0.16 ba=+0.99 | site=1 sd=0.66 sa=-0.18 | phero=0 pd=0.00 pa=+0.00 | srch=0.07 | wall=2.76
R11[T3][BASE_ESC  ]: L=+1.00 R=+0.00 | carry=0 | base=0.04 ba=+0.46 | site=0 sd=0.00 sa=+0.00 | phero=1 pd=0.44 pa=+0.23 | srch=0.01 | wall=3.29
R12[T3][RTB       ]: L=+1.00 R=+1.00 | carry=1 | base=0.28 ba=-0.00 | site=0 sd=0.00 sa=+0.00 | phero=0 pd=0.00 pa=+0.00 | srch=0.00 | wall=2.37
R13[T4][SITE      ]: L=+1.00 R=+1.00 | carry=0 | base=0.27 ba=+0.98 | site=1 sd=0.58 sa=-0.26 | phero=0 pd=0.00 pa=+0.00 | srch=0.10 | wall=2.26
R14[T4][RTB       ]: L=+1.00 R=+1.00 | carry=1 | base=0.20 ba=-0.00 | site=0 sd=0.00 sa=+0.00 | phero=0 pd=0.00 pa=+0.00 | srch=0.00 | wall=2.57
R15[T4][RTB       ]: L=+1.00 R=+0.00 | carry=1 | base=0.48 ba=-0.43 | site=0 sd=0.00 sa=+0.00 | phero=0 pd=0.00 pa=+0.00 | srch=0.00 | wall=1.55
R16[T4][EXPLORE   ]: L=+1.00 R=+0.95 | carry=0 | base=0.61 ba=+0.65 | site=0 sd=0.00 sa=+0.00 | phero=0 pd=0.00 pa=+0.00 | srch=0.39 | wall=0.72

[DEPOSIT] Robot 2 deposited! Total: 159
  [PHERO] Laid at (-2.21, 0.82) density=6 prob=0.97 total_entries=27
  [TARGET] Robot 2 → SITE (-2.21,0.82)
[PICKUP] Robot 1 picked up tag (density=16) | Total: 166
[DEPOSIT] Robot 5 deposited! Total: 160
  [PHERO] Laid at (2.80, -1.71) density=5 prob=0.92 total_entries=28
  [TARGET] Robot 5 → SITE (2.80,-1.71)
[DEPOSIT] Robot 14 deposited! Total: 161
  [PHERO] Laid at (-2.21, 0.78) density=5 prob=0.92 total_entries=29
  [TARGET] Robot 14 → SITE (-2.21,0.78)
[DEPOSIT] Robot 12 deposited! Total: 162
  [PHERO] Laid at (1.86, 2.66) density=7 prob=0.99 total_entries=30
  [TARGET] Robot 12 → SITE (1.86,2.66)
[DEPOSIT] Robot 6 deposited! Total: 163
  [PHERO] Laid at (2.24, 2.48) density=6 prob=0.97 total_entries=30
  [TARGET] Robot 6 → SITE (2.24,2.48)

======================================================================
Step 21500 (11.5 min) | Pickups: 166 | Deposits: 163 | Rate: 14.22 tags/min | phero_entries=29 phero_max=0.751
======================================================================
R1[T1][RTB       ]: L=+1.00 R=+1.00 | carry=1 | base=0.30 ba=+0.00 | site=0 sd=0.00 sa=+0.00 | phero=0 pd=0.00 pa=+0.00 | srch=0.00 | wall=2.25
R2[T1][SITE      ]: L=+1.00 R=+0.89 | carry=0 | base=0.27 ba=-0.84 | site=1 sd=0.23 sa=-0.03 | phero=0 pd=0.00 pa=+0.00 | srch=0.10 | wall=2.18
R3[T1][EXPLORE   ]: L=+1.00 R=+1.00 | carry=0 | base=0.41 ba=+0.33 | site=0 sd=0.00 sa=+0.00 | phero=0 pd=0.00 pa=+0.00 | srch=1.00 | wall=1.82
R4[T1][SITE      ]: L=+0.98 R=+0.95 | carry=0 | base=0.43 ba=-1.00 | site=1 sd=0.07 sa=-0.03 | phero=0 pd=0.00 pa=+0.00 | srch=0.17 | wall=1.54
R5[T2][SITE      ]: L=+1.00 R=+1.00 | carry=0 | base=0.22 ba=+0.98 | site=1 sd=0.48 sa=-0.24 | phero=0 pd=0.00 pa=+0.00 | srch=0.08 | wall=2.40
R6[T2][SITE      ]: L=+1.00 R=+1.00 | carry=0 | base=0.10 ba=+1.00 | site=1 sd=0.58 sa=+0.11 | phero=0 pd=0.00 pa=+0.00 | srch=0.04 | wall=3.08
R7[T2][EXPLORE   ]: L=+1.00 R=+1.00 | carry=0 | base=0.68 ba=+0.62 | site=0 sd=0.00 sa=+0.00 | phero=0 pd=0.00 pa=+0.00 | srch=0.57 | wall=0.73
R8[T2][SITE      ]: L=+0.57 R=+1.00 | carry=0 | base=0.42 ba=+0.40 | site=1 sd=0.01 sa=+0.23 | phero=0 pd=0.00 pa=+0.00 | srch=0.17 | wall=1.78
R9[T3][RTB       ]: L=+1.00 R=+1.00 | carry=1 | base=0.07 ba=-0.00 | site=0 sd=0.00 sa=+0.00 | phero=0 pd=0.00 pa=+0.00 | srch=0.00 | wall=3.23
R10[T3][SITE      ]: L=+0.45 R=+0.44 | carry=0 | base=0.45 ba=-0.91 | site=1 sd=0.39 sa=-0.09 | phero=0 pd=0.00 pa=+0.00 | srch=0.19 | wall=1.58
R11[T3][PHERO     ]: L=+1.00 R=+1.00 | carry=0 | base=0.15 ba=+0.87 | site=0 sd=0.00 sa=+0.00 | phero=1 pd=0.26 pa=-0.05 | srch=0.14 | wall=2.81
R12[T3][SITE      ]: L=+1.00 R=+0.99 | carry=0 | base=0.12 ba=-0.98 | site=1 sd=0.55 sa=-0.13 | phero=0 pd=0.00 pa=+0.00 | srch=0.05 | wall=2.94
R13[T4][SITE      ]: L=+1.00 R=+0.98 | carry=0 | base=0.64 ba=-0.83 | site=1 sd=0.34 sa=-0.25 | phero=0 pd=0.00 pa=+0.00 | srch=0.23 | wall=0.69
R14[T4][SITE      ]: L=+1.00 R=+1.00 | carry=0 | base=0.16 ba=+1.00 | site=1 sd=0.31 sa=+0.08 | phero=0 pd=0.00 pa=+0.00 | srch=0.08 | wall=2.79
R15[T4][RTB       ]: L=+1.00 R=+1.00 | carry=1 | base=0.12 ba=-0.00 | site=0 sd=0.00 sa=+0.00 | phero=0 pd=0.00 pa=+0.00 | srch=0.00 | wall=3.02
R16[T4][EXPLORE   ]: L=+1.00 R=+1.00 | carry=0 | base=0.87 ba=+0.79 | site=0 sd=0.00 sa=+0.00 | phero=0 pd=0.00 pa=+0.00 | srch=0.51 | wall=0.41

[PICKUP] Robot 8 picked up tag (density=7) | Total: 167
[DEPOSIT] Robot 9 deposited! Total: 164
  [PHERO] Laid at (2.11, 2.83) density=5 prob=0.92 total_entries=30
  [TARGET] Robot 9 → SITE (2.11,2.83)
[DEPOSIT] Robot 15 deposited! Total: 165
  [PHERO] Laid at (1.32, 1.95) density=7 prob=0.99 total_entries=31
  [TARGET] Robot 15 → SITE (1.32,1.95)
[GIVE-UP] R3 giving up after 4937 steps
[PICKUP] Robot 10 picked up tag (density=4) | Total: 168
[DEPOSIT] Robot 1 deposited! Total: 166
  [PHERO] Laid at (-1.57, -2.36) density=16 prob=1.00 total_entries=30
  [TARGET] Robot 1 → SITE (-1.57,-2.36)
[PICKUP] Robot 2 picked up tag (density=4) | Total: 169
[PICKUP] Robot 14 picked up tag (density=3) | Total: 170
[PICKUP] Robot 12 picked up tag (density=6) | Total: 171

======================================================================
Step 22000 (11.7 min) | Pickups: 171 | Deposits: 166 | Rate: 14.15 tags/min | phero_entries=29 phero_max=0.750
======================================================================
R1[T1][SITE      ]: L=+1.00 R=+1.00 | carry=0 | base=0.10 ba=+0.95 | site=1 sd=0.48 sa=-0.22 | phero=0 pd=0.00 pa=+0.00 | srch=0.05 | wall=2.99
R2[T1][RTB       ]: L=+1.00 R=+0.98 | carry=1 | base=0.46 ba=-0.01 | site=0 sd=0.00 sa=+0.00 | phero=0 pd=0.00 pa=+0.00 | srch=0.00 | wall=1.44
R3[T1][GIVE_UP   ]: L=+1.00 R=+1.00 | carry=0 | base=0.14 ba=+0.00 | site=0 sd=0.00 sa=+0.00 | phero=0 pd=0.00 pa=+0.00 | srch=1.00 | wall=2.92
R4[T1][EXPLORE   ]: L=+1.00 R=+1.00 | carry=0 | base=0.71 ba=-0.30 | site=0 sd=0.00 sa=+0.00 | phero=0 pd=0.00 pa=+0.00 | srch=0.29 | wall=0.45
R5[T2][SITE      ]: L=+1.00 R=+0.96 | carry=0 | base=0.55 ba=-0.78 | site=1 sd=0.16 sa=-0.08 | phero=0 pd=0.00 pa=+0.00 | srch=0.21 | wall=0.93
R6[T2][SITE      ]: L=+0.99 R=+1.00 | carry=0 | base=0.48 ba=+0.95 | site=1 sd=0.23 sa=+0.17 | phero=0 pd=0.00 pa=+0.00 | srch=0.17 | wall=1.55
R7[T2][EXPLORE   ]: L=+0.28 R=+1.00 | carry=0 | base=0.64 ba=-0.15 | site=0 sd=0.00 sa=+0.00 | phero=0 pd=0.00 pa=+0.00 | srch=0.69 | wall=1.03
R8[T2][RTB       ]: L=+1.00 R=+1.00 | carry=1 | base=0.07 ba=-0.00 | site=0 sd=0.00 sa=+0.00 | phero=0 pd=0.00 pa=+0.00 | srch=0.00 | wall=3.21
R9[T3][SITE      ]: L=+1.00 R=+1.00 | carry=0 | base=0.33 ba=+1.00 | site=1 sd=0.42 sa=+0.20 | phero=0 pd=0.00 pa=+0.00 | srch=0.12 | wall=2.14
R10[T3][RTB       ]: L=+1.00 R=+1.00 | carry=1 | base=0.56 ba=-0.00 | site=0 sd=0.00 sa=+0.00 | phero=0 pd=0.00 pa=+0.00 | srch=0.00 | wall=1.34
R11[T3][PHERO     ]: L=-0.31 R=-0.29 | carry=0 | base=0.38 ba=-0.99 | site=0 sd=0.00 sa=+0.00 | phero=1 pd=0.03 pa=-0.05 | srch=0.26 | wall=1.95
R12[T3][RTB       ]: L=+1.00 R=+0.00 | carry=1 | base=0.45 ba=-0.67 | site=0 sd=0.00 sa=+0.00 | phero=0 pd=0.00 pa=+0.00 | srch=0.00 | wall=1.69
R13[T4][WALL_ESC  ]: L=+1.00 R=+0.00 | carry=0 | base=0.86 ba=-0.53 | site=1 sd=0.09 sa=-0.29 | phero=0 pd=0.00 pa=+0.00 | srch=0.35 | wall=0.34
R14[T4][RTB       ]: L=+0.00 R=+1.00 | carry=1 | base=0.49 ba=+0.41 | site=0 sd=0.00 sa=+0.00 | phero=0 pd=0.00 pa=+0.00 | srch=0.00 | wall=1.19
R15[T4][SITE      ]: L=+0.96 R=+1.00 | carry=0 | base=0.26 ba=+0.93 | site=1 sd=0.23 sa=+0.07 | phero=0 pd=0.00 pa=+0.00 | srch=0.10 | wall=2.57
R16[T4][EXPLORE   ]: L=+1.00 R=+1.00 | carry=0 | base=0.66 ba=+0.23 | site=0 sd=0.00 sa=+0.00 | phero=0 pd=0.00 pa=+0.00 | srch=0.64 | wall=0.64

[DEPOSIT] Robot 8 deposited! Total: 167
  [PHERO] Laid at (-1.68, -1.17) density=7 prob=0.99 total_entries=30
  [TARGET] Robot 8 → SITE (-1.68,-1.17)
[PICKUP] Robot 13 picked up tag (density=10) | Total: 172
[EMPTY_RTN] R3 → phero(2.11,2.83)
[PICKUP] Robot 5 picked up tag (density=4) | Total: 173
[PICKUP] Robot 16 picked up tag (density=2) | Total: 174
[PICKUP] Robot 6 picked up tag (density=3) | Total: 175
[PICKUP] Robot 1 picked up tag (density=11) | Total: 176

======================================================================
Step 22500 (12.0 min) | Pickups: 176 | Deposits: 167 | Rate: 13.92 tags/min | phero_entries=28 phero_max=0.473
======================================================================
R1[T1][RTB       ]: L=+1.00 R=+0.00 | carry=1 | base=0.47 ba=-0.91 | site=0 sd=0.00 sa=+0.00 | phero=0 pd=0.00 pa=+0.00 | srch=0.00 | wall=1.24
R2[T1][RTB       ]: L=+1.00 R=+1.00 | carry=1 | base=0.07 ba=-0.00 | site=0 sd=0.00 sa=+0.00 | phero=0 pd=0.00 pa=+0.00 | srch=0.00 | wall=3.19
R3[T1][PHERO     ]: L=+1.00 R=+1.00 | carry=0 | base=0.14 ba=-0.87 | site=0 sd=0.00 sa=+0.00 | phero=1 pd=0.58 pa=+0.03 | srch=0.10 | wall=2.87
R4[T1][EXPLORE   ]: L=+1.00 R=+1.00 | carry=0 | base=0.56 ba=-0.47 | site=0 sd=0.00 sa=+0.00 | phero=0 pd=0.00 pa=+0.00 | srch=0.42 | wall=1.04
R5[T2][RTB       ]: L=+1.00 R=+1.00 | carry=1 | base=0.42 ba=-0.00 | site=0 sd=0.00 sa=+0.00 | phero=0 pd=0.00 pa=+0.00 | srch=0.00 | wall=1.67
R6[T2][RTB       ]: L=+0.99 R=+1.00 | carry=1 | base=0.62 ba=+0.00 | site=0 sd=0.00 sa=+0.00 | phero=0 pd=0.00 pa=+0.00 | srch=0.00 | wall=1.18
R7[T2][EXPLORE   ]: L=+1.00 R=+1.00 | carry=0 | base=0.64 ba=-0.06 | site=0 sd=0.00 sa=+0.00 | phero=0 pd=0.00 pa=+0.00 | srch=0.82 | wall=0.72
R8[T2][SITE      ]: L=+1.00 R=+1.00 | carry=0 | base=0.31 ba=+0.98 | site=1 sd=0.10 sa=+0.04 | phero=0 pd=0.00 pa=+0.00 | srch=0.12 | wall=2.19
R9[T3][SITE      ]: L=+0.94 R=+1.00 | carry=0 | base=0.70 ba=+0.80 | site=1 sd=0.19 sa=+0.32 | phero=0 pd=0.00 pa=+0.00 | srch=0.24 | wall=0.75
R10[T3][RTB       ]: L=+1.00 R=+1.00 | carry=1 | base=0.20 ba=+0.00 | site=0 sd=0.00 sa=+0.00 | phero=0 pd=0.00 pa=+0.00 | srch=0.00 | wall=2.72
R11[T3][PHERO     ]: L=-0.19 R=-0.20 | carry=0 | base=0.33 ba=-0.90 | site=0 sd=0.00 sa=+0.00 | phero=1 pd=0.08 pa=+0.02 | srch=0.39 | wall=2.19
R12[T3][RTB       ]: L=+1.00 R=+1.00 | carry=1 | base=0.14 ba=+0.00 | site=0 sd=0.00 sa=+0.00 | phero=0 pd=0.00 pa=+0.00 | srch=0.00 | wall=2.93
R13[T4][RTB       ]: L=+1.00 R=+1.00 | carry=1 | base=0.52 ba=-0.00 | site=0 sd=0.00 sa=+0.00 | phero=0 pd=0.00 pa=+0.00 | srch=0.00 | wall=1.54
R14[T4][RTB       ]: L=+1.00 R=+1.00 | carry=1 | base=0.13 ba=+0.00 | site=0 sd=0.00 sa=+0.00 | phero=0 pd=0.00 pa=+0.00 | srch=0.00 | wall=2.87
R15[T4][SITE      ]: L=+0.01 R=+0.01 | carry=0 | base=0.46 ba=-0.96 | site=1 sd=0.01 sa=-0.06 | phero=0 pd=0.00 pa=+0.00 | srch=0.23 | wall=1.59
R16[T4][RTB       ]: L=+1.00 R=+1.00 | carry=1 | base=0.33 ba=+0.00 | site=0 sd=0.00 sa=+0.00 | phero=0 pd=0.00 pa=+0.00 | srch=0.00 | wall=1.96

[PICKUP] Robot 9 picked up tag (density=9) | Total: 177
[DEPOSIT] Robot 2 deposited! Total: 168
  [PHERO] Laid at (-2.29, 0.88) density=4 prob=0.82 total_entries=29
  [TARGET] Robot 2 → SITE (-2.29,0.88)
[DEPOSIT] Robot 14 deposited! Total: 169
  [PHERO] Laid at (-2.29, 0.77) density=3 prob=0.65 total_entries=30
  [TARGET] Robot 14 → SITE (-2.29,0.77)
[DEPOSIT] Robot 12 deposited! Total: 170
  [PHERO] Laid at (1.32, 1.81) density=6 prob=0.97 total_entries=30
  [TARGET] Robot 12 → SITE (1.32,1.81)
[DEPOSIT] Robot 10 deposited! Total: 171
  [PHERO] Laid at (1.89, 2.58) density=4 prob=0.82 total_entries=30
  [TARGET] Robot 10 → SITE (1.89,2.58)
[DEPOSIT] Robot 16 deposited! Total: 172
  [PHERO] Laid at (-2.62, 0.94) density=2 prob=0.42 total_entries=28
  [TARGET] Robot 16 → SITE (-2.62,0.94)
[GIVE-UP] R11 giving up after 1946 steps
[PICKUP] Robot 3 picked up tag (density=5) | Total: 178
[DEPOSIT] Robot 5 deposited! Total: 173
  [TARGET] Robot 5 → SITE (2.77,-1.43)

======================================================================
Step 23000 (12.3 min) | Pickups: 178 | Deposits: 173 | Rate: 14.10 tags/min | phero_entries=28 phero_max=0.797
======================================================================
R1[T1][RTB       ]: L=+1.00 R=+1.00 | carry=1 | base=0.17 ba=-0.00 | site=0 sd=0.00 sa=+0.00 | phero=0 pd=0.00 pa=+0.00 | srch=0.00 | wall=2.71
R2[T1][SITE      ]: L=+1.00 R=+1.00 | carry=0 | base=0.31 ba=+0.84 | site=1 sd=0.20 sa=-0.02 | phero=0 pd=0.00 pa=+0.00 | srch=0.12 | wall=2.17
R3[T1][RTB       ]: L=+0.00 R=+1.00 | carry=1 | base=0.47 ba=+0.72 | site=0 sd=0.00 sa=+0.00 | phero=0 pd=0.00 pa=+0.00 | srch=0.00 | wall=1.62
R4[T1][EXPLORE   ]: L=+1.00 R=+1.00 | carry=0 | base=0.28 ba=-0.21 | site=0 sd=0.00 sa=+0.00 | phero=0 pd=0.00 pa=+0.00 | srch=0.54 | wall=2.09
R5[T2][BASE_ESC  ]: L=+0.00 R=+1.00 | carry=0 | base=0.05 ba=-0.17 | site=1 sd=0.58 sa=+0.85 | phero=0 pd=0.00 pa=+0.00 | srch=0.00 | wall=3.30
R6[T2][RTB       ]: L=+1.00 R=+1.00 | carry=1 | base=0.23 ba=+0.00 | site=0 sd=0.00 sa=+0.00 | phero=0 pd=0.00 pa=+0.00 | srch=0.00 | wall=2.63
R7[T2][EXPLORE   ]: L=+0.45 R=+1.00 | carry=0 | base=0.28 ba=-0.24 | site=0 sd=0.00 sa=+0.00 | phero=0 pd=0.00 pa=+0.00 | srch=0.94 | wall=2.18
R8[T2][EXPLORE   ]: L=+1.00 R=+1.00 | carry=0 | base=0.67 ba=+0.91 | site=0 sd=0.00 sa=+0.00 | phero=0 pd=0.00 pa=+0.00 | srch=0.24 | wall=1.10
R9[T3][RTB       ]: L=+1.00 R=+1.00 | carry=1 | base=0.40 ba=+0.00 | site=0 sd=0.00 sa=+0.00 | phero=0 pd=0.00 pa=+0.00 | srch=0.00 | wall=1.97
R10[T3][SITE      ]: L=+1.00 R=+1.00 | carry=0 | base=0.19 ba=+0.98 | site=1 sd=0.47 sa=+0.11 | phero=0 pd=0.00 pa=+0.00 | srch=0.08 | wall=2.76
R11[T3][GIVE_UP   ]: L=+0.53 R=+1.00 | carry=0 | base=0.51 ba=+0.19 | site=0 sd=0.00 sa=+0.00 | phero=0 pd=0.00 pa=+0.00 | srch=0.51 | wall=1.49
R12[T3][SITE      ]: L=+1.00 R=+0.94 | carry=0 | base=0.25 ba=-0.90 | site=1 sd=0.23 sa=-0.14 | phero=0 pd=0.00 pa=+0.00 | srch=0.09 | wall=2.30
R13[T4][RTB       ]: L=+1.00 R=+1.00 | carry=1 | base=0.15 ba=-0.00 | site=0 sd=0.00 sa=+0.00 | phero=0 pd=0.00 pa=+0.00 | srch=0.00 | wall=2.95
R14[T4][SITE      ]: L=+1.00 R=+1.00 | carry=0 | base=0.25 ba=-0.91 | site=1 sd=0.24 sa=-0.02 | phero=0 pd=0.00 pa=+0.00 | srch=0.10 | wall=2.26
R15[T4][EXPLORE   ]: L=+1.00 R=+1.00 | carry=0 | base=0.44 ba=+0.16 | site=0 sd=0.00 sa=+0.00 | phero=0 pd=0.00 pa=+0.00 | srch=0.35 | wall=1.44
R16[T4][SITE      ]: L=+1.00 R=+0.93 | carry=0 | base=0.07 ba=-0.99 | site=1 sd=0.50 sa=-0.10 | phero=0 pd=0.00 pa=+0.00 | srch=0.04 | wall=3.15

[PICKUP] Robot 11 picked up tag (density=6) | Total: 179
[DEPOSIT] Robot 13 deposited! Total: 174
  [PHERO] Laid at (3.08, 2.69) density=10 prob=1.00 total_entries=28
  [TARGET] Robot 13 → SITE (3.08,2.69)
[DEPOSIT] Robot 1 deposited! Total: 175
  [PHERO] Laid at (-0.63, -2.26) density=11 prob=1.00 total_entries=29
  [TARGET] Robot 1 → SITE (-0.63,-2.26)
[DEPOSIT] Robot 6 deposited! Total: 176
  [PHERO] Laid at (2.20, 2.51) density=3 prob=0.65 total_entries=30
  [TARGET] Robot 6 → SITE (2.20,2.51)
[PICKUP] Robot 2 picked up tag (density=1) | Total: 180
[GIVE-UP] R7 giving up after 4063 steps
[PICKUP] Robot 12 picked up tag (density=4) | Total: 181
[DEPOSIT] Robot 9 deposited! Total: 177
  [PHERO] Laid at (2.76, 2.19) density=9 prob=1.00 total_entries=31
  [TARGET] Robot 9 → SITE (2.76,2.19)

======================================================================
Step 23500 (12.5 min) | Pickups: 181 | Deposits: 177 | Rate: 14.12 tags/min | phero_entries=31 phero_max=0.946
======================================================================
R1[T1][SITE      ]: L=+1.00 R=+1.00 | carry=0 | base=0.23 ba=+1.00 | site=1 sd=0.28 sa=+0.24 | phero=0 pd=0.00 pa=+0.00 | srch=0.09 | wall=2.61
R2[T1][RTB       ]: L=+1.00 R=+1.00 | carry=1 | base=0.40 ba=+0.00 | site=0 sd=0.00 sa=+0.00 | phero=0 pd=0.00 pa=+0.00 | srch=0.00 | wall=1.62
R3[T1][RTB       ]: L=+1.00 R=+1.00 | carry=1 | base=0.15 ba=+0.00 | site=0 sd=0.00 sa=+0.00 | phero=0 pd=0.00 pa=+0.00 | srch=0.00 | wall=2.88
R4[T1][EXPLORE   ]: L=+1.00 R=+0.90 | carry=0 | base=0.17 ba=-0.48 | site=0 sd=0.00 sa=+0.00 | phero=0 pd=0.00 pa=+0.00 | srch=0.67 | wall=2.71
R5[T2][SITE      ]: L=+0.96 R=+1.00 | carry=0 | base=0.36 ba=+0.99 | site=1 sd=0.36 sa=+0.32 | phero=0 pd=0.00 pa=+0.00 | srch=0.13 | wall=1.99
R6[T2][SITE      ]: L=+1.00 R=+1.00 | carry=0 | base=0.17 ba=+0.97 | site=1 sd=0.53 sa=-0.24 | phero=0 pd=0.00 pa=+0.00 | srch=0.07 | wall=2.68
R7[T2][GIVE_UP   ]: L=+1.00 R=+1.00 | carry=0 | base=0.32 ba=+0.00 | site=0 sd=0.00 sa=+0.00 | phero=0 pd=0.00 pa=+0.00 | srch=1.00 | wall=1.95
R8[T2][EXPLORE   ]: L=+1.00 R=+1.00 | carry=0 | base=0.76 ba=+0.02 | site=0 sd=0.00 sa=+0.00 | phero=0 pd=0.00 pa=+0.00 | srch=0.37 | wall=0.67
R9[T3][BASE_ESC  ]: L=+0.00 R=+1.00 | carry=0 | base=0.04 ba=-0.32 | site=1 sd=0.67 sa=+0.68 | phero=0 pd=0.00 pa=+0.00 | srch=0.01 | wall=3.33
R10[T3][SITE      ]: L=+1.00 R=+1.00 | carry=0 | base=0.56 ba=+0.86 | site=1 sd=0.12 sa=+0.14 | phero=0 pd=0.00 pa=+0.00 | srch=0.20 | wall=1.53
R11[T3][RTB       ]: L=+1.00 R=+1.00 | carry=1 | base=0.13 ba=+0.00 | site=0 sd=0.00 sa=+0.00 | phero=0 pd=0.00 pa=+0.00 | srch=0.00 | wall=2.98
R12[T3][RTB       ]: L=+1.00 R=+0.98 | carry=1 | base=0.43 ba=-0.01 | site=0 sd=0.00 sa=+0.00 | phero=0 pd=0.00 pa=+0.00 | srch=0.00 | wall=1.88
R13[T4][SITE      ]: L=+1.00 R=+1.00 | carry=0 | base=0.25 ba=+1.00 | site=1 sd=0.59 sa=+0.11 | phero=0 pd=0.00 pa=+0.00 | srch=0.09 | wall=2.41
R14[T4][EXPLORE   ]: L=+1.00 R=+1.00 | carry=0 | base=0.63 ba=-0.95 | site=0 sd=0.00 sa=+0.00 | phero=0 pd=0.00 pa=+0.00 | srch=0.22 | wall=0.58
R15[T4][EXPLORE   ]: L=+1.00 R=+0.91 | carry=0 | base=0.35 ba=-0.52 | site=0 sd=0.00 sa=+0.00 | phero=0 pd=0.00 pa=+0.00 | srch=0.48 | wall=2.20
R16[T4][SITE      ]: L=+1.00 R=+1.00 | carry=0 | base=0.44 ba=-0.92 | site=1 sd=0.12 sa=+0.12 | phero=0 pd=0.00 pa=+0.00 | srch=0.16 | wall=1.45

[PICKUP] Robot 10 picked up tag (density=2) | Total: 182
[DEPOSIT] Robot 11 deposited! Total: 178
  [PHERO] Laid at (-1.79, -1.45) density=6 prob=0.97 total_entries=30
  [TARGET] Robot 11 → SITE (-1.79,-1.45)
[DEPOSIT] Robot 3 deposited! Total: 179
  [PHERO] Laid at (1.40, 1.85) density=5 prob=0.92 total_entries=31
  [TARGET] Robot 3 → SITE (1.40,1.85)
[GIVE-UP] R15 giving up after 2194 steps
[EMPTY_RTN] R7 → phero(1.40,1.85)
[PICKUP] Robot 1 picked up tag (density=12) | Total: 183
[DEPOSIT] Robot 2 deposited! Total: 180
  [TARGET] Robot 2 → SITE (-2.29,0.81)
[DEPOSIT] Robot 12 deposited! Total: 181
  [PHERO] Laid at (1.46, 1.86) density=4 prob=0.82 total_entries=28
  [TARGET] Robot 12 → SITE (1.46,1.86)

======================================================================
Step 24000 (12.8 min) | Pickups: 183 | Deposits: 181 | Rate: 14.14 tags/min | phero_entries=28 phero_max=0.990
======================================================================
R1[T1][RTB       ]: L=+0.61 R=+1.00 | carry=1 | base=0.51 ba=+0.15 | site=0 sd=0.00 sa=+0.00 | phero=0 pd=0.00 pa=+0.00 | srch=0.00 | wall=1.20
R2[T1][BASE_ESC  ]: L=+1.00 R=+0.00 | carry=0 | base=0.04 ba=+0.45 | site=1 sd=0.45 sa=-0.60 | phero=0 pd=0.00 pa=+0.00 | srch=0.01 | wall=3.29
R3[T1][SITE      ]: L=+1.00 R=+1.00 | carry=0 | base=0.23 ba=-0.96 | site=1 sd=0.24 sa=+0.01 | phero=0 pd=0.00 pa=+0.00 | srch=0.09 | wall=2.55
R4[T1][BASE_ESC  ]: L=+1.00 R=+0.00 | carry=0 | base=0.05 ba=+0.49 | site=0 sd=0.00 sa=+0.00 | phero=0 pd=0.00 pa=+0.00 | srch=0.79 | wall=3.30
R5[T2][SITE      ]: L=+0.98 R=+1.00 | carry=0 | base=0.63 ba=+0.54 | site=1 sd=0.08 sa=+0.05 | phero=0 pd=0.00 pa=+0.00 | srch=0.25 | wall=0.93
R6[T2][SITE      ]: L=+1.00 R=+1.00 | carry=0 | base=0.51 ba=-0.73 | site=1 sd=0.31 sa=-0.13 | phero=0 pd=0.00 pa=+0.00 | srch=0.19 | wall=1.08
R7[T2][PHERO     ]: L=+1.00 R=+0.41 | carry=0 | base=0.06 ba=-0.85 | site=0 sd=0.00 sa=+0.00 | phero=1 pd=0.45 pa=-0.23 | srch=0.04 | wall=3.24
R8[T2][EXPLORE   ]: L=+1.00 R=+0.61 | carry=0 | base=0.38 ba=+0.20 | site=0 sd=0.00 sa=+0.00 | phero=0 pd=0.00 pa=+0.00 | srch=0.49 | wall=1.98
R9[T3][SITE      ]: L=+1.00 R=+1.00 | carry=0 | base=0.38 ba=+0.97 | site=1 sd=0.38 sa=+0.20 | phero=0 pd=0.00 pa=+0.00 | srch=0.13 | wall=1.73
R10[T3][RTB       ]: L=+1.00 R=+1.00 | carry=1 | base=0.37 ba=+0.00 | site=0 sd=0.00 sa=+0.00 | phero=0 pd=0.00 pa=+0.00 | srch=0.00 | wall=2.08
R11[T3][SITE      ]: L=+0.41 R=+0.40 | carry=0 | base=0.15 ba=-0.92 | site=1 sd=0.33 sa=-0.07 | phero=0 pd=0.00 pa=+0.00 | srch=0.10 | wall=2.87
R12[T3][BASE_ESC  ]: L=+0.00 R=+1.00 | carry=0 | base=0.05 ba=-0.11 | site=1 sd=0.43 sa=+0.91 | phero=0 pd=0.00 pa=+0.00 | srch=0.00 | wall=3.32
R13[T4][SITE      ]: L=+1.00 R=+1.00 | carry=0 | base=0.62 ba=+0.95 | site=1 sd=0.24 sa=+0.16 | phero=0 pd=0.00 pa=+0.00 | srch=0.22 | wall=0.87
R14[T4][EXPLORE   ]: L=+1.00 R=+1.00 | carry=0 | base=0.49 ba=-0.28 | site=0 sd=0.00 sa=+0.00 | phero=0 pd=0.00 pa=+0.00 | srch=0.35 | wall=1.59
R15[T4][GIVE_UP   ]: L=+1.00 R=+1.00 | carry=0 | base=0.23 ba=-0.00 | site=0 sd=0.00 sa=+0.00 | phero=0 pd=0.00 pa=+0.00 | srch=0.60 | wall=2.35
R16[T4][EXPLORE   ]: L=+1.00 R=+1.00 | carry=0 | base=0.59 ba=+0.14 | site=0 sd=0.00 sa=+0.00 | phero=0 pd=0.00 pa=+0.00 | srch=0.29 | wall=0.62

[EMPTY_RTN] R15 → phero(1.46,1.86)
[PICKUP] Robot 3 picked up tag (density=3) | Total: 184
[PICKUP] Robot 13 picked up tag (density=8) | Total: 185
[PICKUP] Robot 6 picked up tag (density=1) | Total: 186
[DEPOSIT] Robot 10 deposited! Total: 182
  [PHERO] Laid at (2.00, 2.33) density=2 prob=0.42 total_entries=27
  [TARGET] Robot 10 → PHERO (2.00,2.33)

======================================================================
Step 24500 (13.1 min) | Pickups: 186 | Deposits: 182 | Rate: 13.93 tags/min | phero_entries=27 phero_max=0.863
======================================================================
R1[T1][RTB       ]: L=+1.00 R=+1.00 | carry=1 | base=0.13 ba=+0.00 | site=0 sd=0.00 sa=+0.00 | phero=0 pd=0.00 pa=+0.00 | srch=0.00 | wall=2.91
R2[T1][SITE      ]: L=+1.00 R=+0.94 | carry=0 | base=0.38 ba=-0.86 | site=1 sd=0.20 sa=-0.24 | phero=0 pd=0.00 pa=+0.00 | srch=0.14 | wall=1.63
R3[T1][RTB       ]: L=+1.00 R=+0.98 | carry=1 | base=0.43 ba=-0.01 | site=0 sd=0.00 sa=+0.00 | phero=0 pd=0.00 pa=+0.00 | srch=0.00 | wall=1.84
R4[T1][EXPLORE   ]: L=+1.00 R=+0.95 | carry=0 | base=0.11 ba=-0.14 | site=0 sd=0.00 sa=+0.00 | phero=0 pd=0.00 pa=+0.00 | srch=0.92 | wall=2.98
R5[T2][EXPLORE   ]: L=+1.00 R=+1.00 | carry=0 | base=0.43 ba=-0.15 | site=0 sd=0.00 sa=+0.00 | phero=0 pd=0.00 pa=+0.00 | srch=0.38 | wall=1.46
R6[T2][RTB       ]: L=+1.00 R=+0.95 | carry=1 | base=0.66 ba=-0.02 | site=0 sd=0.00 sa=+0.00 | phero=0 pd=0.00 pa=+0.00 | srch=0.00 | wall=0.94
R7[T2][PHERO     ]: L=+1.00 R=+0.88 | carry=0 | base=0.40 ba=-0.76 | site=0 sd=0.00 sa=+0.00 | phero=1 pd=0.10 pa=-0.06 | srch=0.16 | wall=1.72
R8[T2][EXPLORE   ]: L=+1.00 R=+0.61 | carry=0 | base=0.40 ba=-0.95 | site=0 sd=0.00 sa=+0.00 | phero=0 pd=0.00 pa=+0.00 | srch=0.62 | wall=1.73
R9[T3][SITE      ]: L=+1.00 R=+1.00 | carry=0 | base=0.68 ba=+0.18 | site=1 sd=0.21 sa=-0.32 | phero=0 pd=0.00 pa=+0.00 | srch=0.26 | wall=0.35
R10[T3][BASE_ESC  ]: L=+1.00 R=+0.00 | carry=0 | base=0.05 ba=+0.75 | site=0 sd=0.00 sa=+0.00 | phero=1 pd=0.57 pa=-0.33 | srch=0.02 | wall=3.30
R11[T3][SITE      ]: L=+1.00 R=+1.00 | carry=0 | base=0.32 ba=-0.89 | site=1 sd=0.15 sa=+0.07 | phero=0 pd=0.00 pa=+0.00 | srch=0.22 | wall=2.32
R12[T3][SITE      ]: L=+1.00 R=+1.00 | carry=0 | base=0.33 ba=+0.77 | site=1 sd=0.23 sa=+0.12 | phero=0 pd=0.00 pa=+0.00 | srch=0.13 | wall=2.05
R13[T4][RTB       ]: L=+1.00 R=+1.00 | carry=1 | base=0.64 ba=+0.00 | site=0 sd=0.00 sa=+0.00 | phero=0 pd=0.00 pa=+0.00 | srch=0.00 | wall=1.01
R14[T4][EXPLORE   ]: L=+1.00 R=+1.00 | carry=0 | base=0.39 ba=-0.59 | site=0 sd=0.00 sa=+0.00 | phero=0 pd=0.00 pa=+0.00 | srch=0.47 | wall=1.57
R15[T4][PHERO     ]: L=+0.97 R=+1.00 | carry=0 | base=0.15 ba=+0.92 | site=0 sd=0.00 sa=+0.00 | phero=1 pd=0.39 pa=+0.27 | srch=0.07 | wall=2.75
R16[T4][EXPLORE   ]: L=+1.00 R=+1.00 | carry=0 | base=0.44 ba=+0.70 | site=0 sd=0.00 sa=+0.00 | phero=0 pd=0.00 pa=+0.00 | srch=0.41 | wall=1.53

[GIVE-UP] R5 giving up after 1574 steps
[PICKUP] Robot 11 picked up tag (density=5) | Total: 187
[DEPOSIT] Robot 1 deposited! Total: 183
  [PHERO] Laid at (-1.15, -2.30) density=12 prob=1.00 total_entries=27
  [TARGET] Robot 1 → SITE (-1.15,-2.30)
[PICKUP] Robot 7 picked up tag (density=2) | Total: 188
[PICKUP] Robot 12 picked up tag (density=1) | Total: 189
[GIVE-UP] R5 giving up after 1964 steps
[PICKUP] Robot 9 picked up tag (density=7) | Total: 190
[GIVE-UP] R8 giving up after 2947 steps
[DEPOSIT] Robot 3 deposited! Total: 184
  [PHERO] Laid at (1.43, 1.90) density=3 prob=0.65 total_entries=27
  [TARGET] Robot 3 → SITE (1.43,1.90)

======================================================================
Step 25000 (13.3 min) | Pickups: 190 | Deposits: 184 | Rate: 13.80 tags/min | phero_entries=27 phero_max=0.994
======================================================================
R1[T1][SITE      ]: L=+1.00 R=+1.00 | carry=0 | base=0.26 ba=-0.87 | site=1 sd=0.29 sa=-0.06 | phero=0 pd=0.00 pa=+0.00 | srch=0.10 | wall=2.24
R2[T1][EXPLORE   ]: L=+1.00 R=+1.00 | carry=0 | base=0.47 ba=+0.26 | site=0 sd=0.00 sa=+0.00 | phero=0 pd=0.00 pa=+0.00 | srch=0.26 | wall=1.28
R3[T1][BASE_ESC  ]: L=+0.00 R=+1.00 | carry=0 | base=0.05 ba=-0.07 | site=1 sd=0.43 sa=+0.95 | phero=0 pd=0.00 pa=+0.00 | srch=0.00 | wall=3.32
R4[T1][EXPLORE   ]: L=+1.00 R=+0.43 | carry=0 | base=0.20 ba=-0.74 | site=0 sd=0.00 sa=+0.00 | phero=0 pd=0.00 pa=+0.00 | srch=1.00 | wall=2.53
R5[T2][GIVE_UP   ]: L=+1.00 R=+1.00 | carry=0 | base=0.06 ba=-0.00 | site=0 sd=0.00 sa=+0.00 | phero=0 pd=0.00 pa=+0.00 | srch=0.50 | wall=3.24
R6[T2][RTB       ]: L=+1.00 R=+1.00 | carry=1 | base=0.28 ba=+0.00 | site=0 sd=0.00 sa=+0.00 | phero=0 pd=0.00 pa=+0.00 | srch=0.00 | wall=2.43
R7[T2][RTB       ]: L=+1.00 R=+1.00 | carry=1 | base=0.27 ba=-0.00 | site=0 sd=0.00 sa=+0.00 | phero=0 pd=0.00 pa=+0.00 | srch=0.00 | wall=2.51
R8[T2][GIVE_UP   ]: L=+0.41 R=+1.00 | carry=0 | base=0.25 ba=+0.24 | site=0 sd=0.00 sa=+0.00 | phero=0 pd=0.00 pa=+0.00 | srch=0.74 | wall=2.28
R9[T3][RTB       ]: L=+1.00 R=+0.00 | carry=1 | base=0.72 ba=-0.47 | site=0 sd=0.00 sa=+0.00 | phero=0 pd=0.00 pa=+0.00 | srch=0.00 | wall=0.86
R10[T3][PHERO     ]: L=+1.00 R=+1.00 | carry=0 | base=0.39 ba=-0.90 | site=0 sd=0.00 sa=+0.00 | phero=1 pd=0.26 pa=-0.08 | srch=0.15 | wall=1.80
R11[T3][RTB       ]: L=+1.00 R=+1.00 | carry=1 | base=0.11 ba=-0.00 | site=0 sd=0.00 sa=+0.00 | phero=0 pd=0.00 pa=+0.00 | srch=0.00 | wall=3.06
R12[T3][RTB       ]: L=+1.00 R=+1.00 | carry=1 | base=0.41 ba=+0.00 | site=0 sd=0.00 sa=+0.00 | phero=0 pd=0.00 pa=+0.00 | srch=0.00 | wall=1.92
R13[T4][RTB       ]: L=+1.00 R=+1.00 | carry=1 | base=0.26 ba=+0.00 | site=0 sd=0.00 sa=+0.00 | phero=0 pd=0.00 pa=+0.00 | srch=0.00 | wall=2.51
R14[T4][EXPLORE   ]: L=+1.00 R=+1.00 | carry=0 | base=0.62 ba=-0.79 | site=0 sd=0.00 sa=+0.00 | phero=0 pd=0.00 pa=+0.00 | srch=0.60 | wall=1.01
R15[T4][PHERO     ]: L=+0.94 R=+1.00 | carry=0 | base=0.47 ba=+0.69 | site=0 sd=0.00 sa=+0.00 | phero=1 pd=0.12 pa=+0.22 | srch=0.19 | wall=1.64
R16[T4][EXPLORE   ]: L=+1.00 R=+1.00 | carry=0 | base=0.74 ba=+0.84 | site=0 sd=0.00 sa=+0.00 | phero=0 pd=0.00 pa=+0.00 | srch=0.54 | wall=0.71

[EMPTY_RTN] R5 → phero(2.76,2.19)
[DEPOSIT] Robot 11 deposited! Total: 185
  [PHERO] Laid at (-1.39, -1.13) density=5 prob=0.92 total_entries=27
  [TARGET] Robot 11 → SITE (-1.39,-1.13)
[PICKUP] Robot 1 picked up tag (density=9) | Total: 191
[DEPOSIT] Robot 7 deposited! Total: 186
  [TARGET] Robot 7 → SITE (1.48,1.86)
[EMPTY_RTN] R8 → phero(-1.39,-1.13)
[DEPOSIT] Robot 13 deposited! Total: 187
  [PHERO] Laid at (2.93, 2.22) density=8 prob=1.00 total_entries=26
  [TARGET] Robot 13 → SITE (2.93,2.22)
[DEPOSIT] Robot 6 deposited! Total: 188
  [PHERO] Laid at (2.10, 2.76) density=1 prob=0.20 total_entries=27
  [TARGET] Robot 6 → PHERO (2.93,2.22)
[PICKUP] Robot 16 picked up tag (density=15) | Total: 192
[DEPOSIT] Robot 12 deposited! Total: 189
  [TARGET] Robot 12 → PHERO (2.00,2.33)

======================================================================
Step 25500 (13.6 min) | Pickups: 192 | Deposits: 189 | Rate: 13.90 tags/min | phero_entries=25 phero_max=0.746
======================================================================
R1[T1][RTB       ]: L=+1.00 R=+1.00 | carry=1 | base=0.36 ba=-0.00 | site=0 sd=0.00 sa=+0.00 | phero=0 pd=0.00 pa=+0.00 | srch=0.00 | wall=1.84
R2[T1][EXPLORE   ]: L=+1.00 R=+1.00 | carry=0 | base=0.35 ba=+0.56 | site=0 sd=0.00 sa=+0.00 | phero=0 pd=0.00 pa=+0.00 | srch=0.39 | wall=2.10
R3[T1][SITE      ]: L=+0.97 R=+1.00 | carry=0 | base=0.32 ba=+0.93 | site=1 sd=0.17 sa=+0.08 | phero=0 pd=0.00 pa=+0.00 | srch=0.13 | wall=2.34
R4[T1][EXPLORE   ]: L=+1.00 R=+1.00 | carry=0 | base=0.32 ba=-0.80 | site=0 sd=0.00 sa=+0.00 | phero=0 pd=0.00 pa=+0.00 | srch=1.00 | wall=1.93
R5[T2][PHERO     ]: L=+1.00 R=+1.00 | carry=0 | base=0.29 ba=+0.79 | site=0 sd=0.00 sa=+0.00 | phero=1 pd=0.57 pa=+0.20 | srch=0.12 | wall=2.12
R6[T2][PHERO     ]: L=+0.31 R=+0.31 | carry=0 | base=0.06 ba=+0.91 | site=0 sd=0.00 sa=+0.00 | phero=1 pd=0.68 pa=-0.13 | srch=0.05 | wall=3.28
R7[T2][SITE      ]: L=+0.46 R=+0.46 | carry=0 | base=0.07 ba=+0.96 | site=1 sd=0.42 sa=+0.12 | phero=0 pd=0.00 pa=+0.00 | srch=0.06 | wall=3.19
R8[T2][PHERO     ]: L=+0.97 R=+0.99 | carry=0 | base=0.07 ba=-0.70 | site=0 sd=0.00 sa=+0.00 | phero=1 pd=0.30 pa=+0.12 | srch=0.05 | wall=3.20
R9[T3][RTB       ]: L=+1.00 R=+1.00 | carry=1 | base=0.37 ba=-0.00 | site=0 sd=0.00 sa=+0.00 | phero=0 pd=0.00 pa=+0.00 | srch=0.00 | wall=2.12
R10[T3][EXPLORE   ]: L=+1.00 R=+0.97 | carry=0 | base=0.70 ba=-0.75 | site=0 sd=0.00 sa=+0.00 | phero=0 pd=0.00 pa=+0.00 | srch=0.27 | wall=1.00
R11[T3][SITE      ]: L=+1.00 R=+0.34 | carry=0 | base=0.24 ba=-0.94 | site=1 sd=0.12 sa=+0.02 | phero=0 pd=0.00 pa=+0.00 | srch=0.11 | wall=2.62
R12[T3][BASE_ESC  ]: L=+1.00 R=+0.00 | carry=0 | base=0.05 ba=+0.27 | site=0 sd=0.00 sa=+0.00 | phero=1 pd=0.57 pa=-0.79 | srch=0.01 | wall=3.31
R13[T4][SITE      ]: L=+0.99 R=+1.00 | carry=0 | base=0.12 ba=-0.95 | site=1 sd=0.64 sa=+0.24 | phero=0 pd=0.00 pa=+0.00 | srch=0.05 | wall=2.91
R14[T4][EXPLORE   ]: L=+1.00 R=+1.00 | carry=0 | base=0.84 ba=-0.04 | site=0 sd=0.00 sa=+0.00 | phero=0 pd=0.00 pa=+0.00 | srch=0.72 | wall=0.39
R15[T4][EXPLORE   ]: L=+0.33 R=+1.00 | carry=0 | base=0.34 ba=-0.48 | site=0 sd=0.00 sa=+0.00 | phero=0 pd=0.00 pa=+0.00 | srch=0.32 | wall=2.00
R16[T4][RTB       ]: L=+1.00 R=+1.00 | carry=1 | base=0.57 ba=+0.00 | site=0 sd=0.00 sa=+0.00 | phero=0 pd=0.00 pa=+0.00 | srch=0.00 | wall=1.17

[PICKUP] Robot 14 picked up tag (density=6) | Total: 193
[PICKUP] Robot 10 picked up tag (density=5) | Total: 194
[PICKUP] Robot 11 picked up tag (density=4) | Total: 195
[PICKUP] Robot 2 picked up tag (density=8) | Total: 196
[DEPOSIT] Robot 1 deposited! Total: 190
  [PHERO] Laid at (-0.75, -2.12) density=9 prob=1.00 total_entries=22
  [TARGET] Robot 1 → SITE (-0.75,-2.12)
[DEPOSIT] Robot 9 deposited! Total: 191
  [TARGET] Robot 9 → SITE (2.62,2.36)
[PICKUP] Robot 8 picked up tag (density=3) | Total: 197

======================================================================
Step 26000 (13.9 min) | Pickups: 197 | Deposits: 191 | Rate: 13.77 tags/min | phero_entries=21 phero_max=0.858
======================================================================
R1[T1][BASE_ESC  ]: L=+0.08 R=+1.00 | carry=0 | base=0.05 ba=-0.79 | site=1 sd=0.41 sa=+0.29 | phero=0 pd=0.00 pa=+0.00 | srch=0.02 | wall=3.31
R2[T1][RTB       ]: L=+1.00 R=+1.00 | carry=1 | base=0.38 ba=+0.00 | site=0 sd=0.00 sa=+0.00 | phero=0 pd=0.00 pa=+0.00 | srch=0.00 | wall=1.72
R3[T1][EXPLORE   ]: L=+0.99 R=+1.00 | carry=0 | base=0.62 ba=+0.55 | site=0 sd=0.00 sa=+0.00 | phero=0 pd=0.00 pa=+0.00 | srch=0.25 | wall=0.67
R4[T1][EXPLORE   ]: L=+1.00 R=+1.00 | carry=0 | base=0.67 ba=-0.91 | site=0 sd=0.00 sa=+0.00 | phero=0 pd=0.00 pa=+0.00 | srch=1.00 | wall=0.44
R5[T2][PHERO     ]: L=+1.00 R=+1.00 | carry=0 | base=0.64 ba=+0.91 | site=0 sd=0.00 sa=+0.00 | phero=1 pd=0.35 pa=+0.43 | srch=0.25 | wall=0.38
R6[T2][PHERO     ]: L=+0.88 R=+0.86 | carry=0 | base=0.30 ba=-0.90 | site=0 sd=0.00 sa=+0.00 | phero=1 pd=0.46 pa=-0.04 | srch=0.17 | wall=2.31
R7[T2][SITE      ]: L=+0.17 R=+0.17 | carry=0 | base=0.30 ba=+0.91 | site=1 sd=0.19 sa=+0.07 | phero=0 pd=0.00 pa=+0.00 | srch=0.18 | wall=2.36
R8[T2][RTB       ]: L=+0.00 R=+1.00 | carry=1 | base=0.38 ba=+0.56 | site=0 sd=0.00 sa=+0.00 | phero=0 pd=0.00 pa=+0.00 | srch=0.00 | wall=2.06
R9[T3][BASE_ESC  ]: L=+1.00 R=+0.00 | carry=0 | base=0.04 ba=+0.61 | site=1 sd=0.67 sa=-0.44 | phero=0 pd=0.00 pa=+0.00 | srch=0.02 | wall=3.33
R10[T3][RTB       ]: L=+1.00 R=+1.00 | carry=1 | base=0.44 ba=-0.00 | site=0 sd=0.00 sa=+0.00 | phero=0 pd=0.00 pa=+0.00 | srch=0.00 | wall=1.82
R11[T3][RTB       ]: L=+1.00 R=+1.00 | carry=1 | base=0.22 ba=+0.00 | site=0 sd=0.00 sa=+0.00 | phero=0 pd=0.00 pa=+0.00 | srch=0.00 | wall=2.69
R12[T3][PHERO     ]: L=+1.00 R=+1.00 | carry=0 | base=0.29 ba=-0.93 | site=0 sd=0.00 sa=+0.00 | phero=1 pd=0.36 pa=+0.27 | srch=0.13 | wall=2.25
R13[T4][SITE      ]: L=+1.00 R=+1.00 | carry=0 | base=0.51 ba=+1.00 | site=1 sd=0.40 sa=+0.39 | phero=0 pd=0.00 pa=+0.00 | srch=0.17 | wall=1.01
R14[T4][RTB       ]: L=+1.00 R=+1.00 | carry=1 | base=0.45 ba=-0.00 | site=0 sd=0.00 sa=+0.00 | phero=0 pd=0.00 pa=+0.00 | srch=0.00 | wall=1.81
R15[T4][EXPLORE   ]: L=+0.17 R=+0.87 | carry=0 | base=0.35 ba=+0.07 | site=0 sd=0.00 sa=+0.00 | phero=0 pd=0.00 pa=+0.00 | srch=0.44 | wall=1.92
R16[T4][RTB       ]: L=+1.00 R=+1.00 | carry=1 | base=0.18 ba=+0.00 | site=0 sd=0.00 sa=+0.00 | phero=0 pd=0.00 pa=+0.00 | srch=0.00 | wall=2.75

[PICKUP] Robot 4 picked up tag (density=3) | Total: 198
[DEPOSIT] Robot 16 deposited! Total: 192
  [PHERO] Laid at (-1.88, -2.69) density=15 prob=1.00 total_entries=21
  [TARGET] Robot 16 → SITE (-1.88,-2.69)
[DEPOSIT] Robot 11 deposited! Total: 193
  [PHERO] Laid at (-1.41, -1.17) density=4 prob=0.82 total_entries=22
  [TARGET] Robot 11 → SITE (-1.41,-1.17)
[DEPOSIT] Robot 2 deposited! Total: 194
  [PHERO] Laid at (-0.87, -2.10) density=8 prob=1.00 total_entries=22
  [TARGET] Robot 2 → SITE (-0.87,-2.10)
[GIVE-UP] R15 giving up after 2209 steps
[DEPOSIT] Robot 8 deposited! Total: 195
  [TARGET] Robot 8 → SITE (-1.44,-1.18)

======================================================================
Step 26500 (14.1 min) | Pickups: 198 | Deposits: 195 | Rate: 13.80 tags/min | phero_entries=22 phero_max=0.891
======================================================================
R1[T1][SITE      ]: L=+0.95 R=+1.00 | carry=0 | base=0.38 ba=+0.72 | site=1 sd=0.22 sa=+0.19 | phero=0 pd=0.00 pa=+0.00 | srch=0.15 | wall=2.09
R2[T1][BASE_ESC  ]: L=+1.00 R=+0.00 | carry=0 | base=0.04 ba=+0.60 | site=1 sd=0.42 sa=-0.46 | phero=0 pd=0.00 pa=+0.00 | srch=0.02 | wall=3.29
R3[T1][EXPLORE   ]: L=+0.39 R=+1.00 | carry=0 | base=0.63 ba=-0.68 | site=0 sd=0.00 sa=+0.00 | phero=0 pd=0.00 pa=+0.00 | srch=0.38 | wall=0.50
R4[T1][RTB       ]: L=+1.00 R=+1.00 | carry=1 | base=0.41 ba=-0.00 | site=0 sd=0.00 sa=+0.00 | phero=0 pd=0.00 pa=+0.00 | srch=0.00 | wall=1.66
R5[T2][PHERO     ]: L=+1.00 R=+1.00 | carry=0 | base=0.43 ba=+0.33 | site=0 sd=0.00 sa=+0.00 | phero=1 pd=0.28 pa=-0.61 | srch=0.37 | wall=1.72
R6[T2][PHERO     ]: L=+0.97 R=-0.52 | carry=0 | base=0.67 ba=-0.86 | site=0 sd=0.00 sa=+0.00 | phero=1 pd=0.08 pa=-0.03 | srch=0.30 | wall=0.95
R7[T2][SITE      ]: L=+0.49 R=+0.63 | carry=0 | base=0.42 ba=+0.87 | site=1 sd=0.07 sa=-0.03 | phero=0 pd=0.00 pa=+0.00 | srch=0.31 | wall=1.94
R8[T2][BASE_ESC  ]: L=+0.00 R=+1.00 | carry=0 | base=0.05 ba=-0.03 | site=1 sd=0.33 sa=+0.94 | phero=0 pd=0.00 pa=+0.00 | srch=0.00 | wall=3.33
R9[T3][SITE      ]: L=+1.00 R=+1.00 | carry=0 | base=0.41 ba=+1.00 | site=1 sd=0.40 sa=-0.31 | phero=0 pd=0.00 pa=+0.00 | srch=0.14 | wall=1.62
R10[T3][RTB       ]: L=+1.00 R=+1.00 | carry=1 | base=0.05 ba=-0.00 | site=0 sd=0.00 sa=+0.00 | phero=0 pd=0.00 pa=+0.00 | srch=0.00 | wall=3.30
R11[T3][SITE      ]: L=+1.00 R=+1.00 | carry=0 | base=0.12 ba=+0.85 | site=1 sd=0.25 sa=-0.20 | phero=0 pd=0.00 pa=+0.00 | srch=0.06 | wall=3.08
R12[T3][PHERO     ]: L=+1.00 R=+1.00 | carry=0 | base=0.65 ba=+0.89 | site=0 sd=0.00 sa=+0.00 | phero=1 pd=0.20 pa=+0.49 | srch=0.26 | wall=0.76
R13[T4][SITE      ]: L=+1.00 R=+0.94 | carry=0 | base=0.53 ba=+0.46 | site=1 sd=0.28 sa=-0.26 | phero=0 pd=0.00 pa=+0.00 | srch=0.30 | wall=1.03
R14[T4][RTB       ]: L=+1.00 R=+1.00 | carry=1 | base=0.07 ba=-0.00 | site=0 sd=0.00 sa=+0.00 | phero=0 pd=0.00 pa=+0.00 | srch=0.00 | wall=3.24
R15[T4][GIVE_UP   ]: L=+0.28 R=+1.00 | carry=0 | base=0.46 ba=+0.29 | site=0 sd=0.00 sa=+0.00 | phero=0 pd=0.00 pa=+0.00 | srch=0.57 | wall=1.23
R16[T4][SITE      ]: L=+1.00 R=+0.96 | carry=0 | base=0.22 ba=-0.95 | site=1 sd=0.47 sa=-0.15 | phero=0 pd=0.00 pa=+0.00 | srch=0.08 | wall=2.44

[DEPOSIT] Robot 10 deposited! Total: 196
  [PHERO] Laid at (2.70, 2.37) density=5 prob=0.92 total_entries=23
  [TARGET] Robot 10 → SITE (2.70,2.37)
[PICKUP] Robot 1 picked up tag (density=2) | Total: 199
[DEPOSIT] Robot 14 deposited! Total: 197
  [PHERO] Laid at (2.99, 2.62) density=6 prob=0.97 total_entries=24
  [TARGET] Robot 14 → SITE (2.99,2.62)
[PICKUP] Robot 16 picked up tag (density=7) | Total: 200
[PICKUP] Robot 13 picked up tag (density=4) | Total: 201
[GIVE-UP] R15 giving up after 2677 steps
[DEPOSIT] Robot 4 deposited! Total: 198
  [TARGET] Robot 4 → SITE (3.09,-1.43)

======================================================================
Step 27000 (14.4 min) | Pickups: 201 | Deposits: 198 | Rate: 13.75 tags/min | phero_entries=21 phero_max=0.471
======================================================================
R1[T1][RTB       ]: L=+1.00 R=+1.00 | carry=1 | base=0.06 ba=+0.00 | site=0 sd=0.00 sa=+0.00 | phero=0 pd=0.00 pa=+0.00 | srch=0.00 | wall=3.29
R2[T1][SITE      ]: L=+0.50 R=+0.57 | carry=0 | base=0.36 ba=-0.77 | site=1 sd=0.11 sa=+0.04 | phero=0 pd=0.00 pa=+0.00 | srch=0.14 | wall=1.76
R3[T1][WALL_ESC  ]: L=+0.00 R=+1.00 | carry=0 | base=0.67 ba=+0.41 | site=0 sd=0.00 sa=+0.00 | phero=0 pd=0.00 pa=+0.00 | srch=0.50 | wall=0.35
R4[T1][BASE_ESC  ]: L=+0.00 R=+1.00 | carry=0 | base=0.04 ba=-0.33 | site=1 sd=0.64 sa=+0.70 | phero=0 pd=0.00 pa=+0.00 | srch=0.01 | wall=3.31
R5[T2][PHERO     ]: L=+1.00 R=+0.68 | carry=0 | base=0.65 ba=+0.97 | site=0 sd=0.00 sa=+0.00 | phero=1 pd=0.22 pa=-0.49 | srch=0.50 | wall=0.81
R6[T2][EXPLORE   ]: L=+1.00 R=+1.00 | carry=0 | base=0.62 ba=-0.08 | site=0 sd=0.00 sa=+0.00 | phero=0 pd=0.00 pa=+0.00 | srch=0.42 | wall=0.87
R7[T2][EXPLORE   ]: L=+1.00 R=+0.32 | carry=0 | base=0.49 ba=-0.94 | site=0 sd=0.00 sa=+0.00 | phero=0 pd=0.00 pa=+0.00 | srch=0.43 | wall=1.47
R8[T2][SITE      ]: L=+0.61 R=+0.52 | carry=0 | base=0.32 ba=+0.87 | site=1 sd=0.10 sa=+0.22 | phero=0 pd=0.00 pa=+0.00 | srch=0.13 | wall=2.08
R9[T3][SITE      ]: L=+1.00 R=+0.96 | carry=0 | base=0.69 ba=-0.67 | site=1 sd=0.05 sa=-0.06 | phero=0 pd=0.00 pa=+0.00 | srch=0.27 | wall=1.04
R10[T3][SITE      ]: L=+1.00 R=+1.00 | carry=0 | base=0.33 ba=+0.97 | site=1 sd=0.39 sa=-0.02 | phero=0 pd=0.00 pa=+0.00 | srch=0.12 | wall=2.25
R11[T3][EXPLORE   ]: L=+1.00 R=+1.00 | carry=0 | base=0.37 ba=-0.47 | site=0 sd=0.00 sa=+0.00 | phero=0 pd=0.00 pa=+0.00 | srch=0.19 | wall=1.97
R12[T3][EXPLORE   ]: L=+1.00 R=+1.00 | carry=0 | base=0.54 ba=+0.35 | site=0 sd=0.00 sa=+0.00 | phero=0 pd=0.00 pa=+0.00 | srch=0.38 | wall=1.17
R13[T4][RTB       ]: L=+0.77 R=+1.00 | carry=1 | base=0.74 ba=+0.09 | site=0 sd=0.00 sa=+0.00 | phero=0 pd=0.00 pa=+0.00 | srch=0.00 | wall=0.64
R14[T4][SITE      ]: L=+1.00 R=+0.95 | carry=0 | base=0.33 ba=-0.86 | site=1 sd=0.56 sa=-0.15 | phero=0 pd=0.00 pa=+0.00 | srch=0.12 | wall=1.95
R15[T4][GIVE_UP   ]: L=+1.00 R=+1.00 | carry=0 | base=0.09 ba=+0.00 | site=0 sd=0.00 sa=+0.00 | phero=0 pd=0.00 pa=+0.00 | srch=0.69 | wall=3.07
R16[T4][RTB       ]: L=+1.00 R=+0.99 | carry=1 | base=0.42 ba=-0.01 | site=0 sd=0.00 sa=+0.00 | phero=0 pd=0.00 pa=+0.00 | srch=0.00 | wall=1.60

[DEPOSIT] Robot 1 deposited! Total: 199
  [TARGET] Robot 1 → SITE (-1.41,-1.27)
[EMPTY_RTN] R15 → phero(2.99,2.62)
[PICKUP] Robot 8 picked up tag (density=1) | Total: 202
[PICKUP] Robot 2 picked up tag (density=6) | Total: 203
[PICKUP] Robot 5 picked up tag (density=3) | Total: 204
[DEPOSIT] Robot 16 deposited! Total: 200
  [PHERO] Laid at (-0.83, -2.17) density=7 prob=0.99 total_entries=18
  [TARGET] Robot 16 → SITE (-0.83,-2.17)

======================================================================
Step 27500 (14.7 min) | Pickups: 204 | Deposits: 200 | Rate: 13.64 tags/min | phero_entries=18 phero_max=0.962
======================================================================
R1[T1][SITE      ]: L=+1.00 R=+0.92 | carry=0 | base=0.33 ba=-0.86 | site=1 sd=0.09 sa=-0.20 | phero=0 pd=0.00 pa=+0.00 | srch=0.12 | wall=2.17
R2[T1][RTB       ]: L=+1.00 R=+1.00 | carry=1 | base=0.28 ba=-0.00 | site=0 sd=0.00 sa=+0.00 | phero=0 pd=0.00 pa=+0.00 | srch=0.00 | wall=2.23
R3[T1][EXPLORE   ]: L=+0.94 R=+1.00 | carry=0 | base=0.61 ba=-0.97 | site=0 sd=0.00 sa=+0.00 | phero=0 pd=0.00 pa=+0.00 | srch=0.63 | wall=0.90
R4[T1][SITE      ]: L=+1.00 R=+1.00 | carry=0 | base=0.38 ba=+1.00 | site=1 sd=0.39 sa=+0.28 | phero=0 pd=0.00 pa=+0.00 | srch=0.13 | wall=2.06
R5[T2][RTB       ]: L=+1.00 R=+1.00 | carry=1 | base=0.62 ba=-0.00 | site=0 sd=0.00 sa=+0.00 | phero=0 pd=0.00 pa=+0.00 | srch=0.00 | wall=1.28
R6[T2][EXPLORE   ]: L=+1.00 R=+1.00 | carry=0 | base=0.24 ba=+0.07 | site=0 sd=0.00 sa=+0.00 | phero=0 pd=0.00 pa=+0.00 | srch=0.55 | wall=2.52
R7[T2][EXPLORE   ]: L=+1.00 R=+1.00 | carry=0 | base=0.32 ba=+0.35 | site=0 sd=0.00 sa=+0.00 | phero=0 pd=0.00 pa=+0.00 | srch=0.56 | wall=1.99
R8[T2][RTB       ]: L=+1.00 R=+1.00 | carry=1 | base=0.20 ba=+0.00 | site=0 sd=0.00 sa=+0.00 | phero=0 pd=0.00 pa=+0.00 | srch=0.00 | wall=2.79
R9[T3][EXPLORE   ]: L=+0.63 R=+1.00 | carry=0 | base=0.61 ba=-0.19 | site=0 sd=0.00 sa=+0.00 | phero=0 pd=0.00 pa=+0.00 | srch=0.39 | wall=0.85
R10[T3][SITE      ]: L=+1.00 R=+1.00 | carry=0 | base=0.71 ba=+0.98 | site=1 sd=0.03 sa=-0.31 | phero=0 pd=0.00 pa=+0.00 | srch=0.25 | wall=0.93
R11[T3][EXPLORE   ]: L=+1.00 R=+1.00 | carry=0 | base=0.51 ba=-0.74 | site=0 sd=0.00 sa=+0.00 | phero=0 pd=0.00 pa=+0.00 | srch=0.31 | wall=1.06
R12[T3][EXPLORE   ]: L=+0.89 R=+0.88 | carry=0 | base=0.57 ba=-0.98 | site=0 sd=0.00 sa=+0.00 | phero=0 pd=0.00 pa=+0.00 | srch=0.51 | wall=0.71
R13[T4][RTB       ]: L=+1.00 R=+1.00 | carry=1 | base=0.36 ba=+0.00 | site=0 sd=0.00 sa=+0.00 | phero=0 pd=0.00 pa=+0.00 | srch=0.00 | wall=2.13
R14[T4][SITE      ]: L=+0.17 R=+0.23 | carry=0 | base=0.60 ba=-0.75 | site=1 sd=0.24 sa=+0.05 | phero=0 pd=0.00 pa=+0.00 | srch=0.24 | wall=1.18
R15[T4][PHERO     ]: L=+0.66 R=+0.62 | carry=0 | base=0.14 ba=-0.88 | site=0 sd=0.00 sa=+0.00 | phero=1 pd=0.67 pa=-0.02 | srch=0.11 | wall=2.89
R16[T4][BASE_ESC  ]: L=+0.00 R=+1.00 | carry=0 | base=0.05 ba=-0.26 | site=1 sd=0.42 sa=+0.77 | phero=0 pd=0.00 pa=+0.00 | srch=0.01 | wall=3.30

[PICKUP] Robot 10 picked up tag (density=2) | Total: 205
[DEPOSIT] Robot 8 deposited! Total: 201
  [TARGET] Robot 8 → SITE (-1.44,-1.25)
[PICKUP] Robot 14 picked up tag (density=1) | Total: 206
[DEPOSIT] Robot 2 deposited! Total: 202
  [PHERO] Laid at (-0.91, -2.12) density=6 prob=0.97 total_entries=17
  [TARGET] Robot 2 → SITE (-0.91,-2.12)
[DEPOSIT] Robot 13 deposited! Total: 203
  [PHERO] Laid at (2.97, 2.28) density=4 prob=0.82 total_entries=18
  [TARGET] Robot 13 → SITE (2.97,2.28)

======================================================================
Step 28000 (14.9 min) | Pickups: 206 | Deposits: 203 | Rate: 13.59 tags/min | phero_entries=16 phero_max=0.844
======================================================================
R1[T1][EXPLORE   ]: L=+1.00 R=+1.00 | carry=0 | base=0.41 ba=-0.72 | site=0 sd=0.00 sa=+0.00 | phero=0 pd=0.00 pa=+0.00 | srch=0.25 | wall=1.93
R2[T1][SITE      ]: L=+1.00 R=+1.00 | carry=0 | base=0.11 ba=+0.99 | site=1 sd=0.36 sa=+0.11 | phero=0 pd=0.00 pa=+0.00 | srch=0.05 | wall=3.08
R3[T1][EXPLORE   ]: L=+1.00 R=+1.00 | carry=0 | base=0.59 ba=+0.11 | site=0 sd=0.00 sa=+0.00 | phero=0 pd=0.00 pa=+0.00 | srch=0.75 | wall=0.87
R4[T1][SITE      ]: L=+1.00 R=+1.00 | carry=0 | base=0.67 ba=+0.44 | site=1 sd=0.20 sa=-0.04 | phero=0 pd=0.00 pa=+0.00 | srch=0.26 | wall=1.02
R5[T2][RTB       ]: L=+1.00 R=+1.00 | carry=1 | base=0.24 ba=+0.00 | site=0 sd=0.00 sa=+0.00 | phero=0 pd=0.00 pa=+0.00 | srch=0.00 | wall=2.65
R6[T2][EXPLORE   ]: L=+1.00 R=+1.00 | carry=0 | base=0.27 ba=+0.91 | site=0 sd=0.00 sa=+0.00 | phero=0 pd=0.00 pa=+0.00 | srch=0.67 | wall=2.20
R7[T2][EXPLORE   ]: L=+1.00 R=+1.00 | carry=0 | base=0.37 ba=+0.73 | site=0 sd=0.00 sa=+0.00 | phero=0 pd=0.00 pa=+0.00 | srch=0.68 | wall=2.05
R8[T2][SITE      ]: L=+0.97 R=+1.00 | carry=0 | base=0.20 ba=+0.96 | site=1 sd=0.20 sa=+0.12 | phero=0 pd=0.00 pa=+0.00 | srch=0.08 | wall=2.62
R9[T3][EXPLORE   ]: L=+1.00 R=+1.00 | carry=0 | base=0.52 ba=-0.18 | site=0 sd=0.00 sa=+0.00 | phero=0 pd=0.00 pa=+0.00 | srch=0.52 | wall=0.94
R10[T3][RTB       ]: L=+1.00 R=+1.00 | carry=1 | base=0.45 ba=-0.00 | site=0 sd=0.00 sa=+0.00 | phero=0 pd=0.00 pa=+0.00 | srch=0.00 | wall=1.79
R11[T3][EXPLORE   ]: L=+1.00 R=+1.00 | carry=0 | base=0.75 ba=-0.44 | site=0 sd=0.00 sa=+0.00 | phero=0 pd=0.00 pa=+0.00 | srch=0.44 | wall=0.50
R12[T3][EXPLORE   ]: L=+1.00 R=+0.96 | carry=0 | base=0.53 ba=+0.79 | site=0 sd=0.00 sa=+0.00 | phero=0 pd=0.00 pa=+0.00 | srch=0.63 | wall=0.91
R13[T4][BASE_ESC  ]: L=+1.00 R=+0.42 | carry=0 | base=0.05 ba=+0.85 | site=1 sd=0.71 sa=-0.24 | phero=0 pd=0.00 pa=+0.00 | srch=0.03 | wall=3.31
R14[T4][RTB       ]: L=+1.00 R=+1.00 | carry=1 | base=0.65 ba=-0.00 | site=0 sd=0.00 sa=+0.00 | phero=0 pd=0.00 pa=+0.00 | srch=0.00 | wall=1.10
R15[T4][PHERO     ]: L=+0.55 R=+0.52 | carry=0 | base=0.39 ba=+0.97 | site=0 sd=0.00 sa=+0.00 | phero=1 pd=0.41 pa=-0.06 | srch=0.24 | wall=2.09
R16[T4][SITE      ]: L=+1.00 R=+1.00 | carry=0 | base=0.34 ba=-0.99 | site=1 sd=0.16 sa=+0.24 | phero=0 pd=0.00 pa=+0.00 | srch=0.13 | wall=2.10

[PICKUP] Robot 11 picked up tag (density=13) | Total: 207
[GIVE-UP] R7 giving up after 2829 steps
TIMEOUT_RESULT pickups=207 deposits=203 steps=28125 elapsed_min=15.000000
BATCH_RESULT pickups=207 deposits=203
