Gym has been unmaintained since 2022 and does not support NumPy 2.0 amongst other critical functionality.
Please upgrade to Gymnasium, the maintained drop-in replacement of Gym, or contact the authors of your software and request that they upgrade.
Users of this version of Gym should be able to simply replace 'import gym' with 'import gymnasium as gym' in the vast majority of cases.
See the migration guide at https://gymnasium.farama.org/introduction/migration_guide/ for additional information.
============================================================
EVALUATION MODE — CPFA-RL Trained Model
Arena: 7×7m  |  Robots: 16  (teams of 4: 4)  |  Tags: 256
Obs per team: 18 × 4 = 72  |  Total obs dim: 288
============================================================

Loading model: ppo_cpfa_v9
Model loaded. Starting evaluation...

============================================================

[PICKUP] Robot 6 picked up tag (density=16) | Total: 1
[PICKUP] Robot 9 picked up tag (density=16) | Total: 2
[PICKUP] Robot 5 picked up tag (density=16) | Total: 3
[GIVE-UP] R3 giving up after 468 steps

======================================================================
Step 500 (0.3 min) | Pickups: 3 | Deposits: 0 | Rate: 0.00 tags/min | phero_entries=0 phero_max=0.000
======================================================================
R1[T1][EXPLORE   ]: L=+1.00 R=+1.00 | carry=0 | base=0.49 ba=+0.98 | site=0 sd=0.00 sa=+0.00 | phero=0 pd=0.00 pa=+0.00 | srch=0.12 | wall=1.07
R2[T1][EXPLORE   ]: L=+1.00 R=+1.00 | carry=0 | base=0.48 ba=-0.98 | site=0 sd=0.00 sa=+0.00 | phero=0 pd=0.00 pa=+0.00 | srch=0.12 | wall=1.14
R3[T1][GIVE_UP   ]: L=+1.00 R=+0.00 | carry=0 | base=0.38 ba=-0.60 | site=0 sd=0.00 sa=+0.00 | phero=0 pd=0.00 pa=+0.00 | srch=0.12 | wall=1.81
R4[T1][EXPLORE   ]: L=+1.00 R=+0.84 | carry=0 | base=0.09 ba=-0.24 | site=0 sd=0.00 sa=+0.00 | phero=0 pd=0.00 pa=+0.00 | srch=0.12 | wall=3.07
R5[T2][RTB       ]: L=+0.00 R=+1.00 | carry=1 | base=0.38 ba=+0.43 | site=0 sd=0.00 sa=+0.00 | phero=0 pd=0.00 pa=+0.00 | srch=0.00 | wall=2.15
R6[T2][RTB       ]: L=+1.00 R=+1.00 | carry=1 | base=0.13 ba=-0.00 | site=0 sd=0.00 sa=+0.00 | phero=0 pd=0.00 pa=+0.00 | srch=0.00 | wall=2.88
R7[T2][EXPLORE   ]: L=+1.00 R=+1.00 | carry=0 | base=0.29 ba=-0.89 | site=0 sd=0.00 sa=+0.00 | phero=0 pd=0.00 pa=+0.00 | srch=0.12 | wall=2.08
R8[T2][EXPLORE   ]: L=+1.00 R=+0.93 | carry=0 | base=0.05 ba=+0.87 | site=0 sd=0.00 sa=+0.00 | phero=0 pd=0.00 pa=+0.00 | srch=0.12 | wall=3.29
R9[T3][RTB       ]: L=+1.00 R=+0.40 | carry=1 | base=0.22 ba=-0.23 | site=0 sd=0.00 sa=+0.00 | phero=0 pd=0.00 pa=+0.00 | srch=0.00 | wall=2.61
R10[T3][EXPLORE   ]: L=+1.00 R=+1.00 | carry=0 | base=0.32 ba=+0.97 | site=0 sd=0.00 sa=+0.00 | phero=0 pd=0.00 pa=+0.00 | srch=0.12 | wall=1.90
R11[T3][EXPLORE   ]: L=+1.00 R=+1.00 | carry=0 | base=0.32 ba=+0.93 | site=0 sd=0.00 sa=+0.00 | phero=0 pd=0.00 pa=+0.00 | srch=0.12 | wall=1.94
R12[T3][EXPLORE   ]: L=+1.00 R=+1.00 | carry=0 | base=0.36 ba=+0.92 | site=0 sd=0.00 sa=+0.00 | phero=0 pd=0.00 pa=+0.00 | srch=0.12 | wall=1.79
R13[T4][EXPLORE   ]: L=+1.00 R=+1.00 | carry=0 | base=0.39 ba=+0.92 | site=0 sd=0.00 sa=+0.00 | phero=0 pd=0.00 pa=+0.00 | srch=0.12 | wall=1.63
R14[T4][EXPLORE   ]: L=+1.00 R=+1.00 | carry=0 | base=0.44 ba=+0.93 | site=0 sd=0.00 sa=+0.00 | phero=0 pd=0.00 pa=+0.00 | srch=0.12 | wall=1.39
R15[T4][EXPLORE   ]: L=+1.00 R=+1.00 | carry=0 | base=0.46 ba=+0.95 | site=0 sd=0.00 sa=+0.00 | phero=0 pd=0.00 pa=+0.00 | srch=0.12 | wall=1.23
R16[T4][EXPLORE   ]: L=+1.00 R=+1.00 | carry=0 | base=0.48 ba=+0.97 | site=0 sd=0.00 sa=+0.00 | phero=0 pd=0.00 pa=+0.00 | srch=0.12 | wall=1.14

[DEPOSIT] Robot 6 deposited! Total: 1
  [PHERO] Laid at (0.94, 0.46) density=16 prob=1.00 total_entries=1
  [TARGET] Robot 6 → SITE (0.94,0.46)
[GIVE-UP] R1 giving up after 702 steps
[GIVE-UP] R16 giving up after 702 steps
[DEPOSIT] Robot 9 deposited! Total: 2
  [PHERO] Laid at (-0.92, 0.53) density=16 prob=1.00 total_entries=2
  [TARGET] Robot 9 → SITE (-0.92,0.53)
[PICKUP] Robot 8 picked up tag (density=15) | Total: 4
[GIVE-UP] R2 giving up after 780 steps
[PICKUP] Robot 10 picked up tag (density=16) | Total: 5
[GIVE-UP] R13 giving up after 936 steps
[DEPOSIT] Robot 5 deposited! Total: 3
  [PHERO] Laid at (1.28, 1.31) density=16 prob=1.00 total_entries=3
  [TARGET] Robot 5 → SITE (1.28,1.31)
[EMPTY_RTN] R3 → phero(-0.92,0.53)

======================================================================
Step 1000 (0.5 min) | Pickups: 5 | Deposits: 3 | Rate: 5.62 tags/min | phero_entries=3 phero_max=0.944
======================================================================
R1[T1][GIVE_UP   ]: L=+1.00 R=+1.00 | carry=0 | base=0.51 ba=+0.00 | site=0 sd=0.00 sa=+0.00 | phero=0 pd=0.00 pa=+0.00 | srch=0.25 | wall=0.98
R2[T1][GIVE_UP   ]: L=+1.00 R=+1.00 | carry=0 | base=0.52 ba=-0.00 | site=0 sd=0.00 sa=+0.00 | phero=0 pd=0.00 pa=+0.00 | srch=0.25 | wall=0.93
R3[T1][BASE_ESC  ]: L=+0.00 R=+1.00 | carry=0 | base=0.05 ba=-0.17 | site=0 sd=0.00 sa=+0.00 | phero=1 pd=0.26 pa=-0.17 | srch=0.00 | wall=3.30
R4[T1][EXPLORE   ]: L=+1.00 R=+1.00 | carry=0 | base=0.29 ba=-0.96 | site=0 sd=0.00 sa=+0.00 | phero=0 pd=0.00 pa=+0.00 | srch=0.25 | wall=2.10
R5[T2][BASE_ESC  ]: L=+1.00 R=+0.00 | carry=0 | base=0.04 ba=+0.32 | site=1 sd=0.33 sa=-0.72 | phero=0 pd=0.00 pa=+0.00 | srch=0.01 | wall=3.32
R6[T2][SITE      ]: L=+1.00 R=+0.84 | carry=0 | base=0.20 ba=+0.95 | site=1 sd=0.02 sa=-0.16 | phero=0 pd=0.00 pa=+0.00 | srch=0.10 | wall=2.64
R7[T2][EXPLORE   ]: L=+0.42 R=+1.00 | carry=0 | base=0.43 ba=-0.09 | site=0 sd=0.00 sa=+0.00 | phero=0 pd=0.00 pa=+0.00 | srch=0.25 | wall=1.52
R8[T2][RTB       ]: L=+0.98 R=+1.00 | carry=1 | base=0.13 ba=+0.01 | site=0 sd=0.00 sa=+0.00 | phero=0 pd=0.00 pa=+0.00 | srch=0.00 | wall=2.89
R9[T3][SITE      ]: L=+0.87 R=+1.00 | carry=0 | base=0.17 ba=+0.93 | site=1 sd=0.09 sa=+0.34 | phero=0 pd=0.00 pa=+0.00 | srch=0.07 | wall=2.82
R10[T3][RTB       ]: L=+1.00 R=+1.00 | carry=1 | base=0.47 ba=+0.00 | site=0 sd=0.00 sa=+0.00 | phero=0 pd=0.00 pa=+0.00 | srch=0.00 | wall=1.19
R11[T3][EXPLORE   ]: L=+1.00 R=+1.00 | carry=0 | base=0.56 ba=+0.56 | site=0 sd=0.00 sa=+0.00 | phero=0 pd=0.00 pa=+0.00 | srch=0.25 | wall=0.78
R12[T3][WALL_ESC  ]: L=+0.46 R=+1.00 | carry=0 | base=0.64 ba=+0.12 | site=0 sd=0.00 sa=+0.00 | phero=0 pd=0.00 pa=+0.00 | srch=0.25 | wall=0.35
R13[T4][GIVE_UP   ]: L=+0.69 R=+1.00 | carry=0 | base=0.63 ba=+0.12 | site=0 sd=0.00 sa=+0.00 | phero=0 pd=0.00 pa=+0.00 | srch=0.25 | wall=0.39
R14[T4][EXPLORE   ]: L=+1.00 R=+1.00 | carry=0 | base=0.56 ba=+0.08 | site=0 sd=0.00 sa=+0.00 | phero=0 pd=0.00 pa=+0.00 | srch=0.25 | wall=0.72
R15[T4][EXPLORE   ]: L=+1.00 R=+1.00 | carry=0 | base=0.59 ba=+0.02 | site=0 sd=0.00 sa=+0.00 | phero=0 pd=0.00 pa=+0.00 | srch=0.25 | wall=0.60
R16[T4][GIVE_UP   ]: L=+1.00 R=+1.00 | carry=0 | base=0.50 ba=+0.00 | site=0 sd=0.00 sa=+0.00 | phero=0 pd=0.00 pa=+0.00 | srch=0.25 | wall=1.00

[PICKUP] Robot 6 picked up tag (density=14) | Total: 6
[GIVE-UP] R12 giving up after 1092 steps
[DEPOSIT] Robot 8 deposited! Total: 4
  [PHERO] Laid at (0.94, 0.53) density=15 prob=1.00 total_entries=4
  [TARGET] Robot 8 → SITE (0.94,0.53)
[PICKUP] Robot 9 picked up tag (density=15) | Total: 7
[PICKUP] Robot 11 picked up tag (density=16) | Total: 8
[PICKUP] Robot 4 picked up tag (density=16) | Total: 9
[PICKUP] Robot 7 picked up tag (density=15) | Total: 10
[PICKUP] Robot 14 picked up tag (density=13) | Total: 11
[DEPOSIT] Robot 6 deposited! Total: 5
  [PHERO] Laid at (0.99, 0.52) density=14 prob=1.00 total_entries=5
  [TARGET] Robot 6 → SITE (0.99,0.52)
[DEPOSIT] Robot 9 deposited! Total: 6
  [PHERO] Laid at (-1.02, 0.61) density=15 prob=1.00 total_entries=6
  [TARGET] Robot 9 → SITE (-1.02,0.61)
[PICKUP] Robot 8 picked up tag (density=12) | Total: 12

======================================================================
Step 1500 (0.8 min) | Pickups: 12 | Deposits: 6 | Rate: 7.50 tags/min | phero_entries=6 phero_max=0.925
======================================================================
R1[T1][GIVE_UP   ]: L=+0.99 R=+1.00 | carry=0 | base=0.12 ba=+0.00 | site=0 sd=0.00 sa=+0.00 | phero=0 pd=0.00 pa=+0.00 | srch=0.38 | wall=2.90
R2[T1][GIVE_UP   ]: L=+1.00 R=+1.00 | carry=0 | base=0.13 ba=-0.00 | site=0 sd=0.00 sa=+0.00 | phero=0 pd=0.00 pa=+0.00 | srch=0.38 | wall=2.85
R3[T1][PHERO     ]: L=+0.29 R=-0.30 | carry=0 | base=0.05 ba=-0.17 | site=0 sd=0.00 sa=+0.00 | phero=1 pd=0.26 pa=-0.00 | srch=0.13 | wall=3.27
R4[T1][RTB       ]: L=+1.00 R=+1.00 | carry=1 | base=0.31 ba=-0.00 | site=0 sd=0.00 sa=+0.00 | phero=0 pd=0.00 pa=+0.00 | srch=0.00 | wall=2.18
R5[T2][SITE      ]: L=+0.81 R=+0.84 | carry=0 | base=0.32 ba=-0.92 | site=1 sd=0.05 sa=+0.04 | phero=0 pd=0.00 pa=+0.00 | srch=0.13 | wall=2.34
R6[T2][SITE      ]: L=-0.47 R=+1.00 | carry=0 | base=0.05 ba=-0.96 | site=1 sd=0.18 sa=+0.19 | phero=0 pd=0.00 pa=+0.00 | srch=0.03 | wall=3.25
R7[T2][RTB       ]: L=+1.00 R=+1.00 | carry=1 | base=0.35 ba=-0.00 | site=0 sd=0.00 sa=+0.00 | phero=0 pd=0.00 pa=+0.00 | srch=0.00 | wall=2.09
R8[T2][RTB       ]: L=+1.00 R=+0.00 | carry=1 | base=0.23 ba=-0.60 | site=0 sd=0.00 sa=+0.00 | phero=0 pd=0.00 pa=+0.00 | srch=0.00 | wall=2.47
R9[T3][BASE_ESC  ]: L=+1.00 R=+0.00 | carry=0 | base=0.04 ba=+0.41 | site=1 sd=0.20 sa=-0.65 | phero=0 pd=0.00 pa=+0.00 | srch=0.01 | wall=3.30
R10[T3][RTB       ]: L=+1.00 R=+1.00 | carry=1 | base=0.08 ba=+0.00 | site=0 sd=0.00 sa=+0.00 | phero=0 pd=0.00 pa=+0.00 | srch=0.00 | wall=3.10
R11[T3][RTB       ]: L=+1.00 R=+1.00 | carry=1 | base=0.41 ba=+0.00 | site=0 sd=0.00 sa=+0.00 | phero=0 pd=0.00 pa=+0.00 | srch=0.00 | wall=1.69
R12[T3][GIVE_UP   ]: L=+1.00 R=+1.00 | carry=0 | base=0.27 ba=+0.00 | site=0 sd=0.00 sa=+0.00 | phero=0 pd=0.00 pa=+0.00 | srch=0.38 | wall=2.17
R13[T4][GIVE_UP   ]: L=+1.00 R=+1.00 | carry=0 | base=0.24 ba=+0.00 | site=0 sd=0.00 sa=+0.00 | phero=0 pd=0.00 pa=+0.00 | srch=0.38 | wall=2.29
R14[T4][RTB       ]: L=+1.00 R=+1.00 | carry=1 | base=0.20 ba=+0.00 | site=0 sd=0.00 sa=+0.00 | phero=0 pd=0.00 pa=+0.00 | srch=0.00 | wall=2.52
R15[T4][EXPLORE   ]: L=+1.00 R=+1.00 | carry=0 | base=0.20 ba=+0.06 | site=0 sd=0.00 sa=+0.00 | phero=0 pd=0.00 pa=+0.00 | srch=0.38 | wall=2.50
R16[T4][GIVE_UP   ]: L=+1.00 R=+1.00 | carry=0 | base=0.12 ba=-0.00 | site=0 sd=0.00 sa=+0.00 | phero=0 pd=0.00 pa=+0.00 | srch=0.38 | wall=2.92

[DEPOSIT] Robot 10 deposited! Total: 7
  [PHERO] Laid at (0.13, -2.68) density=16 prob=1.00 total_entries=7
  [TARGET] Robot 10 → SITE (0.13,-2.68)
[PICKUP] Robot 5 picked up tag (density=15) | Total: 13
[EMPTY_RTN] R16 → phero(1.28,1.31)
[EMPTY_RTN] R2 → phero(0.94,0.46)
[EMPTY_RTN] R1 → phero(0.94,0.53)
[DEPOSIT] Robot 14 deposited! Total: 8
  [PHERO] Laid at (1.38, 0.27) density=13 prob=1.00 total_entries=8
  [TARGET] Robot 14 → SITE (1.38,0.27)
[EMPTY_RTN] R13 → phero(1.28,1.31)
[DEPOSIT] Robot 8 deposited! Total: 9
  [PHERO] Laid at (1.00, 0.51) density=12 prob=1.00 total_entries=9
  [TARGET] Robot 8 → SITE (1.00,0.51)
[PICKUP] Robot 6 picked up tag (density=11) | Total: 14
[DEPOSIT] Robot 4 deposited! Total: 10
  [PHERO] Laid at (1.87, -1.03) density=16 prob=1.00 total_entries=10
  [TARGET] Robot 4 → SITE (1.87,-1.03)
[GIVE-UP] R15 giving up after 1872 steps
[PICKUP] Robot 10 picked up tag (density=16) | Total: 15
[PICKUP] Robot 9 picked up tag (density=14) | Total: 16
[EMPTY_RTN] R12 → phero(0.99,0.52)
[DEPOSIT] Robot 7 deposited! Total: 11
  [PHERO] Laid at (1.98, -1.35) density=15 prob=1.00 total_entries=11
  [TARGET] Robot 7 → SITE (1.98,-1.35)

======================================================================
Step 2000 (1.1 min) | Pickups: 16 | Deposits: 11 | Rate: 10.31 tags/min | phero_entries=11 phero_max=0.907
======================================================================
R1[T1][PHERO     ]: L=+1.00 R=+1.00 | carry=0 | base=0.16 ba=+0.96 | site=0 sd=0.00 sa=+0.00 | phero=1 pd=0.13 pa=+0.41 | srch=0.08 | wall=2.73
R2[T1][PHERO     ]: L=-0.11 R=-0.10 | carry=0 | base=0.09 ba=-0.95 | site=0 sd=0.00 sa=+0.00 | phero=1 pd=0.12 pa=-0.07 | srch=0.10 | wall=3.14
R3[T1][PHERO     ]: L=+0.33 R=+0.35 | carry=0 | base=0.08 ba=+0.17 | site=0 sd=0.00 sa=+0.00 | phero=1 pd=0.29 pa=+0.27 | srch=0.25 | wall=3.19
R4[T1][SITE      ]: L=+1.00 R=+1.00 | carry=0 | base=0.05 ba=+0.99 | site=1 sd=0.38 sa=+0.07 | phero=0 pd=0.00 pa=+0.00 | srch=0.04 | wall=3.31
R5[T2][RTB       ]: L=+1.00 R=+1.00 | carry=1 | base=0.14 ba=+0.00 | site=0 sd=0.00 sa=+0.00 | phero=0 pd=0.00 pa=+0.00 | srch=0.00 | wall=2.98
R6[T2][RTB       ]: L=+0.95 R=+1.00 | carry=1 | base=0.20 ba=+0.02 | site=0 sd=0.00 sa=+0.00 | phero=0 pd=0.00 pa=+0.00 | srch=0.00 | wall=2.68
R7[T2][BASE_ESC  ]: L=+1.00 R=+0.00 | carry=0 | base=0.05 ba=+0.68 | site=1 sd=0.44 sa=-0.39 | phero=0 pd=0.00 pa=+0.00 | srch=0.02 | wall=3.28
R8[T2][SITE      ]: L=+1.00 R=+1.00 | carry=0 | base=0.05 ba=-0.85 | site=1 sd=0.18 sa=+0.23 | phero=0 pd=0.00 pa=+0.00 | srch=0.04 | wall=3.24
R9[T3][RTB       ]: L=+1.00 R=+0.55 | carry=1 | base=0.22 ba=-0.18 | site=0 sd=0.00 sa=+0.00 | phero=0 pd=0.00 pa=+0.00 | srch=0.00 | wall=2.60
R10[T3][RTB       ]: L=+0.64 R=+1.00 | carry=1 | base=0.18 ba=+0.14 | site=0 sd=0.00 sa=+0.00 | phero=0 pd=0.00 pa=+0.00 | srch=0.00 | wall=2.72
R11[T3][RTB       ]: L=+1.00 R=+0.92 | carry=1 | base=0.07 ba=-0.05 | site=0 sd=0.00 sa=+0.00 | phero=0 pd=0.00 pa=+0.00 | srch=0.00 | wall=3.21
R12[T3][BASE_ESC  ]: L=+1.00 R=+0.00 | carry=0 | base=0.04 ba=+0.56 | site=0 sd=0.00 sa=+0.00 | phero=1 pd=0.19 pa=-0.27 | srch=0.02 | wall=3.29
R13[T4][PHERO     ]: L=+0.98 R=+1.00 | carry=0 | base=0.10 ba=+0.88 | site=0 sd=0.00 sa=+0.00 | phero=1 pd=0.32 pa=+0.25 | srch=0.06 | wall=3.03
R14[T4][SITE      ]: L=+0.21 R=+0.23 | carry=0 | base=0.06 ba=-0.88 | site=1 sd=0.23 sa=-0.06 | phero=0 pd=0.00 pa=+0.00 | srch=0.06 | wall=3.27
R15[T4][GIVE_UP   ]: L=+1.00 R=+0.99 | carry=0 | base=0.07 ba=-0.00 | site=0 sd=0.00 sa=+0.00 | phero=0 pd=0.00 pa=+0.00 | srch=0.50 | wall=3.24
R16[T4][PHERO     ]: L=+0.70 R=+0.71 | carry=0 | base=0.12 ba=+0.89 | site=0 sd=0.00 sa=+0.00 | phero=1 pd=0.27 pa=+0.07 | srch=0.10 | wall=2.97

[DEPOSIT] Robot 11 deposited! Total: 12
  [PHERO] Laid at (2.71, 1.23) density=16 prob=1.00 total_entries=12
  [TARGET] Robot 11 → SITE (2.71,1.23)
[EMPTY_RTN] R15 → phero(1.00,0.51)
[DEPOSIT] Robot 5 deposited! Total: 13
  [PHERO] Laid at (1.28, 1.31) density=15 prob=1.00 total_entries=13
  [TARGET] Robot 5 → SITE (1.28,1.31)
[DEPOSIT] Robot 10 deposited! Total: 14
  [PHERO] Laid at (0.39, -0.85) density=16 prob=1.00 total_entries=14
  [TARGET] Robot 10 → SITE (0.39,-0.85)
[PICKUP] Robot 13 picked up tag (density=10) | Total: 17
[DEPOSIT] Robot 9 deposited! Total: 15
  [PHERO] Laid at (-0.95, 0.56) density=14 prob=1.00 total_entries=15
  [TARGET] Robot 9 → SITE (-0.95,0.56)
[DEPOSIT] Robot 6 deposited! Total: 16
  [PHERO] Laid at (1.02, 0.55) density=11 prob=1.00 total_entries=16
  [TARGET] Robot 6 → SITE (1.02,0.55)
[PICKUP] Robot 8 picked up tag (density=9) | Total: 18
[PICKUP] Robot 12 picked up tag (density=8) | Total: 19

======================================================================
Step 2500 (1.3 min) | Pickups: 19 | Deposits: 16 | Rate: 12.00 tags/min | phero_entries=16 phero_max=0.695
======================================================================
R1[T1][PHERO     ]: L=+1.00 R=+1.00 | carry=0 | base=0.47 ba=+0.74 | site=0 sd=0.00 sa=+0.00 | phero=1 pd=0.25 pa=+0.72 | srch=0.20 | wall=1.41
R2[T1][PHERO     ]: L=-0.25 R=-0.23 | carry=0 | base=0.07 ba=-0.67 | site=0 sd=0.00 sa=+0.00 | phero=1 pd=0.17 pa=-0.04 | srch=0.22 | wall=3.14
R3[T1][PHERO     ]: L=+0.57 R=+0.60 | carry=0 | base=0.09 ba=+0.73 | site=0 sd=0.00 sa=+0.00 | phero=1 pd=0.22 pa=+0.33 | srch=0.38 | wall=3.11
R4[T1][SITE      ]: L=+0.96 R=+1.00 | carry=0 | base=0.39 ba=+0.95 | site=1 sd=0.04 sa=+0.05 | phero=0 pd=0.00 pa=+0.00 | srch=0.16 | wall=1.85
R5[T2][SITE      ]: L=+1.00 R=+1.00 | carry=0 | base=0.15 ba=-0.99 | site=1 sd=0.22 sa=-0.00 | phero=0 pd=0.00 pa=+0.00 | srch=0.09 | wall=2.96
R6[T2][SITE      ]: L=+0.73 R=+0.71 | carry=0 | base=0.07 ba=-0.83 | site=1 sd=0.18 sa=-0.07 | phero=0 pd=0.00 pa=+0.00 | srch=0.06 | wall=3.19
R7[T2][SITE      ]: L=+0.65 R=+0.65 | carry=0 | base=0.26 ba=+1.00 | site=1 sd=0.23 sa=-0.12 | phero=0 pd=0.00 pa=+0.00 | srch=0.14 | wall=2.32
R8[T2][RTB       ]: L=+1.00 R=+1.00 | carry=1 | base=0.13 ba=+0.00 | site=0 sd=0.00 sa=+0.00 | phero=0 pd=0.00 pa=+0.00 | srch=0.00 | wall=2.90
R9[T3][SITE      ]: L=+0.89 R=+1.00 | carry=0 | base=0.17 ba=+0.98 | site=1 sd=0.10 sa=+0.38 | phero=0 pd=0.00 pa=+0.00 | srch=0.07 | wall=2.80
R10[T3][SITE      ]: L=+1.00 R=+0.84 | carry=0 | base=0.17 ba=-0.80 | site=1 sd=0.03 sa=-0.19 | phero=0 pd=0.00 pa=+0.00 | srch=0.08 | wall=2.79
R11[T3][SITE      ]: L=+0.42 R=+0.41 | carry=0 | base=0.21 ba=+0.98 | site=1 sd=0.39 sa=-0.07 | phero=0 pd=0.00 pa=+0.00 | srch=0.11 | wall=2.60
R12[T3][RTB       ]: L=+0.84 R=+1.00 | carry=1 | base=0.22 ba=+0.06 | site=0 sd=0.00 sa=+0.00 | phero=0 pd=0.00 pa=+0.00 | srch=0.00 | wall=2.60
R13[T4][RTB       ]: L=+1.00 R=+1.00 | carry=1 | base=0.10 ba=+0.00 | site=0 sd=0.00 sa=+0.00 | phero=0 pd=0.00 pa=+0.00 | srch=0.00 | wall=3.06
R14[T4][SITE      ]: L=+0.02 R=+0.02 | carry=0 | base=0.08 ba=-1.00 | site=1 sd=0.21 sa=-0.20 | phero=0 pd=0.00 pa=+0.00 | srch=0.19 | wall=3.17
R15[T4][PHERO     ]: L=+0.88 R=+1.00 | carry=0 | base=0.22 ba=+0.72 | site=0 sd=0.00 sa=+0.00 | phero=1 pd=0.04 pa=+0.17 | srch=0.11 | wall=2.47
R16[T4][PHERO     ]: L=+0.69 R=+0.69 | carry=0 | base=0.34 ba=+0.91 | site=0 sd=0.00 sa=+0.00 | phero=1 pd=0.04 pa=+0.02 | srch=0.23 | wall=2.30

[PICKUP] Robot 15 picked up tag (density=7) | Total: 20
[DEPOSIT] Robot 13 deposited! Total: 17
  [PHERO] Laid at (1.02, 0.37) density=10 prob=1.00 total_entries=17
  [TARGET] Robot 13 → SITE (1.02,0.37)
[PICKUP] Robot 16 picked up tag (density=14) | Total: 21
[PICKUP] Robot 10 picked up tag (density=15) | Total: 22
[DEPOSIT] Robot 8 deposited! Total: 18
  [PHERO] Laid at (1.18, 0.27) density=9 prob=1.00 total_entries=18
  [TARGET] Robot 8 → SITE (1.18,0.27)
[PICKUP] Robot 9 picked up tag (density=13) | Total: 23
[DEPOSIT] Robot 12 deposited! Total: 19
  [PHERO] Laid at (1.03, 0.58) density=8 prob=1.00 total_entries=19
  [TARGET] Robot 12 → SITE (1.03,0.58)
[PICKUP] Robot 11 picked up tag (density=6) | Total: 24
[PICKUP] Robot 14 picked up tag (density=5) | Total: 25
[PICKUP] Robot 6 picked up tag (density=4) | Total: 26
[DEPOSIT] Robot 15 deposited! Total: 20
  [PHERO] Laid at (1.05, 0.38) density=7 prob=0.99 total_entries=20
  [TARGET] Robot 15 → SITE (1.05,0.38)
[DEPOSIT] Robot 10 deposited! Total: 21
  [PHERO] Laid at (0.34, -0.95) density=15 prob=1.00 total_entries=21
  [TARGET] Robot 10 → SITE (0.34,-0.95)
[PICKUP] Robot 3 picked up tag (density=12) | Total: 27

======================================================================
Step 3000 (1.6 min) | Pickups: 27 | Deposits: 21 | Rate: 13.12 tags/min | phero_entries=21 phero_max=0.784
======================================================================
R1[T1][PHERO     ]: L=+1.00 R=+1.00 | carry=0 | base=0.77 ba=+0.76 | site=0 sd=0.00 sa=+0.00 | phero=1 pd=0.57 pa=+0.80 | srch=0.33 | wall=0.66
R2[T1][EXPLORE   ]: L=+1.00 R=+1.00 | carry=0 | base=0.23 ba=-0.62 | site=0 sd=0.00 sa=+0.00 | phero=0 pd=0.00 pa=+0.00 | srch=0.35 | wall=2.44
R3[T1][RTB       ]: L=+0.64 R=+1.00 | carry=1 | base=0.24 ba=+0.13 | site=0 sd=0.00 sa=+0.00 | phero=0 pd=0.00 pa=+0.00 | srch=0.00 | wall=2.44
R4[T1][WALL_ESC  ]: L=+0.31 R=+1.00 | carry=0 | base=0.69 ba=+0.17 | site=0 sd=0.00 sa=+0.00 | phero=0 pd=0.00 pa=+0.00 | srch=0.29 | wall=0.32
R5[T2][EXPLORE   ]: L=+1.00 R=+1.00 | carry=0 | base=0.52 ba=+1.00 | site=0 sd=0.00 sa=+0.00 | phero=0 pd=0.00 pa=+0.00 | srch=0.22 | wall=1.66
R6[T2][RTB       ]: L=+1.00 R=+0.72 | carry=1 | base=0.23 ba=-0.11 | site=0 sd=0.00 sa=+0.00 | phero=0 pd=0.00 pa=+0.00 | srch=0.00 | wall=2.42
R7[T2][SITE      ]: L=+0.38 R=+0.40 | carry=0 | base=0.39 ba=-0.90 | site=1 sd=0.10 sa=+0.01 | phero=0 pd=0.00 pa=+0.00 | srch=0.27 | wall=1.85
R8[T2][SITE      ]: L=+0.81 R=+1.00 | carry=0 | base=0.26 ba=+0.75 | site=1 sd=0.05 sa=+0.36 | phero=0 pd=0.00 pa=+0.00 | srch=0.10 | wall=2.23
R9[T3][RTB       ]: L=+1.00 R=+1.00 | carry=1 | base=0.08 ba=+0.00 | site=0 sd=0.00 sa=+0.00 | phero=0 pd=0.00 pa=+0.00 | srch=0.00 | wall=3.14
R10[T3][SITE      ]: L=+0.92 R=+1.00 | carry=0 | base=0.07 ba=+0.91 | site=1 sd=0.14 sa=+0.06 | phero=0 pd=0.00 pa=+0.00 | srch=0.04 | wall=3.16
R11[T3][RTB       ]: L=+1.00 R=+1.00 | carry=1 | base=0.22 ba=-0.00 | site=0 sd=0.00 sa=+0.00 | phero=0 pd=0.00 pa=+0.00 | srch=0.00 | wall=2.47
R12[T3][SITE      ]: L=+0.95 R=+1.00 | carry=0 | base=0.13 ba=-0.99 | site=1 sd=0.11 sa=+0.04 | phero=0 pd=0.00 pa=+0.00 | srch=0.06 | wall=2.92
R13[T4][EXPLORE   ]: L=+1.00 R=+1.00 | carry=0 | base=0.22 ba=+0.98 | site=0 sd=0.00 sa=+0.00 | phero=0 pd=0.00 pa=+0.00 | srch=0.11 | wall=2.48
R14[T4][RTB       ]: L=+1.00 R=+0.99 | carry=1 | base=0.17 ba=-0.00 | site=0 sd=0.00 sa=+0.00 | phero=0 pd=0.00 pa=+0.00 | srch=0.00 | wall=2.67
R15[T4][SITE      ]: L=+0.21 R=+0.19 | carry=0 | base=0.06 ba=+0.88 | site=1 sd=0.17 sa=-0.07 | phero=0 pd=0.00 pa=+0.00 | srch=0.04 | wall=3.22
R16[T4][RTB       ]: L=+1.00 R=+1.00 | carry=1 | base=0.15 ba=+0.00 | site=0 sd=0.00 sa=+0.00 | phero=0 pd=0.00 pa=+0.00 | srch=0.00 | wall=2.93

[PICKUP] Robot 7 picked up tag (density=14) | Total: 28
[DEPOSIT] Robot 9 deposited! Total: 22
  [PHERO] Laid at (-1.13, 0.66) density=13 prob=1.00 total_entries=22
  [TARGET] Robot 9 → SITE (-1.13,0.66)
[PICKUP] Robot 13 picked up tag (density=3) | Total: 29
[DEPOSIT] Robot 16 deposited! Total: 23
  [PHERO] Laid at (1.34, 1.39) density=14 prob=1.00 total_entries=23
  [TARGET] Robot 16 → SITE (1.34,1.39)
[DEPOSIT] Robot 14 deposited! Total: 24
  [PHERO] Laid at (1.12, 0.39) density=5 prob=0.92 total_entries=24
  [TARGET] Robot 14 → PHERO (1.87,-1.03)
[PICKUP] Robot 12 picked up tag (density=2) | Total: 30
[PICKUP] Robot 10 picked up tag (density=14) | Total: 31
[DEPOSIT] Robot 11 deposited! Total: 25
  [PHERO] Laid at (1.09, 0.55) density=6 prob=0.97 total_entries=25
  [TARGET] Robot 11 → SITE (1.09,0.55)
[DEPOSIT] Robot 3 deposited! Total: 26
  [PHERO] Laid at (-1.08, 0.60) density=12 prob=1.00 total_entries=26
  [TARGET] Robot 3 → SITE (-1.08,0.60)
[DEPOSIT] Robot 6 deposited! Total: 27
  [PHERO] Laid at (1.11, 0.56) density=4 prob=0.82 total_entries=27
  [TARGET] Robot 6 → SITE (1.11,0.56)
[PICKUP] Robot 9 picked up tag (density=11) | Total: 32
[DEPOSIT] Robot 13 deposited! Total: 28
  [TARGET] Robot 13 → SITE (1.17,0.50)
[DEPOSIT] Robot 10 deposited! Total: 29
  [PHERO] Laid at (0.42, -0.88) density=14 prob=1.00 total_entries=28
  [TARGET] Robot 10 → SITE (0.42,-0.88)

======================================================================
Step 3500 (1.9 min) | Pickups: 32 | Deposits: 29 | Rate: 15.54 tags/min | phero_entries=28 phero_max=0.994
======================================================================
R1[T1][PHERO     ]: L=+1.00 R=+1.00 | carry=0 | base=0.56 ba=+0.09 | site=0 sd=0.00 sa=+0.00 | phero=1 pd=0.38 pa=+0.18 | srch=0.45 | wall=1.15
R2[T1][EXPLORE   ]: L=+1.00 R=+1.00 | carry=0 | base=0.54 ba=-0.88 | site=0 sd=0.00 sa=+0.00 | phero=0 pd=0.00 pa=+0.00 | srch=0.47 | wall=0.92
R3[T1][SITE      ]: L=+0.75 R=+0.77 | carry=0 | base=0.12 ba=-0.92 | site=1 sd=0.13 sa=+0.11 | phero=0 pd=0.00 pa=+0.00 | srch=0.06 | wall=3.01
R4[T1][EXPLORE   ]: L=+1.00 R=+0.33 | carry=0 | base=0.62 ba=-0.63 | site=0 sd=0.00 sa=+0.00 | phero=0 pd=0.00 pa=+0.00 | srch=0.41 | wall=0.43
R5[T2][WALL_ESC  ]: L=+0.00 R=+1.00 | carry=0 | base=0.89 ba=+0.76 | site=0 sd=0.00 sa=+0.00 | phero=0 pd=0.00 pa=+0.00 | srch=0.34 | wall=0.33
R6[T2][SITE      ]: L=+1.00 R=+1.00 | carry=0 | base=0.12 ba=+1.00 | site=1 sd=0.15 sa=+0.21 | phero=0 pd=0.00 pa=+0.00 | srch=0.05 | wall=2.92
R7[T2][RTB       ]: L=+1.00 R=+1.00 | carry=1 | base=0.11 ba=-0.00 | site=0 sd=0.00 sa=+0.00 | phero=0 pd=0.00 pa=+0.00 | srch=0.00 | wall=3.05
R8[T2][EXPLORE   ]: L=+1.00 R=+0.90 | carry=0 | base=0.31 ba=-0.60 | site=0 sd=0.00 sa=+0.00 | phero=0 pd=0.00 pa=+0.00 | srch=0.22 | wall=1.97
R9[T3][RTB       ]: L=+1.00 R=+0.71 | carry=1 | base=0.21 ba=-0.11 | site=0 sd=0.00 sa=+0.00 | phero=0 pd=0.00 pa=+0.00 | srch=0.00 | wall=2.50
R10[T3][BASE_ESC  ]: L=+1.00 R=+0.00 | carry=0 | base=0.05 ba=+0.07 | site=1 sd=0.15 sa=-0.99 | phero=0 pd=0.00 pa=+0.00 | srch=0.00 | wall=3.30
R11[T3][SITE      ]: L=-0.07 R=-0.35 | carry=0 | base=0.07 ba=+0.83 | site=1 sd=0.18 sa=-0.04 | phero=0 pd=0.00 pa=+0.00 | srch=0.06 | wall=3.15
R12[T3][RTB       ]: L=+1.00 R=+1.00 | carry=1 | base=0.11 ba=+0.00 | site=0 sd=0.00 sa=+0.00 | phero=0 pd=0.00 pa=+0.00 | srch=0.00 | wall=3.03
R13[T4][BASE_ESC  ]: L=+1.00 R=+0.00 | carry=0 | base=0.04 ba=+0.33 | site=1 sd=0.21 sa=-0.73 | phero=0 pd=0.00 pa=+0.00 | srch=0.01 | wall=3.31
R14[T4][PHERO     ]: L=+1.00 R=+1.00 | carry=0 | base=0.20 ba=+0.98 | site=0 sd=0.00 sa=+0.00 | phero=1 pd=0.23 pa=-0.06 | srch=0.08 | wall=2.59
R15[T4][SITE      ]: L=+0.53 R=+0.54 | carry=0 | base=0.18 ba=-0.98 | site=1 sd=0.05 sa=+0.05 | phero=0 pd=0.00 pa=+0.00 | srch=0.17 | wall=2.67
R16[T4][SITE      ]: L=+1.00 R=+1.00 | carry=0 | base=0.22 ba=-0.98 | site=1 sd=0.17 sa=+0.09 | phero=0 pd=0.00 pa=+0.00 | srch=0.09 | wall=2.67

[DEPOSIT] Robot 7 deposited! Total: 30
  [PHERO] Laid at (1.67, -1.03) density=14 prob=1.00 total_entries=29
  [TARGET] Robot 7 → SITE (1.67,-1.03)
[DEPOSIT] Robot 12 deposited! Total: 31
  [PHERO] Laid at (1.17, 0.65) density=2 prob=0.42 total_entries=30
  [TARGET] Robot 12 → SITE (1.17,0.65)
[PICKUP] Robot 15 picked up tag (density=1) | Total: 33
[DEPOSIT] Robot 9 deposited! Total: 32
  [PHERO] Laid at (-1.08, 0.16) density=11 prob=1.00 total_entries=31
  [TARGET] Robot 9 → SITE (-1.08,0.16)
[PICKUP] Robot 3 picked up tag (density=10) | Total: 34
[PICKUP] Robot 16 picked up tag (density=13) | Total: 35
[PICKUP] Robot 10 picked up tag (density=13) | Total: 36

======================================================================
Step 4000 (2.1 min) | Pickups: 36 | Deposits: 32 | Rate: 15.00 tags/min | phero_entries=31 phero_max=0.627
======================================================================
R1[T1][PHERO     ]: L=+0.62 R=+1.00 | carry=0 | base=0.21 ba=-0.22 | site=0 sd=0.00 sa=+0.00 | phero=1 pd=0.14 pa=+0.19 | srch=0.58 | wall=2.54
R2[T1][EXPLORE   ]: L=+1.00 R=+1.00 | carry=0 | base=0.55 ba=-0.27 | site=0 sd=0.00 sa=+0.00 | phero=0 pd=0.00 pa=+0.00 | srch=0.60 | wall=1.17
R3[T1][RTB       ]: L=+1.00 R=+0.81 | carry=1 | base=0.16 ba=-0.08 | site=0 sd=0.00 sa=+0.00 | phero=0 pd=0.00 pa=+0.00 | srch=0.00 | wall=2.75
R4[T1][EXPLORE   ]: L=+1.00 R=+0.97 | carry=0 | base=0.32 ba=+0.18 | site=0 sd=0.00 sa=+0.00 | phero=0 pd=0.00 pa=+0.00 | srch=0.54 | wall=1.92
R5[T2][EXPLORE   ]: L=+1.00 R=+1.00 | carry=0 | base=0.58 ba=+0.03 | site=0 sd=0.00 sa=+0.00 | phero=0 pd=0.00 pa=+0.00 | srch=0.47 | wall=1.35
R6[T2][EXPLORE   ]: L=+1.00 R=+1.00 | carry=0 | base=0.34 ba=+0.73 | site=0 sd=0.00 sa=+0.00 | phero=0 pd=0.00 pa=+0.00 | srch=0.18 | wall=2.09
R7[T2][SITE      ]: L=+0.99 R=+0.98 | carry=0 | base=0.27 ba=-0.93 | site=1 sd=0.12 sa=-0.01 | phero=0 pd=0.00 pa=+0.00 | srch=0.10 | wall=2.29
R8[T2][EXPLORE   ]: L=+1.00 R=+0.71 | carry=0 | base=0.28 ba=+0.50 | site=0 sd=0.00 sa=+0.00 | phero=0 pd=0.00 pa=+0.00 | srch=0.35 | wall=2.43
R9[T3][SITE      ]: L=+1.00 R=+1.00 | carry=0 | base=0.15 ba=+0.96 | site=1 sd=0.09 sa=+0.22 | phero=0 pd=0.00 pa=+0.00 | srch=0.07 | wall=2.81
R10[T3][RTB       ]: L=+1.00 R=+0.32 | carry=1 | base=0.21 ba=-0.27 | site=0 sd=0.00 sa=+0.00 | phero=0 pd=0.00 pa=+0.00 | srch=0.00 | wall=2.52
R11[T3][SITE      ]: L=-0.12 R=-0.26 | carry=0 | base=0.20 ba=-0.92 | site=1 sd=0.05 sa=+0.03 | phero=0 pd=0.00 pa=+0.00 | srch=0.19 | wall=2.64
R12[T3][SITE      ]: L=+1.00 R=+1.00 | carry=0 | base=0.18 ba=-0.84 | site=1 sd=0.10 sa=+0.27 | phero=0 pd=0.00 pa=+0.00 | srch=0.10 | wall=2.69
R13[T4][EXPLORE   ]: L=+1.00 R=+1.00 | carry=0 | base=0.26 ba=-0.44 | site=0 sd=0.00 sa=+0.00 | phero=0 pd=0.00 pa=+0.00 | srch=0.13 | wall=2.27
R14[T4][EXPLORE   ]: L=+1.00 R=+1.00 | carry=0 | base=0.45 ba=-0.83 | site=0 sd=0.00 sa=+0.00 | phero=0 pd=0.00 pa=+0.00 | srch=0.21 | wall=1.56
R15[T4][RTB       ]: L=+1.00 R=+0.98 | carry=1 | base=0.18 ba=-0.01 | site=0 sd=0.00 sa=+0.00 | phero=0 pd=0.00 pa=+0.00 | srch=0.00 | wall=2.63
R16[T4][RTB       ]: L=+1.00 R=+1.00 | carry=1 | base=0.29 ba=+0.00 | site=0 sd=0.00 sa=+0.00 | phero=0 pd=0.00 pa=+0.00 | srch=0.00 | wall=2.45

[PICKUP] Robot 9 picked up tag (density=9) | Total: 37
[PICKUP] Robot 2 picked up tag (density=13) | Total: 38
[PICKUP] Robot 5 picked up tag (density=12) | Total: 39
[DEPOSIT] Robot 15 deposited! Total: 33
  [TARGET] Robot 15 → PHERO (-1.08,0.16)
[DEPOSIT] Robot 3 deposited! Total: 34
  [PHERO] Laid at (-1.17, 0.61) density=10 prob=1.00 total_entries=32
  [TARGET] Robot 3 → SITE (-1.17,0.61)
[PICKUP] Robot 7 picked up tag (density=12) | Total: 40
[DEPOSIT] Robot 10 deposited! Total: 35
  [PHERO] Laid at (0.41, -0.95) density=13 prob=1.00 total_entries=33
  [TARGET] Robot 10 → SITE (0.41,-0.95)
[DEPOSIT] Robot 16 deposited! Total: 36
  [PHERO] Laid at (1.34, 1.43) density=13 prob=1.00 total_entries=34
  [TARGET] Robot 16 → SITE (1.34,1.43)
[DEPOSIT] Robot 9 deposited! Total: 37
  [PHERO] Laid at (-0.92, 0.39) density=9 prob=1.00 total_entries=35
  [TARGET] Robot 9 → SITE (-0.92,0.39)

======================================================================
Step 4500 (2.4 min) | Pickups: 40 | Deposits: 37 | Rate: 15.42 tags/min | phero_entries=35 phero_max=0.854
======================================================================
R1[T1][PHERO     ]: L=+1.00 R=+1.00 | carry=0 | base=0.25 ba=+0.37 | site=0 sd=0.00 sa=+0.00 | phero=1 pd=0.08 pa=+0.68 | srch=0.70 | wall=2.60
R2[T1][RTB       ]: L=+1.00 R=+1.00 | carry=1 | base=0.20 ba=-0.00 | site=0 sd=0.00 sa=+0.00 | phero=0 pd=0.00 pa=+0.00 | srch=0.00 | wall=2.72
R3[T1][SITE      ]: L=+0.79 R=+0.79 | carry=0 | base=0.12 ba=+0.97 | site=1 sd=0.15 sa=+0.08 | phero=0 pd=0.00 pa=+0.00 | srch=0.08 | wall=3.03
R4[T1][EXPLORE   ]: L=+1.00 R=+1.00 | carry=0 | base=0.30 ba=+0.97 | site=0 sd=0.00 sa=+0.00 | phero=0 pd=0.00 pa=+0.00 | srch=0.66 | wall=2.44
R5[T2][RTB       ]: L=+1.00 R=+1.00 | carry=1 | base=0.19 ba=+0.00 | site=0 sd=0.00 sa=+0.00 | phero=0 pd=0.00 pa=+0.00 | srch=0.00 | wall=2.77
R6[T2][WALL_ESC  ]: L=+0.00 R=+1.00 | carry=0 | base=0.65 ba=+0.58 | site=0 sd=0.00 sa=+0.00 | phero=0 pd=0.00 pa=+0.00 | srch=0.30 | wall=0.33
R7[T2][RTB       ]: L=+1.00 R=+1.00 | carry=1 | base=0.25 ba=-0.00 | site=0 sd=0.00 sa=+0.00 | phero=0 pd=0.00 pa=+0.00 | srch=0.00 | wall=2.47
R8[T2][EXPLORE   ]: L=+1.00 R=+1.00 | carry=0 | base=0.47 ba=-0.73 | site=0 sd=0.00 sa=+0.00 | phero=0 pd=0.00 pa=+0.00 | srch=0.47 | wall=1.29
R9[T3][BASE_ESC  ]: L=+1.00 R=+0.26 | carry=0 | base=0.05 ba=+0.81 | site=1 sd=0.16 sa=-0.32 | phero=0 pd=0.00 pa=+0.00 | srch=0.02 | wall=3.27
R10[T3][SITE      ]: L=+1.00 R=+1.00 | carry=0 | base=0.16 ba=+0.90 | site=1 sd=0.06 sa=+0.11 | phero=0 pd=0.00 pa=+0.00 | srch=0.07 | wall=2.73
R11[T3][EXPLORE   ]: L=+1.00 R=+1.00 | carry=0 | base=0.33 ba=-0.98 | site=0 sd=0.00 sa=+0.00 | phero=0 pd=0.00 pa=+0.00 | srch=0.31 | wall=2.02
R12[T3][EXPLORE   ]: L=+1.00 R=+1.00 | carry=0 | base=0.32 ba=+0.70 | site=0 sd=0.00 sa=+0.00 | phero=0 pd=0.00 pa=+0.00 | srch=0.22 | wall=2.22
R13[T4][EXPLORE   ]: L=+1.00 R=+1.00 | carry=0 | base=0.41 ba=+0.74 | site=0 sd=0.00 sa=+0.00 | phero=0 pd=0.00 pa=+0.00 | srch=0.26 | wall=1.45
R14[T4][EXPLORE   ]: L=+1.00 R=+1.00 | carry=0 | base=0.45 ba=-0.19 | site=0 sd=0.00 sa=+0.00 | phero=0 pd=0.00 pa=+0.00 | srch=0.33 | wall=1.83
R15[T4][BASE_ESC  ]: L=+1.00 R=+0.16 | carry=0 | base=0.05 ba=+0.79 | site=0 sd=0.00 sa=+0.00 | phero=1 pd=0.27 pa=+0.69 | srch=0.08 | wall=3.27
R16[T4][SITE      ]: L=+1.00 R=+1.00 | carry=0 | base=0.10 ba=-0.94 | site=1 sd=0.30 sa=+0.00 | phero=0 pd=0.00 pa=+0.00 | srch=0.05 | wall=3.09

[PICKUP] Robot 10 picked up tag (density=12) | Total: 41
[PICKUP] Robot 8 picked up tag (density=15) | Total: 42
[GIVE-UP] R12 giving up after 1078 steps
[DEPOSIT] Robot 2 deposited! Total: 38
  [PHERO] Laid at (1.95, -1.50) density=13 prob=1.00 total_entries=36
  [TARGET] Robot 2 → SITE (1.95,-1.50)
[DEPOSIT] Robot 5 deposited! Total: 39
  [PHERO] Laid at (1.45, 1.73) density=12 prob=1.00 total_entries=37
  [TARGET] Robot 5 → SITE (1.45,1.73)
[DEPOSIT] Robot 7 deposited! Total: 40
  [PHERO] Laid at (1.69, -1.04) density=12 prob=1.00 total_entries=38
  [TARGET] Robot 7 → SITE (1.69,-1.04)
[PICKUP] Robot 9 picked up tag (density=8) | Total: 43
[PICKUP] Robot 11 picked up tag (density=15) | Total: 44
[PICKUP] Robot 3 picked up tag (density=7) | Total: 45
[GIVE-UP] R12 giving up after 1234 steps
[PICKUP] Robot 16 picked up tag (density=11) | Total: 46
[DEPOSIT] Robot 10 deposited! Total: 41
  [PHERO] Laid at (0.44, -0.99) density=12 prob=1.00 total_entries=38
  [TARGET] Robot 10 → SITE (0.44,-0.99)

======================================================================
Step 5000 (2.7 min) | Pickups: 46 | Deposits: 41 | Rate: 15.38 tags/min | phero_entries=38 phero_max=0.920
======================================================================
R1[T1][PHERO     ]: L=+0.92 R=+1.00 | carry=0 | base=0.13 ba=-0.02 | site=0 sd=0.00 sa=+0.00 | phero=1 pd=0.24 pa=+0.33 | srch=0.83 | wall=2.89
R2[T1][SITE      ]: L=+0.97 R=+1.00 | carry=0 | base=0.14 ba=-0.97 | site=1 sd=0.38 sa=+0.24 | phero=0 pd=0.00 pa=+0.00 | srch=0.08 | wall=2.86
R3[T1][RTB       ]: L=+1.00 R=+1.00 | carry=1 | base=0.20 ba=+0.00 | site=0 sd=0.00 sa=+0.00 | phero=0 pd=0.00 pa=+0.00 | srch=0.00 | wall=2.60
R4[T1][EXPLORE   ]: L=+1.00 R=+1.00 | carry=0 | base=0.69 ba=+0.98 | site=0 sd=0.00 sa=+0.00 | phero=0 pd=0.00 pa=+0.00 | srch=0.79 | wall=0.93
R5[T2][SITE      ]: L=+1.00 R=+1.00 | carry=0 | base=0.19 ba=+0.98 | site=1 sd=0.33 sa=-0.35 | phero=0 pd=0.00 pa=+0.00 | srch=0.07 | wall=2.58
R6[T2][EXPLORE   ]: L=+1.00 R=+1.00 | carry=0 | base=0.35 ba=+0.23 | site=0 sd=0.00 sa=+0.00 | phero=0 pd=0.00 pa=+0.00 | srch=0.43 | wall=1.80
R7[T2][SITE      ]: L=+0.32 R=+0.31 | carry=0 | base=0.08 ba=-0.96 | site=1 sd=0.32 sa=-0.03 | phero=0 pd=0.00 pa=+0.00 | srch=0.06 | wall=3.12
R8[T2][RTB       ]: L=+1.00 R=+1.00 | carry=1 | base=0.37 ba=-0.00 | site=0 sd=0.00 sa=+0.00 | phero=0 pd=0.00 pa=+0.00 | srch=0.00 | wall=1.67
R9[T3][RTB       ]: L=+1.00 R=+1.00 | carry=1 | base=0.12 ba=-0.00 | site=0 sd=0.00 sa=+0.00 | phero=0 pd=0.00 pa=+0.00 | srch=0.00 | wall=2.97
R10[T3][BASE_ESC  ]: L=+1.00 R=+0.00 | carry=0 | base=0.04 ba=+0.48 | site=1 sd=0.18 sa=-0.58 | phero=0 pd=0.00 pa=+0.00 | srch=0.01 | wall=3.32
R11[T3][RTB       ]: L=+0.99 R=+1.00 | carry=1 | base=0.52 ba=+0.00 | site=0 sd=0.00 sa=+0.00 | phero=0 pd=0.00 pa=+0.00 | srch=0.00 | wall=1.24
R12[T3][GIVE_UP   ]: L=+1.00 R=+1.00 | carry=0 | base=0.24 ba=+0.00 | site=0 sd=0.00 sa=+0.00 | phero=0 pd=0.00 pa=+0.00 | srch=0.35 | wall=2.36
R13[T4][EXPLORE   ]: L=+1.00 R=+1.00 | carry=0 | base=0.65 ba=+0.28 | site=0 sd=0.00 sa=+0.00 | phero=0 pd=0.00 pa=+0.00 | srch=0.38 | wall=0.43
R14[T4][EXPLORE   ]: L=+1.00 R=+1.00 | carry=0 | base=0.26 ba=-0.53 | site=0 sd=0.00 sa=+0.00 | phero=0 pd=0.00 pa=+0.00 | srch=0.46 | wall=2.27
R15[T4][PHERO     ]: L=+0.65 R=+0.65 | carry=0 | base=0.10 ba=+0.66 | site=0 sd=0.00 sa=+0.00 | phero=1 pd=0.15 pa=+0.02 | srch=0.20 | wall=3.12
R16[T4][RTB       ]: L=+0.36 R=+1.00 | carry=1 | base=0.41 ba=+0.26 | site=0 sd=0.00 sa=+0.00 | phero=0 pd=0.00 pa=+0.00 | srch=0.00 | wall=1.99

[PICKUP] Robot 6 picked up tag (density=16) | Total: 47
[DEPOSIT] Robot 9 deposited! Total: 42
  [PHERO] Laid at (-1.01, 0.44) density=8 prob=1.00 total_entries=38
  [TARGET] Robot 9 → SITE (-1.01,0.44)
[PICKUP] Robot 2 picked up tag (density=11) | Total: 48
[PICKUP] Robot 13 picked up tag (density=14) | Total: 49
[DEPOSIT] Robot 3 deposited! Total: 43
  [PHERO] Laid at (-1.22, 0.61) density=7 prob=0.99 total_entries=39
  [TARGET] Robot 3 → SITE (-1.22,0.61)
[EMPTY_RTN] R12 → phero(1.69,-1.04)
[PICKUP] Robot 10 picked up tag (density=10) | Total: 50
[DEPOSIT] Robot 8 deposited! Total: 44
  [PHERO] Laid at (0.33, -2.76) density=15 prob=1.00 total_entries=39
  [TARGET] Robot 8 → SITE (0.33,-2.76)
[DEPOSIT] Robot 6 deposited! Total: 45
  [PHERO] Laid at (-0.45, 1.61) density=16 prob=1.00 total_entries=40
  [TARGET] Robot 6 → SITE (-0.45,1.61)
[DEPOSIT] Robot 2 deposited! Total: 46
  [PHERO] Laid at (0.45, -1.00) density=11 prob=1.00 total_entries=40
  [TARGET] Robot 2 → SITE (0.45,-1.00)
[DEPOSIT] Robot 16 deposited! Total: 47
  [PHERO] Laid at (1.37, 1.47) density=11 prob=1.00 total_entries=41
  [TARGET] Robot 16 → SITE (1.37,1.47)

======================================================================
Step 5500 (2.9 min) | Pickups: 50 | Deposits: 47 | Rate: 16.02 tags/min | phero_entries=41 phero_max=0.961
======================================================================
R1[T1][EXPLORE   ]: L=+1.00 R=+1.00 | carry=0 | base=0.30 ba=-0.94 | site=0 sd=0.00 sa=+0.00 | phero=0 pd=0.00 pa=+0.00 | srch=0.95 | wall=2.16
R2[T1][BASE_ESC  ]: L=+1.00 R=+0.00 | carry=0 | base=0.04 ba=+0.47 | site=1 sd=0.18 sa=-0.61 | phero=0 pd=0.00 pa=+0.00 | srch=0.01 | wall=3.32
R3[T1][SITE      ]: L=+1.00 R=+1.00 | carry=0 | base=0.17 ba=-0.97 | site=1 sd=0.10 sa=+0.03 | phero=0 pd=0.00 pa=+0.00 | srch=0.08 | wall=2.73
R4[T1][EXPLORE   ]: L=+0.72 R=+0.77 | carry=0 | base=0.77 ba=+0.07 | site=0 sd=0.00 sa=+0.00 | phero=0 pd=0.00 pa=+0.00 | srch=0.91 | wall=0.39
R5[T2][SITE      ]: L=+1.00 R=+0.94 | carry=0 | base=0.46 ba=-0.48 | site=1 sd=0.16 sa=-0.05 | phero=0 pd=0.00 pa=+0.00 | srch=0.20 | wall=1.34
R6[T2][BASE_ESC  ]: L=+1.00 R=+0.00 | carry=0 | base=0.05 ba=+0.72 | site=1 sd=0.29 sa=-0.36 | phero=0 pd=0.00 pa=+0.00 | srch=0.02 | wall=3.30
R7[T2][SITE      ]: L=+0.90 R=+0.83 | carry=0 | base=0.26 ba=-0.91 | site=1 sd=0.15 sa=-0.05 | phero=0 pd=0.00 pa=+0.00 | srch=0.18 | wall=2.32
R8[T2][BASE_ESC  ]: L=+0.00 R=+1.00 | carry=0 | base=0.05 ba=-0.73 | site=1 sd=0.52 sa=+0.35 | phero=0 pd=0.00 pa=+0.00 | srch=0.02 | wall=3.28
R9[T3][EXPLORE   ]: L=+0.30 R=+1.00 | carry=0 | base=0.22 ba=-0.89 | site=0 sd=0.00 sa=+0.00 | phero=0 pd=0.00 pa=+0.00 | srch=0.10 | wall=2.51
R10[T3][RTB       ]: L=+1.00 R=+1.00 | carry=1 | base=0.13 ba=-0.00 | site=0 sd=0.00 sa=+0.00 | phero=0 pd=0.00 pa=+0.00 | srch=0.00 | wall=2.93
R11[T3][RTB       ]: L=+1.00 R=+1.00 | carry=1 | base=0.14 ba=+0.00 | site=0 sd=0.00 sa=+0.00 | phero=0 pd=0.00 pa=+0.00 | srch=0.00 | wall=2.89
R12[T3][BASE_ESC  ]: L=+0.00 R=+1.00 | carry=0 | base=0.05 ba=-0.70 | site=0 sd=0.00 sa=+0.00 | phero=1 pd=0.42 pa=-0.35 | srch=0.06 | wall=3.26
R13[T4][RTB       ]: L=+1.00 R=+1.00 | carry=1 | base=0.32 ba=+0.00 | site=0 sd=0.00 sa=+0.00 | phero=0 pd=0.00 pa=+0.00 | srch=0.00 | wall=2.08
R14[T4][EXPLORE   ]: L=+1.00 R=+1.00 | carry=0 | base=0.55 ba=-0.97 | site=0 sd=0.00 sa=+0.00 | phero=0 pd=0.00 pa=+0.00 | srch=0.58 | wall=1.43
R15[T4][EXPLORE   ]: L=+1.00 R=+1.00 | carry=0 | base=0.38 ba=+0.88 | site=0 sd=0.00 sa=+0.00 | phero=0 pd=0.00 pa=+0.00 | srch=0.33 | wall=1.61
R16[T4][BASE_ESC  ]: L=+1.00 R=+0.00 | carry=0 | base=0.05 ba=+0.25 | site=1 sd=0.36 sa=-0.78 | phero=0 pd=0.00 pa=+0.00 | srch=0.01 | wall=3.32

[PICKUP] Robot 9 picked up tag (density=6) | Total: 51
[PICKUP] Robot 4 picked up tag (density=16) | Total: 52
[DEPOSIT] Robot 10 deposited! Total: 48
  [PHERO] Laid at (0.64, -0.84) density=10 prob=1.00 total_entries=42
  [TARGET] Robot 10 → SITE (0.64,-0.84)
[DEPOSIT] Robot 11 deposited! Total: 49
  [PHERO] Laid at (2.55, 1.23) density=15 prob=1.00 total_entries=43
  [TARGET] Robot 11 → SITE (2.55,1.23)
[PICKUP] Robot 14 picked up tag (density=16) | Total: 53
[PICKUP] Robot 7 picked up tag (density=11) | Total: 54
[PICKUP] Robot 6 picked up tag (density=15) | Total: 55
[DEPOSIT] Robot 13 deposited! Total: 50
  [PHERO] Laid at (2.64, 1.29) density=14 prob=1.00 total_entries=41
  [TARGET] Robot 13 → SITE (2.64,1.29)
[PICKUP] Robot 2 picked up tag (density=9) | Total: 56
[DEPOSIT] Robot 9 deposited! Total: 51
  [PHERO] Laid at (-1.05, 0.42) density=6 prob=0.97 total_entries=42
  [TARGET] Robot 9 → SITE (-1.05,0.42)
[PICKUP] Robot 5 picked up tag (density=13) | Total: 57

======================================================================
Step 6000 (3.2 min) | Pickups: 57 | Deposits: 51 | Rate: 15.94 tags/min | phero_entries=42 phero_max=0.832
======================================================================
R1[T1][WALL_ESC  ]: L=+1.00 R=+0.00 | carry=0 | base=0.67 ba=-0.83 | site=0 sd=0.00 sa=+0.00 | phero=0 pd=0.00 pa=+0.00 | srch=1.00 | wall=0.33
R2[T1][RTB       ]: L=+0.73 R=+1.00 | carry=1 | base=0.21 ba=+0.10 | site=0 sd=0.00 sa=+0.00 | phero=0 pd=0.00 pa=+0.00 | srch=0.00 | wall=2.57
R3[T1][EXPLORE   ]: L=+0.91 R=+1.00 | carry=0 | base=0.52 ba=+0.67 | site=0 sd=0.00 sa=+0.00 | phero=0 pd=0.00 pa=+0.00 | srch=0.20 | wall=1.05
R4[T1][RTB       ]: L=+1.00 R=+1.00 | carry=1 | base=0.41 ba=+0.00 | site=0 sd=0.00 sa=+0.00 | phero=0 pd=0.00 pa=+0.00 | srch=0.00 | wall=1.79
R5[T2][RTB       ]: L=+1.00 R=+0.17 | carry=1 | base=0.55 ba=-0.32 | site=0 sd=0.00 sa=+0.00 | phero=0 pd=0.00 pa=+0.00 | srch=0.00 | wall=1.19
R6[T2][RTB       ]: L=+1.00 R=+1.00 | carry=1 | base=0.19 ba=-0.00 | site=0 sd=0.00 sa=+0.00 | phero=0 pd=0.00 pa=+0.00 | srch=0.00 | wall=2.65
R7[T2][RTB       ]: L=+1.00 R=+1.00 | carry=1 | base=0.31 ba=-0.00 | site=0 sd=0.00 sa=+0.00 | phero=0 pd=0.00 pa=+0.00 | srch=0.00 | wall=2.26
R8[T2][SITE      ]: L=+1.00 R=+1.00 | carry=0 | base=0.41 ba=+0.94 | site=1 sd=0.17 sa=+0.09 | phero=0 pd=0.00 pa=+0.00 | srch=0.15 | wall=1.49
R9[T3][SITE      ]: L=+1.00 R=+0.41 | carry=0 | base=0.05 ba=+0.93 | site=1 sd=0.18 sa=-0.22 | phero=0 pd=0.00 pa=+0.00 | srch=0.03 | wall=3.24
R10[T3][EXPLORE   ]: L=+1.00 R=+1.00 | carry=0 | base=0.22 ba=-0.75 | site=0 sd=0.00 sa=+0.00 | phero=0 pd=0.00 pa=+0.00 | srch=0.10 | wall=2.68
R11[T3][SITE      ]: L=+0.77 R=+0.32 | carry=0 | base=0.22 ba=-0.95 | site=1 sd=0.35 sa=-0.05 | phero=0 pd=0.00 pa=+0.00 | srch=0.10 | wall=2.60
R12[T3][PHERO     ]: L=+1.00 R=+0.95 | carry=0 | base=0.15 ba=-0.44 | site=0 sd=0.00 sa=+0.00 | phero=1 pd=0.32 pa=+0.19 | srch=0.19 | wall=2.78
R13[T4][SITE      ]: L=+1.00 R=+1.00 | carry=0 | base=0.07 ba=+0.92 | site=1 sd=0.53 sa=-0.22 | phero=0 pd=0.00 pa=+0.00 | srch=0.03 | wall=3.24
R14[T4][RTB       ]: L=+1.00 R=+1.00 | carry=1 | base=0.61 ba=-0.00 | site=0 sd=0.00 sa=+0.00 | phero=0 pd=0.00 pa=+0.00 | srch=0.00 | wall=1.32
R15[T4][EXPLORE   ]: L=+0.88 R=+1.00 | carry=0 | base=0.63 ba=+0.08 | site=0 sd=0.00 sa=+0.00 | phero=0 pd=0.00 pa=+0.00 | srch=0.45 | wall=0.49
R16[T4][SITE      ]: L=+1.00 R=+1.00 | carry=0 | base=0.26 ba=+0.93 | site=1 sd=0.14 sa=+0.02 | phero=0 pd=0.00 pa=+0.00 | srch=0.13 | wall=2.52

[PICKUP] Robot 10 picked up tag (density=8) | Total: 58
[DEPOSIT] Robot 6 deposited! Total: 52
  [PHERO] Laid at (-0.61, 1.11) density=15 prob=1.00 total_entries=40
  [TARGET] Robot 6 → SITE (-0.61,1.11)
[PICKUP] Robot 8 picked up tag (density=14) | Total: 59
[DEPOSIT] Robot 2 deposited! Total: 53
  [PHERO] Laid at (0.43, -1.02) density=9 prob=1.00 total_entries=41
  [TARGET] Robot 2 → SITE (0.43,-1.02)
[PICKUP] Robot 9 picked up tag (density=5) | Total: 60
[DEPOSIT] Robot 7 deposited! Total: 54
  [PHERO] Laid at (1.75, -1.11) density=11 prob=1.00 total_entries=41
  [TARGET] Robot 7 → SITE (1.75,-1.11)
[DEPOSIT] Robot 10 deposited! Total: 55
  [PHERO] Laid at (0.68, -0.92) density=8 prob=1.00 total_entries=41
  [TARGET] Robot 10 → SITE (0.68,-0.92)

======================================================================
Step 6500 (3.5 min) | Pickups: 60 | Deposits: 55 | Rate: 15.87 tags/min | phero_entries=39 phero_max=0.817
======================================================================
R1[T1][EXPLORE   ]: L=+1.00 R=+1.00 | carry=0 | base=0.38 ba=-0.12 | site=0 sd=0.00 sa=+0.00 | phero=0 pd=0.00 pa=+0.00 | srch=1.00 | wall=1.63
R2[T1][SITE      ]: L=+1.00 R=+1.00 | carry=0 | base=0.14 ba=-0.93 | site=1 sd=0.08 sa=+0.07 | phero=0 pd=0.00 pa=+0.00 | srch=0.07 | wall=2.87
R3[T1][EXPLORE   ]: L=+0.91 R=+1.00 | carry=0 | base=0.54 ba=+0.50 | site=0 sd=0.00 sa=+0.00 | phero=0 pd=0.00 pa=+0.00 | srch=0.33 | wall=1.02
R4[T1][RTB       ]: L=+1.00 R=+1.00 | carry=1 | base=0.06 ba=-0.00 | site=0 sd=0.00 sa=+0.00 | phero=0 pd=0.00 pa=+0.00 | srch=0.00 | wall=3.23
R5[T2][RTB       ]: L=+1.00 R=+1.00 | carry=1 | base=0.18 ba=-0.00 | site=0 sd=0.00 sa=+0.00 | phero=0 pd=0.00 pa=+0.00 | srch=0.00 | wall=2.73
R6[T2][SITE      ]: L=+1.00 R=+1.00 | carry=0 | base=0.20 ba=+0.90 | site=1 sd=0.06 sa=+0.02 | phero=0 pd=0.00 pa=+0.00 | srch=0.08 | wall=2.61
R7[T2][SITE      ]: L=+0.27 R=+0.27 | carry=0 | base=0.07 ba=-0.97 | site=1 sd=0.35 sa=-0.05 | phero=0 pd=0.00 pa=+0.00 | srch=0.04 | wall=3.18
R8[T2][RTB       ]: L=+1.00 R=+1.00 | carry=1 | base=0.38 ba=+0.00 | site=0 sd=0.00 sa=+0.00 | phero=0 pd=0.00 pa=+0.00 | srch=0.00 | wall=1.63
R9[T3][RTB       ]: L=+1.00 R=+1.00 | carry=1 | base=0.19 ba=-0.00 | site=0 sd=0.00 sa=+0.00 | phero=0 pd=0.00 pa=+0.00 | srch=0.00 | wall=2.67
R10[T3][SITE      ]: L=+1.00 R=+1.00 | carry=0 | base=0.06 ba=+0.90 | site=1 sd=0.17 sa=-0.15 | phero=0 pd=0.00 pa=+0.00 | srch=0.03 | wall=3.27
R11[T3][SITE      ]: L=+1.00 R=+0.97 | carry=0 | base=0.50 ba=-0.87 | site=1 sd=0.09 sa=-0.05 | phero=0 pd=0.00 pa=+0.00 | srch=0.22 | wall=1.37
R12[T3][PHERO     ]: L=+0.45 R=+0.45 | carry=0 | base=0.35 ba=+0.77 | site=0 sd=0.00 sa=+0.00 | phero=1 pd=0.07 pa=+0.04 | srch=0.31 | wall=2.15
R13[T4][SITE      ]: L=+1.00 R=+0.55 | carry=0 | base=0.41 ba=-0.97 | site=1 sd=0.37 sa=-0.42 | phero=0 pd=0.00 pa=+0.00 | srch=0.16 | wall=1.65
R14[T4][RTB       ]: L=+1.00 R=+1.00 | carry=1 | base=0.22 ba=-0.00 | site=0 sd=0.00 sa=+0.00 | phero=0 pd=0.00 pa=+0.00 | srch=0.00 | wall=2.71
R15[T4][EXPLORE   ]: L=+1.00 R=+1.00 | carry=0 | base=0.25 ba=-0.09 | site=0 sd=0.00 sa=+0.00 | phero=0 pd=0.00 pa=+0.00 | srch=0.58 | wall=2.27
R16[T4][EXPLORE   ]: L=+1.00 R=+1.00 | carry=0 | base=0.65 ba=+0.97 | site=0 sd=0.00 sa=+0.00 | phero=0 pd=0.00 pa=+0.00 | srch=0.26 | wall=1.07

[DEPOSIT] Robot 4 deposited! Total: 56
  [PHERO] Laid at (1.95, 2.98) density=16 prob=1.00 total_entries=40
  [TARGET] Robot 4 → SITE (1.95,2.98)
[PICKUP] Robot 11 picked up tag (density=12) | Total: 61
[PICKUP] Robot 3 picked up tag (density=16) | Total: 62
[PICKUP] Robot 12 picked up tag (density=10) | Total: 63
[PICKUP] Robot 6 picked up tag (density=14) | Total: 64
[DEPOSIT] Robot 5 deposited! Total: 57
  [PHERO] Laid at (2.29, 1.46) density=13 prob=1.00 total_entries=39
  [TARGET] Robot 5 → SITE (2.29,1.46)
[PICKUP] Robot 2 picked up tag (density=7) | Total: 65
[DEPOSIT] Robot 9 deposited! Total: 58
  [PHERO] Laid at (-1.18, 0.55) density=5 prob=0.92 total_entries=40
  [TARGET] Robot 9 → SITE (-1.18,0.55)
[DEPOSIT] Robot 14 deposited! Total: 59
  [PHERO] Laid at (-2.40, -2.69) density=16 prob=1.00 total_entries=41
  [TARGET] Robot 14 → SITE (-2.40,-2.69)
[PICKUP] Robot 10 picked up tag (density=6) | Total: 66
[DEPOSIT] Robot 8 deposited! Total: 60
  [PHERO] Laid at (0.08, -2.69) density=14 prob=1.00 total_entries=40
  [TARGET] Robot 8 → SITE (0.08,-2.69)
[DEPOSIT] Robot 6 deposited! Total: 61
  [PHERO] Laid at (-0.59, 1.11) density=14 prob=1.00 total_entries=41
  [TARGET] Robot 6 → SITE (-0.59,1.11)
[PICKUP] Robot 1 picked up tag (density=9) | Total: 67
[PICKUP] Robot 13 picked up tag (density=11) | Total: 68
[DEPOSIT] Robot 2 deposited! Total: 62
  [PHERO] Laid at (0.43, -1.07) density=7 prob=0.99 total_entries=42
  [TARGET] Robot 2 → SITE (0.43,-1.07)

======================================================================
Step 7000 (3.7 min) | Pickups: 68 | Deposits: 62 | Rate: 16.61 tags/min | phero_entries=42 phero_max=0.995
======================================================================
R1[T1][RTB       ]: L=+1.00 R=+0.00 | carry=1 | base=0.39 ba=-0.42 | site=0 sd=0.00 sa=+0.00 | phero=0 pd=0.00 pa=+0.00 | srch=0.00 | wall=2.06
R2[T1][BASE_ESC  ]: L=+1.00 R=+0.00 | carry=0 | base=0.05 ba=+0.05 | site=1 sd=0.18 sa=-0.99 | phero=0 pd=0.00 pa=+0.00 | srch=0.00 | wall=3.29
R3[T1][RTB       ]: L=+1.00 R=+1.00 | carry=1 | base=0.22 ba=+0.00 | site=0 sd=0.00 sa=+0.00 | phero=0 pd=0.00 pa=+0.00 | srch=0.00 | wall=2.53
R4[T1][SITE      ]: L=+0.44 R=+1.00 | carry=0 | base=0.34 ba=+0.99 | site=1 sd=0.45 sa=+0.26 | phero=0 pd=0.00 pa=+0.00 | srch=0.12 | wall=2.05
R5[T2][SITE      ]: L=+1.00 R=+0.95 | carry=0 | base=0.21 ba=-0.79 | site=1 sd=0.37 sa=-0.00 | phero=0 pd=0.00 pa=+0.00 | srch=0.08 | wall=2.65
R6[T2][BASE_ESC  ]: L=+1.00 R=+0.00 | carry=0 | base=0.04 ba=+0.44 | site=1 sd=0.21 sa=-0.63 | phero=0 pd=0.00 pa=+0.00 | srch=0.01 | wall=3.33
R7[T2][SITE      ]: L=+0.97 R=+1.00 | carry=0 | base=0.18 ba=-0.92 | site=1 sd=0.24 sa=+0.01 | phero=0 pd=0.00 pa=+0.00 | srch=0.17 | wall=2.71
R8[T2][BASE_ESC  ]: L=+1.00 R=+0.00 | carry=0 | base=0.04 ba=+0.59 | site=1 sd=0.50 sa=-0.47 | phero=0 pd=0.00 pa=+0.00 | srch=0.02 | wall=3.29
R9[T3][SITE      ]: L=+0.90 R=+1.00 | carry=0 | base=0.20 ba=+0.95 | site=1 sd=0.11 sa=+0.32 | phero=0 pd=0.00 pa=+0.00 | srch=0.08 | wall=2.77
R10[T3][RTB       ]: L=+1.00 R=+1.00 | carry=1 | base=0.12 ba=-0.00 | site=0 sd=0.00 sa=+0.00 | phero=0 pd=0.00 pa=+0.00 | srch=0.00 | wall=3.01
R11[T3][RTB       ]: L=+1.00 R=+1.00 | carry=1 | base=0.27 ba=-0.00 | site=0 sd=0.00 sa=+0.00 | phero=0 pd=0.00 pa=+0.00 | srch=0.00 | wall=2.31
R12[T3][RTB       ]: L=+1.00 R=+1.00 | carry=1 | base=0.11 ba=+0.00 | site=0 sd=0.00 sa=+0.00 | phero=0 pd=0.00 pa=+0.00 | srch=0.00 | wall=3.06
R13[T4][RTB       ]: L=+1.00 R=+0.37 | carry=1 | base=0.58 ba=-0.24 | site=0 sd=0.00 sa=+0.00 | phero=0 pd=0.00 pa=+0.00 | srch=0.00 | wall=1.17
R14[T4][SITE      ]: L=+1.00 R=+1.00 | carry=0 | base=0.18 ba=-0.98 | site=1 sd=0.57 sa=+0.21 | phero=0 pd=0.00 pa=+0.00 | srch=0.07 | wall=2.67
R15[T4][EXPLORE   ]: L=+1.00 R=+1.00 | carry=0 | base=0.17 ba=-0.85 | site=0 sd=0.00 sa=+0.00 | phero=0 pd=0.00 pa=+0.00 | srch=0.70 | wall=2.89
R16[T4][EXPLORE   ]: L=+1.00 R=+1.00 | carry=0 | base=0.71 ba=+0.03 | site=0 sd=0.00 sa=+0.00 | phero=0 pd=0.00 pa=+0.00 | srch=0.38 | wall=0.72

[DEPOSIT] Robot 12 deposited! Total: 63
  [PHERO] Laid at (1.48, -1.09) density=10 prob=1.00 total_entries=42
  [TARGET] Robot 12 → SITE (1.48,-1.09)
[DEPOSIT] Robot 10 deposited! Total: 64
  [PHERO] Laid at (0.69, -0.96) density=6 prob=0.97 total_entries=43
  [TARGET] Robot 10 → SITE (0.69,-0.96)
[PICKUP] Robot 9 picked up tag (density=4) | Total: 69
[DEPOSIT] Robot 3 deposited! Total: 65
  [PHERO] Laid at (-2.36, -1.22) density=16 prob=1.00 total_entries=42
  [TARGET] Robot 3 → SITE (-2.36,-1.22)
[DEPOSIT] Robot 11 deposited! Total: 66
  [PHERO] Laid at (2.34, 1.26) density=12 prob=1.00 total_entries=43
  [TARGET] Robot 11 → SITE (2.34,1.26)
[PICKUP] Robot 16 picked up tag (density=10) | Total: 70
[PICKUP] Robot 2 picked up tag (density=5) | Total: 71
[PICKUP] Robot 6 picked up tag (density=13) | Total: 72
[DEPOSIT] Robot 1 deposited! Total: 67
  [PHERO] Laid at (1.45, -1.22) density=9 prob=1.00 total_entries=42
  [TARGET] Robot 1 → SITE (1.45,-1.22)

======================================================================
Step 7500 (4.0 min) | Pickups: 72 | Deposits: 67 | Rate: 16.75 tags/min | phero_entries=41 phero_max=0.950
======================================================================
R1[T1][BASE_ESC  ]: L=+0.00 R=+1.00 | carry=0 | base=0.05 ba=-0.32 | site=1 sd=0.34 sa=+0.72 | phero=0 pd=0.00 pa=+0.00 | srch=0.01 | wall=3.34
R2[T1][RTB       ]: L=+1.00 R=+0.78 | carry=1 | base=0.22 ba=-0.08 | site=0 sd=0.00 sa=+0.00 | phero=0 pd=0.00 pa=+0.00 | srch=0.00 | wall=2.46
R3[T1][SITE      ]: L=+0.29 R=+0.32 | carry=0 | base=0.15 ba=-0.93 | site=1 sd=0.39 sa=+0.01 | phero=0 pd=0.00 pa=+0.00 | srch=0.07 | wall=2.90
R4[T1][SITE      ]: L=+1.00 R=+1.00 | carry=0 | base=0.65 ba=+0.94 | site=1 sd=0.08 sa=+0.16 | phero=0 pd=0.00 pa=+0.00 | srch=0.25 | wall=0.94
R5[T2][SITE      ]: L=+1.00 R=+1.00 | carry=0 | base=0.54 ba=+0.99 | site=1 sd=0.01 sa=+0.30 | phero=0 pd=0.00 pa=+0.00 | srch=0.21 | wall=1.21
R6[T2][RTB       ]: L=+1.00 R=+0.85 | carry=1 | base=0.24 ba=-0.06 | site=0 sd=0.00 sa=+0.00 | phero=0 pd=0.00 pa=+0.00 | srch=0.00 | wall=2.40
R7[T2][SITE      ]: L=+0.03 R=-0.14 | carry=0 | base=0.39 ba=-0.89 | site=1 sd=0.02 sa=+0.05 | phero=0 pd=0.00 pa=+0.00 | srch=0.29 | wall=1.84
R8[T2][SITE      ]: L=+1.00 R=+0.88 | carry=0 | base=0.38 ba=-0.93 | site=1 sd=0.17 sa=+0.15 | phero=0 pd=0.00 pa=+0.00 | srch=0.14 | wall=1.63
R9[T3][RTB       ]: L=+1.00 R=+1.00 | carry=1 | base=0.07 ba=+0.00 | site=0 sd=0.00 sa=+0.00 | phero=0 pd=0.00 pa=+0.00 | srch=0.00 | wall=3.17
R10[T3][EXPLORE   ]: L=+1.00 R=+1.00 | carry=0 | base=0.24 ba=+0.99 | site=0 sd=0.00 sa=+0.00 | phero=0 pd=0.00 pa=+0.00 | srch=0.10 | wall=2.53
R11[T3][SITE      ]: L=+0.89 R=+0.90 | carry=0 | base=0.12 ba=+0.96 | site=1 sd=0.42 sa=+0.04 | phero=0 pd=0.00 pa=+0.00 | srch=0.05 | wall=2.94
R12[T3][SITE      ]: L=+1.00 R=+1.00 | carry=0 | base=0.23 ba=-0.97 | site=1 sd=0.14 sa=+0.05 | phero=0 pd=0.00 pa=+0.00 | srch=0.11 | wall=2.59
R13[T4][RTB       ]: L=+1.00 R=+1.00 | carry=1 | base=0.23 ba=-0.00 | site=0 sd=0.00 sa=+0.00 | phero=0 pd=0.00 pa=+0.00 | srch=0.00 | wall=2.58
R14[T4][SITE      ]: L=+0.98 R=+1.00 | carry=0 | base=0.54 ba=+0.82 | site=1 sd=0.29 sa=+0.15 | phero=0 pd=0.00 pa=+0.00 | srch=0.19 | wall=1.15
R15[T4][EXPLORE   ]: L=+0.29 R=+1.00 | carry=0 | base=0.42 ba=+0.16 | site=0 sd=0.00 sa=+0.00 | phero=0 pd=0.00 pa=+0.00 | srch=0.83 | wall=1.91
R16[T4][RTB       ]: L=+1.00 R=+1.00 | carry=1 | base=0.33 ba=+0.00 | site=0 sd=0.00 sa=+0.00 | phero=0 pd=0.00 pa=+0.00 | srch=0.00 | wall=2.16

[PICKUP] Robot 14 picked up tag (density=15) | Total: 73
[PICKUP] Robot 5 picked up tag (density=10) | Total: 74
[PICKUP] Robot 10 picked up tag (density=4) | Total: 75
[DEPOSIT] Robot 9 deposited! Total: 68
  [PHERO] Laid at (-1.18, 0.53) density=4 prob=0.82 total_entries=42
  [TARGET] Robot 9 → SITE (-1.18,0.53)
[PICKUP] Robot 7 picked up tag (density=8) | Total: 76
[GIVE-UP] R15 giving up after 3499 steps
[PICKUP] Robot 4 picked up tag (density=15) | Total: 77
[PICKUP] Robot 12 picked up tag (density=7) | Total: 78
[DEPOSIT] Robot 13 deposited! Total: 69
  [PHERO] Laid at (2.33, 1.71) density=11 prob=1.00 total_entries=40
  [TARGET] Robot 13 → SITE (2.33,1.71)
[DEPOSIT] Robot 2 deposited! Total: 70
  [PHERO] Laid at (0.43, -1.09) density=5 prob=0.92 total_entries=41
  [TARGET] Robot 2 → SITE (0.43,-1.09)
[DEPOSIT] Robot 6 deposited! Total: 71
  [PHERO] Laid at (-0.58, 1.17) density=13 prob=1.00 total_entries=42
  [TARGET] Robot 6 → SITE (-0.58,1.17)
[PICKUP] Robot 8 picked up tag (density=13) | Total: 79
[DEPOSIT] Robot 16 deposited! Total: 72
  [PHERO] Laid at (1.25, 1.84) density=10 prob=1.00 total_entries=42
  [TARGET] Robot 16 → SITE (1.25,1.84)
[DEPOSIT] Robot 10 deposited! Total: 73
  [TARGET] Robot 10 → SITE (0.73,-1.01)

======================================================================
Step 8000 (4.3 min) | Pickups: 79 | Deposits: 73 | Rate: 17.11 tags/min | phero_entries=40 phero_max=0.793
======================================================================
R1[T1][SITE      ]: L=+0.93 R=+1.00 | carry=0 | base=0.36 ba=+0.82 | site=1 sd=0.17 sa=+0.35 | phero=0 pd=0.00 pa=+0.00 | srch=0.13 | wall=1.87
R2[T1][SITE      ]: L=+0.92 R=+1.00 | carry=0 | base=0.17 ba=+0.92 | site=1 sd=0.11 sa=+0.27 | phero=0 pd=0.00 pa=+0.00 | srch=0.07 | wall=2.67
R3[T1][SITE      ]: L=-0.21 R=-0.21 | carry=0 | base=0.21 ba=-0.96 | site=1 sd=0.33 sa=-0.02 | phero=0 pd=0.00 pa=+0.00 | srch=0.19 | wall=2.65
R4[T1][RTB       ]: L=+1.00 R=+1.00 | carry=1 | base=0.51 ba=+0.00 | site=0 sd=0.00 sa=+0.00 | phero=0 pd=0.00 pa=+0.00 | srch=0.00 | wall=1.36
R5[T2][RTB       ]: L=+1.00 R=+1.00 | carry=1 | base=0.26 ba=+0.00 | site=0 sd=0.00 sa=+0.00 | phero=0 pd=0.00 pa=+0.00 | srch=0.00 | wall=2.41
R6[T2][SITE      ]: L=+0.95 R=+1.00 | carry=0 | base=0.15 ba=+0.92 | site=1 sd=0.12 sa=+0.09 | phero=0 pd=0.00 pa=+0.00 | srch=0.06 | wall=2.78
R7[T2][RTB       ]: L=+1.00 R=+1.00 | carry=1 | base=0.18 ba=-0.00 | site=0 sd=0.00 sa=+0.00 | phero=0 pd=0.00 pa=+0.00 | srch=0.00 | wall=2.79
R8[T2][RTB       ]: L=+1.00 R=+1.00 | carry=1 | base=0.42 ba=+0.00 | site=0 sd=0.00 sa=+0.00 | phero=0 pd=0.00 pa=+0.00 | srch=0.00 | wall=1.40
R9[T3][SITE      ]: L=+1.00 R=+1.00 | carry=0 | base=0.26 ba=-0.58 | site=1 sd=0.08 sa=-0.11 | phero=0 pd=0.00 pa=+0.00 | srch=0.12 | wall=2.24
R10[T3][BASE_ESC  ]: L=+1.00 R=+0.42 | carry=0 | base=0.05 ba=+0.87 | site=1 sd=0.21 sa=-0.26 | phero=0 pd=0.00 pa=+0.00 | srch=0.03 | wall=3.30
R11[T3][SITE      ]: L=+0.57 R=+0.53 | carry=0 | base=0.36 ba=+0.96 | site=1 sd=0.18 sa=-0.11 | phero=0 pd=0.00 pa=+0.00 | srch=0.18 | wall=1.98
R12[T3][RTB       ]: L=+1.00 R=+1.00 | carry=1 | base=0.25 ba=+0.00 | site=0 sd=0.00 sa=+0.00 | phero=0 pd=0.00 pa=+0.00 | srch=0.00 | wall=2.49
R13[T4][SITE      ]: L=+1.00 R=+1.00 | carry=0 | base=0.17 ba=+0.99 | site=1 sd=0.42 sa=+0.13 | phero=0 pd=0.00 pa=+0.00 | srch=0.07 | wall=2.69
R14[T4][RTB       ]: L=+1.00 R=+1.00 | carry=1 | base=0.23 ba=+0.00 | site=0 sd=0.00 sa=+0.00 | phero=0 pd=0.00 pa=+0.00 | srch=0.00 | wall=2.51
R15[T4][GIVE_UP   ]: L=+1.00 R=+1.00 | carry=0 | base=0.25 ba=+0.00 | site=0 sd=0.00 sa=+0.00 | phero=0 pd=0.00 pa=+0.00 | srch=0.95 | wall=2.60
R16[T4][SITE      ]: L=+1.00 R=+0.96 | carry=0 | base=0.07 ba=-0.97 | site=1 sd=0.38 sa=-0.07 | phero=0 pd=0.00 pa=+0.00 | srch=0.04 | wall=3.16

[PICKUP] Robot 9 picked up tag (density=3) | Total: 80
[PICKUP] Robot 6 picked up tag (density=12) | Total: 81
[PICKUP] Robot 2 picked up tag (density=3) | Total: 82
[DEPOSIT] Robot 7 deposited! Total: 74
  [PHERO] Laid at (1.76, -1.13) density=8 prob=1.00 total_entries=40
  [TARGET] Robot 7 → SITE (1.76,-1.13)
[DEPOSIT] Robot 14 deposited! Total: 75
  [PHERO] Laid at (-2.36, -1.28) density=15 prob=1.00 total_entries=41
  [TARGET] Robot 14 → SITE (-2.36,-1.28)
[EMPTY_RTN] R15 → phero(-2.36,-1.28)
[PICKUP] Robot 1 picked up tag (density=6) | Total: 83
[DEPOSIT] Robot 5 deposited! Total: 76
  [PHERO] Laid at (2.32, 1.43) density=10 prob=1.00 total_entries=42
  [TARGET] Robot 5 → SITE (2.32,1.43)
[DEPOSIT] Robot 12 deposited! Total: 77
  [PHERO] Laid at (1.50, -1.22) density=7 prob=0.99 total_entries=43
  [TARGET] Robot 12 → SITE (1.50,-1.22)
[DEPOSIT] Robot 9 deposited! Total: 78
  [PHERO] Laid at (-1.26, 0.17) density=3 prob=0.65 total_entries=44
  [TARGET] Robot 9 → SITE (-1.26,0.17)
[PICKUP] Robot 10 picked up tag (density=2) | Total: 84
[PICKUP] Robot 16 picked up tag (density=9) | Total: 85
[DEPOSIT] Robot 8 deposited! Total: 79
  [PHERO] Laid at (-0.15, -2.74) density=13 prob=1.00 total_entries=45
  [TARGET] Robot 8 → SITE (-0.15,-2.74)
[DEPOSIT] Robot 2 deposited! Total: 80
  [PHERO] Laid at (0.44, -1.16) density=3 prob=0.65 total_entries=46
  [TARGET] Robot 2 → SITE (0.44,-1.16)

======================================================================
Step 8500 (4.5 min) | Pickups: 85 | Deposits: 80 | Rate: 17.65 tags/min | phero_entries=46 phero_max=0.979
======================================================================
R1[T1][RTB       ]: L=+1.00 R=+1.00 | carry=1 | base=0.31 ba=+0.00 | site=0 sd=0.00 sa=+0.00 | phero=0 pd=0.00 pa=+0.00 | srch=0.00 | wall=2.35
R2[T1][BASE_ESC  ]: L=+1.00 R=+0.00 | carry=0 | base=0.05 ba=+0.17 | site=1 sd=0.20 sa=-0.87 | phero=0 pd=0.00 pa=+0.00 | srch=0.00 | wall=3.29
R3[T1][SITE      ]: L=+0.48 R=+0.97 | carry=0 | base=0.23 ba=-0.98 | site=1 sd=0.31 sa=-0.06 | phero=0 pd=0.00 pa=+0.00 | srch=0.32 | wall=2.58
R4[T1][RTB       ]: L=+1.00 R=+1.00 | carry=1 | base=0.13 ba=+0.00 | site=0 sd=0.00 sa=+0.00 | phero=0 pd=0.00 pa=+0.00 | srch=0.00 | wall=2.94
R5[T2][SITE      ]: L=+1.00 R=+1.00 | carry=0 | base=0.14 ba=-0.99 | site=1 sd=0.43 sa=+0.20 | phero=0 pd=0.00 pa=+0.00 | srch=0.06 | wall=2.82
R6[T2][RTB       ]: L=+1.00 R=+1.00 | carry=1 | base=0.08 ba=+0.00 | site=0 sd=0.00 sa=+0.00 | phero=0 pd=0.00 pa=+0.00 | srch=0.00 | wall=3.15
R7[T2][SITE      ]: L=+1.00 R=+0.72 | carry=0 | base=0.10 ba=+0.93 | site=1 sd=0.32 sa=-0.06 | phero=0 pd=0.00 pa=+0.00 | srch=0.08 | wall=3.09
R8[T2][BASE_ESC  ]: L=+1.00 R=+0.00 | carry=0 | base=0.05 ba=+0.19 | site=1 sd=0.51 sa=-0.83 | phero=0 pd=0.00 pa=+0.00 | srch=0.00 | wall=3.27
R9[T3][SITE      ]: L=+1.00 R=+1.00 | carry=0 | base=0.09 ba=+0.99 | site=1 sd=0.17 sa=+0.16 | phero=0 pd=0.00 pa=+0.00 | srch=0.04 | wall=3.10
R10[T3][RTB       ]: L=+1.00 R=+0.82 | carry=1 | base=0.25 ba=-0.07 | site=0 sd=0.00 sa=+0.00 | phero=0 pd=0.00 pa=+0.00 | srch=0.00 | wall=2.43
R11[T3][SITE      ]: L=-0.11 R=-0.12 | carry=0 | base=0.44 ba=-0.88 | site=1 sd=0.10 sa=+0.02 | phero=0 pd=0.00 pa=+0.00 | srch=0.30 | wall=1.63
R12[T3][SITE      ]: L=+1.00 R=+1.00 | carry=0 | base=0.09 ba=-0.81 | site=1 sd=0.30 sa=+0.10 | phero=0 pd=0.00 pa=+0.00 | srch=0.05 | wall=3.08
R13[T4][SITE      ]: L=+0.99 R=+1.00 | carry=0 | base=0.55 ba=+0.84 | site=1 sd=0.11 sa=+0.27 | phero=0 pd=0.00 pa=+0.00 | srch=0.19 | wall=1.05
R14[T4][SITE      ]: L=+0.99 R=+1.00 | carry=0 | base=0.15 ba=+0.96 | site=1 sd=0.39 sa=-0.05 | phero=0 pd=0.00 pa=+0.00 | srch=0.07 | wall=2.84
R15[T4][BASE_ESC  ]: L=+1.00 R=+0.00 | carry=0 | base=0.05 ba=+0.72 | site=0 sd=0.00 sa=+0.00 | phero=1 pd=0.58 pa=+0.50 | srch=0.06 | wall=3.27
R16[T4][RTB       ]: L=+1.00 R=+0.68 | carry=1 | base=0.34 ba=-0.12 | site=0 sd=0.00 sa=+0.00 | phero=0 pd=0.00 pa=+0.00 | srch=0.00 | wall=2.16

[DEPOSIT] Robot 6 deposited! Total: 81
  [PHERO] Laid at (-0.60, 1.18) density=12 prob=1.00 total_entries=46
  [TARGET] Robot 6 → SITE (-0.60,1.18)
[PICKUP] Robot 13 picked up tag (density=9) | Total: 86
[DEPOSIT] Robot 4 deposited! Total: 82
  [PHERO] Laid at (1.95, 3.05) density=15 prob=1.00 total_entries=46
  [TARGET] Robot 4 → SITE (1.95,3.05)
[PICKUP] Robot 9 picked up tag (density=2) | Total: 87
[DEPOSIT] Robot 10 deposited! Total: 83
  [TARGET] Robot 10 → SITE (0.73,-1.09)
[DEPOSIT] Robot 16 deposited! Total: 84
  [PHERO] Laid at (0.94, 1.42) density=9 prob=1.00 total_entries=45
  [TARGET] Robot 16 → SITE (0.94,1.42)
[DEPOSIT] Robot 1 deposited! Total: 85
  [PHERO] Laid at (1.60, -1.56) density=6 prob=0.97 total_entries=46
  [TARGET] Robot 1 → SITE (1.60,-1.56)
[PICKUP] Robot 2 picked up tag (density=1) | Total: 88
[PICKUP] Robot 12 picked up tag (density=5) | Total: 89

======================================================================
Step 9000 (4.8 min) | Pickups: 89 | Deposits: 85 | Rate: 17.71 tags/min | phero_entries=46 phero_max=0.820
======================================================================
R1[T1][SITE      ]: L=+0.99 R=+1.00 | carry=0 | base=0.06 ba=-0.90 | site=1 sd=0.39 sa=+0.20 | phero=0 pd=0.00 pa=+0.00 | srch=0.03 | wall=3.24
R2[T1][RTB       ]: L=+1.00 R=+0.33 | carry=1 | base=0.25 ba=-0.25 | site=0 sd=0.00 sa=+0.00 | phero=0 pd=0.00 pa=+0.00 | srch=0.00 | wall=2.40
R3[T1][SITE      ]: L=+0.13 R=+0.12 | carry=0 | base=0.45 ba=-0.97 | site=1 sd=0.09 sa=-0.05 | phero=0 pd=0.00 pa=+0.00 | srch=0.44 | wall=1.58
R4[T1][SITE      ]: L=+1.00 R=+1.00 | carry=0 | base=0.25 ba=-0.95 | site=1 sd=0.48 sa=+0.07 | phero=0 pd=0.00 pa=+0.00 | srch=0.10 | wall=2.47
R5[T2][SITE      ]: L=+0.94 R=+1.00 | carry=0 | base=0.50 ba=+0.78 | site=1 sd=0.15 sa=+0.22 | phero=0 pd=0.00 pa=+0.00 | srch=0.18 | wall=1.12
R6[T2][SITE      ]: L=+1.00 R=+0.87 | carry=0 | base=0.28 ba=-0.66 | site=1 sd=0.06 sa=-0.25 | phero=0 pd=0.00 pa=+0.00 | srch=0.11 | wall=2.44
R7[T2][SITE      ]: L=+0.41 R=+0.42 | carry=0 | base=0.37 ba=-0.98 | site=1 sd=0.06 sa=+0.01 | phero=0 pd=0.00 pa=+0.00 | srch=0.20 | wall=1.97
R8[T2][SITE      ]: L=+0.74 R=+0.75 | carry=0 | base=0.32 ba=-0.90 | site=1 sd=0.24 sa=+0.13 | phero=0 pd=0.00 pa=+0.00 | srch=0.13 | wall=1.93
R9[T3][RTB       ]: L=+1.00 R=+1.00 | carry=1 | base=0.12 ba=+0.00 | site=0 sd=0.00 sa=+0.00 | phero=0 pd=0.00 pa=+0.00 | srch=0.00 | wall=2.91
R10[T3][SITE      ]: L=+1.00 R=+1.00 | carry=0 | base=0.15 ba=+1.00 | site=1 sd=0.14 sa=+0.27 | phero=0 pd=0.00 pa=+0.00 | srch=0.06 | wall=2.76
R11[T3][SITE      ]: L=-0.24 R=-0.20 | carry=0 | base=0.49 ba=-0.97 | site=1 sd=0.05 sa=-0.06 | phero=0 pd=0.00 pa=+0.00 | srch=0.43 | wall=1.41
R12[T3][RTB       ]: L=+0.00 R=+1.00 | carry=1 | base=0.40 ba=+0.71 | site=0 sd=0.00 sa=+0.00 | phero=0 pd=0.00 pa=+0.00 | srch=0.00 | wall=1.96
R13[T4][RTB       ]: L=+1.00 R=+1.00 | carry=1 | base=0.29 ba=+0.00 | site=0 sd=0.00 sa=+0.00 | phero=0 pd=0.00 pa=+0.00 | srch=0.00 | wall=2.25
R14[T4][SITE      ]: L=-0.11 R=-0.18 | carry=0 | base=0.35 ba=-0.95 | site=1 sd=0.20 sa=-0.07 | phero=0 pd=0.00 pa=+0.00 | srch=0.19 | wall=2.10
R15[T4][PHERO     ]: L=+1.00 R=+0.99 | carry=0 | base=0.10 ba=+0.86 | site=0 sd=0.00 sa=+0.00 | phero=1 pd=0.45 pa=+0.02 | srch=0.19 | wall=2.99
R16[T4][SITE      ]: L=+0.48 R=+1.00 | carry=0 | base=0.06 ba=-0.99 | site=1 sd=0.29 sa=+0.14 | phero=0 pd=0.00 pa=+0.00 | srch=0.03 | wall=3.28

[PICKUP] Robot 6 picked up tag (density=11) | Total: 90
[DEPOSIT] Robot 9 deposited! Total: 86
  [TARGET] Robot 9 → SITE (-1.19,0.48)
[PICKUP] Robot 4 picked up tag (density=8) | Total: 91
[PICKUP] Robot 5 picked up tag (density=8) | Total: 92
[DEPOSIT] Robot 13 deposited! Total: 87
  [PHERO] Laid at (2.53, 1.30) density=9 prob=1.00 total_entries=43
  [TARGET] Robot 13 → SITE (2.53,1.30)
[DEPOSIT] Robot 2 deposited! Total: 88
  [TARGET] Robot 2 → SITE (0.60,-1.07)
[DEPOSIT] Robot 6 deposited! Total: 89
  [PHERO] Laid at (-0.84, 1.12) density=11 prob=1.00 total_entries=44
  [TARGET] Robot 6 → SITE (-0.84,1.12)
[PICKUP] Robot 16 picked up tag (density=7) | Total: 93

======================================================================
Step 9500 (5.1 min) | Pickups: 93 | Deposits: 89 | Rate: 17.57 tags/min | phero_entries=43 phero_max=0.837
======================================================================
R1[T1][SITE      ]: L=+0.92 R=+1.00 | carry=0 | base=0.41 ba=+0.84 | site=1 sd=0.17 sa=+0.33 | phero=0 pd=0.00 pa=+0.00 | srch=0.16 | wall=1.64
R2[T1][SITE      ]: L=+1.00 R=+1.00 | carry=0 | base=0.11 ba=+1.00 | site=1 sd=0.16 sa=+0.25 | phero=0 pd=0.00 pa=+0.00 | srch=0.05 | wall=2.97
R3[T1][SITE      ]: L=-0.45 R=-0.45 | carry=0 | base=0.39 ba=-0.93 | site=1 sd=0.15 sa=-0.02 | phero=0 pd=0.00 pa=+0.00 | srch=0.57 | wall=1.87
R4[T1][RTB       ]: L=+1.00 R=+1.00 | carry=1 | base=0.15 ba=-0.00 | site=0 sd=0.00 sa=+0.00 | phero=0 pd=0.00 pa=+0.00 | srch=0.00 | wall=2.95
R5[T2][RTB       ]: L=+1.00 R=+1.00 | carry=1 | base=0.42 ba=+0.00 | site=0 sd=0.00 sa=+0.00 | phero=0 pd=0.00 pa=+0.00 | srch=0.00 | wall=1.67
R6[T2][SITE      ]: L=+0.82 R=+1.00 | carry=0 | base=0.05 ba=-0.90 | site=1 sd=0.24 sa=+0.23 | phero=0 pd=0.00 pa=+0.00 | srch=0.03 | wall=3.26
R7[T2][EXPLORE   ]: L=+1.00 R=+1.00 | carry=0 | base=0.56 ba=-0.73 | site=0 sd=0.00 sa=+0.00 | phero=0 pd=0.00 pa=+0.00 | srch=0.33 | wall=1.29
R8[T2][EXPLORE   ]: L=+1.00 R=+1.00 | carry=0 | base=0.54 ba=+0.35 | site=0 sd=0.00 sa=+0.00 | phero=0 pd=0.00 pa=+0.00 | srch=0.25 | wall=0.83
R9[T3][SITE      ]: L=+1.00 R=+1.00 | carry=0 | base=0.25 ba=-0.84 | site=1 sd=0.02 sa=-0.09 | phero=0 pd=0.00 pa=+0.00 | srch=0.10 | wall=2.35
R10[T3][EXPLORE   ]: L=+1.00 R=+1.00 | carry=0 | base=0.39 ba=+0.81 | site=0 sd=0.00 sa=+0.00 | phero=0 pd=0.00 pa=+0.00 | srch=0.19 | wall=1.79
R11[T3][SITE      ]: L=+0.08 R=+0.09 | carry=0 | base=0.40 ba=+0.97 | site=1 sd=0.13 sa=-0.09 | phero=0 pd=0.00 pa=+0.00 | srch=0.55 | wall=1.78
R12[T3][RTB       ]: L=+1.00 R=+1.00 | carry=1 | base=0.08 ba=+0.00 | site=0 sd=0.00 sa=+0.00 | phero=0 pd=0.00 pa=+0.00 | srch=0.00 | wall=3.20
R13[T4][SITE      ]: L=+1.00 R=+1.00 | carry=0 | base=0.11 ba=+0.95 | site=1 sd=0.48 sa=-0.23 | phero=0 pd=0.00 pa=+0.00 | srch=0.05 | wall=3.06
R14[T4][SITE      ]: L=+0.98 R=+0.92 | carry=0 | base=0.49 ba=-0.87 | site=1 sd=0.08 sa=-0.17 | phero=0 pd=0.00 pa=+0.00 | srch=0.32 | wall=1.53
R15[T4][PHERO     ]: L=+0.67 R=+0.64 | carry=0 | base=0.44 ba=+0.84 | site=0 sd=0.00 sa=+0.00 | phero=1 pd=0.10 pa=-0.13 | srch=0.31 | wall=1.57
R16[T4][RTB       ]: L=+0.62 R=+1.00 | carry=1 | base=0.35 ba=+0.15 | site=0 sd=0.00 sa=+0.00 | phero=0 pd=0.00 pa=+0.00 | srch=0.00 | wall=2.03

[DEPOSIT] Robot 12 deposited! Total: 90
  [PHERO] Laid at (1.53, -1.24) density=5 prob=0.92 total_entries=43
  [TARGET] Robot 12 → SITE (1.53,-1.24)
[PICKUP] Robot 14 picked up tag (density=14) | Total: 94
[DEPOSIT] Robot 4 deposited! Total: 91
  [PHERO] Laid at (1.04, 1.37) density=8 prob=1.00 total_entries=44
  [TARGET] Robot 4 → SITE (1.04,1.37)
[PICKUP] Robot 7 picked up tag (density=16) | Total: 95
[PICKUP] Robot 8 picked up tag (density=16) | Total: 96
[PICKUP] Robot 6 picked up tag (density=10) | Total: 97
[PICKUP] Robot 1 picked up tag (density=4) | Total: 98
[PICKUP] Robot 13 picked up tag (density=6) | Total: 99
[DEPOSIT] Robot 16 deposited! Total: 92
  [PHERO] Laid at (0.96, 1.45) density=7 prob=0.99 total_entries=41
  [TARGET] Robot 16 → SITE (0.96,1.45)
[PICKUP] Robot 9 picked up tag (density=20) | Total: 100
[DEPOSIT] Robot 5 deposited! Total: 93
  [PHERO] Laid at (2.69, 1.31) density=8 prob=1.00 total_entries=40
  [TARGET] Robot 5 → SITE (2.69,1.31)

======================================================================
Step 10000 (5.3 min) | Pickups: 100 | Deposits: 93 | Rate: 17.44 tags/min | phero_entries=40 phero_max=0.964
======================================================================
R1[T1][RTB       ]: L=+1.00 R=+1.00 | carry=1 | base=0.33 ba=+0.00 | site=0 sd=0.00 sa=+0.00 | phero=0 pd=0.00 pa=+0.00 | srch=0.00 | wall=2.27
R2[T1][EXPLORE   ]: L=+1.00 R=+1.00 | carry=0 | base=0.23 ba=+0.55 | site=0 sd=0.00 sa=+0.00 | phero=0 pd=0.00 pa=+0.00 | srch=0.17 | wall=2.46
R3[T1][SITE      ]: L=+0.44 R=+0.44 | carry=0 | base=0.42 ba=-0.91 | site=1 sd=0.11 sa=+0.03 | phero=0 pd=0.00 pa=+0.00 | srch=0.69 | wall=1.67
R4[T1][SITE      ]: L=+0.96 R=+1.00 | carry=0 | base=0.23 ba=+0.91 | site=1 sd=0.13 sa=+0.11 | phero=0 pd=0.00 pa=+0.00 | srch=0.09 | wall=2.62
R5[T2][BASE_ESC  ]: L=+0.00 R=+1.00 | carry=0 | base=0.05 ba=-0.26 | site=1 sd=0.56 sa=+0.74 | phero=0 pd=0.00 pa=+0.00 | srch=0.01 | wall=3.30
R6[T2][RTB       ]: L=+1.00 R=+1.00 | carry=1 | base=0.17 ba=+0.00 | site=0 sd=0.00 sa=+0.00 | phero=0 pd=0.00 pa=+0.00 | srch=0.00 | wall=2.74
R7[T2][RTB       ]: L=+1.00 R=+1.00 | carry=1 | base=0.43 ba=-0.00 | site=0 sd=0.00 sa=+0.00 | phero=0 pd=0.00 pa=+0.00 | srch=0.00 | wall=1.94
R8[T2][RTB       ]: L=+1.00 R=+1.00 | carry=1 | base=0.35 ba=+0.00 | site=0 sd=0.00 sa=+0.00 | phero=0 pd=0.00 pa=+0.00 | srch=0.00 | wall=1.95
R9[T3][RTB       ]: L=+1.00 R=+0.00 | carry=1 | base=0.60 ba=-0.69 | site=0 sd=0.00 sa=+0.00 | phero=0 pd=0.00 pa=+0.00 | srch=0.00 | wall=1.06
R10[T3][EXPLORE   ]: L=+1.00 R=+1.00 | carry=0 | base=0.65 ba=+0.10 | site=0 sd=0.00 sa=+0.00 | phero=0 pd=0.00 pa=+0.00 | srch=0.31 | wall=0.38
R11[T3][SITE      ]: L=+0.47 R=+0.46 | carry=0 | base=0.51 ba=-0.94 | site=1 sd=0.02 sa=+0.01 | phero=0 pd=0.00 pa=+0.00 | srch=0.68 | wall=1.27
R12[T3][SITE      ]: L=+0.87 R=+0.88 | carry=0 | base=0.30 ba=-0.99 | site=1 sd=0.10 sa=+0.07 | phero=0 pd=0.00 pa=+0.00 | srch=0.12 | wall=2.38
R13[T4][RTB       ]: L=+0.96 R=+1.00 | carry=1 | base=0.33 ba=+0.02 | site=0 sd=0.00 sa=+0.00 | phero=0 pd=0.00 pa=+0.00 | srch=0.00 | wall=2.06
R14[T4][RTB       ]: L=+1.00 R=+1.00 | carry=1 | base=0.30 ba=-0.00 | site=0 sd=0.00 sa=+0.00 | phero=0 pd=0.00 pa=+0.00 | srch=0.00 | wall=2.21
R15[T4][EXPLORE   ]: L=+1.00 R=+1.00 | carry=0 | base=0.54 ba=+0.97 | site=0 sd=0.00 sa=+0.00 | phero=0 pd=0.00 pa=+0.00 | srch=0.44 | wall=1.13
R16[T4][SITE      ]: L=+1.00 R=+0.55 | carry=0 | base=0.05 ba=+0.90 | site=1 sd=0.30 sa=-0.22 | phero=0 pd=0.00 pa=+0.00 | srch=0.03 | wall=3.26

[PICKUP] Robot 15 picked up tag (density=13) | Total: 101
[PICKUP] Robot 11 picked up tag (density=7) | Total: 102
[DEPOSIT] Robot 6 deposited! Total: 94
  [PHERO] Laid at (-0.44, 1.23) density=10 prob=1.00 total_entries=41
  [TARGET] Robot 6 → SITE (-0.44,1.23)
[PICKUP] Robot 12 picked up tag (density=3) | Total: 103
[PICKUP] Robot 4 picked up tag (density=5) | Total: 104
[DEPOSIT] Robot 14 deposited! Total: 95
  [PHERO] Laid at (-2.27, -1.41) density=14 prob=1.00 total_entries=40
  [TARGET] Robot 14 → SITE (-2.27,-1.41)
[DEPOSIT] Robot 13 deposited! Total: 96
  [PHERO] Laid at (0.95, 1.53) density=6 prob=0.97 total_entries=41
  [TARGET] Robot 13 → SITE (0.95,1.53)
[DEPOSIT] Robot 8 deposited! Total: 97
  [PHERO] Laid at (0.95, -2.25) density=16 prob=1.00 total_entries=42
  [TARGET] Robot 8 → SITE (0.95,-2.25)
[DEPOSIT] Robot 1 deposited! Total: 98
  [PHERO] Laid at (1.65, -1.56) density=4 prob=0.82 total_entries=43
  [TARGET] Robot 1 → SITE (1.65,-1.56)

======================================================================
Step 10500 (5.6 min) | Pickups: 104 | Deposits: 98 | Rate: 17.50 tags/min | phero_entries=42 phero_max=0.890
======================================================================
R1[T1][BASE_ESC  ]: L=+0.00 R=+1.00 | carry=0 | base=0.04 ba=-0.57 | site=1 sd=0.42 sa=+0.38 | phero=0 pd=0.00 pa=+0.00 | srch=0.02 | wall=3.34
R2[T1][EXPLORE   ]: L=+1.00 R=+1.00 | carry=0 | base=0.48 ba=+0.84 | site=0 sd=0.00 sa=+0.00 | phero=0 pd=0.00 pa=+0.00 | srch=0.30 | wall=1.34
R3[T1][SITE      ]: L=-0.18 R=-0.13 | carry=0 | base=0.49 ba=+0.91 | site=1 sd=0.05 sa=-0.12 | phero=0 pd=0.00 pa=+0.00 | srch=0.82 | wall=1.36
R4[T1][RTB       ]: L=+1.00 R=+1.00 | carry=1 | base=0.20 ba=-0.00 | site=0 sd=0.00 sa=+0.00 | phero=0 pd=0.00 pa=+0.00 | srch=0.00 | wall=2.65
R5[T2][SITE      ]: L=+1.00 R=+1.00 | carry=0 | base=0.35 ba=+0.86 | site=1 sd=0.28 sa=+0.06 | phero=0 pd=0.00 pa=+0.00 | srch=0.13 | wall=1.78
R6[T2][SITE      ]: L=+1.00 R=+0.98 | carry=0 | base=0.23 ba=-0.85 | site=1 sd=0.12 sa=-0.32 | phero=0 pd=0.00 pa=+0.00 | srch=0.09 | wall=2.69
R7[T2][RTB       ]: L=+1.00 R=+0.88 | carry=1 | base=0.05 ba=-0.05 | site=0 sd=0.00 sa=+0.00 | phero=0 pd=0.00 pa=+0.00 | srch=0.00 | wall=3.32
R8[T2][BASE_ESC  ]: L=+1.00 R=+0.28 | carry=0 | base=0.04 ba=+0.82 | site=1 sd=0.45 sa=-0.22 | phero=0 pd=0.00 pa=+0.00 | srch=0.03 | wall=3.31
R9[T3][RTB       ]: L=+1.00 R=+1.00 | carry=1 | base=0.28 ba=-0.00 | site=0 sd=0.00 sa=+0.00 | phero=0 pd=0.00 pa=+0.00 | srch=0.00 | wall=2.41
R10[T3][EXPLORE   ]: L=+1.00 R=+1.00 | carry=0 | base=0.31 ba=+0.23 | site=0 sd=0.00 sa=+0.00 | phero=0 pd=0.00 pa=+0.00 | srch=0.44 | wall=2.00
R11[T3][RTB       ]: L=+1.00 R=+1.00 | carry=1 | base=0.35 ba=-0.00 | site=0 sd=0.00 sa=+0.00 | phero=0 pd=0.00 pa=+0.00 | srch=0.00 | wall=1.95
R12[T3][RTB       ]: L=+1.00 R=+1.00 | carry=1 | base=0.24 ba=+0.00 | site=0 sd=0.00 sa=+0.00 | phero=0 pd=0.00 pa=+0.00 | srch=0.00 | wall=2.54
R13[T4][SITE      ]: L=+1.00 R=+0.95 | carry=0 | base=0.07 ba=+0.94 | site=1 sd=0.30 sa=-0.20 | phero=0 pd=0.00 pa=+0.00 | srch=0.03 | wall=3.18
R14[T4][SITE      ]: L=+1.00 R=+1.00 | carry=0 | base=0.09 ba=+0.98 | site=1 sd=0.45 sa=+0.09 | phero=0 pd=0.00 pa=+0.00 | srch=0.05 | wall=3.05
R15[T4][RTB       ]: L=+1.00 R=+1.00 | carry=1 | base=0.27 ba=+0.00 | site=0 sd=0.00 sa=+0.00 | phero=0 pd=0.00 pa=+0.00 | srch=0.00 | wall=2.35
R16[T4][SITE      ]: L=+0.35 R=+1.00 | carry=0 | base=0.36 ba=+0.62 | site=1 sd=0.02 sa=+0.36 | phero=0 pd=0.00 pa=+0.00 | srch=0.15 | wall=2.04

[DEPOSIT] Robot 7 deposited! Total: 99
  [PHERO] Laid at (2.25, -2.23) density=16 prob=1.00 total_entries=43
  [TARGET] Robot 7 → SITE (2.25,-2.23)
[GIVE-UP] R10 giving up after 1802 steps
[PICKUP] Robot 2 picked up tag (density=6) | Total: 105
[PICKUP] Robot 6 picked up tag (density=9) | Total: 106
[DEPOSIT] Robot 4 deposited! Total: 100
  [PHERO] Laid at (1.05, 1.43) density=5 prob=0.92 total_entries=41
  [TARGET] Robot 4 → SITE (1.05,1.43)
[DEPOSIT] Robot 12 deposited! Total: 101
  [TARGET] Robot 12 → SITE (1.54,-1.27)
[DEPOSIT] Robot 15 deposited! Total: 102
  [PHERO] Laid at (-2.43, -1.30) density=13 prob=1.00 total_entries=42
  [TARGET] Robot 15 → SITE (-2.43,-1.30)
[DEPOSIT] Robot 9 deposited! Total: 103
  [PHERO] Laid at (-2.43, 1.70) density=20 prob=1.00 total_entries=43
  [TARGET] Robot 9 → SITE (-2.43,1.70)
[EMPTY_RTN] R10 → phero(2.25,-2.23)
[DEPOSIT] Robot 11 deposited! Total: 104
  [PHERO] Laid at (2.51, 1.32) density=7 prob=0.99 total_entries=43
  [TARGET] Robot 11 → SITE (2.51,1.32)
[PICKUP] Robot 16 picked up tag (density=8) | Total: 107
[PICKUP] Robot 13 picked up tag (density=4) | Total: 108

======================================================================
Step 11000 (5.9 min) | Pickups: 108 | Deposits: 104 | Rate: 17.73 tags/min | phero_entries=42 phero_max=0.840
======================================================================
R1[T1][SITE      ]: L=+1.00 R=+0.98 | carry=0 | base=0.34 ba=-0.96 | site=1 sd=0.12 sa=-0.06 | phero=0 pd=0.00 pa=+0.00 | srch=0.14 | wall=2.18
R2[T1][RTB       ]: L=+1.00 R=+1.00 | carry=1 | base=0.35 ba=+0.00 | site=0 sd=0.00 sa=+0.00 | phero=0 pd=0.00 pa=+0.00 | srch=0.00 | wall=2.04
R3[T1][SITE      ]: L=+0.00 R=-0.00 | carry=0 | base=0.52 ba=-0.91 | site=1 sd=0.02 sa=-0.05 | phero=0 pd=0.00 pa=+0.00 | srch=0.94 | wall=1.26
R4[T1][SITE      ]: L=+1.00 R=+1.00 | carry=0 | base=0.19 ba=-0.95 | site=1 sd=0.22 sa=+0.37 | phero=0 pd=0.00 pa=+0.00 | srch=0.08 | wall=2.62
R5[T2][SITE      ]: L=+1.00 R=+1.00 | carry=0 | base=0.69 ba=+0.64 | site=1 sd=0.08 sa=+0.67 | phero=0 pd=0.00 pa=+0.00 | srch=0.26 | wall=0.45
R6[T2][RTB       ]: L=+1.00 R=+0.99 | carry=1 | base=0.06 ba=-0.01 | site=0 sd=0.00 sa=+0.00 | phero=0 pd=0.00 pa=+0.00 | srch=0.00 | wall=3.23
R7[T2][SITE      ]: L=+0.80 R=+0.79 | carry=0 | base=0.29 ba=+0.98 | site=1 sd=0.35 sa=+0.01 | phero=0 pd=0.00 pa=+0.00 | srch=0.12 | wall=2.44
R8[T2][SITE      ]: L=+0.92 R=+1.00 | carry=0 | base=0.39 ba=+0.95 | site=1 sd=0.17 sa=+0.30 | phero=0 pd=0.00 pa=+0.00 | srch=0.15 | wall=1.56
R9[T3][SITE      ]: L=+1.00 R=+1.00 | carry=0 | base=0.12 ba=-0.97 | site=1 sd=0.49 sa=+0.21 | phero=0 pd=0.00 pa=+0.00 | srch=0.05 | wall=3.00
R10[T3][PHERO     ]: L=+1.00 R=-0.96 | carry=0 | base=0.05 ba=-0.96 | site=0 sd=0.00 sa=+0.00 | phero=1 pd=0.62 pa=-0.37 | srch=0.03 | wall=3.27
R11[T3][SITE      ]: L=+1.00 R=+0.39 | carry=0 | base=0.05 ba=+0.93 | site=1 sd=0.52 sa=-0.17 | phero=0 pd=0.00 pa=+0.00 | srch=0.03 | wall=3.31
R12[T3][SITE      ]: L=+1.00 R=+1.00 | carry=0 | base=0.14 ba=-0.99 | site=1 sd=0.27 sa=-0.11 | phero=0 pd=0.00 pa=+0.00 | srch=0.06 | wall=2.87
R13[T4][RTB       ]: L=+1.00 R=+1.00 | carry=1 | base=0.37 ba=-0.51 | site=0 sd=0.00 sa=+0.00 | phero=0 pd=0.00 pa=+0.00 | srch=0.00 | wall=1.97
R14[T4][SITE      ]: L=+1.00 R=+1.00 | carry=0 | base=0.46 ba=+0.81 | site=1 sd=0.08 sa=-0.12 | phero=0 pd=0.00 pa=+0.00 | srch=0.17 | wall=1.52
R15[T4][SITE      ]: L=+0.53 R=+0.52 | carry=0 | base=0.11 ba=-0.96 | site=1 sd=0.45 sa=-0.09 | phero=0 pd=0.00 pa=+0.00 | srch=0.05 | wall=3.09
R16[T4][RTB       ]: L=+0.85 R=+1.00 | carry=1 | base=0.29 ba=+0.06 | site=0 sd=0.00 sa=+0.00 | phero=0 pd=0.00 pa=+0.00 | srch=0.00 | wall=2.14

[DEPOSIT] Robot 6 deposited! Total: 105
  [PHERO] Laid at (-0.63, 1.20) density=9 prob=1.00 total_entries=42
  [TARGET] Robot 6 → SITE (-0.63,1.20)
[PICKUP] Robot 5 picked up tag (density=5) | Total: 109
[PICKUP] Robot 1 picked up tag (density=2) | Total: 110
[PICKUP] Robot 14 picked up tag (density=12) | Total: 111
[PICKUP] Robot 3 picked up tag (density=11) | Total: 112
[PICKUP] Robot 9 picked up tag (density=7) | Total: 113
[PICKUP] Robot 8 picked up tag (density=15) | Total: 114
[DEPOSIT] Robot 16 deposited! Total: 106
  [PHERO] Laid at (-0.41, 1.49) density=8 prob=1.00 total_entries=40
  [TARGET] Robot 16 → SITE (-0.41,1.49)
[DEPOSIT] Robot 2 deposited! Total: 107
  [PHERO] Laid at (2.44, 1.40) density=6 prob=0.97 total_entries=39
  [TARGET] Robot 2 → SITE (2.44,1.40)
[PICKUP] Robot 12 picked up tag (density=1) | Total: 115
[PICKUP] Robot 4 picked up tag (density=3) | Total: 116
[DEPOSIT] Robot 13 deposited! Total: 108
  [PHERO] Laid at (1.03, 1.53) density=4 prob=0.82 total_entries=39
  [TARGET] Robot 13 → SITE (1.03,1.53)
[PICKUP] Robot 6 picked up tag (density=6) | Total: 117

======================================================================
Step 11500 (6.1 min) | Pickups: 117 | Deposits: 108 | Rate: 17.61 tags/min | phero_entries=39 phero_max=0.938
======================================================================
R1[T1][RTB       ]: L=+1.00 R=+1.00 | carry=1 | base=0.22 ba=-0.00 | site=0 sd=0.00 sa=+0.00 | phero=0 pd=0.00 pa=+0.00 | srch=0.00 | wall=2.72
R2[T1][BASE_ESC  ]: L=+0.31 R=+1.00 | carry=0 | base=0.05 ba=-0.84 | site=1 sd=0.52 sa=+0.22 | phero=0 pd=0.00 pa=+0.00 | srch=0.03 | wall=3.28
R3[T1][RTB       ]: L=+1.00 R=+1.00 | carry=1 | base=0.38 ba=-0.00 | site=0 sd=0.00 sa=+0.00 | phero=0 pd=0.00 pa=+0.00 | srch=0.00 | wall=1.78
R4[T1][RTB       ]: L=+0.83 R=+1.00 | carry=1 | base=0.38 ba=+0.07 | site=0 sd=0.00 sa=+0.00 | phero=0 pd=0.00 pa=+0.00 | srch=0.00 | wall=2.04
R5[T2][RTB       ]: L=+1.00 R=+1.00 | carry=1 | base=0.37 ba=+0.00 | site=0 sd=0.00 sa=+0.00 | phero=0 pd=0.00 pa=+0.00 | srch=0.00 | wall=1.96
R6[T2][RTB       ]: L=+0.00 R=+1.00 | carry=1 | base=0.28 ba=+0.52 | site=0 sd=0.00 sa=+0.00 | phero=0 pd=0.00 pa=+0.00 | srch=0.00 | wall=2.28
R7[T2][SITE      ]: L=+0.43 R=+0.42 | carry=0 | base=0.54 ba=+0.91 | site=1 sd=0.10 sa=-0.09 | phero=0 pd=0.00 pa=+0.00 | srch=0.25 | wall=1.61
R8[T2][RTB       ]: L=+1.00 R=+1.00 | carry=1 | base=0.38 ba=+0.00 | site=0 sd=0.00 sa=+0.00 | phero=0 pd=0.00 pa=+0.00 | srch=0.00 | wall=1.81
R9[T3][RTB       ]: L=+1.00 R=+1.00 | carry=1 | base=0.18 ba=-0.00 | site=0 sd=0.00 sa=+0.00 | phero=0 pd=0.00 pa=+0.00 | srch=0.00 | wall=2.69
R10[T3][PHERO     ]: L=+1.00 R=+1.00 | carry=0 | base=0.37 ba=-0.97 | site=0 sd=0.00 sa=+0.00 | phero=1 pd=0.27 pa=-0.06 | srch=0.16 | wall=2.05
R11[T3][SITE      ]: L=+0.86 R=+0.85 | carry=0 | base=0.36 ba=+0.94 | site=1 sd=0.22 sa=-0.07 | phero=0 pd=0.00 pa=+0.00 | srch=0.15 | wall=1.93
R12[T3][RTB       ]: L=+1.00 R=+0.19 | carry=1 | base=0.43 ba=-0.30 | site=0 sd=0.00 sa=+0.00 | phero=0 pd=0.00 pa=+0.00 | srch=0.00 | wall=1.91
R13[T4][BASE_ESC  ]: L=+0.00 R=+1.00 | carry=0 | base=0.04 ba=-0.38 | site=1 sd=0.33 sa=+0.66 | phero=0 pd=0.00 pa=+0.00 | srch=0.01 | wall=3.34
R14[T4][RTB       ]: L=+1.00 R=+1.00 | carry=1 | base=0.34 ba=-0.00 | site=0 sd=0.00 sa=+0.00 | phero=0 pd=0.00 pa=+0.00 | srch=0.00 | wall=2.05
R15[T4][SITE      ]: L=-0.11 R=-0.09 | carry=0 | base=0.30 ba=-0.92 | site=1 sd=0.26 sa=-0.00 | phero=0 pd=0.00 pa=+0.00 | srch=0.18 | wall=2.29
R16[T4][SITE      ]: L=+1.00 R=+1.00 | carry=0 | base=0.09 ba=-0.84 | site=1 sd=0.23 sa=+0.13 | phero=0 pd=0.00 pa=+0.00 | srch=0.05 | wall=3.09

[DEPOSIT] Robot 9 deposited! Total: 109
  [PHERO] Laid at (-0.63, 1.26) density=7 prob=0.99 total_entries=38
  [TARGET] Robot 9 → SITE (-0.63,1.26)
[DEPOSIT] Robot 1 deposited! Total: 110
  [PHERO] Laid at (1.61, -1.40) density=2 prob=0.42 total_entries=39
  [TARGET] Robot 1 → PHERO (-0.63,1.26)
[DEPOSIT] Robot 6 deposited! Total: 111
  [PHERO] Laid at (-0.68, 1.22) density=6 prob=0.97 total_entries=38
  [TARGET] Robot 6 → SITE (-0.68,1.22)
[DEPOSIT] Robot 14 deposited! Total: 112
  [PHERO] Laid at (-2.29, -1.43) density=12 prob=1.00 total_entries=39
  [TARGET] Robot 14 → SITE (-2.29,-1.43)
[PICKUP] Robot 10 picked up tag (density=15) | Total: 118
[DEPOSIT] Robot 4 deposited! Total: 113
  [PHERO] Laid at (1.33, 1.50) density=3 prob=0.65 total_entries=40
  [TARGET] Robot 4 → SITE (1.33,1.50)
[DEPOSIT] Robot 8 deposited! Total: 114
  [PHERO] Laid at (0.97, -2.25) density=15 prob=1.00 total_entries=41
  [TARGET] Robot 8 → SITE (0.97,-2.25)
[DEPOSIT] Robot 3 deposited! Total: 115
  [PHERO] Laid at (-2.47, -1.25) density=11 prob=1.00 total_entries=42
  [TARGET] Robot 3 → SITE (-2.47,-1.25)
[DEPOSIT] Robot 5 deposited! Total: 116
  [PHERO] Laid at (2.78, 1.71) density=5 prob=0.92 total_entries=43
  [TARGET] Robot 5 → SITE (2.78,1.71)
[PICKUP] Robot 16 picked up tag (density=5) | Total: 119

======================================================================
Step 12000 (6.4 min) | Pickups: 119 | Deposits: 116 | Rate: 18.12 tags/min | phero_entries=43 phero_max=0.950
======================================================================
R1[T1][BASE_ESC  ]: L=+0.85 R=+1.00 | carry=0 | base=0.05 ba=-0.97 | site=0 sd=0.00 sa=+0.00 | phero=1 pd=0.33 pa=-0.99 | srch=0.07 | wall=3.29
R2[T1][SITE      ]: L=+1.00 R=+1.00 | carry=0 | base=0.42 ba=+0.92 | site=1 sd=0.16 sa=+0.09 | phero=0 pd=0.00 pa=+0.00 | srch=0.15 | wall=1.55
R3[T1][SITE      ]: L=+1.00 R=-0.93 | carry=0 | base=0.05 ba=+0.54 | site=1 sd=0.51 sa=-0.44 | phero=0 pd=0.00 pa=+0.00 | srch=0.02 | wall=3.26
R4[T1][BASE_ESC  ]: L=+1.00 R=+0.00 | carry=0 | base=0.04 ba=+0.57 | site=1 sd=0.36 sa=-0.49 | phero=0 pd=0.00 pa=+0.00 | srch=0.02 | wall=3.31
R5[T2][BASE_ESC  ]: L=+1.00 R=+0.00 | carry=0 | base=0.05 ba=+0.32 | site=1 sd=0.61 sa=-0.70 | phero=0 pd=0.00 pa=+0.00 | srch=0.01 | wall=3.32
R6[T2][SITE      ]: L=+1.00 R=+1.00 | carry=0 | base=0.07 ba=+0.94 | site=1 sd=0.22 sa=-0.23 | phero=0 pd=0.00 pa=+0.00 | srch=0.04 | wall=3.21
R7[T2][SITE      ]: L=+0.67 R=+0.50 | carry=0 | base=0.63 ba=-0.89 | site=1 sd=0.02 sa=-0.11 | phero=0 pd=0.00 pa=+0.00 | srch=0.37 | wall=1.26
R8[T2][BASE_ESC  ]: L=+0.00 R=+1.00 | carry=0 | base=0.05 ba=-0.64 | site=1 sd=0.45 sa=+0.43 | phero=0 pd=0.00 pa=+0.00 | srch=0.02 | wall=3.27
R9[T3][SITE      ]: L=+0.92 R=+1.00 | carry=0 | base=0.22 ba=+0.96 | site=1 sd=0.13 sa=+0.37 | phero=0 pd=0.00 pa=+0.00 | srch=0.08 | wall=2.40
R10[T3][RTB       ]: L=+1.00 R=+0.92 | carry=1 | base=0.62 ba=-0.03 | site=0 sd=0.00 sa=+0.00 | phero=0 pd=0.00 pa=+0.00 | srch=0.00 | wall=1.26
R11[T3][SITE      ]: L=-0.47 R=-0.46 | carry=0 | base=0.47 ba=-0.96 | site=1 sd=0.11 sa=-0.05 | phero=0 pd=0.00 pa=+0.00 | srch=0.28 | wall=1.51
R12[T3][RTB       ]: L=+1.00 R=+1.00 | carry=1 | base=0.06 ba=-0.00 | site=0 sd=0.00 sa=+0.00 | phero=0 pd=0.00 pa=+0.00 | srch=0.00 | wall=3.28
R13[T4][SITE      ]: L=+0.92 R=+1.00 | carry=0 | base=0.32 ba=+0.96 | site=1 sd=0.14 sa=+0.41 | phero=0 pd=0.00 pa=+0.00 | srch=0.14 | wall=2.18
R14[T4][BASE_ESC  ]: L=+0.73 R=+1.00 | carry=0 | base=0.04 ba=-0.93 | site=1 sd=0.51 sa=+0.14 | phero=0 pd=0.00 pa=+0.00 | srch=0.03 | wall=3.32
R15[T4][SITE      ]: L=+0.04 R=+0.03 | carry=0 | base=0.38 ba=-0.98 | site=1 sd=0.18 sa=-0.04 | phero=0 pd=0.00 pa=+0.00 | srch=0.30 | wall=1.91
R16[T4][RTB       ]: L=+0.48 R=+1.00 | carry=1 | base=0.31 ba=+0.19 | site=0 sd=0.00 sa=+0.00 | phero=0 pd=0.00 pa=+0.00 | srch=0.00 | wall=2.07

[DEPOSIT] Robot 12 deposited! Total: 117
  [TARGET] Robot 12 → PHERO (-0.68,1.22)
[PICKUP] Robot 7 picked up tag (density=14) | Total: 120
[PICKUP] Robot 2 picked up tag (density=4) | Total: 121
[PICKUP] Robot 13 picked up tag (density=2) | Total: 122
[DEPOSIT] Robot 16 deposited! Total: 118
  [PHERO] Laid at (-0.47, 1.46) density=5 prob=0.92 total_entries=40
  [TARGET] Robot 16 → SITE (-0.47,1.46)
[PICKUP] Robot 6 picked up tag (density=4) | Total: 123

======================================================================
Step 12500 (6.7 min) | Pickups: 123 | Deposits: 118 | Rate: 17.70 tags/min | phero_entries=40 phero_max=0.775
======================================================================
R1[T1][PHERO     ]: L=+1.00 R=+1.00 | carry=0 | base=0.27 ba=-0.84 | site=0 sd=0.00 sa=+0.00 | phero=1 pd=0.15 pa=-0.40 | srch=0.19 | wall=2.36
R2[T1][RTB       ]: L=+1.00 R=+1.00 | carry=1 | base=0.46 ba=+0.00 | site=0 sd=0.00 sa=+0.00 | phero=0 pd=0.00 pa=+0.00 | srch=0.00 | wall=1.56
R3[T1][SITE      ]: L=+0.56 R=+0.66 | carry=0 | base=0.31 ba=+0.90 | site=1 sd=0.26 sa=-0.01 | phero=0 pd=0.00 pa=+0.00 | srch=0.14 | wall=2.06
R4[T1][SITE      ]: L=+0.93 R=+1.00 | carry=0 | base=0.38 ba=+0.99 | site=1 sd=0.05 sa=+0.37 | phero=0 pd=0.00 pa=+0.00 | srch=0.14 | wall=2.08
R5[T2][SITE      ]: L=+1.00 R=+1.00 | carry=0 | base=0.37 ba=+0.99 | site=1 sd=0.38 sa=-0.33 | phero=0 pd=0.00 pa=+0.00 | srch=0.13 | wall=1.88
R6[T2][RTB       ]: L=+1.00 R=+0.73 | carry=1 | base=0.30 ba=-0.10 | site=0 sd=0.00 sa=+0.00 | phero=0 pd=0.00 pa=+0.00 | srch=0.00 | wall=2.23
R7[T2][RTB       ]: L=+1.00 R=+1.00 | carry=1 | base=0.40 ba=-0.00 | site=0 sd=0.00 sa=+0.00 | phero=0 pd=0.00 pa=+0.00 | srch=0.00 | wall=2.06
R8[T2][SITE      ]: L=+1.00 R=+1.00 | carry=0 | base=0.41 ba=+0.91 | site=1 sd=0.19 sa=+0.32 | phero=0 pd=0.00 pa=+0.00 | srch=0.14 | wall=1.49
R9[T3][SITE      ]: L=+0.89 R=+1.00 | carry=0 | base=0.35 ba=+0.24 | site=1 sd=0.10 sa=+0.47 | phero=0 pd=0.00 pa=+0.00 | srch=0.21 | wall=2.17
R10[T3][RTB       ]: L=+1.00 R=+1.00 | carry=1 | base=0.23 ba=-0.00 | site=0 sd=0.00 sa=+0.00 | phero=0 pd=0.00 pa=+0.00 | srch=0.00 | wall=2.66
R11[T3][SITE      ]: L=+0.22 R=+0.20 | carry=0 | base=0.55 ba=-0.87 | site=1 sd=0.03 sa=-0.07 | phero=0 pd=0.00 pa=+0.00 | srch=0.40 | wall=1.14
R12[T3][PHERO     ]: L=+0.95 R=+1.00 | carry=0 | base=0.23 ba=+0.78 | site=0 sd=0.00 sa=+0.00 | phero=1 pd=0.17 pa=+0.29 | srch=0.12 | wall=2.40
R13[T4][RTB       ]: L=+1.00 R=+1.00 | carry=1 | base=0.26 ba=+0.00 | site=0 sd=0.00 sa=+0.00 | phero=0 pd=0.00 pa=+0.00 | srch=0.00 | wall=2.45
R14[T4][SITE      ]: L=+1.00 R=+1.00 | carry=0 | base=0.40 ba=+0.98 | site=1 sd=0.17 sa=+0.19 | phero=0 pd=0.00 pa=+0.00 | srch=0.16 | wall=1.65
R15[T4][SITE      ]: L=+0.26 R=+0.27 | carry=0 | base=0.50 ba=-0.94 | site=1 sd=0.06 sa=-0.00 | phero=0 pd=0.00 pa=+0.00 | srch=0.43 | wall=1.33
R16[T4][SITE      ]: L=+1.00 R=+0.84 | carry=0 | base=0.07 ba=-0.85 | site=1 sd=0.25 sa=+0.06 | phero=0 pd=0.00 pa=+0.00 | srch=0.04 | wall=3.22

[PICKUP] Robot 5 picked up tag (density=1) | Total: 124
[PICKUP] Robot 11 picked up tag (density=3) | Total: 125
[DEPOSIT] Robot 10 deposited! Total: 119
  [PHERO] Laid at (2.28, -2.27) density=15 prob=1.00 total_entries=36
  [TARGET] Robot 10 → SITE (2.28,-2.27)
[PICKUP] Robot 12 picked up tag (density=3) | Total: 126
[PICKUP] Robot 14 picked up tag (density=10) | Total: 127
[DEPOSIT] Robot 13 deposited! Total: 120
  [TARGET] Robot 13 → SITE (1.30,1.65)
[DEPOSIT] Robot 6 deposited! Total: 121
  [PHERO] Laid at (-0.88, 1.31) density=4 prob=0.82 total_entries=35
  [TARGET] Robot 6 → SITE (-0.88,1.31)
[PICKUP] Robot 8 picked up tag (density=14) | Total: 128
[PICKUP] Robot 9 picked up tag (density=2) | Total: 129
[DEPOSIT] Robot 7 deposited! Total: 122
  [PHERO] Laid at (2.30, -2.30) density=14 prob=1.00 total_entries=34
  [TARGET] Robot 7 → SITE (2.30,-2.30)

======================================================================
Step 13000 (6.9 min) | Pickups: 129 | Deposits: 122 | Rate: 17.60 tags/min | phero_entries=34 phero_max=0.919
======================================================================
R1[T1][PHERO     ]: L=+1.00 R=+0.91 | carry=0 | base=0.44 ba=-0.47 | site=0 sd=0.00 sa=+0.00 | phero=1 pd=0.17 pa=-0.58 | srch=0.32 | wall=1.41
R2[T1][RTB       ]: L=+1.00 R=+1.00 | carry=1 | base=0.08 ba=+0.00 | site=0 sd=0.00 sa=+0.00 | phero=0 pd=0.00 pa=+0.00 | srch=0.00 | wall=3.18
R3[T1][SITE      ]: L=+0.39 R=+0.37 | carry=0 | base=0.48 ba=+0.96 | site=1 sd=0.08 sa=+0.00 | phero=0 pd=0.00 pa=+0.00 | srch=0.27 | wall=1.37
R4[T1][SITE      ]: L=+0.34 R=+1.00 | carry=0 | base=0.42 ba=+0.20 | site=1 sd=0.02 sa=+0.50 | phero=0 pd=0.00 pa=+0.00 | srch=0.27 | wall=1.92
R5[T2][RTB       ]: L=+1.00 R=+1.00 | carry=1 | base=0.11 ba=+0.00 | site=0 sd=0.00 sa=+0.00 | phero=0 pd=0.00 pa=+0.00 | srch=0.00 | wall=3.00
R6[T2][SITE      ]: L=+1.00 R=+1.00 | carry=0 | base=0.08 ba=+0.94 | site=1 sd=0.24 sa=+0.03 | phero=0 pd=0.00 pa=+0.00 | srch=0.04 | wall=3.11
R7[T2][BASE_ESC  ]: L=+0.00 R=+1.00 | carry=0 | base=0.04 ba=-0.49 | site=1 sd=0.61 sa=+0.56 | phero=0 pd=0.00 pa=+0.00 | srch=0.01 | wall=3.32
R8[T2][RTB       ]: L=+1.00 R=+1.00 | carry=1 | base=0.45 ba=+0.00 | site=0 sd=0.00 sa=+0.00 | phero=0 pd=0.00 pa=+0.00 | srch=0.00 | wall=1.45
R9[T3][RTB       ]: L=+1.00 R=+0.70 | carry=1 | base=0.28 ba=-0.11 | site=0 sd=0.00 sa=+0.00 | phero=0 pd=0.00 pa=+0.00 | srch=0.00 | wall=2.22
R10[T3][SITE      ]: L=+1.00 R=+1.00 | carry=0 | base=0.17 ba=+1.00 | site=1 sd=0.50 sa=+0.16 | phero=0 pd=0.00 pa=+0.00 | srch=0.07 | wall=2.74
R11[T3][RTB       ]: L=+1.00 R=+1.00 | carry=1 | base=0.46 ba=+0.00 | site=0 sd=0.00 sa=+0.00 | phero=0 pd=0.00 pa=+0.00 | srch=0.00 | wall=1.54
R12[T3][RTB       ]: L=+1.00 R=+1.00 | carry=1 | base=0.17 ba=+0.00 | site=0 sd=0.00 sa=+0.00 | phero=0 pd=0.00 pa=+0.00 | srch=0.00 | wall=2.75
R13[T4][SITE      ]: L=+1.00 R=+1.00 | carry=0 | base=0.14 ba=+0.96 | site=1 sd=0.31 sa=-0.27 | phero=0 pd=0.00 pa=+0.00 | srch=0.06 | wall=2.81
R14[T4][RTB       ]: L=+1.00 R=+1.00 | carry=1 | base=0.42 ba=+0.00 | site=0 sd=0.00 sa=+0.00 | phero=0 pd=0.00 pa=+0.00 | srch=0.00 | wall=1.71
R15[T4][SITE      ]: L=+0.13 R=+0.11 | carry=0 | base=0.55 ba=-0.93 | site=1 sd=0.01 sa=-0.04 | phero=0 pd=0.00 pa=+0.00 | srch=0.55 | wall=1.13
R16[T4][SITE      ]: L=+0.79 R=+1.00 | carry=0 | base=0.36 ba=+0.44 | site=1 sd=0.05 sa=+0.53 | phero=0 pd=0.00 pa=+0.00 | srch=0.16 | wall=1.84

[PICKUP] Robot 16 picked up tag (density=1) | Total: 130
[DEPOSIT] Robot 2 deposited! Total: 123
  [PHERO] Laid at (2.48, 1.43) density=4 prob=0.82 total_entries=35
  [TARGET] Robot 2 → SITE (2.48,1.43)
[PICKUP] Robot 15 picked up tag (density=9) | Total: 131
[DEPOSIT] Robot 5 deposited! Total: 124
  [TARGET] Robot 5 → PHERO (-0.63,1.20)
[PICKUP] Robot 3 picked up tag (density=8) | Total: 132
[DEPOSIT] Robot 12 deposited! Total: 125
  [PHERO] Laid at (-0.55, 1.49) density=3 prob=0.65 total_entries=36
  [TARGET] Robot 12 → SITE (-0.55,1.49)
[DEPOSIT] Robot 9 deposited! Total: 126
  [PHERO] Laid at (-0.62, 1.29) density=2 prob=0.42 total_entries=35
  [TARGET] Robot 9 → SITE (-0.62,1.29)
[DEPOSIT] Robot 16 deposited! Total: 127
  [TARGET] Robot 16 → SITE (-0.67,1.60)
[DEPOSIT] Robot 14 deposited! Total: 128
  [PHERO] Laid at (-2.45, -1.34) density=10 prob=1.00 total_entries=36
  [TARGET] Robot 14 → SITE (-2.45,-1.34)

======================================================================
Step 13500 (7.2 min) | Pickups: 132 | Deposits: 128 | Rate: 17.78 tags/min | phero_entries=36 phero_max=0.965
======================================================================
R1[T1][EXPLORE   ]: L=+1.00 R=+1.00 | carry=0 | base=0.31 ba=+0.66 | site=0 sd=0.00 sa=+0.00 | phero=0 pd=0.00 pa=+0.00 | srch=0.44 | wall=2.33
R2[T1][SITE      ]: L=+1.00 R=+1.00 | carry=0 | base=0.32 ba=+0.98 | site=1 sd=0.36 sa=-0.37 | phero=0 pd=0.00 pa=+0.00 | srch=0.12 | wall=2.07
R3[T1][RTB       ]: L=+1.00 R=+1.00 | carry=1 | base=0.39 ba=+0.00 | site=0 sd=0.00 sa=+0.00 | phero=0 pd=0.00 pa=+0.00 | srch=0.00 | wall=1.83
R4[T1][EXPLORE   ]: L=+1.00 R=+1.00 | carry=0 | base=0.39 ba=-0.51 | site=0 sd=0.00 sa=+0.00 | phero=0 pd=0.00 pa=+0.00 | srch=0.39 | wall=1.56
R5[T2][PHERO     ]: L=+1.00 R=+1.00 | carry=0 | base=0.29 ba=+0.98 | site=0 sd=0.00 sa=+0.00 | phero=1 pd=0.11 pa=+0.58 | srch=0.11 | wall=2.08
R6[T2][EXPLORE   ]: L=+1.00 R=+1.00 | carry=0 | base=0.45 ba=+0.97 | site=0 sd=0.00 sa=+0.00 | phero=0 pd=0.00 pa=+0.00 | srch=0.17 | wall=1.71
R7[T2][SITE      ]: L=-0.32 R=-0.51 | carry=0 | base=0.05 ba=-0.96 | site=1 sd=0.61 sa=+0.09 | phero=0 pd=0.00 pa=+0.00 | srch=0.14 | wall=3.30
R8[T2][RTB       ]: L=+1.00 R=+1.00 | carry=1 | base=0.08 ba=+0.00 | site=0 sd=0.00 sa=+0.00 | phero=0 pd=0.00 pa=+0.00 | srch=0.00 | wall=3.13
R9[T3][SITE      ]: L=+0.99 R=+1.00 | carry=0 | base=0.11 ba=+0.93 | site=1 sd=0.18 sa=+0.02 | phero=0 pd=0.00 pa=+0.00 | srch=0.05 | wall=2.99
R10[T3][SITE      ]: L=+0.97 R=+1.00 | carry=0 | base=0.52 ba=+0.86 | site=1 sd=0.15 sa=+0.05 | phero=0 pd=0.00 pa=+0.00 | srch=0.19 | wall=1.47
R11[T3][RTB       ]: L=+1.00 R=+1.00 | carry=1 | base=0.07 ba=+0.00 | site=0 sd=0.00 sa=+0.00 | phero=0 pd=0.00 pa=+0.00 | srch=0.00 | wall=3.20
R12[T3][SITE      ]: L=+1.00 R=+0.99 | carry=0 | base=0.20 ba=-0.94 | site=1 sd=0.12 sa=+0.03 | phero=0 pd=0.00 pa=+0.00 | srch=0.08 | wall=2.59
R13[T4][SITE      ]: L=+1.00 R=+0.40 | carry=0 | base=0.44 ba=-0.52 | site=1 sd=0.08 sa=-0.09 | phero=0 pd=0.00 pa=+0.00 | srch=0.18 | wall=1.60
R14[T4][BASE_ESC  ]: L=+1.00 R=+0.00 | carry=0 | base=0.05 ba=+0.25 | site=1 sd=0.52 sa=-0.77 | phero=0 pd=0.00 pa=+0.00 | srch=0.01 | wall=3.31
R15[T4][RTB       ]: L=+1.00 R=+1.00 | carry=1 | base=0.30 ba=+0.00 | site=0 sd=0.00 sa=+0.00 | phero=0 pd=0.00 pa=+0.00 | srch=0.00 | wall=2.21
R16[T4][BASE_ESC  ]: L=+0.00 R=+1.00 | carry=0 | base=0.04 ba=-0.44 | site=1 sd=0.31 sa=+0.60 | phero=0 pd=0.00 pa=+0.00 | srch=0.01 | wall=3.29

[DEPOSIT] Robot 11 deposited! Total: 129
  [PHERO] Laid at (2.61, 1.39) density=3 prob=0.65 total_entries=37
  [TARGET] Robot 11 → SITE (2.61,1.39)
[DEPOSIT] Robot 8 deposited! Total: 130
  [PHERO] Laid at (0.99, -2.51) density=14 prob=1.00 total_entries=38
  [TARGET] Robot 8 → SITE (0.99,-2.51)
[PICKUP] Robot 6 picked up tag (density=16) | Total: 133
[PICKUP] Robot 10 picked up tag (density=13) | Total: 134
[DEPOSIT] Robot 15 deposited! Total: 131
  [PHERO] Laid at (-2.47, -1.37) density=9 prob=1.00 total_entries=37
  [TARGET] Robot 15 → SITE (-2.47,-1.37)
[DEPOSIT] Robot 3 deposited! Total: 132
  [PHERO] Laid at (-2.52, -1.28) density=8 prob=1.00 total_entries=37
  [TARGET] Robot 3 → SITE (-2.52,-1.28)

======================================================================
Step 14000 (7.5 min) | Pickups: 134 | Deposits: 132 | Rate: 17.68 tags/min | phero_entries=36 phero_max=0.900
======================================================================
R1[T1][EXPLORE   ]: L=+1.00 R=+1.00 | carry=0 | base=0.60 ba=+0.85 | site=0 sd=0.00 sa=+0.00 | phero=0 pd=0.00 pa=+0.00 | srch=0.57 | wall=0.53
R2[T1][SITE      ]: L=+1.00 R=+1.00 | carry=0 | base=0.61 ba=-0.57 | site=1 sd=0.16 sa=-0.19 | phero=0 pd=0.00 pa=+0.00 | srch=0.24 | wall=1.34
R3[T1][BASE_ESC  ]: L=+0.00 R=+1.00 | carry=0 | base=0.04 ba=-0.53 | site=1 sd=0.53 sa=+0.50 | phero=0 pd=0.00 pa=+0.00 | srch=0.02 | wall=3.30
R4[T1][EXPLORE   ]: L=+1.00 R=-0.01 | carry=0 | base=0.38 ba=-0.28 | site=0 sd=0.00 sa=+0.00 | phero=0 pd=0.00 pa=+0.00 | srch=0.52 | wall=1.61
R5[T2][PHERO     ]: L=+1.00 R=+1.00 | carry=0 | base=0.51 ba=+0.67 | site=0 sd=0.00 sa=+0.00 | phero=1 pd=0.25 pa=+0.75 | srch=0.23 | wall=1.60
R6[T2][RTB       ]: L=+1.00 R=+1.00 | carry=1 | base=0.36 ba=-0.00 | site=0 sd=0.00 sa=+0.00 | phero=0 pd=0.00 pa=+0.00 | srch=0.00 | wall=2.01
R7[T2][SITE      ]: L=+0.45 R=+0.45 | carry=0 | base=0.18 ba=+0.99 | site=1 sd=0.49 sa=+0.13 | phero=0 pd=0.00 pa=+0.00 | srch=0.26 | wall=2.70
R8[T2][SITE      ]: L=+1.00 R=+1.00 | carry=0 | base=0.24 ba=-0.94 | site=1 sd=0.31 sa=+0.05 | phero=0 pd=0.00 pa=+0.00 | srch=0.11 | wall=2.41
R9[T3][SITE      ]: L=+1.00 R=+0.38 | carry=0 | base=0.27 ba=+0.35 | site=1 sd=0.02 sa=-0.51 | phero=0 pd=0.00 pa=+0.00 | srch=0.18 | wall=2.28
R10[T3][RTB       ]: L=+1.00 R=+1.00 | carry=1 | base=0.52 ba=+0.00 | site=0 sd=0.00 sa=+0.00 | phero=0 pd=0.00 pa=+0.00 | srch=0.00 | wall=1.57
R11[T3][SITE      ]: L=+1.00 R=+1.00 | carry=0 | base=0.32 ba=+1.00 | site=1 sd=0.28 sa=-0.04 | phero=0 pd=0.00 pa=+0.00 | srch=0.12 | wall=2.17
R12[T3][EXPLORE   ]: L=+1.00 R=+1.00 | carry=0 | base=0.52 ba=-0.96 | site=0 sd=0.00 sa=+0.00 | phero=0 pd=0.00 pa=+0.00 | srch=0.21 | wall=1.21
R13[T4][EXPLORE   ]: L=+1.00 R=+1.00 | carry=0 | base=0.55 ba=-0.82 | site=0 sd=0.00 sa=+0.00 | phero=0 pd=0.00 pa=+0.00 | srch=0.31 | wall=1.00
R14[T4][SITE      ]: L=+1.00 R=+1.00 | carry=0 | base=0.34 ba=-0.87 | site=1 sd=0.23 sa=+0.02 | phero=0 pd=0.00 pa=+0.00 | srch=0.13 | wall=2.14
R15[T4][SITE      ]: L=+1.00 R=+1.00 | carry=0 | base=0.10 ba=+0.96 | site=1 sd=0.48 sa=-0.21 | phero=0 pd=0.00 pa=+0.00 | srch=0.04 | wall=3.11
R16[T4][EXPLORE   ]: L=+1.00 R=+1.00 | carry=0 | base=0.37 ba=+0.77 | site=0 sd=0.00 sa=+0.00 | phero=0 pd=0.00 pa=+0.00 | srch=0.14 | wall=1.85

[GIVE-UP] R16 giving up after 593 steps
[PICKUP] Robot 12 picked up tag (density=15) | Total: 135
[PICKUP] Robot 5 picked up tag (density=15) | Total: 136
[PICKUP] Robot 2 picked up tag (density=2) | Total: 137
[GIVE-UP] R16 giving up after 827 steps
[PICKUP] Robot 14 picked up tag (density=7) | Total: 138
[DEPOSIT] Robot 6 deposited! Total: 133
  [PHERO] Laid at (-1.62, 2.20) density=16 prob=1.00 total_entries=35
  [TARGET] Robot 6 → SITE (-1.62,2.20)

======================================================================
Step 14500 (7.7 min) | Pickups: 138 | Deposits: 133 | Rate: 17.20 tags/min | phero_entries=34 phero_max=0.856
======================================================================
R1[T1][EXPLORE   ]: L=+1.00 R=+1.00 | carry=0 | base=0.42 ba=+0.25 | site=0 sd=0.00 sa=+0.00 | phero=0 pd=0.00 pa=+0.00 | srch=0.69 | wall=1.49
R2[T1][RTB       ]: L=+1.00 R=+1.00 | carry=1 | base=0.42 ba=-0.00 | site=0 sd=0.00 sa=+0.00 | phero=0 pd=0.00 pa=+0.00 | srch=0.00 | wall=1.74
R3[T1][SITE      ]: L=+0.99 R=+1.00 | carry=0 | base=0.39 ba=+0.92 | site=1 sd=0.19 sa=+0.02 | phero=0 pd=0.00 pa=+0.00 | srch=0.14 | wall=1.70
R4[T1][EXPLORE   ]: L=+1.00 R=+0.83 | carry=0 | base=0.37 ba=+0.09 | site=0 sd=0.00 sa=+0.00 | phero=0 pd=0.00 pa=+0.00 | srch=0.64 | wall=1.75
R5[T2][RTB       ]: L=+1.00 R=+1.00 | carry=1 | base=0.29 ba=+0.00 | site=0 sd=0.00 sa=+0.00 | phero=0 pd=0.00 pa=+0.00 | srch=0.00 | wall=2.37
R6[T2][BASE_ESC  ]: L=+0.12 R=+1.00 | carry=0 | base=0.05 ba=-0.80 | site=1 sd=0.51 sa=+0.28 | phero=0 pd=0.00 pa=+0.00 | srch=0.02 | wall=3.29
R7[T2][SITE      ]: L=+1.00 R=+1.00 | carry=0 | base=0.49 ba=+0.92 | site=1 sd=0.17 sa=-0.00 | phero=0 pd=0.00 pa=+0.00 | srch=0.39 | wall=1.69
R8[T2][EXPLORE   ]: L=+1.00 R=+1.00 | carry=0 | base=0.55 ba=+0.41 | site=0 sd=0.00 sa=+0.00 | phero=0 pd=0.00 pa=+0.00 | srch=0.24 | wall=0.99
R9[T3][SITE      ]: L=+1.00 R=+0.26 | carry=0 | base=0.29 ba=-0.76 | site=1 sd=0.02 sa=-0.38 | phero=0 pd=0.00 pa=+0.00 | srch=0.30 | wall=2.23
R10[T3][RTB       ]: L=+1.00 R=+1.00 | carry=1 | base=0.13 ba=+0.00 | site=0 sd=0.00 sa=+0.00 | phero=0 pd=0.00 pa=+0.00 | srch=0.00 | wall=3.00
R11[T3][SITE      ]: L=+0.03 R=+0.02 | carry=0 | base=0.43 ba=-0.95 | site=1 sd=0.17 sa=-0.06 | phero=0 pd=0.00 pa=+0.00 | srch=0.24 | wall=1.71
R12[T3][RTB       ]: L=+1.00 R=+1.00 | carry=1 | base=0.32 ba=-0.00 | site=0 sd=0.00 sa=+0.00 | phero=0 pd=0.00 pa=+0.00 | srch=0.00 | wall=2.05
R13[T4][EXPLORE   ]: L=+1.00 R=+1.00 | carry=0 | base=0.50 ba=-0.13 | site=0 sd=0.00 sa=+0.00 | phero=0 pd=0.00 pa=+0.00 | srch=0.43 | wall=1.06
R14[T4][RTB       ]: L=+0.99 R=+1.00 | carry=1 | base=0.52 ba=+0.01 | site=0 sd=0.00 sa=+0.00 | phero=0 pd=0.00 pa=+0.00 | srch=0.00 | wall=1.27
R15[T4][SITE      ]: L=+1.00 R=+0.98 | carry=0 | base=0.44 ba=-0.82 | site=1 sd=0.17 sa=-0.06 | phero=0 pd=0.00 pa=+0.00 | srch=0.17 | wall=1.85
R16[T4][GIVE_UP   ]: L=+1.00 R=+1.00 | carry=0 | base=0.10 ba=+0.00 | site=0 sd=0.00 sa=+0.00 | phero=0 pd=0.00 pa=+0.00 | srch=0.26 | wall=3.07

[PICKUP] Robot 8 picked up tag (density=13) | Total: 139
[EMPTY_RTN] R16 → phero(0.99,-2.51)
[DEPOSIT] Robot 10 deposited! Total: 134
  [PHERO] Laid at (2.36, -2.26) density=13 prob=1.00 total_entries=35
  [TARGET] Robot 10 → SITE (2.36,-2.26)
[PICKUP] Robot 3 picked up tag (density=6) | Total: 140
[DEPOSIT] Robot 5 deposited! Total: 135
  [PHERO] Laid at (-2.06, 1.80) density=15 prob=1.00 total_entries=32
  [TARGET] Robot 5 → SITE (-2.06,1.80)
[DEPOSIT] Robot 12 deposited! Total: 136
  [PHERO] Laid at (-1.26, 2.52) density=15 prob=1.00 total_entries=32
  [TARGET] Robot 12 → SITE (-1.26,2.52)
[DEPOSIT] Robot 2 deposited! Total: 137
  [TARGET] Robot 2 → SITE (2.63,1.75)

======================================================================
Step 15000 (8.0 min) | Pickups: 140 | Deposits: 137 | Rate: 17.12 tags/min | phero_entries=32 phero_max=0.787
======================================================================
R1[T1][EXPLORE   ]: L=+1.00 R=+1.00 | carry=0 | base=0.31 ba=+0.60 | site=0 sd=0.00 sa=+0.00 | phero=0 pd=0.00 pa=+0.00 | srch=0.82 | wall=2.00
R2[T1][BASE_ESC  ]: L=+0.00 R=+1.00 | carry=0 | base=0.05 ba=-0.28 | site=1 sd=0.59 sa=+0.74 | phero=0 pd=0.00 pa=+0.00 | srch=0.01 | wall=3.30
R3[T1][RTB       ]: L=+1.00 R=+1.00 | carry=1 | base=0.49 ba=+0.00 | site=0 sd=0.00 sa=+0.00 | phero=0 pd=0.00 pa=+0.00 | srch=0.00 | wall=1.36
R4[T1][EXPLORE   ]: L=+1.00 R=+0.92 | carry=0 | base=0.55 ba=-0.66 | site=0 sd=0.00 sa=+0.00 | phero=0 pd=0.00 pa=+0.00 | srch=0.77 | wall=0.76
R5[T2][SITE      ]: L=+1.00 R=+1.00 | carry=0 | base=0.11 ba=+0.95 | site=1 sd=0.46 sa=-0.23 | phero=0 pd=0.00 pa=+0.00 | srch=0.05 | wall=2.99
R6[T2][SITE      ]: L=+1.00 R=+1.00 | carry=0 | base=0.41 ba=+0.91 | site=1 sd=0.17 sa=+0.15 | phero=0 pd=0.00 pa=+0.00 | srch=0.15 | wall=1.63
R7[T2][SITE      ]: L=-0.16 R=-0.15 | carry=0 | base=0.62 ba=-0.97 | site=1 sd=0.04 sa=-0.09 | phero=0 pd=0.00 pa=+0.00 | srch=0.51 | wall=1.28
R8[T2][RTB       ]: L=+1.00 R=+1.00 | carry=1 | base=0.19 ba=+0.00 | site=0 sd=0.00 sa=+0.00 | phero=0 pd=0.00 pa=+0.00 | srch=0.00 | wall=2.65
R9[T3][EXPLORE   ]: L=+0.88 R=+1.00 | carry=0 | base=0.35 ba=-0.79 | site=0 sd=0.00 sa=+0.00 | phero=0 pd=0.00 pa=+0.00 | srch=0.43 | wall=2.07
R10[T3][SITE      ]: L=+1.00 R=+1.00 | carry=0 | base=0.24 ba=-0.83 | site=1 sd=0.43 sa=+0.05 | phero=0 pd=0.00 pa=+0.00 | srch=0.10 | wall=2.47
R11[T3][EXPLORE   ]: L=+1.00 R=+1.00 | carry=0 | base=0.60 ba=-0.75 | site=0 sd=0.00 sa=+0.00 | phero=0 pd=0.00 pa=+0.00 | srch=0.37 | wall=0.91
R12[T3][SITE      ]: L=+0.87 R=+1.00 | carry=0 | base=0.08 ba=+0.98 | site=1 sd=0.50 sa=+0.11 | phero=0 pd=0.00 pa=+0.00 | srch=0.04 | wall=3.12
R13[T4][EXPLORE   ]: L=+1.00 R=+1.00 | carry=0 | base=0.24 ba=-0.34 | site=0 sd=0.00 sa=+0.00 | phero=0 pd=0.00 pa=+0.00 | srch=0.56 | wall=2.52
R14[T4][RTB       ]: L=+1.00 R=+1.00 | carry=1 | base=0.14 ba=+0.00 | site=0 sd=0.00 sa=+0.00 | phero=0 pd=0.00 pa=+0.00 | srch=0.00 | wall=2.92
R15[T4][EXPLORE   ]: L=+1.00 R=+1.00 | carry=0 | base=0.63 ba=-0.70 | site=0 sd=0.00 sa=+0.00 | phero=0 pd=0.00 pa=+0.00 | srch=0.29 | wall=0.56
R16[T4][PHERO     ]: L=+0.98 R=+1.00 | carry=0 | base=0.17 ba=+0.85 | site=0 sd=0.00 sa=+0.00 | phero=1 pd=0.43 pa=+0.15 | srch=0.11 | wall=2.71

[DEPOSIT] Robot 14 deposited! Total: 138
  [PHERO] Laid at (-2.50, -1.38) density=7 prob=0.99 total_entries=30
  [TARGET] Robot 14 → SITE (-2.50,-1.38)
[PICKUP] Robot 6 picked up tag (density=14) | Total: 141
[DEPOSIT] Robot 8 deposited! Total: 139
  [PHERO] Laid at (1.05, -2.49) density=13 prob=1.00 total_entries=31
  [TARGET] Robot 8 → SITE (1.05,-2.49)
[PICKUP] Robot 5 picked up tag (density=1) | Total: 142
[PICKUP] Robot 7 picked up tag (density=12) | Total: 143
[PICKUP] Robot 1 picked up tag (density=12) | Total: 144

======================================================================
Step 15500 (8.3 min) | Pickups: 144 | Deposits: 139 | Rate: 16.81 tags/min | phero_entries=29 phero_max=0.598
======================================================================
R1[T1][RTB       ]: L=+0.65 R=+1.00 | carry=1 | base=0.50 ba=+0.13 | site=0 sd=0.00 sa=+0.00 | phero=0 pd=0.00 pa=+0.00 | srch=0.00 | wall=1.25
R2[T1][SITE      ]: L=+0.96 R=+1.00 | carry=0 | base=0.37 ba=+0.89 | site=1 sd=0.36 sa=+0.22 | phero=0 pd=0.00 pa=+0.00 | srch=0.13 | wall=1.69
R3[T1][RTB       ]: L=+1.00 R=+1.00 | carry=1 | base=0.11 ba=+0.00 | site=0 sd=0.00 sa=+0.00 | phero=0 pd=0.00 pa=+0.00 | srch=0.00 | wall=3.04
R4[T1][EXPLORE   ]: L=+1.00 R=+1.00 | carry=0 | base=0.54 ba=+0.56 | site=0 sd=0.00 sa=+0.00 | phero=0 pd=0.00 pa=+0.00 | srch=0.89 | wall=0.90
R5[T2][RTB       ]: L=+1.00 R=+1.00 | carry=1 | base=0.09 ba=+0.00 | site=0 sd=0.00 sa=+0.00 | phero=0 pd=0.00 pa=+0.00 | srch=0.00 | wall=3.04
R6[T2][RTB       ]: L=+1.00 R=+1.00 | carry=1 | base=0.36 ba=+0.00 | site=0 sd=0.00 sa=+0.00 | phero=0 pd=0.00 pa=+0.00 | srch=0.00 | wall=1.97
R7[T2][RTB       ]: L=+0.71 R=+1.00 | carry=1 | base=0.65 ba=+0.11 | site=0 sd=0.00 sa=+0.00 | phero=0 pd=0.00 pa=+0.00 | srch=0.00 | wall=1.14
R8[T2][SITE      ]: L=+1.00 R=+1.00 | carry=0 | base=0.19 ba=-0.96 | site=1 sd=0.35 sa=+0.06 | phero=0 pd=0.00 pa=+0.00 | srch=0.08 | wall=2.61
R9[T3][EXPLORE   ]: L=+1.00 R=+1.00 | carry=0 | base=0.73 ba=+1.00 | site=0 sd=0.00 sa=+0.00 | phero=0 pd=0.00 pa=+0.00 | srch=0.55 | wall=0.63
R10[T3][SITE      ]: L=+1.00 R=+1.00 | carry=0 | base=0.61 ba=+1.00 | site=1 sd=0.07 sa=+0.23 | phero=0 pd=0.00 pa=+0.00 | srch=0.22 | wall=1.27
R11[T3][EXPLORE   ]: L=+1.00 R=+1.00 | carry=0 | base=0.50 ba=-0.14 | site=0 sd=0.00 sa=+0.00 | phero=0 pd=0.00 pa=+0.00 | srch=0.49 | wall=1.11
R12[T3][SITE      ]: L=+0.70 R=+0.69 | carry=0 | base=0.43 ba=+0.90 | site=1 sd=0.15 sa=+0.04 | phero=0 pd=0.00 pa=+0.00 | srch=0.16 | wall=1.50
R13[T4][EXPLORE   ]: L=+1.00 R=+1.00 | carry=0 | base=0.46 ba=+0.99 | site=0 sd=0.00 sa=+0.00 | phero=0 pd=0.00 pa=+0.00 | srch=0.68 | wall=1.47
R14[T4][SITE      ]: L=+1.00 R=+0.98 | carry=0 | base=0.26 ba=-0.90 | site=1 sd=0.38 sa=-0.19 | phero=0 pd=0.00 pa=+0.00 | srch=0.10 | wall=2.39
R15[T4][EXPLORE   ]: L=+1.00 R=+1.00 | carry=0 | base=0.43 ba=-0.25 | site=0 sd=0.00 sa=+0.00 | phero=0 pd=0.00 pa=+0.00 | srch=0.42 | wall=1.37
R16[T4][PHERO     ]: L=+0.30 R=+0.30 | carry=0 | base=0.33 ba=+0.87 | site=0 sd=0.00 sa=+0.00 | phero=1 pd=0.23 pa=+0.04 | srch=0.23 | wall=1.89

[PICKUP] Robot 13 picked up tag (density=11) | Total: 145
[DEPOSIT] Robot 5 deposited! Total: 140
  [TARGET] Robot 5 → SITE (-1.20,0.20)
[DEPOSIT] Robot 3 deposited! Total: 141
  [PHERO] Laid at (-2.56, -1.32) density=6 prob=0.97 total_entries=30
  [TARGET] Robot 3 → SITE (-2.56,-1.32)
[PICKUP] Robot 10 picked up tag (density=11) | Total: 146
[PICKUP] Robot 12 picked up tag (density=13) | Total: 147
[DEPOSIT] Robot 6 deposited! Total: 142
  [PHERO] Laid at (-1.26, 2.34) density=14 prob=1.00 total_entries=28
  [TARGET] Robot 6 → SITE (-1.26,2.34)
[PICKUP] Robot 14 picked up tag (density=5) | Total: 148

======================================================================
Step 16000 (8.5 min) | Pickups: 148 | Deposits: 142 | Rate: 16.64 tags/min | phero_entries=27 phero_max=0.851
======================================================================
R1[T1][RTB       ]: L=+1.00 R=+1.00 | carry=1 | base=0.11 ba=+0.00 | site=0 sd=0.00 sa=+0.00 | phero=0 pd=0.00 pa=+0.00 | srch=0.00 | wall=2.99
R2[T1][SITE      ]: L=+1.00 R=+1.00 | carry=0 | base=0.64 ba=+0.65 | site=1 sd=0.05 sa=+0.19 | phero=0 pd=0.00 pa=+0.00 | srch=0.26 | wall=0.73
R3[T1][SITE      ]: L=+1.00 R=+0.70 | carry=0 | base=0.29 ba=-0.92 | site=1 sd=0.36 sa=-0.22 | phero=0 pd=0.00 pa=+0.00 | srch=0.11 | wall=2.29
R4[T1][EXPLORE   ]: L=+1.00 R=+0.90 | carry=0 | base=0.65 ba=+0.49 | site=0 sd=0.00 sa=+0.00 | phero=0 pd=0.00 pa=+0.00 | srch=1.00 | wall=0.49
R5[T2][EXPLORE   ]: L=+1.00 R=+1.00 | carry=0 | base=0.26 ba=-0.89 | site=0 sd=0.00 sa=+0.00 | phero=0 pd=0.00 pa=+0.00 | srch=0.11 | wall=2.24
R6[T2][BASE_ESC  ]: L=+1.00 R=+0.33 | carry=0 | base=0.05 ba=+0.83 | site=1 sd=0.49 sa=-0.26 | phero=0 pd=0.00 pa=+0.00 | srch=0.03 | wall=3.33
R7[T2][RTB       ]: L=+1.00 R=+1.00 | carry=1 | base=0.27 ba=+0.00 | site=0 sd=0.00 sa=+0.00 | phero=0 pd=0.00 pa=+0.00 | srch=0.00 | wall=2.53
R8[T2][SITE      ]: L=+1.00 R=+1.00 | carry=0 | base=0.53 ba=+0.64 | site=1 sd=0.03 sa=-0.04 | phero=0 pd=0.00 pa=+0.00 | srch=0.21 | wall=1.04
R9[T3][EXPLORE   ]: L=+1.00 R=+1.00 | carry=0 | base=0.59 ba=+0.04 | site=0 sd=0.00 sa=+0.00 | phero=0 pd=0.00 pa=+0.00 | srch=0.68 | wall=1.11
R10[T3][RTB       ]: L=+1.00 R=+1.00 | carry=1 | base=0.41 ba=+0.00 | site=0 sd=0.00 sa=+0.00 | phero=0 pd=0.00 pa=+0.00 | srch=0.00 | wall=2.06
R11[T3][EXPLORE   ]: L=+0.55 R=+1.00 | carry=0 | base=0.37 ba=+0.52 | site=0 sd=0.00 sa=+0.00 | phero=0 pd=0.00 pa=+0.00 | srch=0.62 | wall=1.66
R12[T3][RTB       ]: L=+1.00 R=+1.00 | carry=1 | base=0.44 ba=+0.00 | site=0 sd=0.00 sa=+0.00 | phero=0 pd=0.00 pa=+0.00 | srch=0.00 | wall=1.58
R13[T4][RTB       ]: L=+1.00 R=+1.00 | carry=1 | base=0.18 ba=+0.00 | site=0 sd=0.00 sa=+0.00 | phero=0 pd=0.00 pa=+0.00 | srch=0.00 | wall=2.73
R14[T4][RTB       ]: L=+1.00 R=+0.00 | carry=1 | base=0.56 ba=-0.42 | site=0 sd=0.00 sa=+0.00 | phero=0 pd=0.00 pa=+0.00 | srch=0.00 | wall=1.21
R15[T4][EXPLORE   ]: L=+1.00 R=+1.00 | carry=0 | base=0.32 ba=-0.59 | site=0 sd=0.00 sa=+0.00 | phero=0 pd=0.00 pa=+0.00 | srch=0.54 | wall=2.10
R16[T4][PHERO     ]: L=+1.00 R=+1.00 | carry=0 | base=0.47 ba=+1.00 | site=0 sd=0.00 sa=+0.00 | phero=1 pd=0.08 pa=+0.14 | srch=0.36 | wall=1.29

[PICKUP] Robot 8 picked up tag (density=10) | Total: 149
[DEPOSIT] Robot 1 deposited! Total: 143
  [PHERO] Laid at (0.95, -2.32) density=12 prob=1.00 total_entries=27
  [TARGET] Robot 1 → SITE (0.95,-2.32)
[PICKUP] Robot 2 picked up tag (density=1) | Total: 150
[DEPOSIT] Robot 13 deposited! Total: 144
  [PHERO] Laid at (1.08, -2.06) density=11 prob=1.00 total_entries=27
  [TARGET] Robot 13 → SITE (1.08,-2.06)
[DEPOSIT] Robot 7 deposited! Total: 145
  [PHERO] Laid at (2.33, -2.31) density=12 prob=1.00 total_entries=23
  [TARGET] Robot 7 → SITE (2.33,-2.31)
[PICKUP] Robot 5 picked up tag (density=16) | Total: 151
[PICKUP] Robot 3 picked up tag (density=4) | Total: 152
[PICKUP] Robot 16 picked up tag (density=10) | Total: 153
[DEPOSIT] Robot 10 deposited! Total: 146
  [PHERO] Laid at (2.25, -2.39) density=11 prob=1.00 total_entries=24
  [TARGET] Robot 10 → SITE (2.25,-2.39)

======================================================================
Step 16500 (8.8 min) | Pickups: 153 | Deposits: 146 | Rate: 16.59 tags/min | phero_entries=24 phero_max=0.952
======================================================================
R1[T1][SITE      ]: L=+1.00 R=+1.00 | carry=0 | base=0.25 ba=-0.95 | site=1 sd=0.29 sa=-0.17 | phero=0 pd=0.00 pa=+0.00 | srch=0.10 | wall=2.61
R2[T1][RTB       ]: L=+1.00 R=+1.00 | carry=1 | base=0.37 ba=-0.00 | site=0 sd=0.00 sa=+0.00 | phero=0 pd=0.00 pa=+0.00 | srch=0.00 | wall=1.98
R3[T1][RTB       ]: L=+1.00 R=+0.37 | carry=1 | base=0.57 ba=-0.26 | site=0 sd=0.00 sa=+0.00 | phero=0 pd=0.00 pa=+0.00 | srch=0.00 | wall=1.13
R4[T1][EXPLORE   ]: L=+1.00 R=+1.00 | carry=0 | base=0.79 ba=+0.68 | site=0 sd=0.00 sa=+0.00 | phero=0 pd=0.00 pa=+0.00 | srch=1.00 | wall=0.63
R5[T2][RTB       ]: L=+0.35 R=+1.00 | carry=1 | base=0.56 ba=+0.25 | site=0 sd=0.00 sa=+0.00 | phero=0 pd=0.00 pa=+0.00 | srch=0.00 | wall=0.88
R6[T2][SITE      ]: L=+1.00 R=+0.93 | carry=0 | base=0.41 ba=-0.90 | site=1 sd=0.16 sa=-0.16 | phero=0 pd=0.00 pa=+0.00 | srch=0.15 | wall=1.97
R7[T2][SITE      ]: L=+1.00 R=+0.99 | carry=0 | base=0.10 ba=+0.95 | site=1 sd=0.58 sa=-0.20 | phero=0 pd=0.00 pa=+0.00 | srch=0.04 | wall=3.05
R8[T2][RTB       ]: L=+1.00 R=+1.00 | carry=1 | base=0.26 ba=+0.00 | site=0 sd=0.00 sa=+0.00 | phero=0 pd=0.00 pa=+0.00 | srch=0.00 | wall=2.35
R9[T3][EXPLORE   ]: L=+0.73 R=+1.00 | carry=0 | base=0.21 ba=-0.00 | site=0 sd=0.00 sa=+0.00 | phero=0 pd=0.00 pa=+0.00 | srch=0.80 | wall=2.53
R10[T3][BASE_ESC  ]: L=+1.00 R=+0.00 | carry=0 | base=0.05 ba=+0.29 | site=1 sd=0.62 sa=-0.73 | phero=0 pd=0.00 pa=+0.00 | srch=0.01 | wall=3.34
R11[T3][EXPLORE   ]: L=+0.80 R=+1.00 | carry=0 | base=0.32 ba=-0.49 | site=0 sd=0.00 sa=+0.00 | phero=0 pd=0.00 pa=+0.00 | srch=0.74 | wall=1.90
R12[T3][RTB       ]: L=+1.00 R=+1.00 | carry=1 | base=0.05 ba=+0.00 | site=0 sd=0.00 sa=+0.00 | phero=0 pd=0.00 pa=+0.00 | srch=0.00 | wall=3.28
R13[T4][SITE      ]: L=+1.00 R=+1.00 | carry=0 | base=0.21 ba=-0.98 | site=1 sd=0.30 sa=+0.30 | phero=0 pd=0.00 pa=+0.00 | srch=0.08 | wall=2.45
R14[T4][RTB       ]: L=+1.00 R=+1.00 | carry=1 | base=0.20 ba=-0.00 | site=0 sd=0.00 sa=+0.00 | phero=0 pd=0.00 pa=+0.00 | srch=0.00 | wall=2.65
R15[T4][EXPLORE   ]: L=-0.07 R=+1.00 | carry=0 | base=0.50 ba=+0.35 | site=0 sd=0.00 sa=+0.00 | phero=0 pd=0.00 pa=+0.00 | srch=0.67 | wall=1.40
R16[T4][RTB       ]: L=+0.00 R=+1.00 | carry=1 | base=0.71 ba=+0.45 | site=0 sd=0.00 sa=+0.00 | phero=0 pd=0.00 pa=+0.00 | srch=0.00 | wall=0.80

[DEPOSIT] Robot 12 deposited! Total: 147
  [PHERO] Laid at (-1.26, 2.57) density=13 prob=1.00 total_entries=25
  [TARGET] Robot 12 → SITE (-1.26,2.57)
[PICKUP] Robot 6 picked up tag (density=12) | Total: 154
[DEPOSIT] Robot 14 deposited! Total: 148
  [PHERO] Laid at (-2.27, -1.55) density=5 prob=0.92 total_entries=25
  [TARGET] Robot 14 → SITE (-2.27,-1.55)
[DEPOSIT] Robot 8 deposited! Total: 149
  [PHERO] Laid at (1.13, -2.49) density=10 prob=1.00 total_entries=26
  [TARGET] Robot 8 → SITE (1.13,-2.49)
[PICKUP] Robot 1 picked up tag (density=9) | Total: 155
[GIVE-UP] R15 giving up after 3028 steps
[DEPOSIT] Robot 2 deposited! Total: 150
  [TARGET] Robot 2 → PHERO (2.33,-2.31)

======================================================================
Step 17000 (9.1 min) | Pickups: 155 | Deposits: 150 | Rate: 16.54 tags/min | phero_entries=26 phero_max=0.691
======================================================================
R1[T1][RTB       ]: L=+1.00 R=+0.99 | carry=1 | base=0.44 ba=-0.00 | site=0 sd=0.00 sa=+0.00 | phero=0 pd=0.00 pa=+0.00 | srch=0.00 | wall=1.63
R2[T1][BASE_ESC  ]: L=+0.00 R=+1.00 | carry=0 | base=0.05 ba=-0.71 | site=0 sd=0.00 sa=+0.00 | phero=1 pd=0.65 pa=-0.12 | srch=0.02 | wall=3.30
R3[T1][RTB       ]: L=+1.00 R=+1.00 | carry=1 | base=0.19 ba=-0.00 | site=0 sd=0.00 sa=+0.00 | phero=0 pd=0.00 pa=+0.00 | srch=0.00 | wall=2.70
R4[T1][EXPLORE   ]: L=+1.00 R=+1.00 | carry=0 | base=0.63 ba=+0.09 | site=0 sd=0.00 sa=+0.00 | phero=0 pd=0.00 pa=+0.00 | srch=1.00 | wall=1.00
R5[T2][RTB       ]: L=+1.00 R=+1.00 | carry=1 | base=0.19 ba=+0.00 | site=0 sd=0.00 sa=+0.00 | phero=0 pd=0.00 pa=+0.00 | srch=0.00 | wall=2.61
R6[T2][RTB       ]: L=+1.00 R=+1.00 | carry=1 | base=0.35 ba=-0.00 | site=0 sd=0.00 sa=+0.00 | phero=0 pd=0.00 pa=+0.00 | srch=0.00 | wall=1.98
R7[T2][SITE      ]: L=+0.58 R=+0.58 | carry=0 | base=0.40 ba=-0.90 | site=1 sd=0.28 sa=-0.01 | phero=0 pd=0.00 pa=+0.00 | srch=0.17 | wall=1.93
R8[T2][SITE      ]: L=+1.00 R=+1.00 | carry=0 | base=0.13 ba=-0.93 | site=1 sd=0.42 sa=+0.03 | phero=0 pd=0.00 pa=+0.00 | srch=0.06 | wall=2.95
R9[T3][EXPLORE   ]: L=+0.79 R=+1.00 | carry=0 | base=0.22 ba=+0.97 | site=0 sd=0.00 sa=+0.00 | phero=0 pd=0.00 pa=+0.00 | srch=0.93 | wall=2.45
R10[T3][SITE      ]: L=+1.00 R=+1.00 | carry=0 | base=0.36 ba=-0.85 | site=1 sd=0.31 sa=+0.05 | phero=0 pd=0.00 pa=+0.00 | srch=0.13 | wall=2.12
R11[T3][EXPLORE   ]: L=+1.00 R=+0.86 | carry=0 | base=0.50 ba=-0.77 | site=0 sd=0.00 sa=+0.00 | phero=0 pd=0.00 pa=+0.00 | srch=0.87 | wall=1.57
R12[T3][SITE      ]: L=+1.00 R=+0.58 | carry=0 | base=0.34 ba=-0.94 | site=1 sd=0.24 sa=+0.04 | phero=0 pd=0.00 pa=+0.00 | srch=0.12 | wall=2.03
R13[T4][SITE      ]: L=+0.91 R=+1.00 | carry=0 | base=0.52 ba=+0.55 | site=1 sd=0.11 sa=+0.22 | phero=0 pd=0.00 pa=+0.00 | srch=0.21 | wall=1.03
R14[T4][SITE      ]: L=+0.97 R=+1.00 | carry=0 | base=0.20 ba=+0.99 | site=1 sd=0.39 sa=+0.20 | phero=0 pd=0.00 pa=+0.00 | srch=0.08 | wall=2.53
R15[T4][GIVE_UP   ]: L=+1.00 R=+1.00 | carry=0 | base=0.40 ba=-0.00 | site=0 sd=0.00 sa=+0.00 | phero=0 pd=0.00 pa=+0.00 | srch=0.79 | wall=1.78
R16[T4][RTB       ]: L=+1.00 R=+1.00 | carry=1 | base=0.35 ba=+0.00 | site=0 sd=0.00 sa=+0.00 | phero=0 pd=0.00 pa=+0.00 | srch=0.00 | wall=2.18

[PICKUP] Robot 11 picked up tag (density=8) | Total: 156
[PICKUP] Robot 13 picked up tag (density=7) | Total: 157
[GIVE-UP] R4 giving up after 5216 steps
[DEPOSIT] Robot 5 deposited! Total: 151
  [PHERO] Laid at (-2.59, 0.96) density=16 prob=1.00 total_entries=25
  [TARGET] Robot 5 → SITE (-2.59,0.96)
[DEPOSIT] Robot 3 deposited! Total: 152
  [PHERO] Laid at (-2.35, -1.55) density=4 prob=0.82 total_entries=26
  [TARGET] Robot 3 → SITE (-2.35,-1.55)
[DEPOSIT] Robot 16 deposited! Total: 153
  [PHERO] Laid at (2.20, -2.71) density=10 prob=1.00 total_entries=25
  [TARGET] Robot 16 → SITE (2.20,-2.71)
[DEPOSIT] Robot 6 deposited! Total: 154
  [PHERO] Laid at (-1.39, 2.23) density=12 prob=1.00 total_entries=26
  [TARGET] Robot 6 → SITE (-1.39,2.23)
[PICKUP] Robot 10 picked up tag (density=9) | Total: 158
[EMPTY_RTN] R15 → phero(-2.35,-1.55)

======================================================================
Step 17500 (9.3 min) | Pickups: 158 | Deposits: 154 | Rate: 16.50 tags/min | phero_entries=25 phero_max=0.841
======================================================================
R1[T1][RTB       ]: L=+1.00 R=+1.00 | carry=1 | base=0.06 ba=-0.00 | site=0 sd=0.00 sa=+0.00 | phero=0 pd=0.00 pa=+0.00 | srch=0.00 | wall=3.26
R2[T1][PHERO     ]: L=+0.99 R=+0.97 | carry=0 | base=0.37 ba=-0.87 | site=0 sd=0.00 sa=+0.00 | phero=1 pd=0.33 pa=-0.09 | srch=0.15 | wall=1.84
R3[T1][SITE      ]: L=+0.98 R=+1.00 | carry=0 | base=0.21 ba=+0.98 | site=1 sd=0.38 sa=+0.15 | phero=0 pd=0.00 pa=+0.00 | srch=0.08 | wall=2.49
R4[T1][GIVE_UP   ]: L=+1.00 R=+1.00 | carry=0 | base=0.25 ba=+0.00 | site=0 sd=0.00 sa=+0.00 | phero=0 pd=0.00 pa=+0.00 | srch=1.00 | wall=2.47
R5[T2][SITE      ]: L=+1.00 R=+0.96 | carry=0 | base=0.21 ba=-0.95 | site=1 sd=0.38 sa=-0.18 | phero=0 pd=0.00 pa=+0.00 | srch=0.08 | wall=2.47
R6[T2][BASE_ESC  ]: L=+0.59 R=+1.00 | carry=0 | base=0.05 ba=-0.91 | site=1 sd=0.49 sa=+0.23 | phero=0 pd=0.00 pa=+0.00 | srch=0.03 | wall=3.26
R7[T2][SITE      ]: L=+0.93 R=+0.92 | carry=0 | base=0.53 ba=-0.96 | site=1 sd=0.13 sa=-0.04 | phero=0 pd=0.00 pa=+0.00 | srch=0.29 | wall=1.53
R8[T2][SITE      ]: L=+0.86 R=+1.00 | carry=0 | base=0.51 ba=+0.93 | site=1 sd=0.07 sa=+0.23 | phero=0 pd=0.00 pa=+0.00 | srch=0.18 | wall=1.11
R9[T3][EXPLORE   ]: L=+1.00 R=+1.00 | carry=0 | base=0.54 ba=+0.88 | site=0 sd=0.00 sa=+0.00 | phero=0 pd=0.00 pa=+0.00 | srch=1.00 | wall=0.97
R10[T3][RTB       ]: L=+0.00 R=+1.00 | carry=1 | base=0.68 ba=+0.40 | site=0 sd=0.00 sa=+0.00 | phero=0 pd=0.00 pa=+0.00 | srch=0.00 | wall=0.99
R11[T3][RTB       ]: L=+1.00 R=+1.00 | carry=1 | base=0.26 ba=-0.00 | site=0 sd=0.00 sa=+0.00 | phero=0 pd=0.00 pa=+0.00 | srch=0.00 | wall=2.42
R12[T3][EXPLORE   ]: L=+1.00 R=+0.49 | carry=0 | base=0.61 ba=-0.91 | site=0 sd=0.00 sa=+0.00 | phero=0 pd=0.00 pa=+0.00 | srch=0.25 | wall=0.81
R13[T4][RTB       ]: L=+1.00 R=+1.00 | carry=1 | base=0.22 ba=+0.00 | site=0 sd=0.00 sa=+0.00 | phero=0 pd=0.00 pa=+0.00 | srch=0.00 | wall=2.51
R14[T4][SITE      ]: L=+0.88 R=+0.81 | carry=0 | base=0.52 ba=+0.68 | site=1 sd=0.04 sa=-0.13 | phero=0 pd=0.00 pa=+0.00 | srch=0.20 | wall=1.30
R15[T4][BASE_ESC  ]: L=+1.00 R=+0.00 | carry=0 | base=0.04 ba=+0.46 | site=0 sd=0.00 sa=+0.00 | phero=1 pd=0.57 pa=-0.04 | srch=0.01 | wall=3.32
R16[T4][BASE_ESC  ]: L=+1.00 R=+0.53 | carry=0 | base=0.05 ba=+0.88 | site=1 sd=0.66 sa=-0.21 | phero=0 pd=0.00 pa=+0.00 | srch=0.03 | wall=3.30

[DEPOSIT] Robot 1 deposited! Total: 155
  [PHERO] Laid at (1.39, -2.04) density=9 prob=1.00 total_entries=26
  [TARGET] Robot 1 → SITE (1.39,-2.04)
[PICKUP] Robot 8 picked up tag (density=6) | Total: 159
[DEPOSIT] Robot 13 deposited! Total: 156
  [PHERO] Laid at (1.03, -2.30) density=7 prob=0.99 total_entries=26
  [TARGET] Robot 13 → SITE (1.03,-2.30)
[EMPTY_RTN] R4 → phero(1.08,-2.06)
[DEPOSIT] Robot 11 deposited! Total: 157
  [PHERO] Laid at (1.47, -2.20) density=8 prob=1.00 total_entries=27
  [TARGET] Robot 11 → SITE (1.47,-2.20)
[GIVE-UP] R9 giving up after 4624 steps
[PICKUP] Robot 9 picked up tag (density=11) | Total: 160

======================================================================
Step 18000 (9.6 min) | Pickups: 160 | Deposits: 157 | Rate: 16.35 tags/min | phero_entries=24 phero_max=0.694
======================================================================
R1[T1][SITE      ]: L=+1.00 R=+1.00 | carry=0 | base=0.33 ba=+0.87 | site=1 sd=0.23 sa=+0.17 | phero=0 pd=0.00 pa=+0.00 | srch=0.12 | wall=1.92
R2[T1][PHERO     ]: L=+1.00 R=+0.31 | carry=0 | base=0.67 ba=-0.45 | site=0 sd=0.00 sa=+0.00 | phero=1 pd=0.01 pa=-0.23 | srch=0.27 | wall=1.12
R3[T1][SITE      ]: L=+1.00 R=+1.00 | carry=0 | base=0.53 ba=+0.97 | site=1 sd=0.04 sa=+0.11 | phero=0 pd=0.00 pa=+0.00 | srch=0.20 | wall=1.26
R4[T1][BASE_ESC  ]: L=+0.00 R=+1.00 | carry=0 | base=0.05 ba=-0.57 | site=0 sd=0.00 sa=+0.00 | phero=1 pd=0.50 pa=-0.30 | srch=0.06 | wall=3.28
R5[T2][SITE      ]: L=+1.00 R=+0.91 | carry=0 | base=0.55 ba=-0.71 | site=1 sd=0.03 sa=-0.11 | phero=0 pd=0.00 pa=+0.00 | srch=0.21 | wall=0.91
R6[T2][SITE      ]: L=+0.95 R=+1.00 | carry=0 | base=0.43 ba=+0.87 | site=1 sd=0.23 sa=+0.31 | phero=0 pd=0.00 pa=+0.00 | srch=0.15 | wall=1.38
R7[T2][SITE      ]: L=-0.05 R=-0.06 | carry=0 | base=0.62 ba=-0.95 | site=1 sd=0.05 sa=-0.07 | phero=0 pd=0.00 pa=+0.00 | srch=0.42 | wall=1.27
R8[T2][RTB       ]: L=+1.00 R=+1.00 | carry=1 | base=0.31 ba=+0.00 | site=0 sd=0.00 sa=+0.00 | phero=0 pd=0.00 pa=+0.00 | srch=0.00 | wall=2.15
R9[T3][RTB       ]: L=+0.98 R=+1.00 | carry=1 | base=0.60 ba=+0.01 | site=0 sd=0.00 sa=+0.00 | phero=0 pd=0.00 pa=+0.00 | srch=0.00 | wall=0.98
R10[T3][RTB       ]: L=+1.00 R=+1.00 | carry=1 | base=0.32 ba=+0.00 | site=0 sd=0.00 sa=+0.00 | phero=0 pd=0.00 pa=+0.00 | srch=0.00 | wall=2.35
R11[T3][SITE      ]: L=+0.98 R=+1.00 | carry=0 | base=0.13 ba=+0.96 | site=1 sd=0.41 sa=+0.08 | phero=0 pd=0.00 pa=+0.00 | srch=0.06 | wall=2.87
R12[T3][EXPLORE   ]: L=+1.00 R=+1.00 | carry=0 | base=0.62 ba=-0.58 | site=0 sd=0.00 sa=+0.00 | phero=0 pd=0.00 pa=+0.00 | srch=0.37 | wall=0.60
R13[T4][SITE      ]: L=+1.00 R=+1.00 | carry=0 | base=0.17 ba=+0.99 | site=1 sd=0.37 sa=-0.26 | phero=0 pd=0.00 pa=+0.00 | srch=0.07 | wall=2.80
R14[T4][EXPLORE   ]: L=+1.00 R=+1.00 | carry=0 | base=0.69 ba=+0.53 | site=0 sd=0.00 sa=+0.00 | phero=0 pd=0.00 pa=+0.00 | srch=0.33 | wall=0.69
R15[T4][PHERO     ]: L=+0.72 R=+0.72 | carry=0 | base=0.25 ba=+0.92 | site=0 sd=0.00 sa=+0.00 | phero=1 pd=0.33 pa=+0.07 | srch=0.14 | wall=2.31
R16[T4][SITE      ]: L=+1.00 R=+0.98 | carry=0 | base=0.43 ba=-0.91 | site=1 sd=0.31 sa=-0.09 | phero=0 pd=0.00 pa=+0.00 | srch=0.15 | wall=1.82

[PICKUP] Robot 5 picked up tag (density=15) | Total: 161
[PICKUP] Robot 1 picked up tag (density=5) | Total: 162
[PICKUP] Robot 3 picked up tag (density=15) | Total: 163
[GIVE-UP] R2 giving up after 1399 steps
[DEPOSIT] Robot 8 deposited! Total: 158
  [PHERO] Laid at (1.21, -2.48) density=6 prob=0.97 total_entries=23
  [TARGET] Robot 8 → SITE (1.21,-2.48)
[DEPOSIT] Robot 10 deposited! Total: 159
  [PHERO] Laid at (2.24, -2.52) density=9 prob=1.00 total_entries=24
  [TARGET] Robot 10 → SITE (2.24,-2.52)
[PICKUP] Robot 16 picked up tag (density=8) | Total: 164
[PICKUP] Robot 6 picked up tag (density=10) | Total: 165
[PICKUP] Robot 7 picked up tag (density=7) | Total: 166
[PICKUP] Robot 11 picked up tag (density=4) | Total: 167

======================================================================
Step 18500 (9.9 min) | Pickups: 167 | Deposits: 159 | Rate: 16.11 tags/min | phero_entries=24 phero_max=0.788
======================================================================
R1[T1][RTB       ]: L=+1.00 R=+1.00 | carry=1 | base=0.36 ba=+0.00 | site=0 sd=0.00 sa=+0.00 | phero=0 pd=0.00 pa=+0.00 | srch=0.00 | wall=1.93
R2[T1][GIVE_UP   ]: L=+1.00 R=+1.00 | carry=0 | base=0.57 ba=-0.00 | site=0 sd=0.00 sa=+0.00 | phero=0 pd=0.00 pa=+0.00 | srch=0.40 | wall=0.90
R3[T1][RTB       ]: L=+1.00 R=+1.00 | carry=1 | base=0.65 ba=+0.00 | site=0 sd=0.00 sa=+0.00 | phero=0 pd=0.00 pa=+0.00 | srch=0.00 | wall=1.16
R4[T1][PHERO     ]: L=+0.91 R=+0.92 | carry=0 | base=0.18 ba=-0.90 | site=0 sd=0.00 sa=+0.00 | phero=1 pd=0.29 pa=+0.06 | srch=0.19 | wall=2.74
R5[T2][RTB       ]: L=+1.00 R=+1.00 | carry=1 | base=0.26 ba=-0.00 | site=0 sd=0.00 sa=+0.00 | phero=0 pd=0.00 pa=+0.00 | srch=0.00 | wall=2.31
R6[T2][RTB       ]: L=+0.99 R=+1.00 | carry=1 | base=0.54 ba=+0.00 | site=0 sd=0.00 sa=+0.00 | phero=0 pd=0.00 pa=+0.00 | srch=0.00 | wall=1.16
R7[T2][RTB       ]: L=+1.00 R=+0.00 | carry=1 | base=0.68 ba=-0.47 | site=0 sd=0.00 sa=+0.00 | phero=0 pd=0.00 pa=+0.00 | srch=0.00 | wall=1.11
R8[T2][SITE      ]: L=+1.00 R=+0.99 | carry=0 | base=0.08 ba=-0.93 | site=1 sd=0.48 sa=+0.00 | phero=0 pd=0.00 pa=+0.00 | srch=0.04 | wall=3.20
R9[T3][RTB       ]: L=+1.00 R=+1.00 | carry=1 | base=0.21 ba=+0.00 | site=0 sd=0.00 sa=+0.00 | phero=0 pd=0.00 pa=+0.00 | srch=0.00 | wall=2.61
R10[T3][SITE      ]: L=+1.00 R=+1.00 | carry=0 | base=0.08 ba=+0.92 | site=1 sd=0.61 sa=-0.23 | phero=0 pd=0.00 pa=+0.00 | srch=0.04 | wall=3.14
R11[T3][RTB       ]: L=+0.00 R=+1.00 | carry=1 | base=0.49 ba=+0.61 | site=0 sd=0.00 sa=+0.00 | phero=0 pd=0.00 pa=+0.00 | srch=0.00 | wall=1.47
R12[T3][EXPLORE   ]: L=+1.00 R=+1.00 | carry=0 | base=0.48 ba=-0.34 | site=0 sd=0.00 sa=+0.00 | phero=0 pd=0.00 pa=+0.00 | srch=0.50 | wall=1.16
R13[T4][SITE      ]: L=+1.00 R=+0.95 | carry=0 | base=0.51 ba=-0.75 | site=1 sd=0.14 sa=-0.29 | phero=0 pd=0.00 pa=+0.00 | srch=0.19 | wall=1.55
R14[T4][EXPLORE   ]: L=+1.00 R=+1.00 | carry=0 | base=0.51 ba=+0.21 | site=0 sd=0.00 sa=+0.00 | phero=0 pd=0.00 pa=+0.00 | srch=0.45 | wall=1.08
R15[T4][PHERO     ]: L=+0.73 R=+0.67 | carry=0 | base=0.54 ba=+0.81 | site=0 sd=0.00 sa=+0.00 | phero=1 pd=0.03 pa=-0.08 | srch=0.26 | wall=1.24
R16[T4][RTB       ]: L=+1.00 R=+0.90 | carry=1 | base=0.66 ba=-0.04 | site=0 sd=0.00 sa=+0.00 | phero=0 pd=0.00 pa=+0.00 | srch=0.00 | wall=0.96

[GIVE-UP] R14 giving up after 1867 steps
[PICKUP] Robot 13 picked up tag (density=3) | Total: 168
[DEPOSIT] Robot 9 deposited! Total: 160
  [PHERO] Laid at (-1.66, 2.72) density=11 prob=1.00 total_entries=25
  [TARGET] Robot 9 → SITE (-1.66,2.72)
[DEPOSIT] Robot 5 deposited! Total: 161
  [PHERO] Laid at (-2.61, 0.99) density=15 prob=1.00 total_entries=25
  [TARGET] Robot 5 → SITE (-2.61,0.99)
[PICKUP] Robot 15 picked up tag (density=14) | Total: 169
[PICKUP] Robot 4 picked up tag (density=2) | Total: 170

======================================================================
Step 19000 (10.1 min) | Pickups: 170 | Deposits: 161 | Rate: 15.89 tags/min | phero_entries=24 phero_max=0.693
======================================================================
R1[T1][RTB       ]: L=+1.00 R=+1.00 | carry=1 | base=0.08 ba=+0.00 | site=0 sd=0.00 sa=+0.00 | phero=0 pd=0.00 pa=+0.00 | srch=0.00 | wall=3.15
R2[T1][GIVE_UP   ]: L=+1.00 R=+1.00 | carry=0 | base=0.20 ba=-0.00 | site=0 sd=0.00 sa=+0.00 | phero=0 pd=0.00 pa=+0.00 | srch=0.52 | wall=2.58
R3[T1][RTB       ]: L=+1.00 R=+1.00 | carry=1 | base=0.27 ba=+0.00 | site=0 sd=0.00 sa=+0.00 | phero=0 pd=0.00 pa=+0.00 | srch=0.00 | wall=2.55
R4[T1][RTB       ]: L=+0.02 R=+1.00 | carry=1 | base=0.49 ba=+0.39 | site=0 sd=0.00 sa=+0.00 | phero=0 pd=0.00 pa=+0.00 | srch=0.00 | wall=1.37
R5[T2][SITE      ]: L=+1.00 R=+1.00 | carry=0 | base=0.14 ba=-0.96 | site=1 sd=0.45 sa=+0.24 | phero=0 pd=0.00 pa=+0.00 | srch=0.06 | wall=2.99
R6[T2][RTB       ]: L=+1.00 R=+1.00 | carry=1 | base=0.15 ba=+0.00 | site=0 sd=0.00 sa=+0.00 | phero=0 pd=0.00 pa=+0.00 | srch=0.00 | wall=2.84
R7[T2][RTB       ]: L=+1.00 R=+1.00 | carry=1 | base=0.33 ba=-0.00 | site=0 sd=0.00 sa=+0.00 | phero=0 pd=0.00 pa=+0.00 | srch=0.00 | wall=2.32
R8[T2][SITE      ]: L=+1.00 R=+1.00 | carry=0 | base=0.33 ba=-0.87 | site=1 sd=0.25 sa=+0.31 | phero=0 pd=0.00 pa=+0.00 | srch=0.17 | wall=1.89
R9[T3][SITE      ]: L=+1.00 R=+0.98 | carry=0 | base=0.18 ba=+1.00 | site=1 sd=0.49 sa=-0.22 | phero=0 pd=0.00 pa=+0.00 | srch=0.07 | wall=2.71
R10[T3][SITE      ]: L=+1.00 R=+1.00 | carry=0 | base=0.47 ba=+0.99 | site=1 sd=0.42 sa=-0.45 | phero=0 pd=0.00 pa=+0.00 | srch=0.16 | wall=1.24
R11[T3][RTB       ]: L=+1.00 R=+1.00 | carry=1 | base=0.15 ba=+0.00 | site=0 sd=0.00 sa=+0.00 | phero=0 pd=0.00 pa=+0.00 | srch=0.00 | wall=2.90
R12[T3][EXPLORE   ]: L=+1.00 R=+1.00 | carry=0 | base=0.45 ba=-0.61 | site=0 sd=0.00 sa=+0.00 | phero=0 pd=0.00 pa=+0.00 | srch=0.62 | wall=1.58
R13[T4][RTB       ]: L=+1.00 R=+1.00 | carry=1 | base=0.27 ba=-0.00 | site=0 sd=0.00 sa=+0.00 | phero=0 pd=0.00 pa=+0.00 | srch=0.00 | wall=2.34
R14[T4][GIVE_UP   ]: L=+1.00 R=+1.00 | carry=0 | base=0.14 ba=+0.00 | site=0 sd=0.00 sa=+0.00 | phero=0 pd=0.00 pa=+0.00 | srch=0.58 | wall=2.83
R15[T4][RTB       ]: L=+1.00 R=+1.00 | carry=1 | base=0.62 ba=+0.00 | site=0 sd=0.00 sa=+0.00 | phero=0 pd=0.00 pa=+0.00 | srch=0.00 | wall=1.32
R16[T4][RTB       ]: L=+1.00 R=+1.00 | carry=1 | base=0.28 ba=-0.00 | site=0 sd=0.00 sa=+0.00 | phero=0 pd=0.00 pa=+0.00 | srch=0.00 | wall=2.44

[DEPOSIT] Robot 1 deposited! Total: 162
  [PHERO] Laid at (1.04, -2.18) density=5 prob=0.92 total_entries=25
  [TARGET] Robot 1 → SITE (1.04,-2.18)
[EMPTY_RTN] R14 → phero(1.04,-2.18)
[DEPOSIT] Robot 6 deposited! Total: 163
  [PHERO] Laid at (-1.36, 2.66) density=10 prob=1.00 total_entries=26
  [TARGET] Robot 6 → SITE (-1.36,2.66)
[DEPOSIT] Robot 11 deposited! Total: 164
  [TARGET] Robot 11 → SITE (1.26,-2.02)
[EMPTY_RTN] R2 → phero(1.04,-2.18)
[DEPOSIT] Robot 3 deposited! Total: 165
  [PHERO] Laid at (-2.68, -2.42) density=15 prob=1.00 total_entries=25
  [TARGET] Robot 3 → SITE (-2.68,-2.42)
[DEPOSIT] Robot 13 deposited! Total: 166
  [PHERO] Laid at (1.46, -2.26) density=3 prob=0.65 total_entries=26
  [TARGET] Robot 13 → SITE (1.46,-2.26)
[DEPOSIT] Robot 16 deposited! Total: 167
  [PHERO] Laid at (2.24, -2.56) density=8 prob=1.00 total_entries=27
  [TARGET] Robot 16 → SITE (2.24,-2.56)
[DEPOSIT] Robot 7 deposited! Total: 168
  [PHERO] Laid at (2.35, -2.35) density=7 prob=0.99 total_entries=28
  [TARGET] Robot 7 → SITE (2.35,-2.35)

======================================================================
Step 19500 (10.4 min) | Pickups: 170 | Deposits: 168 | Rate: 16.15 tags/min | phero_entries=26 phero_max=0.837
======================================================================
R1[T1][SITE      ]: L=+1.00 R=+1.00 | carry=0 | base=0.25 ba=-0.87 | site=1 sd=0.25 sa=+0.21 | phero=0 pd=0.00 pa=+0.00 | srch=0.12 | wall=2.35
R2[T1][PHERO     ]: L=+1.00 R=+1.00 | carry=0 | base=0.15 ba=+0.96 | site=0 sd=0.00 sa=+0.00 | phero=1 pd=0.34 pa=-0.12 | srch=0.07 | wall=2.90
R3[T1][SITE      ]: L=+0.52 R=+0.53 | carry=0 | base=0.10 ba=-0.96 | site=1 sd=0.63 sa=-0.03 | phero=0 pd=0.00 pa=+0.00 | srch=0.06 | wall=3.10
R4[T1][RTB       ]: L=+1.00 R=+1.00 | carry=1 | base=0.15 ba=+0.01 | site=0 sd=0.00 sa=+0.00 | phero=0 pd=0.00 pa=+0.00 | srch=0.00 | wall=2.85
R5[T2][SITE      ]: L=+1.00 R=+1.00 | carry=0 | base=0.49 ba=+0.79 | site=1 sd=0.20 sa=+0.22 | phero=0 pd=0.00 pa=+0.00 | srch=0.18 | wall=1.64
R6[T2][SITE      ]: L=+1.00 R=+1.00 | carry=0 | base=0.25 ba=+0.98 | site=1 sd=0.42 sa=-0.30 | phero=0 pd=0.00 pa=+0.00 | srch=0.09 | wall=2.45
R7[T2][SITE      ]: L=+1.00 R=+1.00 | carry=0 | base=0.05 ba=+0.89 | site=1 sd=0.62 sa=-0.18 | phero=0 pd=0.00 pa=+0.00 | srch=0.03 | wall=3.29
R8[T2][EXPLORE   ]: L=+1.00 R=+1.00 | carry=0 | base=0.60 ba=+0.73 | site=0 sd=0.00 sa=+0.00 | phero=0 pd=0.00 pa=+0.00 | srch=0.29 | wall=0.94
R9[T3][SITE      ]: L=+1.00 R=+1.00 | carry=0 | base=0.55 ba=-0.95 | site=1 sd=0.15 sa=-0.27 | phero=0 pd=0.00 pa=+0.00 | srch=0.20 | wall=1.48
R10[T3][SITE      ]: L=+1.00 R=+0.96 | carry=0 | base=0.67 ba=-0.59 | site=1 sd=0.11 sa=-0.09 | phero=0 pd=0.00 pa=+0.00 | srch=0.29 | wall=0.92
R11[T3][SITE      ]: L=+0.99 R=+1.00 | carry=0 | base=0.15 ba=+0.98 | site=1 sd=0.34 sa=+0.13 | phero=0 pd=0.00 pa=+0.00 | srch=0.09 | wall=2.78
R12[T3][EXPLORE   ]: L=+1.00 R=+1.00 | carry=0 | base=0.30 ba=+0.18 | site=0 sd=0.00 sa=+0.00 | phero=0 pd=0.00 pa=+0.00 | srch=0.75 | wall=2.10
R13[T4][SITE      ]: L=+0.98 R=+1.00 | carry=0 | base=0.11 ba=-0.95 | site=1 sd=0.45 sa=+0.23 | phero=0 pd=0.00 pa=+0.00 | srch=0.05 | wall=2.98
R14[T4][PHERO     ]: L=+1.00 R=+1.00 | carry=0 | base=0.23 ba=+0.95 | site=0 sd=0.00 sa=+0.00 | phero=1 pd=0.25 pa=-0.04 | srch=0.10 | wall=2.45
R15[T4][RTB       ]: L=+1.00 R=+1.00 | carry=1 | base=0.23 ba=+0.00 | site=0 sd=0.00 sa=+0.00 | phero=0 pd=0.00 pa=+0.00 | srch=0.00 | wall=2.69
R16[T4][SITE      ]: L=+1.00 R=+0.98 | carry=0 | base=0.12 ba=+0.99 | site=1 sd=0.58 sa=-0.20 | phero=0 pd=0.00 pa=+0.00 | srch=0.05 | wall=2.93

[PICKUP] Robot 10 picked up tag (density=6) | Total: 171
[DEPOSIT] Robot 4 deposited! Total: 169
  [PHERO] Laid at (1.16, -2.13) density=2 prob=0.42 total_entries=27
  [TARGET] Robot 4 → SITE (1.16,-2.13)
[DEPOSIT] Robot 15 deposited! Total: 170
  [PHERO] Laid at (-2.60, -2.42) density=14 prob=1.00 total_entries=28
  [TARGET] Robot 15 → SITE (-2.60,-2.42)
[PICKUP] Robot 5 picked up tag (density=14) | Total: 172
[GIVE-UP] R12 giving up after 3346 steps
[PICKUP] Robot 6 picked up tag (density=17) | Total: 173
[PICKUP] Robot 2 picked up tag (density=1) | Total: 174

======================================================================
Step 20000 (10.7 min) | Pickups: 174 | Deposits: 170 | Rate: 15.94 tags/min | phero_entries=27 phero_max=0.653
======================================================================
R1[T1][SITE      ]: L=+0.60 R=+1.00 | carry=0 | base=0.59 ba=+0.63 | site=1 sd=0.11 sa=+0.49 | phero=0 pd=0.00 pa=+0.00 | srch=0.24 | wall=0.76
R2[T1][RTB       ]: L=+1.00 R=+0.00 | carry=1 | base=0.51 ba=-0.55 | site=0 sd=0.00 sa=+0.00 | phero=0 pd=0.00 pa=+0.00 | srch=0.00 | wall=1.32
R3[T1][SITE      ]: L=+0.04 R=+0.55 | carry=0 | base=0.42 ba=+0.99 | site=1 sd=0.31 sa=+0.06 | phero=0 pd=0.00 pa=+0.00 | srch=0.18 | wall=1.84
R4[T1][SITE      ]: L=+1.00 R=+0.73 | carry=0 | base=0.22 ba=-0.97 | site=1 sd=0.28 sa=+0.13 | phero=0 pd=0.00 pa=+0.00 | srch=0.09 | wall=2.49
R5[T2][RTB       ]: L=+1.00 R=+1.00 | carry=1 | base=0.51 ba=+0.00 | site=0 sd=0.00 sa=+0.00 | phero=0 pd=0.00 pa=+0.00 | srch=0.00 | wall=1.21
R6[T2][RTB       ]: L=+1.00 R=+0.00 | carry=1 | base=0.59 ba=-0.59 | site=0 sd=0.00 sa=+0.00 | phero=0 pd=0.00 pa=+0.00 | srch=0.00 | wall=1.11
R7[T2][SITE      ]: L=+1.00 R=+0.83 | carry=0 | base=0.43 ba=-0.84 | site=1 sd=0.36 sa=-0.20 | phero=0 pd=0.00 pa=+0.00 | srch=0.15 | wall=1.46
R8[T2][WALL_ESC  ]: L=+0.00 R=+1.00 | carry=0 | base=0.87 ba=+0.37 | site=0 sd=0.00 sa=+0.00 | phero=0 pd=0.00 pa=+0.00 | srch=0.42 | wall=0.31
R9[T3][SITE      ]: L=+1.00 R=+0.83 | carry=0 | base=0.67 ba=-0.03 | site=1 sd=0.05 sa=-0.37 | phero=0 pd=0.00 pa=+0.00 | srch=0.32 | wall=0.55
R10[T3][RTB       ]: L=+1.00 R=+1.00 | carry=1 | base=0.36 ba=-0.00 | site=0 sd=0.00 sa=+0.00 | phero=0 pd=0.00 pa=+0.00 | srch=0.00 | wall=2.20
R11[T3][EXPLORE   ]: L=+1.00 R=+1.00 | carry=0 | base=0.50 ba=+0.81 | site=0 sd=0.00 sa=+0.00 | phero=0 pd=0.00 pa=+0.00 | srch=0.22 | wall=1.42
R12[T3][GIVE_UP   ]: L=+1.00 R=+1.00 | carry=0 | base=0.08 ba=+0.00 | site=0 sd=0.00 sa=+0.00 | phero=0 pd=0.00 pa=+0.00 | srch=0.87 | wall=3.09
R13[T4][SITE      ]: L=+1.00 R=+1.00 | carry=0 | base=0.48 ba=+0.93 | site=1 sd=0.18 sa=+0.38 | phero=0 pd=0.00 pa=+0.00 | srch=0.18 | wall=1.18
R14[T4][EXPLORE   ]: L=+1.00 R=+1.00 | carry=0 | base=0.51 ba=-0.59 | site=0 sd=0.00 sa=+0.00 | phero=0 pd=0.00 pa=+0.00 | srch=0.22 | wall=1.08
R15[T4][SITE      ]: L=+0.73 R=+0.73 | carry=0 | base=0.14 ba=-0.90 | site=1 sd=0.58 sa=+0.05 | phero=0 pd=0.00 pa=+0.00 | srch=0.07 | wall=2.96
R16[T4][SITE      ]: L=+1.00 R=+1.00 | carry=0 | base=0.47 ba=-0.79 | site=1 sd=0.22 sa=+0.12 | phero=0 pd=0.00 pa=+0.00 | srch=0.17 | wall=1.81

[EMPTY_RTN] R12 → phero(2.35,-2.35)
[PICKUP] Robot 9 picked up tag (density=9) | Total: 175
[PICKUP] Robot 14 picked up tag (density=12) | Total: 176
[DEPOSIT] Robot 10 deposited! Total: 171
  [PHERO] Laid at (2.53, -2.22) density=6 prob=0.97 total_entries=27
  [TARGET] Robot 10 → SITE (2.53,-2.22)

======================================================================
Step 20500 (10.9 min) | Pickups: 176 | Deposits: 171 | Rate: 15.64 tags/min | phero_entries=25 phero_max=0.849
======================================================================
R1[T1][SITE      ]: L=+0.93 R=+1.00 | carry=0 | base=0.42 ba=+0.04 | site=1 sd=0.19 sa=+0.60 | phero=0 pd=0.00 pa=+0.00 | srch=0.37 | wall=1.96
R2[T1][RTB       ]: L=+1.00 R=+1.00 | carry=1 | base=0.17 ba=-0.00 | site=0 sd=0.00 sa=+0.00 | phero=0 pd=0.00 pa=+0.00 | srch=0.00 | wall=2.76
R3[T1][SITE      ]: L=+0.45 R=+0.45 | carry=0 | base=0.64 ba=+0.96 | site=1 sd=0.09 sa=-0.00 | phero=0 pd=0.00 pa=+0.00 | srch=0.31 | wall=1.12
R4[T1][SITE      ]: L=+0.68 R=+1.00 | carry=0 | base=0.51 ba=+0.31 | site=1 sd=0.02 sa=+0.32 | phero=0 pd=0.00 pa=+0.00 | srch=0.22 | wall=1.27
R5[T2][RTB       ]: L=+1.00 R=+1.00 | carry=1 | base=0.13 ba=+0.00 | site=0 sd=0.00 sa=+0.00 | phero=0 pd=0.00 pa=+0.00 | srch=0.00 | wall=2.93
R6[T2][RTB       ]: L=+1.00 R=+1.00 | carry=1 | base=0.25 ba=-0.00 | site=0 sd=0.00 sa=+0.00 | phero=0 pd=0.00 pa=+0.00 | srch=0.00 | wall=2.50
R7[T2][EXPLORE   ]: L=+1.00 R=+1.00 | carry=0 | base=0.67 ba=-0.56 | site=0 sd=0.00 sa=+0.00 | phero=0 pd=0.00 pa=+0.00 | srch=0.28 | wall=1.13
R8[T2][EXPLORE   ]: L=+1.00 R=+1.00 | carry=0 | base=0.69 ba=+0.16 | site=0 sd=0.00 sa=+0.00 | phero=0 pd=0.00 pa=+0.00 | srch=0.54 | wall=0.42
R9[T3][RTB       ]: L=+1.00 R=+1.00 | carry=1 | base=0.35 ba=+0.00 | site=0 sd=0.00 sa=+0.00 | phero=0 pd=0.00 pa=+0.00 | srch=0.00 | wall=2.00
R10[T3][BASE_ESC  ]: L=+0.35 R=+1.00 | carry=0 | base=0.05 ba=-0.84 | site=1 sd=0.63 sa=+0.25 | phero=0 pd=0.00 pa=+0.00 | srch=0.03 | wall=3.30
R11[T3][EXPLORE   ]: L=+1.00 R=+1.00 | carry=0 | base=0.63 ba=+0.72 | site=0 sd=0.00 sa=+0.00 | phero=0 pd=0.00 pa=+0.00 | srch=0.34 | wall=0.74
R12[T3][PHERO     ]: L=+0.87 R=+0.88 | carry=0 | base=0.05 ba=-0.55 | site=0 sd=0.00 sa=+0.00 | phero=1 pd=0.68 pa=-0.09 | srch=0.11 | wall=3.31
R13[T4][SITE      ]: L=+1.00 R=+1.00 | carry=0 | base=0.70 ba=+0.52 | site=1 sd=0.16 sa=+0.52 | phero=0 pd=0.00 pa=+0.00 | srch=0.30 | wall=0.60
R14[T4][RTB       ]: L=+1.00 R=+1.00 | carry=1 | base=0.35 ba=-0.00 | site=0 sd=0.00 sa=+0.00 | phero=0 pd=0.00 pa=+0.00 | srch=0.00 | wall=1.77
R15[T4][SITE      ]: L=+0.82 R=+0.83 | carry=0 | base=0.41 ba=+0.99 | site=1 sd=0.31 sa=-0.02 | phero=0 pd=0.00 pa=+0.00 | srch=0.19 | wall=2.02
R16[T4][SITE      ]: L=+0.13 R=+1.00 | carry=0 | base=0.69 ba=+0.01 | site=1 sd=0.01 sa=+0.43 | phero=0 pd=0.00 pa=+0.00 | srch=0.30 | wall=0.97

[DEPOSIT] Robot 5 deposited! Total: 172
  [PHERO] Laid at (-2.82, 1.49) density=14 prob=1.00 total_entries=26
  [TARGET] Robot 5 → SITE (-2.82,1.49)
[PICKUP] Robot 13 picked up tag (density=5) | Total: 177
[DEPOSIT] Robot 2 deposited! Total: 173
  [PHERO] Laid at (1.25, -2.18) density=1 prob=0.20 total_entries=26
  [TARGET] Robot 2 → SITE (1.25,-2.18)
[PICKUP] Robot 3 picked up tag (density=13) | Total: 178
[DEPOSIT] Robot 6 deposited! Total: 174
  [PHERO] Laid at (-2.39, 1.70) density=17 prob=1.00 total_entries=27
  [TARGET] Robot 6 → SITE (-2.39,1.70)
[DEPOSIT] Robot 9 deposited! Total: 175
  [PHERO] Laid at (-1.52, 2.72) density=9 prob=1.00 total_entries=26
  [TARGET] Robot 9 → SITE (-1.52,2.72)
[PICKUP] Robot 15 picked up tag (density=12) | Total: 179

======================================================================
Step 21000 (11.2 min) | Pickups: 179 | Deposits: 175 | Rate: 15.63 tags/min | phero_entries=26 phero_max=0.843
======================================================================
R1[T1][SITE      ]: L=+0.54 R=+1.00 | carry=0 | base=0.49 ba=+0.89 | site=1 sd=0.02 sa=+0.34 | phero=0 pd=0.00 pa=+0.00 | srch=0.49 | wall=1.30
R2[T1][SITE      ]: L=+1.00 R=+1.00 | carry=0 | base=0.09 ba=-0.99 | site=1 sd=0.44 sa=+0.26 | phero=0 pd=0.00 pa=+0.00 | srch=0.09 | wall=3.03
R3[T1][RTB       ]: L=+1.00 R=+1.00 | carry=1 | base=0.63 ba=+0.00 | site=0 sd=0.00 sa=+0.00 | phero=0 pd=0.00 pa=+0.00 | srch=0.00 | wall=1.25
R4[T1][EXPLORE   ]: L=+1.00 R=+0.85 | carry=0 | base=0.33 ba=-0.38 | site=0 sd=0.00 sa=+0.00 | phero=0 pd=0.00 pa=+0.00 | srch=0.34 | wall=1.87
R5[T2][SITE      ]: L=+1.00 R=+1.00 | carry=0 | base=0.27 ba=+0.98 | site=1 sd=0.43 sa=-0.29 | phero=0 pd=0.00 pa=+0.00 | srch=0.10 | wall=2.15
R6[T2][SITE      ]: L=+0.97 R=+1.00 | carry=0 | base=0.11 ba=-0.98 | site=1 sd=0.49 sa=+0.15 | phero=0 pd=0.00 pa=+0.00 | srch=0.06 | wall=3.06
R7[T2][EXPLORE   ]: L=+1.00 R=+1.00 | carry=0 | base=0.61 ba=-0.12 | site=0 sd=0.00 sa=+0.00 | phero=0 pd=0.00 pa=+0.00 | srch=0.40 | wall=0.79
R8[T2][EXPLORE   ]: L=+1.00 R=+1.00 | carry=0 | base=0.40 ba=+0.32 | site=0 sd=0.00 sa=+0.00 | phero=0 pd=0.00 pa=+0.00 | srch=0.67 | wall=1.51
R9[T3][SITE      ]: L=+0.10 R=+1.00 | carry=0 | base=0.05 ba=-0.92 | site=1 sd=0.58 sa=+0.17 | phero=0 pd=0.00 pa=+0.00 | srch=0.03 | wall=3.25
R10[T3][SITE      ]: L=+1.00 R=+1.00 | carry=0 | base=0.42 ba=+0.96 | site=1 sd=0.27 sa=+0.06 | phero=0 pd=0.00 pa=+0.00 | srch=0.15 | wall=1.96
R11[T3][EXPLORE   ]: L=+0.88 R=+1.00 | carry=0 | base=0.49 ba=-0.36 | site=0 sd=0.00 sa=+0.00 | phero=0 pd=0.00 pa=+0.00 | srch=0.47 | wall=1.19
R12[T3][PHERO     ]: L=+0.87 R=+0.84 | carry=0 | base=0.29 ba=-0.88 | site=0 sd=0.00 sa=+0.00 | phero=1 pd=0.41 pa=-0.07 | srch=0.24 | wall=2.19
R13[T4][RTB       ]: L=+1.00 R=+1.00 | carry=1 | base=0.45 ba=+0.00 | site=0 sd=0.00 sa=+0.00 | phero=0 pd=0.00 pa=+0.00 | srch=0.00 | wall=1.86
R14[T4][RTB       ]: L=+0.98 R=+1.00 | carry=1 | base=0.10 ba=+0.02 | site=0 sd=0.00 sa=+0.00 | phero=0 pd=0.00 pa=+0.00 | srch=0.00 | wall=3.03
R15[T4][RTB       ]: L=+1.00 R=+0.12 | carry=1 | base=0.70 ba=-0.35 | site=0 sd=0.00 sa=+0.00 | phero=0 pd=0.00 pa=+0.00 | srch=0.00 | wall=0.97
R16[T4][EXPLORE   ]: L=+1.00 R=+1.00 | carry=0 | base=0.46 ba=-0.23 | site=0 sd=0.00 sa=+0.00 | phero=0 pd=0.00 pa=+0.00 | srch=0.42 | wall=1.30

[DEPOSIT] Robot 14 deposited! Total: 176
  [PHERO] Laid at (0.22, -2.76) density=12 prob=1.00 total_entries=26
  [TARGET] Robot 14 → SITE (0.22,-2.76)
[PICKUP] Robot 10 picked up tag (density=4) | Total: 180

======================================================================
Step 21500 (11.5 min) | Pickups: 180 | Deposits: 176 | Rate: 15.35 tags/min | phero_entries=23 phero_max=0.495
======================================================================
R1[T1][EXPLORE   ]: L=+1.00 R=+1.00 | carry=0 | base=0.64 ba=+0.72 | site=0 sd=0.00 sa=+0.00 | phero=0 pd=0.00 pa=+0.00 | srch=0.62 | wall=0.84
R2[T1][SITE      ]: L=+0.95 R=+1.00 | carry=0 | base=0.46 ba=+0.79 | site=1 sd=0.24 sa=+0.30 | phero=0 pd=0.00 pa=+0.00 | srch=0.21 | wall=1.22
R3[T1][RTB       ]: L=+1.00 R=+1.00 | carry=1 | base=0.24 ba=+0.00 | site=0 sd=0.00 sa=+0.00 | phero=0 pd=0.00 pa=+0.00 | srch=0.00 | wall=2.63
R4[T1][BASE_ESC  ]: L=+1.00 R=+0.34 | carry=0 | base=0.05 ba=+0.84 | site=0 sd=0.00 sa=+0.00 | phero=0 pd=0.00 pa=+0.00 | srch=0.47 | wall=3.26
R5[T2][SITE      ]: L=+1.00 R=+0.96 | carry=0 | base=0.60 ba=-0.73 | site=1 sd=0.11 sa=-0.12 | phero=0 pd=0.00 pa=+0.00 | srch=0.23 | wall=0.69
R6[T2][SITE      ]: L=+0.97 R=+1.00 | carry=0 | base=0.48 ba=+0.85 | site=1 sd=0.15 sa=+0.13 | phero=0 pd=0.00 pa=+0.00 | srch=0.18 | wall=1.75
R7[T2][EXPLORE   ]: L=+1.00 R=+1.00 | carry=0 | base=0.29 ba=-0.29 | site=0 sd=0.00 sa=+0.00 | phero=0 pd=0.00 pa=+0.00 | srch=0.53 | wall=2.08
R8[T2][EXPLORE   ]: L=+1.00 R=+1.00 | carry=0 | base=0.38 ba=+0.65 | site=0 sd=0.00 sa=+0.00 | phero=0 pd=0.00 pa=+0.00 | srch=0.79 | wall=1.84
R9[T3][SITE      ]: L=+1.00 R=+1.00 | carry=0 | base=0.43 ba=+1.00 | site=1 sd=0.23 sa=+0.19 | phero=0 pd=0.00 pa=+0.00 | srch=0.15 | wall=1.47
R10[T3][RTB       ]: L=+1.00 R=+0.13 | carry=1 | base=0.70 ba=-0.35 | site=0 sd=0.00 sa=+0.00 | phero=0 pd=0.00 pa=+0.00 | srch=0.00 | wall=0.93
R11[T3][WALL_ESC  ]: L=+0.00 R=+1.00 | carry=0 | base=0.74 ba=+0.50 | site=0 sd=0.00 sa=+0.00 | phero=0 pd=0.00 pa=+0.00 | srch=0.59 | wall=0.31
R12[T3][PHERO     ]: L=+1.00 R=+1.00 | carry=0 | base=0.56 ba=-0.80 | site=0 sd=0.00 sa=+0.00 | phero=1 pd=0.11 pa=+0.16 | srch=0.36 | wall=1.48
R13[T4][RTB       ]: L=+1.00 R=+1.00 | carry=1 | base=0.07 ba=-0.00 | site=0 sd=0.00 sa=+0.00 | phero=0 pd=0.00 pa=+0.00 | srch=0.00 | wall=3.23
R14[T4][SITE      ]: L=+1.00 R=+0.96 | carry=0 | base=0.30 ba=+0.99 | site=1 sd=0.33 sa=-0.32 | phero=0 pd=0.00 pa=+0.00 | srch=0.11 | wall=2.25
R15[T4][RTB       ]: L=+1.00 R=+1.00 | carry=1 | base=0.34 ba=-0.00 | site=0 sd=0.00 sa=+0.00 | phero=0 pd=0.00 pa=+0.00 | srch=0.00 | wall=2.25
R16[T4][EXPLORE   ]: L=+1.00 R=+1.00 | carry=0 | base=0.30 ba=-0.54 | site=0 sd=0.00 sa=+0.00 | phero=0 pd=0.00 pa=+0.00 | srch=0.55 | wall=2.40

[PICKUP] Robot 5 picked up tag (density=13) | Total: 181
[DEPOSIT] Robot 13 deposited! Total: 177
  [PHERO] Laid at (2.32, -2.63) density=5 prob=0.92 total_entries=24
  [TARGET] Robot 13 → SITE (2.32,-2.63)
[GIVE-UP] R1 giving up after 2571 steps
[PICKUP] Robot 6 picked up tag (density=13) | Total: 182
[DEPOSIT] Robot 3 deposited! Total: 178
  [PHERO] Laid at (-2.69, -2.44) density=13 prob=1.00 total_entries=23
  [TARGET] Robot 3 → SITE (-2.69,-2.44)
[PICKUP] Robot 12 picked up tag (density=3) | Total: 183
[DEPOSIT] Robot 15 deposited! Total: 179
  [PHERO] Laid at (-2.50, -2.42) density=12 prob=1.00 total_entries=23
  [TARGET] Robot 15 → SITE (-2.50,-2.42)

======================================================================
Step 22000 (11.7 min) | Pickups: 183 | Deposits: 179 | Rate: 15.26 tags/min | phero_entries=23 phero_max=0.837
======================================================================
R1[T1][GIVE_UP   ]: L=+1.00 R=+1.00 | carry=0 | base=0.45 ba=+0.00 | site=0 sd=0.00 sa=+0.00 | phero=0 pd=0.00 pa=+0.00 | srch=0.74 | wall=1.50
R2[T1][EXPLORE   ]: L=+1.00 R=+1.00 | carry=0 | base=0.47 ba=+0.05 | site=0 sd=0.00 sa=+0.00 | phero=0 pd=0.00 pa=+0.00 | srch=0.34 | wall=1.51
R3[T1][SITE      ]: L=+1.00 R=+0.98 | carry=0 | base=0.16 ba=+0.99 | site=1 sd=0.60 sa=-0.21 | phero=0 pd=0.00 pa=+0.00 | srch=0.06 | wall=2.77
R4[T1][EXPLORE   ]: L=+1.00 R=+1.00 | carry=0 | base=0.20 ba=-0.78 | site=0 sd=0.00 sa=+0.00 | phero=0 pd=0.00 pa=+0.00 | srch=0.59 | wall=2.76
R5[T2][RTB       ]: L=+1.00 R=+1.00 | carry=1 | base=0.28 ba=-0.00 | site=0 sd=0.00 sa=+0.00 | phero=0 pd=0.00 pa=+0.00 | srch=0.00 | wall=2.20
R6[T2][RTB       ]: L=+1.00 R=+1.00 | carry=1 | base=0.33 ba=+0.00 | site=0 sd=0.00 sa=+0.00 | phero=0 pd=0.00 pa=+0.00 | srch=0.00 | wall=2.24
R7[T2][EXPLORE   ]: L=+1.00 R=+1.00 | carry=0 | base=0.31 ba=-0.74 | site=0 sd=0.00 sa=+0.00 | phero=0 pd=0.00 pa=+0.00 | srch=0.65 | wall=1.99
R8[T2][WALL_ESC  ]: L=+0.00 R=+1.00 | carry=0 | base=0.64 ba=+0.56 | site=0 sd=0.00 sa=+0.00 | phero=0 pd=0.00 pa=+0.00 | srch=0.92 | wall=0.33
R9[T3][SITE      ]: L=+0.80 R=+1.00 | carry=0 | base=0.70 ba=+0.32 | site=1 sd=0.07 sa=+0.37 | phero=0 pd=0.00 pa=+0.00 | srch=0.28 | wall=0.51
R10[T3][RTB       ]: L=+1.00 R=+1.00 | carry=1 | base=0.34 ba=-0.00 | site=0 sd=0.00 sa=+0.00 | phero=0 pd=0.00 pa=+0.00 | srch=0.00 | wall=2.30
R11[T3][EXPLORE   ]: L=+0.13 R=+0.57 | carry=0 | base=0.71 ba=-0.61 | site=0 sd=0.00 sa=+0.00 | phero=0 pd=0.00 pa=+0.00 | srch=0.71 | wall=0.67
R12[T3][RTB       ]: L=+1.00 R=+0.99 | carry=1 | base=0.66 ba=-0.00 | site=0 sd=0.00 sa=+0.00 | phero=0 pd=0.00 pa=+0.00 | srch=0.00 | wall=1.17
R13[T4][SITE      ]: L=+1.00 R=+1.00 | carry=0 | base=0.33 ba=+0.99 | site=1 sd=0.42 sa=+0.18 | phero=0 pd=0.00 pa=+0.00 | srch=0.12 | wall=2.01
R14[T4][SITE      ]: L=+1.00 R=+0.96 | carry=0 | base=0.63 ba=-0.69 | site=1 sd=0.13 sa=-0.40 | phero=0 pd=0.00 pa=+0.00 | srch=0.23 | wall=0.50
R15[T4][BASE_ESC  ]: L=+0.49 R=+1.00 | carry=0 | base=0.05 ba=-0.89 | site=1 sd=0.65 sa=+0.21 | phero=0 pd=0.00 pa=+0.00 | srch=0.03 | wall=3.28
R16[T4][EXPLORE   ]: L=+1.00 R=+0.33 | carry=0 | base=0.22 ba=+0.75 | site=0 sd=0.00 sa=+0.00 | phero=0 pd=0.00 pa=+0.00 | srch=0.67 | wall=2.42

[PICKUP] Robot 9 picked up tag (density=8) | Total: 184
[PICKUP] Robot 14 picked up tag (density=11) | Total: 185
[DEPOSIT] Robot 5 deposited! Total: 180
  [PHERO] Laid at (-2.82, 0.96) density=13 prob=1.00 total_entries=22
  [TARGET] Robot 5 → SITE (-2.82,0.96)
[DEPOSIT] Robot 6 deposited! Total: 181
  [PHERO] Laid at (-2.06, 1.86) density=13 prob=1.00 total_entries=23
  [TARGET] Robot 6 → SITE (-2.06,1.86)
[DEPOSIT] Robot 10 deposited! Total: 182
  [PHERO] Laid at (2.59, -2.31) density=4 prob=0.82 total_entries=24
  [TARGET] Robot 10 → SITE (2.59,-2.31)

======================================================================
Step 22500 (12.0 min) | Pickups: 185 | Deposits: 182 | Rate: 15.17 tags/min | phero_entries=24 phero_max=0.808
======================================================================
R1[T1][GIVE_UP   ]: L=+1.00 R=+1.00 | carry=0 | base=0.06 ba=+0.00 | site=0 sd=0.00 sa=+0.00 | phero=0 pd=0.00 pa=+0.00 | srch=0.87 | wall=3.22
R2[T1][EXPLORE   ]: L=+1.00 R=+1.00 | carry=0 | base=0.11 ba=+0.26 | site=0 sd=0.00 sa=+0.00 | phero=0 pd=0.00 pa=+0.00 | srch=0.46 | wall=2.99
R3[T1][SITE      ]: L=+1.00 R=+0.99 | carry=0 | base=0.52 ba=-0.88 | site=1 sd=0.23 sa=-0.01 | phero=0 pd=0.00 pa=+0.00 | srch=0.19 | wall=1.56
R4[T1][EXPLORE   ]: L=+1.00 R=+0.87 | carry=0 | base=0.09 ba=+0.61 | site=0 sd=0.00 sa=+0.00 | phero=0 pd=0.00 pa=+0.00 | srch=0.72 | wall=3.15
R5[T2][SITE      ]: L=+1.00 R=+1.00 | carry=0 | base=0.11 ba=-0.96 | site=1 sd=0.50 sa=+0.17 | phero=0 pd=0.00 pa=+0.00 | srch=0.05 | wall=3.09
R6[T2][SITE      ]: L=+1.00 R=+1.00 | carry=0 | base=0.07 ba=+1.00 | site=1 sd=0.49 sa=+0.10 | phero=0 pd=0.00 pa=+0.00 | srch=0.03 | wall=3.21
R7[T2][EXPLORE   ]: L=+1.00 R=+1.00 | carry=0 | base=0.61 ba=+0.75 | site=0 sd=0.00 sa=+0.00 | phero=0 pd=0.00 pa=+0.00 | srch=0.78 | wall=0.52
R8[T2][EXPLORE   ]: L=+1.00 R=+1.00 | carry=0 | base=0.42 ba=+0.38 | site=0 sd=0.00 sa=+0.00 | phero=0 pd=0.00 pa=+0.00 | srch=1.00 | wall=1.77
R9[T3][RTB       ]: L=+1.00 R=+1.00 | carry=1 | base=0.33 ba=-0.00 | site=0 sd=0.00 sa=+0.00 | phero=0 pd=0.00 pa=+0.00 | srch=0.00 | wall=2.13
R10[T3][SITE      ]: L=+0.99 R=+1.00 | carry=0 | base=0.07 ba=-0.94 | site=1 sd=0.64 sa=+0.19 | phero=0 pd=0.00 pa=+0.00 | srch=0.03 | wall=3.21
R11[T3][EXPLORE   ]: L=+0.59 R=+1.00 | carry=0 | base=0.71 ba=+0.20 | site=0 sd=0.00 sa=+0.00 | phero=0 pd=0.00 pa=+0.00 | srch=0.84 | wall=0.52
R12[T3][RTB       ]: L=+1.00 R=+1.00 | carry=1 | base=0.27 ba=-0.00 | site=0 sd=0.00 sa=+0.00 | phero=0 pd=0.00 pa=+0.00 | srch=0.00 | wall=2.54
R13[T4][WALL_ESC  ]: L=+0.00 R=+1.00 | carry=0 | base=0.70 ba=+0.74 | site=1 sd=0.22 sa=+0.28 | phero=0 pd=0.00 pa=+0.00 | srch=0.24 | wall=0.33
R14[T4][RTB       ]: L=+1.00 R=+1.00 | carry=1 | base=0.39 ba=-0.00 | site=0 sd=0.00 sa=+0.00 | phero=0 pd=0.00 pa=+0.00 | srch=0.00 | wall=1.60
R15[T4][SITE      ]: L=+1.00 R=+1.00 | carry=0 | base=0.42 ba=+0.94 | site=1 sd=0.28 sa=-0.02 | phero=0 pd=0.00 pa=+0.00 | srch=0.15 | wall=1.92
R16[T4][EXPLORE   ]: L=+1.00 R=+0.99 | carry=0 | base=0.36 ba=-0.29 | site=0 sd=0.00 sa=+0.00 | phero=0 pd=0.00 pa=+0.00 | srch=0.80 | wall=1.92

[EMPTY_RTN] R1 → phero(2.59,-2.31)
[DEPOSIT] Robot 12 deposited! Total: 183
  [TARGET] Robot 12 → SITE (2.62,-2.40)
[DEPOSIT] Robot 9 deposited! Total: 184
  [PHERO] Laid at (-1.71, 2.63) density=8 prob=1.00 total_entries=23
  [TARGET] Robot 9 → SITE (-1.71,2.63)
[DEPOSIT] Robot 14 deposited! Total: 185
  [PHERO] Laid at (0.34, -3.13) density=11 prob=1.00 total_entries=24
  [TARGET] Robot 14 → SITE (0.34,-3.13)
[PICKUP] Robot 15 picked up tag (density=11) | Total: 186

======================================================================
Step 23000 (12.3 min) | Pickups: 186 | Deposits: 185 | Rate: 15.08 tags/min | phero_entries=24 phero_max=0.897
======================================================================
R1[T1][PHERO     ]: L=+1.00 R=+1.00 | carry=0 | base=0.34 ba=+0.99 | site=0 sd=0.00 sa=+0.00 | phero=1 pd=0.52 pa=-0.42 | srch=0.12 | wall=1.83
R2[T1][EXPLORE   ]: L=+1.00 R=+1.00 | carry=0 | base=0.31 ba=+0.94 | site=0 sd=0.00 sa=+0.00 | phero=0 pd=0.00 pa=+0.00 | srch=0.59 | wall=1.98
R3[T1][SITE      ]: L=+0.50 R=+0.53 | carry=0 | base=0.68 ba=-0.95 | site=1 sd=0.06 sa=+0.07 | phero=0 pd=0.00 pa=+0.00 | srch=0.31 | wall=1.00
R4[T1][EXPLORE   ]: L=+1.00 R=+0.09 | carry=0 | base=0.09 ba=-0.13 | site=0 sd=0.00 sa=+0.00 | phero=0 pd=0.00 pa=+0.00 | srch=0.84 | wall=3.16
R5[T2][SITE      ]: L=+0.95 R=+1.00 | carry=0 | base=0.49 ba=+0.93 | site=1 sd=0.23 sa=+0.34 | phero=0 pd=0.00 pa=+0.00 | srch=0.18 | wall=1.65
R6[T2][SITE      ]: L=+0.95 R=+1.00 | carry=0 | base=0.43 ba=+0.93 | site=1 sd=0.18 sa=+0.22 | phero=0 pd=0.00 pa=+0.00 | srch=0.16 | wall=1.71
R7[T2][EXPLORE   ]: L=+1.00 R=+1.00 | carry=0 | base=0.43 ba=+0.29 | site=0 sd=0.00 sa=+0.00 | phero=0 pd=0.00 pa=+0.00 | srch=0.90 | wall=1.47
R8[T2][EXPLORE   ]: L=+1.00 R=+1.00 | carry=0 | base=0.45 ba=+0.67 | site=0 sd=0.00 sa=+0.00 | phero=0 pd=0.00 pa=+0.00 | srch=1.00 | wall=1.28
R9[T3][SITE      ]: L=+1.00 R=+0.44 | carry=0 | base=0.05 ba=+0.87 | site=1 sd=0.58 sa=-0.19 | phero=0 pd=0.00 pa=+0.00 | srch=0.03 | wall=3.32
R10[T3][SITE      ]: L=+1.00 R=+1.00 | carry=0 | base=0.44 ba=+0.89 | site=1 sd=0.30 sa=+0.11 | phero=0 pd=0.00 pa=+0.00 | srch=0.16 | wall=1.67
R11[T3][EXPLORE   ]: L=+0.48 R=+1.00 | carry=0 | base=0.62 ba=-0.52 | site=0 sd=0.00 sa=+0.00 | phero=0 pd=0.00 pa=+0.00 | srch=0.96 | wall=0.93
R12[T3][SITE      ]: L=+1.00 R=+1.00 | carry=0 | base=0.13 ba=-0.96 | site=1 sd=0.61 sa=+0.23 | phero=0 pd=0.00 pa=+0.00 | srch=0.05 | wall=2.90
R13[T4][SITE      ]: L=+1.00 R=+0.91 | carry=0 | base=0.64 ba=+0.94 | site=1 sd=0.08 sa=-0.25 | phero=0 pd=0.00 pa=+0.00 | srch=0.37 | wall=1.25
R14[T4][BASE_ESC  ]: L=+0.00 R=+1.00 | carry=0 | base=0.04 ba=-0.59 | site=1 sd=0.59 sa=+0.46 | phero=0 pd=0.00 pa=+0.00 | srch=0.02 | wall=3.28
R15[T4][RTB       ]: L=+1.00 R=+0.00 | carry=1 | base=0.75 ba=-0.43 | site=0 sd=0.00 sa=+0.00 | phero=0 pd=0.00 pa=+0.00 | srch=0.00 | wall=0.71
R16[T4][EXPLORE   ]: L=+1.00 R=+1.00 | carry=0 | base=0.27 ba=-0.46 | site=0 sd=0.00 sa=+0.00 | phero=0 pd=0.00 pa=+0.00 | srch=0.92 | wall=2.18

[PICKUP] Robot 13 picked up tag (density=2) | Total: 187
[PICKUP] Robot 5 picked up tag (density=12) | Total: 188
[PICKUP] Robot 3 picked up tag (density=10) | Total: 189
[GIVE-UP] R16 giving up after 4043 steps
[GIVE-UP] R4 giving up after 3773 steps
[PICKUP] Robot 6 picked up tag (density=12) | Total: 190

======================================================================
Step 23500 (12.5 min) | Pickups: 190 | Deposits: 185 | Rate: 14.76 tags/min | phero_entries=20 phero_max=0.403
======================================================================
R1[T1][PHERO     ]: L=+1.00 R=+1.00 | carry=0 | base=0.65 ba=-0.77 | site=0 sd=0.00 sa=+0.00 | phero=1 pd=0.35 pa=-0.31 | srch=0.25 | wall=0.35
R2[T1][WALL_ESC  ]: L=+0.00 R=+1.00 | carry=0 | base=0.66 ba=+0.55 | site=0 sd=0.00 sa=+0.00 | phero=0 pd=0.00 pa=+0.00 | srch=0.71 | wall=0.32
R3[T1][RTB       ]: L=+1.00 R=+1.00 | carry=1 | base=0.54 ba=+0.00 | site=0 sd=0.00 sa=+0.00 | phero=0 pd=0.00 pa=+0.00 | srch=0.00 | wall=1.58
R4[T1][GIVE_UP   ]: L=+1.00 R=+0.22 | carry=0 | base=0.28 ba=-0.31 | site=0 sd=0.00 sa=+0.00 | phero=0 pd=0.00 pa=+0.00 | srch=0.97 | wall=2.24
R5[T2][RTB       ]: L=+1.00 R=+1.00 | carry=1 | base=0.33 ba=+0.00 | site=0 sd=0.00 sa=+0.00 | phero=0 pd=0.00 pa=+0.00 | srch=0.00 | wall=2.16
R6[T2][RTB       ]: L=+0.21 R=+1.00 | carry=1 | base=0.56 ba=+0.32 | site=0 sd=0.00 sa=+0.00 | phero=0 pd=0.00 pa=+0.00 | srch=0.00 | wall=1.02
R7[T2][EXPLORE   ]: L=+1.00 R=+1.00 | carry=0 | base=0.37 ba=+0.55 | site=0 sd=0.00 sa=+0.00 | phero=0 pd=0.00 pa=+0.00 | srch=1.00 | wall=1.80
R8[T2][EXPLORE   ]: L=+1.00 R=+1.00 | carry=0 | base=0.68 ba=+0.34 | site=0 sd=0.00 sa=+0.00 | phero=0 pd=0.00 pa=+0.00 | srch=1.00 | wall=0.40
R9[T3][SITE      ]: L=+1.00 R=+0.87 | carry=0 | base=0.43 ba=-0.87 | site=1 sd=0.32 sa=-0.24 | phero=0 pd=0.00 pa=+0.00 | srch=0.15 | wall=1.64
R10[T3][EXPLORE   ]: L=+1.00 R=+1.00 | carry=0 | base=0.71 ba=+0.52 | site=0 sd=0.00 sa=+0.00 | phero=0 pd=0.00 pa=+0.00 | srch=0.28 | wall=0.74
R11[T3][EXPLORE   ]: L=+1.00 R=+1.00 | carry=0 | base=0.49 ba=-0.11 | site=0 sd=0.00 sa=+0.00 | phero=0 pd=0.00 pa=+0.00 | srch=1.00 | wall=1.43
R12[T3][SITE      ]: L=+0.93 R=+1.00 | carry=0 | base=0.51 ba=+0.87 | site=1 sd=0.33 sa=+0.22 | phero=0 pd=0.00 pa=+0.00 | srch=0.18 | wall=1.20
R13[T4][RTB       ]: L=+1.00 R=+1.00 | carry=1 | base=0.42 ba=-0.00 | site=0 sd=0.00 sa=+0.00 | phero=0 pd=0.00 pa=+0.00 | srch=0.00 | wall=1.96
R14[T4][SITE      ]: L=+0.94 R=+1.00 | carry=0 | base=0.38 ba=+0.94 | site=1 sd=0.34 sa=+0.26 | phero=0 pd=0.00 pa=+0.00 | srch=0.14 | wall=1.71
R15[T4][RTB       ]: L=+1.00 R=+1.00 | carry=1 | base=0.40 ba=-0.00 | site=0 sd=0.00 sa=+0.00 | phero=0 pd=0.00 pa=+0.00 | srch=0.00 | wall=2.00
R16[T4][GIVE_UP   ]: L=+1.00 R=+0.99 | carry=0 | base=0.30 ba=-0.00 | site=0 sd=0.00 sa=+0.00 | phero=0 pd=0.00 pa=+0.00 | srch=1.00 | wall=2.23

[GIVE-UP] R16 giving up after 4199 steps
[PICKUP] Robot 8 picked up tag (density=3) | Total: 191
[PICKUP] Robot 9 picked up tag (density=11) | Total: 192
[EMPTY_RTN] R16 → phero(-2.50,-2.42)
[EMPTY_RTN] R4 → phero(-1.71,2.63)
[PICKUP] Robot 14 picked up tag (density=10) | Total: 193
[DEPOSIT] Robot 5 deposited! Total: 186
  [PHERO] Laid at (-2.22, 1.70) density=12 prob=1.00 total_entries=17
  [TARGET] Robot 5 → SITE (-2.22,1.70)
[PICKUP] Robot 12 picked up tag (density=1) | Total: 194
[DEPOSIT] Robot 15 deposited! Total: 187
  [PHERO] Laid at (-2.76, -2.49) density=11 prob=1.00 total_entries=17
  [TARGET] Robot 15 → SITE (-2.76,-2.49)
[DEPOSIT] Robot 13 deposited! Total: 188
  [TARGET] Robot 13 → SITE (2.37,-2.41)

======================================================================
Step 24000 (12.8 min) | Pickups: 194 | Deposits: 188 | Rate: 14.69 tags/min | phero_entries=17 phero_max=0.920
======================================================================
R1[T1][PHERO     ]: L=+0.80 R=+0.81 | carry=0 | base=0.60 ba=-0.89 | site=0 sd=0.00 sa=+0.00 | phero=1 pd=0.10 pa=+0.00 | srch=0.37 | wall=1.18
R2[T1][EXPLORE   ]: L=+1.00 R=+0.88 | carry=0 | base=0.46 ba=+0.80 | site=0 sd=0.00 sa=+0.00 | phero=0 pd=0.00 pa=+0.00 | srch=0.84 | wall=1.71
R3[T1][RTB       ]: L=+1.00 R=+1.00 | carry=1 | base=0.15 ba=+0.00 | site=0 sd=0.00 sa=+0.00 | phero=0 pd=0.00 pa=+0.00 | srch=0.00 | wall=2.95
R4[T1][PHERO     ]: L=+0.99 R=+1.00 | carry=0 | base=0.09 ba=-0.99 | site=0 sd=0.00 sa=+0.00 | phero=1 pd=0.54 pa=+0.04 | srch=0.04 | wall=3.09
R5[T2][SITE      ]: L=+1.00 R=+1.00 | carry=0 | base=0.06 ba=-0.87 | site=1 sd=0.50 sa=+0.23 | phero=0 pd=0.00 pa=+0.00 | srch=0.03 | wall=3.25
R6[T2][RTB       ]: L=+1.00 R=+1.00 | carry=1 | base=0.19 ba=+0.00 | site=0 sd=0.00 sa=+0.00 | phero=0 pd=0.00 pa=+0.00 | srch=0.00 | wall=2.65
R7[T2][EXPLORE   ]: L=-0.27 R=+1.00 | carry=0 | base=0.38 ba=+0.78 | site=0 sd=0.00 sa=+0.00 | phero=0 pd=0.00 pa=+0.00 | srch=1.00 | wall=1.61
R8[T2][RTB       ]: L=+1.00 R=+1.00 | carry=1 | base=0.35 ba=+0.00 | site=0 sd=0.00 sa=+0.00 | phero=0 pd=0.00 pa=+0.00 | srch=0.00 | wall=1.98
R9[T3][RTB       ]: L=+1.00 R=+1.00 | carry=1 | base=0.42 ba=-0.00 | site=0 sd=0.00 sa=+0.00 | phero=0 pd=0.00 pa=+0.00 | srch=0.00 | wall=2.00
R10[T3][EXPLORE   ]: L=+1.00 R=+1.00 | carry=0 | base=0.52 ba=+0.19 | site=0 sd=0.00 sa=+0.00 | phero=0 pd=0.00 pa=+0.00 | srch=0.41 | wall=1.05
R11[T3][EXPLORE   ]: L=+0.48 R=+1.00 | carry=0 | base=0.20 ba=-0.72 | site=0 sd=0.00 sa=+0.00 | phero=0 pd=0.00 pa=+0.00 | srch=1.00 | wall=2.54
R12[T3][RTB       ]: L=+0.66 R=+1.00 | carry=1 | base=0.70 ba=+0.14 | site=0 sd=0.00 sa=+0.00 | phero=0 pd=0.00 pa=+0.00 | srch=0.00 | wall=1.02
R13[T4][BASE_ESC  ]: L=+0.00 R=+1.00 | carry=0 | base=0.05 ba=-0.21 | site=1 sd=0.64 sa=+0.81 | phero=0 pd=0.00 pa=+0.00 | srch=0.00 | wall=3.33
R14[T4][RTB       ]: L=+0.99 R=+1.00 | carry=1 | base=0.53 ba=+0.00 | site=0 sd=0.00 sa=+0.00 | phero=0 pd=0.00 pa=+0.00 | srch=0.00 | wall=0.87
R15[T4][BASE_ESC  ]: L=+0.00 R=+1.00 | carry=0 | base=0.04 ba=-0.47 | site=1 sd=0.71 sa=+0.58 | phero=0 pd=0.00 pa=+0.00 | srch=0.01 | wall=3.32
R16[T4][PHERO     ]: L=+1.00 R=-0.22 | carry=0 | base=0.05 ba=-0.20 | site=0 sd=0.00 sa=+0.00 | phero=1 pd=0.75 pa=-0.06 | srch=0.05 | wall=3.25

[DEPOSIT] Robot 3 deposited! Total: 189
  [PHERO] Laid at (-2.74, -2.50) density=10 prob=1.00 total_entries=17
  [TARGET] Robot 3 → SITE (-2.74,-2.50)
[DEPOSIT] Robot 6 deposited! Total: 190
  [PHERO] Laid at (-2.47, 1.26) density=12 prob=1.00 total_entries=18
  [TARGET] Robot 6 → SITE (-2.47,1.26)
[DEPOSIT] Robot 8 deposited! Total: 191
  [PHERO] Laid at (-2.79, -1.51) density=3 prob=0.65 total_entries=19
  [TARGET] Robot 8 → SITE (-2.79,-1.51)
[DEPOSIT] Robot 9 deposited! Total: 192
  [PHERO] Laid at (-2.09, 1.89) density=11 prob=1.00 total_entries=20
  [TARGET] Robot 9 → SITE (-2.09,1.89)

======================================================================
Step 24500 (13.1 min) | Pickups: 194 | Deposits: 192 | Rate: 14.69 tags/min | phero_entries=20 phero_max=0.972
======================================================================
R1[T1][EXPLORE   ]: L=+1.00 R=+1.00 | carry=0 | base=0.82 ba=+0.03 | site=0 sd=0.00 sa=+0.00 | phero=0 pd=0.00 pa=+0.00 | srch=0.50 | wall=0.39
R2[T1][EXPLORE   ]: L=+1.00 R=+1.00 | carry=0 | base=0.84 ba=+0.99 | site=0 sd=0.00 sa=+0.00 | phero=0 pd=0.00 pa=+0.00 | srch=0.96 | wall=0.42
R3[T1][SITE      ]: L=+1.00 R=+1.00 | carry=0 | base=0.25 ba=+0.98 | site=1 sd=0.55 sa=-0.26 | phero=0 pd=0.00 pa=+0.00 | srch=0.09 | wall=2.34
R4[T1][PHERO     ]: L=+1.00 R=+1.00 | carry=0 | base=0.48 ba=-1.00 | site=0 sd=0.00 sa=+0.00 | phero=1 pd=0.16 pa=+0.11 | srch=0.17 | wall=1.41
R5[T2][SITE      ]: L=+1.00 R=+1.00 | carry=0 | base=0.41 ba=+0.73 | site=1 sd=0.21 sa=+0.02 | phero=0 pd=0.00 pa=+0.00 | srch=0.16 | wall=1.84
R6[T2][SITE      ]: L=+1.00 R=+1.00 | carry=0 | base=0.21 ba=+1.00 | site=1 sd=0.39 sa=-0.25 | phero=0 pd=0.00 pa=+0.00 | srch=0.08 | wall=2.46
R7[T2][EXPLORE   ]: L=+1.00 R=+1.00 | carry=0 | base=0.33 ba=-0.19 | site=0 sd=0.00 sa=+0.00 | phero=0 pd=0.00 pa=+0.00 | srch=1.00 | wall=1.88
R8[T2][BASE_ESC  ]: L=+1.00 R=+0.27 | carry=0 | base=0.05 ba=+0.81 | site=1 sd=0.60 sa=-0.26 | phero=0 pd=0.00 pa=+0.00 | srch=0.03 | wall=3.32
R9[T3][BASE_ESC  ]: L=+0.00 R=+1.00 | carry=0 | base=0.05 ba=-0.17 | site=1 sd=0.52 sa=+0.85 | phero=0 pd=0.00 pa=+0.00 | srch=0.00 | wall=3.34
R10[T3][EXPLORE   ]: L=+1.00 R=+1.00 | carry=0 | base=0.29 ba=+0.45 | site=0 sd=0.00 sa=+0.00 | phero=0 pd=0.00 pa=+0.00 | srch=0.53 | wall=2.23
R11[T3][EXPLORE   ]: L=-0.10 R=+0.50 | carry=0 | base=0.25 ba=+0.37 | site=0 sd=0.00 sa=+0.00 | phero=0 pd=0.00 pa=+0.00 | srch=1.00 | wall=2.41
R12[T3][RTB       ]: L=+1.00 R=+1.00 | carry=1 | base=0.31 ba=+0.00 | site=0 sd=0.00 sa=+0.00 | phero=0 pd=0.00 pa=+0.00 | srch=0.00 | wall=2.38
R13[T4][SITE      ]: L=+1.00 R=+1.00 | carry=0 | base=0.37 ba=-0.99 | site=1 sd=0.40 sa=+0.30 | phero=0 pd=0.00 pa=+0.00 | srch=0.13 | wall=1.77
R14[T4][RTB       ]: L=+1.00 R=+1.00 | carry=1 | base=0.14 ba=+0.00 | site=0 sd=0.00 sa=+0.00 | phero=0 pd=0.00 pa=+0.00 | srch=0.00 | wall=2.79
R15[T4][SITE      ]: L=+1.00 R=+1.00 | carry=0 | base=0.37 ba=+0.95 | site=1 sd=0.38 sa=-0.04 | phero=0 pd=0.00 pa=+0.00 | srch=0.14 | wall=2.12
R16[T4][PHERO     ]: L=+1.00 R=+1.00 | carry=0 | base=0.16 ba=-0.89 | site=0 sd=0.00 sa=+0.00 | phero=1 pd=0.56 pa=-0.03 | srch=0.17 | wall=2.79

[PICKUP] Robot 4 picked up tag (density=7) | Total: 195
[DEPOSIT] Robot 14 deposited! Total: 193
  [PHERO] Laid at (-0.18, -2.93) density=10 prob=1.00 total_entries=21
  [TARGET] Robot 14 → SITE (-0.18,-2.93)
[DEPOSIT] Robot 12 deposited! Total: 194
  [TARGET] Robot 12 → PHERO (-0.18,-2.93)

======================================================================
Step 25000 (13.3 min) | Pickups: 195 | Deposits: 194 | Rate: 14.55 tags/min | phero_entries=18 phero_max=0.545
======================================================================
R1[T1][EXPLORE   ]: L=+1.00 R=+1.00 | carry=0 | base=0.44 ba=+0.05 | site=0 sd=0.00 sa=+0.00 | phero=0 pd=0.00 pa=+0.00 | srch=0.62 | wall=1.76
R2[T1][EXPLORE   ]: L=+1.00 R=+1.00 | carry=0 | base=0.69 ba=+0.20 | site=0 sd=0.00 sa=+0.00 | phero=0 pd=0.00 pa=+0.00 | srch=1.00 | wall=0.62
R3[T1][SITE      ]: L=+0.75 R=+0.74 | carry=0 | base=0.53 ba=-0.87 | site=1 sd=0.23 sa=-0.01 | phero=0 pd=0.00 pa=+0.00 | srch=0.22 | wall=1.48
R4[T1][RTB       ]: L=+1.00 R=+1.00 | carry=1 | base=0.32 ba=-0.00 | site=0 sd=0.00 sa=+0.00 | phero=0 pd=0.00 pa=+0.00 | srch=0.00 | wall=2.08
R5[T2][EXPLORE   ]: L=+1.00 R=+1.00 | carry=0 | base=0.69 ba=+0.81 | site=0 sd=0.00 sa=+0.00 | phero=0 pd=0.00 pa=+0.00 | srch=0.28 | wall=0.51
R6[T2][SITE      ]: L=+1.00 R=+0.95 | carry=0 | base=0.54 ba=-0.71 | site=1 sd=0.10 sa=-0.16 | phero=0 pd=0.00 pa=+0.00 | srch=0.20 | wall=0.96
R7[T2][EXPLORE   ]: L=+1.00 R=+1.00 | carry=0 | base=0.20 ba=-0.59 | site=0 sd=0.00 sa=+0.00 | phero=0 pd=0.00 pa=+0.00 | srch=1.00 | wall=2.52
R8[T2][SITE      ]: L=+0.72 R=+0.73 | carry=0 | base=0.40 ba=-0.92 | site=1 sd=0.25 sa=+0.05 | phero=0 pd=0.00 pa=+0.00 | srch=0.15 | wall=1.82
R9[T3][SITE      ]: L=+1.00 R=+0.95 | carry=0 | base=0.32 ba=+0.89 | site=1 sd=0.26 sa=-0.02 | phero=0 pd=0.00 pa=+0.00 | srch=0.13 | wall=2.30
R10[T3][EXPLORE   ]: L=+1.00 R=+1.00 | carry=0 | base=0.45 ba=+0.78 | site=0 sd=0.00 sa=+0.00 | phero=0 pd=0.00 pa=+0.00 | srch=0.66 | wall=1.28
R11[T3][EXPLORE   ]: L=+1.00 R=+1.00 | carry=0 | base=0.23 ba=-0.32 | site=0 sd=0.00 sa=+0.00 | phero=0 pd=0.00 pa=+0.00 | srch=1.00 | wall=2.41
R12[T3][PHERO     ]: L=+1.00 R=+0.61 | carry=0 | base=0.06 ba=-0.71 | site=0 sd=0.00 sa=+0.00 | phero=1 pd=0.57 pa=-0.07 | srch=0.04 | wall=3.27
R13[T4][SITE      ]: L=+1.00 R=+0.95 | carry=0 | base=0.67 ba=+0.39 | site=1 sd=0.27 sa=-0.06 | phero=0 pd=0.00 pa=+0.00 | srch=0.25 | wall=0.42
R14[T4][SITE      ]: L=+1.00 R=+1.00 | carry=0 | base=0.26 ba=+0.98 | site=1 sd=0.40 sa=-0.30 | phero=0 pd=0.00 pa=+0.00 | srch=0.09 | wall=2.38
R15[T4][SITE      ]: L=+1.00 R=+0.78 | carry=0 | base=0.74 ba=-0.87 | site=1 sd=0.01 sa=-0.11 | phero=0 pd=0.00 pa=+0.00 | srch=0.26 | wall=0.80
R16[T4][PHERO     ]: L=+0.74 R=+0.75 | carry=0 | base=0.44 ba=-0.88 | site=0 sd=0.00 sa=+0.00 | phero=1 pd=0.27 pa=+0.06 | srch=0.29 | wall=1.90

[PICKUP] Robot 6 picked up tag (density=11) | Total: 196
[PICKUP] Robot 2 picked up tag (density=10) | Total: 197
[PICKUP] Robot 5 picked up tag (density=9) | Total: 198
[DEPOSIT] Robot 4 deposited! Total: 195
  [PHERO] Laid at (-1.27, 2.37) density=7 prob=0.99 total_entries=17
  [TARGET] Robot 4 → SITE (-1.27,2.37)
[PICKUP] Robot 9 picked up tag (density=10) | Total: 199
[GIVE-UP] R1 giving up after 2870 steps
[PICKUP] Robot 8 picked up tag (density=2) | Total: 200
[GIVE-UP] R1 giving up after 2948 steps

======================================================================
Step 25500 (13.6 min) | Pickups: 200 | Deposits: 195 | Rate: 14.34 tags/min | phero_entries=16 phero_max=0.782
======================================================================
R1[T1][GIVE_UP   ]: L=+1.00 R=+1.00 | carry=0 | base=0.06 ba=+0.00 | site=0 sd=0.00 sa=+0.00 | phero=0 pd=0.00 pa=+0.00 | srch=0.75 | wall=3.21
R2[T1][RTB       ]: L=+1.00 R=+1.00 | carry=1 | base=0.32 ba=+0.00 | site=0 sd=0.00 sa=+0.00 | phero=0 pd=0.00 pa=+0.00 | srch=0.00 | wall=2.08
R3[T1][SITE      ]: L=+0.24 R=+0.24 | carry=0 | base=0.61 ba=-0.87 | site=1 sd=0.15 sa=+0.00 | phero=0 pd=0.00 pa=+0.00 | srch=0.34 | wall=1.29
R4[T1][SITE      ]: L=+1.00 R=+1.00 | carry=0 | base=0.08 ba=-0.94 | site=1 sd=0.47 sa=+0.22 | phero=0 pd=0.00 pa=+0.00 | srch=0.04 | wall=3.09
R5[T2][RTB       ]: L=+1.00 R=+1.00 | carry=1 | base=0.44 ba=+0.00 | site=0 sd=0.00 sa=+0.00 | phero=0 pd=0.00 pa=+0.00 | srch=0.00 | wall=1.53
R6[T2][RTB       ]: L=+1.00 R=+1.00 | carry=1 | base=0.28 ba=-0.00 | site=0 sd=0.00 sa=+0.00 | phero=0 pd=0.00 pa=+0.00 | srch=0.00 | wall=2.21
R7[T2][EXPLORE   ]: L=+0.38 R=+1.00 | carry=0 | base=0.47 ba=+0.75 | site=0 sd=0.00 sa=+0.00 | phero=0 pd=0.00 pa=+0.00 | srch=1.00 | wall=1.75
R8[T2][RTB       ]: L=+0.69 R=+1.00 | carry=1 | base=0.64 ba=+0.12 | site=0 sd=0.00 sa=+0.00 | phero=0 pd=0.00 pa=+0.00 | srch=0.00 | wall=0.80
R9[T3][RTB       ]: L=+0.98 R=+1.00 | carry=1 | base=0.53 ba=+0.01 | site=0 sd=0.00 sa=+0.00 | phero=0 pd=0.00 pa=+0.00 | srch=0.00 | wall=1.48
R10[T3][EXPLORE   ]: L=+1.00 R=+1.00 | carry=0 | base=0.59 ba=+0.24 | site=0 sd=0.00 sa=+0.00 | phero=0 pd=0.00 pa=+0.00 | srch=0.78 | wall=0.71
R11[T3][EXPLORE   ]: L=+1.00 R=+1.00 | carry=0 | base=0.33 ba=-0.80 | site=0 sd=0.00 sa=+0.00 | phero=0 pd=0.00 pa=+0.00 | srch=1.00 | wall=1.95
R12[T3][PHERO     ]: L=+0.80 R=+0.81 | carry=0 | base=0.38 ba=-1.00 | site=0 sd=0.00 sa=+0.00 | phero=1 pd=0.22 pa=+0.02 | srch=0.17 | wall=1.64
R13[T4][EXPLORE   ]: L=+1.00 R=+1.00 | carry=0 | base=0.66 ba=+0.44 | site=0 sd=0.00 sa=+0.00 | phero=0 pd=0.00 pa=+0.00 | srch=0.38 | wall=0.88
R14[T4][SITE      ]: L=+1.00 R=+0.95 | carry=0 | base=0.59 ba=-0.70 | site=1 sd=0.19 sa=-0.25 | phero=0 pd=0.00 pa=+0.00 | srch=0.22 | wall=0.68
R15[T4][EXPLORE   ]: L=+1.00 R=+1.00 | carry=0 | base=0.62 ba=-0.05 | site=0 sd=0.00 sa=+0.00 | phero=0 pd=0.00 pa=+0.00 | srch=0.39 | wall=1.05
R16[T4][PHERO     ]: L=+0.23 R=+0.22 | carry=0 | base=0.60 ba=-0.95 | site=0 sd=0.00 sa=+0.00 | phero=1 pd=0.10 pa=+0.00 | srch=0.42 | wall=1.39

[EMPTY_RTN] R1 → phero(-1.27,2.37)
[GIVE-UP] R15 giving up after 1601 steps
[PICKUP] Robot 14 picked up tag (density=9) | Total: 201
[DEPOSIT] Robot 6 deposited! Total: 196
  [PHERO] Laid at (-2.59, 1.04) density=11 prob=1.00 total_entries=17
  [TARGET] Robot 6 → SITE (-2.59,1.04)
[PICKUP] Robot 12 picked up tag (density=8) | Total: 202
[PICKUP] Robot 16 picked up tag (density=9) | Total: 203
[DEPOSIT] Robot 2 deposited! Total: 197
  [PHERO] Laid at (-2.75, 1.49) density=10 prob=1.00 total_entries=17
  [TARGET] Robot 2 → SITE (-2.75,1.49)
[DEPOSIT] Robot 5 deposited! Total: 198
  [PHERO] Laid at (-2.97, 1.36) density=9 prob=1.00 total_entries=18
  [TARGET] Robot 5 → SITE (-2.97,1.36)

======================================================================
Step 26000 (13.9 min) | Pickups: 203 | Deposits: 198 | Rate: 14.28 tags/min | phero_entries=18 phero_max=0.995
======================================================================
R1[T1][PHERO     ]: L=+1.00 R=+1.00 | carry=0 | base=0.34 ba=+0.98 | site=0 sd=0.00 sa=+0.00 | phero=1 pd=0.71 pa=+0.72 | srch=0.12 | wall=1.87
R2[T1][SITE      ]: L=+1.00 R=+1.00 | carry=0 | base=0.07 ba=-0.90 | site=1 sd=0.57 sa=+0.21 | phero=0 pd=0.00 pa=+0.00 | srch=0.04 | wall=3.26
R3[T1][SITE      ]: L=+0.26 R=+0.25 | carry=0 | base=0.55 ba=-0.60 | site=1 sd=0.25 sa=+0.14 | phero=0 pd=0.00 pa=+0.00 | srch=0.47 | wall=1.22
R4[T1][SITE      ]: L=+0.97 R=+1.00 | carry=0 | base=0.45 ba=+0.79 | site=1 sd=0.25 sa=+0.25 | phero=0 pd=0.00 pa=+0.00 | srch=0.16 | wall=1.27
R5[T2][BASE_ESC  ]: L=+1.00 R=+0.00 | carry=0 | base=0.05 ba=+0.04 | site=1 sd=0.61 sa=-0.96 | phero=0 pd=0.00 pa=+0.00 | srch=0.00 | wall=3.28
R6[T2][SITE      ]: L=+0.92 R=+1.00 | carry=0 | base=0.11 ba=+0.99 | site=1 sd=0.47 sa=+0.18 | phero=0 pd=0.00 pa=+0.00 | srch=0.05 | wall=3.08
R7[T2][EXPLORE   ]: L=+0.37 R=+1.00 | carry=0 | base=0.44 ba=-0.78 | site=0 sd=0.00 sa=+0.00 | phero=0 pd=0.00 pa=+0.00 | srch=1.00 | wall=1.80
R8[T2][RTB       ]: L=+1.00 R=+1.00 | carry=1 | base=0.25 ba=+0.00 | site=0 sd=0.00 sa=+0.00 | phero=0 pd=0.00 pa=+0.00 | srch=0.00 | wall=2.43
R9[T3][RTB       ]: L=+1.00 R=+1.00 | carry=1 | base=0.14 ba=-0.00 | site=0 sd=0.00 sa=+0.00 | phero=0 pd=0.00 pa=+0.00 | srch=0.00 | wall=2.95
R10[T3][EXPLORE   ]: L=+1.00 R=+1.00 | carry=0 | base=0.40 ba=+0.46 | site=0 sd=0.00 sa=+0.00 | phero=0 pd=0.00 pa=+0.00 | srch=0.91 | wall=1.81
R11[T3][WALL_ESC  ]: L=+0.00 R=+1.00 | carry=0 | base=0.64 ba=+0.46 | site=0 sd=0.00 sa=+0.00 | phero=0 pd=0.00 pa=+0.00 | srch=1.00 | wall=0.32
R12[T3][RTB       ]: L=+0.99 R=+1.00 | carry=1 | base=0.55 ba=+0.00 | site=0 sd=0.00 sa=+0.00 | phero=0 pd=0.00 pa=+0.00 | srch=0.00 | wall=0.78
R13[T4][EXPLORE   ]: L=+1.00 R=+1.00 | carry=0 | base=0.58 ba=+0.28 | site=0 sd=0.00 sa=+0.00 | phero=0 pd=0.00 pa=+0.00 | srch=0.50 | wall=0.64
R14[T4][RTB       ]: L=+1.00 R=+1.00 | carry=1 | base=0.42 ba=-0.00 | site=0 sd=0.00 sa=+0.00 | phero=0 pd=0.00 pa=+0.00 | srch=0.00 | wall=1.44
R15[T4][GIVE_UP   ]: L=+1.00 R=+1.00 | carry=0 | base=0.23 ba=-0.00 | site=0 sd=0.00 sa=+0.00 | phero=0 pd=0.00 pa=+0.00 | srch=0.51 | wall=2.58
R16[T4][RTB       ]: L=+0.98 R=+1.00 | carry=1 | base=0.69 ba=+0.01 | site=0 sd=0.00 sa=+0.00 | phero=0 pd=0.00 pa=+0.00 | srch=0.00 | wall=1.07

[GIVE-UP] R11 giving up after 6893 steps
[DEPOSIT] Robot 9 deposited! Total: 199
  [PHERO] Laid at (-2.13, 1.92) density=10 prob=1.00 total_entries=18
  [TARGET] Robot 9 → SITE (-2.13,1.92)
[EMPTY_RTN] R15 → phero(-2.59,1.04)
[DEPOSIT] Robot 8 deposited! Total: 200
  [PHERO] Laid at (-2.79, -1.63) density=2 prob=0.42 total_entries=18
  [TARGET] Robot 8 → SITE (-2.79,-1.63)
[DEPOSIT] Robot 14 deposited! Total: 201
  [PHERO] Laid at (0.25, -3.15) density=9 prob=1.00 total_entries=19
  [TARGET] Robot 14 → SITE (0.25,-3.15)

======================================================================
Step 26500 (14.1 min) | Pickups: 203 | Deposits: 201 | Rate: 14.22 tags/min | phero_entries=19 phero_max=0.956
======================================================================
R1[T1][WALL_ESC  ]: L=+0.00 R=+1.00 | carry=0 | base=0.66 ba=+0.33 | site=0 sd=0.00 sa=+0.00 | phero=1 pd=0.95 pa=+0.14 | srch=0.25 | wall=0.33
R2[T1][SITE      ]: L=+1.00 R=+1.00 | carry=0 | base=0.45 ba=+1.00 | site=1 sd=0.33 sa=+0.41 | phero=0 pd=0.00 pa=+0.00 | srch=0.16 | wall=1.57
R3[T1][SITE      ]: L=+0.46 R=+0.49 | carry=0 | base=0.58 ba=-0.74 | site=1 sd=0.19 sa=+0.07 | phero=0 pd=0.00 pa=+0.00 | srch=0.59 | wall=1.29
R4[T1][EXPLORE   ]: L=+1.00 R=+0.57 | carry=0 | base=0.52 ba=+0.14 | site=0 sd=0.00 sa=+0.00 | phero=0 pd=0.00 pa=+0.00 | srch=0.29 | wall=1.24
R5[T2][SITE      ]: L=+1.00 R=+1.00 | carry=0 | base=0.34 ba=-0.86 | site=1 sd=0.37 sa=-0.08 | phero=0 pd=0.00 pa=+0.00 | srch=0.13 | wall=1.83
R6[T2][SITE      ]: L=+1.00 R=+1.00 | carry=0 | base=0.47 ba=+0.85 | site=1 sd=0.10 sa=+0.00 | phero=0 pd=0.00 pa=+0.00 | srch=0.17 | wall=1.42
R7[T2][EXPLORE   ]: L=+0.97 R=+1.00 | carry=0 | base=0.49 ba=+0.32 | site=0 sd=0.00 sa=+0.00 | phero=0 pd=0.00 pa=+0.00 | srch=1.00 | wall=1.42
R8[T2][SITE      ]: L=+0.99 R=+1.00 | carry=0 | base=0.14 ba=+1.00 | site=1 sd=0.53 sa=+0.18 | phero=0 pd=0.00 pa=+0.00 | srch=0.06 | wall=2.83
R9[T3][SITE      ]: L=+1.00 R=+1.00 | carry=0 | base=0.25 ba=+1.00 | site=1 sd=0.35 sa=+0.20 | phero=0 pd=0.00 pa=+0.00 | srch=0.09 | wall=2.38
R10[T3][EXPLORE   ]: L=+1.00 R=+1.00 | carry=0 | base=0.52 ba=+0.72 | site=0 sd=0.00 sa=+0.00 | phero=0 pd=0.00 pa=+0.00 | srch=1.00 | wall=1.00
R11[T3][GIVE_UP   ]: L=+1.00 R=+1.00 | carry=0 | base=0.29 ba=+0.00 | site=0 sd=0.00 sa=+0.00 | phero=0 pd=0.00 pa=+0.00 | srch=1.00 | wall=2.05
R12[T3][RTB       ]: L=+1.00 R=+1.00 | carry=1 | base=0.16 ba=+0.00 | site=0 sd=0.00 sa=+0.00 | phero=0 pd=0.00 pa=+0.00 | srch=0.00 | wall=2.70
R13[T4][EXPLORE   ]: L=+1.00 R=+1.00 | carry=0 | base=0.45 ba=+0.51 | site=0 sd=0.00 sa=+0.00 | phero=0 pd=0.00 pa=+0.00 | srch=0.63 | wall=1.66
R14[T4][BASE_ESC  ]: L=+0.00 R=+1.00 | carry=0 | base=0.05 ba=-0.26 | site=1 sd=0.59 sa=+0.76 | phero=0 pd=0.00 pa=+0.00 | srch=0.01 | wall=3.28
R15[T4][PHERO     ]: L=-0.09 R=-0.08 | carry=0 | base=0.05 ba=-0.58 | site=0 sd=0.00 sa=+0.00 | phero=1 pd=0.54 pa=+0.10 | srch=0.07 | wall=3.28
R16[T4][RTB       ]: L=+1.00 R=+1.00 | carry=1 | base=0.30 ba=+0.00 | site=0 sd=0.00 sa=+0.00 | phero=0 pd=0.00 pa=+0.00 | srch=0.00 | wall=2.44

[PICKUP] Robot 2 picked up tag (density=6) | Total: 204
[DEPOSIT] Robot 12 deposited! Total: 202
  [PHERO] Laid at (-0.18, -2.98) density=8 prob=1.00 total_entries=19
  [TARGET] Robot 12 → SITE (-0.18,-2.98)
[PICKUP] Robot 6 picked up tag (density=8) | Total: 205
[PICKUP] Robot 4 picked up tag (density=5) | Total: 206
[DEPOSIT] Robot 16 deposited! Total: 203
  [PHERO] Laid at (-2.59, -2.50) density=9 prob=1.00 total_entries=18
  [TARGET] Robot 16 → SITE (-2.59,-2.50)
[EMPTY_RTN] R11 → phero(-2.59,-2.50)

======================================================================
Step 27000 (14.4 min) | Pickups: 206 | Deposits: 203 | Rate: 14.10 tags/min | phero_entries=18 phero_max=0.749
======================================================================
R1[T1][PHERO     ]: L=+1.00 R=+1.00 | carry=0 | base=0.38 ba=+0.31 | site=0 sd=0.00 sa=+0.00 | phero=1 pd=0.58 pa=-0.05 | srch=0.37 | wall=2.12
R2[T1][RTB       ]: L=+1.00 R=+1.00 | carry=1 | base=0.39 ba=-0.00 | site=0 sd=0.00 sa=+0.00 | phero=0 pd=0.00 pa=+0.00 | srch=0.00 | wall=1.86
R3[T1][SITE      ]: L=-0.42 R=-0.43 | carry=0 | base=0.55 ba=-0.76 | site=1 sd=0.23 sa=+0.05 | phero=0 pd=0.00 pa=+0.00 | srch=0.72 | wall=1.34
R4[T1][RTB       ]: L=+1.00 R=+1.00 | carry=1 | base=0.37 ba=-0.00 | site=0 sd=0.00 sa=+0.00 | phero=0 pd=0.00 pa=+0.00 | srch=0.00 | wall=1.93
R5[T2][SITE      ]: L=+1.00 R=+0.81 | carry=0 | base=0.68 ba=-0.63 | site=1 sd=0.04 sa=-0.30 | phero=0 pd=0.00 pa=+0.00 | srch=0.25 | wall=0.39
R6[T2][RTB       ]: L=+1.00 R=+1.00 | carry=1 | base=0.38 ba=+0.00 | site=0 sd=0.00 sa=+0.00 | phero=0 pd=0.00 pa=+0.00 | srch=0.00 | wall=1.73
R7[T2][EXPLORE   ]: L=+1.00 R=+1.00 | carry=0 | base=0.26 ba=+0.38 | site=0 sd=0.00 sa=+0.00 | phero=0 pd=0.00 pa=+0.00 | srch=1.00 | wall=2.25
R8[T2][SITE      ]: L=+1.00 R=+1.00 | carry=0 | base=0.49 ba=+1.00 | site=1 sd=0.28 sa=+0.36 | phero=0 pd=0.00 pa=+0.00 | srch=0.18 | wall=1.11
R9[T3][SITE      ]: L=+1.00 R=+0.75 | carry=0 | base=0.56 ba=+0.79 | site=1 sd=0.03 sa=-0.40 | phero=0 pd=0.00 pa=+0.00 | srch=0.22 | wall=1.41
R10[T3][EXPLORE   ]: L=+0.40 R=+1.00 | carry=0 | base=0.76 ba=+0.25 | site=0 sd=0.00 sa=+0.00 | phero=0 pd=0.00 pa=+0.00 | srch=1.00 | wall=0.50
R11[T3][PHERO     ]: L=+1.00 R=+1.00 | carry=0 | base=0.07 ba=+0.96 | site=0 sd=0.00 sa=+0.00 | phero=1 pd=0.66 pa=+0.08 | srch=0.04 | wall=3.17
R12[T3][SITE      ]: L=+1.00 R=+0.97 | carry=0 | base=0.24 ba=-0.98 | site=1 sd=0.39 sa=-0.16 | phero=0 pd=0.00 pa=+0.00 | srch=0.09 | wall=2.37
R13[T4][EXPLORE   ]: L=-0.05 R=+1.00 | carry=0 | base=0.48 ba=-0.43 | site=0 sd=0.00 sa=+0.00 | phero=0 pd=0.00 pa=+0.00 | srch=0.75 | wall=1.33
R14[T4][SITE      ]: L=+1.00 R=+1.00 | carry=0 | base=0.37 ba=+0.99 | site=1 sd=0.31 sa=+0.20 | phero=0 pd=0.00 pa=+0.00 | srch=0.13 | wall=1.72
R15[T4][PHERO     ]: L=+0.69 R=+0.71 | carry=0 | base=0.20 ba=-0.96 | site=0 sd=0.00 sa=+0.00 | phero=1 pd=0.37 pa=+0.09 | srch=0.19 | wall=2.63
R16[T4][SITE      ]: L=+1.00 R=+1.00 | carry=0 | base=0.10 ba=-0.96 | site=1 sd=0.63 sa=-0.04 | phero=0 pd=0.00 pa=+0.00 | srch=0.05 | wall=3.10

[PICKUP] Robot 9 picked up tag (density=9) | Total: 207
[PICKUP] Robot 5 picked up tag (density=7) | Total: 208
[PICKUP] Robot 14 picked up tag (density=7) | Total: 209
[DEPOSIT] Robot 4 deposited! Total: 204
  [PHERO] Laid at (-1.47, 2.23) density=5 prob=0.92 total_entries=17
  [TARGET] Robot 4 → SITE (-1.47,2.23)
[DEPOSIT] Robot 6 deposited! Total: 205
  [PHERO] Laid at (-2.64, 1.05) density=8 prob=1.00 total_entries=18
  [TARGET] Robot 6 → SITE (-2.64,1.05)
[DEPOSIT] Robot 2 deposited! Total: 206
  [PHERO] Laid at (-1.38, 2.32) density=6 prob=0.97 total_entries=19
  [TARGET] Robot 2 → SITE (-1.38,2.32)
[PICKUP] Robot 12 picked up tag (density=6) | Total: 210
[PICKUP] Robot 10 picked up tag (density=1) | Total: 211

======================================================================
Step 27500 (14.7 min) | Pickups: 211 | Deposits: 206 | Rate: 14.05 tags/min | phero_entries=19 phero_max=0.904
======================================================================
R1[T1][PHERO     ]: L=+1.00 R=+1.00 | carry=0 | base=0.36 ba=+0.66 | site=0 sd=0.00 sa=+0.00 | phero=1 pd=0.21 pa=-0.15 | srch=0.50 | wall=1.79
R2[T1][BASE_ESC  ]: L=+0.00 R=+1.00 | carry=0 | base=0.05 ba=-0.52 | site=1 sd=0.50 sa=+0.52 | phero=0 pd=0.00 pa=+0.00 | srch=0.02 | wall=3.29
R3[T1][SITE      ]: L=+0.07 R=+0.20 | carry=0 | base=0.46 ba=-0.64 | site=1 sd=0.37 sa=+0.08 | phero=0 pd=0.00 pa=+0.00 | srch=0.84 | wall=1.45
R4[T1][BASE_ESC  ]: L=+0.00 R=+1.00 | carry=0 | base=0.03 ba=-0.62 | site=1 sd=0.51 sa=+0.40 | phero=0 pd=0.00 pa=+0.00 | srch=0.02 | wall=3.37
R5[T2][RTB       ]: L=+1.00 R=+1.00 | carry=1 | base=0.40 ba=+0.00 | site=0 sd=0.00 sa=+0.00 | phero=0 pd=0.00 pa=+0.00 | srch=0.00 | wall=1.69
R6[T2][BASE_ESC  ]: L=+1.00 R=+0.00 | carry=0 | base=0.04 ba=+0.61 | site=1 sd=0.53 sa=-0.46 | phero=0 pd=0.00 pa=+0.00 | srch=0.02 | wall=3.29
R7[T2][EXPLORE   ]: L=+1.00 R=+1.00 | carry=0 | base=0.38 ba=+0.79 | site=0 sd=0.00 sa=+0.00 | phero=0 pd=0.00 pa=+0.00 | srch=1.00 | wall=1.60
R8[T2][SITE      ]: L=+1.00 R=+0.93 | carry=0 | base=0.61 ba=+0.54 | site=1 sd=0.06 sa=-0.16 | phero=0 pd=0.00 pa=+0.00 | srch=0.31 | wall=0.77
R9[T3][RTB       ]: L=+1.00 R=+1.00 | carry=1 | base=0.33 ba=-0.00 | site=0 sd=0.00 sa=+0.00 | phero=0 pd=0.00 pa=+0.00 | srch=0.00 | wall=2.31
R10[T3][RTB       ]: L=+1.00 R=+0.93 | carry=1 | base=0.63 ba=-0.03 | site=0 sd=0.00 sa=+0.00 | phero=0 pd=0.00 pa=+0.00 | srch=0.00 | wall=0.82
R11[T3][PHERO     ]: L=+0.28 R=+0.35 | carry=0 | base=0.45 ba=+0.76 | site=0 sd=0.00 sa=+0.00 | phero=1 pd=0.31 pa=-0.07 | srch=0.16 | wall=1.62
R12[T3][RTB       ]: L=+1.00 R=+0.00 | carry=1 | base=0.56 ba=-0.40 | site=0 sd=0.00 sa=+0.00 | phero=0 pd=0.00 pa=+0.00 | srch=0.00 | wall=0.72
R13[T4][EXPLORE   ]: L=+1.00 R=+1.00 | carry=0 | base=0.41 ba=-0.45 | site=0 sd=0.00 sa=+0.00 | phero=0 pd=0.00 pa=+0.00 | srch=0.88 | wall=1.81
R14[T4][RTB       ]: L=+0.98 R=+1.00 | carry=1 | base=0.56 ba=+0.01 | site=0 sd=0.00 sa=+0.00 | phero=0 pd=0.00 pa=+0.00 | srch=0.00 | wall=0.74
R15[T4][PHERO     ]: L=+0.93 R=+0.95 | carry=0 | base=0.49 ba=+0.91 | site=0 sd=0.00 sa=+0.00 | phero=1 pd=0.08 pa=+0.04 | srch=0.32 | wall=1.32
R16[T4][SITE      ]: L=+1.00 R=+1.00 | carry=0 | base=0.47 ba=-0.99 | site=1 sd=0.26 sa=+0.05 | phero=0 pd=0.00 pa=+0.00 | srch=0.17 | wall=1.75

[PICKUP] Robot 15 picked up tag (density=6) | Total: 212
[PICKUP] Robot 1 picked up tag (density=4) | Total: 213
[DEPOSIT] Robot 9 deposited! Total: 207
  [PHERO] Laid at (-2.21, 1.86) density=9 prob=1.00 total_entries=20
  [TARGET] Robot 9 → SITE (-2.21,1.86)
[PICKUP] Robot 16 picked up tag (density=8) | Total: 214
[DEPOSIT] Robot 5 deposited! Total: 208
  [PHERO] Laid at (-2.89, 1.37) density=7 prob=0.99 total_entries=21
  [TARGET] Robot 5 → SITE (-2.89,1.37)

======================================================================
Step 28000 (14.9 min) | Pickups: 214 | Deposits: 208 | Rate: 13.93 tags/min | phero_entries=21 phero_max=0.926
======================================================================
R1[T1][RTB       ]: L=+1.00 R=+0.98 | carry=1 | base=0.51 ba=-0.01 | site=0 sd=0.00 sa=+0.00 | phero=0 pd=0.00 pa=+0.00 | srch=0.00 | wall=1.36
R2[T1][SITE      ]: L=+0.97 R=+1.00 | carry=0 | base=0.39 ba=+0.94 | site=1 sd=0.33 sa=+0.40 | phero=0 pd=0.00 pa=+0.00 | srch=0.14 | wall=1.56
R3[T1][SITE      ]: L=+0.67 R=+0.66 | carry=0 | base=0.58 ba=-0.82 | site=1 sd=0.20 sa=-0.03 | phero=0 pd=0.00 pa=+0.00 | srch=0.97 | wall=1.25
R4[T1][SITE      ]: L=+0.98 R=+1.00 | carry=0 | base=0.36 ba=+0.87 | site=1 sd=0.21 sa=+0.09 | phero=0 pd=0.00 pa=+0.00 | srch=0.15 | wall=1.81
R5[T2][BASE_ESC  ]: L=+1.00 R=+0.00 | carry=0 | base=0.04 ba=+0.40 | site=1 sd=0.60 sa=-0.63 | phero=0 pd=0.00 pa=+0.00 | srch=0.01 | wall=3.29
R6[T2][SITE      ]: L=+1.00 R=+1.00 | carry=0 | base=0.40 ba=-0.90 | site=1 sd=0.27 sa=-0.25 | phero=0 pd=0.00 pa=+0.00 | srch=0.14 | wall=1.53
R7[T2][EXPLORE   ]: L=+1.00 R=+1.00 | carry=0 | base=0.65 ba=+0.20 | site=0 sd=0.00 sa=+0.00 | phero=0 pd=0.00 pa=+0.00 | srch=1.00 | wall=0.39
R8[T2][EXPLORE   ]: L=+1.00 R=+1.00 | carry=0 | base=0.74 ba=+0.44 | site=0 sd=0.00 sa=+0.00 | phero=0 pd=0.00 pa=+0.00 | srch=0.43 | wall=0.88
R9[T3][SITE      ]: L=+1.00 R=+1.00 | carry=0 | base=0.08 ba=-0.93 | site=1 sd=0.51 sa=+0.21 | phero=0 pd=0.00 pa=+0.00 | srch=0.04 | wall=3.17
R10[T3][RTB       ]: L=+1.00 R=+1.00 | carry=1 | base=0.24 ba=-0.00 | site=0 sd=0.00 sa=+0.00 | phero=0 pd=0.00 pa=+0.00 | srch=0.00 | wall=2.47
R11[T3][PHERO     ]: L=-0.01 R=-0.02 | carry=0 | base=0.49 ba=+0.74 | site=0 sd=0.00 sa=+0.00 | phero=1 pd=0.25 pa=-0.13 | srch=0.29 | wall=1.54
R12[T3][RTB       ]: L=+1.00 R=+1.00 | carry=1 | base=0.20 ba=-0.00 | site=0 sd=0.00 sa=+0.00 | phero=0 pd=0.00 pa=+0.00 | srch=0.00 | wall=2.49
R13[T4][EXPLORE   ]: L=+1.00 R=+1.00 | carry=0 | base=0.53 ba=-0.71 | site=0 sd=0.00 sa=+0.00 | phero=0 pd=0.00 pa=+0.00 | srch=1.00 | wall=0.93
R14[T4][RTB       ]: L=+1.00 R=+1.00 | carry=1 | base=0.17 ba=+0.00 | site=0 sd=0.00 sa=+0.00 | phero=0 pd=0.00 pa=+0.00 | srch=0.00 | wall=2.66
R15[T4][RTB       ]: L=+1.00 R=+1.00 | carry=1 | base=0.36 ba=+0.00 | site=0 sd=0.00 sa=+0.00 | phero=0 pd=0.00 pa=+0.00 | srch=0.00 | wall=1.81
R16[T4][RTB       ]: L=+0.97 R=+1.00 | carry=1 | base=0.70 ba=+0.01 | site=0 sd=0.00 sa=+0.00 | phero=0 pd=0.00 pa=+0.00 | srch=0.00 | wall=1.06

[PICKUP] Robot 8 picked up tag (density=7) | Total: 215
TIMEOUT_RESULT pickups=215 deposits=208 steps=28125 elapsed_min=15.000000
BATCH_RESULT pickups=215 deposits=208
