Gym has been unmaintained since 2022 and does not support NumPy 2.0 amongst other critical functionality.
Please upgrade to Gymnasium, the maintained drop-in replacement of Gym, or contact the authors of your software and request that they upgrade.
Users of this version of Gym should be able to simply replace 'import gym' with 'import gymnasium as gym' in the vast majority of cases.
See the migration guide at https://gymnasium.farama.org/introduction/migration_guide/ for additional information.
============================================================
EVALUATION MODE — CPFA-RL Trained Model
Arena: 7×7m  |  Robots: 12  (teams of 4: 3)  |  Tags: 192
Obs per team: 18 × 4 = 72  |  Total obs dim: 216
============================================================

Loading model: ppo_cpfa_v9
Model loaded. Starting evaluation...

============================================================

[GIVE-UP] R2 giving up after 78 steps
[EMPTY_RTN] R2 → EXPLORE

======================================================================
Step 500 (0.3 min) | Pickups: 0 | Deposits: 0 | Rate: 0.00 tags/min | phero_entries=0 phero_max=0.000
======================================================================
R1[T1][EXPLORE   ]: L=+1.00 R=+1.00 | carry=0 | base=0.49 ba=+1.00 | site=0 sd=0.00 sa=+0.00 | phero=0 pd=0.00 pa=+0.00 | srch=0.12 | wall=1.08
R2[T1][EXPLORE   ]: L=+1.00 R=+1.00 | carry=0 | base=0.07 ba=-0.92 | site=0 sd=0.00 sa=+0.00 | phero=0 pd=0.00 pa=+0.00 | srch=0.04 | wall=3.15
R3[T1][EXPLORE   ]: L=+1.00 R=+1.00 | carry=0 | base=0.21 ba=-0.61 | site=0 sd=0.00 sa=+0.00 | phero=0 pd=0.00 pa=+0.00 | srch=0.12 | wall=2.59
R4[T1][EXPLORE   ]: L=+1.00 R=+0.76 | carry=0 | base=0.22 ba=-0.57 | site=0 sd=0.00 sa=+0.00 | phero=0 pd=0.00 pa=+0.00 | srch=0.12 | wall=2.43
R5[T2][EXPLORE   ]: L=+1.00 R=+1.00 | carry=0 | base=0.35 ba=-0.92 | site=0 sd=0.00 sa=+0.00 | phero=0 pd=0.00 pa=+0.00 | srch=0.12 | wall=1.84
R6[T2][EXPLORE   ]: L=+1.00 R=+1.00 | carry=0 | base=0.32 ba=-0.96 | site=0 sd=0.00 sa=+0.00 | phero=0 pd=0.00 pa=+0.00 | srch=0.12 | wall=2.24
R7[T2][EXPLORE   ]: L=+1.00 R=+1.00 | carry=0 | base=0.30 ba=+0.98 | site=0 sd=0.00 sa=+0.00 | phero=0 pd=0.00 pa=+0.00 | srch=0.12 | wall=2.33
R8[T2][EXPLORE   ]: L=+1.00 R=+1.00 | carry=0 | base=0.30 ba=+0.95 | site=0 sd=0.00 sa=+0.00 | phero=0 pd=0.00 pa=+0.00 | srch=0.12 | wall=2.03
R9[T3][EXPLORE   ]: L=+1.00 R=+1.00 | carry=0 | base=0.35 ba=+0.92 | site=0 sd=0.00 sa=+0.00 | phero=0 pd=0.00 pa=+0.00 | srch=0.12 | wall=1.86
R10[T3][EXPLORE   ]: L=+1.00 R=+1.00 | carry=0 | base=0.40 ba=+0.92 | site=0 sd=0.00 sa=+0.00 | phero=0 pd=0.00 pa=+0.00 | srch=0.12 | wall=1.58
R11[T3][EXPLORE   ]: L=+1.00 R=+1.00 | carry=0 | base=0.45 ba=+0.94 | site=0 sd=0.00 sa=+0.00 | phero=0 pd=0.00 pa=+0.00 | srch=0.12 | wall=1.33
R12[T3][EXPLORE   ]: L=+1.00 R=+1.00 | carry=0 | base=0.48 ba=+0.97 | site=0 sd=0.00 sa=+0.00 | phero=0 pd=0.00 pa=+0.00 | srch=0.12 | wall=1.17

[PICKUP] Robot 5 picked up tag (density=16) | Total: 1
[PICKUP] Robot 6 picked up tag (density=16) | Total: 2
[DEPOSIT] Robot 5 deposited! Total: 1
  [PHERO] Laid at (1.67, 0.43) density=16 prob=1.00 total_entries=1
  [TARGET] Robot 5 → SITE (1.67,0.43)

======================================================================
Step 1000 (0.5 min) | Pickups: 2 | Deposits: 1 | Rate: 1.88 tags/min | phero_entries=1 phero_max=0.997
======================================================================
R1[T1][EXPLORE   ]: L=+1.00 R=+1.00 | carry=0 | base=0.50 ba=+0.14 | site=0 sd=0.00 sa=+0.00 | phero=0 pd=0.00 pa=+0.00 | srch=0.25 | wall=1.03
R2[T1][EXPLORE   ]: L=+1.00 R=+1.00 | carry=0 | base=0.45 ba=-0.98 | site=0 sd=0.00 sa=+0.00 | phero=0 pd=0.00 pa=+0.00 | srch=0.16 | wall=1.59
R3[T1][EXPLORE   ]: L=+1.00 R=+1.00 | carry=0 | base=0.50 ba=-0.87 | site=0 sd=0.00 sa=+0.00 | phero=0 pd=0.00 pa=+0.00 | srch=0.25 | wall=1.17
R4[T1][EXPLORE   ]: L=+1.00 R=+0.76 | carry=0 | base=0.22 ba=-0.22 | site=0 sd=0.00 sa=+0.00 | phero=0 pd=0.00 pa=+0.00 | srch=0.25 | wall=2.51
R5[T2][BASE_ESC  ]: L=+0.00 R=+1.00 | carry=0 | base=0.05 ba=-0.02 | site=1 sd=0.30 sa=-0.99 | phero=0 pd=0.00 pa=+0.00 | srch=0.00 | wall=3.26
R6[T2][RTB       ]: L=+1.00 R=+1.00 | carry=1 | base=0.05 ba=-0.00 | site=0 sd=0.00 sa=+0.00 | phero=0 pd=0.00 pa=+0.00 | srch=0.00 | wall=3.30
R7[T2][EXPLORE   ]: L=+1.00 R=+1.00 | carry=0 | base=0.69 ba=+0.99 | site=0 sd=0.00 sa=+0.00 | phero=0 pd=0.00 pa=+0.00 | srch=0.25 | wall=0.89
R8[T2][EXPLORE   ]: L=+1.00 R=+1.00 | carry=0 | base=0.63 ba=+0.94 | site=0 sd=0.00 sa=+0.00 | phero=0 pd=0.00 pa=+0.00 | srch=0.25 | wall=0.38
R9[T3][WALL_ESC  ]: L=+0.20 R=+1.00 | carry=0 | base=0.66 ba=+0.20 | site=0 sd=0.00 sa=+0.00 | phero=0 pd=0.00 pa=+0.00 | srch=0.25 | wall=0.33
R10[T3][EXPLORE   ]: L=+1.00 R=+1.00 | carry=0 | base=0.60 ba=+0.12 | site=0 sd=0.00 sa=+0.00 | phero=0 pd=0.00 pa=+0.00 | srch=0.25 | wall=0.56
R11[T3][EXPLORE   ]: L=+1.00 R=+1.00 | carry=0 | base=0.59 ba=+0.20 | site=0 sd=0.00 sa=+0.00 | phero=0 pd=0.00 pa=+0.00 | srch=0.25 | wall=0.56
R12[T3][EXPLORE   ]: L=+1.00 R=+1.00 | carry=0 | base=0.54 ba=+0.02 | site=0 sd=0.00 sa=+0.00 | phero=0 pd=0.00 pa=+0.00 | srch=0.25 | wall=0.83

[DEPOSIT] Robot 6 deposited! Total: 2
  [PHERO] Laid at (1.02, 1.32) density=16 prob=1.00 total_entries=2
  [TARGET] Robot 6 → SITE (1.02,1.32)
[PICKUP] Robot 1 picked up tag (density=15) | Total: 3
[GIVE-UP] R7 giving up after 1092 steps
[PICKUP] Robot 3 picked up tag (density=16) | Total: 4
[PICKUP] Robot 11 picked up tag (density=14) | Total: 5
[PICKUP] Robot 8 picked up tag (density=13) | Total: 6
[PICKUP] Robot 6 picked up tag (density=15) | Total: 7

======================================================================
Step 1500 (0.8 min) | Pickups: 7 | Deposits: 2 | Rate: 2.50 tags/min | phero_entries=2 phero_max=0.453
======================================================================
R1[T1][RTB       ]: L=+1.00 R=+1.00 | carry=1 | base=0.13 ba=+0.00 | site=0 sd=0.00 sa=+0.00 | phero=0 pd=0.00 pa=+0.00 | srch=0.00 | wall=2.88
R2[T1][EXPLORE   ]: L=+1.00 R=+1.00 | carry=0 | base=0.75 ba=-0.29 | site=0 sd=0.00 sa=+0.00 | phero=0 pd=0.00 pa=+0.00 | srch=0.29 | wall=0.41
R3[T1][RTB       ]: L=+1.00 R=+1.00 | carry=1 | base=0.39 ba=-0.00 | site=0 sd=0.00 sa=+0.00 | phero=0 pd=0.00 pa=+0.00 | srch=0.00 | wall=1.77
R4[T1][EXPLORE   ]: L=+1.00 R=+1.00 | carry=0 | base=0.40 ba=-0.92 | site=0 sd=0.00 sa=+0.00 | phero=0 pd=0.00 pa=+0.00 | srch=0.38 | wall=1.55
R5[T2][SITE      ]: L=+1.00 R=+1.00 | carry=0 | base=0.32 ba=+0.82 | site=1 sd=0.06 sa=+0.22 | phero=0 pd=0.00 pa=+0.00 | srch=0.13 | wall=1.91
R6[T2][RTB       ]: L=+0.00 R=+1.00 | carry=1 | base=0.31 ba=+0.46 | site=0 sd=0.00 sa=+0.00 | phero=0 pd=0.00 pa=+0.00 | srch=0.00 | wall=2.39
R7[T2][GIVE_UP   ]: L=+1.00 R=+1.00 | carry=0 | base=0.46 ba=+0.00 | site=0 sd=0.00 sa=+0.00 | phero=0 pd=0.00 pa=+0.00 | srch=0.38 | wall=1.88
R8[T2][RTB       ]: L=+0.97 R=+1.00 | carry=1 | base=0.38 ba=+0.01 | site=0 sd=0.00 sa=+0.00 | phero=0 pd=0.00 pa=+0.00 | srch=0.00 | wall=1.66
R9[T3][EXPLORE   ]: L=+1.00 R=+1.00 | carry=0 | base=0.32 ba=+0.24 | site=0 sd=0.00 sa=+0.00 | phero=0 pd=0.00 pa=+0.00 | srch=0.38 | wall=1.92
R10[T3][EXPLORE   ]: L=+1.00 R=+1.00 | carry=0 | base=0.28 ba=+0.30 | site=0 sd=0.00 sa=+0.00 | phero=0 pd=0.00 pa=+0.00 | srch=0.38 | wall=2.25
R11[T3][RTB       ]: L=+1.00 R=+1.00 | carry=1 | base=0.27 ba=-0.00 | site=0 sd=0.00 sa=+0.00 | phero=0 pd=0.00 pa=+0.00 | srch=0.00 | wall=2.20
R12[T3][EXPLORE   ]: L=+1.00 R=+1.00 | carry=0 | base=0.18 ba=+0.02 | site=0 sd=0.00 sa=+0.00 | phero=0 pd=0.00 pa=+0.00 | srch=0.38 | wall=2.62

[DEPOSIT] Robot 1 deposited! Total: 3
  [PHERO] Laid at (2.14, 0.44) density=15 prob=1.00 total_entries=3
  [TARGET] Robot 1 → SITE (2.14,0.44)
[PICKUP] Robot 5 picked up tag (density=12) | Total: 8
[PICKUP] Robot 7 picked up tag (density=16) | Total: 9
[DEPOSIT] Robot 11 deposited! Total: 4
  [PHERO] Laid at (2.15, 0.53) density=14 prob=1.00 total_entries=4
  [TARGET] Robot 11 → SITE (2.15,0.53)
[PICKUP] Robot 2 picked up tag (density=16) | Total: 10
[DEPOSIT] Robot 6 deposited! Total: 5
  [PHERO] Laid at (1.12, 1.01) density=15 prob=1.00 total_entries=5
  [TARGET] Robot 6 → SITE (1.12,1.01)
[DEPOSIT] Robot 8 deposited! Total: 6
  [PHERO] Laid at (2.03, 0.40) density=13 prob=1.00 total_entries=6
  [TARGET] Robot 8 → SITE (2.03,0.40)
[DEPOSIT] Robot 3 deposited! Total: 7
  [PHERO] Laid at (-1.17, -2.70) density=16 prob=1.00 total_entries=7
  [TARGET] Robot 3 → SITE (-1.17,-2.70)

======================================================================
Step 2000 (1.1 min) | Pickups: 10 | Deposits: 7 | Rate: 6.56 tags/min | phero_entries=7 phero_max=0.901
======================================================================
R1[T1][SITE      ]: L=+1.00 R=+1.00 | carry=0 | base=0.27 ba=+0.99 | site=1 sd=0.24 sa=-0.36 | phero=0 pd=0.00 pa=+0.00 | srch=0.10 | wall=2.49
R2[T1][RTB       ]: L=+1.00 R=+0.99 | carry=1 | base=0.55 ba=-0.00 | site=0 sd=0.00 sa=+0.00 | phero=0 pd=0.00 pa=+0.00 | srch=0.00 | wall=1.17
R3[T1][BASE_ESC  ]: L=+0.00 R=+1.00 | carry=0 | base=0.04 ba=-0.55 | site=1 sd=0.55 sa=+0.50 | phero=0 pd=0.00 pa=+0.00 | srch=0.02 | wall=3.31
R4[T1][EXPLORE   ]: L=+1.00 R=+0.28 | carry=0 | base=0.64 ba=+0.22 | site=0 sd=0.00 sa=+0.00 | phero=0 pd=0.00 pa=+0.00 | srch=0.50 | wall=0.42
R5[T2][RTB       ]: L=+1.00 R=+1.00 | carry=1 | base=0.10 ba=-0.01 | site=0 sd=0.00 sa=+0.00 | phero=0 pd=0.00 pa=+0.00 | srch=0.00 | wall=3.03
R6[T2][BASE_ESC  ]: L=+1.00 R=+0.11 | carry=0 | base=0.05 ba=+0.78 | site=1 sd=0.26 sa=-0.36 | phero=0 pd=0.00 pa=+0.00 | srch=0.02 | wall=3.30
R7[T2][RTB       ]: L=+1.00 R=+1.00 | carry=1 | base=0.07 ba=+0.00 | site=0 sd=0.00 sa=+0.00 | phero=0 pd=0.00 pa=+0.00 | srch=0.00 | wall=3.25
R8[T2][BASE_ESC  ]: L=+1.00 R=+0.00 | carry=0 | base=0.05 ba=+0.65 | site=1 sd=0.37 sa=-0.41 | phero=0 pd=0.00 pa=+0.00 | srch=0.02 | wall=3.29
R9[T3][EXPLORE   ]: L=+1.00 R=+1.00 | carry=0 | base=0.19 ba=+0.53 | site=0 sd=0.00 sa=+0.00 | phero=0 pd=0.00 pa=+0.00 | srch=0.50 | wall=2.56
R10[T3][EXPLORE   ]: L=+1.00 R=+1.00 | carry=0 | base=0.30 ba=+0.76 | site=0 sd=0.00 sa=+0.00 | phero=0 pd=0.00 pa=+0.00 | srch=0.50 | wall=2.07
R11[T3][SITE      ]: L=+1.00 R=+1.00 | carry=0 | base=0.10 ba=-0.92 | site=1 sd=0.35 sa=+0.01 | phero=0 pd=0.00 pa=+0.00 | srch=0.05 | wall=3.06
R12[T3][EXPLORE   ]: L=+1.00 R=+0.91 | carry=0 | base=0.19 ba=-0.91 | site=0 sd=0.00 sa=+0.00 | phero=0 pd=0.00 pa=+0.00 | srch=0.50 | wall=2.63

[DEPOSIT] Robot 7 deposited! Total: 8
  [PHERO] Laid at (-1.03, -1.01) density=16 prob=1.00 total_entries=8
  [TARGET] Robot 7 → SITE (-1.03,-1.01)
[PICKUP] Robot 1 picked up tag (density=14) | Total: 11
[DEPOSIT] Robot 5 deposited! Total: 9
  [PHERO] Laid at (1.77, 0.40) density=12 prob=1.00 total_entries=9
  [TARGET] Robot 5 → SITE (1.77,0.40)
[PICKUP] Robot 3 picked up tag (density=15) | Total: 12
[PICKUP] Robot 11 picked up tag (density=11) | Total: 13
[PICKUP] Robot 7 picked up tag (density=14) | Total: 14

======================================================================
Step 2500 (1.3 min) | Pickups: 14 | Deposits: 9 | Rate: 6.75 tags/min | phero_entries=9 phero_max=0.503
======================================================================
R1[T1][RTB       ]: L=+1.00 R=+1.00 | carry=1 | base=0.06 ba=+0.00 | site=0 sd=0.00 sa=+0.00 | phero=0 pd=0.00 pa=+0.00 | srch=0.00 | wall=3.29
R2[T1][RTB       ]: L=+1.00 R=+1.00 | carry=1 | base=0.17 ba=-0.00 | site=0 sd=0.00 sa=+0.00 | phero=0 pd=0.00 pa=+0.00 | srch=0.00 | wall=2.80
R3[T1][RTB       ]: L=+1.00 R=+1.00 | carry=1 | base=0.12 ba=+0.00 | site=0 sd=0.00 sa=+0.00 | phero=0 pd=0.00 pa=+0.00 | srch=0.00 | wall=2.97
R4[T1][EXPLORE   ]: L=+1.00 R=+1.00 | carry=0 | base=0.47 ba=+0.32 | site=0 sd=0.00 sa=+0.00 | phero=0 pd=0.00 pa=+0.00 | srch=0.62 | wall=1.23
R5[T2][SITE      ]: L=+1.00 R=+0.95 | carry=0 | base=0.27 ba=-0.86 | site=1 sd=0.10 sa=-0.04 | phero=0 pd=0.00 pa=+0.00 | srch=0.11 | wall=2.24
R6[T2][SITE      ]: L=+0.64 R=+0.61 | carry=0 | base=0.23 ba=-0.88 | site=1 sd=0.08 sa=-0.04 | phero=0 pd=0.00 pa=+0.00 | srch=0.15 | wall=2.63
R7[T2][RTB       ]: L=+0.23 R=+1.00 | carry=1 | base=0.24 ba=+0.31 | site=0 sd=0.00 sa=+0.00 | phero=0 pd=0.00 pa=+0.00 | srch=0.00 | wall=2.63
R8[T2][SITE      ]: L=+0.91 R=+1.00 | carry=0 | base=0.37 ba=+0.86 | site=1 sd=0.08 sa=+0.17 | phero=0 pd=0.00 pa=+0.00 | srch=0.14 | wall=1.67
R9[T3][EXPLORE   ]: L=+1.00 R=+1.00 | carry=0 | base=0.45 ba=+0.86 | site=0 sd=0.00 sa=+0.00 | phero=0 pd=0.00 pa=+0.00 | srch=0.62 | wall=1.47
R10[T3][EXPLORE   ]: L=+1.00 R=+1.00 | carry=0 | base=0.64 ba=+0.90 | site=0 sd=0.00 sa=+0.00 | phero=0 pd=0.00 pa=+0.00 | srch=0.62 | wall=1.09
R11[T3][RTB       ]: L=+0.45 R=+1.00 | carry=1 | base=0.40 ba=+0.23 | site=0 sd=0.00 sa=+0.00 | phero=0 pd=0.00 pa=+0.00 | srch=0.00 | wall=1.59
R12[T3][EXPLORE   ]: L=+1.00 R=+1.00 | carry=0 | base=0.27 ba=+0.87 | site=0 sd=0.00 sa=+0.00 | phero=0 pd=0.00 pa=+0.00 | srch=0.62 | wall=2.20

[DEPOSIT] Robot 1 deposited! Total: 10
  [PHERO] Laid at (1.16, 1.02) density=14 prob=1.00 total_entries=10
  [TARGET] Robot 1 → SITE (1.16,1.02)
[PICKUP] Robot 4 picked up tag (density=10) | Total: 15
[DEPOSIT] Robot 3 deposited! Total: 11
  [PHERO] Laid at (-0.58, -0.85) density=15 prob=1.00 total_entries=11
  [TARGET] Robot 3 → SITE (-0.58,-0.85)
[DEPOSIT] Robot 2 deposited! Total: 12
  [PHERO] Laid at (1.69, -2.55) density=16 prob=1.00 total_entries=12
  [TARGET] Robot 2 → SITE (1.69,-2.55)
[GIVE-UP] R9 giving up after 2652 steps
[PICKUP] Robot 12 picked up tag (density=9) | Total: 16
[PICKUP] Robot 6 picked up tag (density=13) | Total: 17
[PICKUP] Robot 8 picked up tag (density=8) | Total: 18
[DEPOSIT] Robot 7 deposited! Total: 13
  [PHERO] Laid at (-0.80, -0.82) density=14 prob=1.00 total_entries=13
  [TARGET] Robot 7 → SITE (-0.80,-0.82)

======================================================================
Step 3000 (1.6 min) | Pickups: 18 | Deposits: 13 | Rate: 8.12 tags/min | phero_entries=13 phero_max=0.688
======================================================================
R1[T1][SITE      ]: L=+1.00 R=+1.00 | carry=0 | base=0.30 ba=-0.82 | site=1 sd=0.02 sa=+0.01 | phero=0 pd=0.00 pa=+0.00 | srch=0.12 | wall=2.43
R2[T1][SITE      ]: L=+1.00 R=+1.00 | carry=0 | base=0.23 ba=+1.00 | site=1 sd=0.40 sa=+0.15 | phero=0 pd=0.00 pa=+0.00 | srch=0.09 | wall=2.39
R3[T1][SITE      ]: L=+0.09 R=+0.14 | carry=0 | base=0.09 ba=-0.92 | site=1 sd=0.12 sa=-0.06 | phero=0 pd=0.00 pa=+0.00 | srch=0.10 | wall=3.06
R4[T1][RTB       ]: L=+1.00 R=+1.00 | carry=1 | base=0.16 ba=-0.00 | site=0 sd=0.00 sa=+0.00 | phero=0 pd=0.00 pa=+0.00 | srch=0.00 | wall=2.74
R5[T2][EXPLORE   ]: L=+1.00 R=+1.00 | carry=0 | base=0.56 ba=-0.87 | site=0 sd=0.00 sa=+0.00 | phero=0 pd=0.00 pa=+0.00 | srch=0.23 | wall=0.75
R6[T2][RTB       ]: L=+1.00 R=+1.00 | carry=1 | base=0.14 ba=-0.00 | site=0 sd=0.00 sa=+0.00 | phero=0 pd=0.00 pa=+0.00 | srch=0.00 | wall=2.94
R7[T2][SITE      ]: L=+0.14 R=+0.13 | carry=0 | base=0.06 ba=-0.94 | site=1 sd=0.17 sa=-0.08 | phero=0 pd=0.00 pa=+0.00 | srch=0.06 | wall=3.21
R8[T2][RTB       ]: L=+1.00 R=+1.00 | carry=1 | base=0.21 ba=+0.00 | site=0 sd=0.00 sa=+0.00 | phero=0 pd=0.00 pa=+0.00 | srch=0.00 | wall=2.52
R9[T3][GIVE_UP   ]: L=+1.00 R=+1.00 | carry=0 | base=0.37 ba=+0.00 | site=0 sd=0.00 sa=+0.00 | phero=0 pd=0.00 pa=+0.00 | srch=0.75 | wall=1.75
R10[T3][EXPLORE   ]: L=+1.00 R=+1.00 | carry=0 | base=0.84 ba=+0.02 | site=0 sd=0.00 sa=+0.00 | phero=0 pd=0.00 pa=+0.00 | srch=0.75 | wall=0.45
R11[T3][RTB       ]: L=+1.00 R=+1.00 | carry=1 | base=0.05 ba=+0.00 | site=0 sd=0.00 sa=+0.00 | phero=0 pd=0.00 pa=+0.00 | srch=0.00 | wall=3.24
R12[T3][RTB       ]: L=+1.00 R=+1.00 | carry=1 | base=0.14 ba=-0.00 | site=0 sd=0.00 sa=+0.00 | phero=0 pd=0.00 pa=+0.00 | srch=0.00 | wall=2.82

[DEPOSIT] Robot 11 deposited! Total: 14
  [PHERO] Laid at (1.92, 0.45) density=11 prob=1.00 total_entries=14
  [TARGET] Robot 11 → SITE (1.92,0.45)
[PICKUP] Robot 1 picked up tag (density=12) | Total: 19
[DEPOSIT] Robot 12 deposited! Total: 15
  [PHERO] Laid at (1.65, 0.54) density=9 prob=1.00 total_entries=15
  [TARGET] Robot 12 → SITE (1.65,0.54)
[DEPOSIT] Robot 6 deposited! Total: 16
  [PHERO] Laid at (1.22, 1.04) density=13 prob=1.00 total_entries=16
  [TARGET] Robot 6 → SITE (1.22,1.04)
[DEPOSIT] Robot 4 deposited! Total: 17
  [PHERO] Laid at (2.15, 0.60) density=10 prob=1.00 total_entries=17
  [TARGET] Robot 4 → SITE (2.15,0.60)
[DEPOSIT] Robot 8 deposited! Total: 18
  [PHERO] Laid at (2.04, 0.56) density=8 prob=1.00 total_entries=18
  [TARGET] Robot 8 → SITE (2.04,0.56)
[PICKUP] Robot 3 picked up tag (density=13) | Total: 20
[EMPTY_RTN] R9 → phero(1.65,0.54)
[PICKUP] Robot 2 picked up tag (density=15) | Total: 21
[PICKUP] Robot 7 picked up tag (density=12) | Total: 22

======================================================================
Step 3500 (1.9 min) | Pickups: 22 | Deposits: 18 | Rate: 9.64 tags/min | phero_entries=18 phero_max=0.695
======================================================================
R1[T1][RTB       ]: L=+1.00 R=+1.00 | carry=1 | base=0.07 ba=-0.00 | site=0 sd=0.00 sa=+0.00 | phero=0 pd=0.00 pa=+0.00 | srch=0.00 | wall=3.23
R2[T1][RTB       ]: L=+0.00 R=+1.00 | carry=1 | base=0.57 ba=+0.41 | site=0 sd=0.00 sa=+0.00 | phero=0 pd=0.00 pa=+0.00 | srch=0.00 | wall=0.96
R3[T1][RTB       ]: L=+1.00 R=+0.58 | carry=1 | base=0.21 ba=-0.16 | site=0 sd=0.00 sa=+0.00 | phero=0 pd=0.00 pa=+0.00 | srch=0.00 | wall=2.68
R4[T1][SITE      ]: L=+1.00 R=+1.00 | carry=0 | base=0.19 ba=-0.96 | site=1 sd=0.26 sa=+0.06 | phero=0 pd=0.00 pa=+0.00 | srch=0.08 | wall=2.59
R5[T2][EXPLORE   ]: L=+1.00 R=+1.00 | carry=0 | base=0.49 ba=-0.33 | site=0 sd=0.00 sa=+0.00 | phero=0 pd=0.00 pa=+0.00 | srch=0.36 | wall=1.33
R6[T2][SITE      ]: L=+1.00 R=+1.00 | carry=0 | base=0.20 ba=-0.95 | site=1 sd=0.13 sa=+0.07 | phero=0 pd=0.00 pa=+0.00 | srch=0.09 | wall=2.74
R7[T2][RTB       ]: L=+1.00 R=+0.00 | carry=1 | base=0.24 ba=-0.73 | site=0 sd=0.00 sa=+0.00 | phero=0 pd=0.00 pa=+0.00 | srch=0.00 | wall=2.66
R8[T2][SITE      ]: L=+1.00 R=+0.96 | carry=0 | base=0.15 ba=+0.99 | site=1 sd=0.28 sa=+0.08 | phero=0 pd=0.00 pa=+0.00 | srch=0.06 | wall=2.76
R9[T3][BASE_ESC  ]: L=+1.00 R=+0.01 | carry=0 | base=0.05 ba=+0.75 | site=0 sd=0.00 sa=+0.00 | phero=1 pd=0.39 pa=+0.87 | srch=0.02 | wall=3.28
R10[T3][EXPLORE   ]: L=+1.00 R=+0.56 | carry=0 | base=0.74 ba=+0.48 | site=0 sd=0.00 sa=+0.00 | phero=0 pd=0.00 pa=+0.00 | srch=0.88 | wall=0.44
R11[T3][SITE      ]: L=+0.11 R=+0.07 | carry=0 | base=0.24 ba=-0.89 | site=1 sd=0.16 sa=+0.18 | phero=0 pd=0.00 pa=+0.00 | srch=0.12 | wall=2.33
R12[T3][SITE      ]: L=+1.00 R=+1.00 | carry=0 | base=0.18 ba=+1.00 | site=1 sd=0.19 sa=+0.24 | phero=0 pd=0.00 pa=+0.00 | srch=0.09 | wall=2.59

[DEPOSIT] Robot 1 deposited! Total: 19
  [PHERO] Laid at (1.29, 1.05) density=12 prob=1.00 total_entries=19
  [TARGET] Robot 1 → SITE (1.29,1.05)
[PICKUP] Robot 6 picked up tag (density=11) | Total: 23
[DEPOSIT] Robot 3 deposited! Total: 20
  [PHERO] Laid at (-0.61, -0.88) density=13 prob=1.00 total_entries=20
  [TARGET] Robot 3 → SITE (-0.61,-0.88)
[DEPOSIT] Robot 7 deposited! Total: 21
  [PHERO] Laid at (-0.83, -0.84) density=12 prob=1.00 total_entries=21
  [TARGET] Robot 7 → SITE (-0.83,-0.84)
[PICKUP] Robot 12 picked up tag (density=7) | Total: 24
[GIVE-UP] R5 giving up after 1856 steps
[PICKUP] Robot 8 picked up tag (density=6) | Total: 25
[PICKUP] Robot 11 picked up tag (density=16) | Total: 26

======================================================================
Step 4000 (2.1 min) | Pickups: 26 | Deposits: 21 | Rate: 9.84 tags/min | phero_entries=21 phero_max=0.779
======================================================================
R1[T1][SITE      ]: L=+1.00 R=+1.00 | carry=0 | base=0.33 ba=+0.98 | site=1 sd=0.07 sa=+0.49 | phero=0 pd=0.00 pa=+0.00 | srch=0.12 | wall=2.05
R2[T1][RTB       ]: L=+1.00 R=+1.00 | carry=1 | base=0.21 ba=+0.00 | site=0 sd=0.00 sa=+0.00 | phero=0 pd=0.00 pa=+0.00 | srch=0.00 | wall=2.57
R3[T1][SITE      ]: L=+0.38 R=+0.38 | carry=0 | base=0.10 ba=+0.90 | site=1 sd=0.12 sa=+0.01 | phero=0 pd=0.00 pa=+0.00 | srch=0.07 | wall=3.15
R4[T1][SITE      ]: L=+0.41 R=+1.00 | carry=0 | base=0.47 ba=+0.18 | site=1 sd=0.02 sa=+0.42 | phero=0 pd=0.00 pa=+0.00 | srch=0.20 | wall=1.30
R5[T2][GIVE_UP   ]: L=+1.00 R=+0.76 | carry=0 | base=0.41 ba=-0.09 | site=0 sd=0.00 sa=+0.00 | phero=0 pd=0.00 pa=+0.00 | srch=0.48 | wall=1.61
R6[T2][RTB       ]: L=+1.00 R=+1.00 | carry=1 | base=0.16 ba=+0.00 | site=0 sd=0.00 sa=+0.00 | phero=0 pd=0.00 pa=+0.00 | srch=0.00 | wall=2.93
R7[T2][SITE      ]: L=+0.53 R=+0.52 | carry=0 | base=0.06 ba=+0.82 | site=1 sd=0.18 sa=-0.07 | phero=0 pd=0.00 pa=+0.00 | srch=0.04 | wall=3.26
R8[T2][RTB       ]: L=+0.00 R=+1.00 | carry=1 | base=0.44 ba=+0.46 | site=0 sd=0.00 sa=+0.00 | phero=0 pd=0.00 pa=+0.00 | srch=0.00 | wall=1.40
R9[T3][PHERO     ]: L=+1.00 R=+0.97 | carry=0 | base=0.25 ba=-0.78 | site=0 sd=0.00 sa=+0.00 | phero=1 pd=0.27 pa=-0.32 | srch=0.15 | wall=2.32
R10[T3][EXPLORE   ]: L=+1.00 R=+1.00 | carry=0 | base=0.65 ba=+0.35 | site=0 sd=0.00 sa=+0.00 | phero=0 pd=0.00 pa=+0.00 | srch=1.00 | wall=0.43
R11[T3][RTB       ]: L=+0.00 R=+1.00 | carry=1 | base=0.56 ba=+0.69 | site=0 sd=0.00 sa=+0.00 | phero=0 pd=0.00 pa=+0.00 | srch=0.00 | wall=0.87
R12[T3][RTB       ]: L=+0.99 R=+1.00 | carry=1 | base=0.31 ba=+0.00 | site=0 sd=0.00 sa=+0.00 | phero=0 pd=0.00 pa=+0.00 | srch=0.00 | wall=2.01

[DEPOSIT] Robot 6 deposited! Total: 22
  [PHERO] Laid at (1.25, 1.08) density=11 prob=1.00 total_entries=22
  [TARGET] Robot 6 → SITE (1.25,1.08)
[PICKUP] Robot 9 picked up tag (density=10) | Total: 27
[DEPOSIT] Robot 2 deposited! Total: 23
  [PHERO] Laid at (1.16, -2.55) density=15 prob=1.00 total_entries=23
  [TARGET] Robot 2 → SITE (1.16,-2.55)
[PICKUP] Robot 1 picked up tag (density=9) | Total: 28
[PICKUP] Robot 3 picked up tag (density=11) | Total: 29
[DEPOSIT] Robot 12 deposited! Total: 24
  [PHERO] Laid at (1.83, 0.45) density=7 prob=0.99 total_entries=24
  [TARGET] Robot 12 → SITE (1.83,0.45)
[EMPTY_RTN] R5 → phero(-0.61,-0.88)

======================================================================
Step 4500 (2.4 min) | Pickups: 29 | Deposits: 24 | Rate: 10.00 tags/min | phero_entries=24 phero_max=0.773
======================================================================
R1[T1][RTB       ]: L=+1.00 R=+1.00 | carry=1 | base=0.23 ba=+0.00 | site=0 sd=0.00 sa=+0.00 | phero=0 pd=0.00 pa=+0.00 | srch=0.00 | wall=2.66
R2[T1][SITE      ]: L=+1.00 R=+1.00 | carry=0 | base=0.19 ba=+0.97 | site=1 sd=0.41 sa=-0.26 | phero=0 pd=0.00 pa=+0.00 | srch=0.07 | wall=2.75
R3[T1][RTB       ]: L=+1.00 R=+1.00 | carry=1 | base=0.15 ba=+0.00 | site=0 sd=0.00 sa=+0.00 | phero=0 pd=0.00 pa=+0.00 | srch=0.00 | wall=2.83
R4[T1][WALL_ESC  ]: L=+1.00 R=+0.00 | carry=0 | base=0.65 ba=-0.52 | site=0 sd=0.00 sa=+0.00 | phero=0 pd=0.00 pa=+0.00 | srch=0.33 | wall=0.32
R5[T2][BASE_ESC  ]: L=+0.00 R=+1.00 | carry=0 | base=0.04 ba=-0.33 | site=0 sd=0.00 sa=+0.00 | phero=1 pd=0.19 pa=+0.32 | srch=0.01 | wall=3.29
R6[T2][SITE      ]: L=+0.80 R=+0.83 | carry=0 | base=0.22 ba=-0.81 | site=1 sd=0.12 sa=+0.08 | phero=0 pd=0.00 pa=+0.00 | srch=0.09 | wall=2.71
R7[T2][SITE      ]: L=-0.80 R=-0.79 | carry=0 | base=0.15 ba=-0.87 | site=1 sd=0.09 sa=+0.02 | phero=0 pd=0.00 pa=+0.00 | srch=0.16 | wall=2.90
R8[T2][RTB       ]: L=+1.00 R=+1.00 | carry=1 | base=0.09 ba=+0.00 | site=0 sd=0.00 sa=+0.00 | phero=0 pd=0.00 pa=+0.00 | srch=0.00 | wall=3.07
R9[T3][RTB       ]: L=+1.00 R=+1.00 | carry=1 | base=0.13 ba=+0.00 | site=0 sd=0.00 sa=+0.00 | phero=0 pd=0.00 pa=+0.00 | srch=0.00 | wall=3.01
R10[T3][EXPLORE   ]: L=+1.00 R=+1.00 | carry=0 | base=0.59 ba=+0.57 | site=0 sd=0.00 sa=+0.00 | phero=0 pd=0.00 pa=+0.00 | srch=1.00 | wall=0.68
R11[T3][RTB       ]: L=+1.00 R=+1.00 | carry=1 | base=0.23 ba=+0.00 | site=0 sd=0.00 sa=+0.00 | phero=0 pd=0.00 pa=+0.00 | srch=0.00 | wall=2.42
R12[T3][SITE      ]: L=+1.00 R=+0.98 | carry=0 | base=0.09 ba=-0.98 | site=1 sd=0.30 sa=-0.11 | phero=0 pd=0.00 pa=+0.00 | srch=0.04 | wall=3.14

[DEPOSIT] Robot 8 deposited! Total: 25
  [PHERO] Laid at (2.10, 0.63) density=6 prob=0.97 total_entries=25
  [TARGET] Robot 8 → SITE (2.10,0.63)
[DEPOSIT] Robot 9 deposited! Total: 26
  [PHERO] Laid at (1.03, 1.32) density=10 prob=1.00 total_entries=26
  [TARGET] Robot 9 → SITE (1.03,1.32)
[DEPOSIT] Robot 3 deposited! Total: 27
  [PHERO] Laid at (-0.61, -0.91) density=11 prob=1.00 total_entries=27
  [TARGET] Robot 3 → SITE (-0.61,-0.91)
[PICKUP] Robot 6 picked up tag (density=8) | Total: 30
[DEPOSIT] Robot 1 deposited! Total: 28
  [PHERO] Laid at (1.55, 1.39) density=9 prob=1.00 total_entries=28
  [TARGET] Robot 1 → SITE (1.55,1.39)
[DEPOSIT] Robot 11 deposited! Total: 29
  [PHERO] Laid at (2.61, 0.83) density=16 prob=1.00 total_entries=29
  [TARGET] Robot 11 → SITE (2.61,0.83)
[PICKUP] Robot 5 picked up tag (density=10) | Total: 31

======================================================================
Step 5000 (2.7 min) | Pickups: 31 | Deposits: 29 | Rate: 10.88 tags/min | phero_entries=29 phero_max=0.664
======================================================================
R1[T1][SITE      ]: L=+0.72 R=+1.00 | carry=0 | base=0.16 ba=+0.97 | site=1 sd=0.27 sa=+0.10 | phero=0 pd=0.00 pa=+0.00 | srch=0.06 | wall=2.79
R2[T1][SITE      ]: L=+1.00 R=+0.57 | carry=0 | base=0.54 ba=-0.84 | site=1 sd=0.14 sa=-0.33 | phero=0 pd=0.00 pa=+0.00 | srch=0.20 | wall=1.40
R3[T1][EXPLORE   ]: L=+1.00 R=+1.00 | carry=0 | base=0.22 ba=-0.70 | site=0 sd=0.00 sa=+0.00 | phero=0 pd=0.00 pa=+0.00 | srch=0.09 | wall=2.57
R4[T1][EXPLORE   ]: L=+1.00 R=+0.72 | carry=0 | base=0.48 ba=-0.91 | site=0 sd=0.00 sa=+0.00 | phero=0 pd=0.00 pa=+0.00 | srch=0.45 | wall=1.20
R5[T2][RTB       ]: L=+1.00 R=+0.97 | carry=1 | base=0.19 ba=-0.01 | site=0 sd=0.00 sa=+0.00 | phero=0 pd=0.00 pa=+0.00 | srch=0.00 | wall=2.78
R6[T2][RTB       ]: L=+1.00 R=+1.00 | carry=1 | base=0.20 ba=+0.00 | site=0 sd=0.00 sa=+0.00 | phero=0 pd=0.00 pa=+0.00 | srch=0.00 | wall=2.77
R7[T2][SITE      ]: L=+0.31 R=+0.31 | carry=0 | base=0.15 ba=-0.87 | site=1 sd=0.09 sa=+0.01 | phero=0 pd=0.00 pa=+0.00 | srch=0.29 | wall=2.89
R8[T2][SITE      ]: L=+1.00 R=+1.00 | carry=0 | base=0.27 ba=-0.93 | site=1 sd=0.19 sa=+0.26 | phero=0 pd=0.00 pa=+0.00 | srch=0.11 | wall=2.16
R9[T3][SITE      ]: L=+1.00 R=+1.00 | carry=0 | base=0.27 ba=+0.99 | site=1 sd=0.13 sa=-0.38 | phero=0 pd=0.00 pa=+0.00 | srch=0.10 | wall=2.24
R10[T3][EXPLORE   ]: L=+1.00 R=+1.00 | carry=0 | base=0.78 ba=+0.73 | site=0 sd=0.00 sa=+0.00 | phero=0 pd=0.00 pa=+0.00 | srch=1.00 | wall=0.74
R11[T3][SITE      ]: L=+1.00 R=+1.00 | carry=0 | base=0.16 ba=+0.98 | site=1 sd=0.40 sa=+0.09 | phero=0 pd=0.00 pa=+0.00 | srch=0.06 | wall=2.72
R12[T3][SITE      ]: L=+0.72 R=+1.00 | carry=0 | base=0.41 ba=+0.61 | site=1 sd=0.03 sa=+0.48 | phero=0 pd=0.00 pa=+0.00 | srch=0.17 | wall=1.52

[PICKUP] Robot 3 picked up tag (density=9) | Total: 32
[PICKUP] Robot 12 picked up tag (density=5) | Total: 33
[PICKUP] Robot 2 picked up tag (density=14) | Total: 34
[DEPOSIT] Robot 5 deposited! Total: 30
  [PHERO] Laid at (-0.63, -0.94) density=10 prob=1.00 total_entries=30
  [TARGET] Robot 5 → SITE (-0.63,-0.94)
[DEPOSIT] Robot 6 deposited! Total: 31
  [PHERO] Laid at (1.28, 1.08) density=8 prob=1.00 total_entries=31
  [TARGET] Robot 6 → SITE (1.28,1.08)
[PICKUP] Robot 11 picked up tag (density=4) | Total: 35
[PICKUP] Robot 9 picked up tag (density=7) | Total: 36
[DEPOSIT] Robot 3 deposited! Total: 32
  [PHERO] Laid at (-0.71, -0.94) density=9 prob=1.00 total_entries=30
  [TARGET] Robot 3 → SITE (-0.71,-0.94)
[PICKUP] Robot 8 picked up tag (density=3) | Total: 37

======================================================================
Step 5500 (2.9 min) | Pickups: 37 | Deposits: 32 | Rate: 10.91 tags/min | phero_entries=30 phero_max=0.814
======================================================================
R1[T1][SITE      ]: L=+0.75 R=+1.00 | carry=0 | base=0.44 ba=+0.21 | site=1 sd=0.04 sa=+0.51 | phero=0 pd=0.00 pa=+0.00 | srch=0.19 | wall=1.92
R2[T1][RTB       ]: L=+1.00 R=+1.00 | carry=1 | base=0.31 ba=-0.00 | site=0 sd=0.00 sa=+0.00 | phero=0 pd=0.00 pa=+0.00 | srch=0.00 | wall=2.23
R3[T1][SITE      ]: L=+0.27 R=+1.00 | carry=0 | base=0.05 ba=+0.95 | site=1 sd=0.19 sa=+0.10 | phero=0 pd=0.00 pa=+0.00 | srch=0.03 | wall=3.27
R4[T1][EXPLORE   ]: L=+1.00 R=+1.00 | carry=0 | base=0.42 ba=-0.59 | site=0 sd=0.00 sa=+0.00 | phero=0 pd=0.00 pa=+0.00 | srch=0.58 | wall=1.44
R5[T2][SITE      ]: L=+0.87 R=+0.90 | carry=0 | base=0.17 ba=-0.97 | site=1 sd=0.06 sa=+0.03 | phero=0 pd=0.00 pa=+0.00 | srch=0.08 | wall=2.80
R6[T2][SITE      ]: L=+0.52 R=+0.50 | carry=0 | base=0.14 ba=-0.96 | site=1 sd=0.20 sa=-0.04 | phero=0 pd=0.00 pa=+0.00 | srch=0.08 | wall=2.98
R7[T2][EXPLORE   ]: L=+0.33 R=+1.00 | carry=0 | base=0.37 ba=+0.48 | site=0 sd=0.00 sa=+0.00 | phero=0 pd=0.00 pa=+0.00 | srch=0.41 | wall=2.14
R8[T2][RTB       ]: L=+0.97 R=+1.00 | carry=1 | base=0.40 ba=+0.01 | site=0 sd=0.00 sa=+0.00 | phero=0 pd=0.00 pa=+0.00 | srch=0.00 | wall=1.66
R9[T3][RTB       ]: L=+1.00 R=+1.00 | carry=1 | base=0.27 ba=-0.00 | site=0 sd=0.00 sa=+0.00 | phero=0 pd=0.00 pa=+0.00 | srch=0.00 | wall=2.49
R10[T3][EXPLORE   ]: L=+1.00 R=+1.00 | carry=0 | base=0.59 ba=+0.09 | site=0 sd=0.00 sa=+0.00 | phero=0 pd=0.00 pa=+0.00 | srch=1.00 | wall=1.07
R11[T3][RTB       ]: L=+1.00 R=+1.00 | carry=1 | base=0.31 ba=+0.00 | site=0 sd=0.00 sa=+0.00 | phero=0 pd=0.00 pa=+0.00 | srch=0.00 | wall=2.08
R12[T3][RTB       ]: L=+1.00 R=+1.00 | carry=1 | base=0.08 ba=+0.00 | site=0 sd=0.00 sa=+0.00 | phero=0 pd=0.00 pa=+0.00 | srch=0.00 | wall=3.11

[DEPOSIT] Robot 12 deposited! Total: 33
  [PHERO] Laid at (1.95, 0.55) density=5 prob=0.92 total_entries=31
  [TARGET] Robot 12 → SITE (1.95,0.55)
[PICKUP] Robot 1 picked up tag (density=6) | Total: 38
[PICKUP] Robot 5 picked up tag (density=8) | Total: 39
[PICKUP] Robot 10 picked up tag (density=16) | Total: 40
[DEPOSIT] Robot 9 deposited! Total: 34
  [PHERO] Laid at (1.18, 1.51) density=7 prob=0.99 total_entries=32
  [TARGET] Robot 9 → SITE (1.18,1.51)
[PICKUP] Robot 3 picked up tag (density=7) | Total: 41
[PICKUP] Robot 6 picked up tag (density=5) | Total: 42
[DEPOSIT] Robot 2 deposited! Total: 35
  [PHERO] Laid at (1.68, -2.33) density=14 prob=1.00 total_entries=33
  [TARGET] Robot 2 → SITE (1.68,-2.33)
[DEPOSIT] Robot 11 deposited! Total: 36
  [PHERO] Laid at (1.80, 0.53) density=4 prob=0.82 total_entries=34
  [TARGET] Robot 11 → SITE (1.80,0.53)
[DEPOSIT] Robot 5 deposited! Total: 37
  [PHERO] Laid at (-0.66, -0.98) density=8 prob=1.00 total_entries=34
  [TARGET] Robot 5 → SITE (-0.66,-0.98)

======================================================================
Step 6000 (3.2 min) | Pickups: 42 | Deposits: 37 | Rate: 11.56 tags/min | phero_entries=34 phero_max=0.949
======================================================================
R1[T1][RTB       ]: L=+1.00 R=+1.00 | carry=1 | base=0.07 ba=-0.00 | site=0 sd=0.00 sa=+0.00 | phero=0 pd=0.00 pa=+0.00 | srch=0.00 | wall=3.26
R2[T1][SITE      ]: L=+1.00 R=+1.00 | carry=0 | base=0.09 ba=+1.00 | site=1 sd=0.49 sa=+0.13 | phero=0 pd=0.00 pa=+0.00 | srch=0.04 | wall=3.06
R3[T1][RTB       ]: L=+1.00 R=+1.00 | carry=1 | base=0.17 ba=-0.00 | site=0 sd=0.00 sa=+0.00 | phero=0 pd=0.00 pa=+0.00 | srch=0.00 | wall=2.90
R4[T1][EXPLORE   ]: L=+1.00 R=+1.00 | carry=0 | base=0.60 ba=-0.67 | site=0 sd=0.00 sa=+0.00 | phero=0 pd=0.00 pa=+0.00 | srch=0.70 | wall=0.91
R5[T2][BASE_ESC  ]: L=+1.00 R=+0.00 | carry=0 | base=0.05 ba=+0.33 | site=1 sd=0.19 sa=-0.73 | phero=0 pd=0.00 pa=+0.00 | srch=0.01 | wall=3.30
R6[T2][RTB       ]: L=+1.00 R=+0.99 | carry=1 | base=0.29 ba=-0.00 | site=0 sd=0.00 sa=+0.00 | phero=0 pd=0.00 pa=+0.00 | srch=0.00 | wall=2.35
R7[T2][EXPLORE   ]: L=+0.22 R=+0.99 | carry=0 | base=0.35 ba=-0.42 | site=0 sd=0.00 sa=+0.00 | phero=0 pd=0.00 pa=+0.00 | srch=0.54 | wall=2.22
R8[T2][RTB       ]: L=+1.00 R=+0.96 | carry=1 | base=0.07 ba=+0.01 | site=0 sd=0.00 sa=+0.00 | phero=0 pd=0.00 pa=+0.00 | srch=0.00 | wall=3.18
R9[T3][SITE      ]: L=+1.00 R=+1.00 | carry=0 | base=0.13 ba=+0.96 | site=1 sd=0.27 sa=-0.24 | phero=0 pd=0.00 pa=+0.00 | srch=0.06 | wall=2.86
R10[T3][RTB       ]: L=+1.00 R=+1.00 | carry=1 | base=0.22 ba=+0.00 | site=0 sd=0.00 sa=+0.00 | phero=0 pd=0.00 pa=+0.00 | srch=0.00 | wall=2.56
R11[T3][SITE      ]: L=+1.00 R=+0.48 | carry=0 | base=0.06 ba=+0.89 | site=1 sd=0.32 sa=-0.03 | phero=0 pd=0.00 pa=+0.00 | srch=0.04 | wall=3.19
R12[T3][SITE      ]: L=+1.00 R=+1.00 | carry=0 | base=0.23 ba=-0.86 | site=1 sd=0.19 sa=+0.25 | phero=0 pd=0.00 pa=+0.00 | srch=0.11 | wall=2.38

[DEPOSIT] Robot 1 deposited! Total: 38
  [PHERO] Laid at (1.40, 1.51) density=6 prob=0.97 total_entries=35
  [TARGET] Robot 1 → SITE (1.40,1.51)
[DEPOSIT] Robot 8 deposited! Total: 39
  [PHERO] Laid at (2.08, 0.71) density=3 prob=0.65 total_entries=36
  [TARGET] Robot 8 → SITE (2.08,0.71)
[DEPOSIT] Robot 3 deposited! Total: 40
  [PHERO] Laid at (-0.78, -0.98) density=7 prob=0.99 total_entries=36
  [TARGET] Robot 3 → SITE (-0.78,-0.98)
[DEPOSIT] Robot 10 deposited! Total: 41
  [PHERO] Laid at (-1.22, -2.12) density=16 prob=1.00 total_entries=37
  [TARGET] Robot 10 → SITE (-1.22,-2.12)
[DEPOSIT] Robot 6 deposited! Total: 42
  [TARGET] Robot 6 → SITE (1.32,1.10)
[PICKUP] Robot 4 picked up tag (density=13) | Total: 43
[PICKUP] Robot 12 picked up tag (density=2) | Total: 44

======================================================================
Step 6500 (3.5 min) | Pickups: 44 | Deposits: 42 | Rate: 12.12 tags/min | phero_entries=32 phero_max=0.636
======================================================================
R1[T1][SITE      ]: L=+1.00 R=+1.00 | carry=0 | base=0.31 ba=+0.99 | site=1 sd=0.13 sa=+0.24 | phero=0 pd=0.00 pa=+0.00 | srch=0.12 | wall=2.22
R2[T1][SITE      ]: L=+0.98 R=+1.00 | carry=0 | base=0.47 ba=+0.86 | site=1 sd=0.14 sa=+0.07 | phero=0 pd=0.00 pa=+0.00 | srch=0.17 | wall=1.44
R3[T1][SITE      ]: L=+0.16 R=+0.15 | carry=0 | base=0.19 ba=+0.96 | site=1 sd=0.06 sa=-0.07 | phero=0 pd=0.00 pa=+0.00 | srch=0.09 | wall=2.74
R4[T1][RTB       ]: L=+1.00 R=+0.53 | carry=1 | base=0.61 ba=-0.19 | site=0 sd=0.00 sa=+0.00 | phero=0 pd=0.00 pa=+0.00 | srch=0.00 | wall=0.97
R5[T2][SITE      ]: L=+0.04 R=+0.04 | carry=0 | base=0.23 ba=-0.69 | site=1 sd=0.02 sa=+0.01 | phero=0 pd=0.00 pa=+0.00 | srch=0.13 | wall=2.53
R6[T2][SITE      ]: L=+0.44 R=+0.43 | carry=0 | base=0.07 ba=-0.92 | site=1 sd=0.27 sa=+0.01 | phero=0 pd=0.00 pa=+0.00 | srch=0.05 | wall=3.22
R7[T2][BASE_ESC  ]: L=+1.00 R=+1.00 | carry=0 | base=0.05 ba=-0.13 | site=0 sd=0.00 sa=+0.00 | phero=0 pd=0.00 pa=+0.00 | srch=0.66 | wall=3.26
R8[T2][SITE      ]: L=+1.00 R=+0.97 | carry=0 | base=0.30 ba=-0.91 | site=1 sd=0.16 sa=-0.05 | phero=0 pd=0.00 pa=+0.00 | srch=0.12 | wall=2.19
R9[T3][EXPLORE   ]: L=+1.00 R=+1.00 | carry=0 | base=0.39 ba=-0.58 | site=0 sd=0.00 sa=+0.00 | phero=0 pd=0.00 pa=+0.00 | srch=0.18 | wall=2.00
R10[T3][SITE      ]: L=+0.94 R=+0.96 | carry=0 | base=0.17 ba=-0.97 | site=1 sd=0.32 sa=-0.04 | phero=0 pd=0.00 pa=+0.00 | srch=0.07 | wall=2.70
R11[T3][EXPLORE   ]: L=+0.76 R=+1.00 | carry=0 | base=0.38 ba=-0.99 | site=0 sd=0.00 sa=+0.00 | phero=0 pd=0.00 pa=+0.00 | srch=0.16 | wall=1.71
R12[T3][RTB       ]: L=+0.23 R=+1.00 | carry=1 | base=0.41 ba=+0.31 | site=0 sd=0.00 sa=+0.00 | phero=0 pd=0.00 pa=+0.00 | srch=0.00 | wall=1.58

[PICKUP] Robot 9 picked up tag (density=4) | Total: 45
[PICKUP] Robot 2 picked up tag (density=12) | Total: 46
[PICKUP] Robot 8 picked up tag (density=1) | Total: 47
[PICKUP] Robot 10 picked up tag (density=6) | Total: 48
[PICKUP] Robot 5 picked up tag (density=5) | Total: 49
[DEPOSIT] Robot 12 deposited! Total: 43
  [PHERO] Laid at (1.93, 0.62) density=2 prob=0.42 total_entries=30
  [TARGET] Robot 12 → SITE (1.93,0.62)

======================================================================
Step 7000 (3.7 min) | Pickups: 49 | Deposits: 43 | Rate: 11.52 tags/min | phero_entries=30 phero_max=0.975
======================================================================
R1[T1][SITE      ]: L=+0.86 R=+1.00 | carry=0 | base=0.44 ba=+0.10 | site=1 sd=0.09 sa=+0.47 | phero=0 pd=0.00 pa=+0.00 | srch=0.24 | wall=1.62
R2[T1][RTB       ]: L=+1.00 R=+1.00 | carry=1 | base=0.28 ba=+0.00 | site=0 sd=0.00 sa=+0.00 | phero=0 pd=0.00 pa=+0.00 | srch=0.00 | wall=2.35
R3[T1][SITE      ]: L=+0.01 R=+0.00 | carry=0 | base=0.19 ba=+0.98 | site=1 sd=0.06 sa=-0.06 | phero=0 pd=0.00 pa=+0.00 | srch=0.21 | wall=2.75
R4[T1][RTB       ]: L=+1.00 R=+1.00 | carry=1 | base=0.23 ba=+0.00 | site=0 sd=0.00 sa=+0.00 | phero=0 pd=0.00 pa=+0.00 | srch=0.00 | wall=2.52
R5[T2][RTB       ]: L=+1.00 R=+0.91 | carry=1 | base=0.06 ba=-0.03 | site=0 sd=0.00 sa=+0.00 | phero=0 pd=0.00 pa=+0.00 | srch=0.00 | wall=3.29
R6[T2][SITE      ]: L=-0.06 R=+0.20 | carry=0 | base=0.30 ba=-0.98 | site=1 sd=0.04 sa=-0.01 | phero=0 pd=0.00 pa=+0.00 | srch=0.17 | wall=2.35
R7[T2][EXPLORE   ]: L=+0.45 R=+1.00 | carry=0 | base=0.05 ba=+0.94 | site=0 sd=0.00 sa=+0.00 | phero=0 pd=0.00 pa=+0.00 | srch=0.79 | wall=3.29
R8[T2][RTB       ]: L=+1.00 R=+1.00 | carry=1 | base=0.12 ba=-0.00 | site=0 sd=0.00 sa=+0.00 | phero=0 pd=0.00 pa=+0.00 | srch=0.00 | wall=2.93
R9[T3][RTB       ]: L=+1.00 R=+1.00 | carry=1 | base=0.09 ba=-0.00 | site=0 sd=0.00 sa=+0.00 | phero=0 pd=0.00 pa=+0.00 | srch=0.00 | wall=3.20
R10[T3][RTB       ]: L=+1.00 R=+0.90 | carry=1 | base=0.06 ba=-0.04 | site=0 sd=0.00 sa=+0.00 | phero=0 pd=0.00 pa=+0.00 | srch=0.00 | wall=3.23
R11[T3][EXPLORE   ]: L=+1.00 R=+0.88 | carry=0 | base=0.43 ba=+0.52 | site=0 sd=0.00 sa=+0.00 | phero=0 pd=0.00 pa=+0.00 | srch=0.29 | wall=1.63
R12[T3][BASE_ESC  ]: L=+1.00 R=+0.00 | carry=0 | base=0.05 ba=+0.17 | site=1 sd=0.36 sa=-0.85 | phero=0 pd=0.00 pa=+0.00 | srch=0.00 | wall=3.28

[DEPOSIT] Robot 5 deposited! Total: 44
  [PHERO] Laid at (-0.69, -0.98) density=5 prob=0.92 total_entries=31
  [TARGET] Robot 5 → SITE (-0.69,-0.98)
[DEPOSIT] Robot 9 deposited! Total: 45
  [PHERO] Laid at (1.30, 1.45) density=4 prob=0.82 total_entries=32
  [TARGET] Robot 9 → SITE (1.30,1.45)
[DEPOSIT] Robot 10 deposited! Total: 46
  [PHERO] Laid at (-0.51, -1.16) density=6 prob=0.97 total_entries=33
  [TARGET] Robot 10 → SITE (-0.51,-1.16)
[DEPOSIT] Robot 8 deposited! Total: 47
  [TARGET] Robot 8 → SITE (1.65,0.70)
[PICKUP] Robot 1 picked up tag (density=3) | Total: 50
[PICKUP] Robot 6 picked up tag (density=2) | Total: 51
[DEPOSIT] Robot 4 deposited! Total: 48
  [PHERO] Laid at (1.68, -2.54) density=13 prob=1.00 total_entries=33
  [TARGET] Robot 4 → SITE (1.68,-2.54)
[DEPOSIT] Robot 2 deposited! Total: 49
  [PHERO] Laid at (1.35, -2.25) density=12 prob=1.00 total_entries=34
  [TARGET] Robot 2 → SITE (1.35,-2.25)
[PICKUP] Robot 3 picked up tag (density=4) | Total: 52

======================================================================
Step 7500 (4.0 min) | Pickups: 52 | Deposits: 49 | Rate: 12.25 tags/min | phero_entries=31 phero_max=0.718
======================================================================
R1[T1][RTB       ]: L=+1.00 R=+1.00 | carry=1 | base=0.16 ba=-0.00 | site=0 sd=0.00 sa=+0.00 | phero=0 pd=0.00 pa=+0.00 | srch=0.00 | wall=2.94
R2[T1][SITE      ]: L=+1.00 R=+0.97 | carry=0 | base=0.12 ba=+0.95 | site=1 sd=0.43 sa=-0.26 | phero=0 pd=0.00 pa=+0.00 | srch=0.05 | wall=2.99
R3[T1][RTB       ]: L=+1.00 R=+0.98 | carry=1 | base=0.21 ba=-0.01 | site=0 sd=0.00 sa=+0.00 | phero=0 pd=0.00 pa=+0.00 | srch=0.00 | wall=2.75
R4[T1][SITE      ]: L=+1.00 R=+0.99 | carry=0 | base=0.16 ba=-0.98 | site=1 sd=0.47 sa=-0.11 | phero=0 pd=0.00 pa=+0.00 | srch=0.07 | wall=2.89
R5[T2][EXPLORE   ]: L=+1.00 R=+1.00 | carry=0 | base=0.27 ba=-0.83 | site=0 sd=0.00 sa=+0.00 | phero=0 pd=0.00 pa=+0.00 | srch=0.12 | wall=2.47
R6[T2][RTB       ]: L=+1.00 R=+1.00 | carry=1 | base=0.19 ba=-0.00 | site=0 sd=0.00 sa=+0.00 | phero=0 pd=0.00 pa=+0.00 | srch=0.00 | wall=2.73
R7[T2][EXPLORE   ]: L=+1.00 R=+1.00 | carry=0 | base=0.32 ba=+1.00 | site=0 sd=0.00 sa=+0.00 | phero=0 pd=0.00 pa=+0.00 | srch=0.91 | wall=2.08
R8[T2][SITE      ]: L=+1.00 R=+0.96 | carry=0 | base=0.25 ba=-0.97 | site=1 sd=0.12 sa=-0.13 | phero=0 pd=0.00 pa=+0.00 | srch=0.09 | wall=2.43
R9[T3][SITE      ]: L=+1.00 R=+1.00 | carry=0 | base=0.26 ba=-0.94 | site=1 sd=0.14 sa=+0.06 | phero=0 pd=0.00 pa=+0.00 | srch=0.11 | wall=2.56
R10[T3][EXPLORE   ]: L=+1.00 R=+1.00 | carry=0 | base=0.30 ba=+0.84 | site=0 sd=0.00 sa=+0.00 | phero=0 pd=0.00 pa=+0.00 | srch=0.11 | wall=2.09
R11[T3][EXPLORE   ]: L=+1.00 R=+0.81 | carry=0 | base=0.50 ba=+0.87 | site=0 sd=0.00 sa=+0.00 | phero=0 pd=0.00 pa=+0.00 | srch=0.41 | wall=1.58
R12[T3][SITE      ]: L=+1.00 R=+1.00 | carry=0 | base=0.33 ba=-0.98 | site=1 sd=0.08 sa=-0.08 | phero=0 pd=0.00 pa=+0.00 | srch=0.13 | wall=1.98

[PICKUP] Robot 5 picked up tag (density=3) | Total: 53
[PICKUP] Robot 9 picked up tag (density=1) | Total: 54
[DEPOSIT] Robot 1 deposited! Total: 50
  [TARGET] Robot 1 → SITE (1.11,1.37)
[DEPOSIT] Robot 6 deposited! Total: 51
  [TARGET] Robot 6 → SITE (1.37,1.16)
[DEPOSIT] Robot 3 deposited! Total: 52
  [PHERO] Laid at (-0.81, -1.00) density=4 prob=0.82 total_entries=30
  [TARGET] Robot 3 → SITE (-0.81,-1.00)
[PICKUP] Robot 11 picked up tag (density=15) | Total: 55
[PICKUP] Robot 10 picked up tag (density=16) | Total: 56
[PICKUP] Robot 7 picked up tag (density=11) | Total: 57
[DEPOSIT] Robot 5 deposited! Total: 53
  [PHERO] Laid at (-0.90, -1.06) density=3 prob=0.65 total_entries=30
  [TARGET] Robot 5 → SITE (-0.90,-1.06)

======================================================================
Step 8000 (4.3 min) | Pickups: 57 | Deposits: 53 | Rate: 12.42 tags/min | phero_entries=30 phero_max=0.870
======================================================================
R1[T1][SITE      ]: L=+1.00 R=+1.00 | carry=0 | base=0.22 ba=+1.00 | site=1 sd=0.15 sa=+0.21 | phero=0 pd=0.00 pa=+0.00 | srch=0.09 | wall=2.60
R2[T1][SITE      ]: L=+0.99 R=+0.97 | carry=0 | base=0.45 ba=-0.86 | site=1 sd=0.09 sa=-0.07 | phero=0 pd=0.00 pa=+0.00 | srch=0.18 | wall=1.71
R3[T1][SITE      ]: L=+0.78 R=+0.78 | carry=0 | base=0.15 ba=+0.95 | site=1 sd=0.11 sa=-0.01 | phero=0 pd=0.00 pa=+0.00 | srch=0.07 | wall=2.96
R4[T1][SITE      ]: L=+0.92 R=+1.00 | carry=0 | base=0.46 ba=-0.91 | site=1 sd=0.15 sa=+0.15 | phero=0 pd=0.00 pa=+0.00 | srch=0.19 | wall=1.53
R5[T2][BASE_ESC  ]: L=+1.00 R=+0.00 | carry=0 | base=0.05 ba=+0.73 | site=1 sd=0.24 sa=-0.33 | phero=0 pd=0.00 pa=+0.00 | srch=0.02 | wall=3.31
R6[T2][SITE      ]: L=+1.00 R=+1.00 | carry=0 | base=0.20 ba=+0.93 | site=1 sd=0.18 sa=+0.13 | phero=0 pd=0.00 pa=+0.00 | srch=0.08 | wall=2.57
R7[T2][RTB       ]: L=+0.98 R=+1.00 | carry=1 | base=0.47 ba=+0.01 | site=0 sd=0.00 sa=+0.00 | phero=0 pd=0.00 pa=+0.00 | srch=0.00 | wall=1.46
R8[T2][EXPLORE   ]: L=+1.00 R=+1.00 | carry=0 | base=0.55 ba=-0.81 | site=0 sd=0.00 sa=+0.00 | phero=0 pd=0.00 pa=+0.00 | srch=0.22 | wall=0.80
R9[T3][RTB       ]: L=+1.00 R=+1.00 | carry=1 | base=0.10 ba=+0.00 | site=0 sd=0.00 sa=+0.00 | phero=0 pd=0.00 pa=+0.00 | srch=0.00 | wall=3.11
R10[T3][RTB       ]: L=+1.00 R=+1.00 | carry=1 | base=0.36 ba=+0.00 | site=0 sd=0.00 sa=+0.00 | phero=0 pd=0.00 pa=+0.00 | srch=0.00 | wall=1.73
R11[T3][RTB       ]: L=+1.00 R=+1.00 | carry=1 | base=0.44 ba=-0.00 | site=0 sd=0.00 sa=+0.00 | phero=0 pd=0.00 pa=+0.00 | srch=0.00 | wall=1.55
R12[T3][WALL_ESC  ]: L=+1.00 R=+0.00 | carry=0 | base=0.65 ba=-0.39 | site=0 sd=0.00 sa=+0.00 | phero=0 pd=0.00 pa=+0.00 | srch=0.25 | wall=0.32

[DEPOSIT] Robot 9 deposited! Total: 54
  [TARGET] Robot 9 → PHERO (-1.22,-2.12)
[PICKUP] Robot 4 picked up tag (density=10) | Total: 58
[PICKUP] Robot 2 picked up tag (density=9) | Total: 59
[DEPOSIT] Robot 10 deposited! Total: 55
  [PHERO] Laid at (-0.30, -2.33) density=16 prob=1.00 total_entries=29
  [TARGET] Robot 10 → SITE (-0.30,-2.33)
[GIVE-UP] R12 giving up after 1472 steps
[DEPOSIT] Robot 11 deposited! Total: 56
  [PHERO] Laid at (2.56, 1.35) density=15 prob=1.00 total_entries=29
  [TARGET] Robot 11 → SITE (2.56,1.35)

======================================================================
Step 8500 (4.5 min) | Pickups: 59 | Deposits: 56 | Rate: 12.35 tags/min | phero_entries=29 phero_max=0.998
======================================================================
R1[T1][SITE      ]: L=+0.90 R=+1.00 | carry=0 | base=0.47 ba=+0.39 | site=1 sd=0.12 sa=+0.51 | phero=0 pd=0.00 pa=+0.00 | srch=0.22 | wall=1.54
R2[T1][RTB       ]: L=+1.00 R=+1.00 | carry=1 | base=0.34 ba=-0.00 | site=0 sd=0.00 sa=+0.00 | phero=0 pd=0.00 pa=+0.00 | srch=0.00 | wall=2.03
R3[T1][SITE      ]: L=-0.02 R=-0.02 | carry=0 | base=0.21 ba=+0.93 | site=1 sd=0.05 sa=-0.06 | phero=0 pd=0.00 pa=+0.00 | srch=0.20 | wall=2.70
R4[T1][RTB       ]: L=+1.00 R=+1.00 | carry=1 | base=0.33 ba=+0.00 | site=0 sd=0.00 sa=+0.00 | phero=0 pd=0.00 pa=+0.00 | srch=0.00 | wall=2.11
R5[T2][EXPLORE   ]: L=+1.00 R=+1.00 | carry=0 | base=0.39 ba=-0.91 | site=0 sd=0.00 sa=+0.00 | phero=0 pd=0.00 pa=+0.00 | srch=0.15 | wall=2.08
R6[T2][EXPLORE   ]: L=+1.00 R=+1.00 | carry=0 | base=0.46 ba=+0.72 | site=0 sd=0.00 sa=+0.00 | phero=0 pd=0.00 pa=+0.00 | srch=0.20 | wall=1.50
R7[T2][RTB       ]: L=+1.00 R=+1.00 | carry=1 | base=0.10 ba=+0.00 | site=0 sd=0.00 sa=+0.00 | phero=0 pd=0.00 pa=+0.00 | srch=0.00 | wall=3.08
R8[T2][EXPLORE   ]: L=+1.00 R=+1.00 | carry=0 | base=0.47 ba=-0.25 | site=0 sd=0.00 sa=+0.00 | phero=0 pd=0.00 pa=+0.00 | srch=0.34 | wall=1.29
R9[T3][PHERO     ]: L=+0.14 R=+1.00 | carry=0 | base=0.20 ba=+0.67 | site=0 sd=0.00 sa=+0.00 | phero=1 pd=0.53 pa=+0.28 | srch=0.11 | wall=2.63
R10[T3][BASE_ESC  ]: L=+1.00 R=+0.13 | carry=0 | base=0.05 ba=+0.80 | site=1 sd=0.43 sa=-0.29 | phero=0 pd=0.00 pa=+0.00 | srch=0.03 | wall=3.27
R11[T3][BASE_ESC  ]: L=+0.00 R=+1.00 | carry=0 | base=0.05 ba=-0.00 | site=1 sd=0.54 sa=-0.99 | phero=0 pd=0.00 pa=+0.00 | srch=0.00 | wall=3.28
R12[T3][GIVE_UP   ]: L=+1.00 R=+0.93 | carry=0 | base=0.33 ba=-0.03 | site=0 sd=0.00 sa=+0.00 | phero=0 pd=0.00 pa=+0.00 | srch=0.38 | wall=1.91

[DEPOSIT] Robot 7 deposited! Total: 57
  [PHERO] Laid at (1.24, -2.34) density=11 prob=1.00 total_entries=29
  [TARGET] Robot 7 → SITE (1.24,-2.34)
[DEPOSIT] Robot 4 deposited! Total: 58
  [PHERO] Laid at (1.32, -2.26) density=10 prob=1.00 total_entries=29
  [TARGET] Robot 4 → SITE (1.32,-2.26)
[EMPTY_RTN] R12 → phero(1.32,-2.26)
[DEPOSIT] Robot 2 deposited! Total: 59
  [PHERO] Laid at (1.39, -2.27) density=9 prob=1.00 total_entries=29
  [TARGET] Robot 2 → SITE (1.39,-2.27)

======================================================================
Step 9000 (4.8 min) | Pickups: 59 | Deposits: 59 | Rate: 12.29 tags/min | phero_entries=27 phero_max=0.821
======================================================================
R1[T1][EXPLORE   ]: L=+1.00 R=+1.00 | carry=0 | base=0.36 ba=-0.95 | site=0 sd=0.00 sa=+0.00 | phero=0 pd=0.00 pa=+0.00 | srch=0.34 | wall=2.11
R2[T1][SITE      ]: L=+0.26 R=+1.00 | carry=0 | base=0.05 ba=-0.98 | site=1 sd=0.49 sa=+0.12 | phero=0 pd=0.00 pa=+0.00 | srch=0.03 | wall=3.25
R3[T1][EXPLORE   ]: L=+1.00 R=+1.00 | carry=0 | base=0.28 ba=+0.96 | site=0 sd=0.00 sa=+0.00 | phero=0 pd=0.00 pa=+0.00 | srch=0.32 | wall=2.44
R4[T1][BASE_ESC  ]: L=+1.00 R=+0.74 | carry=0 | base=0.05 ba=+0.94 | site=1 sd=0.49 sa=-0.22 | phero=0 pd=0.00 pa=+0.00 | srch=0.04 | wall=3.30
R5[T2][EXPLORE   ]: L=+1.00 R=+1.00 | carry=0 | base=0.78 ba=+1.00 | site=0 sd=0.00 sa=+0.00 | phero=0 pd=0.00 pa=+0.00 | srch=0.27 | wall=0.64
R6[T2][EXPLORE   ]: L=+1.00 R=+1.00 | carry=0 | base=0.59 ba=+0.13 | site=0 sd=0.00 sa=+0.00 | phero=0 pd=0.00 pa=+0.00 | srch=0.33 | wall=0.62
R7[T2][SITE      ]: L=+1.00 R=+0.99 | carry=0 | base=0.30 ba=-0.94 | site=1 sd=0.25 sa=-0.08 | phero=0 pd=0.00 pa=+0.00 | srch=0.11 | wall=2.36
R8[T2][EXPLORE   ]: L=+1.00 R=+0.49 | carry=0 | base=0.29 ba=+0.77 | site=0 sd=0.00 sa=+0.00 | phero=0 pd=0.00 pa=+0.00 | srch=0.47 | wall=2.41
R9[T3][PHERO     ]: L=+1.00 R=+1.00 | carry=0 | base=0.50 ba=+0.85 | site=0 sd=0.00 sa=+0.00 | phero=1 pd=0.36 pa=+0.47 | srch=0.23 | wall=1.13
R10[T3][SITE      ]: L=+0.50 R=+0.49 | carry=0 | base=0.36 ba=-0.87 | site=1 sd=0.12 sa=-0.03 | phero=0 pd=0.00 pa=+0.00 | srch=0.15 | wall=1.70
R11[T3][SITE      ]: L=+0.72 R=+0.72 | carry=0 | base=0.31 ba=+0.96 | site=1 sd=0.29 sa=+0.08 | phero=0 pd=0.00 pa=+0.00 | srch=0.13 | wall=2.04
R12[T3][PHERO     ]: L=+0.78 R=+0.78 | carry=0 | base=0.06 ba=-0.76 | site=0 sd=0.00 sa=+0.00 | phero=1 pd=0.47 pa=+0.08 | srch=0.04 | wall=3.24

[PICKUP] Robot 3 picked up tag (density=2) | Total: 60
[GIVE-UP] R1 giving up after 1575 steps
[PICKUP] Robot 10 picked up tag (density=15) | Total: 61
[PICKUP] Robot 7 picked up tag (density=8) | Total: 62
[DEPOSIT] Robot 3 deposited! Total: 60
  [PHERO] Laid at (-0.86, -1.06) density=2 prob=0.42 total_entries=26
  [TARGET] Robot 3 → PHERO (-0.86,-1.06)

======================================================================
Step 9500 (5.1 min) | Pickups: 62 | Deposits: 60 | Rate: 11.84 tags/min | phero_entries=26 phero_max=0.865
======================================================================
R1[T1][GIVE_UP   ]: L=+1.00 R=+1.00 | carry=0 | base=0.39 ba=+0.00 | site=0 sd=0.00 sa=+0.00 | phero=0 pd=0.00 pa=+0.00 | srch=0.47 | wall=1.93
R2[T1][SITE      ]: L=+0.43 R=+0.52 | carry=0 | base=0.39 ba=+0.79 | site=1 sd=0.18 sa=+0.01 | phero=0 pd=0.00 pa=+0.00 | srch=0.16 | wall=1.69
R3[T1][BASE_ESC  ]: L=+1.00 R=+0.14 | carry=0 | base=0.05 ba=+0.78 | site=0 sd=0.00 sa=+0.00 | phero=1 pd=0.23 pa=-0.32 | srch=0.02 | wall=3.29
R4[T1][SITE      ]: L=+0.94 R=+0.94 | carry=0 | base=0.40 ba=-0.95 | site=1 sd=0.13 sa=-0.03 | phero=0 pd=0.00 pa=+0.00 | srch=0.16 | wall=1.83
R5[T2][EXPLORE   ]: L=+1.00 R=+1.00 | carry=0 | base=0.73 ba=+0.14 | site=0 sd=0.00 sa=+0.00 | phero=0 pd=0.00 pa=+0.00 | srch=0.40 | wall=0.60
R6[T2][EXPLORE   ]: L=+1.00 R=+1.00 | carry=0 | base=0.28 ba=+0.32 | site=0 sd=0.00 sa=+0.00 | phero=0 pd=0.00 pa=+0.00 | srch=0.45 | wall=2.27
R7[T2][RTB       ]: L=+1.00 R=+0.91 | carry=1 | base=0.54 ba=-0.03 | site=0 sd=0.00 sa=+0.00 | phero=0 pd=0.00 pa=+0.00 | srch=0.00 | wall=1.08
R8[T2][EXPLORE   ]: L=+1.00 R=+1.00 | carry=0 | base=0.29 ba=+0.64 | site=0 sd=0.00 sa=+0.00 | phero=0 pd=0.00 pa=+0.00 | srch=0.59 | wall=2.11
R9[T3][PHERO     ]: L=+1.00 R=+1.00 | carry=0 | base=0.65 ba=+0.33 | site=0 sd=0.00 sa=+0.00 | phero=1 pd=0.31 pa=+0.07 | srch=0.36 | wall=0.81
R10[T3][RTB       ]: L=+1.00 R=+1.00 | carry=1 | base=0.39 ba=-0.00 | site=0 sd=0.00 sa=+0.00 | phero=0 pd=0.00 pa=+0.00 | srch=0.00 | wall=1.61
R11[T3][SITE      ]: L=+0.34 R=+0.34 | carry=0 | base=0.51 ba=+0.84 | site=1 sd=0.08 sa=-0.03 | phero=0 pd=0.00 pa=+0.00 | srch=0.25 | wall=1.20
R12[T3][PHERO     ]: L=+0.94 R=+1.00 | carry=0 | base=0.38 ba=-0.92 | site=0 sd=0.00 sa=+0.00 | phero=1 pd=0.20 pa=+0.34 | srch=0.16 | wall=1.70

[PICKUP] Robot 2 picked up tag (density=7) | Total: 63
[PICKUP] Robot 4 picked up tag (density=6) | Total: 64
[GIVE-UP] R6 giving up after 2123 steps
[PICKUP] Robot 12 picked up tag (density=5) | Total: 65
[DEPOSIT] Robot 10 deposited! Total: 61
  [PHERO] Laid at (-0.33, -2.38) density=15 prob=1.00 total_entries=23
  [TARGET] Robot 10 → SITE (-0.33,-2.38)
[EMPTY_RTN] R1 → phero(-0.86,-1.06)
[PICKUP] Robot 8 picked up tag (density=14) | Total: 66

======================================================================
Step 10000 (5.3 min) | Pickups: 66 | Deposits: 61 | Rate: 11.44 tags/min | phero_entries=23 phero_max=0.903
======================================================================
R1[T1][BASE_ESC  ]: L=+1.00 R=+0.00 | carry=0 | base=0.04 ba=+0.48 | site=0 sd=0.00 sa=+0.00 | phero=1 pd=0.32 pa=+0.44 | srch=0.01 | wall=3.31
R2[T1][RTB       ]: L=+1.00 R=+1.00 | carry=1 | base=0.46 ba=+0.00 | site=0 sd=0.00 sa=+0.00 | phero=0 pd=0.00 pa=+0.00 | srch=0.00 | wall=1.65
R3[T1][PHERO     ]: L=-0.80 R=-0.86 | carry=0 | base=0.14 ba=-0.89 | site=0 sd=0.00 sa=+0.00 | phero=1 pd=0.14 pa=+0.13 | srch=0.15 | wall=2.98
R4[T1][RTB       ]: L=+1.00 R=+0.99 | carry=1 | base=0.49 ba=-0.01 | site=0 sd=0.00 sa=+0.00 | phero=0 pd=0.00 pa=+0.00 | srch=0.00 | wall=1.35
R5[T2][EXPLORE   ]: L=+1.00 R=+1.00 | carry=0 | base=0.41 ba=+0.27 | site=0 sd=0.00 sa=+0.00 | phero=0 pd=0.00 pa=+0.00 | srch=0.52 | wall=1.50
R6[T2][GIVE_UP   ]: L=+1.00 R=+1.00 | carry=0 | base=0.15 ba=+0.00 | site=0 sd=0.00 sa=+0.00 | phero=0 pd=0.00 pa=+0.00 | srch=0.58 | wall=2.75
R7[T2][RTB       ]: L=+1.00 R=+1.00 | carry=1 | base=0.15 ba=-0.00 | site=0 sd=0.00 sa=+0.00 | phero=0 pd=0.00 pa=+0.00 | srch=0.00 | wall=2.82
R8[T2][RTB       ]: L=+0.00 R=+1.00 | carry=1 | base=0.56 ba=+0.54 | site=0 sd=0.00 sa=+0.00 | phero=0 pd=0.00 pa=+0.00 | srch=0.00 | wall=0.87
R9[T3][PHERO     ]: L=+0.42 R=+1.00 | carry=0 | base=0.53 ba=+0.18 | site=0 sd=0.00 sa=+0.00 | phero=1 pd=0.09 pa=+0.51 | srch=0.48 | wall=1.04
R10[T3][BASE_ESC  ]: L=+0.00 R=+1.00 | carry=0 | base=0.04 ba=-0.56 | site=1 sd=0.44 sa=+0.50 | phero=0 pd=0.00 pa=+0.00 | srch=0.02 | wall=3.29
R11[T3][EXPLORE   ]: L=+0.56 R=-0.49 | carry=0 | base=0.71 ba=-0.82 | site=0 sd=0.00 sa=+0.00 | phero=0 pd=0.00 pa=+0.00 | srch=0.38 | wall=0.47
R12[T3][RTB       ]: L=+0.99 R=+1.00 | carry=1 | base=0.50 ba=+0.00 | site=0 sd=0.00 sa=+0.00 | phero=0 pd=0.00 pa=+0.00 | srch=0.00 | wall=1.36

[PICKUP] Robot 9 picked up tag (density=18) | Total: 67
[DEPOSIT] Robot 7 deposited! Total: 62
  [PHERO] Laid at (1.23, -2.50) density=8 prob=1.00 total_entries=23
  [TARGET] Robot 7 → SITE (1.23,-2.50)
[EMPTY_RTN] R6 → phero(1.23,-2.50)
[PICKUP] Robot 10 picked up tag (density=1) | Total: 68

======================================================================
Step 10500 (5.6 min) | Pickups: 68 | Deposits: 62 | Rate: 11.07 tags/min | phero_entries=17 phero_max=0.551
======================================================================
R1[T1][PHERO     ]: L=+0.96 R=+1.00 | carry=0 | base=0.28 ba=+0.83 | site=0 sd=0.00 sa=+0.00 | phero=1 pd=0.22 pa=+0.47 | srch=0.14 | wall=2.14
R2[T1][RTB       ]: L=+1.00 R=+1.00 | carry=1 | base=0.07 ba=+0.00 | site=0 sd=0.00 sa=+0.00 | phero=0 pd=0.00 pa=+0.00 | srch=0.00 | wall=3.22
R3[T1][PHERO     ]: L=-0.66 R=-0.68 | carry=0 | base=0.21 ba=-0.05 | site=0 sd=0.00 sa=+0.00 | phero=1 pd=0.39 pa=+0.19 | srch=0.27 | wall=2.54
R4[T1][RTB       ]: L=+1.00 R=+1.00 | carry=1 | base=0.10 ba=-0.00 | site=0 sd=0.00 sa=+0.00 | phero=0 pd=0.00 pa=+0.00 | srch=0.00 | wall=3.06
R5[T2][EXPLORE   ]: L=+1.00 R=+1.00 | carry=0 | base=0.33 ba=+0.61 | site=0 sd=0.00 sa=+0.00 | phero=0 pd=0.00 pa=+0.00 | srch=0.65 | wall=2.29
R6[T2][PHERO     ]: L=+1.00 R=+1.00 | carry=0 | base=0.14 ba=+0.88 | site=0 sd=0.00 sa=+0.00 | phero=1 pd=0.42 pa=-0.01 | srch=0.09 | wall=2.80
R7[T2][SITE      ]: L=+0.60 R=+0.60 | carry=0 | base=0.15 ba=+0.95 | site=1 sd=0.41 sa=-0.02 | phero=0 pd=0.00 pa=+0.00 | srch=0.09 | wall=2.81
R8[T2][RTB       ]: L=+1.00 R=+1.00 | carry=1 | base=0.22 ba=+0.00 | site=0 sd=0.00 sa=+0.00 | phero=0 pd=0.00 pa=+0.00 | srch=0.00 | wall=2.49
R9[T3][RTB       ]: L=+1.00 R=+1.00 | carry=1 | base=0.18 ba=-0.00 | site=0 sd=0.00 sa=+0.00 | phero=0 pd=0.00 pa=+0.00 | srch=0.00 | wall=2.70
R10[T3][RTB       ]: L=+0.98 R=+1.00 | carry=1 | base=0.21 ba=+0.01 | site=0 sd=0.00 sa=+0.00 | phero=0 pd=0.00 pa=+0.00 | srch=0.00 | wall=2.57
R11[T3][EXPLORE   ]: L=+0.25 R=+1.00 | carry=0 | base=0.65 ba=+0.00 | site=0 sd=0.00 sa=+0.00 | phero=0 pd=0.00 pa=+0.00 | srch=0.50 | wall=0.76
R12[T3][RTB       ]: L=+1.00 R=+1.00 | carry=1 | base=0.11 ba=+0.00 | site=0 sd=0.00 sa=+0.00 | phero=0 pd=0.00 pa=+0.00 | srch=0.00 | wall=3.02

[DEPOSIT] Robot 2 deposited! Total: 63
  [PHERO] Laid at (1.47, -2.32) density=7 prob=0.99 total_entries=18
  [TARGET] Robot 2 → SITE (1.47,-2.32)
[DEPOSIT] Robot 4 deposited! Total: 64
  [PHERO] Laid at (1.32, -2.34) density=6 prob=0.97 total_entries=18
  [TARGET] Robot 4 → SITE (1.32,-2.34)
[DEPOSIT] Robot 12 deposited! Total: 65
  [PHERO] Laid at (1.29, -2.43) density=5 prob=0.92 total_entries=19
  [TARGET] Robot 12 → SITE (1.29,-2.43)
[DEPOSIT] Robot 9 deposited! Total: 66
  [PHERO] Laid at (-0.90, -2.16) density=18 prob=1.00 total_entries=20
  [TARGET] Robot 9 → SITE (-0.90,-2.16)
[DEPOSIT] Robot 10 deposited! Total: 67
  [TARGET] Robot 10 → SITE (-0.64,-1.09)
[DEPOSIT] Robot 8 deposited! Total: 68
  [PHERO] Laid at (2.62, 0.85) density=14 prob=1.00 total_entries=21
  [TARGET] Robot 8 → SITE (2.62,0.85)

======================================================================
Step 11000 (5.9 min) | Pickups: 68 | Deposits: 68 | Rate: 11.59 tags/min | phero_entries=21 phero_max=0.635
======================================================================
R1[T1][EXPLORE   ]: L=+1.00 R=+1.00 | carry=0 | base=0.22 ba=+0.10 | site=0 sd=0.00 sa=+0.00 | phero=0 pd=0.00 pa=+0.00 | srch=0.26 | wall=2.58
R2[T1][SITE      ]: L=+1.00 R=+1.00 | carry=0 | base=0.27 ba=-0.98 | site=1 sd=0.28 sa=-0.03 | phero=0 pd=0.00 pa=+0.00 | srch=0.12 | wall=2.42
R3[T1][PHERO     ]: L=+0.96 R=+0.96 | carry=0 | base=0.10 ba=-0.55 | site=0 sd=0.00 sa=+0.00 | phero=1 pd=0.23 pa=+0.04 | srch=0.40 | wall=3.02
R4[T1][SITE      ]: L=+0.98 R=+0.98 | carry=0 | base=0.29 ba=+0.94 | site=1 sd=0.26 sa=+0.07 | phero=0 pd=0.00 pa=+0.00 | srch=0.11 | wall=2.14
R5[T2][EXPLORE   ]: L=+1.00 R=+1.00 | carry=0 | base=0.58 ba=+0.82 | site=0 sd=0.00 sa=+0.00 | phero=0 pd=0.00 pa=+0.00 | srch=0.77 | wall=0.61
R6[T2][PHERO     ]: L=+1.00 R=+1.00 | carry=0 | base=0.53 ba=+0.99 | site=0 sd=0.00 sa=+0.00 | phero=1 pd=0.04 pa=+0.09 | srch=0.22 | wall=1.14
R7[T2][SITE      ]: L=+0.93 R=+0.95 | carry=0 | base=0.44 ba=+0.96 | site=1 sd=0.12 sa=+0.00 | phero=0 pd=0.00 pa=+0.00 | srch=0.22 | wall=1.50
R8[T2][SITE      ]: L=+1.00 R=+1.00 | carry=0 | base=0.16 ba=-0.94 | site=1 sd=0.40 sa=+0.08 | phero=0 pd=0.00 pa=+0.00 | srch=0.07 | wall=2.73
R9[T3][SITE      ]: L=+0.97 R=+1.00 | carry=0 | base=0.22 ba=+0.98 | site=1 sd=0.29 sa=+0.21 | phero=0 pd=0.00 pa=+0.00 | srch=0.08 | wall=2.71
R10[T3][SITE      ]: L=+1.00 R=+1.00 | carry=0 | base=0.18 ba=+1.00 | site=1 sd=0.08 sa=+0.17 | phero=0 pd=0.00 pa=+0.00 | srch=0.07 | wall=2.80
R11[T3][EXPLORE   ]: L=+0.72 R=+0.66 | carry=0 | base=0.59 ba=-0.39 | site=0 sd=0.00 sa=+0.00 | phero=0 pd=0.00 pa=+0.00 | srch=0.63 | wall=0.90
R12[T3][SITE      ]: L=+0.99 R=+1.00 | carry=0 | base=0.28 ba=+0.94 | site=1 sd=0.29 sa=+0.08 | phero=0 pd=0.00 pa=+0.00 | srch=0.10 | wall=2.17

[PICKUP] Robot 11 picked up tag (density=13) | Total: 69
[PICKUP] Robot 6 picked up tag (density=4) | Total: 70
[PICKUP] Robot 7 picked up tag (density=3) | Total: 71
[PICKUP] Robot 2 picked up tag (density=2) | Total: 72

======================================================================
Step 11500 (6.1 min) | Pickups: 72 | Deposits: 68 | Rate: 11.09 tags/min | phero_entries=17 phero_max=0.285
======================================================================
R1[T1][EXPLORE   ]: L=+1.00 R=+1.00 | carry=0 | base=0.27 ba=+0.99 | site=0 sd=0.00 sa=+0.00 | phero=0 pd=0.00 pa=+0.00 | srch=0.39 | wall=2.49
R2[T1][RTB       ]: L=+1.00 R=+0.30 | carry=1 | base=0.59 ba=-0.26 | site=0 sd=0.00 sa=+0.00 | phero=0 pd=0.00 pa=+0.00 | srch=0.00 | wall=1.04
R3[T1][EXPLORE   ]: L=+1.00 R=+0.92 | carry=0 | base=0.35 ba=-0.77 | site=0 sd=0.00 sa=+0.00 | phero=0 pd=0.00 pa=+0.00 | srch=0.52 | wall=2.20
R4[T1][SITE      ]: L=+0.25 R=+1.00 | carry=0 | base=0.55 ba=+0.52 | site=1 sd=0.01 sa=+0.38 | phero=0 pd=0.00 pa=+0.00 | srch=0.23 | wall=1.11
R5[T2][EXPLORE   ]: L=+1.00 R=+1.00 | carry=0 | base=0.44 ba=+0.27 | site=0 sd=0.00 sa=+0.00 | phero=0 pd=0.00 pa=+0.00 | srch=0.90 | wall=1.45
R6[T2][RTB       ]: L=+1.00 R=+1.00 | carry=1 | base=0.33 ba=+0.00 | site=0 sd=0.00 sa=+0.00 | phero=0 pd=0.00 pa=+0.00 | srch=0.00 | wall=2.04
R7[T2][RTB       ]: L=+1.00 R=+1.00 | carry=1 | base=0.49 ba=+0.00 | site=0 sd=0.00 sa=+0.00 | phero=0 pd=0.00 pa=+0.00 | srch=0.00 | wall=1.39
R8[T2][SITE      ]: L=+0.89 R=+1.00 | carry=0 | base=0.54 ba=+0.86 | site=1 sd=0.08 sa=+0.33 | phero=0 pd=0.00 pa=+0.00 | srch=0.20 | wall=0.85
R9[T3][SITE      ]: L=+0.91 R=+1.00 | carry=0 | base=0.56 ba=+0.64 | site=1 sd=0.13 sa=+0.40 | phero=0 pd=0.00 pa=+0.00 | srch=0.21 | wall=1.19
R10[T3][EXPLORE   ]: L=+1.00 R=+1.00 | carry=0 | base=0.46 ba=+0.83 | site=0 sd=0.00 sa=+0.00 | phero=0 pd=0.00 pa=+0.00 | srch=0.20 | wall=1.23
R11[T3][RTB       ]: L=+1.00 R=+1.00 | carry=1 | base=0.23 ba=-0.00 | site=0 sd=0.00 sa=+0.00 | phero=0 pd=0.00 pa=+0.00 | srch=0.00 | wall=2.48
R12[T3][EXPLORE   ]: L=+1.00 R=+1.00 | carry=0 | base=0.57 ba=+0.61 | site=0 sd=0.00 sa=+0.00 | phero=0 pd=0.00 pa=+0.00 | srch=0.23 | wall=1.12

[GIVE-UP] R1 giving up after 1677 steps
[PICKUP] Robot 8 picked up tag (density=12) | Total: 73
[PICKUP] Robot 4 picked up tag (density=1) | Total: 74
[DEPOSIT] Robot 11 deposited! Total: 69
  [PHERO] Laid at (2.60, 1.32) density=13 prob=1.00 total_entries=16
  [TARGET] Robot 11 → SITE (2.60,1.32)
[DEPOSIT] Robot 6 deposited! Total: 70
  [PHERO] Laid at (1.25, -2.58) density=4 prob=0.82 total_entries=17
  [TARGET] Robot 6 → SITE (1.25,-2.58)
[PICKUP] Robot 9 picked up tag (density=15) | Total: 75

======================================================================
Step 12000 (6.4 min) | Pickups: 75 | Deposits: 70 | Rate: 10.94 tags/min | phero_entries=17 phero_max=0.806
======================================================================
R1[T1][GIVE_UP   ]: L=+1.00 R=+1.00 | carry=0 | base=0.16 ba=+0.00 | site=0 sd=0.00 sa=+0.00 | phero=0 pd=0.00 pa=+0.00 | srch=0.51 | wall=2.94
R2[T1][RTB       ]: L=+1.00 R=+1.00 | carry=1 | base=0.23 ba=-0.00 | site=0 sd=0.00 sa=+0.00 | phero=0 pd=0.00 pa=+0.00 | srch=0.00 | wall=2.54
R3[T1][EXPLORE   ]: L=+0.27 R=+1.00 | carry=0 | base=0.46 ba=+0.74 | site=0 sd=0.00 sa=+0.00 | phero=0 pd=0.00 pa=+0.00 | srch=0.65 | wall=1.58
R4[T1][RTB       ]: L=+1.00 R=+1.00 | carry=1 | base=0.41 ba=-0.00 | site=0 sd=0.00 sa=+0.00 | phero=0 pd=0.00 pa=+0.00 | srch=0.00 | wall=1.75
R5[T2][EXPLORE   ]: L=+1.00 R=+1.00 | carry=0 | base=0.34 ba=+0.59 | site=0 sd=0.00 sa=+0.00 | phero=0 pd=0.00 pa=+0.00 | srch=1.00 | wall=1.87
R6[T2][SITE      ]: L=+1.00 R=+1.00 | carry=0 | base=0.07 ba=+0.92 | site=1 sd=0.52 sa=-0.21 | phero=0 pd=0.00 pa=+0.00 | srch=0.03 | wall=3.25
R7[T2][RTB       ]: L=+1.00 R=+1.00 | carry=1 | base=0.10 ba=+0.00 | site=0 sd=0.00 sa=+0.00 | phero=0 pd=0.00 pa=+0.00 | srch=0.00 | wall=3.07
R8[T2][RTB       ]: L=+1.00 R=+1.00 | carry=1 | base=0.34 ba=+0.00 | site=0 sd=0.00 sa=+0.00 | phero=0 pd=0.00 pa=+0.00 | srch=0.00 | wall=1.92
R9[T3][RTB       ]: L=+1.00 R=+0.99 | carry=1 | base=0.37 ba=-0.00 | site=0 sd=0.00 sa=+0.00 | phero=0 pd=0.00 pa=+0.00 | srch=0.00 | wall=1.83
R10[T3][EXPLORE   ]: L=+1.00 R=+1.00 | carry=0 | base=0.58 ba=+0.22 | site=0 sd=0.00 sa=+0.00 | phero=0 pd=0.00 pa=+0.00 | srch=0.32 | wall=0.82
R11[T3][SITE      ]: L=+1.00 R=+1.00 | carry=0 | base=0.16 ba=+0.98 | site=1 sd=0.43 sa=+0.07 | phero=0 pd=0.00 pa=+0.00 | srch=0.07 | wall=2.72
R12[T3][EXPLORE   ]: L=+1.00 R=+1.00 | carry=0 | base=0.75 ba=-0.64 | site=0 sd=0.00 sa=+0.00 | phero=0 pd=0.00 pa=+0.00 | srch=0.35 | wall=0.60

[DEPOSIT] Robot 7 deposited! Total: 71
  [TARGET] Robot 7 → SITE (1.32,-2.65)
[EMPTY_RTN] R1 → phero(2.60,1.32)
[DEPOSIT] Robot 2 deposited! Total: 72
  [PHERO] Laid at (1.50, -2.40) density=2 prob=0.42 total_entries=17
  [TARGET] Robot 2 → PHERO (2.62,0.85)
[GIVE-UP] R5 giving up after 4322 steps
[DEPOSIT] Robot 8 deposited! Total: 73
  [PHERO] Laid at (2.80, 0.84) density=12 prob=1.00 total_entries=17
  [TARGET] Robot 8 → SITE (2.80,0.84)
[DEPOSIT] Robot 9 deposited! Total: 74
  [PHERO] Laid at (-0.76, -2.01) density=15 prob=1.00 total_entries=18
  [TARGET] Robot 9 → SITE (-0.76,-2.01)
[DEPOSIT] Robot 4 deposited! Total: 75
  [TARGET] Robot 4 → PHERO (2.80,0.84)

======================================================================
Step 12500 (6.7 min) | Pickups: 75 | Deposits: 75 | Rate: 11.25 tags/min | phero_entries=18 phero_max=0.862
======================================================================
R1[T1][PHERO     ]: L=+1.00 R=+1.00 | carry=0 | base=0.11 ba=+0.76 | site=0 sd=0.00 sa=+0.00 | phero=1 pd=0.54 pa=+0.15 | srch=0.09 | wall=3.03
R2[T1][PHERO     ]: L=+0.33 R=+0.36 | carry=0 | base=0.08 ba=+0.75 | site=0 sd=0.00 sa=+0.00 | phero=1 pd=0.49 pa=-0.03 | srch=0.07 | wall=3.11
R3[T1][EXPLORE   ]: L=+1.00 R=-0.66 | carry=0 | base=0.42 ba=+0.45 | site=0 sd=0.00 sa=+0.00 | phero=0 pd=0.00 pa=+0.00 | srch=0.77 | wall=2.01
R4[T1][BASE_ESC  ]: L=+1.00 R=+0.00 | carry=0 | base=0.05 ba=+0.17 | site=0 sd=0.00 sa=+0.00 | phero=1 pd=0.58 pa=-0.39 | srch=0.00 | wall=3.30
R5[T2][GIVE_UP   ]: L=+1.00 R=+1.00 | carry=0 | base=0.23 ba=+0.00 | site=0 sd=0.00 sa=+0.00 | phero=0 pd=0.00 pa=+0.00 | srch=1.00 | wall=2.42
R6[T2][SITE      ]: L=+1.00 R=+1.00 | carry=0 | base=0.41 ba=-0.79 | site=1 sd=0.17 sa=+0.18 | phero=0 pd=0.00 pa=+0.00 | srch=0.16 | wall=1.68
R7[T2][SITE      ]: L=+0.94 R=+0.94 | carry=0 | base=0.27 ba=-0.93 | site=1 sd=0.33 sa=+0.02 | phero=0 pd=0.00 pa=+0.00 | srch=0.11 | wall=2.34
R8[T2][SITE      ]: L=+0.98 R=+1.00 | carry=0 | base=0.06 ba=-0.92 | site=1 sd=0.53 sa=+0.17 | phero=0 pd=0.00 pa=+0.00 | srch=0.03 | wall=3.19
R9[T3][BASE_ESC  ]: L=+0.00 R=+1.00 | carry=0 | base=0.05 ba=-0.75 | site=1 sd=0.39 sa=+0.33 | phero=0 pd=0.00 pa=+0.00 | srch=0.02 | wall=3.31
R10[T3][EXPLORE   ]: L=+1.00 R=+1.00 | carry=0 | base=0.37 ba=+0.45 | site=0 sd=0.00 sa=+0.00 | phero=0 pd=0.00 pa=+0.00 | srch=0.45 | wall=1.88
R11[T3][SITE      ]: L=+1.00 R=+1.00 | carry=0 | base=0.52 ba=+0.84 | site=1 sd=0.07 sa=-0.09 | phero=0 pd=0.00 pa=+0.00 | srch=0.19 | wall=1.16
R12[T3][EXPLORE   ]: L=+1.00 R=+1.00 | carry=0 | base=0.51 ba=-0.13 | site=0 sd=0.00 sa=+0.00 | phero=0 pd=0.00 pa=+0.00 | srch=0.48 | wall=1.24

[EMPTY_RTN] R5 → phero(-0.76,-2.01)
[PICKUP] Robot 11 picked up tag (density=11) | Total: 76

======================================================================
Step 13000 (6.9 min) | Pickups: 76 | Deposits: 75 | Rate: 10.82 tags/min | phero_entries=15 phero_max=0.387
======================================================================
R1[T1][PHERO     ]: L=+1.00 R=+1.00 | carry=0 | base=0.48 ba=+0.95 | site=0 sd=0.00 sa=+0.00 | phero=1 pd=0.26 pa=+0.39 | srch=0.21 | wall=1.14
R2[T1][PHERO     ]: L=+1.00 R=+0.98 | carry=0 | base=0.37 ba=+0.97 | site=0 sd=0.00 sa=+0.00 | phero=1 pd=0.18 pa=-0.08 | srch=0.19 | wall=1.77
R3[T1][EXPLORE   ]: L=+1.00 R=+0.27 | carry=0 | base=0.43 ba=-0.13 | site=0 sd=0.00 sa=+0.00 | phero=0 pd=0.00 pa=+0.00 | srch=0.90 | wall=2.00
R4[T1][PHERO     ]: L=+0.72 R=+0.72 | carry=0 | base=0.25 ba=+0.92 | site=0 sd=0.00 sa=+0.00 | phero=1 pd=0.34 pa=-0.00 | srch=0.13 | wall=2.25
R5[T2][PHERO     ]: L=+1.00 R=+1.00 | carry=0 | base=0.16 ba=+0.92 | site=0 sd=0.00 sa=+0.00 | phero=1 pd=0.48 pa=+0.57 | srch=0.07 | wall=2.79
R6[T2][EXPLORE   ]: L=+1.00 R=+1.00 | carry=0 | base=0.55 ba=+0.36 | site=0 sd=0.00 sa=+0.00 | phero=0 pd=0.00 pa=+0.00 | srch=0.28 | wall=1.20
R7[T2][SITE      ]: L=-0.16 R=-0.17 | carry=0 | base=0.39 ba=-0.80 | site=1 sd=0.21 sa=+0.15 | phero=0 pd=0.00 pa=+0.00 | srch=0.23 | wall=1.84
R8[T2][SITE      ]: L=+0.96 R=+1.00 | carry=0 | base=0.44 ba=+0.91 | site=1 sd=0.21 sa=+0.22 | phero=0 pd=0.00 pa=+0.00 | srch=0.16 | wall=1.30
R9[T3][SITE      ]: L=+0.91 R=+1.00 | carry=0 | base=0.41 ba=+0.82 | site=1 sd=0.12 sa=+0.30 | phero=0 pd=0.00 pa=+0.00 | srch=0.15 | wall=1.88
R10[T3][EXPLORE   ]: L=+1.00 R=+1.00 | carry=0 | base=0.50 ba=+0.73 | site=0 sd=0.00 sa=+0.00 | phero=0 pd=0.00 pa=+0.00 | srch=0.57 | wall=1.23
R11[T3][RTB       ]: L=+1.00 R=+1.00 | carry=1 | base=0.60 ba=-0.00 | site=0 sd=0.00 sa=+0.00 | phero=0 pd=0.00 pa=+0.00 | srch=0.00 | wall=0.75
R12[T3][EXPLORE   ]: L=+1.00 R=+1.00 | carry=0 | base=0.22 ba=-0.34 | site=0 sd=0.00 sa=+0.00 | phero=0 pd=0.00 pa=+0.00 | srch=0.60 | wall=2.44

[PICKUP] Robot 9 picked up tag (density=13) | Total: 77
[PICKUP] Robot 3 picked up tag (density=12) | Total: 78
[PICKUP] Robot 2 picked up tag (density=10) | Total: 79
[PICKUP] Robot 8 picked up tag (density=9) | Total: 80
[PICKUP] Robot 10 picked up tag (density=16) | Total: 81

======================================================================
Step 13500 (7.2 min) | Pickups: 81 | Deposits: 75 | Rate: 10.42 tags/min | phero_entries=13 phero_max=0.174
======================================================================
R1[T1][PHERO     ]: L=+1.00 R=+1.00 | carry=0 | base=0.54 ba=+0.29 | site=0 sd=0.00 sa=+0.00 | phero=1 pd=0.15 pa=-0.29 | srch=0.34 | wall=0.92
R2[T1][RTB       ]: L=+1.00 R=+0.99 | carry=1 | base=0.48 ba=-0.00 | site=0 sd=0.00 sa=+0.00 | phero=0 pd=0.00 pa=+0.00 | srch=0.00 | wall=1.22
R3[T1][RTB       ]: L=+1.00 R=+1.00 | carry=1 | base=0.24 ba=+0.00 | site=0 sd=0.00 sa=+0.00 | phero=0 pd=0.00 pa=+0.00 | srch=0.00 | wall=2.48
R4[T1][PHERO     ]: L=+0.88 R=+1.00 | carry=0 | base=0.57 ba=+0.90 | site=0 sd=0.00 sa=+0.00 | phero=1 pd=0.07 pa=+0.34 | srch=0.25 | wall=0.71
R5[T2][PHERO     ]: L=+1.00 R=+1.00 | carry=0 | base=0.55 ba=+0.98 | site=0 sd=0.00 sa=+0.00 | phero=1 pd=0.68 pa=+0.76 | srch=0.19 | wall=0.93
R6[T2][EXPLORE   ]: L=+1.00 R=+1.00 | carry=0 | base=0.52 ba=+0.59 | site=0 sd=0.00 sa=+0.00 | phero=0 pd=0.00 pa=+0.00 | srch=0.41 | wall=1.02
R7[T2][SITE      ]: L=-0.37 R=-0.38 | carry=0 | base=0.33 ba=-0.71 | site=1 sd=0.29 sa=+0.14 | phero=0 pd=0.00 pa=+0.00 | srch=0.36 | wall=2.23
R8[T2][RTB       ]: L=+1.00 R=+1.00 | carry=1 | base=0.50 ba=+0.00 | site=0 sd=0.00 sa=+0.00 | phero=0 pd=0.00 pa=+0.00 | srch=0.00 | wall=1.12
R9[T3][RTB       ]: L=+1.00 R=+1.00 | carry=1 | base=0.11 ba=+0.00 | site=0 sd=0.00 sa=+0.00 | phero=0 pd=0.00 pa=+0.00 | srch=0.00 | wall=3.05
R10[T3][RTB       ]: L=+0.94 R=+1.00 | carry=1 | base=0.69 ba=+0.02 | site=0 sd=0.00 sa=+0.00 | phero=0 pd=0.00 pa=+0.00 | srch=0.00 | wall=0.94
R11[T3][RTB       ]: L=+1.00 R=+1.00 | carry=1 | base=0.22 ba=-0.00 | site=0 sd=0.00 sa=+0.00 | phero=0 pd=0.00 pa=+0.00 | srch=0.00 | wall=2.49
R12[T3][EXPLORE   ]: L=+1.00 R=+1.00 | carry=0 | base=0.34 ba=-0.81 | site=0 sd=0.00 sa=+0.00 | phero=0 pd=0.00 pa=+0.00 | srch=0.73 | wall=1.83

[DEPOSIT] Robot 9 deposited! Total: 76
  [PHERO] Laid at (-1.22, -1.67) density=13 prob=1.00 total_entries=14
  [TARGET] Robot 9 → SITE (-1.22,-1.67)
[PICKUP] Robot 4 picked up tag (density=8) | Total: 82
[DEPOSIT] Robot 11 deposited! Total: 77
  [PHERO] Laid at (2.99, 1.27) density=11 prob=1.00 total_entries=15
  [TARGET] Robot 11 → SITE (2.99,1.27)
[DEPOSIT] Robot 3 deposited! Total: 78
  [PHERO] Laid at (-1.17, -1.71) density=12 prob=1.00 total_entries=15
  [TARGET] Robot 3 → SITE (-1.17,-1.71)
[GIVE-UP] R6 giving up after 2126 steps

======================================================================
Step 14000 (7.5 min) | Pickups: 82 | Deposits: 78 | Rate: 10.45 tags/min | phero_entries=15 phero_max=0.666
======================================================================
R1[T1][PHERO     ]: L=+1.00 R=+0.96 | carry=0 | base=0.64 ba=+0.94 | site=0 sd=0.00 sa=+0.00 | phero=1 pd=0.20 pa=-0.70 | srch=0.46 | wall=1.23
R2[T1][RTB       ]: L=+1.00 R=+1.00 | carry=1 | base=0.10 ba=+0.00 | site=0 sd=0.00 sa=+0.00 | phero=0 pd=0.00 pa=+0.00 | srch=0.00 | wall=3.05
R3[T1][SITE      ]: L=-0.00 R=-0.01 | carry=0 | base=0.05 ba=-0.86 | site=1 sd=0.37 sa=+0.02 | phero=0 pd=0.00 pa=+0.00 | srch=0.06 | wall=3.26
R4[T1][RTB       ]: L=+1.00 R=+1.00 | carry=1 | base=0.37 ba=+0.00 | site=0 sd=0.00 sa=+0.00 | phero=0 pd=0.00 pa=+0.00 | srch=0.00 | wall=1.78
R5[T2][PHERO     ]: L=+1.00 R=+1.00 | carry=0 | base=0.50 ba=+0.10 | site=0 sd=0.00 sa=+0.00 | phero=1 pd=0.61 pa=-0.15 | srch=0.32 | wall=1.08
R6[T2][GIVE_UP   ]: L=+0.40 R=+1.00 | carry=0 | base=0.60 ba=+0.25 | site=0 sd=0.00 sa=+0.00 | phero=0 pd=0.00 pa=+0.00 | srch=0.53 | wall=0.65
R7[T2][SITE      ]: L=-0.02 R=-0.02 | carry=0 | base=0.30 ba=-0.74 | site=1 sd=0.33 sa=+0.05 | phero=0 pd=0.00 pa=+0.00 | srch=0.48 | wall=2.42
R8[T2][RTB       ]: L=+1.00 R=+1.00 | carry=1 | base=0.12 ba=-0.00 | site=0 sd=0.00 sa=+0.00 | phero=0 pd=0.00 pa=+0.00 | srch=0.00 | wall=2.92
R9[T3][SITE      ]: L=+1.00 R=+1.00 | carry=0 | base=0.29 ba=+0.98 | site=1 sd=0.24 sa=-0.44 | phero=0 pd=0.00 pa=+0.00 | srch=0.11 | wall=2.06
R10[T3][RTB       ]: L=+1.00 R=+1.00 | carry=1 | base=0.30 ba=+0.00 | site=0 sd=0.00 sa=+0.00 | phero=0 pd=0.00 pa=+0.00 | srch=0.00 | wall=2.39
R11[T3][SITE      ]: L=+1.00 R=+1.00 | carry=0 | base=0.17 ba=+0.93 | site=1 sd=0.49 sa=-0.00 | phero=0 pd=0.00 pa=+0.00 | srch=0.07 | wall=2.69
R12[T3][EXPLORE   ]: L=+1.00 R=+1.00 | carry=0 | base=0.37 ba=-0.13 | site=0 sd=0.00 sa=+0.00 | phero=0 pd=0.00 pa=+0.00 | srch=0.85 | wall=1.96

[DEPOSIT] Robot 2 deposited! Total: 79
  [PHERO] Laid at (2.53, 0.94) density=10 prob=1.00 total_entries=16
  [TARGET] Robot 2 → SITE (2.53,0.94)
[PICKUP] Robot 1 picked up tag (density=15) | Total: 83
[DEPOSIT] Robot 8 deposited! Total: 80
  [PHERO] Laid at (2.87, 0.83) density=9 prob=1.00 total_entries=17
  [TARGET] Robot 8 → SITE (2.87,0.83)
[PICKUP] Robot 9 picked up tag (density=14) | Total: 84
[DEPOSIT] Robot 10 deposited! Total: 81
  [PHERO] Laid at (2.75, 2.27) density=16 prob=1.00 total_entries=17
  [TARGET] Robot 10 → SITE (2.75,2.27)
[DEPOSIT] Robot 4 deposited! Total: 82
  [PHERO] Laid at (2.90, 0.92) density=8 prob=1.00 total_entries=17
  [TARGET] Robot 4 → SITE (2.90,0.92)

======================================================================
Step 14500 (7.7 min) | Pickups: 84 | Deposits: 82 | Rate: 10.60 tags/min | phero_entries=17 phero_max=0.934
======================================================================
R1[T1][RTB       ]: L=+1.00 R=+1.00 | carry=1 | base=0.44 ba=-0.00 | site=0 sd=0.00 sa=+0.00 | phero=0 pd=0.00 pa=+0.00 | srch=0.00 | wall=1.94
R2[T1][SITE      ]: L=+1.00 R=+1.00 | carry=0 | base=0.28 ba=-0.92 | site=1 sd=0.28 sa=-0.08 | phero=0 pd=0.00 pa=+0.00 | srch=0.11 | wall=2.35
R3[T1][SITE      ]: L=+1.00 R=+1.00 | carry=0 | base=0.32 ba=-0.88 | site=1 sd=0.10 sa=-0.01 | phero=0 pd=0.00 pa=+0.00 | srch=0.19 | wall=2.11
R4[T1][BASE_ESC  ]: L=+1.00 R=+0.00 | carry=0 | base=0.04 ba=+0.41 | site=1 sd=0.57 sa=-0.62 | phero=0 pd=0.00 pa=+0.00 | srch=0.01 | wall=3.30
R5[T2][PHERO     ]: L=+1.00 R=+0.97 | carry=0 | base=0.18 ba=+0.36 | site=0 sd=0.00 sa=+0.00 | phero=1 pd=0.32 pa=-0.31 | srch=0.44 | wall=2.75
R6[T2][GIVE_UP   ]: L=+1.00 R=+1.00 | carry=0 | base=0.22 ba=+0.00 | site=0 sd=0.00 sa=+0.00 | phero=0 pd=0.00 pa=+0.00 | srch=0.66 | wall=2.44
R7[T2][SITE      ]: L=+0.16 R=+0.17 | carry=0 | base=0.36 ba=-0.76 | site=1 sd=0.25 sa=+0.12 | phero=0 pd=0.00 pa=+0.00 | srch=0.61 | wall=2.04
R8[T2][SITE      ]: L=+1.00 R=+1.00 | carry=0 | base=0.27 ba=-0.98 | site=1 sd=0.39 sa=+0.30 | phero=0 pd=0.00 pa=+0.00 | srch=0.10 | wall=2.18
R9[T3][RTB       ]: L=+1.00 R=+1.00 | carry=1 | base=0.39 ba=-0.00 | site=0 sd=0.00 sa=+0.00 | phero=0 pd=0.00 pa=+0.00 | srch=0.00 | wall=1.60
R10[T3][SITE      ]: L=+1.00 R=+1.00 | carry=0 | base=0.08 ba=+0.93 | site=1 sd=0.65 sa=-0.22 | phero=0 pd=0.00 pa=+0.00 | srch=0.04 | wall=3.13
R11[T3][SITE      ]: L=+1.00 R=+1.00 | carry=0 | base=0.53 ba=+0.99 | site=1 sd=0.13 sa=+0.05 | phero=0 pd=0.00 pa=+0.00 | srch=0.20 | wall=1.04
R12[T3][EXPLORE   ]: L=+1.00 R=+1.00 | carry=0 | base=0.15 ba=-0.61 | site=0 sd=0.00 sa=+0.00 | phero=0 pd=0.00 pa=+0.00 | srch=0.98 | wall=2.82

[PICKUP] Robot 11 picked up tag (density=7) | Total: 85
[PICKUP] Robot 3 picked up tag (density=11) | Total: 86
[EMPTY_RTN] R6 → phero(-1.22,-1.67)
[DEPOSIT] Robot 9 deposited! Total: 83
  [PHERO] Laid at (-0.38, -2.39) density=14 prob=1.00 total_entries=15
  [TARGET] Robot 9 → SITE (-0.38,-2.39)
[DEPOSIT] Robot 1 deposited! Total: 84
  [PHERO] Laid at (2.41, 2.45) density=15 prob=1.00 total_entries=15
  [TARGET] Robot 1 → SITE (2.41,2.45)

======================================================================
Step 15000 (8.0 min) | Pickups: 86 | Deposits: 84 | Rate: 10.50 tags/min | phero_entries=15 phero_max=0.998
======================================================================
R1[T1][BASE_ESC  ]: L=+1.00 R=+0.00 | carry=0 | base=0.05 ba=+0.00 | site=1 sd=0.64 sa=-0.99 | phero=0 pd=0.00 pa=+0.00 | srch=0.00 | wall=3.33
R2[T1][EXPLORE   ]: L=+1.00 R=+1.00 | carry=0 | base=0.59 ba=-0.69 | site=0 sd=0.00 sa=+0.00 | phero=0 pd=0.00 pa=+0.00 | srch=0.24 | wall=0.64
R3[T1][RTB       ]: L=+1.00 R=+1.00 | carry=1 | base=0.23 ba=-0.00 | site=0 sd=0.00 sa=+0.00 | phero=0 pd=0.00 pa=+0.00 | srch=0.00 | wall=2.61
R4[T1][SITE      ]: L=+1.00 R=+1.00 | carry=0 | base=0.33 ba=-0.99 | site=1 sd=0.29 sa=+0.12 | phero=0 pd=0.00 pa=+0.00 | srch=0.14 | wall=1.86
R5[T2][PHERO     ]: L=+0.76 R=+0.77 | carry=0 | base=0.34 ba=-0.74 | site=0 sd=0.00 sa=+0.00 | phero=1 pd=0.13 pa=-0.03 | srch=0.57 | wall=1.82
R6[T2][PHERO     ]: L=-1.00 R=+1.00 | carry=0 | base=0.05 ba=+0.90 | site=0 sd=0.00 sa=+0.00 | phero=1 pd=0.46 pa=-0.97 | srch=0.06 | wall=3.27
R7[T2][SITE      ]: L=-1.00 R=-1.00 | carry=0 | base=0.34 ba=-0.88 | site=1 sd=0.26 sa=+0.04 | phero=0 pd=0.00 pa=+0.00 | srch=0.73 | wall=2.07
R8[T2][SITE      ]: L=+0.84 R=+0.51 | carry=0 | base=0.54 ba=+0.64 | site=1 sd=0.17 sa=+0.06 | phero=0 pd=0.00 pa=+0.00 | srch=0.23 | wall=0.81
R9[T3][BASE_ESC  ]: L=+0.00 R=+1.00 | carry=0 | base=0.04 ba=-0.52 | site=1 sd=0.45 sa=+0.53 | phero=0 pd=0.00 pa=+0.00 | srch=0.01 | wall=3.29
R10[T3][SITE      ]: L=+1.00 R=+1.00 | carry=0 | base=0.46 ba=-0.90 | site=1 sd=0.41 sa=-0.29 | phero=0 pd=0.00 pa=+0.00 | srch=0.16 | wall=1.33
R11[T3][RTB       ]: L=+1.00 R=+1.00 | carry=1 | base=0.29 ba=+0.00 | site=0 sd=0.00 sa=+0.00 | phero=0 pd=0.00 pa=+0.00 | srch=0.00 | wall=2.20
R12[T3][EXPLORE   ]: L=+1.00 R=+1.00 | carry=0 | base=0.46 ba=-0.84 | site=0 sd=0.00 sa=+0.00 | phero=0 pd=0.00 pa=+0.00 | srch=1.00 | wall=1.25

[DEPOSIT] Robot 3 deposited! Total: 85
  [PHERO] Laid at (-1.18, -1.72) density=11 prob=1.00 total_entries=15
  [TARGET] Robot 3 → SITE (-1.18,-1.72)
[DEPOSIT] Robot 11 deposited! Total: 86
  [PHERO] Laid at (2.57, 0.98) density=7 prob=0.99 total_entries=16
  [TARGET] Robot 11 → SITE (2.57,0.98)
[PICKUP] Robot 5 picked up tag (density=15) | Total: 87
[PICKUP] Robot 9 picked up tag (density=10) | Total: 88

======================================================================
Step 15500 (8.3 min) | Pickups: 88 | Deposits: 86 | Rate: 10.40 tags/min | phero_entries=16 phero_max=0.763
======================================================================
R1[T1][SITE      ]: L=+1.00 R=+1.00 | carry=0 | base=0.35 ba=+0.99 | site=1 sd=0.42 sa=-0.30 | phero=0 pd=0.00 pa=+0.00 | srch=0.13 | wall=1.84
R2[T1][EXPLORE   ]: L=+1.00 R=+1.00 | carry=0 | base=0.47 ba=-0.32 | site=0 sd=0.00 sa=+0.00 | phero=0 pd=0.00 pa=+0.00 | srch=0.36 | wall=1.25
R3[T1][SITE      ]: L=+1.00 R=+1.00 | carry=0 | base=0.16 ba=+0.96 | site=1 sd=0.26 sa=+0.00 | phero=0 pd=0.00 pa=+0.00 | srch=0.07 | wall=2.89
R4[T1][SITE      ]: L=+0.72 R=+1.00 | carry=0 | base=0.65 ba=+0.41 | site=1 sd=0.03 sa=+0.39 | phero=0 pd=0.00 pa=+0.00 | srch=0.26 | wall=0.45
R5[T2][RTB       ]: L=+0.00 R=+1.00 | carry=1 | base=0.64 ba=+0.67 | site=0 sd=0.00 sa=+0.00 | phero=0 pd=0.00 pa=+0.00 | srch=0.00 | wall=0.55
R6[T2][PHERO     ]: L=-1.00 R=+1.00 | carry=0 | base=0.05 ba=+0.94 | site=0 sd=0.00 sa=+0.00 | phero=1 pd=0.47 pa=-0.98 | srch=0.19 | wall=3.30
R7[T2][SITE      ]: L=-0.73 R=-0.38 | carry=0 | base=0.33 ba=-0.96 | site=1 sd=0.27 sa=-0.05 | phero=0 pd=0.00 pa=+0.00 | srch=0.86 | wall=2.14
R8[T2][WALL_ESC  ]: L=+1.00 R=+0.00 | carry=0 | base=0.67 ba=-0.65 | site=0 sd=0.00 sa=+0.00 | phero=0 pd=0.00 pa=+0.00 | srch=0.35 | wall=0.34
R9[T3][RTB       ]: L=+0.00 R=+1.00 | carry=1 | base=0.38 ba=+0.73 | site=0 sd=0.00 sa=+0.00 | phero=0 pd=0.00 pa=+0.00 | srch=0.00 | wall=1.83
R10[T3][SITE      ]: L=+1.00 R=+1.00 | carry=0 | base=0.73 ba=-0.54 | site=1 sd=0.20 sa=-0.10 | phero=0 pd=0.00 pa=+0.00 | srch=0.29 | wall=0.54
R11[T3][SITE      ]: L=+1.00 R=+1.00 | carry=0 | base=0.09 ba=+1.00 | site=1 sd=0.47 sa=+0.11 | phero=0 pd=0.00 pa=+0.00 | srch=0.04 | wall=3.06
R12[T3][EXPLORE   ]: L=+1.00 R=+1.00 | carry=0 | base=0.57 ba=+0.68 | site=0 sd=0.00 sa=+0.00 | phero=0 pd=0.00 pa=+0.00 | srch=1.00 | wall=0.68

[PICKUP] Robot 4 picked up tag (density=6) | Total: 89
[PICKUP] Robot 10 picked up tag (density=14) | Total: 90
[PICKUP] Robot 8 picked up tag (density=5) | Total: 91

======================================================================
Step 16000 (8.5 min) | Pickups: 91 | Deposits: 86 | Rate: 10.08 tags/min | phero_entries=16 phero_max=0.343
======================================================================
R1[T1][SITE      ]: L=+1.00 R=+0.97 | carry=0 | base=0.69 ba=-0.68 | site=1 sd=0.26 sa=-0.23 | phero=0 pd=0.00 pa=+0.00 | srch=0.25 | wall=0.37
R2[T1][EXPLORE   ]: L=+1.00 R=+1.00 | carry=0 | base=0.41 ba=-0.60 | site=0 sd=0.00 sa=+0.00 | phero=0 pd=0.00 pa=+0.00 | srch=0.49 | wall=1.66
R3[T1][SITE      ]: L=+0.43 R=+0.35 | carry=0 | base=0.41 ba=-0.86 | site=1 sd=0.01 sa=-0.06 | phero=0 pd=0.00 pa=+0.00 | srch=0.19 | wall=1.80
R4[T1][RTB       ]: L=+1.00 R=+1.00 | carry=1 | base=0.28 ba=+0.00 | site=0 sd=0.00 sa=+0.00 | phero=0 pd=0.00 pa=+0.00 | srch=0.00 | wall=2.18
R5[T2][RTB       ]: L=+1.00 R=+1.00 | carry=1 | base=0.31 ba=+0.00 | site=0 sd=0.00 sa=+0.00 | phero=0 pd=0.00 pa=+0.00 | srch=0.00 | wall=2.05
R6[T2][PHERO     ]: L=-1.00 R=+1.00 | carry=0 | base=0.05 ba=+0.95 | site=0 sd=0.00 sa=+0.00 | phero=1 pd=0.47 pa=-0.97 | srch=0.31 | wall=3.30
R7[T2][SITE      ]: L=-1.00 R=-1.00 | carry=0 | base=0.34 ba=-0.96 | site=1 sd=0.27 sa=-0.08 | phero=0 pd=0.00 pa=+0.00 | srch=0.98 | wall=2.12
R8[T2][RTB       ]: L=+1.00 R=+1.00 | carry=1 | base=0.38 ba=+0.00 | site=0 sd=0.00 sa=+0.00 | phero=0 pd=0.00 pa=+0.00 | srch=0.00 | wall=1.74
R9[T3][RTB       ]: L=+1.00 R=+1.00 | carry=1 | base=0.06 ba=+0.00 | site=0 sd=0.00 sa=+0.00 | phero=0 pd=0.00 pa=+0.00 | srch=0.00 | wall=3.24
R10[T3][RTB       ]: L=+1.00 R=+1.00 | carry=1 | base=0.49 ba=-0.00 | site=0 sd=0.00 sa=+0.00 | phero=0 pd=0.00 pa=+0.00 | srch=0.00 | wall=1.75
R11[T3][SITE      ]: L=+0.99 R=+1.00 | carry=0 | base=0.46 ba=+0.90 | site=1 sd=0.10 sa=-0.00 | phero=0 pd=0.00 pa=+0.00 | srch=0.17 | wall=1.32
R12[T3][EXPLORE   ]: L=+1.00 R=+1.00 | carry=0 | base=0.51 ba=+0.36 | site=0 sd=0.00 sa=+0.00 | phero=0 pd=0.00 pa=+0.00 | srch=1.00 | wall=1.22

[DEPOSIT] Robot 9 deposited! Total: 87
  [PHERO] Laid at (-0.83, -1.64) density=10 prob=1.00 total_entries=17
  [TARGET] Robot 9 → SITE (-0.83,-1.64)
[PICKUP] Robot 11 picked up tag (density=4) | Total: 92
[DEPOSIT] Robot 4 deposited! Total: 88
  [PHERO] Laid at (2.95, 1.03) density=6 prob=0.97 total_entries=16
  [TARGET] Robot 4 → SITE (2.95,1.03)
[DEPOSIT] Robot 5 deposited! Total: 89
  [PHERO] Laid at (-1.16, -2.92) density=15 prob=1.00 total_entries=17
  [TARGET] Robot 5 → SITE (-1.16,-2.92)
[PICKUP] Robot 1 picked up tag (density=13) | Total: 93
[DEPOSIT] Robot 8 deposited! Total: 90
  [PHERO] Laid at (2.77, 0.91) density=5 prob=0.92 total_entries=18
  [TARGET] Robot 8 → SITE (2.77,0.91)

======================================================================
Step 16500 (8.8 min) | Pickups: 93 | Deposits: 90 | Rate: 10.23 tags/min | phero_entries=18 phero_max=0.901
======================================================================
R1[T1][RTB       ]: L=+1.00 R=+1.00 | carry=1 | base=0.64 ba=-0.00 | site=0 sd=0.00 sa=+0.00 | phero=0 pd=0.00 pa=+0.00 | srch=0.00 | wall=1.21
R2[T1][EXPLORE   ]: L=+1.00 R=+1.00 | carry=0 | base=0.64 ba=-0.78 | site=0 sd=0.00 sa=+0.00 | phero=0 pd=0.00 pa=+0.00 | srch=0.61 | wall=0.36
R3[T1][WALL_ESC  ]: L=+0.00 R=+1.00 | carry=0 | base=0.77 ba=+0.71 | site=0 sd=0.00 sa=+0.00 | phero=0 pd=0.00 pa=+0.00 | srch=0.32 | wall=0.32
R4[T1][SITE      ]: L=+1.00 R=+1.00 | carry=0 | base=0.08 ba=+0.95 | site=1 sd=0.55 sa=-0.14 | phero=0 pd=0.00 pa=+0.00 | srch=0.05 | wall=3.15
R5[T2][SITE      ]: L=+1.00 R=+1.00 | carry=0 | base=0.09 ba=+0.94 | site=1 sd=0.56 sa=-0.21 | phero=0 pd=0.00 pa=+0.00 | srch=0.04 | wall=3.06
R6[T2][PHERO     ]: L=+1.00 R=+1.00 | carry=0 | base=0.05 ba=-0.31 | site=0 sd=0.00 sa=+0.00 | phero=1 pd=0.47 pa=-0.19 | srch=0.44 | wall=3.27
R7[T2][SITE      ]: L=+0.74 R=+0.71 | carry=0 | base=0.38 ba=-0.91 | site=1 sd=0.23 sa=-0.01 | phero=0 pd=0.00 pa=+0.00 | srch=1.00 | wall=1.93
R8[T2][BASE_ESC  ]: L=+0.00 R=+1.00 | carry=0 | base=0.04 ba=-0.55 | site=1 sd=0.55 sa=+0.49 | phero=0 pd=0.00 pa=+0.00 | srch=0.02 | wall=3.29
R9[T3][SITE      ]: L=+1.00 R=+0.95 | carry=0 | base=0.33 ba=-0.81 | site=1 sd=0.19 sa=-0.33 | phero=0 pd=0.00 pa=+0.00 | srch=0.12 | wall=1.86
R10[T3][RTB       ]: L=+1.00 R=+1.00 | carry=1 | base=0.10 ba=-0.00 | site=0 sd=0.00 sa=+0.00 | phero=0 pd=0.00 pa=+0.00 | srch=0.00 | wall=3.14
R11[T3][RTB       ]: L=+1.00 R=+1.00 | carry=1 | base=0.36 ba=-0.00 | site=0 sd=0.00 sa=+0.00 | phero=0 pd=0.00 pa=+0.00 | srch=0.00 | wall=1.80
R12[T3][EXPLORE   ]: L=+1.00 R=+1.00 | carry=0 | base=0.65 ba=+0.78 | site=0 sd=0.00 sa=+0.00 | phero=0 pd=0.00 pa=+0.00 | srch=1.00 | wall=0.72

[DEPOSIT] Robot 10 deposited! Total: 91
  [PHERO] Laid at (2.45, 2.76) density=14 prob=1.00 total_entries=18
  [TARGET] Robot 10 → SITE (2.45,2.76)
[PICKUP] Robot 3 picked up tag (density=14) | Total: 94
[PICKUP] Robot 9 picked up tag (density=9) | Total: 95
[DEPOSIT] Robot 11 deposited! Total: 92
  [PHERO] Laid at (2.55, 1.01) density=4 prob=0.82 total_entries=17
  [TARGET] Robot 11 → SITE (2.55,1.01)

======================================================================
Step 17000 (9.1 min) | Pickups: 95 | Deposits: 92 | Rate: 10.15 tags/min | phero_entries=17 phero_max=0.856
======================================================================
R1[T1][RTB       ]: L=+1.00 R=+1.00 | carry=1 | base=0.25 ba=-0.00 | site=0 sd=0.00 sa=+0.00 | phero=0 pd=0.00 pa=+0.00 | srch=0.00 | wall=2.60
R2[T1][EXPLORE   ]: L=+1.00 R=+1.00 | carry=0 | base=0.50 ba=-0.44 | site=0 sd=0.00 sa=+0.00 | phero=0 pd=0.00 pa=+0.00 | srch=0.74 | wall=1.64
R3[T1][RTB       ]: L=+1.00 R=+1.00 | carry=1 | base=0.46 ba=+0.00 | site=0 sd=0.00 sa=+0.00 | phero=0 pd=0.00 pa=+0.00 | srch=0.00 | wall=1.57
R4[T1][SITE      ]: L=+1.00 R=+0.98 | carry=0 | base=0.46 ba=-0.89 | site=1 sd=0.19 sa=-0.06 | phero=0 pd=0.00 pa=+0.00 | srch=0.17 | wall=1.48
R5[T2][SITE      ]: L=+1.00 R=+0.95 | carry=0 | base=0.47 ba=-0.92 | site=1 sd=0.32 sa=-0.33 | phero=0 pd=0.00 pa=+0.00 | srch=0.17 | wall=1.19
R6[T2][PHERO     ]: L=+0.67 R=+0.64 | carry=0 | base=0.23 ba=-0.75 | site=0 sd=0.00 sa=+0.00 | phero=1 pd=0.26 pa=-0.08 | srch=0.56 | wall=2.38
R7[T2][WALL_ESC  ]: L=+0.00 R=+1.00 | carry=0 | base=0.72 ba=+0.82 | site=0 sd=0.00 sa=+0.00 | phero=0 pd=0.00 pa=+0.00 | srch=1.00 | wall=0.34
R8[T2][SITE      ]: L=+0.96 R=+1.00 | carry=0 | base=0.40 ba=+0.92 | site=1 sd=0.32 sa=+0.31 | phero=0 pd=0.00 pa=+0.00 | srch=0.14 | wall=1.57
R9[T3][RTB       ]: L=+1.00 R=+1.00 | carry=1 | base=0.25 ba=-0.00 | site=0 sd=0.00 sa=+0.00 | phero=0 pd=0.00 pa=+0.00 | srch=0.00 | wall=2.38
R10[T3][SITE      ]: L=+1.00 R=+1.00 | carry=0 | base=0.30 ba=+0.99 | site=1 sd=0.47 sa=+0.15 | phero=0 pd=0.00 pa=+0.00 | srch=0.11 | wall=2.21
R11[T3][BASE_ESC  ]: L=+0.17 R=+1.00 | carry=0 | base=0.05 ba=-0.82 | site=1 sd=0.51 sa=+0.27 | phero=0 pd=0.00 pa=+0.00 | srch=0.02 | wall=3.27
R12[T3][EXPLORE   ]: L=+1.00 R=+0.91 | carry=0 | base=0.50 ba=+0.15 | site=0 sd=0.00 sa=+0.00 | phero=0 pd=0.00 pa=+0.00 | srch=1.00 | wall=1.17

[PICKUP] Robot 4 picked up tag (density=3) | Total: 96
[DEPOSIT] Robot 9 deposited! Total: 93
  [PHERO] Laid at (-0.77, -1.76) density=9 prob=1.00 total_entries=18
  [TARGET] Robot 9 → SITE (-0.77,-1.76)
[DEPOSIT] Robot 1 deposited! Total: 94
  [PHERO] Laid at (2.47, 2.70) density=13 prob=1.00 total_entries=19
  [TARGET] Robot 1 → SITE (2.47,2.70)
[GIVE-UP] R7 giving up after 5309 steps
[PICKUP] Robot 5 picked up tag (density=13) | Total: 97

======================================================================
Step 17500 (9.3 min) | Pickups: 97 | Deposits: 94 | Rate: 10.07 tags/min | phero_entries=19 phero_max=0.681
======================================================================
R1[T1][SITE      ]: L=+1.00 R=+1.00 | carry=0 | base=0.15 ba=-0.96 | site=1 sd=0.61 sa=+0.24 | phero=0 pd=0.00 pa=+0.00 | srch=0.06 | wall=2.80
R2[T1][EXPLORE   ]: L=+1.00 R=+1.00 | carry=0 | base=0.57 ba=-0.67 | site=0 sd=0.00 sa=+0.00 | phero=0 pd=0.00 pa=+0.00 | srch=0.86 | wall=0.70
R3[T1][RTB       ]: L=+1.00 R=+1.00 | carry=1 | base=0.07 ba=+0.00 | site=0 sd=0.00 sa=+0.00 | phero=0 pd=0.00 pa=+0.00 | srch=0.00 | wall=3.21
R4[T1][RTB       ]: L=+1.00 R=+1.00 | carry=1 | base=0.37 ba=+0.00 | site=0 sd=0.00 sa=+0.00 | phero=0 pd=0.00 pa=+0.00 | srch=0.00 | wall=1.80
R5[T2][RTB       ]: L=+1.00 R=+0.90 | carry=1 | base=0.56 ba=-0.04 | site=0 sd=0.00 sa=+0.00 | phero=0 pd=0.00 pa=+0.00 | srch=0.00 | wall=0.80
R6[T2][EXPLORE   ]: L=+1.00 R=+1.00 | carry=0 | base=0.49 ba=-0.78 | site=0 sd=0.00 sa=+0.00 | phero=0 pd=0.00 pa=+0.00 | srch=0.69 | wall=1.77
R7[T2][GIVE_UP   ]: L=+1.00 R=+1.00 | carry=0 | base=0.48 ba=+0.00 | site=0 sd=0.00 sa=+0.00 | phero=0 pd=0.00 pa=+0.00 | srch=1.00 | wall=1.76
R8[T2][SITE      ]: L=+0.92 R=+1.00 | carry=0 | base=0.60 ba=+0.43 | site=1 sd=0.03 sa=+0.09 | phero=0 pd=0.00 pa=+0.00 | srch=0.27 | wall=0.62
R9[T3][SITE      ]: L=+1.00 R=+1.00 | carry=0 | base=0.15 ba=+0.99 | site=1 sd=0.27 sa=+0.24 | phero=0 pd=0.00 pa=+0.00 | srch=0.06 | wall=2.92
R10[T3][SITE      ]: L=+1.00 R=+1.00 | carry=0 | base=0.67 ba=+0.87 | site=1 sd=0.11 sa=+0.15 | phero=0 pd=0.00 pa=+0.00 | srch=0.23 | wall=1.02
R11[T3][SITE      ]: L=+1.00 R=+0.94 | carry=0 | base=0.39 ba=+0.87 | site=1 sd=0.17 sa=-0.17 | phero=0 pd=0.00 pa=+0.00 | srch=0.15 | wall=1.74
R12[T3][EXPLORE   ]: L=+1.00 R=+1.00 | carry=0 | base=0.28 ba=+0.47 | site=0 sd=0.00 sa=+0.00 | phero=0 pd=0.00 pa=+0.00 | srch=1.00 | wall=2.34

[DEPOSIT] Robot 3 deposited! Total: 95
  [PHERO] Laid at (-1.69, -2.74) density=14 prob=1.00 total_entries=20
  [TARGET] Robot 3 → SITE (-1.69,-2.74)
[PICKUP] Robot 10 picked up tag (density=12) | Total: 98
[PICKUP] Robot 8 picked up tag (density=2) | Total: 99
[DEPOSIT] Robot 4 deposited! Total: 96
  [TARGET] Robot 4 → SITE (2.56,1.09)
[PICKUP] Robot 9 picked up tag (density=8) | Total: 100

======================================================================
Step 18000 (9.6 min) | Pickups: 100 | Deposits: 96 | Rate: 10.00 tags/min | phero_entries=19 phero_max=0.468
======================================================================
R1[T1][SITE      ]: L=+1.00 R=+1.00 | carry=0 | base=0.53 ba=+0.96 | site=1 sd=0.36 sa=+0.34 | phero=0 pd=0.00 pa=+0.00 | srch=0.19 | wall=1.06
R2[T1][EXPLORE   ]: L=+1.00 R=+1.00 | carry=0 | base=0.50 ba=-0.35 | site=0 sd=0.00 sa=+0.00 | phero=0 pd=0.00 pa=+0.00 | srch=0.99 | wall=1.18
R3[T1][SITE      ]: L=+1.00 R=+0.96 | carry=0 | base=0.29 ba=-0.94 | site=1 sd=0.36 sa=+0.01 | phero=0 pd=0.00 pa=+0.00 | srch=0.12 | wall=2.20
R4[T1][BASE_ESC  ]: L=+0.04 R=+1.00 | carry=0 | base=0.05 ba=-0.76 | site=1 sd=0.52 sa=+0.32 | phero=0 pd=0.00 pa=+0.00 | srch=0.02 | wall=3.28
R5[T2][RTB       ]: L=+1.00 R=+1.00 | carry=1 | base=0.17 ba=-0.00 | site=0 sd=0.00 sa=+0.00 | phero=0 pd=0.00 pa=+0.00 | srch=0.00 | wall=2.67
R6[T2][EXPLORE   ]: L=+1.00 R=+1.00 | carry=0 | base=0.72 ba=-0.07 | site=0 sd=0.00 sa=+0.00 | phero=0 pd=0.00 pa=+0.00 | srch=0.81 | wall=0.39
R7[T2][GIVE_UP   ]: L=+1.00 R=+1.00 | carry=0 | base=0.09 ba=+0.00 | site=0 sd=0.00 sa=+0.00 | phero=0 pd=0.00 pa=+0.00 | srch=1.00 | wall=3.16
R8[T2][RTB       ]: L=+1.00 R=+1.00 | carry=1 | base=0.27 ba=+0.00 | site=0 sd=0.00 sa=+0.00 | phero=0 pd=0.00 pa=+0.00 | srch=0.00 | wall=2.26
R9[T3][RTB       ]: L=+0.23 R=+1.00 | carry=1 | base=0.43 ba=+0.32 | site=0 sd=0.00 sa=+0.00 | phero=0 pd=0.00 pa=+0.00 | srch=0.00 | wall=1.71
R10[T3][RTB       ]: L=+1.00 R=+1.00 | carry=1 | base=0.40 ba=+0.00 | site=0 sd=0.00 sa=+0.00 | phero=0 pd=0.00 pa=+0.00 | srch=0.00 | wall=2.09
R11[T3][WALL_ESC  ]: L=+1.00 R=+0.00 | carry=0 | base=0.67 ba=-0.47 | site=0 sd=0.00 sa=+0.00 | phero=0 pd=0.00 pa=+0.00 | srch=0.27 | wall=0.32
R12[T3][EXPLORE   ]: L=+1.00 R=+1.00 | carry=0 | base=0.21 ba=+0.24 | site=0 sd=0.00 sa=+0.00 | phero=0 pd=0.00 pa=+0.00 | srch=1.00 | wall=2.76

[EMPTY_RTN] R7 → phero(-1.69,-2.74)
[PICKUP] Robot 1 picked up tag (density=1) | Total: 101
[PICKUP] Robot 3 picked up tag (density=7) | Total: 102
[GIVE-UP] R2 giving up after 4094 steps
[DEPOSIT] Robot 5 deposited! Total: 97
  [PHERO] Laid at (-0.60, -2.84) density=13 prob=1.00 total_entries=18
  [TARGET] Robot 5 → SITE (-0.60,-2.84)
[DEPOSIT] Robot 8 deposited! Total: 98
  [TARGET] Robot 8 → SITE (2.70,1.00)
[DEPOSIT] Robot 10 deposited! Total: 99
  [PHERO] Laid at (2.52, 2.31) density=12 prob=1.00 total_entries=17
  [TARGET] Robot 10 → SITE (2.52,2.31)

======================================================================
Step 18500 (9.9 min) | Pickups: 102 | Deposits: 99 | Rate: 10.03 tags/min | phero_entries=17 phero_max=0.928
======================================================================
R1[T1][RTB       ]: L=+1.00 R=+1.00 | carry=1 | base=0.36 ba=+0.00 | site=0 sd=0.00 sa=+0.00 | phero=0 pd=0.00 pa=+0.00 | srch=0.00 | wall=1.85
R2[T1][GIVE_UP   ]: L=+1.00 R=+1.00 | carry=0 | base=0.21 ba=-0.00 | site=0 sd=0.00 sa=+0.00 | phero=0 pd=0.00 pa=+0.00 | srch=1.00 | wall=2.64
R3[T1][RTB       ]: L=+1.00 R=+1.00 | carry=1 | base=0.17 ba=-0.00 | site=0 sd=0.00 sa=+0.00 | phero=0 pd=0.00 pa=+0.00 | srch=0.00 | wall=2.80
R4[T1][SITE      ]: L=+0.96 R=+1.00 | carry=0 | base=0.41 ba=+0.87 | site=1 sd=0.26 sa=+0.25 | phero=0 pd=0.00 pa=+0.00 | srch=0.15 | wall=1.47
R5[T2][SITE      ]: L=+1.00 R=+1.00 | carry=0 | base=0.22 ba=+0.98 | site=1 sd=0.37 sa=+0.03 | phero=0 pd=0.00 pa=+0.00 | srch=0.09 | wall=2.47
R6[T2][EXPLORE   ]: L=+1.00 R=+1.00 | carry=0 | base=0.64 ba=+0.57 | site=0 sd=0.00 sa=+0.00 | phero=0 pd=0.00 pa=+0.00 | srch=0.94 | wall=1.06
R7[T2][PHERO     ]: L=+0.68 R=+0.68 | carry=0 | base=0.11 ba=-0.83 | site=0 sd=0.00 sa=+0.00 | phero=1 pd=0.54 pa=+0.16 | srch=0.11 | wall=3.02
R8[T2][SITE      ]: L=+1.00 R=+0.99 | carry=0 | base=0.12 ba=-1.00 | site=1 sd=0.47 sa=-0.08 | phero=0 pd=0.00 pa=+0.00 | srch=0.05 | wall=3.01
R9[T3][RTB       ]: L=+1.00 R=+1.00 | carry=1 | base=0.08 ba=+0.00 | site=0 sd=0.00 sa=+0.00 | phero=0 pd=0.00 pa=+0.00 | srch=0.00 | wall=3.18
R10[T3][BASE_ESC  ]: L=+0.00 R=+1.00 | carry=0 | base=0.04 ba=-0.41 | site=1 sd=0.65 sa=+0.60 | phero=0 pd=0.00 pa=+0.00 | srch=0.01 | wall=3.33
R11[T3][EXPLORE   ]: L=+1.00 R=+1.00 | carry=0 | base=0.35 ba=-0.20 | site=0 sd=0.00 sa=+0.00 | phero=0 pd=0.00 pa=+0.00 | srch=0.40 | wall=1.77
R12[T3][EXPLORE   ]: L=+1.00 R=+1.00 | carry=0 | base=0.28 ba=+0.82 | site=0 sd=0.00 sa=+0.00 | phero=0 pd=0.00 pa=+0.00 | srch=1.00 | wall=2.32

[DEPOSIT] Robot 9 deposited! Total: 100
  [PHERO] Laid at (-1.16, -1.77) density=8 prob=1.00 total_entries=18
  [TARGET] Robot 9 → SITE (-1.16,-1.77)
[GIVE-UP] R12 giving up after 7989 steps
[PICKUP] Robot 6 picked up tag (density=13) | Total: 103
[DEPOSIT] Robot 3 deposited! Total: 101
  [PHERO] Laid at (-0.92, -1.64) density=7 prob=0.99 total_entries=18
  [TARGET] Robot 3 → SITE (-0.92,-1.64)
[EMPTY_RTN] R2 → phero(-0.92,-1.64)
[PICKUP] Robot 5 picked up tag (density=15) | Total: 104
[DEPOSIT] Robot 1 deposited! Total: 102
  [TARGET] Robot 1 → SITE (2.74,1.07)

======================================================================
Step 19000 (10.1 min) | Pickups: 104 | Deposits: 102 | Rate: 10.07 tags/min | phero_entries=17 phero_max=0.593
======================================================================
R1[T1][BASE_ESC  ]: L=+1.00 R=+0.13 | carry=0 | base=0.05 ba=+0.80 | site=1 sd=0.55 sa=-0.28 | phero=0 pd=0.00 pa=+0.00 | srch=0.02 | wall=3.31
R2[T1][PHERO     ]: L=-0.07 R=+1.00 | carry=0 | base=0.05 ba=+0.55 | site=0 sd=0.00 sa=+0.00 | phero=1 pd=0.39 pa=+0.15 | srch=0.07 | wall=3.31
R3[T1][SITE      ]: L=+1.00 R=+0.97 | carry=0 | base=0.15 ba=+0.88 | site=1 sd=0.23 sa=-0.12 | phero=0 pd=0.00 pa=+0.00 | srch=0.08 | wall=2.87
R4[T1][EXPLORE   ]: L=+1.00 R=+1.00 | carry=0 | base=0.57 ba=+0.56 | site=0 sd=0.00 sa=+0.00 | phero=0 pd=0.00 pa=+0.00 | srch=0.27 | wall=1.01
R5[T2][RTB       ]: L=+0.92 R=+1.00 | carry=1 | base=0.46 ba=+0.03 | site=0 sd=0.00 sa=+0.00 | phero=0 pd=0.00 pa=+0.00 | srch=0.00 | wall=1.27
R6[T2][RTB       ]: L=+1.00 R=+1.00 | carry=1 | base=0.44 ba=+0.00 | site=0 sd=0.00 sa=+0.00 | phero=0 pd=0.00 pa=+0.00 | srch=0.00 | wall=1.59
R7[T2][PHERO     ]: L=+0.89 R=+0.89 | carry=0 | base=0.29 ba=+0.95 | site=0 sd=0.00 sa=+0.00 | phero=1 pd=0.37 pa=+0.04 | srch=0.24 | wall=2.43
R8[T2][SITE      ]: L=+0.93 R=+1.00 | carry=0 | base=0.48 ba=-0.97 | site=1 sd=0.12 sa=+0.24 | phero=0 pd=0.00 pa=+0.00 | srch=0.18 | wall=1.18
R9[T3][SITE      ]: L=+0.83 R=+0.83 | carry=0 | base=0.29 ba=-0.91 | site=1 sd=0.14 sa=-0.04 | phero=0 pd=0.00 pa=+0.00 | srch=0.12 | wall=2.19
R10[T3][SITE      ]: L=+1.00 R=+1.00 | carry=0 | base=0.38 ba=+1.00 | site=1 sd=0.32 sa=+0.13 | phero=0 pd=0.00 pa=+0.00 | srch=0.14 | wall=1.90
R11[T3][EXPLORE   ]: L=+1.00 R=+1.00 | carry=0 | base=0.24 ba=-0.65 | site=0 sd=0.00 sa=+0.00 | phero=0 pd=0.00 pa=+0.00 | srch=0.52 | wall=2.34
R12[T3][GIVE_UP   ]: L=+1.00 R=+1.00 | carry=0 | base=0.09 ba=-0.00 | site=0 sd=0.00 sa=+0.00 | phero=0 pd=0.00 pa=+0.00 | srch=1.00 | wall=3.08

[EMPTY_RTN] R12 → phero(-0.60,-2.84)
[PICKUP] Robot 9 picked up tag (density=6) | Total: 105
[PICKUP] Robot 3 picked up tag (density=5) | Total: 106

======================================================================
Step 19500 (10.4 min) | Pickups: 106 | Deposits: 102 | Rate: 9.81 tags/min | phero_entries=15 phero_max=0.266
======================================================================
R1[T1][SITE      ]: L=+1.00 R=+1.00 | carry=0 | base=0.42 ba=+0.99 | site=1 sd=0.35 sa=-0.46 | phero=0 pd=0.00 pa=+0.00 | srch=0.15 | wall=1.73
R2[T1][PHERO     ]: L=+1.00 R=+1.00 | carry=0 | base=0.32 ba=+0.94 | site=0 sd=0.00 sa=+0.00 | phero=1 pd=0.06 pa=-0.20 | srch=0.20 | wall=2.06
R3[T1][RTB       ]: L=+1.00 R=+0.96 | carry=1 | base=0.36 ba=-0.01 | site=0 sd=0.00 sa=+0.00 | phero=0 pd=0.00 pa=+0.00 | srch=0.00 | wall=2.00
R4[T1][WALL_ESC  ]: L=+0.00 R=+1.00 | carry=0 | base=0.75 ba=+0.65 | site=0 sd=0.00 sa=+0.00 | phero=0 pd=0.00 pa=+0.00 | srch=0.40 | wall=0.34
R5[T2][RTB       ]: L=+1.00 R=+1.00 | carry=1 | base=0.15 ba=+0.00 | site=0 sd=0.00 sa=+0.00 | phero=0 pd=0.00 pa=+0.00 | srch=0.00 | wall=2.75
R6[T2][RTB       ]: L=+1.00 R=+1.00 | carry=1 | base=0.07 ba=-0.00 | site=0 sd=0.00 sa=+0.00 | phero=0 pd=0.00 pa=+0.00 | srch=0.00 | wall=3.18
R7[T2][EXPLORE   ]: L=+1.00 R=+1.00 | carry=0 | base=0.66 ba=+0.87 | site=0 sd=0.00 sa=+0.00 | phero=0 pd=0.00 pa=+0.00 | srch=0.36 | wall=0.73
R8[T2][EXPLORE   ]: L=+1.00 R=+1.00 | carry=0 | base=0.46 ba=+0.30 | site=0 sd=0.00 sa=+0.00 | phero=0 pd=0.00 pa=+0.00 | srch=0.30 | wall=1.65
R9[T3][RTB       ]: L=+0.98 R=+1.00 | carry=1 | base=0.39 ba=+0.01 | site=0 sd=0.00 sa=+0.00 | phero=0 pd=0.00 pa=+0.00 | srch=0.00 | wall=1.85
R10[T3][SITE      ]: L=+0.54 R=+0.48 | carry=0 | base=0.67 ba=-0.96 | site=1 sd=0.02 sa=-0.08 | phero=0 pd=0.00 pa=+0.00 | srch=0.26 | wall=1.08
R11[T3][EXPLORE   ]: L=+1.00 R=+1.00 | carry=0 | base=0.42 ba=+0.77 | site=0 sd=0.00 sa=+0.00 | phero=0 pd=0.00 pa=+0.00 | srch=0.65 | wall=1.89
R12[T3][PHERO     ]: L=+0.54 R=+0.53 | carry=0 | base=0.18 ba=+0.97 | site=0 sd=0.00 sa=+0.00 | phero=1 pd=0.41 pa=-0.02 | srch=0.11 | wall=2.62

[DEPOSIT] Robot 6 deposited! Total: 103
  [PHERO] Laid at (-1.69, -2.87) density=13 prob=1.00 total_entries=16
  [TARGET] Robot 6 → SITE (-1.69,-2.87)
[PICKUP] Robot 10 picked up tag (density=11) | Total: 107
[DEPOSIT] Robot 5 deposited! Total: 104
  [PHERO] Laid at (-0.66, -2.32) density=15 prob=1.00 total_entries=16
  [TARGET] Robot 5 → SITE (-0.66,-2.32)
[PICKUP] Robot 7 picked up tag (density=12) | Total: 108
[DEPOSIT] Robot 3 deposited! Total: 105
  [PHERO] Laid at (-1.01, -1.72) density=5 prob=0.92 total_entries=16
  [TARGET] Robot 3 → SITE (-1.01,-1.72)
[DEPOSIT] Robot 9 deposited! Total: 106
  [PHERO] Laid at (-1.17, -1.80) density=6 prob=0.97 total_entries=17
  [TARGET] Robot 9 → SITE (-1.17,-1.80)
[PICKUP] Robot 12 picked up tag (density=12) | Total: 109

======================================================================
Step 20000 (10.7 min) | Pickups: 109 | Deposits: 106 | Rate: 9.94 tags/min | phero_entries=17 phero_max=0.903
======================================================================
R1[T1][SITE      ]: L=+1.00 R=+1.00 | carry=0 | base=0.66 ba=-0.62 | site=1 sd=0.16 sa=-0.29 | phero=0 pd=0.00 pa=+0.00 | srch=0.27 | wall=0.80
R2[T1][EXPLORE   ]: L=+1.00 R=+1.00 | carry=0 | base=0.18 ba=-0.12 | site=0 sd=0.00 sa=+0.00 | phero=0 pd=0.00 pa=+0.00 | srch=0.32 | wall=2.83
R3[T1][BASE_ESC  ]: L=+0.33 R=+1.00 | carry=0 | base=0.04 ba=-0.83 | site=1 sd=0.37 sa=+0.31 | phero=0 pd=0.00 pa=+0.00 | srch=0.02 | wall=3.34
R4[T1][EXPLORE   ]: L=+1.00 R=+0.94 | carry=0 | base=0.50 ba=+0.63 | site=0 sd=0.00 sa=+0.00 | phero=0 pd=0.00 pa=+0.00 | srch=0.52 | wall=1.16
R5[T2][SITE      ]: L=+1.00 R=+0.95 | carry=0 | base=0.24 ba=-0.86 | site=1 sd=0.32 sa=-0.20 | phero=0 pd=0.00 pa=+0.00 | srch=0.09 | wall=2.38
R6[T2][SITE      ]: L=+1.00 R=+1.00 | carry=0 | base=0.32 ba=+1.00 | site=1 sd=0.36 sa=+0.11 | phero=0 pd=0.00 pa=+0.00 | srch=0.12 | wall=2.31
R7[T2][RTB       ]: L=+1.00 R=+1.00 | carry=1 | base=0.50 ba=+0.00 | site=0 sd=0.00 sa=+0.00 | phero=0 pd=0.00 pa=+0.00 | srch=0.00 | wall=1.30
R8[T2][EXPLORE   ]: L=+1.00 R=+1.00 | carry=0 | base=0.40 ba=+0.60 | site=0 sd=0.00 sa=+0.00 | phero=0 pd=0.00 pa=+0.00 | srch=0.43 | wall=1.54
R9[T3][BASE_ESC  ]: L=+1.00 R=+0.00 | carry=0 | base=0.04 ba=+0.53 | site=1 sd=0.39 sa=-0.54 | phero=0 pd=0.00 pa=+0.00 | srch=0.02 | wall=3.30
R10[T3][RTB       ]: L=+1.00 R=+1.00 | carry=1 | base=0.44 ba=-0.00 | site=0 sd=0.00 sa=+0.00 | phero=0 pd=0.00 pa=+0.00 | srch=0.00 | wall=1.84
R11[T3][EXPLORE   ]: L=+0.05 R=+1.00 | carry=0 | base=0.68 ba=+0.18 | site=0 sd=0.00 sa=+0.00 | phero=0 pd=0.00 pa=+0.00 | srch=0.77 | wall=0.57
R12[T3][RTB       ]: L=+0.00 R=+1.00 | carry=1 | base=0.52 ba=+0.63 | site=0 sd=0.00 sa=+0.00 | phero=0 pd=0.00 pa=+0.00 | srch=0.00 | wall=1.03

[PICKUP] Robot 8 picked up tag (density=16) | Total: 110
[PICKUP] Robot 5 picked up tag (density=10) | Total: 111

======================================================================
Step 20500 (10.9 min) | Pickups: 111 | Deposits: 106 | Rate: 9.70 tags/min | phero_entries=16 phero_max=0.406
======================================================================
R1[T1][SITE      ]: L=+1.00 R=+0.67 | carry=0 | base=0.58 ba=+0.82 | site=1 sd=0.03 sa=-0.51 | phero=0 pd=0.00 pa=+0.00 | srch=0.40 | wall=0.88
R2[T1][EXPLORE   ]: L=+1.00 R=+1.00 | carry=0 | base=0.21 ba=-0.91 | site=0 sd=0.00 sa=+0.00 | phero=0 pd=0.00 pa=+0.00 | srch=0.45 | wall=2.48
R3[T1][SITE      ]: L=+0.91 R=+1.00 | carry=0 | base=0.38 ba=+0.77 | site=1 sd=0.05 sa=+0.14 | phero=0 pd=0.00 pa=+0.00 | srch=0.15 | wall=2.01
R4[T1][EXPLORE   ]: L=+1.00 R=+1.00 | carry=0 | base=0.57 ba=+0.26 | site=0 sd=0.00 sa=+0.00 | phero=0 pd=0.00 pa=+0.00 | srch=0.65 | wall=0.71
R5[T2][RTB       ]: L=+1.00 R=+0.70 | carry=1 | base=0.47 ba=-0.11 | site=0 sd=0.00 sa=+0.00 | phero=0 pd=0.00 pa=+0.00 | srch=0.00 | wall=1.26
R6[T2][EXPLORE   ]: L=+1.00 R=+1.00 | carry=0 | base=0.68 ba=+0.75 | site=0 sd=0.00 sa=+0.00 | phero=0 pd=0.00 pa=+0.00 | srch=0.24 | wall=0.62
R7[T2][RTB       ]: L=+1.00 R=+1.00 | carry=1 | base=0.12 ba=+0.00 | site=0 sd=0.00 sa=+0.00 | phero=0 pd=0.00 pa=+0.00 | srch=0.00 | wall=3.00
R8[T2][RTB       ]: L=+1.00 R=+1.00 | carry=1 | base=0.14 ba=+0.00 | site=0 sd=0.00 sa=+0.00 | phero=0 pd=0.00 pa=+0.00 | srch=0.00 | wall=2.80
R9[T3][SITE      ]: L=+1.00 R=+0.95 | carry=0 | base=0.36 ba=-0.79 | site=1 sd=0.14 sa=-0.17 | phero=0 pd=0.00 pa=+0.00 | srch=0.14 | wall=1.78
R10[T3][RTB       ]: L=+1.00 R=+1.00 | carry=1 | base=0.05 ba=-0.00 | site=0 sd=0.00 sa=+0.00 | phero=0 pd=0.00 pa=+0.00 | srch=0.00 | wall=3.30
R11[T3][EXPLORE   ]: L=+0.10 R=+1.00 | carry=0 | base=0.68 ba=+0.42 | site=0 sd=0.00 sa=+0.00 | phero=0 pd=0.00 pa=+0.00 | srch=0.90 | wall=0.52
R12[T3][RTB       ]: L=+1.00 R=+1.00 | carry=1 | base=0.19 ba=+0.00 | site=0 sd=0.00 sa=+0.00 | phero=0 pd=0.00 pa=+0.00 | srch=0.00 | wall=2.61

[DEPOSIT] Robot 10 deposited! Total: 107
  [PHERO] Laid at (2.57, 2.34) density=11 prob=1.00 total_entries=17
  [TARGET] Robot 10 → SITE (2.57,2.34)
[PICKUP] Robot 4 picked up tag (density=15) | Total: 112
[DEPOSIT] Robot 7 deposited! Total: 108
  [PHERO] Laid at (-1.64, -3.09) density=12 prob=1.00 total_entries=18
  [TARGET] Robot 7 → SITE (-1.64,-3.09)
[PICKUP] Robot 3 picked up tag (density=4) | Total: 113
[DEPOSIT] Robot 8 deposited! Total: 109
  [PHERO] Laid at (-0.27, 2.06) density=16 prob=1.00 total_entries=18
  [TARGET] Robot 8 → SITE (-0.27,2.06)
[PICKUP] Robot 6 picked up tag (density=11) | Total: 114
[DEPOSIT] Robot 12 deposited! Total: 110
  [PHERO] Laid at (-0.72, -2.44) density=12 prob=1.00 total_entries=18
  [TARGET] Robot 12 → SITE (-0.72,-2.44)

======================================================================
Step 21000 (11.2 min) | Pickups: 114 | Deposits: 110 | Rate: 9.82 tags/min | phero_entries=16 phero_max=0.606
======================================================================
R1[T1][EXPLORE   ]: L=+1.00 R=+1.00 | carry=0 | base=0.37 ba=-0.14 | site=0 sd=0.00 sa=+0.00 | phero=0 pd=0.00 pa=+0.00 | srch=0.52 | wall=1.68
R2[T1][EXPLORE   ]: L=+1.00 R=+1.00 | carry=0 | base=0.59 ba=-0.95 | site=0 sd=0.00 sa=+0.00 | phero=0 pd=0.00 pa=+0.00 | srch=0.57 | wall=0.88
R3[T1][RTB       ]: L=+1.00 R=+1.00 | carry=1 | base=0.15 ba=+0.00 | site=0 sd=0.00 sa=+0.00 | phero=0 pd=0.00 pa=+0.00 | srch=0.00 | wall=2.84
R4[T1][RTB       ]: L=+1.00 R=+1.00 | carry=1 | base=0.22 ba=+0.00 | site=0 sd=0.00 sa=+0.00 | phero=0 pd=0.00 pa=+0.00 | srch=0.00 | wall=2.46
R5[T2][RTB       ]: L=+1.00 R=+1.00 | carry=1 | base=0.09 ba=+0.00 | site=0 sd=0.00 sa=+0.00 | phero=0 pd=0.00 pa=+0.00 | srch=0.00 | wall=3.04
R6[T2][RTB       ]: L=+1.00 R=+1.00 | carry=1 | base=0.45 ba=+0.00 | site=0 sd=0.00 sa=+0.00 | phero=0 pd=0.00 pa=+0.00 | srch=0.00 | wall=1.48
R7[T2][SITE      ]: L=+0.77 R=+0.77 | carry=0 | base=0.20 ba=-0.94 | site=1 sd=0.50 sa=+0.01 | phero=0 pd=0.00 pa=+0.00 | srch=0.10 | wall=2.56
R8[T2][SITE      ]: L=+1.00 R=+1.00 | carry=0 | base=0.24 ba=-0.88 | site=1 sd=0.18 sa=+0.09 | phero=0 pd=0.00 pa=+0.00 | srch=0.09 | wall=2.34
R9[T3][EXPLORE   ]: L=+1.00 R=+1.00 | carry=0 | base=0.64 ba=+0.99 | site=0 sd=0.00 sa=+0.00 | phero=0 pd=0.00 pa=+0.00 | srch=0.27 | wall=0.87
R10[T3][SITE      ]: L=+1.00 R=+1.00 | carry=0 | base=0.34 ba=+0.99 | site=1 sd=0.41 sa=+0.23 | phero=0 pd=0.00 pa=+0.00 | srch=0.12 | wall=1.89
R11[T3][EXPLORE   ]: L=+1.00 R=+1.00 | carry=0 | base=0.64 ba=+0.06 | site=0 sd=0.00 sa=+0.00 | phero=0 pd=0.00 pa=+0.00 | srch=1.00 | wall=0.67
R12[T3][SITE      ]: L=+1.00 R=+0.98 | carry=0 | base=0.21 ba=-0.89 | site=1 sd=0.32 sa=-0.05 | phero=0 pd=0.00 pa=+0.00 | srch=0.08 | wall=2.44

[DEPOSIT] Robot 5 deposited! Total: 111
  [PHERO] Laid at (-0.48, -2.32) density=10 prob=1.00 total_entries=17
  [TARGET] Robot 5 → SITE (-0.48,-2.32)
[DEPOSIT] Robot 3 deposited! Total: 112
  [PHERO] Laid at (-0.98, -1.79) density=4 prob=0.82 total_entries=18
  [TARGET] Robot 3 → SITE (-0.98,-1.79)
[DEPOSIT] Robot 4 deposited! Total: 113
  [PHERO] Laid at (-0.65, 2.55) density=15 prob=1.00 total_entries=19
  [TARGET] Robot 4 → SITE (-0.65,2.55)
[PICKUP] Robot 8 picked up tag (density=14) | Total: 115

======================================================================
Step 21500 (11.5 min) | Pickups: 115 | Deposits: 113 | Rate: 9.85 tags/min | phero_entries=18 phero_max=0.636
======================================================================
R1[T1][EXPLORE   ]: L=+1.00 R=+1.00 | carry=0 | base=0.39 ba=-0.80 | site=0 sd=0.00 sa=+0.00 | phero=0 pd=0.00 pa=+0.00 | srch=0.65 | wall=2.05
R2[T1][EXPLORE   ]: L=+1.00 R=+1.00 | carry=0 | base=0.61 ba=-0.34 | site=0 sd=0.00 sa=+0.00 | phero=0 pd=0.00 pa=+0.00 | srch=0.70 | wall=1.23
R3[T1][SITE      ]: L=+0.99 R=+1.00 | carry=0 | base=0.24 ba=-0.94 | site=1 sd=0.18 sa=+0.05 | phero=0 pd=0.00 pa=+0.00 | srch=0.09 | wall=2.47
R4[T1][SITE      ]: L=+1.00 R=+0.99 | carry=0 | base=0.17 ba=-0.94 | site=1 sd=0.36 sa=+0.03 | phero=0 pd=0.00 pa=+0.00 | srch=0.07 | wall=2.69
R5[T2][SITE      ]: L=+1.00 R=+1.00 | carry=0 | base=0.30 ba=+0.98 | site=1 sd=0.25 sa=-0.36 | phero=0 pd=0.00 pa=+0.00 | srch=0.11 | wall=2.05
R6[T2][RTB       ]: L=+1.00 R=+1.00 | carry=1 | base=0.08 ba=+0.00 | site=0 sd=0.00 sa=+0.00 | phero=0 pd=0.00 pa=+0.00 | srch=0.00 | wall=3.17
R7[T2][SITE      ]: L=+0.46 R=+0.45 | carry=0 | base=0.41 ba=+0.98 | site=1 sd=0.30 sa=-0.08 | phero=0 pd=0.00 pa=+0.00 | srch=0.23 | wall=1.63
R8[T2][RTB       ]: L=+0.99 R=+1.00 | carry=1 | base=0.42 ba=+0.00 | site=0 sd=0.00 sa=+0.00 | phero=0 pd=0.00 pa=+0.00 | srch=0.00 | wall=1.46
R9[T3][EXPLORE   ]: L=+1.00 R=+1.00 | carry=0 | base=0.61 ba=+0.04 | site=0 sd=0.00 sa=+0.00 | phero=0 pd=0.00 pa=+0.00 | srch=0.39 | wall=0.94
R10[T3][SITE      ]: L=+0.93 R=+1.00 | carry=0 | base=0.70 ba=+0.75 | site=1 sd=0.16 sa=+0.28 | phero=0 pd=0.00 pa=+0.00 | srch=0.25 | wall=0.50
R11[T3][EXPLORE   ]: L=+1.00 R=+1.00 | carry=0 | base=0.27 ba=+0.14 | site=0 sd=0.00 sa=+0.00 | phero=0 pd=0.00 pa=+0.00 | srch=1.00 | wall=2.21
R12[T3][EXPLORE   ]: L=+1.00 R=+1.00 | carry=0 | base=0.57 ba=-0.92 | site=0 sd=0.00 sa=+0.00 | phero=0 pd=0.00 pa=+0.00 | srch=0.20 | wall=0.81

[DEPOSIT] Robot 6 deposited! Total: 114
  [PHERO] Laid at (-1.53, -3.11) density=11 prob=1.00 total_entries=19
  [TARGET] Robot 6 → SITE (-1.53,-3.11)
[PICKUP] Robot 7 picked up tag (density=3) | Total: 116
[PICKUP] Robot 9 picked up tag (density=2) | Total: 117
[PICKUP] Robot 10 picked up tag (density=10) | Total: 118
[PICKUP] Robot 12 picked up tag (density=10) | Total: 119
[PICKUP] Robot 3 picked up tag (density=1) | Total: 120
[PICKUP] Robot 4 picked up tag (density=13) | Total: 121
[PICKUP] Robot 5 picked up tag (density=9) | Total: 122
[DEPOSIT] Robot 8 deposited! Total: 115
  [PHERO] Laid at (-0.21, 2.35) density=14 prob=1.00 total_entries=17
  [TARGET] Robot 8 → SITE (-0.21,2.35)

======================================================================
Step 22000 (11.7 min) | Pickups: 122 | Deposits: 115 | Rate: 9.80 tags/min | phero_entries=17 phero_max=0.956
======================================================================
R1[T1][EXPLORE   ]: L=+1.00 R=+1.00 | carry=0 | base=0.74 ba=-0.90 | site=0 sd=0.00 sa=+0.00 | phero=0 pd=0.00 pa=+0.00 | srch=0.77 | wall=0.37
R2[T1][EXPLORE   ]: L=+1.00 R=+1.00 | carry=0 | base=0.37 ba=+0.27 | site=0 sd=0.00 sa=+0.00 | phero=0 pd=0.00 pa=+0.00 | srch=0.82 | wall=2.11
R3[T1][RTB       ]: L=+1.00 R=+1.00 | carry=1 | base=0.32 ba=+0.00 | site=0 sd=0.00 sa=+0.00 | phero=0 pd=0.00 pa=+0.00 | srch=0.00 | wall=2.10
R4[T1][RTB       ]: L=+1.00 R=+0.98 | carry=1 | base=0.38 ba=-0.01 | site=0 sd=0.00 sa=+0.00 | phero=0 pd=0.00 pa=+0.00 | srch=0.00 | wall=1.64
R5[T2][RTB       ]: L=+1.00 R=+0.52 | carry=1 | base=0.50 ba=-0.18 | site=0 sd=0.00 sa=+0.00 | phero=0 pd=0.00 pa=+0.00 | srch=0.00 | wall=1.13
R6[T2][SITE      ]: L=+1.00 R=+1.00 | carry=0 | base=0.32 ba=-0.84 | site=1 sd=0.43 sa=-0.08 | phero=0 pd=0.00 pa=+0.00 | srch=0.12 | wall=1.94
R7[T2][RTB       ]: L=+1.00 R=+1.00 | carry=1 | base=0.16 ba=+0.00 | site=0 sd=0.00 sa=+0.00 | phero=0 pd=0.00 pa=+0.00 | srch=0.00 | wall=2.78
R8[T2][BASE_ESC  ]: L=+1.00 R=+0.00 | carry=0 | base=0.05 ba=+0.26 | site=1 sd=0.43 sa=-0.76 | phero=0 pd=0.00 pa=+0.00 | srch=0.01 | wall=3.28
R9[T3][RTB       ]: L=+1.00 R=+1.00 | carry=1 | base=0.27 ba=+0.00 | site=0 sd=0.00 sa=+0.00 | phero=0 pd=0.00 pa=+0.00 | srch=0.00 | wall=2.30
R10[T3][RTB       ]: L=+1.00 R=+1.00 | carry=1 | base=0.53 ba=+0.00 | site=0 sd=0.00 sa=+0.00 | phero=0 pd=0.00 pa=+0.00 | srch=0.00 | wall=1.51
R11[T3][EXPLORE   ]: L=+0.24 R=+1.00 | carry=0 | base=0.11 ba=+0.77 | site=0 sd=0.00 sa=+0.00 | phero=0 pd=0.00 pa=+0.00 | srch=1.00 | wall=3.02
R12[T3][RTB       ]: L=+1.00 R=+1.00 | carry=1 | base=0.49 ba=-0.00 | site=0 sd=0.00 sa=+0.00 | phero=0 pd=0.00 pa=+0.00 | srch=0.00 | wall=1.24

[DEPOSIT] Robot 7 deposited! Total: 116
  [PHERO] Laid at (-0.84, -1.93) density=3 prob=0.65 total_entries=18
  [TARGET] Robot 7 → SITE (-0.84,-1.93)
[DEPOSIT] Robot 9 deposited! Total: 117
  [PHERO] Laid at (-1.17, -2.08) density=2 prob=0.42 total_entries=19
  [TARGET] Robot 9 → SITE (-1.17,-2.08)
[PICKUP] Robot 6 picked up tag (density=8) | Total: 123
[DEPOSIT] Robot 3 deposited! Total: 118
  [TARGET] Robot 3 → SITE (-1.00,-1.79)

======================================================================
Step 22500 (12.0 min) | Pickups: 123 | Deposits: 118 | Rate: 9.83 tags/min | phero_entries=18 phero_max=0.712
======================================================================
R1[T1][EXPLORE   ]: L=+1.00 R=+1.00 | carry=0 | base=0.51 ba=-0.39 | site=0 sd=0.00 sa=+0.00 | phero=0 pd=0.00 pa=+0.00 | srch=0.90 | wall=1.10
R2[T1][EXPLORE   ]: L=+1.00 R=+1.00 | carry=0 | base=0.32 ba=+0.68 | site=0 sd=0.00 sa=+0.00 | phero=0 pd=0.00 pa=+0.00 | srch=0.95 | wall=2.10
R3[T1][SITE      ]: L=+1.00 R=+0.51 | carry=0 | base=0.09 ba=-0.90 | site=1 sd=0.33 sa=-0.02 | phero=0 pd=0.00 pa=+0.00 | srch=0.04 | wall=3.08
R4[T1][RTB       ]: L=+1.00 R=+0.80 | carry=1 | base=0.17 ba=-0.08 | site=0 sd=0.00 sa=+0.00 | phero=0 pd=0.00 pa=+0.00 | srch=0.00 | wall=2.68
R5[T2][RTB       ]: L=+0.99 R=+1.00 | carry=1 | base=0.13 ba=+0.00 | site=0 sd=0.00 sa=+0.00 | phero=0 pd=0.00 pa=+0.00 | srch=0.00 | wall=2.90
R6[T2][RTB       ]: L=+1.00 R=+1.00 | carry=1 | base=0.44 ba=-0.00 | site=0 sd=0.00 sa=+0.00 | phero=0 pd=0.00 pa=+0.00 | srch=0.00 | wall=1.43
R7[T2][SITE      ]: L=+0.94 R=+0.81 | carry=0 | base=0.18 ba=-0.91 | site=1 sd=0.25 sa=-0.01 | phero=0 pd=0.00 pa=+0.00 | srch=0.09 | wall=2.63
R8[T2][SITE      ]: L=+0.00 R=+1.00 | carry=0 | base=0.17 ba=+0.98 | site=1 sd=0.31 sa=+0.04 | phero=0 pd=0.00 pa=+0.00 | srch=0.13 | wall=2.68
R9[T3][SITE      ]: L=+1.00 R=+1.00 | carry=0 | base=0.08 ba=+1.00 | site=1 sd=0.41 sa=-0.07 | phero=0 pd=0.00 pa=+0.00 | srch=0.05 | wall=3.14
R10[T3][RTB       ]: L=+1.00 R=+1.00 | carry=1 | base=0.14 ba=+0.00 | site=0 sd=0.00 sa=+0.00 | phero=0 pd=0.00 pa=+0.00 | srch=0.00 | wall=2.97
R11[T3][EXPLORE   ]: L=+0.05 R=+1.00 | carry=0 | base=0.11 ba=+0.96 | site=0 sd=0.00 sa=+0.00 | phero=0 pd=0.00 pa=+0.00 | srch=1.00 | wall=3.09
R12[T3][RTB       ]: L=+1.00 R=+1.00 | carry=1 | base=0.11 ba=-0.00 | site=0 sd=0.00 sa=+0.00 | phero=0 pd=0.00 pa=+0.00 | srch=0.00 | wall=3.01

[GIVE-UP] R1 giving up after 3656 steps
[DEPOSIT] Robot 12 deposited! Total: 119
  [PHERO] Laid at (-1.23, -3.10) density=10 prob=1.00 total_entries=19
  [TARGET] Robot 12 → SITE (-1.23,-3.10)
[DEPOSIT] Robot 10 deposited! Total: 120
  [PHERO] Laid at (2.83, 2.34) density=10 prob=1.00 total_entries=20
  [TARGET] Robot 10 → SITE (2.83,2.34)
[DEPOSIT] Robot 4 deposited! Total: 121
  [PHERO] Laid at (-0.37, 2.04) density=13 prob=1.00 total_entries=21
  [TARGET] Robot 4 → SITE (-0.37,2.04)
[DEPOSIT] Robot 5 deposited! Total: 122
  [PHERO] Laid at (-0.59, -2.40) density=9 prob=1.00 total_entries=22
  [TARGET] Robot 5 → SITE (-0.59,-2.40)
[GIVE-UP] R1 giving up after 3968 steps

======================================================================
Step 23000 (12.3 min) | Pickups: 123 | Deposits: 122 | Rate: 9.95 tags/min | phero_entries=19 phero_max=0.689
======================================================================
R1[T1][GIVE_UP   ]: L=+1.00 R=+1.00 | carry=0 | base=0.18 ba=-0.00 | site=0 sd=0.00 sa=+0.00 | phero=0 pd=0.00 pa=+0.00 | srch=1.00 | wall=2.64
R2[T1][EXPLORE   ]: L=+1.00 R=+0.37 | carry=0 | base=0.38 ba=+0.14 | site=0 sd=0.00 sa=+0.00 | phero=0 pd=0.00 pa=+0.00 | srch=1.00 | wall=1.82
R3[T1][SITE      ]: L=+0.85 R=+1.00 | carry=0 | base=0.39 ba=+0.89 | site=1 sd=0.03 sa=+0.13 | phero=0 pd=0.00 pa=+0.00 | srch=0.16 | wall=1.83
R4[T1][SITE      ]: L=+0.95 R=+1.00 | carry=0 | base=0.18 ba=-0.88 | site=1 sd=0.25 sa=+0.24 | phero=0 pd=0.00 pa=+0.00 | srch=0.08 | wall=2.63
R5[T2][SITE      ]: L=+1.00 R=+1.00 | carry=0 | base=0.14 ba=-0.96 | site=1 sd=0.39 sa=+0.29 | phero=0 pd=0.00 pa=+0.00 | srch=0.06 | wall=2.98
R6[T2][RTB       ]: L=+1.00 R=+1.00 | carry=1 | base=0.06 ba=-0.00 | site=0 sd=0.00 sa=+0.00 | phero=0 pd=0.00 pa=+0.00 | srch=0.00 | wall=3.20
R7[T2][SITE      ]: L=+0.28 R=+0.26 | carry=0 | base=0.33 ba=-0.95 | site=1 sd=0.09 sa=-0.03 | phero=0 pd=0.00 pa=+0.00 | srch=0.22 | wall=1.95
R8[T2][SITE      ]: L=+0.71 R=+1.00 | carry=0 | base=0.51 ba=+0.47 | site=1 sd=0.03 sa=+0.34 | phero=0 pd=0.00 pa=+0.00 | srch=0.26 | wall=0.99
R9[T3][SITE      ]: L=+1.00 R=+1.00 | carry=0 | base=0.38 ba=-0.97 | site=1 sd=0.10 sa=-0.01 | phero=0 pd=0.00 pa=+0.00 | srch=0.18 | wall=1.82
R10[T3][SITE      ]: L=+0.80 R=+0.79 | carry=0 | base=0.22 ba=-0.94 | site=1 sd=0.53 sa=-0.03 | phero=0 pd=0.00 pa=+0.00 | srch=0.09 | wall=2.65
R11[T3][EXPLORE   ]: L=+1.00 R=+1.00 | carry=0 | base=0.16 ba=+0.86 | site=0 sd=0.00 sa=+0.00 | phero=0 pd=0.00 pa=+0.00 | srch=1.00 | wall=2.72
R12[T3][SITE      ]: L=+0.98 R=+1.00 | carry=0 | base=0.28 ba=+0.95 | site=1 sd=0.43 sa=+0.17 | phero=0 pd=0.00 pa=+0.00 | srch=0.10 | wall=2.50

[DEPOSIT] Robot 6 deposited! Total: 123
  [PHERO] Laid at (-0.68, -2.49) density=8 prob=1.00 total_entries=20
  [TARGET] Robot 6 → SITE (-0.68,-2.49)
[PICKUP] Robot 8 picked up tag (density=12) | Total: 124
[EMPTY_RTN] R1 → phero(-0.21,2.35)
[PICKUP] Robot 4 picked up tag (density=11) | Total: 125
[PICKUP] Robot 12 picked up tag (density=9) | Total: 126

======================================================================
Step 23500 (12.5 min) | Pickups: 126 | Deposits: 123 | Rate: 9.81 tags/min | phero_entries=20 phero_max=0.463
======================================================================
R1[T1][PHERO     ]: L=+1.00 R=+0.99 | carry=0 | base=0.10 ba=-0.77 | site=0 sd=0.00 sa=+0.00 | phero=1 pd=0.44 pa=-0.17 | srch=0.08 | wall=3.07
R2[T1][EXPLORE   ]: L=+1.00 R=+1.00 | carry=0 | base=0.30 ba=+0.29 | site=0 sd=0.00 sa=+0.00 | phero=0 pd=0.00 pa=+0.00 | srch=1.00 | wall=2.35
R3[T1][EXPLORE   ]: L=+0.96 R=+0.29 | carry=0 | base=0.65 ba=-0.08 | site=0 sd=0.00 sa=+0.00 | phero=0 pd=0.00 pa=+0.00 | srch=0.29 | wall=0.53
R4[T1][RTB       ]: L=+0.96 R=+1.00 | carry=1 | base=0.40 ba=+0.01 | site=0 sd=0.00 sa=+0.00 | phero=0 pd=0.00 pa=+0.00 | srch=0.00 | wall=1.54
R5[T2][SITE      ]: L=+0.95 R=+1.00 | carry=0 | base=0.51 ba=+0.77 | site=1 sd=0.23 sa=+0.35 | phero=0 pd=0.00 pa=+0.00 | srch=0.18 | wall=1.57
R6[T2][SITE      ]: L=+0.96 R=+1.00 | carry=0 | base=0.33 ba=+0.95 | site=1 sd=0.29 sa=+0.33 | phero=0 pd=0.00 pa=+0.00 | srch=0.12 | wall=2.30
R7[T2][SITE      ]: L=-0.19 R=-0.19 | carry=0 | base=0.28 ba=-0.97 | site=1 sd=0.15 sa=-0.03 | phero=0 pd=0.00 pa=+0.00 | srch=0.34 | wall=2.21
R8[T2][RTB       ]: L=+1.00 R=+1.00 | carry=1 | base=0.16 ba=+0.00 | site=0 sd=0.00 sa=+0.00 | phero=0 pd=0.00 pa=+0.00 | srch=0.00 | wall=2.73
R9[T3][EXPLORE   ]: L=+1.00 R=+1.00 | carry=0 | base=0.71 ba=-0.87 | site=0 sd=0.00 sa=+0.00 | phero=0 pd=0.00 pa=+0.00 | srch=0.30 | wall=0.88
R10[T3][SITE      ]: L=+1.00 R=+1.00 | carry=0 | base=0.58 ba=-0.97 | site=1 sd=0.17 sa=-0.06 | phero=0 pd=0.00 pa=+0.00 | srch=0.22 | wall=1.42
R11[T3][EXPLORE   ]: L=+0.67 R=+1.00 | carry=0 | base=0.53 ba=+0.83 | site=0 sd=0.00 sa=+0.00 | phero=0 pd=0.00 pa=+0.00 | srch=1.00 | wall=1.24
R12[T3][RTB       ]: L=+0.00 R=+1.00 | carry=1 | base=0.60 ba=+0.58 | site=0 sd=0.00 sa=+0.00 | phero=0 pd=0.00 pa=+0.00 | srch=0.00 | wall=0.82

[DEPOSIT] Robot 8 deposited! Total: 124
  [PHERO] Laid at (-0.22, 2.48) density=12 prob=1.00 total_entries=21
  [TARGET] Robot 8 → SITE (-0.22,2.48)
[PICKUP] Robot 10 picked up tag (density=9) | Total: 127

======================================================================
Step 24000 (12.8 min) | Pickups: 127 | Deposits: 124 | Rate: 9.69 tags/min | phero_entries=19 phero_max=0.559
======================================================================
R1[T1][PHERO     ]: L=+1.00 R=+0.96 | carry=0 | base=0.43 ba=-0.84 | site=0 sd=0.00 sa=+0.00 | phero=1 pd=0.12 pa=-0.26 | srch=0.21 | wall=1.48
R2[T1][EXPLORE   ]: L=+1.00 R=+1.00 | carry=0 | base=0.32 ba=+0.73 | site=0 sd=0.00 sa=+0.00 | phero=0 pd=0.00 pa=+0.00 | srch=1.00 | wall=2.11
R3[T1][EXPLORE   ]: L=+1.00 R=+0.83 | carry=0 | base=0.64 ba=+0.83 | site=0 sd=0.00 sa=+0.00 | phero=0 pd=0.00 pa=+0.00 | srch=0.41 | wall=0.42
R4[T1][RTB       ]: L=+1.00 R=+0.99 | carry=1 | base=0.09 ba=-0.00 | site=0 sd=0.00 sa=+0.00 | phero=0 pd=0.00 pa=+0.00 | srch=0.00 | wall=3.07
R5[T2][EXPLORE   ]: L=+1.00 R=+1.00 | carry=0 | base=0.44 ba=+0.21 | site=0 sd=0.00 sa=+0.00 | phero=0 pd=0.00 pa=+0.00 | srch=0.31 | wall=1.36
R6[T2][SITE      ]: L=+0.91 R=+1.00 | carry=0 | base=0.55 ba=+0.39 | site=1 sd=0.04 sa=+0.11 | phero=0 pd=0.00 pa=+0.00 | srch=0.25 | wall=0.94
R7[T2][SITE      ]: L=+0.80 R=+0.77 | carry=0 | base=0.38 ba=+0.97 | site=1 sd=0.05 sa=-0.05 | phero=0 pd=0.00 pa=+0.00 | srch=0.47 | wall=1.77
R8[T2][SITE      ]: L=+1.00 R=+1.00 | carry=0 | base=0.15 ba=-0.98 | site=1 sd=0.35 sa=+0.08 | phero=0 pd=0.00 pa=+0.00 | srch=0.09 | wall=2.73
R9[T3][EXPLORE   ]: L=+1.00 R=+1.00 | carry=0 | base=0.75 ba=-0.03 | site=0 sd=0.00 sa=+0.00 | phero=0 pd=0.00 pa=+0.00 | srch=0.43 | wall=0.74
R10[T3][RTB       ]: L=+1.00 R=+1.00 | carry=1 | base=0.56 ba=-0.00 | site=0 sd=0.00 sa=+0.00 | phero=0 pd=0.00 pa=+0.00 | srch=0.00 | wall=1.37
R11[T3][EXPLORE   ]: L=+0.21 R=+1.00 | carry=0 | base=0.51 ba=-0.07 | site=0 sd=0.00 sa=+0.00 | phero=0 pd=0.00 pa=+0.00 | srch=1.00 | wall=1.54
R12[T3][RTB       ]: L=+1.00 R=+1.00 | carry=1 | base=0.28 ba=-0.00 | site=0 sd=0.00 sa=+0.00 | phero=0 pd=0.00 pa=+0.00 | srch=0.00 | wall=2.21

[PICKUP] Robot 1 picked up tag (density=10) | Total: 128
[DEPOSIT] Robot 4 deposited! Total: 125
  [PHERO] Laid at (-0.23, 2.17) density=11 prob=1.00 total_entries=20
  [TARGET] Robot 4 → SITE (-0.23,2.17)
[PICKUP] Robot 6 picked up tag (density=7) | Total: 129
[GIVE-UP] R3 giving up after 1765 steps
[PICKUP] Robot 3 picked up tag (density=6) | Total: 130
[DEPOSIT] Robot 12 deposited! Total: 126
  [PHERO] Laid at (-1.26, -2.66) density=9 prob=1.00 total_entries=19
  [TARGET] Robot 12 → SITE (-1.26,-2.66)
[GIVE-UP] R2 giving up after 5700 steps

======================================================================
Step 24500 (13.1 min) | Pickups: 130 | Deposits: 126 | Rate: 9.64 tags/min | phero_entries=19 phero_max=0.722
======================================================================
R1[T1][RTB       ]: L=+1.00 R=+1.00 | carry=1 | base=0.14 ba=-0.00 | site=0 sd=0.00 sa=+0.00 | phero=0 pd=0.00 pa=+0.00 | srch=0.00 | wall=2.85
R2[T1][GIVE_UP   ]: L=+1.00 R=+0.41 | carry=0 | base=0.58 ba=-0.24 | site=0 sd=0.00 sa=+0.00 | phero=0 pd=0.00 pa=+0.00 | srch=1.00 | wall=0.80
R3[T1][RTB       ]: L=+1.00 R=+1.00 | carry=1 | base=0.36 ba=+0.00 | site=0 sd=0.00 sa=+0.00 | phero=0 pd=0.00 pa=+0.00 | srch=0.00 | wall=1.74
R4[T1][SITE      ]: L=+0.95 R=+1.00 | carry=0 | base=0.31 ba=+0.91 | site=1 sd=0.21 sa=+0.26 | phero=0 pd=0.00 pa=+0.00 | srch=0.11 | wall=2.05
R5[T2][EXPLORE   ]: L=+1.00 R=+1.00 | carry=0 | base=0.27 ba=+0.55 | site=0 sd=0.00 sa=+0.00 | phero=0 pd=0.00 pa=+0.00 | srch=0.43 | wall=2.42
R6[T2][RTB       ]: L=+1.00 R=+1.00 | carry=1 | base=0.20 ba=+0.00 | site=0 sd=0.00 sa=+0.00 | phero=0 pd=0.00 pa=+0.00 | srch=0.00 | wall=2.52
R7[T2][EXPLORE   ]: L=+1.00 R=+0.87 | carry=0 | base=0.52 ba=-0.46 | site=0 sd=0.00 sa=+0.00 | phero=0 pd=0.00 pa=+0.00 | srch=0.59 | wall=1.65
R8[T2][SITE      ]: L=+0.85 R=+1.00 | carry=0 | base=0.51 ba=+0.67 | site=1 sd=0.05 sa=+0.26 | phero=0 pd=0.00 pa=+0.00 | srch=0.22 | wall=0.96
R9[T3][EXPLORE   ]: L=+1.00 R=+1.00 | carry=0 | base=0.36 ba=-0.07 | site=0 sd=0.00 sa=+0.00 | phero=0 pd=0.00 pa=+0.00 | srch=0.55 | wall=2.03
R10[T3][RTB       ]: L=+1.00 R=+1.00 | carry=1 | base=0.17 ba=-0.00 | site=0 sd=0.00 sa=+0.00 | phero=0 pd=0.00 pa=+0.00 | srch=0.00 | wall=2.85
R11[T3][EXPLORE   ]: L=+0.84 R=+0.88 | carry=0 | base=0.49 ba=-0.67 | site=0 sd=0.00 sa=+0.00 | phero=0 pd=0.00 pa=+0.00 | srch=1.00 | wall=1.39
R12[T3][SITE      ]: L=+1.00 R=+1.00 | carry=0 | base=0.12 ba=-0.95 | site=1 sd=0.49 sa=+0.20 | phero=0 pd=0.00 pa=+0.00 | srch=0.05 | wall=3.06

[DEPOSIT] Robot 1 deposited! Total: 127
  [PHERO] Laid at (-0.68, 2.06) density=10 prob=1.00 total_entries=20
  [TARGET] Robot 1 → SITE (-0.68,2.06)
[PICKUP] Robot 8 picked up tag (density=9) | Total: 131
[DEPOSIT] Robot 10 deposited! Total: 128
  [PHERO] Laid at (2.67, 2.34) density=9 prob=1.00 total_entries=21
  [TARGET] Robot 10 → SITE (2.67,2.34)
[DEPOSIT] Robot 6 deposited! Total: 129
  [PHERO] Laid at (-0.62, -2.50) density=7 prob=0.99 total_entries=22
  [TARGET] Robot 6 → SITE (-0.62,-2.50)
[PICKUP] Robot 4 picked up tag (density=8) | Total: 132
[DEPOSIT] Robot 3 deposited! Total: 130
  [PHERO] Laid at (-0.55, -2.84) density=6 prob=0.97 total_entries=22
  [TARGET] Robot 3 → SITE (-0.55,-2.84)
[GIVE-UP] R7 giving up after 2807 steps

======================================================================
Step 25000 (13.3 min) | Pickups: 132 | Deposits: 130 | Rate: 9.75 tags/min | phero_entries=20 phero_max=0.854
======================================================================
R1[T1][SITE      ]: L=+1.00 R=+1.00 | carry=0 | base=0.26 ba=+0.94 | site=1 sd=0.21 sa=+0.18 | phero=0 pd=0.00 pa=+0.00 | srch=0.10 | wall=2.21
R2[T1][GIVE_UP   ]: L=+1.00 R=+1.00 | carry=0 | base=0.20 ba=-0.00 | site=0 sd=0.00 sa=+0.00 | phero=0 pd=0.00 pa=+0.00 | srch=1.00 | wall=2.56
R3[T1][BASE_ESC  ]: L=+1.00 R=+0.31 | carry=0 | base=0.05 ba=+0.83 | site=1 sd=0.54 sa=-0.24 | phero=0 pd=0.00 pa=+0.00 | srch=0.02 | wall=3.27
R4[T1][RTB       ]: L=+1.00 R=+1.00 | carry=1 | base=0.38 ba=+0.00 | site=0 sd=0.00 sa=+0.00 | phero=0 pd=0.00 pa=+0.00 | srch=0.00 | wall=1.66
R5[T2][EXPLORE   ]: L=+1.00 R=+1.00 | carry=0 | base=0.51 ba=+0.82 | site=0 sd=0.00 sa=+0.00 | phero=0 pd=0.00 pa=+0.00 | srch=0.56 | wall=1.05
R6[T2][SITE      ]: L=+1.00 R=+0.97 | carry=0 | base=0.20 ba=+0.99 | site=1 sd=0.37 sa=-0.27 | phero=0 pd=0.00 pa=+0.00 | srch=0.08 | wall=2.57
R7[T2][GIVE_UP   ]: L=+0.99 R=+1.00 | carry=0 | base=0.45 ba=+0.00 | site=0 sd=0.00 sa=+0.00 | phero=0 pd=0.00 pa=+0.00 | srch=0.72 | wall=1.80
R8[T2][RTB       ]: L=+1.00 R=+1.00 | carry=1 | base=0.21 ba=+0.00 | site=0 sd=0.00 sa=+0.00 | phero=0 pd=0.00 pa=+0.00 | srch=0.00 | wall=2.45
R9[T3][EXPLORE   ]: L=+0.92 R=+1.00 | carry=0 | base=0.09 ba=-0.66 | site=0 sd=0.00 sa=+0.00 | phero=0 pd=0.00 pa=+0.00 | srch=0.68 | wall=3.10
R10[T3][SITE      ]: L=+1.00 R=+1.00 | carry=0 | base=0.23 ba=-0.98 | site=1 sd=0.53 sa=+0.27 | phero=0 pd=0.00 pa=+0.00 | srch=0.09 | wall=2.37
R11[T3][EXPLORE   ]: L=+1.00 R=+1.00 | carry=0 | base=0.63 ba=-0.67 | site=0 sd=0.00 sa=+0.00 | phero=0 pd=0.00 pa=+0.00 | srch=1.00 | wall=0.40
R12[T3][SITE      ]: L=+0.98 R=+1.00 | carry=0 | base=0.47 ba=+0.83 | site=1 sd=0.15 sa=+0.04 | phero=0 pd=0.00 pa=+0.00 | srch=0.18 | wall=1.56

[GIVE-UP] R5 giving up after 2365 steps
[EMPTY_RTN] R2 → phero(-0.23,2.17)
[PICKUP] Robot 12 picked up tag (density=8) | Total: 133
[GIVE-UP] R9 giving up after 2964 steps
[DEPOSIT] Robot 8 deposited! Total: 131
  [PHERO] Laid at (-0.28, 2.43) density=9 prob=1.00 total_entries=19
  [TARGET] Robot 8 → SITE (-0.28,2.43)
[EMPTY_RTN] R9 → phero(-0.28,2.43)
[DEPOSIT] Robot 4 deposited! Total: 132
  [PHERO] Laid at (-0.28, 2.27) density=8 prob=1.00 total_entries=19
  [TARGET] Robot 4 → SITE (-0.28,2.27)

======================================================================
Step 25500 (13.6 min) | Pickups: 133 | Deposits: 132 | Rate: 9.71 tags/min | phero_entries=19 phero_max=0.941
======================================================================
R1[T1][SITE      ]: L=+0.87 R=+1.00 | carry=0 | base=0.60 ba=+0.62 | site=1 sd=0.17 sa=+0.55 | phero=0 pd=0.00 pa=+0.00 | srch=0.22 | wall=0.60
R2[T1][PHERO     ]: L=+1.00 R=+0.99 | carry=0 | base=0.16 ba=-0.69 | site=0 sd=0.00 sa=+0.00 | phero=1 pd=0.35 pa=-0.05 | srch=0.08 | wall=2.89
R3[T1][SITE      ]: L=+0.55 R=+0.55 | carry=0 | base=0.21 ba=-0.99 | site=1 sd=0.38 sa=+0.01 | phero=0 pd=0.00 pa=+0.00 | srch=0.15 | wall=2.50
R4[T1][BASE_ESC  ]: L=+0.00 R=+1.00 | carry=0 | base=0.05 ba=-0.35 | site=1 sd=0.42 sa=+0.68 | phero=0 pd=0.00 pa=+0.00 | srch=0.01 | wall=3.28
R5[T2][GIVE_UP   ]: L=+1.00 R=+1.00 | carry=0 | base=0.39 ba=+0.00 | site=0 sd=0.00 sa=+0.00 | phero=0 pd=0.00 pa=+0.00 | srch=0.68 | wall=1.70
R6[T2][SITE      ]: L=+0.44 R=+1.00 | carry=0 | base=0.51 ba=-0.90 | site=1 sd=0.01 sa=+0.18 | phero=0 pd=0.00 pa=+0.00 | srch=0.20 | wall=1.06
R7[T2][GIVE_UP   ]: L=+1.00 R=+1.00 | carry=0 | base=0.06 ba=+0.00 | site=0 sd=0.00 sa=+0.00 | phero=0 pd=0.00 pa=+0.00 | srch=0.84 | wall=3.26
R8[T2][BASE_ESC  ]: L=+1.00 R=+0.00 | carry=0 | base=0.03 ba=+0.73 | site=1 sd=0.46 sa=-0.33 | phero=0 pd=0.00 pa=+0.00 | srch=0.03 | wall=3.34
R9[T3][BASE_ESC  ]: L=+1.00 R=+0.00 | carry=0 | base=0.05 ba=+0.36 | site=0 sd=0.00 sa=+0.00 | phero=1 pd=0.45 pa=-0.78 | srch=0.01 | wall=3.30
R10[T3][SITE      ]: L=+1.00 R=+1.00 | carry=0 | base=0.61 ba=+0.82 | site=1 sd=0.34 sa=+0.30 | phero=0 pd=0.00 pa=+0.00 | srch=0.21 | wall=0.57
R11[T3][EXPLORE   ]: L=-0.10 R=+0.39 | carry=0 | base=0.62 ba=-0.28 | site=0 sd=0.00 sa=+0.00 | phero=0 pd=0.00 pa=+0.00 | srch=1.00 | wall=0.50
R12[T3][RTB       ]: L=+1.00 R=+1.00 | carry=1 | base=0.44 ba=+0.00 | site=0 sd=0.00 sa=+0.00 | phero=0 pd=0.00 pa=+0.00 | srch=0.00 | wall=1.52

[EMPTY_RTN] R7 → phero(-0.28,2.43)
[GIVE-UP] R6 giving up after 1039 steps
[EMPTY_RTN] R5 → phero(-0.62,-2.50)
[PICKUP] Robot 3 picked up tag (density=5) | Total: 134
[DEPOSIT] Robot 12 deposited! Total: 133
  [PHERO] Laid at (-1.27, -2.68) density=8 prob=1.00 total_entries=18
  [TARGET] Robot 12 → SITE (-1.27,-2.68)

======================================================================
Step 26000 (13.9 min) | Pickups: 134 | Deposits: 133 | Rate: 9.59 tags/min | phero_entries=18 phero_max=0.995
======================================================================
R1[T1][SITE      ]: L=+0.77 R=+1.00 | carry=0 | base=0.42 ba=-0.04 | site=1 sd=0.18 sa=+0.43 | phero=0 pd=0.00 pa=+0.00 | srch=0.35 | wall=1.99
R2[T1][EXPLORE   ]: L=+1.00 R=+1.00 | carry=0 | base=0.45 ba=-0.64 | site=0 sd=0.00 sa=+0.00 | phero=0 pd=0.00 pa=+0.00 | srch=0.20 | wall=1.26
R3[T1][RTB       ]: L=+0.00 R=+1.00 | carry=1 | base=0.51 ba=+0.63 | site=0 sd=0.00 sa=+0.00 | phero=0 pd=0.00 pa=+0.00 | srch=0.00 | wall=1.04
R4[T1][SITE      ]: L=+1.00 R=+1.00 | carry=0 | base=0.36 ba=+0.89 | site=1 sd=0.12 sa=+0.08 | phero=0 pd=0.00 pa=+0.00 | srch=0.13 | wall=1.72
R5[T2][BASE_ESC  ]: L=+1.00 R=+0.00 | carry=0 | base=0.04 ba=+0.57 | site=0 sd=0.00 sa=+0.00 | phero=1 pd=0.55 pa=+0.82 | srch=0.02 | wall=3.30
R6[T2][GIVE_UP   ]: L=+1.00 R=+1.00 | carry=0 | base=0.37 ba=-0.00 | site=0 sd=0.00 sa=+0.00 | phero=0 pd=0.00 pa=+0.00 | srch=0.33 | wall=1.78
R7[T2][BASE_ESC  ]: L=+0.17 R=+1.00 | carry=0 | base=0.05 ba=-0.79 | site=0 sd=0.00 sa=+0.00 | phero=1 pd=0.52 pa=-0.46 | srch=0.12 | wall=3.29
R8[T2][SITE      ]: L=+1.00 R=+1.00 | carry=0 | base=0.37 ba=+1.00 | site=1 sd=0.12 sa=+0.08 | phero=0 pd=0.00 pa=+0.00 | srch=0.15 | wall=1.65
R9[T3][PHERO     ]: L=-0.14 R=+0.22 | carry=0 | base=0.31 ba=-0.96 | site=0 sd=0.00 sa=+0.00 | phero=1 pd=0.19 pa=-0.10 | srch=0.14 | wall=2.00
R10[T3][SITE      ]: L=+1.00 R=+1.00 | carry=0 | base=0.70 ba=+0.69 | site=1 sd=0.05 sa=+0.07 | phero=0 pd=0.00 pa=+0.00 | srch=0.34 | wall=0.76
R11[T3][EXPLORE   ]: L=+1.00 R=+0.42 | carry=0 | base=0.62 ba=-0.91 | site=0 sd=0.00 sa=+0.00 | phero=0 pd=0.00 pa=+0.00 | srch=1.00 | wall=0.50
R12[T3][BASE_ESC  ]: L=+1.00 R=+0.00 | carry=0 | base=0.05 ba=+0.04 | site=1 sd=0.55 sa=-0.97 | phero=0 pd=0.00 pa=+0.00 | srch=0.00 | wall=3.28

[PICKUP] Robot 10 picked up tag (density=8) | Total: 135
[PICKUP] Robot 9 picked up tag (density=7) | Total: 136
[PICKUP] Robot 4 picked up tag (density=6) | Total: 137
[EMPTY_RTN] R6 → phero(-1.27,-2.68)

======================================================================
Step 26500 (14.1 min) | Pickups: 137 | Deposits: 133 | Rate: 9.41 tags/min | phero_entries=16 phero_max=0.447
======================================================================
R1[T1][EXPLORE   ]: L=+1.00 R=+1.00 | carry=0 | base=0.44 ba=+0.34 | site=0 sd=0.00 sa=+0.00 | phero=0 pd=0.00 pa=+0.00 | srch=0.47 | wall=1.50
R2[T1][WALL_ESC  ]: L=+1.00 R=+0.00 | carry=0 | base=0.70 ba=-0.52 | site=0 sd=0.00 sa=+0.00 | phero=0 pd=0.00 pa=+0.00 | srch=0.33 | wall=0.34
R3[T1][RTB       ]: L=+1.00 R=+1.00 | carry=1 | base=0.18 ba=+0.00 | site=0 sd=0.00 sa=+0.00 | phero=0 pd=0.00 pa=+0.00 | srch=0.00 | wall=2.64
R4[T1][RTB       ]: L=+1.00 R=+1.00 | carry=1 | base=0.27 ba=+0.00 | site=0 sd=0.00 sa=+0.00 | phero=0 pd=0.00 pa=+0.00 | srch=0.00 | wall=2.16
R5[T2][PHERO     ]: L=+1.00 R=+1.00 | carry=0 | base=0.24 ba=-0.89 | site=0 sd=0.00 sa=+0.00 | phero=1 pd=0.31 pa=-0.10 | srch=0.14 | wall=2.34
R6[T2][BASE_ESC  ]: L=+0.05 R=+1.00 | carry=0 | base=0.05 ba=-0.76 | site=0 sd=0.00 sa=+0.00 | phero=1 pd=0.55 pa=+0.25 | srch=0.02 | wall=3.30
R7[T2][PHERO     ]: L=-0.08 R=-0.15 | carry=0 | base=0.05 ba=-0.38 | site=0 sd=0.00 sa=+0.00 | phero=1 pd=0.49 pa=+0.12 | srch=0.25 | wall=3.25
R8[T2][EXPLORE   ]: L=+1.00 R=+0.73 | carry=0 | base=0.62 ba=-0.66 | site=0 sd=0.00 sa=+0.00 | phero=0 pd=0.00 pa=+0.00 | srch=0.28 | wall=0.52
R9[T3][RTB       ]: L=+1.00 R=+1.00 | carry=1 | base=0.27 ba=+0.00 | site=0 sd=0.00 sa=+0.00 | phero=0 pd=0.00 pa=+0.00 | srch=0.00 | wall=2.25
R10[T3][RTB       ]: L=+1.00 R=+1.00 | carry=1 | base=0.44 ba=+0.00 | site=0 sd=0.00 sa=+0.00 | phero=0 pd=0.00 pa=+0.00 | srch=0.00 | wall=1.90
R11[T3][EXPLORE   ]: L=+0.73 R=+0.96 | carry=0 | base=0.49 ba=-0.94 | site=0 sd=0.00 sa=+0.00 | phero=0 pd=0.00 pa=+0.00 | srch=1.00 | wall=1.35
R12[T3][SITE      ]: L=+1.00 R=+1.00 | carry=0 | base=0.32 ba=-0.97 | site=1 sd=0.29 sa=+0.19 | phero=0 pd=0.00 pa=+0.00 | srch=0.13 | wall=2.25

[DEPOSIT] Robot 3 deposited! Total: 134
  [PHERO] Laid at (-0.56, -2.43) density=5 prob=0.92 total_entries=16
  [TARGET] Robot 3 → SITE (-0.56,-2.43)
[DEPOSIT] Robot 9 deposited! Total: 135
  [PHERO] Laid at (-0.58, 2.05) density=7 prob=0.99 total_entries=17
  [TARGET] Robot 9 → SITE (-0.58,2.05)
[DEPOSIT] Robot 4 deposited! Total: 136
  [PHERO] Laid at (-0.29, 2.30) density=6 prob=0.97 total_entries=18
  [TARGET] Robot 4 → SITE (-0.29,2.30)
[PICKUP] Robot 12 picked up tag (density=7) | Total: 138

======================================================================
Step 27000 (14.4 min) | Pickups: 138 | Deposits: 136 | Rate: 9.44 tags/min | phero_entries=15 phero_max=0.738
======================================================================
R1[T1][EXPLORE   ]: L=+1.00 R=+1.00 | carry=0 | base=0.42 ba=+0.64 | site=0 sd=0.00 sa=+0.00 | phero=0 pd=0.00 pa=+0.00 | srch=0.60 | wall=1.48
R2[T1][EXPLORE   ]: L=+1.00 R=+1.00 | carry=0 | base=0.64 ba=-0.52 | site=0 sd=0.00 sa=+0.00 | phero=0 pd=0.00 pa=+0.00 | srch=0.45 | wall=0.86
R3[T1][SITE      ]: L=+0.87 R=+0.87 | carry=0 | base=0.20 ba=-0.98 | site=1 sd=0.31 sa=+0.05 | phero=0 pd=0.00 pa=+0.00 | srch=0.08 | wall=2.56
R4[T1][SITE      ]: L=+1.00 R=+1.00 | carry=0 | base=0.09 ba=-0.86 | site=1 sd=0.38 sa=+0.13 | phero=0 pd=0.00 pa=+0.00 | srch=0.05 | wall=3.08
R5[T2][PHERO     ]: L=+1.00 R=+0.94 | carry=0 | base=0.60 ba=-0.77 | site=0 sd=0.00 sa=+0.00 | phero=1 pd=0.10 pa=-0.58 | srch=0.27 | wall=0.55
R6[T2][PHERO     ]: L=+1.00 R=+1.00 | carry=0 | base=0.41 ba=+0.99 | site=0 sd=0.00 sa=+0.00 | phero=1 pd=0.19 pa=-0.09 | srch=0.15 | wall=1.60
R7[T2][PHERO     ]: L=+1.00 R=+1.00 | carry=0 | base=0.19 ba=-0.96 | site=0 sd=0.00 sa=+0.00 | phero=1 pd=0.30 pa=+0.10 | srch=0.37 | wall=2.55
R8[T2][EXPLORE   ]: L=+1.00 R=+0.20 | carry=0 | base=0.58 ba=+0.97 | site=0 sd=0.00 sa=+0.00 | phero=0 pd=0.00 pa=+0.00 | srch=0.40 | wall=0.63
R9[T3][SITE      ]: L=+1.00 R=+1.00 | carry=0 | base=0.10 ba=-0.99 | site=1 sd=0.33 sa=+0.10 | phero=0 pd=0.00 pa=+0.00 | srch=0.05 | wall=3.01
R10[T3][RTB       ]: L=+1.00 R=+1.00 | carry=1 | base=0.05 ba=+0.00 | site=0 sd=0.00 sa=+0.00 | phero=0 pd=0.00 pa=+0.00 | srch=0.00 | wall=3.31
R11[T3][EXPLORE   ]: L=-0.37 R=+0.90 | carry=0 | base=0.70 ba=-0.51 | site=0 sd=0.00 sa=+0.00 | phero=0 pd=0.00 pa=+0.00 | srch=1.00 | wall=0.38
R12[T3][RTB       ]: L=+0.26 R=+1.00 | carry=1 | base=0.62 ba=+0.29 | site=0 sd=0.00 sa=+0.00 | phero=0 pd=0.00 pa=+0.00 | srch=0.00 | wall=0.84

[DEPOSIT] Robot 10 deposited! Total: 137
  [PHERO] Laid at (2.72, 2.36) density=8 prob=1.00 total_entries=16
  [TARGET] Robot 10 → SITE (2.72,2.36)
[PICKUP] Robot 5 picked up tag (density=6) | Total: 139
[GIVE-UP] R8 giving up after 1860 steps
[PICKUP] Robot 3 picked up tag (density=4) | Total: 140
[PICKUP] Robot 9 picked up tag (density=5) | Total: 141

======================================================================
Step 27500 (14.7 min) | Pickups: 141 | Deposits: 137 | Rate: 9.34 tags/min | phero_entries=14 phero_max=0.451
======================================================================
R1[T1][WALL_ESC  ]: L=+0.00 R=+1.00 | carry=0 | base=0.66 ba=+0.50 | site=0 sd=0.00 sa=+0.00 | phero=0 pd=0.00 pa=+0.00 | srch=0.72 | wall=0.34
R2[T1][EXPLORE   ]: L=+1.00 R=+1.00 | carry=0 | base=0.53 ba=-0.21 | site=0 sd=0.00 sa=+0.00 | phero=0 pd=0.00 pa=+0.00 | srch=0.58 | wall=0.93
R3[T1][RTB       ]: L=+0.00 R=+1.00 | carry=1 | base=0.52 ba=+0.50 | site=0 sd=0.00 sa=+0.00 | phero=0 pd=0.00 pa=+0.00 | srch=0.00 | wall=0.97
R4[T1][SITE      ]: L=+1.00 R=+1.00 | carry=0 | base=0.44 ba=+0.78 | site=1 sd=0.05 sa=+0.14 | phero=0 pd=0.00 pa=+0.00 | srch=0.17 | wall=1.31
R5[T2][RTB       ]: L=+1.00 R=+1.00 | carry=1 | base=0.45 ba=-0.00 | site=0 sd=0.00 sa=+0.00 | phero=0 pd=0.00 pa=+0.00 | srch=0.00 | wall=1.50
R6[T2][EXPLORE   ]: L=+1.00 R=+1.00 | carry=0 | base=0.59 ba=+0.53 | site=0 sd=0.00 sa=+0.00 | phero=0 pd=0.00 pa=+0.00 | srch=0.27 | wall=0.85
R7[T2][PHERO     ]: L=+0.03 R=+1.00 | carry=0 | base=0.51 ba=+0.74 | site=0 sd=0.00 sa=+0.00 | phero=1 pd=0.06 pa=+0.33 | srch=0.50 | wall=0.98
R8[T2][GIVE_UP   ]: L=+1.00 R=+1.00 | carry=0 | base=0.48 ba=-0.00 | site=0 sd=0.00 sa=+0.00 | phero=0 pd=0.00 pa=+0.00 | srch=0.53 | wall=1.14
R9[T3][RTB       ]: L=+0.00 R=+1.00 | carry=1 | base=0.44 ba=+0.43 | site=0 sd=0.00 sa=+0.00 | phero=0 pd=0.00 pa=+0.00 | srch=0.00 | wall=1.38
R10[T3][SITE      ]: L=+1.00 R=+0.99 | carry=0 | base=0.35 ba=+0.98 | site=1 sd=0.47 sa=-0.33 | phero=0 pd=0.00 pa=+0.00 | srch=0.12 | wall=1.85
R11[T3][EXPLORE   ]: L=+0.54 R=+1.00 | carry=0 | base=0.71 ba=-0.09 | site=0 sd=0.00 sa=+0.00 | phero=0 pd=0.00 pa=+0.00 | srch=1.00 | wall=0.41
R12[T3][RTB       ]: L=+1.00 R=+1.00 | carry=1 | base=0.25 ba=+0.00 | site=0 sd=0.00 sa=+0.00 | phero=0 pd=0.00 pa=+0.00 | srch=0.00 | wall=2.42

[PICKUP] Robot 4 picked up tag (density=4) | Total: 142
[PICKUP] Robot 7 picked up tag (density=3) | Total: 143
[DEPOSIT] Robot 12 deposited! Total: 138
  [PHERO] Laid at (-1.58, -2.65) density=7 prob=0.99 total_entries=15
  [TARGET] Robot 12 → SITE (-1.58,-2.65)
[GIVE-UP] R8 giving up after 2406 steps

======================================================================
Step 28000 (14.9 min) | Pickups: 143 | Deposits: 138 | Rate: 9.24 tags/min | phero_entries=14 phero_max=0.677
======================================================================
R1[T1][EXPLORE   ]: L=+1.00 R=+1.00 | carry=0 | base=0.53 ba=+0.47 | site=0 sd=0.00 sa=+0.00 | phero=0 pd=0.00 pa=+0.00 | srch=0.85 | wall=1.53
R2[T1][EXPLORE   ]: L=+1.00 R=+1.00 | carry=0 | base=0.33 ba=-0.48 | site=0 sd=0.00 sa=+0.00 | phero=0 pd=0.00 pa=+0.00 | srch=0.70 | wall=2.21
R3[T1][RTB       ]: L=+1.00 R=+1.00 | carry=1 | base=0.18 ba=+0.00 | site=0 sd=0.00 sa=+0.00 | phero=0 pd=0.00 pa=+0.00 | srch=0.00 | wall=2.64
R4[T1][RTB       ]: L=+1.00 R=+1.00 | carry=1 | base=0.21 ba=+0.00 | site=0 sd=0.00 sa=+0.00 | phero=0 pd=0.00 pa=+0.00 | srch=0.00 | wall=2.47
R5[T2][RTB       ]: L=+1.00 R=+1.00 | carry=1 | base=0.06 ba=-0.00 | site=0 sd=0.00 sa=+0.00 | phero=0 pd=0.00 pa=+0.00 | srch=0.00 | wall=3.22
R6[T2][EXPLORE   ]: L=+1.00 R=+1.00 | carry=0 | base=0.55 ba=+0.30 | site=0 sd=0.00 sa=+0.00 | phero=0 pd=0.00 pa=+0.00 | srch=0.40 | wall=0.81
R7[T2][RTB       ]: L=+1.00 R=+1.00 | carry=1 | base=0.23 ba=+0.00 | site=0 sd=0.00 sa=+0.00 | phero=0 pd=0.00 pa=+0.00 | srch=0.00 | wall=2.39
R8[T2][GIVE_UP   ]: L=+1.00 R=+1.00 | carry=0 | base=0.09 ba=-0.00 | site=0 sd=0.00 sa=+0.00 | phero=0 pd=0.00 pa=+0.00 | srch=0.65 | wall=3.06
R9[T3][RTB       ]: L=+1.00 R=+1.00 | carry=1 | base=0.08 ba=+0.00 | site=0 sd=0.00 sa=+0.00 | phero=0 pd=0.00 pa=+0.00 | srch=0.00 | wall=3.10
R10[T3][SITE      ]: L=+1.00 R=+0.96 | carry=0 | base=0.65 ba=-0.74 | site=1 sd=0.14 sa=-0.09 | phero=0 pd=0.00 pa=+0.00 | srch=0.25 | wall=1.01
R11[T3][EXPLORE   ]: L=+1.00 R=+1.00 | carry=0 | base=0.61 ba=+0.20 | site=0 sd=0.00 sa=+0.00 | phero=0 pd=0.00 pa=+0.00 | srch=1.00 | wall=0.71
R12[T3][SITE      ]: L=+1.00 R=+0.98 | carry=0 | base=0.15 ba=-0.96 | site=1 sd=0.48 sa=-0.07 | phero=0 pd=0.00 pa=+0.00 | srch=0.06 | wall=2.79

[DEPOSIT] Robot 5 deposited! Total: 139
  [PHERO] Laid at (-1.25, -2.76) density=6 prob=0.97 total_entries=15
  [TARGET] Robot 5 → SITE (-1.25,-2.76)
[DEPOSIT] Robot 9 deposited! Total: 140
  [PHERO] Laid at (-0.45, 2.12) density=5 prob=0.92 total_entries=16
  [TARGET] Robot 9 → SITE (-0.45,2.12)
[EMPTY_RTN] R8 → phero(-1.25,-2.76)
[PICKUP] Robot 10 picked up tag (density=7) | Total: 144
TIMEOUT_RESULT pickups=144 deposits=140 steps=28125 elapsed_min=15.000000
BATCH_RESULT pickups=144 deposits=140
