Gym has been unmaintained since 2022 and does not support NumPy 2.0 amongst other critical functionality.
Please upgrade to Gymnasium, the maintained drop-in replacement of Gym, or contact the authors of your software and request that they upgrade.
Users of this version of Gym should be able to simply replace 'import gym' with 'import gymnasium as gym' in the vast majority of cases.
See the migration guide at https://gymnasium.farama.org/introduction/migration_guide/ for additional information.
============================================================
EVALUATION MODE — CPFA-RL Trained Model
Arena: 7×7m  |  Robots: 8  (teams of 4: 2)  |  Tags: 128
Obs per team: 18 × 4 = 72  |  Total obs dim: 144
============================================================

Loading model: ppo_cpfa_v9
Model loaded. Starting evaluation...

============================================================


======================================================================
Step 500 (0.3 min) | Pickups: 0 | Deposits: 0 | Rate: 0.00 tags/min | phero_entries=0 phero_max=0.000
======================================================================
R1[T1][EXPLORE   ]: L=+1.00 R=+1.00 | carry=0 | base=0.49 ba=+1.00 | site=0 sd=0.00 sa=+0.00 | phero=0 pd=0.00 pa=+0.00 | srch=0.12 | wall=1.08
R2[T1][EXPLORE   ]: L=+1.00 R=+1.00 | carry=0 | base=0.46 ba=-0.95 | site=0 sd=0.00 sa=+0.00 | phero=0 pd=0.00 pa=+0.00 | srch=0.12 | wall=1.25
R3[T1][EXPLORE   ]: L=+1.00 R=+1.00 | carry=0 | base=0.37 ba=-0.89 | site=0 sd=0.00 sa=+0.00 | phero=0 pd=0.00 pa=+0.00 | srch=0.12 | wall=1.68
R4[T1][EXPLORE   ]: L=+1.00 R=+0.51 | carry=0 | base=0.05 ba=+0.23 | site=0 sd=0.00 sa=+0.00 | phero=0 pd=0.00 pa=+0.00 | srch=0.12 | wall=3.24
R5[T2][EXPLORE   ]: L=+1.00 R=+1.00 | carry=0 | base=0.30 ba=-0.98 | site=0 sd=0.00 sa=+0.00 | phero=0 pd=0.00 pa=+0.00 | srch=0.12 | wall=2.25
R6[T2][EXPLORE   ]: L=+1.00 R=+1.00 | carry=0 | base=0.31 ba=+0.93 | site=0 sd=0.00 sa=+0.00 | phero=0 pd=0.00 pa=+0.00 | srch=0.12 | wall=1.96
R7[T2][EXPLORE   ]: L=+1.00 R=+1.00 | carry=0 | base=0.40 ba=+0.92 | site=0 sd=0.00 sa=+0.00 | phero=0 pd=0.00 pa=+0.00 | srch=0.12 | wall=1.58
R8[T2][EXPLORE   ]: L=+1.00 R=+1.00 | carry=0 | base=0.46 ba=+0.95 | site=0 sd=0.00 sa=+0.00 | phero=0 pd=0.00 pa=+0.00 | srch=0.12 | wall=1.23

[PICKUP] Robot 8 picked up tag (density=16) | Total: 1
[PICKUP] Robot 3 picked up tag (density=15) | Total: 2
[PICKUP] Robot 6 picked up tag (density=14) | Total: 3
[PICKUP] Robot 2 picked up tag (density=13) | Total: 4

======================================================================
Step 1000 (0.5 min) | Pickups: 4 | Deposits: 0 | Rate: 0.00 tags/min | phero_entries=0 phero_max=0.000
======================================================================
R1[T1][EXPLORE   ]: L=+1.00 R=+1.00 | carry=0 | base=0.51 ba=+0.15 | site=0 sd=0.00 sa=+0.00 | phero=0 pd=0.00 pa=+0.00 | srch=0.25 | wall=0.97
R2[T1][RTB       ]: L=+1.00 R=+0.68 | carry=1 | base=0.54 ba=-0.12 | site=0 sd=0.00 sa=+0.00 | phero=0 pd=0.00 pa=+0.00 | srch=0.00 | wall=0.82
R3[T1][RTB       ]: L=+1.00 R=+1.00 | carry=1 | base=0.28 ba=-0.00 | site=0 sd=0.00 sa=+0.00 | phero=0 pd=0.00 pa=+0.00 | srch=0.00 | wall=2.13
R4[T1][EXPLORE   ]: L=+1.00 R=+0.80 | carry=0 | base=0.10 ba=-0.83 | site=0 sd=0.00 sa=+0.00 | phero=0 pd=0.00 pa=+0.00 | srch=0.25 | wall=3.00
R5[T2][EXPLORE   ]: L=+1.00 R=+1.00 | carry=0 | base=0.68 ba=-0.99 | site=0 sd=0.00 sa=+0.00 | phero=0 pd=0.00 pa=+0.00 | srch=0.25 | wall=0.67
R6[T2][RTB       ]: L=+1.00 R=+0.97 | carry=1 | base=0.40 ba=-0.01 | site=0 sd=0.00 sa=+0.00 | phero=0 pd=0.00 pa=+0.00 | srch=0.00 | wall=1.53
R7[T2][EXPLORE   ]: L=+0.37 R=+1.00 | carry=0 | base=0.39 ba=+0.12 | site=0 sd=0.00 sa=+0.00 | phero=0 pd=0.00 pa=+0.00 | srch=0.25 | wall=1.60
R8[T2][RTB       ]: L=+1.00 R=+1.00 | carry=1 | base=0.24 ba=+0.00 | site=0 sd=0.00 sa=+0.00 | phero=0 pd=0.00 pa=+0.00 | srch=0.00 | wall=2.32

[PICKUP] Robot 4 picked up tag (density=16) | Total: 5
[DEPOSIT] Robot 8 deposited! Total: 1
  [PHERO] Laid at (2.31, -0.35) density=16 prob=1.00 total_entries=1
  [TARGET] Robot 8 → SITE (2.31,-0.35)
[DEPOSIT] Robot 3 deposited! Total: 2
  [PHERO] Laid at (2.32, -0.21) density=15 prob=1.00 total_entries=2
  [TARGET] Robot 3 → SITE (2.32,-0.21)
[DEPOSIT] Robot 4 deposited! Total: 3
  [PHERO] Laid at (0.50, -0.56) density=16 prob=1.00 total_entries=3
  [TARGET] Robot 4 → SITE (0.50,-0.56)
[PICKUP] Robot 1 picked up tag (density=16) | Total: 6
[DEPOSIT] Robot 6 deposited! Total: 4
  [PHERO] Laid at (2.40, -0.21) density=14 prob=1.00 total_entries=4
  [TARGET] Robot 6 → SITE (2.40,-0.21)

======================================================================
Step 1500 (0.8 min) | Pickups: 6 | Deposits: 4 | Rate: 5.00 tags/min | phero_entries=4 phero_max=0.931
======================================================================
R1[T1][RTB       ]: L=+0.98 R=+1.00 | carry=1 | base=0.22 ba=+0.01 | site=0 sd=0.00 sa=+0.00 | phero=0 pd=0.00 pa=+0.00 | srch=0.00 | wall=2.70
R2[T1][RTB       ]: L=+1.00 R=+1.00 | carry=1 | base=0.16 ba=-0.00 | site=0 sd=0.00 sa=+0.00 | phero=0 pd=0.00 pa=+0.00 | srch=0.00 | wall=2.72
R3[T1][SITE      ]: L=+0.99 R=+0.98 | carry=0 | base=0.11 ba=+0.94 | site=1 sd=0.36 sa=-0.01 | phero=0 pd=0.00 pa=+0.00 | srch=0.05 | wall=2.95
R4[T1][SITE      ]: L=+0.89 R=+1.00 | carry=0 | base=0.09 ba=-0.98 | site=1 sd=0.09 sa=+0.36 | phero=0 pd=0.00 pa=+0.00 | srch=0.04 | wall=3.07
R5[T2][EXPLORE   ]: L=+1.00 R=+1.00 | carry=0 | base=0.66 ba=-0.41 | site=0 sd=0.00 sa=+0.00 | phero=0 pd=0.00 pa=+0.00 | srch=0.38 | wall=0.94
R6[T2][BASE_ESC  ]: L=+1.00 R=+0.00 | carry=0 | base=0.04 ba=+0.39 | site=1 sd=0.44 sa=-0.62 | phero=0 pd=0.00 pa=+0.00 | srch=0.01 | wall=3.28
R7[T2][EXPLORE   ]: L=+1.00 R=+1.00 | carry=0 | base=0.52 ba=+0.79 | site=0 sd=0.00 sa=+0.00 | phero=0 pd=0.00 pa=+0.00 | srch=0.38 | wall=0.97
R8[T2][SITE      ]: L=+1.00 R=+1.00 | carry=0 | base=0.16 ba=-0.98 | site=1 sd=0.33 sa=-0.14 | phero=0 pd=0.00 pa=+0.00 | srch=0.06 | wall=2.72

[PICKUP] Robot 7 picked up tag (density=16) | Total: 7
[PICKUP] Robot 4 picked up tag (density=15) | Total: 8
[DEPOSIT] Robot 2 deposited! Total: 5
  [PHERO] Laid at (2.69, -0.12) density=13 prob=1.00 total_entries=5
  [TARGET] Robot 2 → SITE (2.69,-0.12)
[DEPOSIT] Robot 1 deposited! Total: 6
  [PHERO] Laid at (1.03, 0.82) density=16 prob=1.00 total_entries=6
  [TARGET] Robot 1 → SITE (1.03,0.82)
[DEPOSIT] Robot 4 deposited! Total: 7
  [PHERO] Laid at (0.25, -0.73) density=15 prob=1.00 total_entries=7
  [TARGET] Robot 4 → SITE (0.25,-0.73)
[PICKUP] Robot 8 picked up tag (density=12) | Total: 9

======================================================================
Step 2000 (1.1 min) | Pickups: 9 | Deposits: 7 | Rate: 6.56 tags/min | phero_entries=7 phero_max=0.766
======================================================================
R1[T1][SITE      ]: L=+0.58 R=+0.58 | carry=0 | base=0.14 ba=-0.93 | site=1 sd=0.13 sa=+0.02 | phero=0 pd=0.00 pa=+0.00 | srch=0.07 | wall=3.00
R2[T1][SITE      ]: L=+1.00 R=+1.00 | carry=0 | base=0.23 ba=+0.98 | site=1 sd=0.32 sa=-0.00 | phero=0 pd=0.00 pa=+0.00 | srch=0.09 | wall=2.37
R3[T1][SITE      ]: L=+0.31 R=+0.31 | carry=0 | base=0.36 ba=-0.98 | site=1 sd=0.11 sa=+0.01 | phero=0 pd=0.00 pa=+0.00 | srch=0.17 | wall=1.73
R4[T1][SITE      ]: L=+1.00 R=+0.96 | carry=0 | base=0.07 ba=-0.83 | site=1 sd=0.09 sa=+0.02 | phero=0 pd=0.00 pa=+0.00 | srch=0.04 | wall=3.21
R5[T2][EXPLORE   ]: L=+1.00 R=+1.00 | carry=0 | base=0.61 ba=-0.27 | site=0 sd=0.00 sa=+0.00 | phero=0 pd=0.00 pa=+0.00 | srch=0.50 | wall=0.52
R6[T2][SITE      ]: L=+1.00 R=+1.00 | carry=0 | base=0.36 ba=-0.86 | site=1 sd=0.15 sa=-0.09 | phero=0 pd=0.00 pa=+0.00 | srch=0.14 | wall=1.72
R7[T2][RTB       ]: L=+1.00 R=+1.00 | carry=1 | base=0.20 ba=+0.00 | site=0 sd=0.00 sa=+0.00 | phero=0 pd=0.00 pa=+0.00 | srch=0.00 | wall=2.50
R8[T2][RTB       ]: L=+1.00 R=+0.00 | carry=1 | base=0.48 ba=-0.63 | site=0 sd=0.00 sa=+0.00 | phero=0 pd=0.00 pa=+0.00 | srch=0.00 | wall=1.17

[PICKUP] Robot 1 picked up tag (density=15) | Total: 10
[PICKUP] Robot 4 picked up tag (density=14) | Total: 11
[DEPOSIT] Robot 7 deposited! Total: 8
  [PHERO] Laid at (2.55, 0.30) density=16 prob=1.00 total_entries=8
  [TARGET] Robot 7 → SITE (2.55,0.30)
[PICKUP] Robot 6 picked up tag (density=11) | Total: 12
[DEPOSIT] Robot 1 deposited! Total: 9
  [PHERO] Laid at (0.55, 0.49) density=15 prob=1.00 total_entries=9
  [TARGET] Robot 1 → SITE (0.55,0.49)
[DEPOSIT] Robot 4 deposited! Total: 10
  [PHERO] Laid at (0.25, -0.79) density=14 prob=1.00 total_entries=10
  [TARGET] Robot 4 → SITE (0.25,-0.79)

======================================================================
Step 2500 (1.3 min) | Pickups: 12 | Deposits: 10 | Rate: 7.50 tags/min | phero_entries=10 phero_max=0.907
======================================================================
R1[T1][SITE      ]: L=+1.00 R=+0.93 | carry=0 | base=0.12 ba=-0.91 | site=1 sd=0.03 sa=+0.02 | phero=0 pd=0.00 pa=+0.00 | srch=0.06 | wall=3.08
R2[T1][EXPLORE   ]: L=+1.00 R=+0.40 | carry=0 | base=0.54 ba=-0.28 | site=0 sd=0.00 sa=+0.00 | phero=0 pd=0.00 pa=+0.00 | srch=0.22 | wall=0.81
R3[T1][SITE      ]: L=-0.08 R=-0.15 | carry=0 | base=0.45 ba=-0.90 | site=1 sd=0.02 sa=-0.03 | phero=0 pd=0.00 pa=+0.00 | srch=0.30 | wall=1.26
R4[T1][BASE_ESC  ]: L=+0.00 R=+1.00 | carry=0 | base=0.04 ba=-0.53 | site=1 sd=0.13 sa=+0.59 | phero=0 pd=0.00 pa=+0.00 | srch=0.02 | wall=3.28
R5[T2][EXPLORE   ]: L=+1.00 R=+1.00 | carry=0 | base=0.46 ba=-0.50 | site=0 sd=0.00 sa=+0.00 | phero=0 pd=0.00 pa=+0.00 | srch=0.62 | wall=1.54
R6[T2][RTB       ]: L=+1.00 R=+1.00 | carry=1 | base=0.33 ba=-0.00 | site=0 sd=0.00 sa=+0.00 | phero=0 pd=0.00 pa=+0.00 | srch=0.00 | wall=1.89
R7[T2][SITE      ]: L=+0.41 R=+0.40 | carry=0 | base=0.11 ba=-0.97 | site=1 sd=0.41 sa=-0.05 | phero=0 pd=0.00 pa=+0.00 | srch=0.08 | wall=2.98
R8[T2][RTB       ]: L=+1.00 R=+1.00 | carry=1 | base=0.15 ba=-0.00 | site=0 sd=0.00 sa=+0.00 | phero=0 pd=0.00 pa=+0.00 | srch=0.00 | wall=2.79

[PICKUP] Robot 2 picked up tag (density=10) | Total: 13
[PICKUP] Robot 1 picked up tag (density=14) | Total: 14
[DEPOSIT] Robot 8 deposited! Total: 11
  [PHERO] Laid at (2.32, -0.37) density=12 prob=1.00 total_entries=11
  [TARGET] Robot 8 → SITE (2.32,-0.37)
[PICKUP] Robot 3 picked up tag (density=9) | Total: 15
[PICKUP] Robot 4 picked up tag (density=13) | Total: 16
[DEPOSIT] Robot 1 deposited! Total: 12
  [PHERO] Laid at (0.61, 0.51) density=14 prob=1.00 total_entries=12
  [TARGET] Robot 1 → SITE (0.61,0.51)
[DEPOSIT] Robot 6 deposited! Total: 13
  [PHERO] Laid at (2.43, -0.24) density=11 prob=1.00 total_entries=13
  [TARGET] Robot 6 → SITE (2.43,-0.24)

======================================================================
Step 3000 (1.6 min) | Pickups: 16 | Deposits: 13 | Rate: 8.12 tags/min | phero_entries=13 phero_max=0.797
======================================================================
R1[T1][SITE      ]: L=+0.93 R=+1.00 | carry=0 | base=0.10 ba=+0.98 | site=1 sd=0.08 sa=+0.28 | phero=0 pd=0.00 pa=+0.00 | srch=0.05 | wall=3.02
R2[T1][RTB       ]: L=+1.00 R=+1.00 | carry=1 | base=0.18 ba=+0.00 | site=0 sd=0.00 sa=+0.00 | phero=0 pd=0.00 pa=+0.00 | srch=0.00 | wall=2.61
R3[T1][RTB       ]: L=+1.00 R=+1.00 | carry=1 | base=0.34 ba=-0.00 | site=0 sd=0.00 sa=+0.00 | phero=0 pd=0.00 pa=+0.00 | srch=0.00 | wall=1.84
R4[T1][RTB       ]: L=+1.00 R=+1.00 | carry=1 | base=0.08 ba=+0.00 | site=0 sd=0.00 sa=+0.00 | phero=0 pd=0.00 pa=+0.00 | srch=0.00 | wall=3.14
R5[T2][EXPLORE   ]: L=+1.00 R=+1.00 | carry=0 | base=0.61 ba=-0.73 | site=0 sd=0.00 sa=+0.00 | phero=0 pd=0.00 pa=+0.00 | srch=0.75 | wall=0.66
R6[T2][SITE      ]: L=+1.00 R=+1.00 | carry=0 | base=0.07 ba=-0.91 | site=1 sd=0.43 sa=+0.25 | phero=0 pd=0.00 pa=+0.00 | srch=0.04 | wall=3.18
R7[T2][SITE      ]: L=+1.00 R=+1.00 | carry=0 | base=0.37 ba=-0.96 | site=1 sd=0.15 sa=+0.02 | phero=0 pd=0.00 pa=+0.00 | srch=0.20 | wall=1.69
R8[T2][SITE      ]: L=+0.98 R=+1.00 | carry=0 | base=0.24 ba=+0.86 | site=1 sd=0.27 sa=+0.10 | phero=0 pd=0.00 pa=+0.00 | srch=0.09 | wall=2.48

[DEPOSIT] Robot 4 deposited! Total: 14
  [PHERO] Laid at (0.25, -0.92) density=13 prob=1.00 total_entries=14
  [TARGET] Robot 4 → SITE (0.25,-0.92)
[PICKUP] Robot 6 picked up tag (density=12) | Total: 17
[PICKUP] Robot 1 picked up tag (density=13) | Total: 18
[DEPOSIT] Robot 2 deposited! Total: 15
  [PHERO] Laid at (2.64, -0.12) density=10 prob=1.00 total_entries=15
  [TARGET] Robot 2 → SITE (2.64,-0.12)
[PICKUP] Robot 7 picked up tag (density=15) | Total: 19
[PICKUP] Robot 5 picked up tag (density=14) | Total: 20
[PICKUP] Robot 4 picked up tag (density=11) | Total: 21
[DEPOSIT] Robot 1 deposited! Total: 16
  [PHERO] Laid at (0.64, 0.54) density=13 prob=1.00 total_entries=16
  [TARGET] Robot 1 → SITE (0.64,0.54)
[DEPOSIT] Robot 3 deposited! Total: 17
  [PHERO] Laid at (2.48, -0.28) density=9 prob=1.00 total_entries=17
  [TARGET] Robot 3 → SITE (2.48,-0.28)
[PICKUP] Robot 8 picked up tag (density=8) | Total: 22
[DEPOSIT] Robot 6 deposited! Total: 18
  [PHERO] Laid at (0.68, -0.57) density=12 prob=1.00 total_entries=18
  [TARGET] Robot 6 → SITE (0.68,-0.57)

======================================================================
Step 3500 (1.9 min) | Pickups: 22 | Deposits: 18 | Rate: 9.64 tags/min | phero_entries=18 phero_max=0.880
======================================================================
R1[T1][SITE      ]: L=+1.00 R=+1.00 | carry=0 | base=0.06 ba=+0.96 | site=1 sd=0.12 sa=-0.25 | phero=0 pd=0.00 pa=+0.00 | srch=0.03 | wall=3.23
R2[T1][SITE      ]: L=+0.67 R=+0.98 | carry=0 | base=0.20 ba=-1.00 | site=1 sd=0.34 sa=-0.09 | phero=0 pd=0.00 pa=+0.00 | srch=0.08 | wall=2.54
R3[T1][SITE      ]: L=-0.11 R=+1.00 | carry=0 | base=0.05 ba=+0.95 | site=1 sd=0.46 sa=+0.06 | phero=0 pd=0.00 pa=+0.00 | srch=0.03 | wall=3.26
R4[T1][RTB       ]: L=+1.00 R=+0.95 | carry=1 | base=0.14 ba=-0.02 | site=0 sd=0.00 sa=+0.00 | phero=0 pd=0.00 pa=+0.00 | srch=0.00 | wall=2.83
R5[T2][RTB       ]: L=+1.00 R=+1.00 | carry=1 | base=0.41 ba=-0.00 | site=0 sd=0.00 sa=+0.00 | phero=0 pd=0.00 pa=+0.00 | srch=0.00 | wall=1.49
R6[T2][BASE_ESC  ]: L=+0.00 R=+1.00 | carry=0 | base=0.04 ba=-0.71 | site=1 sd=0.14 sa=+0.42 | phero=0 pd=0.00 pa=+0.00 | srch=0.02 | wall=3.31
R7[T2][RTB       ]: L=+1.00 R=+1.00 | carry=1 | base=0.40 ba=+0.00 | site=0 sd=0.00 sa=+0.00 | phero=0 pd=0.00 pa=+0.00 | srch=0.00 | wall=1.55
R8[T2][RTB       ]: L=+0.87 R=+1.00 | carry=1 | base=0.48 ba=+0.05 | site=0 sd=0.00 sa=+0.00 | phero=0 pd=0.00 pa=+0.00 | srch=0.00 | wall=1.19

[DEPOSIT] Robot 4 deposited! Total: 19
  [PHERO] Laid at (0.26, -0.83) density=11 prob=1.00 total_entries=19
  [TARGET] Robot 4 → SITE (0.26,-0.83)
[PICKUP] Robot 6 picked up tag (density=10) | Total: 23
[PICKUP] Robot 1 picked up tag (density=12) | Total: 24
[DEPOSIT] Robot 6 deposited! Total: 20
  [PHERO] Laid at (0.53, -0.56) density=10 prob=1.00 total_entries=20
  [TARGET] Robot 6 → SITE (0.53,-0.56)
[DEPOSIT] Robot 1 deposited! Total: 21
  [PHERO] Laid at (0.64, 0.56) density=12 prob=1.00 total_entries=21
  [TARGET] Robot 1 → SITE (0.64,0.56)

======================================================================
Step 4000 (2.1 min) | Pickups: 24 | Deposits: 21 | Rate: 9.84 tags/min | phero_entries=21 phero_max=0.900
======================================================================
R1[T1][BASE_ESC  ]: L=+0.00 R=+1.00 | carry=0 | base=0.04 ba=-0.56 | site=1 sd=0.13 sa=+0.56 | phero=0 pd=0.00 pa=+0.00 | srch=0.02 | wall=3.30
R2[T1][SITE      ]: L=+1.00 R=+1.00 | carry=0 | base=0.23 ba=-0.93 | site=1 sd=0.31 sa=+0.03 | phero=0 pd=0.00 pa=+0.00 | srch=0.21 | wall=2.37
R3[T1][SITE      ]: L=+0.49 R=+0.51 | carry=0 | base=0.38 ba=-0.95 | site=1 sd=0.13 sa=-0.04 | phero=0 pd=0.00 pa=+0.00 | srch=0.16 | wall=1.62
R4[T1][EXPLORE   ]: L=+1.00 R=+0.63 | carry=0 | base=0.21 ba=-0.86 | site=0 sd=0.00 sa=+0.00 | phero=0 pd=0.00 pa=+0.00 | srch=0.10 | wall=2.50
R5[T2][RTB       ]: L=+1.00 R=+1.00 | carry=1 | base=0.06 ba=-0.00 | site=0 sd=0.00 sa=+0.00 | phero=0 pd=0.00 pa=+0.00 | srch=0.00 | wall=3.19
R6[T2][BASE_ESC  ]: L=+1.00 R=+0.00 | carry=0 | base=0.04 ba=+0.59 | site=1 sd=0.11 sa=-0.55 | phero=0 pd=0.00 pa=+0.00 | srch=0.02 | wall=3.31
R7[T2][RTB       ]: L=+0.97 R=+1.00 | carry=1 | base=0.24 ba=+0.01 | site=0 sd=0.00 sa=+0.00 | phero=0 pd=0.00 pa=+0.00 | srch=0.00 | wall=2.33
R8[T2][RTB       ]: L=+1.00 R=+1.00 | carry=1 | base=0.09 ba=+0.00 | site=0 sd=0.00 sa=+0.00 | phero=0 pd=0.00 pa=+0.00 | srch=0.00 | wall=3.06

[DEPOSIT] Robot 5 deposited! Total: 22
  [PHERO] Laid at (2.97, 0.61) density=14 prob=1.00 total_entries=22
  [TARGET] Robot 5 → SITE (2.97,0.61)
[DEPOSIT] Robot 8 deposited! Total: 23
  [PHERO] Laid at (2.40, -0.64) density=8 prob=1.00 total_entries=23
  [TARGET] Robot 8 → SITE (2.40,-0.64)
[PICKUP] Robot 3 picked up tag (density=7) | Total: 25
[DEPOSIT] Robot 7 deposited! Total: 24
  [PHERO] Laid at (2.60, 0.31) density=15 prob=1.00 total_entries=24
  [TARGET] Robot 7 → SITE (2.60,0.31)
[PICKUP] Robot 6 picked up tag (density=9) | Total: 26
[PICKUP] Robot 1 picked up tag (density=11) | Total: 27

======================================================================
Step 4500 (2.4 min) | Pickups: 27 | Deposits: 24 | Rate: 10.00 tags/min | phero_entries=24 phero_max=0.678
======================================================================
R1[T1][RTB       ]: L=+1.00 R=+1.00 | carry=1 | base=0.08 ba=+0.00 | site=0 sd=0.00 sa=+0.00 | phero=0 pd=0.00 pa=+0.00 | srch=0.00 | wall=3.17
R2[T1][EXPLORE   ]: L=+1.00 R=+1.00 | carry=0 | base=0.61 ba=+0.97 | site=0 sd=0.00 sa=+0.00 | phero=0 pd=0.00 pa=+0.00 | srch=0.33 | wall=0.47
R3[T1][RTB       ]: L=+1.00 R=+1.00 | carry=1 | base=0.39 ba=-0.00 | site=0 sd=0.00 sa=+0.00 | phero=0 pd=0.00 pa=+0.00 | srch=0.00 | wall=1.59
R4[T1][EXPLORE   ]: L=+1.00 R=+1.00 | carry=0 | base=0.33 ba=-0.95 | site=0 sd=0.00 sa=+0.00 | phero=0 pd=0.00 pa=+0.00 | srch=0.22 | wall=1.90
R5[T2][SITE      ]: L=+1.00 R=+1.00 | carry=0 | base=0.27 ba=+0.98 | site=1 sd=0.37 sa=+0.17 | phero=0 pd=0.00 pa=+0.00 | srch=0.12 | wall=2.16
R6[T2][RTB       ]: L=+1.00 R=+1.00 | carry=1 | base=0.08 ba=-0.00 | site=0 sd=0.00 sa=+0.00 | phero=0 pd=0.00 pa=+0.00 | srch=0.00 | wall=3.17
R7[T2][SITE      ]: L=+0.46 R=+0.46 | carry=0 | base=0.10 ba=-0.94 | site=1 sd=0.43 sa=+0.01 | phero=0 pd=0.00 pa=+0.00 | srch=0.06 | wall=3.02
R8[T2][SITE      ]: L=+1.00 R=+1.00 | carry=0 | base=0.25 ba=-0.95 | site=1 sd=0.31 sa=+0.34 | phero=0 pd=0.00 pa=+0.00 | srch=0.08 | wall=2.63

[DEPOSIT] Robot 6 deposited! Total: 25
  [PHERO] Laid at (0.57, -0.64) density=9 prob=1.00 total_entries=25
  [TARGET] Robot 6 → SITE (0.57,-0.64)
[DEPOSIT] Robot 1 deposited! Total: 26
  [PHERO] Laid at (0.64, 0.61) density=11 prob=1.00 total_entries=26
  [TARGET] Robot 1 → SITE (0.64,0.61)
[PICKUP] Robot 6 picked up tag (density=8) | Total: 28
[PICKUP] Robot 5 picked up tag (density=6) | Total: 29
[PICKUP] Robot 1 picked up tag (density=10) | Total: 30
[DEPOSIT] Robot 3 deposited! Total: 27
  [PHERO] Laid at (2.50, -0.28) density=7 prob=0.99 total_entries=27
  [TARGET] Robot 3 → SITE (2.50,-0.28)

======================================================================
Step 5000 (2.7 min) | Pickups: 30 | Deposits: 27 | Rate: 10.12 tags/min | phero_entries=27 phero_max=0.944
======================================================================
R1[T1][RTB       ]: L=+1.00 R=+0.89 | carry=1 | base=0.16 ba=-0.04 | site=0 sd=0.00 sa=+0.00 | phero=0 pd=0.00 pa=+0.00 | srch=0.00 | wall=2.86
R2[T1][EXPLORE   ]: L=+1.00 R=+1.00 | carry=0 | base=0.41 ba=+0.23 | site=0 sd=0.00 sa=+0.00 | phero=0 pd=0.00 pa=+0.00 | srch=0.46 | wall=1.55
R3[T1][BASE_ESC  ]: L=+0.00 R=+1.00 | carry=0 | base=0.04 ba=-0.34 | site=1 sd=0.46 sa=+0.70 | phero=0 pd=0.00 pa=+0.00 | srch=0.01 | wall=3.28
R4[T1][WALL_ESC  ]: L=+1.00 R=+0.00 | carry=0 | base=0.64 ba=-0.24 | site=0 sd=0.00 sa=+0.00 | phero=0 pd=0.00 pa=+0.00 | srch=0.35 | wall=0.33
R5[T2][RTB       ]: L=+0.97 R=+1.00 | carry=1 | base=0.47 ba=+0.01 | site=0 sd=0.00 sa=+0.00 | phero=0 pd=0.00 pa=+0.00 | srch=0.00 | wall=1.20
R6[T2][RTB       ]: L=+0.99 R=+1.00 | carry=1 | base=0.09 ba=+0.00 | site=0 sd=0.00 sa=+0.00 | phero=0 pd=0.00 pa=+0.00 | srch=0.00 | wall=3.14
R7[T2][SITE      ]: L=+0.79 R=+0.79 | carry=0 | base=0.33 ba=-1.00 | site=1 sd=0.20 sa=+0.02 | phero=0 pd=0.00 pa=+0.00 | srch=0.19 | wall=1.86
R8[T2][SITE      ]: L=+0.74 R=+1.00 | carry=0 | base=0.53 ba=+0.49 | site=1 sd=0.03 sa=+0.32 | phero=0 pd=0.00 pa=+0.00 | srch=0.21 | wall=1.01

[PICKUP] Robot 8 picked up tag (density=5) | Total: 31
[DEPOSIT] Robot 6 deposited! Total: 28
  [PHERO] Laid at (0.35, -0.71) density=8 prob=1.00 total_entries=28
  [TARGET] Robot 6 → SITE (0.35,-0.71)
[DEPOSIT] Robot 1 deposited! Total: 29
  [PHERO] Laid at (0.66, 0.62) density=10 prob=1.00 total_entries=29
  [TARGET] Robot 1 → SITE (0.66,0.62)
[PICKUP] Robot 2 picked up tag (density=17) | Total: 32

======================================================================
Step 5500 (2.9 min) | Pickups: 32 | Deposits: 29 | Rate: 9.89 tags/min | phero_entries=29 phero_max=0.563
======================================================================
R1[T1][SITE      ]: L=+0.88 R=+1.00 | carry=0 | base=0.23 ba=+0.77 | site=1 sd=0.09 sa=+0.51 | phero=0 pd=0.00 pa=+0.00 | srch=0.09 | wall=2.44
R2[T1][RTB       ]: L=+0.56 R=+1.00 | carry=1 | base=0.25 ba=+0.18 | site=0 sd=0.00 sa=+0.00 | phero=0 pd=0.00 pa=+0.00 | srch=0.00 | wall=2.32
R3[T1][SITE      ]: L=+0.76 R=+0.75 | carry=0 | base=0.35 ba=+0.94 | site=1 sd=0.16 sa=-0.04 | phero=0 pd=0.00 pa=+0.00 | srch=0.13 | wall=1.77
R4[T1][EXPLORE   ]: L=+1.00 R=+1.00 | carry=0 | base=0.31 ba=+0.22 | site=0 sd=0.00 sa=+0.00 | phero=0 pd=0.00 pa=+0.00 | srch=0.47 | wall=2.09
R5[T2][RTB       ]: L=+1.00 R=+1.00 | carry=1 | base=0.08 ba=+0.00 | site=0 sd=0.00 sa=+0.00 | phero=0 pd=0.00 pa=+0.00 | srch=0.00 | wall=3.11
R6[T2][EXPLORE   ]: L=+1.00 R=+1.00 | carry=0 | base=0.25 ba=-0.81 | site=0 sd=0.00 sa=+0.00 | phero=0 pd=0.00 pa=+0.00 | srch=0.11 | wall=2.28
R7[T2][SITE      ]: L=-0.22 R=-0.21 | carry=0 | base=0.45 ba=-0.94 | site=1 sd=0.09 sa=-0.04 | phero=0 pd=0.00 pa=+0.00 | srch=0.31 | wall=1.33
R8[T2][RTB       ]: L=+1.00 R=+1.00 | carry=1 | base=0.18 ba=+0.00 | site=0 sd=0.00 sa=+0.00 | phero=0 pd=0.00 pa=+0.00 | srch=0.00 | wall=2.65

[DEPOSIT] Robot 5 deposited! Total: 30
  [PHERO] Laid at (2.48, -0.35) density=6 prob=0.97 total_entries=30
  [TARGET] Robot 5 → SITE (2.48,-0.35)
[PICKUP] Robot 4 picked up tag (density=7) | Total: 33
[DEPOSIT] Robot 8 deposited! Total: 31
  [PHERO] Laid at (2.49, -0.64) density=5 prob=0.92 total_entries=28
  [TARGET] Robot 8 → SITE (2.49,-0.64)
[DEPOSIT] Robot 2 deposited! Total: 32
  [PHERO] Laid at (0.37, 1.21) density=17 prob=1.00 total_entries=29
  [TARGET] Robot 2 → SITE (0.37,1.21)
[PICKUP] Robot 1 picked up tag (density=11) | Total: 34
[DEPOSIT] Robot 4 deposited! Total: 33
  [PHERO] Laid at (0.68, -1.08) density=7 prob=0.99 total_entries=29
  [TARGET] Robot 4 → SITE (0.68,-1.08)

======================================================================
Step 6000 (3.2 min) | Pickups: 34 | Deposits: 33 | Rate: 10.31 tags/min | phero_entries=28 phero_max=0.815
======================================================================
R1[T1][RTB       ]: L=+1.00 R=+1.00 | carry=1 | base=0.09 ba=-0.00 | site=0 sd=0.00 sa=+0.00 | phero=0 pd=0.00 pa=+0.00 | srch=0.00 | wall=3.10
R2[T1][SITE      ]: L=+1.00 R=+0.40 | carry=0 | base=0.14 ba=-0.82 | site=1 sd=0.14 sa=-0.10 | phero=0 pd=0.00 pa=+0.00 | srch=0.06 | wall=2.83
R3[T1][SITE      ]: L=+0.73 R=+0.89 | carry=0 | base=0.49 ba=+0.98 | site=1 sd=0.02 sa=+0.01 | phero=0 pd=0.00 pa=+0.00 | srch=0.26 | wall=1.09
R4[T1][SITE      ]: L=+1.00 R=+0.52 | carry=0 | base=0.05 ba=-0.97 | site=1 sd=0.21 sa=-0.08 | phero=0 pd=0.00 pa=+0.00 | srch=0.03 | wall=3.30
R5[T2][SITE      ]: L=+1.00 R=+0.98 | carry=0 | base=0.30 ba=-0.83 | site=1 sd=0.23 sa=-0.05 | phero=0 pd=0.00 pa=+0.00 | srch=0.12 | wall=2.02
R6[T2][EXPLORE   ]: L=+1.00 R=+1.00 | carry=0 | base=0.61 ba=-0.93 | site=0 sd=0.00 sa=+0.00 | phero=0 pd=0.00 pa=+0.00 | srch=0.24 | wall=0.59
R7[T2][SITE      ]: L=+0.31 R=+0.29 | carry=0 | base=0.51 ba=-0.94 | site=1 sd=0.02 sa=-0.02 | phero=0 pd=0.00 pa=+0.00 | srch=0.44 | wall=1.00
R8[T2][SITE      ]: L=+1.00 R=+1.00 | carry=0 | base=0.20 ba=-0.94 | site=1 sd=0.32 sa=+0.12 | phero=0 pd=0.00 pa=+0.00 | srch=0.08 | wall=2.58

[PICKUP] Robot 3 picked up tag (density=4) | Total: 35
[DEPOSIT] Robot 1 deposited! Total: 34
  [PHERO] Laid at (0.52, 0.90) density=11 prob=1.00 total_entries=28
  [TARGET] Robot 1 → SITE (0.52,0.90)
[PICKUP] Robot 7 picked up tag (density=13) | Total: 36
[PICKUP] Robot 4 picked up tag (density=6) | Total: 37
[PICKUP] Robot 2 picked up tag (density=15) | Total: 38
[PICKUP] Robot 5 picked up tag (density=3) | Total: 39
[PICKUP] Robot 1 picked up tag (density=8) | Total: 40
[GIVE-UP] R6 giving up after 1304 steps
[DEPOSIT] Robot 4 deposited! Total: 35
  [PHERO] Laid at (0.47, -0.72) density=6 prob=0.97 total_entries=28
  [TARGET] Robot 4 → SITE (0.47,-0.72)

======================================================================
Step 6500 (3.5 min) | Pickups: 40 | Deposits: 35 | Rate: 10.10 tags/min | phero_entries=28 phero_max=0.922
======================================================================
R1[T1][RTB       ]: L=+0.86 R=+1.00 | carry=1 | base=0.16 ba=+0.05 | site=0 sd=0.00 sa=+0.00 | phero=0 pd=0.00 pa=+0.00 | srch=0.00 | wall=2.84
R2[T1][RTB       ]: L=+1.00 R=+1.00 | carry=1 | base=0.11 ba=-0.00 | site=0 sd=0.00 sa=+0.00 | phero=0 pd=0.00 pa=+0.00 | srch=0.00 | wall=3.01
R3[T1][RTB       ]: L=+1.00 R=+1.00 | carry=1 | base=0.25 ba=+0.00 | site=0 sd=0.00 sa=+0.00 | phero=0 pd=0.00 pa=+0.00 | srch=0.00 | wall=2.24
R4[T1][BASE_ESC  ]: L=+0.00 R=+1.00 | carry=0 | base=0.04 ba=-0.46 | site=1 sd=0.13 sa=+0.65 | phero=0 pd=0.00 pa=+0.00 | srch=0.01 | wall=3.29
R5[T2][RTB       ]: L=+0.97 R=+1.00 | carry=1 | base=0.47 ba=+0.01 | site=0 sd=0.00 sa=+0.00 | phero=0 pd=0.00 pa=+0.00 | srch=0.00 | wall=1.19
R6[T2][GIVE_UP   ]: L=+1.00 R=+1.00 | carry=0 | base=0.45 ba=-0.00 | site=0 sd=0.00 sa=+0.00 | phero=0 pd=0.00 pa=+0.00 | srch=0.36 | wall=1.52
R7[T2][RTB       ]: L=+1.00 R=+1.00 | carry=1 | base=0.31 ba=-0.00 | site=0 sd=0.00 sa=+0.00 | phero=0 pd=0.00 pa=+0.00 | srch=0.00 | wall=1.96
R8[T2][EXPLORE   ]: L=+1.00 R=+1.00 | carry=0 | base=0.53 ba=+0.57 | site=0 sd=0.00 sa=+0.00 | phero=0 pd=0.00 pa=+0.00 | srch=0.21 | wall=0.96

[PICKUP] Robot 8 picked up tag (density=2) | Total: 41
[DEPOSIT] Robot 2 deposited! Total: 36
  [PHERO] Laid at (0.38, 1.23) density=15 prob=1.00 total_entries=28
  [TARGET] Robot 2 → SITE (0.38,1.23)
[DEPOSIT] Robot 1 deposited! Total: 37
  [PHERO] Laid at (0.61, 0.67) density=8 prob=1.00 total_entries=28
  [TARGET] Robot 1 → SITE (0.61,0.67)
[DEPOSIT] Robot 3 deposited! Total: 38
  [PHERO] Laid at (2.56, -0.28) density=4 prob=0.82 total_entries=28
  [TARGET] Robot 3 → SITE (2.56,-0.28)
[PICKUP] Robot 4 picked up tag (density=5) | Total: 42
[DEPOSIT] Robot 7 deposited! Total: 39
  [PHERO] Laid at (2.70, 0.30) density=13 prob=1.00 total_entries=29
  [TARGET] Robot 7 → SITE (2.70,0.30)
[PICKUP] Robot 1 picked up tag (density=7) | Total: 43

======================================================================
Step 7000 (3.7 min) | Pickups: 43 | Deposits: 39 | Rate: 10.45 tags/min | phero_entries=28 phero_max=0.784
======================================================================
R1[T1][RTB       ]: L=+0.00 R=+1.00 | carry=1 | base=0.20 ba=+0.63 | site=0 sd=0.00 sa=+0.00 | phero=0 pd=0.00 pa=+0.00 | srch=0.00 | wall=2.77
R2[T1][SITE      ]: L=+1.00 R=+0.64 | carry=0 | base=0.25 ba=+0.99 | site=1 sd=0.01 sa=-0.26 | phero=0 pd=0.00 pa=+0.00 | srch=0.11 | wall=2.30
R3[T1][SITE      ]: L=+0.47 R=+0.48 | carry=0 | base=0.06 ba=-0.92 | site=1 sd=0.47 sa=-0.05 | phero=0 pd=0.00 pa=+0.00 | srch=0.06 | wall=3.22
R4[T1][RTB       ]: L=+1.00 R=+1.00 | carry=1 | base=0.07 ba=+0.00 | site=0 sd=0.00 sa=+0.00 | phero=0 pd=0.00 pa=+0.00 | srch=0.00 | wall=3.23
R5[T2][RTB       ]: L=+1.00 R=+1.00 | carry=1 | base=0.08 ba=+0.00 | site=0 sd=0.00 sa=+0.00 | phero=0 pd=0.00 pa=+0.00 | srch=0.00 | wall=3.10
R6[T2][GIVE_UP   ]: L=+1.00 R=+1.00 | carry=0 | base=0.06 ba=-0.00 | site=0 sd=0.00 sa=+0.00 | phero=0 pd=0.00 pa=+0.00 | srch=0.49 | wall=3.24
R7[T2][SITE      ]: L=+0.80 R=+1.00 | carry=0 | base=0.06 ba=+0.90 | site=1 sd=0.49 sa=-0.01 | phero=0 pd=0.00 pa=+0.00 | srch=0.04 | wall=3.20
R8[T2][RTB       ]: L=+1.00 R=+1.00 | carry=1 | base=0.19 ba=+0.00 | site=0 sd=0.00 sa=+0.00 | phero=0 pd=0.00 pa=+0.00 | srch=0.00 | wall=2.59

[PICKUP] Robot 2 picked up tag (density=14) | Total: 44
[EMPTY_RTN] R6 → phero(2.49,-0.64)
[DEPOSIT] Robot 4 deposited! Total: 40
  [PHERO] Laid at (0.48, -0.74) density=5 prob=0.92 total_entries=29
  [TARGET] Robot 4 → SITE (0.48,-0.74)
[DEPOSIT] Robot 5 deposited! Total: 41
  [PHERO] Laid at (2.49, -0.41) density=3 prob=0.65 total_entries=29
  [TARGET] Robot 5 → SITE (2.49,-0.41)
[DEPOSIT] Robot 8 deposited! Total: 42
  [PHERO] Laid at (2.55, -0.57) density=2 prob=0.42 total_entries=29
  [TARGET] Robot 8 → SITE (2.55,-0.57)
[DEPOSIT] Robot 1 deposited! Total: 43
  [PHERO] Laid at (0.65, 0.71) density=7 prob=0.99 total_entries=30
  [TARGET] Robot 1 → SITE (0.65,0.71)
[PICKUP] Robot 4 picked up tag (density=4) | Total: 45
[PICKUP] Robot 5 picked up tag (density=6) | Total: 46

======================================================================
Step 7500 (4.0 min) | Pickups: 46 | Deposits: 43 | Rate: 10.75 tags/min | phero_entries=28 phero_max=0.676
======================================================================
R1[T1][SITE      ]: L=+1.00 R=+1.00 | carry=0 | base=0.08 ba=+0.94 | site=1 sd=0.14 sa=-0.40 | phero=0 pd=0.00 pa=+0.00 | srch=0.06 | wall=3.11
R2[T1][RTB       ]: L=+0.98 R=+1.00 | carry=1 | base=0.09 ba=+0.01 | site=0 sd=0.00 sa=+0.00 | phero=0 pd=0.00 pa=+0.00 | srch=0.00 | wall=3.04
R3[T1][SITE      ]: L=+0.33 R=+0.33 | carry=0 | base=0.25 ba=+0.94 | site=1 sd=0.27 sa=-0.07 | phero=0 pd=0.00 pa=+0.00 | srch=0.18 | wall=2.25
R4[T1][RTB       ]: L=+0.65 R=+1.00 | carry=1 | base=0.19 ba=+0.14 | site=0 sd=0.00 sa=+0.00 | phero=0 pd=0.00 pa=+0.00 | srch=0.00 | wall=2.67
R5[T2][RTB       ]: L=+0.00 R=+1.00 | carry=1 | base=0.19 ba=+0.60 | site=0 sd=0.00 sa=+0.00 | phero=0 pd=0.00 pa=+0.00 | srch=0.00 | wall=2.73
R6[T2][PHERO     ]: L=+1.00 R=+1.00 | carry=0 | base=0.06 ba=+0.69 | site=0 sd=0.00 sa=+0.00 | phero=1 pd=0.49 pa=+0.07 | srch=0.12 | wall=3.21
R7[T2][SITE      ]: L=+0.44 R=+0.47 | carry=0 | base=0.20 ba=-0.99 | site=1 sd=0.35 sa=+0.05 | phero=0 pd=0.00 pa=+0.00 | srch=0.16 | wall=2.52
R8[T2][SITE      ]: L=+1.00 R=+0.95 | carry=0 | base=0.14 ba=-0.84 | site=1 sd=0.40 sa=-0.01 | phero=0 pd=0.00 pa=+0.00 | srch=0.06 | wall=2.80

[DEPOSIT] Robot 2 deposited! Total: 44
  [PHERO] Laid at (0.33, 1.21) density=14 prob=1.00 total_entries=29
  [TARGET] Robot 2 → SITE (0.33,1.21)
[DEPOSIT] Robot 4 deposited! Total: 45
  [PHERO] Laid at (0.34, -0.90) density=4 prob=0.82 total_entries=30
  [TARGET] Robot 4 → SITE (0.34,-0.90)
[DEPOSIT] Robot 5 deposited! Total: 46
  [PHERO] Laid at (0.76, 0.52) density=6 prob=0.97 total_entries=28
  [TARGET] Robot 5 → SITE (0.76,0.52)
[PICKUP] Robot 1 picked up tag (density=5) | Total: 47

======================================================================
Step 8000 (4.3 min) | Pickups: 47 | Deposits: 46 | Rate: 10.78 tags/min | phero_entries=27 phero_max=0.669
======================================================================
R1[T1][RTB       ]: L=+1.00 R=+0.00 | carry=1 | base=0.20 ba=-0.56 | site=0 sd=0.00 sa=+0.00 | phero=0 pd=0.00 pa=+0.00 | srch=0.00 | wall=2.79
R2[T1][SITE      ]: L=+1.00 R=+1.00 | carry=0 | base=0.20 ba=-0.88 | site=1 sd=0.05 sa=+0.08 | phero=0 pd=0.00 pa=+0.00 | srch=0.09 | wall=2.52
R3[T1][SITE      ]: L=+0.65 R=+0.65 | carry=0 | base=0.43 ba=-0.97 | site=1 sd=0.09 sa=+0.01 | phero=0 pd=0.00 pa=+0.00 | srch=0.31 | wall=1.40
R4[T1][SITE      ]: L=+0.63 R=+0.67 | carry=0 | base=0.16 ba=+0.98 | site=1 sd=0.04 sa=+0.10 | phero=0 pd=0.00 pa=+0.00 | srch=0.08 | wall=2.75
R5[T2][SITE      ]: L=+1.00 R=+0.92 | carry=0 | base=0.14 ba=-0.79 | site=1 sd=0.07 sa=-0.11 | phero=0 pd=0.00 pa=+0.00 | srch=0.06 | wall=2.95
R6[T2][PHERO     ]: L=+0.54 R=+0.53 | carry=0 | base=0.35 ba=-0.94 | site=0 sd=0.00 sa=+0.00 | phero=1 pd=0.17 pa=-0.03 | srch=0.25 | wall=1.78
R7[T2][SITE      ]: L=+0.82 R=+0.85 | carry=0 | base=0.54 ba=+0.90 | site=1 sd=0.01 sa=+0.02 | phero=0 pd=0.00 pa=+0.00 | srch=0.29 | wall=0.85
R8[T2][SITE      ]: L=+1.00 R=+0.96 | carry=0 | base=0.52 ba=-0.96 | site=1 sd=0.01 sa=-0.06 | phero=0 pd=0.00 pa=+0.00 | srch=0.19 | wall=1.00

[PICKUP] Robot 7 picked up tag (density=12) | Total: 48
[PICKUP] Robot 2 picked up tag (density=13) | Total: 49
[PICKUP] Robot 5 picked up tag (density=4) | Total: 50
[PICKUP] Robot 3 picked up tag (density=1) | Total: 51
[DEPOSIT] Robot 1 deposited! Total: 47
  [PHERO] Laid at (0.66, 0.71) density=5 prob=0.92 total_entries=26
  [TARGET] Robot 1 → SITE (0.66,0.71)
[DEPOSIT] Robot 5 deposited! Total: 48
  [PHERO] Laid at (0.81, 0.55) density=4 prob=0.82 total_entries=26
  [TARGET] Robot 5 → SITE (0.81,0.55)
[PICKUP] Robot 4 picked up tag (density=16) | Total: 52
[DEPOSIT] Robot 2 deposited! Total: 49
  [PHERO] Laid at (0.39, 1.29) density=13 prob=1.00 total_entries=26
  [TARGET] Robot 2 → SITE (0.39,1.29)

======================================================================
Step 8500 (4.5 min) | Pickups: 52 | Deposits: 49 | Rate: 10.81 tags/min | phero_entries=26 phero_max=0.998
======================================================================
R1[T1][SITE      ]: L=+1.00 R=+1.00 | carry=0 | base=0.07 ba=+1.00 | site=1 sd=0.13 sa=+0.13 | phero=0 pd=0.00 pa=+0.00 | srch=0.05 | wall=3.19
R2[T1][BASE_ESC  ]: L=+1.00 R=+0.00 | carry=0 | base=0.05 ba=+0.00 | site=1 sd=0.22 sa=+0.96 | phero=0 pd=0.00 pa=+0.00 | srch=0.00 | wall=3.26
R3[T1][RTB       ]: L=+1.00 R=+1.00 | carry=1 | base=0.38 ba=-0.00 | site=0 sd=0.00 sa=+0.00 | phero=0 pd=0.00 pa=+0.00 | srch=0.00 | wall=1.64
R4[T1][RTB       ]: L=+1.00 R=+0.00 | carry=1 | base=0.48 ba=-0.56 | site=0 sd=0.00 sa=+0.00 | phero=0 pd=0.00 pa=+0.00 | srch=0.00 | wall=1.21
R5[T2][BASE_ESC  ]: L=+0.00 R=+1.00 | carry=0 | base=0.04 ba=-0.47 | site=1 sd=0.16 sa=+0.68 | phero=0 pd=0.00 pa=+0.00 | srch=0.01 | wall=3.29
R6[T2][EXPLORE   ]: L=+1.00 R=+1.00 | carry=0 | base=0.49 ba=-0.45 | site=0 sd=0.00 sa=+0.00 | phero=0 pd=0.00 pa=+0.00 | srch=0.37 | wall=1.43
R7[T2][RTB       ]: L=+1.00 R=+1.00 | carry=1 | base=0.28 ba=+0.00 | site=0 sd=0.00 sa=+0.00 | phero=0 pd=0.00 pa=+0.00 | srch=0.00 | wall=2.15
R8[T2][EXPLORE   ]: L=+1.00 R=+1.00 | carry=0 | base=0.52 ba=-0.16 | site=0 sd=0.00 sa=+0.00 | phero=0 pd=0.00 pa=+0.00 | srch=0.31 | wall=1.13

[GIVE-UP] R8 giving up after 1376 steps
[PICKUP] Robot 1 picked up tag (density=3) | Total: 53
[DEPOSIT] Robot 7 deposited! Total: 50
  [PHERO] Laid at (2.74, 0.32) density=12 prob=1.00 total_entries=26
  [TARGET] Robot 7 → SITE (2.74,0.32)
[PICKUP] Robot 6 picked up tag (density=15) | Total: 54
[DEPOSIT] Robot 3 deposited! Total: 51
  [TARGET] Robot 3 → PHERO (2.74,0.32)
[GIVE-UP] R8 giving up after 1688 steps
[DEPOSIT] Robot 1 deposited! Total: 52
  [PHERO] Laid at (0.69, 0.66) density=3 prob=0.65 total_entries=25
  [TARGET] Robot 1 → SITE (0.69,0.66)
[PICKUP] Robot 2 picked up tag (density=12) | Total: 55

======================================================================
Step 9000 (4.8 min) | Pickups: 55 | Deposits: 52 | Rate: 10.83 tags/min | phero_entries=25 phero_max=0.914
======================================================================
R1[T1][BASE_ESC  ]: L=+1.00 R=+0.00 | carry=0 | base=0.04 ba=+0.48 | site=1 sd=0.15 sa=-0.61 | phero=0 pd=0.00 pa=+0.00 | srch=0.01 | wall=3.32
R2[T1][RTB       ]: L=+1.00 R=+0.00 | carry=1 | base=0.27 ba=-0.65 | site=0 sd=0.00 sa=+0.00 | phero=0 pd=0.00 pa=+0.00 | srch=0.00 | wall=2.20
R3[T1][BASE_ESC  ]: L=+0.00 R=+1.00 | carry=0 | base=0.04 ba=-0.62 | site=0 sd=0.00 sa=+0.00 | phero=1 pd=0.52 pa=+0.52 | srch=0.02 | wall=3.29
R4[T1][RTB       ]: L=+1.00 R=+1.00 | carry=1 | base=0.14 ba=-0.00 | site=0 sd=0.00 sa=+0.00 | phero=0 pd=0.00 pa=+0.00 | srch=0.00 | wall=2.82
R5[T2][EXPLORE   ]: L=+1.00 R=+1.00 | carry=0 | base=0.19 ba=+0.52 | site=0 sd=0.00 sa=+0.00 | phero=0 pd=0.00 pa=+0.00 | srch=0.14 | wall=2.70
R6[T2][RTB       ]: L=+1.00 R=+0.95 | carry=1 | base=0.50 ba=-0.02 | site=0 sd=0.00 sa=+0.00 | phero=0 pd=0.00 pa=+0.00 | srch=0.00 | wall=1.24
R7[T2][SITE      ]: L=+1.00 R=+0.97 | carry=0 | base=0.08 ba=+0.95 | site=1 sd=0.49 sa=-0.18 | phero=0 pd=0.00 pa=+0.00 | srch=0.04 | wall=3.17
R8[T2][GIVE_UP   ]: L=+1.00 R=+1.00 | carry=0 | base=0.16 ba=-0.00 | site=0 sd=0.00 sa=+0.00 | phero=0 pd=0.00 pa=+0.00 | srch=0.44 | wall=2.83

[DEPOSIT] Robot 4 deposited! Total: 53
  [PHERO] Laid at (0.62, -2.27) density=16 prob=1.00 total_entries=26
  [TARGET] Robot 4 → SITE (0.62,-2.27)
[EMPTY_RTN] R8 → phero(2.74,0.32)
[PICKUP] Robot 1 picked up tag (density=3) | Total: 56
[DEPOSIT] Robot 2 deposited! Total: 54
  [PHERO] Laid at (0.34, 1.29) density=12 prob=1.00 total_entries=26
  [TARGET] Robot 2 → SITE (0.34,1.29)

======================================================================
Step 9500 (5.1 min) | Pickups: 56 | Deposits: 54 | Rate: 10.66 tags/min | phero_entries=24 phero_max=0.804
======================================================================
R1[T1][RTB       ]: L=+1.00 R=+0.99 | carry=1 | base=0.16 ba=-0.00 | site=0 sd=0.00 sa=+0.00 | phero=0 pd=0.00 pa=+0.00 | srch=0.00 | wall=2.93
R2[T1][SITE      ]: L=+0.75 R=+1.00 | carry=0 | base=0.06 ba=+0.95 | site=1 sd=0.22 sa=+0.08 | phero=0 pd=0.00 pa=+0.00 | srch=0.03 | wall=3.26
R3[T1][PHERO     ]: L=+0.56 R=+0.55 | carry=0 | base=0.20 ba=-0.99 | site=0 sd=0.00 sa=+0.00 | phero=1 pd=0.37 pa=+0.10 | srch=0.14 | wall=2.53
R4[T1][SITE      ]: L=+0.87 R=+0.90 | carry=0 | base=0.24 ba=+0.82 | site=1 sd=0.26 sa=+0.00 | phero=0 pd=0.00 pa=+0.00 | srch=0.10 | wall=2.33
R5[T2][EXPLORE   ]: L=+1.00 R=+1.00 | carry=0 | base=0.39 ba=+0.80 | site=0 sd=0.00 sa=+0.00 | phero=0 pd=0.00 pa=+0.00 | srch=0.26 | wall=1.99
R6[T2][RTB       ]: L=+1.00 R=+1.00 | carry=1 | base=0.11 ba=-0.00 | site=0 sd=0.00 sa=+0.00 | phero=0 pd=0.00 pa=+0.00 | srch=0.00 | wall=3.01
R7[T2][SITE      ]: L=+0.68 R=+0.67 | carry=0 | base=0.35 ba=-0.91 | site=1 sd=0.22 sa=-0.06 | phero=0 pd=0.00 pa=+0.00 | srch=0.16 | wall=1.84
R8[T2][PHERO     ]: L=+0.98 R=+1.00 | carry=0 | base=0.23 ba=+0.93 | site=0 sd=0.00 sa=+0.00 | phero=1 pd=0.42 pa=+0.28 | srch=0.09 | wall=2.57

[DEPOSIT] Robot 6 deposited! Total: 55
  [PHERO] Laid at (1.12, -2.39) density=15 prob=1.00 total_entries=25
  [TARGET] Robot 6 → SITE (1.12,-2.39)
[DEPOSIT] Robot 1 deposited! Total: 56
  [TARGET] Robot 1 → SITE (0.66,0.88)
[GIVE-UP] R5 giving up after 1226 steps
[PICKUP] Robot 7 picked up tag (density=11) | Total: 57
[PICKUP] Robot 4 picked up tag (density=14) | Total: 58
[PICKUP] Robot 2 picked up tag (density=11) | Total: 59
[PICKUP] Robot 1 picked up tag (density=1) | Total: 60

======================================================================
Step 10000 (5.3 min) | Pickups: 60 | Deposits: 56 | Rate: 10.50 tags/min | phero_entries=23 phero_max=0.506
======================================================================
R1[T1][RTB       ]: L=+0.00 R=+1.00 | carry=1 | base=0.21 ba=+0.71 | site=0 sd=0.00 sa=+0.00 | phero=0 pd=0.00 pa=+0.00 | srch=0.00 | wall=2.74
R2[T1][RTB       ]: L=+1.00 R=+0.58 | carry=1 | base=0.27 ba=-0.16 | site=0 sd=0.00 sa=+0.00 | phero=0 pd=0.00 pa=+0.00 | srch=0.00 | wall=2.21
R3[T1][PHERO     ]: L=+0.29 R=+0.29 | carry=0 | base=0.38 ba=+0.85 | site=0 sd=0.00 sa=+0.00 | phero=1 pd=0.18 pa=-0.04 | srch=0.27 | wall=1.60
R4[T1][RTB       ]: L=+0.58 R=+1.00 | carry=1 | base=0.49 ba=+0.17 | site=0 sd=0.00 sa=+0.00 | phero=0 pd=0.00 pa=+0.00 | srch=0.00 | wall=1.20
R5[T2][GIVE_UP   ]: L=+1.00 R=+1.00 | carry=0 | base=0.32 ba=+0.00 | site=0 sd=0.00 sa=+0.00 | phero=0 pd=0.00 pa=+0.00 | srch=0.39 | wall=2.29
R6[T2][SITE      ]: L=+0.97 R=+1.00 | carry=0 | base=0.29 ba=+0.90 | site=1 sd=0.28 sa=+0.12 | phero=0 pd=0.00 pa=+0.00 | srch=0.11 | wall=2.08
R7[T2][RTB       ]: L=+1.00 R=+1.00 | carry=1 | base=0.42 ba=-0.00 | site=0 sd=0.00 sa=+0.00 | phero=0 pd=0.00 pa=+0.00 | srch=0.00 | wall=1.46
R8[T2][PHERO     ]: L=+0.74 R=+0.74 | carry=0 | base=0.43 ba=+0.75 | site=0 sd=0.00 sa=+0.00 | phero=1 pd=0.18 pa=+0.04 | srch=0.22 | wall=1.41

[PICKUP] Robot 6 picked up tag (density=13) | Total: 61
[DEPOSIT] Robot 1 deposited! Total: 57
  [TARGET] Robot 1 → SITE (0.75,0.70)
[DEPOSIT] Robot 2 deposited! Total: 58
  [PHERO] Laid at (0.34, 1.34) density=11 prob=1.00 total_entries=22
  [TARGET] Robot 2 → SITE (0.34,1.34)
[EMPTY_RTN] R5 → phero(0.34,1.34)
[PICKUP] Robot 8 picked up tag (density=10) | Total: 62
[DEPOSIT] Robot 7 deposited! Total: 59
  [PHERO] Laid at (2.47, 0.42) density=11 prob=1.00 total_entries=22
  [TARGET] Robot 7 → SITE (2.47,0.42)

======================================================================
Step 10500 (5.6 min) | Pickups: 62 | Deposits: 59 | Rate: 10.54 tags/min | phero_entries=22 phero_max=0.956
======================================================================
R1[T1][SITE      ]: L=+1.00 R=+0.68 | carry=0 | base=0.12 ba=-0.85 | site=1 sd=0.11 sa=-0.15 | phero=0 pd=0.00 pa=+0.00 | srch=0.05 | wall=2.96
R2[T1][SITE      ]: L=+0.52 R=+0.52 | carry=0 | base=0.07 ba=+0.88 | site=1 sd=0.21 sa=-0.10 | phero=0 pd=0.00 pa=+0.00 | srch=0.05 | wall=3.15
R3[T1][PHERO     ]: L=+0.25 R=+0.22 | carry=0 | base=0.45 ba=+0.84 | site=0 sd=0.00 sa=+0.00 | phero=1 pd=0.11 pa=-0.10 | srch=0.39 | wall=1.27
R4[T1][RTB       ]: L=+1.00 R=+1.00 | carry=1 | base=0.10 ba=+0.00 | site=0 sd=0.00 sa=+0.00 | phero=0 pd=0.00 pa=+0.00 | srch=0.00 | wall=3.01
R5[T2][PHERO     ]: L=+1.00 R=+1.00 | carry=0 | base=0.08 ba=+0.99 | site=0 sd=0.00 sa=+0.00 | phero=1 pd=0.28 pa=-0.55 | srch=0.04 | wall=3.14
R6[T2][RTB       ]: L=+1.00 R=+1.00 | carry=1 | base=0.37 ba=+0.00 | site=0 sd=0.00 sa=+0.00 | phero=0 pd=0.00 pa=+0.00 | srch=0.00 | wall=1.80
R7[T2][BASE_ESC  ]: L=+0.00 R=+1.00 | carry=0 | base=0.05 ba=-0.26 | site=1 sd=0.46 sa=+0.77 | phero=0 pd=0.00 pa=+0.00 | srch=0.01 | wall=3.28
R8[T2][RTB       ]: L=+0.99 R=+1.00 | carry=1 | base=0.51 ba=+0.00 | site=0 sd=0.00 sa=+0.00 | phero=0 pd=0.00 pa=+0.00 | srch=0.00 | wall=1.02

[DEPOSIT] Robot 4 deposited! Total: 60
  [PHERO] Laid at (0.64, -2.34) density=14 prob=1.00 total_entries=23
  [TARGET] Robot 4 → SITE (0.64,-2.34)
[PICKUP] Robot 2 picked up tag (density=10) | Total: 63
[PICKUP] Robot 4 picked up tag (density=3) | Total: 64
[DEPOSIT] Robot 6 deposited! Total: 61
  [PHERO] Laid at (0.80, -2.22) density=13 prob=1.00 total_entries=22
  [TARGET] Robot 6 → SITE (0.80,-2.22)

======================================================================
Step 11000 (5.9 min) | Pickups: 64 | Deposits: 61 | Rate: 10.40 tags/min | phero_entries=21 phero_max=0.873
======================================================================
R1[T1][EXPLORE   ]: L=+1.00 R=+1.00 | carry=0 | base=0.41 ba=+0.99 | site=0 sd=0.00 sa=+0.00 | phero=0 pd=0.00 pa=+0.00 | srch=0.18 | wall=2.00
R2[T1][RTB       ]: L=+1.00 R=+0.94 | carry=1 | base=0.25 ba=-0.02 | site=0 sd=0.00 sa=+0.00 | phero=0 pd=0.00 pa=+0.00 | srch=0.00 | wall=2.32
R3[T1][EXPLORE   ]: L=+0.11 R=+0.75 | carry=0 | base=0.63 ba=-0.30 | site=0 sd=0.00 sa=+0.00 | phero=0 pd=0.00 pa=+0.00 | srch=0.52 | wall=0.40
R4[T1][RTB       ]: L=+1.00 R=+0.70 | carry=1 | base=0.18 ba=-0.12 | site=0 sd=0.00 sa=+0.00 | phero=0 pd=0.00 pa=+0.00 | srch=0.00 | wall=2.65
R5[T2][PHERO     ]: L=+1.00 R=+1.00 | carry=0 | base=0.40 ba=-0.48 | site=0 sd=0.00 sa=+0.00 | phero=1 pd=0.43 pa=-0.26 | srch=0.16 | wall=1.76
R6[T2][BASE_ESC  ]: L=+1.00 R=+0.00 | carry=0 | base=0.04 ba=+0.70 | site=1 sd=0.43 sa=-0.38 | phero=0 pd=0.00 pa=+0.00 | srch=0.02 | wall=3.31
R7[T2][SITE      ]: L=+0.69 R=+0.70 | carry=0 | base=0.13 ba=+0.97 | site=1 sd=0.38 sa=-0.04 | phero=0 pd=0.00 pa=+0.00 | srch=0.13 | wall=2.87
R8[T2][RTB       ]: L=+1.00 R=+0.99 | carry=1 | base=0.14 ba=-0.01 | site=0 sd=0.00 sa=+0.00 | phero=0 pd=0.00 pa=+0.00 | srch=0.00 | wall=2.80

[DEPOSIT] Robot 8 deposited! Total: 62
  [PHERO] Laid at (2.75, 0.37) density=10 prob=1.00 total_entries=20
  [TARGET] Robot 8 → SITE (2.75,0.37)
[DEPOSIT] Robot 4 deposited! Total: 63
  [PHERO] Laid at (0.43, -0.87) density=3 prob=0.65 total_entries=21
  [TARGET] Robot 4 → SITE (0.43,-0.87)
[PICKUP] Robot 6 picked up tag (density=2) | Total: 65
[PICKUP] Robot 3 picked up tag (density=9) | Total: 66
[DEPOSIT] Robot 2 deposited! Total: 64
  [PHERO] Laid at (0.33, 1.37) density=10 prob=1.00 total_entries=22
  [TARGET] Robot 2 → SITE (0.33,1.37)
[DEPOSIT] Robot 6 deposited! Total: 65
  [TARGET] Robot 6 → SITE (0.51,-0.71)

======================================================================
Step 11500 (6.1 min) | Pickups: 66 | Deposits: 65 | Rate: 10.60 tags/min | phero_entries=20 phero_max=0.681
======================================================================
R1[T1][EXPLORE   ]: L=+1.00 R=+1.00 | carry=0 | base=0.80 ba=+1.00 | site=0 sd=0.00 sa=+0.00 | phero=0 pd=0.00 pa=+0.00 | srch=0.30 | wall=0.62
R2[T1][SITE      ]: L=+0.95 R=+1.00 | carry=0 | base=0.15 ba=+0.99 | site=1 sd=0.16 sa=+0.21 | phero=0 pd=0.00 pa=+0.00 | srch=0.06 | wall=2.90
R3[T1][RTB       ]: L=+1.00 R=+1.00 | carry=1 | base=0.41 ba=-0.00 | site=0 sd=0.00 sa=+0.00 | phero=0 pd=0.00 pa=+0.00 | srch=0.00 | wall=1.50
R4[T1][SITE      ]: L=+0.73 R=+0.94 | carry=0 | base=0.19 ba=+0.76 | site=1 sd=0.01 sa=+0.11 | phero=0 pd=0.00 pa=+0.00 | srch=0.08 | wall=2.64
R5[T2][PHERO     ]: L=+1.00 R=+0.90 | carry=0 | base=0.32 ba=-0.47 | site=0 sd=0.00 sa=+0.00 | phero=1 pd=0.09 pa=-0.16 | srch=0.29 | wall=1.91
R6[T2][BASE_ESC  ]: L=+0.00 R=+1.00 | carry=0 | base=0.05 ba=-0.25 | site=1 sd=0.13 sa=+0.82 | phero=0 pd=0.00 pa=+0.00 | srch=0.01 | wall=3.30
R7[T2][SITE      ]: L=-0.34 R=-0.34 | carry=0 | base=0.20 ba=-0.93 | site=1 sd=0.31 sa=+0.10 | phero=0 pd=0.00 pa=+0.00 | srch=0.26 | wall=2.53
R8[T2][SITE      ]: L=+0.81 R=+0.81 | carry=0 | base=0.19 ba=-0.92 | site=1 sd=0.37 sa=+0.17 | phero=0 pd=0.00 pa=+0.00 | srch=0.08 | wall=2.55

[PICKUP] Robot 5 picked up tag (density=9) | Total: 67
[PICKUP] Robot 2 picked up tag (density=8) | Total: 68
[PICKUP] Robot 6 picked up tag (density=1) | Total: 69
[DEPOSIT] Robot 5 deposited! Total: 66
  [PHERO] Laid at (0.16, 1.54) density=9 prob=1.00 total_entries=19
  [TARGET] Robot 5 → SITE (0.16,1.54)

======================================================================
Step 12000 (6.4 min) | Pickups: 69 | Deposits: 66 | Rate: 10.31 tags/min | phero_entries=17 phero_max=0.897
======================================================================
R1[T1][EXPLORE   ]: L=+1.00 R=+1.00 | carry=0 | base=0.71 ba=+0.14 | site=0 sd=0.00 sa=+0.00 | phero=0 pd=0.00 pa=+0.00 | srch=0.43 | wall=0.73
R2[T1][RTB       ]: L=+1.00 R=+1.00 | carry=1 | base=0.10 ba=+0.00 | site=0 sd=0.00 sa=+0.00 | phero=0 pd=0.00 pa=+0.00 | srch=0.00 | wall=3.02
R3[T1][RTB       ]: L=+1.00 R=+1.00 | carry=1 | base=0.07 ba=+0.00 | site=0 sd=0.00 sa=+0.00 | phero=0 pd=0.00 pa=+0.00 | srch=0.00 | wall=3.16
R4[T1][EXPLORE   ]: L=+1.00 R=+0.93 | carry=0 | base=0.17 ba=-0.16 | site=0 sd=0.00 sa=+0.00 | phero=0 pd=0.00 pa=+0.00 | srch=0.21 | wall=2.77
R5[T2][BASE_ESC  ]: L=+0.00 R=+1.00 | carry=0 | base=0.04 ba=-0.59 | site=1 sd=0.27 sa=+0.48 | phero=0 pd=0.00 pa=+0.00 | srch=0.02 | wall=3.29
R6[T2][RTB       ]: L=+1.00 R=+1.00 | carry=1 | base=0.11 ba=+0.00 | site=0 sd=0.00 sa=+0.00 | phero=0 pd=0.00 pa=+0.00 | srch=0.00 | wall=3.10
R7[T2][SITE      ]: L=+0.06 R=+0.07 | carry=0 | base=0.34 ba=-1.00 | site=1 sd=0.16 sa=-0.01 | phero=0 pd=0.00 pa=+0.00 | srch=0.38 | wall=1.83
R8[T2][SITE      ]: L=+0.78 R=+1.00 | carry=0 | base=0.56 ba=+0.84 | site=1 sd=0.03 sa=+0.31 | phero=0 pd=0.00 pa=+0.00 | srch=0.21 | wall=0.75

[DEPOSIT] Robot 3 deposited! Total: 67
  [PHERO] Laid at (2.97, 0.54) density=9 prob=1.00 total_entries=18
  [TARGET] Robot 3 → SITE (2.97,0.54)
[GIVE-UP] R4 giving up after 873 steps
[DEPOSIT] Robot 6 deposited! Total: 68
  [PHERO] Laid at (0.54, -0.75) density=1 prob=0.20 total_entries=18
  [TARGET] Robot 6 → SITE (0.54,-0.75)
[DEPOSIT] Robot 2 deposited! Total: 69
  [PHERO] Laid at (0.61, 1.23) density=8 prob=1.00 total_entries=19
  [TARGET] Robot 2 → SITE (0.61,1.23)
[PICKUP] Robot 8 picked up tag (density=8) | Total: 70
[EMPTY_RTN] R4 → phero(2.97,0.54)
[PICKUP] Robot 5 picked up tag (density=7) | Total: 71

======================================================================
Step 12500 (6.7 min) | Pickups: 71 | Deposits: 69 | Rate: 10.35 tags/min | phero_entries=19 phero_max=0.525
======================================================================
R1[T1][EXPLORE   ]: L=+1.00 R=+1.00 | carry=0 | base=0.58 ba=-0.58 | site=0 sd=0.00 sa=+0.00 | phero=0 pd=0.00 pa=+0.00 | srch=0.55 | wall=1.33
R2[T1][SITE      ]: L=+0.71 R=+0.79 | carry=0 | base=0.20 ba=-0.92 | site=1 sd=0.08 sa=-0.04 | phero=0 pd=0.00 pa=+0.00 | srch=0.10 | wall=2.56
R3[T1][SITE      ]: L=+1.00 R=+1.00 | carry=0 | base=0.30 ba=+0.97 | site=1 sd=0.32 sa=-0.15 | phero=0 pd=0.00 pa=+0.00 | srch=0.12 | wall=2.11
R4[T1][BASE_ESC  ]: L=+1.00 R=+0.00 | carry=0 | base=0.05 ba=+0.40 | site=0 sd=0.00 sa=+0.00 | phero=1 pd=0.65 pa=+0.20 | srch=0.08 | wall=3.32
R5[T2][RTB       ]: L=+0.00 R=+1.00 | carry=1 | base=0.35 ba=+0.45 | site=0 sd=0.00 sa=+0.00 | phero=0 pd=0.00 pa=+0.00 | srch=0.00 | wall=1.91
R6[T2][SITE      ]: L=+1.00 R=+0.17 | carry=0 | base=0.20 ba=-0.28 | site=1 sd=0.01 sa=-0.35 | phero=0 pd=0.00 pa=+0.00 | srch=0.11 | wall=2.69
R7[T2][SITE      ]: L=+0.19 R=+0.19 | carry=0 | base=0.44 ba=-0.99 | site=1 sd=0.07 sa=-0.08 | phero=0 pd=0.00 pa=+0.00 | srch=0.51 | wall=1.36
R8[T2][RTB       ]: L=+1.00 R=+1.00 | carry=1 | base=0.29 ba=+0.00 | site=0 sd=0.00 sa=+0.00 | phero=0 pd=0.00 pa=+0.00 | srch=0.00 | wall=2.07

[GIVE-UP] R1 giving up after 2372 steps
[PICKUP] Robot 3 picked up tag (density=7) | Total: 72
[DEPOSIT] Robot 8 deposited! Total: 70
  [PHERO] Laid at (2.73, 0.39) density=8 prob=1.00 total_entries=18
  [TARGET] Robot 8 → SITE (2.73,0.39)
[DEPOSIT] Robot 5 deposited! Total: 71
  [TARGET] Robot 5 → SITE (0.68,1.58)

======================================================================
Step 13000 (6.9 min) | Pickups: 72 | Deposits: 71 | Rate: 10.24 tags/min | phero_entries=17 phero_max=0.741
======================================================================
R1[T1][GIVE_UP   ]: L=+1.00 R=+1.00 | carry=0 | base=0.41 ba=-0.00 | site=0 sd=0.00 sa=+0.00 | phero=0 pd=0.00 pa=+0.00 | srch=0.68 | wall=1.71
R2[T1][EXPLORE   ]: L=+1.00 R=+1.00 | carry=0 | base=0.56 ba=-0.93 | site=0 sd=0.00 sa=+0.00 | phero=0 pd=0.00 pa=+0.00 | srch=0.23 | wall=1.34
R3[T1][RTB       ]: L=+1.00 R=+1.00 | carry=1 | base=0.44 ba=-0.00 | site=0 sd=0.00 sa=+0.00 | phero=0 pd=0.00 pa=+0.00 | srch=0.00 | wall=1.38
R4[T1][PHERO     ]: L=+0.63 R=+0.63 | carry=0 | base=0.10 ba=+0.82 | site=0 sd=0.00 sa=+0.00 | phero=1 pd=0.54 pa=+0.10 | srch=0.21 | wall=3.08
R5[T2][BASE_ESC  ]: L=+1.00 R=+0.00 | carry=0 | base=0.04 ba=+0.58 | site=1 sd=0.30 sa=-0.49 | phero=0 pd=0.00 pa=+0.00 | srch=0.02 | wall=3.28
R6[T2][EXPLORE   ]: L=+1.00 R=+1.00 | carry=0 | base=0.21 ba=-0.85 | site=0 sd=0.00 sa=+0.00 | phero=0 pd=0.00 pa=+0.00 | srch=0.23 | wall=2.46
R7[T2][SITE      ]: L=+0.21 R=+0.20 | carry=0 | base=0.46 ba=-0.95 | site=1 sd=0.05 sa=+0.02 | phero=0 pd=0.00 pa=+0.00 | srch=0.63 | wall=1.25
R8[T2][SITE      ]: L=+1.00 R=+0.97 | carry=0 | base=0.10 ba=-0.93 | site=1 sd=0.46 sa=+0.00 | phero=0 pd=0.00 pa=+0.00 | srch=0.05 | wall=3.03

[PICKUP] Robot 6 picked up tag (density=16) | Total: 73
[EMPTY_RTN] R1 → phero(2.73,0.39)

======================================================================
Step 13500 (7.2 min) | Pickups: 73 | Deposits: 71 | Rate: 9.86 tags/min | phero_entries=14 phero_max=0.333
======================================================================
R1[T1][BASE_ESC  ]: L=+0.00 R=+1.00 | carry=0 | base=0.04 ba=-0.33 | site=0 sd=0.00 sa=+0.00 | phero=1 pd=0.51 pa=+0.57 | srch=0.01 | wall=3.30
R2[T1][EXPLORE   ]: L=+1.00 R=+0.92 | carry=0 | base=0.87 ba=-0.40 | site=0 sd=0.00 sa=+0.00 | phero=0 pd=0.00 pa=+0.00 | srch=0.35 | wall=0.42
R3[T1][RTB       ]: L=+1.00 R=+0.99 | carry=1 | base=0.05 ba=-0.01 | site=0 sd=0.00 sa=+0.00 | phero=0 pd=0.00 pa=+0.00 | srch=0.00 | wall=3.24
R4[T1][PHERO     ]: L=+1.00 R=+1.00 | carry=0 | base=0.34 ba=+0.92 | site=0 sd=0.00 sa=+0.00 | phero=1 pd=0.30 pa=+0.13 | srch=0.33 | wall=1.81
R5[T2][SITE      ]: L=+0.23 R=+1.00 | carry=0 | base=0.36 ba=+0.69 | site=1 sd=0.02 sa=+0.52 | phero=0 pd=0.00 pa=+0.00 | srch=0.14 | wall=1.87
R6[T2][RTB       ]: L=+1.00 R=+0.07 | carry=1 | base=0.53 ba=-0.37 | site=0 sd=0.00 sa=+0.00 | phero=0 pd=0.00 pa=+0.00 | srch=0.00 | wall=1.07
R7[T2][SITE      ]: L=-0.31 R=-0.33 | carry=0 | base=0.47 ba=-0.94 | site=1 sd=0.03 sa=+0.02 | phero=0 pd=0.00 pa=+0.00 | srch=0.76 | wall=1.20
R8[T2][SITE      ]: L=+0.91 R=+1.00 | carry=0 | base=0.48 ba=-0.96 | site=1 sd=0.11 sa=+0.30 | phero=0 pd=0.00 pa=+0.00 | srch=0.17 | wall=1.13

[DEPOSIT] Robot 3 deposited! Total: 72
  [PHERO] Laid at (2.44, 0.67) density=7 prob=0.99 total_entries=15
  [TARGET] Robot 3 → SITE (2.44,0.67)
[PICKUP] Robot 5 picked up tag (density=6) | Total: 74
[DEPOSIT] Robot 5 deposited! Total: 73
  [PHERO] Laid at (0.60, 1.64) density=6 prob=0.97 total_entries=14
  [TARGET] Robot 5 → SITE (0.60,1.64)

======================================================================
Step 14000 (7.5 min) | Pickups: 74 | Deposits: 73 | Rate: 9.78 tags/min | phero_entries=14 phero_max=0.990
======================================================================
R1[T1][PHERO     ]: L=+1.00 R=+1.00 | carry=0 | base=0.33 ba=-0.97 | site=0 sd=0.00 sa=+0.00 | phero=1 pd=0.27 pa=+0.27 | srch=0.13 | wall=1.88
R2[T1][EXPLORE   ]: L=+1.00 R=+1.00 | carry=0 | base=0.77 ba=+1.00 | site=0 sd=0.00 sa=+0.00 | phero=0 pd=0.00 pa=+0.00 | srch=0.48 | wall=0.38
R3[T1][SITE      ]: L=+0.97 R=+0.98 | carry=0 | base=0.32 ba=+0.96 | site=1 sd=0.19 sa=-0.00 | phero=0 pd=0.00 pa=+0.00 | srch=0.12 | wall=1.96
R4[T1][PHERO     ]: L=+0.91 R=+1.00 | carry=0 | base=0.61 ba=+0.57 | site=0 sd=0.00 sa=+0.00 | phero=1 pd=0.03 pa=+0.09 | srch=0.46 | wall=0.51
R5[T2][BASE_ESC  ]: L=+1.00 R=+0.00 | carry=0 | base=0.05 ba=+0.11 | site=1 sd=0.31 sa=-0.89 | phero=0 pd=0.00 pa=+0.00 | srch=0.00 | wall=3.28
R6[T2][RTB       ]: L=+1.00 R=+1.00 | carry=1 | base=0.17 ba=-0.00 | site=0 sd=0.00 sa=+0.00 | phero=0 pd=0.00 pa=+0.00 | srch=0.00 | wall=2.75
R7[T2][WALL_ESC  ]: L=+1.00 R=+1.00 | carry=0 | base=0.64 ba=-0.87 | site=0 sd=0.00 sa=+0.00 | phero=0 pd=0.00 pa=+0.00 | srch=0.88 | wall=0.35
R8[T2][EXPLORE   ]: L=+1.00 R=+1.00 | carry=0 | base=0.48 ba=-0.05 | site=0 sd=0.00 sa=+0.00 | phero=0 pd=0.00 pa=+0.00 | srch=0.30 | wall=1.16

[PICKUP] Robot 4 picked up tag (density=6) | Total: 75
[DEPOSIT] Robot 6 deposited! Total: 74
  [PHERO] Laid at (-2.42, 0.97) density=16 prob=1.00 total_entries=15
  [TARGET] Robot 6 → SITE (-2.42,0.97)
[GIVE-UP] R8 giving up after 1363 steps
[PICKUP] Robot 5 picked up tag (density=5) | Total: 76

======================================================================
Step 14500 (7.7 min) | Pickups: 76 | Deposits: 74 | Rate: 9.57 tags/min | phero_entries=15 phero_max=0.572
======================================================================
R1[T1][WALL_ESC  ]: L=+0.00 R=+1.00 | carry=0 | base=0.66 ba=+0.33 | site=0 sd=0.00 sa=+0.00 | phero=1 pd=0.24 pa=+0.03 | srch=0.26 | wall=0.32
R2[T1][WALL_ESC  ]: L=+0.00 R=+1.00 | carry=0 | base=0.86 ba=+0.41 | site=0 sd=0.00 sa=+0.00 | phero=0 pd=0.00 pa=+0.00 | srch=0.60 | wall=0.31
R3[T1][SITE      ]: L=-0.09 R=-0.08 | carry=0 | base=0.36 ba=-0.95 | site=1 sd=0.15 sa=+0.04 | phero=0 pd=0.00 pa=+0.00 | srch=0.25 | wall=1.80
R4[T1][RTB       ]: L=+1.00 R=+1.00 | carry=1 | base=0.33 ba=-0.00 | site=0 sd=0.00 sa=+0.00 | phero=0 pd=0.00 pa=+0.00 | srch=0.00 | wall=1.90
R5[T2][RTB       ]: L=+1.00 R=+0.00 | carry=1 | base=0.28 ba=-0.74 | site=0 sd=0.00 sa=+0.00 | phero=0 pd=0.00 pa=+0.00 | srch=0.00 | wall=2.17
R6[T2][SITE      ]: L=+1.00 R=+1.00 | carry=0 | base=0.23 ba=+1.00 | site=1 sd=0.33 sa=+0.24 | phero=0 pd=0.00 pa=+0.00 | srch=0.09 | wall=2.66
R7[T2][EXPLORE   ]: L=+0.95 R=+1.00 | carry=0 | base=0.67 ba=-0.84 | site=0 sd=0.00 sa=+0.00 | phero=0 pd=0.00 pa=+0.00 | srch=1.00 | wall=0.36
R8[T2][GIVE_UP   ]: L=+1.00 R=+1.00 | carry=0 | base=0.09 ba=-0.00 | site=0 sd=0.00 sa=+0.00 | phero=0 pd=0.00 pa=+0.00 | srch=0.42 | wall=3.05

[EMPTY_RTN] R8 → phero(0.60,1.64)
[DEPOSIT] Robot 4 deposited! Total: 75
  [PHERO] Laid at (2.96, 0.64) density=6 prob=0.97 total_entries=14
  [TARGET] Robot 4 → SITE (2.96,0.64)
[DEPOSIT] Robot 5 deposited! Total: 76
  [PHERO] Laid at (0.44, 1.31) density=5 prob=0.92 total_entries=14
  [TARGET] Robot 5 → SITE (0.44,1.31)
[PICKUP] Robot 6 picked up tag (density=15) | Total: 77

======================================================================
Step 15000 (8.0 min) | Pickups: 77 | Deposits: 76 | Rate: 9.50 tags/min | phero_entries=14 phero_max=0.841
======================================================================
R1[T1][PHERO     ]: L=+1.00 R=+0.90 | carry=0 | base=0.44 ba=+0.70 | site=0 sd=0.00 sa=+0.00 | phero=1 pd=0.12 pa=-0.43 | srch=0.38 | wall=1.37
R2[T1][EXPLORE   ]: L=+1.00 R=+1.00 | carry=0 | base=0.51 ba=+0.09 | site=0 sd=0.00 sa=+0.00 | phero=0 pd=0.00 pa=+0.00 | srch=0.73 | wall=1.47
R3[T1][SITE      ]: L=+0.32 R=+0.32 | carry=0 | base=0.38 ba=-0.92 | site=1 sd=0.13 sa=+0.09 | phero=0 pd=0.00 pa=+0.00 | srch=0.37 | wall=1.68
R4[T1][SITE      ]: L=+1.00 R=+1.00 | carry=0 | base=0.07 ba=-0.92 | site=1 sd=0.55 sa=+0.19 | phero=0 pd=0.00 pa=+0.00 | srch=0.03 | wall=3.17
R5[T2][BASE_ESC  ]: L=+0.53 R=+1.00 | carry=0 | base=0.05 ba=-0.87 | site=1 sd=0.23 sa=+0.25 | phero=0 pd=0.00 pa=+0.00 | srch=0.03 | wall=3.30
R6[T2][RTB       ]: L=+0.00 R=+1.00 | carry=1 | base=0.53 ba=+0.69 | site=0 sd=0.00 sa=+0.00 | phero=0 pd=0.00 pa=+0.00 | srch=0.00 | wall=1.05
R7[T2][EXPLORE   ]: L=+0.37 R=+1.00 | carry=0 | base=0.62 ba=-0.54 | site=0 sd=0.00 sa=+0.00 | phero=0 pd=0.00 pa=+0.00 | srch=1.00 | wall=0.66
R8[T2][PHERO     ]: L=+1.00 R=+1.00 | carry=0 | base=0.13 ba=+0.96 | site=0 sd=0.00 sa=+0.00 | phero=1 pd=0.22 pa=+0.05 | srch=0.11 | wall=2.94

[PICKUP] Robot 1 picked up tag (density=5) | Total: 78
[GIVE-UP] R7 giving up after 4781 steps
[PICKUP] Robot 3 picked up tag (density=4) | Total: 79
[PICKUP] Robot 8 picked up tag (density=4) | Total: 80

======================================================================
Step 15500 (8.3 min) | Pickups: 80 | Deposits: 76 | Rate: 9.19 tags/min | phero_entries=11 phero_max=0.378
======================================================================
R1[T1][RTB       ]: L=+1.00 R=+1.00 | carry=1 | base=0.42 ba=-0.00 | site=0 sd=0.00 sa=+0.00 | phero=0 pd=0.00 pa=+0.00 | srch=0.00 | wall=1.51
R2[T1][EXPLORE   ]: L=+1.00 R=+1.00 | carry=0 | base=0.17 ba=+0.31 | site=0 sd=0.00 sa=+0.00 | phero=0 pd=0.00 pa=+0.00 | srch=0.85 | wall=2.65
R3[T1][RTB       ]: L=+1.00 R=+1.00 | carry=1 | base=0.43 ba=+0.00 | site=0 sd=0.00 sa=+0.00 | phero=0 pd=0.00 pa=+0.00 | srch=0.00 | wall=1.49
R4[T1][SITE      ]: L=+0.97 R=+1.00 | carry=0 | base=0.45 ba=+0.89 | site=1 sd=0.25 sa=+0.22 | phero=0 pd=0.00 pa=+0.00 | srch=0.16 | wall=1.31
R5[T2][SITE      ]: L=+0.82 R=+1.00 | carry=0 | base=0.34 ba=+0.34 | site=1 sd=0.06 sa=+0.29 | phero=0 pd=0.00 pa=+0.00 | srch=0.15 | wall=1.92
R6[T2][RTB       ]: L=+1.00 R=+1.00 | carry=1 | base=0.20 ba=+0.00 | site=0 sd=0.00 sa=+0.00 | phero=0 pd=0.00 pa=+0.00 | srch=0.00 | wall=2.55
R7[T2][GIVE_UP   ]: L=+1.00 R=+1.00 | carry=0 | base=0.44 ba=-0.00 | site=0 sd=0.00 sa=+0.00 | phero=0 pd=0.00 pa=+0.00 | srch=1.00 | wall=1.48
R8[T2][RTB       ]: L=+0.99 R=+1.00 | carry=1 | base=0.32 ba=+0.01 | site=0 sd=0.00 sa=+0.00 | phero=0 pd=0.00 pa=+0.00 | srch=0.00 | wall=2.00

[PICKUP] Robot 5 picked up tag (density=3) | Total: 81
[DEPOSIT] Robot 6 deposited! Total: 77
  [PHERO] Laid at (-2.43, 0.93) density=15 prob=1.00 total_entries=11
  [TARGET] Robot 6 → SITE (-2.43,0.93)
[DEPOSIT] Robot 8 deposited! Total: 78
  [PHERO] Laid at (0.57, 1.68) density=4 prob=0.82 total_entries=12
  [TARGET] Robot 8 → SITE (0.57,1.68)
[DEPOSIT] Robot 5 deposited! Total: 79
  [PHERO] Laid at (0.58, 1.58) density=3 prob=0.65 total_entries=13
  [TARGET] Robot 5 → SITE (0.58,1.58)
[DEPOSIT] Robot 1 deposited! Total: 80
  [PHERO] Laid at (2.69, 0.82) density=5 prob=0.92 total_entries=14
  [TARGET] Robot 1 → SITE (2.69,0.82)
[DEPOSIT] Robot 3 deposited! Total: 81
  [PHERO] Laid at (2.45, 0.66) density=4 prob=0.82 total_entries=15
  [TARGET] Robot 3 → SITE (2.45,0.66)

======================================================================
Step 16000 (8.5 min) | Pickups: 81 | Deposits: 81 | Rate: 9.49 tags/min | phero_entries=15 phero_max=0.981
======================================================================
R1[T1][BASE_ESC  ]: L=+1.00 R=+0.00 | carry=0 | base=0.03 ba=+0.22 | site=1 sd=0.54 sa=-0.79 | phero=0 pd=0.00 pa=+0.00 | srch=0.01 | wall=3.35
R2[T1][EXPLORE   ]: L=+1.00 R=+1.00 | carry=0 | base=0.32 ba=+0.85 | site=0 sd=0.00 sa=+0.00 | phero=0 pd=0.00 pa=+0.00 | srch=0.98 | wall=1.93
R3[T1][BASE_ESC  ]: L=+1.00 R=+0.00 | carry=0 | base=0.05 ba=+0.17 | site=1 sd=0.47 sa=-0.87 | phero=0 pd=0.00 pa=+0.00 | srch=0.00 | wall=3.28
R4[T1][EXPLORE   ]: L=+1.00 R=+1.00 | carry=0 | base=0.58 ba=+0.32 | site=0 sd=0.00 sa=+0.00 | phero=0 pd=0.00 pa=+0.00 | srch=0.28 | wall=0.78
R5[T2][SITE      ]: L=+1.00 R=-0.20 | carry=0 | base=0.05 ba=+0.66 | site=1 sd=0.29 sa=-0.42 | phero=0 pd=0.00 pa=+0.00 | srch=0.02 | wall=3.23
R6[T2][SITE      ]: L=+1.00 R=+1.00 | carry=0 | base=0.18 ba=+1.00 | site=1 sd=0.35 sa=-0.08 | phero=0 pd=0.00 pa=+0.00 | srch=0.08 | wall=2.61
R7[T2][GIVE_UP   ]: L=+1.00 R=+1.00 | carry=0 | base=0.05 ba=-0.00 | site=0 sd=0.00 sa=+0.00 | phero=0 pd=0.00 pa=+0.00 | srch=1.00 | wall=3.26
R8[T2][BASE_ESC  ]: L=+1.00 R=+0.99 | carry=0 | base=0.04 ba=+1.00 | site=1 sd=0.32 sa=-0.12 | phero=0 pd=0.00 pa=+0.00 | srch=0.04 | wall=3.30

[EMPTY_RTN] R7 → phero(-2.43,0.93)
[PICKUP] Robot 8 picked up tag (density=2) | Total: 82

======================================================================
Step 16500 (8.8 min) | Pickups: 82 | Deposits: 81 | Rate: 9.20 tags/min | phero_entries=11 phero_max=0.441
======================================================================
R1[T1][SITE      ]: L=+1.00 R=+1.00 | carry=0 | base=0.34 ba=+1.00 | site=1 sd=0.28 sa=-0.27 | phero=0 pd=0.00 pa=+0.00 | srch=0.13 | wall=2.18
R2[T1][EXPLORE   ]: L=+1.00 R=+1.00 | carry=0 | base=0.69 ba=+0.93 | site=0 sd=0.00 sa=+0.00 | phero=0 pd=0.00 pa=+0.00 | srch=1.00 | wall=0.41
R3[T1][SITE      ]: L=+1.00 R=+0.98 | carry=0 | base=0.35 ba=-0.88 | site=1 sd=0.20 sa=-0.11 | phero=0 pd=0.00 pa=+0.00 | srch=0.13 | wall=2.01
R4[T1][EXPLORE   ]: L=+1.00 R=+1.00 | carry=0 | base=0.49 ba=+0.55 | site=0 sd=0.00 sa=+0.00 | phero=0 pd=0.00 pa=+0.00 | srch=0.41 | wall=1.39
R5[T2][SITE      ]: L=+0.79 R=+0.76 | carry=0 | base=0.21 ba=-0.93 | site=1 sd=0.14 sa=-0.08 | phero=0 pd=0.00 pa=+0.00 | srch=0.15 | wall=2.48
R6[T2][SITE      ]: L=+0.16 R=+0.14 | carry=0 | base=0.23 ba=-0.94 | site=1 sd=0.30 sa=-0.04 | phero=0 pd=0.00 pa=+0.00 | srch=0.20 | wall=2.37
R7[T2][BASE_ESC  ]: L=+0.00 R=+1.00 | carry=0 | base=0.05 ba=-0.41 | site=0 sd=0.00 sa=+0.00 | phero=1 pd=0.56 pa=-0.20 | srch=0.12 | wall=3.29
R8[T2][RTB       ]: L=+1.00 R=+0.94 | carry=1 | base=0.26 ba=-0.02 | site=0 sd=0.00 sa=+0.00 | phero=0 pd=0.00 pa=+0.00 | srch=0.00 | wall=2.29

[PICKUP] Robot 5 picked up tag (density=1) | Total: 83
[DEPOSIT] Robot 8 deposited! Total: 82
  [PHERO] Laid at (0.45, 1.39) density=2 prob=0.42 total_entries=12
  [TARGET] Robot 8 → SITE (0.45,1.39)

======================================================================
Step 17000 (9.1 min) | Pickups: 83 | Deposits: 82 | Rate: 9.04 tags/min | phero_entries=12 phero_max=0.700
======================================================================
R1[T1][SITE      ]: L=+1.00 R=+0.81 | carry=0 | base=0.59 ba=-0.38 | site=1 sd=0.03 sa=-0.19 | phero=0 pd=0.00 pa=+0.00 | srch=0.26 | wall=0.74
R2[T1][EXPLORE   ]: L=+1.00 R=+1.00 | carry=0 | base=0.57 ba=+0.42 | site=0 sd=0.00 sa=+0.00 | phero=0 pd=0.00 pa=+0.00 | srch=1.00 | wall=1.30
R3[T1][EXPLORE   ]: L=+1.00 R=+1.00 | carry=0 | base=0.52 ba=-0.56 | site=0 sd=0.00 sa=+0.00 | phero=0 pd=0.00 pa=+0.00 | srch=0.25 | wall=0.90
R4[T1][EXPLORE   ]: L=+1.00 R=+1.00 | carry=0 | base=0.63 ba=+0.22 | site=0 sd=0.00 sa=+0.00 | phero=0 pd=0.00 pa=+0.00 | srch=0.53 | wall=0.38
R5[T2][RTB       ]: L=+1.00 R=+1.00 | carry=1 | base=0.17 ba=-0.00 | site=0 sd=0.00 sa=+0.00 | phero=0 pd=0.00 pa=+0.00 | srch=0.00 | wall=2.71
R6[T2][SITE      ]: L=+0.71 R=+0.70 | carry=0 | base=0.30 ba=-0.93 | site=1 sd=0.23 sa=-0.03 | phero=0 pd=0.00 pa=+0.00 | srch=0.33 | wall=2.05
R7[T2][PHERO     ]: L=+0.98 R=+1.00 | carry=0 | base=0.11 ba=-0.84 | site=0 sd=0.00 sa=+0.00 | phero=1 pd=0.42 pa=+0.11 | srch=0.25 | wall=2.99
R8[T2][SITE      ]: L=+0.87 R=+0.87 | carry=0 | base=0.12 ba=+0.95 | site=1 sd=0.18 sa=+0.06 | phero=0 pd=0.00 pa=+0.00 | srch=0.06 | wall=2.99

[PICKUP] Robot 2 picked up tag (density=16) | Total: 84
[PICKUP] Robot 1 picked up tag (density=3) | Total: 85
[DEPOSIT] Robot 5 deposited! Total: 83
  [PHERO] Laid at (0.40, 1.44) density=1 prob=0.20 total_entries=12
  [TARGET] Robot 5 → PHERO (0.58,1.58)
[PICKUP] Robot 6 picked up tag (density=14) | Total: 86

======================================================================
Step 17500 (9.3 min) | Pickups: 86 | Deposits: 83 | Rate: 8.89 tags/min | phero_entries=12 phero_max=0.575
======================================================================
R1[T1][RTB       ]: L=+1.00 R=+1.00 | carry=1 | base=0.23 ba=-0.00 | site=0 sd=0.00 sa=+0.00 | phero=0 pd=0.00 pa=+0.00 | srch=0.00 | wall=2.40
R2[T1][RTB       ]: L=+1.00 R=+1.00 | carry=1 | base=0.21 ba=+0.00 | site=0 sd=0.00 sa=+0.00 | phero=0 pd=0.00 pa=+0.00 | srch=0.00 | wall=2.66
R3[T1][EXPLORE   ]: L=+1.00 R=+1.00 | carry=0 | base=0.70 ba=-0.74 | site=0 sd=0.00 sa=+0.00 | phero=0 pd=0.00 pa=+0.00 | srch=0.38 | wall=0.64
R4[T1][EXPLORE   ]: L=+1.00 R=+1.00 | carry=0 | base=0.41 ba=+0.42 | site=0 sd=0.00 sa=+0.00 | phero=0 pd=0.00 pa=+0.00 | srch=0.66 | wall=1.90
R5[T2][PHERO     ]: L=+1.00 R=+1.00 | carry=0 | base=0.21 ba=+0.95 | site=0 sd=0.00 sa=+0.00 | phero=1 pd=0.14 pa=-0.17 | srch=0.09 | wall=2.48
R6[T2][RTB       ]: L=+1.00 R=+0.00 | carry=1 | base=0.53 ba=-0.51 | site=0 sd=0.00 sa=+0.00 | phero=0 pd=0.00 pa=+0.00 | srch=0.00 | wall=1.04
R7[T2][PHERO     ]: L=+0.47 R=+0.49 | carry=0 | base=0.30 ba=+0.95 | site=0 sd=0.00 sa=+0.00 | phero=1 pd=0.24 pa=+0.06 | srch=0.37 | wall=2.23
R8[T2][EXPLORE   ]: L=+1.00 R=+0.38 | carry=0 | base=0.30 ba=+0.41 | site=0 sd=0.00 sa=+0.00 | phero=0 pd=0.00 pa=+0.00 | srch=0.18 | wall=2.08

[DEPOSIT] Robot 2 deposited! Total: 84
  [PHERO] Laid at (-1.75, -2.21) density=16 prob=1.00 total_entries=13
  [TARGET] Robot 2 → SITE (-1.75,-2.21)
[DEPOSIT] Robot 1 deposited! Total: 85
  [TARGET] Robot 1 → SITE (2.75,0.82)
[PICKUP] Robot 7 picked up tag (density=13) | Total: 87

======================================================================
Step 18000 (9.6 min) | Pickups: 87 | Deposits: 85 | Rate: 8.85 tags/min | phero_entries=12 phero_max=0.627
======================================================================
R1[T1][SITE      ]: L=+1.00 R=+1.00 | carry=0 | base=0.17 ba=+1.00 | site=1 sd=0.43 sa=+0.19 | phero=0 pd=0.00 pa=+0.00 | srch=0.07 | wall=2.67
R2[T1][SITE      ]: L=+1.00 R=+1.00 | carry=0 | base=0.19 ba=+0.97 | site=1 sd=0.42 sa=-0.27 | phero=0 pd=0.00 pa=+0.00 | srch=0.07 | wall=2.57
R3[T1][EXPLORE   ]: L=+1.00 R=+1.00 | carry=0 | base=0.84 ba=+0.02 | site=0 sd=0.00 sa=+0.00 | phero=0 pd=0.00 pa=+0.00 | srch=0.50 | wall=0.47
R4[T1][EXPLORE   ]: L=+1.00 R=+1.00 | carry=0 | base=0.31 ba=+0.39 | site=0 sd=0.00 sa=+0.00 | phero=0 pd=0.00 pa=+0.00 | srch=0.78 | wall=1.97
R5[T2][PHERO     ]: L=+1.00 R=+0.94 | carry=0 | base=0.46 ba=-0.31 | site=0 sd=0.00 sa=+0.00 | phero=1 pd=0.12 pa=-0.40 | srch=0.21 | wall=1.47
R6[T2][RTB       ]: L=+1.00 R=+1.00 | carry=1 | base=0.19 ba=+0.00 | site=0 sd=0.00 sa=+0.00 | phero=0 pd=0.00 pa=+0.00 | srch=0.00 | wall=2.65
R7[T2][RTB       ]: L=+0.00 R=+1.00 | carry=1 | base=0.54 ba=+0.82 | site=0 sd=0.00 sa=+0.00 | phero=0 pd=0.00 pa=+0.00 | srch=0.00 | wall=0.98
R8[T2][EXPLORE   ]: L=+1.00 R=+0.62 | carry=0 | base=0.35 ba=-0.67 | site=0 sd=0.00 sa=+0.00 | phero=0 pd=0.00 pa=+0.00 | srch=0.31 | wall=1.77

[DEPOSIT] Robot 6 deposited! Total: 86
  [PHERO] Laid at (-2.44, 0.95) density=14 prob=1.00 total_entries=13
  [TARGET] Robot 6 → SITE (-2.44,0.95)

======================================================================
Step 18500 (9.9 min) | Pickups: 87 | Deposits: 86 | Rate: 8.72 tags/min | phero_entries=11 phero_max=0.597
======================================================================
R1[T1][SITE      ]: L=+0.94 R=+1.00 | carry=0 | base=0.54 ba=+0.81 | site=1 sd=0.17 sa=+0.29 | phero=0 pd=0.00 pa=+0.00 | srch=0.19 | wall=0.82
R2[T1][SITE      ]: L=+1.00 R=+0.95 | carry=0 | base=0.56 ba=-0.80 | site=1 sd=0.28 sa=-0.37 | phero=0 pd=0.00 pa=+0.00 | srch=0.20 | wall=0.76
R3[T1][EXPLORE   ]: L=+1.00 R=+1.00 | carry=0 | base=0.45 ba=+0.04 | site=0 sd=0.00 sa=+0.00 | phero=0 pd=0.00 pa=+0.00 | srch=0.63 | wall=1.77
R4[T1][EXPLORE   ]: L=+1.00 R=+0.93 | carry=0 | base=0.42 ba=+0.88 | site=0 sd=0.00 sa=+0.00 | phero=0 pd=0.00 pa=+0.00 | srch=0.91 | wall=1.66
R5[T2][EXPLORE   ]: L=+1.00 R=+1.00 | carry=0 | base=0.39 ba=+1.00 | site=0 sd=0.00 sa=+0.00 | phero=0 pd=0.00 pa=+0.00 | srch=0.34 | wall=1.69
R6[T2][SITE      ]: L=+1.00 R=+1.00 | carry=0 | base=0.21 ba=+0.97 | site=1 sd=0.36 sa=-0.27 | phero=0 pd=0.00 pa=+0.00 | srch=0.08 | wall=2.46
R7[T2][RTB       ]: L=+1.00 R=+1.00 | carry=1 | base=0.24 ba=+0.00 | site=0 sd=0.00 sa=+0.00 | phero=0 pd=0.00 pa=+0.00 | srch=0.00 | wall=2.39
R8[T2][EXPLORE   ]: L=+1.00 R=+1.00 | carry=0 | base=0.41 ba=-0.60 | site=0 sd=0.00 sa=+0.00 | phero=0 pd=0.00 pa=+0.00 | srch=0.43 | wall=1.58

[PICKUP] Robot 1 picked up tag (density=2) | Total: 88
[DEPOSIT] Robot 7 deposited! Total: 87
  [PHERO] Laid at (-2.50, 0.95) density=13 prob=1.00 total_entries=12
  [TARGET] Robot 7 → SITE (-2.50,0.95)

======================================================================
Step 19000 (10.1 min) | Pickups: 88 | Deposits: 87 | Rate: 8.59 tags/min | phero_entries=12 phero_max=0.659
======================================================================
R1[T1][RTB       ]: L=+1.00 R=+1.00 | carry=1 | base=0.39 ba=+0.00 | site=0 sd=0.00 sa=+0.00 | phero=0 pd=0.00 pa=+0.00 | srch=0.00 | wall=1.60
R2[T1][SITE      ]: L=+1.00 R=+0.83 | carry=0 | base=0.60 ba=-0.18 | site=1 sd=0.03 sa=-0.17 | phero=0 pd=0.00 pa=+0.00 | srch=0.32 | wall=1.18
R3[T1][EXPLORE   ]: L=+1.00 R=+1.00 | carry=0 | base=0.09 ba=+0.24 | site=0 sd=0.00 sa=+0.00 | phero=0 pd=0.00 pa=+0.00 | srch=0.75 | wall=3.08
R4[T1][WALL_ESC  ]: L=+1.00 R=+0.00 | carry=0 | base=0.72 ba=-0.27 | site=0 sd=0.00 sa=+0.00 | phero=0 pd=0.00 pa=+0.00 | srch=1.00 | wall=0.35
R5[T2][WALL_ESC  ]: L=+0.29 R=+1.00 | carry=0 | base=0.68 ba=+0.18 | site=0 sd=0.00 sa=+0.00 | phero=0 pd=0.00 pa=+0.00 | srch=0.46 | wall=0.32
R6[T2][SITE      ]: L=+1.00 R=+0.91 | carry=0 | base=0.55 ba=-0.66 | site=1 sd=0.16 sa=-0.24 | phero=0 pd=0.00 pa=+0.00 | srch=0.21 | wall=0.81
R7[T2][SITE      ]: L=+1.00 R=+1.00 | carry=0 | base=0.16 ba=+0.97 | site=1 sd=0.41 sa=-0.26 | phero=0 pd=0.00 pa=+0.00 | srch=0.07 | wall=2.70
R8[T2][EXPLORE   ]: L=+1.00 R=+1.00 | carry=0 | base=0.37 ba=-0.15 | site=0 sd=0.00 sa=+0.00 | phero=0 pd=0.00 pa=+0.00 | srch=0.56 | wall=1.94

[PICKUP] Robot 2 picked up tag (density=15) | Total: 89
[PICKUP] Robot 6 picked up tag (density=12) | Total: 90
[DEPOSIT] Robot 1 deposited! Total: 88
  [TARGET] Robot 1 → SITE (2.89,0.61)

======================================================================
Step 19500 (10.4 min) | Pickups: 90 | Deposits: 88 | Rate: 8.46 tags/min | phero_entries=10 phero_max=0.296
======================================================================
R1[T1][BASE_ESC  ]: L=+1.00 R=+0.00 | carry=0 | base=0.04 ba=+0.50 | site=1 sd=0.55 sa=-0.55 | phero=0 pd=0.00 pa=+0.00 | srch=0.01 | wall=3.29
R2[T1][RTB       ]: L=+1.00 R=+1.00 | carry=1 | base=0.22 ba=-0.00 | site=0 sd=0.00 sa=+0.00 | phero=0 pd=0.00 pa=+0.00 | srch=0.00 | wall=2.67
R3[T1][EXPLORE   ]: L=+1.00 R=+1.00 | carry=0 | base=0.33 ba=+0.93 | site=0 sd=0.00 sa=+0.00 | phero=0 pd=0.00 pa=+0.00 | srch=0.88 | wall=2.13
R4[T1][EXPLORE   ]: L=+1.00 R=+1.00 | carry=0 | base=0.53 ba=-0.42 | site=0 sd=0.00 sa=+0.00 | phero=0 pd=0.00 pa=+0.00 | srch=1.00 | wall=1.27
R5[T2][EXPLORE   ]: L=+1.00 R=+1.00 | carry=0 | base=0.33 ba=+0.20 | site=0 sd=0.00 sa=+0.00 | phero=0 pd=0.00 pa=+0.00 | srch=0.59 | wall=1.86
R6[T2][RTB       ]: L=+1.00 R=+1.00 | carry=1 | base=0.31 ba=-0.00 | site=0 sd=0.00 sa=+0.00 | phero=0 pd=0.00 pa=+0.00 | srch=0.00 | wall=2.00
R7[T2][SITE      ]: L=+0.94 R=+0.92 | carry=0 | base=0.48 ba=-0.77 | site=1 sd=0.08 sa=-0.04 | phero=0 pd=0.00 pa=+0.00 | srch=0.19 | wall=1.18
R8[T2][EXPLORE   ]: L=+1.00 R=+0.51 | carry=0 | base=0.29 ba=-0.15 | site=0 sd=0.00 sa=+0.00 | phero=0 pd=0.00 pa=+0.00 | srch=0.68 | wall=2.18

[PICKUP] Robot 7 picked up tag (density=11) | Total: 91
[GIVE-UP] R4 giving up after 4703 steps
[DEPOSIT] Robot 2 deposited! Total: 89
  [PHERO] Laid at (-1.75, -2.15) density=15 prob=1.00 total_entries=11
  [TARGET] Robot 2 → SITE (-1.75,-2.15)
[GIVE-UP] R3 giving up after 3848 steps
[DEPOSIT] Robot 6 deposited! Total: 90
  [PHERO] Laid at (-2.76, 0.65) density=12 prob=1.00 total_entries=12
  [TARGET] Robot 6 → SITE (-2.76,0.65)

======================================================================
Step 20000 (10.7 min) | Pickups: 91 | Deposits: 90 | Rate: 8.44 tags/min | phero_entries=12 phero_max=0.773
======================================================================
R1[T1][SITE      ]: L=+1.00 R=+0.98 | carry=0 | base=0.37 ba=-0.79 | site=1 sd=0.30 sa=-0.08 | phero=0 pd=0.00 pa=+0.00 | srch=0.14 | wall=2.03
R2[T1][SITE      ]: L=+1.00 R=+1.00 | carry=0 | base=0.18 ba=+1.00 | site=1 sd=0.39 sa=+0.11 | phero=0 pd=0.00 pa=+0.00 | srch=0.07 | wall=2.79
R3[T1][GIVE_UP   ]: L=+0.97 R=+1.00 | carry=0 | base=0.55 ba=+0.01 | site=0 sd=0.00 sa=+0.00 | phero=0 pd=0.00 pa=+0.00 | srch=1.00 | wall=1.45
R4[T1][GIVE_UP   ]: L=+1.00 R=+1.00 | carry=0 | base=0.21 ba=-0.00 | site=0 sd=0.00 sa=+0.00 | phero=0 pd=0.00 pa=+0.00 | srch=1.00 | wall=2.54
R5[T2][EXPLORE   ]: L=+1.00 R=+1.00 | carry=0 | base=0.22 ba=+0.67 | site=0 sd=0.00 sa=+0.00 | phero=0 pd=0.00 pa=+0.00 | srch=0.71 | wall=2.39
R6[T2][SITE      ]: L=+1.00 R=+1.00 | carry=0 | base=0.09 ba=-0.94 | site=1 sd=0.50 sa=+0.22 | phero=0 pd=0.00 pa=+0.00 | srch=0.04 | wall=3.16
R7[T2][RTB       ]: L=+1.00 R=+1.00 | carry=1 | base=0.23 ba=-0.00 | site=0 sd=0.00 sa=+0.00 | phero=0 pd=0.00 pa=+0.00 | srch=0.00 | wall=2.43
R8[T2][EXPLORE   ]: L=+1.00 R=+0.93 | carry=0 | base=0.48 ba=-0.83 | site=0 sd=0.00 sa=+0.00 | phero=0 pd=0.00 pa=+0.00 | srch=0.81 | wall=1.68

[EMPTY_RTN] R4 → phero(-1.75,-2.15)
[DEPOSIT] Robot 7 deposited! Total: 91
  [PHERO] Laid at (-2.42, 0.77) density=11 prob=1.00 total_entries=10
  [TARGET] Robot 7 → SITE (-2.42,0.77)
[PICKUP] Robot 1 picked up tag (density=1) | Total: 92
[PICKUP] Robot 2 picked up tag (density=14) | Total: 93

======================================================================
Step 20500 (10.9 min) | Pickups: 93 | Deposits: 91 | Rate: 8.32 tags/min | phero_entries=8 phero_max=0.650
======================================================================
R1[T1][RTB       ]: L=+1.00 R=+0.38 | carry=1 | base=0.53 ba=-0.24 | site=0 sd=0.00 sa=+0.00 | phero=0 pd=0.00 pa=+0.00 | srch=0.00 | wall=0.94
R2[T1][RTB       ]: L=+0.00 R=+1.00 | carry=1 | base=0.49 ba=+0.43 | site=0 sd=0.00 sa=+0.00 | phero=0 pd=0.00 pa=+0.00 | srch=0.00 | wall=1.64
R3[T1][GIVE_UP   ]: L=+1.00 R=+1.00 | carry=0 | base=0.16 ba=+0.00 | site=0 sd=0.00 sa=+0.00 | phero=0 pd=0.00 pa=+0.00 | srch=1.00 | wall=2.90
R4[T1][PHERO     ]: L=+1.00 R=+0.98 | carry=0 | base=0.13 ba=+0.96 | site=0 sd=0.00 sa=+0.00 | phero=1 pd=0.43 pa=+0.04 | srch=0.07 | wall=3.00
R5[T2][EXPLORE   ]: L=+1.00 R=+1.00 | carry=0 | base=0.54 ba=+0.87 | site=0 sd=0.00 sa=+0.00 | phero=0 pd=0.00 pa=+0.00 | srch=0.84 | wall=1.34
R6[T2][SITE      ]: L=+0.97 R=+1.00 | carry=0 | base=0.46 ba=+0.83 | site=1 sd=0.24 sa=+0.24 | phero=0 pd=0.00 pa=+0.00 | srch=0.17 | wall=1.69
R7[T2][SITE      ]: L=+0.98 R=+1.00 | carry=0 | base=0.17 ba=+0.98 | site=1 sd=0.35 sa=+0.11 | phero=0 pd=0.00 pa=+0.00 | srch=0.07 | wall=2.81
R8[T2][EXPLORE   ]: L=+1.00 R=+0.85 | carry=0 | base=0.45 ba=+0.58 | site=0 sd=0.00 sa=+0.00 | phero=0 pd=0.00 pa=+0.00 | srch=0.93 | wall=1.70

[EMPTY_RTN] R3 → phero(-2.42,0.77)
[PICKUP] Robot 6 picked up tag (density=10) | Total: 94

======================================================================
Step 21000 (11.2 min) | Pickups: 94 | Deposits: 91 | Rate: 8.12 tags/min | phero_entries=8 phero_max=0.292
======================================================================
R1[T1][RTB       ]: L=+1.00 R=+1.00 | carry=1 | base=0.16 ba=-0.00 | site=0 sd=0.00 sa=+0.00 | phero=0 pd=0.00 pa=+0.00 | srch=0.00 | wall=2.75
R2[T1][RTB       ]: L=+1.00 R=+1.00 | carry=1 | base=0.13 ba=+0.00 | site=0 sd=0.00 sa=+0.00 | phero=0 pd=0.00 pa=+0.00 | srch=0.00 | wall=2.98
R3[T1][PHERO     ]: L=+1.00 R=+1.00 | carry=0 | base=0.24 ba=+0.98 | site=0 sd=0.00 sa=+0.00 | phero=1 pd=0.27 pa=-0.02 | srch=0.09 | wall=2.37
R4[T1][PHERO     ]: L=+0.93 R=+1.00 | carry=0 | base=0.51 ba=+0.88 | site=0 sd=0.00 sa=+0.00 | phero=1 pd=0.08 pa=+0.22 | srch=0.20 | wall=1.65
R5[T2][WALL_ESC  ]: L=+0.00 R=+1.00 | carry=0 | base=0.90 ba=+0.79 | site=0 sd=0.00 sa=+0.00 | phero=0 pd=0.00 pa=+0.00 | srch=0.96 | wall=0.34
R6[T2][RTB       ]: L=+1.00 R=+1.00 | carry=1 | base=0.48 ba=+0.00 | site=0 sd=0.00 sa=+0.00 | phero=0 pd=0.00 pa=+0.00 | srch=0.00 | wall=1.27
R7[T2][EXPLORE   ]: L=+1.00 R=+1.00 | carry=0 | base=0.53 ba=+0.79 | site=0 sd=0.00 sa=+0.00 | phero=0 pd=0.00 pa=+0.00 | srch=0.19 | wall=1.00
R8[T2][EXPLORE   ]: L=+1.00 R=+0.77 | carry=0 | base=0.52 ba=-0.76 | site=0 sd=0.00 sa=+0.00 | phero=0 pd=0.00 pa=+0.00 | srch=1.00 | wall=1.42

[PICKUP] Robot 7 picked up tag (density=9) | Total: 95
[DEPOSIT] Robot 2 deposited! Total: 92
  [PHERO] Laid at (-1.57, -1.83) density=14 prob=1.00 total_entries=8
  [TARGET] Robot 2 → SITE (-1.57,-1.83)
[DEPOSIT] Robot 1 deposited! Total: 93
  [TARGET] Robot 1 → PHERO (-1.75,-2.15)
[PICKUP] Robot 3 picked up tag (density=8) | Total: 96

======================================================================
Step 21500 (11.5 min) | Pickups: 96 | Deposits: 93 | Rate: 8.11 tags/min | phero_entries=7 phero_max=0.534
======================================================================
R1[T1][PHERO     ]: L=+1.00 R=+1.00 | carry=0 | base=0.14 ba=-0.82 | site=0 sd=0.00 sa=+0.00 | phero=1 pd=0.46 pa=-0.08 | srch=0.09 | wall=2.82
R2[T1][SITE      ]: L=+1.00 R=+1.00 | carry=0 | base=0.25 ba=-0.83 | site=1 sd=0.27 sa=-0.04 | phero=0 pd=0.00 pa=+0.00 | srch=0.10 | wall=2.36
R3[T1][RTB       ]: L=+0.00 R=+1.00 | carry=1 | base=0.54 ba=+0.74 | site=0 sd=0.00 sa=+0.00 | phero=0 pd=0.00 pa=+0.00 | srch=0.00 | wall=0.96
R4[T1][EXPLORE   ]: L=+1.00 R=+1.00 | carry=0 | base=0.60 ba=-0.46 | site=0 sd=0.00 sa=+0.00 | phero=0 pd=0.00 pa=+0.00 | srch=0.32 | wall=1.27
R5[T2][EXPLORE   ]: L=+1.00 R=+1.00 | carry=0 | base=0.60 ba=+0.04 | site=0 sd=0.00 sa=+0.00 | phero=0 pd=0.00 pa=+0.00 | srch=1.00 | wall=1.30
R6[T2][RTB       ]: L=+1.00 R=+1.00 | carry=1 | base=0.09 ba=+0.00 | site=0 sd=0.00 sa=+0.00 | phero=0 pd=0.00 pa=+0.00 | srch=0.00 | wall=3.07
R7[T2][RTB       ]: L=+1.00 R=+1.00 | carry=1 | base=0.21 ba=+0.00 | site=0 sd=0.00 sa=+0.00 | phero=0 pd=0.00 pa=+0.00 | srch=0.00 | wall=2.50
R8[T2][EXPLORE   ]: L=+1.00 R=+0.89 | carry=0 | base=0.56 ba=-0.44 | site=0 sd=0.00 sa=+0.00 | phero=0 pd=0.00 pa=+0.00 | srch=1.00 | wall=1.02

[DEPOSIT] Robot 6 deposited! Total: 94
  [PHERO] Laid at (-2.78, 1.17) density=10 prob=1.00 total_entries=8
  [TARGET] Robot 6 → SITE (-2.78,1.17)
[PICKUP] Robot 5 picked up tag (density=13) | Total: 97
[DEPOSIT] Robot 7 deposited! Total: 95
  [PHERO] Laid at (-2.50, 0.74) density=9 prob=1.00 total_entries=9
  [TARGET] Robot 7 → SITE (-2.50,0.74)
[PICKUP] Robot 2 picked up tag (density=12) | Total: 98
[PICKUP] Robot 1 picked up tag (density=11) | Total: 99

======================================================================
Step 22000 (11.7 min) | Pickups: 99 | Deposits: 95 | Rate: 8.10 tags/min | phero_entries=9 phero_max=0.631
======================================================================
R1[T1][RTB       ]: L=+1.00 R=+0.00 | carry=1 | base=0.49 ba=-0.70 | site=0 sd=0.00 sa=+0.00 | phero=0 pd=0.00 pa=+0.00 | srch=0.00 | wall=1.41
R2[T1][RTB       ]: L=+1.00 R=+1.00 | carry=1 | base=0.38 ba=-0.00 | site=0 sd=0.00 sa=+0.00 | phero=0 pd=0.00 pa=+0.00 | srch=0.00 | wall=2.05
R3[T1][RTB       ]: L=+1.00 R=+1.00 | carry=1 | base=0.21 ba=+0.00 | site=0 sd=0.00 sa=+0.00 | phero=0 pd=0.00 pa=+0.00 | srch=0.00 | wall=2.47
R4[T1][EXPLORE   ]: L=+1.00 R=+1.00 | carry=0 | base=0.58 ba=-0.35 | site=0 sd=0.00 sa=+0.00 | phero=0 pd=0.00 pa=+0.00 | srch=0.45 | wall=1.06
R5[T2][RTB       ]: L=+1.00 R=+1.00 | carry=1 | base=0.21 ba=+0.00 | site=0 sd=0.00 sa=+0.00 | phero=0 pd=0.00 pa=+0.00 | srch=0.00 | wall=2.71
R6[T2][SITE      ]: L=+1.00 R=+1.00 | carry=0 | base=0.30 ba=+0.99 | site=1 sd=0.38 sa=-0.32 | phero=0 pd=0.00 pa=+0.00 | srch=0.11 | wall=2.02
R7[T2][SITE      ]: L=+1.00 R=+1.00 | carry=0 | base=0.19 ba=+0.97 | site=1 sd=0.39 sa=-0.31 | phero=0 pd=0.00 pa=+0.00 | srch=0.07 | wall=2.62
R8[T2][EXPLORE   ]: L=+1.00 R=+1.00 | carry=0 | base=0.56 ba=-0.61 | site=0 sd=0.00 sa=+0.00 | phero=0 pd=0.00 pa=+0.00 | srch=1.00 | wall=0.81

[GIVE-UP] R4 giving up after 1904 steps
[DEPOSIT] Robot 5 deposited! Total: 96
  [PHERO] Laid at (-1.74, -2.01) density=13 prob=1.00 total_entries=9
  [TARGET] Robot 5 → SITE (-1.74,-2.01)
[DEPOSIT] Robot 3 deposited! Total: 97
  [PHERO] Laid at (-2.53, 0.77) density=8 prob=1.00 total_entries=10
  [TARGET] Robot 3 → SITE (-2.53,0.77)
[DEPOSIT] Robot 2 deposited! Total: 98
  [PHERO] Laid at (-1.34, -1.83) density=12 prob=1.00 total_entries=11
  [TARGET] Robot 2 → SITE (-1.34,-1.83)

======================================================================
Step 22500 (12.0 min) | Pickups: 99 | Deposits: 98 | Rate: 8.17 tags/min | phero_entries=10 phero_max=0.883
======================================================================
R1[T1][RTB       ]: L=+1.00 R=+1.00 | carry=1 | base=0.17 ba=-0.00 | site=0 sd=0.00 sa=+0.00 | phero=0 pd=0.00 pa=+0.00 | srch=0.00 | wall=2.80
R2[T1][BASE_ESC  ]: L=+0.00 R=+1.00 | carry=0 | base=0.05 ba=-0.66 | site=1 sd=0.41 sa=+0.41 | phero=0 pd=0.00 pa=+0.00 | srch=0.02 | wall=3.33
R3[T1][SITE      ]: L=+1.00 R=+1.00 | carry=0 | base=0.17 ba=-0.87 | site=1 sd=0.38 sa=-0.02 | phero=0 pd=0.00 pa=+0.00 | srch=0.07 | wall=2.65
R4[T1][GIVE_UP   ]: L=+1.00 R=+1.00 | carry=0 | base=0.26 ba=-0.00 | site=0 sd=0.00 sa=+0.00 | phero=0 pd=0.00 pa=+0.00 | srch=0.57 | wall=2.28
R5[T2][SITE      ]: L=+1.00 R=+1.00 | carry=0 | base=0.19 ba=+0.97 | site=1 sd=0.39 sa=-0.28 | phero=0 pd=0.00 pa=+0.00 | srch=0.07 | wall=2.57
R6[T2][WALL_ESC  ]: L=+1.00 R=+0.00 | carry=0 | base=0.64 ba=-0.50 | site=1 sd=0.22 sa=-0.10 | phero=0 pd=0.00 pa=+0.00 | srch=0.24 | wall=0.32
R7[T2][SITE      ]: L=+1.00 R=+0.90 | carry=0 | base=0.52 ba=-0.69 | site=1 sd=0.14 sa=-0.22 | phero=0 pd=0.00 pa=+0.00 | srch=0.20 | wall=0.93
R8[T2][EXPLORE   ]: L=+1.00 R=+0.80 | carry=0 | base=0.57 ba=+0.21 | site=0 sd=0.00 sa=+0.00 | phero=0 pd=0.00 pa=+0.00 | srch=1.00 | wall=1.32

[DEPOSIT] Robot 1 deposited! Total: 99
  [PHERO] Laid at (-1.22, -2.08) density=11 prob=1.00 total_entries=11
  [TARGET] Robot 1 → SITE (-1.22,-2.08)
[PICKUP] Robot 7 picked up tag (density=7) | Total: 100
[EMPTY_RTN] R4 → phero(-1.22,-2.08)
[PICKUP] Robot 6 picked up tag (density=6) | Total: 101

======================================================================
Step 23000 (12.3 min) | Pickups: 101 | Deposits: 99 | Rate: 8.07 tags/min | phero_entries=11 phero_max=0.573
======================================================================
R1[T1][SITE      ]: L=+1.00 R=+1.00 | carry=0 | base=0.22 ba=+0.98 | site=1 sd=0.27 sa=+0.07 | phero=0 pd=0.00 pa=+0.00 | srch=0.09 | wall=2.66
R2[T1][SITE      ]: L=+1.00 R=+1.00 | carry=0 | base=0.36 ba=+0.80 | site=1 sd=0.10 sa=-0.10 | phero=0 pd=0.00 pa=+0.00 | srch=0.14 | wall=2.15
R3[T1][SITE      ]: L=+0.65 R=+0.64 | carry=0 | base=0.44 ba=-0.88 | site=1 sd=0.11 sa=-0.06 | phero=0 pd=0.00 pa=+0.00 | srch=0.20 | wall=1.36
R4[T1][PHERO     ]: L=+0.66 R=+0.66 | carry=0 | base=0.09 ba=+0.88 | site=0 sd=0.00 sa=+0.00 | phero=1 pd=0.41 pa=+0.13 | srch=0.06 | wall=3.07
R5[T2][SITE      ]: L=+1.00 R=+0.95 | carry=0 | base=0.55 ba=-0.76 | site=1 sd=0.24 sa=-0.35 | phero=0 pd=0.00 pa=+0.00 | srch=0.20 | wall=0.86
R6[T2][RTB       ]: L=+1.00 R=+1.00 | carry=1 | base=0.42 ba=-0.00 | site=0 sd=0.00 sa=+0.00 | phero=0 pd=0.00 pa=+0.00 | srch=0.00 | wall=1.50
R7[T2][RTB       ]: L=+1.00 R=+1.00 | carry=1 | base=0.33 ba=-0.00 | site=0 sd=0.00 sa=+0.00 | phero=0 pd=0.00 pa=+0.00 | srch=0.00 | wall=1.95
R8[T2][EXPLORE   ]: L=+1.00 R=+1.00 | carry=0 | base=0.66 ba=+0.07 | site=0 sd=0.00 sa=+0.00 | phero=0 pd=0.00 pa=+0.00 | srch=1.00 | wall=0.49

[PICKUP] Robot 2 picked up tag (density=10) | Total: 102
[PICKUP] Robot 3 picked up tag (density=5) | Total: 103
[DEPOSIT] Robot 7 deposited! Total: 100
  [PHERO] Laid at (-2.63, 0.67) density=7 prob=0.99 total_entries=11
  [TARGET] Robot 7 → SITE (-2.63,0.67)
[PICKUP] Robot 1 picked up tag (density=9) | Total: 104
[DEPOSIT] Robot 6 deposited! Total: 101
  [PHERO] Laid at (-2.65, 0.74) density=6 prob=0.97 total_entries=12
  [TARGET] Robot 6 → SITE (-2.65,0.74)

======================================================================
Step 23500 (12.5 min) | Pickups: 104 | Deposits: 101 | Rate: 8.06 tags/min | phero_entries=12 phero_max=0.975
======================================================================
R1[T1][RTB       ]: L=+0.93 R=+1.00 | carry=1 | base=0.45 ba=+0.03 | site=0 sd=0.00 sa=+0.00 | phero=0 pd=0.00 pa=+0.00 | srch=0.00 | wall=1.65
R2[T1][RTB       ]: L=+1.00 R=+1.00 | carry=1 | base=0.33 ba=-0.00 | site=0 sd=0.00 sa=+0.00 | phero=0 pd=0.00 pa=+0.00 | srch=0.00 | wall=2.18
R3[T1][RTB       ]: L=+1.00 R=+1.00 | carry=1 | base=0.40 ba=-0.00 | site=0 sd=0.00 sa=+0.00 | phero=0 pd=0.00 pa=+0.00 | srch=0.00 | wall=1.65
R4[T1][PHERO     ]: L=+0.95 R=+1.00 | carry=0 | base=0.38 ba=+0.89 | site=0 sd=0.00 sa=+0.00 | phero=1 pd=0.20 pa=+0.28 | srch=0.18 | wall=1.99
R5[T2][SITE      ]: L=+1.00 R=+1.00 | carry=0 | base=0.60 ba=-0.25 | site=1 sd=0.08 sa=-0.48 | phero=0 pd=0.00 pa=+0.00 | srch=0.32 | wall=1.35
R6[T2][BASE_ESC  ]: L=+0.00 R=+1.00 | carry=0 | base=0.05 ba=-0.18 | site=1 sd=0.51 sa=+0.84 | phero=0 pd=0.00 pa=+0.00 | srch=0.00 | wall=3.28
R7[T2][SITE      ]: L=+1.00 R=+1.00 | carry=0 | base=0.07 ba=+0.99 | site=1 sd=0.48 sa=+0.11 | phero=0 pd=0.00 pa=+0.00 | srch=0.04 | wall=3.20
R8[T2][EXPLORE   ]: L=+1.00 R=+1.00 | carry=0 | base=0.41 ba=+0.81 | site=0 sd=0.00 sa=+0.00 | phero=0 pd=0.00 pa=+0.00 | srch=1.00 | wall=1.47

[PICKUP] Robot 4 picked up tag (density=8) | Total: 105
[PICKUP] Robot 5 picked up tag (density=7) | Total: 106
[DEPOSIT] Robot 2 deposited! Total: 102
  [PHERO] Laid at (-1.30, -1.92) density=10 prob=1.00 total_entries=13
  [TARGET] Robot 2 → SITE (-1.30,-1.92)
[DEPOSIT] Robot 3 deposited! Total: 103
  [PHERO] Laid at (-2.60, 0.86) density=5 prob=0.92 total_entries=14
  [TARGET] Robot 3 → SITE (-2.60,0.86)

======================================================================
Step 24000 (12.8 min) | Pickups: 106 | Deposits: 103 | Rate: 8.05 tags/min | phero_entries=14 phero_max=0.925
======================================================================
R1[T1][RTB       ]: L=+1.00 R=+1.00 | carry=1 | base=0.06 ba=+0.00 | site=0 sd=0.00 sa=+0.00 | phero=0 pd=0.00 pa=+0.00 | srch=0.00 | wall=3.26
R2[T1][SITE      ]: L=+0.98 R=+1.00 | carry=0 | base=0.06 ba=+0.98 | site=1 sd=0.41 sa=+0.08 | phero=0 pd=0.00 pa=+0.00 | srch=0.03 | wall=3.26
R3[T1][BASE_ESC  ]: L=+0.00 R=+1.00 | carry=0 | base=0.04 ba=-0.44 | site=1 sd=0.51 sa=+0.61 | phero=0 pd=0.00 pa=+0.00 | srch=0.01 | wall=3.30
R4[T1][RTB       ]: L=+1.00 R=+1.00 | carry=1 | base=0.35 ba=+0.00 | site=0 sd=0.00 sa=+0.00 | phero=0 pd=0.00 pa=+0.00 | srch=0.00 | wall=2.12
R5[T2][RTB       ]: L=+0.99 R=+1.00 | carry=1 | base=0.42 ba=+0.00 | site=0 sd=0.00 sa=+0.00 | phero=0 pd=0.00 pa=+0.00 | srch=0.00 | wall=1.73
R6[T2][SITE      ]: L=+1.00 R=+1.00 | carry=0 | base=0.35 ba=+0.99 | site=1 sd=0.21 sa=+0.12 | phero=0 pd=0.00 pa=+0.00 | srch=0.13 | wall=1.90
R7[T2][SITE      ]: L=+0.97 R=+1.00 | carry=0 | base=0.44 ba=+0.84 | site=1 sd=0.12 sa=+0.04 | phero=0 pd=0.00 pa=+0.00 | srch=0.16 | wall=1.46
R8[T2][EXPLORE   ]: L=+1.00 R=+1.00 | carry=0 | base=0.61 ba=+0.22 | site=0 sd=0.00 sa=+0.00 | phero=0 pd=0.00 pa=+0.00 | srch=1.00 | wall=0.58

[DEPOSIT] Robot 1 deposited! Total: 104
  [PHERO] Laid at (-1.37, -1.92) density=9 prob=1.00 total_entries=15
  [TARGET] Robot 1 → SITE (-1.37,-1.92)
[DEPOSIT] Robot 4 deposited! Total: 105
  [PHERO] Laid at (-1.66, -1.92) density=8 prob=1.00 total_entries=14
  [TARGET] Robot 4 → SITE (-1.66,-1.92)
[DEPOSIT] Robot 5 deposited! Total: 106
  [PHERO] Laid at (-1.38, -1.98) density=7 prob=0.99 total_entries=15
  [TARGET] Robot 5 → SITE (-1.38,-1.98)

======================================================================
Step 24500 (13.1 min) | Pickups: 106 | Deposits: 106 | Rate: 8.11 tags/min | phero_entries=15 phero_max=0.973
======================================================================
R1[T1][SITE      ]: L=+1.00 R=+0.77 | carry=0 | base=0.34 ba=-0.87 | site=1 sd=0.26 sa=-0.29 | phero=0 pd=0.00 pa=+0.00 | srch=0.12 | wall=1.84
R2[T1][SITE      ]: L=+0.42 R=+0.43 | carry=0 | base=0.36 ba=-0.84 | site=1 sd=0.13 sa=-0.04 | phero=0 pd=0.00 pa=+0.00 | srch=0.16 | wall=1.90
R3[T1][SITE      ]: L=+1.00 R=+1.00 | carry=0 | base=0.32 ba=+0.99 | site=1 sd=0.24 sa=-0.13 | phero=0 pd=0.00 pa=+0.00 | srch=0.14 | wall=1.93
R4[T1][BASE_ESC  ]: L=+0.00 R=+1.00 | carry=0 | base=0.04 ba=-0.55 | site=1 sd=0.47 sa=+0.49 | phero=0 pd=0.00 pa=+0.00 | srch=0.01 | wall=3.35
R5[T2][BASE_ESC  ]: L=+1.00 R=+0.00 | carry=0 | base=0.05 ba=+0.20 | site=1 sd=0.44 sa=-0.84 | phero=0 pd=0.00 pa=+0.00 | srch=0.00 | wall=3.30
R6[T2][EXPLORE   ]: L=+1.00 R=+1.00 | carry=0 | base=0.62 ba=+0.68 | site=0 sd=0.00 sa=+0.00 | phero=0 pd=0.00 pa=+0.00 | srch=0.25 | wall=0.43
R7[T2][EXPLORE   ]: L=+1.00 R=+1.00 | carry=0 | base=0.59 ba=+0.20 | site=0 sd=0.00 sa=+0.00 | phero=0 pd=0.00 pa=+0.00 | srch=0.29 | wall=0.57
R8[T2][EXPLORE   ]: L=+1.00 R=+1.00 | carry=0 | base=0.40 ba=+0.44 | site=0 sd=0.00 sa=+0.00 | phero=0 pd=0.00 pa=+0.00 | srch=1.00 | wall=1.94

[PICKUP] Robot 2 picked up tag (density=6) | Total: 107
[PICKUP] Robot 3 picked up tag (density=4) | Total: 108

======================================================================
Step 25000 (13.3 min) | Pickups: 108 | Deposits: 106 | Rate: 7.95 tags/min | phero_entries=14 phero_max=0.437
======================================================================
R1[T1][EXPLORE   ]: L=+1.00 R=+1.00 | carry=0 | base=0.54 ba=-0.72 | site=0 sd=0.00 sa=+0.00 | phero=0 pd=0.00 pa=+0.00 | srch=0.25 | wall=1.58
R2[T1][RTB       ]: L=+1.00 R=+1.00 | carry=1 | base=0.33 ba=-0.00 | site=0 sd=0.00 sa=+0.00 | phero=0 pd=0.00 pa=+0.00 | srch=0.00 | wall=2.22
R3[T1][RTB       ]: L=+1.00 R=+0.12 | carry=1 | base=0.56 ba=-0.33 | site=0 sd=0.00 sa=+0.00 | phero=0 pd=0.00 pa=+0.00 | srch=0.00 | wall=0.88
R4[T1][SITE      ]: L=+1.00 R=+1.00 | carry=0 | base=0.39 ba=+0.94 | site=1 sd=0.20 sa=+0.30 | phero=0 pd=0.00 pa=+0.00 | srch=0.14 | wall=1.79
R5[T2][SITE      ]: L=+1.00 R=+0.97 | carry=0 | base=0.35 ba=-0.83 | site=1 sd=0.26 sa=-0.26 | phero=0 pd=0.00 pa=+0.00 | srch=0.13 | wall=1.76
R6[T2][EXPLORE   ]: L=+1.00 R=+1.00 | carry=0 | base=0.45 ba=+0.37 | site=0 sd=0.00 sa=+0.00 | phero=0 pd=0.00 pa=+0.00 | srch=0.38 | wall=1.47
R7[T2][EXPLORE   ]: L=+1.00 R=+1.00 | carry=0 | base=0.37 ba=+0.42 | site=0 sd=0.00 sa=+0.00 | phero=0 pd=0.00 pa=+0.00 | srch=0.41 | wall=2.01
R8[T2][EXPLORE   ]: L=+1.00 R=+1.00 | carry=0 | base=0.50 ba=+0.71 | site=0 sd=0.00 sa=+0.00 | phero=0 pd=0.00 pa=+0.00 | srch=1.00 | wall=1.08

[DEPOSIT] Robot 2 deposited! Total: 107
  [PHERO] Laid at (-1.42, -1.94) density=6 prob=0.97 total_entries=15
  [TARGET] Robot 2 → SITE (-1.42,-1.94)
[PICKUP] Robot 5 picked up tag (density=5) | Total: 109
[PICKUP] Robot 6 picked up tag (density=4) | Total: 110

======================================================================
Step 25500 (13.6 min) | Pickups: 110 | Deposits: 107 | Rate: 7.87 tags/min | phero_entries=14 phero_max=0.806
======================================================================
R1[T1][EXPLORE   ]: L=+1.00 R=+1.00 | carry=0 | base=0.68 ba=-0.08 | site=0 sd=0.00 sa=+0.00 | phero=0 pd=0.00 pa=+0.00 | srch=0.37 | wall=0.54
R2[T1][SITE      ]: L=+0.96 R=+1.00 | carry=0 | base=0.07 ba=-0.93 | site=1 sd=0.42 sa=+0.21 | phero=0 pd=0.00 pa=+0.00 | srch=0.03 | wall=3.21
R3[T1][RTB       ]: L=+1.00 R=+1.00 | carry=1 | base=0.19 ba=-0.00 | site=0 sd=0.00 sa=+0.00 | phero=0 pd=0.00 pa=+0.00 | srch=0.00 | wall=2.61
R4[T1][EXPLORE   ]: L=+1.00 R=+1.00 | carry=0 | base=0.49 ba=-0.10 | site=0 sd=0.00 sa=+0.00 | phero=0 pd=0.00 pa=+0.00 | srch=0.26 | wall=1.67
R5[T2][RTB       ]: L=+1.00 R=+0.99 | carry=1 | base=0.47 ba=-0.00 | site=0 sd=0.00 sa=+0.00 | phero=0 pd=0.00 pa=+0.00 | srch=0.00 | wall=1.51
R6[T2][RTB       ]: L=+0.92 R=+1.00 | carry=1 | base=0.50 ba=+0.03 | site=0 sd=0.00 sa=+0.00 | phero=0 pd=0.00 pa=+0.00 | srch=0.00 | wall=1.50
R7[T2][EXPLORE   ]: L=+1.00 R=+1.00 | carry=0 | base=0.47 ba=+0.72 | site=0 sd=0.00 sa=+0.00 | phero=0 pd=0.00 pa=+0.00 | srch=0.54 | wall=1.20
R8[T2][EXPLORE   ]: L=+1.00 R=+1.00 | carry=0 | base=0.75 ba=+0.43 | site=0 sd=0.00 sa=+0.00 | phero=0 pd=0.00 pa=+0.00 | srch=1.00 | wall=0.43

[DEPOSIT] Robot 3 deposited! Total: 108
  [TARGET] Robot 3 → SITE (-2.62,0.87)
[GIVE-UP] R7 giving up after 2431 steps
[GIVE-UP] R7 giving up after 2509 steps
[PICKUP] Robot 7 picked up tag (density=12) | Total: 111

======================================================================
Step 26000 (13.9 min) | Pickups: 111 | Deposits: 108 | Rate: 7.79 tags/min | phero_entries=13 phero_max=0.362
======================================================================
R1[T1][EXPLORE   ]: L=+1.00 R=+1.00 | carry=0 | base=0.33 ba=-0.21 | site=0 sd=0.00 sa=+0.00 | phero=0 pd=0.00 pa=+0.00 | srch=0.50 | wall=1.90
R2[T1][SITE      ]: L=+0.96 R=+1.00 | carry=0 | base=0.43 ba=+0.80 | site=1 sd=0.12 sa=+0.17 | phero=0 pd=0.00 pa=+0.00 | srch=0.16 | wall=1.90
R3[T1][SITE      ]: L=+0.98 R=+1.00 | carry=0 | base=0.20 ba=+0.95 | site=1 sd=0.36 sa=+0.05 | phero=0 pd=0.00 pa=+0.00 | srch=0.08 | wall=2.64
R4[T1][EXPLORE   ]: L=+1.00 R=+1.00 | carry=0 | base=0.40 ba=+0.73 | site=0 sd=0.00 sa=+0.00 | phero=0 pd=0.00 pa=+0.00 | srch=0.39 | wall=1.66
R5[T2][RTB       ]: L=+1.00 R=+1.00 | carry=1 | base=0.08 ba=-0.00 | site=0 sd=0.00 sa=+0.00 | phero=0 pd=0.00 pa=+0.00 | srch=0.00 | wall=3.16
R6[T2][RTB       ]: L=+1.00 R=+1.00 | carry=1 | base=0.12 ba=+0.00 | site=0 sd=0.00 sa=+0.00 | phero=0 pd=0.00 pa=+0.00 | srch=0.00 | wall=3.04
R7[T2][RTB       ]: L=+1.00 R=+1.00 | carry=1 | base=0.54 ba=+0.00 | site=0 sd=0.00 sa=+0.00 | phero=0 pd=0.00 pa=+0.00 | srch=0.00 | wall=0.95
R8[T2][EXPLORE   ]: L=+1.00 R=+1.00 | carry=0 | base=0.72 ba=+0.14 | site=0 sd=0.00 sa=+0.00 | phero=0 pd=0.00 pa=+0.00 | srch=1.00 | wall=0.42

[DEPOSIT] Robot 5 deposited! Total: 109
  [PHERO] Laid at (-1.25, -2.31) density=5 prob=0.92 total_entries=13
  [TARGET] Robot 5 → SITE (-1.25,-2.31)
[DEPOSIT] Robot 6 deposited! Total: 110
  [PHERO] Laid at (-1.65, -2.06) density=4 prob=0.82 total_entries=14
  [TARGET] Robot 6 → SITE (-1.65,-2.06)
[PICKUP] Robot 2 picked up tag (density=3) | Total: 112
[PICKUP] Robot 3 picked up tag (density=3) | Total: 113

======================================================================
Step 26500 (14.1 min) | Pickups: 113 | Deposits: 110 | Rate: 7.78 tags/min | phero_entries=14 phero_max=0.520
======================================================================
R1[T1][EXPLORE   ]: L=+1.00 R=+1.00 | carry=0 | base=0.24 ba=-0.68 | site=0 sd=0.00 sa=+0.00 | phero=0 pd=0.00 pa=+0.00 | srch=0.62 | wall=2.33
R2[T1][RTB       ]: L=+1.00 R=+1.00 | carry=1 | base=0.28 ba=+0.00 | site=0 sd=0.00 sa=+0.00 | phero=0 pd=0.00 pa=+0.00 | srch=0.00 | wall=2.35
R3[T1][RTB       ]: L=+1.00 R=+0.00 | carry=1 | base=0.57 ba=-0.79 | site=0 sd=0.00 sa=+0.00 | phero=0 pd=0.00 pa=+0.00 | srch=0.00 | wall=0.84
R4[T1][EXPLORE   ]: L=+1.00 R=+0.89 | carry=0 | base=0.62 ba=+0.20 | site=0 sd=0.00 sa=+0.00 | phero=0 pd=0.00 pa=+0.00 | srch=0.51 | wall=0.43
R5[T2][SITE      ]: L=+0.95 R=+1.00 | carry=0 | base=0.32 ba=+0.94 | site=1 sd=0.30 sa=+0.28 | phero=0 pd=0.00 pa=+0.00 | srch=0.12 | wall=2.18
R6[T2][SITE      ]: L=+1.00 R=+1.00 | carry=0 | base=0.28 ba=+0.98 | site=1 sd=0.35 sa=-0.38 | phero=0 pd=0.00 pa=+0.00 | srch=0.10 | wall=2.12
R7[T2][RTB       ]: L=+1.00 R=+1.00 | carry=1 | base=0.15 ba=+0.00 | site=0 sd=0.00 sa=+0.00 | phero=0 pd=0.00 pa=+0.00 | srch=0.00 | wall=2.79
R8[T2][EXPLORE   ]: L=+1.00 R=+1.00 | carry=0 | base=0.38 ba=+0.23 | site=0 sd=0.00 sa=+0.00 | phero=0 pd=0.00 pa=+0.00 | srch=1.00 | wall=1.63

[DEPOSIT] Robot 7 deposited! Total: 111
  [PHERO] Laid at (0.83, -2.75) density=12 prob=1.00 total_entries=13
  [TARGET] Robot 7 → SITE (0.83,-2.75)
[DEPOSIT] Robot 2 deposited! Total: 112
  [TARGET] Robot 2 → SITE (-1.43,-1.98)
[PICKUP] Robot 5 picked up tag (density=2) | Total: 114

======================================================================
Step 27000 (14.4 min) | Pickups: 114 | Deposits: 112 | Rate: 7.78 tags/min | phero_entries=11 phero_max=0.551
======================================================================
R1[T1][EXPLORE   ]: L=+1.00 R=+1.00 | carry=0 | base=0.56 ba=-0.88 | site=0 sd=0.00 sa=+0.00 | phero=0 pd=0.00 pa=+0.00 | srch=0.75 | wall=0.94
R2[T1][SITE      ]: L=+1.00 R=+1.00 | carry=0 | base=0.12 ba=+0.96 | site=1 sd=0.39 sa=-0.24 | phero=0 pd=0.00 pa=+0.00 | srch=0.05 | wall=2.90
R3[T1][RTB       ]: L=+1.00 R=+1.00 | carry=1 | base=0.25 ba=-0.00 | site=0 sd=0.00 sa=+0.00 | phero=0 pd=0.00 pa=+0.00 | srch=0.00 | wall=2.33
R4[T1][EXPLORE   ]: L=+1.00 R=+1.00 | carry=0 | base=0.41 ba=+0.41 | site=0 sd=0.00 sa=+0.00 | phero=0 pd=0.00 pa=+0.00 | srch=0.64 | wall=1.90
R5[T2][RTB       ]: L=+0.91 R=+1.00 | carry=1 | base=0.52 ba=+0.03 | site=0 sd=0.00 sa=+0.00 | phero=0 pd=0.00 pa=+0.00 | srch=0.00 | wall=1.41
R6[T2][SITE      ]: L=+1.00 R=+0.95 | carry=0 | base=0.59 ba=-0.64 | site=1 sd=0.18 sa=-0.28 | phero=0 pd=0.00 pa=+0.00 | srch=0.23 | wall=0.78
R7[T2][SITE      ]: L=+1.00 R=+1.00 | carry=0 | base=0.25 ba=+0.97 | site=1 sd=0.39 sa=-0.32 | phero=0 pd=0.00 pa=+0.00 | srch=0.09 | wall=2.57
R8[T2][EXPLORE   ]: L=+1.00 R=+1.00 | carry=0 | base=0.29 ba=+0.63 | site=0 sd=0.00 sa=+0.00 | phero=0 pd=0.00 pa=+0.00 | srch=1.00 | wall=2.25

[DEPOSIT] Robot 3 deposited! Total: 113
  [TARGET] Robot 3 → SITE (-2.65,0.87)

======================================================================
Step 27500 (14.7 min) | Pickups: 114 | Deposits: 113 | Rate: 7.70 tags/min | phero_entries=11 phero_max=0.248
======================================================================
R1[T1][EXPLORE   ]: L=+1.00 R=+1.00 | carry=0 | base=0.64 ba=-0.37 | site=0 sd=0.00 sa=+0.00 | phero=0 pd=0.00 pa=+0.00 | srch=0.87 | wall=1.06
R2[T1][SITE      ]: L=+1.00 R=+0.95 | carry=0 | base=0.45 ba=-0.73 | site=1 sd=0.07 sa=-0.08 | phero=0 pd=0.00 pa=+0.00 | srch=0.18 | wall=1.52
R3[T1][SITE      ]: L=+1.00 R=+1.00 | carry=0 | base=0.15 ba=+1.00 | site=1 sd=0.43 sa=+0.16 | phero=0 pd=0.00 pa=+0.00 | srch=0.06 | wall=2.93
R4[T1][EXPLORE   ]: L=+1.00 R=+0.84 | carry=0 | base=0.39 ba=+0.05 | site=0 sd=0.00 sa=+0.00 | phero=0 pd=0.00 pa=+0.00 | srch=0.76 | wall=1.78
R5[T2][RTB       ]: L=+1.00 R=+1.00 | carry=1 | base=0.13 ba=+0.00 | site=0 sd=0.00 sa=+0.00 | phero=0 pd=0.00 pa=+0.00 | srch=0.00 | wall=2.97
R6[T2][SITE      ]: L=+1.00 R=+0.40 | carry=0 | base=0.52 ba=+0.75 | site=1 sd=0.02 sa=-0.47 | phero=0 pd=0.00 pa=+0.00 | srch=0.35 | wall=1.46
R7[T2][SITE      ]: L=+1.00 R=+0.95 | carry=0 | base=0.57 ba=-0.68 | site=1 sd=0.16 sa=-0.20 | phero=0 pd=0.00 pa=+0.00 | srch=0.22 | wall=1.15
R8[T2][EXPLORE   ]: L=+1.00 R=+0.97 | carry=0 | base=0.51 ba=-0.54 | site=0 sd=0.00 sa=+0.00 | phero=0 pd=0.00 pa=+0.00 | srch=1.00 | wall=1.18

[DEPOSIT] Robot 5 deposited! Total: 114
  [PHERO] Laid at (-1.65, -2.14) density=2 prob=0.42 total_entries=12
  [TARGET] Robot 5 → SITE (-1.65,-2.14)
[PICKUP] Robot 7 picked up tag (density=11) | Total: 115
[PICKUP] Robot 6 picked up tag (density=1) | Total: 116

======================================================================
Step 28000 (14.9 min) | Pickups: 116 | Deposits: 114 | Rate: 7.63 tags/min | phero_entries=10 phero_max=0.532
======================================================================
R1[T1][EXPLORE   ]: L=+1.00 R=+1.00 | carry=0 | base=0.60 ba=-0.57 | site=0 sd=0.00 sa=+0.00 | phero=0 pd=0.00 pa=+0.00 | srch=1.00 | wall=0.62
R2[T1][EXPLORE   ]: L=+1.00 R=+1.00 | carry=0 | base=0.68 ba=-0.76 | site=0 sd=0.00 sa=+0.00 | phero=0 pd=0.00 pa=+0.00 | srch=0.30 | wall=0.57
R3[T1][SITE      ]: L=+0.96 R=+1.00 | carry=0 | base=0.51 ba=+0.81 | site=1 sd=0.08 sa=+0.09 | phero=0 pd=0.00 pa=+0.00 | srch=0.19 | wall=1.19
R4[T1][EXPLORE   ]: L=+1.00 R=+0.80 | carry=0 | base=0.52 ba=-0.42 | site=0 sd=0.00 sa=+0.00 | phero=0 pd=0.00 pa=+0.00 | srch=0.89 | wall=0.99
R5[T2][SITE      ]: L=+1.00 R=+1.00 | carry=0 | base=0.27 ba=+0.98 | site=1 sd=0.35 sa=-0.33 | phero=0 pd=0.00 pa=+0.00 | srch=0.10 | wall=2.18
R6[T2][RTB       ]: L=+0.99 R=+1.00 | carry=1 | base=0.45 ba=+0.00 | site=0 sd=0.00 sa=+0.00 | phero=0 pd=0.00 pa=+0.00 | srch=0.00 | wall=1.62
R7[T2][RTB       ]: L=+1.00 R=+1.00 | carry=1 | base=0.46 ba=+0.00 | site=0 sd=0.00 sa=+0.00 | phero=0 pd=0.00 pa=+0.00 | srch=0.00 | wall=1.34
R8[T2][EXPLORE   ]: L=+1.00 R=+0.95 | carry=0 | base=0.33 ba=-0.36 | site=0 sd=0.00 sa=+0.00 | phero=0 pd=0.00 pa=+0.00 | srch=1.00 | wall=1.97

[PICKUP] Robot 3 picked up tag (density=2) | Total: 117
TIMEOUT_RESULT pickups=117 deposits=114 steps=28125 elapsed_min=15.000000
BATCH_RESULT pickups=117 deposits=114
