=================================================================
CPFA BASELINE — ARGoS-calibrated parameters
  Params file                  = /home/sara/Documents/RL-FL-Foraging/controllers/cpfa_baseline/cpfa_params.yaml
  Results file                 = /home/sara/Documents/RL-FL-Foraging/controllers/cpfa_baseline/results/cpfa_baseline_results_20260708_125710_4.txt
  RateOfLayingPheromone        = 9.0
  RateOfSiteFidelity           = 2.29
  RateOfPheromoneDecay         = 0.1 /s  (lifetime ~69s)
  ProbabilityOfReturningToNest = 0.08 (every 5 sec → E[give-up] ~62s)
  UninformedSearchVariation    = 0.13 rad (7.4°)
  RateOfInformedSearchDecay    = 1.26 /waypoint
  ProbabilityOfSwitchingToSearching = 0.55 (every 5 sec in uninformed DEPARTING)
=================================================================

[PICKUP] R3 picked up tag (density=2) | Total: 1

======================================================================
Step 500 (0.3 min) | Pickups: 1 | Deposits: 0 | Rate: 0.00 tags/min | phero_entries=0 max_w=0.000
======================================================================
R1[SEARCH    ]: carry=0 | base=0.76 | wall=1.88 | search=253 | target=none
R2[SEARCH    ]: carry=0 | base=1.96 | wall=0.83 | search=344 | target=none
R3[RTB       ]: carry=1 | base=0.91 | wall=1.62 | search=  0 | target=none
R4[DEPART    ]: carry=0 | base=0.96 | wall=1.66 | search=  0 | target=none

[PICKUP] R4 picked up tag (density=4) | Total: 2
[DEPOSIT] R3 deposited! Total: 1
  [TARGET] R3 → SITE (0.86, 0.30)
[PICKUP] R1 picked up tag (density=8) | Total: 3

======================================================================
Step 1000 (0.5 min) | Pickups: 3 | Deposits: 1 | Rate: 1.88 tags/min | phero_entries=0 max_w=0.000
======================================================================
R1[RTB       ]: carry=1 | base=1.44 | wall=1.39 | search=  0 | target=none
R2[SEARCH    ]: carry=0 | base=2.36 | wall=0.37 | search=844 | target=none
R3[SEARCH    ]: carry=0 | base=0.90 | wall=1.65 | search= 12 | target=site(0.86,0.30)
R4[RTB       ]: carry=1 | base=0.96 | wall=1.64 | search=  0 | target=none

[DEPOSIT] R4 deposited! Total: 2
  [TARGET] R4 → SITE (0.54, 1.34)
[DEPOSIT] R1 deposited! Total: 3
  [PHERO] Laid at (1.08, -0.99) density=8 prob=0.46 entries=1
  [TARGET] R1 → SITE (1.08, -0.99)

======================================================================
Step 1500 (0.8 min) | Pickups: 3 | Deposits: 3 | Rate: 3.75 tags/min | phero_entries=1 max_w=0.564
======================================================================
R1[SITE      ]: carry=0 | base=0.46 | wall=2.09 | search=  0 | target=site(1.08,-0.99)
R2[SEARCH    ]: carry=0 | base=2.37 | wall=0.37 | search=1344 | target=none
R3[GIVE_UP   ]: carry=0 | base=0.57 | wall=2.03 | search=468 | target=none
R4[SITE      ]: carry=0 | base=0.97 | wall=1.62 | search=  0 | target=site(0.54,1.34)

[PICKUP] R3 picked up tag (density=1) | Total: 4
[DEPOSIT] R3 deposited! Total: 4
  [TARGET] R3 → SITE (-0.47, 0.33)
[PICKUP] R4 picked up tag (density=2) | Total: 5

======================================================================
Step 2000 (1.1 min) | Pickups: 5 | Deposits: 4 | Rate: 3.75 tags/min | phero_entries=1 max_w=0.114
======================================================================
R1[SEARCH    ]: carry=0 | base=1.84 | wall=0.91 | search=246 | target=site(1.08,-0.99)
R2[WALL_ESC  ]: carry=0 | base=2.47 | wall=0.32 | search=1844 | target=none
R3[SITE      ]: carry=0 | base=0.41 | wall=2.20 | search=  0 | target=site(-0.47,0.33)
R4[SURVEY    ]: carry=1 | base=1.00 | wall=1.51 | search=  0 | target=none

[PICKUP] R1 picked up tag (density=4) | Total: 6
[DEPOSIT] R4 deposited! Total: 5
  [TARGET] R4 → SITE (-0.17, 0.99)

======================================================================
Step 2500 (1.3 min) | Pickups: 6 | Deposits: 5 | Rate: 3.75 tags/min | phero_entries=1 max_w=0.023
======================================================================
R1[SURVEY    ]: carry=1 | base=1.91 | wall=0.72 | search=  0 | target=none
R2[SEARCH    ]: carry=0 | base=2.37 | wall=0.40 | search=2344 | target=none
R3[SEARCH    ]: carry=0 | base=1.18 | wall=1.40 | search=459 | target=site(-0.47,0.33)
R4[BASE_ESC  ]: carry=0 | base=0.24 | wall=2.27 | search=  0 | target=site(-0.17,0.99)

[PICKUP] R4 picked up tag (density=1) | Total: 7

======================================================================
Step 3000 (1.6 min) | Pickups: 7 | Deposits: 5 | Rate: 3.12 tags/min | phero_entries=1 max_w=0.005
======================================================================
R1[RTB       ]: carry=1 | base=0.89 | wall=1.65 | search=  0 | target=none
R2[SEARCH    ]: carry=0 | base=2.40 | wall=0.35 | search=2844 | target=none
R3[SEARCH    ]: carry=0 | base=2.11 | wall=0.39 | search=959 | target=site(-0.47,0.33)
R4[SURVEY    ]: carry=1 | base=1.07 | wall=1.44 | search=  0 | target=none

[DEPOSIT] R1 deposited! Total: 6
  [TARGET] R1 → PHERO (1.08, -0.99)
[DEPOSIT] R4 deposited! Total: 7
  [TARGET] R4 → PHERO (1.08, -0.99)

======================================================================
Step 3500 (1.9 min) | Pickups: 7 | Deposits: 7 | Rate: 3.75 tags/min | phero_entries=0 max_w=0.000
======================================================================
R1[PHERO     ]: carry=0 | base=0.93 | wall=1.75 | search=  0 | target=phero(1.08,-0.99)
R2[WALL_ESC  ]: carry=0 | base=2.46 | wall=0.33 | search=3344 | target=none
R3[SEARCH    ]: carry=0 | base=2.11 | wall=0.39 | search=1459 | target=site(-0.47,0.33)
R4[PHERO     ]: carry=0 | base=0.28 | wall=2.24 | search=  0 | target=phero(1.08,-0.99)


======================================================================
Step 4000 (2.1 min) | Pickups: 7 | Deposits: 7 | Rate: 3.28 tags/min | phero_entries=0 max_w=0.000
======================================================================
R1[SEARCH    ]: carry=0 | base=0.94 | wall=1.66 | search=370 | target=phero(1.08,-0.99)
R2[SEARCH    ]: carry=0 | base=2.37 | wall=0.40 | search=3844 | target=none
R3[GIVE_UP   ]: carry=0 | base=1.40 | wall=1.10 | search=1716 | target=none
R4[SEARCH    ]: carry=0 | base=1.49 | wall=1.38 | search= 69 | target=phero(1.08,-0.99)

  [GIVE-UP] R3 returned empty after 1716 searching steps
  [TARGET] R3 → WALL (2.42, -2.00)
[PICKUP] R4 picked up tag (density=1) | Total: 8

======================================================================
Step 4500 (2.4 min) | Pickups: 8 | Deposits: 7 | Rate: 2.92 tags/min | phero_entries=0 max_w=0.000
======================================================================
R1[SEARCH    ]: carry=0 | base=2.26 | wall=0.38 | search=870 | target=phero(1.08,-0.99)
R2[WALL_ESC  ]: carry=0 | base=2.45 | wall=0.32 | search=4344 | target=none
R3[DEPART    ]: carry=0 | base=0.28 | wall=2.28 | search=  0 | target=none
R4[SURVEY    ]: carry=1 | base=1.10 | wall=1.57 | search=  0 | target=none

[PICKUP] R3 picked up tag (density=22) | Total: 9
[DEPOSIT] R4 deposited! Total: 8
  [TARGET] R4 → WALL (2.42, 1.97)

======================================================================
Step 5000 (2.7 min) | Pickups: 9 | Deposits: 8 | Rate: 3.00 tags/min | phero_entries=0 max_w=0.000
======================================================================
R1[SEARCH    ]: carry=0 | base=2.29 | wall=0.36 | search=1370 | target=phero(1.08,-0.99)
R2[GIVE_UP   ]: carry=0 | base=1.77 | wall=0.97 | search=4524 | target=none
R3[SURVEY    ]: carry=1 | base=1.41 | wall=1.37 | search=  0 | target=none
R4[BASE_ESC  ]: carry=0 | base=0.23 | wall=2.29 | search=  0 | target=none

  [GIVE-UP] R2 returned empty after 4524 searching steps
  [TARGET] R2 → WALL (1.75, 2.42)
[DEPOSIT] R3 deposited! Total: 9
  [PHERO] Laid at (0.83, -1.13) density=22 prob=1.00 entries=1
  [TARGET] R3 → SITE (0.83, -1.13)

======================================================================
Step 5500 (2.9 min) | Pickups: 9 | Deposits: 9 | Rate: 3.07 tags/min | phero_entries=1 max_w=0.869
======================================================================
R1[WALL_ESC  ]: carry=0 | base=2.32 | wall=0.35 | search=1870 | target=phero(1.08,-0.99)
R2[BASE_ESC  ]: carry=0 | base=0.21 | wall=2.33 | search=  0 | target=none
R3[BASE_ESC  ]: carry=0 | base=0.23 | wall=2.31 | search=  0 | target=site(0.83,-1.13)
R4[SEARCH    ]: carry=0 | base=1.61 | wall=1.27 | search=252 | target=none

[PICKUP] R4 picked up tag (density=5) | Total: 10

======================================================================
Step 6000 (3.2 min) | Pickups: 10 | Deposits: 9 | Rate: 2.81 tags/min | phero_entries=1 max_w=0.175
======================================================================
R1[WALL_ESC  ]: carry=0 | base=2.33 | wall=0.34 | search=2370 | target=phero(1.08,-0.99)
R2[GIVE_UP   ]: carry=0 | base=0.69 | wall=1.83 | search=156 | target=none
R3[SEARCH    ]: carry=0 | base=1.34 | wall=1.48 | search=141 | target=site(0.83,-1.13)
R4[RTB       ]: carry=1 | base=1.36 | wall=1.36 | search=  0 | target=none

  [GIVE-UP] R2 returned empty after 156 searching steps
  [TARGET] R2 → PHERO (0.83, -1.13)
[PICKUP] R3 picked up tag (density=18) | Total: 11
[DEPOSIT] R4 deposited! Total: 10
  [TARGET] R4 → SITE (1.57, 1.16)

======================================================================
Step 6500 (3.5 min) | Pickups: 11 | Deposits: 10 | Rate: 2.88 tags/min | phero_entries=1 max_w=0.035
======================================================================
R1[WALL_ESC  ]: carry=0 | base=2.33 | wall=0.33 | search=2870 | target=phero(1.08,-0.99)
R2[PHERO     ]: carry=0 | base=1.13 | wall=1.62 | search=  0 | target=phero(0.83,-1.13)
R3[RTB       ]: carry=1 | base=0.95 | wall=1.70 | search=  0 | target=none
R4[SITE      ]: carry=0 | base=0.61 | wall=2.06 | search=  0 | target=site(1.57,1.16)

[PICKUP] R2 picked up tag (density=20) | Total: 12
[DEPOSIT] R3 deposited! Total: 11
  [PHERO] Laid at (0.55, -1.05) density=18 prob=1.00 entries=2
  [TARGET] R3 → SITE (0.55, -1.05)

======================================================================
Step 7000 (3.7 min) | Pickups: 12 | Deposits: 11 | Rate: 2.95 tags/min | phero_entries=2 max_w=0.361
======================================================================
R1[GIVE_UP   ]: carry=0 | base=1.56 | wall=1.02 | search=3120 | target=none
R2[RTB       ]: carry=1 | base=0.98 | wall=1.75 | search=  0 | target=none
R3[SITE      ]: carry=0 | base=0.97 | wall=1.65 | search=  0 | target=site(0.55,-1.05)
R4[SEARCH    ]: carry=0 | base=1.84 | wall=1.16 | search=163 | target=site(1.57,1.16)

[PICKUP] R4 picked up tag (density=3) | Total: 13
[DEPOSIT] R2 deposited! Total: 12
  [PHERO] Laid at (0.82, -1.13) density=20 prob=1.00 entries=3
  [TARGET] R2 → SITE (0.82, -1.13)
  [GIVE-UP] R1 returned empty after 3120 searching steps
  [TARGET] R1 → PHERO (0.55, -1.05)
[PICKUP] R3 picked up tag (density=3) | Total: 14

======================================================================
Step 7500 (4.0 min) | Pickups: 14 | Deposits: 12 | Rate: 3.00 tags/min | phero_entries=3 max_w=0.372
======================================================================
R1[PHERO     ]: carry=0 | base=0.40 | wall=2.10 | search=  0 | target=phero(0.55,-1.05)
R2[SITE      ]: carry=0 | base=0.94 | wall=1.77 | search=  0 | target=site(0.82,-1.13)
R3[SURVEY    ]: carry=1 | base=1.73 | wall=0.94 | search=  0 | target=none
R4[RTB       ]: carry=1 | base=1.43 | wall=1.29 | search=  0 | target=none

[DEPOSIT] R4 deposited! Total: 13
  [TARGET] R4 → PHERO (0.82, -1.13)
[PICKUP] R1 picked up tag (density=17) | Total: 15

======================================================================
Step 8000 (4.3 min) | Pickups: 15 | Deposits: 13 | Rate: 3.05 tags/min | phero_entries=2 max_w=0.075
======================================================================
R1[SURVEY    ]: carry=1 | base=1.24 | wall=1.35 | search=  0 | target=none
R2[SEARCH    ]: carry=0 | base=0.49 | wall=2.12 | search=393 | target=site(0.82,-1.13)
R3[RTB       ]: carry=1 | base=0.82 | wall=1.74 | search=  0 | target=none
R4[PHERO     ]: carry=0 | base=0.29 | wall=2.23 | search=  0 | target=phero(0.82,-1.13)

[DEPOSIT] R3 deposited! Total: 14
  [TARGET] R3 → SITE (1.56, -0.76)
[DEPOSIT] R1 deposited! Total: 15
  [PHERO] Laid at (0.47, -1.14) density=17 prob=0.99 entries=3
  [TARGET] R1 → SITE (0.47, -1.14)
[PICKUP] R4 picked up tag (density=18) | Total: 16

======================================================================
Step 8500 (4.5 min) | Pickups: 16 | Deposits: 15 | Rate: 3.31 tags/min | phero_entries=3 max_w=0.712
======================================================================
R1[BASE_ESC  ]: carry=0 | base=0.24 | wall=2.32 | search=  0 | target=site(0.47,-1.14)
R2[SEARCH    ]: carry=0 | base=0.48 | wall=2.02 | search=893 | target=site(0.82,-1.13)
R3[SITE      ]: carry=0 | base=1.11 | wall=1.48 | search=  0 | target=site(1.56,-0.76)
R4[SURVEY    ]: carry=1 | base=1.39 | wall=1.35 | search=  0 | target=none

[PICKUP] R3 picked up tag (density=2) | Total: 17
  [GIVE-UP] R2 returned empty after 936 searching steps
  [TARGET] R2 → PHERO (0.47, -1.14)
[PICKUP] R1 picked up tag (density=16) | Total: 18

======================================================================
Step 9000 (4.8 min) | Pickups: 18 | Deposits: 15 | Rate: 3.12 tags/min | phero_entries=2 max_w=0.144
======================================================================
R1[SURVEY    ]: carry=1 | base=1.30 | wall=1.29 | search=  0 | target=none
R2[PHERO     ]: carry=0 | base=0.27 | wall=2.23 | search=  0 | target=phero(0.47,-1.14)
R3[RTB       ]: carry=1 | base=1.73 | wall=0.91 | search=  0 | target=none
R4[RTB       ]: carry=1 | base=0.55 | wall=2.07 | search=  0 | target=none

[DEPOSIT] R4 deposited! Total: 16
  [PHERO] Laid at (0.78, -1.15) density=18 prob=1.00 entries=3
  [TARGET] R4 → SITE (0.78, -1.15)
[DEPOSIT] R1 deposited! Total: 17
  [PHERO] Laid at (0.49, -1.21) density=16 prob=0.99 entries=3
  [TARGET] R1 → SITE (0.49, -1.21)
[DEPOSIT] R3 deposited! Total: 18
  [TARGET] R3 → PHERO (0.49, -1.21)

======================================================================
Step 9500 (5.1 min) | Pickups: 18 | Deposits: 18 | Rate: 3.55 tags/min | phero_entries=3 max_w=0.703
======================================================================
R1[BASE_ESC  ]: carry=0 | base=0.25 | wall=2.31 | search=  0 | target=site(0.49,-1.21)
R2[SEARCH    ]: carry=0 | base=1.13 | wall=1.48 | search=159 | target=phero(0.47,-1.14)
R3[BASE_ESC  ]: carry=0 | base=0.22 | wall=2.29 | search=  0 | target=phero(0.49,-1.21)
R4[SEARCH    ]: carry=0 | base=1.37 | wall=1.37 | search=  9 | target=site(0.78,-1.15)

[PICKUP] R1 picked up tag (density=15) | Total: 19
[PICKUP] R4 picked up tag (density=1) | Total: 20
[PICKUP] R3 picked up tag (density=14) | Total: 21

======================================================================
Step 10000 (5.3 min) | Pickups: 21 | Deposits: 18 | Rate: 3.38 tags/min | phero_entries=3 max_w=0.142
======================================================================
R1[RTB       ]: carry=1 | base=1.36 | wall=1.22 | search=  0 | target=none
R2[SEARCH    ]: carry=0 | base=1.71 | wall=1.27 | search=659 | target=phero(0.47,-1.14)
R3[SURVEY    ]: carry=1 | base=1.34 | wall=1.28 | search=  0 | target=none
R4[SURVEY    ]: carry=1 | base=1.04 | wall=1.52 | search=  0 | target=none

[DEPOSIT] R4 deposited! Total: 19
  [TARGET] R4 → PHERO (0.78, -1.15)
[DEPOSIT] R1 deposited! Total: 20
  [PHERO] Laid at (0.48, -1.22) density=15 prob=0.98 entries=4
  [TARGET] R1 → SITE (0.48, -1.22)

======================================================================
Step 10500 (5.6 min) | Pickups: 21 | Deposits: 20 | Rate: 3.57 tags/min | phero_entries=4 max_w=0.666
======================================================================
R1[SITE      ]: carry=0 | base=0.28 | wall=2.28 | search=  0 | target=site(0.48,-1.22)
R2[SEARCH    ]: carry=0 | base=2.53 | wall=0.40 | search=1159 | target=phero(0.47,-1.14)
R3[RTB       ]: carry=1 | base=0.33 | wall=2.21 | search=  0 | target=none
R4[PHERO     ]: carry=0 | base=0.33 | wall=2.17 | search=  0 | target=phero(0.78,-1.15)

[DEPOSIT] R3 deposited! Total: 21
  [PHERO] Laid at (0.55, -1.22) density=14 prob=0.96 entries=5
  [TARGET] R3 → SITE (0.55, -1.22)
[PICKUP] R4 picked up tag (density=14) | Total: 22

======================================================================
Step 11000 (5.9 min) | Pickups: 22 | Deposits: 21 | Rate: 3.58 tags/min | phero_entries=4 max_w=0.220
======================================================================
R1[SEARCH    ]: carry=0 | base=1.15 | wall=1.44 | search=232 | target=site(0.48,-1.22)
R2[WALL_ESC  ]: carry=0 | base=2.65 | wall=0.31 | search=1659 | target=phero(0.47,-1.14)
R3[SEARCH    ]: carry=0 | base=1.32 | wall=1.31 | search= 69 | target=site(0.55,-1.22)
R4[SURVEY    ]: carry=1 | base=1.43 | wall=1.30 | search=  0 | target=none

[DEPOSIT] R4 deposited! Total: 22
  [PHERO] Laid at (0.78, -1.20) density=14 prob=0.96 entries=4
  [TARGET] R4 → SITE (0.78, -1.20)

======================================================================
Step 11500 (6.1 min) | Pickups: 22 | Deposits: 22 | Rate: 3.59 tags/min | phero_entries=4 max_w=0.877
======================================================================
R1[SEARCH    ]: carry=0 | base=2.19 | wall=0.51 | search=732 | target=site(0.48,-1.22)
R2[SEARCH    ]: carry=0 | base=2.63 | wall=0.36 | search=2159 | target=phero(0.47,-1.14)
R3[SEARCH    ]: carry=0 | base=1.48 | wall=1.27 | search=569 | target=site(0.55,-1.22)
R4[BASE_ESC  ]: carry=0 | base=0.22 | wall=2.33 | search=  0 | target=site(0.78,-1.20)


======================================================================
Step 12000 (6.4 min) | Pickups: 22 | Deposits: 22 | Rate: 3.44 tags/min | phero_entries=3 max_w=0.177
======================================================================
R1[GIVE_UP   ]: carry=0 | base=2.24 | wall=0.43 | search=1092 | target=none
R2[SEARCH    ]: carry=0 | base=2.56 | wall=0.38 | search=2659 | target=phero(0.47,-1.14)
R3[SEARCH    ]: carry=0 | base=2.48 | wall=0.36 | search=1069 | target=site(0.55,-1.22)
R4[SEARCH    ]: carry=0 | base=1.39 | wall=1.37 | search=119 | target=site(0.78,-1.20)

[PICKUP] R4 picked up tag (density=12) | Total: 23
[PICKUP] R1 picked up tag (density=1) | Total: 24

======================================================================
Step 12500 (6.7 min) | Pickups: 24 | Deposits: 22 | Rate: 3.30 tags/min | phero_entries=3 max_w=0.036
======================================================================
R1[SURVEY    ]: carry=1 | base=0.73 | wall=1.83 | search=  0 | target=none
R2[GIVE_UP   ]: carry=0 | base=1.88 | wall=0.97 | search=2964 | target=none
R3[GIVE_UP   ]: carry=0 | base=1.87 | wall=0.91 | search=1404 | target=none
R4[RTB       ]: carry=1 | base=1.23 | wall=1.43 | search=  0 | target=none

[PICKUP] R2 picked up tag (density=2) | Total: 25
[DEPOSIT] R1 deposited! Total: 23
  [TARGET] R1 → PHERO (0.78, -1.20)
[DEPOSIT] R4 deposited! Total: 24
  [PHERO] Laid at (0.60, -1.24) density=12 prob=0.88 entries=2
  [TARGET] R4 → SITE (0.60, -1.24)
[PICKUP] R3 picked up tag (density=1) | Total: 26

======================================================================
Step 13000 (6.9 min) | Pickups: 26 | Deposits: 24 | Rate: 3.46 tags/min | phero_entries=2 max_w=0.461
======================================================================
R1[PHERO     ]: carry=0 | base=0.75 | wall=1.83 | search=  0 | target=phero(0.78,-1.20)
R2[RTB       ]: carry=1 | base=0.71 | wall=1.95 | search=  0 | target=none
R3[RTB       ]: carry=1 | base=0.70 | wall=1.92 | search=  0 | target=none
R4[SITE      ]: carry=0 | base=0.69 | wall=1.92 | search=  0 | target=site(0.60,-1.24)

[DEPOSIT] R2 deposited! Total: 25
  [TARGET] R2 → SITE (-0.95, -0.68)
[DEPOSIT] R3 deposited! Total: 26
  [TARGET] R3 → SITE (-0.67, -0.41)

======================================================================
Step 13500 (7.2 min) | Pickups: 26 | Deposits: 26 | Rate: 3.61 tags/min | phero_entries=2 max_w=0.093
======================================================================
R1[SEARCH    ]: carry=0 | base=1.11 | wall=1.42 | search=332 | target=phero(0.78,-1.20)
R2[SITE      ]: carry=0 | base=0.93 | wall=1.73 | search=  0 | target=site(-0.95,-0.68)
R3[SEARCH    ]: carry=0 | base=0.82 | wall=1.78 | search= 72 | target=site(-0.67,-0.41)
R4[SEARCH    ]: carry=0 | base=0.77 | wall=1.76 | search=327 | target=site(0.60,-1.24)


======================================================================
Step 14000 (7.5 min) | Pickups: 26 | Deposits: 26 | Rate: 3.48 tags/min | phero_entries=1 max_w=0.019
======================================================================
R1[SEARCH    ]: carry=0 | base=1.81 | wall=1.21 | search=832 | target=phero(0.78,-1.20)
R2[SEARCH    ]: carry=0 | base=0.75 | wall=1.80 | search=450 | target=site(-0.95,-0.68)
R3[SEARCH    ]: carry=0 | base=1.68 | wall=0.90 | search=572 | target=site(-0.67,-0.41)
R4[GIVE_UP   ]: carry=0 | base=1.45 | wall=1.18 | search=780 | target=none

  [GIVE-UP] R4 returned empty after 780 searching steps
  [TARGET] R4 → PHERO (0.60, -1.24)

======================================================================
Step 14500 (7.7 min) | Pickups: 26 | Deposits: 26 | Rate: 3.36 tags/min | phero_entries=1 max_w=0.004
======================================================================
R1[SEARCH    ]: carry=0 | base=1.29 | wall=1.29 | search=1332 | target=phero(0.78,-1.20)
R2[SEARCH    ]: carry=0 | base=1.82 | wall=1.13 | search=950 | target=site(-0.95,-0.68)
R3[GIVE_UP   ]: carry=0 | base=1.82 | wall=0.77 | search=936 | target=none
R4[PHERO     ]: carry=0 | base=0.26 | wall=2.24 | search=  0 | target=phero(0.60,-1.24)

[PICKUP] R1 picked up tag (density=10) | Total: 27
  [GIVE-UP] R3 returned empty after 936 searching steps
  [TARGET] R3 → PHERO (0.60, -1.24)

======================================================================
Step 15000 (8.0 min) | Pickups: 27 | Deposits: 26 | Rate: 3.25 tags/min | phero_entries=0 max_w=0.000
======================================================================
R1[RTB       ]: carry=1 | base=0.48 | wall=2.10 | search=  0 | target=none
R2[GIVE_UP   ]: carry=0 | base=2.44 | wall=0.51 | search=1404 | target=none
R3[BASE_ESC  ]: carry=0 | base=0.23 | wall=2.30 | search=  0 | target=phero(0.60,-1.24)
R4[SEARCH    ]: carry=0 | base=1.36 | wall=1.27 | search= 46 | target=phero(0.60,-1.24)

[DEPOSIT] R1 deposited! Total: 27
  [TARGET] R1 → SITE (-1.16, 0.71)
[PICKUP] R4 picked up tag (density=11) | Total: 28

======================================================================
Step 15500 (8.3 min) | Pickups: 28 | Deposits: 27 | Rate: 3.27 tags/min | phero_entries=0 max_w=0.000
======================================================================
R1[SEARCH    ]: carry=0 | base=1.36 | wall=1.33 | search= 42 | target=site(-1.16,0.71)
R2[GIVE_UP   ]: carry=0 | base=0.53 | wall=2.07 | search=1404 | target=none
R3[SEARCH    ]: carry=0 | base=1.38 | wall=1.28 | search=102 | target=phero(0.60,-1.24)
R4[RTB       ]: carry=1 | base=1.06 | wall=1.53 | search=  0 | target=none

  [GIVE-UP] R2 returned empty after 1404 searching steps
  [TARGET] R2 → WALL (2.42, -2.19)
[DEPOSIT] R4 deposited! Total: 28
  [TARGET] R4 → SITE (0.48, -1.29)
  [GIVE-UP] R3 returned empty after 156 searching steps
  [TARGET] R3 → WALL (2.42, -1.78)

======================================================================
Step 16000 (8.5 min) | Pickups: 28 | Deposits: 28 | Rate: 3.28 tags/min | phero_entries=0 max_w=0.000
======================================================================
R1[SEARCH    ]: carry=0 | base=1.00 | wall=1.75 | search=542 | target=site(-1.16,0.71)
R2[DEPART    ]: carry=0 | base=0.27 | wall=2.28 | search=  0 | target=none
R3[DEPART    ]: carry=0 | base=0.45 | wall=2.15 | search=  0 | target=none
R4[SITE      ]: carry=0 | base=0.80 | wall=1.78 | search=  0 | target=site(0.48,-1.29)

[PICKUP] R3 picked up tag (density=11) | Total: 29
[PICKUP] R2 picked up tag (density=6) | Total: 30

======================================================================
Step 16500 (8.8 min) | Pickups: 30 | Deposits: 28 | Rate: 3.18 tags/min | phero_entries=0 max_w=0.000
======================================================================
R1[GIVE_UP   ]: carry=0 | base=0.35 | wall=2.16 | search=780 | target=none
R2[SURVEY    ]: carry=1 | base=1.68 | wall=1.27 | search=  0 | target=none
R3[SURVEY    ]: carry=1 | base=1.47 | wall=1.29 | search=  0 | target=none
R4[SEARCH    ]: carry=0 | base=1.42 | wall=1.08 | search=361 | target=site(0.48,-1.29)

  [GIVE-UP] R1 returned empty after 780 searching steps
  [TARGET] R1 → WALL (2.42, -1.28)
[DEPOSIT] R3 deposited! Total: 29
  [TARGET] R3 → SITE (0.83, -1.21)

======================================================================
Step 17000 (9.1 min) | Pickups: 30 | Deposits: 29 | Rate: 3.20 tags/min | phero_entries=0 max_w=0.000
======================================================================
R1[SEARCH    ]: carry=0 | base=1.49 | wall=1.23 | search=211 | target=none
R2[RTB       ]: carry=1 | base=0.63 | wall=2.04 | search=  0 | target=none
R3[BASE_ESC  ]: carry=0 | base=0.23 | wall=2.33 | search=  0 | target=site(0.83,-1.21)
R4[SEARCH    ]: carry=0 | base=1.94 | wall=0.90 | search=861 | target=site(0.48,-1.29)

[DEPOSIT] R2 deposited! Total: 30
  [TARGET] R2 → SITE (1.15, -1.23)

======================================================================
Step 17500 (9.3 min) | Pickups: 30 | Deposits: 30 | Rate: 3.21 tags/min | phero_entries=0 max_w=0.000
======================================================================
R1[SEARCH    ]: carry=0 | base=2.36 | wall=0.40 | search=711 | target=none
R2[SITE      ]: carry=0 | base=1.28 | wall=1.55 | search=  0 | target=site(1.15,-1.23)
R3[SEARCH    ]: carry=0 | base=1.41 | wall=1.40 | search=137 | target=site(0.83,-1.21)
R4[WALL_ESC  ]: carry=0 | base=2.47 | wall=0.33 | search=1361 | target=site(0.48,-1.29)

[PICKUP] R3 picked up tag (density=9) | Total: 31

======================================================================
Step 18000 (9.6 min) | Pickups: 31 | Deposits: 30 | Rate: 3.12 tags/min | phero_entries=0 max_w=0.000
======================================================================
R1[SEARCH    ]: carry=0 | base=2.37 | wall=0.40 | search=1211 | target=none
R2[GIVE_UP   ]: carry=0 | base=2.07 | wall=0.82 | search=312 | target=none
R3[RTB       ]: carry=1 | base=1.27 | wall=1.36 | search=  0 | target=none
R4[WALL_ESC  ]: carry=0 | base=2.47 | wall=0.31 | search=1861 | target=site(0.48,-1.29)

[DEPOSIT] R3 deposited! Total: 31
  [TARGET] R3 → SITE (0.53, -1.31)
  [GIVE-UP] R2 returned empty after 312 searching steps
  [TARGET] R2 → WALL (-2.42, -1.94)

======================================================================
Step 18500 (9.9 min) | Pickups: 31 | Deposits: 31 | Rate: 3.14 tags/min | phero_entries=0 max_w=0.000
======================================================================
R1[WALL_ESC  ]: carry=0 | base=2.44 | wall=0.33 | search=1711 | target=none
R2[BASE_ESC  ]: carry=0 | base=0.23 | wall=2.31 | search=  0 | target=none
R3[SITE      ]: carry=0 | base=0.66 | wall=1.92 | search=  0 | target=site(0.53,-1.31)
R4[SEARCH    ]: carry=0 | base=2.38 | wall=0.40 | search=2361 | target=site(0.48,-1.29)

[PICKUP] R3 picked up tag (density=8) | Total: 32

======================================================================
Step 19000 (10.1 min) | Pickups: 32 | Deposits: 31 | Rate: 3.06 tags/min | phero_entries=0 max_w=0.000
======================================================================
R1[WALL_ESC  ]: carry=0 | base=2.46 | wall=0.34 | search=2211 | target=none
R2[SEARCH    ]: carry=0 | base=1.01 | wall=1.78 | search= 97 | target=none
R3[RTB       ]: carry=1 | base=1.46 | wall=1.17 | search=  0 | target=none
R4[SEARCH    ]: carry=0 | base=2.40 | wall=0.36 | search=2861 | target=site(0.48,-1.29)

[DEPOSIT] R3 deposited! Total: 32
  [TARGET] R3 → SITE (0.57, -1.36)

======================================================================
Step 19500 (10.4 min) | Pickups: 32 | Deposits: 32 | Rate: 3.08 tags/min | phero_entries=0 max_w=0.000
======================================================================
R1[SEARCH    ]: carry=0 | base=2.38 | wall=0.39 | search=2711 | target=none
R2[WALL_ESC  ]: carry=0 | base=2.28 | wall=0.32 | search=597 | target=none
R3[SITE      ]: carry=0 | base=0.43 | wall=2.16 | search=  0 | target=site(0.57,-1.36)
R4[WALL_ESC  ]: carry=0 | base=2.47 | wall=0.33 | search=3361 | target=site(0.48,-1.29)

[PICKUP] R3 picked up tag (density=7) | Total: 33

======================================================================
Step 20000 (10.7 min) | Pickups: 33 | Deposits: 32 | Rate: 3.00 tags/min | phero_entries=0 max_w=0.000
======================================================================
R1[WALL_ESC  ]: carry=0 | base=2.47 | wall=0.31 | search=3211 | target=none
R2[WALL_ESC  ]: carry=0 | base=2.25 | wall=0.34 | search=1097 | target=none
R3[RTB       ]: carry=1 | base=1.47 | wall=1.15 | search=  0 | target=none
R4[SEARCH    ]: carry=0 | base=2.38 | wall=0.39 | search=3861 | target=site(0.48,-1.29)

[DEPOSIT] R3 deposited! Total: 33
  [TARGET] R3 → SITE (0.56, -1.36)

======================================================================
Step 20500 (10.9 min) | Pickups: 33 | Deposits: 33 | Rate: 3.02 tags/min | phero_entries=0 max_w=0.000
======================================================================
R1[SEARCH    ]: carry=0 | base=2.44 | wall=0.36 | search=3711 | target=none
R2[SEARCH    ]: carry=0 | base=2.24 | wall=0.35 | search=1597 | target=none
R3[SITE      ]: carry=0 | base=0.31 | wall=2.27 | search=  0 | target=site(0.56,-1.36)
R4[WALL_ESC  ]: carry=0 | base=2.44 | wall=0.32 | search=4361 | target=site(0.48,-1.29)


======================================================================
Step 21000 (11.2 min) | Pickups: 33 | Deposits: 33 | Rate: 2.95 tags/min | phero_entries=0 max_w=0.000
======================================================================
R1[GIVE_UP   ]: carry=0 | base=1.05 | wall=1.56 | search=3744 | target=none
R2[SEARCH    ]: carry=0 | base=2.23 | wall=0.36 | search=2097 | target=none
R3[SEARCH    ]: carry=0 | base=1.33 | wall=1.29 | search=202 | target=site(0.56,-1.36)
R4[WALL_ESC  ]: carry=0 | base=2.46 | wall=0.34 | search=4861 | target=site(0.48,-1.29)

  [GIVE-UP] R1 returned empty after 3744 searching steps
  [TARGET] R1 → WALL (-1.32, -2.42)

======================================================================
Step 21500 (11.5 min) | Pickups: 33 | Deposits: 33 | Rate: 2.88 tags/min | phero_entries=0 max_w=0.000
======================================================================
R1[DEPART    ]: carry=0 | base=0.71 | wall=1.80 | search=  0 | target=none
R2[SEARCH    ]: carry=0 | base=2.22 | wall=0.37 | search=2597 | target=none
R3[SEARCH    ]: carry=0 | base=2.10 | wall=0.75 | search=702 | target=site(0.56,-1.36)
R4[SEARCH    ]: carry=0 | base=2.37 | wall=0.39 | search=5361 | target=site(0.48,-1.29)

[PICKUP] R3 picked up tag (density=1) | Total: 34

======================================================================
Step 22000 (11.7 min) | Pickups: 34 | Deposits: 33 | Rate: 2.81 tags/min | phero_entries=0 max_w=0.000
======================================================================
R1[WALL_ESC  ]: carry=0 | base=2.41 | wall=0.34 | search=370 | target=none
R2[SEARCH    ]: carry=0 | base=2.22 | wall=0.37 | search=3097 | target=none
R3[RTB       ]: carry=1 | base=2.45 | wall=0.61 | search=  0 | target=none
R4[GIVE_UP   ]: carry=0 | base=1.46 | wall=1.20 | search=5616 | target=none

  [GIVE-UP] R4 returned empty after 5616 searching steps
  [TARGET] R4 → WALL (1.74, 2.42)

======================================================================
Step 22500 (12.0 min) | Pickups: 34 | Deposits: 33 | Rate: 2.75 tags/min | phero_entries=0 max_w=0.000
======================================================================
R1[SEARCH    ]: carry=0 | base=2.38 | wall=0.37 | search=870 | target=none
R2[GIVE_UP   ]: carry=0 | base=1.32 | wall=1.27 | search=3276 | target=none
R3[RTB       ]: carry=1 | base=0.53 | wall=2.09 | search=  0 | target=none
R4[DEPART    ]: carry=0 | base=0.28 | wall=2.29 | search=  0 | target=none

[DEPOSIT] R3 deposited! Total: 34
  [TARGET] R3 → WALL (-1.94, -2.42)
  [GIVE-UP] R2 returned empty after 3276 searching steps
  [TARGET] R2 → WALL (2.42, -0.12)

======================================================================
Step 23000 (12.3 min) | Pickups: 34 | Deposits: 34 | Rate: 2.77 tags/min | phero_entries=0 max_w=0.000
======================================================================
R1[WALL_ESC  ]: carry=0 | base=2.47 | wall=0.32 | search=1370 | target=none
R2[BASE_ESC  ]: carry=0 | base=0.24 | wall=2.26 | search=  0 | target=none
R3[SEARCH    ]: carry=0 | base=1.38 | wall=1.52 | search=159 | target=none
R4[SEARCH    ]: carry=0 | base=0.56 | wall=2.10 | search=144 | target=none

[PICKUP] R4 picked up tag (density=2) | Total: 35

======================================================================
Step 23500 (12.5 min) | Pickups: 35 | Deposits: 34 | Rate: 2.71 tags/min | phero_entries=0 max_w=0.000
======================================================================
R1[GIVE_UP   ]: carry=0 | base=1.97 | wall=0.74 | search=1716 | target=none
R2[SEARCH    ]: carry=0 | base=0.73 | wall=1.83 | search=175 | target=none
R3[WALL_ESC  ]: carry=0 | base=2.86 | wall=0.31 | search=624 | target=none
R4[RTB       ]: carry=1 | base=1.52 | wall=1.09 | search=  0 | target=none

[PICKUP] R2 picked up tag (density=1) | Total: 36
[DEPOSIT] R4 deposited! Total: 35
  [TARGET] R4 → SITE (0.54, 1.41)
  [GIVE-UP] R1 returned empty after 1716 searching steps
  [TARGET] R1 → WALL (1.79, 2.42)

======================================================================
Step 24000 (12.8 min) | Pickups: 36 | Deposits: 35 | Rate: 2.73 tags/min | phero_entries=0 max_w=0.000
======================================================================
R1[BASE_ESC  ]: carry=0 | base=0.22 | wall=2.31 | search=  0 | target=none
R2[RTB       ]: carry=1 | base=1.57 | wall=0.97 | search=  0 | target=none
R3[GIVE_UP   ]: carry=0 | base=1.05 | wall=1.69 | search=624 | target=none
R4[SITE      ]: carry=0 | base=0.31 | wall=2.26 | search=  0 | target=site(0.54,1.41)

  [GIVE-UP] R3 returned empty after 624 searching steps
  [TARGET] R3 → WALL (2.42, -2.12)
[DEPOSIT] R2 deposited! Total: 36
  [TARGET] R2 → WALL (2.42, 1.95)

======================================================================
Step 24500 (13.1 min) | Pickups: 36 | Deposits: 36 | Rate: 2.76 tags/min | phero_entries=0 max_w=0.000
======================================================================
R1[SEARCH    ]: carry=0 | base=0.54 | wall=1.98 | search= 60 | target=none
R2[DEPART    ]: carry=0 | base=0.29 | wall=2.21 | search=  0 | target=none
R3[DEPART    ]: carry=0 | base=0.73 | wall=1.85 | search=  0 | target=none
R4[SEARCH    ]: carry=0 | base=1.38 | wall=1.19 | search=191 | target=site(0.54,1.41)


======================================================================
Step 25000 (13.3 min) | Pickups: 36 | Deposits: 36 | Rate: 2.70 tags/min | phero_entries=0 max_w=0.000
======================================================================
R1[SEARCH    ]: carry=0 | base=2.20 | wall=0.79 | search=560 | target=none
R2[GIVE_UP   ]: carry=0 | base=0.56 | wall=2.06 | search=156 | target=none
R3[DEPART    ]: carry=0 | base=2.60 | wall=0.59 | search=  0 | target=none
R4[SEARCH    ]: carry=0 | base=1.04 | wall=1.47 | search=691 | target=site(0.54,1.41)

  [GIVE-UP] R2 returned empty after 156 searching steps
  [TARGET] R2 → WALL (-2.42, -0.50)

======================================================================
Step 25500 (13.6 min) | Pickups: 36 | Deposits: 36 | Rate: 2.65 tags/min | phero_entries=0 max_w=0.000
======================================================================
R1[WALL_ESC  ]: carry=0 | base=2.76 | wall=0.31 | search=1060 | target=none
R2[SEARCH    ]: carry=0 | base=0.76 | wall=1.74 | search=155 | target=none
R3[WALL_ESC  ]: carry=0 | base=2.94 | wall=0.31 | search=404 | target=none
R4[SEARCH    ]: carry=0 | base=1.67 | wall=0.84 | search=1191 | target=site(0.54,1.41)


======================================================================
Step 26000 (13.9 min) | Pickups: 36 | Deposits: 36 | Rate: 2.60 tags/min | phero_entries=0 max_w=0.000
======================================================================
R1[SEARCH    ]: carry=0 | base=2.65 | wall=0.40 | search=1560 | target=none
R2[SEARCH    ]: carry=0 | base=2.05 | wall=0.86 | search=655 | target=none
R3[SEARCH    ]: carry=0 | base=2.87 | wall=0.39 | search=904 | target=none
R4[SEARCH    ]: carry=0 | base=2.48 | wall=0.55 | search=1691 | target=site(0.54,1.41)


======================================================================
Step 26500 (14.1 min) | Pickups: 36 | Deposits: 36 | Rate: 2.55 tags/min | phero_entries=0 max_w=0.000
======================================================================
R1[WALL_ESC  ]: carry=0 | base=2.73 | wall=0.32 | search=2060 | target=none
R2[GIVE_UP   ]: carry=0 | base=1.70 | wall=0.93 | search=936 | target=none
R3[SEARCH    ]: carry=0 | base=2.85 | wall=0.36 | search=1404 | target=none
R4[WALL_ESC  ]: carry=0 | base=2.92 | wall=0.32 | search=2191 | target=site(0.54,1.41)

  [GIVE-UP] R2 returned empty after 936 searching steps
  [TARGET] R2 → WALL (2.42, -1.48)

======================================================================
Step 27000 (14.4 min) | Pickups: 36 | Deposits: 36 | Rate: 2.50 tags/min | phero_entries=0 max_w=0.000
======================================================================
R1[WALL_ESC  ]: carry=0 | base=2.75 | wall=0.35 | search=2560 | target=none
R2[DEPART    ]: carry=0 | base=0.27 | wall=2.24 | search=  0 | target=none
R3[GIVE_UP   ]: carry=0 | base=2.09 | wall=0.93 | search=1560 | target=none
R4[SEARCH    ]: carry=0 | base=2.80 | wall=0.40 | search=2691 | target=site(0.54,1.41)


======================================================================
Step 27500 (14.7 min) | Pickups: 36 | Deposits: 36 | Rate: 2.45 tags/min | phero_entries=0 max_w=0.000
======================================================================
R1[SEARCH    ]: carry=0 | base=2.66 | wall=0.38 | search=3060 | target=none
R2[SEARCH    ]: carry=0 | base=1.76 | wall=1.21 | search=195 | target=none
R3[GIVE_UP   ]: carry=0 | base=0.25 | wall=2.31 | search=1560 | target=none
R4[WALL_ESC  ]: carry=0 | base=2.89 | wall=0.31 | search=3191 | target=site(0.54,1.41)

  [GIVE-UP] R3 returned empty after 1560 searching steps
  [TARGET] R3 → WALL (2.42, 1.10)
[PICKUP] R1 picked up tag (density=2) | Total: 37

======================================================================
Step 28000 (14.9 min) | Pickups: 37 | Deposits: 36 | Rate: 2.41 tags/min | phero_entries=0 max_w=0.000
======================================================================
R1[RTB       ]: carry=1 | base=2.41 | wall=0.72 | search=  0 | target=none
R2[SEARCH    ]: carry=0 | base=2.31 | wall=0.39 | search=695 | target=none
R3[DEPART    ]: carry=0 | base=1.32 | wall=1.23 | search=  0 | target=none
R4[SEARCH    ]: carry=0 | base=2.89 | wall=0.35 | search=3691 | target=site(0.54,1.41)


======================================================================
Step 28500 (15.2 min) | Pickups: 37 | Deposits: 36 | Rate: 2.37 tags/min | phero_entries=0 max_w=0.000
======================================================================
R1[RTB       ]: carry=1 | base=0.50 | wall=2.13 | search=  0 | target=none
R2[SEARCH    ]: carry=0 | base=2.32 | wall=0.38 | search=1195 | target=none
R3[SEARCH    ]: carry=0 | base=2.46 | wall=0.36 | search=420 | target=none
R4[GIVE_UP   ]: carry=0 | base=1.81 | wall=1.17 | search=3900 | target=none

[DEPOSIT] R1 deposited! Total: 37
  [TARGET] R1 → SITE (1.60, 1.89)
  [GIVE-UP] R4 returned empty after 3900 searching steps
  [TARGET] R4 → WALL (-0.61, 2.42)

======================================================================
Step 29000 (15.5 min) | Pickups: 37 | Deposits: 37 | Rate: 2.39 tags/min | phero_entries=0 max_w=0.000
======================================================================
R1[SITE      ]: carry=0 | base=1.43 | wall=1.44 | search=  0 | target=site(1.60,1.89)
R2[SEARCH    ]: carry=0 | base=2.34 | wall=0.36 | search=1695 | target=none
R3[GIVE_UP   ]: carry=0 | base=1.45 | wall=1.19 | search=624 | target=none
R4[BASE_ESC  ]: carry=0 | base=0.22 | wall=2.32 | search=  0 | target=none

  [GIVE-UP] R3 returned empty after 624 searching steps
  [TARGET] R3 → WALL (2.42, 0.16)

======================================================================
Step 29500 (15.7 min) | Pickups: 37 | Deposits: 37 | Rate: 2.35 tags/min | phero_entries=0 max_w=0.000
======================================================================
R1[SEARCH    ]: carry=0 | base=2.21 | wall=0.87 | search=240 | target=site(1.60,1.89)
R2[GIVE_UP   ]: carry=0 | base=2.34 | wall=0.37 | search=2184 | target=none
R3[DEPART    ]: carry=0 | base=0.52 | wall=1.98 | search=  0 | target=none
R4[DEPART    ]: carry=0 | base=1.27 | wall=1.31 | search=  0 | target=none

[PICKUP] R1 picked up tag (density=4) | Total: 38
[PICKUP] R2 picked up tag (density=6) | Total: 39

======================================================================
Step 30000 (16.0 min) | Pickups: 39 | Deposits: 37 | Rate: 2.31 tags/min | phero_entries=0 max_w=0.000
======================================================================
R1[RTB       ]: carry=1 | base=1.65 | wall=1.11 | search=  0 | target=none
R2[RTB       ]: carry=1 | base=1.81 | wall=0.91 | search=  0 | target=none
R3[WALL_ESC  ]: carry=0 | base=2.20 | wall=0.32 | search=262 | target=none
R4[WALL_ESC  ]: carry=0 | base=2.37 | wall=0.35 | search=358 | target=none

[DEPOSIT] R1 deposited! Total: 38
  [TARGET] R1 → SITE (1.61, 1.18)
[DEPOSIT] R2 deposited! Total: 39
  [TARGET] R2 → SITE (0.84, -1.66)

======================================================================
Step 30500 (16.3 min) | Pickups: 39 | Deposits: 39 | Rate: 2.40 tags/min | phero_entries=0 max_w=0.000
======================================================================
R1[SITE      ]: carry=0 | base=0.32 | wall=2.26 | search=  0 | target=site(1.61,1.18)
R2[BASE_ESC  ]: carry=0 | base=0.22 | wall=2.29 | search=  0 | target=site(0.84,-1.66)
R3[WALL_ESC  ]: carry=0 | base=2.19 | wall=0.33 | search=762 | target=none
R4[WALL_ESC  ]: carry=0 | base=2.60 | wall=0.35 | search=858 | target=none

[PICKUP] R2 picked up tag (density=5) | Total: 40

======================================================================
Step 31000 (16.5 min) | Pickups: 40 | Deposits: 39 | Rate: 2.36 tags/min | phero_entries=0 max_w=0.000
======================================================================
R1[SEARCH    ]: carry=0 | base=2.03 | wall=0.87 | search= 72 | target=site(1.61,1.18)
R2[SURVEY    ]: carry=1 | base=1.50 | wall=1.16 | search=  0 | target=none
R3[WALL_ESC  ]: carry=0 | base=2.19 | wall=0.33 | search=1248 | target=none
R4[WALL_ESC  ]: carry=0 | base=2.60 | wall=0.34 | search=1358 | target=none

[DEPOSIT] R2 deposited! Total: 40
  [TARGET] R2 → SITE (0.66, -1.34)

======================================================================
Step 31500 (16.8 min) | Pickups: 40 | Deposits: 40 | Rate: 2.38 tags/min | phero_entries=0 max_w=0.000
======================================================================
R1[SEARCH    ]: carry=0 | base=1.28 | wall=1.22 | search=572 | target=site(1.61,1.18)
R2[BASE_ESC  ]: carry=0 | base=0.22 | wall=2.32 | search=  0 | target=site(0.66,-1.34)
R3[GIVE_UP   ]: carry=0 | base=0.47 | wall=2.04 | search=1248 | target=none
R4[SEARCH    ]: carry=0 | base=2.51 | wall=0.39 | search=1858 | target=none

  [GIVE-UP] R3 returned empty after 1248 searching steps
  [TARGET] R3 → WALL (2.42, 1.72)
[PICKUP] R1 picked up tag (density=2) | Total: 41

======================================================================
Step 32000 (17.1 min) | Pickups: 41 | Deposits: 40 | Rate: 2.34 tags/min | phero_entries=0 max_w=0.000
======================================================================
R1[RTB       ]: carry=1 | base=1.58 | wall=1.04 | search=  0 | target=none
R2[SEARCH    ]: carry=0 | base=1.50 | wall=1.21 | search=120 | target=site(0.66,-1.34)
R3[SEARCH    ]: carry=0 | base=1.33 | wall=1.36 | search=177 | target=none
R4[WALL_ESC  ]: carry=0 | base=2.61 | wall=0.31 | search=2358 | target=none

[DEPOSIT] R1 deposited! Total: 41
  [TARGET] R1 → SITE (-0.71, 1.53)

======================================================================
Step 32500 (17.3 min) | Pickups: 41 | Deposits: 41 | Rate: 2.37 tags/min | phero_entries=0 max_w=0.000
======================================================================
R1[SITE      ]: carry=0 | base=0.37 | wall=2.13 | search=  0 | target=site(-0.71,1.53)
R2[SEARCH    ]: carry=0 | base=1.05 | wall=1.54 | search=620 | target=site(0.66,-1.34)
R3[WALL_ESC  ]: carry=0 | base=2.42 | wall=0.33 | search=677 | target=none
R4[GIVE_UP   ]: carry=0 | base=2.49 | wall=0.44 | search=2808 | target=none


======================================================================
Step 33000 (17.6 min) | Pickups: 41 | Deposits: 41 | Rate: 2.33 tags/min | phero_entries=0 max_w=0.000
======================================================================
R1[SEARCH    ]: carry=0 | base=1.60 | wall=1.08 | search=166 | target=site(-0.71,1.53)
R2[SEARCH    ]: carry=0 | base=1.80 | wall=0.71 | search=1120 | target=site(0.66,-1.34)
R3[SEARCH    ]: carry=0 | base=2.41 | wall=0.38 | search=1177 | target=none
R4[GIVE_UP   ]: carry=0 | base=0.62 | wall=1.99 | search=2808 | target=none

  [GIVE-UP] R4 returned empty after 2808 searching steps
  [TARGET] R4 → WALL (2.42, 0.71)

======================================================================
Step 33500 (17.9 min) | Pickups: 41 | Deposits: 41 | Rate: 2.29 tags/min | phero_entries=0 max_w=0.000
======================================================================
R1[SEARCH    ]: carry=0 | base=0.30 | wall=2.21 | search=666 | target=site(-0.71,1.53)
R2[SEARCH    ]: carry=0 | base=2.16 | wall=0.37 | search=1620 | target=site(0.66,-1.34)
R3[SEARCH    ]: carry=0 | base=2.41 | wall=0.39 | search=1677 | target=none
R4[SEARCH    ]: carry=0 | base=0.55 | wall=2.03 | search=137 | target=none

[PICKUP] R3 picked up tag (density=1) | Total: 42
[PICKUP] R4 picked up tag (density=1) | Total: 43

======================================================================
Step 34000 (18.1 min) | Pickups: 43 | Deposits: 41 | Rate: 2.26 tags/min | phero_entries=0 max_w=0.000
======================================================================
R1[GIVE_UP   ]: carry=0 | base=1.43 | wall=1.08 | search=1092 | target=none
R2[SEARCH    ]: carry=0 | base=2.15 | wall=0.38 | search=2120 | target=site(0.66,-1.34)
R3[RTB       ]: carry=1 | base=1.78 | wall=0.92 | search=  0 | target=none
R4[SURVEY    ]: carry=1 | base=1.60 | wall=0.97 | search=  0 | target=none

  [GIVE-UP] R1 returned empty after 1092 searching steps
  [TARGET] R1 → WALL (-2.42, -1.46)
[DEPOSIT] R3 deposited! Total: 42
  [TARGET] R3 → SITE (0.79, 1.62)

======================================================================
Step 34500 (18.4 min) | Pickups: 43 | Deposits: 42 | Rate: 2.28 tags/min | phero_entries=0 max_w=0.000
======================================================================
R1[DEPART    ]: carry=0 | base=0.31 | wall=2.20 | search=  0 | target=none
R2[SEARCH    ]: carry=0 | base=2.15 | wall=0.38 | search=2620 | target=site(0.66,-1.34)
R3[BASE_ESC  ]: carry=0 | base=0.23 | wall=2.32 | search=  0 | target=site(0.79,1.62)
R4[RTB       ]: carry=1 | base=0.29 | wall=2.22 | search=  0 | target=none

[DEPOSIT] R4 deposited! Total: 43
  [TARGET] R4 → SITE (1.52, -0.49)

======================================================================
Step 35000 (18.7 min) | Pickups: 43 | Deposits: 43 | Rate: 2.30 tags/min | phero_entries=0 max_w=0.000
======================================================================
R1[SEARCH    ]: carry=0 | base=1.83 | wall=1.07 | search=253 | target=none
R2[SEARCH    ]: carry=0 | base=2.14 | wall=0.38 | search=3120 | target=site(0.66,-1.34)
R3[SEARCH    ]: carry=0 | base=1.82 | wall=0.84 | search= 73 | target=site(0.79,1.62)
R4[SEARCH    ]: carry=0 | base=1.58 | wall=0.99 | search= 23 | target=site(1.52,-0.49)


======================================================================
Step 35500 (18.9 min) | Pickups: 43 | Deposits: 43 | Rate: 2.27 tags/min | phero_entries=0 max_w=0.000
======================================================================
R1[WALL_ESC  ]: carry=0 | base=2.36 | wall=0.34 | search=753 | target=none
R2[SEARCH    ]: carry=0 | base=2.14 | wall=0.39 | search=3620 | target=site(0.66,-1.34)
R3[GIVE_UP   ]: carry=0 | base=1.63 | wall=1.00 | search=468 | target=none
R4[WALL_ESC  ]: carry=0 | base=2.20 | wall=0.35 | search=523 | target=site(1.52,-0.49)

  [GIVE-UP] R3 returned empty after 468 searching steps
  [TARGET] R3 → WALL (-0.91, 2.42)

======================================================================
Step 36000 (19.2 min) | Pickups: 43 | Deposits: 43 | Rate: 2.24 tags/min | phero_entries=0 max_w=0.000
======================================================================
R1[GIVE_UP   ]: carry=0 | base=1.69 | wall=0.94 | search=1092 | target=none
R2[SEARCH    ]: carry=0 | base=2.14 | wall=0.39 | search=4120 | target=site(0.66,-1.34)
R3[DEPART    ]: carry=0 | base=0.34 | wall=2.16 | search=  0 | target=none
R4[GIVE_UP   ]: carry=0 | base=1.57 | wall=1.07 | search=780 | target=none

  [GIVE-UP] R4 returned empty after 780 searching steps
  [TARGET] R4 → WALL (-2.42, 2.16)
  [GIVE-UP] R1 returned empty after 1092 searching steps
  [TARGET] R1 → WALL (-2.42, 1.32)

======================================================================
Step 36500 (19.5 min) | Pickups: 43 | Deposits: 43 | Rate: 2.21 tags/min | phero_entries=0 max_w=0.000
======================================================================
R1[DEPART    ]: carry=0 | base=0.27 | wall=2.29 | search=  0 | target=none
R2[SEARCH    ]: carry=0 | base=2.14 | wall=0.40 | search=4620 | target=site(0.66,-1.34)
R3[SEARCH    ]: carry=0 | base=1.87 | wall=0.65 | search=374 | target=none
R4[DEPART    ]: carry=0 | base=0.30 | wall=2.28 | search=  0 | target=none


======================================================================
Step 37000 (19.7 min) | Pickups: 43 | Deposits: 43 | Rate: 2.18 tags/min | phero_entries=0 max_w=0.000
======================================================================
R1[SEARCH    ]: carry=0 | base=1.80 | wall=0.71 | search=357 | target=none
R2[SEARCH    ]: carry=0 | base=2.14 | wall=0.40 | search=5120 | target=site(0.66,-1.34)
R3[SEARCH    ]: carry=0 | base=2.33 | wall=0.38 | search=874 | target=none
R4[GIVE_UP   ]: carry=0 | base=0.57 | wall=2.03 | search=156 | target=none

  [GIVE-UP] R4 returned empty after 156 searching steps
  [TARGET] R4 → WALL (2.36, 2.42)

======================================================================
Step 37500 (20.0 min) | Pickups: 43 | Deposits: 43 | Rate: 2.15 tags/min | phero_entries=0 max_w=0.000
======================================================================
R1[SEARCH    ]: carry=0 | base=2.18 | wall=0.39 | search=857 | target=none
R2[GIVE_UP   ]: carry=0 | base=2.14 | wall=0.39 | search=5616 | target=none
R3[WALL_ESC  ]: carry=0 | base=2.38 | wall=0.33 | search=1374 | target=none
R4[DEPART    ]: carry=0 | base=0.93 | wall=1.68 | search=  0 | target=none


======================================================================
Step 38000 (20.3 min) | Pickups: 43 | Deposits: 43 | Rate: 2.12 tags/min | phero_entries=0 max_w=0.000
======================================================================
R1[SEARCH    ]: carry=0 | base=2.18 | wall=0.39 | search=1357 | target=none
R2[GIVE_UP   ]: carry=0 | base=0.43 | wall=2.08 | search=5616 | target=none
R3[WALL_ESC  ]: carry=0 | base=2.39 | wall=0.33 | search=1874 | target=none
R4[GIVE_UP   ]: carry=0 | base=2.58 | wall=0.37 | search=156 | target=none

  [GIVE-UP] R2 returned empty after 5616 searching steps
  [TARGET] R2 → WALL (1.16, 2.42)

======================================================================
Step 38500 (20.5 min) | Pickups: 43 | Deposits: 43 | Rate: 2.09 tags/min | phero_entries=0 max_w=0.000
======================================================================
R1[SEARCH    ]: carry=0 | base=2.18 | wall=0.38 | search=1857 | target=none
R2[SEARCH    ]: carry=0 | base=1.52 | wall=1.11 | search= 29 | target=none
R3[WALL_ESC  ]: carry=0 | base=2.39 | wall=0.33 | search=2374 | target=none
R4[GIVE_UP   ]: carry=0 | base=0.89 | wall=1.75 | search=156 | target=none

  [GIVE-UP] R4 returned empty after 156 searching steps
  [TARGET] R4 → WALL (-2.42, -1.31)
[PICKUP] R2 picked up tag (density=1) | Total: 44

======================================================================
Step 39000 (20.8 min) | Pickups: 44 | Deposits: 43 | Rate: 2.07 tags/min | phero_entries=0 max_w=0.000
======================================================================
R1[SEARCH    ]: carry=0 | base=2.18 | wall=0.37 | search=2357 | target=none
R2[SURVEY    ]: carry=1 | base=2.51 | wall=0.70 | search=  0 | target=none
R3[WALL_ESC  ]: carry=0 | base=2.39 | wall=0.34 | search=2874 | target=none
R4[DEPART    ]: carry=0 | base=0.27 | wall=2.24 | search=  0 | target=none


======================================================================
Step 39500 (21.1 min) | Pickups: 44 | Deposits: 43 | Rate: 2.04 tags/min | phero_entries=0 max_w=0.000
======================================================================
R1[SEARCH    ]: carry=0 | base=2.20 | wall=0.36 | search=2857 | target=none
R2[RTB       ]: carry=1 | base=1.10 | wall=1.68 | search=  0 | target=none
R3[SEARCH    ]: carry=0 | base=2.40 | wall=0.35 | search=3374 | target=none
R4[SEARCH    ]: carry=0 | base=1.05 | wall=1.71 | search=279 | target=none

[DEPOSIT] R2 deposited! Total: 44
  [TARGET] R2 → WALL (0.28, -2.42)
  [GIVE-UP] R4 returned empty after 312 searching steps
  [TARGET] R4 → WALL (2.42, -0.13)

======================================================================
Step 40000 (21.3 min) | Pickups: 44 | Deposits: 44 | Rate: 2.06 tags/min | phero_entries=0 max_w=0.000
======================================================================
R1[WALL_ESC  ]: carry=0 | base=2.20 | wall=0.35 | search=3357 | target=none
R2[SEARCH    ]: carry=0 | base=0.45 | wall=2.18 | search= 10 | target=none
R3[SEARCH    ]: carry=0 | base=2.34 | wall=0.38 | search=3874 | target=none
R4[DEPART    ]: carry=0 | base=0.26 | wall=2.27 | search=  0 | target=none


======================================================================
Step 40500 (21.6 min) | Pickups: 44 | Deposits: 44 | Rate: 2.04 tags/min | phero_entries=0 max_w=0.000
======================================================================
R1[WALL_ESC  ]: carry=0 | base=2.21 | wall=0.34 | search=3857 | target=none
R2[GIVE_UP   ]: carry=0 | base=0.94 | wall=1.60 | search=312 | target=none
R3[WALL_ESC  ]: carry=0 | base=2.44 | wall=0.31 | search=4374 | target=none
R4[SEARCH    ]: carry=0 | base=1.33 | wall=1.18 | search=321 | target=none

  [GIVE-UP] R2 returned empty after 312 searching steps
  [TARGET] R2 → WALL (2.42, 1.19)

======================================================================
Step 41000 (21.9 min) | Pickups: 44 | Deposits: 44 | Rate: 2.01 tags/min | phero_entries=0 max_w=0.000
======================================================================
R1[GIVE_UP   ]: carry=0 | base=0.58 | wall=1.93 | search=3900 | target=none
R2[SEARCH    ]: carry=0 | base=0.74 | wall=1.77 | search= 54 | target=none
R3[SEARCH    ]: carry=0 | base=2.37 | wall=0.38 | search=4874 | target=none
R4[SEARCH    ]: carry=0 | base=2.10 | wall=0.69 | search=821 | target=none

  [GIVE-UP] R1 returned empty after 3900 searching steps
  [TARGET] R1 → WALL (-1.06, 2.42)
  [GIVE-UP] R2 returned empty after 156 searching steps
  [TARGET] R2 → WALL (2.42, 0.29)

======================================================================
Step 41500 (22.1 min) | Pickups: 44 | Deposits: 44 | Rate: 1.99 tags/min | phero_entries=0 max_w=0.000
======================================================================
R1[SEARCH    ]: carry=0 | base=0.88 | wall=1.83 | search=143 | target=none
R2[BASE_ESC  ]: carry=0 | base=0.22 | wall=2.32 | search=  0 | target=none
R3[SEARCH    ]: carry=0 | base=2.35 | wall=0.37 | search=5374 | target=none
R4[GIVE_UP   ]: carry=0 | base=0.57 | wall=2.08 | search=936 | target=none

  [GIVE-UP] R4 returned empty after 936 searching steps
  [TARGET] R4 → WALL (1.04, 2.42)
[PICKUP] R1 picked up tag (density=9) | Total: 45

======================================================================
Step 42000 (22.4 min) | Pickups: 45 | Deposits: 44 | Rate: 1.96 tags/min | phero_entries=0 max_w=0.000
======================================================================
R1[RTB       ]: carry=1 | base=1.25 | wall=1.41 | search=  0 | target=none
R2[SEARCH    ]: carry=0 | base=1.68 | wall=0.85 | search=316 | target=none
R3[WALL_ESC  ]: carry=0 | base=2.44 | wall=0.32 | search=5874 | target=none
R4[DEPART    ]: carry=0 | base=0.60 | wall=1.90 | search=  0 | target=none

[DEPOSIT] R1 deposited! Total: 45
  [TARGET] R1 → SITE (-1.33, 0.70)
[PICKUP] R2 picked up tag (density=1) | Total: 46

======================================================================
Step 42500 (22.7 min) | Pickups: 46 | Deposits: 45 | Rate: 1.99 tags/min | phero_entries=0 max_w=0.000
======================================================================
R1[SITE      ]: carry=0 | base=0.70 | wall=1.92 | search=  0 | target=site(-1.33,0.70)
R2[RTB       ]: carry=1 | base=2.37 | wall=0.49 | search=  0 | target=none
R3[SEARCH    ]: carry=0 | base=2.35 | wall=0.39 | search=6374 | target=none
R4[GIVE_UP   ]: carry=0 | base=0.38 | wall=2.15 | search=156 | target=none

  [GIVE-UP] R4 returned empty after 156 searching steps
  [TARGET] R4 → WALL (2.42, -0.92)
[PICKUP] R1 picked up tag (density=8) | Total: 47

======================================================================
Step 43000 (22.9 min) | Pickups: 47 | Deposits: 45 | Rate: 1.96 tags/min | phero_entries=0 max_w=0.000
======================================================================
R1[SURVEY    ]: carry=1 | base=1.39 | wall=1.33 | search=  0 | target=none
R2[RTB       ]: carry=1 | base=0.77 | wall=1.83 | search=  0 | target=none
R3[SEARCH    ]: carry=0 | base=2.36 | wall=0.36 | search=6874 | target=none
R4[SEARCH    ]: carry=0 | base=1.33 | wall=1.20 | search= 43 | target=none

[DEPOSIT] R2 deposited! Total: 46
  [TARGET] R2 → SITE (2.00, -1.25)
[DEPOSIT] R1 deposited! Total: 47
  [TARGET] R1 → SITE (-1.17, 0.74)

======================================================================
Step 43500 (23.2 min) | Pickups: 47 | Deposits: 47 | Rate: 2.03 tags/min | phero_entries=0 max_w=0.000
======================================================================
R1[BASE_ESC  ]: carry=0 | base=0.22 | wall=2.33 | search=  0 | target=site(-1.17,0.74)
R2[SITE      ]: carry=0 | base=1.19 | wall=1.52 | search=  0 | target=site(2.00,-1.25)
R3[WALL_ESC  ]: carry=0 | base=2.43 | wall=0.33 | search=7374 | target=none
R4[SEARCH    ]: carry=0 | base=2.27 | wall=0.61 | search=543 | target=none


======================================================================
Step 44000 (23.5 min) | Pickups: 47 | Deposits: 47 | Rate: 2.00 tags/min | phero_entries=0 max_w=0.000
======================================================================
R1[SEARCH    ]: carry=0 | base=1.46 | wall=1.20 | search=144 | target=site(-1.17,0.74)
R2[SEARCH    ]: carry=0 | base=2.23 | wall=0.66 | search=209 | target=site(2.00,-1.25)
R3[SEARCH    ]: carry=0 | base=2.34 | wall=0.40 | search=7874 | target=none
R4[SEARCH    ]: carry=0 | base=2.33 | wall=0.37 | search=1043 | target=none


======================================================================
Step 44500 (23.7 min) | Pickups: 47 | Deposits: 47 | Rate: 1.98 tags/min | phero_entries=0 max_w=0.000
======================================================================
R1[SEARCH    ]: carry=0 | base=2.31 | wall=0.36 | search=644 | target=site(-1.17,0.74)
R2[WALL_ESC  ]: carry=0 | base=2.98 | wall=0.34 | search=709 | target=site(2.00,-1.25)
R3[SEARCH    ]: carry=0 | base=2.37 | wall=0.35 | search=8374 | target=none
R4[SEARCH    ]: carry=0 | base=2.36 | wall=0.35 | search=1543 | target=none


======================================================================
Step 45000 (24.0 min) | Pickups: 47 | Deposits: 47 | Rate: 1.96 tags/min | phero_entries=0 max_w=0.000
======================================================================
R1[SEARCH    ]: carry=0 | base=2.29 | wall=0.36 | search=1144 | target=site(-1.17,0.74)
R2[WALL_ESC  ]: carry=0 | base=3.04 | wall=0.34 | search=1209 | target=site(2.00,-1.25)
R3[WALL_ESC  ]: carry=0 | base=2.43 | wall=0.33 | search=8874 | target=none
R4[WALL_ESC  ]: carry=0 | base=2.37 | wall=0.34 | search=2043 | target=none

[PICKUP] R4 picked up tag (density=4) | Total: 48

======================================================================
Step 45500 (24.3 min) | Pickups: 48 | Deposits: 47 | Rate: 1.94 tags/min | phero_entries=0 max_w=0.000
======================================================================
R1[SEARCH    ]: carry=0 | base=2.28 | wall=0.37 | search=1644 | target=site(-1.17,0.74)
R2[SEARCH    ]: carry=0 | base=2.95 | wall=0.39 | search=1709 | target=site(2.00,-1.25)
R3[SEARCH    ]: carry=0 | base=2.34 | wall=0.40 | search=9374 | target=none
R4[RTB       ]: carry=1 | base=1.82 | wall=0.85 | search=  0 | target=none

[PICKUP] R2 picked up tag (density=1) | Total: 49
[DEPOSIT] R4 deposited! Total: 48
  [TARGET] R4 → SITE (0.77, -1.65)

======================================================================
Step 46000 (24.5 min) | Pickups: 49 | Deposits: 48 | Rate: 1.96 tags/min | phero_entries=0 max_w=0.000
======================================================================
R1[SEARCH    ]: carry=0 | base=2.27 | wall=0.38 | search=2144 | target=site(-1.17,0.74)
R2[SURVEY    ]: carry=1 | base=2.46 | wall=0.72 | search=  0 | target=none
R3[WALL_ESC  ]: carry=0 | base=2.41 | wall=0.32 | search=9874 | target=none
R4[BASE_ESC  ]: carry=0 | base=0.22 | wall=2.30 | search=  0 | target=site(0.77,-1.65)

[PICKUP] R4 picked up tag (density=3) | Total: 50

======================================================================
Step 46500 (24.8 min) | Pickups: 50 | Deposits: 48 | Rate: 1.94 tags/min | phero_entries=0 max_w=0.000
======================================================================
R1[SEARCH    ]: carry=0 | base=2.27 | wall=0.39 | search=2644 | target=site(-1.17,0.74)
R2[RTB       ]: carry=1 | base=1.23 | wall=1.61 | search=  0 | target=none
R3[WALL_ESC  ]: carry=0 | base=2.42 | wall=0.34 | search=10374 | target=none
R4[SURVEY    ]: carry=1 | base=1.49 | wall=1.14 | search=  0 | target=none

[DEPOSIT] R2 deposited! Total: 49
  [TARGET] R2 → WALL (-2.42, -1.78)
[DEPOSIT] R4 deposited! Total: 50
  [TARGET] R4 → SITE (0.61, -1.36)

======================================================================
Step 47000 (25.1 min) | Pickups: 50 | Deposits: 50 | Rate: 1.99 tags/min | phero_entries=0 max_w=0.000
======================================================================
R1[SEARCH    ]: carry=0 | base=2.27 | wall=0.39 | search=3144 | target=site(-1.17,0.74)
R2[DEPART    ]: carry=0 | base=0.49 | wall=2.03 | search=  0 | target=none
R3[SEARCH    ]: carry=0 | base=2.34 | wall=0.39 | search=10874 | target=none
R4[BASE_ESC  ]: carry=0 | base=0.24 | wall=2.29 | search=  0 | target=site(0.61,-1.36)

[PICKUP] R4 picked up tag (density=2) | Total: 51

======================================================================
Step 47500 (25.3 min) | Pickups: 51 | Deposits: 50 | Rate: 1.97 tags/min | phero_entries=0 max_w=0.000
======================================================================
R1[GIVE_UP   ]: carry=0 | base=1.60 | wall=1.03 | search=3432 | target=none
R2[SEARCH    ]: carry=0 | base=2.12 | wall=0.80 | search=473 | target=none
R3[WALL_ESC  ]: carry=0 | base=2.43 | wall=0.31 | search=11374 | target=none
R4[SURVEY    ]: carry=1 | base=1.51 | wall=1.12 | search=  0 | target=none

  [GIVE-UP] R1 returned empty after 3432 searching steps
  [TARGET] R1 → WALL (-2.42, -0.78)

======================================================================
Step 48000 (25.6 min) | Pickups: 51 | Deposits: 50 | Rate: 1.95 tags/min | phero_entries=0 max_w=0.000
======================================================================
R1[DEPART    ]: carry=0 | base=0.36 | wall=2.21 | search=  0 | target=none
R2[WALL_ESC  ]: carry=0 | base=2.63 | wall=0.32 | search=973 | target=none
R3[SEARCH    ]: carry=0 | base=2.39 | wall=0.36 | search=11874 | target=none
R4[RTB       ]: carry=1 | base=0.49 | wall=2.07 | search=  0 | target=none

[DEPOSIT] R4 deposited! Total: 51
  [TARGET] R4 → SITE (0.63, -1.38)

======================================================================
80% COMPLETE: 51/64 deposits
Step 48064 (25.63 min)
Rate: 1.990 tags/min
======================================================================


======================================================================
Step 48500 (25.9 min) | Pickups: 51 | Deposits: 51 | Rate: 1.97 tags/min | phero_entries=0 max_w=0.000
======================================================================
R1[SEARCH    ]: carry=0 | base=2.00 | wall=0.82 | search=383 | target=none
R2[GIVE_UP   ]: carry=0 | base=1.18 | wall=1.51 | search=1092 | target=none
R3[SEARCH    ]: carry=0 | base=2.35 | wall=0.38 | search=12374 | target=none
R4[SITE      ]: carry=0 | base=1.43 | wall=1.20 | search=  0 | target=site(0.63,-1.38)

  [GIVE-UP] R2 returned empty after 1092 searching steps
  [TARGET] R2 → WALL (-2.42, -2.26)

======================================================================
Step 49000 (26.1 min) | Pickups: 51 | Deposits: 51 | Rate: 1.95 tags/min | phero_entries=0 max_w=0.000
======================================================================
R1[SEARCH    ]: carry=0 | base=2.87 | wall=0.39 | search=883 | target=none
R2[DEPART    ]: carry=0 | base=0.75 | wall=1.87 | search=  0 | target=none
R3[WALL_ESC  ]: carry=0 | base=2.43 | wall=0.31 | search=12874 | target=none
R4[GIVE_UP   ]: carry=0 | base=0.81 | wall=1.69 | search=312 | target=none

  [GIVE-UP] R4 returned empty after 312 searching steps
  [TARGET] R4 → WALL (1.45, -2.42)

======================================================================
Step 49500 (26.4 min) | Pickups: 51 | Deposits: 51 | Rate: 1.93 tags/min | phero_entries=0 max_w=0.000
======================================================================
R1[WALL_ESC  ]: carry=0 | base=3.01 | wall=0.31 | search=1383 | target=none
R2[SEARCH    ]: carry=0 | base=2.36 | wall=0.38 | search=493 | target=none
R3[SEARCH    ]: carry=0 | base=2.37 | wall=0.38 | search=13374 | target=none
R4[SEARCH    ]: carry=0 | base=0.99 | wall=1.53 | search= 86 | target=none


======================================================================
Step 50000 (26.7 min) | Pickups: 51 | Deposits: 51 | Rate: 1.91 tags/min | phero_entries=0 max_w=0.000
======================================================================
R1[SEARCH    ]: carry=0 | base=2.93 | wall=0.39 | search=1883 | target=none
R2[SEARCH    ]: carry=0 | base=2.39 | wall=0.36 | search=993 | target=none
R3[SEARCH    ]: carry=0 | base=2.35 | wall=0.37 | search=13874 | target=none
R4[GIVE_UP   ]: carry=0 | base=2.10 | wall=0.48 | search=468 | target=none

  [GIVE-UP] R4 returned empty after 468 searching steps
  [TARGET] R4 → WALL (-1.02, 2.42)

======================================================================
Step 50500 (26.9 min) | Pickups: 51 | Deposits: 51 | Rate: 1.89 tags/min | phero_entries=0 max_w=0.000
======================================================================
R1[SEARCH    ]: carry=0 | base=2.91 | wall=0.36 | search=2383 | target=none
R2[SEARCH    ]: carry=0 | base=2.38 | wall=0.36 | search=1493 | target=none
R3[GIVE_UP   ]: carry=0 | base=0.51 | wall=2.04 | search=13884 | target=none
R4[BASE_ESC  ]: carry=0 | base=0.23 | wall=2.28 | search=  0 | target=none

  [GIVE-UP] R3 returned empty after 13884 searching steps
  [TARGET] R3 → WALL (2.42, -1.48)

======================================================================
Step 51000 (27.2 min) | Pickups: 51 | Deposits: 51 | Rate: 1.88 tags/min | phero_entries=0 max_w=0.000
======================================================================
R1[GIVE_UP   ]: carry=0 | base=2.13 | wall=0.93 | search=2652 | target=none
R2[GIVE_UP   ]: carry=0 | base=0.80 | wall=1.77 | search=1560 | target=none
R3[SEARCH    ]: carry=0 | base=1.02 | wall=1.65 | search=165 | target=none
R4[SEARCH    ]: carry=0 | base=0.87 | wall=1.63 | search=208 | target=none

  [GIVE-UP] R2 returned empty after 1560 searching steps
  [TARGET] R2 → WALL (-2.42, 1.16)
[PICKUP] R4 picked up tag (density=3) | Total: 52
  [GIVE-UP] R1 returned empty after 2652 searching steps
  [TARGET] R1 → WALL (-2.42, 0.10)

======================================================================
Step 51500 (27.5 min) | Pickups: 52 | Deposits: 51 | Rate: 1.86 tags/min | phero_entries=0 max_w=0.000
======================================================================
R1[BASE_ESC  ]: carry=0 | base=0.23 | wall=2.33 | search=  0 | target=none
R2[DEPART    ]: carry=0 | base=1.14 | wall=1.43 | search=  0 | target=none
R3[WALL_ESC  ]: carry=0 | base=2.46 | wall=0.33 | search=665 | target=none
R4[SURVEY    ]: carry=1 | base=2.14 | wall=0.58 | search=  0 | target=none


======================================================================
Step 52000 (27.7 min) | Pickups: 52 | Deposits: 51 | Rate: 1.84 tags/min | phero_entries=0 max_w=0.000
======================================================================
R1[SEARCH    ]: carry=0 | base=1.62 | wall=0.90 | search=245 | target=none
R2[SEARCH    ]: carry=0 | base=2.37 | wall=0.35 | search=434 | target=none
R3[SEARCH    ]: carry=0 | base=2.44 | wall=0.38 | search=1165 | target=none
R4[RTB       ]: carry=1 | base=0.74 | wall=1.84 | search=  0 | target=none

[DEPOSIT] R4 deposited! Total: 52
  [TARGET] R4 → WALL (1.89, -2.42)

======================================================================
Step 52500 (28.0 min) | Pickups: 52 | Deposits: 52 | Rate: 1.86 tags/min | phero_entries=0 max_w=0.000
======================================================================
R1[SEARCH    ]: carry=0 | base=2.19 | wall=0.37 | search=745 | target=none
R2[SEARCH    ]: carry=0 | base=2.42 | wall=0.36 | search=934 | target=none
R3[GIVE_UP   ]: carry=0 | base=1.05 | wall=1.56 | search=1248 | target=none
R4[DEPART    ]: carry=0 | base=0.53 | wall=1.98 | search=  0 | target=none

  [GIVE-UP] R3 returned empty after 1248 searching steps
  [TARGET] R3 → WALL (-2.42, -1.53)
[PICKUP] R4 picked up tag (density=1) | Total: 53

======================================================================
Step 53000 (28.3 min) | Pickups: 53 | Deposits: 52 | Rate: 1.84 tags/min | phero_entries=0 max_w=0.000
======================================================================
R1[SEARCH    ]: carry=0 | base=2.18 | wall=0.37 | search=1245 | target=none
R2[SEARCH    ]: carry=0 | base=2.43 | wall=0.39 | search=1434 | target=none
R3[SEARCH    ]: carry=0 | base=0.29 | wall=2.22 | search= 27 | target=none
R4[RTB       ]: carry=1 | base=1.53 | wall=1.18 | search=  0 | target=none

  [GIVE-UP] R3 returned empty after 156 searching steps
  [TARGET] R3 → WALL (-2.42, -0.53)
[DEPOSIT] R4 deposited! Total: 53
  [TARGET] R4 → SITE (0.75, -1.32)

======================================================================
Step 53500 (28.5 min) | Pickups: 53 | Deposits: 53 | Rate: 1.86 tags/min | phero_entries=0 max_w=0.000
======================================================================
R1[GIVE_UP   ]: carry=0 | base=2.09 | wall=0.46 | search=1716 | target=none
R2[SEARCH    ]: carry=0 | base=2.39 | wall=0.38 | search=1934 | target=none
R3[DEPART    ]: carry=0 | base=0.49 | wall=2.04 | search=  0 | target=none
R4[SITE      ]: carry=0 | base=0.26 | wall=2.31 | search=  0 | target=site(0.75,-1.32)

  [GIVE-UP] R1 returned empty after 1716 searching steps
  [TARGET] R1 → WALL (-0.15, -2.42)

======================================================================
Step 54000 (28.8 min) | Pickups: 53 | Deposits: 53 | Rate: 1.84 tags/min | phero_entries=0 max_w=0.000
======================================================================
R1[BASE_ESC  ]: carry=0 | base=0.23 | wall=2.28 | search=  0 | target=none
R2[WALL_ESC  ]: carry=0 | base=2.49 | wall=0.31 | search=2434 | target=none
R3[WALL_ESC  ]: carry=0 | base=2.24 | wall=0.32 | search= 99 | target=none
R4[SEARCH    ]: carry=0 | base=1.59 | wall=1.29 | search=169 | target=site(0.75,-1.32)

[PICKUP] R2 picked up tag (density=7) | Total: 54

======================================================================
Step 54500 (29.1 min) | Pickups: 54 | Deposits: 53 | Rate: 1.82 tags/min | phero_entries=0 max_w=0.000
======================================================================
R1[DEPART    ]: carry=0 | base=1.14 | wall=1.39 | search=  0 | target=none
R2[SURVEY    ]: carry=1 | base=1.84 | wall=0.93 | search=  0 | target=none
R3[WALL_ESC  ]: carry=0 | base=2.22 | wall=0.34 | search=599 | target=none
R4[SEARCH    ]: carry=0 | base=2.19 | wall=0.36 | search=669 | target=site(0.75,-1.32)


======================================================================
Step 55000 (29.3 min) | Pickups: 54 | Deposits: 53 | Rate: 1.81 tags/min | phero_entries=0 max_w=0.000
======================================================================
R1[SEARCH    ]: carry=0 | base=2.13 | wall=0.37 | search=443 | target=none
R2[RTB       ]: carry=1 | base=0.59 | wall=2.00 | search=  0 | target=none
R3[WALL_ESC  ]: carry=0 | base=2.22 | wall=0.34 | search=1099 | target=none
R4[GIVE_UP   ]: carry=0 | base=1.38 | wall=1.18 | search=936 | target=none

[DEPOSIT] R2 deposited! Total: 54
  [TARGET] R2 → SITE (-1.57, 0.97)
  [GIVE-UP] R4 returned empty after 936 searching steps
  [TARGET] R4 → WALL (-0.65, 2.42)

======================================================================
Step 55500 (29.6 min) | Pickups: 54 | Deposits: 54 | Rate: 1.82 tags/min | phero_entries=0 max_w=0.000
======================================================================
R1[GIVE_UP   ]: carry=0 | base=1.02 | wall=1.48 | search=624 | target=none
R2[SITE      ]: carry=0 | base=1.37 | wall=1.32 | search=  0 | target=site(-1.57,0.97)
R3[WALL_ESC  ]: carry=0 | base=2.22 | wall=0.34 | search=1599 | target=none
R4[DEPART    ]: carry=0 | base=0.33 | wall=2.23 | search=  0 | target=none

[PICKUP] R2 picked up tag (density=6) | Total: 55
  [GIVE-UP] R1 returned empty after 624 searching steps
  [TARGET] R1 → WALL (-2.42, -2.07)

======================================================================
Step 56000 (29.9 min) | Pickups: 55 | Deposits: 54 | Rate: 1.81 tags/min | phero_entries=0 max_w=0.000
======================================================================
R1[SEARCH    ]: carry=0 | base=0.73 | wall=1.87 | search= 30 | target=none
R2[RTB       ]: carry=1 | base=0.63 | wall=1.97 | search=  0 | target=none
R3[WALL_ESC  ]: carry=0 | base=2.22 | wall=0.34 | search=2099 | target=none
R4[SEARCH    ]: carry=0 | base=1.98 | wall=0.54 | search=125 | target=none

[DEPOSIT] R2 deposited! Total: 55
  [TARGET] R2 → SITE (-1.29, 0.78)

======================================================================
Step 56500 (30.1 min) | Pickups: 55 | Deposits: 55 | Rate: 1.83 tags/min | phero_entries=0 max_w=0.000
======================================================================
R1[SEARCH    ]: carry=0 | base=2.46 | wall=0.57 | search=530 | target=none
R2[SITE      ]: carry=0 | base=1.31 | wall=1.39 | search=  0 | target=site(-1.29,0.78)
R3[WALL_ESC  ]: carry=0 | base=2.22 | wall=0.33 | search=2599 | target=none
R4[GIVE_UP   ]: carry=0 | base=0.98 | wall=1.54 | search=312 | target=none

  [GIVE-UP] R4 returned empty after 312 searching steps
  [TARGET] R4 → WALL (-1.68, -2.42)
[PICKUP] R2 picked up tag (density=5) | Total: 56

======================================================================
Step 57000 (30.4 min) | Pickups: 56 | Deposits: 55 | Rate: 1.81 tags/min | phero_entries=0 max_w=0.000
======================================================================
R1[WALL_ESC  ]: carry=0 | base=3.04 | wall=0.34 | search=1030 | target=none
R2[RTB       ]: carry=1 | base=1.32 | wall=1.44 | search=  0 | target=none
R3[GIVE_UP   ]: carry=0 | base=0.49 | wall=2.02 | search=2652 | target=none
R4[SEARCH    ]: carry=0 | base=0.28 | wall=2.28 | search= 14 | target=none

  [GIVE-UP] R3 returned empty after 2652 searching steps
  [TARGET] R3 → WALL (2.42, 0.44)
[DEPOSIT] R2 deposited! Total: 56
  [TARGET] R2 → SITE (-1.12, 0.80)

======================================================================
Step 57500 (30.7 min) | Pickups: 56 | Deposits: 56 | Rate: 1.83 tags/min | phero_entries=0 max_w=0.000
======================================================================
R1[SEARCH    ]: carry=0 | base=2.91 | wall=0.39 | search=1530 | target=none
R2[SITE      ]: carry=0 | base=0.54 | wall=2.04 | search=  0 | target=site(-1.12,0.80)
R3[SEARCH    ]: carry=0 | base=0.40 | wall=2.13 | search=126 | target=none
R4[SEARCH    ]: carry=0 | base=2.04 | wall=0.71 | search=514 | target=none


======================================================================
Step 58000 (30.9 min) | Pickups: 56 | Deposits: 56 | Rate: 1.81 tags/min | phero_entries=0 max_w=0.000
======================================================================
R1[WALL_ESC  ]: carry=0 | base=3.02 | wall=0.32 | search=2030 | target=none
R2[GIVE_UP   ]: carry=0 | base=0.74 | wall=1.91 | search=156 | target=none
R3[SEARCH    ]: carry=0 | base=1.52 | wall=1.10 | search=626 | target=none
R4[SEARCH    ]: carry=0 | base=2.46 | wall=0.36 | search=1014 | target=none

  [GIVE-UP] R2 returned empty after 156 searching steps
  [TARGET] R2 → WALL (2.42, 0.66)

======================================================================
Step 58500 (31.2 min) | Pickups: 56 | Deposits: 56 | Rate: 1.79 tags/min | phero_entries=0 max_w=0.000
======================================================================
R1[WALL_ESC  ]: carry=0 | base=3.02 | wall=0.32 | search=2530 | target=none
R2[DEPART    ]: carry=0 | base=0.42 | wall=2.18 | search=  0 | target=none
R3[WALL_ESC  ]: carry=0 | base=2.32 | wall=0.34 | search=1126 | target=none
R4[WALL_ESC  ]: carry=0 | base=2.49 | wall=0.33 | search=1514 | target=none


======================================================================
Step 59000 (31.5 min) | Pickups: 56 | Deposits: 56 | Rate: 1.78 tags/min | phero_entries=0 max_w=0.000
======================================================================
R1[SEARCH    ]: carry=0 | base=2.94 | wall=0.40 | search=3030 | target=none
R2[SEARCH    ]: carry=0 | base=1.70 | wall=0.92 | search=446 | target=none
R3[WALL_ESC  ]: carry=0 | base=2.33 | wall=0.33 | search=1626 | target=none
R4[SEARCH    ]: carry=0 | base=2.31 | wall=0.39 | search=2014 | target=none


======================================================================
Step 59500 (31.7 min) | Pickups: 56 | Deposits: 56 | Rate: 1.76 tags/min | phero_entries=0 max_w=0.000
======================================================================
R1[SEARCH    ]: carry=0 | base=2.91 | wall=0.37 | search=3530 | target=none
R2[WALL_ESC  ]: carry=0 | base=2.43 | wall=0.34 | search=946 | target=none
R3[WALL_ESC  ]: carry=0 | base=2.33 | wall=0.33 | search=2126 | target=none
R4[SEARCH    ]: carry=0 | base=2.35 | wall=0.40 | search=2514 | target=none


======================================================================
Step 60000 (32.0 min) | Pickups: 56 | Deposits: 56 | Rate: 1.75 tags/min | phero_entries=0 max_w=0.000
======================================================================
R1[WALL_ESC  ]: carry=0 | base=3.05 | wall=0.31 | search=4030 | target=none
R2[SEARCH    ]: carry=0 | base=2.35 | wall=0.39 | search=1446 | target=none
R3[WALL_ESC  ]: carry=0 | base=2.34 | wall=0.33 | search=2626 | target=none
R4[WALL_ESC  ]: carry=0 | base=2.39 | wall=0.34 | search=3014 | target=none


======================================================================
Step 60500 (32.3 min) | Pickups: 56 | Deposits: 56 | Rate: 1.74 tags/min | phero_entries=0 max_w=0.000
======================================================================
R1[GIVE_UP   ]: carry=0 | base=1.99 | wall=1.05 | search=4212 | target=none
R2[GIVE_UP   ]: carry=0 | base=1.42 | wall=1.22 | search=1560 | target=none
R3[WALL_ESC  ]: carry=0 | base=2.34 | wall=0.33 | search=3126 | target=none
R4[WALL_ESC  ]: carry=0 | base=2.42 | wall=0.34 | search=3514 | target=none

  [GIVE-UP] R2 returned empty after 1560 searching steps
  [TARGET] R2 → WALL (0.81, -2.42)
  [GIVE-UP] R1 returned empty after 4212 searching steps
  [TARGET] R1 → WALL (-2.39, 2.42)

======================================================================
Step 61000 (32.5 min) | Pickups: 56 | Deposits: 56 | Rate: 1.72 tags/min | phero_entries=0 max_w=0.000
======================================================================
R1[BASE_ESC  ]: carry=0 | base=0.22 | wall=2.33 | search=  0 | target=none
R2[DEPART    ]: carry=0 | base=0.54 | wall=2.04 | search=  0 | target=none
R3[WALL_ESC  ]: carry=0 | base=2.34 | wall=0.33 | search=3626 | target=none
R4[WALL_ESC  ]: carry=0 | base=2.43 | wall=0.34 | search=4014 | target=none


======================================================================
Step 61500 (32.8 min) | Pickups: 56 | Deposits: 56 | Rate: 1.71 tags/min | phero_entries=0 max_w=0.000
======================================================================
R1[SEARCH    ]: carry=0 | base=1.54 | wall=1.05 | search=279 | target=none
R2[SEARCH    ]: carry=0 | base=2.29 | wall=0.41 | search=430 | target=none
R3[GIVE_UP   ]: carry=0 | base=1.42 | wall=1.16 | search=3900 | target=none
R4[WALL_ESC  ]: carry=0 | base=2.43 | wall=0.34 | search=4514 | target=none

  [GIVE-UP] R3 returned empty after 3900 searching steps
  [TARGET] R3 → WALL (-0.71, -2.42)

======================================================================
Step 62000 (33.1 min) | Pickups: 56 | Deposits: 56 | Rate: 1.69 tags/min | phero_entries=0 max_w=0.000
======================================================================
R1[WALL_ESC  ]: carry=0 | base=2.20 | wall=0.34 | search=779 | target=none
R2[SEARCH    ]: carry=0 | base=2.33 | wall=0.39 | search=930 | target=none
R3[DEPART    ]: carry=0 | base=0.31 | wall=2.20 | search=  0 | target=none
R4[SEARCH    ]: carry=0 | base=2.38 | wall=0.40 | search=5014 | target=none


======================================================================
Step 62500 (33.3 min) | Pickups: 56 | Deposits: 56 | Rate: 1.68 tags/min | phero_entries=0 max_w=0.000
======================================================================
R1[GIVE_UP   ]: carry=0 | base=0.61 | wall=1.90 | search=780 | target=none
R2[GIVE_UP   ]: carry=0 | base=1.82 | wall=0.83 | search=1248 | target=none
R3[SEARCH    ]: carry=0 | base=1.68 | wall=0.88 | search=429 | target=none
R4[SEARCH    ]: carry=0 | base=2.40 | wall=0.36 | search=5514 | target=none

  [GIVE-UP] R1 returned empty after 780 searching steps
  [TARGET] R1 → WALL (2.42, -2.32)
  [GIVE-UP] R2 returned empty after 1248 searching steps
  [TARGET] R2 → WALL (-2.42, -0.66)

======================================================================
Step 63000 (33.6 min) | Pickups: 56 | Deposits: 56 | Rate: 1.67 tags/min | phero_entries=0 max_w=0.000
======================================================================
R1[BASE_ESC  ]: carry=0 | base=0.25 | wall=2.27 | search=  0 | target=none
R2[BASE_ESC  ]: carry=0 | base=0.23 | wall=2.31 | search=  0 | target=none
R3[SEARCH    ]: carry=0 | base=2.34 | wall=0.36 | search=929 | target=none
R4[WALL_ESC  ]: carry=0 | base=2.47 | wall=0.33 | search=6014 | target=none


======================================================================
Step 63500 (33.9 min) | Pickups: 56 | Deposits: 56 | Rate: 1.65 tags/min | phero_entries=0 max_w=0.000
======================================================================
R1[GIVE_UP   ]: carry=0 | base=1.11 | wall=1.46 | search=312 | target=none
R2[SEARCH    ]: carry=0 | base=1.28 | wall=1.25 | search=326 | target=none
R3[GIVE_UP   ]: carry=0 | base=2.15 | wall=0.75 | search=1248 | target=none
R4[SEARCH    ]: carry=0 | base=2.37 | wall=0.40 | search=6514 | target=none

  [GIVE-UP] R1 returned empty after 312 searching steps
  [TARGET] R1 → WALL (0.83, 2.42)
  [GIVE-UP] R3 returned empty after 1248 searching steps
  [TARGET] R3 → WALL (1.66, 2.42)

======================================================================
Step 64000 (34.1 min) | Pickups: 56 | Deposits: 56 | Rate: 1.64 tags/min | phero_entries=0 max_w=0.000
======================================================================
R1[DEPART    ]: carry=0 | base=0.43 | wall=2.13 | search=  0 | target=none
R2[SEARCH    ]: carry=0 | base=2.41 | wall=0.40 | search=826 | target=none
R3[BASE_ESC  ]: carry=0 | base=0.24 | wall=2.31 | search=  0 | target=none
R4[WALL_ESC  ]: carry=0 | base=2.44 | wall=0.32 | search=7014 | target=none


======================================================================
Step 64500 (34.4 min) | Pickups: 56 | Deposits: 56 | Rate: 1.63 tags/min | phero_entries=0 max_w=0.000
======================================================================
R1[SEARCH    ]: carry=0 | base=1.94 | wall=0.59 | search=430 | target=none
R2[SEARCH    ]: carry=0 | base=2.84 | wall=0.40 | search=1326 | target=none
R3[SEARCH    ]: carry=0 | base=0.66 | wall=1.86 | search=194 | target=none
R4[WALL_ESC  ]: carry=0 | base=2.45 | wall=0.34 | search=7514 | target=none


======================================================================
Step 65000 (34.7 min) | Pickups: 56 | Deposits: 56 | Rate: 1.62 tags/min | phero_entries=0 max_w=0.000
======================================================================
R1[SEARCH    ]: carry=0 | base=2.31 | wall=0.49 | search=930 | target=none
R2[WALL_ESC  ]: carry=0 | base=2.88 | wall=0.34 | search=1826 | target=none
R3[WALL_ESC  ]: carry=0 | base=2.21 | wall=0.32 | search=694 | target=none
R4[SEARCH    ]: carry=0 | base=2.37 | wall=0.39 | search=8014 | target=none


======================================================================
Step 65500 (34.9 min) | Pickups: 56 | Deposits: 56 | Rate: 1.60 tags/min | phero_entries=0 max_w=0.000
======================================================================
R1[WALL_ESC  ]: carry=0 | base=2.34 | wall=0.35 | search=1430 | target=none
R2[WALL_ESC  ]: carry=0 | base=2.94 | wall=0.34 | search=2326 | target=none
R3[WALL_ESC  ]: carry=0 | base=2.19 | wall=0.33 | search=1194 | target=none
R4[GIVE_UP   ]: carry=0 | base=1.37 | wall=1.27 | search=8112 | target=none

  [GIVE-UP] R4 returned empty after 8112 searching steps
  [TARGET] R4 → WALL (-2.42, 1.10)

======================================================================
Step 66000 (35.2 min) | Pickups: 56 | Deposits: 56 | Rate: 1.59 tags/min | phero_entries=0 max_w=0.000
======================================================================
R1[WALL_ESC  ]: carry=0 | base=2.38 | wall=0.33 | search=1930 | target=none
R2[SEARCH    ]: carry=0 | base=2.83 | wall=0.39 | search=2826 | target=none
R3[GIVE_UP   ]: carry=0 | base=1.73 | wall=0.80 | search=1560 | target=none
R4[DEPART    ]: carry=0 | base=0.59 | wall=1.93 | search=  0 | target=none

  [GIVE-UP] R3 returned empty after 1560 searching steps
  [TARGET] R3 → WALL (-2.42, 1.97)

======================================================================
Step 66500 (35.5 min) | Pickups: 56 | Deposits: 56 | Rate: 1.58 tags/min | phero_entries=0 max_w=0.000
======================================================================
R1[SEARCH    ]: carry=0 | base=2.30 | wall=0.39 | search=2430 | target=none
R2[WALL_ESC  ]: carry=0 | base=2.95 | wall=0.31 | search=3326 | target=none
R3[DEPART    ]: carry=0 | base=0.26 | wall=2.24 | search=  0 | target=none
R4[WALL_ESC  ]: carry=0 | base=2.18 | wall=0.33 | search=441 | target=none


======================================================================
Step 67000 (35.7 min) | Pickups: 56 | Deposits: 56 | Rate: 1.57 tags/min | phero_entries=0 max_w=0.000
======================================================================
R1[WALL_ESC  ]: carry=0 | base=2.38 | wall=0.32 | search=2930 | target=none
R2[SEARCH    ]: carry=0 | base=2.88 | wall=0.39 | search=3826 | target=none
R3[SEARCH    ]: carry=0 | base=1.19 | wall=1.41 | search=348 | target=none
R4[WALL_ESC  ]: carry=0 | base=2.18 | wall=0.35 | search=941 | target=none


======================================================================
Step 67500 (36.0 min) | Pickups: 56 | Deposits: 56 | Rate: 1.56 tags/min | phero_entries=0 max_w=0.000
======================================================================
R1[WALL_ESC  ]: carry=0 | base=2.37 | wall=0.34 | search=3430 | target=none
R2[SEARCH    ]: carry=0 | base=2.85 | wall=0.36 | search=4326 | target=none
R3[GIVE_UP   ]: carry=0 | base=1.68 | wall=0.84 | search=624 | target=none
R4[SEARCH    ]: carry=0 | base=2.17 | wall=0.35 | search=1441 | target=none

  [GIVE-UP] R3 returned empty after 624 searching steps
  [TARGET] R3 → WALL (2.42, -2.28)

======================================================================
Step 68000 (36.3 min) | Pickups: 56 | Deposits: 56 | Rate: 1.54 tags/min | phero_entries=0 max_w=0.000
======================================================================
R1[SEARCH    ]: carry=0 | base=2.30 | wall=0.39 | search=3930 | target=none
R2[WALL_ESC  ]: carry=0 | base=2.96 | wall=0.32 | search=4826 | target=none
R3[DEPART    ]: carry=0 | base=0.28 | wall=2.25 | search=  0 | target=none
R4[GIVE_UP   ]: carry=0 | base=1.30 | wall=1.21 | search=1716 | target=none

  [GIVE-UP] R4 returned empty after 1716 searching steps
  [TARGET] R4 → WALL (2.42, -0.90)

======================================================================
Step 68500 (36.5 min) | Pickups: 56 | Deposits: 56 | Rate: 1.53 tags/min | phero_entries=0 max_w=0.000
======================================================================
R1[WALL_ESC  ]: carry=0 | base=2.39 | wall=0.31 | search=4430 | target=none
R2[SEARCH    ]: carry=0 | base=2.83 | wall=0.40 | search=5326 | target=none
R3[SEARCH    ]: carry=0 | base=1.14 | wall=1.49 | search=276 | target=none
R4[BASE_ESC  ]: carry=0 | base=0.25 | wall=2.32 | search=  0 | target=none

[PICKUP] R3 picked up tag (density=5) | Total: 57

======================================================================
Step 69000 (36.8 min) | Pickups: 57 | Deposits: 56 | Rate: 1.52 tags/min | phero_entries=0 max_w=0.000
======================================================================
R1[SEARCH    ]: carry=0 | base=2.35 | wall=0.36 | search=4930 | target=none
R2[GIVE_UP   ]: carry=0 | base=2.18 | wall=0.93 | search=5616 | target=none
R3[RTB       ]: carry=1 | base=0.71 | wall=1.93 | search=  0 | target=none
R4[SEARCH    ]: carry=0 | base=1.54 | wall=1.07 | search=116 | target=none

[DEPOSIT] R3 deposited! Total: 57
  [TARGET] R3 → SITE (-1.17, 0.82)

======================================================================
Step 69500 (37.1 min) | Pickups: 57 | Deposits: 57 | Rate: 1.54 tags/min | phero_entries=0 max_w=0.000
======================================================================
R1[SEARCH    ]: carry=0 | base=2.31 | wall=0.38 | search=5430 | target=none
R2[GIVE_UP   ]: carry=0 | base=0.26 | wall=2.31 | search=5616 | target=none
R3[SITE      ]: carry=0 | base=1.23 | wall=1.50 | search=  0 | target=site(-1.17,0.82)
R4[WALL_ESC  ]: carry=0 | base=2.20 | wall=0.34 | search=616 | target=none

  [GIVE-UP] R2 returned empty after 5616 searching steps
  [TARGET] R2 → WALL (-2.10, 2.42)

======================================================================
Step 70000 (37.3 min) | Pickups: 57 | Deposits: 57 | Rate: 1.53 tags/min | phero_entries=0 max_w=0.000
======================================================================
R1[WALL_ESC  ]: carry=0 | base=2.39 | wall=0.31 | search=5930 | target=none
R2[SEARCH    ]: carry=0 | base=1.25 | wall=1.58 | search= 71 | target=none
R3[GIVE_UP   ]: carry=0 | base=0.28 | wall=2.26 | search=156 | target=none
R4[WALL_ESC  ]: carry=0 | base=2.20 | wall=0.34 | search=1116 | target=none

  [GIVE-UP] R3 returned empty after 156 searching steps
  [TARGET] R3 → WALL (-1.78, 2.42)
[PICKUP] R3 picked up tag (density=4) | Total: 58

======================================================================
Step 70500 (37.6 min) | Pickups: 58 | Deposits: 57 | Rate: 1.52 tags/min | phero_entries=0 max_w=0.000
======================================================================
R1[WALL_ESC  ]: carry=0 | base=2.36 | wall=0.34 | search=6430 | target=none
R2[SEARCH    ]: carry=0 | base=2.30 | wall=0.36 | search=571 | target=none
R3[SURVEY    ]: carry=1 | base=1.51 | wall=1.30 | search=  0 | target=none
R4[WALL_ESC  ]: carry=0 | base=2.21 | wall=0.33 | search=1616 | target=none


======================================================================
Step 71000 (37.9 min) | Pickups: 58 | Deposits: 57 | Rate: 1.51 tags/min | phero_entries=0 max_w=0.000
======================================================================
R1[SEARCH    ]: carry=0 | base=2.32 | wall=0.38 | search=6930 | target=none
R2[SEARCH    ]: carry=0 | base=2.29 | wall=0.37 | search=1071 | target=none
R3[RTB       ]: carry=1 | base=0.50 | wall=2.11 | search=  0 | target=none
R4[WALL_ESC  ]: carry=0 | base=2.21 | wall=0.33 | search=2116 | target=none

[DEPOSIT] R3 deposited! Total: 58
  [TARGET] R3 → SITE (-1.20, 0.91)

======================================================================
Step 71500 (38.1 min) | Pickups: 58 | Deposits: 58 | Rate: 1.52 tags/min | phero_entries=0 max_w=0.000
======================================================================
R1[SEARCH    ]: carry=0 | base=2.31 | wall=0.37 | search=7430 | target=none
R2[GIVE_UP   ]: carry=0 | base=2.25 | wall=0.40 | search=1560 | target=none
R3[SITE      ]: carry=0 | base=1.43 | wall=1.37 | search=  0 | target=site(-1.20,0.91)
R4[WALL_ESC  ]: carry=0 | base=2.21 | wall=0.33 | search=2616 | target=none

[PICKUP] R3 picked up tag (density=3) | Total: 59

======================================================================
Step 72000 (38.4 min) | Pickups: 59 | Deposits: 58 | Rate: 1.51 tags/min | phero_entries=0 max_w=0.000
======================================================================
R1[GIVE_UP   ]: carry=0 | base=0.79 | wall=1.79 | search=7488 | target=none
R2[GIVE_UP   ]: carry=0 | base=0.34 | wall=2.19 | search=1560 | target=none
R3[RTB       ]: carry=1 | base=0.89 | wall=1.81 | search=  0 | target=none
R4[GIVE_UP   ]: carry=0 | base=1.61 | wall=0.91 | search=2964 | target=none

  [GIVE-UP] R2 returned empty after 1560 searching steps
  [TARGET] R2 → WALL (-1.22, -2.42)
  [GIVE-UP] R1 returned empty after 7488 searching steps
  [TARGET] R1 → WALL (2.42, -1.64)
[DEPOSIT] R3 deposited! Total: 59
  [TARGET] R3 → SITE (-1.23, 0.91)
  [GIVE-UP] R4 returned empty after 2964 searching steps
  [TARGET] R4 → WALL (2.04, -2.42)

======================================================================
Step 72500 (38.7 min) | Pickups: 59 | Deposits: 59 | Rate: 1.53 tags/min | phero_entries=0 max_w=0.000
======================================================================
R1[DEPART    ]: carry=0 | base=0.25 | wall=2.27 | search=  0 | target=none
R2[DEPART    ]: carry=0 | base=0.64 | wall=2.02 | search=  0 | target=none
R3[SITE      ]: carry=0 | base=0.98 | wall=1.75 | search=  0 | target=site(-1.23,0.91)
R4[DEPART    ]: carry=0 | base=0.37 | wall=2.18 | search=  0 | target=none

[PICKUP] R3 picked up tag (density=2) | Total: 60

======================================================================
Step 73000 (38.9 min) | Pickups: 60 | Deposits: 59 | Rate: 1.52 tags/min | phero_entries=0 max_w=0.000
======================================================================
R1[DEPART    ]: carry=0 | base=1.34 | wall=1.31 | search=  0 | target=none
R2[WALL_ESC  ]: carry=0 | base=2.42 | wall=0.34 | search=244 | target=none
R3[SURVEY    ]: carry=1 | base=1.62 | wall=1.22 | search=  0 | target=none
R4[GIVE_UP   ]: carry=0 | base=0.98 | wall=1.74 | search=156 | target=none

  [GIVE-UP] R4 returned empty after 156 searching steps
  [TARGET] R4 → WALL (-2.42, 2.27)
[DEPOSIT] R3 deposited! Total: 60
  [TARGET] R3 → SITE (-1.28, 0.98)

======================================================================
Step 73500 (39.2 min) | Pickups: 60 | Deposits: 60 | Rate: 1.53 tags/min | phero_entries=0 max_w=0.000
======================================================================
R1[SEARCH    ]: carry=0 | base=1.66 | wall=0.89 | search=499 | target=none
R2[SEARCH    ]: carry=0 | base=2.40 | wall=0.38 | search=744 | target=none
R3[BASE_ESC  ]: carry=0 | base=0.23 | wall=2.32 | search=  0 | target=site(-1.28,0.98)
R4[SEARCH    ]: carry=0 | base=0.26 | wall=2.30 | search= 12 | target=none


======================================================================
Step 74000 (39.5 min) | Pickups: 60 | Deposits: 60 | Rate: 1.52 tags/min | phero_entries=0 max_w=0.000
======================================================================
R1[SEARCH    ]: carry=0 | base=1.00 | wall=1.50 | search=999 | target=none
R2[GIVE_UP   ]: carry=0 | base=1.33 | wall=1.33 | search=936 | target=none
R3[SEARCH    ]: carry=0 | base=1.58 | wall=1.19 | search=133 | target=site(-1.28,0.98)
R4[SEARCH    ]: carry=0 | base=1.78 | wall=0.91 | search=512 | target=none

  [GIVE-UP] R2 returned empty after 936 searching steps
  [TARGET] R2 → WALL (-2.42, -1.79)

======================================================================
Step 74500 (39.7 min) | Pickups: 60 | Deposits: 60 | Rate: 1.51 tags/min | phero_entries=0 max_w=0.000
======================================================================
R1[WALL_ESC  ]: carry=0 | base=2.40 | wall=0.31 | search=1499 | target=none
R2[DEPART    ]: carry=0 | base=0.65 | wall=2.00 | search=  0 | target=none
R3[SEARCH    ]: carry=0 | base=0.46 | wall=2.17 | search=633 | target=site(-1.28,0.98)
R4[SEARCH    ]: carry=0 | base=2.51 | wall=0.36 | search=1012 | target=none


======================================================================
Step 75000 (40.0 min) | Pickups: 60 | Deposits: 60 | Rate: 1.50 tags/min | phero_entries=0 max_w=0.000
======================================================================
R1[WALL_ESC  ]: carry=0 | base=2.38 | wall=0.33 | search=1999 | target=none
R2[SEARCH    ]: carry=0 | base=2.53 | wall=0.50 | search=140 | target=none
R3[GIVE_UP   ]: carry=0 | base=2.08 | wall=0.62 | search=1092 | target=none
R4[SEARCH    ]: carry=0 | base=2.45 | wall=0.38 | search=1512 | target=none


======================================================================
Step 75500 (40.3 min) | Pickups: 60 | Deposits: 60 | Rate: 1.49 tags/min | phero_entries=0 max_w=0.000
======================================================================
R1[SEARCH    ]: carry=0 | base=2.39 | wall=0.36 | search=2499 | target=none
R2[WALL_ESC  ]: carry=0 | base=2.71 | wall=0.34 | search=640 | target=none
R3[GIVE_UP   ]: carry=0 | base=0.44 | wall=2.10 | search=1092 | target=none
R4[WALL_ESC  ]: carry=0 | base=2.55 | wall=0.31 | search=2012 | target=none

  [GIVE-UP] R3 returned empty after 1092 searching steps
  [TARGET] R3 → WALL (-2.42, 0.14)

======================================================================
Step 76000 (40.5 min) | Pickups: 60 | Deposits: 60 | Rate: 1.48 tags/min | phero_entries=0 max_w=0.000
======================================================================
R1[SEARCH    ]: carry=0 | base=2.34 | wall=0.38 | search=2999 | target=none
R2[SEARCH    ]: carry=0 | base=2.75 | wall=0.37 | search=1140 | target=none
R3[GIVE_UP   ]: carry=0 | base=0.70 | wall=1.86 | search=156 | target=none
R4[GIVE_UP   ]: carry=0 | base=0.83 | wall=1.78 | search=2028 | target=none

  [GIVE-UP] R4 returned empty after 2028 searching steps
  [TARGET] R4 → WALL (-2.42, 0.73)
  [GIVE-UP] R3 returned empty after 156 searching steps
  [TARGET] R3 → WALL (-0.81, 2.42)

======================================================================
Step 76500 (40.8 min) | Pickups: 60 | Deposits: 60 | Rate: 1.47 tags/min | phero_entries=0 max_w=0.000
======================================================================
R1[WALL_ESC  ]: carry=0 | base=2.43 | wall=0.31 | search=3499 | target=none
R2[SEARCH    ]: carry=0 | base=2.69 | wall=0.37 | search=1640 | target=none
R3[DEPART    ]: carry=0 | base=0.60 | wall=2.06 | search=  0 | target=none
R4[DEPART    ]: carry=0 | base=1.05 | wall=1.54 | search=  0 | target=none


======================================================================
Step 77000 (41.1 min) | Pickups: 60 | Deposits: 60 | Rate: 1.46 tags/min | phero_entries=0 max_w=0.000
======================================================================
R1[GIVE_UP   ]: carry=0 | base=2.07 | wall=0.64 | search=3900 | target=none
R2[WALL_ESC  ]: carry=0 | base=2.80 | wall=0.32 | search=2140 | target=none
R3[GIVE_UP   ]: carry=0 | base=2.14 | wall=0.60 | search=468 | target=none
R4[SEARCH    ]: carry=0 | base=2.20 | wall=0.87 | search=424 | target=none

  [GIVE-UP] R1 returned empty after 3900 searching steps
  [TARGET] R1 → WALL (-2.42, 1.05)

======================================================================
Step 77500 (41.3 min) | Pickups: 60 | Deposits: 60 | Rate: 1.45 tags/min | phero_entries=0 max_w=0.000
======================================================================
R1[BASE_ESC  ]: carry=0 | base=0.23 | wall=2.29 | search=  0 | target=none
R2[GIVE_UP   ]: carry=0 | base=1.10 | wall=1.63 | search=2184 | target=none
R3[GIVE_UP   ]: carry=0 | base=0.55 | wall=2.03 | search=468 | target=none
R4[WALL_ESC  ]: carry=0 | base=2.57 | wall=0.31 | search=924 | target=none

  [GIVE-UP] R3 returned empty after 468 searching steps
  [TARGET] R3 → WALL (2.42, -0.13)
  [GIVE-UP] R2 returned empty after 2184 searching steps
  [TARGET] R2 → WALL (-2.42, -0.54)

======================================================================
Step 78000 (41.6 min) | Pickups: 60 | Deposits: 60 | Rate: 1.44 tags/min | phero_entries=0 max_w=0.000
======================================================================
R1[SEARCH    ]: carry=0 | base=1.56 | wall=1.14 | search=105 | target=none
R2[SEARCH    ]: carry=0 | base=0.75 | wall=1.83 | search= 12 | target=none
R3[DEPART    ]: carry=0 | base=0.95 | wall=1.56 | search=  0 | target=none
R4[SEARCH    ]: carry=0 | base=2.48 | wall=0.40 | search=1424 | target=none


======================================================================
Step 78500 (41.9 min) | Pickups: 60 | Deposits: 60 | Rate: 1.43 tags/min | phero_entries=0 max_w=0.000
======================================================================
R1[GIVE_UP   ]: carry=0 | base=0.51 | wall=2.04 | search=156 | target=none
R2[SEARCH    ]: carry=0 | base=1.59 | wall=1.37 | search=512 | target=none
R3[SEARCH    ]: carry=0 | base=2.17 | wall=0.37 | search=346 | target=none
R4[SEARCH    ]: carry=0 | base=2.50 | wall=0.35 | search=1924 | target=none

[PICKUP] R2 picked up tag (density=1) | Total: 61
  [GIVE-UP] R1 returned empty after 156 searching steps
  [TARGET] R1 → WALL (0.81, 2.42)

======================================================================
Step 79000 (42.1 min) | Pickups: 61 | Deposits: 60 | Rate: 1.42 tags/min | phero_entries=0 max_w=0.000
======================================================================
R1[SEARCH    ]: carry=0 | base=1.25 | wall=1.28 | search=  8 | target=none
R2[RTB       ]: carry=1 | base=0.53 | wall=2.10 | search=  0 | target=none
R3[GIVE_UP   ]: carry=0 | base=1.92 | wall=0.60 | search=780 | target=none
R4[WALL_ESC  ]: carry=0 | base=2.57 | wall=0.33 | search=2424 | target=none

[DEPOSIT] R2 deposited! Total: 61
  [TARGET] R2 → WALL (2.42, -0.74)
  [GIVE-UP] R3 returned empty after 780 searching steps
  [TARGET] R3 → WALL (-1.32, 2.42)

======================================================================
Step 79500 (42.4 min) | Pickups: 61 | Deposits: 61 | Rate: 1.44 tags/min | phero_entries=0 max_w=0.000
======================================================================
R1[GIVE_UP   ]: carry=0 | base=2.37 | wall=0.37 | search=468 | target=none
R2[SEARCH    ]: carry=0 | base=0.39 | wall=2.22 | search= 84 | target=none
R3[BASE_ESC  ]: carry=0 | base=0.22 | wall=2.28 | search=  0 | target=none
R4[SEARCH    ]: carry=0 | base=2.47 | wall=0.40 | search=2924 | target=none


======================================================================
Step 80000 (42.7 min) | Pickups: 61 | Deposits: 61 | Rate: 1.43 tags/min | phero_entries=0 max_w=0.000
======================================================================
R1[GIVE_UP   ]: carry=0 | base=0.55 | wall=2.02 | search=468 | target=none
R2[GIVE_UP   ]: carry=0 | base=1.41 | wall=1.19 | search=468 | target=none
R3[DEPART    ]: carry=0 | base=1.45 | wall=1.17 | search=  0 | target=none
R4[WALL_ESC  ]: carry=0 | base=2.56 | wall=0.31 | search=3424 | target=none

  [GIVE-UP] R1 returned empty after 468 searching steps
  [TARGET] R1 → WALL (1.57, 2.42)
  [GIVE-UP] R2 returned empty after 468 searching steps
  [TARGET] R2 → WALL (-1.68, -2.42)

======================================================================
Step 80500 (42.9 min) | Pickups: 61 | Deposits: 61 | Rate: 1.42 tags/min | phero_entries=0 max_w=0.000
======================================================================
R1[DEPART    ]: carry=0 | base=1.39 | wall=1.29 | search=  0 | target=none
R2[DEPART    ]: carry=0 | base=0.37 | wall=2.15 | search=  0 | target=none
R3[SEARCH    ]: carry=0 | base=2.54 | wall=0.35 | search=330 | target=none
R4[GIVE_UP   ]: carry=0 | base=2.07 | wall=0.71 | search=3744 | target=none

  [GIVE-UP] R4 returned empty after 3744 searching steps
  [TARGET] R4 → WALL (-2.42, -1.46)

======================================================================
Step 81000 (43.2 min) | Pickups: 61 | Deposits: 61 | Rate: 1.41 tags/min | phero_entries=0 max_w=0.000
======================================================================
R1[WALL_ESC  ]: carry=0 | base=2.74 | wall=0.35 | search=345 | target=none
R2[SEARCH    ]: carry=0 | base=1.90 | wall=1.13 | search=429 | target=none
R3[GIVE_UP   ]: carry=0 | base=1.52 | wall=1.32 | search=468 | target=none
R4[BASE_ESC  ]: carry=0 | base=0.23 | wall=2.31 | search=  0 | target=none

  [GIVE-UP] R3 returned empty after 468 searching steps
  [TARGET] R3 → WALL (-0.55, -2.42)

======================================================================
Step 81500 (43.5 min) | Pickups: 61 | Deposits: 61 | Rate: 1.40 tags/min | phero_entries=0 max_w=0.000
======================================================================
R1[SEARCH    ]: carry=0 | base=2.64 | wall=0.38 | search=845 | target=none
R2[SEARCH    ]: carry=0 | base=2.90 | wall=0.37 | search=929 | target=none
R3[DEPART    ]: carry=0 | base=0.28 | wall=2.25 | search=  0 | target=none
R4[SEARCH    ]: carry=0 | base=1.31 | wall=1.56 | search=260 | target=none

  [GIVE-UP] R3 returned empty after 156 searching steps
  [TARGET] R3 → WALL (-2.42, -0.63)

======================================================================
Step 82000 (43.7 min) | Pickups: 61 | Deposits: 61 | Rate: 1.39 tags/min | phero_entries=0 max_w=0.000
======================================================================
R1[WALL_ESC  ]: carry=0 | base=2.75 | wall=0.31 | search=1345 | target=none
R2[WALL_ESC  ]: carry=0 | base=3.06 | wall=0.31 | search=1429 | target=none
R3[BASE_ESC  ]: carry=0 | base=0.22 | wall=2.32 | search=  0 | target=none
R4[WALL_ESC  ]: carry=0 | base=2.67 | wall=0.32 | search=760 | target=none


======================================================================
Step 82500 (44.0 min) | Pickups: 61 | Deposits: 61 | Rate: 1.39 tags/min | phero_entries=0 max_w=0.000
======================================================================
R1[SEARCH    ]: carry=0 | base=2.67 | wall=0.39 | search=1845 | target=none
R2[SEARCH    ]: carry=0 | base=2.99 | wall=0.39 | search=1929 | target=none
R3[GIVE_UP   ]: carry=0 | base=1.18 | wall=1.41 | search=156 | target=none
R4[GIVE_UP   ]: carry=0 | base=2.00 | wall=0.87 | search=1092 | target=none

  [GIVE-UP] R3 returned empty after 156 searching steps
  [TARGET] R3 → WALL (-2.42, 1.96)
  [GIVE-UP] R4 returned empty after 1092 searching steps
  [TARGET] R4 → WALL (-1.21, 2.42)

======================================================================
Step 83000 (44.3 min) | Pickups: 61 | Deposits: 61 | Rate: 1.38 tags/min | phero_entries=0 max_w=0.000
======================================================================
R1[SEARCH    ]: carry=0 | base=2.65 | wall=0.36 | search=2345 | target=none
R2[GIVE_UP   ]: carry=0 | base=1.69 | wall=1.27 | search=2028 | target=none
R3[DEPART    ]: carry=0 | base=0.70 | wall=1.86 | search=  0 | target=none
R4[BASE_ESC  ]: carry=0 | base=0.22 | wall=2.31 | search=  0 | target=none

  [GIVE-UP] R2 returned empty after 2028 searching steps
  [TARGET] R2 → WALL (2.42, 2.27)

======================================================================
Step 83500 (44.5 min) | Pickups: 61 | Deposits: 61 | Rate: 1.37 tags/min | phero_entries=0 max_w=0.000
======================================================================
R1[WALL_ESC  ]: carry=0 | base=2.75 | wall=0.32 | search=2845 | target=none
R2[DEPART    ]: carry=0 | base=0.26 | wall=2.27 | search=  0 | target=none
R3[SEARCH    ]: carry=0 | base=2.47 | wall=0.69 | search=325 | target=none
R4[SEARCH    ]: carry=0 | base=1.48 | wall=1.24 | search=279 | target=none

  [GIVE-UP] R4 returned empty after 312 searching steps
  [TARGET] R4 → WALL (2.23, -2.42)

======================================================================
Step 84000 (44.8 min) | Pickups: 61 | Deposits: 61 | Rate: 1.36 tags/min | phero_entries=0 max_w=0.000
======================================================================
R1[SEARCH    ]: carry=0 | base=2.64 | wall=0.40 | search=3345 | target=none
R2[DEPART    ]: carry=0 | base=0.96 | wall=1.71 | search=  0 | target=none
R3[GIVE_UP   ]: carry=0 | base=2.37 | wall=0.78 | search=624 | target=none
R4[BASE_ESC  ]: carry=0 | base=0.24 | wall=2.28 | search=  0 | target=none


======================================================================
Step 84500 (45.1 min) | Pickups: 61 | Deposits: 61 | Rate: 1.35 tags/min | phero_entries=0 max_w=0.000
======================================================================
R1[WALL_ESC  ]: carry=0 | base=2.72 | wall=0.32 | search=3845 | target=none
R2[SEARCH    ]: carry=0 | base=2.74 | wall=0.50 | search=332 | target=none
R3[GIVE_UP   ]: carry=0 | base=0.45 | wall=2.17 | search=624 | target=none
R4[DEPART    ]: carry=0 | base=0.29 | wall=2.24 | search=  0 | target=none

  [GIVE-UP] R3 returned empty after 624 searching steps
  [TARGET] R3 → WALL (2.42, 0.78)

======================================================================
Step 85000 (45.3 min) | Pickups: 61 | Deposits: 61 | Rate: 1.35 tags/min | phero_entries=0 max_w=0.000
======================================================================
R1[WALL_ESC  ]: carry=0 | base=2.73 | wall=0.34 | search=4345 | target=none
R2[GIVE_UP   ]: carry=0 | base=2.41 | wall=0.76 | search=624 | target=none
R3[SEARCH    ]: carry=0 | base=1.08 | wall=1.54 | search= 27 | target=none
R4[SEARCH    ]: carry=0 | base=1.41 | wall=1.10 | search=485 | target=none


======================================================================
Step 85500 (45.6 min) | Pickups: 61 | Deposits: 61 | Rate: 1.34 tags/min | phero_entries=0 max_w=0.000
======================================================================
R1[SEARCH    ]: carry=0 | base=2.64 | wall=0.39 | search=4845 | target=none
R2[GIVE_UP   ]: carry=0 | base=0.49 | wall=2.14 | search=624 | target=none
R3[GIVE_UP   ]: carry=0 | base=1.50 | wall=1.00 | search=312 | target=none
R4[WALL_ESC  ]: carry=0 | base=2.19 | wall=0.34 | search=985 | target=none

  [GIVE-UP] R2 returned empty after 624 searching steps
  [TARGET] R2 → WALL (-2.10, -2.42)
  [GIVE-UP] R3 returned empty after 312 searching steps
  [TARGET] R3 → WALL (-1.37, -2.42)

======================================================================
Step 86000 (45.9 min) | Pickups: 61 | Deposits: 61 | Rate: 1.33 tags/min | phero_entries=0 max_w=0.000
======================================================================
R1[WALL_ESC  ]: carry=0 | base=2.75 | wall=0.31 | search=5345 | target=none
R2[SEARCH    ]: carry=0 | base=0.34 | wall=2.21 | search= 30 | target=none
R3[DEPART    ]: carry=0 | base=0.38 | wall=2.14 | search=  0 | target=none
R4[WALL_ESC  ]: carry=0 | base=2.19 | wall=0.33 | search=1485 | target=none


======================================================================
Step 86500 (46.1 min) | Pickups: 61 | Deposits: 61 | Rate: 1.32 tags/min | phero_entries=0 max_w=0.000
======================================================================
R1[SEARCH    ]: carry=0 | base=2.68 | wall=0.39 | search=5845 | target=none
R2[SEARCH    ]: carry=0 | base=2.03 | wall=1.01 | search=530 | target=none
R3[SEARCH    ]: carry=0 | base=2.00 | wall=0.90 | search=474 | target=none
R4[WALL_ESC  ]: carry=0 | base=2.20 | wall=0.33 | search=1985 | target=none


======================================================================
Step 87000 (46.4 min) | Pickups: 61 | Deposits: 61 | Rate: 1.31 tags/min | phero_entries=0 max_w=0.000
======================================================================
R1[SEARCH    ]: carry=0 | base=2.65 | wall=0.37 | search=6345 | target=none
R2[SEARCH    ]: carry=0 | base=2.82 | wall=0.40 | search=1030 | target=none
R3[WALL_ESC  ]: carry=0 | base=2.71 | wall=0.34 | search=974 | target=none
R4[GIVE_UP   ]: carry=0 | base=1.63 | wall=0.88 | search=2340 | target=none

  [GIVE-UP] R4 returned empty after 2340 searching steps
  [TARGET] R4 → WALL (2.42, 0.83)

======================================================================
Step 87500 (46.7 min) | Pickups: 61 | Deposits: 61 | Rate: 1.31 tags/min | phero_entries=0 max_w=0.000
======================================================================
R1[GIVE_UP   ]: carry=0 | base=1.08 | wall=1.66 | search=6396 | target=none
R2[WALL_ESC  ]: carry=0 | base=2.88 | wall=0.34 | search=1530 | target=none
R3[GIVE_UP   ]: carry=0 | base=2.20 | wall=0.81 | search=1248 | target=none
R4[DEPART    ]: carry=0 | base=0.30 | wall=2.23 | search=  0 | target=none

  [GIVE-UP] R1 returned empty after 6396 searching steps
  [TARGET] R1 → WALL (-1.16, 2.42)

======================================================================
Step 88000 (46.9 min) | Pickups: 61 | Deposits: 61 | Rate: 1.30 tags/min | phero_entries=0 max_w=0.000
======================================================================
R1[SEARCH    ]: carry=0 | base=0.56 | wall=1.94 | search= 17 | target=none
R2[GIVE_UP   ]: carry=0 | base=2.28 | wall=0.82 | search=1872 | target=none
R3[GIVE_UP   ]: carry=0 | base=0.28 | wall=2.28 | search=1248 | target=none
R4[SEARCH    ]: carry=0 | base=2.00 | wall=0.59 | search=216 | target=none

  [GIVE-UP] R3 returned empty after 1248 searching steps
  [TARGET] R3 → WALL (-1.09, -2.42)

======================================================================
Step 88500 (47.2 min) | Pickups: 61 | Deposits: 61 | Rate: 1.29 tags/min | phero_entries=0 max_w=0.000
======================================================================
R1[SEARCH    ]: carry=0 | base=2.13 | wall=0.53 | search=517 | target=none
R2[GIVE_UP   ]: carry=0 | base=0.36 | wall=2.24 | search=1872 | target=none
R3[SEARCH    ]: carry=0 | base=1.31 | wall=1.21 | search=224 | target=none
R4[SEARCH    ]: carry=0 | base=2.21 | wall=0.38 | search=716 | target=none

  [GIVE-UP] R2 returned empty after 1872 searching steps
  [TARGET] R2 → WALL (2.42, 1.06)

======================================================================
Step 89000 (47.5 min) | Pickups: 61 | Deposits: 61 | Rate: 1.29 tags/min | phero_entries=0 max_w=0.000
======================================================================
R1[GIVE_UP   ]: carry=0 | base=2.26 | wall=0.47 | search=936 | target=none
R2[SEARCH    ]: carry=0 | base=1.47 | wall=1.09 | search=207 | target=none
R3[SEARCH    ]: carry=0 | base=2.14 | wall=0.37 | search=724 | target=none
R4[SEARCH    ]: carry=0 | base=2.20 | wall=0.39 | search=1216 | target=none

[PICKUP] R2 picked up tag (density=3) | Total: 62

======================================================================
Step 89500 (47.7 min) | Pickups: 62 | Deposits: 61 | Rate: 1.28 tags/min | phero_entries=0 max_w=0.000
======================================================================
R1[GIVE_UP   ]: carry=0 | base=0.34 | wall=2.19 | search=936 | target=none
R2[RTB       ]: carry=1 | base=1.81 | wall=0.85 | search=  0 | target=none
R3[SEARCH    ]: carry=0 | base=2.15 | wall=0.36 | search=1224 | target=none
R4[SEARCH    ]: carry=0 | base=2.20 | wall=0.39 | search=1716 | target=none

  [GIVE-UP] R1 returned empty after 936 searching steps
  [TARGET] R1 → WALL (1.24, -2.42)
[DEPOSIT] R2 deposited! Total: 62
  [TARGET] R2 → SITE (1.79, 0.92)

======================================================================
Step 90000 (48.0 min) | Pickups: 62 | Deposits: 62 | Rate: 1.29 tags/min | phero_entries=0 max_w=0.000
======================================================================
R1[DEPART    ]: carry=0 | base=0.41 | wall=2.10 | search=  0 | target=none
R2[BASE_ESC  ]: carry=0 | base=0.22 | wall=2.32 | search=  0 | target=site(1.79,0.92)
R3[GIVE_UP   ]: carry=0 | base=1.58 | wall=0.92 | search=1560 | target=none
R4[GIVE_UP   ]: carry=0 | base=2.13 | wall=0.45 | search=2184 | target=none

  [GIVE-UP] R3 returned empty after 1560 searching steps
  [TARGET] R3 → WALL (-0.32, 2.42)
  [GIVE-UP] R4 returned empty after 2184 searching steps
  [TARGET] R4 → WALL (-2.42, 0.57)

======================================================================
Step 90500 (48.3 min) | Pickups: 62 | Deposits: 62 | Rate: 1.28 tags/min | phero_entries=0 max_w=0.000
======================================================================
R1[SEARCH    ]: carry=0 | base=1.99 | wall=0.54 | search=330 | target=none
R2[SEARCH    ]: carry=0 | base=2.01 | wall=0.71 | search= 25 | target=site(1.79,0.92)
R3[DEPART    ]: carry=0 | base=0.27 | wall=2.24 | search=  0 | target=none
R4[BASE_ESC  ]: carry=0 | base=0.23 | wall=2.27 | search=  0 | target=none

[PICKUP] R2 picked up tag (density=2) | Total: 63

======================================================================
Step 91000 (48.5 min) | Pickups: 63 | Deposits: 62 | Rate: 1.28 tags/min | phero_entries=0 max_w=0.000
======================================================================
R1[WALL_ESC  ]: carry=0 | base=2.17 | wall=0.34 | search=830 | target=none
R2[RTB       ]: carry=1 | base=1.30 | wall=1.32 | search=  0 | target=none
R3[GIVE_UP   ]: carry=0 | base=0.25 | wall=2.28 | search=156 | target=none
R4[DEPART    ]: carry=0 | base=0.26 | wall=2.25 | search=  0 | target=none

  [GIVE-UP] R3 returned empty after 156 searching steps
  [TARGET] R3 → WALL (1.51, 2.42)
[DEPOSIT] R2 deposited! Total: 63
  [TARGET] R2 → WALL (1.14, 2.42)

======================================================================
Step 91500 (48.8 min) | Pickups: 63 | Deposits: 63 | Rate: 1.29 tags/min | phero_entries=0 max_w=0.000
======================================================================
R1[WALL_ESC  ]: carry=0 | base=2.18 | wall=0.34 | search=1330 | target=none
R2[DEPART    ]: carry=0 | base=0.67 | wall=1.95 | search=  0 | target=none
R3[DEPART    ]: carry=0 | base=1.63 | wall=1.06 | search=  0 | target=none
R4[SEARCH    ]: carry=0 | base=1.55 | wall=1.08 | search=299 | target=none


======================================================================
Step 92000 (49.1 min) | Pickups: 63 | Deposits: 63 | Rate: 1.28 tags/min | phero_entries=0 max_w=0.000
======================================================================
R1[GIVE_UP   ]: carry=0 | base=1.78 | wall=0.73 | search=1716 | target=none
R2[SEARCH    ]: carry=0 | base=2.46 | wall=0.41 | search=460 | target=none
R3[SEARCH    ]: carry=0 | base=2.42 | wall=0.38 | search=422 | target=none
R4[GIVE_UP   ]: carry=0 | base=1.19 | wall=1.57 | search=468 | target=none

  [GIVE-UP] R4 returned empty after 468 searching steps
  [TARGET] R4 → WALL (-0.99, 2.42)
  [GIVE-UP] R1 returned empty after 1716 searching steps
  [TARGET] R1 → WALL (-1.49, -2.42)

======================================================================
Step 92500 (49.3 min) | Pickups: 63 | Deposits: 63 | Rate: 1.28 tags/min | phero_entries=0 max_w=0.000
======================================================================
R1[BASE_ESC  ]: carry=0 | base=0.23 | wall=2.27 | search=  0 | target=none
R2[SEARCH    ]: carry=0 | base=2.54 | wall=0.36 | search=960 | target=none
R3[SEARCH    ]: carry=0 | base=2.44 | wall=0.37 | search=922 | target=none
R4[DEPART    ]: carry=0 | base=0.65 | wall=2.01 | search=  0 | target=none


======================================================================
Step 93000 (49.6 min) | Pickups: 63 | Deposits: 63 | Rate: 1.27 tags/min | phero_entries=0 max_w=0.000
======================================================================
R1[SEARCH    ]: carry=0 | base=2.06 | wall=0.71 | search=178 | target=none
R2[WALL_ESC  ]: carry=0 | base=2.63 | wall=0.34 | search=1460 | target=none
R3[SEARCH    ]: carry=0 | base=2.41 | wall=0.37 | search=1422 | target=none
R4[WALL_ESC  ]: carry=0 | base=2.35 | wall=0.33 | search=333 | target=none


======================================================================
Step 93500 (49.9 min) | Pickups: 63 | Deposits: 63 | Rate: 1.26 tags/min | phero_entries=0 max_w=0.000
======================================================================
R1[SEARCH    ]: carry=0 | base=2.46 | wall=0.36 | search=678 | target=none
R2[GIVE_UP   ]: carry=0 | base=2.03 | wall=0.88 | search=1716 | target=none
R3[WALL_ESC  ]: carry=0 | base=2.50 | wall=0.32 | search=1922 | target=none
R4[WALL_ESC  ]: carry=0 | base=2.36 | wall=0.35 | search=833 | target=none

  [GIVE-UP] R2 returned empty after 1716 searching steps
  [TARGET] R2 → WALL (-1.66, -2.42)

======================================================================
Step 94000 (50.1 min) | Pickups: 63 | Deposits: 63 | Rate: 1.26 tags/min | phero_entries=0 max_w=0.000
======================================================================
R1[GIVE_UP   ]: carry=0 | base=2.48 | wall=0.36 | search=1092 | target=none
R2[BASE_ESC  ]: carry=0 | base=0.22 | wall=2.32 | search=  0 | target=none
R3[SEARCH    ]: carry=0 | base=2.40 | wall=0.40 | search=2422 | target=none
R4[WALL_ESC  ]: carry=0 | base=2.36 | wall=0.34 | search=1333 | target=none


======================================================================
Step 94500 (50.4 min) | Pickups: 63 | Deposits: 63 | Rate: 1.25 tags/min | phero_entries=0 max_w=0.000
======================================================================
R1[GIVE_UP   ]: carry=0 | base=0.60 | wall=1.99 | search=1092 | target=none
R2[SEARCH    ]: carry=0 | base=0.60 | wall=1.97 | search= 48 | target=none
R3[SEARCH    ]: carry=0 | base=2.42 | wall=0.36 | search=2922 | target=none
R4[SEARCH    ]: carry=0 | base=2.36 | wall=0.35 | search=1833 | target=none

  [GIVE-UP] R1 returned empty after 1092 searching steps
  [TARGET] R1 → WALL (1.31, -2.42)

======================================================================
Step 95000 (50.7 min) | Pickups: 63 | Deposits: 63 | Rate: 1.24 tags/min | phero_entries=0 max_w=0.000
======================================================================
R1[DEPART    ]: carry=0 | base=1.30 | wall=1.30 | search=  0 | target=none
R2[SEARCH    ]: carry=0 | base=2.23 | wall=0.90 | search=548 | target=none
R3[WALL_ESC  ]: carry=0 | base=2.49 | wall=0.33 | search=3422 | target=none
R4[SEARCH    ]: carry=0 | base=2.35 | wall=0.36 | search=2333 | target=none


======================================================================
Step 95500 (50.9 min) | Pickups: 63 | Deposits: 63 | Rate: 1.24 tags/min | phero_entries=0 max_w=0.000
======================================================================
R1[GIVE_UP   ]: carry=0 | base=2.31 | wall=0.42 | search=312 | target=none
R2[WALL_ESC  ]: carry=0 | base=3.02 | wall=0.33 | search=1048 | target=none
R3[SEARCH    ]: carry=0 | base=2.40 | wall=0.40 | search=3922 | target=none
R4[SEARCH    ]: carry=0 | base=2.35 | wall=0.36 | search=2833 | target=none


======================================================================
Step 96000 (51.2 min) | Pickups: 63 | Deposits: 63 | Rate: 1.23 tags/min | phero_entries=0 max_w=0.000
======================================================================
R1[GIVE_UP   ]: carry=0 | base=0.44 | wall=2.11 | search=312 | target=none
R2[SEARCH    ]: carry=0 | base=2.94 | wall=0.40 | search=1548 | target=none
R3[WALL_ESC  ]: carry=0 | base=2.47 | wall=0.32 | search=4422 | target=none
R4[SEARCH    ]: carry=0 | base=2.34 | wall=0.37 | search=3333 | target=none

  [GIVE-UP] R1 returned empty after 312 searching steps
  [TARGET] R1 → WALL (0.70, -2.42)

======================================================================
Step 96500 (51.5 min) | Pickups: 63 | Deposits: 63 | Rate: 1.22 tags/min | phero_entries=0 max_w=0.000
======================================================================
R1[SEARCH    ]: carry=0 | base=1.40 | wall=1.18 | search=179 | target=none
R2[SEARCH    ]: carry=0 | base=2.91 | wall=0.37 | search=2048 | target=none
R3[WALL_ESC  ]: carry=0 | base=2.48 | wall=0.34 | search=4922 | target=none
R4[SEARCH    ]: carry=0 | base=2.34 | wall=0.37 | search=3833 | target=none


======================================================================
Step 97000 (51.7 min) | Pickups: 63 | Deposits: 63 | Rate: 1.22 tags/min | phero_entries=0 max_w=0.000
======================================================================
R1[GIVE_UP   ]: carry=0 | base=0.83 | wall=1.79 | search=312 | target=none
R2[WALL_ESC  ]: carry=0 | base=3.05 | wall=0.31 | search=2548 | target=none
R3[SEARCH    ]: carry=0 | base=2.40 | wall=0.39 | search=5422 | target=none
R4[SEARCH    ]: carry=0 | base=2.34 | wall=0.38 | search=4333 | target=none

  [GIVE-UP] R1 returned empty after 312 searching steps
  [TARGET] R1 → WALL (0.59, -2.42)

======================================================================
Step 97500 (52.0 min) | Pickups: 63 | Deposits: 63 | Rate: 1.21 tags/min | phero_entries=0 max_w=0.000
======================================================================
R1[SEARCH    ]: carry=0 | base=1.13 | wall=1.39 | search= 86 | target=none
R2[SEARCH    ]: carry=0 | base=2.99 | wall=0.38 | search=3048 | target=none
R3[WALL_ESC  ]: carry=0 | base=2.49 | wall=0.31 | search=5922 | target=none
R4[SEARCH    ]: carry=0 | base=2.32 | wall=0.38 | search=4833 | target=none


======================================================================
Step 98000 (52.3 min) | Pickups: 63 | Deposits: 63 | Rate: 1.21 tags/min | phero_entries=0 max_w=0.000
======================================================================
R1[SEARCH    ]: carry=0 | base=2.22 | wall=0.36 | search=586 | target=none
R2[SEARCH    ]: carry=0 | base=2.92 | wall=0.37 | search=3548 | target=none
R3[SEARCH    ]: carry=0 | base=2.46 | wall=0.36 | search=6422 | target=none
R4[SEARCH    ]: carry=0 | base=2.32 | wall=0.39 | search=5333 | target=none


======================================================================
Step 98500 (52.5 min) | Pickups: 63 | Deposits: 63 | Rate: 1.20 tags/min | phero_entries=0 max_w=0.000
======================================================================
R1[WALL_ESC  ]: carry=0 | base=2.24 | wall=0.35 | search=1086 | target=none
R2[WALL_ESC  ]: carry=0 | base=3.06 | wall=0.31 | search=4048 | target=none
R3[SEARCH    ]: carry=0 | base=2.41 | wall=0.38 | search=6922 | target=none
R4[SEARCH    ]: carry=0 | base=2.32 | wall=0.39 | search=5833 | target=none


======================================================================
Step 99000 (52.8 min) | Pickups: 63 | Deposits: 63 | Rate: 1.19 tags/min | phero_entries=0 max_w=0.000
======================================================================
R1[GIVE_UP   ]: carry=0 | base=0.97 | wall=1.57 | search=1248 | target=none
R2[GIVE_UP   ]: carry=0 | base=3.00 | wall=0.35 | search=4524 | target=none
R3[WALL_ESC  ]: carry=0 | base=2.50 | wall=0.31 | search=7422 | target=none
R4[SEARCH    ]: carry=0 | base=2.32 | wall=0.39 | search=6333 | target=none

  [GIVE-UP] R1 returned empty after 1248 searching steps
  [TARGET] R1 → WALL (2.42, -1.39)

======================================================================
Step 99500 (53.1 min) | Pickups: 63 | Deposits: 63 | Rate: 1.19 tags/min | phero_entries=0 max_w=0.000
======================================================================
R1[DEPART    ]: carry=0 | base=0.84 | wall=1.90 | search=  0 | target=none
R2[GIVE_UP   ]: carry=0 | base=1.37 | wall=1.50 | search=4524 | target=none
R3[GIVE_UP   ]: carry=0 | base=0.77 | wall=1.82 | search=7488 | target=none
R4[SEARCH    ]: carry=0 | base=2.32 | wall=0.38 | search=6833 | target=none

  [GIVE-UP] R3 returned empty after 7488 searching steps
  [TARGET] R3 → WALL (-2.42, 1.40)
  [GIVE-UP] R2 returned empty after 4524 searching steps
  [TARGET] R2 → WALL (-2.42, -0.90)

======================================================================
Step 100000 (53.3 min) | Pickups: 63 | Deposits: 63 | Rate: 1.18 tags/min | phero_entries=0 max_w=0.000
======================================================================
R1[WALL_ESC  ]: carry=0 | base=2.35 | wall=0.31 | search=385 | target=none
R2[DEPART    ]: carry=0 | base=0.61 | wall=1.93 | search=  0 | target=none
R3[DEPART    ]: carry=0 | base=0.99 | wall=1.77 | search=  0 | target=none
R4[SEARCH    ]: carry=0 | base=2.31 | wall=0.38 | search=7333 | target=none


======================================================================
Step 100500 (53.6 min) | Pickups: 63 | Deposits: 63 | Rate: 1.18 tags/min | phero_entries=0 max_w=0.000
======================================================================
R1[WALL_ESC  ]: carry=0 | base=2.34 | wall=0.33 | search=885 | target=none
R2[SEARCH    ]: carry=0 | base=2.40 | wall=0.40 | search=287 | target=none
R3[WALL_ESC  ]: carry=0 | base=2.33 | wall=0.34 | search=288 | target=none
R4[SEARCH    ]: carry=0 | base=2.31 | wall=0.38 | search=7833 | target=none


======================================================================
Step 101000 (53.9 min) | Pickups: 63 | Deposits: 63 | Rate: 1.17 tags/min | phero_entries=0 max_w=0.000
======================================================================
R1[WALL_ESC  ]: carry=0 | base=2.34 | wall=0.33 | search=1385 | target=none
R2[GIVE_UP   ]: carry=0 | base=1.85 | wall=0.89 | search=624 | target=none
R3[WALL_ESC  ]: carry=0 | base=2.36 | wall=0.33 | search=788 | target=none
R4[SEARCH    ]: carry=0 | base=2.31 | wall=0.37 | search=8333 | target=none

  [GIVE-UP] R2 returned empty after 624 searching steps
  [TARGET] R2 → WALL (2.42, 1.02)

======================================================================
Step 101500 (54.1 min) | Pickups: 63 | Deposits: 63 | Rate: 1.16 tags/min | phero_entries=0 max_w=0.000
======================================================================
R1[WALL_ESC  ]: carry=0 | base=2.33 | wall=0.34 | search=1885 | target=none
R2[BASE_ESC  ]: carry=0 | base=0.22 | wall=2.29 | search=  0 | target=none
R3[GIVE_UP   ]: carry=0 | base=2.01 | wall=0.62 | search=1092 | target=none
R4[SEARCH    ]: carry=0 | base=2.32 | wall=0.36 | search=8833 | target=none

  [GIVE-UP] R3 returned empty after 1092 searching steps
  [TARGET] R3 → WALL (2.42, -0.10)

======================================================================
Step 102000 (54.4 min) | Pickups: 63 | Deposits: 63 | Rate: 1.16 tags/min | phero_entries=0 max_w=0.000
======================================================================
R1[SEARCH    ]: carry=0 | base=2.31 | wall=0.35 | search=2385 | target=none
R2[SEARCH    ]: carry=0 | base=0.99 | wall=1.52 | search=271 | target=none
R3[BASE_ESC  ]: carry=0 | base=0.22 | wall=2.30 | search=  0 | target=none
R4[GIVE_UP   ]: carry=0 | base=1.47 | wall=1.17 | search=9048 | target=none

  [GIVE-UP] R4 returned empty after 9048 searching steps
  [TARGET] R4 → WALL (1.34, -2.42)

======================================================================
Step 102500 (54.7 min) | Pickups: 63 | Deposits: 63 | Rate: 1.15 tags/min | phero_entries=0 max_w=0.000
======================================================================
R1[GIVE_UP   ]: carry=0 | base=2.28 | wall=0.38 | search=2808 | target=none
R2[SEARCH    ]: carry=0 | base=2.31 | wall=0.36 | search=771 | target=none
R3[DEPART    ]: carry=0 | base=0.98 | wall=1.52 | search=  0 | target=none
R4[DEPART    ]: carry=0 | base=0.27 | wall=2.23 | search=  0 | target=none


======================================================================
Step 103000 (54.9 min) | Pickups: 63 | Deposits: 63 | Rate: 1.15 tags/min | phero_entries=0 max_w=0.000
======================================================================
R1[GIVE_UP   ]: carry=0 | base=0.36 | wall=2.16 | search=2808 | target=none
R2[SEARCH    ]: carry=0 | base=2.27 | wall=0.40 | search=1271 | target=none
R3[WALL_ESC  ]: carry=0 | base=2.35 | wall=0.35 | search=434 | target=none
R4[SEARCH    ]: carry=0 | base=1.23 | wall=1.50 | search=379 | target=none

  [GIVE-UP] R1 returned empty after 2808 searching steps
  [TARGET] R1 → WALL (2.12, 2.42)

======================================================================
Step 103500 (55.2 min) | Pickups: 63 | Deposits: 63 | Rate: 1.14 tags/min | phero_entries=0 max_w=0.000
======================================================================
R1[DEPART    ]: carry=0 | base=1.19 | wall=1.56 | search=  0 | target=none
R2[SEARCH    ]: carry=0 | base=2.27 | wall=0.40 | search=1771 | target=none
R3[SEARCH    ]: carry=0 | base=2.31 | wall=0.38 | search=934 | target=none
R4[SEARCH    ]: carry=0 | base=2.22 | wall=0.35 | search=879 | target=none


======================================================================
Step 104000 (55.5 min) | Pickups: 63 | Deposits: 63 | Rate: 1.14 tags/min | phero_entries=0 max_w=0.000
======================================================================
R1[SEARCH    ]: carry=0 | base=2.92 | wall=0.41 | search=394 | target=none
R2[SEARCH    ]: carry=0 | base=2.27 | wall=0.40 | search=2271 | target=none
R3[WALL_ESC  ]: carry=0 | base=2.41 | wall=0.31 | search=1434 | target=none
R4[SEARCH    ]: carry=0 | base=2.23 | wall=0.35 | search=1379 | target=none


======================================================================
Step 104500 (55.7 min) | Pickups: 63 | Deposits: 63 | Rate: 1.13 tags/min | phero_entries=0 max_w=0.000
======================================================================
R1[SEARCH    ]: carry=0 | base=2.92 | wall=0.37 | search=894 | target=none
R2[SEARCH    ]: carry=0 | base=2.28 | wall=0.40 | search=2771 | target=none
R3[SEARCH    ]: carry=0 | base=2.34 | wall=0.39 | search=1934 | target=none
R4[WALL_ESC  ]: carry=0 | base=2.24 | wall=0.35 | search=1879 | target=none


======================================================================
Step 105000 (56.0 min) | Pickups: 63 | Deposits: 63 | Rate: 1.12 tags/min | phero_entries=0 max_w=0.000
======================================================================
R1[WALL_ESC  ]: carry=0 | base=3.04 | wall=0.32 | search=1394 | target=none
R2[GIVE_UP   ]: carry=0 | base=0.97 | wall=1.63 | search=2808 | target=none
R3[SEARCH    ]: carry=0 | base=2.33 | wall=0.37 | search=2434 | target=none
R4[WALL_ESC  ]: carry=0 | base=2.25 | wall=0.34 | search=2379 | target=none

  [GIVE-UP] R2 returned empty after 2808 searching steps
  [TARGET] R2 → WALL (2.12, 2.42)

======================================================================
Step 105500 (56.3 min) | Pickups: 63 | Deposits: 63 | Rate: 1.12 tags/min | phero_entries=0 max_w=0.000
======================================================================
R1[SEARCH    ]: carry=0 | base=2.92 | wall=0.40 | search=1894 | target=none
R2[DEPART    ]: carry=0 | base=1.01 | wall=1.75 | search=  0 | target=none
R3[WALL_ESC  ]: carry=0 | base=2.41 | wall=0.32 | search=2934 | target=none
R4[GIVE_UP   ]: carry=0 | base=2.06 | wall=0.52 | search=2808 | target=none

  [GIVE-UP] R4 returned empty after 2808 searching steps
  [TARGET] R4 → WALL (-2.42, 1.21)

======================================================================
Step 106000 (56.5 min) | Pickups: 63 | Deposits: 63 | Rate: 1.11 tags/min | phero_entries=0 max_w=0.000
======================================================================
R1[WALL_ESC  ]: carry=0 | base=2.96 | wall=0.34 | search=2394 | target=none
R2[SEARCH    ]: carry=0 | base=2.73 | wall=0.55 | search=390 | target=none
R3[SEARCH    ]: carry=0 | base=2.32 | wall=0.39 | search=3434 | target=none
R4[BASE_ESC  ]: carry=0 | base=0.23 | wall=2.28 | search=  0 | target=none


======================================================================
Step 106500 (56.8 min) | Pickups: 63 | Deposits: 63 | Rate: 1.11 tags/min | phero_entries=0 max_w=0.000
======================================================================
R1[WALL_ESC  ]: carry=0 | base=3.02 | wall=0.34 | search=2894 | target=none
R2[GIVE_UP   ]: carry=0 | base=1.44 | wall=1.39 | search=468 | target=none
R3[SEARCH    ]: carry=0 | base=2.34 | wall=0.36 | search=3934 | target=none
R4[DEPART    ]: carry=0 | base=1.26 | wall=1.31 | search=  0 | target=none

  [GIVE-UP] R2 returned empty after 468 searching steps
  [TARGET] R2 → WALL (2.42, -1.91)

======================================================================
Step 107000 (57.1 min) | Pickups: 63 | Deposits: 63 | Rate: 1.10 tags/min | phero_entries=0 max_w=0.000
======================================================================
R1[GIVE_UP   ]: carry=0 | base=1.50 | wall=1.40 | search=2964 | target=none
R2[DEPART    ]: carry=0 | base=0.32 | wall=2.27 | search=  0 | target=none
R3[GIVE_UP   ]: carry=0 | base=1.25 | wall=1.39 | search=4056 | target=none
R4[SEARCH    ]: carry=0 | base=2.40 | wall=0.37 | search=446 | target=none

  [GIVE-UP] R3 returned empty after 4056 searching steps
  [TARGET] R3 → WALL (2.42, -1.98)
  [GIVE-UP] R1 returned empty after 2964 searching steps
  [TARGET] R1 → WALL (2.42, 0.37)

======================================================================
Step 107500 (57.3 min) | Pickups: 63 | Deposits: 63 | Rate: 1.10 tags/min | phero_entries=0 max_w=0.000
======================================================================
R1[DEPART    ]: carry=0 | base=0.48 | wall=2.04 | search=  0 | target=none
R2[SEARCH    ]: carry=0 | base=1.78 | wall=0.79 | search=423 | target=none
R3[DEPART    ]: carry=0 | base=0.68 | wall=1.89 | search=  0 | target=none
R4[GIVE_UP   ]: carry=0 | base=1.89 | wall=0.85 | search=780 | target=none

  [GIVE-UP] R4 returned empty after 780 searching steps
  [TARGET] R4 → WALL (-2.42, 0.05)

======================================================================
Step 108000 (57.6 min) | Pickups: 63 | Deposits: 63 | Rate: 1.09 tags/min | phero_entries=0 max_w=0.000
======================================================================
R1[WALL_ESC  ]: carry=0 | base=2.22 | wall=0.33 | search=408 | target=none
R2[SEARCH    ]: carry=0 | base=1.78 | wall=1.05 | search=923 | target=none
R3[SEARCH    ]: carry=0 | base=2.24 | wall=0.55 | search=475 | target=none
R4[BASE_ESC  ]: carry=0 | base=0.22 | wall=2.29 | search=  0 | target=none


======================================================================
Step 108500 (57.9 min) | Pickups: 63 | Deposits: 63 | Rate: 1.09 tags/min | phero_entries=0 max_w=0.000
======================================================================
R1[WALL_ESC  ]: carry=0 | base=2.20 | wall=0.34 | search=908 | target=none
R2[GIVE_UP   ]: carry=0 | base=1.84 | wall=0.78 | search=1248 | target=none
R3[WALL_ESC  ]: carry=0 | base=2.40 | wall=0.34 | search=975 | target=none
R4[SEARCH    ]: carry=0 | base=1.67 | wall=0.97 | search=306 | target=none

  [GIVE-UP] R2 returned empty after 1248 searching steps
  [TARGET] R2 → WALL (1.60, -2.42)

======================================================================
Step 109000 (58.1 min) | Pickups: 63 | Deposits: 63 | Rate: 1.08 tags/min | phero_entries=0 max_w=0.000
======================================================================
R1[WALL_ESC  ]: carry=0 | base=2.19 | wall=0.35 | search=1408 | target=none
R2[BASE_ESC  ]: carry=0 | base=0.22 | wall=2.28 | search=  0 | target=none
R3[WALL_ESC  ]: carry=0 | base=2.40 | wall=0.33 | search=1475 | target=none
R4[WALL_ESC  ]: carry=0 | base=2.71 | wall=0.32 | search=806 | target=none


======================================================================
Step 109500 (58.4 min) | Pickups: 63 | Deposits: 63 | Rate: 1.08 tags/min | phero_entries=0 max_w=0.000
======================================================================
R1[GIVE_UP   ]: carry=0 | base=1.23 | wall=1.32 | search=1560 | target=none
R2[SEARCH    ]: carry=0 | base=1.70 | wall=1.23 | search=321 | target=none
R3[SEARCH    ]: carry=0 | base=2.32 | wall=0.39 | search=1975 | target=none
R4[SEARCH    ]: carry=0 | base=2.68 | wall=0.37 | search=1306 | target=none

  [GIVE-UP] R1 returned empty after 1560 searching steps
  [TARGET] R1 → WALL (2.42, 1.41)

======================================================================
Step 110000 (58.7 min) | Pickups: 63 | Deposits: 63 | Rate: 1.07 tags/min | phero_entries=0 max_w=0.000
======================================================================
R1[DEPART    ]: carry=0 | base=0.75 | wall=1.87 | search=  0 | target=none
R2[SEARCH    ]: carry=0 | base=2.41 | wall=0.38 | search=821 | target=none
R3[WALL_ESC  ]: carry=0 | base=2.40 | wall=0.32 | search=2475 | target=none
R4[GIVE_UP   ]: carry=0 | base=2.52 | wall=0.45 | search=1716 | target=none

[PICKUP] R1 picked up tag (density=1) | Total: 64

======================================================================
Step 110500 (58.9 min) | Pickups: 64 | Deposits: 63 | Rate: 1.07 tags/min | phero_entries=0 max_w=0.000
======================================================================
R1[RTB       ]: carry=1 | base=2.00 | wall=0.77 | search=  0 | target=none
R2[SEARCH    ]: carry=0 | base=2.38 | wall=0.38 | search=1321 | target=none
R3[GIVE_UP   ]: carry=0 | base=1.71 | wall=0.94 | search=2808 | target=none
R4[GIVE_UP   ]: carry=0 | base=0.60 | wall=2.01 | search=1716 | target=none

  [GIVE-UP] R4 returned empty after 1716 searching steps
  [TARGET] R4 → WALL (-2.42, -1.02)
  [GIVE-UP] R3 returned empty after 2808 searching steps
  [TARGET] R3 → WALL (-1.60, 2.42)

======================================================================
Step 111000 (59.2 min) | Pickups: 64 | Deposits: 63 | Rate: 1.06 tags/min | phero_entries=0 max_w=0.000
======================================================================
R1[RTB       ]: carry=1 | base=0.41 | wall=2.14 | search=  0 | target=none
R2[GIVE_UP   ]: carry=0 | base=1.51 | wall=1.14 | search=1560 | target=none
R3[DEPART    ]: carry=0 | base=0.26 | wall=2.30 | search=  0 | target=none
R4[DEPART    ]: carry=0 | base=1.20 | wall=1.46 | search=  0 | target=none

[DEPOSIT] R1 deposited! Total: 64
  [TARGET] R1 → WALL (-1.80, -2.42)

======================================================================
COMPLETE: all 64 tags deposited
80% completion: 51/64 deposits at step 48064 (25.63 min), rate 1.990 tags/min
Step 111041 (59.22 min)
Pickups: 64
Deposits: 64
Rate: 1.081 tags/min
======================================================================

COMPLETION_RESULT pickups=64 deposits=64 steps=111041 elapsed_min=59.221867
BATCH_RESULT pickups=64 deposits=64
