Gym has been unmaintained since 2022 and does not support NumPy 2.0 amongst other critical functionality.
Please upgrade to Gymnasium, the maintained drop-in replacement of Gym, or contact the authors of your software and request that they upgrade.
Users of this version of Gym should be able to simply replace 'import gym' with 'import gymnasium as gym' in the vast majority of cases.
See the migration guide at https://gymnasium.farama.org/introduction/migration_guide/ for additional information.
============================================================
EVALUATION MODE — CPFA-RL Trained Model
Arena: 7×7m  |  Robots: 16  (teams of 4: 4)  |  Tags: 208
Obs per team: 18 × 4 = 72  |  Total obs dim: 288
============================================================

Loading model: ppo_cpfa_v9
Model loaded. Starting evaluation...

============================================================

[PICKUP] Robot 5 picked up tag (density=9) | Total: 1
[PICKUP] Robot 13 picked up tag (density=9) | Total: 2
[PICKUP] Robot 4 picked up tag (density=8) | Total: 3
[PICKUP] Robot 12 picked up tag (density=8) | Total: 4
[PICKUP] Robot 1 picked up tag (density=16) | Total: 5
[PICKUP] Robot 2 picked up tag (density=15) | Total: 6
[GIVE-UP] R9 giving up after 78 steps
[EMPTY_RTN] R9 → EXPLORE
[DEPOSIT] Robot 12 deposited! Total: 1
  [PHERO] Laid at (-0.13, -0.46) density=8 prob=1.00 total_entries=1
  [TARGET] Robot 12 → SITE (-0.13,-0.46)
[DEPOSIT] Robot 5 deposited! Total: 2
  [PHERO] Laid at (0.00, 0.50) density=9 prob=1.00 total_entries=2
  [TARGET] Robot 5 → SITE (0.00,0.50)
[DEPOSIT] Robot 13 deposited! Total: 3
  [PHERO] Laid at (-0.00, -0.50) density=9 prob=1.00 total_entries=3
  [TARGET] Robot 13 → SITE (-0.00,-0.50)
[DEPOSIT] Robot 4 deposited! Total: 4
  [PHERO] Laid at (0.20, 0.46) density=8 prob=1.00 total_entries=4
  [TARGET] Robot 4 → SITE (0.20,0.46)
[PICKUP] Robot 10 picked up tag (density=7) | Total: 7
[GIVE-UP] R15 giving up after 234 steps
[DEPOSIT] Robot 1 deposited! Total: 5
  [PHERO] Laid at (0.68, 0.00) density=16 prob=1.00 total_entries=5
  [TARGET] Robot 1 → SITE (0.68,0.00)
[PICKUP] Robot 13 picked up tag (density=6) | Total: 8
[PICKUP] Robot 5 picked up tag (density=7) | Total: 9
[DEPOSIT] Robot 2 deposited! Total: 6
  [PHERO] Laid at (0.69, 0.17) density=15 prob=1.00 total_entries=6
  [TARGET] Robot 2 → SITE (0.69,0.17)
[PICKUP] Robot 15 picked up tag (density=14) | Total: 10
[PICKUP] Robot 12 picked up tag (density=5) | Total: 11
[DEPOSIT] Robot 10 deposited! Total: 7
  [PHERO] Laid at (-0.18, -0.47) density=7 prob=0.99 total_entries=7
  [TARGET] Robot 10 → SITE (-0.18,-0.47)
[PICKUP] Robot 8 picked up tag (density=13) | Total: 12

======================================================================
Step 500 (0.3 min) | Pickups: 12 | Deposits: 7 | Rate: 26.25 tags/min | phero_entries=7 phero_max=0.881
======================================================================
R1[T1][SITE      ]: L=+0.85 R=+0.85 | carry=0 | base=0.07 ba=-0.81 | site=1 sd=0.08 sa=-0.02 | phero=0 pd=0.00 pa=+0.00 | srch=0.05 | wall=3.17
R2[T1][SITE      ]: L=+1.00 R=+0.34 | carry=0 | base=0.05 ba=+0.89 | site=1 sd=0.09 sa=-0.16 | phero=0 pd=0.00 pa=+0.00 | srch=0.03 | wall=3.26
R3[T1][EXPLORE   ]: L=+1.00 R=+1.00 | carry=0 | base=0.36 ba=+0.89 | site=0 sd=0.00 sa=+0.00 | phero=0 pd=0.00 pa=+0.00 | srch=0.12 | wall=1.70
R4[T1][EXPLORE   ]: L=+1.00 R=+1.00 | carry=0 | base=0.09 ba=+0.26 | site=0 sd=0.00 sa=+0.00 | phero=0 pd=0.00 pa=+0.00 | srch=0.09 | wall=3.05
R5[T2][RTB       ]: L=+0.92 R=+1.00 | carry=1 | base=0.06 ba=+0.03 | site=0 sd=0.00 sa=+0.00 | phero=0 pd=0.00 pa=+0.00 | srch=0.00 | wall=3.19
R6[T2][EXPLORE   ]: L=+0.79 R=+0.58 | carry=0 | base=0.35 ba=-0.89 | site=0 sd=0.00 sa=+0.00 | phero=0 pd=0.00 pa=+0.00 | srch=0.12 | wall=1.86
R7[T2][EXPLORE   ]: L=+0.58 R=+1.00 | carry=0 | base=0.07 ba=+0.96 | site=0 sd=0.00 sa=+0.00 | phero=0 pd=0.00 pa=+0.00 | srch=0.12 | wall=3.23
R8[T2][RTB       ]: L=+1.00 R=+0.24 | carry=1 | base=0.21 ba=-0.31 | site=0 sd=0.00 sa=+0.00 | phero=0 pd=0.00 pa=+0.00 | srch=0.00 | wall=2.52
R9[T3][EXPLORE   ]: L=+1.00 R=+1.00 | carry=0 | base=0.29 ba=+0.99 | site=0 sd=0.00 sa=+0.00 | phero=0 pd=0.00 pa=+0.00 | srch=0.11 | wall=2.08
R10[T3][BASE_ESC  ]: L=+1.00 R=+0.00 | carry=0 | base=0.05 ba=+0.67 | site=1 sd=0.06 sa=-0.57 | phero=0 pd=0.00 pa=+0.00 | srch=0.02 | wall=3.28
R11[T3][EXPLORE   ]: L=+0.65 R=+1.00 | carry=0 | base=0.08 ba=+0.70 | site=0 sd=0.00 sa=+0.00 | phero=0 pd=0.00 pa=+0.00 | srch=0.12 | wall=3.15
R12[T3][RTB       ]: L=+1.00 R=+0.22 | carry=1 | base=0.12 ba=-0.32 | site=0 sd=0.00 sa=+0.00 | phero=0 pd=0.00 pa=+0.00 | srch=0.00 | wall=2.96
R13[T4][RTB       ]: L=+1.00 R=+0.86 | carry=1 | base=0.09 ba=-0.06 | site=0 sd=0.00 sa=+0.00 | phero=0 pd=0.00 pa=+0.00 | srch=0.00 | wall=3.08
R14[T4][EXPLORE   ]: L=+1.00 R=+1.00 | carry=0 | base=0.44 ba=+0.93 | site=0 sd=0.00 sa=+0.00 | phero=0 pd=0.00 pa=+0.00 | srch=0.12 | wall=1.39
R15[T4][RTB       ]: L=+1.00 R=+1.00 | carry=1 | base=0.13 ba=+0.00 | site=0 sd=0.00 sa=+0.00 | phero=0 pd=0.00 pa=+0.00 | srch=0.00 | wall=2.86
R16[T4][EXPLORE   ]: L=+1.00 R=+1.00 | carry=0 | base=0.48 ba=+0.97 | site=0 sd=0.00 sa=+0.00 | phero=0 pd=0.00 pa=+0.00 | srch=0.12 | wall=1.14

[DEPOSIT] Robot 5 deposited! Total: 8
  [PHERO] Laid at (0.05, 0.48) density=7 prob=0.99 total_entries=8
  [TARGET] Robot 5 → SITE (0.05,0.48)
[PICKUP] Robot 3 picked up tag (density=16) | Total: 13
[DEPOSIT] Robot 15 deposited! Total: 9
  [PHERO] Laid at (1.07, -0.15) density=14 prob=1.00 total_entries=9
  [TARGET] Robot 15 → SITE (1.07,-0.15)
[DEPOSIT] Robot 13 deposited! Total: 10
  [PHERO] Laid at (-0.02, -0.54) density=6 prob=0.97 total_entries=10
  [TARGET] Robot 13 → SITE (-0.02,-0.54)
[PICKUP] Robot 1 picked up tag (density=12) | Total: 14
[DEPOSIT] Robot 12 deposited! Total: 11
  [PHERO] Laid at (-0.22, -0.54) density=5 prob=0.92 total_entries=11
  [TARGET] Robot 12 → SITE (-0.22,-0.54)
[PICKUP] Robot 2 picked up tag (density=11) | Total: 15
[GIVE-UP] R14 giving up after 702 steps
[PICKUP] Robot 5 picked up tag (density=6) | Total: 16
[DEPOSIT] Robot 8 deposited! Total: 12
  [PHERO] Laid at (0.96, 0.37) density=13 prob=1.00 total_entries=12
  [TARGET] Robot 8 → SITE (0.96,0.37)
[PICKUP] Robot 4 picked up tag (density=16) | Total: 17
[PICKUP] Robot 13 picked up tag (density=4) | Total: 18
[DEPOSIT] Robot 1 deposited! Total: 13
  [PHERO] Laid at (0.70, -0.00) density=12 prob=1.00 total_entries=13
  [TARGET] Robot 1 → SITE (0.70,-0.00)
[PICKUP] Robot 7 picked up tag (density=10) | Total: 19
[PICKUP] Robot 12 picked up tag (density=3) | Total: 20
[PICKUP] Robot 16 picked up tag (density=12) | Total: 21
[DEPOSIT] Robot 5 deposited! Total: 14
  [PHERO] Laid at (0.07, 0.54) density=6 prob=0.97 total_entries=14
  [TARGET] Robot 5 → SITE (0.07,0.54)
[DEPOSIT] Robot 2 deposited! Total: 15
  [PHERO] Laid at (0.69, 0.20) density=11 prob=1.00 total_entries=15
  [TARGET] Robot 2 → SITE (0.69,0.20)

======================================================================
Step 1000 (0.5 min) | Pickups: 21 | Deposits: 15 | Rate: 28.12 tags/min | phero_entries=15 phero_max=0.986
======================================================================
R1[T1][SITE      ]: L=+0.84 R=+1.00 | carry=0 | base=0.08 ba=+0.89 | site=1 sd=0.08 sa=+0.15 | phero=0 pd=0.00 pa=+0.00 | srch=0.04 | wall=3.15
R2[T1][BASE_ESC  ]: L=+0.00 R=+1.00 | carry=0 | base=0.05 ba=-0.15 | site=1 sd=0.10 sa=+0.97 | phero=0 pd=0.00 pa=+0.00 | srch=0.00 | wall=3.26
R3[T1][RTB       ]: L=+1.00 R=+1.00 | carry=1 | base=0.19 ba=+0.00 | site=0 sd=0.00 sa=+0.00 | phero=0 pd=0.00 pa=+0.00 | srch=0.00 | wall=2.56
R4[T1][RTB       ]: L=+0.99 R=+1.00 | carry=1 | base=0.13 ba=+0.00 | site=0 sd=0.00 sa=+0.00 | phero=0 pd=0.00 pa=+0.00 | srch=0.00 | wall=2.89
R5[T2][BASE_ESC  ]: L=+0.00 R=+1.00 | carry=0 | base=0.05 ba=-0.27 | site=1 sd=0.07 sa=+0.88 | phero=0 pd=0.00 pa=+0.00 | srch=0.01 | wall=3.29
R6[T2][EXPLORE   ]: L=+1.00 R=+1.00 | carry=0 | base=0.43 ba=-0.10 | site=0 sd=0.00 sa=+0.00 | phero=0 pd=0.00 pa=+0.00 | srch=0.25 | wall=1.63
R7[T2][RTB       ]: L=+0.69 R=+1.00 | carry=1 | base=0.15 ba=+0.12 | site=0 sd=0.00 sa=+0.00 | phero=0 pd=0.00 pa=+0.00 | srch=0.00 | wall=2.73
R8[T2][BASE_ESC  ]: L=+0.95 R=+1.00 | carry=0 | base=0.04 ba=-0.99 | site=1 sd=0.17 sa=+0.07 | phero=0 pd=0.00 pa=+0.00 | srch=0.05 | wall=3.32
R9[T3][WALL_ESC  ]: L=+0.00 R=+1.00 | carry=0 | base=0.64 ba=+0.59 | site=0 sd=0.00 sa=+0.00 | phero=0 pd=0.00 pa=+0.00 | srch=0.23 | wall=0.32
R10[T3][EXPLORE   ]: L=+1.00 R=+1.00 | carry=0 | base=0.19 ba=-0.89 | site=0 sd=0.00 sa=+0.00 | phero=0 pd=0.00 pa=+0.00 | srch=0.14 | wall=2.77
R11[T3][EXPLORE   ]: L=+0.70 R=+1.00 | carry=0 | base=0.20 ba=+0.41 | site=0 sd=0.00 sa=+0.00 | phero=0 pd=0.00 pa=+0.00 | srch=0.25 | wall=2.66
R12[T3][RTB       ]: L=+0.59 R=+1.00 | carry=1 | base=0.13 ba=+0.18 | site=0 sd=0.00 sa=+0.00 | phero=0 pd=0.00 pa=+0.00 | srch=0.00 | wall=2.89
R13[T4][RTB       ]: L=+0.98 R=+1.00 | carry=1 | base=0.06 ba=+0.01 | site=0 sd=0.00 sa=+0.00 | phero=0 pd=0.00 pa=+0.00 | srch=0.00 | wall=3.23
R14[T4][GIVE_UP   ]: L=+1.00 R=+1.00 | carry=0 | base=0.45 ba=+0.00 | site=0 sd=0.00 sa=+0.00 | phero=0 pd=0.00 pa=+0.00 | srch=0.25 | wall=1.30
R15[T4][SITE      ]: L=-0.06 R=-0.05 | carry=0 | base=0.15 ba=-1.00 | site=1 sd=0.07 sa=-0.04 | phero=0 pd=0.00 pa=+0.00 | srch=0.10 | wall=2.75
R16[T4][RTB       ]: L=+0.60 R=+1.00 | carry=1 | base=0.58 ba=+0.15 | site=0 sd=0.00 sa=+0.00 | phero=0 pd=0.00 pa=+0.00 | srch=0.00 | wall=0.63

[DEPOSIT] Robot 13 deposited! Total: 16
  [PHERO] Laid at (-0.16, -0.55) density=4 prob=0.82 total_entries=16
  [TARGET] Robot 13 → SITE (-0.16,-0.55)
[PICKUP] Robot 11 picked up tag (density=5) | Total: 22
[DEPOSIT] Robot 4 deposited! Total: 17
  [PHERO] Laid at (-0.94, -0.08) density=16 prob=1.00 total_entries=17
  [TARGET] Robot 4 → SITE (-0.94,-0.08)
[DEPOSIT] Robot 12 deposited! Total: 18
  [PHERO] Laid at (-0.22, -0.62) density=3 prob=0.65 total_entries=18
  [TARGET] Robot 12 → PHERO (0.07,0.54)
[PICKUP] Robot 9 picked up tag (density=12) | Total: 23
[DEPOSIT] Robot 7 deposited! Total: 19
  [PHERO] Laid at (0.80, -0.10) density=10 prob=1.00 total_entries=19
  [TARGET] Robot 7 → SITE (0.80,-0.10)
[DEPOSIT] Robot 3 deposited! Total: 20
  [PHERO] Laid at (-0.21, 2.11) density=16 prob=1.00 total_entries=20
  [TARGET] Robot 3 → SITE (-0.21,2.11)
[PICKUP] Robot 10 picked up tag (density=21) | Total: 24
[PICKUP] Robot 8 picked up tag (density=9) | Total: 25
[PICKUP] Robot 14 picked up tag (density=8) | Total: 26
[DEPOSIT] Robot 11 deposited! Total: 21
  [PHERO] Laid at (0.35, 0.79) density=5 prob=0.92 total_entries=21
  [TARGET] Robot 11 → SITE (0.35,0.79)
[PICKUP] Robot 5 picked up tag (density=4) | Total: 27

======================================================================
Step 1500 (0.8 min) | Pickups: 27 | Deposits: 21 | Rate: 26.25 tags/min | phero_entries=21 phero_max=0.790
======================================================================
R1[T1][EXPLORE   ]: L=+1.00 R=+1.00 | carry=0 | base=0.08 ba=-0.99 | site=0 sd=0.00 sa=+0.00 | phero=0 pd=0.00 pa=+0.00 | srch=0.17 | wall=3.23
R2[T1][EXPLORE   ]: L=+1.00 R=+1.00 | carry=0 | base=0.15 ba=-0.84 | site=0 sd=0.00 sa=+0.00 | phero=0 pd=0.00 pa=+0.00 | srch=0.13 | wall=2.80
R3[T1][SITE      ]: L=+0.76 R=+0.76 | carry=0 | base=0.12 ba=-0.99 | site=1 sd=0.31 sa=-0.02 | phero=0 pd=0.00 pa=+0.00 | srch=0.08 | wall=2.93
R4[T1][EXPLORE   ]: L=+1.00 R=+0.89 | carry=0 | base=0.20 ba=-0.77 | site=0 sd=0.00 sa=+0.00 | phero=0 pd=0.00 pa=+0.00 | srch=0.10 | wall=2.52
R5[T2][RTB       ]: L=+1.00 R=+0.93 | carry=1 | base=0.08 ba=-0.03 | site=0 sd=0.00 sa=+0.00 | phero=0 pd=0.00 pa=+0.00 | srch=0.00 | wall=3.12
R6[T2][EXPLORE   ]: L=+1.00 R=+1.00 | carry=0 | base=0.07 ba=+0.09 | site=0 sd=0.00 sa=+0.00 | phero=0 pd=0.00 pa=+0.00 | srch=0.38 | wall=3.22
R7[T2][SITE      ]: L=-0.02 R=-0.02 | carry=0 | base=0.06 ba=-0.92 | site=1 sd=0.11 sa=-0.01 | phero=0 pd=0.00 pa=+0.00 | srch=0.08 | wall=3.22
R8[T2][RTB       ]: L=+0.94 R=+1.00 | carry=1 | base=0.10 ba=+0.02 | site=0 sd=0.00 sa=+0.00 | phero=0 pd=0.00 pa=+0.00 | srch=0.00 | wall=3.00
R9[T3][RTB       ]: L=+1.00 R=+1.00 | carry=1 | base=0.31 ba=+0.00 | site=0 sd=0.00 sa=+0.00 | phero=0 pd=0.00 pa=+0.00 | srch=0.00 | wall=1.97
R10[T3][RTB       ]: L=+1.00 R=+1.00 | carry=1 | base=0.18 ba=+0.00 | site=0 sd=0.00 sa=+0.00 | phero=0 pd=0.00 pa=+0.00 | srch=0.00 | wall=2.86
R11[T3][SITE      ]: L=+1.00 R=+0.51 | carry=0 | base=0.06 ba=-0.85 | site=1 sd=0.13 sa=-0.07 | phero=0 pd=0.00 pa=+0.00 | srch=0.04 | wall=3.23
R12[T3][PHERO     ]: L=+1.00 R=+0.19 | carry=0 | base=0.05 ba=-0.08 | site=0 sd=0.00 sa=+0.00 | phero=1 pd=0.16 pa=+0.03 | srch=0.10 | wall=3.29
R13[T4][EXPLORE   ]: L=+1.00 R=+1.00 | carry=0 | base=0.29 ba=-0.91 | site=0 sd=0.00 sa=+0.00 | phero=0 pd=0.00 pa=+0.00 | srch=0.12 | wall=2.44
R14[T4][RTB       ]: L=+1.00 R=+1.00 | carry=1 | base=0.14 ba=+0.00 | site=0 sd=0.00 sa=+0.00 | phero=0 pd=0.00 pa=+0.00 | srch=0.00 | wall=2.81
R15[T4][SITE      ]: L=+0.28 R=+0.28 | carry=0 | base=0.13 ba=+0.94 | site=1 sd=0.09 sa=-0.11 | phero=0 pd=0.00 pa=+0.00 | srch=0.22 | wall=2.88
R16[T4][RTB       ]: L=+1.00 R=+1.00 | carry=1 | base=0.20 ba=+0.00 | site=0 sd=0.00 sa=+0.00 | phero=0 pd=0.00 pa=+0.00 | srch=0.00 | wall=2.53

[PICKUP] Robot 2 picked up tag (density=7) | Total: 28
[GIVE-UP] R4 giving up after 433 steps
[PICKUP] Robot 13 picked up tag (density=17) | Total: 29
[DEPOSIT] Robot 5 deposited! Total: 22
  [PHERO] Laid at (0.04, 0.56) density=4 prob=0.82 total_entries=22
  [TARGET] Robot 5 → SITE (0.04,0.56)
[DEPOSIT] Robot 8 deposited! Total: 23
  [PHERO] Laid at (0.76, 0.13) density=9 prob=1.00 total_entries=23
  [TARGET] Robot 8 → SITE (0.76,0.13)
[PICKUP] Robot 11 picked up tag (density=3) | Total: 30
[DEPOSIT] Robot 10 deposited! Total: 24
  [PHERO] Laid at (-1.18, -1.11) density=21 prob=1.00 total_entries=24
  [TARGET] Robot 10 → SITE (-1.18,-1.11)
[EMPTY_RTN] R4 → phero(-0.00,-0.50)
[PICKUP] Robot 5 picked up tag (density=2) | Total: 31
[DEPOSIT] Robot 14 deposited! Total: 25
  [PHERO] Laid at (1.07, -0.13) density=8 prob=1.00 total_entries=25
  [TARGET] Robot 14 → SITE (1.07,-0.13)
[DEPOSIT] Robot 11 deposited! Total: 26
  [PHERO] Laid at (0.24, 0.55) density=3 prob=0.65 total_entries=26
  [TARGET] Robot 11 → SITE (0.24,0.55)
[DEPOSIT] Robot 9 deposited! Total: 27
  [PHERO] Laid at (-2.99, -0.04) density=12 prob=1.00 total_entries=27
  [TARGET] Robot 9 → SITE (-2.99,-0.04)
[DEPOSIT] Robot 16 deposited! Total: 28
  [PHERO] Laid at (2.92, -0.01) density=12 prob=1.00 total_entries=28
  [TARGET] Robot 16 → SITE (2.92,-0.01)
[PICKUP] Robot 6 picked up tag (density=6) | Total: 32
[DEPOSIT] Robot 13 deposited! Total: 29
  [PHERO] Laid at (-1.04, -1.12) density=17 prob=1.00 total_entries=29
  [TARGET] Robot 13 → SITE (-1.04,-1.12)
[DEPOSIT] Robot 5 deposited! Total: 30
  [TARGET] Robot 5 → SITE (0.03,0.62)

======================================================================
Step 2000 (1.1 min) | Pickups: 32 | Deposits: 30 | Rate: 28.12 tags/min | phero_entries=29 phero_max=0.956
======================================================================
R1[T1][EXPLORE   ]: L=+1.00 R=+1.00 | carry=0 | base=0.46 ba=+0.92 | site=0 sd=0.00 sa=+0.00 | phero=0 pd=0.00 pa=+0.00 | srch=0.29 | wall=1.83
R2[T1][RTB       ]: L=+1.00 R=+0.95 | carry=1 | base=0.07 ba=-0.02 | site=0 sd=0.00 sa=+0.00 | phero=0 pd=0.00 pa=+0.00 | srch=0.00 | wall=3.15
R3[T1][SITE      ]: L=+0.55 R=+0.29 | carry=0 | base=0.42 ba=-0.92 | site=1 sd=0.01 sa=-0.11 | phero=0 pd=0.00 pa=+0.00 | srch=0.20 | wall=1.44
R4[T1][PHERO     ]: L=+0.50 R=+1.00 | carry=0 | base=0.06 ba=+0.69 | site=0 sd=0.00 sa=+0.00 | phero=1 pd=0.13 pa=+0.42 | srch=0.05 | wall=3.21
R5[T2][BASE_ESC  ]: L=+1.00 R=+0.00 | carry=0 | base=0.05 ba=+0.19 | site=1 sd=0.08 sa=-0.91 | phero=0 pd=0.00 pa=+0.00 | srch=0.00 | wall=3.27
R6[T2][RTB       ]: L=+1.00 R=+0.84 | carry=1 | base=0.17 ba=-0.06 | site=0 sd=0.00 sa=+0.00 | phero=0 pd=0.00 pa=+0.00 | srch=0.00 | wall=2.70
R7[T2][SITE      ]: L=+0.93 R=+0.99 | carry=0 | base=0.12 ba=+0.92 | site=1 sd=0.05 sa=-0.01 | phero=0 pd=0.00 pa=+0.00 | srch=0.21 | wall=2.93
R8[T2][SITE      ]: L=+1.00 R=+1.00 | carry=0 | base=0.06 ba=+0.96 | site=1 sd=0.10 sa=+0.10 | phero=0 pd=0.00 pa=+0.00 | srch=0.11 | wall=3.21
R9[T3][SITE      ]: L=+1.00 R=+1.00 | carry=0 | base=0.05 ba=+0.87 | site=1 sd=0.55 sa=-0.14 | phero=0 pd=0.00 pa=+0.00 | srch=0.04 | wall=3.24
R10[T3][SITE      ]: L=+1.00 R=+1.00 | carry=0 | base=0.17 ba=+0.98 | site=1 sd=0.18 sa=-0.23 | phero=0 pd=0.00 pa=+0.00 | srch=0.08 | wall=2.76
R11[T3][SITE      ]: L=+1.00 R=+1.00 | carry=0 | base=0.07 ba=+0.78 | site=1 sd=0.05 sa=-0.03 | phero=0 pd=0.00 pa=+0.00 | srch=0.04 | wall=3.22
R12[T3][BASE_ESC  ]: L=+0.00 R=+1.00 | carry=0 | base=0.05 ba=-0.36 | site=0 sd=0.00 sa=+0.00 | phero=1 pd=0.14 pa=-0.11 | srch=0.22 | wall=3.27
R13[T4][BASE_ESC  ]: L=+0.00 R=+1.00 | carry=0 | base=0.05 ba=-0.26 | site=1 sd=0.26 sa=+0.78 | phero=0 pd=0.00 pa=+0.00 | srch=0.01 | wall=3.33
R14[T4][SITE      ]: L=+0.77 R=+0.97 | carry=0 | base=0.06 ba=-0.94 | site=1 sd=0.16 sa=-0.05 | phero=0 pd=0.00 pa=+0.00 | srch=0.04 | wall=3.22
R15[T4][SITE      ]: L=+0.32 R=+0.27 | carry=0 | base=0.15 ba=+0.99 | site=1 sd=0.07 sa=-0.05 | phero=0 pd=0.00 pa=+0.00 | srch=0.35 | wall=2.76
R16[T4][SITE      ]: L=+0.71 R=+1.00 | carry=0 | base=0.08 ba=-0.99 | site=1 sd=0.52 sa=+0.11 | phero=0 pd=0.00 pa=+0.00 | srch=0.04 | wall=3.14

[PICKUP] Robot 3 picked up tag (density=15) | Total: 33
[PICKUP] Robot 1 picked up tag (density=16) | Total: 34
[DEPOSIT] Robot 6 deposited! Total: 31
  [PHERO] Laid at (0.90, 0.27) density=6 prob=0.97 total_entries=30
  [TARGET] Robot 6 → SITE (0.90,0.27)
[PICKUP] Robot 9 picked up tag (density=15) | Total: 35
[PICKUP] Robot 4 picked up tag (density=2) | Total: 36
[PICKUP] Robot 5 picked up tag (density=1) | Total: 37
[DEPOSIT] Robot 2 deposited! Total: 32
  [PHERO] Laid at (0.77, 0.17) density=7 prob=0.99 total_entries=31
  [TARGET] Robot 2 → SITE (0.77,0.17)
[DEPOSIT] Robot 4 deposited! Total: 33
  [TARGET] Robot 4 → SITE (-0.21,-0.65)
[DEPOSIT] Robot 5 deposited! Total: 34
  [TARGET] Robot 5 → SITE (0.05,0.64)
[DEPOSIT] Robot 9 deposited! Total: 35
  [PHERO] Laid at (-0.91, -0.33) density=15 prob=1.00 total_entries=32
  [TARGET] Robot 9 → SITE (-0.91,-0.33)
[PICKUP] Robot 6 picked up tag (density=5) | Total: 38

======================================================================
Step 2500 (1.3 min) | Pickups: 38 | Deposits: 35 | Rate: 26.25 tags/min | phero_entries=32 phero_max=0.992
======================================================================
R1[T1][RTB       ]: L=+1.00 R=+1.00 | carry=1 | base=0.32 ba=+0.00 | site=0 sd=0.00 sa=+0.00 | phero=0 pd=0.00 pa=+0.00 | srch=0.00 | wall=2.25
R2[T1][SITE      ]: L=+0.96 R=+1.00 | carry=0 | base=0.08 ba=+0.88 | site=1 sd=0.08 sa=+0.07 | phero=0 pd=0.00 pa=+0.00 | srch=0.04 | wall=3.09
R3[T1][RTB       ]: L=+1.00 R=+1.00 | carry=1 | base=0.14 ba=-0.00 | site=0 sd=0.00 sa=+0.00 | phero=0 pd=0.00 pa=+0.00 | srch=0.00 | wall=2.80
R4[T1][BASE_ESC  ]: L=+1.00 R=+0.00 | carry=0 | base=0.05 ba=+0.72 | site=1 sd=0.10 sa=-0.44 | phero=0 pd=0.00 pa=+0.00 | srch=0.02 | wall=3.27
R5[T2][BASE_ESC  ]: L=+0.00 R=+1.00 | carry=0 | base=0.05 ba=-0.22 | site=1 sd=0.09 sa=+0.89 | phero=0 pd=0.00 pa=+0.00 | srch=0.00 | wall=3.28
R6[T2][RTB       ]: L=+1.00 R=+1.00 | carry=1 | base=0.20 ba=-0.93 | site=0 sd=0.00 sa=+0.00 | phero=0 pd=0.00 pa=+0.00 | srch=0.00 | wall=2.57
R7[T2][EXPLORE   ]: L=+0.85 R=+1.00 | carry=0 | base=0.46 ba=+0.94 | site=0 sd=0.00 sa=+0.00 | phero=0 pd=0.00 pa=+0.00 | srch=0.33 | wall=1.20
R8[T2][EXPLORE   ]: L=+1.00 R=+1.00 | carry=0 | base=0.27 ba=+0.81 | site=0 sd=0.00 sa=+0.00 | phero=0 pd=0.00 pa=+0.00 | srch=0.23 | wall=2.40
R9[T3][BASE_ESC  ]: L=+1.00 R=+0.00 | carry=0 | base=0.05 ba=+0.09 | site=1 sd=0.15 sa=-0.97 | phero=0 pd=0.00 pa=+0.00 | srch=0.00 | wall=3.29
R10[T3][SITE      ]: L=-0.15 R=+0.58 | carry=0 | base=0.25 ba=-0.78 | site=1 sd=0.10 sa=-0.05 | phero=0 pd=0.00 pa=+0.00 | srch=0.21 | wall=2.45
R11[T3][EXPLORE   ]: L=+1.00 R=+1.00 | carry=0 | base=0.45 ba=+0.97 | site=0 sd=0.00 sa=+0.00 | phero=0 pd=0.00 pa=+0.00 | srch=0.17 | wall=1.33
R12[T3][EXPLORE   ]: L=+1.00 R=+1.00 | carry=0 | base=0.12 ba=-0.83 | site=0 sd=0.00 sa=+0.00 | phero=0 pd=0.00 pa=+0.00 | srch=0.35 | wall=2.90
R13[T4][SITE      ]: L=+0.39 R=+1.00 | carry=0 | base=0.32 ba=+0.49 | site=1 sd=0.02 sa=+0.39 | phero=0 pd=0.00 pa=+0.00 | srch=0.13 | wall=2.34
R14[T4][EXPLORE   ]: L=+1.00 R=+1.00 | carry=0 | base=0.36 ba=-0.98 | site=0 sd=0.00 sa=+0.00 | phero=0 pd=0.00 pa=+0.00 | srch=0.17 | wall=1.72
R15[T4][EXPLORE   ]: L=+1.00 R=+0.71 | carry=0 | base=0.28 ba=+0.15 | site=0 sd=0.00 sa=+0.00 | phero=0 pd=0.00 pa=+0.00 | srch=0.47 | wall=2.30
R16[T4][SITE      ]: L=+0.97 R=+1.00 | carry=0 | base=0.45 ba=+0.88 | site=1 sd=0.16 sa=+0.09 | phero=0 pd=0.00 pa=+0.00 | srch=0.16 | wall=1.30

[PICKUP] Robot 7 picked up tag (density=11) | Total: 39
[DEPOSIT] Robot 3 deposited! Total: 36
  [PHERO] Laid at (-0.23, 2.11) density=15 prob=1.00 total_entries=33
  [TARGET] Robot 3 → SITE (-0.23,2.11)
[PICKUP] Robot 2 picked up tag (density=4) | Total: 40
[PICKUP] Robot 10 picked up tag (density=19) | Total: 41
[DEPOSIT] Robot 6 deposited! Total: 37
  [PHERO] Laid at (0.93, 0.29) density=5 prob=0.92 total_entries=34
  [TARGET] Robot 6 → SITE (0.93,0.29)
[PICKUP] Robot 9 picked up tag (density=14) | Total: 42
[DEPOSIT] Robot 1 deposited! Total: 38
  [PHERO] Laid at (1.73, 2.03) density=16 prob=1.00 total_entries=35
  [TARGET] Robot 1 → SITE (1.73,2.03)
[PICKUP] Robot 16 picked up tag (density=10) | Total: 43
[GIVE-UP] R12 giving up after 1828 steps
[DEPOSIT] Robot 2 deposited! Total: 39
  [PHERO] Laid at (0.89, 0.22) density=4 prob=0.82 total_entries=36
  [TARGET] Robot 2 → SITE (0.89,0.22)

======================================================================
Step 3000 (1.6 min) | Pickups: 43 | Deposits: 39 | Rate: 24.38 tags/min | phero_entries=36 phero_max=0.944
======================================================================
R1[T1][SITE      ]: L=+1.00 R=+1.00 | carry=0 | base=0.08 ba=+0.94 | site=1 sd=0.47 sa=-0.22 | phero=0 pd=0.00 pa=+0.00 | srch=0.04 | wall=3.11
R2[T1][BASE_ESC  ]: L=+0.00 R=+1.00 | carry=0 | base=0.05 ba=-0.33 | site=1 sd=0.14 sa=+0.74 | phero=0 pd=0.00 pa=+0.00 | srch=0.01 | wall=3.28
R3[T1][SITE      ]: L=+0.62 R=+0.62 | carry=0 | base=0.20 ba=+0.96 | site=1 sd=0.23 sa=-0.04 | phero=0 pd=0.00 pa=+0.00 | srch=0.10 | wall=2.51
R4[T1][EXPLORE   ]: L=+1.00 R=+1.00 | carry=0 | base=0.34 ba=-0.98 | site=0 sd=0.00 sa=+0.00 | phero=0 pd=0.00 pa=+0.00 | srch=0.15 | wall=1.99
R5[T2][EXPLORE   ]: L=+1.00 R=+1.00 | carry=0 | base=0.10 ba=-0.14 | site=0 sd=0.00 sa=+0.00 | phero=0 pd=0.00 pa=+0.00 | srch=0.13 | wall=2.99
R6[T2][SITE      ]: L=+0.94 R=+1.00 | carry=0 | base=0.09 ba=+0.98 | site=1 sd=0.12 sa=+0.20 | phero=0 pd=0.00 pa=+0.00 | srch=0.04 | wall=3.05
R7[T2][RTB       ]: L=+1.00 R=+1.00 | carry=1 | base=0.30 ba=+0.00 | site=0 sd=0.00 sa=+0.00 | phero=0 pd=0.00 pa=+0.00 | srch=0.00 | wall=2.01
R8[T2][EXPLORE   ]: L=+1.00 R=+1.00 | carry=0 | base=0.62 ba=-0.88 | site=0 sd=0.00 sa=+0.00 | phero=0 pd=0.00 pa=+0.00 | srch=0.36 | wall=0.67
R9[T3][RTB       ]: L=+1.00 R=+0.98 | carry=1 | base=0.15 ba=-0.01 | site=0 sd=0.00 sa=+0.00 | phero=0 pd=0.00 pa=+0.00 | srch=0.00 | wall=2.80
R10[T3][RTB       ]: L=+1.00 R=+1.00 | carry=1 | base=0.14 ba=-0.00 | site=0 sd=0.00 sa=+0.00 | phero=0 pd=0.00 pa=+0.00 | srch=0.00 | wall=2.98
R11[T3][EXPLORE   ]: L=+1.00 R=+1.00 | carry=0 | base=0.56 ba=+0.10 | site=0 sd=0.00 sa=+0.00 | phero=0 pd=0.00 pa=+0.00 | srch=0.29 | wall=0.75
R12[T3][GIVE_UP   ]: L=+1.00 R=+0.00 | carry=0 | base=0.45 ba=-0.46 | site=0 sd=0.00 sa=+0.00 | phero=0 pd=0.00 pa=+0.00 | srch=0.47 | wall=1.64
R13[T4][EXPLORE   ]: L=+1.00 R=+1.00 | carry=0 | base=0.10 ba=-0.55 | site=0 sd=0.00 sa=+0.00 | phero=0 pd=0.00 pa=+0.00 | srch=0.26 | wall=3.09
R14[T4][EXPLORE   ]: L=+1.00 R=+1.00 | carry=0 | base=0.63 ba=-0.16 | site=0 sd=0.00 sa=+0.00 | phero=0 pd=0.00 pa=+0.00 | srch=0.29 | wall=0.42
R15[T4][EXPLORE   ]: L=+0.16 R=+1.00 | carry=0 | base=0.42 ba=+0.24 | site=0 sd=0.00 sa=+0.00 | phero=0 pd=0.00 pa=+0.00 | srch=0.60 | wall=1.57
R16[T4][RTB       ]: L=+0.99 R=+1.00 | carry=1 | base=0.56 ba=+0.00 | site=0 sd=0.00 sa=+0.00 | phero=0 pd=0.00 pa=+0.00 | srch=0.00 | wall=0.75

[GIVE-UP] R8 giving up after 1514 steps
[PICKUP] Robot 6 picked up tag (density=3) | Total: 44
[DEPOSIT] Robot 10 deposited! Total: 40
  [PHERO] Laid at (-1.15, -1.14) density=19 prob=1.00 total_entries=37
  [TARGET] Robot 10 → SITE (-1.15,-1.14)
[DEPOSIT] Robot 9 deposited! Total: 41
  [PHERO] Laid at (-0.92, -0.35) density=14 prob=1.00 total_entries=38
  [TARGET] Robot 9 → SITE (-0.92,-0.35)
[PICKUP] Robot 2 picked up tag (density=2) | Total: 45
[DEPOSIT] Robot 6 deposited! Total: 42
  [PHERO] Laid at (0.84, 0.05) density=3 prob=0.65 total_entries=39
  [TARGET] Robot 6 → SITE (0.84,0.05)
[DEPOSIT] Robot 7 deposited! Total: 43
  [PHERO] Laid at (2.64, -0.00) density=11 prob=1.00 total_entries=40
  [TARGET] Robot 7 → SITE (2.64,-0.00)
[PICKUP] Robot 14 picked up tag (density=12) | Total: 46

======================================================================
Step 3500 (1.9 min) | Pickups: 46 | Deposits: 43 | Rate: 23.04 tags/min | phero_entries=40 phero_max=0.837
======================================================================
R1[T1][SITE      ]: L=+1.00 R=+1.00 | carry=0 | base=0.32 ba=+0.98 | site=1 sd=0.27 sa=+0.25 | phero=0 pd=0.00 pa=+0.00 | srch=0.16 | wall=2.08
R2[T1][RTB       ]: L=+0.98 R=+1.00 | carry=1 | base=0.14 ba=+0.01 | site=0 sd=0.00 sa=+0.00 | phero=0 pd=0.00 pa=+0.00 | srch=0.00 | wall=2.84
R3[T1][SITE      ]: L=+0.47 R=+0.44 | carry=0 | base=0.41 ba=-0.92 | site=1 sd=0.02 sa=-0.02 | phero=0 pd=0.00 pa=+0.00 | srch=0.22 | wall=1.47
R4[T1][EXPLORE   ]: L=+1.00 R=+0.59 | carry=0 | base=0.48 ba=+0.41 | site=0 sd=0.00 sa=+0.00 | phero=0 pd=0.00 pa=+0.00 | srch=0.27 | wall=1.54
R5[T2][EXPLORE   ]: L=+1.00 R=+1.00 | carry=0 | base=0.26 ba=+0.88 | site=0 sd=0.00 sa=+0.00 | phero=0 pd=0.00 pa=+0.00 | srch=0.25 | wall=2.52
R6[T2][SITE      ]: L=+1.00 R=+0.92 | carry=0 | base=0.07 ba=+0.96 | site=1 sd=0.11 sa=-0.33 | phero=0 pd=0.00 pa=+0.00 | srch=0.03 | wall=3.21
R7[T2][SITE      ]: L=+1.00 R=+0.82 | carry=0 | base=0.05 ba=+0.87 | site=1 sd=0.48 sa=-0.22 | phero=0 pd=0.00 pa=+0.00 | srch=0.03 | wall=3.25
R8[T2][GIVE_UP   ]: L=+1.00 R=+1.00 | carry=0 | base=0.45 ba=-0.00 | site=0 sd=0.00 sa=+0.00 | phero=0 pd=0.00 pa=+0.00 | srch=0.48 | wall=1.51
R9[T3][EXPLORE   ]: L=+1.00 R=+1.00 | carry=0 | base=0.22 ba=+0.81 | site=0 sd=0.00 sa=+0.00 | phero=0 pd=0.00 pa=+0.00 | srch=0.09 | wall=2.50
R10[T3][SITE      ]: L=+1.00 R=+1.00 | carry=0 | base=0.25 ba=+0.92 | site=1 sd=0.09 sa=+0.10 | phero=0 pd=0.00 pa=+0.00 | srch=0.10 | wall=2.52
R11[T3][EXPLORE   ]: L=+1.00 R=+1.00 | carry=0 | base=0.21 ba=-0.13 | site=0 sd=0.00 sa=+0.00 | phero=0 pd=0.00 pa=+0.00 | srch=0.42 | wall=2.50
R12[T3][GIVE_UP   ]: L=+1.00 R=+1.00 | carry=0 | base=0.10 ba=-0.00 | site=0 sd=0.00 sa=+0.00 | phero=0 pd=0.00 pa=+0.00 | srch=0.60 | wall=3.11
R13[T4][EXPLORE   ]: L=+1.00 R=+1.00 | carry=0 | base=0.41 ba=-0.93 | site=0 sd=0.00 sa=+0.00 | phero=0 pd=0.00 pa=+0.00 | srch=0.38 | wall=1.48
R14[T4][RTB       ]: L=+1.00 R=+0.99 | carry=1 | base=0.33 ba=-0.00 | site=0 sd=0.00 sa=+0.00 | phero=0 pd=0.00 pa=+0.00 | srch=0.00 | wall=2.19
R15[T4][EXPLORE   ]: L=-0.03 R=+0.97 | carry=0 | base=0.39 ba=-0.87 | site=0 sd=0.00 sa=+0.00 | phero=0 pd=0.00 pa=+0.00 | srch=0.72 | wall=1.71
R16[T4][RTB       ]: L=+1.00 R=+1.00 | carry=1 | base=0.17 ba=+0.00 | site=0 sd=0.00 sa=+0.00 | phero=0 pd=0.00 pa=+0.00 | srch=0.00 | wall=2.65

[GIVE-UP] R9 giving up after 404 steps
[PICKUP] Robot 1 picked up tag (density=9) | Total: 47
[PICKUP] Robot 3 picked up tag (density=14) | Total: 48
[EMPTY_RTN] R12 → phero(1.73,2.03)
[DEPOSIT] Robot 2 deposited! Total: 44
  [PHERO] Laid at (0.92, 0.18) density=2 prob=0.42 total_entries=41
  [TARGET] Robot 2 → PHERO (0.35,0.79)
[PICKUP] Robot 10 picked up tag (density=18) | Total: 49
[DEPOSIT] Robot 16 deposited! Total: 45
  [PHERO] Laid at (3.02, 0.36) density=10 prob=1.00 total_entries=42
  [TARGET] Robot 16 → SITE (3.02,0.36)
[PICKUP] Robot 6 picked up tag (density=1) | Total: 50
[EMPTY_RTN] R9 → phero(3.02,0.36)
[DEPOSIT] Robot 14 deposited! Total: 46
  [PHERO] Laid at (1.60, -1.07) density=12 prob=1.00 total_entries=43
  [TARGET] Robot 14 → SITE (1.60,-1.07)
[GIVE-UP] R5 giving up after 1407 steps
[DEPOSIT] Robot 6 deposited! Total: 47
  [TARGET] Robot 6 → PHERO (-0.02,-0.54)

======================================================================
Step 4000 (2.1 min) | Pickups: 50 | Deposits: 47 | Rate: 22.03 tags/min | phero_entries=43 phero_max=0.807
======================================================================
R1[T1][RTB       ]: L=+1.00 R=+1.00 | carry=1 | base=0.09 ba=+0.00 | site=0 sd=0.00 sa=+0.00 | phero=0 pd=0.00 pa=+0.00 | srch=0.00 | wall=3.14
R2[T1][EXPLORE   ]: L=+1.00 R=+1.00 | carry=0 | base=0.20 ba=+0.71 | site=0 sd=0.00 sa=+0.00 | phero=0 pd=0.00 pa=+0.00 | srch=0.09 | wall=2.55
R3[T1][RTB       ]: L=+1.00 R=+1.00 | carry=1 | base=0.17 ba=-0.00 | site=0 sd=0.00 sa=+0.00 | phero=0 pd=0.00 pa=+0.00 | srch=0.00 | wall=2.66
R4[T1][EXPLORE   ]: L=+1.00 R=+1.00 | carry=0 | base=0.62 ba=+0.14 | site=0 sd=0.00 sa=+0.00 | phero=0 pd=0.00 pa=+0.00 | srch=0.40 | wall=0.50
R5[T2][GIVE_UP   ]: L=+0.68 R=+1.00 | carry=0 | base=0.50 ba=+0.12 | site=0 sd=0.00 sa=+0.00 | phero=0 pd=0.00 pa=+0.00 | srch=0.38 | wall=1.12
R6[T2][BASE_ESC  ]: L=+0.00 R=+1.00 | carry=0 | base=0.05 ba=-0.35 | site=0 sd=0.00 sa=+0.00 | phero=1 pd=0.12 pa=+0.01 | srch=0.01 | wall=3.28
R7[T2][SITE      ]: L=+1.00 R=+1.00 | carry=0 | base=0.40 ba=-0.92 | site=1 sd=0.14 sa=-0.04 | phero=0 pd=0.00 pa=+0.00 | srch=0.15 | wall=1.52
R8[T2][GIVE_UP   ]: L=+1.00 R=+1.00 | carry=0 | base=0.06 ba=-0.00 | site=0 sd=0.00 sa=+0.00 | phero=0 pd=0.00 pa=+0.00 | srch=0.61 | wall=3.23
R9[T3][PHERO     ]: L=+1.00 R=+1.00 | carry=0 | base=0.07 ba=+0.91 | site=0 sd=0.00 sa=+0.00 | phero=1 pd=0.66 pa=+0.68 | srch=0.03 | wall=3.23
R10[T3][RTB       ]: L=+1.00 R=+1.00 | carry=1 | base=0.13 ba=+0.00 | site=0 sd=0.00 sa=+0.00 | phero=0 pd=0.00 pa=+0.00 | srch=0.00 | wall=3.02
R11[T3][EXPLORE   ]: L=+1.00 R=+0.22 | carry=0 | base=0.17 ba=+0.99 | site=0 sd=0.00 sa=+0.00 | phero=0 pd=0.00 pa=+0.00 | srch=0.54 | wall=2.66
R12[T3][PHERO     ]: L=+1.00 R=+1.00 | carry=0 | base=0.30 ba=+1.00 | site=0 sd=0.00 sa=+0.00 | phero=1 pd=0.28 pa=+0.24 | srch=0.11 | wall=2.20
R13[T4][EXPLORE   ]: L=+1.00 R=+1.00 | carry=0 | base=0.61 ba=-0.18 | site=0 sd=0.00 sa=+0.00 | phero=0 pd=0.00 pa=+0.00 | srch=0.51 | wall=0.63
R14[T4][SITE      ]: L=+0.97 R=+1.00 | carry=0 | base=0.07 ba=-0.96 | site=1 sd=0.33 sa=+0.17 | phero=0 pd=0.00 pa=+0.00 | srch=0.03 | wall=3.24
R15[T4][EXPLORE   ]: L=+1.00 R=+1.00 | carry=0 | base=0.31 ba=-0.54 | site=0 sd=0.00 sa=+0.00 | phero=0 pd=0.00 pa=+0.00 | srch=0.85 | wall=1.96
R16[T4][SITE      ]: L=+0.98 R=+1.00 | carry=0 | base=0.22 ba=+0.91 | site=1 sd=0.41 sa=+0.07 | phero=0 pd=0.00 pa=+0.00 | srch=0.09 | wall=2.44

[EMPTY_RTN] R8 → phero(1.60,-1.07)
[DEPOSIT] Robot 1 deposited! Total: 48
  [PHERO] Laid at (1.54, 0.81) density=9 prob=1.00 total_entries=44
  [TARGET] Robot 1 → SITE (1.54,0.81)
[PICKUP] Robot 12 picked up tag (density=8) | Total: 51
[DEPOSIT] Robot 10 deposited! Total: 49
  [PHERO] Laid at (-1.14, -1.19) density=18 prob=1.00 total_entries=45
  [TARGET] Robot 10 → SITE (-1.14,-1.19)
[PICKUP] Robot 9 picked up tag (density=1) | Total: 52
[DEPOSIT] Robot 3 deposited! Total: 50
  [PHERO] Laid at (-0.22, 2.16) density=14 prob=1.00 total_entries=46
  [TARGET] Robot 3 → SITE (-0.22,2.16)
[PICKUP] Robot 7 picked up tag (density=9) | Total: 53
[PICKUP] Robot 15 picked up tag (density=11) | Total: 54
[DEPOSIT] Robot 9 deposited! Total: 51
  [TARGET] Robot 9 → PHERO (1.54,0.81)
[PICKUP] Robot 14 picked up tag (density=10) | Total: 55
[PICKUP] Robot 13 picked up tag (density=7) | Total: 56
[PICKUP] Robot 16 picked up tag (density=8) | Total: 57

======================================================================
Step 4500 (2.4 min) | Pickups: 57 | Deposits: 51 | Rate: 21.25 tags/min | phero_entries=42 phero_max=0.575
======================================================================
R1[T1][SITE      ]: L=+1.00 R=+1.00 | carry=0 | base=0.20 ba=+0.94 | site=1 sd=0.15 sa=-0.10 | phero=0 pd=0.00 pa=+0.00 | srch=0.11 | wall=2.67
R2[T1][EXPLORE   ]: L=+1.00 R=+1.00 | carry=0 | base=0.54 ba=+0.91 | site=0 sd=0.00 sa=+0.00 | phero=0 pd=0.00 pa=+0.00 | srch=0.22 | wall=0.99
R3[T1][SITE      ]: L=+1.00 R=+1.00 | carry=0 | base=0.19 ba=+0.96 | site=1 sd=0.24 sa=-0.01 | phero=0 pd=0.00 pa=+0.00 | srch=0.09 | wall=2.54
R4[T1][WALL_ESC  ]: L=+0.00 R=+1.00 | carry=0 | base=0.65 ba=+0.57 | site=0 sd=0.00 sa=+0.00 | phero=0 pd=0.00 pa=+0.00 | srch=0.52 | wall=0.33
R5[T2][GIVE_UP   ]: L=+1.00 R=+0.93 | carry=0 | base=0.13 ba=-0.03 | site=0 sd=0.00 sa=+0.00 | phero=0 pd=0.00 pa=+0.00 | srch=0.50 | wall=2.89
R6[T2][EXPLORE   ]: L=+1.00 R=+1.00 | carry=0 | base=0.25 ba=-0.88 | site=0 sd=0.00 sa=+0.00 | phero=0 pd=0.00 pa=+0.00 | srch=0.13 | wall=2.44
R7[T2][RTB       ]: L=+1.00 R=+1.00 | carry=1 | base=0.47 ba=-0.00 | site=0 sd=0.00 sa=+0.00 | phero=0 pd=0.00 pa=+0.00 | srch=0.00 | wall=1.16
R8[T2][PHERO     ]: L=+0.72 R=+0.75 | carry=0 | base=0.12 ba=-0.81 | site=0 sd=0.00 sa=+0.00 | phero=1 pd=0.27 pa=+0.10 | srch=0.12 | wall=2.95
R9[T3][PHERO     ]: L=+0.45 R=+1.00 | carry=0 | base=0.06 ba=+0.66 | site=0 sd=0.00 sa=+0.00 | phero=1 pd=0.37 pa=+0.28 | srch=0.04 | wall=3.23
R10[T3][SITE      ]: L=+0.74 R=+0.78 | carry=0 | base=0.18 ba=-0.92 | site=1 sd=0.15 sa=+0.04 | phero=0 pd=0.00 pa=+0.00 | srch=0.10 | wall=2.80
R11[T3][EXPLORE   ]: L=+0.15 R=-0.44 | carry=0 | base=0.15 ba=-0.47 | site=0 sd=0.00 sa=+0.00 | phero=0 pd=0.00 pa=+0.00 | srch=0.67 | wall=2.74
R12[T3][RTB       ]: L=+1.00 R=+0.99 | carry=1 | base=0.13 ba=-0.00 | site=0 sd=0.00 sa=+0.00 | phero=0 pd=0.00 pa=+0.00 | srch=0.00 | wall=2.98
R13[T4][RTB       ]: L=+1.00 R=+0.92 | carry=1 | base=0.34 ba=-0.03 | site=0 sd=0.00 sa=+0.00 | phero=0 pd=0.00 pa=+0.00 | srch=0.00 | wall=2.23
R14[T4][RTB       ]: L=+0.80 R=+1.00 | carry=1 | base=0.34 ba=+0.08 | site=0 sd=0.00 sa=+0.00 | phero=0 pd=0.00 pa=+0.00 | srch=0.00 | wall=2.29
R15[T4][RTB       ]: L=+1.00 R=+1.00 | carry=1 | base=0.23 ba=-0.00 | site=0 sd=0.00 sa=+0.00 | phero=0 pd=0.00 pa=+0.00 | srch=0.00 | wall=2.57
R16[T4][RTB       ]: L=+0.00 R=+1.00 | carry=1 | base=0.52 ba=+0.61 | site=0 sd=0.00 sa=+0.00 | phero=0 pd=0.00 pa=+0.00 | srch=0.00 | wall=0.91

[DEPOSIT] Robot 12 deposited! Total: 52
  [PHERO] Laid at (1.50, 0.81) density=8 prob=1.00 total_entries=43
  [TARGET] Robot 12 → SITE (1.50,0.81)
[EMPTY_RTN] R5 → phero(1.50,0.81)
[PICKUP] Robot 6 picked up tag (density=8) | Total: 58
[PICKUP] Robot 1 picked up tag (density=6) | Total: 59
[DEPOSIT] Robot 15 deposited! Total: 53
  [PHERO] Laid at (1.58, -1.03) density=11 prob=1.00 total_entries=41
  [TARGET] Robot 15 → SITE (1.58,-1.03)
[GIVE-UP] R11 giving up after 2965 steps
[PICKUP] Robot 3 picked up tag (density=13) | Total: 60
[DEPOSIT] Robot 13 deposited! Total: 54
  [PHERO] Laid at (1.34, 1.25) density=7 prob=0.99 total_entries=41
  [TARGET] Robot 13 → SITE (1.34,1.25)
[DEPOSIT] Robot 14 deposited! Total: 55
  [PHERO] Laid at (1.17, -1.34) density=10 prob=1.00 total_entries=42
  [TARGET] Robot 14 → SITE (1.17,-1.34)
[EMPTY_RTN] R11 → phero(-0.22,2.16)
[PICKUP] Robot 10 picked up tag (density=16) | Total: 61

======================================================================
Step 5000 (2.7 min) | Pickups: 61 | Deposits: 55 | Rate: 20.62 tags/min | phero_entries=39 phero_max=0.843
======================================================================
R1[T1][RTB       ]: L=+1.00 R=+1.00 | carry=1 | base=0.13 ba=+0.00 | site=0 sd=0.00 sa=+0.00 | phero=0 pd=0.00 pa=+0.00 | srch=0.00 | wall=2.99
R2[T1][EXPLORE   ]: L=+1.00 R=+1.00 | carry=0 | base=0.59 ba=+0.30 | site=0 sd=0.00 sa=+0.00 | phero=0 pd=0.00 pa=+0.00 | srch=0.34 | wall=1.09
R3[T1][RTB       ]: L=+1.00 R=+0.98 | carry=1 | base=0.40 ba=-0.01 | site=0 sd=0.00 sa=+0.00 | phero=0 pd=0.00 pa=+0.00 | srch=0.00 | wall=1.52
R4[T1][EXPLORE   ]: L=+1.00 R=+1.00 | carry=0 | base=0.46 ba=+0.44 | site=0 sd=0.00 sa=+0.00 | phero=0 pd=0.00 pa=+0.00 | srch=0.65 | wall=1.76
R5[T2][PHERO     ]: L=+1.00 R=+1.00 | carry=0 | base=0.25 ba=+1.00 | site=0 sd=0.00 sa=+0.00 | phero=1 pd=0.29 pa=+0.55 | srch=0.10 | wall=2.42
R6[T2][RTB       ]: L=+1.00 R=+1.00 | carry=1 | base=0.10 ba=-0.00 | site=0 sd=0.00 sa=+0.00 | phero=0 pd=0.00 pa=+0.00 | srch=0.00 | wall=3.12
R7[T2][RTB       ]: L=+1.00 R=+1.00 | carry=1 | base=0.09 ba=-0.00 | site=0 sd=0.00 sa=+0.00 | phero=0 pd=0.00 pa=+0.00 | srch=0.00 | wall=3.07
R8[T2][PHERO     ]: L=+0.88 R=+1.00 | carry=0 | base=0.41 ba=+0.75 | site=0 sd=0.00 sa=+0.00 | phero=1 pd=0.09 pa=+0.36 | srch=0.25 | wall=2.06
R9[T3][PHERO     ]: L=+1.00 R=+1.00 | carry=0 | base=0.33 ba=+0.88 | site=0 sd=0.00 sa=+0.00 | phero=1 pd=0.02 pa=-0.05 | srch=0.16 | wall=2.05
R10[T3][RTB       ]: L=+1.00 R=+0.00 | carry=1 | base=0.35 ba=-0.55 | site=0 sd=0.00 sa=+0.00 | phero=0 pd=0.00 pa=+0.00 | srch=0.00 | wall=2.29
R11[T3][BASE_ESC  ]: L=+0.00 R=+1.00 | carry=0 | base=0.04 ba=-0.59 | site=0 sd=0.00 sa=+0.00 | phero=1 pd=0.39 pa=+0.47 | srch=0.02 | wall=3.28
R12[T3][SITE      ]: L=+0.93 R=+1.00 | carry=0 | base=0.26 ba=-0.95 | site=1 sd=0.11 sa=+0.26 | phero=0 pd=0.00 pa=+0.00 | srch=0.10 | wall=2.29
R13[T4][SITE      ]: L=+0.98 R=+1.00 | carry=0 | base=0.06 ba=-0.92 | site=1 sd=0.31 sa=+0.21 | phero=0 pd=0.00 pa=+0.00 | srch=0.03 | wall=3.22
R14[T4][BASE_ESC  ]: L=+1.00 R=+0.41 | carry=0 | base=0.05 ba=+0.87 | site=1 sd=0.31 sa=-0.25 | phero=0 pd=0.00 pa=+0.00 | srch=0.03 | wall=3.29
R15[T4][SITE      ]: L=+0.62 R=+0.59 | carry=0 | base=0.09 ba=+0.85 | site=1 sd=0.30 sa=-0.13 | phero=0 pd=0.00 pa=+0.00 | srch=0.06 | wall=3.16
R16[T4][RTB       ]: L=+1.00 R=+1.00 | carry=1 | base=0.19 ba=+0.00 | site=0 sd=0.00 sa=+0.00 | phero=0 pd=0.00 pa=+0.00 | srch=0.00 | wall=2.56

[DEPOSIT] Robot 7 deposited! Total: 56
  [PHERO] Laid at (2.73, -0.01) density=9 prob=1.00 total_entries=40
  [TARGET] Robot 7 → SITE (2.73,-0.01)
[PICKUP] Robot 9 picked up tag (density=5) | Total: 62
[DEPOSIT] Robot 6 deposited! Total: 57
  [PHERO] Laid at (-0.93, -1.31) density=8 prob=1.00 total_entries=41
  [TARGET] Robot 6 → SITE (-0.93,-1.31)
[DEPOSIT] Robot 1 deposited! Total: 58
  [TARGET] Robot 1 → SITE (1.27,0.89)
[DEPOSIT] Robot 16 deposited! Total: 59
  [PHERO] Laid at (2.57, 0.18) density=8 prob=1.00 total_entries=40
  [TARGET] Robot 16 → SITE (2.57,0.18)
[PICKUP] Robot 14 picked up tag (density=9) | Total: 63
[PICKUP] Robot 13 picked up tag (density=4) | Total: 64
[DEPOSIT] Robot 3 deposited! Total: 60
  [PHERO] Laid at (-0.25, 2.19) density=13 prob=1.00 total_entries=36
  [TARGET] Robot 3 → SITE (-0.25,2.19)
[DEPOSIT] Robot 10 deposited! Total: 61
  [PHERO] Laid at (-1.17, -1.21) density=16 prob=1.00 total_entries=37
  [TARGET] Robot 10 → SITE (-1.17,-1.21)
[GIVE-UP] R12 giving up after 877 steps

======================================================================
Step 5500 (2.9 min) | Pickups: 64 | Deposits: 61 | Rate: 20.80 tags/min | phero_entries=36 phero_max=0.946
======================================================================
R1[T1][SITE      ]: L=+1.00 R=+1.00 | carry=0 | base=0.25 ba=-0.88 | site=1 sd=0.13 sa=-0.28 | phero=0 pd=0.00 pa=+0.00 | srch=0.10 | wall=2.46
R2[T1][EXPLORE   ]: L=+1.00 R=+1.00 | carry=0 | base=0.48 ba=+0.53 | site=0 sd=0.00 sa=+0.00 | phero=0 pd=0.00 pa=+0.00 | srch=0.47 | wall=1.21
R3[T1][BASE_ESC  ]: L=+0.00 R=+1.00 | carry=0 | base=0.04 ba=-0.43 | site=1 sd=0.40 sa=+0.62 | phero=0 pd=0.00 pa=+0.00 | srch=0.01 | wall=3.28
R4[T1][EXPLORE   ]: L=+1.00 R=+0.86 | carry=0 | base=0.55 ba=+0.90 | site=0 sd=0.00 sa=+0.00 | phero=0 pd=0.00 pa=+0.00 | srch=0.77 | wall=0.79
R5[T2][PHERO     ]: L=+1.00 R=+1.00 | carry=0 | base=0.62 ba=+0.88 | site=0 sd=0.00 sa=+0.00 | phero=1 pd=0.46 pa=+0.70 | srch=0.22 | wall=0.61
R6[T2][SITE      ]: L=+0.96 R=+1.00 | carry=0 | base=0.26 ba=+0.88 | site=1 sd=0.08 sa=+0.11 | phero=0 pd=0.00 pa=+0.00 | srch=0.11 | wall=2.59
R7[T2][SITE      ]: L=+0.84 R=+0.84 | carry=0 | base=0.22 ba=+0.96 | site=1 sd=0.34 sa=+0.09 | phero=0 pd=0.00 pa=+0.00 | srch=0.11 | wall=2.43
R8[T2][EXPLORE   ]: L=+1.00 R=+1.00 | carry=0 | base=0.24 ba=+0.37 | site=0 sd=0.00 sa=+0.00 | phero=0 pd=0.00 pa=+0.00 | srch=0.37 | wall=2.30
R9[T3][RTB       ]: L=+1.00 R=+1.00 | carry=1 | base=0.10 ba=+0.00 | site=0 sd=0.00 sa=+0.00 | phero=0 pd=0.00 pa=+0.00 | srch=0.00 | wall=3.07
R10[T3][BASE_ESC  ]: L=+0.00 R=+1.00 | carry=0 | base=0.04 ba=-0.34 | site=1 sd=0.30 sa=+0.70 | phero=0 pd=0.00 pa=+0.00 | srch=0.01 | wall=3.33
R11[T3][PHERO     ]: L=+0.79 R=+0.83 | carry=0 | base=0.38 ba=+0.86 | site=0 sd=0.00 sa=+0.00 | phero=1 pd=0.06 pa=+0.01 | srch=0.14 | wall=1.61
R12[T3][GIVE_UP   ]: L=+0.40 R=+1.00 | carry=0 | base=0.23 ba=+0.23 | site=0 sd=0.00 sa=+0.00 | phero=0 pd=0.00 pa=+0.00 | srch=0.23 | wall=2.56
R13[T4][RTB       ]: L=+0.86 R=+1.00 | carry=1 | base=0.31 ba=+0.05 | site=0 sd=0.00 sa=+0.00 | phero=0 pd=0.00 pa=+0.00 | srch=0.00 | wall=2.28
R14[T4][RTB       ]: L=+1.00 R=+0.78 | carry=1 | base=0.30 ba=-0.08 | site=0 sd=0.00 sa=+0.00 | phero=0 pd=0.00 pa=+0.00 | srch=0.00 | wall=2.42
R15[T4][SITE      ]: L=+0.42 R=+0.42 | carry=0 | base=0.29 ba=-0.99 | site=1 sd=0.09 sa=-0.00 | phero=0 pd=0.00 pa=+0.00 | srch=0.19 | wall=2.29
R16[T4][SITE      ]: L=+1.00 R=+1.00 | carry=0 | base=0.18 ba=-0.93 | site=1 sd=0.34 sa=+0.17 | phero=0 pd=0.00 pa=+0.00 | srch=0.08 | wall=2.61

[DEPOSIT] Robot 9 deposited! Total: 62
  [PHERO] Laid at (1.59, 0.89) density=5 prob=0.92 total_entries=36
  [TARGET] Robot 9 → SITE (1.59,0.89)
[PICKUP] Robot 11 picked up tag (density=12) | Total: 65
[PICKUP] Robot 6 picked up tag (density=6) | Total: 66
[PICKUP] Robot 15 picked up tag (density=8) | Total: 67
[PICKUP] Robot 2 picked up tag (density=11) | Total: 68
[PICKUP] Robot 1 picked up tag (density=3) | Total: 69
[EMPTY_RTN] R12 → phero(2.57,0.18)
[DEPOSIT] Robot 14 deposited! Total: 63
  [PHERO] Laid at (1.15, -1.06) density=9 prob=1.00 total_entries=36
  [TARGET] Robot 14 → SITE (1.15,-1.06)
[DEPOSIT] Robot 13 deposited! Total: 64
  [PHERO] Laid at (1.37, 0.89) density=4 prob=0.82 total_entries=37
  [TARGET] Robot 13 → SITE (1.37,0.89)

======================================================================
Step 6000 (3.2 min) | Pickups: 69 | Deposits: 64 | Rate: 20.00 tags/min | phero_entries=34 phero_max=0.767
======================================================================
R1[T1][RTB       ]: L=+1.00 R=+1.00 | carry=1 | base=0.18 ba=-0.00 | site=0 sd=0.00 sa=+0.00 | phero=0 pd=0.00 pa=+0.00 | srch=0.00 | wall=2.78
R2[T1][RTB       ]: L=+1.00 R=+1.00 | carry=1 | base=0.34 ba=+0.00 | site=0 sd=0.00 sa=+0.00 | phero=0 pd=0.00 pa=+0.00 | srch=0.00 | wall=1.85
R3[T1][SITE      ]: L=+0.99 R=+1.00 | carry=0 | base=0.37 ba=+0.90 | site=1 sd=0.08 sa=+0.01 | phero=0 pd=0.00 pa=+0.00 | srch=0.14 | wall=1.67
R4[T1][EXPLORE   ]: L=+1.00 R=+1.00 | carry=0 | base=0.46 ba=+0.20 | site=0 sd=0.00 sa=+0.00 | phero=0 pd=0.00 pa=+0.00 | srch=0.90 | wall=1.26
R5[T2][PHERO     ]: L=+1.00 R=+1.00 | carry=0 | base=0.43 ba=+0.11 | site=0 sd=0.00 sa=+0.00 | phero=1 pd=0.24 pa=-0.18 | srch=0.35 | wall=1.38
R6[T2][RTB       ]: L=+1.00 R=+1.00 | carry=1 | base=0.10 ba=+0.00 | site=0 sd=0.00 sa=+0.00 | phero=0 pd=0.00 pa=+0.00 | srch=0.00 | wall=3.08
R7[T2][SITE      ]: L=+0.68 R=+0.70 | carry=0 | base=0.52 ba=+0.90 | site=1 sd=0.03 sa=+0.01 | phero=0 pd=0.00 pa=+0.00 | srch=0.24 | wall=0.91
R8[T2][EXPLORE   ]: L=+1.00 R=+0.55 | carry=0 | base=0.23 ba=+0.36 | site=0 sd=0.00 sa=+0.00 | phero=0 pd=0.00 pa=+0.00 | srch=0.50 | wall=2.44
R9[T3][SITE      ]: L=+0.40 R=+0.42 | carry=0 | base=0.18 ba=-0.81 | site=1 sd=0.20 sa=+0.04 | phero=0 pd=0.00 pa=+0.00 | srch=0.11 | wall=2.86
R10[T3][SITE      ]: L=+0.44 R=+0.38 | carry=0 | base=0.32 ba=-0.90 | site=1 sd=0.02 sa=-0.10 | phero=0 pd=0.00 pa=+0.00 | srch=0.13 | wall=2.31
R11[T3][RTB       ]: L=+1.00 R=+1.00 | carry=1 | base=0.21 ba=+0.00 | site=0 sd=0.00 sa=+0.00 | phero=0 pd=0.00 pa=+0.00 | srch=0.00 | wall=2.46
R12[T3][PHERO     ]: L=+0.69 R=+0.69 | carry=0 | base=0.08 ba=-0.74 | site=0 sd=0.00 sa=+0.00 | phero=1 pd=0.45 pa=+0.06 | srch=0.06 | wall=3.18
R13[T4][SITE      ]: L=+1.00 R=+1.00 | carry=0 | base=0.07 ba=+0.92 | site=1 sd=0.26 sa=-0.16 | phero=0 pd=0.00 pa=+0.00 | srch=0.04 | wall=3.26
R14[T4][SITE      ]: L=+0.97 R=+1.00 | carry=0 | base=0.08 ba=+0.95 | site=1 sd=0.23 sa=+0.05 | phero=0 pd=0.00 pa=+0.00 | srch=0.04 | wall=3.15
R15[T4][RTB       ]: L=+1.00 R=+1.00 | carry=1 | base=0.17 ba=-0.00 | site=0 sd=0.00 sa=+0.00 | phero=0 pd=0.00 pa=+0.00 | srch=0.00 | wall=2.83
R16[T4][SITE      ]: L=+0.89 R=+1.00 | carry=0 | base=0.53 ba=+0.66 | site=1 sd=0.09 sa=+0.22 | phero=0 pd=0.00 pa=+0.00 | srch=0.20 | wall=0.90

[DEPOSIT] Robot 6 deposited! Total: 65
  [PHERO] Laid at (-0.94, -1.35) density=6 prob=0.97 total_entries=35
  [TARGET] Robot 6 → SITE (-0.94,-1.35)
[PICKUP] Robot 10 picked up tag (density=14) | Total: 70
[PICKUP] Robot 3 picked up tag (density=11) | Total: 71
[DEPOSIT] Robot 15 deposited! Total: 66
  [PHERO] Laid at (1.38, -0.89) density=8 prob=1.00 total_entries=34
  [TARGET] Robot 15 → SITE (1.38,-0.89)
[DEPOSIT] Robot 1 deposited! Total: 67
  [TARGET] Robot 1 → PHERO (-0.94,-1.35)
[DEPOSIT] Robot 11 deposited! Total: 68
  [PHERO] Laid at (-0.26, 2.21) density=12 prob=1.00 total_entries=33
  [TARGET] Robot 11 → SITE (-0.26,2.21)
[PICKUP] Robot 14 picked up tag (density=7) | Total: 72
[PICKUP] Robot 7 picked up tag (density=7) | Total: 73
[PICKUP] Robot 13 picked up tag (density=2) | Total: 74
[DEPOSIT] Robot 2 deposited! Total: 69
  [PHERO] Laid at (-2.56, -0.12) density=11 prob=1.00 total_entries=33
  [TARGET] Robot 2 → SITE (-2.56,-0.12)
[GIVE-UP] R8 giving up after 2361 steps

======================================================================
Step 6500 (3.5 min) | Pickups: 74 | Deposits: 69 | Rate: 19.90 tags/min | phero_entries=32 phero_max=0.808
======================================================================
R1[T1][PHERO     ]: L=+0.94 R=+0.97 | carry=0 | base=0.06 ba=-0.64 | site=0 sd=0.00 sa=+0.00 | phero=1 pd=0.30 pa=+0.02 | srch=0.08 | wall=3.23
R2[T1][SITE      ]: L=+1.00 R=+0.97 | carry=0 | base=0.07 ba=+0.91 | site=1 sd=0.46 sa=-0.22 | phero=0 pd=0.00 pa=+0.00 | srch=0.03 | wall=3.20
R3[T1][RTB       ]: L=+1.00 R=+1.00 | carry=1 | base=0.23 ba=+0.00 | site=0 sd=0.00 sa=+0.00 | phero=0 pd=0.00 pa=+0.00 | srch=0.00 | wall=2.39
R4[T1][EXPLORE   ]: L=+1.00 R=+1.00 | carry=0 | base=0.45 ba=-0.76 | site=0 sd=0.00 sa=+0.00 | phero=0 pd=0.00 pa=+0.00 | srch=1.00 | wall=1.38
R5[T2][PHERO     ]: L=+1.00 R=+0.23 | carry=0 | base=0.36 ba=-0.53 | site=0 sd=0.00 sa=+0.00 | phero=1 pd=0.01 pa=-0.44 | srch=0.47 | wall=1.96
R6[T2][SITE      ]: L=+1.00 R=+0.96 | carry=0 | base=0.28 ba=-0.83 | site=1 sd=0.08 sa=-0.15 | phero=0 pd=0.00 pa=+0.00 | srch=0.11 | wall=2.21
R7[T2][RTB       ]: L=+1.00 R=+1.00 | carry=1 | base=0.47 ba=+0.00 | site=0 sd=0.00 sa=+0.00 | phero=0 pd=0.00 pa=+0.00 | srch=0.00 | wall=1.19
R8[T2][GIVE_UP   ]: L=+1.00 R=+0.99 | carry=0 | base=0.31 ba=-0.00 | site=0 sd=0.00 sa=+0.00 | phero=0 pd=0.00 pa=+0.00 | srch=0.62 | wall=2.40
R9[T3][EXPLORE   ]: L=+1.00 R=+1.00 | carry=0 | base=0.52 ba=+0.97 | site=0 sd=0.00 sa=+0.00 | phero=0 pd=0.00 pa=+0.00 | srch=0.23 | wall=1.31
R10[T3][RTB       ]: L=+1.00 R=+1.00 | carry=1 | base=0.12 ba=-0.00 | site=0 sd=0.00 sa=+0.00 | phero=0 pd=0.00 pa=+0.00 | srch=0.00 | wall=3.07
R11[T3][SITE      ]: L=+0.90 R=+0.90 | carry=0 | base=0.15 ba=-0.98 | site=1 sd=0.31 sa=-0.07 | phero=0 pd=0.00 pa=+0.00 | srch=0.07 | wall=2.81
R12[T3][PHERO     ]: L=+0.95 R=+1.00 | carry=0 | base=0.42 ba=+0.99 | site=0 sd=0.00 sa=+0.00 | phero=1 pd=0.15 pa=+0.31 | srch=0.19 | wall=1.44
R13[T4][RTB       ]: L=+1.00 R=+0.81 | carry=1 | base=0.32 ba=-0.07 | site=0 sd=0.00 sa=+0.00 | phero=0 pd=0.00 pa=+0.00 | srch=0.00 | wall=2.17
R14[T4][RTB       ]: L=+0.99 R=+1.00 | carry=1 | base=0.26 ba=+0.00 | site=0 sd=0.00 sa=+0.00 | phero=0 pd=0.00 pa=+0.00 | srch=0.00 | wall=2.50
R15[T4][SITE      ]: L=+1.00 R=+1.00 | carry=0 | base=0.22 ba=+0.97 | site=1 sd=0.12 sa=+0.01 | phero=0 pd=0.00 pa=+0.00 | srch=0.09 | wall=2.63
R16[T4][WALL_ESC  ]: L=+0.00 R=+1.00 | carry=0 | base=0.66 ba=+0.44 | site=0 sd=0.00 sa=+0.00 | phero=0 pd=0.00 pa=+0.00 | srch=0.33 | wall=0.34

[DEPOSIT] Robot 10 deposited! Total: 70
  [PHERO] Laid at (-1.24, -1.27) density=14 prob=1.00 total_entries=33
  [TARGET] Robot 10 → SITE (-1.24,-1.27)
[PICKUP] Robot 4 picked up tag (density=6) | Total: 75
[PICKUP] Robot 2 picked up tag (density=13) | Total: 76
[DEPOSIT] Robot 3 deposited! Total: 71
  [PHERO] Laid at (-0.26, 2.21) density=11 prob=1.00 total_entries=33
  [TARGET] Robot 3 → SITE (-0.26,2.21)
[PICKUP] Robot 6 picked up tag (density=13) | Total: 77
[DEPOSIT] Robot 14 deposited! Total: 72
  [PHERO] Laid at (1.17, -1.05) density=7 prob=0.99 total_entries=34
  [TARGET] Robot 14 → SITE (1.17,-1.05)
[EMPTY_RTN] R8 → phero(1.59,0.89)
[DEPOSIT] Robot 13 deposited! Total: 73
  [PHERO] Laid at (1.34, 0.97) density=2 prob=0.42 total_entries=34
  [TARGET] Robot 13 → SITE (1.34,0.97)
[PICKUP] Robot 1 picked up tag (density=4) | Total: 78
[PICKUP] Robot 11 picked up tag (density=10) | Total: 79
[DEPOSIT] Robot 2 deposited! Total: 74
  [PHERO] Laid at (-0.92, -0.32) density=13 prob=1.00 total_entries=34
  [TARGET] Robot 2 → SITE (-0.92,-0.32)
[PICKUP] Robot 12 picked up tag (density=5) | Total: 80

======================================================================
Step 7000 (3.7 min) | Pickups: 80 | Deposits: 74 | Rate: 19.82 tags/min | phero_entries=34 phero_max=0.969
======================================================================
R1[T1][RTB       ]: L=+1.00 R=+0.10 | carry=1 | base=0.35 ba=-0.36 | site=0 sd=0.00 sa=+0.00 | phero=0 pd=0.00 pa=+0.00 | srch=0.00 | wall=2.08
R2[T1][BASE_ESC  ]: L=+0.00 R=+1.00 | carry=0 | base=0.05 ba=-0.24 | site=1 sd=0.15 sa=+0.83 | phero=0 pd=0.00 pa=+0.00 | srch=0.00 | wall=3.28
R3[T1][SITE      ]: L=-0.17 R=-0.14 | carry=0 | base=0.07 ba=-0.91 | site=1 sd=0.39 sa=-0.01 | phero=0 pd=0.00 pa=+0.00 | srch=0.07 | wall=3.19
R4[T1][RTB       ]: L=+1.00 R=+1.00 | carry=1 | base=0.31 ba=-0.00 | site=0 sd=0.00 sa=+0.00 | phero=0 pd=0.00 pa=+0.00 | srch=0.00 | wall=1.99
R5[T2][EXPLORE   ]: L=+1.00 R=+1.00 | carry=0 | base=0.42 ba=-0.71 | site=0 sd=0.00 sa=+0.00 | phero=0 pd=0.00 pa=+0.00 | srch=0.60 | wall=1.65
R6[T2][RTB       ]: L=+1.00 R=+1.00 | carry=1 | base=0.18 ba=-0.00 | site=0 sd=0.00 sa=+0.00 | phero=0 pd=0.00 pa=+0.00 | srch=0.00 | wall=2.80
R7[T2][RTB       ]: L=+1.00 R=+1.00 | carry=1 | base=0.08 ba=-0.06 | site=0 sd=0.00 sa=+0.00 | phero=0 pd=0.00 pa=+0.00 | srch=0.00 | wall=3.10
R8[T2][PHERO     ]: L=+1.00 R=+1.00 | carry=0 | base=0.09 ba=-0.90 | site=0 sd=0.00 sa=+0.00 | phero=1 pd=0.28 pa=+0.14 | srch=0.04 | wall=3.11
R9[T3][EXPLORE   ]: L=+1.00 R=+1.00 | carry=0 | base=0.73 ba=+0.33 | site=0 sd=0.00 sa=+0.00 | phero=0 pd=0.00 pa=+0.00 | srch=0.36 | wall=0.70
R10[T3][SITE      ]: L=+1.00 R=+1.00 | carry=0 | base=0.28 ba=+0.91 | site=1 sd=0.12 sa=+0.21 | phero=0 pd=0.00 pa=+0.00 | srch=0.10 | wall=2.32
R11[T3][RTB       ]: L=+1.00 R=+0.00 | carry=1 | base=0.45 ba=-0.53 | site=0 sd=0.00 sa=+0.00 | phero=0 pd=0.00 pa=+0.00 | srch=0.00 | wall=1.29
R12[T3][RTB       ]: L=+0.00 R=+1.00 | carry=1 | base=0.52 ba=+0.43 | site=0 sd=0.00 sa=+0.00 | phero=0 pd=0.00 pa=+0.00 | srch=0.00 | wall=0.91
R13[T4][SITE      ]: L=+1.00 R=+1.00 | carry=0 | base=0.08 ba=+0.97 | site=1 sd=0.27 sa=+0.15 | phero=0 pd=0.00 pa=+0.00 | srch=0.04 | wall=3.14
R14[T4][SITE      ]: L=+1.00 R=+1.00 | carry=0 | base=0.14 ba=-0.97 | site=1 sd=0.20 sa=-0.22 | phero=0 pd=0.00 pa=+0.00 | srch=0.06 | wall=2.83
R15[T4][EXPLORE   ]: L=+1.00 R=+1.00 | carry=0 | base=0.59 ba=+0.87 | site=0 sd=0.00 sa=+0.00 | phero=0 pd=0.00 pa=+0.00 | srch=0.21 | wall=0.89
R16[T4][EXPLORE   ]: L=+1.00 R=+1.00 | carry=0 | base=0.36 ba=-0.15 | site=0 sd=0.00 sa=+0.00 | phero=0 pd=0.00 pa=+0.00 | srch=0.45 | wall=1.87

[DEPOSIT] Robot 7 deposited! Total: 75
  [PHERO] Laid at (3.01, 0.23) density=7 prob=0.99 total_entries=35
  [TARGET] Robot 7 → SITE (3.01,0.23)
[PICKUP] Robot 10 picked up tag (density=11) | Total: 81
[DEPOSIT] Robot 6 deposited! Total: 76
  [PHERO] Laid at (-1.25, -1.10) density=13 prob=1.00 total_entries=34
  [TARGET] Robot 6 → SITE (-1.25,-1.10)
[PICKUP] Robot 14 picked up tag (density=6) | Total: 82
[DEPOSIT] Robot 4 deposited! Total: 77
  [PHERO] Laid at (2.57, 0.40) density=6 prob=0.97 total_entries=34
  [TARGET] Robot 4 → SITE (2.57,0.40)
[PICKUP] Robot 2 picked up tag (density=12) | Total: 83
[DEPOSIT] Robot 1 deposited! Total: 78
  [PHERO] Laid at (-0.94, -1.44) density=4 prob=0.82 total_entries=35
  [TARGET] Robot 1 → SITE (-0.94,-1.44)

======================================================================
Step 7500 (4.0 min) | Pickups: 83 | Deposits: 78 | Rate: 19.50 tags/min | phero_entries=33 phero_max=0.869
======================================================================
R1[T1][BASE_ESC  ]: L=+0.00 R=+1.00 | carry=0 | base=0.05 ba=-0.74 | site=1 sd=0.30 sa=+0.35 | phero=0 pd=0.00 pa=+0.00 | srch=0.02 | wall=3.34
R2[T1][RTB       ]: L=+0.96 R=+1.00 | carry=1 | base=0.17 ba=+0.01 | site=0 sd=0.00 sa=+0.00 | phero=0 pd=0.00 pa=+0.00 | srch=0.00 | wall=2.74
R3[T1][SITE      ]: L=+0.20 R=+0.20 | carry=0 | base=0.14 ba=-0.95 | site=1 sd=0.32 sa=-0.03 | phero=0 pd=0.00 pa=+0.00 | srch=0.19 | wall=2.86
R4[T1][SITE      ]: L=+1.00 R=+1.00 | carry=0 | base=0.09 ba=-0.93 | site=1 sd=0.44 sa=+0.24 | phero=0 pd=0.00 pa=+0.00 | srch=0.04 | wall=3.07
R5[T2][EXPLORE   ]: L=+1.00 R=+1.00 | carry=0 | base=0.74 ba=-0.86 | site=0 sd=0.00 sa=+0.00 | phero=0 pd=0.00 pa=+0.00 | srch=0.72 | wall=0.64
R6[T2][SITE      ]: L=+1.00 R=+1.00 | carry=0 | base=0.16 ba=+0.99 | site=1 sd=0.17 sa=-0.00 | phero=0 pd=0.00 pa=+0.00 | srch=0.08 | wall=2.88
R7[T2][SITE      ]: L=+1.00 R=+1.00 | carry=0 | base=0.30 ba=+0.99 | site=1 sd=0.31 sa=+0.06 | phero=0 pd=0.00 pa=+0.00 | srch=0.11 | wall=2.00
R8[T2][EXPLORE   ]: L=+1.00 R=+1.00 | carry=0 | base=0.36 ba=+0.90 | site=0 sd=0.00 sa=+0.00 | phero=0 pd=0.00 pa=+0.00 | srch=0.17 | wall=1.94
R9[T3][EXPLORE   ]: L=+1.00 R=+1.00 | carry=0 | base=0.63 ba=+0.51 | site=0 sd=0.00 sa=+0.00 | phero=0 pd=0.00 pa=+0.00 | srch=0.48 | wall=0.56
R10[T3][RTB       ]: L=+0.99 R=+1.00 | carry=1 | base=0.09 ba=+0.01 | site=0 sd=0.00 sa=+0.00 | phero=0 pd=0.00 pa=+0.00 | srch=0.00 | wall=3.14
R11[T3][RTB       ]: L=+1.00 R=+1.00 | carry=1 | base=0.11 ba=-0.00 | site=0 sd=0.00 sa=+0.00 | phero=0 pd=0.00 pa=+0.00 | srch=0.00 | wall=2.98
R12[T3][RTB       ]: L=+1.00 R=+1.00 | carry=1 | base=0.17 ba=+0.00 | site=0 sd=0.00 sa=+0.00 | phero=0 pd=0.00 pa=+0.00 | srch=0.00 | wall=2.66
R13[T4][EXPLORE   ]: L=+1.00 R=+1.00 | carry=0 | base=0.34 ba=+0.37 | site=0 sd=0.00 sa=+0.00 | phero=0 pd=0.00 pa=+0.00 | srch=0.16 | wall=2.17
R14[T4][RTB       ]: L=+1.00 R=+1.00 | carry=1 | base=0.24 ba=-0.00 | site=0 sd=0.00 sa=+0.00 | phero=0 pd=0.00 pa=+0.00 | srch=0.00 | wall=2.59
R15[T4][EXPLORE   ]: L=+1.00 R=+1.00 | carry=0 | base=0.51 ba=+0.10 | site=0 sd=0.00 sa=+0.00 | phero=0 pd=0.00 pa=+0.00 | srch=0.34 | wall=1.11
R16[T4][EXPLORE   ]: L=+1.00 R=+1.00 | carry=0 | base=0.16 ba=-0.60 | site=0 sd=0.00 sa=+0.00 | phero=0 pd=0.00 pa=+0.00 | srch=0.58 | wall=2.82

[DEPOSIT] Robot 11 deposited! Total: 79
  [PHERO] Laid at (-0.27, 2.19) density=10 prob=1.00 total_entries=34
  [TARGET] Robot 11 → SITE (-0.27,2.19)
[DEPOSIT] Robot 10 deposited! Total: 80
  [PHERO] Laid at (-1.31, -0.83) density=11 prob=1.00 total_entries=35
  [TARGET] Robot 10 → SITE (-1.31,-0.83)
[DEPOSIT] Robot 12 deposited! Total: 81
  [PHERO] Laid at (2.59, 0.20) density=5 prob=0.92 total_entries=36
  [TARGET] Robot 12 → SITE (2.59,0.20)
[DEPOSIT] Robot 2 deposited! Total: 82
  [PHERO] Laid at (-0.98, -0.39) density=12 prob=1.00 total_entries=37
  [TARGET] Robot 2 → SITE (-0.98,-0.39)
[DEPOSIT] Robot 14 deposited! Total: 83
  [PHERO] Laid at (1.35, -0.97) density=6 prob=0.97 total_entries=36
  [TARGET] Robot 14 → SITE (1.35,-0.97)
[PICKUP] Robot 7 picked up tag (density=4) | Total: 84
[PICKUP] Robot 10 picked up tag (density=11) | Total: 85
[PICKUP] Robot 9 picked up tag (density=9) | Total: 86
[PICKUP] Robot 2 picked up tag (density=10) | Total: 87

======================================================================
Step 8000 (4.3 min) | Pickups: 87 | Deposits: 83 | Rate: 19.45 tags/min | phero_entries=34 phero_max=0.662
======================================================================
R1[T1][SITE      ]: L=+1.00 R=+1.00 | carry=0 | base=0.36 ba=+0.75 | site=1 sd=0.07 sa=+0.33 | phero=0 pd=0.00 pa=+0.00 | srch=0.15 | wall=2.23
R2[T1][RTB       ]: L=+0.00 R=+1.00 | carry=1 | base=0.21 ba=+0.69 | site=0 sd=0.00 sa=+0.00 | phero=0 pd=0.00 pa=+0.00 | srch=0.00 | wall=2.51
R3[T1][SITE      ]: L=+0.21 R=+0.20 | carry=0 | base=0.23 ba=-0.92 | site=1 sd=0.22 sa=+0.04 | phero=0 pd=0.00 pa=+0.00 | srch=0.32 | wall=2.37
R4[T1][SITE      ]: L=+1.00 R=+1.00 | carry=0 | base=0.43 ba=+0.79 | site=1 sd=0.15 sa=+0.12 | phero=0 pd=0.00 pa=+0.00 | srch=0.17 | wall=1.37
R5[T2][EXPLORE   ]: L=+1.00 R=+1.00 | carry=0 | base=0.55 ba=-0.08 | site=0 sd=0.00 sa=+0.00 | phero=0 pd=0.00 pa=+0.00 | srch=0.85 | wall=1.18
R6[T2][EXPLORE   ]: L=+1.00 R=+1.00 | carry=0 | base=0.55 ba=+1.00 | site=0 sd=0.00 sa=+0.00 | phero=0 pd=0.00 pa=+0.00 | srch=0.21 | wall=1.48
R7[T2][RTB       ]: L=+0.99 R=+1.00 | carry=1 | base=0.49 ba=+0.00 | site=0 sd=0.00 sa=+0.00 | phero=0 pd=0.00 pa=+0.00 | srch=0.00 | wall=1.10
R8[T2][EXPLORE   ]: L=+1.00 R=+1.00 | carry=0 | base=0.74 ba=+0.97 | site=0 sd=0.00 sa=+0.00 | phero=0 pd=0.00 pa=+0.00 | srch=0.29 | wall=0.57
R9[T3][RTB       ]: L=+0.86 R=+1.00 | carry=1 | base=0.52 ba=+0.05 | site=0 sd=0.00 sa=+0.00 | phero=0 pd=0.00 pa=+0.00 | srch=0.00 | wall=0.99
R10[T3][RTB       ]: L=+0.36 R=+1.00 | carry=1 | base=0.21 ba=+0.24 | site=0 sd=0.00 sa=+0.00 | phero=0 pd=0.00 pa=+0.00 | srch=0.00 | wall=2.53
R11[T3][SITE      ]: L=+0.99 R=+1.00 | carry=0 | base=0.28 ba=+0.94 | site=1 sd=0.17 sa=+0.01 | phero=0 pd=0.00 pa=+0.00 | srch=0.11 | wall=2.11
R12[T3][SITE      ]: L=+1.00 R=+1.00 | carry=0 | base=0.22 ba=-0.95 | site=1 sd=0.30 sa=-0.02 | phero=0 pd=0.00 pa=+0.00 | srch=0.09 | wall=2.42
R13[T4][EXPLORE   ]: L=+1.00 R=+1.00 | carry=0 | base=0.40 ba=+0.72 | site=0 sd=0.00 sa=+0.00 | phero=0 pd=0.00 pa=+0.00 | srch=0.29 | wall=1.57
R14[T4][SITE      ]: L=+0.97 R=+1.00 | carry=0 | base=0.16 ba=+0.97 | site=1 sd=0.19 sa=+0.14 | phero=0 pd=0.00 pa=+0.00 | srch=0.06 | wall=2.88
R15[T4][EXPLORE   ]: L=+1.00 R=+1.00 | carry=0 | base=0.19 ba=+0.35 | site=0 sd=0.00 sa=+0.00 | phero=0 pd=0.00 pa=+0.00 | srch=0.46 | wall=2.64
R16[T4][EXPLORE   ]: L=+1.00 R=+1.00 | carry=0 | base=0.46 ba=-0.89 | site=0 sd=0.00 sa=+0.00 | phero=0 pd=0.00 pa=+0.00 | srch=0.70 | wall=1.43

[PICKUP] Robot 1 picked up tag (density=10) | Total: 88
[PICKUP] Robot 16 picked up tag (density=16) | Total: 89
[PICKUP] Robot 4 picked up tag (density=3) | Total: 90
[GIVE-UP] R13 giving up after 1336 steps
[DEPOSIT] Robot 10 deposited! Total: 84
  [PHERO] Laid at (-0.98, -0.32) density=11 prob=1.00 total_entries=34
  [TARGET] Robot 10 → SITE (-0.98,-0.32)
[PICKUP] Robot 11 picked up tag (density=8) | Total: 91
[PICKUP] Robot 6 picked up tag (density=16) | Total: 92
[DEPOSIT] Robot 2 deposited! Total: 85
  [PHERO] Laid at (-0.98, -0.23) density=10 prob=1.00 total_entries=35
  [TARGET] Robot 2 → SITE (-0.98,-0.23)
[PICKUP] Robot 13 picked up tag (density=16) | Total: 93
[DEPOSIT] Robot 1 deposited! Total: 86
  [PHERO] Laid at (-1.25, -1.30) density=10 prob=1.00 total_entries=33
  [TARGET] Robot 1 → SITE (-1.25,-1.30)

======================================================================
Step 8500 (4.5 min) | Pickups: 93 | Deposits: 86 | Rate: 18.97 tags/min | phero_entries=33 phero_max=0.986
======================================================================
R1[T1][BASE_ESC  ]: L=+1.00 R=+0.00 | carry=0 | base=0.05 ba=+0.17 | site=1 sd=0.32 sa=-0.86 | phero=0 pd=0.00 pa=+0.00 | srch=0.00 | wall=3.32
R2[T1][SITE      ]: L=+0.54 R=+1.00 | carry=0 | base=0.12 ba=+0.90 | site=1 sd=0.09 sa=+0.01 | phero=0 pd=0.00 pa=+0.00 | srch=0.05 | wall=2.91
R3[T1][SITE      ]: L=+0.51 R=+0.60 | carry=0 | base=0.36 ba=+0.96 | site=1 sd=0.09 sa=-0.11 | phero=0 pd=0.00 pa=+0.00 | srch=0.44 | wall=1.74
R4[T1][RTB       ]: L=+1.00 R=+1.00 | carry=1 | base=0.47 ba=-0.00 | site=0 sd=0.00 sa=+0.00 | phero=0 pd=0.00 pa=+0.00 | srch=0.00 | wall=1.20
R5[T2][EXPLORE   ]: L=+1.00 R=+1.00 | carry=0 | base=0.19 ba=-0.23 | site=0 sd=0.00 sa=+0.00 | phero=0 pd=0.00 pa=+0.00 | srch=0.97 | wall=2.54
R6[T2][RTB       ]: L=+1.00 R=+1.00 | carry=1 | base=0.67 ba=+0.00 | site=0 sd=0.00 sa=+0.00 | phero=0 pd=0.00 pa=+0.00 | srch=0.00 | wall=1.12
R7[T2][RTB       ]: L=+1.00 R=+1.00 | carry=1 | base=0.10 ba=+0.00 | site=0 sd=0.00 sa=+0.00 | phero=0 pd=0.00 pa=+0.00 | srch=0.00 | wall=3.02
R8[T2][EXPLORE   ]: L=+1.00 R=+0.78 | carry=0 | base=0.84 ba=-0.37 | site=0 sd=0.00 sa=+0.00 | phero=0 pd=0.00 pa=+0.00 | srch=0.42 | wall=0.49
R9[T3][RTB       ]: L=+1.00 R=+1.00 | carry=1 | base=0.13 ba=+0.00 | site=0 sd=0.00 sa=+0.00 | phero=0 pd=0.00 pa=+0.00 | srch=0.00 | wall=2.87
R10[T3][SITE      ]: L=+1.00 R=+0.97 | carry=0 | base=0.16 ba=-0.87 | site=1 sd=0.05 sa=-0.06 | phero=0 pd=0.00 pa=+0.00 | srch=0.07 | wall=2.77
R11[T3][RTB       ]: L=+1.00 R=+1.00 | carry=1 | base=0.37 ba=-0.00 | site=0 sd=0.00 sa=+0.00 | phero=0 pd=0.00 pa=+0.00 | srch=0.00 | wall=1.67
R12[T3][SITE      ]: L=+0.85 R=+0.87 | carry=0 | base=0.45 ba=-0.94 | site=1 sd=0.07 sa=+0.04 | phero=0 pd=0.00 pa=+0.00 | srch=0.21 | wall=1.27
R13[T4][RTB       ]: L=+1.00 R=+1.00 | carry=1 | base=0.32 ba=+0.00 | site=0 sd=0.00 sa=+0.00 | phero=0 pd=0.00 pa=+0.00 | srch=0.00 | wall=2.06
R14[T4][EXPLORE   ]: L=+1.00 R=+1.00 | carry=0 | base=0.46 ba=+0.79 | site=0 sd=0.00 sa=+0.00 | phero=0 pd=0.00 pa=+0.00 | srch=0.19 | wall=1.33
R15[T4][EXPLORE   ]: L=+0.45 R=+1.00 | carry=0 | base=0.18 ba=+0.32 | site=0 sd=0.00 sa=+0.00 | phero=0 pd=0.00 pa=+0.00 | srch=0.59 | wall=2.67
R16[T4][RTB       ]: L=+1.00 R=+1.00 | carry=1 | base=0.36 ba=-0.00 | site=0 sd=0.00 sa=+0.00 | phero=0 pd=0.00 pa=+0.00 | srch=0.00 | wall=1.95

[DEPOSIT] Robot 7 deposited! Total: 87
  [PHERO] Laid at (2.69, 0.09) density=4 prob=0.82 total_entries=34
  [TARGET] Robot 7 → SITE (2.69,0.09)
[PICKUP] Robot 10 picked up tag (density=9) | Total: 94
[DEPOSIT] Robot 9 deposited! Total: 88
  [PHERO] Laid at (-0.43, 2.64) density=9 prob=1.00 total_entries=35
  [TARGET] Robot 9 → SITE (-0.43,2.64)
[PICKUP] Robot 2 picked up tag (density=8) | Total: 95
[DEPOSIT] Robot 13 deposited! Total: 89
  [PHERO] Laid at (-1.02, 2.10) density=16 prob=1.00 total_entries=36
  [TARGET] Robot 13 → SITE (-1.02,2.10)
[PICKUP] Robot 5 picked up tag (density=8) | Total: 96
[DEPOSIT] Robot 16 deposited! Total: 90
  [PHERO] Laid at (-1.30, -2.45) density=16 prob=1.00 total_entries=37
  [TARGET] Robot 16 → SITE (-1.30,-2.45)
[DEPOSIT] Robot 10 deposited! Total: 91
  [PHERO] Laid at (-1.06, -0.30) density=9 prob=1.00 total_entries=37
  [TARGET] Robot 10 → SITE (-1.06,-0.30)
[DEPOSIT] Robot 11 deposited! Total: 92
  [PHERO] Laid at (-0.28, 2.26) density=8 prob=1.00 total_entries=38
  [TARGET] Robot 11 → SITE (-0.28,2.26)
[DEPOSIT] Robot 2 deposited! Total: 93
  [PHERO] Laid at (-1.02, -0.27) density=8 prob=1.00 total_entries=39
  [TARGET] Robot 2 → SITE (-1.02,-0.27)

======================================================================
Step 9000 (4.8 min) | Pickups: 96 | Deposits: 93 | Rate: 19.38 tags/min | phero_entries=39 phero_max=0.986
======================================================================
R1[T1][SITE      ]: L=+1.00 R=+0.56 | carry=0 | base=0.32 ba=-0.70 | site=1 sd=0.12 sa=-0.13 | phero=0 pd=0.00 pa=+0.00 | srch=0.13 | wall=2.08
R2[T1][BASE_ESC  ]: L=+1.00 R=+0.00 | carry=0 | base=0.05 ba=+0.16 | site=1 sd=0.17 sa=-0.80 | phero=0 pd=0.00 pa=+0.00 | srch=0.00 | wall=3.27
R3[T1][SITE      ]: L=+0.76 R=+0.84 | carry=0 | base=0.31 ba=+0.95 | site=1 sd=0.14 sa=-0.15 | phero=0 pd=0.00 pa=+0.00 | srch=0.57 | wall=1.98
R4[T1][RTB       ]: L=+1.00 R=+1.00 | carry=1 | base=0.31 ba=+0.00 | site=0 sd=0.00 sa=+0.00 | phero=0 pd=0.00 pa=+0.00 | srch=0.00 | wall=1.99
R5[T2][RTB       ]: L=+1.00 R=+0.89 | carry=1 | base=0.25 ba=-0.04 | site=0 sd=0.00 sa=+0.00 | phero=0 pd=0.00 pa=+0.00 | srch=0.00 | wall=2.32
R6[T2][RTB       ]: L=+1.00 R=+1.00 | carry=1 | base=0.28 ba=+0.00 | site=0 sd=0.00 sa=+0.00 | phero=0 pd=0.00 pa=+0.00 | srch=0.00 | wall=2.50
R7[T2][SITE      ]: L=+1.00 R=+0.97 | carry=0 | base=0.29 ba=-0.91 | site=1 sd=0.28 sa=-0.10 | phero=0 pd=0.00 pa=+0.00 | srch=0.11 | wall=2.13
R8[T2][EXPLORE   ]: L=+1.00 R=+0.95 | carry=0 | base=0.53 ba=+0.32 | site=0 sd=0.00 sa=+0.00 | phero=0 pd=0.00 pa=+0.00 | srch=0.54 | wall=1.63
R9[T3][SITE      ]: L=+1.00 R=+0.98 | carry=0 | base=0.26 ba=-0.89 | site=1 sd=0.33 sa=-0.16 | phero=0 pd=0.00 pa=+0.00 | srch=0.10 | wall=2.46
R10[T3][BASE_ESC  ]: L=+0.00 R=+1.00 | carry=0 | base=0.03 ba=-0.71 | site=1 sd=0.19 sa=+0.41 | phero=0 pd=0.00 pa=+0.00 | srch=0.02 | wall=3.33
R11[T3][BASE_ESC  ]: L=+0.00 R=+1.00 | carry=0 | base=0.04 ba=-0.31 | site=1 sd=0.41 sa=+0.69 | phero=0 pd=0.00 pa=+0.00 | srch=0.01 | wall=3.28
R12[T3][SITE      ]: L=+0.62 R=+0.68 | carry=0 | base=0.51 ba=+0.75 | site=1 sd=0.03 sa=+0.09 | phero=0 pd=0.00 pa=+0.00 | srch=0.34 | wall=0.97
R13[T4][SITE      ]: L=+1.00 R=+0.94 | carry=0 | base=0.08 ba=+0.94 | site=1 sd=0.40 sa=-0.20 | phero=0 pd=0.00 pa=+0.00 | srch=0.04 | wall=3.21
R14[T4][EXPLORE   ]: L=+1.00 R=+1.00 | carry=0 | base=0.56 ba=+0.24 | site=0 sd=0.00 sa=+0.00 | phero=0 pd=0.00 pa=+0.00 | srch=0.31 | wall=0.73
R15[T4][EXPLORE   ]: L=+0.74 R=+0.91 | carry=0 | base=0.16 ba=-0.90 | site=0 sd=0.00 sa=+0.00 | phero=0 pd=0.00 pa=+0.00 | srch=0.71 | wall=2.80
R16[T4][BASE_ESC  ]: L=+0.15 R=+1.00 | carry=0 | base=0.05 ba=-0.81 | site=1 sd=0.52 sa=+0.27 | phero=0 pd=0.00 pa=+0.00 | srch=0.02 | wall=3.33

[PICKUP] Robot 14 picked up tag (density=2) | Total: 97
[PICKUP] Robot 8 picked up tag (density=15) | Total: 98
[PICKUP] Robot 9 picked up tag (density=15) | Total: 99
[DEPOSIT] Robot 5 deposited! Total: 94
  [PHERO] Laid at (-1.26, -0.55) density=8 prob=1.00 total_entries=37
  [TARGET] Robot 5 → SITE (-1.26,-0.55)
[DEPOSIT] Robot 6 deposited! Total: 95
  [PHERO] Laid at (-2.77, -2.54) density=16 prob=1.00 total_entries=38
  [TARGET] Robot 6 → SITE (-2.77,-2.54)
[PICKUP] Robot 10 picked up tag (density=6) | Total: 100
[DEPOSIT] Robot 4 deposited! Total: 96
  [TARGET] Robot 4 → SITE (2.68,0.18)
[PICKUP] Robot 2 picked up tag (density=5) | Total: 101
[PICKUP] Robot 16 picked up tag (density=7) | Total: 102
[PICKUP] Robot 13 picked up tag (density=17) | Total: 103

======================================================================
Step 9500 (5.1 min) | Pickups: 103 | Deposits: 96 | Rate: 18.95 tags/min | phero_entries=35 phero_max=0.727
======================================================================
R1[T1][EXPLORE   ]: L=+1.00 R=+1.00 | carry=0 | base=0.58 ba=-0.95 | site=0 sd=0.00 sa=+0.00 | phero=0 pd=0.00 pa=+0.00 | srch=0.25 | wall=1.07
R2[T1][RTB       ]: L=+1.00 R=+0.96 | carry=1 | base=0.18 ba=-0.01 | site=0 sd=0.00 sa=+0.00 | phero=0 pd=0.00 pa=+0.00 | srch=0.00 | wall=2.60
R3[T1][SITE      ]: L=+0.34 R=+0.33 | carry=0 | base=0.41 ba=-0.91 | site=1 sd=0.05 sa=-0.03 | phero=0 pd=0.00 pa=+0.00 | srch=0.69 | wall=1.52
R4[T1][SITE      ]: L=+1.00 R=+0.99 | carry=0 | base=0.08 ba=-0.93 | site=1 sd=0.46 sa=+0.00 | phero=0 pd=0.00 pa=+0.00 | srch=0.04 | wall=3.10
R5[T2][SITE      ]: L=+1.00 R=+1.00 | carry=0 | base=0.14 ba=+1.00 | site=1 sd=0.15 sa=+0.21 | phero=0 pd=0.00 pa=+0.00 | srch=0.06 | wall=2.79
R6[T2][SITE      ]: L=+1.00 R=+1.00 | carry=0 | base=0.12 ba=+0.96 | site=1 sd=0.66 sa=-0.22 | phero=0 pd=0.00 pa=+0.00 | srch=0.05 | wall=2.96
R7[T2][SITE      ]: L=+0.18 R=+0.18 | carry=0 | base=0.40 ba=-0.86 | site=1 sd=0.17 sa=-0.07 | phero=0 pd=0.00 pa=+0.00 | srch=0.23 | wall=1.59
R8[T2][RTB       ]: L=+1.00 R=+1.00 | carry=1 | base=0.23 ba=+0.00 | site=0 sd=0.00 sa=+0.00 | phero=0 pd=0.00 pa=+0.00 | srch=0.00 | wall=2.55
R9[T3][RTB       ]: L=+1.00 R=+1.00 | carry=1 | base=0.24 ba=-0.00 | site=0 sd=0.00 sa=+0.00 | phero=0 pd=0.00 pa=+0.00 | srch=0.00 | wall=2.45
R10[T3][RTB       ]: L=+1.00 R=+1.00 | carry=1 | base=0.16 ba=+0.00 | site=0 sd=0.00 sa=+0.00 | phero=0 pd=0.00 pa=+0.00 | srch=0.00 | wall=2.79
R11[T3][SITE      ]: L=+0.98 R=+1.00 | carry=0 | base=0.36 ba=+0.93 | site=1 sd=0.10 sa=+0.01 | phero=0 pd=0.00 pa=+0.00 | srch=0.13 | wall=1.72
R12[T3][EXPLORE   ]: L=+1.00 R=+1.00 | carry=0 | base=0.65 ba=+0.40 | site=0 sd=0.00 sa=+0.00 | phero=0 pd=0.00 pa=+0.00 | srch=0.46 | wall=0.65
R13[T4][RTB       ]: L=+1.00 R=+0.15 | carry=1 | base=0.40 ba=-0.32 | site=0 sd=0.00 sa=+0.00 | phero=0 pd=0.00 pa=+0.00 | srch=0.00 | wall=1.83
R14[T4][RTB       ]: L=+1.00 R=+1.00 | carry=1 | base=0.24 ba=+0.00 | site=0 sd=0.00 sa=+0.00 | phero=0 pd=0.00 pa=+0.00 | srch=0.00 | wall=2.34
R15[T4][EXPLORE   ]: L=+0.43 R=+1.00 | carry=0 | base=0.20 ba=+0.69 | site=0 sd=0.00 sa=+0.00 | phero=0 pd=0.00 pa=+0.00 | srch=0.84 | wall=2.58
R16[T4][RTB       ]: L=+0.53 R=+1.00 | carry=1 | base=0.33 ba=+0.18 | site=0 sd=0.00 sa=+0.00 | phero=0 pd=0.00 pa=+0.00 | srch=0.00 | wall=2.10

[PICKUP] Robot 5 picked up tag (density=4) | Total: 104
[PICKUP] Robot 11 picked up tag (density=7) | Total: 105
[DEPOSIT] Robot 10 deposited! Total: 97
  [PHERO] Laid at (-1.07, -0.35) density=6 prob=0.97 total_entries=36
  [TARGET] Robot 10 → SITE (-1.07,-0.35)
[PICKUP] Robot 3 picked up tag (density=6) | Total: 106
[DEPOSIT] Robot 2 deposited! Total: 98
  [PHERO] Laid at (-1.07, -0.30) density=5 prob=0.92 total_entries=37
  [TARGET] Robot 2 → SITE (-1.07,-0.30)
[DEPOSIT] Robot 8 deposited! Total: 99
  [PHERO] Laid at (1.48, 2.03) density=15 prob=1.00 total_entries=38
  [TARGET] Robot 8 → SITE (1.48,2.03)
[DEPOSIT] Robot 9 deposited! Total: 100
  [PHERO] Laid at (-0.95, 1.72) density=15 prob=1.00 total_entries=39
  [TARGET] Robot 9 → SITE (-0.95,1.72)
[DEPOSIT] Robot 14 deposited! Total: 101
  [PHERO] Laid at (2.70, 0.24) density=2 prob=0.42 total_entries=38
  [TARGET] Robot 14 → SITE (2.70,0.24)
[PICKUP] Robot 12 picked up tag (density=14) | Total: 107
[DEPOSIT] Robot 16 deposited! Total: 102
  [PHERO] Laid at (-1.45, -0.81) density=7 prob=0.99 total_entries=38
  [TARGET] Robot 16 → SITE (-1.45,-0.81)
[DEPOSIT] Robot 5 deposited! Total: 103
  [PHERO] Laid at (-1.07, -0.11) density=4 prob=0.82 total_entries=39
  [TARGET] Robot 5 → SITE (-1.07,-0.11)
[DEPOSIT] Robot 13 deposited! Total: 104
  [PHERO] Laid at (-1.07, 1.64) density=17 prob=1.00 total_entries=40
  [TARGET] Robot 13 → SITE (-1.07,1.64)

======================================================================
Step 10000 (5.3 min) | Pickups: 107 | Deposits: 104 | Rate: 19.50 tags/min | phero_entries=40 phero_max=0.962
======================================================================
R1[T1][EXPLORE   ]: L=+1.00 R=+1.00 | carry=0 | base=0.65 ba=+0.31 | site=0 sd=0.00 sa=+0.00 | phero=0 pd=0.00 pa=+0.00 | srch=0.38 | wall=1.06
R2[T1][SITE      ]: L=+1.00 R=+0.91 | carry=0 | base=0.19 ba=-0.82 | site=1 sd=0.06 sa=-0.15 | phero=0 pd=0.00 pa=+0.00 | srch=0.08 | wall=2.70
R3[T1][RTB       ]: L=+1.00 R=+1.00 | carry=1 | base=0.28 ba=-0.00 | site=0 sd=0.00 sa=+0.00 | phero=0 pd=0.00 pa=+0.00 | srch=0.00 | wall=2.10
R4[T1][SITE      ]: L=+0.82 R=+0.83 | carry=0 | base=0.39 ba=-0.95 | site=1 sd=0.16 sa=+0.07 | phero=0 pd=0.00 pa=+0.00 | srch=0.17 | wall=1.59
R5[T2][BASE_ESC  ]: L=+1.00 R=+0.00 | carry=0 | base=0.04 ba=+0.56 | site=1 sd=0.17 sa=-0.54 | phero=0 pd=0.00 pa=+0.00 | srch=0.02 | wall=3.29
R6[T2][SITE      ]: L=+1.00 R=+1.00 | carry=0 | base=0.48 ba=-0.82 | site=1 sd=0.36 sa=-0.11 | phero=0 pd=0.00 pa=+0.00 | srch=0.17 | wall=1.35
R7[T2][EXPLORE   ]: L=+1.00 R=+1.00 | carry=0 | base=0.61 ba=-0.76 | site=0 sd=0.00 sa=+0.00 | phero=0 pd=0.00 pa=+0.00 | srch=0.36 | wall=0.51
R8[T2][SITE      ]: L=+1.00 R=+1.00 | carry=0 | base=0.15 ba=-0.96 | site=1 sd=0.35 sa=-0.01 | phero=0 pd=0.00 pa=+0.00 | srch=0.07 | wall=2.84
R9[T3][SITE      ]: L=+1.00 R=+1.00 | carry=0 | base=0.16 ba=+1.00 | site=1 sd=0.25 sa=+0.18 | phero=0 pd=0.00 pa=+0.00 | srch=0.07 | wall=2.70
R10[T3][SITE      ]: L=+1.00 R=+0.88 | carry=0 | base=0.22 ba=-0.77 | site=1 sd=0.08 sa=-0.30 | phero=0 pd=0.00 pa=+0.00 | srch=0.09 | wall=2.66
R11[T3][RTB       ]: L=+1.00 R=+1.00 | carry=1 | base=0.26 ba=+0.00 | site=0 sd=0.00 sa=+0.00 | phero=0 pd=0.00 pa=+0.00 | srch=0.00 | wall=2.23
R12[T3][RTB       ]: L=+1.00 R=+1.00 | carry=1 | base=0.55 ba=+0.00 | site=0 sd=0.00 sa=+0.00 | phero=0 pd=0.00 pa=+0.00 | srch=0.00 | wall=1.31
R13[T4][BASE_ESC  ]: L=+0.00 R=+1.00 | carry=0 | base=0.05 ba=-0.26 | site=1 sd=0.35 sa=+0.77 | phero=0 pd=0.00 pa=+0.00 | srch=0.01 | wall=3.30
R14[T4][SITE      ]: L=+1.00 R=+1.00 | carry=0 | base=0.10 ba=+0.97 | site=1 sd=0.45 sa=-0.17 | phero=0 pd=0.00 pa=+0.00 | srch=0.05 | wall=3.05
R15[T4][EXPLORE   ]: L=+0.73 R=+1.00 | carry=0 | base=0.19 ba=+0.44 | site=0 sd=0.00 sa=+0.00 | phero=0 pd=0.00 pa=+0.00 | srch=0.96 | wall=2.59
R16[T4][SITE      ]: L=+1.00 R=+0.49 | carry=0 | base=0.05 ba=+0.89 | site=1 sd=0.29 sa=-0.24 | phero=0 pd=0.00 pa=+0.00 | srch=0.03 | wall=3.31

[PICKUP] Robot 2 picked up tag (density=3) | Total: 108
[PICKUP] Robot 10 picked up tag (density=2) | Total: 109
[DEPOSIT] Robot 3 deposited! Total: 105
  [PHERO] Laid at (-0.23, 2.28) density=6 prob=0.97 total_entries=39
  [TARGET] Robot 3 → SITE (-0.23,2.28)
[PICKUP] Robot 4 picked up tag (density=1) | Total: 110
[DEPOSIT] Robot 11 deposited! Total: 106
  [PHERO] Laid at (-0.29, 2.27) density=7 prob=0.99 total_entries=40
  [TARGET] Robot 11 → SITE (-0.29,2.27)
[PICKUP] Robot 16 picked up tag (density=6) | Total: 111
[DEPOSIT] Robot 2 deposited! Total: 107
  [PHERO] Laid at (-1.14, -0.25) density=3 prob=0.65 total_entries=40
  [TARGET] Robot 2 → SITE (-1.14,-0.25)
[PICKUP] Robot 9 picked up tag (density=13) | Total: 112
[PICKUP] Robot 8 picked up tag (density=13) | Total: 113

======================================================================
Step 10500 (5.6 min) | Pickups: 113 | Deposits: 107 | Rate: 19.11 tags/min | phero_entries=39 phero_max=0.877
======================================================================
R1[T1][EXPLORE   ]: L=+1.00 R=+1.00 | carry=0 | base=0.53 ba=+0.51 | site=0 sd=0.00 sa=+0.00 | phero=0 pd=0.00 pa=+0.00 | srch=0.50 | wall=0.93
R2[T1][BASE_ESC  ]: L=+0.00 R=+1.00 | carry=0 | base=0.05 ba=-0.66 | site=1 sd=0.19 sa=+0.44 | phero=0 pd=0.00 pa=+0.00 | srch=0.02 | wall=3.28
R3[T1][SITE      ]: L=+0.59 R=+0.60 | carry=0 | base=0.07 ba=+0.88 | site=1 sd=0.39 sa=-0.04 | phero=0 pd=0.00 pa=+0.00 | srch=0.05 | wall=3.14
R4[T1][RTB       ]: L=+1.00 R=+1.00 | carry=1 | base=0.44 ba=+0.00 | site=0 sd=0.00 sa=+0.00 | phero=0 pd=0.00 pa=+0.00 | srch=0.00 | wall=1.35
R5[T2][SITE      ]: L=+1.00 R=+0.97 | carry=0 | base=0.18 ba=-0.94 | site=1 sd=0.04 sa=-0.07 | phero=0 pd=0.00 pa=+0.00 | srch=0.14 | wall=2.63
R6[T2][EXPLORE   ]: L=+1.00 R=+1.00 | carry=0 | base=0.77 ba=-0.84 | site=0 sd=0.00 sa=+0.00 | phero=0 pd=0.00 pa=+0.00 | srch=0.30 | wall=0.65
R7[T2][EXPLORE   ]: L=+0.24 R=+1.00 | carry=0 | base=0.47 ba=-0.50 | site=0 sd=0.00 sa=+0.00 | phero=0 pd=0.00 pa=+0.00 | srch=0.48 | wall=1.50
R8[T2][RTB       ]: L=+0.00 R=+1.00 | carry=1 | base=0.52 ba=+0.83 | site=0 sd=0.00 sa=+0.00 | phero=0 pd=0.00 pa=+0.00 | srch=0.00 | wall=1.44
R9[T3][RTB       ]: L=+0.00 R=+1.00 | carry=1 | base=0.43 ba=+0.45 | site=0 sd=0.00 sa=+0.00 | phero=0 pd=0.00 pa=+0.00 | srch=0.00 | wall=1.58
R10[T3][RTB       ]: L=+1.00 R=+1.00 | carry=1 | base=0.09 ba=-0.00 | site=0 sd=0.00 sa=+0.00 | phero=0 pd=0.00 pa=+0.00 | srch=0.00 | wall=3.07
R11[T3][SITE      ]: L=+0.42 R=+0.43 | carry=0 | base=0.06 ba=-0.92 | site=1 sd=0.41 sa=-0.04 | phero=0 pd=0.00 pa=+0.00 | srch=0.04 | wall=3.24
R12[T3][RTB       ]: L=+1.00 R=+1.00 | carry=1 | base=0.17 ba=-0.00 | site=0 sd=0.00 sa=+0.00 | phero=0 pd=0.00 pa=+0.00 | srch=0.00 | wall=2.80
R13[T4][SITE      ]: L=+0.90 R=+1.00 | carry=0 | base=0.35 ba=+0.86 | site=1 sd=0.06 sa=+0.15 | phero=0 pd=0.00 pa=+0.00 | srch=0.13 | wall=1.93
R14[T4][SITE      ]: L=+1.00 R=+0.95 | carry=0 | base=0.46 ba=-0.95 | site=1 sd=0.09 sa=-0.10 | phero=0 pd=0.00 pa=+0.00 | srch=0.17 | wall=1.24
R15[T4][EXPLORE   ]: L=+0.25 R=+1.00 | carry=0 | base=0.13 ba=+0.28 | site=0 sd=0.00 sa=+0.00 | phero=0 pd=0.00 pa=+0.00 | srch=1.00 | wall=2.88
R16[T4][RTB       ]: L=+1.00 R=+0.41 | carry=1 | base=0.34 ba=-0.22 | site=0 sd=0.00 sa=+0.00 | phero=0 pd=0.00 pa=+0.00 | srch=0.00 | wall=1.98

[DEPOSIT] Robot 10 deposited! Total: 108
  [PHERO] Laid at (-1.18, -0.42) density=2 prob=0.42 total_entries=39
  [TARGET] Robot 10 → SITE (-1.18,-0.42)
[PICKUP] Robot 5 picked up tag (density=1) | Total: 114
[PICKUP] Robot 13 picked up tag (density=17) | Total: 115
[DEPOSIT] Robot 12 deposited! Total: 109
  [PHERO] Laid at (1.87, 2.43) density=14 prob=1.00 total_entries=40
  [TARGET] Robot 12 → SITE (1.87,2.43)
[DEPOSIT] Robot 5 deposited! Total: 110
  [TARGET] Robot 5 → PHERO (-1.07,-0.30)
[DEPOSIT] Robot 16 deposited! Total: 111
  [PHERO] Laid at (-1.50, -0.82) density=6 prob=0.97 total_entries=39
  [TARGET] Robot 16 → SITE (-1.50,-0.82)
[DEPOSIT] Robot 4 deposited! Total: 112
  [TARGET] Robot 4 → PHERO (-1.50,-0.82)
[PICKUP] Robot 2 picked up tag (density=5) | Total: 116

======================================================================
Step 11000 (5.9 min) | Pickups: 116 | Deposits: 112 | Rate: 19.09 tags/min | phero_entries=39 phero_max=0.934
======================================================================
R1[T1][EXPLORE   ]: L=+1.00 R=+1.00 | carry=0 | base=0.67 ba=+0.71 | site=0 sd=0.00 sa=+0.00 | phero=0 pd=0.00 pa=+0.00 | srch=0.63 | wall=0.43
R2[T1][RTB       ]: L=+1.00 R=+1.00 | carry=1 | base=0.35 ba=+0.82 | site=0 sd=0.00 sa=+0.00 | phero=0 pd=0.00 pa=+0.00 | srch=0.00 | wall=2.03
R3[T1][SITE      ]: L=+0.78 R=+0.61 | carry=0 | base=0.25 ba=-0.97 | site=1 sd=0.21 sa=+0.00 | phero=0 pd=0.00 pa=+0.00 | srch=0.17 | wall=2.25
R4[T1][BASE_ESC  ]: L=+1.00 R=+0.00 | carry=0 | base=0.05 ba=+0.00 | site=0 sd=0.00 sa=+0.00 | phero=1 pd=0.39 pa=+0.11 | srch=0.00 | wall=3.26
R5[T2][BASE_ESC  ]: L=+0.00 R=+1.00 | carry=0 | base=0.04 ba=-0.67 | site=0 sd=0.00 sa=+0.00 | phero=1 pd=0.18 pa=+0.51 | srch=0.02 | wall=3.28
R6[T2][EXPLORE   ]: L=+1.00 R=+0.56 | carry=0 | base=0.62 ba=+0.42 | site=0 sd=0.00 sa=+0.00 | phero=0 pd=0.00 pa=+0.00 | srch=0.42 | wall=1.12
R7[T2][EXPLORE   ]: L=+0.09 R=-0.38 | carry=0 | base=0.47 ba=-0.18 | site=0 sd=0.00 sa=+0.00 | phero=0 pd=0.00 pa=+0.00 | srch=0.61 | wall=1.44
R8[T2][RTB       ]: L=+1.00 R=+1.00 | carry=1 | base=0.20 ba=+0.00 | site=0 sd=0.00 sa=+0.00 | phero=0 pd=0.00 pa=+0.00 | srch=0.00 | wall=2.66
R9[T3][RTB       ]: L=+1.00 R=+1.00 | carry=1 | base=0.08 ba=+0.00 | site=0 sd=0.00 sa=+0.00 | phero=0 pd=0.00 pa=+0.00 | srch=0.00 | wall=3.15
R10[T3][EXPLORE   ]: L=+1.00 R=+1.00 | carry=0 | base=0.28 ba=-0.96 | site=0 sd=0.00 sa=+0.00 | phero=0 pd=0.00 pa=+0.00 | srch=0.11 | wall=2.20
R11[T3][SITE      ]: L=+0.63 R=+0.64 | carry=0 | base=0.34 ba=-0.93 | site=1 sd=0.13 sa=+0.01 | phero=0 pd=0.00 pa=+0.00 | srch=0.17 | wall=1.87
R12[T3][SITE      ]: L=+1.00 R=+1.00 | carry=0 | base=0.23 ba=+0.99 | site=1 sd=0.41 sa=+0.14 | phero=0 pd=0.00 pa=+0.00 | srch=0.09 | wall=2.59
R13[T4][RTB       ]: L=+1.00 R=+1.00 | carry=1 | base=0.15 ba=+0.00 | site=0 sd=0.00 sa=+0.00 | phero=0 pd=0.00 pa=+0.00 | srch=0.00 | wall=2.91
R14[T4][EXPLORE   ]: L=+1.00 R=+0.07 | carry=0 | base=0.57 ba=+0.16 | site=0 sd=0.00 sa=+0.00 | phero=0 pd=0.00 pa=+0.00 | srch=0.29 | wall=0.68
R15[T4][EXPLORE   ]: L=+0.63 R=+0.93 | carry=0 | base=0.12 ba=-0.75 | site=0 sd=0.00 sa=+0.00 | phero=0 pd=0.00 pa=+0.00 | srch=1.00 | wall=2.94
R16[T4][BASE_ESC  ]: L=+0.00 R=+1.00 | carry=0 | base=0.04 ba=-0.40 | site=1 sd=0.30 sa=+0.68 | phero=0 pd=0.00 pa=+0.00 | srch=0.01 | wall=3.29

[DEPOSIT] Robot 9 deposited! Total: 113
  [PHERO] Laid at (-0.95, 1.93) density=13 prob=1.00 total_entries=40
  [TARGET] Robot 9 → SITE (-0.95,1.93)
[DEPOSIT] Robot 13 deposited! Total: 114
  [PHERO] Laid at (-1.15, 1.64) density=17 prob=1.00 total_entries=39
  [TARGET] Robot 13 → SITE (-1.15,1.64)
[PICKUP] Robot 12 picked up tag (density=1) | Total: 117
[DEPOSIT] Robot 8 deposited! Total: 115
  [PHERO] Laid at (1.51, 2.04) density=13 prob=1.00 total_entries=39
  [TARGET] Robot 8 → SITE (1.51,2.04)
[PICKUP] Robot 15 picked up tag (density=4) | Total: 118
[PICKUP] Robot 3 picked up tag (density=5) | Total: 119
[DEPOSIT] Robot 2 deposited! Total: 116
  [PHERO] Laid at (-1.47, -0.89) density=5 prob=0.92 total_entries=38
  [TARGET] Robot 2 → SITE (-1.47,-0.89)

======================================================================
Step 11500 (6.1 min) | Pickups: 119 | Deposits: 116 | Rate: 18.91 tags/min | phero_entries=37 phero_max=0.958
======================================================================
R1[T1][EXPLORE   ]: L=+1.00 R=+1.00 | carry=0 | base=0.79 ba=+0.64 | site=0 sd=0.00 sa=+0.00 | phero=0 pd=0.00 pa=+0.00 | srch=0.75 | wall=0.53
R2[T1][BASE_ESC  ]: L=+1.00 R=+0.00 | carry=0 | base=0.05 ba=+0.25 | site=1 sd=0.30 sa=-0.79 | phero=0 pd=0.00 pa=+0.00 | srch=0.01 | wall=3.32
R3[T1][RTB       ]: L=+1.00 R=+0.84 | carry=1 | base=0.45 ba=-0.06 | site=0 sd=0.00 sa=+0.00 | phero=0 pd=0.00 pa=+0.00 | srch=0.00 | wall=1.26
R4[T1][PHERO     ]: L=+0.23 R=+0.25 | carry=0 | base=0.09 ba=+0.55 | site=0 sd=0.00 sa=+0.00 | phero=1 pd=0.32 pa=-0.01 | srch=0.13 | wall=3.13
R5[T2][EXPLORE   ]: L=+1.00 R=+1.00 | carry=0 | base=0.20 ba=+0.43 | site=0 sd=0.00 sa=+0.00 | phero=0 pd=0.00 pa=+0.00 | srch=0.14 | wall=2.66
R6[T2][EXPLORE   ]: L=+1.00 R=+1.00 | carry=0 | base=0.75 ba=+0.05 | site=0 sd=0.00 sa=+0.00 | phero=0 pd=0.00 pa=+0.00 | srch=0.55 | wall=0.47
R7[T2][EXPLORE   ]: L=+1.00 R=+0.92 | carry=0 | base=0.51 ba=-0.54 | site=0 sd=0.00 sa=+0.00 | phero=0 pd=0.00 pa=+0.00 | srch=0.73 | wall=1.41
R8[T2][SITE      ]: L=+1.00 R=+0.99 | carry=0 | base=0.19 ba=-0.94 | site=1 sd=0.33 sa=-0.03 | phero=0 pd=0.00 pa=+0.00 | srch=0.08 | wall=2.65
R9[T3][SITE      ]: L=+1.00 R=+0.97 | carry=0 | base=0.30 ba=-0.79 | site=1 sd=0.20 sa=-0.14 | phero=0 pd=0.00 pa=+0.00 | srch=0.12 | wall=2.35
R10[T3][WALL_ESC  ]: L=+1.00 R=+0.00 | carry=0 | base=0.66 ba=-0.90 | site=0 sd=0.00 sa=+0.00 | phero=0 pd=0.00 pa=+0.00 | srch=0.24 | wall=0.34
R11[T3][SITE      ]: L=-0.07 R=-0.07 | carry=0 | base=0.44 ba=-0.97 | site=1 sd=0.02 sa=-0.09 | phero=0 pd=0.00 pa=+0.00 | srch=0.29 | wall=1.34
R12[T3][RTB       ]: L=+1.00 R=+1.00 | carry=1 | base=0.19 ba=+0.00 | site=0 sd=0.00 sa=+0.00 | phero=0 pd=0.00 pa=+0.00 | srch=0.00 | wall=2.79
R13[T4][SITE      ]: L=+1.00 R=+1.00 | carry=0 | base=0.24 ba=+1.00 | site=1 sd=0.21 sa=+0.28 | phero=0 pd=0.00 pa=+0.00 | srch=0.09 | wall=2.34
R14[T4][WALL_ESC  ]: L=+0.00 R=+1.00 | carry=0 | base=0.69 ba=+0.54 | site=0 sd=0.00 sa=+0.00 | phero=0 pd=0.00 pa=+0.00 | srch=0.42 | wall=0.35
R15[T4][RTB       ]: L=+0.59 R=+1.00 | carry=1 | base=0.35 ba=+0.17 | site=0 sd=0.00 sa=+0.00 | phero=0 pd=0.00 pa=+0.00 | srch=0.00 | wall=2.10
R16[T4][EXPLORE   ]: L=+1.00 R=+1.00 | carry=0 | base=0.36 ba=+0.83 | site=0 sd=0.00 sa=+0.00 | phero=0 pd=0.00 pa=+0.00 | srch=0.14 | wall=1.94

[PICKUP] Robot 9 picked up tag (density=12) | Total: 120
[PICKUP] Robot 16 picked up tag (density=4) | Total: 121
[DEPOSIT] Robot 12 deposited! Total: 117
  [TARGET] Robot 12 → PHERO (-1.47,-0.89)
[GIVE-UP] R5 giving up after 789 steps
[PICKUP] Robot 11 picked up tag (density=4) | Total: 122
[PICKUP] Robot 10 picked up tag (density=10) | Total: 123
[PICKUP] Robot 7 picked up tag (density=5) | Total: 124
[PICKUP] Robot 13 picked up tag (density=11) | Total: 125
[GIVE-UP] R5 giving up after 945 steps
[DEPOSIT] Robot 15 deposited! Total: 118
  [PHERO] Laid at (-1.08, -1.37) density=4 prob=0.82 total_entries=35
  [TARGET] Robot 15 → SITE (-1.08,-1.37)
[DEPOSIT] Robot 9 deposited! Total: 119
  [PHERO] Laid at (-1.17, 0.98) density=12 prob=1.00 total_entries=35
  [TARGET] Robot 9 → SITE (-1.17,0.98)
[PICKUP] Robot 8 picked up tag (density=12) | Total: 126
[PICKUP] Robot 2 picked up tag (density=4) | Total: 127

======================================================================
Step 12000 (6.4 min) | Pickups: 127 | Deposits: 119 | Rate: 18.59 tags/min | phero_entries=33 phero_max=0.897
======================================================================
R1[T1][EXPLORE   ]: L=+1.00 R=+1.00 | carry=0 | base=0.52 ba=+0.12 | site=0 sd=0.00 sa=+0.00 | phero=0 pd=0.00 pa=+0.00 | srch=0.88 | wall=1.24
R2[T1][RTB       ]: L=+1.00 R=+0.00 | carry=1 | base=0.33 ba=-0.65 | site=0 sd=0.00 sa=+0.00 | phero=0 pd=0.00 pa=+0.00 | srch=0.00 | wall=2.24
R3[T1][RTB       ]: L=+1.00 R=+1.00 | carry=1 | base=0.07 ba=-0.00 | site=0 sd=0.00 sa=+0.00 | phero=0 pd=0.00 pa=+0.00 | srch=0.00 | wall=3.17
R4[T1][PHERO     ]: L=+1.00 R=+0.63 | carry=0 | base=0.20 ba=+0.92 | site=0 sd=0.00 sa=+0.00 | phero=1 pd=0.17 pa=+0.16 | srch=0.25 | wall=2.54
R5[T2][GIVE_UP   ]: L=+1.00 R=+1.00 | carry=0 | base=0.06 ba=+0.00 | site=0 sd=0.00 sa=+0.00 | phero=0 pd=0.00 pa=+0.00 | srch=0.27 | wall=3.20
R6[T2][EXPLORE   ]: L=+1.00 R=+1.00 | carry=0 | base=0.37 ba=+0.11 | site=0 sd=0.00 sa=+0.00 | phero=0 pd=0.00 pa=+0.00 | srch=0.67 | wall=1.84
R7[T2][RTB       ]: L=+1.00 R=+1.00 | carry=1 | base=0.22 ba=+0.00 | site=0 sd=0.00 sa=+0.00 | phero=0 pd=0.00 pa=+0.00 | srch=0.00 | wall=2.71
R8[T2][RTB       ]: L=+1.00 R=+0.00 | carry=1 | base=0.53 ba=-0.42 | site=0 sd=0.00 sa=+0.00 | phero=0 pd=0.00 pa=+0.00 | srch=0.00 | wall=1.43
R9[T3][BASE_ESC  ]: L=+0.00 R=+1.00 | carry=0 | base=0.04 ba=-0.56 | site=1 sd=0.26 sa=+0.52 | phero=0 pd=0.00 pa=+0.00 | srch=0.02 | wall=3.33
R10[T3][RTB       ]: L=+1.00 R=+1.00 | carry=1 | base=0.37 ba=-0.00 | site=0 sd=0.00 sa=+0.00 | phero=0 pd=0.00 pa=+0.00 | srch=0.00 | wall=1.69
R11[T3][RTB       ]: L=+1.00 R=+1.00 | carry=1 | base=0.34 ba=-0.00 | site=0 sd=0.00 sa=+0.00 | phero=0 pd=0.00 pa=+0.00 | srch=0.00 | wall=1.83
R12[T3][PHERO     ]: L=+1.00 R=+1.00 | carry=0 | base=0.11 ba=+0.78 | site=0 sd=0.00 sa=+0.00 | phero=1 pd=0.31 pa=+0.22 | srch=0.08 | wall=3.05
R13[T4][RTB       ]: L=+1.00 R=+1.00 | carry=1 | base=0.35 ba=+0.00 | site=0 sd=0.00 sa=+0.00 | phero=0 pd=0.00 pa=+0.00 | srch=0.00 | wall=1.98
R14[T4][EXPLORE   ]: L=+1.00 R=+1.00 | carry=0 | base=0.77 ba=+0.64 | site=0 sd=0.00 sa=+0.00 | phero=0 pd=0.00 pa=+0.00 | srch=0.55 | wall=0.46
R15[T4][BASE_ESC  ]: L=+0.42 R=+1.00 | carry=0 | base=0.05 ba=-0.87 | site=1 sd=0.30 sa=+0.20 | phero=0 pd=0.00 pa=+0.00 | srch=0.03 | wall=3.32
R16[T4][RTB       ]: L=+1.00 R=+1.00 | carry=1 | base=0.07 ba=+0.00 | site=0 sd=0.00 sa=+0.00 | phero=0 pd=0.00 pa=+0.00 | srch=0.00 | wall=3.21

[EMPTY_RTN] R5 → phero(-1.17,0.98)
[DEPOSIT] Robot 3 deposited! Total: 120
  [PHERO] Laid at (-0.16, 2.34) density=5 prob=0.92 total_entries=34
  [TARGET] Robot 3 → SITE (-0.16,2.34)
[DEPOSIT] Robot 16 deposited! Total: 121
  [PHERO] Laid at (-1.60, -0.89) density=4 prob=0.82 total_entries=35
  [TARGET] Robot 16 → SITE (-1.60,-0.89)
[DEPOSIT] Robot 7 deposited! Total: 122
  [PHERO] Laid at (1.23, -1.33) density=5 prob=0.92 total_entries=35
  [TARGET] Robot 7 → SITE (1.23,-1.33)
[DEPOSIT] Robot 11 deposited! Total: 123
  [PHERO] Laid at (-0.30, 2.27) density=4 prob=0.82 total_entries=36
  [TARGET] Robot 11 → SITE (-0.30,2.27)
[DEPOSIT] Robot 13 deposited! Total: 124
  [PHERO] Laid at (-1.00, 1.93) density=11 prob=1.00 total_entries=37
  [TARGET] Robot 13 → SITE (-1.00,1.93)
[DEPOSIT] Robot 2 deposited! Total: 125
  [TARGET] Robot 2 → SITE (-1.25,-1.00)
[PICKUP] Robot 15 picked up tag (density=2) | Total: 128

======================================================================
Step 12500 (6.7 min) | Pickups: 128 | Deposits: 125 | Rate: 18.75 tags/min | phero_entries=37 phero_max=0.840
======================================================================
R1[T1][EXPLORE   ]: L=+1.00 R=+1.00 | carry=0 | base=0.22 ba=+0.35 | site=0 sd=0.00 sa=+0.00 | phero=0 pd=0.00 pa=+0.00 | srch=1.00 | wall=2.44
R2[T1][BASE_ESC  ]: L=+1.00 R=+0.00 | carry=0 | base=0.04 ba=+0.65 | site=1 sd=0.28 sa=-0.39 | phero=0 pd=0.00 pa=+0.00 | srch=0.02 | wall=3.34
R3[T1][SITE      ]: L=+1.00 R=+1.00 | carry=0 | base=0.32 ba=+0.95 | site=1 sd=0.16 sa=-0.08 | phero=0 pd=0.00 pa=+0.00 | srch=0.12 | wall=1.93
R4[T1][EXPLORE   ]: L=+1.00 R=+1.00 | carry=0 | base=0.35 ba=-0.14 | site=0 sd=0.00 sa=+0.00 | phero=0 pd=0.00 pa=+0.00 | srch=0.38 | wall=1.99
R5[T2][PHERO     ]: L=+1.00 R=+0.97 | carry=0 | base=0.21 ba=-0.78 | site=0 sd=0.00 sa=+0.00 | phero=1 pd=0.20 pa=-0.23 | srch=0.12 | wall=2.48
R6[T2][EXPLORE   ]: L=+1.00 R=+1.00 | carry=0 | base=0.17 ba=+0.64 | site=0 sd=0.00 sa=+0.00 | phero=0 pd=0.00 pa=+0.00 | srch=0.80 | wall=2.79
R7[T2][SITE      ]: L=-0.01 R=-0.01 | carry=0 | base=0.05 ba=-0.86 | site=1 sd=0.32 sa=+0.05 | phero=0 pd=0.00 pa=+0.00 | srch=0.07 | wall=3.29
R8[T2][RTB       ]: L=+1.00 R=+1.00 | carry=1 | base=0.17 ba=-0.00 | site=0 sd=0.00 sa=+0.00 | phero=0 pd=0.00 pa=+0.00 | srch=0.00 | wall=2.87
R9[T3][SITE      ]: L=+1.00 R=+1.00 | carry=0 | base=0.39 ba=+0.90 | site=1 sd=0.17 sa=+0.64 | phero=0 pd=0.00 pa=+0.00 | srch=0.14 | wall=1.75
R10[T3][RTB       ]: L=+1.00 R=+1.00 | carry=1 | base=0.10 ba=-0.00 | site=0 sd=0.00 sa=+0.00 | phero=0 pd=0.00 pa=+0.00 | srch=0.00 | wall=3.02
R11[T3][SITE      ]: L=+0.24 R=+1.00 | carry=0 | base=0.05 ba=+0.94 | site=1 sd=0.41 sa=+0.04 | phero=0 pd=0.00 pa=+0.00 | srch=0.03 | wall=3.25
R12[T3][PHERO     ]: L=+0.96 R=+1.00 | carry=0 | base=0.38 ba=+0.61 | site=0 sd=0.00 sa=+0.00 | phero=1 pd=0.10 pa=+0.26 | srch=0.20 | wall=1.70
R13[T4][BASE_ESC  ]: L=+1.00 R=+0.48 | carry=0 | base=0.05 ba=+0.86 | site=1 sd=0.39 sa=-0.24 | phero=0 pd=0.00 pa=+0.00 | srch=0.03 | wall=3.32
R14[T4][EXPLORE   ]: L=+1.00 R=+1.00 | carry=0 | base=0.50 ba=-0.07 | site=0 sd=0.00 sa=+0.00 | phero=0 pd=0.00 pa=+0.00 | srch=0.67 | wall=1.29
R15[T4][RTB       ]: L=+0.00 R=+1.00 | carry=1 | base=0.37 ba=+0.60 | site=0 sd=0.00 sa=+0.00 | phero=0 pd=0.00 pa=+0.00 | srch=0.00 | wall=2.05
R16[T4][SITE      ]: L=+1.00 R=+1.00 | carry=0 | base=0.27 ba=+0.97 | site=1 sd=0.13 sa=+0.26 | phero=0 pd=0.00 pa=+0.00 | srch=0.12 | wall=2.19

[PICKUP] Robot 9 picked up tag (density=10) | Total: 129
[DEPOSIT] Robot 10 deposited! Total: 126
  [PHERO] Laid at (-2.68, -0.51) density=10 prob=1.00 total_entries=37
  [TARGET] Robot 10 → SITE (-2.68,-0.51)
[DEPOSIT] Robot 8 deposited! Total: 127
  [PHERO] Laid at (1.54, 2.07) density=12 prob=1.00 total_entries=37
  [TARGET] Robot 8 → SITE (1.54,2.07)
[PICKUP] Robot 3 picked up tag (density=3) | Total: 130
[GIVE-UP] R12 giving up after 1057 steps
[PICKUP] Robot 5 picked up tag (density=11) | Total: 131
[PICKUP] Robot 16 picked up tag (density=2) | Total: 132
[GIVE-UP] R1 giving up after 4411 steps
[PICKUP] Robot 13 picked up tag (density=10) | Total: 133
[GIVE-UP] R4 giving up after 1962 steps
[DEPOSIT] Robot 15 deposited! Total: 128
  [PHERO] Laid at (-1.11, -1.41) density=2 prob=0.42 total_entries=35
  [TARGET] Robot 15 → SITE (-1.11,-1.41)

======================================================================
Step 13000 (6.9 min) | Pickups: 133 | Deposits: 128 | Rate: 18.46 tags/min | phero_entries=35 phero_max=0.979
======================================================================
R1[T1][GIVE_UP   ]: L=+0.78 R=+1.00 | carry=0 | base=0.25 ba=+0.08 | site=0 sd=0.00 sa=+0.00 | phero=0 pd=0.00 pa=+0.00 | srch=1.00 | wall=2.27
R2[T1][SITE      ]: L=+1.00 R=+0.58 | carry=0 | base=0.33 ba=-0.42 | site=1 sd=0.01 sa=-0.23 | phero=0 pd=0.00 pa=+0.00 | srch=0.14 | wall=2.23
R3[T1][RTB       ]: L=+1.00 R=+1.00 | carry=1 | base=0.35 ba=-0.00 | site=0 sd=0.00 sa=+0.00 | phero=0 pd=0.00 pa=+0.00 | srch=0.00 | wall=1.77
R4[T1][GIVE_UP   ]: L=+1.00 R=+0.93 | carry=0 | base=0.24 ba=-0.03 | site=0 sd=0.00 sa=+0.00 | phero=0 pd=0.00 pa=+0.00 | srch=0.50 | wall=2.37
R5[T2][RTB       ]: L=+1.00 R=+1.00 | carry=1 | base=0.20 ba=-0.00 | site=0 sd=0.00 sa=+0.00 | phero=0 pd=0.00 pa=+0.00 | srch=0.00 | wall=2.68
R6[T2][EXPLORE   ]: L=+1.00 R=+1.00 | carry=0 | base=0.24 ba=-0.53 | site=0 sd=0.00 sa=+0.00 | phero=0 pd=0.00 pa=+0.00 | srch=0.92 | wall=2.52
R7[T2][SITE      ]: L=+1.00 R=+1.00 | carry=0 | base=0.28 ba=+0.99 | site=1 sd=0.09 sa=+0.09 | phero=0 pd=0.00 pa=+0.00 | srch=0.20 | wall=2.43
R8[T2][SITE      ]: L=+0.98 R=+1.00 | carry=0 | base=0.23 ba=+1.00 | site=1 sd=0.34 sa=+0.27 | phero=0 pd=0.00 pa=+0.00 | srch=0.09 | wall=2.44
R9[T3][RTB       ]: L=+1.00 R=+1.00 | carry=1 | base=0.18 ba=+0.00 | site=0 sd=0.00 sa=+0.00 | phero=0 pd=0.00 pa=+0.00 | srch=0.00 | wall=2.74
R10[T3][SITE      ]: L=+1.00 R=+1.00 | carry=0 | base=0.30 ba=+1.00 | site=1 sd=0.29 sa=+0.21 | phero=0 pd=0.00 pa=+0.00 | srch=0.11 | wall=2.04
R11[T3][SITE      ]: L=+0.87 R=+0.85 | carry=0 | base=0.41 ba=-0.86 | site=1 sd=0.06 sa=-0.05 | phero=0 pd=0.00 pa=+0.00 | srch=0.16 | wall=1.51
R12[T3][GIVE_UP   ]: L=+1.00 R=+1.00 | carry=0 | base=0.12 ba=+0.00 | site=0 sd=0.00 sa=+0.00 | phero=0 pd=0.00 pa=+0.00 | srch=0.33 | wall=3.05
R13[T4][RTB       ]: L=+1.00 R=+0.34 | carry=1 | base=0.34 ba=-0.25 | site=0 sd=0.00 sa=+0.00 | phero=0 pd=0.00 pa=+0.00 | srch=0.00 | wall=2.20
R14[T4][EXPLORE   ]: L=+1.00 R=+1.00 | carry=0 | base=0.15 ba=-0.22 | site=0 sd=0.00 sa=+0.00 | phero=0 pd=0.00 pa=+0.00 | srch=0.80 | wall=2.88
R15[T4][BASE_ESC  ]: L=+1.00 R=+0.00 | carry=0 | base=0.05 ba=+0.17 | site=1 sd=0.32 sa=-0.87 | phero=0 pd=0.00 pa=+0.00 | srch=0.00 | wall=3.30
R16[T4][RTB       ]: L=+1.00 R=+1.00 | carry=1 | base=0.28 ba=+0.00 | site=0 sd=0.00 sa=+0.00 | phero=0 pd=0.00 pa=+0.00 | srch=0.00 | wall=2.33

[EMPTY_RTN] R12 → phero(-1.11,-1.41)
[PICKUP] Robot 7 picked up tag (density=4) | Total: 134
[DEPOSIT] Robot 9 deposited! Total: 129
  [PHERO] Laid at (-1.03, 1.91) density=10 prob=1.00 total_entries=36
  [TARGET] Robot 9 → SITE (-1.03,1.91)
[DEPOSIT] Robot 5 deposited! Total: 130
  [PHERO] Laid at (-1.41, 0.89) density=11 prob=1.00 total_entries=36
  [TARGET] Robot 5 → SITE (-1.41,0.89)
[EMPTY_RTN] R4 → phero(-1.03,1.91)
[EMPTY_RTN] R1 → phero(-1.41,0.89)
[DEPOSIT] Robot 16 deposited! Total: 131
  [TARGET] Robot 16 → PHERO (-1.60,-0.89)
[GIVE-UP] R6 giving up after 4051 steps
[DEPOSIT] Robot 3 deposited! Total: 132
  [TARGET] Robot 3 → SITE (-0.15,2.38)

======================================================================
Step 13500 (7.2 min) | Pickups: 134 | Deposits: 132 | Rate: 18.33 tags/min | phero_entries=32 phero_max=0.616
======================================================================
R1[T1][PHERO     ]: L=+1.00 R=+1.00 | carry=0 | base=0.12 ba=+0.88 | site=0 sd=0.00 sa=+0.00 | phero=1 pd=0.23 pa=+0.08 | srch=0.06 | wall=3.00
R2[T1][EXPLORE   ]: L=+1.00 R=+1.00 | carry=0 | base=0.35 ba=-0.49 | site=0 sd=0.00 sa=+0.00 | phero=0 pd=0.00 pa=+0.00 | srch=0.27 | wall=1.94
R3[T1][SITE      ]: L=-0.71 R=+0.88 | carry=0 | base=0.05 ba=-0.93 | site=1 sd=0.43 sa=+0.17 | phero=0 pd=0.00 pa=+0.00 | srch=0.03 | wall=3.25
R4[T1][PHERO     ]: L=+0.42 R=+0.42 | carry=0 | base=0.05 ba=-0.53 | site=0 sd=0.00 sa=+0.00 | phero=1 pd=0.40 pa=+0.18 | srch=0.06 | wall=3.25
R5[T2][SITE      ]: L=+0.47 R=+1.00 | carry=0 | base=0.10 ba=-0.88 | site=1 sd=0.25 sa=+0.24 | phero=0 pd=0.00 pa=+0.00 | srch=0.08 | wall=3.15
R6[T2][GIVE_UP   ]: L=+1.00 R=+0.99 | carry=0 | base=0.29 ba=-0.00 | site=0 sd=0.00 sa=+0.00 | phero=0 pd=0.00 pa=+0.00 | srch=1.00 | wall=2.16
R7[T2][RTB       ]: L=+1.00 R=+1.00 | carry=1 | base=0.16 ba=+0.00 | site=0 sd=0.00 sa=+0.00 | phero=0 pd=0.00 pa=+0.00 | srch=0.00 | wall=2.94
R8[T2][SITE      ]: L=+0.88 R=+1.00 | carry=0 | base=0.55 ba=+0.60 | site=1 sd=0.07 sa=+0.26 | phero=0 pd=0.00 pa=+0.00 | srch=0.21 | wall=1.52
R9[T3][SITE      ]: L=+1.00 R=+1.00 | carry=0 | base=0.08 ba=+0.89 | site=1 sd=0.36 sa=-0.20 | phero=0 pd=0.00 pa=+0.00 | srch=0.08 | wall=3.21
R10[T3][EXPLORE   ]: L=+1.00 R=+1.00 | carry=0 | base=0.56 ba=-0.72 | site=0 sd=0.00 sa=+0.00 | phero=0 pd=0.00 pa=+0.00 | srch=0.23 | wall=0.75
R11[T3][WALL_ESC  ]: L=+0.00 R=+1.00 | carry=0 | base=0.65 ba=+0.60 | site=0 sd=0.00 sa=+0.00 | phero=0 pd=0.00 pa=+0.00 | srch=0.28 | wall=0.32
R12[T3][PHERO     ]: L=+1.00 R=+1.00 | carry=0 | base=0.26 ba=+1.00 | site=0 sd=0.00 sa=+0.00 | phero=1 pd=0.11 pa=+0.10 | srch=0.10 | wall=2.56
R13[T4][RTB       ]: L=+0.68 R=+1.00 | carry=1 | base=0.09 ba=+0.13 | site=0 sd=0.00 sa=+0.00 | phero=0 pd=0.00 pa=+0.00 | srch=0.00 | wall=3.14
R14[T4][EXPLORE   ]: L=+0.87 R=+1.00 | carry=0 | base=0.24 ba=+0.97 | site=0 sd=0.00 sa=+0.00 | phero=0 pd=0.00 pa=+0.00 | srch=0.92 | wall=2.36
R15[T4][SITE      ]: L=+0.86 R=+1.00 | carry=0 | base=0.28 ba=+0.96 | site=1 sd=0.09 sa=+0.08 | phero=0 pd=0.00 pa=+0.00 | srch=0.13 | wall=2.50
R16[T4][PHERO     ]: L=+1.00 R=+1.00 | carry=0 | base=0.10 ba=-0.88 | site=0 sd=0.00 sa=+0.00 | phero=1 pd=0.27 pa=+0.11 | srch=0.05 | wall=3.09

[PICKUP] Robot 10 picked up tag (density=9) | Total: 135
[PICKUP] Robot 8 picked up tag (density=11) | Total: 136
[DEPOSIT] Robot 13 deposited! Total: 133
  [PHERO] Laid at (-1.15, 1.27) density=10 prob=1.00 total_entries=33
  [TARGET] Robot 13 → SITE (-1.15,1.27)
[DEPOSIT] Robot 7 deposited! Total: 134
  [PHERO] Laid at (1.25, -1.35) density=4 prob=0.82 total_entries=32
  [TARGET] Robot 7 → SITE (1.25,-1.35)
[GIVE-UP] R14 giving up after 3917 steps
[PICKUP] Robot 1 picked up tag (density=9) | Total: 137
[EMPTY_RTN] R6 → phero(-2.68,-0.51)
[PICKUP] Robot 5 picked up tag (density=8) | Total: 138
[PICKUP] Robot 15 picked up tag (density=15) | Total: 139

======================================================================
Step 14000 (7.5 min) | Pickups: 139 | Deposits: 134 | Rate: 17.95 tags/min | phero_entries=30 phero_max=0.559
======================================================================
R1[T1][RTB       ]: L=+1.00 R=+1.00 | carry=1 | base=0.23 ba=+0.00 | site=0 sd=0.00 sa=+0.00 | phero=0 pd=0.00 pa=+0.00 | srch=0.00 | wall=2.60
R2[T1][EXPLORE   ]: L=+1.00 R=+1.00 | carry=0 | base=0.70 ba=+0.99 | site=0 sd=0.00 sa=+0.00 | phero=0 pd=0.00 pa=+0.00 | srch=0.39 | wall=0.48
R3[T1][SITE      ]: L=+0.98 R=+1.00 | carry=0 | base=0.32 ba=+0.93 | site=1 sd=0.16 sa=+0.01 | phero=0 pd=0.00 pa=+0.00 | srch=0.15 | wall=1.90
R4[T1][PHERO     ]: L=+0.96 R=+1.00 | carry=0 | base=0.39 ba=+0.93 | site=0 sd=0.00 sa=+0.00 | phero=1 pd=0.05 pa=+0.08 | srch=0.19 | wall=1.74
R5[T2][RTB       ]: L=+0.99 R=+1.00 | carry=1 | base=0.27 ba=+0.00 | site=0 sd=0.00 sa=+0.00 | phero=0 pd=0.00 pa=+0.00 | srch=0.00 | wall=2.40
R6[T2][PHERO     ]: L=+1.00 R=+0.98 | carry=0 | base=0.11 ba=-0.90 | site=0 sd=0.00 sa=+0.00 | phero=1 pd=0.46 pa=-0.08 | srch=0.05 | wall=3.07
R7[T2][SITE      ]: L=+0.42 R=+0.42 | carry=0 | base=0.09 ba=-0.95 | site=1 sd=0.28 sa=-0.02 | phero=0 pd=0.00 pa=+0.00 | srch=0.09 | wall=3.15
R8[T2][RTB       ]: L=+1.00 R=+1.00 | carry=1 | base=0.25 ba=+0.00 | site=0 sd=0.00 sa=+0.00 | phero=0 pd=0.00 pa=+0.00 | srch=0.00 | wall=2.53
R9[T3][SITE      ]: L=+1.00 R=+1.00 | carry=0 | base=0.40 ba=-0.79 | site=1 sd=0.05 sa=+0.04 | phero=0 pd=0.00 pa=+0.00 | srch=0.21 | wall=1.82
R10[T3][RTB       ]: L=+1.00 R=+1.00 | carry=1 | base=0.24 ba=-0.00 | site=0 sd=0.00 sa=+0.00 | phero=0 pd=0.00 pa=+0.00 | srch=0.00 | wall=2.32
R11[T3][EXPLORE   ]: L=+1.00 R=+1.00 | carry=0 | base=0.58 ba=+0.00 | site=0 sd=0.00 sa=+0.00 | phero=0 pd=0.00 pa=+0.00 | srch=0.41 | wall=0.66
R12[T3][EXPLORE   ]: L=+1.00 R=+1.00 | carry=0 | base=0.40 ba=-0.81 | site=0 sd=0.00 sa=+0.00 | phero=0 pd=0.00 pa=+0.00 | srch=0.23 | wall=2.08
R13[T4][SITE      ]: L=+1.00 R=+0.96 | carry=0 | base=0.28 ba=-0.85 | site=1 sd=0.07 sa=+0.05 | phero=0 pd=0.00 pa=+0.00 | srch=0.11 | wall=2.50
R14[T4][GIVE_UP   ]: L=+1.00 R=+1.00 | carry=0 | base=0.08 ba=-0.00 | site=0 sd=0.00 sa=+0.00 | phero=0 pd=0.00 pa=+0.00 | srch=1.00 | wall=3.09
R15[T4][RTB       ]: L=+0.54 R=+1.00 | carry=1 | base=0.56 ba=+0.19 | site=0 sd=0.00 sa=+0.00 | phero=0 pd=0.00 pa=+0.00 | srch=0.00 | wall=1.00
R16[T4][PHERO     ]: L=+0.20 R=+1.00 | carry=0 | base=0.38 ba=+0.16 | site=0 sd=0.00 sa=+0.00 | phero=1 pd=0.01 pa=+0.40 | srch=0.18 | wall=1.89

[EMPTY_RTN] R14 → phero(-1.41,0.89)
[PICKUP] Robot 9 picked up tag (density=9) | Total: 140
[PICKUP] Robot 4 picked up tag (density=8) | Total: 141
[DEPOSIT] Robot 1 deposited! Total: 135
  [PHERO] Laid at (-1.16, 1.08) density=9 prob=1.00 total_entries=27
  [TARGET] Robot 1 → SITE (-1.16,1.08)
[DEPOSIT] Robot 10 deposited! Total: 136
  [PHERO] Laid at (-2.76, -0.50) density=9 prob=1.00 total_entries=28
  [TARGET] Robot 10 → SITE (-2.76,-0.50)
[DEPOSIT] Robot 8 deposited! Total: 137
  [PHERO] Laid at (1.78, 2.12) density=11 prob=1.00 total_entries=28
  [TARGET] Robot 8 → SITE (1.78,2.12)
[DEPOSIT] Robot 5 deposited! Total: 138
  [PHERO] Laid at (-1.25, 1.04) density=8 prob=1.00 total_entries=29
  [TARGET] Robot 5 → SITE (-1.25,1.04)
[PICKUP] Robot 3 picked up tag (density=2) | Total: 142
[PICKUP] Robot 16 picked up tag (density=1) | Total: 143

======================================================================
Step 14500 (7.7 min) | Pickups: 143 | Deposits: 138 | Rate: 17.84 tags/min | phero_entries=28 phero_max=0.717
======================================================================
R1[T1][SITE      ]: L=+1.00 R=+1.00 | carry=0 | base=0.13 ba=+1.00 | site=1 sd=0.20 sa=-0.13 | phero=0 pd=0.00 pa=+0.00 | srch=0.07 | wall=2.95
R2[T1][EXPLORE   ]: L=+1.00 R=+1.00 | carry=0 | base=0.47 ba=+0.07 | site=0 sd=0.00 sa=+0.00 | phero=0 pd=0.00 pa=+0.00 | srch=0.52 | wall=1.37
R3[T1][RTB       ]: L=+0.99 R=+1.00 | carry=1 | base=0.44 ba=+0.00 | site=0 sd=0.00 sa=+0.00 | phero=0 pd=0.00 pa=+0.00 | srch=0.00 | wall=1.36
R4[T1][RTB       ]: L=+1.00 R=+1.00 | carry=1 | base=0.20 ba=+0.00 | site=0 sd=0.00 sa=+0.00 | phero=0 pd=0.00 pa=+0.00 | srch=0.00 | wall=2.65
R5[T2][SITE      ]: L=+1.00 R=+1.00 | carry=0 | base=0.13 ba=+1.00 | site=1 sd=0.20 sa=+0.11 | phero=0 pd=0.00 pa=+0.00 | srch=0.05 | wall=2.99
R6[T2][PHERO     ]: L=+1.00 R=+1.00 | carry=0 | base=0.48 ba=-0.91 | site=0 sd=0.00 sa=+0.00 | phero=1 pd=0.08 pa=+0.06 | srch=0.17 | wall=1.19
R7[T2][SITE      ]: L=+0.32 R=+0.33 | carry=0 | base=0.25 ba=-0.95 | site=1 sd=0.12 sa=+0.01 | phero=0 pd=0.00 pa=+0.00 | srch=0.22 | wall=2.61
R8[T2][SITE      ]: L=+1.00 R=+0.99 | carry=0 | base=0.14 ba=-0.88 | site=1 sd=0.42 sa=+0.08 | phero=0 pd=0.00 pa=+0.00 | srch=0.06 | wall=2.93
R9[T3][RTB       ]: L=+1.00 R=+1.00 | carry=1 | base=0.19 ba=-0.00 | site=0 sd=0.00 sa=+0.00 | phero=0 pd=0.00 pa=+0.00 | srch=0.00 | wall=2.63
R10[T3][SITE      ]: L=+1.00 R=+1.00 | carry=0 | base=0.16 ba=+1.00 | site=1 sd=0.42 sa=+0.15 | phero=0 pd=0.00 pa=+0.00 | srch=0.06 | wall=2.72
R11[T3][EXPLORE   ]: L=+1.00 R=+1.00 | carry=0 | base=0.19 ba=+0.02 | site=0 sd=0.00 sa=+0.00 | phero=0 pd=0.00 pa=+0.00 | srch=0.53 | wall=2.56
R12[T3][WALL_ESC  ]: L=+1.00 R=+0.00 | carry=0 | base=0.74 ba=-0.77 | site=0 sd=0.00 sa=+0.00 | phero=0 pd=0.00 pa=+0.00 | srch=0.35 | wall=0.33
R13[T4][EXPLORE   ]: L=+1.00 R=+1.00 | carry=0 | base=0.65 ba=+0.99 | site=0 sd=0.00 sa=+0.00 | phero=0 pd=0.00 pa=+0.00 | srch=0.23 | wall=1.10
R14[T4][PHERO     ]: L=+1.00 R=+0.96 | carry=0 | base=0.26 ba=-0.76 | site=0 sd=0.00 sa=+0.00 | phero=1 pd=0.21 pa=-0.26 | srch=0.11 | wall=2.20
R15[T4][RTB       ]: L=+1.00 R=+1.00 | carry=1 | base=0.18 ba=+0.00 | site=0 sd=0.00 sa=+0.00 | phero=0 pd=0.00 pa=+0.00 | srch=0.00 | wall=2.69
R16[T4][RTB       ]: L=+1.00 R=+0.93 | carry=1 | base=0.31 ba=-0.03 | site=0 sd=0.00 sa=+0.00 | phero=0 pd=0.00 pa=+0.00 | srch=0.00 | wall=2.20

[DEPOSIT] Robot 15 deposited! Total: 139
  [PHERO] Laid at (-1.31, -2.48) density=15 prob=1.00 total_entries=27
  [TARGET] Robot 15 → SITE (-1.31,-2.48)
[DEPOSIT] Robot 9 deposited! Total: 140
  [PHERO] Laid at (-1.03, 1.95) density=9 prob=1.00 total_entries=28
  [TARGET] Robot 9 → SITE (-1.03,1.95)
[DEPOSIT] Robot 4 deposited! Total: 141
  [PHERO] Laid at (-1.06, 1.92) density=8 prob=1.00 total_entries=29
  [TARGET] Robot 4 → SITE (-1.06,1.92)
[PICKUP] Robot 5 picked up tag (density=7) | Total: 144
[PICKUP] Robot 14 picked up tag (density=6) | Total: 145
[DEPOSIT] Robot 16 deposited! Total: 142
  [PHERO] Laid at (-1.37, -1.01) density=1 prob=0.20 total_entries=29
  [TARGET] Robot 16 → PHERO (-1.06,1.92)
[PICKUP] Robot 1 picked up tag (density=5) | Total: 146
[DEPOSIT] Robot 3 deposited! Total: 143
  [TARGET] Robot 3 → SITE (-0.19,2.44)

======================================================================
Step 15000 (8.0 min) | Pickups: 146 | Deposits: 143 | Rate: 17.88 tags/min | phero_entries=27 phero_max=0.774
======================================================================
R1[T1][RTB       ]: L=+1.00 R=+0.00 | carry=1 | base=0.35 ba=-0.48 | site=0 sd=0.00 sa=+0.00 | phero=0 pd=0.00 pa=+0.00 | srch=0.00 | wall=2.27
R2[T1][EXPLORE   ]: L=+1.00 R=+1.00 | carry=0 | base=0.14 ba=+0.38 | site=0 sd=0.00 sa=+0.00 | phero=0 pd=0.00 pa=+0.00 | srch=0.64 | wall=2.86
R3[T1][BASE_ESC  ]: L=+1.00 R=+0.00 | carry=0 | base=0.05 ba=+0.04 | site=1 sd=0.45 sa=-0.97 | phero=0 pd=0.00 pa=+0.00 | srch=0.00 | wall=3.26
R4[T1][SITE      ]: L=+1.00 R=+1.00 | carry=0 | base=0.18 ba=-0.91 | site=1 sd=0.28 sa=-0.09 | phero=0 pd=0.00 pa=+0.00 | srch=0.07 | wall=2.82
R5[T2][RTB       ]: L=+0.99 R=+1.00 | carry=1 | base=0.29 ba=+0.00 | site=0 sd=0.00 sa=+0.00 | phero=0 pd=0.00 pa=+0.00 | srch=0.00 | wall=2.49
R6[T2][EXPLORE   ]: L=+1.00 R=+1.00 | carry=0 | base=0.54 ba=+0.18 | site=0 sd=0.00 sa=+0.00 | phero=0 pd=0.00 pa=+0.00 | srch=0.30 | wall=0.95
R7[T2][EXPLORE   ]: L=+1.00 R=+1.00 | carry=0 | base=0.38 ba=+0.98 | site=0 sd=0.00 sa=+0.00 | phero=0 pd=0.00 pa=+0.00 | srch=0.34 | wall=2.13
R8[T2][SITE      ]: L=+0.93 R=+1.00 | carry=0 | base=0.51 ba=+0.81 | site=1 sd=0.07 sa=+0.05 | phero=0 pd=0.00 pa=+0.00 | srch=0.19 | wall=1.72
R9[T3][SITE      ]: L=+1.00 R=+1.00 | carry=0 | base=0.18 ba=+1.00 | site=1 sd=0.28 sa=+0.10 | phero=0 pd=0.00 pa=+0.00 | srch=0.08 | wall=2.67
R10[T3][SITE      ]: L=+1.00 R=+1.00 | carry=0 | base=0.51 ba=+0.85 | site=1 sd=0.06 sa=-0.02 | phero=0 pd=0.00 pa=+0.00 | srch=0.19 | wall=0.98
R11[T3][EXPLORE   ]: L=+1.00 R=+1.00 | carry=0 | base=0.19 ba=+0.96 | site=0 sd=0.00 sa=+0.00 | phero=0 pd=0.00 pa=+0.00 | srch=0.66 | wall=2.64
R12[T3][EXPLORE   ]: L=+1.00 R=+1.00 | carry=0 | base=0.46 ba=-0.21 | site=0 sd=0.00 sa=+0.00 | phero=0 pd=0.00 pa=+0.00 | srch=0.48 | wall=1.30
R13[T4][WALL_ESC  ]: L=+0.40 R=+1.00 | carry=0 | base=0.84 ba=+0.13 | site=0 sd=0.00 sa=+0.00 | phero=0 pd=0.00 pa=+0.00 | srch=0.36 | wall=0.35
R14[T4][RTB       ]: L=+1.00 R=+1.00 | carry=1 | base=0.25 ba=-0.00 | site=0 sd=0.00 sa=+0.00 | phero=0 pd=0.00 pa=+0.00 | srch=0.00 | wall=2.46
R15[T4][SITE      ]: L=+0.94 R=+1.00 | carry=0 | base=0.21 ba=-0.94 | site=1 sd=0.36 sa=-0.01 | phero=0 pd=0.00 pa=+0.00 | srch=0.08 | wall=2.53
R16[T4][PHERO     ]: L=+1.00 R=+0.20 | carry=0 | base=0.05 ba=-0.46 | site=0 sd=0.00 sa=+0.00 | phero=1 pd=0.44 pa=+0.08 | srch=0.04 | wall=3.26

[GIVE-UP] R12 giving up after 1938 steps
[PICKUP] Robot 8 picked up tag (density=10) | Total: 147
[DEPOSIT] Robot 14 deposited! Total: 144
  [PHERO] Laid at (-1.53, 0.91) density=6 prob=0.97 total_entries=28
  [TARGET] Robot 14 → SITE (-1.53,0.91)
[PICKUP] Robot 11 picked up tag (density=7) | Total: 148
[DEPOSIT] Robot 5 deposited! Total: 145
  [PHERO] Laid at (-1.15, 1.22) density=7 prob=0.99 total_entries=27
  [TARGET] Robot 5 → SITE (-1.15,1.22)

======================================================================
Step 15500 (8.3 min) | Pickups: 148 | Deposits: 145 | Rate: 17.54 tags/min | phero_entries=26 phero_max=0.814
======================================================================
R1[T1][RTB       ]: L=+0.99 R=+1.00 | carry=1 | base=0.06 ba=+0.00 | site=0 sd=0.00 sa=+0.00 | phero=0 pd=0.00 pa=+0.00 | srch=0.00 | wall=3.27
R2[T1][EXPLORE   ]: L=+1.00 R=+1.00 | carry=0 | base=0.36 ba=+0.88 | site=0 sd=0.00 sa=+0.00 | phero=0 pd=0.00 pa=+0.00 | srch=0.77 | wall=1.89
R3[T1][SITE      ]: L=+1.00 R=+1.00 | carry=0 | base=0.30 ba=+0.99 | site=1 sd=0.19 sa=+0.07 | phero=0 pd=0.00 pa=+0.00 | srch=0.13 | wall=2.00
R4[T1][EXPLORE   ]: L=+1.00 R=+1.00 | carry=0 | base=0.45 ba=-0.99 | site=0 sd=0.00 sa=+0.00 | phero=0 pd=0.00 pa=+0.00 | srch=0.20 | wall=1.52
R5[T2][SITE      ]: L=+0.84 R=+1.00 | carry=0 | base=0.06 ba=-0.97 | site=1 sd=0.29 sa=+0.21 | phero=0 pd=0.00 pa=+0.00 | srch=0.03 | wall=3.22
R6[T2][EXPLORE   ]: L=+1.00 R=+1.00 | carry=0 | base=0.30 ba=+0.43 | site=0 sd=0.00 sa=+0.00 | phero=0 pd=0.00 pa=+0.00 | srch=0.42 | wall=2.18
R7[T2][EXPLORE   ]: L=+0.20 R=+1.00 | carry=0 | base=0.45 ba=+0.64 | site=0 sd=0.00 sa=+0.00 | phero=0 pd=0.00 pa=+0.00 | srch=0.47 | wall=1.78
R8[T2][RTB       ]: L=+1.00 R=+1.00 | carry=1 | base=0.33 ba=+0.00 | site=0 sd=0.00 sa=+0.00 | phero=0 pd=0.00 pa=+0.00 | srch=0.00 | wall=2.19
R9[T3][SITE      ]: L=+0.74 R=+1.00 | carry=0 | base=0.48 ba=+0.27 | site=1 sd=0.03 sa=+0.30 | phero=0 pd=0.00 pa=+0.00 | srch=0.20 | wall=1.41
R10[T3][EXPLORE   ]: L=+1.00 R=+1.00 | carry=0 | base=0.53 ba=+0.24 | site=0 sd=0.00 sa=+0.00 | phero=0 pd=0.00 pa=+0.00 | srch=0.31 | wall=1.11
R11[T3][RTB       ]: L=+0.90 R=+1.00 | carry=1 | base=0.44 ba=+0.04 | site=0 sd=0.00 sa=+0.00 | phero=0 pd=0.00 pa=+0.00 | srch=0.00 | wall=1.63
R12[T3][GIVE_UP   ]: L=+1.00 R=+1.00 | carry=0 | base=0.09 ba=-0.00 | site=0 sd=0.00 sa=+0.00 | phero=0 pd=0.00 pa=+0.00 | srch=0.60 | wall=3.08
R13[T4][EXPLORE   ]: L=+1.00 R=+1.00 | carry=0 | base=0.53 ba=+0.27 | site=0 sd=0.00 sa=+0.00 | phero=0 pd=0.00 pa=+0.00 | srch=0.48 | wall=1.05
R14[T4][SITE      ]: L=+1.00 R=+1.00 | carry=0 | base=0.10 ba=-0.95 | site=1 sd=0.26 sa=+0.16 | phero=0 pd=0.00 pa=+0.00 | srch=0.06 | wall=3.15
R15[T4][SITE      ]: L=+0.96 R=+0.92 | carry=0 | base=0.53 ba=-0.93 | site=1 sd=0.04 sa=-0.04 | phero=0 pd=0.00 pa=+0.00 | srch=0.21 | wall=1.15
R16[T4][PHERO     ]: L=+0.35 R=+0.35 | carry=0 | base=0.21 ba=+0.96 | site=0 sd=0.00 sa=+0.00 | phero=1 pd=0.25 pa=+0.13 | srch=0.17 | wall=2.47

[DEPOSIT] Robot 1 deposited! Total: 146
  [PHERO] Laid at (-1.23, 1.20) density=5 prob=0.92 total_entries=27
  [TARGET] Robot 1 → SITE (-1.23,1.20)
[PICKUP] Robot 15 picked up tag (density=14) | Total: 149
[EMPTY_RTN] R12 → phero(-1.53,0.91)
[PICKUP] Robot 4 picked up tag (density=6) | Total: 150
[PICKUP] Robot 7 picked up tag (density=3) | Total: 151
[PICKUP] Robot 14 picked up tag (density=4) | Total: 152
[DEPOSIT] Robot 8 deposited! Total: 147
  [PHERO] Laid at (1.78, 2.19) density=10 prob=1.00 total_entries=26
  [TARGET] Robot 8 → SITE (1.78,2.19)

======================================================================
Step 16000 (8.5 min) | Pickups: 152 | Deposits: 147 | Rate: 17.23 tags/min | phero_entries=26 phero_max=0.802
======================================================================
R1[T1][SITE      ]: L=+1.00 R=+0.93 | carry=0 | base=0.32 ba=-0.76 | site=1 sd=0.09 sa=-0.21 | phero=0 pd=0.00 pa=+0.00 | srch=0.12 | wall=2.13
R2[T1][EXPLORE   ]: L=+1.00 R=+1.00 | carry=0 | base=0.73 ba=+0.94 | site=0 sd=0.00 sa=+0.00 | phero=0 pd=0.00 pa=+0.00 | srch=0.89 | wall=0.58
R3[T1][EXPLORE   ]: L=+1.00 R=+1.00 | carry=0 | base=0.57 ba=+0.99 | site=0 sd=0.00 sa=+0.00 | phero=0 pd=0.00 pa=+0.00 | srch=0.25 | wall=0.68
R4[T1][RTB       ]: L=+1.00 R=+1.00 | carry=1 | base=0.19 ba=+0.00 | site=0 sd=0.00 sa=+0.00 | phero=0 pd=0.00 pa=+0.00 | srch=0.00 | wall=2.73
R5[T2][SITE      ]: L=+0.32 R=+1.00 | carry=0 | base=0.34 ba=+0.52 | site=1 sd=0.01 sa=+0.18 | phero=0 pd=0.00 pa=+0.00 | srch=0.16 | wall=2.23
R6[T2][EXPLORE   ]: L=+1.00 R=+1.00 | carry=0 | base=0.44 ba=+0.76 | site=0 sd=0.00 sa=+0.00 | phero=0 pd=0.00 pa=+0.00 | srch=0.55 | wall=1.67
R7[T2][RTB       ]: L=+1.00 R=+1.00 | carry=1 | base=0.19 ba=-0.00 | site=0 sd=0.00 sa=+0.00 | phero=0 pd=0.00 pa=+0.00 | srch=0.00 | wall=2.77
R8[T2][SITE      ]: L=+1.00 R=+1.00 | carry=0 | base=0.07 ba=-1.00 | site=1 sd=0.51 sa=-0.11 | phero=0 pd=0.00 pa=+0.00 | srch=0.03 | wall=3.18
R9[T3][EXPLORE   ]: L=+1.00 R=+1.00 | carry=0 | base=0.37 ba=-0.51 | site=0 sd=0.00 sa=+0.00 | phero=0 pd=0.00 pa=+0.00 | srch=0.33 | wall=1.67
R10[T3][EXPLORE   ]: L=+1.00 R=+1.00 | carry=0 | base=0.37 ba=+0.50 | site=0 sd=0.00 sa=+0.00 | phero=0 pd=0.00 pa=+0.00 | srch=0.44 | wall=1.76
R11[T3][RTB       ]: L=+1.00 R=+1.00 | carry=1 | base=0.06 ba=+0.00 | site=0 sd=0.00 sa=+0.00 | phero=0 pd=0.00 pa=+0.00 | srch=0.00 | wall=3.27
R12[T3][PHERO     ]: L=+0.97 R=+1.00 | carry=0 | base=0.29 ba=+1.00 | site=0 sd=0.00 sa=+0.00 | phero=1 pd=0.07 pa=+0.10 | srch=0.11 | wall=2.31
R13[T4][EXPLORE   ]: L=+1.00 R=+1.00 | carry=0 | base=0.39 ba=+0.53 | site=0 sd=0.00 sa=+0.00 | phero=0 pd=0.00 pa=+0.00 | srch=0.61 | wall=1.75
R14[T4][RTB       ]: L=+0.98 R=+1.00 | carry=1 | base=0.29 ba=+0.01 | site=0 sd=0.00 sa=+0.00 | phero=0 pd=0.00 pa=+0.00 | srch=0.00 | wall=2.25
R15[T4][RTB       ]: L=+1.00 R=+1.00 | carry=1 | base=0.28 ba=+0.00 | site=0 sd=0.00 sa=+0.00 | phero=0 pd=0.00 pa=+0.00 | srch=0.00 | wall=2.28
R16[T4][PHERO     ]: L=+0.74 R=+1.00 | carry=0 | base=0.46 ba=+0.67 | site=0 sd=0.00 sa=+0.00 | phero=1 pd=0.03 pa=+0.35 | srch=0.29 | wall=1.45

[DEPOSIT] Robot 11 deposited! Total: 148
  [PHERO] Laid at (-1.11, 2.02) density=7 prob=0.99 total_entries=27
  [TARGET] Robot 11 → SITE (-1.11,2.02)
[PICKUP] Robot 1 picked up tag (density=3) | Total: 153
[PICKUP] Robot 16 picked up tag (density=5) | Total: 154
[DEPOSIT] Robot 4 deposited! Total: 149
  [PHERO] Laid at (-1.12, 1.98) density=6 prob=0.97 total_entries=28
  [TARGET] Robot 4 → SITE (-1.12,1.98)
[DEPOSIT] Robot 7 deposited! Total: 150
  [PHERO] Laid at (1.61, -1.20) density=3 prob=0.65 total_entries=29
  [TARGET] Robot 7 → SITE (1.61,-1.20)
[DEPOSIT] Robot 15 deposited! Total: 151
  [PHERO] Laid at (-1.28, -2.46) density=14 prob=1.00 total_entries=28
  [TARGET] Robot 15 → SITE (-1.28,-2.46)
[DEPOSIT] Robot 14 deposited! Total: 152
  [TARGET] Robot 14 → SITE (-1.41,0.98)
[PICKUP] Robot 13 picked up tag (density=13) | Total: 155

======================================================================
Step 16500 (8.8 min) | Pickups: 155 | Deposits: 152 | Rate: 17.27 tags/min | phero_entries=26 phero_max=0.727
======================================================================
R1[T1][RTB       ]: L=+1.00 R=+1.00 | carry=1 | base=0.12 ba=-0.00 | site=0 sd=0.00 sa=+0.00 | phero=0 pd=0.00 pa=+0.00 | srch=0.00 | wall=3.02
R2[T1][EXPLORE   ]: L=+1.00 R=+1.00 | carry=0 | base=0.78 ba=+0.11 | site=0 sd=0.00 sa=+0.00 | phero=0 pd=0.00 pa=+0.00 | srch=1.00 | wall=0.38
R3[T1][EXPLORE   ]: L=+1.00 R=+1.00 | carry=0 | base=0.44 ba=+0.21 | site=0 sd=0.00 sa=+0.00 | phero=0 pd=0.00 pa=+0.00 | srch=0.38 | wall=1.42
R4[T1][SITE      ]: L=+1.00 R=+0.98 | carry=0 | base=0.18 ba=-0.98 | site=1 sd=0.30 sa=-0.14 | phero=0 pd=0.00 pa=+0.00 | srch=0.08 | wall=2.84
R5[T2][EXPLORE   ]: L=+1.00 R=+1.00 | carry=0 | base=0.49 ba=+0.75 | site=0 sd=0.00 sa=+0.00 | phero=0 pd=0.00 pa=+0.00 | srch=0.28 | wall=1.09
R6[T2][EXPLORE   ]: L=+1.00 R=+1.00 | carry=0 | base=0.77 ba=+0.87 | site=0 sd=0.00 sa=+0.00 | phero=0 pd=0.00 pa=+0.00 | srch=0.67 | wall=0.50
R7[T2][SITE      ]: L=+0.99 R=+1.00 | carry=0 | base=0.20 ba=+0.96 | site=1 sd=0.20 sa=+0.03 | phero=0 pd=0.00 pa=+0.00 | srch=0.08 | wall=2.76
R8[T2][SITE      ]: L=+0.95 R=+1.00 | carry=0 | base=0.42 ba=-0.94 | site=1 sd=0.16 sa=+0.20 | phero=0 pd=0.00 pa=+0.00 | srch=0.16 | wall=2.01
R9[T3][EXPLORE   ]: L=+1.00 R=+1.00 | carry=0 | base=0.55 ba=-0.76 | site=0 sd=0.00 sa=+0.00 | phero=0 pd=0.00 pa=+0.00 | srch=0.45 | wall=1.40
R10[T3][EXPLORE   ]: L=+1.00 R=+1.00 | carry=0 | base=0.54 ba=+0.76 | site=0 sd=0.00 sa=+0.00 | phero=0 pd=0.00 pa=+0.00 | srch=0.56 | wall=1.14
R11[T3][SITE      ]: L=+1.00 R=+0.98 | carry=0 | base=0.32 ba=-0.91 | site=1 sd=0.17 sa=-0.10 | phero=0 pd=0.00 pa=+0.00 | srch=0.12 | wall=2.32
R12[T3][EXPLORE   ]: L=+1.00 R=+1.00 | carry=0 | base=0.63 ba=+0.87 | site=0 sd=0.00 sa=+0.00 | phero=0 pd=0.00 pa=+0.00 | srch=0.24 | wall=0.48
R13[T4][RTB       ]: L=+0.16 R=+1.00 | carry=1 | base=0.55 ba=+0.32 | site=0 sd=0.00 sa=+0.00 | phero=0 pd=0.00 pa=+0.00 | srch=0.00 | wall=1.02
R14[T4][SITE      ]: L=+0.97 R=+1.00 | carry=0 | base=0.10 ba=-0.99 | site=1 sd=0.25 sa=+0.14 | phero=0 pd=0.00 pa=+0.00 | srch=0.04 | wall=3.10
R15[T4][SITE      ]: L=+0.73 R=+0.73 | carry=0 | base=0.10 ba=-0.98 | site=1 sd=0.46 sa=-0.05 | phero=0 pd=0.00 pa=+0.00 | srch=0.05 | wall=3.04
R16[T4][RTB       ]: L=+1.00 R=+1.00 | carry=1 | base=0.15 ba=+0.00 | site=0 sd=0.00 sa=+0.00 | phero=0 pd=0.00 pa=+0.00 | srch=0.00 | wall=2.88

[PICKUP] Robot 5 picked up tag (density=8) | Total: 156
[DEPOSIT] Robot 1 deposited! Total: 153
  [PHERO] Laid at (-1.40, 1.06) density=3 prob=0.65 total_entries=26
  [TARGET] Robot 1 → SITE (-1.40,1.06)
[DEPOSIT] Robot 16 deposited! Total: 154
  [PHERO] Laid at (-1.14, 1.93) density=5 prob=0.92 total_entries=27
  [TARGET] Robot 16 → SITE (-1.14,1.93)
[PICKUP] Robot 7 picked up tag (density=2) | Total: 157
[PICKUP] Robot 8 picked up tag (density=9) | Total: 158
[PICKUP] Robot 3 picked up tag (density=4) | Total: 159
[PICKUP] Robot 4 picked up tag (density=5) | Total: 160

======================================================================
Step 17000 (9.1 min) | Pickups: 160 | Deposits: 154 | Rate: 16.99 tags/min | phero_entries=23 phero_max=0.550
======================================================================
R1[T1][SITE      ]: L=+1.00 R=+1.00 | carry=0 | base=0.27 ba=+1.00 | site=1 sd=0.10 sa=+0.21 | phero=0 pd=0.00 pa=+0.00 | srch=0.10 | wall=2.52
R2[T1][EXPLORE   ]: L=+1.00 R=+1.00 | carry=0 | base=0.44 ba=+0.21 | site=0 sd=0.00 sa=+0.00 | phero=0 pd=0.00 pa=+0.00 | srch=1.00 | wall=1.44
R3[T1][RTB       ]: L=+1.00 R=+1.00 | carry=1 | base=0.22 ba=+0.00 | site=0 sd=0.00 sa=+0.00 | phero=0 pd=0.00 pa=+0.00 | srch=0.00 | wall=2.71
R4[T1][RTB       ]: L=+1.00 R=+0.96 | carry=1 | base=0.38 ba=-0.01 | site=0 sd=0.00 sa=+0.00 | phero=0 pd=0.00 pa=+0.00 | srch=0.00 | wall=1.93
R5[T2][RTB       ]: L=+1.00 R=+1.00 | carry=1 | base=0.25 ba=+0.00 | site=0 sd=0.00 sa=+0.00 | phero=0 pd=0.00 pa=+0.00 | srch=0.00 | wall=2.27
R6[T2][EXPLORE   ]: L=+1.00 R=+1.00 | carry=0 | base=0.53 ba=+0.07 | site=0 sd=0.00 sa=+0.00 | phero=0 pd=0.00 pa=+0.00 | srch=0.80 | wall=1.28
R7[T2][RTB       ]: L=+1.00 R=+1.00 | carry=1 | base=0.18 ba=+0.00 | site=0 sd=0.00 sa=+0.00 | phero=0 pd=0.00 pa=+0.00 | srch=0.00 | wall=2.77
R8[T2][RTB       ]: L=+1.00 R=+1.00 | carry=1 | base=0.43 ba=+0.00 | site=0 sd=0.00 sa=+0.00 | phero=0 pd=0.00 pa=+0.00 | srch=0.00 | wall=1.81
R9[T3][EXPLORE   ]: L=+1.00 R=+1.00 | carry=0 | base=0.63 ba=-0.10 | site=0 sd=0.00 sa=+0.00 | phero=0 pd=0.00 pa=+0.00 | srch=0.58 | wall=0.68
R10[T3][EXPLORE   ]: L=+1.00 R=+1.00 | carry=0 | base=0.86 ba=+0.86 | site=0 sd=0.00 sa=+0.00 | phero=0 pd=0.00 pa=+0.00 | srch=0.69 | wall=0.44
R11[T3][EXPLORE   ]: L=+1.00 R=+1.00 | carry=0 | base=0.61 ba=-0.79 | site=0 sd=0.00 sa=+0.00 | phero=0 pd=0.00 pa=+0.00 | srch=0.25 | wall=0.55
R12[T3][EXPLORE   ]: L=+1.00 R=+1.00 | carry=0 | base=0.41 ba=+0.22 | site=0 sd=0.00 sa=+0.00 | phero=0 pd=0.00 pa=+0.00 | srch=0.36 | wall=1.47
R13[T4][RTB       ]: L=+1.00 R=+1.00 | carry=1 | base=0.19 ba=-0.00 | site=0 sd=0.00 sa=+0.00 | phero=0 pd=0.00 pa=+0.00 | srch=0.00 | wall=2.61
R14[T4][EXPLORE   ]: L=+1.00 R=+1.00 | carry=0 | base=0.35 ba=+0.51 | site=0 sd=0.00 sa=+0.00 | phero=0 pd=0.00 pa=+0.00 | srch=0.17 | wall=1.90
R15[T4][SITE      ]: L=+0.63 R=+0.64 | carry=0 | base=0.36 ba=-0.95 | site=1 sd=0.20 sa=+0.03 | phero=0 pd=0.00 pa=+0.00 | srch=0.17 | wall=1.92
R16[T4][SITE      ]: L=+0.98 R=+1.00 | carry=0 | base=0.25 ba=+0.97 | site=1 sd=0.22 sa=+0.12 | phero=0 pd=0.00 pa=+0.00 | srch=0.09 | wall=2.32

[PICKUP] Robot 1 picked up tag (density=1) | Total: 161
[GIVE-UP] R9 giving up after 2467 steps
[DEPOSIT] Robot 7 deposited! Total: 155
  [PHERO] Laid at (1.30, -1.07) density=2 prob=0.42 total_entries=24
  [TARGET] Robot 7 → SITE (1.30,-1.07)
[DEPOSIT] Robot 13 deposited! Total: 156
  [PHERO] Laid at (-1.12, -2.46) density=13 prob=1.00 total_entries=25
  [TARGET] Robot 13 → SITE (-1.12,-2.46)
[DEPOSIT] Robot 3 deposited! Total: 157
  [PHERO] Laid at (-1.25, 1.34) density=4 prob=0.82 total_entries=26
  [TARGET] Robot 3 → SITE (-1.25,1.34)
[DEPOSIT] Robot 5 deposited! Total: 158
  [PHERO] Laid at (-2.58, -0.13) density=8 prob=1.00 total_entries=27
  [TARGET] Robot 5 → SITE (-2.58,-0.13)
[PICKUP] Robot 16 picked up tag (density=3) | Total: 162
[DEPOSIT] Robot 4 deposited! Total: 159
  [PHERO] Laid at (-1.20, 1.68) density=5 prob=0.92 total_entries=27
  [TARGET] Robot 4 → SITE (-1.20,1.68)
[DEPOSIT] Robot 8 deposited! Total: 160
  [PHERO] Laid at (1.81, 2.21) density=9 prob=1.00 total_entries=27
  [TARGET] Robot 8 → SITE (1.81,2.21)

======================================================================
Step 17500 (9.3 min) | Pickups: 162 | Deposits: 160 | Rate: 17.14 tags/min | phero_entries=27 phero_max=0.981
======================================================================
R1[T1][RTB       ]: L=+1.00 R=+0.81 | carry=1 | base=0.14 ba=-0.09 | site=0 sd=0.00 sa=+0.00 | phero=0 pd=0.00 pa=+0.00 | srch=0.00 | wall=2.93
R2[T1][EXPLORE   ]: L=+1.00 R=+0.86 | carry=0 | base=0.30 ba=+0.85 | site=0 sd=0.00 sa=+0.00 | phero=0 pd=0.00 pa=+0.00 | srch=1.00 | wall=2.28
R3[T1][SITE      ]: L=+1.00 R=+1.00 | carry=0 | base=0.15 ba=+0.99 | site=1 sd=0.22 sa=-0.05 | phero=0 pd=0.00 pa=+0.00 | srch=0.07 | wall=2.97
R4[T1][BASE_ESC  ]: L=+0.00 R=+1.00 | carry=0 | base=0.04 ba=-0.69 | site=1 sd=0.37 sa=+0.39 | phero=0 pd=0.00 pa=+0.00 | srch=0.02 | wall=3.29
R5[T2][SITE      ]: L=+1.00 R=+0.95 | carry=0 | base=0.15 ba=+0.99 | site=1 sd=0.40 sa=-0.23 | phero=0 pd=0.00 pa=+0.00 | srch=0.06 | wall=2.88
R6[T2][EXPLORE   ]: L=+1.00 R=+1.00 | carry=0 | base=0.16 ba=-0.14 | site=0 sd=0.00 sa=+0.00 | phero=0 pd=0.00 pa=+0.00 | srch=0.92 | wall=2.84
R7[T2][SITE      ]: L=+1.00 R=+0.77 | carry=0 | base=0.15 ba=-0.88 | site=1 sd=0.20 sa=+0.05 | phero=0 pd=0.00 pa=+0.00 | srch=0.08 | wall=2.89
R8[T2][BASE_ESC  ]: L=+1.00 R=+0.00 | carry=0 | base=0.05 ba=+0.17 | site=1 sd=0.53 sa=-0.85 | phero=0 pd=0.00 pa=+0.00 | srch=0.00 | wall=3.31
R9[T3][GIVE_UP   ]: L=+1.00 R=+1.00 | carry=0 | base=0.25 ba=-0.00 | site=0 sd=0.00 sa=+0.00 | phero=0 pd=0.00 pa=+0.00 | srch=0.70 | wall=2.34
R10[T3][EXPLORE   ]: L=+1.00 R=+1.00 | carry=0 | base=0.59 ba=+0.05 | site=0 sd=0.00 sa=+0.00 | phero=0 pd=0.00 pa=+0.00 | srch=0.81 | wall=1.25
R11[T3][EXPLORE   ]: L=+1.00 R=+1.00 | carry=0 | base=0.42 ba=-0.25 | site=0 sd=0.00 sa=+0.00 | phero=0 pd=0.00 pa=+0.00 | srch=0.37 | wall=1.42
R12[T3][EXPLORE   ]: L=+1.00 R=+1.00 | carry=0 | base=0.27 ba=+0.59 | site=0 sd=0.00 sa=+0.00 | phero=0 pd=0.00 pa=+0.00 | srch=0.49 | wall=2.23
R13[T4][SITE      ]: L=+1.00 R=+1.00 | carry=0 | base=0.21 ba=-0.97 | site=1 sd=0.37 sa=+0.25 | phero=0 pd=0.00 pa=+0.00 | srch=0.08 | wall=2.71
R14[T4][EXPLORE   ]: L=+1.00 R=+1.00 | carry=0 | base=0.53 ba=+0.77 | site=0 sd=0.00 sa=+0.00 | phero=0 pd=0.00 pa=+0.00 | srch=0.29 | wall=1.11
R15[T4][SITE      ]: L=+0.14 R=+0.13 | carry=0 | base=0.49 ba=+0.95 | site=1 sd=0.07 sa=-0.11 | phero=0 pd=0.00 pa=+0.00 | srch=0.30 | wall=1.30
R16[T4][RTB       ]: L=+1.00 R=+1.00 | carry=1 | base=0.38 ba=+0.00 | site=0 sd=0.00 sa=+0.00 | phero=0 pd=0.00 pa=+0.00 | srch=0.00 | wall=1.93

[DEPOSIT] Robot 1 deposited! Total: 161
  [TARGET] Robot 1 → SITE (-1.36,1.16)
[EMPTY_RTN] R9 → phero(-1.20,1.68)
[PICKUP] Robot 7 picked up tag (density=1) | Total: 163
[DEPOSIT] Robot 16 deposited! Total: 162
  [PHERO] Laid at (-1.18, 1.97) density=3 prob=0.65 total_entries=26
  [TARGET] Robot 16 → SITE (-1.18,1.97)
[GIVE-UP] R12 giving up after 2424 steps

======================================================================
Step 18000 (9.6 min) | Pickups: 163 | Deposits: 162 | Rate: 16.88 tags/min | phero_entries=25 phero_max=0.890
======================================================================
R1[T1][SITE      ]: L=+0.94 R=+1.00 | carry=0 | base=0.25 ba=+0.97 | site=1 sd=0.16 sa=+0.29 | phero=0 pd=0.00 pa=+0.00 | srch=0.09 | wall=2.42
R2[T1][EXPLORE   ]: L=+1.00 R=+1.00 | carry=0 | base=0.68 ba=+0.94 | site=0 sd=0.00 sa=+0.00 | phero=0 pd=0.00 pa=+0.00 | srch=1.00 | wall=0.94
R3[T1][EXPLORE   ]: L=+1.00 R=+1.00 | carry=0 | base=0.49 ba=+0.99 | site=0 sd=0.00 sa=+0.00 | phero=0 pd=0.00 pa=+0.00 | srch=0.19 | wall=1.76
R4[T1][SITE      ]: L=+0.92 R=+1.00 | carry=0 | base=0.39 ba=+0.75 | site=1 sd=0.09 sa=+0.18 | phero=0 pd=0.00 pa=+0.00 | srch=0.14 | wall=1.73
R5[T2][SITE      ]: L=+0.82 R=+0.81 | carry=0 | base=0.47 ba=-0.77 | site=1 sd=0.07 sa=-0.03 | phero=0 pd=0.00 pa=+0.00 | srch=0.19 | wall=1.20
R6[T2][EXPLORE   ]: L=+1.00 R=+1.00 | carry=0 | base=0.30 ba=+1.00 | site=0 sd=0.00 sa=+0.00 | phero=0 pd=0.00 pa=+0.00 | srch=1.00 | wall=2.16
R7[T2][RTB       ]: L=+0.99 R=+1.00 | carry=1 | base=0.31 ba=+0.00 | site=0 sd=0.00 sa=+0.00 | phero=0 pd=0.00 pa=+0.00 | srch=0.00 | wall=2.24
R8[T2][SITE      ]: L=+1.00 R=+0.97 | carry=0 | base=0.36 ba=-0.99 | site=1 sd=0.25 sa=-0.20 | phero=0 pd=0.00 pa=+0.00 | srch=0.13 | wall=1.88
R9[T3][PHERO     ]: L=+1.00 R=+1.00 | carry=0 | base=0.09 ba=+0.75 | site=0 sd=0.00 sa=+0.00 | phero=1 pd=0.41 pa=+0.25 | srch=0.06 | wall=3.18
R10[T3][EXPLORE   ]: L=+1.00 R=+1.00 | carry=0 | base=0.30 ba=+0.45 | site=0 sd=0.00 sa=+0.00 | phero=0 pd=0.00 pa=+0.00 | srch=0.94 | wall=2.08
R11[T3][EXPLORE   ]: L=+1.00 R=+0.72 | carry=0 | base=0.26 ba=+0.57 | site=0 sd=0.00 sa=+0.00 | phero=0 pd=0.00 pa=+0.00 | srch=0.50 | wall=2.50
R12[T3][GIVE_UP   ]: L=+1.00 R=+0.00 | carry=0 | base=0.51 ba=-0.58 | site=0 sd=0.00 sa=+0.00 | phero=0 pd=0.00 pa=+0.00 | srch=0.61 | wall=1.00
R13[T4][SITE      ]: L=+1.00 R=+1.00 | carry=0 | base=0.56 ba=+0.69 | site=1 sd=0.21 sa=+0.28 | phero=0 pd=0.00 pa=+0.00 | srch=0.20 | wall=1.49
R14[T4][WALL_ESC  ]: L=+0.00 R=+1.00 | carry=0 | base=0.85 ba=+0.66 | site=0 sd=0.00 sa=+0.00 | phero=0 pd=0.00 pa=+0.00 | srch=0.42 | wall=0.35
R15[T4][SITE      ]: L=+0.52 R=+0.56 | carry=0 | base=0.50 ba=-0.90 | site=1 sd=0.06 sa=+0.04 | phero=0 pd=0.00 pa=+0.00 | srch=0.42 | wall=1.28
R16[T4][BASE_ESC  ]: L=+1.00 R=+0.00 | carry=0 | base=0.04 ba=+0.65 | site=1 sd=0.42 sa=-0.42 | phero=0 pd=0.00 pa=+0.00 | srch=0.02 | wall=3.34

[GIVE-UP] R10 giving up after 3855 steps
[PICKUP] Robot 5 picked up tag (density=7) | Total: 164
[PICKUP] Robot 8 picked up tag (density=8) | Total: 165
[PICKUP] Robot 14 picked up tag (density=15) | Total: 166
[PICKUP] Robot 15 picked up tag (density=12) | Total: 167
[PICKUP] Robot 13 picked up tag (density=11) | Total: 168
[GIVE-UP] R4 giving up after 869 steps
[DEPOSIT] Robot 7 deposited! Total: 163
  [TARGET] Robot 7 → PHERO (1.81,2.21)
[PICKUP] Robot 6 picked up tag (density=10) | Total: 169
[EMPTY_RTN] R10 → phero(-1.28,-2.46)

======================================================================
Step 18500 (9.9 min) | Pickups: 169 | Deposits: 163 | Rate: 16.52 tags/min | phero_entries=25 phero_max=0.400
======================================================================
R1[T1][EXPLORE   ]: L=+1.00 R=+1.00 | carry=0 | base=0.25 ba=+0.01 | site=0 sd=0.00 sa=+0.00 | phero=0 pd=0.00 pa=+0.00 | srch=0.22 | wall=2.52
R2[T1][EXPLORE   ]: L=+1.00 R=+1.00 | carry=0 | base=0.65 ba=+0.04 | site=0 sd=0.00 sa=+0.00 | phero=0 pd=0.00 pa=+0.00 | srch=1.00 | wall=0.88
R3[T1][EXPLORE   ]: L=+1.00 R=+1.00 | carry=0 | base=0.88 ba=+0.99 | site=0 sd=0.00 sa=+0.00 | phero=0 pd=0.00 pa=+0.00 | srch=0.32 | wall=0.43
R4[T1][GIVE_UP   ]: L=+1.00 R=+1.00 | carry=0 | base=0.27 ba=+0.00 | site=0 sd=0.00 sa=+0.00 | phero=0 pd=0.00 pa=+0.00 | srch=0.27 | wall=2.41
R5[T2][RTB       ]: L=+1.00 R=+1.00 | carry=1 | base=0.33 ba=-0.00 | site=0 sd=0.00 sa=+0.00 | phero=0 pd=0.00 pa=+0.00 | srch=0.00 | wall=1.89
R6[T2][RTB       ]: L=+0.94 R=+1.00 | carry=1 | base=0.54 ba=+0.02 | site=0 sd=0.00 sa=+0.00 | phero=0 pd=0.00 pa=+0.00 | srch=0.00 | wall=1.05
R7[T2][PHERO     ]: L=+0.35 R=+0.28 | carry=0 | base=0.05 ba=+0.60 | site=0 sd=0.00 sa=+0.00 | phero=1 pd=0.55 pa=-0.03 | srch=0.04 | wall=3.24
R8[T2][RTB       ]: L=+1.00 R=+1.00 | carry=1 | base=0.39 ba=-0.00 | site=0 sd=0.00 sa=+0.00 | phero=0 pd=0.00 pa=+0.00 | srch=0.00 | wall=1.89
R9[T3][PHERO     ]: L=+0.85 R=+1.00 | carry=0 | base=0.43 ba=+0.84 | site=0 sd=0.00 sa=+0.00 | phero=1 pd=0.20 pa=+0.44 | srch=0.19 | wall=1.40
R10[T3][BASE_ESC  ]: L=+1.00 R=+0.00 | carry=0 | base=0.04 ba=+0.31 | site=0 sd=0.00 sa=+0.00 | phero=1 pd=0.59 pa=+0.61 | srch=0.01 | wall=3.28
R11[T3][EXPLORE   ]: L=+0.28 R=+0.03 | carry=0 | base=0.29 ba=+0.97 | site=0 sd=0.00 sa=+0.00 | phero=0 pd=0.00 pa=+0.00 | srch=0.62 | wall=2.21
R12[T3][GIVE_UP   ]: L=+1.00 R=+1.00 | carry=0 | base=0.17 ba=-0.00 | site=0 sd=0.00 sa=+0.00 | phero=0 pd=0.00 pa=+0.00 | srch=0.74 | wall=2.66
R13[T4][RTB       ]: L=+1.00 R=+1.00 | carry=1 | base=0.46 ba=+0.00 | site=0 sd=0.00 sa=+0.00 | phero=0 pd=0.00 pa=+0.00 | srch=0.00 | wall=1.50
R14[T4][RTB       ]: L=+1.00 R=+1.00 | carry=1 | base=0.62 ba=+0.00 | site=0 sd=0.00 sa=+0.00 | phero=0 pd=0.00 pa=+0.00 | srch=0.00 | wall=1.16
R15[T4][RTB       ]: L=+1.00 R=+1.00 | carry=1 | base=0.47 ba=-0.00 | site=0 sd=0.00 sa=+0.00 | phero=0 pd=0.00 pa=+0.00 | srch=0.00 | wall=1.50
R16[T4][SITE      ]: L=+0.93 R=+1.00 | carry=0 | base=0.38 ba=-0.99 | site=1 sd=0.12 sa=+0.31 | phero=0 pd=0.00 pa=+0.00 | srch=0.14 | wall=1.71

[PICKUP] Robot 2 picked up tag (density=7) | Total: 170
[EMPTY_RTN] R12 → phero(1.61,-1.20)
[GIVE-UP] R11 giving up after 2743 steps
TIMEOUT_RESULT pickups=170 deposits=163 steps=18750 elapsed_min=10.000000
BATCH_RESULT pickups=170 deposits=163
