Gym has been unmaintained since 2022 and does not support NumPy 2.0 amongst other critical functionality.
Please upgrade to Gymnasium, the maintained drop-in replacement of Gym, or contact the authors of your software and request that they upgrade.
Users of this version of Gym should be able to simply replace 'import gym' with 'import gymnasium as gym' in the vast majority of cases.
See the migration guide at https://gymnasium.farama.org/introduction/migration_guide/ for additional information.
============================================================
EVALUATION MODE — CPFA-RL Trained Model
Arena: 7×7m  |  Robots: 16  (teams of 4: 4)  |  Tags: 208
Obs per team: 18 × 4 = 72  |  Total obs dim: 288
============================================================

Loading model: ppo_cpfa_v9
Model loaded. Starting evaluation...

============================================================

[PICKUP] Robot 4 picked up tag (density=9) | Total: 1
[PICKUP] Robot 12 picked up tag (density=9) | Total: 2
[PICKUP] Robot 5 picked up tag (density=8) | Total: 3
[GIVE-UP] R9 giving up after 78 steps
[EMPTY_RTN] R9 → EXPLORE
[PICKUP] Robot 3 picked up tag (density=7) | Total: 4
[DEPOSIT] Robot 12 deposited! Total: 1
  [PHERO] Laid at (-0.19, -0.46) density=9 prob=1.00 total_entries=1
  [TARGET] Robot 12 → SITE (-0.19,-0.46)
[DEPOSIT] Robot 4 deposited! Total: 2
  [PHERO] Laid at (0.19, 0.46) density=9 prob=1.00 total_entries=2
  [TARGET] Robot 4 → SITE (0.19,0.46)
[PICKUP] Robot 6 picked up tag (density=6) | Total: 5
[PICKUP] Robot 10 picked up tag (density=8) | Total: 6
[DEPOSIT] Robot 5 deposited! Total: 3
  [PHERO] Laid at (0.16, 0.50) density=8 prob=1.00 total_entries=3
  [TARGET] Robot 5 → SITE (0.16,0.50)
[PICKUP] Robot 8 picked up tag (density=5) | Total: 7
[GIVE-UP] R2 giving up after 312 steps
[PICKUP] Robot 14 picked up tag (density=9) | Total: 8
[PICKUP] Robot 12 picked up tag (density=7) | Total: 9
[DEPOSIT] Robot 6 deposited! Total: 4
  [PHERO] Laid at (0.31, 0.44) density=6 prob=0.97 total_entries=4
  [TARGET] Robot 6 → SITE (0.31,0.44)
[DEPOSIT] Robot 10 deposited! Total: 5
  [PHERO] Laid at (-0.10, -0.44) density=8 prob=1.00 total_entries=5
  [TARGET] Robot 10 → SITE (-0.10,-0.44)
[DEPOSIT] Robot 3 deposited! Total: 6
  [PHERO] Laid at (0.39, 0.38) density=7 prob=0.99 total_entries=6
  [TARGET] Robot 3 → SITE (0.39,0.38)
[DEPOSIT] Robot 8 deposited! Total: 7
  [PHERO] Laid at (0.18, 0.56) density=5 prob=0.92 total_entries=7
  [TARGET] Robot 8 → SITE (0.18,0.56)

======================================================================
Step 500 (0.3 min) | Pickups: 9 | Deposits: 7 | Rate: 26.25 tags/min | phero_entries=7 phero_max=0.911
======================================================================
R1[T1][EXPLORE   ]: L=+1.00 R=+1.00 | carry=0 | base=0.49 ba=+1.00 | site=0 sd=0.00 sa=+0.00 | phero=0 pd=0.00 pa=+0.00 | srch=0.12 | wall=1.08
R2[T1][GIVE_UP   ]: L=+1.00 R=+1.00 | carry=0 | base=0.18 ba=-0.00 | site=0 sd=0.00 sa=+0.00 | phero=0 pd=0.00 pa=+0.00 | srch=0.12 | wall=2.64
R3[T1][BASE_ESC  ]: L=+0.09 R=+1.00 | carry=0 | base=0.05 ba=-0.77 | site=1 sd=0.06 sa=+0.28 | phero=0 pd=0.00 pa=+0.00 | srch=0.02 | wall=3.32
R4[T1][SITE      ]: L=+0.46 R=+0.65 | carry=0 | base=0.10 ba=+0.68 | site=1 sd=0.01 sa=+0.17 | phero=0 pd=0.00 pa=+0.00 | srch=0.09 | wall=3.08
R5[T2][SITE      ]: L=+0.77 R=+0.72 | carry=0 | base=0.08 ba=+0.71 | site=1 sd=0.03 sa=-0.03 | phero=0 pd=0.00 pa=+0.00 | srch=0.07 | wall=3.13
R6[T2][BASE_ESC  ]: L=-0.34 R=+1.00 | carry=0 | base=0.05 ba=+0.81 | site=1 sd=0.07 sa=+0.12 | phero=0 pd=0.00 pa=+0.00 | srch=0.04 | wall=3.27
R7[T2][EXPLORE   ]: L=+1.00 R=+0.43 | carry=0 | base=0.12 ba=+0.76 | site=0 sd=0.00 sa=+0.00 | phero=0 pd=0.00 pa=+0.00 | srch=0.12 | wall=3.04
R8[T2][BASE_ESC  ]: L=+1.00 R=+0.00 | carry=0 | base=0.04 ba=+0.49 | site=1 sd=0.07 sa=-0.50 | phero=0 pd=0.00 pa=+0.00 | srch=0.01 | wall=3.29
R9[T3][EXPLORE   ]: L=+1.00 R=+1.00 | carry=0 | base=0.29 ba=+1.00 | site=0 sd=0.00 sa=+0.00 | phero=0 pd=0.00 pa=+0.00 | srch=0.11 | wall=2.09
R10[T3][SITE      ]: L=+1.00 R=-0.09 | carry=0 | base=0.05 ba=-0.86 | site=1 sd=0.05 sa=-0.19 | phero=0 pd=0.00 pa=+0.00 | srch=0.03 | wall=3.26
R11[T3][EXPLORE   ]: L=+0.55 R=+1.00 | carry=0 | base=0.06 ba=+0.61 | site=0 sd=0.00 sa=+0.00 | phero=0 pd=0.00 pa=+0.00 | srch=0.12 | wall=3.20
R12[T3][RTB       ]: L=+1.00 R=+0.96 | carry=1 | base=0.06 ba=-0.01 | site=0 sd=0.00 sa=+0.00 | phero=0 pd=0.00 pa=+0.00 | srch=0.00 | wall=3.27
R13[T4][EXPLORE   ]: L=+1.00 R=+1.00 | carry=0 | base=0.37 ba=+0.93 | site=0 sd=0.00 sa=+0.00 | phero=0 pd=0.00 pa=+0.00 | srch=0.12 | wall=1.69
R14[T4][RTB       ]: L=+0.94 R=+1.00 | carry=1 | base=0.29 ba=+0.02 | site=0 sd=0.00 sa=+0.00 | phero=0 pd=0.00 pa=+0.00 | srch=0.00 | wall=2.12
R15[T4][EXPLORE   ]: L=+1.00 R=+1.00 | carry=0 | base=0.46 ba=+0.95 | site=0 sd=0.00 sa=+0.00 | phero=0 pd=0.00 pa=+0.00 | srch=0.12 | wall=1.23
R16[T4][EXPLORE   ]: L=+1.00 R=+1.00 | carry=0 | base=0.48 ba=+0.97 | site=0 sd=0.00 sa=+0.00 | phero=0 pd=0.00 pa=+0.00 | srch=0.12 | wall=1.14

[DEPOSIT] Robot 12 deposited! Total: 8
  [PHERO] Laid at (-0.23, -0.46) density=7 prob=0.99 total_entries=8
  [TARGET] Robot 12 → SITE (-0.23,-0.46)
[PICKUP] Robot 7 picked up tag (density=4) | Total: 10
[PICKUP] Robot 4 picked up tag (density=3) | Total: 11
[GIVE-UP] R9 giving up after 546 steps
[EMPTY_RTN] R2 → phero(0.19,0.46)
[PICKUP] Robot 8 picked up tag (density=2) | Total: 12
[DEPOSIT] Robot 4 deposited! Total: 9
  [PHERO] Laid at (0.22, 0.53) density=3 prob=0.65 total_entries=9
  [TARGET] Robot 4 → SITE (0.22,0.53)
[PICKUP] Robot 12 picked up tag (density=6) | Total: 13
[DEPOSIT] Robot 7 deposited! Total: 10
  [TARGET] Robot 7 → SITE (0.47,0.46)
[DEPOSIT] Robot 14 deposited! Total: 11
  [PHERO] Laid at (1.49, -0.46) density=9 prob=1.00 total_entries=10
  [TARGET] Robot 14 → SITE (1.49,-0.46)
[PICKUP] Robot 6 picked up tag (density=1) | Total: 14
[PICKUP] Robot 10 picked up tag (density=5) | Total: 15
[DEPOSIT] Robot 12 deposited! Total: 12
  [PHERO] Laid at (-0.23, -0.51) density=6 prob=0.97 total_entries=11
  [TARGET] Robot 12 → SITE (-0.23,-0.51)

======================================================================
Step 1000 (0.5 min) | Pickups: 15 | Deposits: 12 | Rate: 22.50 tags/min | phero_entries=11 phero_max=0.925
======================================================================
R1[T1][EXPLORE   ]: L=+1.00 R=+1.00 | carry=0 | base=0.50 ba=+0.07 | site=0 sd=0.00 sa=+0.00 | phero=0 pd=0.00 pa=+0.00 | srch=0.25 | wall=1.05
R2[T1][PHERO     ]: L=+0.99 R=+1.00 | carry=0 | base=0.05 ba=+0.61 | site=0 sd=0.00 sa=+0.00 | phero=1 pd=0.07 pa=+0.03 | srch=0.08 | wall=3.25
R3[T1][EXPLORE   ]: L=+1.00 R=+1.00 | carry=0 | base=0.06 ba=+0.00 | site=0 sd=0.00 sa=+0.00 | phero=0 pd=0.00 pa=+0.00 | srch=0.15 | wall=3.19
R4[T1][EXPLORE   ]: L=+1.00 R=+1.00 | carry=0 | base=0.13 ba=-0.80 | site=0 sd=0.00 sa=+0.00 | phero=0 pd=0.00 pa=+0.00 | srch=0.07 | wall=2.92
R5[T2][EXPLORE   ]: L=+1.00 R=+1.00 | carry=0 | base=0.43 ba=+0.92 | site=0 sd=0.00 sa=+0.00 | phero=0 pd=0.00 pa=+0.00 | srch=0.20 | wall=1.43
R6[T2][RTB       ]: L=+0.93 R=+1.00 | carry=1 | base=0.10 ba=+0.03 | site=0 sd=0.00 sa=+0.00 | phero=0 pd=0.00 pa=+0.00 | srch=0.00 | wall=3.04
R7[T2][SITE      ]: L=-0.04 R=-0.16 | carry=0 | base=0.05 ba=-0.73 | site=1 sd=0.10 sa=-0.04 | phero=0 pd=0.00 pa=+0.00 | srch=0.05 | wall=3.25
R8[T2][RTB       ]: L=+1.00 R=+0.99 | carry=1 | base=0.06 ba=-0.00 | site=0 sd=0.00 sa=+0.00 | phero=0 pd=0.00 pa=+0.00 | srch=0.00 | wall=3.26
R9[T3][GIVE_UP   ]: L=+1.00 R=+1.00 | carry=0 | base=0.18 ba=+0.00 | site=0 sd=0.00 sa=+0.00 | phero=0 pd=0.00 pa=+0.00 | srch=0.23 | wall=2.61
R10[T3][RTB       ]: L=+1.00 R=+0.97 | carry=1 | base=0.06 ba=-0.01 | site=0 sd=0.00 sa=+0.00 | phero=0 pd=0.00 pa=+0.00 | srch=0.00 | wall=3.25
R11[T3][EXPLORE   ]: L=+1.00 R=+0.57 | carry=0 | base=0.14 ba=+0.06 | site=0 sd=0.00 sa=+0.00 | phero=0 pd=0.00 pa=+0.00 | srch=0.25 | wall=2.89
R12[T3][BASE_ESC  ]: L=+1.00 R=+0.00 | carry=0 | base=0.04 ba=+0.41 | site=1 sd=0.07 sa=-0.63 | phero=0 pd=0.00 pa=+0.00 | srch=0.01 | wall=3.29
R13[T4][EXPLORE   ]: L=+1.00 R=+1.00 | carry=0 | base=0.63 ba=+0.16 | site=0 sd=0.00 sa=+0.00 | phero=0 pd=0.00 pa=+0.00 | srch=0.25 | wall=0.40
R14[T4][SITE      ]: L=+1.00 R=+1.00 | carry=0 | base=0.09 ba=+0.98 | site=1 sd=0.24 sa=-0.26 | phero=0 pd=0.00 pa=+0.00 | srch=0.05 | wall=3.07
R15[T4][EXPLORE   ]: L=+1.00 R=+1.00 | carry=0 | base=0.56 ba=-0.01 | site=0 sd=0.00 sa=+0.00 | phero=0 pd=0.00 pa=+0.00 | srch=0.25 | wall=0.72
R16[T4][EXPLORE   ]: L=+1.00 R=+1.00 | carry=0 | base=0.51 ba=+0.08 | site=0 sd=0.00 sa=+0.00 | phero=0 pd=0.00 pa=+0.00 | srch=0.25 | wall=1.00

[DEPOSIT] Robot 8 deposited! Total: 13
  [PHERO] Laid at (0.22, 0.61) density=2 prob=0.42 total_entries=12
  [TARGET] Robot 8 → SITE (0.22,0.61)
[DEPOSIT] Robot 10 deposited! Total: 14
  [PHERO] Laid at (-0.16, -0.51) density=5 prob=0.92 total_entries=13
  [TARGET] Robot 10 → SITE (-0.16,-0.51)
[DEPOSIT] Robot 6 deposited! Total: 15
  [TARGET] Robot 6 → SITE (0.33,0.57)
[EMPTY_RTN] R9 → phero(0.22,0.61)
[PICKUP] Robot 12 picked up tag (density=4) | Total: 16
[PICKUP] Robot 4 picked up tag (density=16) | Total: 17
[PICKUP] Robot 10 picked up tag (density=3) | Total: 18
[DEPOSIT] Robot 12 deposited! Total: 16
  [PHERO] Laid at (-0.24, -0.53) density=4 prob=0.82 total_entries=14
  [TARGET] Robot 12 → SITE (-0.24,-0.53)
[PICKUP] Robot 14 picked up tag (density=8) | Total: 19
[PICKUP] Robot 13 picked up tag (density=15) | Total: 20
[DEPOSIT] Robot 10 deposited! Total: 17
  [PHERO] Laid at (-0.14, -0.59) density=3 prob=0.65 total_entries=15
  [TARGET] Robot 10 → SITE (-0.14,-0.59)

======================================================================
Step 1500 (0.8 min) | Pickups: 20 | Deposits: 17 | Rate: 21.25 tags/min | phero_entries=15 phero_max=0.981
======================================================================
R1[T1][EXPLORE   ]: L=+1.00 R=+1.00 | carry=0 | base=0.15 ba=+0.28 | site=0 sd=0.00 sa=+0.00 | phero=0 pd=0.00 pa=+0.00 | srch=0.38 | wall=2.95
R2[T1][EXPLORE   ]: L=+1.00 R=+1.00 | carry=0 | base=0.40 ba=+0.95 | site=0 sd=0.00 sa=+0.00 | phero=0 pd=0.00 pa=+0.00 | srch=0.21 | wall=1.52
R3[T1][EXPLORE   ]: L=+0.27 R=+0.46 | carry=0 | base=0.13 ba=-0.62 | site=0 sd=0.00 sa=+0.00 | phero=0 pd=0.00 pa=+0.00 | srch=0.27 | wall=2.98
R4[T1][RTB       ]: L=+1.00 R=+0.98 | carry=1 | base=0.20 ba=-0.01 | site=0 sd=0.00 sa=+0.00 | phero=0 pd=0.00 pa=+0.00 | srch=0.00 | wall=2.76
R5[T2][EXPLORE   ]: L=+1.00 R=+1.00 | carry=0 | base=0.63 ba=+0.22 | site=0 sd=0.00 sa=+0.00 | phero=0 pd=0.00 pa=+0.00 | srch=0.32 | wall=0.64
R6[T2][EXPLORE   ]: L=+1.00 R=+1.00 | carry=0 | base=0.24 ba=+0.85 | site=0 sd=0.00 sa=+0.00 | phero=0 pd=0.00 pa=+0.00 | srch=0.11 | wall=2.32
R7[T2][EXPLORE   ]: L=+1.00 R=+1.00 | carry=0 | base=0.19 ba=+0.98 | site=0 sd=0.00 sa=+0.00 | phero=0 pd=0.00 pa=+0.00 | srch=0.18 | wall=2.76
R8[T2][EXPLORE   ]: L=+1.00 R=+1.00 | carry=0 | base=0.24 ba=-0.99 | site=0 sd=0.00 sa=+0.00 | phero=0 pd=0.00 pa=+0.00 | srch=0.12 | wall=2.40
R9[T3][PHERO     ]: L=+0.55 R=+0.09 | carry=0 | base=0.10 ba=-0.57 | site=0 sd=0.00 sa=+0.00 | phero=1 pd=0.07 pa=-0.01 | srch=0.08 | wall=3.04
R10[T3][BASE_ESC  ]: L=+1.00 R=+0.00 | carry=0 | base=0.05 ba=+0.15 | site=1 sd=0.08 sa=-0.97 | phero=0 pd=0.00 pa=+0.00 | srch=0.00 | wall=3.27
R11[T3][EXPLORE   ]: L=+1.00 R=+0.92 | carry=0 | base=0.16 ba=+0.72 | site=0 sd=0.00 sa=+0.00 | phero=0 pd=0.00 pa=+0.00 | srch=0.38 | wall=2.88
R12[T3][SITE      ]: L=-1.00 R=+1.00 | carry=0 | base=0.05 ba=-0.94 | site=1 sd=0.08 sa=+0.30 | phero=0 pd=0.00 pa=+0.00 | srch=0.03 | wall=3.30
R13[T4][RTB       ]: L=+0.43 R=+1.00 | carry=1 | base=0.35 ba=+0.21 | site=0 sd=0.00 sa=+0.00 | phero=0 pd=0.00 pa=+0.00 | srch=0.00 | wall=1.97
R14[T4][RTB       ]: L=+1.00 R=+0.16 | carry=1 | base=0.32 ba=-0.34 | site=0 sd=0.00 sa=+0.00 | phero=0 pd=0.00 pa=+0.00 | srch=0.00 | wall=1.99
R15[T4][EXPLORE   ]: L=+1.00 R=+1.00 | carry=0 | base=0.23 ba=-0.18 | site=0 sd=0.00 sa=+0.00 | phero=0 pd=0.00 pa=+0.00 | srch=0.38 | wall=2.43
R16[T4][EXPLORE   ]: L=+1.00 R=+1.00 | carry=0 | base=0.26 ba=+0.67 | site=0 sd=0.00 sa=+0.00 | phero=0 pd=0.00 pa=+0.00 | srch=0.38 | wall=2.57

[PICKUP] Robot 8 picked up tag (density=12) | Total: 21
[PICKUP] Robot 7 picked up tag (density=14) | Total: 22
[DEPOSIT] Robot 4 deposited! Total: 18
  [PHERO] Laid at (1.06, 1.07) density=16 prob=1.00 total_entries=16
  [TARGET] Robot 4 → SITE (1.06,1.07)
[PICKUP] Robot 12 picked up tag (density=2) | Total: 23
[PICKUP] Robot 15 picked up tag (density=1) | Total: 24
[DEPOSIT] Robot 14 deposited! Total: 19
  [PHERO] Laid at (1.52, -0.50) density=8 prob=1.00 total_entries=17
  [TARGET] Robot 14 → SITE (1.52,-0.50)
[DEPOSIT] Robot 12 deposited! Total: 20
  [TARGET] Robot 12 → SITE (-0.28,-0.59)
[DEPOSIT] Robot 13 deposited! Total: 21
  [PHERO] Laid at (1.56, 0.79) density=15 prob=1.00 total_entries=18
  [TARGET] Robot 13 → SITE (1.56,0.79)
[DEPOSIT] Robot 15 deposited! Total: 22
  [TARGET] Robot 15 → SITE (-0.12,-0.64)

======================================================================
Step 2000 (1.1 min) | Pickups: 24 | Deposits: 22 | Rate: 20.62 tags/min | phero_entries=18 phero_max=0.932
======================================================================
R1[T1][EXPLORE   ]: L=+1.00 R=+1.00 | carry=0 | base=0.15 ba=+0.49 | site=0 sd=0.00 sa=+0.00 | phero=0 pd=0.00 pa=+0.00 | srch=0.50 | wall=2.83
R2[T1][EXPLORE   ]: L=+1.00 R=+0.95 | carry=0 | base=0.45 ba=+0.45 | site=0 sd=0.00 sa=+0.00 | phero=0 pd=0.00 pa=+0.00 | srch=0.33 | wall=1.33
R3[T1][EXPLORE   ]: L=+1.00 R=+1.00 | carry=0 | base=0.15 ba=+0.78 | site=0 sd=0.00 sa=+0.00 | phero=0 pd=0.00 pa=+0.00 | srch=0.40 | wall=2.77
R4[T1][SITE      ]: L=+0.95 R=+1.00 | carry=0 | base=0.16 ba=+0.96 | site=1 sd=0.15 sa=+0.10 | phero=0 pd=0.00 pa=+0.00 | srch=0.08 | wall=2.83
R5[T2][EXPLORE   ]: L=+1.00 R=+1.00 | carry=0 | base=0.42 ba=+0.43 | site=0 sd=0.00 sa=+0.00 | phero=0 pd=0.00 pa=+0.00 | srch=0.45 | wall=1.67
R6[T2][EXPLORE   ]: L=+1.00 R=+1.00 | carry=0 | base=0.61 ba=+0.94 | site=0 sd=0.00 sa=+0.00 | phero=0 pd=0.00 pa=+0.00 | srch=0.23 | wall=0.53
R7[T2][RTB       ]: L=+1.00 R=+1.00 | carry=1 | base=0.07 ba=+0.00 | site=0 sd=0.00 sa=+0.00 | phero=0 pd=0.00 pa=+0.00 | srch=0.00 | wall=3.26
R8[T2][RTB       ]: L=+1.00 R=+1.00 | carry=1 | base=0.11 ba=-0.00 | site=0 sd=0.00 sa=+0.00 | phero=0 pd=0.00 pa=+0.00 | srch=0.00 | wall=3.02
R9[T3][PHERO     ]: L=+1.00 R=+0.92 | carry=0 | base=0.13 ba=-0.45 | site=0 sd=0.00 sa=+0.00 | phero=1 pd=0.07 pa=-0.04 | srch=0.21 | wall=2.86
R10[T3][SITE      ]: L=-0.67 R=-0.79 | carry=0 | base=0.10 ba=-0.67 | site=1 sd=0.03 sa=+0.16 | phero=0 pd=0.00 pa=+0.00 | srch=0.13 | wall=3.02
R11[T3][EXPLORE   ]: L=+0.56 R=+0.02 | carry=0 | base=0.19 ba=+0.20 | site=0 sd=0.00 sa=+0.00 | phero=0 pd=0.00 pa=+0.00 | srch=0.50 | wall=2.75
R12[T3][BASE_ESC  ]: L=+0.00 R=+1.00 | carry=0 | base=0.04 ba=-0.41 | site=1 sd=0.09 sa=+0.72 | phero=0 pd=0.00 pa=+0.00 | srch=0.01 | wall=3.34
R13[T4][BASE_ESC  ]: L=+1.00 R=+0.00 | carry=0 | base=0.04 ba=+0.40 | site=1 sd=0.31 sa=-0.61 | phero=0 pd=0.00 pa=+0.00 | srch=0.01 | wall=3.31
R14[T4][SITE      ]: L=+0.50 R=+1.00 | carry=0 | base=0.05 ba=-0.98 | site=1 sd=0.28 sa=+0.14 | phero=0 pd=0.00 pa=+0.00 | srch=0.03 | wall=3.29
R15[T4][BASE_ESC  ]: L=+0.00 R=+1.00 | carry=0 | base=0.05 ba=-0.05 | site=1 sd=0.09 sa=-0.95 | phero=0 pd=0.00 pa=+0.00 | srch=0.00 | wall=3.28
R16[T4][EXPLORE   ]: L=+1.00 R=+1.00 | carry=0 | base=0.57 ba=-0.98 | site=0 sd=0.00 sa=+0.00 | phero=0 pd=0.00 pa=+0.00 | srch=0.50 | wall=0.77

[DEPOSIT] Robot 7 deposited! Total: 23
  [PHERO] Laid at (1.05, 0.87) density=14 prob=1.00 total_entries=19
  [TARGET] Robot 7 → SITE (1.05,0.87)
[PICKUP] Robot 5 picked up tag (density=9) | Total: 25
[DEPOSIT] Robot 8 deposited! Total: 24
  [PHERO] Laid at (0.56, 1.47) density=12 prob=1.00 total_entries=20
  [TARGET] Robot 8 → SITE (0.56,1.47)
[PICKUP] Robot 4 picked up tag (density=13) | Total: 26
[PICKUP] Robot 16 picked up tag (density=16) | Total: 27
[PICKUP] Robot 2 picked up tag (density=16) | Total: 28
[PICKUP] Robot 13 picked up tag (density=12) | Total: 29
[PICKUP] Robot 14 picked up tag (density=7) | Total: 30

======================================================================
Step 2500 (1.3 min) | Pickups: 30 | Deposits: 24 | Rate: 18.00 tags/min | phero_entries=20 phero_max=0.505
======================================================================
R1[T1][EXPLORE   ]: L=+1.00 R=+1.00 | carry=0 | base=0.41 ba=+0.88 | site=0 sd=0.00 sa=+0.00 | phero=0 pd=0.00 pa=+0.00 | srch=0.62 | wall=1.48
R2[T1][RTB       ]: L=+1.00 R=+1.00 | carry=1 | base=0.43 ba=+0.00 | site=0 sd=0.00 sa=+0.00 | phero=0 pd=0.00 pa=+0.00 | srch=0.00 | wall=1.93
R3[T1][EXPLORE   ]: L=+0.33 R=+0.65 | carry=0 | base=0.26 ba=-0.93 | site=0 sd=0.00 sa=+0.00 | phero=0 pd=0.00 pa=+0.00 | srch=0.52 | wall=2.56
R4[T1][RTB       ]: L=+1.00 R=+1.00 | carry=1 | base=0.11 ba=+0.00 | site=0 sd=0.00 sa=+0.00 | phero=0 pd=0.00 pa=+0.00 | srch=0.00 | wall=3.10
R5[T2][RTB       ]: L=+1.00 R=+1.00 | carry=1 | base=0.11 ba=+0.00 | site=0 sd=0.00 sa=+0.00 | phero=0 pd=0.00 pa=+0.00 | srch=0.00 | wall=3.01
R6[T2][EXPLORE   ]: L=+1.00 R=+1.00 | carry=0 | base=0.46 ba=+0.31 | site=0 sd=0.00 sa=+0.00 | phero=0 pd=0.00 pa=+0.00 | srch=0.36 | wall=1.56
R7[T2][SITE      ]: L=+0.94 R=+0.97 | carry=0 | base=0.26 ba=+0.95 | site=1 sd=0.01 sa=+0.02 | phero=0 pd=0.00 pa=+0.00 | srch=0.12 | wall=2.49
R8[T2][SITE      ]: L=+0.92 R=+1.00 | carry=0 | base=0.27 ba=+0.86 | site=1 sd=0.07 sa=+0.15 | phero=0 pd=0.00 pa=+0.00 | srch=0.11 | wall=2.32
R9[T3][EXPLORE   ]: L=+1.00 R=+1.00 | carry=0 | base=0.36 ba=-0.88 | site=0 sd=0.00 sa=+0.00 | phero=0 pd=0.00 pa=+0.00 | srch=0.33 | wall=1.76
R10[T3][EXPLORE   ]: L=+1.00 R=+1.00 | carry=0 | base=0.26 ba=-0.88 | site=0 sd=0.00 sa=+0.00 | phero=0 pd=0.00 pa=+0.00 | srch=0.25 | wall=2.53
R11[T3][EXPLORE   ]: L=+1.00 R=+1.00 | carry=0 | base=0.52 ba=+0.98 | site=0 sd=0.00 sa=+0.00 | phero=0 pd=0.00 pa=+0.00 | srch=0.62 | wall=1.22
R12[T3][EXPLORE   ]: L=+1.00 R=+1.00 | carry=0 | base=0.35 ba=+0.96 | site=0 sd=0.00 sa=+0.00 | phero=0 pd=0.00 pa=+0.00 | srch=0.14 | wall=1.79
R13[T4][RTB       ]: L=+1.00 R=+0.30 | carry=1 | base=0.28 ba=-0.28 | site=0 sd=0.00 sa=+0.00 | phero=0 pd=0.00 pa=+0.00 | srch=0.00 | wall=2.33
R14[T4][RTB       ]: L=+1.00 R=+0.03 | carry=1 | base=0.33 ba=-0.39 | site=0 sd=0.00 sa=+0.00 | phero=0 pd=0.00 pa=+0.00 | srch=0.00 | wall=1.95
R15[T4][EXPLORE   ]: L=+0.47 R=+1.00 | carry=0 | base=0.16 ba=+0.00 | site=0 sd=0.00 sa=+0.00 | phero=0 pd=0.00 pa=+0.00 | srch=0.13 | wall=2.75
R16[T4][RTB       ]: L=+1.00 R=+1.00 | carry=1 | base=0.42 ba=-0.00 | site=0 sd=0.00 sa=+0.00 | phero=0 pd=0.00 pa=+0.00 | srch=0.00 | wall=1.79

[PICKUP] Robot 7 picked up tag (density=11) | Total: 31
[DEPOSIT] Robot 5 deposited! Total: 25
  [PHERO] Laid at (-1.89, 0.77) density=9 prob=1.00 total_entries=21
  [TARGET] Robot 5 → SITE (-1.89,0.77)
[DEPOSIT] Robot 4 deposited! Total: 26
  [PHERO] Laid at (1.05, 0.95) density=13 prob=1.00 total_entries=22
  [TARGET] Robot 4 → SITE (1.05,0.95)
[PICKUP] Robot 8 picked up tag (density=11) | Total: 32
[PICKUP] Robot 1 picked up tag (density=12) | Total: 33
[DEPOSIT] Robot 13 deposited! Total: 27
  [PHERO] Laid at (1.14, 0.82) density=12 prob=1.00 total_entries=23
  [TARGET] Robot 13 → SITE (1.14,0.82)
[DEPOSIT] Robot 14 deposited! Total: 28
  [PHERO] Laid at (1.54, -0.52) density=7 prob=0.99 total_entries=24
  [TARGET] Robot 14 → SITE (1.54,-0.52)
[GIVE-UP] R3 giving up after 2505 steps
[DEPOSIT] Robot 7 deposited! Total: 29
  [PHERO] Laid at (1.10, 0.92) density=11 prob=1.00 total_entries=25
  [TARGET] Robot 7 → SITE (1.10,0.92)
[DEPOSIT] Robot 2 deposited! Total: 30
  [PHERO] Laid at (-1.76, 1.76) density=16 prob=1.00 total_entries=26
  [TARGET] Robot 2 → SITE (-1.76,1.76)

======================================================================
Step 3000 (1.6 min) | Pickups: 33 | Deposits: 30 | Rate: 18.75 tags/min | phero_entries=26 phero_max=0.987
======================================================================
R1[T1][RTB       ]: L=+1.00 R=+1.00 | carry=1 | base=0.39 ba=+0.00 | site=0 sd=0.00 sa=+0.00 | phero=0 pd=0.00 pa=+0.00 | srch=0.00 | wall=1.63
R2[T1][BASE_ESC  ]: L=+1.00 R=+0.00 | carry=0 | base=0.05 ba=+0.17 | site=1 sd=0.46 sa=-0.85 | phero=0 pd=0.00 pa=+0.00 | srch=0.00 | wall=3.33
R3[T1][GIVE_UP   ]: L=+0.29 R=+1.00 | carry=0 | base=0.53 ba=+0.29 | site=0 sd=0.00 sa=+0.00 | phero=0 pd=0.00 pa=+0.00 | srch=0.65 | wall=1.14
R4[T1][SITE      ]: L=+0.72 R=+0.86 | carry=0 | base=0.26 ba=-0.88 | site=1 sd=0.04 sa=-0.11 | phero=0 pd=0.00 pa=+0.00 | srch=0.10 | wall=2.58
R5[T2][SITE      ]: L=+1.00 R=+1.00 | carry=0 | base=0.28 ba=-0.83 | site=1 sd=0.19 sa=-0.15 | phero=0 pd=0.00 pa=+0.00 | srch=0.11 | wall=2.12
R6[T2][EXPLORE   ]: L=+1.00 R=+1.00 | carry=0 | base=0.52 ba=+0.70 | site=0 sd=0.00 sa=+0.00 | phero=0 pd=0.00 pa=+0.00 | srch=0.48 | wall=0.98
R7[T2][BASE_ESC  ]: L=+1.00 R=+0.00 | carry=0 | base=0.04 ba=+0.37 | site=1 sd=0.25 sa=-0.67 | phero=0 pd=0.00 pa=+0.00 | srch=0.01 | wall=3.35
R8[T2][RTB       ]: L=+1.00 R=+1.00 | carry=1 | base=0.08 ba=+0.00 | site=0 sd=0.00 sa=+0.00 | phero=0 pd=0.00 pa=+0.00 | srch=0.00 | wall=3.12
R9[T3][EXPLORE   ]: L=+1.00 R=+1.00 | carry=0 | base=0.63 ba=-0.13 | site=0 sd=0.00 sa=+0.00 | phero=0 pd=0.00 pa=+0.00 | srch=0.46 | wall=0.41
R10[T3][EXPLORE   ]: L=+1.00 R=+1.00 | carry=0 | base=0.64 ba=-0.95 | site=0 sd=0.00 sa=+0.00 | phero=0 pd=0.00 pa=+0.00 | srch=0.38 | wall=0.94
R11[T3][EXPLORE   ]: L=+1.00 R=+1.00 | carry=0 | base=0.61 ba=+0.07 | site=0 sd=0.00 sa=+0.00 | phero=0 pd=0.00 pa=+0.00 | srch=0.75 | wall=0.72
R12[T3][EXPLORE   ]: L=+1.00 R=+1.00 | carry=0 | base=0.64 ba=+0.10 | site=0 sd=0.00 sa=+0.00 | phero=0 pd=0.00 pa=+0.00 | srch=0.26 | wall=0.35
R13[T4][SITE      ]: L=+1.00 R=+1.00 | carry=0 | base=0.09 ba=+0.98 | site=1 sd=0.20 sa=+0.11 | phero=0 pd=0.00 pa=+0.00 | srch=0.04 | wall=3.08
R14[T4][BASE_ESC  ]: L=+0.30 R=+1.00 | carry=0 | base=0.05 ba=-0.82 | site=1 sd=0.28 sa=+0.28 | phero=0 pd=0.00 pa=+0.00 | srch=0.03 | wall=3.31
R15[T4][EXPLORE   ]: L=+0.32 R=+0.81 | carry=0 | base=0.18 ba=+0.58 | site=0 sd=0.00 sa=+0.00 | phero=0 pd=0.00 pa=+0.00 | srch=0.25 | wall=2.69
R16[T4][RTB       ]: L=+0.98 R=+1.00 | carry=1 | base=0.05 ba=+0.01 | site=0 sd=0.00 sa=+0.00 | phero=0 pd=0.00 pa=+0.00 | srch=0.00 | wall=3.28

[DEPOSIT] Robot 16 deposited! Total: 31
  [PHERO] Laid at (1.46, 2.32) density=16 prob=1.00 total_entries=27
  [TARGET] Robot 16 → SITE (1.46,2.32)
[PICKUP] Robot 4 picked up tag (density=10) | Total: 34
[DEPOSIT] Robot 8 deposited! Total: 32
  [PHERO] Laid at (0.58, 1.52) density=11 prob=1.00 total_entries=28
  [TARGET] Robot 8 → SITE (0.58,1.52)
[PICKUP] Robot 3 picked up tag (density=8) | Total: 35
[GIVE-UP] R12 giving up after 1256 steps
[PICKUP] Robot 11 picked up tag (density=10) | Total: 36
[PICKUP] Robot 13 picked up tag (density=9) | Total: 37
[PICKUP] Robot 9 picked up tag (density=6) | Total: 38
[DEPOSIT] Robot 1 deposited! Total: 33
  [PHERO] Laid at (-2.66, -0.46) density=12 prob=1.00 total_entries=29
  [TARGET] Robot 1 → SITE (-2.66,-0.46)
[PICKUP] Robot 14 picked up tag (density=5) | Total: 39
[DEPOSIT] Robot 4 deposited! Total: 34
  [PHERO] Laid at (1.13, 0.96) density=10 prob=1.00 total_entries=30
  [TARGET] Robot 4 → SITE (1.13,0.96)

======================================================================
Step 3500 (1.9 min) | Pickups: 39 | Deposits: 34 | Rate: 18.21 tags/min | phero_entries=30 phero_max=0.995
======================================================================
R1[T1][BASE_ESC  ]: L=+1.00 R=+0.00 | carry=0 | base=0.04 ba=+0.57 | site=1 sd=0.50 sa=-0.49 | phero=0 pd=0.00 pa=+0.00 | srch=0.02 | wall=3.29
R2[T1][SITE      ]: L=+1.00 R=+1.00 | carry=0 | base=0.34 ba=-0.91 | site=1 sd=0.20 sa=-0.15 | phero=0 pd=0.00 pa=+0.00 | srch=0.13 | wall=2.03
R3[T1][RTB       ]: L=+1.00 R=+1.00 | carry=1 | base=0.17 ba=-0.00 | site=0 sd=0.00 sa=+0.00 | phero=0 pd=0.00 pa=+0.00 | srch=0.00 | wall=2.76
R4[T1][BASE_ESC  ]: L=+0.00 R=+1.00 | carry=0 | base=0.05 ba=-0.04 | site=1 sd=0.25 sa=+0.99 | phero=0 pd=0.00 pa=+0.00 | srch=0.00 | wall=3.30
R5[T2][EXPLORE   ]: L=+1.00 R=+1.00 | carry=0 | base=0.44 ba=-0.61 | site=0 sd=0.00 sa=+0.00 | phero=0 pd=0.00 pa=+0.00 | srch=0.23 | wall=1.90
R6[T2][EXPLORE   ]: L=+1.00 R=+1.00 | carry=0 | base=0.52 ba=+0.17 | site=0 sd=0.00 sa=+0.00 | phero=0 pd=0.00 pa=+0.00 | srch=0.61 | wall=0.95
R7[T2][SITE      ]: L=+0.99 R=+1.00 | carry=0 | base=0.25 ba=+1.00 | site=1 sd=0.04 sa=+0.03 | phero=0 pd=0.00 pa=+0.00 | srch=0.14 | wall=2.53
R8[T2][SITE      ]: L=+1.00 R=+1.00 | carry=0 | base=0.25 ba=+0.99 | site=1 sd=0.08 sa=+0.15 | phero=0 pd=0.00 pa=+0.00 | srch=0.10 | wall=2.39
R9[T3][RTB       ]: L=+1.00 R=+1.00 | carry=1 | base=0.29 ba=-0.00 | site=0 sd=0.00 sa=+0.00 | phero=0 pd=0.00 pa=+0.00 | srch=0.00 | wall=2.13
R10[T3][EXPLORE   ]: L=+1.00 R=+1.00 | carry=0 | base=0.61 ba=-0.05 | site=0 sd=0.00 sa=+0.00 | phero=0 pd=0.00 pa=+0.00 | srch=0.50 | wall=0.91
R11[T3][RTB       ]: L=+1.00 R=+1.00 | carry=1 | base=0.24 ba=-0.00 | site=0 sd=0.00 sa=+0.00 | phero=0 pd=0.00 pa=+0.00 | srch=0.00 | wall=2.38
R12[T3][GIVE_UP   ]: L=+1.00 R=+1.00 | carry=0 | base=0.27 ba=+0.00 | site=0 sd=0.00 sa=+0.00 | phero=0 pd=0.00 pa=+0.00 | srch=0.39 | wall=2.18
R13[T4][RTB       ]: L=+0.85 R=+1.00 | carry=1 | base=0.28 ba=+0.06 | site=0 sd=0.00 sa=+0.00 | phero=0 pd=0.00 pa=+0.00 | srch=0.00 | wall=2.42
R14[T4][RTB       ]: L=+1.00 R=+0.00 | carry=1 | base=0.34 ba=-0.43 | site=0 sd=0.00 sa=+0.00 | phero=0 pd=0.00 pa=+0.00 | srch=0.00 | wall=1.92
R15[T4][EXPLORE   ]: L=+1.00 R=+1.00 | carry=0 | base=0.49 ba=+0.90 | site=0 sd=0.00 sa=+0.00 | phero=0 pd=0.00 pa=+0.00 | srch=0.38 | wall=1.30
R16[T4][SITE      ]: L=+1.00 R=+1.00 | carry=0 | base=0.32 ba=-0.92 | site=1 sd=0.25 sa=-0.06 | phero=0 pd=0.00 pa=+0.00 | srch=0.12 | wall=2.03

[PICKUP] Robot 7 picked up tag (density=8) | Total: 40
[PICKUP] Robot 8 picked up tag (density=9) | Total: 41
[DEPOSIT] Robot 3 deposited! Total: 35
  [PHERO] Laid at (-1.77, 0.82) density=8 prob=1.00 total_entries=31
  [TARGET] Robot 3 → SITE (-1.77,0.82)
[DEPOSIT] Robot 11 deposited! Total: 36
  [PHERO] Laid at (0.60, 1.99) density=10 prob=1.00 total_entries=32
  [TARGET] Robot 11 → SITE (0.60,1.99)
[EMPTY_RTN] R12 → phero(0.60,1.99)
[DEPOSIT] Robot 9 deposited! Total: 37
  [PHERO] Laid at (1.85, -0.42) density=6 prob=0.97 total_entries=33
  [TARGET] Robot 9 → SITE (1.85,-0.42)
[DEPOSIT] Robot 13 deposited! Total: 38
  [PHERO] Laid at (1.21, 0.89) density=9 prob=1.00 total_entries=34
  [TARGET] Robot 13 → SITE (1.21,0.89)
[PICKUP] Robot 16 picked up tag (density=15) | Total: 42
[PICKUP] Robot 2 picked up tag (density=15) | Total: 43
[DEPOSIT] Robot 14 deposited! Total: 39
  [PHERO] Laid at (1.57, -0.53) density=5 prob=0.92 total_entries=35
  [TARGET] Robot 14 → SITE (1.57,-0.53)
[PICKUP] Robot 4 picked up tag (density=7) | Total: 44

======================================================================
Step 4000 (2.1 min) | Pickups: 44 | Deposits: 39 | Rate: 18.28 tags/min | phero_entries=35 phero_max=0.888
======================================================================
R1[T1][SITE      ]: L=+1.00 R=+1.00 | carry=0 | base=0.39 ba=-0.96 | site=1 sd=0.17 sa=-0.12 | phero=0 pd=0.00 pa=+0.00 | srch=0.14 | wall=1.67
R2[T1][RTB       ]: L=+1.00 R=+0.72 | carry=1 | base=0.49 ba=-0.11 | site=0 sd=0.00 sa=+0.00 | phero=0 pd=0.00 pa=+0.00 | srch=0.00 | wall=1.73
R3[T1][SITE      ]: L=+0.66 R=+0.64 | carry=0 | base=0.21 ba=+0.87 | site=1 sd=0.18 sa=-0.13 | phero=0 pd=0.00 pa=+0.00 | srch=0.09 | wall=2.56
R4[T1][RTB       ]: L=+0.00 R=+1.00 | carry=1 | base=0.31 ba=+0.71 | site=0 sd=0.00 sa=+0.00 | phero=0 pd=0.00 pa=+0.00 | srch=0.00 | wall=2.19
R5[T2][WALL_ESC  ]: L=+1.00 R=+0.00 | carry=0 | base=0.66 ba=-0.49 | site=0 sd=0.00 sa=+0.00 | phero=0 pd=0.00 pa=+0.00 | srch=0.36 | wall=0.33
R6[T2][EXPLORE   ]: L=+1.00 R=+1.00 | carry=0 | base=0.37 ba=+0.56 | site=0 sd=0.00 sa=+0.00 | phero=0 pd=0.00 pa=+0.00 | srch=0.73 | wall=2.16
R7[T2][RTB       ]: L=+1.00 R=+1.00 | carry=1 | base=0.05 ba=+0.00 | site=0 sd=0.00 sa=+0.00 | phero=0 pd=0.00 pa=+0.00 | srch=0.00 | wall=3.31
R8[T2][RTB       ]: L=+1.00 R=+1.00 | carry=1 | base=0.12 ba=+0.00 | site=0 sd=0.00 sa=+0.00 | phero=0 pd=0.00 pa=+0.00 | srch=0.00 | wall=2.95
R9[T3][SITE      ]: L=+1.00 R=+1.00 | carry=0 | base=0.10 ba=-0.99 | site=1 sd=0.29 sa=+0.20 | phero=0 pd=0.00 pa=+0.00 | srch=0.05 | wall=3.10
R10[T3][EXPLORE   ]: L=+0.44 R=+1.00 | carry=0 | base=0.37 ba=-0.73 | site=0 sd=0.00 sa=+0.00 | phero=0 pd=0.00 pa=+0.00 | srch=0.63 | wall=1.84
R11[T3][SITE      ]: L=+1.00 R=+0.96 | carry=0 | base=0.13 ba=+0.92 | site=1 sd=0.29 sa=-0.18 | phero=0 pd=0.00 pa=+0.00 | srch=0.06 | wall=2.85
R12[T3][PHERO     ]: L=+0.72 R=+1.00 | carry=0 | base=0.05 ba=+0.54 | site=0 sd=0.00 sa=+0.00 | phero=1 pd=0.45 pa=+0.24 | srch=0.05 | wall=3.31
R13[T4][SITE      ]: L=+1.00 R=+1.00 | carry=0 | base=0.11 ba=+1.00 | site=1 sd=0.20 sa=+0.13 | phero=0 pd=0.00 pa=+0.00 | srch=0.05 | wall=3.00
R14[T4][BASE_ESC  ]: L=+0.00 R=+1.00 | carry=0 | base=0.04 ba=-0.62 | site=1 sd=0.29 sa=+0.44 | phero=0 pd=0.00 pa=+0.00 | srch=0.02 | wall=3.30
R15[T4][WALL_ESC  ]: L=+0.00 R=+1.00 | carry=0 | base=0.67 ba=+0.39 | site=0 sd=0.00 sa=+0.00 | phero=0 pd=0.00 pa=+0.00 | srch=0.50 | wall=0.33
R16[T4][RTB       ]: L=+1.00 R=+0.99 | carry=1 | base=0.49 ba=-0.00 | site=0 sd=0.00 sa=+0.00 | phero=0 pd=0.00 pa=+0.00 | srch=0.00 | wall=1.51

[DEPOSIT] Robot 7 deposited! Total: 40
  [PHERO] Laid at (1.14, 0.97) density=8 prob=1.00 total_entries=36
  [TARGET] Robot 7 → SITE (1.14,0.97)
[DEPOSIT] Robot 8 deposited! Total: 41
  [PHERO] Laid at (0.59, 1.56) density=9 prob=1.00 total_entries=37
  [TARGET] Robot 8 → SITE (0.59,1.56)
[PICKUP] Robot 1 picked up tag (density=11) | Total: 45
[PICKUP] Robot 3 picked up tag (density=7) | Total: 46
[PICKUP] Robot 11 picked up tag (density=8) | Total: 47
[PICKUP] Robot 14 picked up tag (density=4) | Total: 48
[DEPOSIT] Robot 4 deposited! Total: 42
  [PHERO] Laid at (1.30, 0.81) density=7 prob=0.99 total_entries=37
  [TARGET] Robot 4 → SITE (1.30,0.81)
[GIVE-UP] R5 giving up after 1882 steps

======================================================================
Step 4500 (2.4 min) | Pickups: 48 | Deposits: 42 | Rate: 17.50 tags/min | phero_entries=36 phero_max=0.903
======================================================================
R1[T1][RTB       ]: L=+1.00 R=+1.00 | carry=1 | base=0.36 ba=-0.00 | site=0 sd=0.00 sa=+0.00 | phero=0 pd=0.00 pa=+0.00 | srch=0.00 | wall=1.76
R2[T1][RTB       ]: L=+1.00 R=+1.00 | carry=1 | base=0.10 ba=-0.00 | site=0 sd=0.00 sa=+0.00 | phero=0 pd=0.00 pa=+0.00 | srch=0.00 | wall=3.13
R3[T1][RTB       ]: L=+1.00 R=+0.99 | carry=1 | base=0.25 ba=-0.00 | site=0 sd=0.00 sa=+0.00 | phero=0 pd=0.00 pa=+0.00 | srch=0.00 | wall=2.37
R4[T1][BASE_ESC  ]: L=+1.00 R=+0.00 | carry=0 | base=0.04 ba=+0.57 | site=1 sd=0.27 sa=-0.50 | phero=0 pd=0.00 pa=+0.00 | srch=0.02 | wall=3.34
R5[T2][GIVE_UP   ]: L=+1.00 R=+0.84 | carry=0 | base=0.41 ba=-0.06 | site=0 sd=0.00 sa=+0.00 | phero=0 pd=0.00 pa=+0.00 | srch=0.48 | wall=1.48
R6[T2][EXPLORE   ]: L=+1.00 R=+0.87 | carry=0 | base=0.61 ba=+0.84 | site=0 sd=0.00 sa=+0.00 | phero=0 pd=0.00 pa=+0.00 | srch=0.86 | wall=0.52
R7[T2][EXPLORE   ]: L=+1.00 R=+1.00 | carry=0 | base=0.30 ba=+0.88 | site=0 sd=0.00 sa=+0.00 | phero=0 pd=0.00 pa=+0.00 | srch=0.12 | wall=2.35
R8[T2][SITE      ]: L=+0.94 R=+1.00 | carry=0 | base=0.26 ba=-0.97 | site=1 sd=0.08 sa=+0.11 | phero=0 pd=0.00 pa=+0.00 | srch=0.10 | wall=2.31
R9[T3][SITE      ]: L=+0.89 R=+1.00 | carry=0 | base=0.43 ba=+0.62 | site=1 sd=0.09 sa=+0.34 | phero=0 pd=0.00 pa=+0.00 | srch=0.17 | wall=1.52
R10[T3][WALL_ESC  ]: L=+0.00 R=+1.00 | carry=0 | base=0.72 ba=+0.73 | site=0 sd=0.00 sa=+0.00 | phero=0 pd=0.00 pa=+0.00 | srch=0.75 | wall=0.33
R11[T3][RTB       ]: L=+1.00 R=+0.99 | carry=1 | base=0.25 ba=-0.00 | site=0 sd=0.00 sa=+0.00 | phero=0 pd=0.00 pa=+0.00 | srch=0.00 | wall=2.30
R12[T3][PHERO     ]: L=+0.96 R=+1.00 | carry=0 | base=0.34 ba=+0.84 | site=0 sd=0.00 sa=+0.00 | phero=1 pd=0.13 pa=+0.18 | srch=0.18 | wall=2.10
R13[T4][EXPLORE   ]: L=+1.00 R=+1.00 | carry=0 | base=0.34 ba=+0.65 | site=0 sd=0.00 sa=+0.00 | phero=0 pd=0.00 pa=+0.00 | srch=0.17 | wall=2.02
R14[T4][RTB       ]: L=+0.45 R=+1.00 | carry=1 | base=0.32 ba=+0.23 | site=0 sd=0.00 sa=+0.00 | phero=0 pd=0.00 pa=+0.00 | srch=0.00 | wall=2.01
R15[T4][EXPLORE   ]: L=+0.03 R=+0.89 | carry=0 | base=0.66 ba=+0.07 | site=0 sd=0.00 sa=+0.00 | phero=0 pd=0.00 pa=+0.00 | srch=0.63 | wall=0.36
R16[T4][RTB       ]: L=+1.00 R=+1.00 | carry=1 | base=0.10 ba=-0.00 | site=0 sd=0.00 sa=+0.00 | phero=0 pd=0.00 pa=+0.00 | srch=0.00 | wall=3.08

[PICKUP] Robot 5 picked up tag (density=7) | Total: 49
[PICKUP] Robot 7 picked up tag (density=6) | Total: 50
[DEPOSIT] Robot 2 deposited! Total: 43
  [PHERO] Laid at (-1.76, 1.76) density=15 prob=1.00 total_entries=36
  [TARGET] Robot 2 → SITE (-1.76,1.76)
[DEPOSIT] Robot 16 deposited! Total: 44
  [PHERO] Laid at (1.49, 2.32) density=15 prob=1.00 total_entries=37
  [TARGET] Robot 16 → SITE (1.49,2.32)
[PICKUP] Robot 13 picked up tag (density=6) | Total: 51
[PICKUP] Robot 8 picked up tag (density=5) | Total: 52
[DEPOSIT] Robot 3 deposited! Total: 45
  [PHERO] Laid at (-1.46, 0.54) density=7 prob=0.99 total_entries=35
  [TARGET] Robot 3 → SITE (-1.46,0.54)
[DEPOSIT] Robot 11 deposited! Total: 46
  [PHERO] Laid at (0.33, 1.48) density=8 prob=1.00 total_entries=35
  [TARGET] Robot 11 → SITE (0.33,1.48)
[PICKUP] Robot 9 picked up tag (density=3) | Total: 53
[PICKUP] Robot 10 picked up tag (density=16) | Total: 54
[DEPOSIT] Robot 14 deposited! Total: 47
  [TARGET] Robot 14 → SITE (1.48,-0.64)
[DEPOSIT] Robot 1 deposited! Total: 48
  [PHERO] Laid at (-2.48, -0.73) density=11 prob=1.00 total_entries=35
  [TARGET] Robot 1 → SITE (-2.48,-0.73)
[GIVE-UP] R12 giving up after 1168 steps
[DEPOSIT] Robot 7 deposited! Total: 49
  [PHERO] Laid at (1.17, 1.00) density=6 prob=0.97 total_entries=36
  [TARGET] Robot 7 → SITE (1.17,1.00)
[DEPOSIT] Robot 5 deposited! Total: 50
  [PHERO] Laid at (0.32, 1.99) density=7 prob=0.99 total_entries=37
  [TARGET] Robot 5 → SITE (0.32,1.99)
[PICKUP] Robot 4 picked up tag (density=5) | Total: 55

======================================================================
Step 5000 (2.7 min) | Pickups: 55 | Deposits: 50 | Rate: 18.75 tags/min | phero_entries=37 phero_max=0.952
======================================================================
R1[T1][BASE_ESC  ]: L=+0.24 R=+1.00 | carry=0 | base=0.05 ba=-0.83 | site=1 sd=0.48 sa=+0.26 | phero=0 pd=0.00 pa=+0.00 | srch=0.02 | wall=3.27
R2[T1][SITE      ]: L=+1.00 R=+1.00 | carry=0 | base=0.28 ba=+0.93 | site=1 sd=0.22 sa=-0.02 | phero=0 pd=0.00 pa=+0.00 | srch=0.11 | wall=2.44
R3[T1][SITE      ]: L=+0.26 R=+0.80 | carry=0 | base=0.12 ba=+0.86 | site=1 sd=0.20 sa=-0.11 | phero=0 pd=0.00 pa=+0.00 | srch=0.06 | wall=2.97
R4[T1][RTB       ]: L=+0.00 R=+1.00 | carry=1 | base=0.32 ba=+0.92 | site=0 sd=0.00 sa=+0.00 | phero=0 pd=0.00 pa=+0.00 | srch=0.00 | wall=2.17
R5[T2][BASE_ESC  ]: L=+0.00 R=+1.00 | carry=0 | base=0.04 ba=-0.31 | site=1 sd=0.36 sa=+0.70 | phero=0 pd=0.00 pa=+0.00 | srch=0.01 | wall=3.28
R6[T2][EXPLORE   ]: L=+1.00 R=+1.00 | carry=0 | base=0.41 ba=+0.23 | site=0 sd=0.00 sa=+0.00 | phero=0 pd=0.00 pa=+0.00 | srch=0.98 | wall=1.49
R7[T2][BASE_ESC  ]: L=+1.00 R=+0.00 | carry=0 | base=0.04 ba=+0.41 | site=1 sd=0.27 sa=-0.65 | phero=0 pd=0.00 pa=+0.00 | srch=0.01 | wall=3.33
R8[T2][RTB       ]: L=+1.00 R=+0.94 | carry=1 | base=0.13 ba=-0.04 | site=0 sd=0.00 sa=+0.00 | phero=0 pd=0.00 pa=+0.00 | srch=0.00 | wall=2.87
R9[T3][RTB       ]: L=+1.00 R=+1.00 | carry=1 | base=0.25 ba=-0.00 | site=0 sd=0.00 sa=+0.00 | phero=0 pd=0.00 pa=+0.00 | srch=0.00 | wall=2.33
R10[T3][RTB       ]: L=+1.00 R=+1.00 | carry=1 | base=0.49 ba=+0.00 | site=0 sd=0.00 sa=+0.00 | phero=0 pd=0.00 pa=+0.00 | srch=0.00 | wall=1.74
R11[T3][SITE      ]: L=+0.00 R=+1.00 | carry=0 | base=0.12 ba=+0.95 | site=1 sd=0.19 sa=+0.01 | phero=0 pd=0.00 pa=+0.00 | srch=0.06 | wall=2.94
R12[T3][GIVE_UP   ]: L=+1.00 R=+0.00 | carry=0 | base=0.49 ba=-0.46 | site=0 sd=0.00 sa=+0.00 | phero=0 pd=0.00 pa=+0.00 | srch=0.31 | wall=1.11
R13[T4][RTB       ]: L=+0.99 R=+1.00 | carry=1 | base=0.15 ba=+0.00 | site=0 sd=0.00 sa=+0.00 | phero=0 pd=0.00 pa=+0.00 | srch=0.00 | wall=2.80
R14[T4][SITE      ]: L=+1.00 R=+1.00 | carry=0 | base=0.07 ba=+0.93 | site=1 sd=0.26 sa=-0.22 | phero=0 pd=0.00 pa=+0.00 | srch=0.03 | wall=3.17
R15[T4][EXPLORE   ]: L=+1.00 R=+1.00 | carry=0 | base=0.68 ba=-0.62 | site=0 sd=0.00 sa=+0.00 | phero=0 pd=0.00 pa=+0.00 | srch=0.75 | wall=0.87
R16[T4][SITE      ]: L=+1.00 R=+0.97 | carry=0 | base=0.25 ba=+0.78 | site=1 sd=0.33 sa=-0.07 | phero=0 pd=0.00 pa=+0.00 | srch=0.11 | wall=2.57

[PICKUP] Robot 2 picked up tag (density=12) | Total: 56
[PICKUP] Robot 6 picked up tag (density=16) | Total: 57
[DEPOSIT] Robot 8 deposited! Total: 51
  [PHERO] Laid at (0.60, 1.65) density=5 prob=0.92 total_entries=37
  [TARGET] Robot 8 → SITE (0.60,1.65)
[GIVE-UP] R15 giving up after 3136 steps
[PICKUP] Robot 12 picked up tag (density=4) | Total: 58
[DEPOSIT] Robot 13 deposited! Total: 52
  [TARGET] Robot 13 → SITE (0.68,1.71)
[DEPOSIT] Robot 9 deposited! Total: 53
  [TARGET] Robot 9 → SITE (1.81,-0.48)
[PICKUP] Robot 1 picked up tag (density=6) | Total: 59
[PICKUP] Robot 16 picked up tag (density=14) | Total: 60
[DEPOSIT] Robot 4 deposited! Total: 54
  [TARGET] Robot 4 → SITE (1.33,0.85)
[DEPOSIT] Robot 2 deposited! Total: 55
  [PHERO] Laid at (-1.03, 1.13) density=12 prob=1.00 total_entries=34
  [TARGET] Robot 2 → SITE (-1.03,1.13)

======================================================================
Step 5500 (2.9 min) | Pickups: 60 | Deposits: 55 | Rate: 18.75 tags/min | phero_entries=34 phero_max=0.958
======================================================================
R1[T1][RTB       ]: L=+1.00 R=+0.58 | carry=1 | base=0.32 ba=-0.16 | site=0 sd=0.00 sa=+0.00 | phero=0 pd=0.00 pa=+0.00 | srch=0.00 | wall=2.01
R2[T1][BASE_ESC  ]: L=+1.00 R=+0.00 | carry=0 | base=0.05 ba=+0.26 | site=1 sd=0.26 sa=-0.78 | phero=0 pd=0.00 pa=+0.00 | srch=0.01 | wall=3.33
R3[T1][SITE      ]: L=+1.00 R=+1.00 | carry=0 | base=0.23 ba=-0.86 | site=1 sd=0.09 sa=+0.08 | phero=0 pd=0.00 pa=+0.00 | srch=0.19 | wall=2.40
R4[T1][BASE_ESC  ]: L=+1.00 R=+0.00 | carry=0 | base=0.04 ba=+0.38 | site=1 sd=0.27 sa=-0.67 | phero=0 pd=0.00 pa=+0.00 | srch=0.01 | wall=3.33
R5[T2][SITE      ]: L=+0.96 R=+1.00 | carry=0 | base=0.33 ba=+0.99 | site=1 sd=0.14 sa=+0.37 | phero=0 pd=0.00 pa=+0.00 | srch=0.13 | wall=2.07
R6[T2][RTB       ]: L=+1.00 R=+1.00 | carry=1 | base=0.05 ba=+0.00 | site=0 sd=0.00 sa=+0.00 | phero=0 pd=0.00 pa=+0.00 | srch=0.00 | wall=3.24
R7[T2][SITE      ]: L=-0.01 R=-0.01 | carry=0 | base=0.12 ba=-0.91 | site=1 sd=0.19 sa=+0.06 | phero=0 pd=0.00 pa=+0.00 | srch=0.14 | wall=3.08
R8[T2][SITE      ]: L=+1.00 R=+1.00 | carry=0 | base=0.18 ba=-0.92 | site=1 sd=0.18 sa=+0.18 | phero=0 pd=0.00 pa=+0.00 | srch=0.09 | wall=2.71
R9[T3][SITE      ]: L=+1.00 R=+1.00 | carry=0 | base=0.15 ba=-0.96 | site=1 sd=0.26 sa=+0.30 | phero=0 pd=0.00 pa=+0.00 | srch=0.06 | wall=2.97
R10[T3][RTB       ]: L=+1.00 R=+1.00 | carry=1 | base=0.10 ba=+0.00 | site=0 sd=0.00 sa=+0.00 | phero=0 pd=0.00 pa=+0.00 | srch=0.00 | wall=3.13
R11[T3][SITE      ]: L=+0.03 R=+0.03 | carry=0 | base=0.21 ba=+0.86 | site=1 sd=0.10 sa=-0.10 | phero=0 pd=0.00 pa=+0.00 | srch=0.18 | wall=2.49
R12[T3][RTB       ]: L=+1.00 R=+0.86 | carry=1 | base=0.18 ba=-0.05 | site=0 sd=0.00 sa=+0.00 | phero=0 pd=0.00 pa=+0.00 | srch=0.00 | wall=2.63
R13[T4][SITE      ]: L=+1.00 R=+1.00 | carry=0 | base=0.19 ba=-0.96 | site=1 sd=0.18 sa=-0.03 | phero=0 pd=0.00 pa=+0.00 | srch=0.08 | wall=2.58
R14[T4][EXPLORE   ]: L=+1.00 R=+1.00 | carry=0 | base=0.36 ba=-0.69 | site=0 sd=0.00 sa=+0.00 | phero=0 pd=0.00 pa=+0.00 | srch=0.16 | wall=2.01
R15[T4][GIVE_UP   ]: L=+1.00 R=+1.00 | carry=0 | base=0.49 ba=-0.00 | site=0 sd=0.00 sa=+0.00 | phero=0 pd=0.00 pa=+0.00 | srch=0.88 | wall=1.67
R16[T4][RTB       ]: L=+0.00 R=+1.00 | carry=1 | base=0.57 ba=+0.50 | site=0 sd=0.00 sa=+0.00 | phero=0 pd=0.00 pa=+0.00 | srch=0.00 | wall=1.10

[DEPOSIT] Robot 6 deposited! Total: 56
  [PHERO] Laid at (0.42, -1.72) density=16 prob=1.00 total_entries=35
  [TARGET] Robot 6 → SITE (0.42,-1.72)
[DEPOSIT] Robot 10 deposited! Total: 57
  [PHERO] Laid at (-2.24, -2.05) density=16 prob=1.00 total_entries=36
  [TARGET] Robot 10 → SITE (-2.24,-2.05)
[PICKUP] Robot 15 picked up tag (density=12) | Total: 61
[PICKUP] Robot 3 picked up tag (density=5) | Total: 62
[DEPOSIT] Robot 12 deposited! Total: 58
  [TARGET] Robot 12 → SITE (0.45,2.00)
[GIVE-UP] R14 giving up after 839 steps
[PICKUP] Robot 11 picked up tag (density=3) | Total: 63
[PICKUP] Robot 8 picked up tag (density=2) | Total: 64
[DEPOSIT] Robot 1 deposited! Total: 59
  [TARGET] Robot 1 → SITE (-1.53,0.49)
[PICKUP] Robot 5 picked up tag (density=1) | Total: 65
[PICKUP] Robot 14 picked up tag (density=14) | Total: 66
[PICKUP] Robot 9 picked up tag (density=2) | Total: 67
[PICKUP] Robot 2 picked up tag (density=11) | Total: 68

======================================================================
Step 6000 (3.2 min) | Pickups: 68 | Deposits: 59 | Rate: 18.44 tags/min | phero_entries=34 phero_max=0.502
======================================================================
R1[T1][SITE      ]: L=+1.00 R=+1.00 | carry=0 | base=0.07 ba=+0.92 | site=1 sd=0.25 sa=-0.19 | phero=0 pd=0.00 pa=+0.00 | srch=0.04 | wall=3.14
R2[T1][RTB       ]: L=+1.00 R=+0.00 | carry=1 | base=0.32 ba=-0.58 | site=0 sd=0.00 sa=+0.00 | phero=0 pd=0.00 pa=+0.00 | srch=0.00 | wall=2.31
R3[T1][RTB       ]: L=+1.00 R=+1.00 | carry=1 | base=0.16 ba=-0.00 | site=0 sd=0.00 sa=+0.00 | phero=0 pd=0.00 pa=+0.00 | srch=0.00 | wall=2.78
R4[T1][SITE      ]: L=+0.46 R=+1.00 | carry=0 | base=0.33 ba=+0.80 | site=1 sd=0.02 sa=+0.61 | phero=0 pd=0.00 pa=+0.00 | srch=0.14 | wall=2.08
R5[T2][RTB       ]: L=+1.00 R=+1.00 | carry=1 | base=0.28 ba=-0.00 | site=0 sd=0.00 sa=+0.00 | phero=0 pd=0.00 pa=+0.00 | srch=0.00 | wall=2.15
R6[T2][SITE      ]: L=+0.86 R=+0.83 | carry=0 | base=0.30 ba=-0.81 | site=1 sd=0.07 sa=-0.04 | phero=0 pd=0.00 pa=+0.00 | srch=0.12 | wall=2.10
R7[T2][EXPLORE   ]: L=+0.61 R=+1.00 | carry=0 | base=0.35 ba=+0.45 | site=0 sd=0.00 sa=+0.00 | phero=0 pd=0.00 pa=+0.00 | srch=0.26 | wall=2.20
R8[T2][RTB       ]: L=+0.98 R=+1.00 | carry=1 | base=0.32 ba=+0.01 | site=0 sd=0.00 sa=+0.00 | phero=0 pd=0.00 pa=+0.00 | srch=0.00 | wall=1.98
R9[T3][RTB       ]: L=+0.96 R=+1.00 | carry=1 | base=0.33 ba=+0.01 | site=0 sd=0.00 sa=+0.00 | phero=0 pd=0.00 pa=+0.00 | srch=0.00 | wall=2.01
R10[T3][SITE      ]: L=+1.00 R=+0.96 | carry=0 | base=0.30 ba=+1.00 | site=1 sd=0.36 sa=-0.24 | phero=0 pd=0.00 pa=+0.00 | srch=0.11 | wall=2.16
R11[T3][RTB       ]: L=+1.00 R=+0.97 | carry=1 | base=0.28 ba=-0.01 | site=0 sd=0.00 sa=+0.00 | phero=0 pd=0.00 pa=+0.00 | srch=0.00 | wall=2.18
R12[T3][SITE      ]: L=+0.98 R=+1.00 | carry=0 | base=0.22 ba=+0.93 | site=1 sd=0.20 sa=+0.03 | phero=0 pd=0.00 pa=+0.00 | srch=0.08 | wall=2.51
R13[T4][EXPLORE   ]: L=+1.00 R=+1.00 | carry=0 | base=0.56 ba=-0.97 | site=0 sd=0.00 sa=+0.00 | phero=0 pd=0.00 pa=+0.00 | srch=0.21 | wall=0.97
R14[T4][RTB       ]: L=+1.00 R=+1.00 | carry=1 | base=0.31 ba=-0.00 | site=0 sd=0.00 sa=+0.00 | phero=0 pd=0.00 pa=+0.00 | srch=0.00 | wall=2.28
R15[T4][RTB       ]: L=+1.00 R=+1.00 | carry=1 | base=0.11 ba=-0.00 | site=0 sd=0.00 sa=+0.00 | phero=0 pd=0.00 pa=+0.00 | srch=0.00 | wall=3.10
R16[T4][RTB       ]: L=+1.00 R=+1.00 | carry=1 | base=0.22 ba=+0.00 | site=0 sd=0.00 sa=+0.00 | phero=0 pd=0.00 pa=+0.00 | srch=0.00 | wall=2.55

[PICKUP] Robot 4 picked up tag (density=5) | Total: 69
[DEPOSIT] Robot 15 deposited! Total: 60
  [PHERO] Laid at (1.37, -1.54) density=12 prob=1.00 total_entries=34
  [TARGET] Robot 15 → SITE (1.37,-1.54)
[DEPOSIT] Robot 3 deposited! Total: 61
  [PHERO] Laid at (-1.52, 0.57) density=5 prob=0.92 total_entries=35
  [TARGET] Robot 3 → SITE (-1.52,0.57)
[DEPOSIT] Robot 16 deposited! Total: 62
  [PHERO] Laid at (1.53, 2.36) density=14 prob=1.00 total_entries=35
  [TARGET] Robot 16 → SITE (1.53,2.36)
[DEPOSIT] Robot 5 deposited! Total: 63
  [TARGET] Robot 5 → SITE (0.27,1.86)
[DEPOSIT] Robot 14 deposited! Total: 64
  [PHERO] Laid at (1.24, -1.62) density=14 prob=1.00 total_entries=34
  [TARGET] Robot 14 → SITE (1.24,-1.62)
[PICKUP] Robot 10 picked up tag (density=15) | Total: 70
[DEPOSIT] Robot 9 deposited! Total: 65
  [TARGET] Robot 9 → SITE (1.63,-0.83)
[DEPOSIT] Robot 11 deposited! Total: 66
  [TARGET] Robot 11 → SITE (0.38,1.55)
[PICKUP] Robot 13 picked up tag (density=13) | Total: 71
[DEPOSIT] Robot 8 deposited! Total: 67
  [TARGET] Robot 8 → SITE (0.60,1.71)
[DEPOSIT] Robot 2 deposited! Total: 68
  [PHERO] Laid at (-1.05, 1.16) density=11 prob=1.00 total_entries=34
  [TARGET] Robot 2 → SITE (-1.05,1.16)
[DEPOSIT] Robot 4 deposited! Total: 69
  [PHERO] Laid at (1.43, 0.88) density=5 prob=0.92 total_entries=35
  [TARGET] Robot 4 → SITE (1.43,0.88)
[PICKUP] Robot 1 picked up tag (density=4) | Total: 72

======================================================================
Step 6500 (3.5 min) | Pickups: 72 | Deposits: 69 | Rate: 19.90 tags/min | phero_entries=35 phero_max=0.958
======================================================================
R1[T1][RTB       ]: L=+1.00 R=+0.25 | carry=1 | base=0.36 ba=-0.30 | site=0 sd=0.00 sa=+0.00 | phero=0 pd=0.00 pa=+0.00 | srch=0.00 | wall=1.79
R2[T1][BASE_ESC  ]: L=+0.02 R=+1.00 | carry=0 | base=0.05 ba=-0.75 | site=1 sd=0.27 sa=+0.34 | phero=0 pd=0.00 pa=+0.00 | srch=0.02 | wall=3.30
R3[T1][SITE      ]: L=+0.99 R=+0.68 | carry=0 | base=0.13 ba=-0.93 | site=1 sd=0.20 sa=+0.06 | phero=0 pd=0.00 pa=+0.00 | srch=0.09 | wall=2.91
R4[T1][BASE_ESC  ]: L=+1.00 R=+0.00 | carry=0 | base=0.05 ba=+0.25 | site=1 sd=0.29 sa=-0.79 | phero=0 pd=0.00 pa=+0.00 | srch=0.01 | wall=3.32
R5[T2][SITE      ]: L=+1.00 R=+1.00 | carry=0 | base=0.12 ba=-0.89 | site=1 sd=0.27 sa=-0.02 | phero=0 pd=0.00 pa=+0.00 | srch=0.05 | wall=2.91
R6[T2][EXPLORE   ]: L=+1.00 R=+1.00 | carry=0 | base=0.63 ba=-0.99 | site=0 sd=0.00 sa=+0.00 | phero=0 pd=0.00 pa=+0.00 | srch=0.25 | wall=0.37
R7[T2][EXPLORE   ]: L=+1.00 R=+1.00 | carry=0 | base=0.26 ba=+0.11 | site=0 sd=0.00 sa=+0.00 | phero=0 pd=0.00 pa=+0.00 | srch=0.39 | wall=2.37
R8[T2][BASE_ESC  ]: L=+1.00 R=+0.17 | carry=0 | base=0.05 ba=+0.79 | site=1 sd=0.32 sa=-0.35 | phero=0 pd=0.00 pa=+0.00 | srch=0.02 | wall=3.27
R9[T3][SITE      ]: L=+1.00 R=+1.00 | carry=0 | base=0.07 ba=+0.92 | site=1 sd=0.30 sa=-0.24 | phero=0 pd=0.00 pa=+0.00 | srch=0.04 | wall=3.14
R10[T3][RTB       ]: L=+1.00 R=+0.98 | carry=1 | base=0.48 ba=-0.01 | site=0 sd=0.00 sa=+0.00 | phero=0 pd=0.00 pa=+0.00 | srch=0.00 | wall=1.80
R11[T3][SITE      ]: L=+0.15 R=+1.00 | carry=0 | base=0.05 ba=+0.96 | site=1 sd=0.27 sa=+0.08 | phero=0 pd=0.00 pa=+0.00 | srch=0.03 | wall=3.28
R12[T3][EXPLORE   ]: L=+1.00 R=+1.00 | carry=0 | base=0.47 ba=-0.17 | site=0 sd=0.00 sa=+0.00 | phero=0 pd=0.00 pa=+0.00 | srch=0.21 | wall=1.27
R13[T4][RTB       ]: L=+1.00 R=+0.99 | carry=1 | base=0.58 ba=-0.00 | site=0 sd=0.00 sa=+0.00 | phero=0 pd=0.00 pa=+0.00 | srch=0.00 | wall=1.08
R14[T4][SITE      ]: L=+0.98 R=+1.00 | carry=0 | base=0.08 ba=-1.00 | site=1 sd=0.34 sa=+0.15 | phero=0 pd=0.00 pa=+0.00 | srch=0.04 | wall=3.12
R15[T4][SITE      ]: L=+0.94 R=+0.95 | carry=0 | base=0.24 ba=-0.99 | site=1 sd=0.18 sa=+0.00 | phero=0 pd=0.00 pa=+0.00 | srch=0.11 | wall=2.63
R16[T4][SITE      ]: L=+1.00 R=+0.99 | carry=0 | base=0.14 ba=-0.95 | site=1 sd=0.43 sa=+0.05 | phero=0 pd=0.00 pa=+0.00 | srch=0.07 | wall=2.93

[PICKUP] Robot 15 picked up tag (density=10) | Total: 73
[PICKUP] Robot 3 picked up tag (density=3) | Total: 74
[PICKUP] Robot 14 picked up tag (density=23) | Total: 75
[PICKUP] Robot 2 picked up tag (density=10) | Total: 76
[DEPOSIT] Robot 1 deposited! Total: 70
  [PHERO] Laid at (-1.72, 0.39) density=4 prob=0.82 total_entries=34
  [TARGET] Robot 1 → SITE (-1.72,0.39)

======================================================================
Step 7000 (3.7 min) | Pickups: 76 | Deposits: 70 | Rate: 18.75 tags/min | phero_entries=34 phero_max=0.877
======================================================================
R1[T1][BASE_ESC  ]: L=+0.00 R=+1.00 | carry=0 | base=0.05 ba=-0.71 | site=1 sd=0.31 sa=+0.36 | phero=0 pd=0.00 pa=+0.00 | srch=0.02 | wall=3.30
R2[T1][RTB       ]: L=+0.39 R=+1.00 | carry=1 | base=0.33 ba=+0.25 | site=0 sd=0.00 sa=+0.00 | phero=0 pd=0.00 pa=+0.00 | srch=0.00 | wall=2.35
R3[T1][RTB       ]: L=+0.94 R=+1.00 | carry=1 | base=0.30 ba=+0.02 | site=0 sd=0.00 sa=+0.00 | phero=0 pd=0.00 pa=+0.00 | srch=0.00 | wall=2.05
R4[T1][EXPLORE   ]: L=+1.00 R=+1.00 | carry=0 | base=0.35 ba=-0.89 | site=0 sd=0.00 sa=+0.00 | phero=0 pd=0.00 pa=+0.00 | srch=0.13 | wall=2.02
R5[T2][EXPLORE   ]: L=+1.00 R=+1.00 | carry=0 | base=0.41 ba=+1.00 | site=0 sd=0.00 sa=+0.00 | phero=0 pd=0.00 pa=+0.00 | srch=0.18 | wall=1.48
R6[T2][EXPLORE   ]: L=+1.00 R=+1.00 | carry=0 | base=0.50 ba=+0.70 | site=0 sd=0.00 sa=+0.00 | phero=0 pd=0.00 pa=+0.00 | srch=0.37 | wall=1.07
R7[T2][EXPLORE   ]: L=+1.00 R=+1.00 | carry=0 | base=0.16 ba=+0.94 | site=0 sd=0.00 sa=+0.00 | phero=0 pd=0.00 pa=+0.00 | srch=0.51 | wall=2.73
R8[T2][EXPLORE   ]: L=+1.00 R=+1.00 | carry=0 | base=0.37 ba=-0.59 | site=0 sd=0.00 sa=+0.00 | phero=0 pd=0.00 pa=+0.00 | srch=0.15 | wall=1.78
R9[T3][SITE      ]: L=+1.00 R=+0.91 | carry=0 | base=0.38 ba=-0.56 | site=1 sd=0.08 sa=-0.14 | phero=0 pd=0.00 pa=+0.00 | srch=0.16 | wall=1.68
R10[T3][RTB       ]: L=+1.00 R=+1.00 | carry=1 | base=0.09 ba=-0.00 | site=0 sd=0.00 sa=+0.00 | phero=0 pd=0.00 pa=+0.00 | srch=0.00 | wall=3.18
R11[T3][EXPLORE   ]: L=+1.00 R=+1.00 | carry=0 | base=0.37 ba=-0.84 | site=0 sd=0.00 sa=+0.00 | phero=0 pd=0.00 pa=+0.00 | srch=0.16 | wall=1.75
R12[T3][EXPLORE   ]: L=+1.00 R=+1.00 | carry=0 | base=0.13 ba=+0.05 | site=0 sd=0.00 sa=+0.00 | phero=0 pd=0.00 pa=+0.00 | srch=0.33 | wall=2.93
R13[T4][RTB       ]: L=+1.00 R=+1.00 | carry=1 | base=0.19 ba=-0.00 | site=0 sd=0.00 sa=+0.00 | phero=0 pd=0.00 pa=+0.00 | srch=0.00 | wall=2.70
R14[T4][RTB       ]: L=+0.94 R=+1.00 | carry=1 | base=0.32 ba=+0.02 | site=0 sd=0.00 sa=+0.00 | phero=0 pd=0.00 pa=+0.00 | srch=0.00 | wall=2.13
R15[T4][RTB       ]: L=+1.00 R=+1.00 | carry=1 | base=0.12 ba=-0.00 | site=0 sd=0.00 sa=+0.00 | phero=0 pd=0.00 pa=+0.00 | srch=0.00 | wall=3.03
R16[T4][SITE      ]: L=+1.00 R=+1.00 | carry=0 | base=0.52 ba=+0.97 | site=1 sd=0.05 sa=+0.15 | phero=0 pd=0.00 pa=+0.00 | srch=0.19 | wall=1.39

[PICKUP] Robot 9 picked up tag (density=1) | Total: 77
[DEPOSIT] Robot 10 deposited! Total: 71
  [PHERO] Laid at (-1.72, -1.95) density=15 prob=1.00 total_entries=35
  [TARGET] Robot 10 → SITE (-1.72,-1.95)
[PICKUP] Robot 16 picked up tag (density=12) | Total: 78
[DEPOSIT] Robot 15 deposited! Total: 72
  [PHERO] Laid at (1.02, -1.13) density=10 prob=1.00 total_entries=36
  [TARGET] Robot 15 → SITE (1.02,-1.13)
[DEPOSIT] Robot 13 deposited! Total: 73
  [PHERO] Laid at (1.65, 2.72) density=13 prob=1.00 total_entries=36
  [TARGET] Robot 13 → SITE (1.65,2.72)
[PICKUP] Robot 4 picked up tag (density=12) | Total: 79
[PICKUP] Robot 8 picked up tag (density=16) | Total: 80
[PICKUP] Robot 11 picked up tag (density=11) | Total: 81
[DEPOSIT] Robot 14 deposited! Total: 74
  [PHERO] Laid at (0.80, -1.55) density=23 prob=1.00 total_entries=33
  [TARGET] Robot 14 → SITE (0.80,-1.55)
[DEPOSIT] Robot 2 deposited! Total: 75
  [PHERO] Laid at (-1.11, 1.18) density=10 prob=1.00 total_entries=34
  [TARGET] Robot 2 → SITE (-1.11,1.18)
[PICKUP] Robot 1 picked up tag (density=2) | Total: 82
[DEPOSIT] Robot 9 deposited! Total: 76
  [PHERO] Laid at (1.82, -0.55) density=1 prob=0.20 total_entries=34
  [TARGET] Robot 9 → SITE (1.82,-0.55)

======================================================================
Step 7500 (4.0 min) | Pickups: 82 | Deposits: 76 | Rate: 19.00 tags/min | phero_entries=34 phero_max=0.997
======================================================================
R1[T1][RTB       ]: L=+0.00 R=+1.00 | carry=1 | base=0.36 ba=+0.39 | site=0 sd=0.00 sa=+0.00 | phero=0 pd=0.00 pa=+0.00 | srch=0.00 | wall=1.86
R2[T1][SITE      ]: L=+1.00 R=+1.00 | carry=0 | base=0.06 ba=+0.90 | site=1 sd=0.27 sa=-0.25 | phero=0 pd=0.00 pa=+0.00 | srch=0.03 | wall=3.23
R3[T1][RTB       ]: L=+1.00 R=+1.00 | carry=1 | base=0.15 ba=-0.00 | site=0 sd=0.00 sa=+0.00 | phero=0 pd=0.00 pa=+0.00 | srch=0.00 | wall=2.79
R4[T1][RTB       ]: L=+1.00 R=+1.00 | carry=1 | base=0.41 ba=-0.00 | site=0 sd=0.00 sa=+0.00 | phero=0 pd=0.00 pa=+0.00 | srch=0.00 | wall=1.58
R5[T2][EXPLORE   ]: L=+1.00 R=+1.00 | carry=0 | base=0.59 ba=+0.12 | site=0 sd=0.00 sa=+0.00 | phero=0 pd=0.00 pa=+0.00 | srch=0.30 | wall=0.61
R6[T2][WALL_ESC  ]: L=+0.00 R=+1.00 | carry=0 | base=0.79 ba=+0.66 | site=0 sd=0.00 sa=+0.00 | phero=0 pd=0.00 pa=+0.00 | srch=0.50 | wall=0.34
R7[T2][EXPLORE   ]: L=+0.64 R=+1.00 | carry=0 | base=0.20 ba=+0.15 | site=0 sd=0.00 sa=+0.00 | phero=0 pd=0.00 pa=+0.00 | srch=0.64 | wall=2.53
R8[T2][RTB       ]: L=+1.00 R=+1.00 | carry=1 | base=0.41 ba=-0.00 | site=0 sd=0.00 sa=+0.00 | phero=0 pd=0.00 pa=+0.00 | srch=0.00 | wall=1.91
R9[T3][BASE_ESC  ]: L=+0.00 R=+1.00 | carry=0 | base=0.05 ba=-0.02 | site=1 sd=0.33 sa=+0.99 | phero=0 pd=0.00 pa=+0.00 | srch=0.00 | wall=3.27
R10[T3][SITE      ]: L=+0.23 R=+1.00 | carry=0 | base=0.31 ba=+0.94 | site=1 sd=0.28 sa=+0.24 | phero=0 pd=0.00 pa=+0.00 | srch=0.11 | wall=2.08
R11[T3][RTB       ]: L=+1.00 R=+1.00 | carry=1 | base=0.53 ba=-0.00 | site=0 sd=0.00 sa=+0.00 | phero=0 pd=0.00 pa=+0.00 | srch=0.00 | wall=1.29
R12[T3][EXPLORE   ]: L=+1.00 R=+1.00 | carry=0 | base=0.30 ba=-0.94 | site=0 sd=0.00 sa=+0.00 | phero=0 pd=0.00 pa=+0.00 | srch=0.46 | wall=2.33
R13[T4][SITE      ]: L=+1.00 R=+1.00 | carry=0 | base=0.21 ba=-0.97 | site=1 sd=0.48 sa=+0.28 | phero=0 pd=0.00 pa=+0.00 | srch=0.08 | wall=2.58
R14[T4][SITE      ]: L=+0.91 R=+1.00 | carry=0 | base=0.06 ba=+0.96 | site=1 sd=0.29 sa=+0.05 | phero=0 pd=0.00 pa=+0.00 | srch=0.03 | wall=3.21
R15[T4][SITE      ]: L=+0.47 R=+0.46 | carry=0 | base=0.10 ba=+0.93 | site=1 sd=0.20 sa=-0.13 | phero=0 pd=0.00 pa=+0.00 | srch=0.10 | wall=3.11
R16[T4][RTB       ]: L=+1.00 R=+1.00 | carry=1 | base=0.31 ba=+0.00 | site=0 sd=0.00 sa=+0.00 | phero=0 pd=0.00 pa=+0.00 | srch=0.00 | wall=2.21

[DEPOSIT] Robot 3 deposited! Total: 77
  [PHERO] Laid at (-1.55, 0.58) density=3 prob=0.65 total_entries=35
  [TARGET] Robot 3 → SITE (-1.55,0.58)
[PICKUP] Robot 12 picked up tag (density=14) | Total: 83
[GIVE-UP] R5 giving up after 1510 steps
[DEPOSIT] Robot 16 deposited! Total: 78
  [PHERO] Laid at (1.62, 2.29) density=12 prob=1.00 total_entries=34
  [TARGET] Robot 16 → SITE (1.62,2.29)
[PICKUP] Robot 10 picked up tag (density=14) | Total: 84
[PICKUP] Robot 14 picked up tag (density=19) | Total: 85
[DEPOSIT] Robot 1 deposited! Total: 79
  [TARGET] Robot 1 → SITE (-1.63,0.67)
[PICKUP] Robot 2 picked up tag (density=9) | Total: 86
[DEPOSIT] Robot 8 deposited! Total: 80
  [PHERO] Laid at (1.84, 1.64) density=16 prob=1.00 total_entries=35
  [TARGET] Robot 8 → SITE (1.84,1.64)
[DEPOSIT] Robot 4 deposited! Total: 81
  [PHERO] Laid at (2.41, 1.02) density=12 prob=1.00 total_entries=35
  [TARGET] Robot 4 → SITE (2.41,1.02)

======================================================================
Step 8000 (4.3 min) | Pickups: 86 | Deposits: 81 | Rate: 18.98 tags/min | phero_entries=35 phero_max=0.952
======================================================================
R1[T1][BASE_ESC  ]: L=+0.00 R=+1.00 | carry=0 | base=0.04 ba=-0.56 | site=1 sd=0.31 sa=+0.46 | phero=0 pd=0.00 pa=+0.00 | srch=0.02 | wall=3.30
R2[T1][RTB       ]: L=+1.00 R=+0.00 | carry=1 | base=0.34 ba=-0.50 | site=0 sd=0.00 sa=+0.00 | phero=0 pd=0.00 pa=+0.00 | srch=0.00 | wall=2.27
R3[T1][SITE      ]: L=+0.09 R=+0.11 | carry=0 | base=0.15 ba=-0.98 | site=1 sd=0.19 sa=-0.08 | phero=0 pd=0.00 pa=+0.00 | srch=0.09 | wall=2.79
R4[T1][BASE_ESC  ]: L=+0.00 R=+1.00 | carry=0 | base=0.05 ba=-0.26 | site=1 sd=0.48 sa=+0.76 | phero=0 pd=0.00 pa=+0.00 | srch=0.01 | wall=3.29
R5[T2][GIVE_UP   ]: L=+1.00 R=+1.00 | carry=0 | base=0.23 ba=+0.00 | site=0 sd=0.00 sa=+0.00 | phero=0 pd=0.00 pa=+0.00 | srch=0.43 | wall=2.36
R6[T2][EXPLORE   ]: L=+1.00 R=+0.26 | carry=0 | base=0.73 ba=+0.43 | site=0 sd=0.00 sa=+0.00 | phero=0 pd=0.00 pa=+0.00 | srch=0.62 | wall=0.53
R7[T2][EXPLORE   ]: L=+0.82 R=+1.00 | carry=0 | base=0.15 ba=-0.60 | site=0 sd=0.00 sa=+0.00 | phero=0 pd=0.00 pa=+0.00 | srch=0.76 | wall=2.76
R8[T2][BASE_ESC  ]: L=+0.00 R=+1.00 | carry=0 | base=0.05 ba=-0.32 | site=1 sd=0.45 sa=+0.71 | phero=0 pd=0.00 pa=+0.00 | srch=0.01 | wall=3.32
R9[T3][SITE      ]: L=+0.90 R=+1.00 | carry=0 | base=0.34 ba=+0.95 | site=1 sd=0.10 sa=+0.35 | phero=0 pd=0.00 pa=+0.00 | srch=0.13 | wall=2.04
R10[T3][RTB       ]: L=+0.99 R=+1.00 | carry=1 | base=0.46 ba=+0.00 | site=0 sd=0.00 sa=+0.00 | phero=0 pd=0.00 pa=+0.00 | srch=0.00 | wall=1.86
R11[T3][RTB       ]: L=+1.00 R=+1.00 | carry=1 | base=0.14 ba=-0.00 | site=0 sd=0.00 sa=+0.00 | phero=0 pd=0.00 pa=+0.00 | srch=0.00 | wall=2.92
R12[T3][RTB       ]: L=+1.00 R=+1.00 | carry=1 | base=0.41 ba=-0.00 | site=0 sd=0.00 sa=+0.00 | phero=0 pd=0.00 pa=+0.00 | srch=0.00 | wall=2.06
R13[T4][SITE      ]: L=+1.00 R=+1.00 | carry=0 | base=0.56 ba=+0.79 | site=1 sd=0.26 sa=+0.24 | phero=0 pd=0.00 pa=+0.00 | srch=0.20 | wall=1.26
R14[T4][RTB       ]: L=+0.76 R=+1.00 | carry=1 | base=0.33 ba=+0.09 | site=0 sd=0.00 sa=+0.00 | phero=0 pd=0.00 pa=+0.00 | srch=0.00 | wall=2.05
R15[T4][SITE      ]: L=+0.29 R=+0.29 | carry=0 | base=0.18 ba=-0.94 | site=1 sd=0.13 sa=+0.01 | phero=0 pd=0.00 pa=+0.00 | srch=0.23 | wall=2.86
R16[T4][SITE      ]: L=+1.00 R=+0.93 | carry=0 | base=0.07 ba=-0.87 | site=1 sd=0.49 sa=+0.05 | phero=0 pd=0.00 pa=+0.00 | srch=0.04 | wall=3.17

[DEPOSIT] Robot 11 deposited! Total: 82
  [PHERO] Laid at (1.46, 2.54) density=11 prob=1.00 total_entries=33
  [TARGET] Robot 11 → SITE (1.46,2.54)
[EMPTY_RTN] R5 → phero(1.02,-1.13)
[DEPOSIT] Robot 14 deposited! Total: 83
  [PHERO] Laid at (0.71, -1.55) density=19 prob=1.00 total_entries=32
  [TARGET] Robot 14 → SITE (0.71,-1.55)
[PICKUP] Robot 16 picked up tag (density=3) | Total: 87
[DEPOSIT] Robot 2 deposited! Total: 84
  [PHERO] Laid at (-1.12, 1.20) density=9 prob=1.00 total_entries=32
  [TARGET] Robot 2 → SITE (-1.12,1.20)
[DEPOSIT] Robot 12 deposited! Total: 85
  [PHERO] Laid at (-1.84, 1.66) density=14 prob=1.00 total_entries=33
  [TARGET] Robot 12 → SITE (-1.84,1.66)

======================================================================
Step 8500 (4.5 min) | Pickups: 87 | Deposits: 85 | Rate: 18.75 tags/min | phero_entries=33 phero_max=0.972
======================================================================
R1[T1][SITE      ]: L=+0.95 R=+1.00 | carry=0 | base=0.37 ba=+0.61 | site=1 sd=0.07 sa=+0.20 | phero=0 pd=0.00 pa=+0.00 | srch=0.14 | wall=1.97
R2[T1][BASE_ESC  ]: L=+1.00 R=+0.00 | carry=0 | base=0.04 ba=+0.61 | site=1 sd=0.30 sa=-0.55 | phero=0 pd=0.00 pa=+0.00 | srch=0.01 | wall=3.31
R3[T1][SITE      ]: L=+0.78 R=+0.79 | carry=0 | base=0.21 ba=-0.92 | site=1 sd=0.13 sa=-0.00 | phero=0 pd=0.00 pa=+0.00 | srch=0.22 | wall=2.51
R4[T1][SITE      ]: L=+0.99 R=+0.92 | carry=0 | base=0.34 ba=+0.69 | site=1 sd=0.27 sa=+0.04 | phero=0 pd=0.00 pa=+0.00 | srch=0.13 | wall=1.80
R5[T2][PHERO     ]: L=-0.30 R=+1.00 | carry=0 | base=0.05 ba=+0.63 | site=0 sd=0.00 sa=+0.00 | phero=1 pd=0.36 pa=+0.66 | srch=0.07 | wall=3.28
R6[T2][EXPLORE   ]: L=+1.00 R=+0.39 | carry=0 | base=0.68 ba=-0.24 | site=0 sd=0.00 sa=+0.00 | phero=0 pd=0.00 pa=+0.00 | srch=0.75 | wall=0.40
R7[T2][EXPLORE   ]: L=+1.00 R=-0.43 | carry=0 | base=0.30 ba=-0.90 | site=0 sd=0.00 sa=+0.00 | phero=0 pd=0.00 pa=+0.00 | srch=0.89 | wall=2.24
R8[T2][SITE      ]: L=+0.93 R=+1.00 | carry=0 | base=0.37 ba=+0.89 | site=1 sd=0.18 sa=+0.21 | phero=0 pd=0.00 pa=+0.00 | srch=0.13 | wall=1.82
R9[T3][SITE      ]: L=+0.26 R=+1.00 | carry=0 | base=0.37 ba=+0.95 | site=1 sd=0.03 sa=+0.33 | phero=0 pd=0.00 pa=+0.00 | srch=0.25 | wall=1.78
R10[T3][RTB       ]: L=+1.00 R=+1.00 | carry=1 | base=0.07 ba=+0.00 | site=0 sd=0.00 sa=+0.00 | phero=0 pd=0.00 pa=+0.00 | srch=0.00 | wall=3.24
R11[T3][SITE      ]: L=+0.91 R=+0.46 | carry=0 | base=0.13 ba=-0.94 | site=1 sd=0.47 sa=+0.08 | phero=0 pd=0.00 pa=+0.00 | srch=0.09 | wall=2.97
R12[T3][BASE_ESC  ]: L=+1.00 R=+0.00 | carry=0 | base=0.05 ba=+0.19 | site=1 sd=0.45 sa=-0.83 | phero=0 pd=0.00 pa=+0.00 | srch=0.00 | wall=3.32
R13[T4][WALL_ESC  ]: L=+0.32 R=+1.00 | carry=0 | base=0.77 ba=+0.15 | site=1 sd=0.13 sa=+0.08 | phero=0 pd=0.00 pa=+0.00 | srch=0.33 | wall=0.35
R14[T4][SITE      ]: L=+1.00 R=+1.00 | carry=0 | base=0.07 ba=+0.91 | site=1 sd=0.28 sa=-0.24 | phero=0 pd=0.00 pa=+0.00 | srch=0.03 | wall=3.25
R15[T4][SITE      ]: L=+0.21 R=+0.21 | carry=0 | base=0.29 ba=-0.95 | site=1 sd=0.02 sa=-0.06 | phero=0 pd=0.00 pa=+0.00 | srch=0.35 | wall=2.46
R16[T4][RTB       ]: L=+0.57 R=+1.00 | carry=1 | base=0.31 ba=+0.16 | site=0 sd=0.00 sa=+0.00 | phero=0 pd=0.00 pa=+0.00 | srch=0.00 | wall=2.31

[DEPOSIT] Robot 10 deposited! Total: 86
  [PHERO] Laid at (-1.95, -1.72) density=14 prob=1.00 total_entries=34
  [TARGET] Robot 10 → SITE (-1.95,-1.72)
[PICKUP] Robot 15 picked up tag (density=9) | Total: 88
[PICKUP] Robot 8 picked up tag (density=15) | Total: 89
[PICKUP] Robot 1 picked up tag (density=1) | Total: 90
[PICKUP] Robot 13 picked up tag (density=10) | Total: 91
[GIVE-UP] R6 giving up after 3316 steps
[DEPOSIT] Robot 16 deposited! Total: 87
  [PHERO] Laid at (1.27, 0.91) density=3 prob=0.65 total_entries=34
  [TARGET] Robot 16 → SITE (1.27,0.91)
[PICKUP] Robot 4 picked up tag (density=11) | Total: 92
[PICKUP] Robot 9 picked up tag (density=10) | Total: 93
[PICKUP] Robot 14 picked up tag (density=18) | Total: 94

======================================================================
Step 9000 (4.8 min) | Pickups: 94 | Deposits: 87 | Rate: 18.12 tags/min | phero_entries=32 phero_max=0.774
======================================================================
R1[T1][RTB       ]: L=+1.00 R=+1.00 | carry=1 | base=0.11 ba=-0.00 | site=0 sd=0.00 sa=+0.00 | phero=0 pd=0.00 pa=+0.00 | srch=0.00 | wall=2.99
R2[T1][EXPLORE   ]: L=+1.00 R=+1.00 | carry=0 | base=0.33 ba=-0.80 | site=0 sd=0.00 sa=+0.00 | phero=0 pd=0.00 pa=+0.00 | srch=0.14 | wall=2.34
R3[T1][EXPLORE   ]: L=+0.48 R=+1.00 | carry=0 | base=0.49 ba=+0.46 | site=0 sd=0.00 sa=+0.00 | phero=0 pd=0.00 pa=+0.00 | srch=0.34 | wall=1.17
R4[T1][RTB       ]: L=+0.72 R=+1.00 | carry=1 | base=0.52 ba=+0.11 | site=0 sd=0.00 sa=+0.00 | phero=0 pd=0.00 pa=+0.00 | srch=0.00 | wall=1.18
R5[T2][PHERO     ]: L=+1.00 R=+1.00 | carry=0 | base=0.21 ba=+0.84 | site=0 sd=0.00 sa=+0.00 | phero=1 pd=0.21 pa=+0.32 | srch=0.19 | wall=2.45
R6[T2][GIVE_UP   ]: L=+1.00 R=+1.00 | carry=0 | base=0.52 ba=+0.00 | site=0 sd=0.00 sa=+0.00 | phero=0 pd=0.00 pa=+0.00 | srch=0.87 | wall=0.95
R7[T2][EXPLORE   ]: L=+0.90 R=+0.08 | carry=0 | base=0.30 ba=+1.00 | site=0 sd=0.00 sa=+0.00 | phero=0 pd=0.00 pa=+0.00 | srch=1.00 | wall=2.19
R8[T2][RTB       ]: L=+1.00 R=+1.00 | carry=1 | base=0.23 ba=+0.00 | site=0 sd=0.00 sa=+0.00 | phero=0 pd=0.00 pa=+0.00 | srch=0.00 | wall=2.53
R9[T3][RTB       ]: L=+0.11 R=+1.00 | carry=1 | base=0.52 ba=+0.36 | site=0 sd=0.00 sa=+0.00 | phero=0 pd=0.00 pa=+0.00 | srch=0.00 | wall=1.06
R10[T3][SITE      ]: L=+1.00 R=+0.93 | carry=0 | base=0.31 ba=-0.86 | site=1 sd=0.27 sa=-0.14 | phero=0 pd=0.00 pa=+0.00 | srch=0.12 | wall=2.10
R11[T3][SITE      ]: L=+1.00 R=+1.00 | carry=0 | base=0.46 ba=+0.89 | site=1 sd=0.13 sa=-0.04 | phero=0 pd=0.00 pa=+0.00 | srch=0.21 | wall=1.58
R12[T3][SITE      ]: L=+0.96 R=+1.00 | carry=0 | base=0.34 ba=-0.88 | site=1 sd=0.16 sa=+0.07 | phero=0 pd=0.00 pa=+0.00 | srch=0.13 | wall=2.19
R13[T4][RTB       ]: L=+1.00 R=+0.98 | carry=1 | base=0.46 ba=-0.01 | site=0 sd=0.00 sa=+0.00 | phero=0 pd=0.00 pa=+0.00 | srch=0.00 | wall=1.57
R14[T4][RTB       ]: L=+1.00 R=+0.13 | carry=1 | base=0.35 ba=-0.35 | site=0 sd=0.00 sa=+0.00 | phero=0 pd=0.00 pa=+0.00 | srch=0.00 | wall=1.90
R15[T4][RTB       ]: L=+1.00 R=+1.00 | carry=1 | base=0.11 ba=+0.00 | site=0 sd=0.00 sa=+0.00 | phero=0 pd=0.00 pa=+0.00 | srch=0.00 | wall=3.09
R16[T4][SITE      ]: L=+1.00 R=+0.92 | carry=0 | base=0.07 ba=-0.88 | site=1 sd=0.25 sa=+0.01 | phero=0 pd=0.00 pa=+0.00 | srch=0.04 | wall=3.22

[PICKUP] Robot 2 picked up tag (density=8) | Total: 95
[DEPOSIT] Robot 1 deposited! Total: 88
  [TARGET] Robot 1 → PHERO (1.27,0.91)
[DEPOSIT] Robot 15 deposited! Total: 89
  [PHERO] Laid at (1.06, -1.15) density=9 prob=1.00 total_entries=31
  [TARGET] Robot 15 → SITE (1.06,-1.15)
[DEPOSIT] Robot 8 deposited! Total: 90
  [PHERO] Laid at (1.96, 1.11) density=15 prob=1.00 total_entries=31
  [TARGET] Robot 8 → SITE (1.96,1.11)
[PICKUP] Robot 12 picked up tag (density=13) | Total: 96
[PICKUP] Robot 10 picked up tag (density=13) | Total: 97
[DEPOSIT] Robot 14 deposited! Total: 91
  [PHERO] Laid at (0.73, -1.58) density=18 prob=1.00 total_entries=30
  [TARGET] Robot 14 → SITE (0.73,-1.58)
[DEPOSIT] Robot 2 deposited! Total: 92
  [PHERO] Laid at (-1.13, 1.20) density=8 prob=1.00 total_entries=30
  [TARGET] Robot 2 → SITE (-1.13,1.20)

======================================================================
Step 9500 (5.1 min) | Pickups: 97 | Deposits: 92 | Rate: 18.16 tags/min | phero_entries=30 phero_max=0.946
======================================================================
R1[T1][PHERO     ]: L=+1.00 R=+0.95 | carry=0 | base=0.20 ba=-0.68 | site=0 sd=0.00 sa=+0.00 | phero=1 pd=0.16 pa=-0.01 | srch=0.11 | wall=2.63
R2[T1][BASE_ESC  ]: L=+0.00 R=+1.00 | carry=0 | base=0.05 ba=-0.32 | site=1 sd=0.29 sa=+0.72 | phero=0 pd=0.00 pa=+0.00 | srch=0.01 | wall=3.32
R3[T1][EXPLORE   ]: L=-0.14 R=-0.56 | carry=0 | base=0.44 ba=-0.50 | site=0 sd=0.00 sa=+0.00 | phero=0 pd=0.00 pa=+0.00 | srch=0.47 | wall=1.33
R4[T1][RTB       ]: L=+1.00 R=+1.00 | carry=1 | base=0.14 ba=-0.00 | site=0 sd=0.00 sa=+0.00 | phero=0 pd=0.00 pa=+0.00 | srch=0.00 | wall=2.86
R5[T2][EXPLORE   ]: L=+1.00 R=+1.00 | carry=0 | base=0.32 ba=+0.61 | site=0 sd=0.00 sa=+0.00 | phero=0 pd=0.00 pa=+0.00 | srch=0.32 | wall=2.26
R6[T2][GIVE_UP   ]: L=+1.00 R=+1.00 | carry=0 | base=0.13 ba=+0.00 | site=0 sd=0.00 sa=+0.00 | phero=0 pd=0.00 pa=+0.00 | srch=1.00 | wall=2.86
R7[T2][EXPLORE   ]: L=+1.00 R=+1.00 | carry=0 | base=0.25 ba=+0.41 | site=0 sd=0.00 sa=+0.00 | phero=0 pd=0.00 pa=+0.00 | srch=1.00 | wall=2.33
R8[T2][SITE      ]: L=+1.00 R=+1.00 | carry=0 | base=0.16 ba=-0.99 | site=1 sd=0.30 sa=-0.12 | phero=0 pd=0.00 pa=+0.00 | srch=0.07 | wall=2.92
R9[T3][RTB       ]: L=+1.00 R=+1.00 | carry=1 | base=0.15 ba=+0.00 | site=0 sd=0.00 sa=+0.00 | phero=0 pd=0.00 pa=+0.00 | srch=0.00 | wall=2.78
R10[T3][RTB       ]: L=+1.00 R=+1.00 | carry=1 | base=0.42 ba=-0.00 | site=0 sd=0.00 sa=+0.00 | phero=0 pd=0.00 pa=+0.00 | srch=0.00 | wall=1.99
R11[T3][EXPLORE   ]: L=+0.18 R=+1.00 | carry=0 | base=0.67 ba=-0.25 | site=0 sd=0.00 sa=+0.00 | phero=0 pd=0.00 pa=+0.00 | srch=0.34 | wall=0.59
R12[T3][RTB       ]: L=+1.00 R=+1.00 | carry=1 | base=0.42 ba=-0.00 | site=0 sd=0.00 sa=+0.00 | phero=0 pd=0.00 pa=+0.00 | srch=0.00 | wall=2.01
R13[T4][RTB       ]: L=+1.00 R=+1.00 | carry=1 | base=0.07 ba=-0.00 | site=0 sd=0.00 sa=+0.00 | phero=0 pd=0.00 pa=+0.00 | srch=0.00 | wall=3.21
R14[T4][BASE_ESC  ]: L=+0.00 R=+1.00 | carry=0 | base=0.04 ba=-0.67 | site=1 sd=0.31 sa=+0.41 | phero=0 pd=0.00 pa=+0.00 | srch=0.02 | wall=3.28
R15[T4][SITE      ]: L=+0.78 R=+0.78 | carry=0 | base=0.17 ba=-1.00 | site=1 sd=0.15 sa=-0.02 | phero=0 pd=0.00 pa=+0.00 | srch=0.10 | wall=2.92
R16[T4][EXPLORE   ]: L=+1.00 R=+0.60 | carry=0 | base=0.31 ba=+0.31 | site=0 sd=0.00 sa=+0.00 | phero=0 pd=0.00 pa=+0.00 | srch=0.17 | wall=2.28

[DEPOSIT] Robot 13 deposited! Total: 93
  [PHERO] Laid at (1.62, 2.64) density=10 prob=1.00 total_entries=31
  [TARGET] Robot 13 → SITE (1.62,2.64)
[EMPTY_RTN] R6 → phero(1.96,1.11)
[DEPOSIT] Robot 4 deposited! Total: 94
  [PHERO] Laid at (2.41, 1.04) density=11 prob=1.00 total_entries=32
  [TARGET] Robot 4 → SITE (2.41,1.04)
[DEPOSIT] Robot 9 deposited! Total: 95
  [PHERO] Laid at (2.44, 0.75) density=10 prob=1.00 total_entries=33
  [TARGET] Robot 9 → SITE (2.44,0.75)
[GIVE-UP] R5 giving up after 1494 steps
[PICKUP] Robot 8 picked up tag (density=2) | Total: 98
[PICKUP] Robot 15 picked up tag (density=8) | Total: 99
[PICKUP] Robot 1 picked up tag (density=2) | Total: 100
[PICKUP] Robot 14 picked up tag (density=12) | Total: 101
[DEPOSIT] Robot 10 deposited! Total: 96
  [PHERO] Laid at (-1.73, -1.79) density=13 prob=1.00 total_entries=31
  [TARGET] Robot 10 → SITE (-1.73,-1.79)
[DEPOSIT] Robot 12 deposited! Total: 97
  [PHERO] Laid at (-1.86, 1.71) density=13 prob=1.00 total_entries=32
  [TARGET] Robot 12 → SITE (-1.86,1.71)
[PICKUP] Robot 2 picked up tag (density=7) | Total: 102

======================================================================
Step 10000 (5.3 min) | Pickups: 102 | Deposits: 97 | Rate: 18.19 tags/min | phero_entries=32 phero_max=0.972
======================================================================
R1[T1][RTB       ]: L=+0.95 R=+1.00 | carry=1 | base=0.30 ba=+0.02 | site=0 sd=0.00 sa=+0.00 | phero=0 pd=0.00 pa=+0.00 | srch=0.00 | wall=2.36
R2[T1][RTB       ]: L=+0.00 R=+1.00 | carry=1 | base=0.34 ba=+0.67 | site=0 sd=0.00 sa=+0.00 | phero=0 pd=0.00 pa=+0.00 | srch=0.00 | wall=2.28
R3[T1][EXPLORE   ]: L=+1.00 R=+1.00 | carry=0 | base=0.46 ba=+0.67 | site=0 sd=0.00 sa=+0.00 | phero=0 pd=0.00 pa=+0.00 | srch=0.59 | wall=1.38
R4[T1][SITE      ]: L=+1.00 R=+1.00 | carry=0 | base=0.25 ba=-0.96 | site=1 sd=0.30 sa=-0.12 | phero=0 pd=0.00 pa=+0.00 | srch=0.10 | wall=2.53
R5[T2][GIVE_UP   ]: L=+1.00 R=+1.00 | carry=0 | base=0.27 ba=+0.00 | site=0 sd=0.00 sa=+0.00 | phero=0 pd=0.00 pa=+0.00 | srch=0.44 | wall=2.21
R6[T2][PHERO     ]: L=+1.00 R=+1.00 | carry=0 | base=0.25 ba=+0.95 | site=0 sd=0.00 sa=+0.00 | phero=1 pd=0.21 pa=-0.01 | srch=0.10 | wall=2.40
R7[T2][EXPLORE   ]: L=+0.23 R=+0.55 | carry=0 | base=0.28 ba=-0.86 | site=0 sd=0.00 sa=+0.00 | phero=0 pd=0.00 pa=+0.00 | srch=1.00 | wall=2.21
R8[T2][RTB       ]: L=+1.00 R=+1.00 | carry=1 | base=0.21 ba=-0.00 | site=0 sd=0.00 sa=+0.00 | phero=0 pd=0.00 pa=+0.00 | srch=0.00 | wall=2.60
R9[T3][SITE      ]: L=+1.00 R=+1.00 | carry=0 | base=0.23 ba=+0.97 | site=1 sd=0.32 sa=+0.19 | phero=0 pd=0.00 pa=+0.00 | srch=0.09 | wall=2.37
R10[T3][BASE_ESC  ]: L=+0.00 R=+1.00 | carry=0 | base=0.05 ba=-0.26 | site=1 sd=0.46 sa=+0.77 | phero=0 pd=0.00 pa=+0.00 | srch=0.01 | wall=3.33
R11[T3][EXPLORE   ]: L=+0.20 R=+0.52 | carry=0 | base=0.68 ba=-0.62 | site=0 sd=0.00 sa=+0.00 | phero=0 pd=0.00 pa=+0.00 | srch=0.46 | wall=0.54
R12[T3][BASE_ESC  ]: L=+0.00 R=+1.00 | carry=0 | base=0.05 ba=-0.17 | site=1 sd=0.46 sa=+0.85 | phero=0 pd=0.00 pa=+0.00 | srch=0.00 | wall=3.34
R13[T4][SITE      ]: L=+1.00 R=+1.00 | carry=0 | base=0.32 ba=+0.99 | site=1 sd=0.35 sa=+0.23 | phero=0 pd=0.00 pa=+0.00 | srch=0.12 | wall=2.21
R14[T4][RTB       ]: L=+0.23 R=+1.00 | carry=1 | base=0.35 ba=+0.29 | site=0 sd=0.00 sa=+0.00 | phero=0 pd=0.00 pa=+0.00 | srch=0.00 | wall=1.86
R15[T4][RTB       ]: L=+1.00 R=+1.00 | carry=1 | base=0.21 ba=-0.00 | site=0 sd=0.00 sa=+0.00 | phero=0 pd=0.00 pa=+0.00 | srch=0.00 | wall=2.68
R16[T4][EXPLORE   ]: L=+1.00 R=+0.92 | carry=0 | base=0.40 ba=+0.92 | site=0 sd=0.00 sa=+0.00 | phero=0 pd=0.00 pa=+0.00 | srch=0.29 | wall=1.52

[PICKUP] Robot 13 picked up tag (density=14) | Total: 103
[DEPOSIT] Robot 15 deposited! Total: 98
  [PHERO] Laid at (1.09, -1.19) density=8 prob=1.00 total_entries=33
  [TARGET] Robot 15 → SITE (1.09,-1.19)
[DEPOSIT] Robot 8 deposited! Total: 99
  [TARGET] Robot 8 → PHERO (-1.73,-1.79)
[PICKUP] Robot 4 picked up tag (density=13) | Total: 104
[EMPTY_RTN] R5 → phero(1.09,-1.19)
[DEPOSIT] Robot 1 deposited! Total: 100
  [TARGET] Robot 1 → PHERO (-1.73,-1.79)
[DEPOSIT] Robot 14 deposited! Total: 101
  [PHERO] Laid at (0.49, -1.65) density=12 prob=1.00 total_entries=33
  [TARGET] Robot 14 → SITE (0.49,-1.65)
[PICKUP] Robot 11 picked up tag (density=9) | Total: 105
[DEPOSIT] Robot 2 deposited! Total: 102
  [PHERO] Laid at (-1.15, 1.21) density=7 prob=0.99 total_entries=34
  [TARGET] Robot 2 → SITE (-1.15,1.21)
[PICKUP] Robot 12 picked up tag (density=6) | Total: 106
[PICKUP] Robot 9 picked up tag (density=9) | Total: 107

======================================================================
Step 10500 (5.6 min) | Pickups: 107 | Deposits: 102 | Rate: 18.21 tags/min | phero_entries=33 phero_max=0.922
======================================================================
R1[T1][PHERO     ]: L=+1.00 R=-0.62 | carry=0 | base=0.05 ba=-0.50 | site=0 sd=0.00 sa=+0.00 | phero=1 pd=0.55 pa=-0.43 | srch=0.04 | wall=3.28
R2[T1][BASE_ESC  ]: L=+1.00 R=+0.00 | carry=0 | base=0.04 ba=+0.45 | site=1 sd=0.29 sa=-0.61 | phero=0 pd=0.00 pa=+0.00 | srch=0.01 | wall=3.33
R3[T1][EXPLORE   ]: L=+0.11 R=+0.59 | carry=0 | base=0.57 ba=-0.79 | site=0 sd=0.00 sa=+0.00 | phero=0 pd=0.00 pa=+0.00 | srch=0.72 | wall=1.24
R4[T1][RTB       ]: L=+1.00 R=+1.00 | carry=1 | base=0.30 ba=-0.00 | site=0 sd=0.00 sa=+0.00 | phero=0 pd=0.00 pa=+0.00 | srch=0.00 | wall=2.22
R5[T2][PHERO     ]: L=+0.20 R=+0.36 | carry=0 | base=0.06 ba=-0.77 | site=0 sd=0.00 sa=+0.00 | phero=1 pd=0.28 pa=-0.02 | srch=0.06 | wall=3.20
R6[T2][EXPLORE   ]: L=+1.00 R=-0.04 | carry=0 | base=0.51 ba=-0.42 | site=0 sd=0.00 sa=+0.00 | phero=0 pd=0.00 pa=+0.00 | srch=0.22 | wall=1.27
R7[T2][EXPLORE   ]: L=+1.00 R=-0.13 | carry=0 | base=0.26 ba=-0.36 | site=0 sd=0.00 sa=+0.00 | phero=0 pd=0.00 pa=+0.00 | srch=1.00 | wall=2.40
R8[T2][BASE_ESC  ]: L=+0.00 R=+1.00 | carry=0 | base=0.05 ba=-0.46 | site=0 sd=0.00 sa=+0.00 | phero=1 pd=0.54 pa=-0.28 | srch=0.07 | wall=3.27
R9[T3][RTB       ]: L=+0.00 R=+1.00 | carry=1 | base=0.53 ba=+0.44 | site=0 sd=0.00 sa=+0.00 | phero=0 pd=0.00 pa=+0.00 | srch=0.00 | wall=0.97
R10[T3][SITE      ]: L=+1.00 R=+1.00 | carry=0 | base=0.36 ba=+0.91 | site=1 sd=0.21 sa=+0.24 | phero=0 pd=0.00 pa=+0.00 | srch=0.13 | wall=1.87
R11[T3][RTB       ]: L=+1.00 R=+0.99 | carry=1 | base=0.58 ba=-0.00 | site=0 sd=0.00 sa=+0.00 | phero=0 pd=0.00 pa=+0.00 | srch=0.00 | wall=1.33
R12[T3][RTB       ]: L=+0.00 R=+1.00 | carry=1 | base=0.33 ba=+0.61 | site=0 sd=0.00 sa=+0.00 | phero=0 pd=0.00 pa=+0.00 | srch=0.00 | wall=2.19
R13[T4][RTB       ]: L=+1.00 R=+1.00 | carry=1 | base=0.18 ba=+0.00 | site=0 sd=0.00 sa=+0.00 | phero=0 pd=0.00 pa=+0.00 | srch=0.00 | wall=2.81
R14[T4][BASE_ESC  ]: L=+0.00 R=+1.00 | carry=0 | base=0.05 ba=-0.69 | site=1 sd=0.30 sa=+0.36 | phero=0 pd=0.00 pa=+0.00 | srch=0.02 | wall=3.28
R15[T4][SITE      ]: L=+1.00 R=+1.00 | carry=0 | base=0.15 ba=+0.94 | site=1 sd=0.17 sa=-0.04 | phero=0 pd=0.00 pa=+0.00 | srch=0.07 | wall=2.91
R16[T4][EXPLORE   ]: L=+1.00 R=+1.00 | carry=0 | base=0.46 ba=-0.22 | site=0 sd=0.00 sa=+0.00 | phero=0 pd=0.00 pa=+0.00 | srch=0.41 | wall=1.27

[DEPOSIT] Robot 13 deposited! Total: 103
  [PHERO] Laid at (1.59, 1.17) density=14 prob=1.00 total_entries=32
  [TARGET] Robot 13 → SITE (1.59,1.17)
[PICKUP] Robot 3 picked up tag (density=12) | Total: 108
[PICKUP] Robot 15 picked up tag (density=7) | Total: 109
[DEPOSIT] Robot 4 deposited! Total: 104
  [PHERO] Laid at (1.75, 1.12) density=13 prob=1.00 total_entries=31
  [TARGET] Robot 4 → SITE (1.75,1.12)
[DEPOSIT] Robot 12 deposited! Total: 105
  [PHERO] Laid at (-0.98, 1.31) density=6 prob=0.97 total_entries=32
  [TARGET] Robot 12 → SITE (-0.98,1.31)
[PICKUP] Robot 14 picked up tag (density=11) | Total: 110

======================================================================
Step 11000 (5.9 min) | Pickups: 110 | Deposits: 105 | Rate: 17.90 tags/min | phero_entries=32 phero_max=0.903
======================================================================
R1[T1][PHERO     ]: L=+0.74 R=+0.75 | carry=0 | base=0.13 ba=-0.82 | site=0 sd=0.00 sa=+0.00 | phero=1 pd=0.39 pa=-0.04 | srch=0.17 | wall=2.87
R2[T1][SITE      ]: L=+0.52 R=+0.55 | carry=0 | base=0.30 ba=-0.99 | site=1 sd=0.03 sa=+0.06 | phero=0 pd=0.00 pa=+0.00 | srch=0.14 | wall=2.39
R3[T1][RTB       ]: L=+1.00 R=+1.00 | carry=1 | base=0.34 ba=+0.00 | site=0 sd=0.00 sa=+0.00 | phero=0 pd=0.00 pa=+0.00 | srch=0.00 | wall=2.21
R4[T1][SITE      ]: L=+0.96 R=+1.00 | carry=0 | base=0.10 ba=-0.98 | site=1 sd=0.33 sa=+0.20 | phero=0 pd=0.00 pa=+0.00 | srch=0.05 | wall=2.99
R5[T2][PHERO     ]: L=+0.70 R=+0.72 | carry=0 | base=0.22 ba=-0.93 | site=0 sd=0.00 sa=+0.00 | phero=1 pd=0.11 pa=+0.04 | srch=0.18 | wall=2.73
R6[T2][EXPLORE   ]: L=+1.00 R=+0.24 | carry=0 | base=0.51 ba=+0.99 | site=0 sd=0.00 sa=+0.00 | phero=0 pd=0.00 pa=+0.00 | srch=0.35 | wall=1.33
R7[T2][EXPLORE   ]: L=+1.00 R=+0.58 | carry=0 | base=0.25 ba=+0.81 | site=0 sd=0.00 sa=+0.00 | phero=0 pd=0.00 pa=+0.00 | srch=1.00 | wall=2.56
R8[T2][PHERO     ]: L=+0.96 R=+0.97 | carry=0 | base=0.13 ba=-0.90 | site=0 sd=0.00 sa=+0.00 | phero=1 pd=0.38 pa=-0.05 | srch=0.20 | wall=2.89
R9[T3][RTB       ]: L=+1.00 R=+1.00 | carry=1 | base=0.18 ba=+0.00 | site=0 sd=0.00 sa=+0.00 | phero=0 pd=0.00 pa=+0.00 | srch=0.00 | wall=2.66
R10[T3][EXPLORE   ]: L=+1.00 R=+1.00 | carry=0 | base=0.50 ba=+0.55 | site=0 sd=0.00 sa=+0.00 | phero=0 pd=0.00 pa=+0.00 | srch=0.26 | wall=1.34
R11[T3][RTB       ]: L=+1.00 R=+1.00 | carry=1 | base=0.19 ba=+0.00 | site=0 sd=0.00 sa=+0.00 | phero=0 pd=0.00 pa=+0.00 | srch=0.00 | wall=2.79
R12[T3][BASE_ESC  ]: L=+1.00 R=+0.00 | carry=0 | base=0.04 ba=+0.53 | site=1 sd=0.29 sa=-0.54 | phero=0 pd=0.00 pa=+0.00 | srch=0.02 | wall=3.34
R13[T4][SITE      ]: L=+1.00 R=+1.00 | carry=0 | base=0.21 ba=-0.88 | site=1 sd=0.21 sa=-0.09 | phero=0 pd=0.00 pa=+0.00 | srch=0.08 | wall=2.65
R14[T4][RTB       ]: L=+0.00 R=+1.00 | carry=1 | base=0.36 ba=+0.45 | site=0 sd=0.00 sa=+0.00 | phero=0 pd=0.00 pa=+0.00 | srch=0.00 | wall=1.82
R15[T4][RTB       ]: L=+1.00 R=+1.00 | carry=1 | base=0.20 ba=-0.00 | site=0 sd=0.00 sa=+0.00 | phero=0 pd=0.00 pa=+0.00 | srch=0.00 | wall=2.73
R16[T4][EXPLORE   ]: L=+1.00 R=+1.00 | carry=0 | base=0.29 ba=-0.54 | site=0 sd=0.00 sa=+0.00 | phero=0 pd=0.00 pa=+0.00 | srch=0.54 | wall=2.19

[PICKUP] Robot 2 picked up tag (density=5) | Total: 111
[GIVE-UP] R6 giving up after 1520 steps
[DEPOSIT] Robot 9 deposited! Total: 106
  [PHERO] Laid at (2.54, 0.73) density=9 prob=1.00 total_entries=33
  [TARGET] Robot 9 → SITE (2.54,0.73)
[DEPOSIT] Robot 11 deposited! Total: 107
  [PHERO] Laid at (1.99, 2.34) density=9 prob=1.00 total_entries=34
  [TARGET] Robot 11 → SITE (1.99,2.34)
[DEPOSIT] Robot 15 deposited! Total: 108
  [PHERO] Laid at (1.10, -1.20) density=7 prob=0.99 total_entries=35
  [TARGET] Robot 15 → SITE (1.10,-1.20)
[PICKUP] Robot 5 picked up tag (density=6) | Total: 112
[GIVE-UP] R7 giving up after 6313 steps
[PICKUP] Robot 13 picked up tag (density=12) | Total: 113
[DEPOSIT] Robot 3 deposited! Total: 109
  [PHERO] Laid at (-2.23, -1.80) density=12 prob=1.00 total_entries=34
  [TARGET] Robot 3 → SITE (-2.23,-1.80)
[DEPOSIT] Robot 14 deposited! Total: 110
  [PHERO] Laid at (0.54, -1.68) density=11 prob=1.00 total_entries=34
  [TARGET] Robot 14 → SITE (0.54,-1.68)

======================================================================
Step 11500 (6.1 min) | Pickups: 113 | Deposits: 110 | Rate: 17.93 tags/min | phero_entries=34 phero_max=0.922
======================================================================
R1[T1][PHERO     ]: L=+1.00 R=+1.00 | carry=0 | base=0.50 ba=-0.96 | site=0 sd=0.00 sa=+0.00 | phero=1 pd=0.06 pa=-0.47 | srch=0.29 | wall=1.52
R2[T1][RTB       ]: L=+1.00 R=+1.00 | carry=1 | base=0.11 ba=+0.00 | site=0 sd=0.00 sa=+0.00 | phero=0 pd=0.00 pa=+0.00 | srch=0.00 | wall=3.09
R3[T1][SITE      ]: L=+1.00 R=+0.38 | carry=0 | base=0.05 ba=+0.96 | site=1 sd=0.53 sa=-0.13 | phero=0 pd=0.00 pa=+0.00 | srch=0.03 | wall=3.29
R4[T1][SITE      ]: L=+0.90 R=+1.00 | carry=0 | base=0.47 ba=+0.73 | site=1 sd=0.12 sa=+0.39 | phero=0 pd=0.00 pa=+0.00 | srch=0.17 | wall=1.31
R5[T2][RTB       ]: L=+1.00 R=+1.00 | carry=1 | base=0.23 ba=+0.00 | site=0 sd=0.00 sa=+0.00 | phero=0 pd=0.00 pa=+0.00 | srch=0.00 | wall=2.68
R6[T2][GIVE_UP   ]: L=+1.00 R=+1.00 | carry=0 | base=0.20 ba=-0.00 | site=0 sd=0.00 sa=+0.00 | phero=0 pd=0.00 pa=+0.00 | srch=0.47 | wall=2.61
R7[T2][GIVE_UP   ]: L=+1.00 R=+1.00 | carry=0 | base=0.07 ba=+0.00 | site=0 sd=0.00 sa=+0.00 | phero=0 pd=0.00 pa=+0.00 | srch=1.00 | wall=3.24
R8[T2][PHERO     ]: L=+0.97 R=+0.97 | carry=0 | base=0.42 ba=-0.96 | site=0 sd=0.00 sa=+0.00 | phero=1 pd=0.08 pa=-0.01 | srch=0.32 | wall=1.96
R9[T3][SITE      ]: L=+1.00 R=+1.00 | carry=0 | base=0.22 ba=+0.97 | site=1 sd=0.37 sa=-0.32 | phero=0 pd=0.00 pa=+0.00 | srch=0.08 | wall=2.67
R10[T3][EXPLORE   ]: L=+1.00 R=+1.00 | carry=0 | base=0.63 ba=+0.24 | site=0 sd=0.00 sa=+0.00 | phero=0 pd=0.00 pa=+0.00 | srch=0.38 | wall=0.38
R11[T3][SITE      ]: L=+0.89 R=+0.89 | carry=0 | base=0.17 ba=-0.98 | site=1 sd=0.45 sa=+0.00 | phero=0 pd=0.00 pa=+0.00 | srch=0.08 | wall=2.84
R12[T3][SITE      ]: L=+0.17 R=+1.00 | carry=0 | base=0.34 ba=+0.62 | site=1 sd=0.01 sa=+0.51 | phero=0 pd=0.00 pa=+0.00 | srch=0.14 | wall=2.13
R13[T4][RTB       ]: L=+1.00 R=+1.00 | carry=1 | base=0.31 ba=-0.00 | site=0 sd=0.00 sa=+0.00 | phero=0 pd=0.00 pa=+0.00 | srch=0.00 | wall=2.26
R14[T4][BASE_ESC  ]: L=+1.00 R=+0.00 | carry=0 | base=0.04 ba=+0.48 | site=1 sd=0.31 sa=-0.59 | phero=0 pd=0.00 pa=+0.00 | srch=0.01 | wall=3.30
R15[T4][SITE      ]: L=+1.00 R=+1.00 | carry=0 | base=0.18 ba=+0.94 | site=1 sd=0.15 sa=+0.03 | phero=0 pd=0.00 pa=+0.00 | srch=0.08 | wall=2.76
R16[T4][EXPLORE   ]: L=+1.00 R=+1.00 | carry=0 | base=0.17 ba=-0.01 | site=0 sd=0.00 sa=+0.00 | phero=0 pd=0.00 pa=+0.00 | srch=0.67 | wall=2.67

[PICKUP] Robot 12 picked up tag (density=4) | Total: 114
[EMPTY_RTN] R7 → phero(1.10,-1.20)
[PICKUP] Robot 1 picked up tag (density=11) | Total: 115
[DEPOSIT] Robot 2 deposited! Total: 111
  [PHERO] Laid at (-1.20, 1.27) density=5 prob=0.92 total_entries=34
  [TARGET] Robot 2 → SITE (-1.20,1.27)
[PICKUP] Robot 8 picked up tag (density=10) | Total: 116
[EMPTY_RTN] R6 → phero(-2.23,-1.80)
[PICKUP] Robot 15 picked up tag (density=5) | Total: 117
[DEPOSIT] Robot 5 deposited! Total: 112
  [PHERO] Laid at (1.07, -1.22) density=6 prob=0.97 total_entries=33
  [TARGET] Robot 5 → SITE (1.07,-1.22)
[DEPOSIT] Robot 13 deposited! Total: 113
  [PHERO] Laid at (1.57, 1.28) density=12 prob=1.00 total_entries=33
  [TARGET] Robot 13 → SITE (1.57,1.28)
[DEPOSIT] Robot 12 deposited! Total: 114
  [PHERO] Laid at (-1.01, 1.36) density=4 prob=0.82 total_entries=33
  [TARGET] Robot 12 → SITE (-1.01,1.36)

======================================================================
Step 12000 (6.4 min) | Pickups: 117 | Deposits: 114 | Rate: 17.81 tags/min | phero_entries=33 phero_max=0.916
======================================================================
R1[T1][RTB       ]: L=+1.00 R=+1.00 | carry=1 | base=0.29 ba=-0.00 | site=0 sd=0.00 sa=+0.00 | phero=0 pd=0.00 pa=+0.00 | srch=0.00 | wall=2.43
R2[T1][SITE      ]: L=+1.00 R=+0.95 | carry=0 | base=0.28 ba=-0.84 | site=1 sd=0.13 sa=-0.20 | phero=0 pd=0.00 pa=+0.00 | srch=0.10 | wall=2.28
R3[T1][SITE      ]: L=+0.98 R=+1.00 | carry=0 | base=0.41 ba=+0.99 | site=1 sd=0.17 sa=+0.06 | phero=0 pd=0.00 pa=+0.00 | srch=0.16 | wall=1.83
R4[T1][EXPLORE   ]: L=+1.00 R=+1.00 | carry=0 | base=0.41 ba=+0.56 | site=0 sd=0.00 sa=+0.00 | phero=0 pd=0.00 pa=+0.00 | srch=0.30 | wall=1.82
R5[T2][SITE      ]: L=+0.96 R=+1.00 | carry=0 | base=0.14 ba=-0.97 | site=1 sd=0.20 sa=+0.24 | phero=0 pd=0.00 pa=+0.00 | srch=0.06 | wall=2.84
R6[T2][PHERO     ]: L=-0.38 R=-0.38 | carry=0 | base=0.08 ba=-0.17 | site=0 sd=0.00 sa=+0.00 | phero=1 pd=0.66 pa=-0.15 | srch=0.08 | wall=3.18
R7[T2][PHERO     ]: L=+0.16 R=+0.17 | carry=0 | base=0.11 ba=+0.77 | site=0 sd=0.00 sa=+0.00 | phero=1 pd=0.24 pa=-0.00 | srch=0.12 | wall=2.97
R8[T2][RTB       ]: L=+1.00 R=+1.00 | carry=1 | base=0.33 ba=-0.00 | site=0 sd=0.00 sa=+0.00 | phero=0 pd=0.00 pa=+0.00 | srch=0.00 | wall=2.30
R9[T3][SITE      ]: L=+1.00 R=+1.00 | carry=0 | base=0.53 ba=-0.55 | site=1 sd=0.21 sa=-0.11 | phero=0 pd=0.00 pa=+0.00 | srch=0.21 | wall=1.44
R10[T3][EXPLORE   ]: L=+1.00 R=+1.00 | carry=0 | base=0.44 ba=+0.45 | site=0 sd=0.00 sa=+0.00 | phero=0 pd=0.00 pa=+0.00 | srch=0.51 | wall=1.84
R11[T3][SITE      ]: L=+0.92 R=+0.94 | carry=0 | base=0.46 ba=-0.84 | site=1 sd=0.16 sa=+0.07 | phero=0 pd=0.00 pa=+0.00 | srch=0.21 | wall=1.65
R12[T3][BASE_ESC  ]: L=+1.00 R=+0.00 | carry=0 | base=0.04 ba=+0.46 | site=1 sd=0.30 sa=-0.60 | phero=0 pd=0.00 pa=+0.00 | srch=0.01 | wall=3.35
R13[T4][SITE      ]: L=+1.00 R=+1.00 | carry=0 | base=0.08 ba=+0.99 | site=1 sd=0.33 sa=+0.11 | phero=0 pd=0.00 pa=+0.00 | srch=0.04 | wall=3.12
R14[T4][SITE      ]: L=+1.00 R=+1.00 | carry=0 | base=0.35 ba=-0.85 | site=1 sd=0.04 sa=-0.32 | phero=0 pd=0.00 pa=+0.00 | srch=0.14 | wall=1.93
R15[T4][RTB       ]: L=+1.00 R=+1.00 | carry=1 | base=0.19 ba=+0.00 | site=0 sd=0.00 sa=+0.00 | phero=0 pd=0.00 pa=+0.00 | srch=0.00 | wall=2.80
R16[T4][EXPLORE   ]: L=+1.00 R=+0.75 | carry=0 | base=0.18 ba=-0.67 | site=0 sd=0.00 sa=+0.00 | phero=0 pd=0.00 pa=+0.00 | srch=0.79 | wall=2.64

[PICKUP] Robot 14 picked up tag (density=13) | Total: 118
[DEPOSIT] Robot 15 deposited! Total: 115
  [PHERO] Laid at (1.14, -1.22) density=5 prob=0.92 total_entries=33
  [TARGET] Robot 15 → SITE (1.14,-1.22)
[PICKUP] Robot 9 picked up tag (density=8) | Total: 119
[PICKUP] Robot 2 picked up tag (density=3) | Total: 120
[DEPOSIT] Robot 1 deposited! Total: 116
  [PHERO] Laid at (-1.72, -2.11) density=11 prob=1.00 total_entries=32
  [TARGET] Robot 1 → SITE (-1.72,-2.11)
[DEPOSIT] Robot 8 deposited! Total: 117
  [PHERO] Laid at (-1.82, -1.85) density=10 prob=1.00 total_entries=33
  [TARGET] Robot 8 → SITE (-1.82,-1.85)
[PICKUP] Robot 5 picked up tag (density=11) | Total: 121
[PICKUP] Robot 13 picked up tag (density=11) | Total: 122
[PICKUP] Robot 12 picked up tag (density=2) | Total: 123

======================================================================
Step 12500 (6.7 min) | Pickups: 123 | Deposits: 117 | Rate: 17.55 tags/min | phero_entries=32 phero_max=0.811
======================================================================
R1[T1][SITE      ]: L=+1.00 R=+1.00 | carry=0 | base=0.08 ba=-0.98 | site=1 sd=0.47 sa=+0.07 | phero=0 pd=0.00 pa=+0.00 | srch=0.05 | wall=3.22
R2[T1][RTB       ]: L=+1.00 R=+1.00 | carry=1 | base=0.17 ba=-0.00 | site=0 sd=0.00 sa=+0.00 | phero=0 pd=0.00 pa=+0.00 | srch=0.00 | wall=2.86
R3[T1][EXPLORE   ]: L=+1.00 R=+1.00 | carry=0 | base=0.70 ba=+0.59 | site=0 sd=0.00 sa=+0.00 | phero=0 pd=0.00 pa=+0.00 | srch=0.28 | wall=0.81
R4[T1][EXPLORE   ]: L=+1.00 R=+1.00 | carry=0 | base=0.62 ba=+0.77 | site=0 sd=0.00 sa=+0.00 | phero=0 pd=0.00 pa=+0.00 | srch=0.42 | wall=0.44
R5[T2][RTB       ]: L=+0.77 R=+1.00 | carry=1 | base=0.37 ba=+0.09 | site=0 sd=0.00 sa=+0.00 | phero=0 pd=0.00 pa=+0.00 | srch=0.00 | wall=1.99
R6[T2][PHERO     ]: L=-0.11 R=-0.01 | carry=0 | base=0.07 ba=-0.29 | site=0 sd=0.00 sa=+0.00 | phero=1 pd=0.64 pa=-0.17 | srch=0.20 | wall=3.18
R7[T2][PHERO     ]: L=+1.00 R=+1.00 | carry=0 | base=0.23 ba=+0.90 | site=0 sd=0.00 sa=+0.00 | phero=1 pd=0.11 pa=+0.08 | srch=0.25 | wall=2.52
R8[T2][SITE      ]: L=+0.88 R=+1.00 | carry=0 | base=0.06 ba=+0.98 | site=1 sd=0.47 sa=+0.12 | phero=0 pd=0.00 pa=+0.00 | srch=0.03 | wall=3.21
R9[T3][RTB       ]: L=+1.00 R=+1.00 | carry=1 | base=0.34 ba=-0.00 | site=0 sd=0.00 sa=+0.00 | phero=0 pd=0.00 pa=+0.00 | srch=0.00 | wall=1.94
R10[T3][EXPLORE   ]: L=+1.00 R=+1.00 | carry=0 | base=0.54 ba=+0.70 | site=0 sd=0.00 sa=+0.00 | phero=0 pd=0.00 pa=+0.00 | srch=0.63 | wall=0.82
R11[T3][EXPLORE   ]: L=+1.00 R=+1.00 | carry=0 | base=0.78 ba=+0.98 | site=0 sd=0.00 sa=+0.00 | phero=0 pd=0.00 pa=+0.00 | srch=0.33 | wall=0.51
R12[T3][RTB       ]: L=+0.00 R=+1.00 | carry=1 | base=0.36 ba=+0.63 | site=0 sd=0.00 sa=+0.00 | phero=0 pd=0.00 pa=+0.00 | srch=0.00 | wall=2.09
R13[T4][RTB       ]: L=+0.00 R=+1.00 | carry=1 | base=0.43 ba=+0.55 | site=0 sd=0.00 sa=+0.00 | phero=0 pd=0.00 pa=+0.00 | srch=0.00 | wall=1.68
R14[T4][RTB       ]: L=+1.00 R=+1.00 | carry=1 | base=0.10 ba=+0.00 | site=0 sd=0.00 sa=+0.00 | phero=0 pd=0.00 pa=+0.00 | srch=0.00 | wall=3.03
R15[T4][SITE      ]: L=+1.00 R=+1.00 | carry=0 | base=0.18 ba=-0.95 | site=1 sd=0.16 sa=-0.00 | phero=0 pd=0.00 pa=+0.00 | srch=0.08 | wall=2.86
R16[T4][EXPLORE   ]: L=+1.00 R=+0.70 | carry=0 | base=0.11 ba=+0.35 | site=0 sd=0.00 sa=+0.00 | phero=0 pd=0.00 pa=+0.00 | srch=0.92 | wall=3.01

[DEPOSIT] Robot 14 deposited! Total: 118
  [PHERO] Laid at (0.71, -1.63) density=13 prob=1.00 total_entries=33
  [TARGET] Robot 14 → SITE (0.71,-1.63)
[DEPOSIT] Robot 2 deposited! Total: 119
  [TARGET] Robot 2 → SITE (-1.25,1.31)
[PICKUP] Robot 15 picked up tag (density=3) | Total: 124
[DEPOSIT] Robot 9 deposited! Total: 120
  [PHERO] Laid at (2.48, 1.08) density=8 prob=1.00 total_entries=30
  [TARGET] Robot 9 → SITE (2.48,1.08)
[PICKUP] Robot 10 picked up tag (density=7) | Total: 125
[DEPOSIT] Robot 5 deposited! Total: 121
  [PHERO] Laid at (1.02, -1.63) density=11 prob=1.00 total_entries=31
  [TARGET] Robot 5 → SITE (1.02,-1.63)
[DEPOSIT] Robot 12 deposited! Total: 122
  [TARGET] Robot 12 → SITE (-1.04,1.40)

======================================================================
Step 13000 (6.9 min) | Pickups: 125 | Deposits: 122 | Rate: 17.60 tags/min | phero_entries=31 phero_max=0.890
======================================================================
R1[T1][SITE      ]: L=+0.94 R=+1.00 | carry=0 | base=0.46 ba=+0.93 | site=1 sd=0.16 sa=+0.28 | phero=0 pd=0.00 pa=+0.00 | srch=0.17 | wall=1.65
R2[T1][SITE      ]: L=+0.95 R=+1.00 | carry=0 | base=0.23 ba=+0.96 | site=1 sd=0.17 sa=+0.22 | phero=0 pd=0.00 pa=+0.00 | srch=0.09 | wall=2.47
R3[T1][EXPLORE   ]: L=+1.00 R=+1.00 | carry=0 | base=0.54 ba=+0.19 | site=0 sd=0.00 sa=+0.00 | phero=0 pd=0.00 pa=+0.00 | srch=0.41 | wall=1.00
R4[T1][EXPLORE   ]: L=+1.00 R=+1.00 | carry=0 | base=0.45 ba=+0.36 | site=0 sd=0.00 sa=+0.00 | phero=0 pd=0.00 pa=+0.00 | srch=0.55 | wall=1.60
R5[T2][BASE_ESC  ]: L=+1.00 R=+0.00 | carry=0 | base=0.04 ba=+0.54 | site=1 sd=0.35 sa=-0.47 | phero=0 pd=0.00 pa=+0.00 | srch=0.02 | wall=3.34
R6[T2][PHERO     ]: L=+0.29 R=+0.30 | carry=0 | base=0.05 ba=-0.58 | site=0 sd=0.00 sa=+0.00 | phero=1 pd=0.59 pa=-0.14 | srch=0.33 | wall=3.31
R7[T2][EXPLORE   ]: L=+1.00 R=+1.00 | carry=0 | base=0.43 ba=+0.71 | site=0 sd=0.00 sa=+0.00 | phero=0 pd=0.00 pa=+0.00 | srch=0.37 | wall=1.45
R8[T2][SITE      ]: L=+1.00 R=+1.00 | carry=0 | base=0.44 ba=+0.91 | site=1 sd=0.09 sa=+0.01 | phero=0 pd=0.00 pa=+0.00 | srch=0.16 | wall=1.90
R9[T3][SITE      ]: L=+1.00 R=+1.00 | carry=0 | base=0.06 ba=+0.99 | site=1 sd=0.49 sa=+0.10 | phero=0 pd=0.00 pa=+0.00 | srch=0.03 | wall=3.20
R10[T3][RTB       ]: L=+0.99 R=+1.00 | carry=1 | base=0.50 ba=+0.00 | site=0 sd=0.00 sa=+0.00 | phero=0 pd=0.00 pa=+0.00 | srch=0.00 | wall=1.13
R11[T3][EXPLORE   ]: L=+1.00 R=+0.76 | carry=0 | base=0.80 ba=+0.12 | site=0 sd=0.00 sa=+0.00 | phero=0 pd=0.00 pa=+0.00 | srch=0.46 | wall=0.59
R12[T3][BASE_ESC  ]: L=+1.00 R=+0.00 | carry=0 | base=0.04 ba=+0.32 | site=1 sd=0.31 sa=-0.73 | phero=0 pd=0.00 pa=+0.00 | srch=0.01 | wall=3.34
R13[T4][RTB       ]: L=+1.00 R=+1.00 | carry=1 | base=0.09 ba=+0.00 | site=0 sd=0.00 sa=+0.00 | phero=0 pd=0.00 pa=+0.00 | srch=0.00 | wall=3.13
R14[T4][SITE      ]: L=+1.00 R=+0.94 | carry=0 | base=0.29 ba=-0.83 | site=1 sd=0.13 sa=-0.21 | phero=0 pd=0.00 pa=+0.00 | srch=0.11 | wall=2.47
R15[T4][RTB       ]: L=+1.00 R=+1.00 | carry=1 | base=0.25 ba=-0.00 | site=0 sd=0.00 sa=+0.00 | phero=0 pd=0.00 pa=+0.00 | srch=0.00 | wall=2.56
R16[T4][EXPLORE   ]: L=+1.00 R=+0.98 | carry=0 | base=0.39 ba=-0.90 | site=0 sd=0.00 sa=+0.00 | phero=0 pd=0.00 pa=+0.00 | srch=1.00 | wall=1.59

[DEPOSIT] Robot 13 deposited! Total: 123
  [PHERO] Laid at (1.82, 1.12) density=11 prob=1.00 total_entries=32
  [TARGET] Robot 13 → SITE (1.82,1.12)
[PICKUP] Robot 14 picked up tag (density=2) | Total: 126
[GIVE-UP] R7 giving up after 1552 steps
[PICKUP] Robot 4 picked up tag (density=1) | Total: 127
[PICKUP] Robot 1 picked up tag (density=9) | Total: 128
[PICKUP] Robot 8 picked up tag (density=8) | Total: 129
[DEPOSIT] Robot 15 deposited! Total: 124
  [TARGET] Robot 15 → SITE (1.20,-1.27)
[GIVE-UP] R7 giving up after 1786 steps
[PICKUP] Robot 5 picked up tag (density=1) | Total: 130

======================================================================
Step 13500 (7.2 min) | Pickups: 130 | Deposits: 124 | Rate: 17.22 tags/min | phero_entries=30 phero_max=0.489
======================================================================
R1[T1][RTB       ]: L=+1.00 R=+1.00 | carry=1 | base=0.31 ba=+0.00 | site=0 sd=0.00 sa=+0.00 | phero=0 pd=0.00 pa=+0.00 | srch=0.00 | wall=2.37
R2[T1][EXPLORE   ]: L=+1.00 R=+1.00 | carry=0 | base=0.43 ba=+0.67 | site=0 sd=0.00 sa=+0.00 | phero=0 pd=0.00 pa=+0.00 | srch=0.21 | wall=1.51
R3[T1][EXPLORE   ]: L=+0.34 R=+0.89 | carry=0 | base=0.46 ba=-0.24 | site=0 sd=0.00 sa=+0.00 | phero=0 pd=0.00 pa=+0.00 | srch=0.53 | wall=1.29
R4[T1][RTB       ]: L=+1.00 R=+1.00 | carry=1 | base=0.13 ba=-0.00 | site=0 sd=0.00 sa=+0.00 | phero=0 pd=0.00 pa=+0.00 | srch=0.00 | wall=3.01
R5[T2][RTB       ]: L=+1.00 R=+0.00 | carry=1 | base=0.36 ba=-0.61 | site=0 sd=0.00 sa=+0.00 | phero=0 pd=0.00 pa=+0.00 | srch=0.00 | wall=2.21
R6[T2][PHERO     ]: L=+0.34 R=+0.34 | carry=0 | base=0.27 ba=-0.80 | site=0 sd=0.00 sa=+0.00 | phero=1 pd=0.35 pa=-0.03 | srch=0.45 | wall=2.32
R7[T2][GIVE_UP   ]: L=+1.00 R=+1.00 | carry=0 | base=0.19 ba=+0.00 | site=0 sd=0.00 sa=+0.00 | phero=0 pd=0.00 pa=+0.00 | srch=0.50 | wall=2.56
R8[T2][RTB       ]: L=+1.00 R=+1.00 | carry=1 | base=0.32 ba=+0.00 | site=0 sd=0.00 sa=+0.00 | phero=0 pd=0.00 pa=+0.00 | srch=0.00 | wall=2.32
R9[T3][SITE      ]: L=+1.00 R=+1.00 | carry=0 | base=0.45 ba=+0.99 | site=1 sd=0.17 sa=+0.34 | phero=0 pd=0.00 pa=+0.00 | srch=0.16 | wall=1.30
R10[T3][RTB       ]: L=+1.00 R=+1.00 | carry=1 | base=0.11 ba=+0.00 | site=0 sd=0.00 sa=+0.00 | phero=0 pd=0.00 pa=+0.00 | srch=0.00 | wall=2.98
R11[T3][EXPLORE   ]: L=+0.83 R=+0.41 | carry=0 | base=0.70 ba=+0.13 | site=0 sd=0.00 sa=+0.00 | phero=0 pd=0.00 pa=+0.00 | srch=0.58 | wall=0.59
R12[T3][SITE      ]: L=+0.51 R=+1.00 | carry=0 | base=0.34 ba=+1.00 | site=1 sd=0.02 sa=+0.36 | phero=0 pd=0.00 pa=+0.00 | srch=0.13 | wall=2.08
R13[T4][SITE      ]: L=+1.00 R=+1.00 | carry=0 | base=0.31 ba=+0.98 | site=1 sd=0.26 sa=-0.47 | phero=0 pd=0.00 pa=+0.00 | srch=0.11 | wall=2.09
R14[T4][RTB       ]: L=+1.00 R=+0.98 | carry=1 | base=0.10 ba=-0.01 | site=0 sd=0.00 sa=+0.00 | phero=0 pd=0.00 pa=+0.00 | srch=0.00 | wall=3.08
R15[T4][SITE      ]: L=+1.00 R=+1.00 | carry=0 | base=0.11 ba=+0.99 | site=1 sd=0.24 sa=+0.03 | phero=0 pd=0.00 pa=+0.00 | srch=0.06 | wall=3.06
R16[T4][EXPLORE   ]: L=+1.00 R=+1.00 | carry=0 | base=0.49 ba=-0.19 | site=0 sd=0.00 sa=+0.00 | phero=0 pd=0.00 pa=+0.00 | srch=1.00 | wall=1.10

[DEPOSIT] Robot 14 deposited! Total: 125
  [TARGET] Robot 14 → SITE (1.00,-1.29)
[DEPOSIT] Robot 10 deposited! Total: 126
  [PHERO] Laid at (2.70, 0.69) density=7 prob=0.99 total_entries=30
  [TARGET] Robot 10 → SITE (2.70,0.69)
[DEPOSIT] Robot 4 deposited! Total: 127
  [TARGET] Robot 4 → PHERO (2.48,1.08)
[EMPTY_RTN] R7 → phero(2.70,0.69)
[PICKUP] Robot 9 picked up tag (density=6) | Total: 131
[DEPOSIT] Robot 1 deposited! Total: 128
  [PHERO] Laid at (-2.03, -1.72) density=9 prob=1.00 total_entries=29
  [TARGET] Robot 1 → SITE (-2.03,-1.72)
[DEPOSIT] Robot 8 deposited! Total: 129
  [PHERO] Laid at (-1.84, -1.87) density=8 prob=1.00 total_entries=29
  [TARGET] Robot 8 → SITE (-1.84,-1.87)
[PICKUP] Robot 13 picked up tag (density=10) | Total: 132
[DEPOSIT] Robot 5 deposited! Total: 130
  [TARGET] Robot 5 → PHERO (-1.84,-1.87)

======================================================================
Step 14000 (7.5 min) | Pickups: 132 | Deposits: 130 | Rate: 17.41 tags/min | phero_entries=27 phero_max=0.790
======================================================================
R1[T1][SITE      ]: L=+1.00 R=+1.00 | carry=0 | base=0.09 ba=+1.00 | site=1 sd=0.46 sa=+0.14 | phero=0 pd=0.00 pa=+0.00 | srch=0.04 | wall=3.08
R2[T1][EXPLORE   ]: L=+1.00 R=+1.00 | carry=0 | base=0.61 ba=+0.21 | site=0 sd=0.00 sa=+0.00 | phero=0 pd=0.00 pa=+0.00 | srch=0.34 | wall=0.48
R3[T1][EXPLORE   ]: L=+0.80 R=+1.00 | carry=0 | base=0.61 ba=-0.03 | site=0 sd=0.00 sa=+0.00 | phero=0 pd=0.00 pa=+0.00 | srch=0.66 | wall=0.52
R4[T1][PHERO     ]: L=+1.00 R=+0.99 | carry=0 | base=0.19 ba=-0.80 | site=0 sd=0.00 sa=+0.00 | phero=1 pd=0.37 pa=+0.05 | srch=0.10 | wall=2.80
R5[T2][BASE_ESC  ]: L=+0.00 R=+1.00 | carry=0 | base=0.04 ba=-0.40 | site=0 sd=0.00 sa=+0.00 | phero=1 pd=0.52 pa=+0.13 | srch=0.01 | wall=3.32
R6[T2][PHERO     ]: L=+0.22 R=+0.20 | carry=0 | base=0.33 ba=-0.81 | site=0 sd=0.00 sa=+0.00 | phero=1 pd=0.29 pa=-0.05 | srch=0.58 | wall=2.11
R7[T2][PHERO     ]: L=+0.27 R=+0.36 | carry=0 | base=0.16 ba=-0.85 | site=0 sd=0.00 sa=+0.00 | phero=1 pd=0.41 pa=+0.31 | srch=0.08 | wall=2.69
R8[T2][SITE      ]: L=+1.00 R=+0.83 | carry=0 | base=0.07 ba=-0.93 | site=1 sd=0.47 sa=-0.04 | phero=0 pd=0.00 pa=+0.00 | srch=0.04 | wall=3.20
R9[T3][RTB       ]: L=+1.00 R=+1.00 | carry=1 | base=0.42 ba=+0.00 | site=0 sd=0.00 sa=+0.00 | phero=0 pd=0.00 pa=+0.00 | srch=0.00 | wall=1.51
R10[T3][SITE      ]: L=+1.00 R=+0.96 | carry=0 | base=0.29 ba=-0.90 | site=1 sd=0.34 sa=-0.20 | phero=0 pd=0.00 pa=+0.00 | srch=0.11 | wall=2.47
R11[T3][EXPLORE   ]: L=+1.00 R=+1.00 | carry=0 | base=0.52 ba=+0.24 | site=0 sd=0.00 sa=+0.00 | phero=0 pd=0.00 pa=+0.00 | srch=0.71 | wall=0.96
R12[T3][EXPLORE   ]: L=+1.00 R=+1.00 | carry=0 | base=0.20 ba=+0.50 | site=0 sd=0.00 sa=+0.00 | phero=0 pd=0.00 pa=+0.00 | srch=0.26 | wall=2.51
R13[T4][RTB       ]: L=+1.00 R=+1.00 | carry=1 | base=0.38 ba=-0.00 | site=0 sd=0.00 sa=+0.00 | phero=0 pd=0.00 pa=+0.00 | srch=0.00 | wall=2.12
R14[T4][SITE      ]: L=+1.00 R=+1.00 | carry=0 | base=0.29 ba=+0.98 | site=1 sd=0.05 sa=+0.14 | phero=0 pd=0.00 pa=+0.00 | srch=0.11 | wall=2.32
R15[T4][EXPLORE   ]: L=+1.00 R=+1.00 | carry=0 | base=0.45 ba=-0.82 | site=0 sd=0.00 sa=+0.00 | phero=0 pd=0.00 pa=+0.00 | srch=0.19 | wall=1.65
R16[T4][EXPLORE   ]: L=+0.98 R=+1.00 | carry=0 | base=0.31 ba=-0.65 | site=0 sd=0.00 sa=+0.00 | phero=0 pd=0.00 pa=+0.00 | srch=1.00 | wall=2.23

[PICKUP] Robot 10 picked up tag (density=5) | Total: 133
[DEPOSIT] Robot 13 deposited! Total: 131
  [PHERO] Laid at (1.60, 1.59) density=10 prob=1.00 total_entries=26
  [TARGET] Robot 13 → SITE (1.60,1.59)
[DEPOSIT] Robot 9 deposited! Total: 132
  [PHERO] Laid at (2.76, 0.78) density=6 prob=0.97 total_entries=27
  [TARGET] Robot 9 → SITE (2.76,0.78)

======================================================================
Step 14500 (7.7 min) | Pickups: 133 | Deposits: 132 | Rate: 17.07 tags/min | phero_entries=27 phero_max=0.969
======================================================================
R1[T1][SITE      ]: L=+0.97 R=+1.00 | carry=0 | base=0.48 ba=+0.99 | site=1 sd=0.20 sa=+0.46 | phero=0 pd=0.00 pa=+0.00 | srch=0.17 | wall=1.26
R2[T1][EXPLORE   ]: L=+1.00 R=+1.00 | carry=0 | base=0.39 ba=+0.25 | site=0 sd=0.00 sa=+0.00 | phero=0 pd=0.00 pa=+0.00 | srch=0.46 | wall=1.92
R3[T1][EXPLORE   ]: L=+1.00 R=+1.00 | carry=0 | base=0.61 ba=+0.10 | site=0 sd=0.00 sa=+0.00 | phero=0 pd=0.00 pa=+0.00 | srch=0.78 | wall=0.59
R4[T1][PHERO     ]: L=+0.82 R=+0.95 | carry=0 | base=0.53 ba=+0.91 | site=0 sd=0.00 sa=+0.00 | phero=1 pd=0.02 pa=+0.07 | srch=0.22 | wall=1.07
R5[T2][PHERO     ]: L=+1.00 R=+1.00 | carry=0 | base=0.38 ba=-0.96 | site=0 sd=0.00 sa=+0.00 | phero=1 pd=0.37 pa=-0.46 | srch=0.14 | wall=1.63
R6[T2][PHERO     ]: L=-0.11 R=-0.11 | carry=0 | base=0.30 ba=-0.83 | site=0 sd=0.00 sa=+0.00 | phero=1 pd=0.32 pa=-0.07 | srch=0.70 | wall=2.18
R7[T2][PHERO     ]: L=+1.00 R=+1.00 | carry=0 | base=0.42 ba=+0.93 | site=0 sd=0.00 sa=+0.00 | phero=1 pd=0.20 pa=+0.22 | srch=0.20 | wall=1.43
R8[T2][SITE      ]: L=+1.00 R=+1.00 | carry=0 | base=0.41 ba=+0.96 | site=1 sd=0.14 sa=+0.14 | phero=0 pd=0.00 pa=+0.00 | srch=0.16 | wall=1.89
R9[T3][BASE_ESC  ]: L=+1.00 R=+0.00 | carry=0 | base=0.05 ba=+0.21 | site=1 sd=0.53 sa=-0.80 | phero=0 pd=0.00 pa=+0.00 | srch=0.00 | wall=3.28
R10[T3][RTB       ]: L=+1.00 R=+0.91 | carry=1 | base=0.50 ba=-0.03 | site=0 sd=0.00 sa=+0.00 | phero=0 pd=0.00 pa=+0.00 | srch=0.00 | wall=1.17
R11[T3][EXPLORE   ]: L=+1.00 R=+1.00 | carry=0 | base=0.40 ba=+0.55 | site=0 sd=0.00 sa=+0.00 | phero=0 pd=0.00 pa=+0.00 | srch=0.83 | wall=1.84
R12[T3][EXPLORE   ]: L=+1.00 R=+1.00 | carry=0 | base=0.44 ba=+0.87 | site=0 sd=0.00 sa=+0.00 | phero=0 pd=0.00 pa=+0.00 | srch=0.38 | wall=1.57
R13[T4][BASE_ESC  ]: L=+1.00 R=+0.00 | carry=0 | base=0.04 ba=+0.63 | site=1 sd=0.41 sa=-0.41 | phero=0 pd=0.00 pa=+0.00 | srch=0.02 | wall=3.33
R14[T4][EXPLORE   ]: L=+1.00 R=+1.00 | carry=0 | base=0.59 ba=+0.85 | site=0 sd=0.00 sa=+0.00 | phero=0 pd=0.00 pa=+0.00 | srch=0.23 | wall=0.91
R15[T4][EXPLORE   ]: L=+1.00 R=+1.00 | carry=0 | base=0.65 ba=-0.09 | site=0 sd=0.00 sa=+0.00 | phero=0 pd=0.00 pa=+0.00 | srch=0.31 | wall=0.50
R16[T4][EXPLORE   ]: L=+1.00 R=+1.00 | carry=0 | base=0.56 ba=-0.81 | site=0 sd=0.00 sa=+0.00 | phero=0 pd=0.00 pa=+0.00 | srch=1.00 | wall=0.74

[PICKUP] Robot 1 picked up tag (density=10) | Total: 134
[GIVE-UP] R4 giving up after 1058 steps
[PICKUP] Robot 8 picked up tag (density=7) | Total: 135
[PICKUP] Robot 7 picked up tag (density=4) | Total: 136

======================================================================
Step 15000 (8.0 min) | Pickups: 136 | Deposits: 132 | Rate: 16.50 tags/min | phero_entries=23 phero_max=0.435
======================================================================
R1[T1][RTB       ]: L=+1.00 R=+1.00 | carry=1 | base=0.29 ba=+0.00 | site=0 sd=0.00 sa=+0.00 | phero=0 pd=0.00 pa=+0.00 | srch=0.00 | wall=2.17
R2[T1][EXPLORE   ]: L=+1.00 R=+1.00 | carry=0 | base=0.29 ba=+0.62 | site=0 sd=0.00 sa=+0.00 | phero=0 pd=0.00 pa=+0.00 | srch=0.59 | wall=2.11
R3[T1][EXPLORE   ]: L=+1.00 R=+1.00 | carry=0 | base=0.30 ba=+0.27 | site=0 sd=0.00 sa=+0.00 | phero=0 pd=0.00 pa=+0.00 | srch=0.91 | wall=2.05
R4[T1][GIVE_UP   ]: L=+1.00 R=+1.00 | carry=0 | base=0.47 ba=+0.00 | site=0 sd=0.00 sa=+0.00 | phero=0 pd=0.00 pa=+0.00 | srch=0.35 | wall=1.46
R5[T2][PHERO     ]: L=+1.00 R=+1.00 | carry=0 | base=0.60 ba=-0.16 | site=0 sd=0.00 sa=+0.00 | phero=1 pd=0.37 pa=+0.17 | srch=0.26 | wall=0.54
R6[T2][PHERO     ]: L=+1.00 R=+1.00 | carry=0 | base=0.46 ba=-0.83 | site=0 sd=0.00 sa=+0.00 | phero=1 pd=0.14 pa=-0.02 | srch=0.83 | wall=1.84
R7[T2][RTB       ]: L=+0.99 R=+1.00 | carry=1 | base=0.51 ba=+0.01 | site=0 sd=0.00 sa=+0.00 | phero=0 pd=0.00 pa=+0.00 | srch=0.00 | wall=1.10
R8[T2][RTB       ]: L=+1.00 R=+1.00 | carry=1 | base=0.35 ba=+0.00 | site=0 sd=0.00 sa=+0.00 | phero=0 pd=0.00 pa=+0.00 | srch=0.00 | wall=2.26
R9[T3][SITE      ]: L=+1.00 R=+0.98 | carry=0 | base=0.36 ba=+0.99 | site=1 sd=0.34 sa=-0.40 | phero=0 pd=0.00 pa=+0.00 | srch=0.13 | wall=2.14
R10[T3][RTB       ]: L=+1.00 R=+1.00 | carry=1 | base=0.11 ba=-0.00 | site=0 sd=0.00 sa=+0.00 | phero=0 pd=0.00 pa=+0.00 | srch=0.00 | wall=2.97
R11[T3][EXPLORE   ]: L=+1.00 R=+1.00 | carry=0 | base=0.55 ba=+0.73 | site=0 sd=0.00 sa=+0.00 | phero=0 pd=0.00 pa=+0.00 | srch=0.96 | wall=0.84
R12[T3][EXPLORE   ]: L=+1.00 R=+1.00 | carry=0 | base=0.62 ba=+0.10 | site=0 sd=0.00 sa=+0.00 | phero=0 pd=0.00 pa=+0.00 | srch=0.51 | wall=0.55
R13[T4][SITE      ]: L=+1.00 R=+0.96 | carry=0 | base=0.37 ba=-0.77 | site=1 sd=0.14 sa=-0.11 | phero=0 pd=0.00 pa=+0.00 | srch=0.14 | wall=1.90
R14[T4][EXPLORE   ]: L=+1.00 R=+1.00 | carry=0 | base=0.51 ba=+0.15 | site=0 sd=0.00 sa=+0.00 | phero=0 pd=0.00 pa=+0.00 | srch=0.36 | wall=1.06
R15[T4][EXPLORE   ]: L=+1.00 R=+1.00 | carry=0 | base=0.30 ba=-0.22 | site=0 sd=0.00 sa=+0.00 | phero=0 pd=0.00 pa=+0.00 | srch=0.44 | wall=2.03
R16[T4][EXPLORE   ]: L=+1.00 R=+1.00 | carry=0 | base=0.50 ba=-0.29 | site=0 sd=0.00 sa=+0.00 | phero=0 pd=0.00 pa=+0.00 | srch=1.00 | wall=1.33

[DEPOSIT] Robot 10 deposited! Total: 133
  [PHERO] Laid at (2.43, 1.00) density=5 prob=0.92 total_entries=24
  [TARGET] Robot 10 → SITE (2.43,1.00)
[PICKUP] Robot 9 picked up tag (density=9) | Total: 137
[PICKUP] Robot 13 picked up tag (density=8) | Total: 138
[DEPOSIT] Robot 1 deposited! Total: 134
  [PHERO] Laid at (-2.50, -0.92) density=10 prob=1.00 total_entries=23
  [TARGET] Robot 1 → SITE (-2.50,-0.92)
[DEPOSIT] Robot 8 deposited! Total: 135
  [PHERO] Laid at (-1.94, -1.81) density=7 prob=0.99 total_entries=24
  [TARGET] Robot 8 → SITE (-1.94,-1.81)

======================================================================
Step 15500 (8.3 min) | Pickups: 138 | Deposits: 135 | Rate: 16.33 tags/min | phero_entries=22 phero_max=0.844
======================================================================
R1[T1][SITE      ]: L=+1.00 R=+1.00 | carry=0 | base=0.10 ba=+0.94 | site=1 sd=0.45 sa=-0.23 | phero=0 pd=0.00 pa=+0.00 | srch=0.05 | wall=3.16
R2[T1][EXPLORE   ]: L=+1.00 R=+1.00 | carry=0 | base=0.57 ba=+0.85 | site=0 sd=0.00 sa=+0.00 | phero=0 pd=0.00 pa=+0.00 | srch=0.71 | wall=1.29
R3[T1][EXPLORE   ]: L=+1.00 R=+1.00 | carry=0 | base=0.29 ba=+0.72 | site=0 sd=0.00 sa=+0.00 | phero=0 pd=0.00 pa=+0.00 | srch=1.00 | wall=2.07
R4[T1][GIVE_UP   ]: L=+1.00 R=+1.00 | carry=0 | base=0.08 ba=+0.00 | site=0 sd=0.00 sa=+0.00 | phero=0 pd=0.00 pa=+0.00 | srch=0.47 | wall=3.14
R5[T2][PHERO     ]: L=+1.00 R=+1.00 | carry=0 | base=0.48 ba=-0.88 | site=0 sd=0.00 sa=+0.00 | phero=1 pd=0.09 pa=-0.20 | srch=0.39 | wall=1.60
R6[T2][EXPLORE   ]: L=+1.00 R=+1.00 | carry=0 | base=0.61 ba=-0.33 | site=0 sd=0.00 sa=+0.00 | phero=0 pd=0.00 pa=+0.00 | srch=0.95 | wall=0.73
R7[T2][RTB       ]: L=+1.00 R=+1.00 | carry=1 | base=0.12 ba=+0.00 | site=0 sd=0.00 sa=+0.00 | phero=0 pd=0.00 pa=+0.00 | srch=0.00 | wall=2.92
R8[T2][BASE_ESC  ]: L=+1.00 R=+0.33 | carry=0 | base=0.05 ba=+0.85 | site=1 sd=0.49 sa=-0.26 | phero=0 pd=0.00 pa=+0.00 | srch=0.03 | wall=3.28
R9[T3][RTB       ]: L=+1.00 R=+1.00 | carry=1 | base=0.26 ba=-0.00 | site=0 sd=0.00 sa=+0.00 | phero=0 pd=0.00 pa=+0.00 | srch=0.00 | wall=2.49
R10[T3][SITE      ]: L=+0.96 R=+1.00 | carry=0 | base=0.28 ba=+0.94 | site=1 sd=0.29 sa=+0.20 | phero=0 pd=0.00 pa=+0.00 | srch=0.10 | wall=2.10
R11[T3][EXPLORE   ]: L=+1.00 R=+1.00 | carry=0 | base=0.49 ba=+0.28 | site=0 sd=0.00 sa=+0.00 | phero=0 pd=0.00 pa=+0.00 | srch=1.00 | wall=1.12
R12[T3][EXPLORE   ]: L=+1.00 R=+1.00 | carry=0 | base=0.26 ba=+0.16 | site=0 sd=0.00 sa=+0.00 | phero=0 pd=0.00 pa=+0.00 | srch=0.63 | wall=2.20
R13[T4][RTB       ]: L=+1.00 R=+1.00 | carry=1 | base=0.28 ba=-0.00 | site=0 sd=0.00 sa=+0.00 | phero=0 pd=0.00 pa=+0.00 | srch=0.00 | wall=2.45
R14[T4][EXPLORE   ]: L=+1.00 R=+1.00 | carry=0 | base=0.24 ba=+0.41 | site=0 sd=0.00 sa=+0.00 | phero=0 pd=0.00 pa=+0.00 | srch=0.48 | wall=2.50
R15[T4][EXPLORE   ]: L=+1.00 R=+1.00 | carry=0 | base=0.24 ba=-0.72 | site=0 sd=0.00 sa=+0.00 | phero=0 pd=0.00 pa=+0.00 | srch=0.56 | wall=2.29
R16[T4][EXPLORE   ]: L=+1.00 R=+1.00 | carry=0 | base=0.42 ba=-0.58 | site=0 sd=0.00 sa=+0.00 | phero=0 pd=0.00 pa=+0.00 | srch=1.00 | wall=1.50

[EMPTY_RTN] R4 → phero(2.43,1.00)
[PICKUP] Robot 6 picked up tag (density=9) | Total: 139
[DEPOSIT] Robot 7 deposited! Total: 136
  [PHERO] Laid at (2.69, 0.78) density=4 prob=0.82 total_entries=22
  [TARGET] Robot 7 → SITE (2.69,0.78)
[PICKUP] Robot 5 picked up tag (density=6) | Total: 140
[GIVE-UP] R11 giving up after 4687 steps
[DEPOSIT] Robot 13 deposited! Total: 137
  [PHERO] Laid at (1.67, 1.58) density=8 prob=1.00 total_entries=21
  [TARGET] Robot 13 → SITE (1.67,1.58)
[DEPOSIT] Robot 9 deposited! Total: 138
  [PHERO] Laid at (1.62, 1.53) density=9 prob=1.00 total_entries=21
  [TARGET] Robot 9 → SITE (1.62,1.53)

======================================================================
Step 16000 (8.5 min) | Pickups: 140 | Deposits: 138 | Rate: 16.17 tags/min | phero_entries=21 phero_max=0.925
======================================================================
R1[T1][SITE      ]: L=+1.00 R=+1.00 | carry=0 | base=0.43 ba=-0.84 | site=1 sd=0.11 sa=+0.08 | phero=0 pd=0.00 pa=+0.00 | srch=0.17 | wall=1.56
R2[T1][EXPLORE   ]: L=+1.00 R=+1.00 | carry=0 | base=0.63 ba=+0.07 | site=0 sd=0.00 sa=+0.00 | phero=0 pd=0.00 pa=+0.00 | srch=0.84 | wall=0.74
R3[T1][EXPLORE   ]: L=+1.00 R=+1.00 | carry=0 | base=0.61 ba=+0.88 | site=0 sd=0.00 sa=+0.00 | phero=0 pd=0.00 pa=+0.00 | srch=1.00 | wall=0.94
R4[T1][PHERO     ]: L=+1.00 R=+1.00 | carry=0 | base=0.24 ba=-0.90 | site=0 sd=0.00 sa=+0.00 | phero=1 pd=0.29 pa=+0.03 | srch=0.11 | wall=2.45
R5[T2][RTB       ]: L=+1.00 R=+1.00 | carry=1 | base=0.32 ba=-0.00 | site=0 sd=0.00 sa=+0.00 | phero=0 pd=0.00 pa=+0.00 | srch=0.00 | wall=2.36
R6[T2][RTB       ]: L=+1.00 R=+1.00 | carry=1 | base=0.26 ba=-0.00 | site=0 sd=0.00 sa=+0.00 | phero=0 pd=0.00 pa=+0.00 | srch=0.00 | wall=2.30
R7[T2][SITE      ]: L=+0.99 R=+1.00 | carry=0 | base=0.24 ba=-0.94 | site=1 sd=0.33 sa=-0.00 | phero=0 pd=0.00 pa=+0.00 | srch=0.10 | wall=2.39
R8[T2][SITE      ]: L=+1.00 R=+1.00 | carry=0 | base=0.40 ba=+1.00 | site=1 sd=0.21 sa=+0.33 | phero=0 pd=0.00 pa=+0.00 | srch=0.15 | wall=1.69
R9[T3][BASE_ESC  ]: L=+1.00 R=+0.00 | carry=0 | base=0.04 ba=+0.45 | site=1 sd=0.42 sa=-0.78 | phero=0 pd=0.00 pa=+0.00 | srch=0.01 | wall=3.28
R10[T3][EXPLORE   ]: L=+1.00 R=+1.00 | carry=0 | base=0.55 ba=+0.59 | site=0 sd=0.00 sa=+0.00 | phero=0 pd=0.00 pa=+0.00 | srch=0.23 | wall=1.11
R11[T3][GIVE_UP   ]: L=+1.00 R=+1.00 | carry=0 | base=0.31 ba=+0.00 | site=0 sd=0.00 sa=+0.00 | phero=0 pd=0.00 pa=+0.00 | srch=1.00 | wall=2.36
R12[T3][EXPLORE   ]: L=+1.00 R=+1.00 | carry=0 | base=0.20 ba=+0.78 | site=0 sd=0.00 sa=+0.00 | phero=0 pd=0.00 pa=+0.00 | srch=0.76 | wall=2.58
R13[T4][SITE      ]: L=+1.00 R=+1.00 | carry=0 | base=0.06 ba=+0.99 | site=1 sd=0.41 sa=+0.13 | phero=0 pd=0.00 pa=+0.00 | srch=0.03 | wall=3.21
R14[T4][EXPLORE   ]: L=+1.00 R=+1.00 | carry=0 | base=0.11 ba=+0.90 | site=0 sd=0.00 sa=+0.00 | phero=0 pd=0.00 pa=+0.00 | srch=0.61 | wall=2.97
R15[T4][EXPLORE   ]: L=+1.00 R=+1.00 | carry=0 | base=0.58 ba=-0.96 | site=0 sd=0.00 sa=+0.00 | phero=0 pd=0.00 pa=+0.00 | srch=0.69 | wall=1.07
R16[T4][EXPLORE   ]: L=+1.00 R=+1.00 | carry=0 | base=0.64 ba=-0.78 | site=0 sd=0.00 sa=+0.00 | phero=0 pd=0.00 pa=+0.00 | srch=1.00 | wall=0.58

[PICKUP] Robot 1 picked up tag (density=8) | Total: 141
[DEPOSIT] Robot 6 deposited! Total: 139
  [PHERO] Laid at (-2.75, -0.99) density=9 prob=1.00 total_entries=19
  [TARGET] Robot 6 → SITE (-2.75,-0.99)
[EMPTY_RTN] R11 → phero(1.62,1.53)
[DEPOSIT] Robot 5 deposited! Total: 140
  [PHERO] Laid at (-1.79, -2.04) density=6 prob=0.97 total_entries=20
  [TARGET] Robot 5 → SITE (-1.79,-2.04)
[PICKUP] Robot 4 picked up tag (density=3) | Total: 142

======================================================================
Step 16500 (8.8 min) | Pickups: 142 | Deposits: 140 | Rate: 15.91 tags/min | phero_entries=20 phero_max=0.787
======================================================================
R1[T1][RTB       ]: L=+1.00 R=+1.00 | carry=1 | base=0.39 ba=+0.00 | site=0 sd=0.00 sa=+0.00 | phero=0 pd=0.00 pa=+0.00 | srch=0.00 | wall=1.70
R2[T1][EXPLORE   ]: L=+1.00 R=+1.00 | carry=0 | base=0.27 ba=+0.18 | site=0 sd=0.00 sa=+0.00 | phero=0 pd=0.00 pa=+0.00 | srch=0.96 | wall=2.19
R3[T1][EXPLORE   ]: L=+1.00 R=+1.00 | carry=0 | base=0.79 ba=+0.49 | site=0 sd=0.00 sa=+0.00 | phero=0 pd=0.00 pa=+0.00 | srch=1.00 | wall=0.61
R4[T1][RTB       ]: L=+0.51 R=+1.00 | carry=1 | base=0.54 ba=+0.18 | site=0 sd=0.00 sa=+0.00 | phero=0 pd=0.00 pa=+0.00 | srch=0.00 | wall=1.05
R5[T2][SITE      ]: L=+1.00 R=+1.00 | carry=0 | base=0.08 ba=-0.92 | site=1 sd=0.48 sa=+0.25 | phero=0 pd=0.00 pa=+0.00 | srch=0.04 | wall=3.13
R6[T2][SITE      ]: L=+1.00 R=+1.00 | carry=0 | base=0.14 ba=+1.00 | site=1 sd=0.46 sa=+0.16 | phero=0 pd=0.00 pa=+0.00 | srch=0.06 | wall=2.80
R7[T2][SITE      ]: L=+1.00 R=+1.00 | carry=0 | base=0.51 ba=+0.95 | site=1 sd=0.05 sa=-0.17 | phero=0 pd=0.00 pa=+0.00 | srch=0.23 | wall=1.08
R8[T2][EXPLORE   ]: L=+1.00 R=+1.00 | carry=0 | base=0.52 ba=+0.33 | site=0 sd=0.00 sa=+0.00 | phero=0 pd=0.00 pa=+0.00 | srch=0.28 | wall=1.63
R9[T3][SITE      ]: L=+1.00 R=+1.00 | carry=0 | base=0.37 ba=-0.91 | site=1 sd=0.16 sa=-0.30 | phero=0 pd=0.00 pa=+0.00 | srch=0.14 | wall=1.88
R10[T3][EXPLORE   ]: L=+1.00 R=+1.00 | carry=0 | base=0.75 ba=+0.75 | site=0 sd=0.00 sa=+0.00 | phero=0 pd=0.00 pa=+0.00 | srch=0.35 | wall=0.35
R11[T3][PHERO     ]: L=+0.60 R=+1.00 | carry=0 | base=0.05 ba=+0.48 | site=0 sd=0.00 sa=+0.00 | phero=1 pd=0.49 pa=+0.27 | srch=0.04 | wall=3.24
R12[T3][EXPLORE   ]: L=+1.00 R=+1.00 | carry=0 | base=0.56 ba=+0.93 | site=0 sd=0.00 sa=+0.00 | phero=0 pd=0.00 pa=+0.00 | srch=0.88 | wall=1.40
R13[T4][SITE      ]: L=+0.92 R=+1.00 | carry=0 | base=0.44 ba=+0.79 | site=1 sd=0.12 sa=+0.27 | phero=0 pd=0.00 pa=+0.00 | srch=0.16 | wall=1.59
R14[T4][EXPLORE   ]: L=+1.00 R=+1.00 | carry=0 | base=0.49 ba=+0.98 | site=0 sd=0.00 sa=+0.00 | phero=0 pd=0.00 pa=+0.00 | srch=0.73 | wall=1.30
R15[T4][EXPLORE   ]: L=+1.00 R=+1.00 | carry=0 | base=0.72 ba=-0.39 | site=0 sd=0.00 sa=+0.00 | phero=0 pd=0.00 pa=+0.00 | srch=0.81 | wall=0.92
R16[T4][EXPLORE   ]: L=+1.00 R=+1.00 | carry=0 | base=0.70 ba=-0.53 | site=0 sd=0.00 sa=+0.00 | phero=0 pd=0.00 pa=+0.00 | srch=1.00 | wall=0.92

[PICKUP] Robot 15 picked up tag (density=16) | Total: 143
[PICKUP] Robot 13 picked up tag (density=7) | Total: 144
[PICKUP] Robot 12 picked up tag (density=8) | Total: 145
[PICKUP] Robot 9 picked up tag (density=6) | Total: 146
[PICKUP] Robot 7 picked up tag (density=2) | Total: 147
[DEPOSIT] Robot 1 deposited! Total: 141
  [PHERO] Laid at (-2.57, -0.91) density=8 prob=1.00 total_entries=17
  [TARGET] Robot 1 → SITE (-2.57,-0.91)

======================================================================
Step 17000 (9.1 min) | Pickups: 147 | Deposits: 141 | Rate: 15.55 tags/min | phero_entries=17 phero_max=0.908
======================================================================
R1[T1][BASE_ESC  ]: L=+1.00 R=+0.00 | carry=0 | base=0.04 ba=+0.54 | site=1 sd=0.51 sa=-0.51 | phero=0 pd=0.00 pa=+0.00 | srch=0.01 | wall=3.31
R2[T1][EXPLORE   ]: L=+1.00 R=+1.00 | carry=0 | base=0.22 ba=+0.77 | site=0 sd=0.00 sa=+0.00 | phero=0 pd=0.00 pa=+0.00 | srch=1.00 | wall=2.43
R3[T1][EXPLORE   ]: L=+0.87 R=+1.00 | carry=0 | base=0.55 ba=-0.02 | site=0 sd=0.00 sa=+0.00 | phero=0 pd=0.00 pa=+0.00 | srch=1.00 | wall=1.09
R4[T1][RTB       ]: L=+1.00 R=+1.00 | carry=1 | base=0.16 ba=+0.00 | site=0 sd=0.00 sa=+0.00 | phero=0 pd=0.00 pa=+0.00 | srch=0.00 | wall=2.78
R5[T2][SITE      ]: L=+0.96 R=+1.00 | carry=0 | base=0.46 ba=+0.90 | site=1 sd=0.24 sa=+0.35 | phero=0 pd=0.00 pa=+0.00 | srch=0.16 | wall=1.41
R6[T2][SITE      ]: L=+0.95 R=+1.00 | carry=0 | base=0.52 ba=+0.91 | site=1 sd=0.18 sa=+0.34 | phero=0 pd=0.00 pa=+0.00 | srch=0.18 | wall=0.91
R7[T2][RTB       ]: L=+0.99 R=+1.00 | carry=1 | base=0.54 ba=+0.00 | site=0 sd=0.00 sa=+0.00 | phero=0 pd=0.00 pa=+0.00 | srch=0.00 | wall=0.95
R8[T2][EXPLORE   ]: L=+1.00 R=+0.89 | carry=0 | base=0.47 ba=+0.68 | site=0 sd=0.00 sa=+0.00 | phero=0 pd=0.00 pa=+0.00 | srch=0.40 | wall=1.16
R9[T3][RTB       ]: L=+1.00 R=+1.00 | carry=1 | base=0.38 ba=-0.00 | site=0 sd=0.00 sa=+0.00 | phero=0 pd=0.00 pa=+0.00 | srch=0.00 | wall=2.05
R10[T3][EXPLORE   ]: L=+1.00 R=+1.00 | carry=0 | base=0.69 ba=+0.10 | site=0 sd=0.00 sa=+0.00 | phero=0 pd=0.00 pa=+0.00 | srch=0.48 | wall=0.56
R11[T3][PHERO     ]: L=+0.68 R=+0.67 | carry=0 | base=0.22 ba=+0.93 | site=0 sd=0.00 sa=+0.00 | phero=1 pd=0.23 pa=-0.04 | srch=0.17 | wall=2.66
R12[T3][RTB       ]: L=+1.00 R=+1.00 | carry=1 | base=0.34 ba=+0.00 | site=0 sd=0.00 sa=+0.00 | phero=0 pd=0.00 pa=+0.00 | srch=0.00 | wall=2.15
R13[T4][RTB       ]: L=+1.00 R=+1.00 | carry=1 | base=0.17 ba=+0.00 | site=0 sd=0.00 sa=+0.00 | phero=0 pd=0.00 pa=+0.00 | srch=0.00 | wall=2.81
R14[T4][EXPLORE   ]: L=+1.00 R=+1.00 | carry=0 | base=0.65 ba=+0.26 | site=0 sd=0.00 sa=+0.00 | phero=0 pd=0.00 pa=+0.00 | srch=0.86 | wall=0.79
R15[T4][RTB       ]: L=+1.00 R=+1.00 | carry=1 | base=0.36 ba=-0.00 | site=0 sd=0.00 sa=+0.00 | phero=0 pd=0.00 pa=+0.00 | srch=0.00 | wall=2.20
R16[T4][EXPLORE   ]: L=+1.00 R=+1.00 | carry=0 | base=0.57 ba=-0.18 | site=0 sd=0.00 sa=+0.00 | phero=0 pd=0.00 pa=+0.00 | srch=1.00 | wall=0.89

[DEPOSIT] Robot 4 deposited! Total: 142
  [PHERO] Laid at (2.49, 1.03) density=3 prob=0.65 total_entries=18
  [TARGET] Robot 4 → SITE (2.49,1.03)
[DEPOSIT] Robot 13 deposited! Total: 143
  [PHERO] Laid at (1.95, 1.19) density=7 prob=0.99 total_entries=19
  [TARGET] Robot 13 → SITE (1.95,1.19)
[PICKUP] Robot 14 picked up tag (density=18) | Total: 148
[PICKUP] Robot 3 picked up tag (density=7) | Total: 149
[PICKUP] Robot 5 picked up tag (density=5) | Total: 150
[DEPOSIT] Robot 12 deposited! Total: 144
  [PHERO] Laid at (1.91, 2.29) density=8 prob=1.00 total_entries=17
  [TARGET] Robot 12 → SITE (1.91,2.29)
[DEPOSIT] Robot 15 deposited! Total: 145
  [PHERO] Laid at (-2.50, 2.49) density=16 prob=1.00 total_entries=18
  [TARGET] Robot 15 → SITE (-2.50,2.49)
[PICKUP] Robot 10 picked up tag (density=6) | Total: 151
[DEPOSIT] Robot 9 deposited! Total: 146
  [PHERO] Laid at (1.79, 1.56) density=6 prob=0.97 total_entries=19
  [TARGET] Robot 9 → SITE (1.79,1.56)

======================================================================
Step 17500 (9.3 min) | Pickups: 151 | Deposits: 146 | Rate: 15.64 tags/min | phero_entries=19 phero_max=0.900
======================================================================
R1[T1][SITE      ]: L=+1.00 R=+0.97 | carry=0 | base=0.38 ba=-0.83 | site=1 sd=0.25 sa=-0.16 | phero=0 pd=0.00 pa=+0.00 | srch=0.14 | wall=2.11
R2[T1][EXPLORE   ]: L=+1.00 R=+1.00 | carry=0 | base=0.57 ba=+0.92 | site=0 sd=0.00 sa=+0.00 | phero=0 pd=0.00 pa=+0.00 | srch=1.00 | wall=1.17
R3[T1][RTB       ]: L=+1.00 R=+1.00 | carry=1 | base=0.44 ba=+0.00 | site=0 sd=0.00 sa=+0.00 | phero=0 pd=0.00 pa=+0.00 | srch=0.00 | wall=1.66
R4[T1][SITE      ]: L=+1.00 R=+1.00 | carry=0 | base=0.24 ba=-0.98 | site=1 sd=0.36 sa=+0.30 | phero=0 pd=0.00 pa=+0.00 | srch=0.09 | wall=2.34
R5[T2][RTB       ]: L=+1.00 R=+1.00 | carry=1 | base=0.46 ba=+0.00 | site=0 sd=0.00 sa=+0.00 | phero=0 pd=0.00 pa=+0.00 | srch=0.00 | wall=1.81
R6[T2][EXPLORE   ]: L=+1.00 R=+1.00 | carry=0 | base=0.50 ba=-0.03 | site=0 sd=0.00 sa=+0.00 | phero=0 pd=0.00 pa=+0.00 | srch=0.31 | wall=1.16
R7[T2][RTB       ]: L=+1.00 R=+1.00 | carry=1 | base=0.15 ba=+0.00 | site=0 sd=0.00 sa=+0.00 | phero=0 pd=0.00 pa=+0.00 | srch=0.00 | wall=2.78
R8[T2][EXPLORE   ]: L=+1.00 R=+1.00 | carry=0 | base=0.52 ba=-0.08 | site=0 sd=0.00 sa=+0.00 | phero=0 pd=0.00 pa=+0.00 | srch=0.53 | wall=0.93
R9[T3][BASE_ESC  ]: L=+0.00 R=+1.00 | carry=0 | base=0.05 ba=-0.62 | site=1 sd=0.44 sa=+0.46 | phero=0 pd=0.00 pa=+0.00 | srch=0.02 | wall=3.30
R10[T3][RTB       ]: L=+1.00 R=+0.52 | carry=1 | base=0.57 ba=-0.18 | site=0 sd=0.00 sa=+0.00 | phero=0 pd=0.00 pa=+0.00 | srch=0.00 | wall=1.27
R11[T3][PHERO     ]: L=+0.12 R=+0.05 | carry=0 | base=0.43 ba=-0.93 | site=0 sd=0.00 sa=+0.00 | phero=1 pd=0.02 pa=-0.06 | srch=0.29 | wall=1.96
R12[T3][BASE_ESC  ]: L=+0.19 R=+1.00 | carry=0 | base=0.04 ba=-0.79 | site=1 sd=0.56 sa=+0.23 | phero=0 pd=0.00 pa=+0.00 | srch=0.03 | wall=3.35
R13[T4][SITE      ]: L=+1.00 R=+1.00 | carry=0 | base=0.23 ba=+0.98 | site=1 sd=0.30 sa=-0.36 | phero=0 pd=0.00 pa=+0.00 | srch=0.09 | wall=2.45
R14[T4][RTB       ]: L=+1.00 R=+1.00 | carry=1 | base=0.33 ba=+0.00 | site=0 sd=0.00 sa=+0.00 | phero=0 pd=0.00 pa=+0.00 | srch=0.00 | wall=2.33
R15[T4][BASE_ESC  ]: L=+0.05 R=+1.00 | carry=0 | base=0.05 ba=-0.76 | site=1 sd=0.67 sa=+0.31 | phero=0 pd=0.00 pa=+0.00 | srch=0.02 | wall=3.31
R16[T4][EXPLORE   ]: L=+1.00 R=+0.54 | carry=0 | base=0.31 ba=+0.25 | site=0 sd=0.00 sa=+0.00 | phero=0 pd=0.00 pa=+0.00 | srch=1.00 | wall=1.98

[PICKUP] Robot 2 picked up tag (density=15) | Total: 152
[GIVE-UP] R16 giving up after 8820 steps
[DEPOSIT] Robot 7 deposited! Total: 147
  [TARGET] Robot 7 → SITE (2.81,0.89)
[DEPOSIT] Robot 14 deposited! Total: 148
  [PHERO] Laid at (-1.89, 2.10) density=18 prob=1.00 total_entries=20
  [TARGET] Robot 14 → SITE (-1.89,2.10)
[PICKUP] Robot 1 picked up tag (density=7) | Total: 153

======================================================================
Step 18000 (9.6 min) | Pickups: 153 | Deposits: 148 | Rate: 15.42 tags/min | phero_entries=19 phero_max=0.793
======================================================================
R1[T1][RTB       ]: L=+1.00 R=+0.93 | carry=1 | base=0.56 ba=-0.03 | site=0 sd=0.00 sa=+0.00 | phero=0 pd=0.00 pa=+0.00 | srch=0.00 | wall=0.86
R2[T1][RTB       ]: L=+1.00 R=+1.00 | carry=1 | base=0.49 ba=+0.00 | site=0 sd=0.00 sa=+0.00 | phero=0 pd=0.00 pa=+0.00 | srch=0.00 | wall=1.60
R3[T1][RTB       ]: L=+1.00 R=+1.00 | carry=1 | base=0.05 ba=+0.00 | site=0 sd=0.00 sa=+0.00 | phero=0 pd=0.00 pa=+0.00 | srch=0.00 | wall=3.28
R4[T1][SITE      ]: L=+0.96 R=+1.00 | carry=0 | base=0.60 ba=+0.69 | site=1 sd=0.27 sa=+0.33 | phero=0 pd=0.00 pa=+0.00 | srch=0.21 | wall=0.55
R5[T2][RTB       ]: L=+1.00 R=+1.00 | carry=1 | base=0.07 ba=+0.00 | site=0 sd=0.00 sa=+0.00 | phero=0 pd=0.00 pa=+0.00 | srch=0.00 | wall=3.24
R6[T2][EXPLORE   ]: L=+1.00 R=+1.00 | carry=0 | base=0.12 ba=-0.13 | site=0 sd=0.00 sa=+0.00 | phero=0 pd=0.00 pa=+0.00 | srch=0.43 | wall=2.89
R7[T2][SITE      ]: L=+1.00 R=+0.98 | carry=0 | base=0.19 ba=-0.88 | site=1 sd=0.43 sa=-0.08 | phero=0 pd=0.00 pa=+0.00 | srch=0.07 | wall=2.82
R8[T2][EXPLORE   ]: L=+1.00 R=+1.00 | carry=0 | base=0.17 ba=-0.26 | site=0 sd=0.00 sa=+0.00 | phero=0 pd=0.00 pa=+0.00 | srch=0.65 | wall=2.80
R9[T3][SITE      ]: L=+0.98 R=+1.00 | carry=0 | base=0.34 ba=+1.00 | site=1 sd=0.20 sa=+0.30 | phero=0 pd=0.00 pa=+0.00 | srch=0.14 | wall=1.95
R10[T3][RTB       ]: L=+1.00 R=+1.00 | carry=1 | base=0.19 ba=-0.00 | site=0 sd=0.00 sa=+0.00 | phero=0 pd=0.00 pa=+0.00 | srch=0.00 | wall=2.77
R11[T3][EXPLORE   ]: L=+0.86 R=+0.70 | carry=0 | base=0.32 ba=+0.12 | site=0 sd=0.00 sa=+0.00 | phero=0 pd=0.00 pa=+0.00 | srch=0.42 | wall=2.32
R12[T3][SITE      ]: L=+0.96 R=+1.00 | carry=0 | base=0.40 ba=-1.00 | site=1 sd=0.29 sa=+0.33 | phero=0 pd=0.00 pa=+0.00 | srch=0.16 | wall=1.72
R13[T4][SITE      ]: L=+1.00 R=+0.96 | carry=0 | base=0.55 ba=-0.62 | site=1 sd=0.27 sa=-0.31 | phero=0 pd=0.00 pa=+0.00 | srch=0.21 | wall=1.13
R14[T4][SITE      ]: L=+1.00 R=+1.00 | carry=0 | base=0.08 ba=+0.92 | site=1 sd=0.50 sa=-0.22 | phero=0 pd=0.00 pa=+0.00 | srch=0.04 | wall=3.16
R15[T4][SITE      ]: L=+1.00 R=+1.00 | carry=0 | base=0.42 ba=+0.97 | site=1 sd=0.31 sa=+0.10 | phero=0 pd=0.00 pa=+0.00 | srch=0.15 | wall=1.81
R16[T4][GIVE_UP   ]: L=+1.00 R=+1.00 | carry=0 | base=0.08 ba=+0.00 | site=0 sd=0.00 sa=+0.00 | phero=0 pd=0.00 pa=+0.00 | srch=1.00 | wall=3.14

[DEPOSIT] Robot 3 deposited! Total: 149
  [PHERO] Laid at (1.61, 2.32) density=7 prob=0.99 total_entries=20
  [TARGET] Robot 3 → SITE (1.61,2.32)
[DEPOSIT] Robot 5 deposited! Total: 150
  [PHERO] Laid at (-2.22, -1.86) density=5 prob=0.92 total_entries=21
  [TARGET] Robot 5 → SITE (-2.22,-1.86)
[EMPTY_RTN] R16 → phero(1.91,2.29)
[DEPOSIT] Robot 10 deposited! Total: 151
  [PHERO] Laid at (1.68, 2.29) density=6 prob=0.97 total_entries=20
  [TARGET] Robot 10 → SITE (1.68,2.29)
[PICKUP] Robot 15 picked up tag (density=17) | Total: 154
[PICKUP] Robot 13 picked up tag (density=5) | Total: 155
[PICKUP] Robot 4 picked up tag (density=1) | Total: 156
[PICKUP] Robot 12 picked up tag (density=5) | Total: 157

======================================================================
Step 18500 (9.9 min) | Pickups: 157 | Deposits: 151 | Rate: 15.30 tags/min | phero_entries=20 phero_max=0.597
======================================================================
R1[T1][RTB       ]: L=+1.00 R=+1.00 | carry=1 | base=0.17 ba=-0.00 | site=0 sd=0.00 sa=+0.00 | phero=0 pd=0.00 pa=+0.00 | srch=0.00 | wall=2.69
R2[T1][RTB       ]: L=+1.00 R=+1.00 | carry=1 | base=0.10 ba=+0.00 | site=0 sd=0.00 sa=+0.00 | phero=0 pd=0.00 pa=+0.00 | srch=0.00 | wall=3.10
R3[T1][SITE      ]: L=+0.68 R=+0.55 | carry=0 | base=0.31 ba=+0.99 | site=1 sd=0.27 sa=-0.09 | phero=0 pd=0.00 pa=+0.00 | srch=0.12 | wall=2.17
R4[T1][RTB       ]: L=+0.89 R=+1.00 | carry=1 | base=0.54 ba=+0.04 | site=0 sd=0.00 sa=+0.00 | phero=0 pd=0.00 pa=+0.00 | srch=0.00 | wall=0.97
R5[T2][SITE      ]: L=+1.00 R=+1.00 | carry=0 | base=0.33 ba=+1.00 | site=1 sd=0.35 sa=-0.33 | phero=0 pd=0.00 pa=+0.00 | srch=0.12 | wall=1.97
R6[T2][EXPLORE   ]: L=+1.00 R=+1.00 | carry=0 | base=0.30 ba=-0.95 | site=0 sd=0.00 sa=+0.00 | phero=0 pd=0.00 pa=+0.00 | srch=0.56 | wall=2.13
R7[T2][SITE      ]: L=+1.00 R=+1.00 | carry=0 | base=0.53 ba=-0.89 | site=1 sd=0.07 sa=-0.01 | phero=0 pd=0.00 pa=+0.00 | srch=0.20 | wall=1.04
R8[T2][EXPLORE   ]: L=+1.00 R=+0.80 | carry=0 | base=0.20 ba=-0.34 | site=0 sd=0.00 sa=+0.00 | phero=0 pd=0.00 pa=+0.00 | srch=0.78 | wall=2.57
R9[T3][SITE      ]: L=+0.58 R=+1.00 | carry=0 | base=0.50 ba=+0.07 | site=1 sd=0.02 sa=+0.29 | phero=0 pd=0.00 pa=+0.00 | srch=0.27 | wall=1.69
R10[T3][SITE      ]: L=+1.00 R=+1.00 | carry=0 | base=0.21 ba=+0.99 | site=1 sd=0.38 sa=+0.12 | phero=0 pd=0.00 pa=+0.00 | srch=0.08 | wall=2.70
R11[T3][EXPLORE   ]: L=+0.57 R=+1.00 | carry=0 | base=0.44 ba=+0.79 | site=0 sd=0.00 sa=+0.00 | phero=0 pd=0.00 pa=+0.00 | srch=0.54 | wall=1.34
R12[T3][RTB       ]: L=+0.00 R=+1.00 | carry=1 | base=0.61 ba=+0.40 | site=0 sd=0.00 sa=+0.00 | phero=0 pd=0.00 pa=+0.00 | srch=0.00 | wall=1.13
R13[T4][RTB       ]: L=+1.00 R=+1.00 | carry=1 | base=0.34 ba=-0.00 | site=0 sd=0.00 sa=+0.00 | phero=0 pd=0.00 pa=+0.00 | srch=0.00 | wall=2.18
R14[T4][SITE      ]: L=+1.00 R=+0.95 | carry=0 | base=0.45 ba=-0.89 | site=1 sd=0.17 sa=-0.17 | phero=0 pd=0.00 pa=+0.00 | srch=0.16 | wall=1.67
R15[T4][RTB       ]: L=+1.00 R=+1.00 | carry=1 | base=0.43 ba=+0.00 | site=0 sd=0.00 sa=+0.00 | phero=0 pd=0.00 pa=+0.00 | srch=0.00 | wall=1.98
R16[T4][PHERO     ]: L=+0.51 R=+0.50 | carry=0 | base=0.16 ba=+0.88 | site=0 sd=0.00 sa=+0.00 | phero=1 pd=0.46 pa=+0.04 | srch=0.12 | wall=2.80

[DEPOSIT] Robot 2 deposited! Total: 152
  [PHERO] Laid at (-2.01, 2.70) density=15 prob=1.00 total_entries=21
  [TARGET] Robot 2 → SITE (-2.01,2.70)
[PICKUP] Robot 9 picked up tag (density=4) | Total: 158
[PICKUP] Robot 14 picked up tag (density=10) | Total: 159
[DEPOSIT] Robot 1 deposited! Total: 153
  [PHERO] Laid at (-2.77, -0.91) density=7 prob=0.99 total_entries=22
  [TARGET] Robot 1 → SITE (-2.77,-0.91)
TIMEOUT_RESULT pickups=159 deposits=153 steps=18750 elapsed_min=10.000000
BATCH_RESULT pickups=159 deposits=153
