Gym has been unmaintained since 2022 and does not support NumPy 2.0 amongst other critical functionality.
Please upgrade to Gymnasium, the maintained drop-in replacement of Gym, or contact the authors of your software and request that they upgrade.
Users of this version of Gym should be able to simply replace 'import gym' with 'import gymnasium as gym' in the vast majority of cases.
See the migration guide at https://gymnasium.farama.org/introduction/migration_guide/ for additional information.
============================================================
EVALUATION MODE — CPFA-RL Trained Model
Arena: 7×7m  |  Robots: 16  (teams of 4: 4)  |  Tags: 208
Obs per team: 18 × 4 = 72  |  Total obs dim: 288
============================================================

Loading model: ppo_cpfa_v9
Model loaded. Starting evaluation...

============================================================

[PICKUP] Robot 6 picked up tag (density=9) | Total: 1
[PICKUP] Robot 14 picked up tag (density=9) | Total: 2
[PICKUP] Robot 13 picked up tag (density=8) | Total: 3
[PICKUP] Robot 12 picked up tag (density=7) | Total: 4
[PICKUP] Robot 5 picked up tag (density=16) | Total: 5
[DEPOSIT] Robot 14 deposited! Total: 1
  [PHERO] Laid at (0.19, -0.46) density=9 prob=1.00 total_entries=1
  [TARGET] Robot 14 → SITE (0.19,-0.46)
[DEPOSIT] Robot 6 deposited! Total: 2
  [PHERO] Laid at (-0.19, 0.46) density=9 prob=1.00 total_entries=2
  [TARGET] Robot 6 → SITE (-0.19,0.46)
[DEPOSIT] Robot 13 deposited! Total: 3
  [PHERO] Laid at (0.18, -0.49) density=8 prob=1.00 total_entries=3
  [TARGET] Robot 13 → SITE (0.18,-0.49)
[PICKUP] Robot 8 picked up tag (density=8) | Total: 6
[DEPOSIT] Robot 12 deposited! Total: 4
  [PHERO] Laid at (0.22, -0.45) density=7 prob=0.99 total_entries=4
  [TARGET] Robot 12 → SITE (0.22,-0.45)
[PICKUP] Robot 15 picked up tag (density=18) | Total: 7
[PICKUP] Robot 7 picked up tag (density=15) | Total: 8
[PICKUP] Robot 6 picked up tag (density=7) | Total: 9
[DEPOSIT] Robot 5 deposited! Total: 5
  [PHERO] Laid at (0.41, 0.58) density=16 prob=1.00 total_entries=5
  [TARGET] Robot 5 → SITE (0.41,0.58)
[PICKUP] Robot 3 picked up tag (density=19) | Total: 10
[PICKUP] Robot 14 picked up tag (density=6) | Total: 11

======================================================================
Step 500 (0.3 min) | Pickups: 11 | Deposits: 5 | Rate: 18.75 tags/min | phero_entries=5 phero_max=0.816
======================================================================
R1[T1][EXPLORE   ]: L=+1.00 R=+1.00 | carry=0 | base=0.49 ba=+0.98 | site=0 sd=0.00 sa=+0.00 | phero=0 pd=0.00 pa=+0.00 | srch=0.12 | wall=1.07
R2[T1][EXPLORE   ]: L=+1.00 R=+1.00 | carry=0 | base=0.48 ba=-0.98 | site=0 sd=0.00 sa=+0.00 | phero=0 pd=0.00 pa=+0.00 | srch=0.12 | wall=1.14
R3[T1][RTB       ]: L=+1.00 R=+0.82 | carry=1 | base=0.29 ba=-0.07 | site=0 sd=0.00 sa=+0.00 | phero=0 pd=0.00 pa=+0.00 | srch=0.00 | wall=2.18
R4[T1][EXPLORE   ]: L=+1.00 R=+0.81 | carry=0 | base=0.09 ba=-0.22 | site=0 sd=0.00 sa=+0.00 | phero=0 pd=0.00 pa=+0.00 | srch=0.12 | wall=3.08
R5[T2][SITE      ]: L=+0.27 R=+1.00 | carry=0 | base=0.06 ba=-0.97 | site=1 sd=0.10 sa=+0.23 | phero=0 pd=0.00 pa=+0.00 | srch=0.03 | wall=3.27
R6[T2][RTB       ]: L=+1.00 R=+0.90 | carry=1 | base=0.07 ba=-0.04 | site=0 sd=0.00 sa=+0.00 | phero=0 pd=0.00 pa=+0.00 | srch=0.00 | wall=3.17
R7[T2][RTB       ]: L=+0.99 R=+1.00 | carry=1 | base=0.11 ba=+0.00 | site=0 sd=0.00 sa=+0.00 | phero=0 pd=0.00 pa=+0.00 | srch=0.00 | wall=3.10
R8[T2][RTB       ]: L=+1.00 R=+1.00 | carry=1 | base=0.08 ba=-0.00 | site=0 sd=0.00 sa=+0.00 | phero=0 pd=0.00 pa=+0.00 | srch=0.00 | wall=3.12
R9[T3][EXPLORE   ]: L=+1.00 R=+1.00 | carry=0 | base=0.28 ba=+0.92 | site=0 sd=0.00 sa=+0.00 | phero=0 pd=0.00 pa=+0.00 | srch=0.12 | wall=2.11
R10[T3][EXPLORE   ]: L=+1.00 R=+1.00 | carry=0 | base=0.32 ba=-0.97 | site=0 sd=0.00 sa=+0.00 | phero=0 pd=0.00 pa=+0.00 | srch=0.12 | wall=1.97
R11[T3][EXPLORE   ]: L=+1.00 R=+1.00 | carry=0 | base=0.06 ba=-0.86 | site=0 sd=0.00 sa=+0.00 | phero=0 pd=0.00 pa=+0.00 | srch=0.12 | wall=3.22
R12[T3][EXPLORE   ]: L=+1.00 R=+0.62 | carry=0 | base=0.10 ba=-0.88 | site=0 sd=0.00 sa=+0.00 | phero=0 pd=0.00 pa=+0.00 | srch=0.06 | wall=3.04
R13[T4][EXPLORE   ]: L=+1.00 R=+1.00 | carry=0 | base=0.14 ba=-0.83 | site=0 sd=0.00 sa=+0.00 | phero=0 pd=0.00 pa=+0.00 | srch=0.08 | wall=2.85
R14[T4][RTB       ]: L=+1.00 R=+0.49 | carry=1 | base=0.12 ba=-0.19 | site=0 sd=0.00 sa=+0.00 | phero=0 pd=0.00 pa=+0.00 | srch=0.00 | wall=2.93
R15[T4][RTB       ]: L=+0.99 R=+1.00 | carry=1 | base=0.26 ba=+0.00 | site=0 sd=0.00 sa=+0.00 | phero=0 pd=0.00 pa=+0.00 | srch=0.00 | wall=2.22
R16[T4][EXPLORE   ]: L=+1.00 R=+1.00 | carry=0 | base=0.45 ba=+0.90 | site=0 sd=0.00 sa=+0.00 | phero=0 pd=0.00 pa=+0.00 | srch=0.12 | wall=1.33

[DEPOSIT] Robot 6 deposited! Total: 6
  [PHERO] Laid at (-0.21, 0.49) density=7 prob=0.99 total_entries=6
  [TARGET] Robot 6 → SITE (-0.21,0.49)
[DEPOSIT] Robot 8 deposited! Total: 7
  [PHERO] Laid at (-0.13, 0.56) density=8 prob=1.00 total_entries=7
  [TARGET] Robot 8 → SITE (-0.13,0.56)
[DEPOSIT] Robot 7 deposited! Total: 8
  [PHERO] Laid at (0.71, 0.50) density=15 prob=1.00 total_entries=8
  [TARGET] Robot 7 → SITE (0.71,0.50)
[DEPOSIT] Robot 14 deposited! Total: 9
  [PHERO] Laid at (0.17, -0.57) density=6 prob=0.97 total_entries=9
  [TARGET] Robot 14 → SITE (0.17,-0.57)
[GIVE-UP] R13 giving up after 408 steps
[PICKUP] Robot 5 picked up tag (density=14) | Total: 12
[GIVE-UP] R1 giving up after 780 steps
[PICKUP] Robot 11 picked up tag (density=16) | Total: 13
[PICKUP] Robot 10 picked up tag (density=16) | Total: 14
[DEPOSIT] Robot 15 deposited! Total: 10
  [PHERO] Laid at (1.55, -0.33) density=18 prob=1.00 total_entries=10
  [TARGET] Robot 15 → SITE (1.55,-0.33)
[PICKUP] Robot 6 picked up tag (density=6) | Total: 15
[PICKUP] Robot 8 picked up tag (density=5) | Total: 16
[DEPOSIT] Robot 3 deposited! Total: 11
  [PHERO] Laid at (1.43, -0.55) density=19 prob=1.00 total_entries=11
  [TARGET] Robot 3 → SITE (1.43,-0.55)
[EMPTY_RTN] R13 → phero(1.43,-0.55)
[DEPOSIT] Robot 5 deposited! Total: 12
  [PHERO] Laid at (0.40, 0.69) density=14 prob=1.00 total_entries=12
  [TARGET] Robot 5 → SITE (0.40,0.69)
[PICKUP] Robot 14 picked up tag (density=5) | Total: 17
[DEPOSIT] Robot 6 deposited! Total: 13
  [PHERO] Laid at (-0.22, 0.53) density=6 prob=0.97 total_entries=13
  [TARGET] Robot 6 → SITE (-0.22,0.53)

======================================================================
Step 1000 (0.5 min) | Pickups: 17 | Deposits: 13 | Rate: 24.38 tags/min | phero_entries=13 phero_max=0.975
======================================================================
R1[T1][GIVE_UP   ]: L=+1.00 R=+1.00 | carry=0 | base=0.49 ba=+0.00 | site=0 sd=0.00 sa=+0.00 | phero=0 pd=0.00 pa=+0.00 | srch=0.25 | wall=1.07
R2[T1][EXPLORE   ]: L=+1.00 R=+1.00 | carry=0 | base=0.51 ba=-0.14 | site=0 sd=0.00 sa=+0.00 | phero=0 pd=0.00 pa=+0.00 | srch=0.25 | wall=0.97
R3[T1][SITE      ]: L=+0.99 R=+1.00 | carry=0 | base=0.09 ba=+0.94 | site=1 sd=0.22 sa=+0.03 | phero=0 pd=0.00 pa=+0.00 | srch=0.05 | wall=3.12
R4[T1][EXPLORE   ]: L=+1.00 R=+1.00 | carry=0 | base=0.06 ba=+0.43 | site=0 sd=0.00 sa=+0.00 | phero=0 pd=0.00 pa=+0.00 | srch=0.25 | wall=3.22
R5[T2][BASE_ESC  ]: L=+1.00 R=+0.00 | carry=0 | base=0.04 ba=+0.60 | site=1 sd=0.12 sa=-0.53 | phero=0 pd=0.00 pa=+0.00 | srch=0.02 | wall=3.29
R6[T2][BASE_ESC  ]: L=+1.00 R=+0.00 | carry=0 | base=0.05 ba=+0.17 | site=1 sd=0.07 sa=-0.96 | phero=0 pd=0.00 pa=+0.00 | srch=0.00 | wall=3.32
R7[T2][SITE      ]: L=+0.42 R=+0.49 | carry=0 | base=0.07 ba=+1.00 | site=1 sd=0.10 sa=-0.09 | phero=0 pd=0.00 pa=+0.00 | srch=0.11 | wall=3.24
R8[T2][RTB       ]: L=+0.99 R=+1.00 | carry=1 | base=0.06 ba=+0.00 | site=0 sd=0.00 sa=+0.00 | phero=0 pd=0.00 pa=+0.00 | srch=0.00 | wall=3.22
R9[T3][WALL_ESC  ]: L=+0.00 R=+1.00 | carry=0 | base=0.64 ba=+0.67 | site=0 sd=0.00 sa=+0.00 | phero=0 pd=0.00 pa=+0.00 | srch=0.25 | wall=0.33
R10[T3][RTB       ]: L=+1.00 R=+1.00 | carry=1 | base=0.46 ba=-0.00 | site=0 sd=0.00 sa=+0.00 | phero=0 pd=0.00 pa=+0.00 | srch=0.00 | wall=1.32
R11[T3][RTB       ]: L=+1.00 R=+1.00 | carry=1 | base=0.20 ba=-0.00 | site=0 sd=0.00 sa=+0.00 | phero=0 pd=0.00 pa=+0.00 | srch=0.00 | wall=2.79
R12[T3][EXPLORE   ]: L=+1.00 R=+0.69 | carry=0 | base=0.14 ba=-0.37 | site=0 sd=0.00 sa=+0.00 | phero=0 pd=0.00 pa=+0.00 | srch=0.19 | wall=2.82
R13[T4][BASE_ESC  ]: L=+1.00 R=+0.00 | carry=0 | base=0.05 ba=+0.67 | site=0 sd=0.00 sa=+0.00 | phero=1 pd=0.29 pa=+0.07 | srch=0.02 | wall=3.28
R14[T4][RTB       ]: L=+0.00 R=+1.00 | carry=1 | base=0.13 ba=+0.40 | site=0 sd=0.00 sa=+0.00 | phero=0 pd=0.00 pa=+0.00 | srch=0.00 | wall=2.89
R15[T4][SITE      ]: L=+0.21 R=+0.16 | carry=0 | base=0.07 ba=-0.84 | site=1 sd=0.25 sa=+0.06 | phero=0 pd=0.00 pa=+0.00 | srch=0.05 | wall=3.13
R16[T4][EXPLORE   ]: L=+1.00 R=+0.48 | carry=0 | base=0.60 ba=+0.31 | site=0 sd=0.00 sa=+0.00 | phero=0 pd=0.00 pa=+0.00 | srch=0.25 | wall=0.55

[DEPOSIT] Robot 8 deposited! Total: 14
  [PHERO] Laid at (-0.14, 0.62) density=5 prob=0.92 total_entries=14
  [TARGET] Robot 8 → SITE (-0.14,0.62)
[PICKUP] Robot 13 picked up tag (density=4) | Total: 18
[DEPOSIT] Robot 14 deposited! Total: 15
  [PHERO] Laid at (0.20, -0.62) density=5 prob=0.92 total_entries=15
  [TARGET] Robot 14 → SITE (0.20,-0.62)
[PICKUP] Robot 2 picked up tag (density=13) | Total: 19
[DEPOSIT] Robot 11 deposited! Total: 16
  [PHERO] Laid at (-0.90, -1.03) density=16 prob=1.00 total_entries=16
  [TARGET] Robot 11 → SITE (-0.90,-1.03)
[PICKUP] Robot 3 picked up tag (density=18) | Total: 20
[PICKUP] Robot 14 picked up tag (density=3) | Total: 21
[DEPOSIT] Robot 13 deposited! Total: 17
  [PHERO] Laid at (0.23, -0.59) density=4 prob=0.82 total_entries=17
  [TARGET] Robot 13 → SITE (0.23,-0.59)
[PICKUP] Robot 5 picked up tag (density=13) | Total: 22
[PICKUP] Robot 7 picked up tag (density=12) | Total: 23
[PICKUP] Robot 15 picked up tag (density=14) | Total: 24

======================================================================
Step 1500 (0.8 min) | Pickups: 24 | Deposits: 17 | Rate: 21.25 tags/min | phero_entries=17 phero_max=0.795
======================================================================
R1[T1][GIVE_UP   ]: L=+1.00 R=+1.00 | carry=0 | base=0.10 ba=+0.00 | site=0 sd=0.00 sa=+0.00 | phero=0 pd=0.00 pa=+0.00 | srch=0.38 | wall=2.99
R2[T1][RTB       ]: L=+1.00 R=+1.00 | carry=1 | base=0.14 ba=-0.00 | site=0 sd=0.00 sa=+0.00 | phero=0 pd=0.00 pa=+0.00 | srch=0.00 | wall=2.81
R3[T1][RTB       ]: L=+1.00 R=+0.99 | carry=1 | base=0.27 ba=-0.00 | site=0 sd=0.00 sa=+0.00 | phero=0 pd=0.00 pa=+0.00 | srch=0.00 | wall=2.30
R4[T1][EXPLORE   ]: L=+1.00 R=+1.00 | carry=0 | base=0.33 ba=-0.76 | site=0 sd=0.00 sa=+0.00 | phero=0 pd=0.00 pa=+0.00 | srch=0.38 | wall=1.93
R5[T2][RTB       ]: L=+0.78 R=+1.00 | carry=1 | base=0.15 ba=+0.08 | site=0 sd=0.00 sa=+0.00 | phero=0 pd=0.00 pa=+0.00 | srch=0.00 | wall=2.82
R6[T2][EXPLORE   ]: L=+1.00 R=+1.00 | carry=0 | base=0.23 ba=-0.82 | site=0 sd=0.00 sa=+0.00 | phero=0 pd=0.00 pa=+0.00 | srch=0.13 | wall=2.38
R7[T2][RTB       ]: L=+1.00 R=+0.00 | carry=1 | base=0.19 ba=-0.54 | site=0 sd=0.00 sa=+0.00 | phero=0 pd=0.00 pa=+0.00 | srch=0.00 | wall=2.73
R8[T2][EXPLORE   ]: L=+1.00 R=+0.88 | carry=0 | base=0.17 ba=-0.38 | site=0 sd=0.00 sa=+0.00 | phero=0 pd=0.00 pa=+0.00 | srch=0.12 | wall=2.70
R9[T3][EXPLORE   ]: L=+1.00 R=+1.00 | carry=0 | base=0.37 ba=+0.26 | site=0 sd=0.00 sa=+0.00 | phero=0 pd=0.00 pa=+0.00 | srch=0.38 | wall=1.87
R10[T3][RTB       ]: L=+1.00 R=+1.00 | carry=1 | base=0.07 ba=-0.00 | site=0 sd=0.00 sa=+0.00 | phero=0 pd=0.00 pa=+0.00 | srch=0.00 | wall=3.15
R11[T3][SITE      ]: L=+0.98 R=+1.00 | carry=0 | base=0.19 ba=+0.93 | site=1 sd=0.09 sa=-0.02 | phero=0 pd=0.00 pa=+0.00 | srch=0.08 | wall=2.83
R12[T3][EXPLORE   ]: L=+1.00 R=+1.00 | carry=0 | base=0.18 ba=-0.88 | site=0 sd=0.00 sa=+0.00 | phero=0 pd=0.00 pa=+0.00 | srch=0.31 | wall=2.84
R13[T4][SITE      ]: L=+1.00 R=+0.91 | carry=0 | base=0.07 ba=-1.00 | site=1 sd=0.07 sa=-0.32 | phero=0 pd=0.00 pa=+0.00 | srch=0.04 | wall=3.22
R14[T4][RTB       ]: L=+1.00 R=+0.95 | carry=1 | base=0.07 ba=-0.02 | site=0 sd=0.00 sa=+0.00 | phero=0 pd=0.00 pa=+0.00 | srch=0.00 | wall=3.20
R15[T4][RTB       ]: L=+1.00 R=+0.00 | carry=1 | base=0.33 ba=-0.68 | site=0 sd=0.00 sa=+0.00 | phero=0 pd=0.00 pa=+0.00 | srch=0.00 | wall=1.92
R16[T4][EXPLORE   ]: L=+1.00 R=+0.95 | carry=0 | base=0.64 ba=+0.89 | site=0 sd=0.00 sa=+0.00 | phero=0 pd=0.00 pa=+0.00 | srch=0.38 | wall=0.46

[DEPOSIT] Robot 14 deposited! Total: 18
  [PHERO] Laid at (0.33, -0.41) density=3 prob=0.65 total_entries=18
  [TARGET] Robot 14 → SITE (0.33,-0.41)
[DEPOSIT] Robot 10 deposited! Total: 19
  [PHERO] Laid at (-0.68, -2.57) density=16 prob=1.00 total_entries=19
  [TARGET] Robot 10 → SITE (-0.68,-2.57)
[EMPTY_RTN] R1 → phero(-0.14,0.62)
[DEPOSIT] Robot 2 deposited! Total: 20
  [PHERO] Laid at (1.99, -0.43) density=13 prob=1.00 total_entries=20
  [TARGET] Robot 2 → SITE (1.99,-0.43)
[PICKUP] Robot 11 picked up tag (density=15) | Total: 25
[DEPOSIT] Robot 5 deposited! Total: 21
  [PHERO] Laid at (0.44, 0.70) density=13 prob=1.00 total_entries=21
  [TARGET] Robot 5 → SITE (0.44,0.70)
[GIVE-UP] R4 giving up after 1638 steps
[PICKUP] Robot 9 picked up tag (density=14) | Total: 26
[DEPOSIT] Robot 7 deposited! Total: 22
  [PHERO] Laid at (0.73, 0.51) density=12 prob=1.00 total_entries=22
  [TARGET] Robot 7 → SITE (0.73,0.51)
[DEPOSIT] Robot 3 deposited! Total: 23
  [PHERO] Laid at (1.50, -0.58) density=18 prob=1.00 total_entries=23
  [TARGET] Robot 3 → SITE (1.50,-0.58)
[PICKUP] Robot 4 picked up tag (density=11) | Total: 27
[PICKUP] Robot 10 picked up tag (density=13) | Total: 28
[PICKUP] Robot 12 picked up tag (density=12) | Total: 29
[PICKUP] Robot 5 picked up tag (density=10) | Total: 30
[DEPOSIT] Robot 15 deposited! Total: 24
  [PHERO] Laid at (1.56, -0.33) density=14 prob=1.00 total_entries=24
  [TARGET] Robot 15 → SITE (1.56,-0.33)
[PICKUP] Robot 1 picked up tag (density=4) | Total: 31

======================================================================
Step 2000 (1.1 min) | Pickups: 31 | Deposits: 24 | Rate: 22.50 tags/min | phero_entries=24 phero_max=0.932
======================================================================
R1[T1][RTB       ]: L=+0.00 R=+1.00 | carry=1 | base=0.15 ba=+0.45 | site=0 sd=0.00 sa=+0.00 | phero=0 pd=0.00 pa=+0.00 | srch=0.00 | wall=2.81
R2[T1][SITE      ]: L=+1.00 R=+1.00 | carry=0 | base=0.24 ba=+0.94 | site=1 sd=0.18 sa=+0.04 | phero=0 pd=0.00 pa=+0.00 | srch=0.09 | wall=2.41
R3[T1][SITE      ]: L=+0.21 R=+0.23 | carry=0 | base=0.06 ba=-0.93 | site=1 sd=0.27 sa=-0.05 | phero=0 pd=0.00 pa=+0.00 | srch=0.05 | wall=3.22
R4[T1][RTB       ]: L=+1.00 R=+1.00 | carry=1 | base=0.17 ba=+0.00 | site=0 sd=0.00 sa=+0.00 | phero=0 pd=0.00 pa=+0.00 | srch=0.00 | wall=2.79
R5[T2][RTB       ]: L=+1.00 R=+0.13 | carry=1 | base=0.17 ba=-0.33 | site=0 sd=0.00 sa=+0.00 | phero=0 pd=0.00 pa=+0.00 | srch=0.00 | wall=2.84
R6[T2][EXPLORE   ]: L=+1.00 R=+1.00 | carry=0 | base=0.60 ba=-0.95 | site=0 sd=0.00 sa=+0.00 | phero=0 pd=0.00 pa=+0.00 | srch=0.25 | wall=0.87
R7[T2][SITE      ]: L=+0.93 R=+0.90 | carry=0 | base=0.15 ba=-0.93 | site=1 sd=0.03 sa=-0.03 | phero=0 pd=0.00 pa=+0.00 | srch=0.06 | wall=2.92
R8[T2][EXPLORE   ]: L=+1.00 R=+0.56 | carry=0 | base=0.27 ba=-0.45 | site=0 sd=0.00 sa=+0.00 | phero=0 pd=0.00 pa=+0.00 | srch=0.25 | wall=2.40
R9[T3][RTB       ]: L=+1.00 R=+1.00 | carry=1 | base=0.05 ba=+0.00 | site=0 sd=0.00 sa=+0.00 | phero=0 pd=0.00 pa=+0.00 | srch=0.00 | wall=3.30
R10[T3][RTB       ]: L=+0.17 R=+1.00 | carry=1 | base=0.26 ba=+0.33 | site=0 sd=0.00 sa=+0.00 | phero=0 pd=0.00 pa=+0.00 | srch=0.00 | wall=2.39
R11[T3][RTB       ]: L=+1.00 R=+1.00 | carry=1 | base=0.08 ba=+0.00 | site=0 sd=0.00 sa=+0.00 | phero=0 pd=0.00 pa=+0.00 | srch=0.00 | wall=3.18
R12[T3][RTB       ]: L=+1.00 R=+0.00 | carry=1 | base=0.52 ba=-0.53 | site=0 sd=0.00 sa=+0.00 | phero=0 pd=0.00 pa=+0.00 | srch=0.00 | wall=1.39
R13[T4][EXPLORE   ]: L=+1.00 R=+1.00 | carry=0 | base=0.39 ba=-0.92 | site=0 sd=0.00 sa=+0.00 | phero=0 pd=0.00 pa=+0.00 | srch=0.16 | wall=1.65
R14[T4][EXPLORE   ]: L=+1.00 R=+1.00 | carry=0 | base=0.27 ba=+0.89 | site=0 sd=0.00 sa=+0.00 | phero=0 pd=0.00 pa=+0.00 | srch=0.12 | wall=2.24
R15[T4][BASE_ESC  ]: L=+1.00 R=+0.00 | carry=0 | base=0.05 ba=+0.44 | site=1 sd=0.28 sa=-0.53 | phero=0 pd=0.00 pa=+0.00 | srch=0.01 | wall=3.28
R16[T4][EXPLORE   ]: L=+1.00 R=+1.00 | carry=0 | base=0.47 ba=+0.32 | site=0 sd=0.00 sa=+0.00 | phero=0 pd=0.00 pa=+0.00 | srch=0.50 | wall=1.69

[DEPOSIT] Robot 9 deposited! Total: 25
  [PHERO] Laid at (-1.08, -1.07) density=14 prob=1.00 total_entries=25
  [TARGET] Robot 9 → SITE (-1.08,-1.07)
[DEPOSIT] Robot 11 deposited! Total: 26
  [PHERO] Laid at (-0.89, -1.04) density=15 prob=1.00 total_entries=26
  [TARGET] Robot 11 → SITE (-0.89,-1.04)
[GIVE-UP] R8 giving up after 1060 steps
[PICKUP] Robot 14 picked up tag (density=16) | Total: 32
[DEPOSIT] Robot 4 deposited! Total: 27
  [PHERO] Laid at (0.69, 1.03) density=11 prob=1.00 total_entries=27
  [TARGET] Robot 4 → SITE (0.69,1.03)
[PICKUP] Robot 2 picked up tag (density=15) | Total: 33
[DEPOSIT] Robot 1 deposited! Total: 28
  [PHERO] Laid at (-0.20, 0.68) density=4 prob=0.82 total_entries=28
  [TARGET] Robot 1 → SITE (-0.20,0.68)
[PICKUP] Robot 8 picked up tag (density=2) | Total: 34
[DEPOSIT] Robot 5 deposited! Total: 29
  [PHERO] Laid at (0.47, 0.73) density=10 prob=1.00 total_entries=29
  [TARGET] Robot 5 → SITE (0.47,0.73)
[PICKUP] Robot 13 picked up tag (density=15) | Total: 35
[DEPOSIT] Robot 10 deposited! Total: 30
  [PHERO] Laid at (-0.65, -1.06) density=13 prob=1.00 total_entries=30
  [TARGET] Robot 10 → SITE (-0.65,-1.06)
[DEPOSIT] Robot 8 deposited! Total: 31
  [TARGET] Robot 8 → SITE (0.57,-0.56)
[PICKUP] Robot 4 picked up tag (density=9) | Total: 36
[PICKUP] Robot 7 picked up tag (density=8) | Total: 37
[PICKUP] Robot 15 picked up tag (density=7) | Total: 38

======================================================================
Step 2500 (1.3 min) | Pickups: 38 | Deposits: 31 | Rate: 23.25 tags/min | phero_entries=30 phero_max=0.746
======================================================================
R1[T1][EXPLORE   ]: L=+1.00 R=+1.00 | carry=0 | base=0.19 ba=-0.88 | site=0 sd=0.00 sa=+0.00 | phero=0 pd=0.00 pa=+0.00 | srch=0.08 | wall=2.58
R2[T1][RTB       ]: L=+1.00 R=+1.00 | carry=1 | base=0.18 ba=+0.00 | site=0 sd=0.00 sa=+0.00 | phero=0 pd=0.00 pa=+0.00 | srch=0.00 | wall=2.65
R3[T1][SITE      ]: L=+0.22 R=+0.22 | carry=0 | base=0.15 ba=+0.92 | site=1 sd=0.17 sa=-0.11 | phero=0 pd=0.00 pa=+0.00 | srch=0.18 | wall=2.77
R4[T1][RTB       ]: L=+1.00 R=+0.00 | carry=1 | base=0.17 ba=-0.48 | site=0 sd=0.00 sa=+0.00 | phero=0 pd=0.00 pa=+0.00 | srch=0.00 | wall=2.86
R5[T2][EXPLORE   ]: L=+1.00 R=+1.00 | carry=0 | base=0.17 ba=-0.87 | site=0 sd=0.00 sa=+0.00 | phero=0 pd=0.00 pa=+0.00 | srch=0.08 | wall=2.80
R6[T2][EXPLORE   ]: L=+1.00 R=+1.00 | carry=0 | base=0.67 ba=+0.47 | site=0 sd=0.00 sa=+0.00 | phero=0 pd=0.00 pa=+0.00 | srch=0.38 | wall=0.63
R7[T2][RTB       ]: L=+0.90 R=+1.00 | carry=1 | base=0.24 ba=+0.04 | site=0 sd=0.00 sa=+0.00 | phero=0 pd=0.00 pa=+0.00 | srch=0.00 | wall=2.58
R8[T2][SITE      ]: L=+1.00 R=+1.00 | carry=0 | base=0.09 ba=+1.00 | site=1 sd=0.08 sa=+0.22 | phero=0 pd=0.00 pa=+0.00 | srch=0.04 | wall=3.09
R9[T3][SITE      ]: L=+0.90 R=+0.91 | carry=0 | base=0.27 ba=-0.88 | site=1 sd=0.04 sa=+0.01 | phero=0 pd=0.00 pa=+0.00 | srch=0.12 | wall=2.53
R10[T3][SITE      ]: L=+1.00 R=+1.00 | carry=0 | base=0.07 ba=+0.97 | site=1 sd=0.18 sa=-0.14 | phero=0 pd=0.00 pa=+0.00 | srch=0.05 | wall=3.15
R11[T3][SITE      ]: L=+0.06 R=+0.05 | carry=0 | base=0.09 ba=-0.88 | site=1 sd=0.20 sa=-0.07 | phero=0 pd=0.00 pa=+0.00 | srch=0.11 | wall=3.08
R12[T3][RTB       ]: L=+1.00 R=+1.00 | carry=1 | base=0.17 ba=-0.00 | site=0 sd=0.00 sa=+0.00 | phero=0 pd=0.00 pa=+0.00 | srch=0.00 | wall=2.78
R13[T4][RTB       ]: L=+1.00 R=+1.00 | carry=1 | base=0.41 ba=-0.00 | site=0 sd=0.00 sa=+0.00 | phero=0 pd=0.00 pa=+0.00 | srch=0.00 | wall=1.61
R14[T4][RTB       ]: L=+1.00 R=+1.00 | carry=1 | base=0.11 ba=+0.00 | site=0 sd=0.00 sa=+0.00 | phero=0 pd=0.00 pa=+0.00 | srch=0.00 | wall=2.97
R15[T4][RTB       ]: L=+1.00 R=+0.00 | carry=1 | base=0.32 ba=-0.57 | site=0 sd=0.00 sa=+0.00 | phero=0 pd=0.00 pa=+0.00 | srch=0.00 | wall=1.95
R16[T4][EXPLORE   ]: L=+1.00 R=+1.00 | carry=0 | base=0.48 ba=+0.88 | site=0 sd=0.00 sa=+0.00 | phero=0 pd=0.00 pa=+0.00 | srch=0.62 | wall=1.14

[PICKUP] Robot 5 picked up tag (density=7) | Total: 39
[PICKUP] Robot 8 picked up tag (density=1) | Total: 40
[DEPOSIT] Robot 14 deposited! Total: 32
  [PHERO] Laid at (1.63, -0.39) density=16 prob=1.00 total_entries=31
  [TARGET] Robot 14 → SITE (1.63,-0.39)
[DEPOSIT] Robot 12 deposited! Total: 33
  [PHERO] Laid at (-2.07, -1.46) density=12 prob=1.00 total_entries=32
  [TARGET] Robot 12 → SITE (-2.07,-1.46)
[DEPOSIT] Robot 2 deposited! Total: 34
  [PHERO] Laid at (1.68, -0.50) density=15 prob=1.00 total_entries=33
  [TARGET] Robot 2 → SITE (1.68,-0.50)
[DEPOSIT] Robot 4 deposited! Total: 35
  [PHERO] Laid at (0.47, 0.64) density=9 prob=1.00 total_entries=34
  [TARGET] Robot 4 → SITE (0.47,0.64)
[DEPOSIT] Robot 7 deposited! Total: 36
  [PHERO] Laid at (0.88, 0.99) density=8 prob=1.00 total_entries=35
  [TARGET] Robot 7 → SITE (0.88,0.99)
[DEPOSIT] Robot 8 deposited! Total: 37
  [TARGET] Robot 8 → SITE (0.37,-0.55)
[DEPOSIT] Robot 5 deposited! Total: 38
  [PHERO] Laid at (0.49, 0.73) density=7 prob=0.99 total_entries=36
  [TARGET] Robot 5 → SITE (0.49,0.73)
[PICKUP] Robot 10 picked up tag (density=12) | Total: 41
[PICKUP] Robot 6 picked up tag (density=16) | Total: 42
[PICKUP] Robot 9 picked up tag (density=11) | Total: 43
[PICKUP] Robot 3 picked up tag (density=13) | Total: 44
[DEPOSIT] Robot 13 deposited! Total: 39
  [PHERO] Laid at (-0.85, -2.56) density=15 prob=1.00 total_entries=37
  [TARGET] Robot 13 → SITE (-0.85,-2.56)

======================================================================
Step 3000 (1.6 min) | Pickups: 44 | Deposits: 39 | Rate: 24.38 tags/min | phero_entries=37 phero_max=0.941
======================================================================
R1[T1][EXPLORE   ]: L=+1.00 R=+1.00 | carry=0 | base=0.57 ba=+0.98 | site=0 sd=0.00 sa=+0.00 | phero=0 pd=0.00 pa=+0.00 | srch=0.21 | wall=0.69
R2[T1][SITE      ]: L=+1.00 R=+1.00 | carry=0 | base=0.17 ba=+0.98 | site=1 sd=0.18 sa=-0.04 | phero=0 pd=0.00 pa=+0.00 | srch=0.08 | wall=2.68
R3[T1][RTB       ]: L=+1.00 R=+0.05 | carry=1 | base=0.33 ba=-0.38 | site=0 sd=0.00 sa=+0.00 | phero=0 pd=0.00 pa=+0.00 | srch=0.00 | wall=1.99
R4[T1][SITE      ]: L=+0.71 R=+0.87 | carry=0 | base=0.15 ba=+0.83 | site=1 sd=0.02 sa=+0.10 | phero=0 pd=0.00 pa=+0.00 | srch=0.08 | wall=2.94
R5[T2][SITE      ]: L=+1.00 R=+1.00 | carry=0 | base=0.11 ba=+0.99 | site=1 sd=0.08 sa=+0.25 | phero=0 pd=0.00 pa=+0.00 | srch=0.05 | wall=3.05
R6[T2][RTB       ]: L=+1.00 R=+1.00 | carry=1 | base=0.54 ba=+0.00 | site=0 sd=0.00 sa=+0.00 | phero=0 pd=0.00 pa=+0.00 | srch=0.00 | wall=0.84
R7[T2][SITE      ]: L=-0.03 R=-0.02 | carry=0 | base=0.05 ba=-0.81 | site=1 sd=0.22 sa=+0.03 | phero=0 pd=0.00 pa=+0.00 | srch=0.06 | wall=3.24
R8[T2][SITE      ]: L=+1.00 R=+1.00 | carry=0 | base=0.09 ba=-0.80 | site=1 sd=0.05 sa=+0.33 | phero=0 pd=0.00 pa=+0.00 | srch=0.06 | wall=3.10
R9[T3][RTB       ]: L=+0.69 R=+1.00 | carry=1 | base=0.54 ba=+0.11 | site=0 sd=0.00 sa=+0.00 | phero=0 pd=0.00 pa=+0.00 | srch=0.00 | wall=1.51
R10[T3][RTB       ]: L=+0.76 R=+1.00 | carry=1 | base=0.25 ba=+0.09 | site=0 sd=0.00 sa=+0.00 | phero=0 pd=0.00 pa=+0.00 | srch=0.00 | wall=2.40
R11[T3][SITE      ]: L=+0.76 R=+0.76 | carry=0 | base=0.26 ba=-0.90 | site=1 sd=0.02 sa=-0.01 | phero=0 pd=0.00 pa=+0.00 | srch=0.24 | wall=2.52
R12[T3][SITE      ]: L=+1.00 R=+1.00 | carry=0 | base=0.23 ba=+1.00 | site=1 sd=0.31 sa=+0.19 | phero=0 pd=0.00 pa=+0.00 | srch=0.09 | wall=2.42
R13[T4][BASE_ESC  ]: L=+0.00 R=+1.00 | carry=0 | base=0.04 ba=-0.34 | site=1 sd=0.50 sa=+0.70 | phero=0 pd=0.00 pa=+0.00 | srch=0.01 | wall=3.30
R14[T4][SITE      ]: L=+1.00 R=+1.00 | carry=0 | base=0.27 ba=-0.86 | site=1 sd=0.13 sa=-0.24 | phero=0 pd=0.00 pa=+0.00 | srch=0.11 | wall=2.16
R15[T4][RTB       ]: L=+1.00 R=+0.99 | carry=1 | base=0.06 ba=-0.00 | site=0 sd=0.00 sa=+0.00 | phero=0 pd=0.00 pa=+0.00 | srch=0.00 | wall=3.21
R16[T4][EXPLORE   ]: L=+1.00 R=+0.88 | carry=0 | base=0.52 ba=+0.35 | site=0 sd=0.00 sa=+0.00 | phero=0 pd=0.00 pa=+0.00 | srch=0.75 | wall=0.93

[DEPOSIT] Robot 15 deposited! Total: 40
  [PHERO] Laid at (1.55, -0.23) density=7 prob=0.99 total_entries=38
  [TARGET] Robot 15 → SITE (1.55,-0.23)
[PICKUP] Robot 4 picked up tag (density=6) | Total: 45
[PICKUP] Robot 11 picked up tag (density=11) | Total: 46
[PICKUP] Robot 5 picked up tag (density=5) | Total: 47
[PICKUP] Robot 14 picked up tag (density=4) | Total: 48
[PICKUP] Robot 2 picked up tag (density=8) | Total: 49
[DEPOSIT] Robot 10 deposited! Total: 41
  [PHERO] Laid at (-0.72, -1.11) density=12 prob=1.00 total_entries=39
  [TARGET] Robot 10 → SITE (-0.72,-1.11)
[DEPOSIT] Robot 4 deposited! Total: 42
  [PHERO] Laid at (0.54, 0.74) density=6 prob=0.97 total_entries=40
  [TARGET] Robot 4 → SITE (0.54,0.74)
[DEPOSIT] Robot 3 deposited! Total: 43
  [PHERO] Laid at (1.51, -0.58) density=13 prob=1.00 total_entries=41
  [TARGET] Robot 3 → SITE (1.51,-0.58)
[DEPOSIT] Robot 5 deposited! Total: 44
  [PHERO] Laid at (0.68, 0.58) density=5 prob=0.92 total_entries=42
  [TARGET] Robot 5 → SITE (0.68,0.58)
[PICKUP] Robot 7 picked up tag (density=4) | Total: 50
[DEPOSIT] Robot 11 deposited! Total: 45
  [PHERO] Laid at (-0.99, -1.10) density=11 prob=1.00 total_entries=43
  [TARGET] Robot 11 → SITE (-0.99,-1.10)

======================================================================
Step 3500 (1.9 min) | Pickups: 50 | Deposits: 45 | Rate: 24.11 tags/min | phero_entries=43 phero_max=0.995
======================================================================
R1[T1][EXPLORE   ]: L=+1.00 R=+1.00 | carry=0 | base=0.43 ba=+0.12 | site=0 sd=0.00 sa=+0.00 | phero=0 pd=0.00 pa=+0.00 | srch=0.33 | wall=1.40
R2[T1][RTB       ]: L=+1.00 R=+1.00 | carry=1 | base=0.21 ba=-0.00 | site=0 sd=0.00 sa=+0.00 | phero=0 pd=0.00 pa=+0.00 | srch=0.00 | wall=2.49
R3[T1][BASE_ESC  ]: L=+0.46 R=+1.00 | carry=0 | base=0.05 ba=-0.86 | site=1 sd=0.28 sa=+0.25 | phero=0 pd=0.00 pa=+0.00 | srch=0.03 | wall=3.31
R4[T1][SITE      ]: L=+1.00 R=+1.00 | carry=0 | base=0.07 ba=+1.00 | site=1 sd=0.13 sa=+0.29 | phero=0 pd=0.00 pa=+0.00 | srch=0.03 | wall=3.17
R5[T2][BASE_ESC  ]: L=+0.31 R=+1.00 | carry=0 | base=0.05 ba=-0.82 | site=1 sd=0.13 sa=+0.20 | phero=0 pd=0.00 pa=+0.00 | srch=0.03 | wall=3.31
R6[T2][RTB       ]: L=+1.00 R=+1.00 | carry=1 | base=0.15 ba=+0.00 | site=0 sd=0.00 sa=+0.00 | phero=0 pd=0.00 pa=+0.00 | srch=0.00 | wall=2.75
R7[T2][RTB       ]: L=+1.00 R=+0.00 | carry=1 | base=0.19 ba=-0.55 | site=0 sd=0.00 sa=+0.00 | phero=0 pd=0.00 pa=+0.00 | srch=0.00 | wall=2.77
R8[T2][BASE_ESC  ]: L=+1.00 R=+0.00 | carry=0 | base=0.05 ba=+0.09 | site=0 sd=0.00 sa=+0.00 | phero=0 pd=0.00 pa=+0.00 | srch=0.18 | wall=3.26
R9[T3][RTB       ]: L=+1.00 R=+1.00 | carry=1 | base=0.16 ba=-0.00 | site=0 sd=0.00 sa=+0.00 | phero=0 pd=0.00 pa=+0.00 | srch=0.00 | wall=2.92
R10[T3][SITE      ]: L=+1.00 R=+0.93 | carry=0 | base=0.14 ba=-0.89 | site=1 sd=0.14 sa=-0.03 | phero=0 pd=0.00 pa=+0.00 | srch=0.06 | wall=2.86
R11[T3][BASE_ESC  ]: L=+0.00 R=+1.00 | carry=0 | base=0.05 ba=-0.04 | site=1 sd=0.25 sa=+0.99 | phero=0 pd=0.00 pa=+0.00 | srch=0.00 | wall=3.33
R12[T3][SITE      ]: L=+1.00 R=+1.00 | carry=0 | base=0.50 ba=+0.70 | site=1 sd=0.02 sa=+0.06 | phero=0 pd=0.00 pa=+0.00 | srch=0.21 | wall=1.41
R13[T4][SITE      ]: L=+1.00 R=+1.00 | carry=0 | base=0.37 ba=+0.94 | site=1 sd=0.28 sa=+0.30 | phero=0 pd=0.00 pa=+0.00 | srch=0.13 | wall=2.20
R14[T4][RTB       ]: L=+1.00 R=+1.00 | carry=1 | base=0.11 ba=-0.00 | site=0 sd=0.00 sa=+0.00 | phero=0 pd=0.00 pa=+0.00 | srch=0.00 | wall=2.97
R15[T4][SITE      ]: L=+0.75 R=+0.71 | carry=0 | base=0.30 ba=-0.90 | site=1 sd=0.02 sa=-0.04 | phero=0 pd=0.00 pa=+0.00 | srch=0.12 | wall=2.05
R16[T4][EXPLORE   ]: L=+1.00 R=+0.65 | carry=0 | base=0.58 ba=+0.53 | site=0 sd=0.00 sa=+0.00 | phero=0 pd=0.00 pa=+0.00 | srch=0.88 | wall=0.68

[PICKUP] Robot 1 picked up tag (density=12) | Total: 51
[DEPOSIT] Robot 14 deposited! Total: 46
  [TARGET] Robot 14 → SITE (1.67,-0.12)
[PICKUP] Robot 15 picked up tag (density=6) | Total: 52
[PICKUP] Robot 12 picked up tag (density=10) | Total: 53
[DEPOSIT] Robot 6 deposited! Total: 47
  [PHERO] Laid at (0.46, 3.02) density=16 prob=1.00 total_entries=44
  [TARGET] Robot 6 → SITE (0.46,3.02)
[DEPOSIT] Robot 9 deposited! Total: 48
  [PHERO] Laid at (-2.07, -1.75) density=11 prob=1.00 total_entries=45
  [TARGET] Robot 9 → SITE (-2.07,-1.75)
[PICKUP] Robot 4 picked up tag (density=3) | Total: 54
[PICKUP] Robot 5 picked up tag (density=2) | Total: 55
[DEPOSIT] Robot 2 deposited! Total: 49
  [PHERO] Laid at (1.64, -0.37) density=8 prob=1.00 total_entries=46
  [TARGET] Robot 2 → SITE (1.64,-0.37)
[DEPOSIT] Robot 7 deposited! Total: 50
  [PHERO] Laid at (0.57, 0.72) density=4 prob=0.82 total_entries=47
  [TARGET] Robot 7 → SITE (0.57,0.72)
[PICKUP] Robot 10 picked up tag (density=10) | Total: 56
[DEPOSIT] Robot 1 deposited! Total: 51
  [PHERO] Laid at (-0.30, 2.04) density=12 prob=1.00 total_entries=48
  [TARGET] Robot 1 → SITE (-0.30,2.04)

======================================================================
Step 4000 (2.1 min) | Pickups: 56 | Deposits: 51 | Rate: 23.91 tags/min | phero_entries=48 phero_max=0.986
======================================================================
R1[T1][BASE_ESC  ]: L=+1.00 R=+0.00 | carry=0 | base=0.05 ba=+0.17 | site=1 sd=0.37 sa=-0.84 | phero=0 pd=0.00 pa=+0.00 | srch=0.00 | wall=3.27
R2[T1][SITE      ]: L=+1.00 R=+1.00 | carry=0 | base=0.17 ba=-0.90 | site=1 sd=0.18 sa=-0.09 | phero=0 pd=0.00 pa=+0.00 | srch=0.07 | wall=2.66
R3[T1][SITE      ]: L=+0.32 R=+0.28 | carry=0 | base=0.28 ba=-0.99 | site=1 sd=0.04 sa=-0.09 | phero=0 pd=0.00 pa=+0.00 | srch=0.15 | wall=2.17
R4[T1][RTB       ]: L=+1.00 R=+0.97 | carry=1 | base=0.06 ba=-0.01 | site=0 sd=0.00 sa=+0.00 | phero=0 pd=0.00 pa=+0.00 | srch=0.00 | wall=3.29
R5[T2][RTB       ]: L=+1.00 R=+0.99 | carry=1 | base=0.07 ba=-0.00 | site=0 sd=0.00 sa=+0.00 | phero=0 pd=0.00 pa=+0.00 | srch=0.00 | wall=3.23
R6[T2][SITE      ]: L=+1.00 R=+0.98 | carry=0 | base=0.24 ba=-0.93 | site=1 sd=0.40 sa=-0.12 | phero=0 pd=0.00 pa=+0.00 | srch=0.09 | wall=2.34
R7[T2][SITE      ]: L=+1.00 R=+1.00 | carry=0 | base=0.11 ba=+0.79 | site=1 sd=0.08 sa=-0.13 | phero=0 pd=0.00 pa=+0.00 | srch=0.07 | wall=3.10
R8[T2][EXPLORE   ]: L=+1.00 R=+1.00 | carry=0 | base=0.18 ba=-0.57 | site=0 sd=0.00 sa=+0.00 | phero=0 pd=0.00 pa=+0.00 | srch=0.31 | wall=2.60
R9[T3][SITE      ]: L=+1.00 R=+1.00 | carry=0 | base=0.24 ba=+0.97 | site=1 sd=0.38 sa=-0.34 | phero=0 pd=0.00 pa=+0.00 | srch=0.09 | wall=2.37
R10[T3][RTB       ]: L=+1.00 R=+1.00 | carry=1 | base=0.15 ba=+0.00 | site=0 sd=0.00 sa=+0.00 | phero=0 pd=0.00 pa=+0.00 | srch=0.00 | wall=2.93
R11[T3][SITE      ]: L=-0.02 R=-0.03 | carry=0 | base=0.16 ba=-0.96 | site=1 sd=0.14 sa=-0.06 | phero=0 pd=0.00 pa=+0.00 | srch=0.13 | wall=2.83
R12[T3][RTB       ]: L=+1.00 R=+1.00 | carry=1 | base=0.31 ba=+0.00 | site=0 sd=0.00 sa=+0.00 | phero=0 pd=0.00 pa=+0.00 | srch=0.00 | wall=2.27
R13[T4][SITE      ]: L=+0.88 R=+1.00 | carry=0 | base=0.61 ba=+0.40 | site=1 sd=0.08 sa=+0.22 | phero=0 pd=0.00 pa=+0.00 | srch=0.26 | wall=0.72
R14[T4][SITE      ]: L=+0.93 R=+1.00 | carry=0 | base=0.27 ba=+0.82 | site=1 sd=0.11 sa=+0.15 | phero=0 pd=0.00 pa=+0.00 | srch=0.11 | wall=2.25
R15[T4][RTB       ]: L=+1.00 R=+1.00 | carry=1 | base=0.10 ba=-0.00 | site=0 sd=0.00 sa=+0.00 | phero=0 pd=0.00 pa=+0.00 | srch=0.00 | wall=3.00
R16[T4][EXPLORE   ]: L=+1.00 R=+1.00 | carry=0 | base=0.50 ba=-0.18 | site=0 sd=0.00 sa=+0.00 | phero=0 pd=0.00 pa=+0.00 | srch=1.00 | wall=1.05

[DEPOSIT] Robot 4 deposited! Total: 52
  [PHERO] Laid at (0.82, 0.59) density=3 prob=0.65 total_entries=49
  [TARGET] Robot 4 → SITE (0.82,0.59)
[PICKUP] Robot 13 picked up tag (density=14) | Total: 57
[DEPOSIT] Robot 5 deposited! Total: 53
  [PHERO] Laid at (0.73, 0.66) density=2 prob=0.42 total_entries=50
  [TARGET] Robot 5 → SITE (0.73,0.66)
[DEPOSIT] Robot 15 deposited! Total: 54
  [PHERO] Laid at (1.70, -0.32) density=6 prob=0.97 total_entries=51
  [TARGET] Robot 15 → SITE (1.70,-0.32)
[PICKUP] Robot 6 picked up tag (density=11) | Total: 58
[DEPOSIT] Robot 10 deposited! Total: 55
  [PHERO] Laid at (-0.72, -1.15) density=10 prob=1.00 total_entries=52
  [TARGET] Robot 10 → SITE (-0.72,-1.15)
[PICKUP] Robot 3 picked up tag (density=8) | Total: 59
[PICKUP] Robot 16 picked up tag (density=10) | Total: 60
[DEPOSIT] Robot 12 deposited! Total: 56
  [PHERO] Laid at (-2.11, -1.46) density=10 prob=1.00 total_entries=53
  [TARGET] Robot 12 → SITE (-2.11,-1.46)
[PICKUP] Robot 4 picked up tag (density=1) | Total: 61
[PICKUP] Robot 1 picked up tag (density=9) | Total: 62

======================================================================
Step 4500 (2.4 min) | Pickups: 62 | Deposits: 56 | Rate: 23.33 tags/min | phero_entries=51 phero_max=0.770
======================================================================
R1[T1][RTB       ]: L=+1.00 R=+0.00 | carry=1 | base=0.32 ba=-0.78 | site=0 sd=0.00 sa=+0.00 | phero=0 pd=0.00 pa=+0.00 | srch=0.00 | wall=1.97
R2[T1][EXPLORE   ]: L=+1.00 R=+1.00 | carry=0 | base=0.49 ba=-0.77 | site=0 sd=0.00 sa=+0.00 | phero=0 pd=0.00 pa=+0.00 | srch=0.19 | wall=1.32
R3[T1][RTB       ]: L=+1.00 R=+1.00 | carry=1 | base=0.13 ba=-0.00 | site=0 sd=0.00 sa=+0.00 | phero=0 pd=0.00 pa=+0.00 | srch=0.00 | wall=2.93
R4[T1][RTB       ]: L=+0.56 R=+1.00 | carry=1 | base=0.21 ba=+0.18 | site=0 sd=0.00 sa=+0.00 | phero=0 pd=0.00 pa=+0.00 | srch=0.00 | wall=2.71
R5[T2][EXPLORE   ]: L=+1.00 R=+1.00 | carry=0 | base=0.30 ba=+1.00 | site=0 sd=0.00 sa=+0.00 | phero=0 pd=0.00 pa=+0.00 | srch=0.12 | wall=2.37
R6[T2][RTB       ]: L=+1.00 R=+1.00 | carry=1 | base=0.09 ba=-0.00 | site=0 sd=0.00 sa=+0.00 | phero=0 pd=0.00 pa=+0.00 | srch=0.00 | wall=3.08
R7[T2][EXPLORE   ]: L=+1.00 R=+1.00 | carry=0 | base=0.43 ba=-0.90 | site=0 sd=0.00 sa=+0.00 | phero=0 pd=0.00 pa=+0.00 | srch=0.19 | wall=1.55
R8[T2][EXPLORE   ]: L=+1.00 R=+0.82 | carry=0 | base=0.30 ba=-0.48 | site=0 sd=0.00 sa=+0.00 | phero=0 pd=0.00 pa=+0.00 | srch=0.43 | wall=2.03
R9[T3][SITE      ]: L=+0.32 R=+0.31 | carry=0 | base=0.47 ba=-0.75 | site=1 sd=0.11 sa=-0.05 | phero=0 pd=0.00 pa=+0.00 | srch=0.21 | wall=1.71
R10[T3][SITE      ]: L=+1.00 R=+0.96 | carry=0 | base=0.23 ba=-0.73 | site=1 sd=0.07 sa=-0.04 | phero=0 pd=0.00 pa=+0.00 | srch=0.09 | wall=2.42
R11[T3][EXPLORE   ]: L=+1.00 R=+1.00 | carry=0 | base=0.32 ba=-0.91 | site=0 sd=0.00 sa=+0.00 | phero=0 pd=0.00 pa=+0.00 | srch=0.25 | wall=2.33
R12[T3][SITE      ]: L=+1.00 R=+0.98 | carry=0 | base=0.08 ba=-0.94 | site=1 sd=0.44 sa=-0.03 | phero=0 pd=0.00 pa=+0.00 | srch=0.04 | wall=3.21
R13[T4][RTB       ]: L=+1.00 R=+1.00 | carry=1 | base=0.25 ba=+0.00 | site=0 sd=0.00 sa=+0.00 | phero=0 pd=0.00 pa=+0.00 | srch=0.00 | wall=2.32
R14[T4][EXPLORE   ]: L=+1.00 R=+1.00 | carry=0 | base=0.52 ba=+0.81 | site=0 sd=0.00 sa=+0.00 | phero=0 pd=0.00 pa=+0.00 | srch=0.23 | wall=1.08
R15[T4][SITE      ]: L=+0.48 R=+0.47 | carry=0 | base=0.19 ba=+0.93 | site=1 sd=0.16 sa=-0.07 | phero=0 pd=0.00 pa=+0.00 | srch=0.11 | wall=2.55
R16[T4][RTB       ]: L=+0.97 R=+1.00 | carry=1 | base=0.29 ba=+0.01 | site=0 sd=0.00 sa=+0.00 | phero=0 pd=0.00 pa=+0.00 | srch=0.00 | wall=2.12

[DEPOSIT] Robot 6 deposited! Total: 57
  [PHERO] Laid at (-0.26, 1.51) density=11 prob=1.00 total_entries=51
  [TARGET] Robot 6 → SITE (-0.26,1.51)
[GIVE-UP] R7 giving up after 854 steps
[DEPOSIT] Robot 3 deposited! Total: 58
  [PHERO] Laid at (1.53, -0.62) density=8 prob=1.00 total_entries=51
  [TARGET] Robot 3 → SITE (1.53,-0.62)
[PICKUP] Robot 10 picked up tag (density=9) | Total: 63
[DEPOSIT] Robot 4 deposited! Total: 59
  [PHERO] Laid at (0.73, 0.78) density=1 prob=0.20 total_entries=51
  [TARGET] Robot 4 → PHERO (-0.26,1.51)
[PICKUP] Robot 9 picked up tag (density=9) | Total: 64
[DEPOSIT] Robot 13 deposited! Total: 60
  [PHERO] Laid at (-1.07, -2.78) density=14 prob=1.00 total_entries=52
  [TARGET] Robot 13 → SITE (-1.07,-2.78)
[DEPOSIT] Robot 16 deposited! Total: 61
  [PHERO] Laid at (-0.35, 2.03) density=10 prob=1.00 total_entries=53
  [TARGET] Robot 16 → SITE (-0.35,2.03)
[PICKUP] Robot 5 picked up tag (density=12) | Total: 65
[DEPOSIT] Robot 1 deposited! Total: 62
  [PHERO] Laid at (-0.37, 1.51) density=9 prob=1.00 total_entries=50
  [TARGET] Robot 1 → SITE (-0.37,1.51)

======================================================================
Step 5000 (2.7 min) | Pickups: 65 | Deposits: 62 | Rate: 23.25 tags/min | phero_entries=50 phero_max=0.906
======================================================================
R1[T1][BASE_ESC  ]: L=+0.00 R=+1.00 | carry=0 | base=0.04 ba=-0.53 | site=1 sd=0.27 sa=+0.54 | phero=0 pd=0.00 pa=+0.00 | srch=0.02 | wall=3.28
R2[T1][EXPLORE   ]: L=+1.00 R=+1.00 | carry=0 | base=0.79 ba=+0.96 | site=0 sd=0.00 sa=+0.00 | phero=0 pd=0.00 pa=+0.00 | srch=0.32 | wall=0.48
R3[T1][SITE      ]: L=+0.71 R=+0.71 | carry=0 | base=0.24 ba=+0.89 | site=1 sd=0.09 sa=-0.08 | phero=0 pd=0.00 pa=+0.00 | srch=0.10 | wall=2.42
R4[T1][PHERO     ]: L=+1.00 R=+1.00 | carry=0 | base=0.18 ba=+0.92 | site=0 sd=0.00 sa=+0.00 | phero=1 pd=0.14 pa=+0.06 | srch=0.07 | wall=2.62
R5[T2][RTB       ]: L=+0.98 R=+1.00 | carry=1 | base=0.51 ba=+0.01 | site=0 sd=0.00 sa=+0.00 | phero=0 pd=0.00 pa=+0.00 | srch=0.00 | wall=1.65
R6[T2][SITE      ]: L=+0.91 R=+1.00 | carry=0 | base=0.29 ba=+0.76 | site=1 sd=0.03 sa=+0.08 | phero=0 pd=0.00 pa=+0.00 | srch=0.11 | wall=2.07
R7[T2][GIVE_UP   ]: L=+1.00 R=+1.00 | carry=0 | base=0.24 ba=-0.00 | site=0 sd=0.00 sa=+0.00 | phero=0 pd=0.00 pa=+0.00 | srch=0.32 | wall=2.37
R8[T2][EXPLORE   ]: L=+1.00 R=+1.00 | carry=0 | base=0.16 ba=+0.68 | site=0 sd=0.00 sa=+0.00 | phero=0 pd=0.00 pa=+0.00 | srch=0.56 | wall=2.73
R9[T3][RTB       ]: L=+1.00 R=+1.00 | carry=1 | base=0.40 ba=-0.00 | site=0 sd=0.00 sa=+0.00 | phero=0 pd=0.00 pa=+0.00 | srch=0.00 | wall=1.91
R10[T3][RTB       ]: L=+1.00 R=+0.99 | carry=1 | base=0.07 ba=-0.00 | site=0 sd=0.00 sa=+0.00 | phero=0 pd=0.00 pa=+0.00 | srch=0.00 | wall=3.24
R11[T3][EXPLORE   ]: L=+1.00 R=+0.84 | carry=0 | base=0.58 ba=-0.46 | site=0 sd=0.00 sa=+0.00 | phero=0 pd=0.00 pa=+0.00 | srch=0.38 | wall=0.78
R12[T3][SITE      ]: L=+1.00 R=+1.00 | carry=0 | base=0.46 ba=-0.98 | site=1 sd=0.05 sa=+0.02 | phero=0 pd=0.00 pa=+0.00 | srch=0.17 | wall=1.61
R13[T4][SITE      ]: L=+1.00 R=+1.00 | carry=0 | base=0.12 ba=+0.98 | site=1 sd=0.49 sa=+0.14 | phero=0 pd=0.00 pa=+0.00 | srch=0.06 | wall=3.06
R14[T4][EXPLORE   ]: L=+1.00 R=+1.00 | carry=0 | base=0.73 ba=+0.43 | site=0 sd=0.00 sa=+0.00 | phero=0 pd=0.00 pa=+0.00 | srch=0.36 | wall=0.66
R15[T4][SITE      ]: L=+0.11 R=+0.10 | carry=0 | base=0.33 ba=-0.91 | site=1 sd=0.02 sa=+0.00 | phero=0 pd=0.00 pa=+0.00 | srch=0.23 | wall=1.90
R16[T4][SITE      ]: L=+1.00 R=+0.99 | carry=0 | base=0.10 ba=-0.88 | site=1 sd=0.31 sa=+0.07 | phero=0 pd=0.00 pa=+0.00 | srch=0.05 | wall=3.01

[DEPOSIT] Robot 10 deposited! Total: 63
  [PHERO] Laid at (-0.78, -1.17) density=9 prob=1.00 total_entries=51
  [TARGET] Robot 10 → SITE (-0.78,-1.17)
[PICKUP] Robot 6 picked up tag (density=8) | Total: 66
[PICKUP] Robot 12 picked up tag (density=8) | Total: 67
[PICKUP] Robot 3 picked up tag (density=8) | Total: 68
[PICKUP] Robot 4 picked up tag (density=7) | Total: 69
[EMPTY_RTN] R7 → phero(-2.11,-1.46)
[PICKUP] Robot 15 picked up tag (density=7) | Total: 70
[PICKUP] Robot 16 picked up tag (density=6) | Total: 71
[DEPOSIT] Robot 6 deposited! Total: 64
  [PHERO] Laid at (-0.25, 1.52) density=8 prob=1.00 total_entries=47
  [TARGET] Robot 6 → SITE (-0.25,1.52)
[DEPOSIT] Robot 9 deposited! Total: 65
  [PHERO] Laid at (-2.12, -1.75) density=9 prob=1.00 total_entries=48
  [TARGET] Robot 9 → SITE (-2.12,-1.75)
[PICKUP] Robot 10 picked up tag (density=8) | Total: 72
[PICKUP] Robot 1 picked up tag (density=5) | Total: 73
[GIVE-UP] R2 giving up after 1772 steps

======================================================================
Step 5500 (2.9 min) | Pickups: 73 | Deposits: 65 | Rate: 22.16 tags/min | phero_entries=47 phero_max=0.931
======================================================================
R1[T1][RTB       ]: L=+0.00 R=+1.00 | carry=1 | base=0.34 ba=+0.53 | site=0 sd=0.00 sa=+0.00 | phero=0 pd=0.00 pa=+0.00 | srch=0.00 | wall=1.81
R2[T1][GIVE_UP   ]: L=+0.88 R=+1.00 | carry=0 | base=0.56 ba=+0.05 | site=0 sd=0.00 sa=+0.00 | phero=0 pd=0.00 pa=+0.00 | srch=0.44 | wall=1.24
R3[T1][RTB       ]: L=+1.00 R=+1.00 | carry=1 | base=0.17 ba=-0.00 | site=0 sd=0.00 sa=+0.00 | phero=0 pd=0.00 pa=+0.00 | srch=0.00 | wall=2.72
R4[T1][RTB       ]: L=+1.00 R=+1.00 | carry=1 | base=0.19 ba=+0.00 | site=0 sd=0.00 sa=+0.00 | phero=0 pd=0.00 pa=+0.00 | srch=0.00 | wall=2.57
R5[T2][RTB       ]: L=+1.00 R=+1.00 | carry=1 | base=0.12 ba=+0.00 | site=0 sd=0.00 sa=+0.00 | phero=0 pd=0.00 pa=+0.00 | srch=0.00 | wall=3.06
R6[T2][BASE_ESC  ]: L=+1.00 R=+0.00 | carry=0 | base=0.04 ba=+0.42 | site=1 sd=0.27 sa=-0.63 | phero=0 pd=0.00 pa=+0.00 | srch=0.01 | wall=3.29
R7[T2][PHERO     ]: L=+1.00 R=+0.51 | carry=0 | base=0.05 ba=-0.56 | site=0 sd=0.00 sa=+0.00 | phero=1 pd=0.55 pa=-0.29 | srch=0.06 | wall=3.24
R8[T2][EXPLORE   ]: L=+0.67 R=+1.00 | carry=0 | base=0.48 ba=+0.68 | site=0 sd=0.00 sa=+0.00 | phero=0 pd=0.00 pa=+0.00 | srch=0.68 | wall=1.30
R9[T3][BASE_ESC  ]: L=+0.00 R=+1.00 | carry=0 | base=0.04 ba=-0.40 | site=1 sd=0.51 sa=+0.64 | phero=0 pd=0.00 pa=+0.00 | srch=0.01 | wall=3.31
R10[T3][RTB       ]: L=+0.00 R=+1.00 | carry=1 | base=0.29 ba=+0.54 | site=0 sd=0.00 sa=+0.00 | phero=0 pd=0.00 pa=+0.00 | srch=0.00 | wall=2.30
R11[T3][EXPLORE   ]: L=-0.28 R=+0.85 | carry=0 | base=0.54 ba=+0.86 | site=0 sd=0.00 sa=+0.00 | phero=0 pd=0.00 pa=+0.00 | srch=0.50 | wall=0.89
R12[T3][RTB       ]: L=+1.00 R=+1.00 | carry=1 | base=0.30 ba=+0.00 | site=0 sd=0.00 sa=+0.00 | phero=0 pd=0.00 pa=+0.00 | srch=0.00 | wall=2.30
R13[T4][SITE      ]: L=+0.94 R=+1.00 | carry=0 | base=0.51 ba=+0.97 | site=1 sd=0.21 sa=+0.39 | phero=0 pd=0.00 pa=+0.00 | srch=0.18 | wall=1.60
R14[T4][EXPLORE   ]: L=+1.00 R=+1.00 | carry=0 | base=0.67 ba=+0.19 | site=0 sd=0.00 sa=+0.00 | phero=0 pd=0.00 pa=+0.00 | srch=0.48 | wall=0.51
R15[T4][RTB       ]: L=+1.00 R=+1.00 | carry=1 | base=0.24 ba=-0.00 | site=0 sd=0.00 sa=+0.00 | phero=0 pd=0.00 pa=+0.00 | srch=0.00 | wall=2.40
R16[T4][RTB       ]: L=+0.99 R=+1.00 | carry=1 | base=0.28 ba=+0.00 | site=0 sd=0.00 sa=+0.00 | phero=0 pd=0.00 pa=+0.00 | srch=0.00 | wall=2.10

[DEPOSIT] Robot 5 deposited! Total: 66
  [PHERO] Laid at (2.08, 1.78) density=12 prob=1.00 total_entries=47
  [TARGET] Robot 5 → SITE (2.08,1.78)
[PICKUP] Robot 6 picked up tag (density=3) | Total: 74
[DEPOSIT] Robot 3 deposited! Total: 67
  [PHERO] Laid at (1.58, -0.64) density=8 prob=1.00 total_entries=48
  [TARGET] Robot 3 → SITE (1.58,-0.64)
[DEPOSIT] Robot 4 deposited! Total: 68
  [PHERO] Laid at (-0.27, 1.59) density=7 prob=0.99 total_entries=48
  [TARGET] Robot 4 → SITE (-0.27,1.59)
[PICKUP] Robot 14 picked up tag (density=15) | Total: 75
[DEPOSIT] Robot 15 deposited! Total: 69
  [PHERO] Laid at (1.67, -0.66) density=7 prob=0.99 total_entries=49
  [TARGET] Robot 15 → SITE (1.67,-0.66)
[DEPOSIT] Robot 16 deposited! Total: 70
  [PHERO] Laid at (-0.10, 1.68) density=6 prob=0.97 total_entries=50
  [TARGET] Robot 16 → SITE (-0.10,1.68)
[DEPOSIT] Robot 12 deposited! Total: 71
  [PHERO] Laid at (-2.15, -1.49) density=8 prob=1.00 total_entries=51
  [TARGET] Robot 12 → SITE (-2.15,-1.49)
[DEPOSIT] Robot 6 deposited! Total: 72
  [TARGET] Robot 6 → SITE (-0.30,0.46)
[DEPOSIT] Robot 10 deposited! Total: 73
  [PHERO] Laid at (-0.81, -1.18) density=8 prob=1.00 total_entries=50
  [TARGET] Robot 10 → SITE (-0.81,-1.18)
[PICKUP] Robot 4 picked up tag (density=2) | Total: 76
[DEPOSIT] Robot 1 deposited! Total: 74
  [PHERO] Laid at (-0.14, 1.69) density=5 prob=0.92 total_entries=50
  [TARGET] Robot 1 → SITE (-0.14,1.69)
[PICKUP] Robot 13 picked up tag (density=13) | Total: 77

======================================================================
Step 6000 (3.2 min) | Pickups: 77 | Deposits: 74 | Rate: 23.12 tags/min | phero_entries=49 phero_max=0.907
======================================================================
R1[T1][BASE_ESC  ]: L=+1.00 R=+0.00 | carry=0 | base=0.04 ba=+0.56 | site=1 sd=0.30 sa=-0.50 | phero=0 pd=0.00 pa=+0.00 | srch=0.02 | wall=3.29
R2[T1][GIVE_UP   ]: L=+1.00 R=+1.00 | carry=0 | base=0.17 ba=+0.00 | site=0 sd=0.00 sa=+0.00 | phero=0 pd=0.00 pa=+0.00 | srch=0.57 | wall=2.80
R3[T1][SITE      ]: L=+0.58 R=+0.56 | carry=0 | base=0.19 ba=+0.86 | site=1 sd=0.16 sa=-0.05 | phero=0 pd=0.00 pa=+0.00 | srch=0.08 | wall=2.70
R4[T1][RTB       ]: L=+1.00 R=+0.27 | carry=1 | base=0.14 ba=-0.29 | site=0 sd=0.00 sa=+0.00 | phero=0 pd=0.00 pa=+0.00 | srch=0.00 | wall=2.87
R5[T2][SITE      ]: L=+1.00 R=+1.00 | carry=0 | base=0.28 ba=+0.98 | site=1 sd=0.36 sa=-0.36 | phero=0 pd=0.00 pa=+0.00 | srch=0.10 | wall=2.17
R6[T2][SITE      ]: L=+1.00 R=+0.86 | carry=0 | base=0.08 ba=+0.98 | site=1 sd=0.06 sa=-0.48 | phero=0 pd=0.00 pa=+0.00 | srch=0.04 | wall=3.12
R7[T2][PHERO     ]: L=+1.00 R=+1.00 | carry=0 | base=0.32 ba=-0.91 | site=0 sd=0.00 sa=+0.00 | phero=1 pd=0.20 pa=+0.05 | srch=0.19 | wall=2.24
R8[T2][EXPLORE   ]: L=+1.00 R=+0.97 | carry=0 | base=0.62 ba=+0.91 | site=0 sd=0.00 sa=+0.00 | phero=0 pd=0.00 pa=+0.00 | srch=0.81 | wall=0.90
R9[T3][SITE      ]: L=+1.00 R=+1.00 | carry=0 | base=0.37 ba=+0.90 | site=1 sd=0.25 sa=+0.20 | phero=0 pd=0.00 pa=+0.00 | srch=0.14 | wall=1.75
R10[T3][SITE      ]: L=+0.49 R=+1.00 | carry=0 | base=0.06 ba=-0.84 | site=1 sd=0.24 sa=+0.14 | phero=0 pd=0.00 pa=+0.00 | srch=0.03 | wall=3.27
R11[T3][EXPLORE   ]: L=+1.00 R=+1.00 | carry=0 | base=0.53 ba=+0.61 | site=0 sd=0.00 sa=+0.00 | phero=0 pd=0.00 pa=+0.00 | srch=0.63 | wall=1.10
R12[T3][BASE_ESC  ]: L=+1.00 R=+0.42 | carry=0 | base=0.05 ba=+0.85 | site=1 sd=0.48 sa=-0.20 | phero=0 pd=0.00 pa=+0.00 | srch=0.04 | wall=3.33
R13[T4][RTB       ]: L=+0.88 R=+1.00 | carry=1 | base=0.61 ba=+0.04 | site=0 sd=0.00 sa=+0.00 | phero=0 pd=0.00 pa=+0.00 | srch=0.00 | wall=0.65
R14[T4][RTB       ]: L=+1.00 R=+1.00 | carry=1 | base=0.33 ba=+0.00 | site=0 sd=0.00 sa=+0.00 | phero=0 pd=0.00 pa=+0.00 | srch=0.00 | wall=1.94
R15[T4][SITE      ]: L=+0.79 R=+0.79 | carry=0 | base=0.11 ba=-0.96 | site=1 sd=0.25 sa=+0.01 | phero=0 pd=0.00 pa=+0.00 | srch=0.06 | wall=2.97
R16[T4][SITE      ]: L=+1.00 R=+1.00 | carry=0 | base=0.09 ba=-0.86 | site=1 sd=0.25 sa=+0.11 | phero=0 pd=0.00 pa=+0.00 | srch=0.05 | wall=3.07

[PICKUP] Robot 11 picked up tag (density=7) | Total: 78
[DEPOSIT] Robot 4 deposited! Total: 75
  [TARGET] Robot 4 → SITE (-0.28,0.59)
[EMPTY_RTN] R2 → phero(-0.14,1.69)
[PICKUP] Robot 1 picked up tag (density=1) | Total: 79
[GIVE-UP] R8 giving up after 3434 steps
[PICKUP] Robot 7 picked up tag (density=6) | Total: 80
[PICKUP] Robot 10 picked up tag (density=7) | Total: 81
[PICKUP] Robot 9 picked up tag (density=5) | Total: 82
[DEPOSIT] Robot 14 deposited! Total: 76
  [PHERO] Laid at (0.74, 2.59) density=15 prob=1.00 total_entries=45
  [TARGET] Robot 14 → SITE (0.74,2.59)
[DEPOSIT] Robot 1 deposited! Total: 77
  [PHERO] Laid at (-0.33, 0.57) density=1 prob=0.20 total_entries=46
  [TARGET] Robot 1 → SITE (-0.33,0.57)
[GIVE-UP] R6 giving up after 576 steps
[EMPTY_RTN] R6 → phero(-0.33,0.57)

======================================================================
Step 6500 (3.5 min) | Pickups: 82 | Deposits: 77 | Rate: 22.21 tags/min | phero_entries=44 phero_max=0.866
======================================================================
R1[T1][BASE_ESC  ]: L=+1.00 R=+0.00 | carry=0 | base=0.05 ba=+0.73 | site=1 sd=0.09 sa=-0.43 | phero=0 pd=0.00 pa=+0.00 | srch=0.02 | wall=3.33
R2[T1][BASE_ESC  ]: L=+1.00 R=+0.00 | carry=0 | base=0.05 ba=+0.40 | site=0 sd=0.00 sa=+0.00 | phero=1 pd=0.35 pa=-0.06 | srch=0.09 | wall=3.25
R3[T1][EXPLORE   ]: L=+1.00 R=+1.00 | carry=0 | base=0.37 ba=+0.92 | site=0 sd=0.00 sa=+0.00 | phero=0 pd=0.00 pa=+0.00 | srch=0.21 | wall=1.76
R4[T1][EXPLORE   ]: L=+1.00 R=+1.00 | carry=0 | base=0.20 ba=+0.86 | site=0 sd=0.00 sa=+0.00 | phero=0 pd=0.00 pa=+0.00 | srch=0.09 | wall=2.71
R5[T2][SITE      ]: L=+1.00 R=+0.98 | carry=0 | base=0.54 ba=-0.74 | site=1 sd=0.05 sa=-0.21 | phero=0 pd=0.00 pa=+0.00 | srch=0.23 | wall=1.57
R6[T2][PHERO     ]: L=+0.68 R=+1.00 | carry=0 | base=0.06 ba=+0.84 | site=0 sd=0.00 sa=+0.00 | phero=1 pd=0.09 pa=+0.14 | srch=0.02 | wall=3.20
R7[T2][RTB       ]: L=+1.00 R=+1.00 | carry=1 | base=0.46 ba=+0.00 | site=0 sd=0.00 sa=+0.00 | phero=0 pd=0.00 pa=+0.00 | srch=0.00 | wall=1.72
R8[T2][GIVE_UP   ]: L=+1.00 R=+1.00 | carry=0 | base=0.61 ba=-0.00 | site=0 sd=0.00 sa=+0.00 | phero=0 pd=0.00 pa=+0.00 | srch=0.93 | wall=1.07
R9[T3][RTB       ]: L=+0.99 R=+1.00 | carry=1 | base=0.48 ba=+0.00 | site=0 sd=0.00 sa=+0.00 | phero=0 pd=0.00 pa=+0.00 | srch=0.00 | wall=1.59
R10[T3][RTB       ]: L=+0.99 R=+1.00 | carry=1 | base=0.24 ba=+0.00 | site=0 sd=0.00 sa=+0.00 | phero=0 pd=0.00 pa=+0.00 | srch=0.00 | wall=2.47
R11[T3][RTB       ]: L=+1.00 R=+1.00 | carry=1 | base=0.28 ba=+0.00 | site=0 sd=0.00 sa=+0.00 | phero=0 pd=0.00 pa=+0.00 | srch=0.00 | wall=2.33
R12[T3][SITE      ]: L=+1.00 R=+1.00 | carry=0 | base=0.41 ba=-0.95 | site=1 sd=0.11 sa=+0.03 | phero=0 pd=0.00 pa=+0.00 | srch=0.17 | wall=1.83
R13[T4][RTB       ]: L=+1.00 R=+1.00 | carry=1 | base=0.22 ba=+0.00 | site=0 sd=0.00 sa=+0.00 | phero=0 pd=0.00 pa=+0.00 | srch=0.00 | wall=2.46
R14[T4][BASE_ESC  ]: L=+0.25 R=+1.00 | carry=0 | base=0.05 ba=-0.81 | site=1 sd=0.50 sa=+0.28 | phero=0 pd=0.00 pa=+0.00 | srch=0.02 | wall=3.30
R15[T4][SITE      ]: L=+1.00 R=+1.00 | carry=0 | base=0.34 ba=+0.98 | site=1 sd=0.03 sa=-0.00 | phero=0 pd=0.00 pa=+0.00 | srch=0.19 | wall=1.95
R16[T4][EXPLORE   ]: L=+1.00 R=+1.00 | carry=0 | base=0.33 ba=+0.22 | site=0 sd=0.00 sa=+0.00 | phero=0 pd=0.00 pa=+0.00 | srch=0.17 | wall=1.85

[PICKUP] Robot 15 picked up tag (density=6) | Total: 83
[PICKUP] Robot 5 picked up tag (density=11) | Total: 84
[PICKUP] Robot 12 picked up tag (density=4) | Total: 85
[DEPOSIT] Robot 13 deposited! Total: 78
  [PHERO] Laid at (-1.07, -2.93) density=13 prob=1.00 total_entries=43
  [TARGET] Robot 13 → SITE (-1.07,-2.93)
[DEPOSIT] Robot 10 deposited! Total: 79
  [PHERO] Laid at (-0.85, -1.20) density=7 prob=0.99 total_entries=44
  [TARGET] Robot 10 → SITE (-0.85,-1.20)
[DEPOSIT] Robot 11 deposited! Total: 80
  [PHERO] Laid at (-2.38, -1.34) density=7 prob=0.99 total_entries=45
  [TARGET] Robot 11 → SITE (-2.38,-1.34)
[GIVE-UP] R4 giving up after 793 steps
[PICKUP] Robot 6 picked up tag (density=12) | Total: 86

======================================================================
Step 7000 (3.7 min) | Pickups: 86 | Deposits: 80 | Rate: 21.43 tags/min | phero_entries=42 phero_max=0.718
======================================================================
R1[T1][EXPLORE   ]: L=+1.00 R=+1.00 | carry=0 | base=0.23 ba=-0.77 | site=0 sd=0.00 sa=+0.00 | phero=0 pd=0.00 pa=+0.00 | srch=0.15 | wall=2.52
R2[T1][PHERO     ]: L=+1.00 R=+0.52 | carry=0 | base=0.27 ba=-0.95 | site=0 sd=0.00 sa=+0.00 | phero=1 pd=0.10 pa=-0.20 | srch=0.21 | wall=2.24
R3[T1][EXPLORE   ]: L=+1.00 R=+1.00 | carry=0 | base=0.65 ba=+0.10 | site=0 sd=0.00 sa=+0.00 | phero=0 pd=0.00 pa=+0.00 | srch=0.33 | wall=0.38
R4[T1][GIVE_UP   ]: L=+0.02 R=+1.00 | carry=0 | base=0.53 ba=+0.39 | site=0 sd=0.00 sa=+0.00 | phero=0 pd=0.00 pa=+0.00 | srch=0.22 | wall=1.37
R5[T2][RTB       ]: L=+1.00 R=+1.00 | carry=1 | base=0.27 ba=-0.00 | site=0 sd=0.00 sa=+0.00 | phero=0 pd=0.00 pa=+0.00 | srch=0.00 | wall=2.44
R6[T2][RTB       ]: L=+0.00 R=+1.00 | carry=1 | base=0.36 ba=+0.40 | site=0 sd=0.00 sa=+0.00 | phero=0 pd=0.00 pa=+0.00 | srch=0.00 | wall=2.02
R7[T2][RTB       ]: L=+0.98 R=+1.00 | carry=1 | base=0.07 ba=+0.01 | site=0 sd=0.00 sa=+0.00 | phero=0 pd=0.00 pa=+0.00 | srch=0.00 | wall=3.21
R8[T2][GIVE_UP   ]: L=+1.00 R=+1.00 | carry=0 | base=0.23 ba=-0.00 | site=0 sd=0.00 sa=+0.00 | phero=0 pd=0.00 pa=+0.00 | srch=1.00 | wall=2.61
R9[T3][RTB       ]: L=+1.00 R=+1.00 | carry=1 | base=0.09 ba=+0.00 | site=0 sd=0.00 sa=+0.00 | phero=0 pd=0.00 pa=+0.00 | srch=0.00 | wall=3.13
R10[T3][SITE      ]: L=+1.00 R=+1.00 | carry=0 | base=0.15 ba=-0.93 | site=1 sd=0.16 sa=-0.09 | phero=0 pd=0.00 pa=+0.00 | srch=0.06 | wall=2.80
R11[T3][SITE      ]: L=+0.60 R=+0.60 | carry=0 | base=0.10 ba=-0.96 | site=1 sd=0.46 sa=-0.07 | phero=0 pd=0.00 pa=+0.00 | srch=0.05 | wall=3.14
R12[T3][RTB       ]: L=+1.00 R=+1.00 | carry=1 | base=0.38 ba=+0.00 | site=0 sd=0.00 sa=+0.00 | phero=0 pd=0.00 pa=+0.00 | srch=0.00 | wall=1.97
R13[T4][SITE      ]: L=+1.00 R=+1.00 | carry=0 | base=0.18 ba=+0.98 | site=1 sd=0.49 sa=-0.25 | phero=0 pd=0.00 pa=+0.00 | srch=0.07 | wall=2.65
R14[T4][SITE      ]: L=+0.95 R=+1.00 | carry=0 | base=0.42 ba=+0.90 | site=1 sd=0.16 sa=+0.14 | phero=0 pd=0.00 pa=+0.00 | srch=0.15 | wall=1.66
R15[T4][RTB       ]: L=+1.00 R=+1.00 | carry=1 | base=0.09 ba=+0.00 | site=0 sd=0.00 sa=+0.00 | phero=0 pd=0.00 pa=+0.00 | srch=0.00 | wall=3.06
R16[T4][EXPLORE   ]: L=+1.00 R=+1.00 | carry=0 | base=0.25 ba=+0.68 | site=0 sd=0.00 sa=+0.00 | phero=0 pd=0.00 pa=+0.00 | srch=0.30 | wall=2.26

[DEPOSIT] Robot 7 deposited! Total: 81
  [PHERO] Laid at (-2.17, -1.49) density=6 prob=0.97 total_entries=42
  [TARGET] Robot 7 → SITE (-2.17,-1.49)
[DEPOSIT] Robot 15 deposited! Total: 82
  [PHERO] Laid at (1.67, -0.66) density=6 prob=0.97 total_entries=43
  [TARGET] Robot 15 → SITE (1.67,-0.66)
[DEPOSIT] Robot 9 deposited! Total: 83
  [PHERO] Laid at (-2.22, -1.52) density=5 prob=0.92 total_entries=43
  [TARGET] Robot 9 → SITE (-2.22,-1.52)
[PICKUP] Robot 10 picked up tag (density=6) | Total: 87
[EMPTY_RTN] R8 → phero(-2.22,-1.52)
[PICKUP] Robot 14 picked up tag (density=14) | Total: 88
[DEPOSIT] Robot 5 deposited! Total: 84
  [PHERO] Laid at (2.14, 1.77) density=11 prob=1.00 total_entries=42
  [TARGET] Robot 5 → SITE (2.14,1.77)
[PICKUP] Robot 1 picked up tag (density=10) | Total: 89
[DEPOSIT] Robot 12 deposited! Total: 85
  [PHERO] Laid at (-2.24, -1.50) density=4 prob=0.82 total_entries=42
  [TARGET] Robot 12 → SITE (-2.24,-1.50)
[DEPOSIT] Robot 6 deposited! Total: 86
  [PHERO] Laid at (-1.44, 0.97) density=12 prob=1.00 total_entries=43
  [TARGET] Robot 6 → SITE (-1.44,0.97)

======================================================================
Step 7500 (4.0 min) | Pickups: 89 | Deposits: 86 | Rate: 21.50 tags/min | phero_entries=43 phero_max=0.894
======================================================================
R1[T1][RTB       ]: L=+1.00 R=+0.28 | carry=1 | base=0.52 ba=-0.27 | site=0 sd=0.00 sa=+0.00 | phero=0 pd=0.00 pa=+0.00 | srch=0.00 | wall=1.39
R2[T1][EXPLORE   ]: L=+1.00 R=+1.00 | carry=0 | base=0.52 ba=-0.79 | site=0 sd=0.00 sa=+0.00 | phero=0 pd=0.00 pa=+0.00 | srch=0.34 | wall=1.15
R3[T1][EXPLORE   ]: L=+1.00 R=+1.00 | carry=0 | base=0.30 ba=+0.23 | site=0 sd=0.00 sa=+0.00 | phero=0 pd=0.00 pa=+0.00 | srch=0.46 | wall=2.02
R4[T1][GIVE_UP   ]: L=+1.00 R=+1.00 | carry=0 | base=0.17 ba=+0.00 | site=0 sd=0.00 sa=+0.00 | phero=0 pd=0.00 pa=+0.00 | srch=0.34 | wall=2.80
R5[T2][SITE      ]: L=+1.00 R=+1.00 | carry=0 | base=0.13 ba=+0.99 | site=1 sd=0.45 sa=+0.14 | phero=0 pd=0.00 pa=+0.00 | srch=0.05 | wall=2.91
R6[T2][BASE_ESC  ]: L=+1.00 R=+0.00 | carry=0 | base=0.04 ba=+0.59 | site=1 sd=0.31 sa=-0.48 | phero=0 pd=0.00 pa=+0.00 | srch=0.02 | wall=3.30
R7[T2][SITE      ]: L=+0.93 R=+0.92 | carry=0 | base=0.24 ba=-0.94 | site=1 sd=0.30 sa=-0.05 | phero=0 pd=0.00 pa=+0.00 | srch=0.12 | wall=2.65
R8[T2][PHERO     ]: L=+0.62 R=+0.61 | carry=0 | base=0.07 ba=-0.69 | site=0 sd=0.00 sa=+0.00 | phero=1 pd=0.49 pa=+0.05 | srch=0.07 | wall=3.18
R9[T3][SITE      ]: L=+1.00 R=+1.00 | carry=0 | base=0.28 ba=+0.97 | site=1 sd=0.32 sa=+0.26 | phero=0 pd=0.00 pa=+0.00 | srch=0.10 | wall=2.10
R10[T3][RTB       ]: L=+1.00 R=+1.00 | carry=1 | base=0.11 ba=+0.00 | site=0 sd=0.00 sa=+0.00 | phero=0 pd=0.00 pa=+0.00 | srch=0.00 | wall=3.07
R11[T3][SITE      ]: L=+0.51 R=+0.55 | carry=0 | base=0.23 ba=-0.84 | site=1 sd=0.33 sa=+0.05 | phero=0 pd=0.00 pa=+0.00 | srch=0.18 | wall=2.63
R12[T3][BASE_ESC  ]: L=+1.00 R=+0.00 | carry=0 | base=0.04 ba=+0.62 | site=1 sd=0.50 sa=-0.44 | phero=0 pd=0.00 pa=+0.00 | srch=0.02 | wall=3.34
R13[T4][SITE      ]: L=+1.00 R=+0.96 | carry=0 | base=0.55 ba=-0.80 | site=1 sd=0.31 sa=-0.30 | phero=0 pd=0.00 pa=+0.00 | srch=0.19 | wall=0.82
R14[T4][RTB       ]: L=+1.00 R=+1.00 | carry=1 | base=0.39 ba=+0.00 | site=0 sd=0.00 sa=+0.00 | phero=0 pd=0.00 pa=+0.00 | srch=0.00 | wall=1.60
R15[T4][SITE      ]: L=+1.00 R=+1.00 | carry=0 | base=0.29 ba=-0.93 | site=1 sd=0.08 sa=-0.09 | phero=0 pd=0.00 pa=+0.00 | srch=0.11 | wall=2.11
R16[T4][EXPLORE   ]: L=+1.00 R=+0.99 | carry=0 | base=0.38 ba=-0.24 | site=0 sd=0.00 sa=+0.00 | phero=0 pd=0.00 pa=+0.00 | srch=0.42 | wall=1.63

[PICKUP] Robot 16 picked up tag (density=9) | Total: 90
[PICKUP] Robot 13 picked up tag (density=16) | Total: 91
[DEPOSIT] Robot 10 deposited! Total: 87
  [PHERO] Laid at (-0.70, -1.19) density=6 prob=0.97 total_entries=43
  [TARGET] Robot 10 → SITE (-0.70,-1.19)
[EMPTY_RTN] R4 → phero(-2.24,-1.50)
[PICKUP] Robot 15 picked up tag (density=1) | Total: 92
[PICKUP] Robot 6 picked up tag (density=12) | Total: 93
[DEPOSIT] Robot 14 deposited! Total: 88
  [PHERO] Laid at (0.72, 2.62) density=14 prob=1.00 total_entries=40
  [TARGET] Robot 14 → SITE (0.72,2.62)
[DEPOSIT] Robot 16 deposited! Total: 89
  [PHERO] Laid at (-1.66, 0.09) density=9 prob=1.00 total_entries=39
  [TARGET] Robot 16 → SITE (-1.66,0.09)

======================================================================
Step 8000 (4.3 min) | Pickups: 93 | Deposits: 89 | Rate: 20.86 tags/min | phero_entries=39 phero_max=0.958
======================================================================
R1[T1][RTB       ]: L=+1.00 R=+1.00 | carry=1 | base=0.14 ba=-0.00 | site=0 sd=0.00 sa=+0.00 | phero=0 pd=0.00 pa=+0.00 | srch=0.00 | wall=2.91
R2[T1][EXPLORE   ]: L=+1.00 R=+1.00 | carry=0 | base=0.81 ba=+1.00 | site=0 sd=0.00 sa=+0.00 | phero=0 pd=0.00 pa=+0.00 | srch=0.46 | wall=0.45
R3[T1][EXPLORE   ]: L=+1.00 R=+1.00 | carry=0 | base=0.26 ba=+0.71 | site=0 sd=0.00 sa=+0.00 | phero=0 pd=0.00 pa=+0.00 | srch=0.58 | wall=2.23
R4[T1][PHERO     ]: L=+1.00 R=+1.00 | carry=0 | base=0.19 ba=+0.91 | site=0 sd=0.00 sa=+0.00 | phero=1 pd=0.35 pa=-0.03 | srch=0.09 | wall=2.64
R5[T2][SITE      ]: L=+1.00 R=+1.00 | carry=0 | base=0.51 ba=+0.92 | site=1 sd=0.15 sa=+0.35 | phero=0 pd=0.00 pa=+0.00 | srch=0.18 | wall=1.21
R6[T2][RTB       ]: L=+1.00 R=+0.39 | carry=1 | base=0.32 ba=-0.23 | site=0 sd=0.00 sa=+0.00 | phero=0 pd=0.00 pa=+0.00 | srch=0.00 | wall=1.94
R7[T2][SITE      ]: L=+0.21 R=+0.20 | carry=0 | base=0.48 ba=-0.92 | site=1 sd=0.06 sa=-0.06 | phero=0 pd=0.00 pa=+0.00 | srch=0.24 | wall=1.62
R8[T2][PHERO     ]: L=+0.95 R=+1.00 | carry=0 | base=0.24 ba=-0.80 | site=0 sd=0.00 sa=+0.00 | phero=1 pd=0.31 pa=+0.28 | srch=0.19 | wall=2.42
R9[T3][SITE      ]: L=+0.92 R=+1.00 | carry=0 | base=0.61 ba=+0.66 | site=1 sd=0.12 sa=+0.37 | phero=0 pd=0.00 pa=+0.00 | srch=0.23 | wall=0.75
R10[T3][SITE      ]: L=+0.88 R=+1.00 | carry=0 | base=0.27 ba=+0.81 | site=1 sd=0.07 sa=+0.29 | phero=0 pd=0.00 pa=+0.00 | srch=0.10 | wall=2.57
R11[T3][SITE      ]: L=+0.31 R=+0.31 | carry=0 | base=0.35 ba=-0.91 | site=1 sd=0.21 sa=+0.03 | phero=0 pd=0.00 pa=+0.00 | srch=0.30 | wall=2.06
R12[T3][SITE      ]: L=+0.82 R=+0.84 | carry=0 | base=0.36 ba=+0.95 | site=1 sd=0.20 sa=+0.11 | phero=0 pd=0.00 pa=+0.00 | srch=0.14 | wall=1.87
R13[T4][RTB       ]: L=+1.00 R=+1.00 | carry=1 | base=0.33 ba=-0.00 | site=0 sd=0.00 sa=+0.00 | phero=0 pd=0.00 pa=+0.00 | srch=0.00 | wall=1.85
R14[T4][BASE_ESC  ]: L=+1.00 R=+0.00 | carry=0 | base=0.04 ba=+0.45 | site=1 sd=0.51 sa=-0.59 | phero=0 pd=0.00 pa=+0.00 | srch=0.01 | wall=3.28
R15[T4][RTB       ]: L=+1.00 R=+1.00 | carry=1 | base=0.33 ba=+0.00 | site=0 sd=0.00 sa=+0.00 | phero=0 pd=0.00 pa=+0.00 | srch=0.00 | wall=1.89
R16[T4][BASE_ESC  ]: L=+0.00 R=+1.00 | carry=0 | base=0.05 ba=-0.26 | site=1 sd=0.29 sa=+0.77 | phero=0 pd=0.00 pa=+0.00 | srch=0.01 | wall=3.28

[PICKUP] Robot 10 picked up tag (density=5) | Total: 94
[DEPOSIT] Robot 1 deposited! Total: 90
  [PHERO] Laid at (2.07, 1.50) density=10 prob=1.00 total_entries=38
  [TARGET] Robot 1 → SITE (2.07,1.50)
[PICKUP] Robot 9 picked up tag (density=3) | Total: 95
[PICKUP] Robot 7 picked up tag (density=2) | Total: 96
[DEPOSIT] Robot 15 deposited! Total: 91
  [TARGET] Robot 15 → PHERO (2.07,1.50)
[DEPOSIT] Robot 13 deposited! Total: 92
  [PHERO] Laid at (0.26, -2.94) density=16 prob=1.00 total_entries=36
  [TARGET] Robot 13 → SITE (0.26,-2.94)
[PICKUP] Robot 12 picked up tag (density=1) | Total: 97
[DEPOSIT] Robot 6 deposited! Total: 93
  [PHERO] Laid at (-1.57, 0.23) density=12 prob=1.00 total_entries=35
  [TARGET] Robot 6 → SITE (-1.57,0.23)
[DEPOSIT] Robot 10 deposited! Total: 94
  [PHERO] Laid at (-0.79, -1.26) density=5 prob=0.92 total_entries=36
  [TARGET] Robot 10 → SITE (-0.79,-1.26)

======================================================================
Step 8500 (4.5 min) | Pickups: 97 | Deposits: 94 | Rate: 20.74 tags/min | phero_entries=36 phero_max=0.964
======================================================================
R1[T1][SITE      ]: L=+1.00 R=+1.00 | carry=0 | base=0.26 ba=+1.00 | site=1 sd=0.32 sa=+0.30 | phero=0 pd=0.00 pa=+0.00 | srch=0.09 | wall=2.23
R2[T1][EXPLORE   ]: L=+1.00 R=+1.00 | carry=0 | base=0.57 ba=+0.04 | site=0 sd=0.00 sa=+0.00 | phero=0 pd=0.00 pa=+0.00 | srch=0.58 | wall=1.24
R3[T1][EXPLORE   ]: L=+1.00 R=+1.00 | carry=0 | base=0.55 ba=+0.83 | site=0 sd=0.00 sa=+0.00 | phero=0 pd=0.00 pa=+0.00 | srch=0.71 | wall=1.54
R4[T1][EXPLORE   ]: L=+1.00 R=+1.00 | carry=0 | base=0.56 ba=+1.00 | site=0 sd=0.00 sa=+0.00 | phero=0 pd=0.00 pa=+0.00 | srch=0.21 | wall=1.19
R5[T2][SITE      ]: L=+0.89 R=+1.00 | carry=0 | base=0.71 ba=+0.34 | site=1 sd=0.16 sa=+0.45 | phero=0 pd=0.00 pa=+0.00 | srch=0.30 | wall=1.00
R6[T2][BASE_ESC  ]: L=+0.00 R=+1.00 | carry=0 | base=0.04 ba=-0.42 | site=1 sd=0.28 sa=+0.61 | phero=0 pd=0.00 pa=+0.00 | srch=0.01 | wall=3.29
R7[T2][RTB       ]: L=+1.00 R=+0.99 | carry=1 | base=0.49 ba=-0.00 | site=0 sd=0.00 sa=+0.00 | phero=0 pd=0.00 pa=+0.00 | srch=0.00 | wall=1.41
R8[T2][PHERO     ]: L=+0.55 R=+0.64 | carry=0 | base=0.55 ba=+0.55 | site=0 sd=0.00 sa=+0.00 | phero=1 pd=0.05 pa=+0.13 | srch=0.32 | wall=1.10
R9[T3][RTB       ]: L=+1.00 R=+1.00 | carry=1 | base=0.38 ba=+0.00 | site=0 sd=0.00 sa=+0.00 | phero=0 pd=0.00 pa=+0.00 | srch=0.00 | wall=1.97
R10[T3][BASE_ESC  ]: L=+1.00 R=+0.00 | carry=0 | base=0.05 ba=+0.26 | site=1 sd=0.26 sa=-0.78 | phero=0 pd=0.00 pa=+0.00 | srch=0.01 | wall=3.30
R11[T3][SITE      ]: L=+0.52 R=+0.40 | carry=0 | base=0.54 ba=-0.99 | site=1 sd=0.01 sa=-0.11 | phero=0 pd=0.00 pa=+0.00 | srch=0.43 | wall=1.18
R12[T3][RTB       ]: L=+1.00 R=+0.99 | carry=1 | base=0.50 ba=-0.00 | site=0 sd=0.00 sa=+0.00 | phero=0 pd=0.00 pa=+0.00 | srch=0.00 | wall=1.49
R13[T4][SITE      ]: L=+0.97 R=+1.00 | carry=0 | base=0.07 ba=-0.95 | site=1 sd=0.53 sa=+0.17 | phero=0 pd=0.00 pa=+0.00 | srch=0.03 | wall=3.18
R14[T4][SITE      ]: L=+0.27 R=+0.26 | carry=0 | base=0.32 ba=-0.94 | site=1 sd=0.25 sa=-0.10 | phero=0 pd=0.00 pa=+0.00 | srch=0.14 | wall=1.94
R15[T4][PHERO     ]: L=+1.00 R=+1.00 | carry=0 | base=0.07 ba=+0.88 | site=0 sd=0.00 sa=+0.00 | phero=1 pd=0.45 pa=+0.04 | srch=0.03 | wall=3.16
R16[T4][SITE      ]: L=+1.00 R=+1.00 | carry=0 | base=0.27 ba=+0.93 | site=1 sd=0.06 sa=-0.04 | phero=0 pd=0.00 pa=+0.00 | srch=0.13 | wall=2.15

[PICKUP] Robot 3 picked up tag (density=16) | Total: 98
[PICKUP] Robot 16 picked up tag (density=7) | Total: 99
[PICKUP] Robot 14 picked up tag (density=13) | Total: 100
[PICKUP] Robot 5 picked up tag (density=9) | Total: 101
[DEPOSIT] Robot 9 deposited! Total: 95
  [PHERO] Laid at (-2.52, -1.74) density=3 prob=0.65 total_entries=34
  [TARGET] Robot 9 → SITE (-2.52,-1.74)
[PICKUP] Robot 10 picked up tag (density=4) | Total: 102

======================================================================
Step 9000 (4.8 min) | Pickups: 102 | Deposits: 95 | Rate: 19.79 tags/min | phero_entries=34 phero_max=0.894
======================================================================
R1[T1][SITE      ]: L=+0.95 R=+1.00 | carry=0 | base=0.61 ba=+0.74 | site=1 sd=0.23 sa=+0.43 | phero=0 pd=0.00 pa=+0.00 | srch=0.22 | wall=0.55
R2[T1][EXPLORE   ]: L=+1.00 R=+1.00 | carry=0 | base=0.19 ba=+0.12 | site=0 sd=0.00 sa=+0.00 | phero=0 pd=0.00 pa=+0.00 | srch=0.71 | wall=2.62
R3[T1][RTB       ]: L=+1.00 R=+1.00 | carry=1 | base=0.35 ba=+0.00 | site=0 sd=0.00 sa=+0.00 | phero=0 pd=0.00 pa=+0.00 | srch=0.00 | wall=2.13
R4[T1][EXPLORE   ]: L=+1.00 R=+1.00 | carry=0 | base=0.72 ba=+0.35 | site=0 sd=0.00 sa=+0.00 | phero=0 pd=0.00 pa=+0.00 | srch=0.34 | wall=0.87
R5[T2][RTB       ]: L=+1.00 R=+1.00 | carry=1 | base=0.48 ba=-0.00 | site=0 sd=0.00 sa=+0.00 | phero=0 pd=0.00 pa=+0.00 | srch=0.00 | wall=1.61
R6[T2][EXPLORE   ]: L=+1.00 R=+1.00 | carry=0 | base=0.33 ba=+0.61 | site=0 sd=0.00 sa=+0.00 | phero=0 pd=0.00 pa=+0.00 | srch=0.14 | wall=1.87
R7[T2][RTB       ]: L=+1.00 R=+1.00 | carry=1 | base=0.10 ba=-0.00 | site=0 sd=0.00 sa=+0.00 | phero=0 pd=0.00 pa=+0.00 | srch=0.00 | wall=3.05
R8[T2][EXPLORE   ]: L=+1.00 R=+1.00 | carry=0 | base=0.43 ba=+0.48 | site=0 sd=0.00 sa=+0.00 | phero=0 pd=0.00 pa=+0.00 | srch=0.44 | wall=1.52
R9[T3][BASE_ESC  ]: L=+1.00 R=+0.00 | carry=0 | base=0.04 ba=+0.61 | site=1 sd=0.58 sa=-0.45 | phero=0 pd=0.00 pa=+0.00 | srch=0.02 | wall=3.34
R10[T3][RTB       ]: L=+1.00 R=+0.00 | carry=1 | base=0.30 ba=-0.48 | site=0 sd=0.00 sa=+0.00 | phero=0 pd=0.00 pa=+0.00 | srch=0.00 | wall=2.24
R11[T3][EXPLORE   ]: L=+0.07 R=+1.00 | carry=0 | base=0.56 ba=+0.42 | site=0 sd=0.00 sa=+0.00 | phero=0 pd=0.00 pa=+0.00 | srch=0.55 | wall=1.22
R12[T3][RTB       ]: L=+1.00 R=+1.00 | carry=1 | base=0.11 ba=+0.00 | site=0 sd=0.00 sa=+0.00 | phero=0 pd=0.00 pa=+0.00 | srch=0.00 | wall=3.05
R13[T4][SITE      ]: L=+1.00 R=+1.00 | carry=0 | base=0.45 ba=+1.00 | site=1 sd=0.23 sa=+0.34 | phero=0 pd=0.00 pa=+0.00 | srch=0.16 | wall=1.33
R14[T4][RTB       ]: L=+1.00 R=+0.99 | carry=1 | base=0.45 ba=-0.00 | site=0 sd=0.00 sa=+0.00 | phero=0 pd=0.00 pa=+0.00 | srch=0.00 | wall=1.29
R15[T4][PHERO     ]: L=+0.05 R=+0.05 | carry=0 | base=0.22 ba=+0.95 | site=0 sd=0.00 sa=+0.00 | phero=1 pd=0.29 pa=-0.02 | srch=0.16 | wall=2.57
R16[T4][RTB       ]: L=+1.00 R=+1.00 | carry=1 | base=0.14 ba=-0.00 | site=0 sd=0.00 sa=+0.00 | phero=0 pd=0.00 pa=+0.00 | srch=0.00 | wall=2.82

[DEPOSIT] Robot 7 deposited! Total: 96
  [PHERO] Laid at (-2.29, -1.52) density=2 prob=0.42 total_entries=34
  [TARGET] Robot 7 → SITE (-2.29,-1.52)
[DEPOSIT] Robot 12 deposited! Total: 97
  [TARGET] Robot 12 → PHERO (-2.17,-1.49)
[DEPOSIT] Robot 16 deposited! Total: 98
  [PHERO] Laid at (-1.74, 0.09) density=7 prob=0.99 total_entries=34
  [TARGET] Robot 16 → SITE (-1.74,0.09)
[PICKUP] Robot 13 picked up tag (density=12) | Total: 103
[PICKUP] Robot 8 picked up tag (density=11) | Total: 104
[DEPOSIT] Robot 10 deposited! Total: 99
  [PHERO] Laid at (-0.75, -1.26) density=4 prob=0.82 total_entries=32
  [TARGET] Robot 10 → SITE (-0.75,-1.26)
[DEPOSIT] Robot 3 deposited! Total: 100
  [PHERO] Laid at (-2.27, 1.93) density=16 prob=1.00 total_entries=33
  [TARGET] Robot 3 → SITE (-2.27,1.93)
[PICKUP] Robot 4 picked up tag (density=10) | Total: 105

======================================================================
Step 9500 (5.1 min) | Pickups: 105 | Deposits: 100 | Rate: 19.74 tags/min | phero_entries=33 phero_max=0.837
======================================================================
R1[T1][SITE      ]: L=+1.00 R=+1.00 | carry=0 | base=0.58 ba=+0.11 | site=1 sd=0.07 sa=+0.29 | phero=0 pd=0.00 pa=+0.00 | srch=0.34 | wall=1.32
R2[T1][EXPLORE   ]: L=+1.00 R=+1.00 | carry=0 | base=0.20 ba=+0.69 | site=0 sd=0.00 sa=+0.00 | phero=0 pd=0.00 pa=+0.00 | srch=0.83 | wall=2.51
R3[T1][SITE      ]: L=+1.00 R=+0.48 | carry=0 | base=0.05 ba=+0.88 | site=1 sd=0.55 sa=-0.22 | phero=0 pd=0.00 pa=+0.00 | srch=0.03 | wall=3.27
R4[T1][RTB       ]: L=+0.36 R=+1.00 | carry=1 | base=0.64 ba=+0.26 | site=0 sd=0.00 sa=+0.00 | phero=0 pd=0.00 pa=+0.00 | srch=0.00 | wall=0.46
R5[T2][RTB       ]: L=+1.00 R=+1.00 | carry=1 | base=0.09 ba=-0.00 | site=0 sd=0.00 sa=+0.00 | phero=0 pd=0.00 pa=+0.00 | srch=0.00 | wall=3.14
R6[T2][EXPLORE   ]: L=+1.00 R=+1.00 | carry=0 | base=0.59 ba=+0.82 | site=0 sd=0.00 sa=+0.00 | phero=0 pd=0.00 pa=+0.00 | srch=0.26 | wall=1.05
R7[T2][SITE      ]: L=+0.61 R=+0.61 | carry=0 | base=0.22 ba=+0.90 | site=1 sd=0.34 sa=-0.07 | phero=0 pd=0.00 pa=+0.00 | srch=0.11 | wall=2.56
R8[T2][RTB       ]: L=+1.00 R=+1.00 | carry=1 | base=0.46 ba=-0.00 | site=0 sd=0.00 sa=+0.00 | phero=0 pd=0.00 pa=+0.00 | srch=0.00 | wall=1.34
R9[T3][SITE      ]: L=+0.95 R=+1.00 | carry=0 | base=0.34 ba=-0.85 | site=1 sd=0.29 sa=+0.04 | phero=0 pd=0.00 pa=+0.00 | srch=0.14 | wall=2.28
R10[T3][SITE      ]: L=+0.64 R=+1.00 | carry=0 | base=0.05 ba=+0.97 | site=1 sd=0.25 sa=+0.09 | phero=0 pd=0.00 pa=+0.00 | srch=0.03 | wall=3.30
R11[T3][EXPLORE   ]: L=+1.00 R=+1.00 | carry=0 | base=0.36 ba=-0.69 | site=0 sd=0.00 sa=+0.00 | phero=0 pd=0.00 pa=+0.00 | srch=0.68 | wall=1.84
R12[T3][PHERO     ]: L=+0.85 R=+0.87 | carry=0 | base=0.24 ba=+0.99 | site=0 sd=0.00 sa=+0.00 | phero=1 pd=0.30 pa=-0.03 | srch=0.10 | wall=2.56
R13[T4][RTB       ]: L=+1.00 R=+1.00 | carry=1 | base=0.33 ba=+0.00 | site=0 sd=0.00 sa=+0.00 | phero=0 pd=0.00 pa=+0.00 | srch=0.00 | wall=1.91
R14[T4][RTB       ]: L=+1.00 R=+1.00 | carry=1 | base=0.07 ba=-0.00 | site=0 sd=0.00 sa=+0.00 | phero=0 pd=0.00 pa=+0.00 | srch=0.00 | wall=3.18
R15[T4][PHERO     ]: L=+0.36 R=+0.36 | carry=0 | base=0.38 ba=-0.98 | site=0 sd=0.00 sa=+0.00 | phero=1 pd=0.14 pa=+0.09 | srch=0.28 | wall=1.91
R16[T4][SITE      ]: L=+0.99 R=+1.00 | carry=0 | base=0.20 ba=-0.80 | site=1 sd=0.15 sa=+0.25 | phero=0 pd=0.00 pa=+0.00 | srch=0.10 | wall=2.51

[DEPOSIT] Robot 14 deposited! Total: 101
  [PHERO] Laid at (0.38, 2.49) density=13 prob=1.00 total_entries=34
  [TARGET] Robot 14 → SITE (0.38,2.49)
[DEPOSIT] Robot 5 deposited! Total: 102
  [PHERO] Laid at (2.15, 1.74) density=9 prob=1.00 total_entries=35
  [TARGET] Robot 5 → SITE (2.15,1.74)
[PICKUP] Robot 1 picked up tag (density=8) | Total: 106
[PICKUP] Robot 16 picked up tag (density=6) | Total: 107
[PICKUP] Robot 10 picked up tag (density=3) | Total: 108
[DEPOSIT] Robot 13 deposited! Total: 103
  [PHERO] Laid at (-0.68, -2.59) density=12 prob=1.00 total_entries=34
  [TARGET] Robot 13 → SITE (-0.68,-2.59)

======================================================================
Step 10000 (5.3 min) | Pickups: 108 | Deposits: 103 | Rate: 19.31 tags/min | phero_entries=32 phero_max=0.798
======================================================================
R1[T1][RTB       ]: L=+1.00 R=+1.00 | carry=1 | base=0.39 ba=-0.00 | site=0 sd=0.00 sa=+0.00 | phero=0 pd=0.00 pa=+0.00 | srch=0.00 | wall=1.87
R2[T1][EXPLORE   ]: L=+1.00 R=+1.00 | carry=0 | base=0.50 ba=+0.86 | site=0 sd=0.00 sa=+0.00 | phero=0 pd=0.00 pa=+0.00 | srch=0.96 | wall=1.16
R3[T1][SITE      ]: L=+0.73 R=+0.73 | carry=0 | base=0.34 ba=-0.99 | site=1 sd=0.26 sa=-0.01 | phero=0 pd=0.00 pa=+0.00 | srch=0.15 | wall=2.18
R4[T1][RTB       ]: L=+1.00 R=+1.00 | carry=1 | base=0.27 ba=+0.00 | site=0 sd=0.00 sa=+0.00 | phero=0 pd=0.00 pa=+0.00 | srch=0.00 | wall=2.22
R5[T2][SITE      ]: L=+1.00 R=+1.00 | carry=0 | base=0.31 ba=-0.98 | site=1 sd=0.34 sa=+0.36 | phero=0 pd=0.00 pa=+0.00 | srch=0.11 | wall=1.98
R6[T2][WALL_ESC  ]: L=+0.00 R=+1.00 | carry=0 | base=0.90 ba=+0.42 | site=0 sd=0.00 sa=+0.00 | phero=0 pd=0.00 pa=+0.00 | srch=0.39 | wall=0.33
R7[T2][SITE      ]: L=+0.42 R=+0.42 | carry=0 | base=0.36 ba=+0.96 | site=1 sd=0.20 sa=-0.12 | phero=0 pd=0.00 pa=+0.00 | srch=0.23 | wall=2.11
R8[T2][RTB       ]: L=+1.00 R=+1.00 | carry=1 | base=0.08 ba=-0.00 | site=0 sd=0.00 sa=+0.00 | phero=0 pd=0.00 pa=+0.00 | srch=0.00 | wall=3.15
R9[T3][SITE      ]: L=+1.00 R=+1.00 | carry=0 | base=0.60 ba=+1.00 | site=1 sd=0.03 sa=+0.27 | phero=0 pd=0.00 pa=+0.00 | srch=0.27 | wall=1.00
R10[T3][RTB       ]: L=+0.95 R=+1.00 | carry=1 | base=0.28 ba=+0.02 | site=0 sd=0.00 sa=+0.00 | phero=0 pd=0.00 pa=+0.00 | srch=0.00 | wall=2.27
R11[T3][WALL_ESC  ]: L=+0.00 R=+1.00 | carry=0 | base=0.64 ba=+0.51 | site=0 sd=0.00 sa=+0.00 | phero=0 pd=0.00 pa=+0.00 | srch=0.80 | wall=0.32
R12[T3][EXPLORE   ]: L=+1.00 R=+1.00 | carry=0 | base=0.55 ba=-0.95 | site=0 sd=0.00 sa=+0.00 | phero=0 pd=0.00 pa=+0.00 | srch=0.23 | wall=1.27
R13[T4][SITE      ]: L=+1.00 R=+1.00 | carry=0 | base=0.07 ba=+0.92 | site=1 sd=0.48 sa=-0.22 | phero=0 pd=0.00 pa=+0.00 | srch=0.04 | wall=3.15
R14[T4][SITE      ]: L=+1.00 R=+1.00 | carry=0 | base=0.32 ba=+0.98 | site=1 sd=0.19 sa=-0.07 | phero=0 pd=0.00 pa=+0.00 | srch=0.12 | wall=1.94
R15[T4][EXPLORE   ]: L=+0.13 R=+1.00 | carry=0 | base=0.48 ba=-0.48 | site=0 sd=0.00 sa=+0.00 | phero=0 pd=0.00 pa=+0.00 | srch=0.41 | wall=1.67
R16[T4][RTB       ]: L=+1.00 R=+1.00 | carry=1 | base=0.25 ba=-0.00 | site=0 sd=0.00 sa=+0.00 | phero=0 pd=0.00 pa=+0.00 | srch=0.00 | wall=2.25

[DEPOSIT] Robot 8 deposited! Total: 104
  [PHERO] Laid at (-0.82, -2.61) density=11 prob=1.00 total_entries=32
  [TARGET] Robot 8 → SITE (-0.82,-2.61)
[GIVE-UP] R2 giving up after 4097 steps
[DEPOSIT] Robot 16 deposited! Total: 105
  [PHERO] Laid at (-1.80, 0.09) density=6 prob=0.97 total_entries=28
  [TARGET] Robot 16 → SITE (-1.80,0.09)
[DEPOSIT] Robot 4 deposited! Total: 106
  [PHERO] Laid at (-0.96, -3.04) density=10 prob=1.00 total_entries=29
  [TARGET] Robot 4 → SITE (-0.96,-3.04)
[DEPOSIT] Robot 10 deposited! Total: 107
  [PHERO] Laid at (-0.78, -1.33) density=3 prob=0.65 total_entries=30
  [TARGET] Robot 10 → SITE (-0.78,-1.33)
[DEPOSIT] Robot 1 deposited! Total: 108
  [PHERO] Laid at (2.11, 1.47) density=8 prob=1.00 total_entries=31
  [TARGET] Robot 1 → SITE (2.11,1.47)
[PICKUP] Robot 3 picked up tag (density=15) | Total: 109

======================================================================
Step 10500 (5.6 min) | Pickups: 109 | Deposits: 108 | Rate: 19.29 tags/min | phero_entries=31 phero_max=0.906
======================================================================
R1[T1][BASE_ESC  ]: L=+0.00 R=+1.00 | carry=0 | base=0.04 ba=-0.55 | site=1 sd=0.48 sa=+0.51 | phero=0 pd=0.00 pa=+0.00 | srch=0.02 | wall=3.30
R2[T1][GIVE_UP   ]: L=+1.00 R=+1.00 | carry=0 | base=0.58 ba=+0.00 | site=0 sd=0.00 sa=+0.00 | phero=0 pd=0.00 pa=+0.00 | srch=1.00 | wall=0.98
R3[T1][RTB       ]: L=+1.00 R=+0.00 | carry=1 | base=0.61 ba=-0.71 | site=0 sd=0.00 sa=+0.00 | phero=0 pd=0.00 pa=+0.00 | srch=0.00 | wall=1.21
R4[T1][SITE      ]: L=+1.00 R=+1.00 | carry=0 | base=0.12 ba=-0.93 | site=1 sd=0.53 sa=-0.03 | phero=0 pd=0.00 pa=+0.00 | srch=0.05 | wall=2.90
R5[T2][WALL_ESC  ]: L=+0.00 R=+1.00 | carry=0 | base=0.67 ba=+0.68 | site=1 sd=0.26 sa=+0.37 | phero=0 pd=0.00 pa=+0.00 | srch=0.24 | wall=0.34
R6[T2][EXPLORE   ]: L=+1.00 R=+1.00 | carry=0 | base=0.56 ba=+0.13 | site=0 sd=0.00 sa=+0.00 | phero=0 pd=0.00 pa=+0.00 | srch=0.51 | wall=1.22
R7[T2][SITE      ]: L=+0.57 R=+0.58 | carry=0 | base=0.52 ba=-0.93 | site=1 sd=0.04 sa=+0.02 | phero=0 pd=0.00 pa=+0.00 | srch=0.36 | wall=1.38
R8[T2][SITE      ]: L=+1.00 R=+1.00 | carry=0 | base=0.32 ba=+0.90 | site=1 sd=0.29 sa=+0.18 | phero=0 pd=0.00 pa=+0.00 | srch=0.12 | wall=2.32
R9[T3][EXPLORE   ]: L=+1.00 R=+1.00 | carry=0 | base=0.39 ba=-0.11 | site=0 sd=0.00 sa=+0.00 | phero=0 pd=0.00 pa=+0.00 | srch=0.39 | wall=1.80
R10[T3][SITE      ]: L=+1.00 R=+1.00 | carry=0 | base=0.11 ba=+0.94 | site=1 sd=0.21 sa=-0.25 | phero=0 pd=0.00 pa=+0.00 | srch=0.05 | wall=2.94
R11[T3][EXPLORE   ]: L=+1.00 R=+1.00 | carry=0 | base=0.34 ba=+0.23 | site=0 sd=0.00 sa=+0.00 | phero=0 pd=0.00 pa=+0.00 | srch=0.93 | wall=1.96
R12[T3][EXPLORE   ]: L=+1.00 R=+1.00 | carry=0 | base=0.67 ba=-0.06 | site=0 sd=0.00 sa=+0.00 | phero=0 pd=0.00 pa=+0.00 | srch=0.35 | wall=0.65
R13[T4][SITE      ]: L=+1.00 R=+1.00 | carry=0 | base=0.40 ba=-0.78 | site=1 sd=0.15 sa=+0.04 | phero=0 pd=0.00 pa=+0.00 | srch=0.16 | wall=1.51
R14[T4][EXPLORE   ]: L=+1.00 R=+1.00 | carry=0 | base=0.49 ba=-0.51 | site=0 sd=0.00 sa=+0.00 | phero=0 pd=0.00 pa=+0.00 | srch=0.24 | wall=1.28
R15[T4][EXPLORE   ]: L=+1.00 R=+1.00 | carry=0 | base=0.53 ba=-0.72 | site=0 sd=0.00 sa=+0.00 | phero=0 pd=0.00 pa=+0.00 | srch=0.53 | wall=1.17
R16[T4][SITE      ]: L=+0.97 R=+1.00 | carry=0 | base=0.14 ba=+0.98 | site=1 sd=0.23 sa=+0.16 | phero=0 pd=0.00 pa=+0.00 | srch=0.06 | wall=2.84

[PICKUP] Robot 8 picked up tag (density=2) | Total: 110
[PICKUP] Robot 13 picked up tag (density=9) | Total: 111
[PICKUP] Robot 5 picked up tag (density=7) | Total: 112
[PICKUP] Robot 16 picked up tag (density=11) | Total: 113
[PICKUP] Robot 14 picked up tag (density=6) | Total: 114
[PICKUP] Robot 10 picked up tag (density=1) | Total: 115
[DEPOSIT] Robot 8 deposited! Total: 109
  [TARGET] Robot 8 → SITE (-1.04,-1.19)

======================================================================
Step 11000 (5.9 min) | Pickups: 115 | Deposits: 109 | Rate: 18.58 tags/min | phero_entries=29 phero_max=0.407
======================================================================
R1[T1][SITE      ]: L=+0.96 R=+1.00 | carry=0 | base=0.39 ba=+0.92 | site=1 sd=0.17 sa=+0.20 | phero=0 pd=0.00 pa=+0.00 | srch=0.14 | wall=1.68
R2[T1][GIVE_UP   ]: L=+1.00 R=+1.00 | carry=0 | base=0.19 ba=+0.00 | site=0 sd=0.00 sa=+0.00 | phero=0 pd=0.00 pa=+0.00 | srch=1.00 | wall=2.66
R3[T1][RTB       ]: L=+1.00 R=+1.00 | carry=1 | base=0.29 ba=-0.00 | site=0 sd=0.00 sa=+0.00 | phero=0 pd=0.00 pa=+0.00 | srch=0.00 | wall=2.45
R4[T1][SITE      ]: L=+1.00 R=+1.00 | carry=0 | base=0.49 ba=-0.91 | site=1 sd=0.16 sa=-0.03 | phero=0 pd=0.00 pa=+0.00 | srch=0.18 | wall=1.11
R5[T2][RTB       ]: L=+1.00 R=+1.00 | carry=1 | base=0.42 ba=+0.00 | site=0 sd=0.00 sa=+0.00 | phero=0 pd=0.00 pa=+0.00 | srch=0.00 | wall=1.72
R6[T2][EXPLORE   ]: L=+1.00 R=+0.76 | carry=0 | base=0.27 ba=+0.51 | site=0 sd=0.00 sa=+0.00 | phero=0 pd=0.00 pa=+0.00 | srch=0.64 | wall=2.17
R7[T2][EXPLORE   ]: L=+1.00 R=+1.00 | carry=0 | base=0.76 ba=+1.00 | site=0 sd=0.00 sa=+0.00 | phero=0 pd=0.00 pa=+0.00 | srch=0.48 | wall=0.36
R8[T2][BASE_ESC  ]: L=+0.00 R=+1.00 | carry=0 | base=0.04 ba=-0.32 | site=1 sd=0.28 sa=+0.67 | phero=0 pd=0.00 pa=+0.00 | srch=0.01 | wall=3.33
R9[T3][EXPLORE   ]: L=+1.00 R=+1.00 | carry=0 | base=0.13 ba=-0.55 | site=0 sd=0.00 sa=+0.00 | phero=0 pd=0.00 pa=+0.00 | srch=0.52 | wall=3.00
R10[T3][RTB       ]: L=+1.00 R=+1.00 | carry=1 | base=0.25 ba=-0.00 | site=0 sd=0.00 sa=+0.00 | phero=0 pd=0.00 pa=+0.00 | srch=0.00 | wall=2.52
R11[T3][EXPLORE   ]: L=+1.00 R=+1.00 | carry=0 | base=0.26 ba=+0.66 | site=0 sd=0.00 sa=+0.00 | phero=0 pd=0.00 pa=+0.00 | srch=1.00 | wall=2.23
R12[T3][EXPLORE   ]: L=+1.00 R=+1.00 | carry=0 | base=0.29 ba=-0.13 | site=0 sd=0.00 sa=+0.00 | phero=0 pd=0.00 pa=+0.00 | srch=0.48 | wall=2.12
R13[T4][RTB       ]: L=+0.99 R=+1.00 | carry=1 | base=0.44 ba=+0.01 | site=0 sd=0.00 sa=+0.00 | phero=0 pd=0.00 pa=+0.00 | srch=0.00 | wall=1.37
R14[T4][RTB       ]: L=+1.00 R=+1.00 | carry=1 | base=0.48 ba=-0.00 | site=0 sd=0.00 sa=+0.00 | phero=0 pd=0.00 pa=+0.00 | srch=0.00 | wall=1.59
R15[T4][WALL_ESC  ]: L=+1.00 R=+0.11 | carry=0 | base=0.65 ba=-0.23 | site=0 sd=0.00 sa=+0.00 | phero=0 pd=0.00 pa=+0.00 | srch=0.66 | wall=0.34
R16[T4][RTB       ]: L=+1.00 R=+1.00 | carry=1 | base=0.23 ba=+0.00 | site=0 sd=0.00 sa=+0.00 | phero=0 pd=0.00 pa=+0.00 | srch=0.00 | wall=2.38

[PICKUP] Robot 4 picked up tag (density=8) | Total: 116
[EMPTY_RTN] R2 → phero(-0.68,-2.59)
[DEPOSIT] Robot 16 deposited! Total: 110
  [PHERO] Laid at (-1.64, 0.25) density=11 prob=1.00 total_entries=27
  [TARGET] Robot 16 → SITE (-1.64,0.25)
[PICKUP] Robot 1 picked up tag (density=5) | Total: 117
[DEPOSIT] Robot 10 deposited! Total: 111
  [TARGET] Robot 10 → PHERO (-1.80,0.09)
[DEPOSIT] Robot 3 deposited! Total: 112
  [PHERO] Laid at (-2.28, 1.98) density=15 prob=1.00 total_entries=28
  [TARGET] Robot 3 → SITE (-2.28,1.98)
[DEPOSIT] Robot 5 deposited! Total: 113
  [PHERO] Laid at (2.51, 1.45) density=7 prob=0.99 total_entries=26
  [TARGET] Robot 5 → SITE (2.51,1.45)

======================================================================
Step 11500 (6.1 min) | Pickups: 117 | Deposits: 113 | Rate: 18.42 tags/min | phero_entries=26 phero_max=0.969
======================================================================
R1[T1][RTB       ]: L=+1.00 R=+1.00 | carry=1 | base=0.38 ba=+0.00 | site=0 sd=0.00 sa=+0.00 | phero=0 pd=0.00 pa=+0.00 | srch=0.00 | wall=1.90
R2[T1][PHERO     ]: L=+1.00 R=+1.00 | carry=0 | base=0.14 ba=+0.85 | site=0 sd=0.00 sa=+0.00 | phero=1 pd=0.40 pa=-0.08 | srch=0.08 | wall=2.85
R3[T1][SITE      ]: L=+1.00 R=+1.00 | carry=0 | base=0.10 ba=+0.93 | site=1 sd=0.51 sa=-0.03 | phero=0 pd=0.00 pa=+0.00 | srch=0.05 | wall=3.15
R4[T1][RTB       ]: L=+1.00 R=+1.00 | carry=1 | base=0.32 ba=-0.00 | site=0 sd=0.00 sa=+0.00 | phero=0 pd=0.00 pa=+0.00 | srch=0.00 | wall=1.98
R5[T2][BASE_ESC  ]: L=+1.00 R=+0.00 | carry=0 | base=0.05 ba=+0.23 | site=1 sd=0.54 sa=-0.78 | phero=0 pd=0.00 pa=+0.00 | srch=0.00 | wall=3.31
R6[T2][EXPLORE   ]: L=+1.00 R=+1.00 | carry=0 | base=0.52 ba=+0.83 | site=0 sd=0.00 sa=+0.00 | phero=0 pd=0.00 pa=+0.00 | srch=0.76 | wall=1.62
R7[T2][EXPLORE   ]: L=+1.00 R=+1.00 | carry=0 | base=0.64 ba=+0.43 | site=0 sd=0.00 sa=+0.00 | phero=0 pd=0.00 pa=+0.00 | srch=0.61 | wall=0.81
R8[T2][EXPLORE   ]: L=+1.00 R=+1.00 | carry=0 | base=0.36 ba=+0.98 | site=0 sd=0.00 sa=+0.00 | phero=0 pd=0.00 pa=+0.00 | srch=0.13 | wall=2.14
R9[T3][EXPLORE   ]: L=+1.00 R=+1.00 | carry=0 | base=0.43 ba=-0.93 | site=0 sd=0.00 sa=+0.00 | phero=0 pd=0.00 pa=+0.00 | srch=0.64 | wall=1.52
R10[T3][PHERO     ]: L=+1.00 R=+1.00 | carry=0 | base=0.13 ba=-0.90 | site=0 sd=0.00 sa=+0.00 | phero=1 pd=0.24 pa=+0.01 | srch=0.06 | wall=2.85
R11[T3][EXPLORE   ]: L=+1.00 R=+1.00 | carry=0 | base=0.45 ba=+0.65 | site=0 sd=0.00 sa=+0.00 | phero=0 pd=0.00 pa=+0.00 | srch=1.00 | wall=1.60
R12[T3][EXPLORE   ]: L=+1.00 R=+1.00 | carry=0 | base=0.17 ba=-0.76 | site=0 sd=0.00 sa=+0.00 | phero=0 pd=0.00 pa=+0.00 | srch=0.60 | wall=2.68
R13[T4][RTB       ]: L=+1.00 R=+1.00 | carry=1 | base=0.05 ba=+0.00 | site=0 sd=0.00 sa=+0.00 | phero=0 pd=0.00 pa=+0.00 | srch=0.00 | wall=3.25
R14[T4][RTB       ]: L=+1.00 R=+1.00 | carry=1 | base=0.09 ba=-0.00 | site=0 sd=0.00 sa=+0.00 | phero=0 pd=0.00 pa=+0.00 | srch=0.00 | wall=3.13
R15[T4][EXPLORE   ]: L=+1.00 R=+0.84 | carry=0 | base=0.46 ba=+0.36 | site=0 sd=0.00 sa=+0.00 | phero=0 pd=0.00 pa=+0.00 | srch=0.78 | wall=1.26
R16[T4][SITE      ]: L=+1.00 R=+0.99 | carry=0 | base=0.15 ba=-0.97 | site=1 sd=0.19 sa=-0.09 | phero=0 pd=0.00 pa=+0.00 | srch=0.07 | wall=2.74

[DEPOSIT] Robot 13 deposited! Total: 114
  [PHERO] Laid at (-0.72, -2.65) density=9 prob=1.00 total_entries=27
  [TARGET] Robot 13 → SITE (-0.72,-2.65)
[DEPOSIT] Robot 14 deposited! Total: 115
  [PHERO] Laid at (2.18, 1.74) density=6 prob=0.97 total_entries=28
  [TARGET] Robot 14 → SITE (2.18,1.74)
[PICKUP] Robot 7 picked up tag (density=7) | Total: 118
[PICKUP] Robot 16 picked up tag (density=10) | Total: 119
[DEPOSIT] Robot 4 deposited! Total: 116
  [PHERO] Laid at (-0.67, -2.68) density=8 prob=1.00 total_entries=26
  [TARGET] Robot 4 → SITE (-0.67,-2.68)
[DEPOSIT] Robot 1 deposited! Total: 117
  [PHERO] Laid at (2.30, 1.34) density=5 prob=0.92 total_entries=26
  [TARGET] Robot 1 → SITE (2.30,1.34)

======================================================================
Step 12000 (6.4 min) | Pickups: 119 | Deposits: 117 | Rate: 18.28 tags/min | phero_entries=26 phero_max=0.890
======================================================================
R1[T1][BASE_ESC  ]: L=+1.00 R=+0.00 | carry=0 | base=0.04 ba=+0.63 | site=1 sd=0.49 sa=-0.43 | phero=0 pd=0.00 pa=+0.00 | srch=0.02 | wall=3.33
R2[T1][PHERO     ]: L=+1.00 R=+1.00 | carry=0 | base=0.47 ba=+0.99 | site=0 sd=0.00 sa=+0.00 | phero=1 pd=0.09 pa=-0.21 | srch=0.20 | wall=1.21
R3[T1][SITE      ]: L=+1.00 R=+0.68 | carry=0 | base=0.47 ba=-0.93 | site=1 sd=0.14 sa=-0.04 | phero=0 pd=0.00 pa=+0.00 | srch=0.17 | wall=1.63
R4[T1][SITE      ]: L=+1.00 R=+1.00 | carry=0 | base=0.08 ba=-0.92 | site=1 sd=0.48 sa=+0.25 | phero=0 pd=0.00 pa=+0.00 | srch=0.04 | wall=3.19
R5[T2][SITE      ]: L=+1.00 R=+1.00 | carry=0 | base=0.36 ba=+0.99 | site=1 sd=0.33 sa=-0.37 | phero=0 pd=0.00 pa=+0.00 | srch=0.13 | wall=1.92
R6[T2][EXPLORE   ]: L=+1.00 R=+1.00 | carry=0 | base=0.71 ba=+0.05 | site=0 sd=0.00 sa=+0.00 | phero=0 pd=0.00 pa=+0.00 | srch=0.89 | wall=0.48
R7[T2][RTB       ]: L=+1.00 R=+1.00 | carry=1 | base=0.41 ba=+0.00 | site=0 sd=0.00 sa=+0.00 | phero=0 pd=0.00 pa=+0.00 | srch=0.00 | wall=1.56
R8[T2][EXPLORE   ]: L=+1.00 R=+1.00 | carry=0 | base=0.75 ba=+0.99 | site=0 sd=0.00 sa=+0.00 | phero=0 pd=0.00 pa=+0.00 | srch=0.26 | wall=0.61
R9[T3][EXPLORE   ]: L=+1.00 R=+1.00 | carry=0 | base=0.70 ba=-0.26 | site=0 sd=0.00 sa=+0.00 | phero=0 pd=0.00 pa=+0.00 | srch=0.77 | wall=0.47
R10[T3][EXPLORE   ]: L=+1.00 R=+1.00 | carry=0 | base=0.51 ba=+0.99 | site=0 sd=0.00 sa=+0.00 | phero=0 pd=0.00 pa=+0.00 | srch=0.19 | wall=0.96
R11[T3][EXPLORE   ]: L=+1.00 R=+1.00 | carry=0 | base=0.62 ba=+0.14 | site=0 sd=0.00 sa=+0.00 | phero=0 pd=0.00 pa=+0.00 | srch=1.00 | wall=0.47
R12[T3][EXPLORE   ]: L=+1.00 R=+1.00 | carry=0 | base=0.52 ba=-0.93 | site=0 sd=0.00 sa=+0.00 | phero=0 pd=0.00 pa=+0.00 | srch=0.73 | wall=1.45
R13[T4][SITE      ]: L=+1.00 R=+1.00 | carry=0 | base=0.33 ba=+1.00 | site=1 sd=0.23 sa=+0.04 | phero=0 pd=0.00 pa=+0.00 | srch=0.12 | wall=1.95
R14[T4][SITE      ]: L=+1.00 R=+1.00 | carry=0 | base=0.29 ba=+0.99 | site=1 sd=0.30 sa=+0.17 | phero=0 pd=0.00 pa=+0.00 | srch=0.11 | wall=2.17
R15[T4][EXPLORE   ]: L=+0.03 R=+0.60 | carry=0 | base=0.56 ba=-0.83 | site=0 sd=0.00 sa=+0.00 | phero=0 pd=0.00 pa=+0.00 | srch=0.91 | wall=1.06
R16[T4][RTB       ]: L=+1.00 R=+1.00 | carry=1 | base=0.22 ba=-0.00 | site=0 sd=0.00 sa=+0.00 | phero=0 pd=0.00 pa=+0.00 | srch=0.00 | wall=2.41

[PICKUP] Robot 15 picked up tag (density=4) | Total: 120
[GIVE-UP] R8 giving up after 1169 steps
[PICKUP] Robot 3 picked up tag (density=14) | Total: 121
[DEPOSIT] Robot 16 deposited! Total: 118
  [PHERO] Laid at (-1.68, 0.24) density=10 prob=1.00 total_entries=27
  [TARGET] Robot 16 → SITE (-1.68,0.24)
[PICKUP] Robot 13 picked up tag (density=6) | Total: 122
[PICKUP] Robot 14 picked up tag (density=3) | Total: 123
[PICKUP] Robot 6 picked up tag (density=4) | Total: 124

======================================================================
Step 12500 (6.7 min) | Pickups: 124 | Deposits: 118 | Rate: 17.70 tags/min | phero_entries=24 phero_max=0.643
======================================================================
R1[T1][SITE      ]: L=+1.00 R=+0.95 | carry=0 | base=0.40 ba=-0.82 | site=1 sd=0.30 sa=-0.27 | phero=0 pd=0.00 pa=+0.00 | srch=0.14 | wall=1.74
R2[T1][EXPLORE   ]: L=+1.00 R=+1.00 | carry=0 | base=0.44 ba=-0.41 | site=0 sd=0.00 sa=+0.00 | phero=0 pd=0.00 pa=+0.00 | srch=0.33 | wall=1.82
R3[T1][RTB       ]: L=+1.00 R=+1.00 | carry=1 | base=0.47 ba=-0.00 | site=0 sd=0.00 sa=+0.00 | phero=0 pd=0.00 pa=+0.00 | srch=0.00 | wall=1.79
R4[T1][SITE      ]: L=+0.95 R=+1.00 | carry=0 | base=0.46 ba=+0.84 | site=1 sd=0.29 sa=+0.33 | phero=0 pd=0.00 pa=+0.00 | srch=0.16 | wall=1.86
R5[T2][SITE      ]: L=+1.00 R=+0.92 | carry=0 | base=0.63 ba=-0.60 | site=1 sd=0.10 sa=-0.26 | phero=0 pd=0.00 pa=+0.00 | srch=0.25 | wall=1.07
R6[T2][RTB       ]: L=+1.00 R=+1.00 | carry=1 | base=0.33 ba=+0.00 | site=0 sd=0.00 sa=+0.00 | phero=0 pd=0.00 pa=+0.00 | srch=0.00 | wall=1.98
R7[T2][RTB       ]: L=+1.00 R=+1.00 | carry=1 | base=0.07 ba=+0.00 | site=0 sd=0.00 sa=+0.00 | phero=0 pd=0.00 pa=+0.00 | srch=0.00 | wall=3.18
R8[T2][GIVE_UP   ]: L=+1.00 R=+1.00 | carry=0 | base=0.59 ba=+0.00 | site=0 sd=0.00 sa=+0.00 | phero=0 pd=0.00 pa=+0.00 | srch=0.38 | wall=1.19
R9[T3][EXPLORE   ]: L=+1.00 R=+1.00 | carry=0 | base=0.52 ba=-0.41 | site=0 sd=0.00 sa=+0.00 | phero=0 pd=0.00 pa=+0.00 | srch=0.89 | wall=1.23
R10[T3][EXPLORE   ]: L=+1.00 R=+1.00 | carry=0 | base=0.48 ba=+0.15 | site=0 sd=0.00 sa=+0.00 | phero=0 pd=0.00 pa=+0.00 | srch=0.31 | wall=1.12
R11[T3][EXPLORE   ]: L=+1.00 R=+1.00 | carry=0 | base=0.31 ba=+0.32 | site=0 sd=0.00 sa=+0.00 | phero=0 pd=0.00 pa=+0.00 | srch=1.00 | wall=2.10
R12[T3][WALL_ESC  ]: L=+1.00 R=+0.00 | carry=0 | base=0.87 ba=-0.53 | site=0 sd=0.00 sa=+0.00 | phero=0 pd=0.00 pa=+0.00 | srch=0.85 | wall=0.34
R13[T4][RTB       ]: L=+0.98 R=+1.00 | carry=1 | base=0.51 ba=+0.01 | site=0 sd=0.00 sa=+0.00 | phero=0 pd=0.00 pa=+0.00 | srch=0.00 | wall=1.02
R14[T4][RTB       ]: L=+0.97 R=+1.00 | carry=1 | base=0.48 ba=+0.01 | site=0 sd=0.00 sa=+0.00 | phero=0 pd=0.00 pa=+0.00 | srch=0.00 | wall=1.54
R15[T4][RTB       ]: L=+1.00 R=+1.00 | carry=1 | base=0.30 ba=+0.00 | site=0 sd=0.00 sa=+0.00 | phero=0 pd=0.00 pa=+0.00 | srch=0.00 | wall=2.22
R16[T4][SITE      ]: L=+1.00 R=+1.00 | carry=0 | base=0.17 ba=-0.99 | site=1 sd=0.19 sa=+0.24 | phero=0 pd=0.00 pa=+0.00 | srch=0.07 | wall=2.75

[GIVE-UP] R11 giving up after 5709 steps
[DEPOSIT] Robot 7 deposited! Total: 119
  [PHERO] Laid at (-1.06, -2.93) density=7 prob=0.99 total_entries=25
  [TARGET] Robot 7 → SITE (-1.06,-2.93)
[PICKUP] Robot 16 picked up tag (density=12) | Total: 125
[DEPOSIT] Robot 15 deposited! Total: 120
  [PHERO] Laid at (2.46, 1.45) density=4 prob=0.82 total_entries=23
  [TARGET] Robot 15 → SITE (2.46,1.45)
[EMPTY_RTN] R11 → phero(-0.68,-2.59)
[DEPOSIT] Robot 6 deposited! Total: 121
  [TARGET] Robot 6 → SITE (1.83,-0.79)
[PICKUP] Robot 5 picked up tag (density=2) | Total: 126
[PICKUP] Robot 1 picked up tag (density=1) | Total: 127
[PICKUP] Robot 4 picked up tag (density=5) | Total: 128

======================================================================
Step 13000 (6.9 min) | Pickups: 128 | Deposits: 121 | Rate: 17.45 tags/min | phero_entries=23 phero_max=0.759
======================================================================
R1[T1][RTB       ]: L=+1.00 R=+0.98 | carry=1 | base=0.51 ba=-0.01 | site=0 sd=0.00 sa=+0.00 | phero=0 pd=0.00 pa=+0.00 | srch=0.00 | wall=1.41
R2[T1][EXPLORE   ]: L=+1.00 R=+1.00 | carry=0 | base=0.49 ba=-0.68 | site=0 sd=0.00 sa=+0.00 | phero=0 pd=0.00 pa=+0.00 | srch=0.45 | wall=1.07
R3[T1][RTB       ]: L=+1.00 R=+1.00 | carry=1 | base=0.09 ba=-0.00 | site=0 sd=0.00 sa=+0.00 | phero=0 pd=0.00 pa=+0.00 | srch=0.00 | wall=3.19
R4[T1][RTB       ]: L=+0.72 R=+1.00 | carry=1 | base=0.60 ba=+0.11 | site=0 sd=0.00 sa=+0.00 | phero=0 pd=0.00 pa=+0.00 | srch=0.00 | wall=0.68
R5[T2][RTB       ]: L=+0.93 R=+1.00 | carry=1 | base=0.54 ba=+0.03 | site=0 sd=0.00 sa=+0.00 | phero=0 pd=0.00 pa=+0.00 | srch=0.00 | wall=1.31
R6[T2][SITE      ]: L=+1.00 R=+1.00 | carry=0 | base=0.07 ba=+0.92 | site=1 sd=0.34 sa=-0.21 | phero=0 pd=0.00 pa=+0.00 | srch=0.03 | wall=3.17
R7[T2][SITE      ]: L=+1.00 R=+1.00 | carry=0 | base=0.31 ba=-0.90 | site=1 sd=0.33 sa=-0.04 | phero=0 pd=0.00 pa=+0.00 | srch=0.12 | wall=1.97
R8[T2][GIVE_UP   ]: L=+1.00 R=+1.00 | carry=0 | base=0.20 ba=+0.00 | site=0 sd=0.00 sa=+0.00 | phero=0 pd=0.00 pa=+0.00 | srch=0.51 | wall=2.72
R9[T3][EXPLORE   ]: L=+0.46 R=+1.00 | carry=0 | base=0.55 ba=-0.78 | site=0 sd=0.00 sa=+0.00 | phero=0 pd=0.00 pa=+0.00 | srch=1.00 | wall=0.82
R10[T3][EXPLORE   ]: L=+1.00 R=+0.72 | carry=0 | base=0.23 ba=+0.67 | site=0 sd=0.00 sa=+0.00 | phero=0 pd=0.00 pa=+0.00 | srch=0.44 | wall=2.59
R11[T3][PHERO     ]: L=+1.00 R=-1.00 | carry=0 | base=0.05 ba=-0.88 | site=0 sd=0.00 sa=+0.00 | phero=1 pd=0.58 pa=-0.71 | srch=0.03 | wall=3.31
R12[T3][EXPLORE   ]: L=+0.98 R=+1.00 | carry=0 | base=0.61 ba=-0.16 | site=0 sd=0.00 sa=+0.00 | phero=0 pd=0.00 pa=+0.00 | srch=0.98 | wall=1.00
R13[T4][RTB       ]: L=+1.00 R=+1.00 | carry=1 | base=0.13 ba=+0.00 | site=0 sd=0.00 sa=+0.00 | phero=0 pd=0.00 pa=+0.00 | srch=0.00 | wall=2.89
R14[T4][RTB       ]: L=+1.00 R=+1.00 | carry=1 | base=0.10 ba=+0.00 | site=0 sd=0.00 sa=+0.00 | phero=0 pd=0.00 pa=+0.00 | srch=0.00 | wall=3.11
R15[T4][SITE      ]: L=+0.39 R=+0.39 | carry=0 | base=0.07 ba=-0.91 | site=1 sd=0.51 sa=-0.05 | phero=0 pd=0.00 pa=+0.00 | srch=0.04 | wall=3.24
R16[T4][RTB       ]: L=+1.00 R=+1.00 | carry=1 | base=0.16 ba=+0.00 | site=0 sd=0.00 sa=+0.00 | phero=0 pd=0.00 pa=+0.00 | srch=0.00 | wall=2.77

[DEPOSIT] Robot 3 deposited! Total: 122
  [PHERO] Laid at (-2.29, 2.00) density=14 prob=1.00 total_entries=24
  [TARGET] Robot 3 → SITE (-2.29,2.00)
[DEPOSIT] Robot 14 deposited! Total: 123
  [PHERO] Laid at (2.20, 1.45) density=3 prob=0.65 total_entries=25
  [TARGET] Robot 14 → SITE (2.20,1.45)
[DEPOSIT] Robot 13 deposited! Total: 124
  [PHERO] Laid at (-0.75, -2.68) density=6 prob=0.97 total_entries=26
  [TARGET] Robot 13 → SITE (-0.75,-2.68)
[GIVE-UP] R10 giving up after 1873 steps
[DEPOSIT] Robot 16 deposited! Total: 125
  [PHERO] Laid at (-1.41, 0.73) density=12 prob=1.00 total_entries=27
  [TARGET] Robot 16 → SITE (-1.41,0.73)
[EMPTY_RTN] R8 → phero(-0.75,-2.68)
[PICKUP] Robot 2 picked up tag (density=16) | Total: 129

======================================================================
Step 13500 (7.2 min) | Pickups: 129 | Deposits: 125 | Rate: 17.36 tags/min | phero_entries=24 phero_max=0.565
======================================================================
R1[T1][RTB       ]: L=+1.00 R=+1.00 | carry=1 | base=0.15 ba=-0.00 | site=0 sd=0.00 sa=+0.00 | phero=0 pd=0.00 pa=+0.00 | srch=0.00 | wall=2.89
R2[T1][RTB       ]: L=+1.00 R=+0.02 | carry=1 | base=0.63 ba=-0.39 | site=0 sd=0.00 sa=+0.00 | phero=0 pd=0.00 pa=+0.00 | srch=0.00 | wall=0.65
R3[T1][SITE      ]: L=+0.43 R=+0.98 | carry=0 | base=0.30 ba=+0.96 | site=1 sd=0.32 sa=-0.07 | phero=0 pd=0.00 pa=+0.00 | srch=0.11 | wall=2.34
R4[T1][RTB       ]: L=+1.00 R=+1.00 | carry=1 | base=0.21 ba=+0.00 | site=0 sd=0.00 sa=+0.00 | phero=0 pd=0.00 pa=+0.00 | srch=0.00 | wall=2.49
R5[T2][RTB       ]: L=+1.00 R=+1.00 | carry=1 | base=0.18 ba=+0.00 | site=0 sd=0.00 sa=+0.00 | phero=0 pd=0.00 pa=+0.00 | srch=0.00 | wall=2.77
R6[T2][SITE      ]: L=+1.00 R=+0.87 | carry=0 | base=0.39 ba=-0.68 | site=1 sd=0.03 sa=-0.08 | phero=0 pd=0.00 pa=+0.00 | srch=0.16 | wall=1.67
R7[T2][EXPLORE   ]: L=+1.00 R=+1.00 | carry=0 | base=0.63 ba=-0.87 | site=0 sd=0.00 sa=+0.00 | phero=0 pd=0.00 pa=+0.00 | srch=0.24 | wall=0.56
R8[T2][PHERO     ]: L=+0.18 R=+0.19 | carry=0 | base=0.07 ba=+0.95 | site=0 sd=0.00 sa=+0.00 | phero=1 pd=0.49 pa=+0.01 | srch=0.08 | wall=3.17
R9[T3][EXPLORE   ]: L=+1.00 R=+1.00 | carry=0 | base=0.48 ba=+0.11 | site=0 sd=0.00 sa=+0.00 | phero=0 pd=0.00 pa=+0.00 | srch=1.00 | wall=1.13
R10[T3][GIVE_UP   ]: L=+1.00 R=+1.00 | carry=0 | base=0.09 ba=+0.00 | site=0 sd=0.00 sa=+0.00 | phero=0 pd=0.00 pa=+0.00 | srch=0.56 | wall=3.07
R11[T3][PHERO     ]: L=+1.00 R=+0.99 | carry=0 | base=0.06 ba=-0.67 | site=0 sd=0.00 sa=+0.00 | phero=1 pd=0.50 pa=+0.05 | srch=0.16 | wall=3.24
R12[T3][EXPLORE   ]: L=+1.00 R=+1.00 | carry=0 | base=0.73 ba=-0.86 | site=0 sd=0.00 sa=+0.00 | phero=0 pd=0.00 pa=+0.00 | srch=1.00 | wall=0.45
R13[T4][SITE      ]: L=+1.00 R=+0.78 | carry=0 | base=0.26 ba=-0.81 | site=1 sd=0.35 sa=-0.09 | phero=0 pd=0.00 pa=+0.00 | srch=0.10 | wall=2.24
R14[T4][SITE      ]: L=+1.00 R=+1.00 | carry=0 | base=0.27 ba=+0.88 | site=1 sd=0.28 sa=+0.05 | phero=0 pd=0.00 pa=+0.00 | srch=0.10 | wall=2.23
R15[T4][SITE      ]: L=+0.74 R=+0.73 | carry=0 | base=0.29 ba=-0.99 | site=1 sd=0.28 sa=-0.01 | phero=0 pd=0.00 pa=+0.00 | srch=0.17 | wall=2.27
R16[T4][SITE      ]: L=+1.00 R=+1.00 | carry=0 | base=0.22 ba=-0.95 | site=1 sd=0.10 sa=+0.06 | phero=0 pd=0.00 pa=+0.00 | srch=0.09 | wall=2.52

[EMPTY_RTN] R10 → phero(-2.29,2.00)
[DEPOSIT] Robot 1 deposited! Total: 126
  [PHERO] Laid at (2.23, 1.68) density=1 prob=0.20 total_entries=25
  [TARGET] Robot 1 → SITE (2.23,1.68)
[PICKUP] Robot 16 picked up tag (density=10) | Total: 130
[DEPOSIT] Robot 5 deposited! Total: 127
  [TARGET] Robot 5 → SITE (2.37,1.50)
[DEPOSIT] Robot 4 deposited! Total: 128
  [TARGET] Robot 4 → SITE (-1.00,-2.88)
[GIVE-UP] R9 giving up after 4851 steps
[PICKUP] Robot 13 picked up tag (density=4) | Total: 131

======================================================================
Step 14000 (7.5 min) | Pickups: 131 | Deposits: 128 | Rate: 17.14 tags/min | phero_entries=21 phero_max=0.553
======================================================================
R1[T1][SITE      ]: L=+1.00 R=+1.00 | carry=0 | base=0.25 ba=+1.00 | site=1 sd=0.37 sa=+0.29 | phero=0 pd=0.00 pa=+0.00 | srch=0.09 | wall=2.27
R2[T1][RTB       ]: L=+1.00 R=+1.00 | carry=1 | base=0.27 ba=-0.00 | site=0 sd=0.00 sa=+0.00 | phero=0 pd=0.00 pa=+0.00 | srch=0.00 | wall=2.31
R3[T1][SITE      ]: L=+0.12 R=+0.11 | carry=0 | base=0.45 ba=-0.90 | site=1 sd=0.17 sa=-0.02 | phero=0 pd=0.00 pa=+0.00 | srch=0.24 | wall=1.66
R4[T1][SITE      ]: L=+1.00 R=+1.00 | carry=0 | base=0.19 ba=-0.97 | site=1 sd=0.47 sa=+0.28 | phero=0 pd=0.00 pa=+0.00 | srch=0.07 | wall=2.78
R5[T2][SITE      ]: L=+1.00 R=+0.99 | carry=0 | base=0.22 ba=-0.97 | site=1 sd=0.36 sa=-0.10 | phero=0 pd=0.00 pa=+0.00 | srch=0.08 | wall=2.71
R6[T2][EXPLORE   ]: L=+1.00 R=+1.00 | carry=0 | base=0.63 ba=-0.80 | site=0 sd=0.00 sa=+0.00 | phero=0 pd=0.00 pa=+0.00 | srch=0.28 | wall=0.97
R7[T2][EXPLORE   ]: L=+1.00 R=+1.00 | carry=0 | base=0.67 ba=-0.61 | site=0 sd=0.00 sa=+0.00 | phero=0 pd=0.00 pa=+0.00 | srch=0.37 | wall=1.12
R8[T2][PHERO     ]: L=+0.99 R=+1.00 | carry=0 | base=0.37 ba=+0.97 | site=0 sd=0.00 sa=+0.00 | phero=1 pd=0.20 pa=+0.08 | srch=0.20 | wall=1.79
R9[T3][GIVE_UP   ]: L=+1.00 R=+1.00 | carry=0 | base=0.15 ba=-0.00 | site=0 sd=0.00 sa=+0.00 | phero=0 pd=0.00 pa=+0.00 | srch=1.00 | wall=2.78
R10[T3][PHERO     ]: L=+1.00 R=+1.00 | carry=0 | base=0.14 ba=-0.87 | site=0 sd=0.00 sa=+0.00 | phero=1 pd=0.51 pa=-0.11 | srch=0.11 | wall=2.83
R11[T3][PHERO     ]: L=+1.00 R=+1.00 | carry=0 | base=0.36 ba=-0.94 | site=0 sd=0.00 sa=+0.00 | phero=1 pd=0.19 pa=+0.10 | srch=0.28 | wall=1.81
R12[T3][EXPLORE   ]: L=+1.00 R=+0.56 | carry=0 | base=0.75 ba=-0.47 | site=0 sd=0.00 sa=+0.00 | phero=0 pd=0.00 pa=+0.00 | srch=1.00 | wall=0.41
R13[T4][RTB       ]: L=+1.00 R=+0.00 | carry=1 | base=0.57 ba=-0.51 | site=0 sd=0.00 sa=+0.00 | phero=0 pd=0.00 pa=+0.00 | srch=0.00 | wall=0.78
R14[T4][EXPLORE   ]: L=+1.00 R=+1.00 | carry=0 | base=0.61 ba=+0.82 | site=0 sd=0.00 sa=+0.00 | phero=0 pd=0.00 pa=+0.00 | srch=0.23 | wall=1.15
R15[T4][SITE      ]: L=+0.14 R=+0.14 | carry=0 | base=0.47 ba=-0.95 | site=1 sd=0.11 sa=-0.07 | phero=0 pd=0.00 pa=+0.00 | srch=0.29 | wall=1.58
R16[T4][RTB       ]: L=+1.00 R=+1.00 | carry=1 | base=0.12 ba=+0.00 | site=0 sd=0.00 sa=+0.00 | phero=0 pd=0.00 pa=+0.00 | srch=0.00 | wall=2.95

[DEPOSIT] Robot 16 deposited! Total: 129
  [PHERO] Laid at (-1.41, 0.76) density=10 prob=1.00 total_entries=22
  [TARGET] Robot 16 → SITE (-1.41,0.76)
[EMPTY_RTN] R9 → phero(-1.41,0.76)
[PICKUP] Robot 10 picked up tag (density=12) | Total: 132
[PICKUP] Robot 8 picked up tag (density=3) | Total: 133
[DEPOSIT] Robot 2 deposited! Total: 130
  [PHERO] Laid at (-2.85, 1.31) density=16 prob=1.00 total_entries=22
  [TARGET] Robot 2 → SITE (-2.85,1.31)
[PICKUP] Robot 11 picked up tag (density=16) | Total: 134

======================================================================
Step 14500 (7.7 min) | Pickups: 134 | Deposits: 130 | Rate: 16.81 tags/min | phero_entries=21 phero_max=0.704
======================================================================
R1[T1][SITE      ]: L=+0.97 R=+1.00 | carry=0 | base=0.63 ba=+0.91 | site=1 sd=0.32 sa=+0.56 | phero=0 pd=0.00 pa=+0.00 | srch=0.22 | wall=0.38
R2[T1][SITE      ]: L=+1.00 R=+1.00 | carry=0 | base=0.13 ba=-0.96 | site=1 sd=0.52 sa=+0.23 | phero=0 pd=0.00 pa=+0.00 | srch=0.05 | wall=2.98
R3[T1][SITE      ]: L=+0.59 R=+0.59 | carry=0 | base=0.55 ba=-0.90 | site=1 sd=0.06 sa=+0.00 | phero=0 pd=0.00 pa=+0.00 | srch=0.36 | wall=1.38
R4[T1][SITE      ]: L=+0.87 R=+0.88 | carry=0 | base=0.50 ba=+0.72 | site=1 sd=0.22 sa=+0.11 | phero=0 pd=0.00 pa=+0.00 | srch=0.20 | wall=1.56
R5[T2][EXPLORE   ]: L=+1.00 R=+1.00 | carry=0 | base=0.57 ba=-0.69 | site=0 sd=0.00 sa=+0.00 | phero=0 pd=0.00 pa=+0.00 | srch=0.21 | wall=1.12
R6[T2][EXPLORE   ]: L=+1.00 R=+1.00 | carry=0 | base=0.56 ba=-0.11 | site=0 sd=0.00 sa=+0.00 | phero=0 pd=0.00 pa=+0.00 | srch=0.41 | wall=0.98
R7[T2][EXPLORE   ]: L=+0.45 R=+1.00 | carry=0 | base=0.71 ba=-0.28 | site=0 sd=0.00 sa=+0.00 | phero=0 pd=0.00 pa=+0.00 | srch=0.49 | wall=0.38
R8[T2][RTB       ]: L=+1.00 R=+1.00 | carry=1 | base=0.46 ba=+0.00 | site=0 sd=0.00 sa=+0.00 | phero=0 pd=0.00 pa=+0.00 | srch=0.00 | wall=1.26
R9[T3][PHERO     ]: L=+1.00 R=+0.98 | carry=0 | base=0.13 ba=-0.77 | site=0 sd=0.00 sa=+0.00 | phero=1 pd=0.34 pa=-0.38 | srch=0.09 | wall=2.94
R10[T3][RTB       ]: L=+1.00 R=+1.00 | carry=1 | base=0.21 ba=-0.00 | site=0 sd=0.00 sa=+0.00 | phero=0 pd=0.00 pa=+0.00 | srch=0.00 | wall=2.54
R11[T3][RTB       ]: L=+0.67 R=+1.00 | carry=1 | base=0.56 ba=+0.12 | site=0 sd=0.00 sa=+0.00 | phero=0 pd=0.00 pa=+0.00 | srch=0.00 | wall=0.71
R12[T3][EXPLORE   ]: L=+1.00 R=+0.64 | carry=0 | base=0.70 ba=-0.10 | site=0 sd=0.00 sa=+0.00 | phero=0 pd=0.00 pa=+0.00 | srch=1.00 | wall=0.40
R13[T4][RTB       ]: L=+1.00 R=+1.00 | carry=1 | base=0.22 ba=-0.00 | site=0 sd=0.00 sa=+0.00 | phero=0 pd=0.00 pa=+0.00 | srch=0.00 | wall=2.44
R14[T4][EXPLORE   ]: L=+1.00 R=+1.00 | carry=0 | base=0.81 ba=+0.04 | site=0 sd=0.00 sa=+0.00 | phero=0 pd=0.00 pa=+0.00 | srch=0.35 | wall=0.44
R15[T4][EXPLORE   ]: L=+1.00 R=+1.00 | carry=0 | base=0.66 ba=-0.63 | site=0 sd=0.00 sa=+0.00 | phero=0 pd=0.00 pa=+0.00 | srch=0.42 | wall=0.49
R16[T4][SITE      ]: L=+1.00 R=+1.00 | carry=0 | base=0.25 ba=+1.00 | site=1 sd=0.08 sa=+0.05 | phero=0 pd=0.00 pa=+0.00 | srch=0.10 | wall=2.44

[PICKUP] Robot 3 picked up tag (density=13) | Total: 135
[PICKUP] Robot 16 picked up tag (density=9) | Total: 136
[DEPOSIT] Robot 10 deposited! Total: 131
  [PHERO] Laid at (-1.46, 0.53) density=12 prob=1.00 total_entries=19
  [TARGET] Robot 10 → SITE (-1.46,0.53)
[DEPOSIT] Robot 13 deposited! Total: 132
  [PHERO] Laid at (-0.77, -2.72) density=4 prob=0.82 total_entries=20
  [TARGET] Robot 13 → SITE (-0.77,-2.72)
[PICKUP] Robot 4 picked up tag (density=2) | Total: 137

======================================================================
Step 15000 (8.0 min) | Pickups: 137 | Deposits: 132 | Rate: 16.50 tags/min | phero_entries=19 phero_max=0.643
======================================================================
R1[T1][SITE      ]: L=+1.00 R=+0.91 | carry=0 | base=0.48 ba=+0.58 | site=1 sd=0.09 sa=-0.28 | phero=0 pd=0.00 pa=+0.00 | srch=0.34 | wall=1.50
R2[T1][SITE      ]: L=+0.96 R=+1.00 | carry=0 | base=0.50 ba=+0.82 | site=1 sd=0.24 sa=+0.19 | phero=0 pd=0.00 pa=+0.00 | srch=0.18 | wall=1.75
R3[T1][RTB       ]: L=+1.00 R=+1.00 | carry=1 | base=0.40 ba=-0.00 | site=0 sd=0.00 sa=+0.00 | phero=0 pd=0.00 pa=+0.00 | srch=0.00 | wall=2.05
R4[T1][RTB       ]: L=+1.00 R=+1.00 | carry=1 | base=0.52 ba=+0.00 | site=0 sd=0.00 sa=+0.00 | phero=0 pd=0.00 pa=+0.00 | srch=0.00 | wall=1.01
R5[T2][EXPLORE   ]: L=+1.00 R=+1.00 | carry=0 | base=0.54 ba=-0.15 | site=0 sd=0.00 sa=+0.00 | phero=0 pd=0.00 pa=+0.00 | srch=0.33 | wall=0.91
R6[T2][EXPLORE   ]: L=+1.00 R=+1.00 | carry=0 | base=0.23 ba=-0.30 | site=0 sd=0.00 sa=+0.00 | phero=0 pd=0.00 pa=+0.00 | srch=0.53 | wall=2.36
R7[T2][WALL_ESC  ]: L=+1.00 R=+0.00 | carry=0 | base=0.66 ba=-0.52 | site=0 sd=0.00 sa=+0.00 | phero=0 pd=0.00 pa=+0.00 | srch=0.62 | wall=0.34
R8[T2][RTB       ]: L=+1.00 R=+1.00 | carry=1 | base=0.08 ba=+0.00 | site=0 sd=0.00 sa=+0.00 | phero=0 pd=0.00 pa=+0.00 | srch=0.00 | wall=3.13
R9[T3][PHERO     ]: L=+1.00 R=+0.96 | carry=0 | base=0.34 ba=-0.61 | site=0 sd=0.00 sa=+0.00 | phero=1 pd=0.13 pa=-0.20 | srch=0.22 | wall=1.84
R10[T3][SITE      ]: L=+0.95 R=+1.00 | carry=0 | base=0.18 ba=+0.95 | site=1 sd=0.15 sa=+0.17 | phero=0 pd=0.00 pa=+0.00 | srch=0.07 | wall=2.79
R11[T3][RTB       ]: L=+1.00 R=+1.00 | carry=1 | base=0.18 ba=+0.00 | site=0 sd=0.00 sa=+0.00 | phero=0 pd=0.00 pa=+0.00 | srch=0.00 | wall=2.62
R12[T3][EXPLORE   ]: L=+1.00 R=+0.94 | carry=0 | base=0.63 ba=-0.28 | site=0 sd=0.00 sa=+0.00 | phero=0 pd=0.00 pa=+0.00 | srch=1.00 | wall=0.53
R13[T4][SITE      ]: L=+1.00 R=+1.00 | carry=0 | base=0.18 ba=+1.00 | site=1 sd=0.42 sa=+0.20 | phero=0 pd=0.00 pa=+0.00 | srch=0.07 | wall=2.84
R14[T4][EXPLORE   ]: L=+1.00 R=+1.00 | carry=0 | base=0.42 ba=+0.07 | site=0 sd=0.00 sa=+0.00 | phero=0 pd=0.00 pa=+0.00 | srch=0.48 | wall=1.75
R15[T4][EXPLORE   ]: L=+0.26 R=+0.71 | carry=0 | base=0.65 ba=-0.32 | site=0 sd=0.00 sa=+0.00 | phero=0 pd=0.00 pa=+0.00 | srch=0.54 | wall=0.37
R16[T4][RTB       ]: L=+1.00 R=+1.00 | carry=1 | base=0.13 ba=+0.00 | site=0 sd=0.00 sa=+0.00 | phero=0 pd=0.00 pa=+0.00 | srch=0.00 | wall=2.91

[PICKUP] Robot 9 picked up tag (density=7) | Total: 138
[DEPOSIT] Robot 8 deposited! Total: 133
  [PHERO] Laid at (-0.74, -2.73) density=3 prob=0.65 total_entries=20
  [TARGET] Robot 8 → SITE (-0.74,-2.73)
[GIVE-UP] R12 giving up after 5953 steps
[DEPOSIT] Robot 16 deposited! Total: 134
  [PHERO] Laid at (-1.48, 0.78) density=9 prob=1.00 total_entries=21
  [TARGET] Robot 16 → SITE (-1.48,0.78)
[DEPOSIT] Robot 11 deposited! Total: 135
  [PHERO] Laid at (-0.26, -2.85) density=16 prob=1.00 total_entries=22
  [TARGET] Robot 11 → SITE (-0.26,-2.85)
[PICKUP] Robot 2 picked up tag (density=17) | Total: 139
[PICKUP] Robot 10 picked up tag (density=5) | Total: 140
[DEPOSIT] Robot 3 deposited! Total: 136
  [PHERO] Laid at (-2.31, 2.03) density=13 prob=1.00 total_entries=23
  [TARGET] Robot 3 → SITE (-2.31,2.03)
[PICKUP] Robot 7 picked up tag (density=4) | Total: 141

======================================================================
Step 15500 (8.3 min) | Pickups: 141 | Deposits: 136 | Rate: 16.45 tags/min | phero_entries=23 phero_max=0.929
======================================================================
R1[T1][WALL_ESC  ]: L=+1.00 R=+0.00 | carry=0 | base=0.67 ba=-0.68 | site=0 sd=0.00 sa=+0.00 | phero=0 pd=0.00 pa=+0.00 | srch=0.47 | wall=0.34
R2[T1][RTB       ]: L=+1.00 R=+1.00 | carry=1 | base=0.46 ba=+0.00 | site=0 sd=0.00 sa=+0.00 | phero=0 pd=0.00 pa=+0.00 | srch=0.00 | wall=1.54
R3[T1][BASE_ESC  ]: L=+0.00 R=+1.00 | carry=0 | base=0.04 ba=-0.39 | site=1 sd=0.58 sa=+0.65 | phero=0 pd=0.00 pa=+0.00 | srch=0.01 | wall=3.34
R4[T1][RTB       ]: L=+0.98 R=+1.00 | carry=1 | base=0.14 ba=+0.01 | site=0 sd=0.00 sa=+0.00 | phero=0 pd=0.00 pa=+0.00 | srch=0.00 | wall=2.82
R5[T2][EXPLORE   ]: L=+1.00 R=+1.00 | carry=0 | base=0.53 ba=+0.99 | site=0 sd=0.00 sa=+0.00 | phero=0 pd=0.00 pa=+0.00 | srch=0.46 | wall=1.00
R6[T2][EXPLORE   ]: L=+1.00 R=+1.00 | carry=0 | base=0.30 ba=-0.79 | site=0 sd=0.00 sa=+0.00 | phero=0 pd=0.00 pa=+0.00 | srch=0.66 | wall=2.06
R7[T2][RTB       ]: L=+1.00 R=+0.88 | carry=1 | base=0.38 ba=-0.04 | site=0 sd=0.00 sa=+0.00 | phero=0 pd=0.00 pa=+0.00 | srch=0.00 | wall=1.64
R8[T2][SITE      ]: L=+1.00 R=+1.00 | carry=0 | base=0.24 ba=-0.86 | site=1 sd=0.34 sa=+0.01 | phero=0 pd=0.00 pa=+0.00 | srch=0.12 | wall=2.29
R9[T3][RTB       ]: L=+1.00 R=+1.00 | carry=1 | base=0.06 ba=-0.00 | site=0 sd=0.00 sa=+0.00 | phero=0 pd=0.00 pa=+0.00 | srch=0.00 | wall=3.20
R10[T3][RTB       ]: L=+1.00 R=+1.00 | carry=1 | base=0.28 ba=+0.00 | site=0 sd=0.00 sa=+0.00 | phero=0 pd=0.00 pa=+0.00 | srch=0.00 | wall=2.14
R11[T3][SITE      ]: L=+1.00 R=+1.00 | carry=0 | base=0.19 ba=+0.94 | site=1 sd=0.39 sa=-0.03 | phero=0 pd=0.00 pa=+0.00 | srch=0.08 | wall=2.56
R12[T3][GIVE_UP   ]: L=+1.00 R=+1.00 | carry=0 | base=0.26 ba=-0.00 | site=0 sd=0.00 sa=+0.00 | phero=0 pd=0.00 pa=+0.00 | srch=1.00 | wall=2.24
R13[T4][SITE      ]: L=+0.95 R=+1.00 | carry=0 | base=0.53 ba=+0.78 | site=1 sd=0.10 sa=+0.17 | phero=0 pd=0.00 pa=+0.00 | srch=0.19 | wall=1.13
R14[T4][EXPLORE   ]: L=+1.00 R=+1.00 | carry=0 | base=0.10 ba=+0.42 | site=0 sd=0.00 sa=+0.00 | phero=0 pd=0.00 pa=+0.00 | srch=0.60 | wall=3.06
R15[T4][EXPLORE   ]: L=+1.00 R=+0.34 | carry=0 | base=0.62 ba=-0.20 | site=0 sd=0.00 sa=+0.00 | phero=0 pd=0.00 pa=+0.00 | srch=0.67 | wall=0.55
R16[T4][SITE      ]: L=+1.00 R=+0.99 | carry=0 | base=0.22 ba=-0.95 | site=1 sd=0.12 sa=-0.07 | phero=0 pd=0.00 pa=+0.00 | srch=0.10 | wall=2.46

[DEPOSIT] Robot 9 deposited! Total: 137
  [PHERO] Laid at (-1.68, 0.28) density=7 prob=0.99 total_entries=24
  [TARGET] Robot 9 → SITE (-1.68,0.28)
[PICKUP] Robot 6 picked up tag (density=7) | Total: 142
[GIVE-UP] R5 giving up after 1907 steps
[DEPOSIT] Robot 4 deposited! Total: 138
  [TARGET] Robot 4 → SITE (-0.90,-2.88)
[PICKUP] Robot 16 picked up tag (density=6) | Total: 143
[EMPTY_RTN] R12 → phero(-1.68,0.28)
[DEPOSIT] Robot 10 deposited! Total: 139
  [PHERO] Laid at (-1.73, 0.23) density=5 prob=0.92 total_entries=22
  [TARGET] Robot 10 → SITE (-1.73,0.23)
[DEPOSIT] Robot 7 deposited! Total: 140
  [TARGET] Robot 7 → SITE (-1.98,0.32)

======================================================================
Step 16000 (8.5 min) | Pickups: 143 | Deposits: 140 | Rate: 16.41 tags/min | phero_entries=20 phero_max=0.731
======================================================================
R1[T1][EXPLORE   ]: L=+1.00 R=+1.00 | carry=0 | base=0.39 ba=-0.26 | site=0 sd=0.00 sa=+0.00 | phero=0 pd=0.00 pa=+0.00 | srch=0.59 | wall=1.55
R2[T1][RTB       ]: L=+0.99 R=+1.00 | carry=1 | base=0.07 ba=+0.00 | site=0 sd=0.00 sa=+0.00 | phero=0 pd=0.00 pa=+0.00 | srch=0.00 | wall=3.21
R3[T1][SITE      ]: L=+0.62 R=+0.62 | carry=0 | base=0.32 ba=-0.94 | site=1 sd=0.30 sa=+0.03 | phero=0 pd=0.00 pa=+0.00 | srch=0.14 | wall=2.26
R4[T1][SITE      ]: L=+1.00 R=+0.99 | carry=0 | base=0.25 ba=-0.92 | site=1 sd=0.36 sa=+0.06 | phero=0 pd=0.00 pa=+0.00 | srch=0.10 | wall=2.33
R5[T2][GIVE_UP   ]: L=+1.00 R=+1.00 | carry=0 | base=0.36 ba=+0.00 | site=0 sd=0.00 sa=+0.00 | phero=0 pd=0.00 pa=+0.00 | srch=0.58 | wall=1.78
R6[T2][RTB       ]: L=+1.00 R=+0.99 | carry=1 | base=0.08 ba=-0.00 | site=0 sd=0.00 sa=+0.00 | phero=0 pd=0.00 pa=+0.00 | srch=0.00 | wall=3.15
R7[T2][BASE_ESC  ]: L=+0.00 R=+1.00 | carry=0 | base=0.04 ba=-0.62 | site=1 sd=0.36 sa=+0.44 | phero=0 pd=0.00 pa=+0.00 | srch=0.02 | wall=3.29
R8[T2][SITE      ]: L=+0.90 R=+1.00 | carry=0 | base=0.57 ba=+0.69 | site=1 sd=0.04 sa=+0.22 | phero=0 pd=0.00 pa=+0.00 | srch=0.24 | wall=0.83
R9[T3][SITE      ]: L=+1.00 R=+1.00 | carry=0 | base=0.18 ba=+0.78 | site=1 sd=0.17 sa=-0.06 | phero=0 pd=0.00 pa=+0.00 | srch=0.12 | wall=2.66
R10[T3][SITE      ]: L=+1.00 R=+0.92 | carry=0 | base=0.11 ba=+0.98 | site=1 sd=0.26 sa=-0.24 | phero=0 pd=0.00 pa=+0.00 | srch=0.05 | wall=2.97
R11[T3][SITE      ]: L=+1.00 R=+0.92 | carry=0 | base=0.53 ba=+0.96 | site=1 sd=0.05 sa=+0.01 | phero=0 pd=0.00 pa=+0.00 | srch=0.20 | wall=0.91
R12[T3][BASE_ESC  ]: L=+0.00 R=+1.00 | carry=0 | base=0.05 ba=-0.25 | site=0 sd=0.00 sa=+0.00 | phero=1 pd=0.39 pa=-0.29 | srch=0.06 | wall=3.26
R13[T4][EXPLORE   ]: L=+1.00 R=+1.00 | carry=0 | base=0.56 ba=+0.55 | site=0 sd=0.00 sa=+0.00 | phero=0 pd=0.00 pa=+0.00 | srch=0.32 | wall=0.80
R14[T4][EXPLORE   ]: L=+1.00 R=+1.00 | carry=0 | base=0.36 ba=+0.91 | site=0 sd=0.00 sa=+0.00 | phero=0 pd=0.00 pa=+0.00 | srch=0.73 | wall=1.99
R15[T4][EXPLORE   ]: L=+0.78 R=+0.87 | carry=0 | base=0.46 ba=-0.46 | site=0 sd=0.00 sa=+0.00 | phero=0 pd=0.00 pa=+0.00 | srch=0.79 | wall=1.34
R16[T4][RTB       ]: L=+0.98 R=+1.00 | carry=1 | base=0.20 ba=+0.01 | site=0 sd=0.00 sa=+0.00 | phero=0 pd=0.00 pa=+0.00 | srch=0.00 | wall=2.59

[DEPOSIT] Robot 2 deposited! Total: 141
  [PHERO] Laid at (-2.58, 1.61) density=17 prob=1.00 total_entries=21
  [TARGET] Robot 2 → SITE (-2.58,1.61)
[DEPOSIT] Robot 6 deposited! Total: 142
  [PHERO] Laid at (-1.59, 0.50) density=7 prob=0.99 total_entries=22
  [TARGET] Robot 6 → SITE (-1.59,0.50)
[EMPTY_RTN] R5 → phero(-1.73,0.23)
[PICKUP] Robot 3 picked up tag (density=12) | Total: 144

======================================================================
Step 16500 (8.8 min) | Pickups: 144 | Deposits: 142 | Rate: 16.14 tags/min | phero_entries=20 phero_max=0.559
======================================================================
R1[T1][EXPLORE   ]: L=+1.00 R=+1.00 | carry=0 | base=0.32 ba=-0.64 | site=0 sd=0.00 sa=+0.00 | phero=0 pd=0.00 pa=+0.00 | srch=0.72 | wall=2.05
R2[T1][SITE      ]: L=+1.00 R=+1.00 | carry=0 | base=0.26 ba=-0.86 | site=1 sd=0.37 sa=+0.01 | phero=0 pd=0.00 pa=+0.00 | srch=0.12 | wall=2.29
R3[T1][RTB       ]: L=+0.00 R=+1.00 | carry=1 | base=0.63 ba=+0.47 | site=0 sd=0.00 sa=+0.00 | phero=0 pd=0.00 pa=+0.00 | srch=0.00 | wall=1.13
R4[T1][EXPLORE   ]: L=+1.00 R=+1.00 | carry=0 | base=0.60 ba=-0.97 | site=0 sd=0.00 sa=+0.00 | phero=0 pd=0.00 pa=+0.00 | srch=0.22 | wall=0.65
R5[T2][BASE_ESC  ]: L=+1.00 R=+0.08 | carry=0 | base=0.05 ba=+0.79 | site=0 sd=0.00 sa=+0.00 | phero=1 pd=0.40 pa=+0.79 | srch=0.02 | wall=3.27
R6[T2][SITE      ]: L=+1.00 R=+0.94 | carry=0 | base=0.23 ba=-0.90 | site=1 sd=0.12 sa=-0.10 | phero=0 pd=0.00 pa=+0.00 | srch=0.09 | wall=2.37
R7[T2][SITE      ]: L=+0.29 R=+0.28 | carry=0 | base=0.26 ba=-0.91 | site=1 sd=0.14 sa=+0.09 | phero=0 pd=0.00 pa=+0.00 | srch=0.14 | wall=2.21
R8[T2][EXPLORE   ]: L=+1.00 R=+0.80 | carry=0 | base=0.47 ba=+0.91 | site=0 sd=0.00 sa=+0.00 | phero=0 pd=0.00 pa=+0.00 | srch=0.37 | wall=1.23
R9[T3][SITE      ]: L=+0.19 R=+1.00 | carry=0 | base=0.37 ba=+0.69 | site=1 sd=0.03 sa=+0.44 | phero=0 pd=0.00 pa=+0.00 | srch=0.25 | wall=1.73
R10[T3][EXPLORE   ]: L=+1.00 R=+1.00 | carry=0 | base=0.44 ba=-0.84 | site=0 sd=0.00 sa=+0.00 | phero=0 pd=0.00 pa=+0.00 | srch=0.17 | wall=1.40
R11[T3][WALL_ESC  ]: L=+1.00 R=+0.00 | carry=0 | base=0.67 ba=-0.77 | site=0 sd=0.00 sa=+0.00 | phero=0 pd=0.00 pa=+0.00 | srch=0.33 | wall=0.34
R12[T3][PHERO     ]: L=-0.30 R=+1.00 | carry=0 | base=0.05 ba=+0.32 | site=0 sd=0.00 sa=+0.00 | phero=1 pd=0.39 pa=+0.22 | srch=0.18 | wall=3.25
R13[T4][EXPLORE   ]: L=+1.00 R=+1.00 | carry=0 | base=0.72 ba=+0.73 | site=0 sd=0.00 sa=+0.00 | phero=0 pd=0.00 pa=+0.00 | srch=0.44 | wall=0.89
R14[T4][EXPLORE   ]: L=+1.00 R=+1.00 | carry=0 | base=0.74 ba=+0.96 | site=0 sd=0.00 sa=+0.00 | phero=0 pd=0.00 pa=+0.00 | srch=0.85 | wall=0.73
R15[T4][EXPLORE   ]: L=+0.95 R=+1.00 | carry=0 | base=0.64 ba=+0.15 | site=0 sd=0.00 sa=+0.00 | phero=0 pd=0.00 pa=+0.00 | srch=0.92 | wall=0.37
R16[T4][RTB       ]: L=+1.00 R=+1.00 | carry=1 | base=0.11 ba=-0.00 | site=0 sd=0.00 sa=+0.00 | phero=0 pd=0.00 pa=+0.00 | srch=0.00 | wall=2.96

[GIVE-UP] R11 giving up after 1338 steps
[DEPOSIT] Robot 16 deposited! Total: 143
  [PHERO] Laid at (-1.48, 0.71) density=6 prob=0.97 total_entries=20
  [TARGET] Robot 16 → SITE (-1.48,0.71)
[PICKUP] Robot 2 picked up tag (density=5) | Total: 145
[PICKUP] Robot 6 picked up tag (density=4) | Total: 146
[PICKUP] Robot 10 picked up tag (density=14) | Total: 147
[GIVE-UP] R13 giving up after 2176 steps
[PICKUP] Robot 1 picked up tag (density=1) | Total: 148

======================================================================
Step 17000 (9.1 min) | Pickups: 148 | Deposits: 143 | Rate: 15.77 tags/min | phero_entries=19 phero_max=0.507
======================================================================
R1[T1][RTB       ]: L=+1.00 R=+0.00 | carry=1 | base=0.58 ba=-0.62 | site=0 sd=0.00 sa=+0.00 | phero=0 pd=0.00 pa=+0.00 | srch=0.00 | wall=0.68
R2[T1][RTB       ]: L=+1.00 R=+1.00 | carry=1 | base=0.14 ba=-0.00 | site=0 sd=0.00 sa=+0.00 | phero=0 pd=0.00 pa=+0.00 | srch=0.00 | wall=2.90
R3[T1][RTB       ]: L=+1.00 R=+1.00 | carry=1 | base=0.28 ba=+0.00 | site=0 sd=0.00 sa=+0.00 | phero=0 pd=0.00 pa=+0.00 | srch=0.00 | wall=2.42
R4[T1][EXPLORE   ]: L=+1.00 R=+1.00 | carry=0 | base=0.75 ba=-0.65 | site=0 sd=0.00 sa=+0.00 | phero=0 pd=0.00 pa=+0.00 | srch=0.35 | wall=0.61
R5[T2][PHERO     ]: L=+1.00 R=+1.00 | carry=0 | base=0.32 ba=+0.93 | site=0 sd=0.00 sa=+0.00 | phero=1 pd=0.39 pa=+0.60 | srch=0.15 | wall=1.97
R6[T2][RTB       ]: L=+1.00 R=+1.00 | carry=1 | base=0.19 ba=-0.00 | site=0 sd=0.00 sa=+0.00 | phero=0 pd=0.00 pa=+0.00 | srch=0.00 | wall=2.61
R7[T2][SITE      ]: L=+0.01 R=+0.00 | carry=0 | base=0.31 ba=-0.91 | site=1 sd=0.10 sa=+0.12 | phero=0 pd=0.00 pa=+0.00 | srch=0.27 | wall=2.01
R8[T2][EXPLORE   ]: L=+1.00 R=+0.83 | carry=0 | base=0.55 ba=-0.52 | site=0 sd=0.00 sa=+0.00 | phero=0 pd=0.00 pa=+0.00 | srch=0.49 | wall=0.81
R9[T3][EXPLORE   ]: L=+1.00 R=+1.00 | carry=0 | base=0.51 ba=-0.96 | site=0 sd=0.00 sa=+0.00 | phero=0 pd=0.00 pa=+0.00 | srch=0.37 | wall=1.04
R10[T3][RTB       ]: L=+1.00 R=+1.00 | carry=1 | base=0.43 ba=-0.00 | site=0 sd=0.00 sa=+0.00 | phero=0 pd=0.00 pa=+0.00 | srch=0.00 | wall=1.55
R11[T3][GIVE_UP   ]: L=+1.00 R=+1.00 | carry=0 | base=0.42 ba=-0.00 | site=0 sd=0.00 sa=+0.00 | phero=0 pd=0.00 pa=+0.00 | srch=0.45 | wall=1.54
R12[T3][PHERO     ]: L=+0.97 R=+1.00 | carry=0 | base=0.16 ba=+0.85 | site=0 sd=0.00 sa=+0.00 | phero=1 pd=0.23 pa=+0.15 | srch=0.31 | wall=2.92
R13[T4][GIVE_UP   ]: L=+1.00 R=+1.00 | carry=0 | base=0.65 ba=+0.00 | site=0 sd=0.00 sa=+0.00 | phero=0 pd=0.00 pa=+0.00 | srch=0.57 | wall=0.94
R14[T4][EXPLORE   ]: L=+1.00 R=+1.00 | carry=0 | base=0.76 ba=+0.16 | site=0 sd=0.00 sa=+0.00 | phero=0 pd=0.00 pa=+0.00 | srch=0.98 | wall=0.52
R15[T4][EXPLORE   ]: L=+1.00 R=+1.00 | carry=0 | base=0.29 ba=+0.21 | site=0 sd=0.00 sa=+0.00 | phero=0 pd=0.00 pa=+0.00 | srch=1.00 | wall=2.26
R16[T4][SITE      ]: L=+0.92 R=+1.00 | carry=0 | base=0.29 ba=+0.89 | site=1 sd=0.06 sa=+0.14 | phero=0 pd=0.00 pa=+0.00 | srch=0.11 | wall=2.31

[PICKUP] Robot 5 picked up tag (density=4) | Total: 149
[DEPOSIT] Robot 2 deposited! Total: 144
  [PHERO] Laid at (-1.56, 0.74) density=5 prob=0.92 total_entries=20
  [TARGET] Robot 2 → SITE (-1.56,0.74)
[DEPOSIT] Robot 6 deposited! Total: 145
  [PHERO] Laid at (-1.64, 0.51) density=4 prob=0.82 total_entries=20
  [TARGET] Robot 6 → SITE (-1.64,0.51)
[DEPOSIT] Robot 3 deposited! Total: 146
  [PHERO] Laid at (-2.33, 2.04) density=12 prob=1.00 total_entries=21
  [TARGET] Robot 3 → SITE (-2.33,2.04)
[PICKUP] Robot 9 picked up tag (density=13) | Total: 150
[EMPTY_RTN] R11 → phero(-2.33,2.04)
[DEPOSIT] Robot 5 deposited! Total: 147
  [PHERO] Laid at (-0.36, 1.59) density=4 prob=0.82 total_entries=18
  [TARGET] Robot 5 → SITE (-0.36,1.59)

======================================================================
Step 17500 (9.3 min) | Pickups: 150 | Deposits: 147 | Rate: 15.75 tags/min | phero_entries=18 phero_max=0.983
======================================================================
R1[T1][RTB       ]: L=+1.00 R=+1.00 | carry=1 | base=0.25 ba=-0.00 | site=0 sd=0.00 sa=+0.00 | phero=0 pd=0.00 pa=+0.00 | srch=0.00 | wall=2.31
R2[T1][SITE      ]: L=+0.97 R=+1.00 | carry=0 | base=0.25 ba=+0.87 | site=1 sd=0.12 sa=+0.10 | phero=0 pd=0.00 pa=+0.00 | srch=0.10 | wall=2.53
R3[T1][SITE      ]: L=+1.00 R=+1.00 | carry=0 | base=0.11 ba=+1.00 | site=1 sd=0.52 sa=+0.07 | phero=0 pd=0.00 pa=+0.00 | srch=0.05 | wall=3.06
R4[T1][EXPLORE   ]: L=+1.00 R=+1.00 | carry=0 | base=0.72 ba=+0.32 | site=0 sd=0.00 sa=+0.00 | phero=0 pd=0.00 pa=+0.00 | srch=0.47 | wall=0.94
R5[T2][BASE_ESC  ]: L=+1.00 R=+0.00 | carry=0 | base=0.05 ba=+0.17 | site=1 sd=0.28 sa=-0.86 | phero=0 pd=0.00 pa=+0.00 | srch=0.00 | wall=3.28
R6[T2][SITE      ]: L=+1.00 R=+0.98 | carry=0 | base=0.20 ba=-0.89 | site=1 sd=0.18 sa=-0.16 | phero=0 pd=0.00 pa=+0.00 | srch=0.08 | wall=2.50
R7[T2][WALL_ESC  ]: L=+0.00 R=+1.00 | carry=0 | base=0.65 ba=+0.59 | site=0 sd=0.00 sa=+0.00 | phero=0 pd=0.00 pa=+0.00 | srch=0.39 | wall=0.32
R8[T2][WALL_ESC  ]: L=+1.00 R=+0.00 | carry=0 | base=0.66 ba=-0.25 | site=0 sd=0.00 sa=+0.00 | phero=0 pd=0.00 pa=+0.00 | srch=0.62 | wall=0.35
R9[T3][RTB       ]: L=+1.00 R=+0.98 | carry=1 | base=0.54 ba=-0.01 | site=0 sd=0.00 sa=+0.00 | phero=0 pd=0.00 pa=+0.00 | srch=0.00 | wall=1.05
R10[T3][RTB       ]: L=+1.00 R=+1.00 | carry=1 | base=0.15 ba=-0.00 | site=0 sd=0.00 sa=+0.00 | phero=0 pd=0.00 pa=+0.00 | srch=0.00 | wall=2.79
R11[T3][BASE_ESC  ]: L=+0.00 R=+1.00 | carry=0 | base=0.05 ba=-0.26 | site=0 sd=0.00 sa=+0.00 | phero=1 pd=0.64 pa=+0.10 | srch=0.01 | wall=3.29
R12[T3][EXPLORE   ]: L=+1.00 R=+1.00 | carry=0 | base=0.35 ba=+0.54 | site=0 sd=0.00 sa=+0.00 | phero=0 pd=0.00 pa=+0.00 | srch=0.43 | wall=1.78
R13[T4][GIVE_UP   ]: L=+1.00 R=+1.00 | carry=0 | base=0.26 ba=+0.00 | site=0 sd=0.00 sa=+0.00 | phero=0 pd=0.00 pa=+0.00 | srch=0.69 | wall=2.47
R14[T4][EXPLORE   ]: L=+1.00 R=+1.00 | carry=0 | base=0.48 ba=+0.32 | site=0 sd=0.00 sa=+0.00 | phero=0 pd=0.00 pa=+0.00 | srch=1.00 | wall=1.20
R15[T4][EXPLORE   ]: L=+1.00 R=+1.00 | carry=0 | base=0.24 ba=+0.73 | site=0 sd=0.00 sa=+0.00 | phero=0 pd=0.00 pa=+0.00 | srch=1.00 | wall=2.53
R16[T4][EXPLORE   ]: L=+1.00 R=+1.00 | carry=0 | base=0.51 ba=+0.82 | site=0 sd=0.00 sa=+0.00 | phero=0 pd=0.00 pa=+0.00 | srch=0.23 | wall=0.96

[DEPOSIT] Robot 10 deposited! Total: 148
  [PHERO] Laid at (-2.67, 1.08) density=14 prob=1.00 total_entries=19
  [TARGET] Robot 10 → SITE (-2.67,1.08)
[PICKUP] Robot 2 picked up tag (density=3) | Total: 151
[DEPOSIT] Robot 1 deposited! Total: 149
  [PHERO] Laid at (-0.64, -2.81) density=1 prob=0.20 total_entries=20
  [TARGET] Robot 1 → PHERO (-2.67,1.08)
[EMPTY_RTN] R13 → phero(-0.64,-2.81)
[GIVE-UP] R4 giving up after 2203 steps

======================================================================
Step 18000 (9.6 min) | Pickups: 151 | Deposits: 149 | Rate: 15.52 tags/min | phero_entries=19 phero_max=0.678
======================================================================
R1[T1][PHERO     ]: L=+1.00 R=+1.00 | carry=0 | base=0.15 ba=-0.96 | site=0 sd=0.00 sa=+0.00 | phero=1 pd=0.54 pa=-0.41 | srch=0.06 | wall=2.97
R2[T1][RTB       ]: L=+1.00 R=+1.00 | carry=1 | base=0.14 ba=+0.00 | site=0 sd=0.00 sa=+0.00 | phero=0 pd=0.00 pa=+0.00 | srch=0.00 | wall=2.88
R3[T1][SITE      ]: L=+0.81 R=+0.81 | carry=0 | base=0.46 ba=+0.94 | site=1 sd=0.17 sa=-0.02 | phero=0 pd=0.00 pa=+0.00 | srch=0.17 | wall=1.84
R4[T1][GIVE_UP   ]: L=+1.00 R=+1.00 | carry=0 | base=0.51 ba=+0.00 | site=0 sd=0.00 sa=+0.00 | phero=0 pd=0.00 pa=+0.00 | srch=0.60 | wall=1.19
R5[T2][EXPLORE   ]: L=+1.00 R=+1.00 | carry=0 | base=0.34 ba=-0.92 | site=0 sd=0.00 sa=+0.00 | phero=0 pd=0.00 pa=+0.00 | srch=0.13 | wall=1.84
R6[T2][EXPLORE   ]: L=+1.00 R=+1.00 | carry=0 | base=0.35 ba=-0.57 | site=0 sd=0.00 sa=+0.00 | phero=0 pd=0.00 pa=+0.00 | srch=0.20 | wall=2.22
R7[T2][EXPLORE   ]: L=+1.00 R=+1.00 | carry=0 | base=0.36 ba=+0.24 | site=0 sd=0.00 sa=+0.00 | phero=0 pd=0.00 pa=+0.00 | srch=0.52 | wall=1.79
R8[T2][EXPLORE   ]: L=+1.00 R=+1.00 | carry=0 | base=0.46 ba=-0.43 | site=0 sd=0.00 sa=+0.00 | phero=0 pd=0.00 pa=+0.00 | srch=0.74 | wall=1.74
R9[T3][RTB       ]: L=+1.00 R=+1.00 | carry=1 | base=0.15 ba=+0.00 | site=0 sd=0.00 sa=+0.00 | phero=0 pd=0.00 pa=+0.00 | srch=0.00 | wall=2.81
R10[T3][SITE      ]: L=+1.00 R=+1.00 | carry=0 | base=0.25 ba=+1.00 | site=1 sd=0.34 sa=+0.11 | phero=0 pd=0.00 pa=+0.00 | srch=0.09 | wall=2.48
R11[T3][PHERO     ]: L=+0.98 R=+1.00 | carry=0 | base=0.27 ba=-0.99 | site=0 sd=0.00 sa=+0.00 | phero=1 pd=0.36 pa=+0.04 | srch=0.13 | wall=2.54
R12[T3][EXPLORE   ]: L=+1.00 R=+1.00 | carry=0 | base=0.62 ba=+0.88 | site=0 sd=0.00 sa=+0.00 | phero=0 pd=0.00 pa=+0.00 | srch=0.56 | wall=0.72
R13[T4][PHERO     ]: L=+1.00 R=+0.96 | carry=0 | base=0.09 ba=-0.74 | site=0 sd=0.00 sa=+0.00 | phero=1 pd=0.53 pa=-0.07 | srch=0.06 | wall=3.14
R14[T4][EXPLORE   ]: L=+1.00 R=+1.00 | carry=0 | base=0.42 ba=+0.60 | site=0 sd=0.00 sa=+0.00 | phero=0 pd=0.00 pa=+0.00 | srch=1.00 | wall=1.88
R15[T4][EXPLORE   ]: L=+1.00 R=+0.93 | carry=0 | base=0.49 ba=-0.61 | site=0 sd=0.00 sa=+0.00 | phero=0 pd=0.00 pa=+0.00 | srch=1.00 | wall=1.73
R16[T4][WALL_ESC  ]: L=+0.00 R=+1.00 | carry=0 | base=0.69 ba=+0.58 | site=0 sd=0.00 sa=+0.00 | phero=0 pd=0.00 pa=+0.00 | srch=0.36 | wall=0.34

[PICKUP] Robot 5 picked up tag (density=3) | Total: 152
[DEPOSIT] Robot 2 deposited! Total: 150
  [TARGET] Robot 2 → SITE (-1.51,0.79)
[DEPOSIT] Robot 9 deposited! Total: 151
  [PHERO] Laid at (-2.69, 1.09) density=13 prob=1.00 total_entries=20
  [TARGET] Robot 9 → SITE (-2.69,1.09)
[PICKUP] Robot 10 picked up tag (density=2) | Total: 153
[PICKUP] Robot 3 picked up tag (density=11) | Total: 154
[DEPOSIT] Robot 5 deposited! Total: 152
  [PHERO] Laid at (-0.36, 1.67) density=3 prob=0.65 total_entries=20
  [TARGET] Robot 5 → SITE (-0.36,1.67)
[PICKUP] Robot 11 picked up tag (density=10) | Total: 155

======================================================================
Step 18500 (9.9 min) | Pickups: 155 | Deposits: 152 | Rate: 15.41 tags/min | phero_entries=20 phero_max=0.989
======================================================================
R1[T1][PHERO     ]: L=+1.00 R=+1.00 | carry=0 | base=0.33 ba=-0.74 | site=0 sd=0.00 sa=+0.00 | phero=1 pd=0.35 pa=-0.09 | srch=0.19 | wall=1.91
R2[T1][SITE      ]: L=+1.00 R=+0.90 | carry=0 | base=0.24 ba=-0.89 | site=1 sd=0.14 sa=-0.16 | phero=0 pd=0.00 pa=+0.00 | srch=0.10 | wall=2.35
R3[T1][RTB       ]: L=+1.00 R=+1.00 | carry=1 | base=0.53 ba=-0.00 | site=0 sd=0.00 sa=+0.00 | phero=0 pd=0.00 pa=+0.00 | srch=0.00 | wall=1.61
R4[T1][GIVE_UP   ]: L=+1.00 R=+1.00 | carry=0 | base=0.13 ba=+0.00 | site=0 sd=0.00 sa=+0.00 | phero=0 pd=0.00 pa=+0.00 | srch=0.72 | wall=2.94
R5[T2][BASE_ESC  ]: L=+0.00 R=+1.00 | carry=0 | base=0.05 ba=-0.14 | site=1 sd=0.30 sa=+0.89 | phero=0 pd=0.00 pa=+0.00 | srch=0.00 | wall=3.27
R6[T2][EXPLORE   ]: L=+1.00 R=+1.00 | carry=0 | base=0.58 ba=-0.82 | site=0 sd=0.00 sa=+0.00 | phero=0 pd=0.00 pa=+0.00 | srch=0.33 | wall=0.67
R7[T2][EXPLORE   ]: L=+0.88 R=+1.00 | carry=0 | base=0.16 ba=+0.36 | site=0 sd=0.00 sa=+0.00 | phero=0 pd=0.00 pa=+0.00 | srch=0.64 | wall=2.76
R8[T2][EXPLORE   ]: L=+1.00 R=+1.00 | carry=0 | base=0.53 ba=-0.68 | site=0 sd=0.00 sa=+0.00 | phero=0 pd=0.00 pa=+0.00 | srch=0.87 | wall=0.88
R9[T3][SITE      ]: L=+1.00 R=+1.00 | carry=0 | base=0.25 ba=+0.96 | site=1 sd=0.42 sa=-0.37 | phero=0 pd=0.00 pa=+0.00 | srch=0.09 | wall=2.32
R10[T3][RTB       ]: L=+1.00 R=+1.00 | carry=1 | base=0.16 ba=+0.00 | site=0 sd=0.00 sa=+0.00 | phero=0 pd=0.00 pa=+0.00 | srch=0.00 | wall=2.76
R11[T3][RTB       ]: L=+1.00 R=+0.00 | carry=1 | base=0.63 ba=-0.77 | site=0 sd=0.00 sa=+0.00 | phero=0 pd=0.00 pa=+0.00 | srch=0.00 | wall=1.15
R12[T3][EXPLORE   ]: L=+1.00 R=+0.91 | carry=0 | base=0.65 ba=+0.55 | site=0 sd=0.00 sa=+0.00 | phero=0 pd=0.00 pa=+0.00 | srch=0.68 | wall=1.20
R13[T4][PHERO     ]: L=+1.00 R=+1.00 | carry=0 | base=0.45 ba=-0.92 | site=0 sd=0.00 sa=+0.00 | phero=1 pd=0.15 pa=-0.12 | srch=0.18 | wall=1.28
R14[T4][EXPLORE   ]: L=+1.00 R=+1.00 | carry=0 | base=0.65 ba=+0.79 | site=0 sd=0.00 sa=+0.00 | phero=0 pd=0.00 pa=+0.00 | srch=1.00 | wall=0.42
R15[T4][WALL_ESC  ]: L=+1.00 R=+0.00 | carry=0 | base=0.64 ba=-0.55 | site=0 sd=0.00 sa=+0.00 | phero=0 pd=0.00 pa=+0.00 | srch=1.00 | wall=0.34
R16[T4][EXPLORE   ]: L=+1.00 R=+1.00 | carry=0 | base=0.70 ba=+0.60 | site=0 sd=0.00 sa=+0.00 | phero=0 pd=0.00 pa=+0.00 | srch=0.48 | wall=0.77

[EMPTY_RTN] R4 → phero(-0.36,1.67)
[DEPOSIT] Robot 10 deposited! Total: 153
  [TARGET] Robot 10 → SITE (-1.56,0.82)
[GIVE-UP] R8 giving up after 3643 steps
TIMEOUT_RESULT pickups=155 deposits=153 steps=18750 elapsed_min=10.000000
BATCH_RESULT pickups=155 deposits=153
