=================================================================
CPFA BASELINE — ARGoS-calibrated parameters
  Params file                  = /home/fabian_hernandez/foraging/RL-FL-Foraging/controllers/cpfa_baseline/cpfa_params.yaml
  Results file                 = /home/fabian_hernandez/foraging/RL-FL-Foraging/controllers/cpfa_baseline/cpfa_baseline_results_20260527_190500_4.txt
  RateOfLayingPheromone        = 9.0
  RateOfSiteFidelity           = 2.29
  RateOfPheromoneDecay         = 0.1 /s  (lifetime ~69s)
  ProbabilityOfReturningToNest = 0.08 (every 5 sec → E[give-up] ~62s)
  UninformedSearchVariation    = 0.13 rad (7.4°)
  RateOfInformedSearchDecay    = 1.26 /waypoint
  ProbabilityOfSwitchingToSearching = 0.55 (every 5 sec in uninformed DEPARTING)
=================================================================

[PICKUP] R4 picked up tag (density=6) | Total: 1
[PICKUP] R3 picked up tag (density=9) | Total: 2
[DEPOSIT] R4 deposited! Total: 1
  [TARGET] R4 → SITE (0.05, -0.49)
[DEPOSIT] R3 deposited! Total: 2
  [PHERO] Laid at (0.05, 0.46) density=9 prob=0.59 entries=1
  [TARGET] R3 → SITE (0.05, 0.46)
[PICKUP] R4 picked up tag (density=5) | Total: 3
[PICKUP] R3 picked up tag (density=8) | Total: 4

======================================================================
Step 500 (0.3 min) | Pickups: 4 | Deposits: 2 | Rate: 7.50 tags/min | phero_entries=1 max_w=0.594
======================================================================
R1[SEARCH    ]: carry=0 | base=1.68 | wall=0.82 | search=344 | target=none
R2[WALL_ESC  ]: carry=0 | base=2.19 | wall=0.33 | search=188 | target=none
R3[SURVEY    ]: carry=1 | base=0.30 | wall=2.25 | search=  0 | target=none
R4[SURVEY    ]: carry=1 | base=0.34 | wall=2.21 | search=  0 | target=none

[DEPOSIT] R3 deposited! Total: 3
  [PHERO] Laid at (0.17, 0.25) density=8 prob=0.46 entries=2
  [TARGET] R3 → SITE (0.17, 0.25)
[DEPOSIT] R4 deposited! Total: 4
  [TARGET] R4 → SITE (0.17, -0.29)

======================================================================
Step 1000 (0.5 min) | Pickups: 4 | Deposits: 4 | Rate: 7.50 tags/min | phero_entries=2 max_w=0.452
======================================================================
R1[SEARCH    ]: carry=0 | base=2.49 | wall=0.62 | search=844 | target=none
R2[SEARCH    ]: carry=0 | base=2.17 | wall=0.35 | search=688 | target=none
R3[SEARCH    ]: carry=0 | base=0.32 | wall=2.24 | search= 46 | target=site(0.17,0.25)
R4[SEARCH    ]: carry=0 | base=0.36 | wall=2.20 | search= 15 | target=site(0.17,-0.29)

[PICKUP] R4 picked up tag (density=4) | Total: 5
[PICKUP] R3 picked up tag (density=7) | Total: 6
[DEPOSIT] R4 deposited! Total: 5
  [TARGET] R4 → PHERO (0.17, 0.25)

======================================================================
Step 1500 (0.8 min) | Pickups: 6 | Deposits: 5 | Rate: 6.25 tags/min | phero_entries=2 max_w=0.091
======================================================================
R1[GIVE_UP   ]: carry=0 | base=1.79 | wall=1.20 | search=936 | target=none
R2[WALL_ESC  ]: carry=0 | base=2.19 | wall=0.34 | search=1188 | target=none
R3[RTB       ]: carry=1 | base=0.30 | wall=2.26 | search=  0 | target=none
R4[PHERO     ]: carry=0 | base=0.28 | wall=2.22 | search=  0 | target=phero(0.17,0.25)

[DEPOSIT] R3 deposited! Total: 6
  [PHERO] Laid at (0.22, 0.26) density=7 prob=0.32 entries=3
  [TARGET] R3 → SITE (0.22, 0.26)
  [GIVE-UP] R1 returned empty after 936 searching steps
  [TARGET] R1 → PHERO (0.17, 0.25)

======================================================================
Step 2000 (1.1 min) | Pickups: 6 | Deposits: 6 | Rate: 5.62 tags/min | phero_entries=3 max_w=0.217
======================================================================
R1[BASE_ESC  ]: carry=0 | base=0.23 | wall=2.31 | search=  0 | target=phero(0.17,0.25)
R2[WALL_ESC  ]: carry=0 | base=2.19 | wall=0.34 | search=1688 | target=none
R3[SEARCH    ]: carry=0 | base=0.48 | wall=2.03 | search=268 | target=site(0.22,0.26)
R4[SEARCH    ]: carry=0 | base=0.27 | wall=2.27 | search=416 | target=phero(0.17,0.25)

  [GIVE-UP] R3 returned empty after 312 searching steps
  [TARGET] R3 → PHERO (0.22, 0.26)

======================================================================
Step 2500 (1.3 min) | Pickups: 6 | Deposits: 6 | Rate: 4.50 tags/min | phero_entries=2 max_w=0.044
======================================================================
R1[SEARCH    ]: carry=0 | base=0.59 | wall=2.01 | search=271 | target=phero(0.17,0.25)
R2[WALL_ESC  ]: carry=0 | base=2.20 | wall=0.33 | search=2188 | target=none
R3[PHERO     ]: carry=0 | base=0.31 | wall=2.25 | search=  0 | target=phero(0.22,0.26)
R4[SEARCH    ]: carry=0 | base=1.54 | wall=1.04 | search=916 | target=phero(0.17,0.25)

[PICKUP] R3 picked up tag (density=6) | Total: 7
[DEPOSIT] R3 deposited! Total: 7
  [TARGET] R3 → SITE (0.26, 0.28)

======================================================================
Step 3000 (1.6 min) | Pickups: 7 | Deposits: 7 | Rate: 4.38 tags/min | phero_entries=1 max_w=0.009
======================================================================
R1[SEARCH    ]: carry=0 | base=2.10 | wall=0.43 | search=771 | target=phero(0.17,0.25)
R2[WALL_ESC  ]: carry=0 | base=2.20 | wall=0.33 | search=2652 | target=none
R3[SITE      ]: carry=0 | base=0.29 | wall=2.22 | search=  0 | target=site(0.26,0.28)
R4[WALL_ESC  ]: carry=0 | base=2.16 | wall=0.34 | search=1416 | target=phero(0.17,0.25)


======================================================================
Step 3500 (1.9 min) | Pickups: 7 | Deposits: 7 | Rate: 3.75 tags/min | phero_entries=1 max_w=0.002
======================================================================
R1[WALL_ESC  ]: carry=0 | base=2.17 | wall=0.34 | search=1271 | target=phero(0.17,0.25)
R2[GIVE_UP   ]: carry=0 | base=0.55 | wall=1.96 | search=2652 | target=none
R3[SEARCH    ]: carry=0 | base=0.98 | wall=1.69 | search=430 | target=site(0.26,0.28)
R4[WALL_ESC  ]: carry=0 | base=2.18 | wall=0.33 | search=1916 | target=phero(0.17,0.25)

  [GIVE-UP] R2 returned empty after 2652 searching steps
  [TARGET] R2 → PHERO (0.22, 0.26)

======================================================================
Step 4000 (2.1 min) | Pickups: 7 | Deposits: 7 | Rate: 3.28 tags/min | phero_entries=0 max_w=0.000
======================================================================
R1[GIVE_UP   ]: carry=0 | base=1.48 | wall=1.02 | search=1560 | target=none
R2[SEARCH    ]: carry=0 | base=0.30 | wall=2.26 | search=260 | target=phero(0.22,0.26)
R3[GIVE_UP   ]: carry=0 | base=2.04 | wall=0.84 | search=780 | target=none
R4[WALL_ESC  ]: carry=0 | base=2.17 | wall=0.33 | search=2416 | target=phero(0.17,0.25)

[PICKUP] R2 picked up tag (density=5) | Total: 8
  [GIVE-UP] R1 returned empty after 1560 searching steps
  [TARGET] R1 → WALL (-2.42, -1.62)
[PICKUP] R3 picked up tag (density=3) | Total: 9
[DEPOSIT] R2 deposited! Total: 8
  [TARGET] R2 → SITE (0.25, 0.33)

======================================================================
Step 4500 (2.4 min) | Pickups: 9 | Deposits: 8 | Rate: 3.33 tags/min | phero_entries=0 max_w=0.000
======================================================================
R1[DEPART    ]: carry=0 | base=0.39 | wall=2.12 | search=  0 | target=none
R2[SITE      ]: carry=0 | base=0.26 | wall=2.26 | search=  0 | target=site(0.25,0.33)
R3[SURVEY    ]: carry=1 | base=0.77 | wall=1.87 | search=  0 | target=none
R4[WALL_ESC  ]: carry=0 | base=2.17 | wall=0.34 | search=2916 | target=phero(0.17,0.25)

[PICKUP] R2 picked up tag (density=4) | Total: 10
[DEPOSIT] R3 deposited! Total: 9
  [TARGET] R3 → SITE (0.44, -0.63)
[PICKUP] R3 picked up tag (density=2) | Total: 11
[DEPOSIT] R2 deposited! Total: 10
  [TARGET] R2 → SITE (0.29, 0.34)

======================================================================
Step 5000 (2.7 min) | Pickups: 11 | Deposits: 10 | Rate: 3.75 tags/min | phero_entries=0 max_w=0.000
======================================================================
R1[SEARCH    ]: carry=0 | base=2.07 | wall=0.78 | search=412 | target=none
R2[BASE_ESC  ]: carry=0 | base=0.22 | wall=2.31 | search=  0 | target=site(0.29,0.34)
R3[SURVEY    ]: carry=1 | base=0.45 | wall=2.15 | search=  0 | target=none
R4[GIVE_UP   ]: carry=0 | base=1.72 | wall=0.78 | search=3276 | target=none

[DEPOSIT] R3 deposited! Total: 11
  [TARGET] R3 → SITE (0.34, -0.29)
  [GIVE-UP] R4 returned empty after 3276 searching steps
  [TARGET] R4 → WALL (-0.86, -2.42)

======================================================================
Step 5500 (2.9 min) | Pickups: 11 | Deposits: 11 | Rate: 3.75 tags/min | phero_entries=0 max_w=0.000
======================================================================
R1[GIVE_UP   ]: carry=0 | base=1.04 | wall=1.68 | search=468 | target=none
R2[SEARCH    ]: carry=0 | base=0.35 | wall=2.20 | search=338 | target=site(0.29,0.34)
R3[SITE      ]: carry=0 | base=0.42 | wall=2.14 | search=  0 | target=site(0.34,-0.29)
R4[DEPART    ]: carry=0 | base=0.26 | wall=2.24 | search=  0 | target=none

[PICKUP] R2 picked up tag (density=1) | Total: 12
  [GIVE-UP] R1 returned empty after 468 searching steps
  [TARGET] R1 → WALL (-0.63, 2.42)
[DEPOSIT] R2 deposited! Total: 12
  [TARGET] R2 → WALL (-2.42, -1.67)
[PICKUP] R4 picked up tag (density=12) | Total: 13

======================================================================
Step 6000 (3.2 min) | Pickups: 13 | Deposits: 12 | Rate: 3.75 tags/min | phero_entries=0 max_w=0.000
======================================================================
R1[SEARCH    ]: carry=0 | base=0.32 | wall=2.19 | search= 29 | target=none
R2[BASE_ESC  ]: carry=0 | base=0.23 | wall=2.29 | search=  0 | target=none
R3[SEARCH    ]: carry=0 | base=1.18 | wall=1.59 | search=498 | target=site(0.34,-0.29)
R4[SURVEY    ]: carry=1 | base=1.21 | wall=1.37 | search=  0 | target=none

[PICKUP] R1 picked up tag (density=3) | Total: 14
[DEPOSIT] R4 deposited! Total: 13
  [PHERO] Laid at (-0.45, -1.13) density=12 prob=0.88 entries=1
  [TARGET] R4 → SITE (-0.45, -1.13)

======================================================================
Step 6500 (3.5 min) | Pickups: 14 | Deposits: 13 | Rate: 3.75 tags/min | phero_entries=1 max_w=0.660
======================================================================
R1[RTB       ]: carry=1 | base=0.31 | wall=2.21 | search=  0 | target=none
R2[GIVE_UP   ]: carry=0 | base=0.34 | wall=2.22 | search=156 | target=none
R3[WALL_ESC  ]: carry=0 | base=2.27 | wall=0.35 | search=998 | target=site(0.34,-0.29)
R4[SITE      ]: carry=0 | base=0.29 | wall=2.21 | search=  0 | target=site(-0.45,-1.13)

[DEPOSIT] R1 deposited! Total: 14
  [TARGET] R1 → SITE (0.07, 0.63)
  [GIVE-UP] R2 returned empty after 156 searching steps
  [TARGET] R2 → PHERO (-0.45, -1.13)
[PICKUP] R4 picked up tag (density=11) | Total: 15
[PICKUP] R1 picked up tag (density=2) | Total: 16

======================================================================
Step 7000 (3.7 min) | Pickups: 16 | Deposits: 14 | Rate: 3.75 tags/min | phero_entries=1 max_w=0.133
======================================================================
R1[SURVEY    ]: carry=1 | base=0.64 | wall=1.88 | search=  0 | target=none
R2[SEARCH    ]: carry=0 | base=1.19 | wall=1.40 | search= 56 | target=phero(-0.45,-1.13)
R3[SEARCH    ]: carry=0 | base=2.27 | wall=0.38 | search=1498 | target=site(0.34,-0.29)
R4[RTB       ]: carry=1 | base=1.23 | wall=1.34 | search=  0 | target=none

[DEPOSIT] R1 deposited! Total: 15
  [TARGET] R1 → SITE (0.14, 0.62)
[DEPOSIT] R4 deposited! Total: 16
  [TARGET] R4 → SITE (-0.42, -1.15)

======================================================================
Step 7500 (4.0 min) | Pickups: 16 | Deposits: 16 | Rate: 4.00 tags/min | phero_entries=1 max_w=0.027
======================================================================
R1[SEARCH    ]: carry=0 | base=0.61 | wall=1.89 | search= 72 | target=site(0.14,0.62)
R2[GIVE_UP   ]: carry=0 | base=0.82 | wall=1.83 | search=312 | target=none
R3[SEARCH    ]: carry=0 | base=2.27 | wall=0.38 | search=1998 | target=site(0.34,-0.29)
R4[SITE      ]: carry=0 | base=0.61 | wall=1.90 | search=  0 | target=site(-0.42,-1.15)

  [GIVE-UP] R2 returned empty after 312 searching steps
  [TARGET] R2 → PHERO (-0.45, -1.13)
[PICKUP] R1 picked up tag (density=1) | Total: 17
[PICKUP] R4 picked up tag (density=10) | Total: 18
[DEPOSIT] R1 deposited! Total: 17
  [TARGET] R1 → SITE (0.27, 0.43)

======================================================================
Step 8000 (4.3 min) | Pickups: 18 | Deposits: 17 | Rate: 3.98 tags/min | phero_entries=1 max_w=0.005
======================================================================
R1[BASE_ESC  ]: carry=0 | base=0.22 | wall=2.33 | search=  0 | target=site(0.27,0.43)
R2[PHERO     ]: carry=0 | base=1.04 | wall=1.55 | search=  0 | target=phero(-0.45,-1.13)
R3[SEARCH    ]: carry=0 | base=2.27 | wall=0.38 | search=2498 | target=site(0.34,-0.29)
R4[RTB       ]: carry=1 | base=1.36 | wall=1.21 | search=  0 | target=none

[DEPOSIT] R4 deposited! Total: 18
  [PHERO] Laid at (-0.45, -1.29) density=10 prob=0.71 entries=2
  [TARGET] R4 → SITE (-0.45, -1.29)

======================================================================
Step 8500 (4.5 min) | Pickups: 18 | Deposits: 18 | Rate: 3.97 tags/min | phero_entries=2 max_w=0.564
======================================================================
R1[SEARCH    ]: carry=0 | base=0.27 | wall=2.28 | search=313 | target=site(0.27,0.43)
R2[SEARCH    ]: carry=0 | base=1.81 | wall=1.14 | search=467 | target=phero(-0.45,-1.13)
R3[SEARCH    ]: carry=0 | base=2.27 | wall=0.38 | search=2998 | target=site(0.34,-0.29)
R4[SITE      ]: carry=0 | base=0.46 | wall=2.04 | search=  0 | target=site(-0.45,-1.29)

[PICKUP] R4 picked up tag (density=9) | Total: 19

======================================================================
Step 9000 (4.8 min) | Pickups: 19 | Deposits: 18 | Rate: 3.75 tags/min | phero_entries=1 max_w=0.114
======================================================================
R1[SEARCH    ]: carry=0 | base=1.15 | wall=1.49 | search=813 | target=site(0.27,0.43)
R2[SEARCH    ]: carry=0 | base=2.68 | wall=0.40 | search=967 | target=phero(-0.45,-1.13)
R3[GIVE_UP   ]: carry=0 | base=2.05 | wall=0.59 | search=3432 | target=none
R4[RTB       ]: carry=1 | base=0.86 | wall=1.67 | search=  0 | target=none

[DEPOSIT] R4 deposited! Total: 19
  [TARGET] R4 → SITE (-0.34, -1.07)
  [GIVE-UP] R3 returned empty after 3432 searching steps
  [TARGET] R3 → PHERO (-0.45, -1.29)

======================================================================
Step 9500 (5.1 min) | Pickups: 19 | Deposits: 19 | Rate: 3.75 tags/min | phero_entries=1 max_w=0.023
======================================================================
R1[SEARCH    ]: carry=0 | base=2.20 | wall=0.37 | search=1313 | target=site(0.27,0.43)
R2[WALL_ESC  ]: carry=0 | base=2.72 | wall=0.35 | search=1467 | target=phero(-0.45,-1.13)
R3[BASE_ESC  ]: carry=0 | base=0.22 | wall=2.29 | search=  0 | target=phero(-0.45,-1.29)
R4[SITE      ]: carry=0 | base=1.07 | wall=1.48 | search=  0 | target=site(-0.34,-1.07)

[PICKUP] R4 picked up tag (density=8) | Total: 20

======================================================================
Step 10000 (5.3 min) | Pickups: 20 | Deposits: 19 | Rate: 3.56 tags/min | phero_entries=1 max_w=0.005
======================================================================
R1[SEARCH    ]: carry=0 | base=2.19 | wall=0.38 | search=1813 | target=site(0.27,0.43)
R2[WALL_ESC  ]: carry=0 | base=2.78 | wall=0.34 | search=1967 | target=phero(-0.45,-1.13)
R3[PHERO     ]: carry=0 | base=0.60 | wall=1.90 | search=  0 | target=phero(-0.45,-1.29)
R4[RTB       ]: carry=1 | base=0.50 | wall=2.01 | search=  0 | target=none

[DEPOSIT] R4 deposited! Total: 20
  [TARGET] R4 → SITE (-0.33, -1.14)
[PICKUP] R3 picked up tag (density=7) | Total: 21
[PICKUP] R4 picked up tag (density=6) | Total: 22

======================================================================
Step 10500 (5.6 min) | Pickups: 22 | Deposits: 20 | Rate: 3.57 tags/min | phero_entries=0 max_w=0.000
======================================================================
R1[SEARCH    ]: carry=0 | base=2.19 | wall=0.38 | search=2313 | target=site(0.27,0.43)
R2[GIVE_UP   ]: carry=0 | base=2.44 | wall=0.56 | search=2340 | target=none
R3[RTB       ]: carry=1 | base=1.34 | wall=1.21 | search=  0 | target=none
R4[SURVEY    ]: carry=1 | base=1.18 | wall=1.36 | search=  0 | target=none

[DEPOSIT] R3 deposited! Total: 21
  [TARGET] R3 → SITE (-0.43, -1.32)
[DEPOSIT] R4 deposited! Total: 22
  [TARGET] R4 → SITE (-0.30, -1.14)

======================================================================
Step 11000 (5.9 min) | Pickups: 22 | Deposits: 22 | Rate: 3.75 tags/min | phero_entries=0 max_w=0.000
======================================================================
R1[GIVE_UP   ]: carry=0 | base=1.86 | wall=0.69 | search=2652 | target=none
R2[GIVE_UP   ]: carry=0 | base=0.52 | wall=2.09 | search=2340 | target=none
R3[SITE      ]: carry=0 | base=0.55 | wall=2.00 | search=  0 | target=site(-0.43,-1.32)
R4[BASE_ESC  ]: carry=0 | base=0.24 | wall=2.26 | search=  0 | target=site(-0.30,-1.14)

  [GIVE-UP] R2 returned empty after 2340 searching steps
  [TARGET] R2 → WALL (2.42, -1.71)
[PICKUP] R3 picked up tag (density=5) | Total: 23
[PICKUP] R4 picked up tag (density=4) | Total: 24
  [GIVE-UP] R1 returned empty after 2652 searching steps
  [TARGET] R1 → WALL (-2.42, 1.34)

======================================================================
Step 11500 (6.1 min) | Pickups: 24 | Deposits: 22 | Rate: 3.59 tags/min | phero_entries=0 max_w=0.000
======================================================================
R1[BASE_ESC  ]: carry=0 | base=0.22 | wall=2.30 | search=  0 | target=none
R2[DEPART    ]: carry=0 | base=0.80 | wall=1.85 | search=  0 | target=none
R3[RTB       ]: carry=1 | base=1.32 | wall=1.22 | search=  0 | target=none
R4[SURVEY    ]: carry=1 | base=1.16 | wall=1.37 | search=  0 | target=none

[DEPOSIT] R4 deposited! Total: 23
  [TARGET] R4 → SITE (-0.25, -1.13)
[DEPOSIT] R3 deposited! Total: 24
  [TARGET] R3 → SITE (-0.37, -1.32)

======================================================================
Step 12000 (6.4 min) | Pickups: 24 | Deposits: 24 | Rate: 3.75 tags/min | phero_entries=0 max_w=0.000
======================================================================
R1[SEARCH    ]: carry=0 | base=0.85 | wall=1.70 | search=120 | target=none
R2[SEARCH    ]: carry=0 | base=2.65 | wall=0.35 | search= 40 | target=none
R3[SITE      ]: carry=0 | base=0.50 | wall=2.00 | search=  0 | target=site(-0.37,-1.32)
R4[SITE      ]: carry=0 | base=0.54 | wall=1.99 | search=  0 | target=site(-0.25,-1.13)

[PICKUP] R4 picked up tag (density=3) | Total: 25

======================================================================
Step 12500 (6.7 min) | Pickups: 25 | Deposits: 24 | Rate: 3.60 tags/min | phero_entries=0 max_w=0.000
======================================================================
R1[WALL_ESC  ]: carry=0 | base=2.41 | wall=0.34 | search=620 | target=none
R2[SEARCH    ]: carry=0 | base=2.59 | wall=0.38 | search=540 | target=none
R3[SEARCH    ]: carry=0 | base=1.19 | wall=1.36 | search=266 | target=site(-0.37,-1.32)
R4[RTB       ]: carry=1 | base=0.94 | wall=1.57 | search=  0 | target=none

[DEPOSIT] R4 deposited! Total: 25
  [TARGET] R4 → WALL (-0.20, 2.42)

======================================================================
Step 13000 (6.9 min) | Pickups: 25 | Deposits: 25 | Rate: 3.61 tags/min | phero_entries=0 max_w=0.000
======================================================================
R1[SEARCH    ]: carry=0 | base=2.32 | wall=0.38 | search=1120 | target=none
R2[WALL_ESC  ]: carry=0 | base=2.70 | wall=0.31 | search=1040 | target=none
R3[WALL_ESC  ]: carry=0 | base=2.39 | wall=0.31 | search=766 | target=site(-0.37,-1.32)
R4[DEPART    ]: carry=0 | base=0.26 | wall=2.30 | search=  0 | target=none


======================================================================
Step 13500 (7.2 min) | Pickups: 25 | Deposits: 25 | Rate: 3.47 tags/min | phero_entries=0 max_w=0.000
======================================================================
R1[GIVE_UP   ]: carry=0 | base=2.16 | wall=0.53 | search=1560 | target=none
R2[SEARCH    ]: carry=0 | base=2.61 | wall=0.39 | search=1540 | target=none
R3[WALL_ESC  ]: carry=0 | base=2.37 | wall=0.33 | search=1266 | target=site(-0.37,-1.32)
R4[SEARCH    ]: carry=0 | base=1.61 | wall=0.99 | search=497 | target=none

  [GIVE-UP] R1 returned empty after 1560 searching steps
  [TARGET] R1 → WALL (-0.63, -2.42)

======================================================================
Step 14000 (7.5 min) | Pickups: 25 | Deposits: 25 | Rate: 3.35 tags/min | phero_entries=0 max_w=0.000
======================================================================
R1[BASE_ESC  ]: carry=0 | base=0.24 | wall=2.28 | search=  0 | target=none
R2[SEARCH    ]: carry=0 | base=2.61 | wall=0.36 | search=2040 | target=none
R3[WALL_ESC  ]: carry=0 | base=2.36 | wall=0.34 | search=1766 | target=site(-0.37,-1.32)
R4[WALL_ESC  ]: carry=0 | base=2.39 | wall=0.33 | search=997 | target=none


======================================================================
Step 14500 (7.7 min) | Pickups: 25 | Deposits: 25 | Rate: 3.23 tags/min | phero_entries=0 max_w=0.000
======================================================================
R1[DEPART    ]: carry=0 | base=1.07 | wall=1.54 | search=  0 | target=none
R2[WALL_ESC  ]: carry=0 | base=2.69 | wall=0.33 | search=2540 | target=none
R3[GIVE_UP   ]: carry=0 | base=2.20 | wall=0.54 | search=2184 | target=none
R4[WALL_ESC  ]: carry=0 | base=2.47 | wall=0.32 | search=1497 | target=none


======================================================================
Step 15000 (8.0 min) | Pickups: 25 | Deposits: 25 | Rate: 3.12 tags/min | phero_entries=0 max_w=0.000
======================================================================
R1[SEARCH    ]: carry=0 | base=2.37 | wall=0.37 | search=423 | target=none
R2[SEARCH    ]: carry=0 | base=2.59 | wall=0.40 | search=3040 | target=none
R3[GIVE_UP   ]: carry=0 | base=0.29 | wall=2.25 | search=2184 | target=none
R4[GIVE_UP   ]: carry=0 | base=0.77 | wall=1.81 | search=1560 | target=none

  [GIVE-UP] R3 returned empty after 2184 searching steps
  [TARGET] R3 → WALL (-2.42, -1.67)
  [GIVE-UP] R4 returned empty after 1560 searching steps
  [TARGET] R4 → WALL (2.42, -2.05)

======================================================================
Step 15500 (8.3 min) | Pickups: 25 | Deposits: 25 | Rate: 3.02 tags/min | phero_entries=0 max_w=0.000
======================================================================
R1[SEARCH    ]: carry=0 | base=2.38 | wall=0.37 | search=923 | target=none
R2[GIVE_UP   ]: carry=0 | base=1.61 | wall=1.19 | search=3276 | target=none
R3[SEARCH    ]: carry=0 | base=1.62 | wall=1.24 | search=223 | target=none
R4[DEPART    ]: carry=0 | base=0.88 | wall=1.69 | search=  0 | target=none

  [GIVE-UP] R2 returned empty after 3276 searching steps
  [TARGET] R2 → WALL (1.36, -2.42)

======================================================================
Step 16000 (8.5 min) | Pickups: 25 | Deposits: 25 | Rate: 2.93 tags/min | phero_entries=0 max_w=0.000
======================================================================
R1[SEARCH    ]: carry=0 | base=2.40 | wall=0.36 | search=1423 | target=none
R2[DEPART    ]: carry=0 | base=0.38 | wall=2.19 | search=  0 | target=none
R3[SEARCH    ]: carry=0 | base=2.54 | wall=0.38 | search=723 | target=none
R4[SEARCH    ]: carry=0 | base=2.45 | wall=0.57 | search=441 | target=none


======================================================================
Step 16500 (8.8 min) | Pickups: 25 | Deposits: 25 | Rate: 2.84 tags/min | phero_entries=0 max_w=0.000
======================================================================
R1[SEARCH    ]: carry=0 | base=2.35 | wall=0.38 | search=1923 | target=none
R2[SEARCH    ]: carry=0 | base=2.28 | wall=0.52 | search= 69 | target=none
R3[WALL_ESC  ]: carry=0 | base=2.67 | wall=0.31 | search=1223 | target=none
R4[WALL_ESC  ]: carry=0 | base=2.46 | wall=0.35 | search=936 | target=none


======================================================================
Step 17000 (9.1 min) | Pickups: 25 | Deposits: 25 | Rate: 2.76 tags/min | phero_entries=0 max_w=0.000
======================================================================
R1[WALL_ESC  ]: carry=0 | base=2.44 | wall=0.31 | search=2423 | target=none
R2[GIVE_UP   ]: carry=0 | base=2.16 | wall=0.69 | search=468 | target=none
R3[SEARCH    ]: carry=0 | base=2.58 | wall=0.39 | search=1723 | target=none
R4[GIVE_UP   ]: carry=0 | base=0.70 | wall=1.88 | search=936 | target=none

  [GIVE-UP] R4 returned empty after 936 searching steps
  [TARGET] R4 → WALL (0.61, -2.42)
  [GIVE-UP] R2 returned empty after 468 searching steps
  [TARGET] R2 → WALL (-2.42, 1.06)

======================================================================
Step 17500 (9.3 min) | Pickups: 25 | Deposits: 25 | Rate: 2.68 tags/min | phero_entries=0 max_w=0.000
======================================================================
R1[SEARCH    ]: carry=0 | base=2.36 | wall=0.39 | search=2923 | target=none
R2[BASE_ESC  ]: carry=0 | base=0.24 | wall=2.30 | search=  0 | target=none
R3[SEARCH    ]: carry=0 | base=2.58 | wall=0.36 | search=2223 | target=none
R4[SEARCH    ]: carry=0 | base=1.25 | wall=1.28 | search=117 | target=none


======================================================================
Step 18000 (9.6 min) | Pickups: 25 | Deposits: 25 | Rate: 2.60 tags/min | phero_entries=0 max_w=0.000
======================================================================
R1[SEARCH    ]: carry=0 | base=2.36 | wall=0.37 | search=3423 | target=none
R2[DEPART    ]: carry=0 | base=0.26 | wall=2.25 | search=  0 | target=none
R3[WALL_ESC  ]: carry=0 | base=2.66 | wall=0.32 | search=2723 | target=none
R4[GIVE_UP   ]: carry=0 | base=0.98 | wall=1.62 | search=312 | target=none

  [GIVE-UP] R4 returned empty after 312 searching steps
  [TARGET] R4 → WALL (2.42, 1.20)
[PICKUP] R2 picked up tag (density=12) | Total: 26

======================================================================
Step 18500 (9.9 min) | Pickups: 26 | Deposits: 25 | Rate: 2.53 tags/min | phero_entries=0 max_w=0.000
======================================================================
R1[WALL_ESC  ]: carry=0 | base=2.44 | wall=0.32 | search=3923 | target=none
R2[SURVEY    ]: carry=1 | base=1.04 | wall=1.56 | search=  0 | target=none
R3[SEARCH    ]: carry=0 | base=2.56 | wall=0.40 | search=3223 | target=none
R4[SEARCH    ]: carry=0 | base=0.49 | wall=2.02 | search= 45 | target=none

[DEPOSIT] R2 deposited! Total: 26
  [PHERO] Laid at (-0.44, 0.94) density=12 prob=0.88 entries=1
  [TARGET] R2 → SITE (-0.44, 0.94)
  [GIVE-UP] R4 returned empty after 156 searching steps
  [TARGET] R4 → PHERO (-0.44, 0.94)

======================================================================
Step 19000 (10.1 min) | Pickups: 26 | Deposits: 26 | Rate: 2.57 tags/min | phero_entries=1 max_w=0.527
======================================================================
R1[SEARCH    ]: carry=0 | base=2.35 | wall=0.40 | search=4423 | target=none
R2[SITE      ]: carry=0 | base=0.53 | wall=1.98 | search=  0 | target=site(-0.44,0.94)
R3[GIVE_UP   ]: carry=0 | base=1.33 | wall=1.46 | search=3276 | target=none
R4[PHERO     ]: carry=0 | base=0.27 | wall=2.27 | search=  0 | target=phero(-0.44,0.94)

  [GIVE-UP] R3 returned empty after 3276 searching steps
  [TARGET] R3 → PHERO (-0.44, 0.94)

======================================================================
Step 19500 (10.4 min) | Pickups: 26 | Deposits: 26 | Rate: 2.50 tags/min | phero_entries=1 max_w=0.106
======================================================================
R1[SEARCH    ]: carry=0 | base=2.37 | wall=0.36 | search=4923 | target=none
R2[SEARCH    ]: carry=0 | base=1.21 | wall=1.29 | search=377 | target=site(-0.44,0.94)
R3[PHERO     ]: carry=0 | base=0.33 | wall=2.17 | search=  0 | target=phero(-0.44,0.94)
R4[SEARCH    ]: carry=0 | base=0.92 | wall=1.63 | search=213 | target=phero(-0.44,0.94)

  [GIVE-UP] R2 returned empty after 468 searching steps
  [TARGET] R2 → PHERO (-0.44, 0.94)

======================================================================
Step 20000 (10.7 min) | Pickups: 26 | Deposits: 26 | Rate: 2.44 tags/min | phero_entries=1 max_w=0.021
======================================================================
R1[WALL_ESC  ]: carry=0 | base=2.43 | wall=0.33 | search=5423 | target=none
R2[BASE_ESC  ]: carry=0 | base=0.22 | wall=2.29 | search=  0 | target=phero(-0.44,0.94)
R3[GIVE_UP   ]: carry=0 | base=0.57 | wall=2.01 | search=156 | target=none
R4[WALL_ESC  ]: carry=0 | base=2.18 | wall=0.33 | search=713 | target=phero(-0.44,0.94)

  [GIVE-UP] R3 returned empty after 156 searching steps
  [TARGET] R3 → PHERO (-0.44, 0.94)
[PICKUP] R2 picked up tag (density=11) | Total: 27

======================================================================
Step 20500 (10.9 min) | Pickups: 27 | Deposits: 26 | Rate: 2.38 tags/min | phero_entries=1 max_w=0.004
======================================================================
R1[SEARCH    ]: carry=0 | base=2.34 | wall=0.40 | search=5923 | target=none
R2[SURVEY    ]: carry=1 | base=1.13 | wall=1.48 | search=  0 | target=none
R3[SEARCH    ]: carry=0 | base=1.06 | wall=1.55 | search= 90 | target=phero(-0.44,0.94)
R4[GIVE_UP   ]: carry=0 | base=1.41 | wall=1.09 | search=936 | target=none

[PICKUP] R3 picked up tag (density=10) | Total: 28
  [GIVE-UP] R4 returned empty after 936 searching steps
  [TARGET] R4 → PHERO (-0.44, 0.94)
[DEPOSIT] R2 deposited! Total: 27
  [PHERO] Laid at (-0.47, 0.98) density=11 prob=0.80 entries=2
  [TARGET] R2 → SITE (-0.47, 0.98)

======================================================================
Step 21000 (11.2 min) | Pickups: 28 | Deposits: 27 | Rate: 2.41 tags/min | phero_entries=1 max_w=0.752
======================================================================
R1[GIVE_UP   ]: carry=0 | base=1.28 | wall=1.34 | search=6084 | target=none
R2[BASE_ESC  ]: carry=0 | base=0.22 | wall=2.28 | search=  0 | target=site(-0.47,0.98)
R3[RTB       ]: carry=1 | base=0.39 | wall=2.15 | search=  0 | target=none
R4[PHERO     ]: carry=0 | base=0.45 | wall=2.05 | search=  0 | target=phero(-0.44,0.94)

[DEPOSIT] R3 deposited! Total: 28
  [TARGET] R3 → SITE (-0.51, 0.95)
  [GIVE-UP] R1 returned empty after 6084 searching steps
  [TARGET] R1 → PHERO (-0.47, 0.98)

======================================================================
Step 21500 (11.5 min) | Pickups: 28 | Deposits: 28 | Rate: 2.44 tags/min | phero_entries=1 max_w=0.152
======================================================================
R1[PHERO     ]: carry=0 | base=0.30 | wall=2.20 | search=  0 | target=phero(-0.47,0.98)
R2[SEARCH    ]: carry=0 | base=0.92 | wall=1.63 | search=242 | target=site(-0.47,0.98)
R3[SEARCH    ]: carry=0 | base=1.07 | wall=1.52 | search= 99 | target=site(-0.51,0.95)
R4[GIVE_UP   ]: carry=0 | base=0.30 | wall=2.24 | search=156 | target=none

  [GIVE-UP] R4 returned empty after 156 searching steps
  [TARGET] R4 → PHERO (-0.47, 0.98)
[PICKUP] R3 picked up tag (density=9) | Total: 29
[PICKUP] R1 picked up tag (density=8) | Total: 30

======================================================================
Step 22000 (11.7 min) | Pickups: 30 | Deposits: 28 | Rate: 2.39 tags/min | phero_entries=1 max_w=0.031
======================================================================
R1[SURVEY    ]: carry=1 | base=1.22 | wall=1.38 | search=  0 | target=none
R2[SEARCH    ]: carry=0 | base=1.02 | wall=1.56 | search=742 | target=site(-0.47,0.98)
R3[RTB       ]: carry=1 | base=0.82 | wall=1.74 | search=  0 | target=none
R4[SEARCH    ]: carry=0 | base=1.00 | wall=1.64 | search=162 | target=phero(-0.47,0.98)

[DEPOSIT] R3 deposited! Total: 29
  [TARGET] R3 → SITE (-0.45, 1.08)
[DEPOSIT] R1 deposited! Total: 30
  [TARGET] R1 → SITE (-0.49, 1.12)

======================================================================
Step 22500 (12.0 min) | Pickups: 30 | Deposits: 30 | Rate: 2.50 tags/min | phero_entries=1 max_w=0.006
======================================================================
R1[BASE_ESC  ]: carry=0 | base=0.23 | wall=2.28 | search=  0 | target=site(-0.49,1.12)
R2[WALL_ESC  ]: carry=0 | base=2.19 | wall=0.33 | search=1242 | target=site(-0.47,0.98)
R3[SITE      ]: carry=0 | base=1.10 | wall=1.48 | search=  0 | target=site(-0.45,1.08)
R4[SEARCH    ]: carry=0 | base=2.00 | wall=0.62 | search=662 | target=phero(-0.47,0.98)

[PICKUP] R1 picked up tag (density=7) | Total: 31

======================================================================
Step 23000 (12.3 min) | Pickups: 31 | Deposits: 30 | Rate: 2.45 tags/min | phero_entries=1 max_w=0.001
======================================================================
R1[SURVEY    ]: carry=1 | base=1.21 | wall=1.40 | search=  0 | target=none
R2[GIVE_UP   ]: carry=0 | base=1.59 | wall=0.94 | search=1560 | target=none
R3[SEARCH    ]: carry=0 | base=1.77 | wall=0.73 | search=495 | target=site(-0.45,1.08)
R4[GIVE_UP   ]: carry=0 | base=1.99 | wall=0.65 | search=936 | target=none

  [GIVE-UP] R2 returned empty after 1560 searching steps
  [TARGET] R2 → WALL (2.42, -0.97)
[DEPOSIT] R1 deposited! Total: 31
  [PHERO] Laid at (-0.50, 1.10) density=7 prob=0.32 entries=1
  [TARGET] R1 → SITE (-0.50, 1.10)
  [GIVE-UP] R4 returned empty after 936 searching steps
  [TARGET] R4 → PHERO (-0.50, 1.10)

======================================================================
Step 23500 (12.5 min) | Pickups: 31 | Deposits: 31 | Rate: 2.47 tags/min | phero_entries=1 max_w=0.719
======================================================================
R1[BASE_ESC  ]: carry=0 | base=0.24 | wall=2.27 | search=  0 | target=site(-0.50,1.10)
R2[DEPART    ]: carry=0 | base=0.39 | wall=2.15 | search=  0 | target=none
R3[SEARCH    ]: carry=0 | base=2.14 | wall=0.37 | search=995 | target=site(-0.45,1.08)
R4[BASE_ESC  ]: carry=0 | base=0.22 | wall=2.29 | search=  0 | target=phero(-0.50,1.10)

[PICKUP] R4 picked up tag (density=6) | Total: 32

======================================================================
Step 24000 (12.8 min) | Pickups: 32 | Deposits: 31 | Rate: 2.42 tags/min | phero_entries=1 max_w=0.145
======================================================================
R1[SEARCH    ]: carry=0 | base=1.06 | wall=1.50 | search=239 | target=site(-0.50,1.10)
R2[SEARCH    ]: carry=0 | base=2.20 | wall=0.41 | search=386 | target=none
R3[SEARCH    ]: carry=0 | base=2.14 | wall=0.37 | search=1495 | target=site(-0.45,1.08)
R4[SURVEY    ]: carry=1 | base=1.19 | wall=1.44 | search=  0 | target=none

[DEPOSIT] R4 deposited! Total: 32
  [PHERO] Laid at (-0.55, 1.06) density=6 prob=0.21 entries=2
  [TARGET] R4 → SITE (-0.55, 1.06)

======================================================================
Step 24500 (13.1 min) | Pickups: 32 | Deposits: 32 | Rate: 2.45 tags/min | phero_entries=2 max_w=0.738
======================================================================
R1[WALL_ESC  ]: carry=0 | base=2.34 | wall=0.34 | search=739 | target=site(-0.50,1.10)
R2[SEARCH    ]: carry=0 | base=2.23 | wall=0.38 | search=886 | target=none
R3[SEARCH    ]: carry=0 | base=2.13 | wall=0.38 | search=1995 | target=site(-0.45,1.08)
R4[BASE_ESC  ]: carry=0 | base=0.23 | wall=2.28 | search=  0 | target=site(-0.55,1.06)

[PICKUP] R4 picked up tag (density=5) | Total: 33

======================================================================
Step 25000 (13.3 min) | Pickups: 33 | Deposits: 32 | Rate: 2.40 tags/min | phero_entries=2 max_w=0.149
======================================================================
R1[GIVE_UP   ]: carry=0 | base=2.08 | wall=0.53 | search=1092 | target=none
R2[GIVE_UP   ]: carry=0 | base=0.80 | wall=1.73 | search=936 | target=none
R3[GIVE_UP   ]: carry=0 | base=0.48 | wall=2.03 | search=2028 | target=none
R4[SURVEY    ]: carry=1 | base=1.16 | wall=1.50 | search=  0 | target=none

  [GIVE-UP] R3 returned empty after 2028 searching steps
  [TARGET] R3 → PHERO (-0.55, 1.06)
  [GIVE-UP] R2 returned empty after 936 searching steps
  [TARGET] R2 → PHERO (-0.55, 1.06)
[DEPOSIT] R4 deposited! Total: 33
  [TARGET] R4 → SITE (-0.58, 1.00)
  [GIVE-UP] R1 returned empty after 1092 searching steps
  [TARGET] R1 → PHERO (-0.55, 1.06)

======================================================================
Step 25500 (13.6 min) | Pickups: 33 | Deposits: 33 | Rate: 2.43 tags/min | phero_entries=2 max_w=0.030
======================================================================
R1[BASE_ESC  ]: carry=0 | base=0.23 | wall=2.28 | search=  0 | target=phero(-0.55,1.06)
R2[PHERO     ]: carry=0 | base=0.29 | wall=2.29 | search=  0 | target=phero(-0.55,1.06)
R3[SEARCH    ]: carry=0 | base=1.17 | wall=1.45 | search= 20 | target=phero(-0.55,1.06)
R4[SITE      ]: carry=0 | base=0.33 | wall=2.17 | search=  0 | target=site(-0.58,1.00)

[PICKUP] R3 picked up tag (density=4) | Total: 34

======================================================================
Step 26000 (13.9 min) | Pickups: 34 | Deposits: 33 | Rate: 2.38 tags/min | phero_entries=1 max_w=0.006
======================================================================
R1[SEARCH    ]: carry=0 | base=1.26 | wall=1.36 | search=101 | target=phero(-0.55,1.06)
R2[SEARCH    ]: carry=0 | base=1.07 | wall=1.57 | search=213 | target=phero(-0.55,1.06)
R3[RTB       ]: carry=1 | base=1.10 | wall=1.48 | search=  0 | target=none
R4[SEARCH    ]: carry=0 | base=1.09 | wall=1.52 | search=292 | target=site(-0.58,1.00)

[PICKUP] R1 picked up tag (density=3) | Total: 35
[PICKUP] R4 picked up tag (density=2) | Total: 36
[DEPOSIT] R3 deposited! Total: 34
  [TARGET] R3 → SITE (-0.57, 1.12)
  [GIVE-UP] R2 returned empty after 468 searching steps
  [TARGET] R2 → PHERO (-0.55, 1.06)

======================================================================
Step 26500 (14.1 min) | Pickups: 36 | Deposits: 34 | Rate: 2.41 tags/min | phero_entries=1 max_w=0.001
======================================================================
R1[RTB       ]: carry=1 | base=0.65 | wall=1.91 | search=  0 | target=none
R2[BASE_ESC  ]: carry=0 | base=0.22 | wall=2.32 | search=  0 | target=phero(-0.55,1.06)
R3[SITE      ]: carry=0 | base=0.77 | wall=1.83 | search=  0 | target=site(-0.57,1.12)
R4[RTB       ]: carry=1 | base=0.74 | wall=1.82 | search=  0 | target=none

[DEPOSIT] R1 deposited! Total: 35
  [TARGET] R1 → SITE (-0.58, 1.16)
[DEPOSIT] R4 deposited! Total: 36
  [TARGET] R4 → SITE (-0.58, 1.20)
[PICKUP] R3 picked up tag (density=1) | Total: 37

======================================================================
Step 27000 (14.4 min) | Pickups: 37 | Deposits: 36 | Rate: 2.50 tags/min | phero_entries=0 max_w=0.000
======================================================================
R1[SITE      ]: carry=0 | base=1.02 | wall=1.59 | search=  0 | target=site(-0.58,1.16)
R2[SEARCH    ]: carry=0 | base=1.10 | wall=1.57 | search=150 | target=phero(-0.55,1.06)
R3[RTB       ]: carry=1 | base=1.09 | wall=1.52 | search=  0 | target=none
R4[SITE      ]: carry=0 | base=1.13 | wall=1.46 | search=  0 | target=site(-0.58,1.20)

[DEPOSIT] R3 deposited! Total: 37
  [TARGET] R3 → WALL (0.08, 2.42)

======================================================================
Step 27500 (14.7 min) | Pickups: 37 | Deposits: 37 | Rate: 2.52 tags/min | phero_entries=0 max_w=0.000
======================================================================
R1[SEARCH    ]: carry=0 | base=1.76 | wall=0.91 | search=428 | target=site(-0.58,1.16)
R2[SEARCH    ]: carry=0 | base=0.27 | wall=2.28 | search=650 | target=phero(-0.55,1.06)
R3[DEPART    ]: carry=0 | base=0.77 | wall=1.73 | search=  0 | target=none
R4[SEARCH    ]: carry=0 | base=1.66 | wall=0.84 | search=453 | target=site(-0.58,1.20)


======================================================================
Step 28000 (14.9 min) | Pickups: 37 | Deposits: 37 | Rate: 2.48 tags/min | phero_entries=0 max_w=0.000
======================================================================
R1[WALL_ESC  ]: carry=0 | base=2.28 | wall=0.34 | search=928 | target=site(-0.58,1.16)
R2[SEARCH    ]: carry=0 | base=1.68 | wall=1.14 | search=1150 | target=phero(-0.55,1.06)
R3[WALL_ESC  ]: carry=0 | base=2.17 | wall=0.33 | search=480 | target=none
R4[WALL_ESC  ]: carry=0 | base=2.16 | wall=0.35 | search=953 | target=site(-0.58,1.20)


======================================================================
Step 28500 (15.2 min) | Pickups: 37 | Deposits: 37 | Rate: 2.43 tags/min | phero_entries=0 max_w=0.000
======================================================================
R1[WALL_ESC  ]: carry=0 | base=2.29 | wall=0.33 | search=1428 | target=site(-0.58,1.16)
R2[SEARCH    ]: carry=0 | base=3.00 | wall=0.36 | search=1650 | target=phero(-0.55,1.06)
R3[WALL_ESC  ]: carry=0 | base=2.18 | wall=0.34 | search=980 | target=none
R4[GIVE_UP   ]: carry=0 | base=2.12 | wall=0.39 | search=1404 | target=none

  [GIVE-UP] R4 returned empty after 1404 searching steps
  [TARGET] R4 → WALL (1.19, -2.42)

======================================================================
Step 29000 (15.5 min) | Pickups: 37 | Deposits: 37 | Rate: 2.39 tags/min | phero_entries=0 max_w=0.000
======================================================================
R1[WALL_ESC  ]: carry=0 | base=2.29 | wall=0.33 | search=1872 | target=none
R2[SEARCH    ]: carry=0 | base=2.93 | wall=0.36 | search=2150 | target=phero(-0.55,1.06)
R3[GIVE_UP   ]: carry=0 | base=0.77 | wall=1.73 | search=1092 | target=none
R4[BASE_ESC  ]: carry=0 | base=0.23 | wall=2.27 | search=  0 | target=none

  [GIVE-UP] R3 returned empty after 1092 searching steps
  [TARGET] R3 → WALL (-1.04, -2.42)

======================================================================
Step 29500 (15.7 min) | Pickups: 37 | Deposits: 37 | Rate: 2.35 tags/min | phero_entries=0 max_w=0.000
======================================================================
R1[GIVE_UP   ]: carry=0 | base=0.58 | wall=1.96 | search=1872 | target=none
R2[WALL_ESC  ]: carry=0 | base=3.04 | wall=0.33 | search=2650 | target=phero(-0.55,1.06)
R3[SEARCH    ]: carry=0 | base=0.27 | wall=2.26 | search= 23 | target=none
R4[BASE_ESC  ]: carry=0 | base=0.25 | wall=2.25 | search=  0 | target=none

  [GIVE-UP] R1 returned empty after 1872 searching steps
  [TARGET] R1 → WALL (-2.10, 2.42)

======================================================================
Step 30000 (16.0 min) | Pickups: 37 | Deposits: 37 | Rate: 2.31 tags/min | phero_entries=0 max_w=0.000
======================================================================
R1[SEARCH    ]: carry=0 | base=1.26 | wall=1.45 | search=151 | target=none
R2[SEARCH    ]: carry=0 | base=2.92 | wall=0.40 | search=3150 | target=phero(-0.55,1.06)
R3[SEARCH    ]: carry=0 | base=1.90 | wall=0.67 | search=523 | target=none
R4[SEARCH    ]: carry=0 | base=1.63 | wall=0.88 | search=455 | target=none


======================================================================
Step 30500 (16.3 min) | Pickups: 37 | Deposits: 37 | Rate: 2.27 tags/min | phero_entries=0 max_w=0.000
======================================================================
R1[SEARCH    ]: carry=0 | base=2.35 | wall=0.36 | search=651 | target=none
R2[WALL_ESC  ]: carry=0 | base=3.03 | wall=0.31 | search=3650 | target=phero(-0.55,1.06)
R3[GIVE_UP   ]: carry=0 | base=2.22 | wall=0.37 | search=936 | target=none
R4[SEARCH    ]: carry=0 | base=2.28 | wall=0.36 | search=955 | target=none


======================================================================
Step 31000 (16.5 min) | Pickups: 37 | Deposits: 37 | Rate: 2.24 tags/min | phero_entries=0 max_w=0.000
======================================================================
R1[WALL_ESC  ]: carry=0 | base=2.34 | wall=0.35 | search=1151 | target=none
R2[SEARCH    ]: carry=0 | base=3.00 | wall=0.37 | search=4150 | target=phero(-0.55,1.06)
R3[GIVE_UP   ]: carry=0 | base=0.32 | wall=2.19 | search=936 | target=none
R4[SEARCH    ]: carry=0 | base=2.27 | wall=0.37 | search=1455 | target=none

  [GIVE-UP] R3 returned empty after 936 searching steps
  [TARGET] R3 → WALL (0.81, -2.42)

======================================================================
Step 31500 (16.8 min) | Pickups: 37 | Deposits: 37 | Rate: 2.20 tags/min | phero_entries=0 max_w=0.000
======================================================================
R1[WALL_ESC  ]: carry=0 | base=2.36 | wall=0.34 | search=1651 | target=none
R2[SEARCH    ]: carry=0 | base=2.93 | wall=0.37 | search=4650 | target=phero(-0.55,1.06)
R3[SEARCH    ]: carry=0 | base=1.29 | wall=1.34 | search= 57 | target=none
R4[SEARCH    ]: carry=0 | base=2.26 | wall=0.38 | search=1955 | target=none


======================================================================
Step 32000 (17.1 min) | Pickups: 37 | Deposits: 37 | Rate: 2.17 tags/min | phero_entries=0 max_w=0.000
======================================================================
R1[WALL_ESC  ]: carry=0 | base=2.37 | wall=0.33 | search=2151 | target=none
R2[WALL_ESC  ]: carry=0 | base=3.04 | wall=0.32 | search=5150 | target=phero(-0.55,1.06)
R3[SEARCH    ]: carry=0 | base=2.66 | wall=0.37 | search=557 | target=none
R4[GIVE_UP   ]: carry=0 | base=0.85 | wall=1.68 | search=2028 | target=none

  [GIVE-UP] R4 returned empty after 2028 searching steps
  [TARGET] R4 → WALL (2.42, 1.50)

======================================================================
Step 32500 (17.3 min) | Pickups: 37 | Deposits: 37 | Rate: 2.13 tags/min | phero_entries=0 max_w=0.000
======================================================================
R1[WALL_ESC  ]: carry=0 | base=2.37 | wall=0.33 | search=2651 | target=none
R2[GIVE_UP   ]: carry=0 | base=2.54 | wall=0.64 | search=5460 | target=none
R3[WALL_ESC  ]: carry=0 | base=2.68 | wall=0.31 | search=1057 | target=none
R4[SEARCH    ]: carry=0 | base=0.51 | wall=2.01 | search= 74 | target=none


======================================================================
Step 33000 (17.6 min) | Pickups: 37 | Deposits: 37 | Rate: 2.10 tags/min | phero_entries=0 max_w=0.000
======================================================================
R1[SEARCH    ]: carry=0 | base=2.28 | wall=0.40 | search=3151 | target=none
R2[GIVE_UP   ]: carry=0 | base=0.62 | wall=2.05 | search=5460 | target=none
R3[SEARCH    ]: carry=0 | base=2.61 | wall=0.38 | search=1557 | target=none
R4[GIVE_UP   ]: carry=0 | base=0.70 | wall=1.80 | search=312 | target=none

  [GIVE-UP] R2 returned empty after 5460 searching steps
  [TARGET] R2 → WALL (-2.42, 2.34)
  [GIVE-UP] R4 returned empty after 312 searching steps
  [TARGET] R4 → WALL (2.42, 0.96)

======================================================================
Step 33500 (17.9 min) | Pickups: 37 | Deposits: 37 | Rate: 2.07 tags/min | phero_entries=0 max_w=0.000
======================================================================
R1[WALL_ESC  ]: carry=0 | base=2.36 | wall=0.32 | search=3651 | target=none
R2[SEARCH    ]: carry=0 | base=0.36 | wall=2.17 | search= 99 | target=none
R3[SEARCH    ]: carry=0 | base=2.57 | wall=0.37 | search=2057 | target=none
R4[DEPART    ]: carry=0 | base=1.13 | wall=1.40 | search=  0 | target=none


======================================================================
Step 34000 (18.1 min) | Pickups: 37 | Deposits: 37 | Rate: 2.04 tags/min | phero_entries=0 max_w=0.000
======================================================================
R1[WALL_ESC  ]: carry=0 | base=2.36 | wall=0.34 | search=4151 | target=none
R2[SEARCH    ]: carry=0 | base=1.71 | wall=1.05 | search=599 | target=none
R3[WALL_ESC  ]: carry=0 | base=2.67 | wall=0.32 | search=2557 | target=none
R4[SEARCH    ]: carry=0 | base=2.17 | wall=0.39 | search=461 | target=none


======================================================================
Step 34500 (18.4 min) | Pickups: 37 | Deposits: 37 | Rate: 2.01 tags/min | phero_entries=0 max_w=0.000
======================================================================
R1[SEARCH    ]: carry=0 | base=2.28 | wall=0.39 | search=4651 | target=none
R2[SEARCH    ]: carry=0 | base=2.23 | wall=0.38 | search=1099 | target=none
R3[SEARCH    ]: carry=0 | base=2.57 | wall=0.40 | search=3057 | target=none
R4[SEARCH    ]: carry=0 | base=2.16 | wall=0.39 | search=961 | target=none


======================================================================
Step 35000 (18.7 min) | Pickups: 37 | Deposits: 37 | Rate: 1.98 tags/min | phero_entries=0 max_w=0.000
======================================================================
R1[WALL_ESC  ]: carry=0 | base=2.37 | wall=0.31 | search=5151 | target=none
R2[GIVE_UP   ]: carry=0 | base=1.24 | wall=1.37 | search=1248 | target=none
R3[WALL_ESC  ]: carry=0 | base=2.61 | wall=0.34 | search=3557 | target=none
R4[SEARCH    ]: carry=0 | base=2.16 | wall=0.40 | search=1461 | target=none

  [GIVE-UP] R2 returned empty after 1248 searching steps
  [TARGET] R2 → WALL (-0.84, -2.42)

======================================================================
Step 35500 (18.9 min) | Pickups: 37 | Deposits: 37 | Rate: 1.95 tags/min | phero_entries=0 max_w=0.000
======================================================================
R1[GIVE_UP   ]: carry=0 | base=1.31 | wall=1.32 | search=5304 | target=none
R2[DEPART    ]: carry=0 | base=0.27 | wall=2.27 | search=  0 | target=none
R3[WALL_ESC  ]: carry=0 | base=2.66 | wall=0.34 | search=4056 | target=none
R4[SEARCH    ]: carry=0 | base=2.16 | wall=0.40 | search=1961 | target=none

  [GIVE-UP] R1 returned empty after 5304 searching steps
  [TARGET] R1 → WALL (-2.42, 0.95)

======================================================================
Step 36000 (19.2 min) | Pickups: 37 | Deposits: 37 | Rate: 1.93 tags/min | phero_entries=0 max_w=0.000
======================================================================
R1[DEPART    ]: carry=0 | base=0.63 | wall=1.96 | search=  0 | target=none
R2[SEARCH    ]: carry=0 | base=1.55 | wall=1.10 | search=445 | target=none
R3[GIVE_UP   ]: carry=0 | base=1.13 | wall=1.56 | search=4056 | target=none
R4[GIVE_UP   ]: carry=0 | base=0.98 | wall=1.56 | search=2028 | target=none

  [GIVE-UP] R4 returned empty after 2028 searching steps
  [TARGET] R4 → WALL (0.04, -2.42)
  [GIVE-UP] R3 returned empty after 4056 searching steps
  [TARGET] R3 → WALL (-0.57, 2.42)

======================================================================
Step 36500 (19.5 min) | Pickups: 37 | Deposits: 37 | Rate: 1.90 tags/min | phero_entries=0 max_w=0.000
======================================================================
R1[GIVE_UP   ]: carry=0 | base=1.64 | wall=0.94 | search=312 | target=none
R2[SEARCH    ]: carry=0 | base=2.64 | wall=0.36 | search=945 | target=none
R3[BASE_ESC  ]: carry=0 | base=0.25 | wall=2.26 | search=  0 | target=none
R4[SEARCH    ]: carry=0 | base=0.33 | wall=2.22 | search= 41 | target=none

  [GIVE-UP] R4 returned empty after 156 searching steps
  [TARGET] R4 → WALL (-0.61, -2.42)
  [GIVE-UP] R1 returned empty after 312 searching steps
  [TARGET] R1 → WALL (1.18, 2.42)

======================================================================
Step 37000 (19.7 min) | Pickups: 37 | Deposits: 37 | Rate: 1.88 tags/min | phero_entries=0 max_w=0.000
======================================================================
R1[DEPART    ]: carry=0 | base=0.29 | wall=2.27 | search=  0 | target=none
R2[WALL_ESC  ]: carry=0 | base=2.64 | wall=0.34 | search=1445 | target=none
R3[SEARCH    ]: carry=0 | base=1.60 | wall=0.92 | search=  9 | target=none
R4[DEPART    ]: carry=0 | base=0.53 | wall=1.99 | search=  0 | target=none

[PICKUP] R4 picked up tag (density=2) | Total: 38

======================================================================
Step 37500 (20.0 min) | Pickups: 38 | Deposits: 37 | Rate: 1.85 tags/min | phero_entries=0 max_w=0.000
======================================================================
R1[SEARCH    ]: carry=0 | base=1.69 | wall=1.17 | search=373 | target=none
R2[WALL_ESC  ]: carry=0 | base=2.65 | wall=0.33 | search=1945 | target=none
R3[WALL_ESC  ]: carry=0 | base=2.23 | wall=0.33 | search=509 | target=none
R4[RTB       ]: carry=1 | base=1.15 | wall=1.37 | search=  0 | target=none

[DEPOSIT] R4 deposited! Total: 38
  [TARGET] R4 → SITE (-0.32, -1.28)

======================================================================
Step 38000 (20.3 min) | Pickups: 38 | Deposits: 38 | Rate: 1.88 tags/min | phero_entries=0 max_w=0.000
======================================================================
R1[SEARCH    ]: carry=0 | base=2.52 | wall=0.39 | search=873 | target=none
R2[SEARCH    ]: carry=0 | base=2.55 | wall=0.39 | search=2445 | target=none
R3[WALL_ESC  ]: carry=0 | base=2.22 | wall=0.34 | search=1009 | target=none
R4[SITE      ]: carry=0 | base=0.77 | wall=1.74 | search=  0 | target=site(-0.32,-1.28)

[PICKUP] R4 picked up tag (density=1) | Total: 39

======================================================================
Step 38500 (20.5 min) | Pickups: 39 | Deposits: 38 | Rate: 1.85 tags/min | phero_entries=0 max_w=0.000
======================================================================
R1[WALL_ESC  ]: carry=0 | base=2.64 | wall=0.31 | search=1373 | target=none
R2[WALL_ESC  ]: carry=0 | base=2.66 | wall=0.31 | search=2945 | target=none
R3[GIVE_UP   ]: carry=0 | base=1.43 | wall=1.13 | search=1248 | target=none
R4[RTB       ]: carry=1 | base=1.08 | wall=1.43 | search=  0 | target=none

[DEPOSIT] R4 deposited! Total: 39
  [TARGET] R4 → SITE (-0.27, -1.31)
  [GIVE-UP] R3 returned empty after 1248 searching steps
  [TARGET] R3 → WALL (-0.91, 2.42)

======================================================================
Step 39000 (20.8 min) | Pickups: 39 | Deposits: 39 | Rate: 1.88 tags/min | phero_entries=0 max_w=0.000
======================================================================
R1[SEARCH    ]: carry=0 | base=2.60 | wall=0.37 | search=1873 | target=none
R2[SEARCH    ]: carry=0 | base=2.60 | wall=0.38 | search=3445 | target=none
R3[DEPART    ]: carry=0 | base=0.53 | wall=2.04 | search=  0 | target=none
R4[SITE      ]: carry=0 | base=0.85 | wall=1.66 | search=  0 | target=site(-0.27,-1.31)


======================================================================
Step 39500 (21.1 min) | Pickups: 39 | Deposits: 39 | Rate: 1.85 tags/min | phero_entries=0 max_w=0.000
======================================================================
R1[SEARCH    ]: carry=0 | base=2.54 | wall=0.38 | search=2373 | target=none
R2[GIVE_UP   ]: carry=0 | base=1.29 | wall=1.43 | search=3588 | target=none
R3[WALL_ESC  ]: carry=0 | base=2.24 | wall=0.33 | search=424 | target=none
R4[GIVE_UP   ]: carry=0 | base=1.34 | wall=1.27 | search=312 | target=none

  [GIVE-UP] R2 returned empty after 3588 searching steps
  [TARGET] R2 → WALL (-2.42, 1.01)
  [GIVE-UP] R4 returned empty after 312 searching steps
  [TARGET] R4 → WALL (2.42, 1.95)

======================================================================
Step 40000 (21.3 min) | Pickups: 39 | Deposits: 39 | Rate: 1.83 tags/min | phero_entries=0 max_w=0.000
======================================================================
R1[WALL_ESC  ]: carry=0 | base=2.65 | wall=0.31 | search=2873 | target=none
R2[DEPART    ]: carry=0 | base=0.64 | wall=1.86 | search=  0 | target=none
R3[WALL_ESC  ]: carry=0 | base=2.23 | wall=0.34 | search=924 | target=none
R4[DEPART    ]: carry=0 | base=0.27 | wall=2.29 | search=  0 | target=none

[PICKUP] R1 picked up tag (density=16) | Total: 40

======================================================================
Step 40500 (21.6 min) | Pickups: 40 | Deposits: 39 | Rate: 1.81 tags/min | phero_entries=0 max_w=0.000
======================================================================
R1[SURVEY    ]: carry=1 | base=2.38 | wall=0.51 | search=  0 | target=none
R2[SEARCH    ]: carry=0 | base=2.05 | wall=0.80 | search=464 | target=none
R3[WALL_ESC  ]: carry=0 | base=2.23 | wall=0.34 | search=1424 | target=none
R4[SEARCH    ]: carry=0 | base=1.18 | wall=1.33 | search=369 | target=none


======================================================================
Step 41000 (21.9 min) | Pickups: 40 | Deposits: 39 | Rate: 1.78 tags/min | phero_entries=0 max_w=0.000
======================================================================
R1[RTB       ]: carry=1 | base=1.44 | wall=1.26 | search=  0 | target=none
R2[SEARCH    ]: carry=0 | base=2.92 | wall=0.38 | search=964 | target=none
R3[GIVE_UP   ]: carry=0 | base=0.87 | wall=1.66 | search=1560 | target=none
R4[SEARCH    ]: carry=0 | base=2.20 | wall=0.37 | search=869 | target=none

  [GIVE-UP] R3 returned empty after 1560 searching steps
  [TARGET] R3 → WALL (0.77, -2.42)
[DEPOSIT] R1 deposited! Total: 40
  [PHERO] Laid at (2.00, 1.30) density=16 prob=0.99 entries=1
  [TARGET] R1 → SITE (2.00, 1.30)

======================================================================
Step 41500 (22.1 min) | Pickups: 40 | Deposits: 40 | Rate: 1.81 tags/min | phero_entries=1 max_w=0.544
======================================================================
R1[SITE      ]: carry=0 | base=0.52 | wall=2.02 | search=  0 | target=site(2.00,1.30)
R2[WALL_ESC  ]: carry=0 | base=3.05 | wall=0.31 | search=1464 | target=none
R3[BASE_ESC  ]: carry=0 | base=0.25 | wall=2.27 | search=  0 | target=none
R4[SEARCH    ]: carry=0 | base=2.21 | wall=0.38 | search=1369 | target=none

[PICKUP] R1 picked up tag (density=15) | Total: 41

======================================================================
Step 42000 (22.4 min) | Pickups: 41 | Deposits: 40 | Rate: 1.79 tags/min | phero_entries=1 max_w=0.110
======================================================================
R1[SURVEY    ]: carry=1 | base=1.84 | wall=0.94 | search=  0 | target=none
R2[SEARCH    ]: carry=0 | base=3.04 | wall=0.35 | search=1964 | target=none
R3[DEPART    ]: carry=0 | base=1.86 | wall=0.76 | search=  0 | target=none
R4[GIVE_UP   ]: carry=0 | base=1.03 | wall=1.49 | search=1560 | target=none

  [GIVE-UP] R4 returned empty after 1560 searching steps
  [TARGET] R4 → PHERO (2.00, 1.30)

======================================================================
Step 42500 (22.7 min) | Pickups: 41 | Deposits: 40 | Rate: 1.76 tags/min | phero_entries=1 max_w=0.022
======================================================================
R1[RTB       ]: carry=1 | base=0.33 | wall=2.21 | search=  0 | target=none
R2[SEARCH    ]: carry=0 | base=2.93 | wall=0.38 | search=2464 | target=none
R3[SEARCH    ]: carry=0 | base=2.29 | wall=0.36 | search=400 | target=none
R4[PHERO     ]: carry=0 | base=0.81 | wall=1.92 | search=  0 | target=phero(2.00,1.30)

[DEPOSIT] R1 deposited! Total: 41
  [PHERO] Laid at (1.56, 0.98) density=15 prob=0.98 entries=2
  [TARGET] R1 → SITE (1.56, 0.98)
[PICKUP] R4 picked up tag (density=14) | Total: 42

======================================================================
Step 43000 (22.9 min) | Pickups: 42 | Deposits: 41 | Rate: 1.79 tags/min | phero_entries=2 max_w=0.216
======================================================================
R1[SITE      ]: carry=0 | base=1.61 | wall=1.13 | search=  0 | target=site(1.56,0.98)
R2[WALL_ESC  ]: carry=0 | base=3.05 | wall=0.31 | search=2964 | target=none
R3[SEARCH    ]: carry=0 | base=2.28 | wall=0.36 | search=900 | target=none
R4[RTB       ]: carry=1 | base=1.91 | wall=0.92 | search=  0 | target=none

[PICKUP] R1 picked up tag (density=13) | Total: 43

======================================================================
Step 43500 (23.2 min) | Pickups: 43 | Deposits: 41 | Rate: 1.77 tags/min | phero_entries=1 max_w=0.044
======================================================================
R1[RTB       ]: carry=1 | base=1.39 | wall=1.26 | search=  0 | target=none
R2[WALL_ESC  ]: carry=0 | base=3.02 | wall=0.32 | search=3464 | target=none
R3[SEARCH    ]: carry=0 | base=2.28 | wall=0.37 | search=1400 | target=none
R4[RTB       ]: carry=1 | base=0.32 | wall=2.22 | search=  0 | target=none

[DEPOSIT] R4 deposited! Total: 42
  [PHERO] Laid at (1.55, 1.08) density=14 prob=0.96 entries=2
  [TARGET] R4 → SITE (1.55, 1.08)
[DEPOSIT] R1 deposited! Total: 43
  [PHERO] Laid at (1.56, 0.91) density=13 prob=0.93 entries=3
  [TARGET] R1 → SITE (1.56, 0.91)

======================================================================
Step 44000 (23.5 min) | Pickups: 43 | Deposits: 43 | Rate: 1.83 tags/min | phero_entries=3 max_w=0.522
======================================================================
R1[SITE      ]: carry=0 | base=0.56 | wall=1.97 | search=  0 | target=site(1.56,0.91)
R2[GIVE_UP   ]: carry=0 | base=2.64 | wall=0.58 | search=3744 | target=none
R3[SEARCH    ]: carry=0 | base=2.27 | wall=0.37 | search=1900 | target=none
R4[SITE      ]: carry=0 | base=1.65 | wall=1.16 | search=  0 | target=site(1.55,1.08)

[PICKUP] R4 picked up tag (density=12) | Total: 44

======================================================================
Step 44500 (23.7 min) | Pickups: 44 | Deposits: 43 | Rate: 1.81 tags/min | phero_entries=3 max_w=0.105
======================================================================
R1[SEARCH    ]: carry=0 | base=1.76 | wall=1.13 | search=186 | target=site(1.56,0.91)
R2[GIVE_UP   ]: carry=0 | base=0.72 | wall=1.97 | search=3744 | target=none
R3[SEARCH    ]: carry=0 | base=2.27 | wall=0.37 | search=2400 | target=none
R4[RTB       ]: carry=1 | base=1.67 | wall=1.06 | search=  0 | target=none

  [GIVE-UP] R2 returned empty after 3744 searching steps
  [TARGET] R2 → PHERO (1.55, 1.08)
[DEPOSIT] R4 deposited! Total: 44
  [PHERO] Laid at (1.59, 1.07) density=12 prob=0.88 entries=3
  [TARGET] R4 → SITE (1.59, 1.07)

======================================================================
Step 45000 (24.0 min) | Pickups: 44 | Deposits: 44 | Rate: 1.83 tags/min | phero_entries=3 max_w=0.660
======================================================================
R1[SEARCH    ]: carry=0 | base=1.40 | wall=1.13 | search=686 | target=site(1.56,0.91)
R2[PHERO     ]: carry=0 | base=0.60 | wall=2.00 | search=  0 | target=phero(1.55,1.08)
R3[SEARCH    ]: carry=0 | base=2.26 | wall=0.38 | search=2900 | target=none
R4[SITE      ]: carry=0 | base=0.30 | wall=2.28 | search=  0 | target=site(1.59,1.07)


======================================================================
Step 45500 (24.3 min) | Pickups: 44 | Deposits: 44 | Rate: 1.81 tags/min | phero_entries=3 max_w=0.133
======================================================================
R1[SEARCH    ]: carry=0 | base=2.05 | wall=0.84 | search=1186 | target=site(1.56,0.91)
R2[SEARCH    ]: carry=0 | base=1.85 | wall=1.03 | search=159 | target=phero(1.55,1.08)
R3[SEARCH    ]: carry=0 | base=2.26 | wall=0.38 | search=3400 | target=none
R4[SEARCH    ]: carry=0 | base=1.90 | wall=0.95 | search= 88 | target=site(1.59,1.07)


======================================================================
Step 46000 (24.5 min) | Pickups: 44 | Deposits: 44 | Rate: 1.79 tags/min | phero_entries=1 max_w=0.027
======================================================================
R1[SEARCH    ]: carry=0 | base=2.88 | wall=0.37 | search=1686 | target=site(1.56,0.91)
R2[BASE_ESC  ]: carry=0 | base=0.25 | wall=2.26 | search=659 | target=phero(1.55,1.08)
R3[SEARCH    ]: carry=0 | base=2.25 | wall=0.39 | search=3900 | target=none
R4[WALL_ESC  ]: carry=0 | base=2.17 | wall=0.35 | search=588 | target=site(1.59,1.07)


======================================================================
Step 46500 (24.8 min) | Pickups: 44 | Deposits: 44 | Rate: 1.77 tags/min | phero_entries=1 max_w=0.005
======================================================================
R1[WALL_ESC  ]: carry=0 | base=2.99 | wall=0.32 | search=2186 | target=site(1.56,0.91)
R2[SEARCH    ]: carry=0 | base=0.51 | wall=2.10 | search=1159 | target=phero(1.55,1.08)
R3[SEARCH    ]: carry=0 | base=2.25 | wall=0.39 | search=4400 | target=none
R4[SEARCH    ]: carry=0 | base=2.20 | wall=0.36 | search=1088 | target=site(1.59,1.07)


======================================================================
Step 47000 (25.1 min) | Pickups: 44 | Deposits: 44 | Rate: 1.76 tags/min | phero_entries=1 max_w=0.001
======================================================================
R1[SEARCH    ]: carry=0 | base=2.87 | wall=0.40 | search=2686 | target=site(1.56,0.91)
R2[SEARCH    ]: carry=0 | base=2.19 | wall=0.85 | search=1659 | target=phero(1.55,1.08)
R3[SEARCH    ]: carry=0 | base=2.25 | wall=0.38 | search=4900 | target=none
R4[SEARCH    ]: carry=0 | base=2.19 | wall=0.37 | search=1588 | target=site(1.59,1.07)


======================================================================
Step 47500 (25.3 min) | Pickups: 44 | Deposits: 44 | Rate: 1.74 tags/min | phero_entries=0 max_w=0.000
======================================================================
R1[WALL_ESC  ]: carry=0 | base=2.97 | wall=0.32 | search=3186 | target=site(1.56,0.91)
R2[WALL_ESC  ]: carry=0 | base=2.70 | wall=0.32 | search=2159 | target=phero(1.55,1.08)
R3[SEARCH    ]: carry=0 | base=2.25 | wall=0.38 | search=5400 | target=none
R4[GIVE_UP   ]: carry=0 | base=1.24 | wall=1.32 | search=1716 | target=none

  [GIVE-UP] R4 returned empty after 1716 searching steps
  [TARGET] R4 → WALL (2.42, -1.35)

======================================================================
Step 48000 (25.6 min) | Pickups: 44 | Deposits: 44 | Rate: 1.72 tags/min | phero_entries=0 max_w=0.000
======================================================================
R1[WALL_ESC  ]: carry=0 | base=2.98 | wall=0.35 | search=3686 | target=site(1.56,0.91)
R2[GIVE_UP   ]: carry=0 | base=1.09 | wall=1.60 | search=2184 | target=none
R3[SEARCH    ]: carry=0 | base=2.25 | wall=0.37 | search=5900 | target=none
R4[DEPART    ]: carry=0 | base=0.68 | wall=1.85 | search=  0 | target=none

  [GIVE-UP] R2 returned empty after 2184 searching steps
  [TARGET] R2 → WALL (-0.49, -2.42)

======================================================================
Step 48500 (25.9 min) | Pickups: 44 | Deposits: 44 | Rate: 1.70 tags/min | phero_entries=0 max_w=0.000
======================================================================
R1[SEARCH    ]: carry=0 | base=2.88 | wall=0.38 | search=4186 | target=site(1.56,0.91)
R2[SEARCH    ]: carry=0 | base=0.65 | wall=1.96 | search= 11 | target=none
R3[SEARCH    ]: carry=0 | base=2.26 | wall=0.35 | search=6400 | target=none
R4[SEARCH    ]: carry=0 | base=2.44 | wall=0.45 | search=474 | target=none


======================================================================
Step 49000 (26.1 min) | Pickups: 44 | Deposits: 44 | Rate: 1.68 tags/min | phero_entries=0 max_w=0.000
======================================================================
R1[GIVE_UP   ]: carry=0 | base=1.97 | wall=1.04 | search=4368 | target=none
R2[WALL_ESC  ]: carry=0 | base=2.17 | wall=0.33 | search=511 | target=none
R3[WALL_ESC  ]: carry=0 | base=2.27 | wall=0.34 | search=6900 | target=none
R4[SEARCH    ]: carry=0 | base=2.57 | wall=0.39 | search=974 | target=none

  [GIVE-UP] R1 returned empty after 4368 searching steps
  [TARGET] R1 → WALL (-2.42, 0.94)

======================================================================
Step 49500 (26.4 min) | Pickups: 44 | Deposits: 44 | Rate: 1.67 tags/min | phero_entries=0 max_w=0.000
======================================================================
R1[BASE_ESC  ]: carry=0 | base=0.22 | wall=2.34 | search=  0 | target=none
R2[SEARCH    ]: carry=0 | base=2.15 | wall=0.35 | search=1011 | target=none
R3[WALL_ESC  ]: carry=0 | base=2.27 | wall=0.34 | search=7400 | target=none
R4[SEARCH    ]: carry=0 | base=2.58 | wall=0.36 | search=1474 | target=none


======================================================================
Step 50000 (26.7 min) | Pickups: 44 | Deposits: 44 | Rate: 1.65 tags/min | phero_entries=0 max_w=0.000
======================================================================
R1[SEARCH    ]: carry=0 | base=1.81 | wall=0.99 | search=285 | target=none
R2[WALL_ESC  ]: carry=0 | base=2.17 | wall=0.34 | search=1511 | target=none
R3[WALL_ESC  ]: carry=0 | base=2.27 | wall=0.34 | search=7900 | target=none
R4[GIVE_UP   ]: carry=0 | base=1.82 | wall=0.98 | search=1716 | target=none

  [GIVE-UP] R4 returned empty after 1716 searching steps
  [TARGET] R4 → WALL (2.42, -0.06)

======================================================================
Step 50500 (26.9 min) | Pickups: 44 | Deposits: 44 | Rate: 1.63 tags/min | phero_entries=0 max_w=0.000
======================================================================
R1[GIVE_UP   ]: carry=0 | base=2.62 | wall=0.38 | search=780 | target=none
R2[WALL_ESC  ]: carry=0 | base=2.16 | wall=0.34 | search=2011 | target=none
R3[GIVE_UP   ]: carry=0 | base=1.57 | wall=1.05 | search=8112 | target=none
R4[BASE_ESC  ]: carry=0 | base=0.23 | wall=2.29 | search=  0 | target=none

  [GIVE-UP] R3 returned empty after 8112 searching steps
  [TARGET] R3 → WALL (-2.42, -0.53)

======================================================================
Step 51000 (27.2 min) | Pickups: 44 | Deposits: 44 | Rate: 1.62 tags/min | phero_entries=0 max_w=0.000
======================================================================
R1[GIVE_UP   ]: carry=0 | base=0.73 | wall=1.91 | search=780 | target=none
R2[GIVE_UP   ]: carry=0 | base=0.38 | wall=2.13 | search=2028 | target=none
R3[DEPART    ]: carry=0 | base=0.32 | wall=2.19 | search=  0 | target=none
R4[DEPART    ]: carry=0 | base=2.09 | wall=0.42 | search=  0 | target=none

  [GIVE-UP] R2 returned empty after 2028 searching steps
  [TARGET] R2 → WALL (1.82, 2.42)
  [GIVE-UP] R1 returned empty after 780 searching steps
  [TARGET] R1 → WALL (0.01, -2.42)

======================================================================
Step 51500 (27.5 min) | Pickups: 44 | Deposits: 44 | Rate: 1.60 tags/min | phero_entries=0 max_w=0.000
======================================================================
R1[DEPART    ]: carry=0 | base=0.43 | wall=2.15 | search=  0 | target=none
R2[SEARCH    ]: carry=0 | base=0.92 | wall=1.83 | search=201 | target=none
R3[SEARCH    ]: carry=0 | base=1.90 | wall=0.90 | search=391 | target=none
R4[SEARCH    ]: carry=0 | base=1.21 | wall=1.43 | search=238 | target=none


======================================================================
Step 52000 (27.7 min) | Pickups: 44 | Deposits: 44 | Rate: 1.59 tags/min | phero_entries=0 max_w=0.000
======================================================================
R1[SEARCH    ]: carry=0 | base=1.62 | wall=1.02 | search=446 | target=none
R2[SEARCH    ]: carry=0 | base=2.05 | wall=0.45 | search=701 | target=none
R3[WALL_ESC  ]: carry=0 | base=2.54 | wall=0.33 | search=891 | target=none
R4[SEARCH    ]: carry=0 | base=1.84 | wall=0.67 | search=738 | target=none

[PICKUP] R1 picked up tag (density=9) | Total: 45

======================================================================
Step 52500 (28.0 min) | Pickups: 45 | Deposits: 44 | Rate: 1.57 tags/min | phero_entries=0 max_w=0.000
======================================================================
R1[RTB       ]: carry=1 | base=1.13 | wall=1.39 | search=  0 | target=none
R2[SEARCH    ]: carry=0 | base=2.12 | wall=0.39 | search=1201 | target=none
R3[SEARCH    ]: carry=0 | base=2.45 | wall=0.37 | search=1391 | target=none
R4[SEARCH    ]: carry=0 | base=2.15 | wall=0.36 | search=1238 | target=none

[DEPOSIT] R1 deposited! Total: 45
  [TARGET] R1 → SITE (-1.73, -0.36)

======================================================================
Step 53000 (28.3 min) | Pickups: 45 | Deposits: 45 | Rate: 1.59 tags/min | phero_entries=0 max_w=0.000
======================================================================
R1[SITE      ]: carry=0 | base=0.82 | wall=1.69 | search=  0 | target=site(-1.73,-0.36)
R2[SEARCH    ]: carry=0 | base=2.13 | wall=0.38 | search=1701 | target=none
R3[SEARCH    ]: carry=0 | base=2.47 | wall=0.38 | search=1891 | target=none
R4[SEARCH    ]: carry=0 | base=2.14 | wall=0.37 | search=1738 | target=none


======================================================================
Step 53500 (28.5 min) | Pickups: 45 | Deposits: 45 | Rate: 1.58 tags/min | phero_entries=0 max_w=0.000
======================================================================
R1[SEARCH    ]: carry=0 | base=1.67 | wall=0.85 | search=265 | target=site(-1.73,-0.36)
R2[SEARCH    ]: carry=0 | base=2.14 | wall=0.37 | search=2201 | target=none
R3[GIVE_UP   ]: carry=0 | base=1.62 | wall=1.11 | search=2028 | target=none
R4[GIVE_UP   ]: carry=0 | base=1.47 | wall=1.04 | search=2028 | target=none

  [GIVE-UP] R4 returned empty after 2028 searching steps
  [TARGET] R4 → WALL (-2.17, -2.42)
  [GIVE-UP] R3 returned empty after 2028 searching steps
  [TARGET] R3 → WALL (1.45, 2.42)

======================================================================
Step 54000 (28.8 min) | Pickups: 45 | Deposits: 45 | Rate: 1.56 tags/min | phero_entries=0 max_w=0.000
======================================================================
R1[WALL_ESC  ]: carry=0 | base=2.17 | wall=0.33 | search=765 | target=site(-1.73,-0.36)
R2[SEARCH    ]: carry=0 | base=2.15 | wall=0.35 | search=2701 | target=none
R3[DEPART    ]: carry=0 | base=0.27 | wall=2.24 | search=  0 | target=none
R4[DEPART    ]: carry=0 | base=0.52 | wall=2.06 | search=  0 | target=none


======================================================================
Step 54500 (29.1 min) | Pickups: 45 | Deposits: 45 | Rate: 1.55 tags/min | phero_entries=0 max_w=0.000
======================================================================
R1[GIVE_UP   ]: carry=0 | base=1.57 | wall=0.94 | search=1092 | target=none
R2[WALL_ESC  ]: carry=0 | base=2.17 | wall=0.34 | search=3201 | target=none
R3[DEPART    ]: carry=0 | base=1.60 | wall=1.07 | search=  0 | target=none
R4[SEARCH    ]: carry=0 | base=2.40 | wall=0.72 | search=106 | target=none

  [GIVE-UP] R1 returned empty after 1092 searching steps
  [TARGET] R1 → WALL (2.42, 1.06)

======================================================================
Step 55000 (29.3 min) | Pickups: 45 | Deposits: 45 | Rate: 1.53 tags/min | phero_entries=0 max_w=0.000
======================================================================
R1[DEPART    ]: carry=0 | base=0.27 | wall=2.25 | search=  0 | target=none
R2[WALL_ESC  ]: carry=0 | base=2.17 | wall=0.34 | search=3701 | target=none
R3[DEPART    ]: carry=0 | base=2.62 | wall=0.38 | search=  0 | target=none
R4[WALL_ESC  ]: carry=0 | base=2.92 | wall=0.34 | search=606 | target=none

[PICKUP] R3 picked up tag (density=11) | Total: 46

======================================================================
Step 55500 (29.6 min) | Pickups: 46 | Deposits: 45 | Rate: 1.52 tags/min | phero_entries=0 max_w=0.000
======================================================================
R1[SEARCH    ]: carry=0 | base=1.08 | wall=1.73 | search=330 | target=none
R2[WALL_ESC  ]: carry=0 | base=2.17 | wall=0.34 | search=4201 | target=none
R3[SURVEY    ]: carry=1 | base=2.24 | wall=0.69 | search=  0 | target=none
R4[GIVE_UP   ]: carry=0 | base=1.23 | wall=1.62 | search=624 | target=none

  [GIVE-UP] R4 returned empty after 624 searching steps
  [TARGET] R4 → WALL (-2.42, -0.28)

======================================================================
Step 56000 (29.9 min) | Pickups: 46 | Deposits: 45 | Rate: 1.51 tags/min | phero_entries=0 max_w=0.000
======================================================================
R1[WALL_ESC  ]: carry=0 | base=2.36 | wall=0.33 | search=830 | target=none
R2[WALL_ESC  ]: carry=0 | base=2.17 | wall=0.33 | search=4701 | target=none
R3[RTB       ]: carry=1 | base=0.86 | wall=1.78 | search=  0 | target=none
R4[DEPART    ]: carry=0 | base=0.56 | wall=2.03 | search=  0 | target=none

[DEPOSIT] R3 deposited! Total: 46
  [TARGET] R3 → SITE (1.81, 1.31)

======================================================================
Step 56500 (30.1 min) | Pickups: 46 | Deposits: 46 | Rate: 1.53 tags/min | phero_entries=0 max_w=0.000
======================================================================
R1[WALL_ESC  ]: carry=0 | base=2.36 | wall=0.33 | search=1330 | target=none
R2[WALL_ESC  ]: carry=0 | base=2.17 | wall=0.33 | search=5201 | target=none
R3[SITE      ]: carry=0 | base=1.10 | wall=1.64 | search=  0 | target=site(1.81,1.31)
R4[SEARCH    ]: carry=0 | base=2.16 | wall=0.96 | search=476 | target=none

[PICKUP] R3 picked up tag (density=10) | Total: 47

======================================================================
Step 57000 (30.4 min) | Pickups: 47 | Deposits: 46 | Rate: 1.51 tags/min | phero_entries=0 max_w=0.000
======================================================================
R1[WALL_ESC  ]: carry=0 | base=2.37 | wall=0.34 | search=1830 | target=none
R2[WALL_ESC  ]: carry=0 | base=2.18 | wall=0.33 | search=5701 | target=none
R3[RTB       ]: carry=1 | base=2.17 | wall=0.73 | search=  0 | target=none
R4[GIVE_UP   ]: carry=0 | base=2.28 | wall=0.49 | search=936 | target=none


======================================================================
Step 57500 (30.7 min) | Pickups: 47 | Deposits: 46 | Rate: 1.50 tags/min | phero_entries=0 max_w=0.000
======================================================================
R1[WALL_ESC  ]: carry=0 | base=2.37 | wall=0.34 | search=2330 | target=none
R2[WALL_ESC  ]: carry=0 | base=2.17 | wall=0.33 | search=6201 | target=none
R3[RTB       ]: carry=1 | base=0.35 | wall=2.21 | search=  0 | target=none
R4[GIVE_UP   ]: carry=0 | base=0.36 | wall=2.18 | search=936 | target=none

[DEPOSIT] R3 deposited! Total: 47
  [PHERO] Laid at (1.75, 1.26) density=10 prob=0.71 entries=1
  [TARGET] R3 → SITE (1.75, 1.26)
  [GIVE-UP] R4 returned empty after 936 searching steps
  [TARGET] R4 → PHERO (1.75, 1.26)

======================================================================
Step 58000 (30.9 min) | Pickups: 47 | Deposits: 47 | Rate: 1.52 tags/min | phero_entries=1 max_w=0.220
======================================================================
R1[WALL_ESC  ]: carry=0 | base=2.37 | wall=0.34 | search=2830 | target=none
R2[WALL_ESC  ]: carry=0 | base=2.17 | wall=0.34 | search=6701 | target=none
R3[SITE      ]: carry=0 | base=1.58 | wall=1.23 | search=  0 | target=site(1.75,1.26)
R4[BASE_ESC  ]: carry=0 | base=0.25 | wall=2.27 | search=  0 | target=phero(1.75,1.26)

[PICKUP] R3 picked up tag (density=9) | Total: 48

======================================================================
Step 58500 (31.2 min) | Pickups: 48 | Deposits: 47 | Rate: 1.51 tags/min | phero_entries=1 max_w=0.044
======================================================================
R1[WALL_ESC  ]: carry=0 | base=2.36 | wall=0.35 | search=3330 | target=none
R2[WALL_ESC  ]: carry=0 | base=2.17 | wall=0.34 | search=7201 | target=none
R3[SURVEY    ]: carry=1 | base=2.00 | wall=0.86 | search=  0 | target=none
R4[PHERO     ]: carry=0 | base=1.64 | wall=1.21 | search=  0 | target=phero(1.75,1.26)

[PICKUP] R4 picked up tag (density=8) | Total: 49

======================================================================
Step 59000 (31.5 min) | Pickups: 49 | Deposits: 47 | Rate: 1.49 tags/min | phero_entries=1 max_w=0.009
======================================================================
R1[GIVE_UP   ]: carry=0 | base=0.91 | wall=1.65 | search=3432 | target=none
R2[WALL_ESC  ]: carry=0 | base=2.17 | wall=0.34 | search=7701 | target=none
R3[RTB       ]: carry=1 | base=0.61 | wall=1.98 | search=  0 | target=none
R4[SURVEY    ]: carry=1 | base=2.00 | wall=0.83 | search=  0 | target=none

[DEPOSIT] R3 deposited! Total: 48
  [TARGET] R3 → SITE (1.64, 1.14)
  [GIVE-UP] R1 returned empty after 3432 searching steps
  [TARGET] R1 → PHERO (1.75, 1.26)

======================================================================
Step 59500 (31.7 min) | Pickups: 49 | Deposits: 48 | Rate: 1.51 tags/min | phero_entries=1 max_w=0.002
======================================================================
R1[PHERO     ]: carry=0 | base=0.74 | wall=1.79 | search=  0 | target=phero(1.75,1.26)
R2[SEARCH    ]: carry=0 | base=2.16 | wall=0.35 | search=8201 | target=none
R3[SITE      ]: carry=0 | base=1.20 | wall=1.49 | search=  0 | target=site(1.64,1.14)
R4[RTB       ]: carry=1 | base=0.80 | wall=1.80 | search=  0 | target=none

[DEPOSIT] R4 deposited! Total: 49
  [TARGET] R4 → SITE (1.67, 1.11)
[PICKUP] R3 picked up tag (density=7) | Total: 50

======================================================================
Step 60000 (32.0 min) | Pickups: 50 | Deposits: 49 | Rate: 1.53 tags/min | phero_entries=0 max_w=0.000
======================================================================
R1[SEARCH    ]: carry=0 | base=2.08 | wall=0.85 | search=129 | target=phero(1.75,1.26)
R2[SEARCH    ]: carry=0 | base=2.15 | wall=0.36 | search=8701 | target=none
R3[SURVEY    ]: carry=1 | base=1.98 | wall=0.82 | search=  0 | target=none
R4[SITE      ]: carry=0 | base=1.17 | wall=1.55 | search=  0 | target=site(1.67,1.11)

[PICKUP] R1 picked up tag (density=6) | Total: 51

======================================================================
Step 60500 (32.3 min) | Pickups: 51 | Deposits: 49 | Rate: 1.52 tags/min | phero_entries=0 max_w=0.000
======================================================================
R1[RTB       ]: carry=1 | base=1.60 | wall=1.11 | search=  0 | target=none
R2[GIVE_UP   ]: carry=0 | base=1.12 | wall=1.38 | search=8892 | target=none
R3[RTB       ]: carry=1 | base=0.41 | wall=2.14 | search=  0 | target=none
R4[SEARCH    ]: carry=0 | base=1.80 | wall=0.88 | search=296 | target=site(1.67,1.11)

[DEPOSIT] R3 deposited! Total: 50
  [PHERO] Laid at (1.68, 1.05) density=7 prob=0.32 entries=1
  [TARGET] R3 → SITE (1.68, 1.05)
  [GIVE-UP] R2 returned empty after 8892 searching steps
  [TARGET] R2 → PHERO (1.68, 1.05)
[DEPOSIT] R1 deposited! Total: 51
  [TARGET] R1 → SITE (1.71, 1.10)

======================================================================
80% COMPLETE: 51/64 deposits
Step 60860 (32.46 min)
Rate: 1.571 tags/min
======================================================================


======================================================================
Step 61000 (32.5 min) | Pickups: 51 | Deposits: 51 | Rate: 1.57 tags/min | phero_entries=1 max_w=0.230
======================================================================
R1[SITE      ]: carry=0 | base=0.32 | wall=2.19 | search=  0 | target=site(1.71,1.10)
R2[PHERO     ]: carry=0 | base=0.85 | wall=1.75 | search=  0 | target=phero(1.68,1.05)
R3[SITE      ]: carry=0 | base=1.53 | wall=1.18 | search=  0 | target=site(1.68,1.05)
R4[WALL_ESC  ]: carry=0 | base=2.20 | wall=0.34 | search=796 | target=site(1.67,1.11)

[PICKUP] R2 picked up tag (density=5) | Total: 52

======================================================================
Step 61500 (32.8 min) | Pickups: 52 | Deposits: 51 | Rate: 1.55 tags/min | phero_entries=1 max_w=0.046
======================================================================
R1[SEARCH    ]: carry=0 | base=2.02 | wall=0.82 | search= 55 | target=site(1.71,1.10)
R2[SURVEY    ]: carry=1 | base=2.00 | wall=0.78 | search=  0 | target=none
R3[GIVE_UP   ]: carry=0 | base=1.00 | wall=1.68 | search=156 | target=none
R4[WALL_ESC  ]: carry=0 | base=2.21 | wall=0.33 | search=1296 | target=site(1.67,1.11)

  [GIVE-UP] R3 returned empty after 156 searching steps
  [TARGET] R3 → PHERO (1.68, 1.05)

======================================================================
Step 62000 (33.1 min) | Pickups: 52 | Deposits: 51 | Rate: 1.54 tags/min | phero_entries=1 max_w=0.009
======================================================================
R1[GIVE_UP   ]: carry=0 | base=0.41 | wall=2.16 | search=156 | target=none
R2[RTB       ]: carry=1 | base=0.57 | wall=2.01 | search=  0 | target=none
R3[PHERO     ]: carry=0 | base=0.87 | wall=1.73 | search=  0 | target=phero(1.68,1.05)
R4[GIVE_UP   ]: carry=0 | base=1.42 | wall=1.09 | search=1560 | target=none

  [GIVE-UP] R1 returned empty after 156 searching steps
  [TARGET] R1 → PHERO (1.68, 1.05)
[DEPOSIT] R2 deposited! Total: 52
  [TARGET] R2 → SITE (1.71, 1.02)
  [GIVE-UP] R4 returned empty after 1560 searching steps
  [TARGET] R4 → PHERO (1.68, 1.05)

======================================================================
Step 62500 (33.3 min) | Pickups: 52 | Deposits: 52 | Rate: 1.56 tags/min | phero_entries=1 max_w=0.002
======================================================================
R1[PHERO     ]: carry=0 | base=1.15 | wall=1.54 | search=  0 | target=phero(1.68,1.05)
R2[SITE      ]: carry=0 | base=1.22 | wall=1.47 | search=  0 | target=site(1.71,1.02)
R3[SEARCH    ]: carry=0 | base=1.82 | wall=0.93 | search=223 | target=phero(1.68,1.05)
R4[PHERO     ]: carry=0 | base=0.46 | wall=2.04 | search=  0 | target=phero(1.68,1.05)

[PICKUP] R1 picked up tag (density=4) | Total: 53

======================================================================
Step 63000 (33.6 min) | Pickups: 53 | Deposits: 52 | Rate: 1.55 tags/min | phero_entries=0 max_w=0.000
======================================================================
R1[SURVEY    ]: carry=1 | base=1.97 | wall=0.78 | search=  0 | target=none
R2[SEARCH    ]: carry=0 | base=1.97 | wall=0.72 | search=312 | target=site(1.71,1.02)
R3[WALL_ESC  ]: carry=0 | base=2.17 | wall=0.34 | search=723 | target=phero(1.68,1.05)
R4[SEARCH    ]: carry=0 | base=1.95 | wall=0.86 | search= 89 | target=phero(1.68,1.05)

[PICKUP] R2 picked up tag (density=3) | Total: 54

======================================================================
Step 63500 (33.9 min) | Pickups: 54 | Deposits: 52 | Rate: 1.54 tags/min | phero_entries=0 max_w=0.000
======================================================================
R1[RTB       ]: carry=1 | base=0.43 | wall=2.12 | search=  0 | target=none
R2[RTB       ]: carry=1 | base=1.15 | wall=1.43 | search=  0 | target=none
R3[GIVE_UP   ]: carry=0 | base=1.93 | wall=0.59 | search=1092 | target=none
R4[SEARCH    ]: carry=0 | base=2.14 | wall=0.37 | search=589 | target=phero(1.68,1.05)

[DEPOSIT] R1 deposited! Total: 53
  [TARGET] R1 → SITE (1.72, 0.98)
[DEPOSIT] R2 deposited! Total: 54
  [TARGET] R2 → SITE (1.82, 0.84)
  [GIVE-UP] R3 returned empty after 1092 searching steps
  [TARGET] R3 → WALL (0.18, 2.42)

======================================================================
Step 64000 (34.1 min) | Pickups: 54 | Deposits: 54 | Rate: 1.58 tags/min | phero_entries=0 max_w=0.000
======================================================================
R1[SITE      ]: carry=0 | base=1.52 | wall=1.19 | search=  0 | target=site(1.72,0.98)
R2[SITE      ]: carry=0 | base=0.81 | wall=1.80 | search=  0 | target=site(1.82,0.84)
R3[BASE_ESC  ]: carry=0 | base=0.22 | wall=2.29 | search=  0 | target=none
R4[SEARCH    ]: carry=0 | base=2.12 | wall=0.38 | search=1089 | target=phero(1.68,1.05)


======================================================================
Step 64500 (34.4 min) | Pickups: 54 | Deposits: 54 | Rate: 1.57 tags/min | phero_entries=0 max_w=0.000
======================================================================
R1[SEARCH    ]: carry=0 | base=1.71 | wall=0.82 | search=396 | target=site(1.72,0.98)
R2[SEARCH    ]: carry=0 | base=1.88 | wall=0.81 | search=201 | target=site(1.82,0.84)
R3[DEPART    ]: carry=0 | base=1.77 | wall=0.74 | search=  0 | target=none
R4[GIVE_UP   ]: carry=0 | base=0.83 | wall=1.67 | search=1248 | target=none

  [GIVE-UP] R4 returned empty after 1248 searching steps
  [TARGET] R4 → WALL (-2.26, -2.42)

======================================================================
Step 65000 (34.7 min) | Pickups: 54 | Deposits: 54 | Rate: 1.56 tags/min | phero_entries=0 max_w=0.000
======================================================================
R1[GIVE_UP   ]: carry=0 | base=1.89 | wall=0.64 | search=780 | target=none
R2[SEARCH    ]: carry=0 | base=2.08 | wall=0.50 | search=701 | target=site(1.82,0.84)
R3[SEARCH    ]: carry=0 | base=2.17 | wall=0.36 | search=484 | target=none
R4[SEARCH    ]: carry=0 | base=0.32 | wall=2.24 | search= 49 | target=none

  [GIVE-UP] R1 returned empty after 780 searching steps
  [TARGET] R1 → WALL (2.15, 2.42)

======================================================================
Step 65500 (34.9 min) | Pickups: 54 | Deposits: 54 | Rate: 1.55 tags/min | phero_entries=0 max_w=0.000
======================================================================
R1[BASE_ESC  ]: carry=0 | base=0.22 | wall=2.28 | search=  0 | target=none
R2[SEARCH    ]: carry=0 | base=1.93 | wall=0.72 | search=1201 | target=site(1.82,0.84)
R3[SEARCH    ]: carry=0 | base=2.16 | wall=0.36 | search=984 | target=none
R4[SEARCH    ]: carry=0 | base=1.94 | wall=0.66 | search=549 | target=none


======================================================================
Step 66000 (35.2 min) | Pickups: 54 | Deposits: 54 | Rate: 1.53 tags/min | phero_entries=0 max_w=0.000
======================================================================
R1[DEPART    ]: carry=0 | base=1.91 | wall=1.13 | search=  0 | target=none
R2[WALL_ESC  ]: carry=0 | base=2.20 | wall=0.33 | search=1701 | target=site(1.82,0.84)
R3[SEARCH    ]: carry=0 | base=2.16 | wall=0.36 | search=1484 | target=none
R4[SEARCH    ]: carry=0 | base=2.32 | wall=0.37 | search=1049 | target=none


======================================================================
Step 66500 (35.5 min) | Pickups: 54 | Deposits: 54 | Rate: 1.52 tags/min | phero_entries=0 max_w=0.000
======================================================================
R1[SEARCH    ]: carry=0 | base=2.72 | wall=0.40 | search=493 | target=none
R2[WALL_ESC  ]: carry=0 | base=2.20 | wall=0.34 | search=2201 | target=site(1.82,0.84)
R3[SEARCH    ]: carry=0 | base=2.15 | wall=0.37 | search=1984 | target=none
R4[GIVE_UP   ]: carry=0 | base=0.66 | wall=1.90 | search=1092 | target=none

  [GIVE-UP] R4 returned empty after 1092 searching steps
  [TARGET] R4 → WALL (2.42, -1.89)

======================================================================
Step 67000 (35.7 min) | Pickups: 54 | Deposits: 54 | Rate: 1.51 tags/min | phero_entries=0 max_w=0.000
======================================================================
R1[GIVE_UP   ]: carry=0 | base=1.56 | wall=1.27 | search=624 | target=none
R2[GIVE_UP   ]: carry=0 | base=1.37 | wall=1.14 | search=2496 | target=none
R3[SEARCH    ]: carry=0 | base=2.14 | wall=0.38 | search=2484 | target=none
R4[SEARCH    ]: carry=0 | base=1.14 | wall=1.58 | search=128 | target=none

  [GIVE-UP] R2 returned empty after 2496 searching steps
  [TARGET] R2 → WALL (0.29, -2.42)
  [GIVE-UP] R1 returned empty after 624 searching steps
  [TARGET] R1 → WALL (-0.83, 2.42)

======================================================================
Step 67500 (36.0 min) | Pickups: 54 | Deposits: 54 | Rate: 1.50 tags/min | phero_entries=0 max_w=0.000
======================================================================
R1[DEPART    ]: carry=0 | base=0.28 | wall=2.24 | search=  0 | target=none
R2[DEPART    ]: carry=0 | base=0.59 | wall=1.91 | search=  0 | target=none
R3[SEARCH    ]: carry=0 | base=2.14 | wall=0.38 | search=2984 | target=none
R4[SEARCH    ]: carry=0 | base=2.26 | wall=0.37 | search=628 | target=none


======================================================================
Step 68000 (36.3 min) | Pickups: 54 | Deposits: 54 | Rate: 1.49 tags/min | phero_entries=0 max_w=0.000
======================================================================
R1[SEARCH    ]: carry=0 | base=1.75 | wall=0.82 | search=392 | target=none
R2[WALL_ESC  ]: carry=0 | base=2.18 | wall=0.32 | search=285 | target=none
R3[SEARCH    ]: carry=0 | base=2.14 | wall=0.39 | search=3484 | target=none
R4[SEARCH    ]: carry=0 | base=2.28 | wall=0.39 | search=1128 | target=none


======================================================================
Step 68500 (36.5 min) | Pickups: 54 | Deposits: 54 | Rate: 1.48 tags/min | phero_entries=0 max_w=0.000
======================================================================
R1[SEARCH    ]: carry=0 | base=2.16 | wall=0.39 | search=892 | target=none
R2[GIVE_UP   ]: carry=0 | base=0.42 | wall=2.08 | search=312 | target=none
R3[SEARCH    ]: carry=0 | base=2.14 | wall=0.39 | search=3984 | target=none
R4[GIVE_UP   ]: carry=0 | base=2.09 | wall=0.59 | search=1560 | target=none

  [GIVE-UP] R2 returned empty after 312 searching steps
  [TARGET] R2 → WALL (2.42, -2.01)
  [GIVE-UP] R4 returned empty after 1560 searching steps
  [TARGET] R4 → WALL (-0.09, -2.42)

======================================================================
Step 69000 (36.8 min) | Pickups: 54 | Deposits: 54 | Rate: 1.47 tags/min | phero_entries=0 max_w=0.000
======================================================================
R1[GIVE_UP   ]: carry=0 | base=1.88 | wall=0.67 | search=1248 | target=none
R2[SEARCH    ]: carry=0 | base=1.44 | wall=1.29 | search=189 | target=none
R3[SEARCH    ]: carry=0 | base=2.13 | wall=0.39 | search=4484 | target=none
R4[BASE_ESC  ]: carry=0 | base=0.22 | wall=2.30 | search=  0 | target=none

  [GIVE-UP] R1 returned empty after 1248 searching steps
  [TARGET] R1 → WALL (-2.42, 2.37)

======================================================================
Step 69500 (37.1 min) | Pickups: 54 | Deposits: 54 | Rate: 1.46 tags/min | phero_entries=0 max_w=0.000
======================================================================
R1[BASE_ESC  ]: carry=0 | base=0.22 | wall=2.29 | search=  0 | target=none
R2[SEARCH    ]: carry=0 | base=2.31 | wall=0.40 | search=689 | target=none
R3[SEARCH    ]: carry=0 | base=2.13 | wall=0.39 | search=4984 | target=none
R4[SEARCH    ]: carry=0 | base=1.51 | wall=1.01 | search=254 | target=none


======================================================================
Step 70000 (37.3 min) | Pickups: 54 | Deposits: 54 | Rate: 1.45 tags/min | phero_entries=0 max_w=0.000
======================================================================
R1[SEARCH    ]: carry=0 | base=1.92 | wall=1.13 | search=311 | target=none
R2[SEARCH    ]: carry=0 | base=2.33 | wall=0.40 | search=1189 | target=none
R3[SEARCH    ]: carry=0 | base=2.13 | wall=0.39 | search=5484 | target=none
R4[WALL_ESC  ]: carry=0 | base=2.24 | wall=0.33 | search=754 | target=none


======================================================================
Step 70500 (37.6 min) | Pickups: 54 | Deposits: 54 | Rate: 1.44 tags/min | phero_entries=0 max_w=0.000
======================================================================
R1[SEARCH    ]: carry=0 | base=2.42 | wall=0.37 | search=811 | target=none
R2[SEARCH    ]: carry=0 | base=2.36 | wall=0.36 | search=1689 | target=none
R3[SEARCH    ]: carry=0 | base=2.13 | wall=0.38 | search=5984 | target=none
R4[WALL_ESC  ]: carry=0 | base=2.24 | wall=0.33 | search=1248 | target=none


======================================================================
Step 71000 (37.9 min) | Pickups: 54 | Deposits: 54 | Rate: 1.43 tags/min | phero_entries=0 max_w=0.000
======================================================================
R1[WALL_ESC  ]: carry=0 | base=2.54 | wall=0.32 | search=1311 | target=none
R2[WALL_ESC  ]: carry=0 | base=2.42 | wall=0.33 | search=2189 | target=none
R3[SEARCH    ]: carry=0 | base=2.14 | wall=0.38 | search=6484 | target=none
R4[GIVE_UP   ]: carry=0 | base=0.61 | wall=1.92 | search=1248 | target=none

  [GIVE-UP] R4 returned empty after 1248 searching steps
  [TARGET] R4 → WALL (2.42, -1.70)

======================================================================
Step 71500 (38.1 min) | Pickups: 54 | Deposits: 54 | Rate: 1.42 tags/min | phero_entries=0 max_w=0.000
======================================================================
R1[SEARCH    ]: carry=0 | base=2.44 | wall=0.40 | search=1811 | target=none
R2[SEARCH    ]: carry=0 | base=2.33 | wall=0.40 | search=2689 | target=none
R3[SEARCH    ]: carry=0 | base=2.15 | wall=0.37 | search=6984 | target=none
R4[DEPART    ]: carry=0 | base=1.22 | wall=1.61 | search=  0 | target=none


======================================================================
Step 72000 (38.4 min) | Pickups: 54 | Deposits: 54 | Rate: 1.41 tags/min | phero_entries=0 max_w=0.000
======================================================================
R1[WALL_ESC  ]: carry=0 | base=2.49 | wall=0.34 | search=2311 | target=none
R2[GIVE_UP   ]: carry=0 | base=1.59 | wall=1.08 | search=2964 | target=none
R3[WALL_ESC  ]: carry=0 | base=2.16 | wall=0.35 | search=7484 | target=none
R4[WALL_ESC  ]: carry=0 | base=2.98 | wall=0.35 | search=482 | target=none

  [GIVE-UP] R2 returned empty after 2964 searching steps
  [TARGET] R2 → WALL (0.09, -2.42)

======================================================================
Step 72500 (38.7 min) | Pickups: 54 | Deposits: 54 | Rate: 1.40 tags/min | phero_entries=0 max_w=0.000
======================================================================
R1[WALL_ESC  ]: carry=0 | base=2.53 | wall=0.34 | search=2811 | target=none
R2[DEPART    ]: carry=0 | base=0.33 | wall=2.25 | search=  0 | target=none
R3[WALL_ESC  ]: carry=0 | base=2.17 | wall=0.34 | search=7984 | target=none
R4[SEARCH    ]: carry=0 | base=2.91 | wall=0.38 | search=982 | target=none


======================================================================
Step 73000 (38.9 min) | Pickups: 54 | Deposits: 54 | Rate: 1.39 tags/min | phero_entries=0 max_w=0.000
======================================================================
R1[GIVE_UP   ]: carry=0 | base=1.15 | wall=1.51 | search=2964 | target=none
R2[GIVE_UP   ]: carry=0 | base=0.70 | wall=1.80 | search=156 | target=none
R3[WALL_ESC  ]: carry=0 | base=2.17 | wall=0.34 | search=8484 | target=none
R4[WALL_ESC  ]: carry=0 | base=3.01 | wall=0.31 | search=1482 | target=none

  [GIVE-UP] R2 returned empty after 156 searching steps
  [TARGET] R2 → WALL (-2.42, 1.97)
  [GIVE-UP] R1 returned empty after 2964 searching steps
  [TARGET] R1 → WALL (-1.92, -2.42)

======================================================================
Step 73500 (39.2 min) | Pickups: 54 | Deposits: 54 | Rate: 1.38 tags/min | phero_entries=0 max_w=0.000
======================================================================
R1[DEPART    ]: carry=0 | base=0.43 | wall=2.07 | search=  0 | target=none
R2[SEARCH    ]: carry=0 | base=0.71 | wall=1.85 | search=115 | target=none
R3[WALL_ESC  ]: carry=0 | base=2.18 | wall=0.33 | search=8984 | target=none
R4[WALL_ESC  ]: carry=0 | base=3.02 | wall=0.33 | search=1982 | target=none


======================================================================
Step 74000 (39.5 min) | Pickups: 54 | Deposits: 54 | Rate: 1.37 tags/min | phero_entries=0 max_w=0.000
======================================================================
R1[SEARCH    ]: carry=0 | base=1.90 | wall=0.77 | search=499 | target=none
R2[SEARCH    ]: carry=0 | base=1.95 | wall=0.71 | search=615 | target=none
R3[WALL_ESC  ]: carry=0 | base=2.17 | wall=0.34 | search=9484 | target=none
R4[SEARCH    ]: carry=0 | base=2.92 | wall=0.41 | search=2482 | target=none


======================================================================
Step 74500 (39.7 min) | Pickups: 54 | Deposits: 54 | Rate: 1.36 tags/min | phero_entries=0 max_w=0.000
======================================================================
R1[WALL_ESC  ]: carry=0 | base=2.32 | wall=0.34 | search=999 | target=none
R2[GIVE_UP   ]: carry=0 | base=0.46 | wall=2.07 | search=624 | target=none
R3[GIVE_UP   ]: carry=0 | base=0.49 | wall=2.01 | search=9516 | target=none
R4[GIVE_UP   ]: carry=0 | base=2.74 | wall=0.50 | search=2808 | target=none

  [GIVE-UP] R2 returned empty after 624 searching steps
  [TARGET] R2 → WALL (2.42, 2.10)
  [GIVE-UP] R3 returned empty after 9516 searching steps
  [TARGET] R3 → WALL (-2.42, -1.06)

======================================================================
Step 75000 (40.0 min) | Pickups: 54 | Deposits: 54 | Rate: 1.35 tags/min | phero_entries=0 max_w=0.000
======================================================================
R1[SEARCH    ]: carry=0 | base=2.30 | wall=0.36 | search=1499 | target=none
R2[SEARCH    ]: carry=0 | base=1.00 | wall=1.69 | search=180 | target=none
R3[SEARCH    ]: carry=0 | base=0.96 | wall=1.54 | search=170 | target=none
R4[GIVE_UP   ]: carry=0 | base=0.82 | wall=1.90 | search=2808 | target=none

  [GIVE-UP] R4 returned empty after 2808 searching steps
  [TARGET] R4 → WALL (-2.42, -0.56)

======================================================================
Step 75500 (40.3 min) | Pickups: 54 | Deposits: 54 | Rate: 1.34 tags/min | phero_entries=0 max_w=0.000
======================================================================
R1[SEARCH    ]: carry=0 | base=2.30 | wall=0.36 | search=1999 | target=none
R2[GIVE_UP   ]: carry=0 | base=1.53 | wall=1.19 | search=468 | target=none
R3[GIVE_UP   ]: carry=0 | base=0.53 | wall=1.97 | search=312 | target=none
R4[SEARCH    ]: carry=0 | base=0.35 | wall=2.24 | search= 84 | target=none

  [GIVE-UP] R3 returned empty after 312 searching steps
  [TARGET] R3 → WALL (2.42, 1.57)
  [GIVE-UP] R2 returned empty after 468 searching steps
  [TARGET] R2 → WALL (-2.42, -0.96)

======================================================================
Step 76000 (40.5 min) | Pickups: 54 | Deposits: 54 | Rate: 1.33 tags/min | phero_entries=0 max_w=0.000
======================================================================
R1[SEARCH    ]: carry=0 | base=2.30 | wall=0.36 | search=2499 | target=none
R2[DEPART    ]: carry=0 | base=0.27 | wall=2.23 | search=  0 | target=none
R3[SEARCH    ]: carry=0 | base=0.43 | wall=2.08 | search= 94 | target=none
R4[GIVE_UP   ]: carry=0 | base=0.45 | wall=2.06 | search=312 | target=none

  [GIVE-UP] R4 returned empty after 312 searching steps
  [TARGET] R4 → WALL (2.42, 2.35)

======================================================================
Step 76500 (40.8 min) | Pickups: 54 | Deposits: 54 | Rate: 1.32 tags/min | phero_entries=0 max_w=0.000
======================================================================
R1[GIVE_UP   ]: carry=0 | base=1.14 | wall=1.41 | search=2652 | target=none
R2[SEARCH    ]: carry=0 | base=0.84 | wall=1.70 | search=346 | target=none
R3[SEARCH    ]: carry=0 | base=1.54 | wall=1.04 | search=594 | target=none
R4[SEARCH    ]: carry=0 | base=0.88 | wall=1.75 | search= 24 | target=none

[PICKUP] R3 picked up tag (density=2) | Total: 55
  [GIVE-UP] R1 returned empty after 2652 searching steps
  [TARGET] R1 → WALL (2.24, 2.42)

======================================================================
Step 77000 (41.1 min) | Pickups: 55 | Deposits: 54 | Rate: 1.31 tags/min | phero_entries=0 max_w=0.000
======================================================================
R1[DEPART    ]: carry=0 | base=0.29 | wall=2.23 | search=  0 | target=none
R2[GIVE_UP   ]: carry=0 | base=1.01 | wall=1.78 | search=780 | target=none
R3[RTB       ]: carry=1 | base=1.86 | wall=0.84 | search=  0 | target=none
R4[WALL_ESC  ]: carry=0 | base=2.26 | wall=0.33 | search=524 | target=none

  [GIVE-UP] R2 returned empty after 780 searching steps
  [TARGET] R2 → WALL (0.80, -2.42)
  [GIVE-UP] R1 returned empty after 156 searching steps
  [TARGET] R1 → WALL (2.42, 1.70)
[DEPOSIT] R3 deposited! Total: 55
  [TARGET] R3 → SITE (1.79, 1.02)

======================================================================
Step 77500 (41.3 min) | Pickups: 55 | Deposits: 55 | Rate: 1.33 tags/min | phero_entries=0 max_w=0.000
======================================================================
R1[BASE_ESC  ]: carry=0 | base=0.21 | wall=2.33 | search=  0 | target=none
R2[DEPART    ]: carry=0 | base=0.26 | wall=2.24 | search=  0 | target=none
R3[BASE_ESC  ]: carry=0 | base=0.22 | wall=2.29 | search=  0 | target=site(1.79,1.02)
R4[WALL_ESC  ]: carry=0 | base=2.24 | wall=0.34 | search=1024 | target=none


======================================================================
Step 78000 (41.6 min) | Pickups: 55 | Deposits: 55 | Rate: 1.32 tags/min | phero_entries=0 max_w=0.000
======================================================================
R1[SEARCH    ]: carry=0 | base=2.08 | wall=0.82 | search= 20 | target=none
R2[SEARCH    ]: carry=0 | base=1.67 | wall=0.90 | search=468 | target=none
R3[SITE      ]: carry=0 | base=1.98 | wall=0.78 | search=  0 | target=site(1.79,1.02)
R4[WALL_ESC  ]: carry=0 | base=2.23 | wall=0.34 | search=1524 | target=none

[PICKUP] R3 picked up tag (density=1) | Total: 56

======================================================================
Step 78500 (41.9 min) | Pickups: 56 | Deposits: 55 | Rate: 1.31 tags/min | phero_entries=0 max_w=0.000
======================================================================
R1[WALL_ESC  ]: carry=0 | base=2.92 | wall=0.31 | search=520 | target=none
R2[WALL_ESC  ]: carry=0 | base=2.36 | wall=0.33 | search=968 | target=none
R3[RTB       ]: carry=1 | base=1.41 | wall=1.24 | search=  0 | target=none
R4[WALL_ESC  ]: carry=0 | base=2.23 | wall=0.35 | search=2024 | target=none

[DEPOSIT] R3 deposited! Total: 56
  [TARGET] R3 → SITE (1.80, 1.03)

======================================================================
Step 79000 (42.1 min) | Pickups: 56 | Deposits: 56 | Rate: 1.33 tags/min | phero_entries=0 max_w=0.000
======================================================================
R1[GIVE_UP   ]: carry=0 | base=1.49 | wall=1.42 | search=624 | target=none
R2[WALL_ESC  ]: carry=0 | base=2.36 | wall=0.33 | search=1468 | target=none
R3[SITE      ]: carry=0 | base=0.54 | wall=1.99 | search=  0 | target=site(1.80,1.03)
R4[GIVE_UP   ]: carry=0 | base=1.37 | wall=1.21 | search=2184 | target=none

  [GIVE-UP] R4 returned empty after 2184 searching steps
  [TARGET] R4 → WALL (-2.42, 2.36)
  [GIVE-UP] R1 returned empty after 624 searching steps
  [TARGET] R1 → WALL (-2.42, -1.97)

======================================================================
Step 79500 (42.4 min) | Pickups: 56 | Deposits: 56 | Rate: 1.32 tags/min | phero_entries=0 max_w=0.000
======================================================================
R1[DEPART    ]: carry=0 | base=0.27 | wall=2.25 | search=  0 | target=none
R2[WALL_ESC  ]: carry=0 | base=2.36 | wall=0.33 | search=1968 | target=none
R3[SEARCH    ]: carry=0 | base=2.07 | wall=0.66 | search=112 | target=site(1.80,1.03)
R4[DEPART    ]: carry=0 | base=0.53 | wall=2.00 | search=  0 | target=none


======================================================================
Step 80000 (42.7 min) | Pickups: 56 | Deposits: 56 | Rate: 1.31 tags/min | phero_entries=0 max_w=0.000
======================================================================
R1[SEARCH    ]: carry=0 | base=1.41 | wall=1.10 | search=373 | target=none
R2[WALL_ESC  ]: carry=0 | base=2.35 | wall=0.34 | search=2468 | target=none
R3[SEARCH    ]: carry=0 | base=2.94 | wall=0.36 | search=612 | target=site(1.80,1.03)
R4[DEPART    ]: carry=0 | base=2.40 | wall=0.77 | search=  0 | target=none


======================================================================
Step 80500 (42.9 min) | Pickups: 56 | Deposits: 56 | Rate: 1.30 tags/min | phero_entries=0 max_w=0.000
======================================================================
R1[GIVE_UP   ]: carry=0 | base=0.55 | wall=1.95 | search=468 | target=none
R2[WALL_ESC  ]: carry=0 | base=2.34 | wall=0.35 | search=2968 | target=none
R3[SEARCH    ]: carry=0 | base=2.88 | wall=0.39 | search=1112 | target=site(1.80,1.03)
R4[WALL_ESC  ]: carry=0 | base=2.95 | wall=0.31 | search=468 | target=none

  [GIVE-UP] R1 returned empty after 468 searching steps
  [TARGET] R1 → WALL (2.42, -0.51)

======================================================================
Step 81000 (43.2 min) | Pickups: 56 | Deposits: 56 | Rate: 1.30 tags/min | phero_entries=0 max_w=0.000
======================================================================
R1[SEARCH    ]: carry=0 | base=0.39 | wall=2.12 | search= 88 | target=none
R2[SEARCH    ]: carry=0 | base=2.33 | wall=0.36 | search=3468 | target=none
R3[WALL_ESC  ]: carry=0 | base=3.01 | wall=0.31 | search=1612 | target=site(1.80,1.03)
R4[GIVE_UP   ]: carry=0 | base=1.29 | wall=1.52 | search=468 | target=none

  [GIVE-UP] R1 returned empty after 156 searching steps
  [TARGET] R1 → WALL (2.42, 2.06)
  [GIVE-UP] R4 returned empty after 468 searching steps
  [TARGET] R4 → WALL (-2.30, -2.42)

======================================================================
Step 81500 (43.5 min) | Pickups: 56 | Deposits: 56 | Rate: 1.29 tags/min | phero_entries=0 max_w=0.000
======================================================================
R1[DEPART    ]: carry=0 | base=0.73 | wall=1.93 | search=  0 | target=none
R2[WALL_ESC  ]: carry=0 | base=2.39 | wall=0.34 | search=3968 | target=none
R3[SEARCH    ]: carry=0 | base=2.92 | wall=0.39 | search=2112 | target=site(1.80,1.03)
R4[DEPART    ]: carry=0 | base=0.52 | wall=2.00 | search=  0 | target=none


======================================================================
Step 82000 (43.7 min) | Pickups: 56 | Deposits: 56 | Rate: 1.28 tags/min | phero_entries=0 max_w=0.000
======================================================================
R1[WALL_ESC  ]: carry=0 | base=2.41 | wall=0.34 | search=317 | target=none
R2[SEARCH    ]: carry=0 | base=2.31 | wall=0.39 | search=4468 | target=none
R3[SEARCH    ]: carry=0 | base=2.91 | wall=0.36 | search=2612 | target=site(1.80,1.03)
R4[DEPART    ]: carry=0 | base=2.35 | wall=0.81 | search=  0 | target=none


======================================================================
Step 82500 (44.0 min) | Pickups: 56 | Deposits: 56 | Rate: 1.27 tags/min | phero_entries=0 max_w=0.000
======================================================================
R1[SEARCH    ]: carry=0 | base=2.33 | wall=0.40 | search=817 | target=none
R2[SEARCH    ]: carry=0 | base=2.27 | wall=0.40 | search=4968 | target=none
R3[WALL_ESC  ]: carry=0 | base=3.01 | wall=0.33 | search=3112 | target=site(1.80,1.03)
R4[WALL_ESC  ]: carry=0 | base=3.02 | wall=0.33 | search=336 | target=none


======================================================================
Step 83000 (44.3 min) | Pickups: 56 | Deposits: 56 | Rate: 1.27 tags/min | phero_entries=0 max_w=0.000
======================================================================
R1[WALL_ESC  ]: carry=0 | base=2.42 | wall=0.32 | search=1317 | target=none
R2[SEARCH    ]: carry=0 | base=2.34 | wall=0.35 | search=5468 | target=none
R3[SEARCH    ]: carry=0 | base=2.89 | wall=0.40 | search=3612 | target=site(1.80,1.03)
R4[GIVE_UP   ]: carry=0 | base=2.64 | wall=0.56 | search=624 | target=none


======================================================================
Step 83500 (44.5 min) | Pickups: 56 | Deposits: 56 | Rate: 1.26 tags/min | phero_entries=0 max_w=0.000
======================================================================
R1[WALL_ESC  ]: carry=0 | base=2.40 | wall=0.32 | search=1817 | target=none
R2[SEARCH    ]: carry=0 | base=2.33 | wall=0.39 | search=5968 | target=none
R3[WALL_ESC  ]: carry=0 | base=2.99 | wall=0.31 | search=4056 | target=none
R4[GIVE_UP   ]: carry=0 | base=0.72 | wall=1.97 | search=624 | target=none

  [GIVE-UP] R4 returned empty after 624 searching steps
  [TARGET] R4 → WALL (-2.42, -2.22)

======================================================================
Step 84000 (44.8 min) | Pickups: 56 | Deposits: 56 | Rate: 1.25 tags/min | phero_entries=0 max_w=0.000
======================================================================
R1[WALL_ESC  ]: carry=0 | base=2.40 | wall=0.33 | search=2317 | target=none
R2[SEARCH    ]: carry=0 | base=2.35 | wall=0.39 | search=6468 | target=none
R3[GIVE_UP   ]: carry=0 | base=1.10 | wall=1.69 | search=4056 | target=none
R4[SEARCH    ]: carry=0 | base=1.19 | wall=1.64 | search=112 | target=none

  [GIVE-UP] R3 returned empty after 4056 searching steps
  [TARGET] R3 → WALL (2.42, 1.62)

======================================================================
Step 84500 (45.1 min) | Pickups: 56 | Deposits: 56 | Rate: 1.24 tags/min | phero_entries=0 max_w=0.000
======================================================================
R1[WALL_ESC  ]: carry=0 | base=2.40 | wall=0.34 | search=2817 | target=none
R2[GIVE_UP   ]: carry=0 | base=1.06 | wall=1.52 | search=6552 | target=none
R3[SEARCH    ]: carry=0 | base=0.87 | wall=1.77 | search= 10 | target=none
R4[SEARCH    ]: carry=0 | base=2.38 | wall=0.36 | search=612 | target=none

  [GIVE-UP] R2 returned empty after 6552 searching steps
  [TARGET] R2 → WALL (2.42, -0.70)

======================================================================
Step 85000 (45.3 min) | Pickups: 56 | Deposits: 56 | Rate: 1.24 tags/min | phero_entries=0 max_w=0.000
======================================================================
R1[WALL_ESC  ]: carry=0 | base=2.41 | wall=0.31 | search=3317 | target=none
R2[DEPART    ]: carry=0 | base=0.91 | wall=1.61 | search=  0 | target=none
R3[WALL_ESC  ]: carry=0 | base=2.19 | wall=0.34 | search=510 | target=none
R4[WALL_ESC  ]: carry=0 | base=2.44 | wall=0.33 | search=1112 | target=none


======================================================================
Step 85500 (45.6 min) | Pickups: 56 | Deposits: 56 | Rate: 1.23 tags/min | phero_entries=0 max_w=0.000
======================================================================
R1[SEARCH    ]: carry=0 | base=2.33 | wall=0.39 | search=3817 | target=none
R2[SEARCH    ]: carry=0 | base=2.26 | wall=0.37 | search=212 | target=none
R3[WALL_ESC  ]: carry=0 | base=2.18 | wall=0.35 | search=1010 | target=none
R4[SEARCH    ]: carry=0 | base=2.35 | wall=0.40 | search=1612 | target=none


======================================================================
Step 86000 (45.9 min) | Pickups: 56 | Deposits: 56 | Rate: 1.22 tags/min | phero_entries=0 max_w=0.000
======================================================================
R1[SEARCH    ]: carry=0 | base=2.33 | wall=0.37 | search=4317 | target=none
R2[GIVE_UP   ]: carry=0 | base=1.58 | wall=0.99 | search=468 | target=none
R3[GIVE_UP   ]: carry=0 | base=0.65 | wall=1.87 | search=1092 | target=none
R4[WALL_ESC  ]: carry=0 | base=2.43 | wall=0.32 | search=2112 | target=none

  [GIVE-UP] R3 returned empty after 1092 searching steps
  [TARGET] R3 → WALL (-2.42, -2.09)
  [GIVE-UP] R2 returned empty after 468 searching steps
  [TARGET] R2 → WALL (2.42, -1.60)

======================================================================
Step 86500 (46.1 min) | Pickups: 56 | Deposits: 56 | Rate: 1.21 tags/min | phero_entries=0 max_w=0.000
======================================================================
R1[WALL_ESC  ]: carry=0 | base=2.41 | wall=0.32 | search=4817 | target=none
R2[DEPART    ]: carry=0 | base=0.35 | wall=2.15 | search=  0 | target=none
R3[SEARCH    ]: carry=0 | base=0.33 | wall=2.18 | search= 64 | target=none
R4[WALL_ESC  ]: carry=0 | base=2.44 | wall=0.34 | search=2612 | target=none


======================================================================
Step 87000 (46.4 min) | Pickups: 56 | Deposits: 56 | Rate: 1.21 tags/min | phero_entries=0 max_w=0.000
======================================================================
R1[SEARCH    ]: carry=0 | base=2.32 | wall=0.40 | search=5317 | target=none
R2[SEARCH    ]: carry=0 | base=1.92 | wall=0.94 | search=384 | target=none
R3[SEARCH    ]: carry=0 | base=1.83 | wall=1.07 | search=564 | target=none
R4[GIVE_UP   ]: carry=0 | base=1.32 | wall=1.34 | search=2808 | target=none

  [GIVE-UP] R4 returned empty after 2808 searching steps
  [TARGET] R4 → WALL (1.93, -2.42)

======================================================================
Step 87500 (46.7 min) | Pickups: 56 | Deposits: 56 | Rate: 1.20 tags/min | phero_entries=0 max_w=0.000
======================================================================
R1[SEARCH    ]: carry=0 | base=2.34 | wall=0.36 | search=5817 | target=none
R2[SEARCH    ]: carry=0 | base=2.95 | wall=0.36 | search=884 | target=none
R3[WALL_ESC  ]: carry=0 | base=2.18 | wall=0.35 | search=1064 | target=none
R4[DEPART    ]: carry=0 | base=0.57 | wall=1.95 | search=  0 | target=none


======================================================================
Step 88000 (46.9 min) | Pickups: 56 | Deposits: 56 | Rate: 1.19 tags/min | phero_entries=0 max_w=0.000
======================================================================
R1[WALL_ESC  ]: carry=0 | base=2.40 | wall=0.33 | search=6317 | target=none
R2[WALL_ESC  ]: carry=0 | base=3.04 | wall=0.31 | search=1384 | target=none
R3[SEARCH    ]: carry=0 | base=2.16 | wall=0.38 | search=1564 | target=none
R4[SEARCH    ]: carry=0 | base=2.23 | wall=0.48 | search=453 | target=none


======================================================================
Step 88500 (47.2 min) | Pickups: 56 | Deposits: 56 | Rate: 1.19 tags/min | phero_entries=0 max_w=0.000
======================================================================
R1[GIVE_UP   ]: carry=0 | base=1.66 | wall=1.03 | search=6552 | target=none
R2[WALL_ESC  ]: carry=0 | base=3.03 | wall=0.33 | search=1884 | target=none
R3[SEARCH    ]: carry=0 | base=2.16 | wall=0.38 | search=2064 | target=none
R4[SEARCH    ]: carry=0 | base=2.35 | wall=0.38 | search=953 | target=none

  [GIVE-UP] R1 returned empty after 6552 searching steps
  [TARGET] R1 → WALL (0.10, 2.42)

======================================================================
Step 89000 (47.5 min) | Pickups: 56 | Deposits: 56 | Rate: 1.18 tags/min | phero_entries=0 max_w=0.000
======================================================================
R1[DEPART    ]: carry=0 | base=0.27 | wall=2.24 | search=  0 | target=none
R2[SEARCH    ]: carry=0 | base=2.92 | wall=0.40 | search=2384 | target=none
R3[SEARCH    ]: carry=0 | base=2.16 | wall=0.38 | search=2564 | target=none
R4[SEARCH    ]: carry=0 | base=2.31 | wall=0.38 | search=1453 | target=none


======================================================================
Step 89500 (47.7 min) | Pickups: 56 | Deposits: 56 | Rate: 1.17 tags/min | phero_entries=0 max_w=0.000
======================================================================
R1[GIVE_UP   ]: carry=0 | base=1.61 | wall=0.95 | search=312 | target=none
R2[SEARCH    ]: carry=0 | base=2.94 | wall=0.36 | search=2884 | target=none
R3[SEARCH    ]: carry=0 | base=2.15 | wall=0.39 | search=3064 | target=none
R4[WALL_ESC  ]: carry=0 | base=2.40 | wall=0.31 | search=1953 | target=none

  [GIVE-UP] R1 returned empty after 312 searching steps
  [TARGET] R1 → WALL (-0.90, 2.42)

======================================================================
Step 90000 (48.0 min) | Pickups: 56 | Deposits: 56 | Rate: 1.17 tags/min | phero_entries=0 max_w=0.000
======================================================================
R1[BASE_ESC  ]: carry=0 | base=0.23 | wall=2.27 | search=  0 | target=none
R2[WALL_ESC  ]: carry=0 | base=3.05 | wall=0.30 | search=3384 | target=none
R3[SEARCH    ]: carry=0 | base=2.15 | wall=0.39 | search=3564 | target=none
R4[GIVE_UP   ]: carry=0 | base=0.71 | wall=1.85 | search=2028 | target=none

  [GIVE-UP] R4 returned empty after 2028 searching steps
  [TARGET] R4 → WALL (0.81, 2.42)

======================================================================
Step 90500 (48.3 min) | Pickups: 56 | Deposits: 56 | Rate: 1.16 tags/min | phero_entries=0 max_w=0.000
======================================================================
R1[SEARCH    ]: carry=0 | base=1.87 | wall=0.99 | search=322 | target=none
R2[WALL_ESC  ]: carry=0 | base=3.03 | wall=0.34 | search=3884 | target=none
R3[SEARCH    ]: carry=0 | base=2.15 | wall=0.39 | search=4064 | target=none
R4[SEARCH    ]: carry=0 | base=0.68 | wall=1.96 | search=114 | target=none


======================================================================
Step 91000 (48.5 min) | Pickups: 56 | Deposits: 56 | Rate: 1.15 tags/min | phero_entries=0 max_w=0.000
======================================================================
R1[SEARCH    ]: carry=0 | base=2.96 | wall=0.36 | search=822 | target=none
R2[SEARCH    ]: carry=0 | base=2.91 | wall=0.40 | search=4384 | target=none
R3[SEARCH    ]: carry=0 | base=2.15 | wall=0.39 | search=4564 | target=none
R4[SEARCH    ]: carry=0 | base=1.72 | wall=1.00 | search=614 | target=none


======================================================================
Step 91500 (48.8 min) | Pickups: 56 | Deposits: 56 | Rate: 1.15 tags/min | phero_entries=0 max_w=0.000
======================================================================
R1[GIVE_UP   ]: carry=0 | base=2.06 | wall=0.99 | search=1092 | target=none
R2[SEARCH    ]: carry=0 | base=2.93 | wall=0.36 | search=4884 | target=none
R3[SEARCH    ]: carry=0 | base=2.15 | wall=0.38 | search=5064 | target=none
R4[SEARCH    ]: carry=0 | base=2.51 | wall=0.36 | search=1114 | target=none

  [GIVE-UP] R1 returned empty after 1092 searching steps
  [TARGET] R1 → WALL (-2.42, -1.55)

======================================================================
Step 92000 (49.1 min) | Pickups: 56 | Deposits: 56 | Rate: 1.14 tags/min | phero_entries=0 max_w=0.000
======================================================================
R1[BASE_ESC  ]: carry=0 | base=0.22 | wall=2.34 | search=  0 | target=none
R2[WALL_ESC  ]: carry=0 | base=2.99 | wall=0.34 | search=5304 | target=none
R3[SEARCH    ]: carry=0 | base=2.16 | wall=0.37 | search=5564 | target=none
R4[WALL_ESC  ]: carry=0 | base=2.60 | wall=0.33 | search=1614 | target=none


======================================================================
Step 92500 (49.3 min) | Pickups: 56 | Deposits: 56 | Rate: 1.14 tags/min | phero_entries=0 max_w=0.000
======================================================================
R1[DEPART    ]: carry=0 | base=1.63 | wall=1.06 | search=  0 | target=none
R2[GIVE_UP   ]: carry=0 | base=1.15 | wall=1.66 | search=5304 | target=none
R3[SEARCH    ]: carry=0 | base=2.17 | wall=0.36 | search=6064 | target=none
R4[GIVE_UP   ]: carry=0 | base=2.21 | wall=0.61 | search=2028 | target=none

  [GIVE-UP] R2 returned empty after 5304 searching steps
  [TARGET] R2 → WALL (0.10, 2.42)

======================================================================
Step 93000 (49.6 min) | Pickups: 56 | Deposits: 56 | Rate: 1.13 tags/min | phero_entries=0 max_w=0.000
======================================================================
R1[SEARCH    ]: carry=0 | base=2.98 | wall=0.36 | search=447 | target=none
R2[DEPART    ]: carry=0 | base=0.39 | wall=2.21 | search=  0 | target=none
R3[WALL_ESC  ]: carry=0 | base=2.18 | wall=0.34 | search=6564 | target=none
R4[GIVE_UP   ]: carry=0 | base=0.29 | wall=2.25 | search=2028 | target=none

  [GIVE-UP] R4 returned empty after 2028 searching steps
  [TARGET] R4 → WALL (2.42, 1.14)

======================================================================
Step 93500 (49.9 min) | Pickups: 56 | Deposits: 56 | Rate: 1.12 tags/min | phero_entries=0 max_w=0.000
======================================================================
R1[GIVE_UP   ]: carry=0 | base=2.70 | wall=0.52 | search=780 | target=none
R2[SEARCH    ]: carry=0 | base=1.85 | wall=0.71 | search=499 | target=none
R3[WALL_ESC  ]: carry=0 | base=2.19 | wall=0.34 | search=7064 | target=none
R4[SEARCH    ]: carry=0 | base=1.14 | wall=1.68 | search=222 | target=none


======================================================================
Step 94000 (50.1 min) | Pickups: 56 | Deposits: 56 | Rate: 1.12 tags/min | phero_entries=0 max_w=0.000
======================================================================
R1[GIVE_UP   ]: carry=0 | base=0.78 | wall=1.93 | search=780 | target=none
R2[SEARCH    ]: carry=0 | base=2.18 | wall=0.36 | search=999 | target=none
R3[WALL_ESC  ]: carry=0 | base=2.19 | wall=0.33 | search=7564 | target=none
R4[WALL_ESC  ]: carry=0 | base=2.52 | wall=0.31 | search=722 | target=none

  [GIVE-UP] R1 returned empty after 780 searching steps
  [TARGET] R1 → WALL (1.00, -2.42)

======================================================================
Step 94500 (50.4 min) | Pickups: 56 | Deposits: 56 | Rate: 1.11 tags/min | phero_entries=0 max_w=0.000
======================================================================
R1[DEPART    ]: carry=0 | base=0.79 | wall=1.71 | search=  0 | target=none
R2[GIVE_UP   ]: carry=0 | base=0.84 | wall=1.69 | search=1092 | target=none
R3[WALL_ESC  ]: carry=0 | base=2.19 | wall=0.33 | search=8064 | target=none
R4[SEARCH    ]: carry=0 | base=2.51 | wall=0.36 | search=1222 | target=none

  [GIVE-UP] R2 returned empty after 1092 searching steps
  [TARGET] R2 → WALL (1.80, -2.42)

======================================================================
Step 95000 (50.7 min) | Pickups: 56 | Deposits: 56 | Rate: 1.11 tags/min | phero_entries=0 max_w=0.000
======================================================================
R1[WALL_ESC  ]: carry=0 | base=2.33 | wall=0.34 | search=  0 | target=none
R2[DEPART    ]: carry=0 | base=0.26 | wall=2.27 | search=  0 | target=none
R3[GIVE_UP   ]: carry=0 | base=0.50 | wall=2.00 | search=8112 | target=none
R4[GIVE_UP   ]: carry=0 | base=2.44 | wall=0.39 | search=1716 | target=none

  [GIVE-UP] R3 returned empty after 8112 searching steps
  [TARGET] R3 → WALL (-2.42, 0.98)

======================================================================
Step 95500 (50.9 min) | Pickups: 56 | Deposits: 56 | Rate: 1.10 tags/min | phero_entries=0 max_w=0.000
======================================================================
R1[DEPART    ]: carry=0 | base=0.64 | wall=1.92 | search=  0 | target=none
R2[SEARCH    ]: carry=0 | base=0.72 | wall=1.83 | search= 55 | target=none
R3[SEARCH    ]: carry=0 | base=1.27 | wall=1.27 | search=168 | target=none
R4[GIVE_UP   ]: carry=0 | base=0.56 | wall=2.02 | search=1716 | target=none

  [GIVE-UP] R4 returned empty after 1716 searching steps
  [TARGET] R4 → WALL (0.33, 2.42)

======================================================================
Step 96000 (51.2 min) | Pickups: 56 | Deposits: 56 | Rate: 1.09 tags/min | phero_entries=0 max_w=0.000
======================================================================
R1[SEARCH    ]: carry=0 | base=0.43 | wall=2.08 | search=109 | target=none
R2[SEARCH    ]: carry=0 | base=2.36 | wall=0.68 | search=555 | target=none
R3[SEARCH    ]: carry=0 | base=2.11 | wall=0.39 | search=668 | target=none
R4[DEPART    ]: carry=0 | base=1.37 | wall=1.16 | search=  0 | target=none


======================================================================
Step 96500 (51.5 min) | Pickups: 56 | Deposits: 56 | Rate: 1.09 tags/min | phero_entries=0 max_w=0.000
======================================================================
R1[SEARCH    ]: carry=0 | base=2.12 | wall=0.85 | search=609 | target=none
R2[SEARCH    ]: carry=0 | base=2.55 | wall=0.35 | search=1055 | target=none
R3[GIVE_UP   ]: carry=0 | base=1.50 | wall=1.00 | search=936 | target=none
R4[SEARCH    ]: carry=0 | base=1.95 | wall=0.89 | search=497 | target=none

  [GIVE-UP] R3 returned empty after 936 searching steps
  [TARGET] R3 → WALL (-2.42, -0.64)

======================================================================
Step 97000 (51.7 min) | Pickups: 56 | Deposits: 56 | Rate: 1.08 tags/min | phero_entries=0 max_w=0.000
======================================================================
R1[WALL_ESC  ]: carry=0 | base=2.54 | wall=0.31 | search=1109 | target=none
R2[WALL_ESC  ]: carry=0 | base=2.62 | wall=0.34 | search=1555 | target=none
R3[DEPART    ]: carry=0 | base=0.47 | wall=2.05 | search=  0 | target=none
R4[SEARCH    ]: carry=0 | base=2.17 | wall=0.38 | search=997 | target=none

[PICKUP] R4 picked up tag (density=8) | Total: 57

======================================================================
Step 97500 (52.0 min) | Pickups: 57 | Deposits: 56 | Rate: 1.08 tags/min | phero_entries=0 max_w=0.000
======================================================================
R1[GIVE_UP   ]: carry=0 | base=1.94 | wall=0.81 | search=1404 | target=none
R2[SEARCH    ]: carry=0 | base=2.52 | wall=0.39 | search=2055 | target=none
R3[SEARCH    ]: carry=0 | base=1.77 | wall=0.76 | search=406 | target=none
R4[RTB       ]: carry=1 | base=1.65 | wall=0.87 | search=  0 | target=none

[DEPOSIT] R4 deposited! Total: 57
  [TARGET] R4 → SITE (-1.94, -0.29)
  [GIVE-UP] R1 returned empty after 1404 searching steps
  [TARGET] R1 → WALL (2.42, -0.19)

======================================================================
Step 98000 (52.3 min) | Pickups: 57 | Deposits: 57 | Rate: 1.09 tags/min | phero_entries=0 max_w=0.000
======================================================================
R1[BASE_ESC  ]: carry=0 | base=0.22 | wall=2.32 | search=  0 | target=none
R2[WALL_ESC  ]: carry=0 | base=2.61 | wall=0.31 | search=2555 | target=none
R3[SEARCH    ]: carry=0 | base=2.52 | wall=0.36 | search=906 | target=none
R4[SITE      ]: carry=0 | base=0.31 | wall=2.19 | search=  0 | target=site(-1.94,-0.29)


======================================================================
Step 98500 (52.5 min) | Pickups: 57 | Deposits: 57 | Rate: 1.09 tags/min | phero_entries=0 max_w=0.000
======================================================================
R1[SEARCH    ]: carry=0 | base=1.20 | wall=1.45 | search=276 | target=none
R2[SEARCH    ]: carry=0 | base=2.60 | wall=0.35 | search=3055 | target=none
R3[GIVE_UP   ]: carry=0 | base=1.78 | wall=0.99 | search=1092 | target=none
R4[SEARCH    ]: carry=0 | base=1.94 | wall=0.58 | search= 80 | target=site(-1.94,-0.29)

  [GIVE-UP] R3 returned empty after 1092 searching steps
  [TARGET] R3 → WALL (-1.22, 2.42)
  [GIVE-UP] R1 returned empty after 312 searching steps
  [TARGET] R1 → WALL (-0.61, 2.42)

======================================================================
Step 99000 (52.8 min) | Pickups: 57 | Deposits: 57 | Rate: 1.08 tags/min | phero_entries=0 max_w=0.000
======================================================================
R1[BASE_ESC  ]: carry=0 | base=0.22 | wall=2.34 | search=  0 | target=none
R2[GIVE_UP   ]: carry=0 | base=1.62 | wall=1.18 | search=3276 | target=none
R3[BASE_ESC  ]: carry=0 | base=0.23 | wall=2.28 | search=  0 | target=none
R4[GIVE_UP   ]: carry=0 | base=1.72 | wall=0.79 | search=468 | target=none

  [GIVE-UP] R2 returned empty after 3276 searching steps
  [TARGET] R2 → WALL (-2.42, -1.29)
  [GIVE-UP] R4 returned empty after 468 searching steps
  [TARGET] R4 → WALL (-1.82, 2.42)

======================================================================
Step 99500 (53.1 min) | Pickups: 57 | Deposits: 57 | Rate: 1.07 tags/min | phero_entries=0 max_w=0.000
======================================================================
R1[SEARCH    ]: carry=0 | base=1.49 | wall=1.30 | search=303 | target=none
R2[DEPART    ]: carry=0 | base=0.27 | wall=2.25 | search=  0 | target=none
R3[SEARCH    ]: carry=0 | base=1.39 | wall=1.14 | search=334 | target=none
R4[DEPART    ]: carry=0 | base=0.27 | wall=2.24 | search=  0 | target=none


======================================================================
Step 100000 (53.3 min) | Pickups: 57 | Deposits: 57 | Rate: 1.07 tags/min | phero_entries=0 max_w=0.000
======================================================================
R1[SEARCH    ]: carry=0 | base=2.60 | wall=0.36 | search=803 | target=none
R2[SEARCH    ]: carry=0 | base=1.21 | wall=1.32 | search=379 | target=none
R3[SEARCH    ]: carry=0 | base=2.32 | wall=0.41 | search=834 | target=none
R4[SEARCH    ]: carry=0 | base=1.92 | wall=0.85 | search=350 | target=none

[PICKUP] R2 picked up tag (density=7) | Total: 58

======================================================================
Step 100500 (53.6 min) | Pickups: 58 | Deposits: 57 | Rate: 1.06 tags/min | phero_entries=0 max_w=0.000
======================================================================
R1[GIVE_UP   ]: carry=0 | base=2.38 | wall=0.62 | search=1092 | target=none
R2[RTB       ]: carry=1 | base=1.76 | wall=0.77 | search=  0 | target=none
R3[GIVE_UP   ]: carry=0 | base=0.91 | wall=1.77 | search=936 | target=none
R4[WALL_ESC  ]: carry=0 | base=2.32 | wall=0.35 | search=850 | target=none

  [GIVE-UP] R3 returned empty after 936 searching steps
  [TARGET] R3 → WALL (1.86, 2.42)
[DEPOSIT] R2 deposited! Total: 58
  [TARGET] R2 → SITE (-1.90, -0.34)

======================================================================
Step 101000 (53.9 min) | Pickups: 58 | Deposits: 58 | Rate: 1.08 tags/min | phero_entries=0 max_w=0.000
======================================================================
R1[GIVE_UP   ]: carry=0 | base=0.46 | wall=2.14 | search=1092 | target=none
R2[BASE_ESC  ]: carry=0 | base=0.24 | wall=2.28 | search=  0 | target=site(-1.90,-0.34)
R3[DEPART    ]: carry=0 | base=1.04 | wall=1.63 | search=  0 | target=none
R4[WALL_ESC  ]: carry=0 | base=2.32 | wall=0.35 | search=1350 | target=none

  [GIVE-UP] R1 returned empty after 1092 searching steps
  [TARGET] R1 → WALL (-2.42, -0.36)

======================================================================
Step 101500 (54.1 min) | Pickups: 58 | Deposits: 58 | Rate: 1.07 tags/min | phero_entries=0 max_w=0.000
======================================================================
R1[SEARCH    ]: carry=0 | base=1.23 | wall=1.27 | search= 22 | target=none
R2[SEARCH    ]: carry=0 | base=1.94 | wall=0.59 | search= 58 | target=site(-1.90,-0.34)
R3[WALL_ESC  ]: carry=0 | base=2.73 | wall=0.33 | search=  0 | target=none
R4[SEARCH    ]: carry=0 | base=2.32 | wall=0.36 | search=1850 | target=none

[PICKUP] R2 picked up tag (density=6) | Total: 59

======================================================================
Step 102000 (54.4 min) | Pickups: 59 | Deposits: 58 | Rate: 1.07 tags/min | phero_entries=0 max_w=0.000
======================================================================
R1[GIVE_UP   ]: carry=0 | base=1.73 | wall=0.79 | search=312 | target=none
R2[RTB       ]: carry=1 | base=0.90 | wall=1.62 | search=  0 | target=none
R3[SEARCH    ]: carry=0 | base=2.59 | wall=0.36 | search=128 | target=none
R4[SEARCH    ]: carry=0 | base=2.31 | wall=0.36 | search=2350 | target=none

[DEPOSIT] R2 deposited! Total: 59
  [TARGET] R2 → SITE (-1.91, -0.37)
  [GIVE-UP] R1 returned empty after 312 searching steps
  [TARGET] R1 → WALL (-0.85, -2.42)

======================================================================
Step 102500 (54.7 min) | Pickups: 59 | Deposits: 59 | Rate: 1.08 tags/min | phero_entries=0 max_w=0.000
======================================================================
R1[DEPART    ]: carry=0 | base=0.27 | wall=2.26 | search=  0 | target=none
R2[SITE      ]: carry=0 | base=1.05 | wall=1.46 | search=  0 | target=site(-1.91,-0.37)
R3[GIVE_UP   ]: carry=0 | base=2.53 | wall=0.39 | search=624 | target=none
R4[SEARCH    ]: carry=0 | base=2.31 | wall=0.36 | search=2850 | target=none

[PICKUP] R2 picked up tag (density=5) | Total: 60

======================================================================
Step 103000 (54.9 min) | Pickups: 60 | Deposits: 59 | Rate: 1.07 tags/min | phero_entries=0 max_w=0.000
======================================================================
R1[SEARCH    ]: carry=0 | base=2.01 | wall=0.76 | search=195 | target=none
R2[RTB       ]: carry=1 | base=1.87 | wall=0.67 | search=  0 | target=none
R3[GIVE_UP   ]: carry=0 | base=0.74 | wall=1.90 | search=624 | target=none
R4[SEARCH    ]: carry=0 | base=2.30 | wall=0.37 | search=3350 | target=none

  [GIVE-UP] R3 returned empty after 624 searching steps
  [TARGET] R3 → WALL (2.42, -1.25)
[DEPOSIT] R2 deposited! Total: 60
  [TARGET] R2 → SITE (-1.89, -0.37)

======================================================================
Step 103500 (55.2 min) | Pickups: 60 | Deposits: 60 | Rate: 1.09 tags/min | phero_entries=0 max_w=0.000
======================================================================
R1[SEARCH    ]: carry=0 | base=2.58 | wall=0.39 | search=695 | target=none
R2[BASE_ESC  ]: carry=0 | base=0.22 | wall=2.28 | search=  0 | target=site(-1.89,-0.37)
R3[DEPART    ]: carry=0 | base=1.15 | wall=1.42 | search=  0 | target=none
R4[GIVE_UP   ]: carry=0 | base=1.27 | wall=1.31 | search=3588 | target=none

  [GIVE-UP] R4 returned empty after 3588 searching steps
  [TARGET] R4 → WALL (1.60, 2.42)

======================================================================
Step 104000 (55.5 min) | Pickups: 60 | Deposits: 60 | Rate: 1.08 tags/min | phero_entries=0 max_w=0.000
======================================================================
R1[GIVE_UP   ]: carry=0 | base=1.75 | wall=1.07 | search=936 | target=none
R2[SEARCH    ]: carry=0 | base=1.93 | wall=0.60 | search= 29 | target=site(-1.89,-0.37)
R3[SEARCH    ]: carry=0 | base=2.31 | wall=0.38 | search=295 | target=none
R4[DEPART    ]: carry=0 | base=0.66 | wall=1.88 | search=  0 | target=none

[PICKUP] R2 picked up tag (density=4) | Total: 61
  [GIVE-UP] R1 returned empty after 936 searching steps
  [TARGET] R1 → WALL (1.53, 2.42)

======================================================================
Step 104500 (55.7 min) | Pickups: 61 | Deposits: 60 | Rate: 1.08 tags/min | phero_entries=0 max_w=0.000
======================================================================
R1[DEPART    ]: carry=0 | base=0.25 | wall=2.31 | search=  0 | target=none
R2[RTB       ]: carry=1 | base=1.04 | wall=1.48 | search=  0 | target=none
R3[SEARCH    ]: carry=0 | base=2.31 | wall=0.38 | search=795 | target=none
R4[SEARCH    ]: carry=0 | base=2.33 | wall=0.83 | search=466 | target=none

[DEPOSIT] R2 deposited! Total: 61
  [TARGET] R2 → WALL (-0.92, 2.42)

======================================================================
Step 105000 (56.0 min) | Pickups: 61 | Deposits: 61 | Rate: 1.09 tags/min | phero_entries=0 max_w=0.000
======================================================================
R1[SEARCH    ]: carry=0 | base=0.99 | wall=1.56 | search=141 | target=none
R2[SEARCH    ]: carry=0 | base=0.50 | wall=2.07 | search= 29 | target=none
R3[SEARCH    ]: carry=0 | base=2.30 | wall=0.39 | search=1295 | target=none
R4[WALL_ESC  ]: carry=0 | base=2.65 | wall=0.31 | search=966 | target=none


======================================================================
Step 105500 (56.3 min) | Pickups: 61 | Deposits: 61 | Rate: 1.08 tags/min | phero_entries=0 max_w=0.000
======================================================================
R1[SEARCH    ]: carry=0 | base=2.50 | wall=0.56 | search=641 | target=none
R2[SEARCH    ]: carry=0 | base=2.17 | wall=0.95 | search=529 | target=none
R3[SEARCH    ]: carry=0 | base=2.30 | wall=0.39 | search=1795 | target=none
R4[SEARCH    ]: carry=0 | base=2.57 | wall=0.39 | search=1466 | target=none


======================================================================
Step 106000 (56.5 min) | Pickups: 61 | Deposits: 61 | Rate: 1.08 tags/min | phero_entries=0 max_w=0.000
======================================================================
R1[SEARCH    ]: carry=0 | base=2.64 | wall=0.36 | search=1141 | target=none
R2[SEARCH    ]: carry=0 | base=2.93 | wall=0.40 | search=1029 | target=none
R3[SEARCH    ]: carry=0 | base=2.30 | wall=0.39 | search=2295 | target=none
R4[SEARCH    ]: carry=0 | base=2.56 | wall=0.36 | search=1966 | target=none


======================================================================
Step 106500 (56.8 min) | Pickups: 61 | Deposits: 61 | Rate: 1.07 tags/min | phero_entries=0 max_w=0.000
======================================================================
R1[GIVE_UP   ]: carry=0 | base=1.46 | wall=1.37 | search=1248 | target=none
R2[GIVE_UP   ]: carry=0 | base=1.88 | wall=1.15 | search=1248 | target=none
R3[WALL_ESC  ]: carry=0 | base=2.44 | wall=0.31 | search=2795 | target=none
R4[WALL_ESC  ]: carry=0 | base=2.65 | wall=0.33 | search=2466 | target=none

  [GIVE-UP] R1 returned empty after 1248 searching steps
  [TARGET] R1 → WALL (-2.42, -0.59)
  [GIVE-UP] R2 returned empty after 1248 searching steps
  [TARGET] R2 → WALL (1.76, -2.42)

======================================================================
Step 107000 (57.1 min) | Pickups: 61 | Deposits: 61 | Rate: 1.07 tags/min | phero_entries=0 max_w=0.000
======================================================================
R1[DEPART    ]: carry=0 | base=0.28 | wall=2.24 | search=  0 | target=none
R2[BASE_ESC  ]: carry=0 | base=0.22 | wall=2.33 | search=  0 | target=none
R3[SEARCH    ]: carry=0 | base=2.31 | wall=0.39 | search=3295 | target=none
R4[SEARCH    ]: carry=0 | base=2.55 | wall=0.40 | search=2966 | target=none


======================================================================
Step 107500 (57.3 min) | Pickups: 61 | Deposits: 61 | Rate: 1.06 tags/min | phero_entries=0 max_w=0.000
======================================================================
R1[SEARCH    ]: carry=0 | base=0.48 | wall=2.12 | search=120 | target=none
R2[SEARCH    ]: carry=0 | base=0.74 | wall=1.92 | search=269 | target=none
R3[SEARCH    ]: carry=0 | base=2.34 | wall=0.38 | search=3795 | target=none
R4[WALL_ESC  ]: carry=0 | base=2.63 | wall=0.32 | search=3466 | target=none


======================================================================
Step 108000 (57.6 min) | Pickups: 61 | Deposits: 61 | Rate: 1.06 tags/min | phero_entries=0 max_w=0.000
======================================================================
R1[SEARCH    ]: carry=0 | base=1.99 | wall=0.54 | search=620 | target=none
R2[SEARCH    ]: carry=0 | base=2.06 | wall=0.48 | search=769 | target=none
R3[SEARCH    ]: carry=0 | base=2.36 | wall=0.37 | search=4295 | target=none
R4[WALL_ESC  ]: carry=0 | base=2.63 | wall=0.35 | search=3966 | target=none


======================================================================
Step 108500 (57.9 min) | Pickups: 61 | Deposits: 61 | Rate: 1.05 tags/min | phero_entries=0 max_w=0.000
======================================================================
R1[SEARCH    ]: carry=0 | base=2.59 | wall=0.41 | search=1120 | target=none
R2[SEARCH    ]: carry=0 | base=2.52 | wall=0.49 | search=1269 | target=none
R3[GIVE_UP   ]: carry=0 | base=1.06 | wall=1.56 | search=4368 | target=none
R4[SEARCH    ]: carry=0 | base=2.55 | wall=0.38 | search=4466 | target=none

  [GIVE-UP] R3 returned empty after 4368 searching steps
  [TARGET] R3 → WALL (-2.42, 1.43)

======================================================================
Step 109000 (58.1 min) | Pickups: 61 | Deposits: 61 | Rate: 1.05 tags/min | phero_entries=0 max_w=0.000
======================================================================
R1[SEARCH    ]: carry=0 | base=2.60 | wall=0.40 | search=1620 | target=none
R2[WALL_ESC  ]: carry=0 | base=2.31 | wall=0.34 | search=1769 | target=none
R3[DEPART    ]: carry=0 | base=0.26 | wall=2.27 | search=  0 | target=none
R4[GIVE_UP   ]: carry=0 | base=1.63 | wall=1.14 | search=4680 | target=none

  [GIVE-UP] R4 returned empty after 4680 searching steps
  [TARGET] R4 → WALL (-2.42, 0.55)

======================================================================
Step 109500 (58.4 min) | Pickups: 61 | Deposits: 61 | Rate: 1.04 tags/min | phero_entries=0 max_w=0.000
======================================================================
R1[WALL_ESC  ]: carry=0 | base=2.72 | wall=0.31 | search=2120 | target=none
R2[SEARCH    ]: carry=0 | base=2.31 | wall=0.38 | search=2269 | target=none
R3[SEARCH    ]: carry=0 | base=1.67 | wall=1.17 | search=484 | target=none
R4[DEPART    ]: carry=0 | base=0.27 | wall=2.24 | search=  0 | target=none


======================================================================
Step 110000 (58.7 min) | Pickups: 61 | Deposits: 61 | Rate: 1.04 tags/min | phero_entries=0 max_w=0.000
======================================================================
R1[GIVE_UP   ]: carry=0 | base=2.04 | wall=0.85 | search=2340 | target=none
R2[SEARCH    ]: carry=0 | base=2.31 | wall=0.38 | search=2769 | target=none
R3[SEARCH    ]: carry=0 | base=2.53 | wall=0.39 | search=984 | target=none
R4[DEPART    ]: carry=0 | base=1.18 | wall=1.39 | search=  0 | target=none

  [GIVE-UP] R1 returned empty after 2340 searching steps
  [TARGET] R1 → WALL (-2.17, -2.42)

======================================================================
Step 110500 (58.9 min) | Pickups: 61 | Deposits: 61 | Rate: 1.04 tags/min | phero_entries=0 max_w=0.000
======================================================================
R1[BASE_ESC  ]: carry=0 | base=0.22 | wall=2.31 | search=  0 | target=none
R2[SEARCH    ]: carry=0 | base=2.30 | wall=0.38 | search=3269 | target=none
R3[WALL_ESC  ]: carry=0 | base=2.64 | wall=0.31 | search=1484 | target=none
R4[SEARCH    ]: carry=0 | base=2.15 | wall=0.35 | search=378 | target=none


======================================================================
Step 111000 (59.2 min) | Pickups: 61 | Deposits: 61 | Rate: 1.03 tags/min | phero_entries=0 max_w=0.000
======================================================================
R1[SEARCH    ]: carry=0 | base=1.12 | wall=1.66 | search=114 | target=none
R2[GIVE_UP   ]: carry=0 | base=2.08 | wall=0.60 | search=3588 | target=none
R3[SEARCH    ]: carry=0 | base=2.58 | wall=0.38 | search=1984 | target=none
R4[SEARCH    ]: carry=0 | base=2.13 | wall=0.37 | search=878 | target=none

  [GIVE-UP] R2 returned empty after 3588 searching steps
  [TARGET] R2 → WALL (-0.63, 2.42)

======================================================================
Step 111500 (59.5 min) | Pickups: 61 | Deposits: 61 | Rate: 1.03 tags/min | phero_entries=0 max_w=0.000
======================================================================
R1[WALL_ESC  ]: carry=0 | base=2.42 | wall=0.33 | search=614 | target=none
R2[BASE_ESC  ]: carry=0 | base=0.23 | wall=2.29 | search=  0 | target=none
R3[GIVE_UP   ]: carry=0 | base=1.30 | wall=1.41 | search=2028 | target=none
R4[SEARCH    ]: carry=0 | base=2.13 | wall=0.37 | search=1378 | target=none

  [GIVE-UP] R3 returned empty after 2028 searching steps
  [TARGET] R3 → WALL (1.35, -2.42)

======================================================================
Step 112000 (59.7 min) | Pickups: 61 | Deposits: 61 | Rate: 1.02 tags/min | phero_entries=0 max_w=0.000
======================================================================
R1[GIVE_UP   ]: carry=0 | base=2.39 | wall=0.35 | search=1092 | target=none
R2[SEARCH    ]: carry=0 | base=1.61 | wall=0.90 | search=255 | target=none
R3[BASE_ESC  ]: carry=0 | base=0.24 | wall=2.28 | search=  0 | target=none
R4[SEARCH    ]: carry=0 | base=2.12 | wall=0.38 | search=1878 | target=none


======================================================================
Step 112500 (60.0 min) | Pickups: 61 | Deposits: 61 | Rate: 1.02 tags/min | phero_entries=0 max_w=0.000
======================================================================
R1[GIVE_UP   ]: carry=0 | base=0.48 | wall=2.06 | search=1092 | target=none
R2[WALL_ESC  ]: carry=0 | base=2.19 | wall=0.33 | search=755 | target=none
R3[SEARCH    ]: carry=0 | base=1.40 | wall=1.14 | search=396 | target=none
R4[SEARCH    ]: carry=0 | base=2.12 | wall=0.38 | search=2378 | target=none

  [GIVE-UP] R1 returned empty after 1092 searching steps
  [TARGET] R1 → WALL (-2.42, -0.79)

======================================================================
Step 113000 (60.3 min) | Pickups: 61 | Deposits: 61 | Rate: 1.01 tags/min | phero_entries=0 max_w=0.000
======================================================================
R1[SEARCH    ]: carry=0 | base=1.40 | wall=1.31 | search=172 | target=none
R2[WALL_ESC  ]: carry=0 | base=2.19 | wall=0.34 | search=1255 | target=none
R3[GIVE_UP   ]: carry=0 | base=1.52 | wall=1.01 | search=624 | target=none
R4[SEARCH    ]: carry=0 | base=2.11 | wall=0.39 | search=2878 | target=none

  [GIVE-UP] R3 returned empty after 624 searching steps
  [TARGET] R3 → WALL (1.32, 2.42)

======================================================================
Step 113500 (60.5 min) | Pickups: 61 | Deposits: 61 | Rate: 1.01 tags/min | phero_entries=0 max_w=0.000
======================================================================
R1[WALL_ESC  ]: carry=0 | base=3.05 | wall=0.33 | search=672 | target=none
R2[WALL_ESC  ]: carry=0 | base=2.18 | wall=0.34 | search=1755 | target=none
R3[DEPART    ]: carry=0 | base=0.43 | wall=2.17 | search=  0 | target=none
R4[SEARCH    ]: carry=0 | base=2.11 | wall=0.39 | search=3378 | target=none


======================================================================
Step 114000 (60.8 min) | Pickups: 61 | Deposits: 61 | Rate: 1.00 tags/min | phero_entries=0 max_w=0.000
======================================================================
R1[SEARCH    ]: carry=0 | base=2.92 | wall=0.38 | search=1172 | target=none
R2[SEARCH    ]: carry=0 | base=2.17 | wall=0.35 | search=2255 | target=none
R3[GIVE_UP   ]: carry=0 | base=1.89 | wall=0.95 | search=312 | target=none
R4[SEARCH    ]: carry=0 | base=2.11 | wall=0.39 | search=3878 | target=none

  [GIVE-UP] R3 returned empty after 312 searching steps
  [TARGET] R3 → WALL (-2.42, -0.31)

======================================================================
Step 114500 (61.1 min) | Pickups: 61 | Deposits: 61 | Rate: 1.00 tags/min | phero_entries=0 max_w=0.000
======================================================================
R1[WALL_ESC  ]: carry=0 | base=3.05 | wall=0.31 | search=1672 | target=none
R2[SEARCH    ]: carry=0 | base=2.16 | wall=0.36 | search=2755 | target=none
R3[BASE_ESC  ]: carry=0 | base=0.21 | wall=2.31 | search=  0 | target=none
R4[SEARCH    ]: carry=0 | base=2.11 | wall=0.39 | search=4378 | target=none


======================================================================
Step 115000 (61.3 min) | Pickups: 61 | Deposits: 61 | Rate: 0.99 tags/min | phero_entries=0 max_w=0.000
======================================================================
R1[WALL_ESC  ]: carry=0 | base=3.04 | wall=0.34 | search=2172 | target=none
R2[SEARCH    ]: carry=0 | base=2.16 | wall=0.36 | search=3255 | target=none
R3[DEPART    ]: carry=0 | base=1.40 | wall=1.10 | search=  0 | target=none
R4[SEARCH    ]: carry=0 | base=2.11 | wall=0.39 | search=4878 | target=none


======================================================================
Step 115500 (61.6 min) | Pickups: 61 | Deposits: 61 | Rate: 0.99 tags/min | phero_entries=0 max_w=0.000
======================================================================
R1[SEARCH    ]: carry=0 | base=2.90 | wall=0.40 | search=2672 | target=none
R2[GIVE_UP   ]: carry=0 | base=1.68 | wall=0.84 | search=3588 | target=none
R3[GIVE_UP   ]: carry=0 | base=1.57 | wall=0.95 | search=156 | target=none
R4[SEARCH    ]: carry=0 | base=2.13 | wall=0.38 | search=5378 | target=none

[PICKUP] R4 picked up tag (density=3) | Total: 62
  [GIVE-UP] R3 returned empty after 156 searching steps
  [TARGET] R3 → WALL (2.42, 1.59)
  [GIVE-UP] R2 returned empty after 3588 searching steps
  [TARGET] R2 → WALL (2.42, -0.77)

======================================================================
Step 116000 (61.9 min) | Pickups: 62 | Deposits: 61 | Rate: 0.99 tags/min | phero_entries=0 max_w=0.000
======================================================================
R1[WALL_ESC  ]: carry=0 | base=3.05 | wall=0.29 | search=3172 | target=none
R2[DEPART    ]: carry=0 | base=0.26 | wall=2.24 | search=  0 | target=none
R3[DEPART    ]: carry=0 | base=0.27 | wall=2.23 | search=  0 | target=none
R4[SURVEY    ]: carry=1 | base=2.21 | wall=0.36 | search=  0 | target=none

  [GIVE-UP] R3 returned empty after 156 searching steps
  [TARGET] R3 → WALL (-1.03, 2.42)

======================================================================
Step 116500 (62.1 min) | Pickups: 62 | Deposits: 61 | Rate: 0.98 tags/min | phero_entries=0 max_w=0.000
======================================================================
R1[WALL_ESC  ]: carry=0 | base=3.05 | wall=0.34 | search=3672 | target=none
R2[SEARCH    ]: carry=0 | base=1.42 | wall=1.10 | search=359 | target=none
R3[BASE_ESC  ]: carry=0 | base=0.24 | wall=2.33 | search=  0 | target=none
R4[RTB       ]: carry=1 | base=0.45 | wall=2.06 | search=  0 | target=none

[DEPOSIT] R4 deposited! Total: 62
  [TARGET] R4 → SITE (-2.14, -0.53)

======================================================================
Step 117000 (62.4 min) | Pickups: 62 | Deposits: 62 | Rate: 0.99 tags/min | phero_entries=0 max_w=0.000
======================================================================
R1[SEARCH    ]: carry=0 | base=2.92 | wall=0.40 | search=4172 | target=none
R2[SEARCH    ]: carry=0 | base=2.35 | wall=0.36 | search=859 | target=none
R3[SEARCH    ]: carry=0 | base=1.31 | wall=1.23 | search= 84 | target=none
R4[SITE      ]: carry=0 | base=1.49 | wall=1.06 | search=  0 | target=site(-2.14,-0.53)

[PICKUP] R4 picked up tag (density=2) | Total: 63

======================================================================
Step 117500 (62.7 min) | Pickups: 63 | Deposits: 62 | Rate: 0.99 tags/min | phero_entries=0 max_w=0.000
======================================================================
R1[WALL_ESC  ]: carry=0 | base=2.98 | wall=0.35 | search=4672 | target=none
R2[WALL_ESC  ]: carry=0 | base=2.86 | wall=0.33 | search=1359 | target=none
R3[WALL_ESC  ]: carry=0 | base=2.46 | wall=0.35 | search=584 | target=none
R4[RTB       ]: carry=1 | base=1.27 | wall=1.28 | search=  0 | target=none

[DEPOSIT] R4 deposited! Total: 63
  [TARGET] R4 → WALL (-2.42, -0.51)

======================================================================
Step 118000 (62.9 min) | Pickups: 63 | Deposits: 63 | Rate: 1.00 tags/min | phero_entries=0 max_w=0.000
======================================================================
R1[WALL_ESC  ]: carry=0 | base=3.05 | wall=0.32 | search=5172 | target=none
R2[WALL_ESC  ]: carry=0 | base=2.82 | wall=0.33 | search=1859 | target=none
R3[SEARCH    ]: carry=0 | base=2.73 | wall=0.38 | search=1084 | target=none
R4[DEPART    ]: carry=0 | base=0.69 | wall=1.82 | search=  0 | target=none


======================================================================
Step 118500 (63.2 min) | Pickups: 63 | Deposits: 63 | Rate: 1.00 tags/min | phero_entries=0 max_w=0.000
======================================================================
R1[SEARCH    ]: carry=0 | base=2.95 | wall=0.40 | search=5672 | target=none
R2[WALL_ESC  ]: carry=0 | base=2.87 | wall=0.34 | search=2359 | target=none
R3[WALL_ESC  ]: carry=0 | base=2.85 | wall=0.31 | search=1584 | target=none
R4[SEARCH    ]: carry=0 | base=2.22 | wall=0.65 | search=466 | target=none


======================================================================
Step 119000 (63.5 min) | Pickups: 63 | Deposits: 63 | Rate: 0.99 tags/min | phero_entries=0 max_w=0.000
======================================================================
R1[GIVE_UP   ]: carry=0 | base=1.77 | wall=1.22 | search=5772 | target=none
R2[SEARCH    ]: carry=0 | base=2.76 | wall=0.39 | search=2859 | target=none
R3[SEARCH    ]: carry=0 | base=2.76 | wall=0.40 | search=2084 | target=none
R4[SEARCH    ]: carry=0 | base=2.85 | wall=0.38 | search=966 | target=none

  [GIVE-UP] R1 returned empty after 5772 searching steps
  [TARGET] R1 → WALL (-2.02, 2.42)

======================================================================
Step 119500 (63.7 min) | Pickups: 63 | Deposits: 63 | Rate: 0.99 tags/min | phero_entries=0 max_w=0.000
======================================================================
R1[BASE_ESC  ]: carry=0 | base=0.24 | wall=2.30 | search=  0 | target=none
R2[WALL_ESC  ]: carry=0 | base=2.88 | wall=0.31 | search=3359 | target=none
R3[SEARCH    ]: carry=0 | base=2.76 | wall=0.36 | search=2584 | target=none
R4[GIVE_UP   ]: carry=0 | base=2.27 | wall=0.87 | search=1248 | target=none


======================================================================
Step 120000 (64.0 min) | Pickups: 63 | Deposits: 63 | Rate: 0.98 tags/min | phero_entries=0 max_w=0.000
======================================================================
R1[SEARCH    ]: carry=0 | base=1.43 | wall=1.40 | search=183 | target=none
R2[SEARCH    ]: carry=0 | base=2.80 | wall=0.39 | search=3859 | target=none
R3[WALL_ESC  ]: carry=0 | base=2.85 | wall=0.33 | search=3084 | target=none
R4[GIVE_UP   ]: carry=0 | base=0.35 | wall=2.25 | search=1248 | target=none

  [GIVE-UP] R4 returned empty after 1248 searching steps
  [TARGET] R4 → WALL (-1.40, -2.42)

======================================================================
Step 120500 (64.3 min) | Pickups: 63 | Deposits: 63 | Rate: 0.98 tags/min | phero_entries=0 max_w=0.000
======================================================================
R1[SEARCH    ]: carry=0 | base=2.50 | wall=0.38 | search=683 | target=none
R2[SEARCH    ]: carry=0 | base=2.78 | wall=0.36 | search=4359 | target=none
R3[SEARCH    ]: carry=0 | base=2.74 | wall=0.39 | search=3584 | target=none
R4[SEARCH    ]: carry=0 | base=1.46 | wall=1.28 | search=203 | target=none


======================================================================
Step 121000 (64.5 min) | Pickups: 63 | Deposits: 63 | Rate: 0.98 tags/min | phero_entries=0 max_w=0.000
======================================================================
R1[WALL_ESC  ]: carry=0 | base=2.61 | wall=0.31 | search=1183 | target=none
R2[WALL_ESC  ]: carry=0 | base=2.88 | wall=0.32 | search=4859 | target=none
R3[GIVE_UP   ]: carry=0 | base=1.70 | wall=1.18 | search=3744 | target=none
R4[GIVE_UP   ]: carry=0 | base=0.81 | wall=1.85 | search=312 | target=none

  [GIVE-UP] R4 returned empty after 312 searching steps
  [TARGET] R4 → WALL (2.42, 2.07)
  [GIVE-UP] R3 returned empty after 3744 searching steps
  [TARGET] R3 → WALL (0.57, 2.42)

======================================================================
Step 121500 (64.8 min) | Pickups: 63 | Deposits: 63 | Rate: 0.97 tags/min | phero_entries=0 max_w=0.000
======================================================================
R1[GIVE_UP   ]: carry=0 | base=1.95 | wall=0.93 | search=1404 | target=none
R2[GIVE_UP   ]: carry=0 | base=1.41 | wall=1.43 | search=4992 | target=none
R3[DEPART    ]: carry=0 | base=0.28 | wall=2.27 | search=  0 | target=none
R4[SEARCH    ]: carry=0 | base=0.27 | wall=2.25 | search= 34 | target=none

  [GIVE-UP] R2 returned empty after 4992 searching steps
  [TARGET] R2 → WALL (2.42, -1.92)
  [GIVE-UP] R1 returned empty after 1404 searching steps
  [TARGET] R1 → WALL (-1.98, -2.42)

======================================================================
Step 122000 (65.1 min) | Pickups: 63 | Deposits: 63 | Rate: 0.97 tags/min | phero_entries=0 max_w=0.000
======================================================================
R1[BASE_ESC  ]: carry=0 | base=0.22 | wall=2.34 | search=  0 | target=none
R2[DEPART    ]: carry=0 | base=0.52 | wall=2.08 | search=  0 | target=none
R3[SEARCH    ]: carry=0 | base=2.06 | wall=0.48 | search= 42 | target=none
R4[SEARCH    ]: carry=0 | base=1.73 | wall=0.89 | search=534 | target=none


======================================================================
Step 122500 (65.3 min) | Pickups: 63 | Deposits: 63 | Rate: 0.96 tags/min | phero_entries=0 max_w=0.000
======================================================================
R1[SEARCH    ]: carry=0 | base=1.27 | wall=1.55 | search=291 | target=none
R2[SEARCH    ]: carry=0 | base=2.36 | wall=0.65 | search=118 | target=none
R3[GIVE_UP   ]: carry=0 | base=2.11 | wall=0.46 | search=468 | target=none
R4[WALL_ESC  ]: carry=0 | base=2.23 | wall=0.34 | search=1034 | target=none

  [GIVE-UP] R3 returned empty after 468 searching steps
  [TARGET] R3 → WALL (2.42, 0.19)

======================================================================
Step 123000 (65.6 min) | Pickups: 63 | Deposits: 63 | Rate: 0.96 tags/min | phero_entries=0 max_w=0.000
======================================================================
R1[GIVE_UP   ]: carry=0 | base=2.21 | wall=0.37 | search=780 | target=none
R2[WALL_ESC  ]: carry=0 | base=2.73 | wall=0.31 | search=618 | target=none
R3[BASE_ESC  ]: carry=0 | base=0.23 | wall=2.28 | search=  0 | target=none
R4[WALL_ESC  ]: carry=0 | base=2.23 | wall=0.34 | search=1534 | target=none


======================================================================
Step 123500 (65.9 min) | Pickups: 63 | Deposits: 63 | Rate: 0.96 tags/min | phero_entries=0 max_w=0.000
======================================================================
R1[GIVE_UP   ]: carry=0 | base=0.30 | wall=2.21 | search=780 | target=none
R2[SEARCH    ]: carry=0 | base=2.69 | wall=0.37 | search=1118 | target=none
R3[DEPART    ]: carry=0 | base=1.64 | wall=0.88 | search=  0 | target=none
R4[SEARCH    ]: carry=0 | base=2.22 | wall=0.35 | search=2034 | target=none

  [GIVE-UP] R1 returned empty after 780 searching steps
  [TARGET] R1 → WALL (0.52, 2.42)

======================================================================
Step 124000 (66.1 min) | Pickups: 63 | Deposits: 63 | Rate: 0.95 tags/min | phero_entries=0 max_w=0.000
======================================================================
R1[SEARCH    ]: carry=0 | base=0.74 | wall=1.97 | search=181 | target=none
R2[SEARCH    ]: carry=0 | base=2.64 | wall=0.37 | search=1618 | target=none
R3[DEPART    ]: carry=0 | base=1.43 | wall=1.07 | search=  0 | target=none
R4[SEARCH    ]: carry=0 | base=2.21 | wall=0.36 | search=2534 | target=none

  [GIVE-UP] R3 returned empty after 156 searching steps
  [TARGET] R3 → WALL (2.42, -2.05)

======================================================================
Step 124500 (66.4 min) | Pickups: 63 | Deposits: 63 | Rate: 0.95 tags/min | phero_entries=0 max_w=0.000
======================================================================
R1[GIVE_UP   ]: carry=0 | base=2.10 | wall=0.45 | search=624 | target=none
R2[WALL_ESC  ]: carry=0 | base=2.74 | wall=0.32 | search=2118 | target=none
R3[BASE_ESC  ]: carry=0 | base=0.22 | wall=2.31 | search=  0 | target=none
R4[SEARCH    ]: carry=0 | base=2.20 | wall=0.37 | search=3034 | target=none


======================================================================
Step 125000 (66.7 min) | Pickups: 63 | Deposits: 63 | Rate: 0.94 tags/min | phero_entries=0 max_w=0.000
======================================================================
R1[GIVE_UP   ]: carry=0 | base=0.33 | wall=2.17 | search=624 | target=none
R2[SEARCH    ]: carry=0 | base=2.64 | wall=0.40 | search=2618 | target=none
R3[DEPART    ]: carry=0 | base=1.79 | wall=1.19 | search=  0 | target=none
R4[SEARCH    ]: carry=0 | base=2.19 | wall=0.37 | search=3534 | target=none

  [GIVE-UP] R1 returned empty after 624 searching steps
  [TARGET] R1 → WALL (1.05, 2.42)

======================================================================
Step 125500 (66.9 min) | Pickups: 63 | Deposits: 63 | Rate: 0.94 tags/min | phero_entries=0 max_w=0.000
======================================================================
R1[SEARCH    ]: carry=0 | base=1.44 | wall=1.13 | search= 55 | target=none
R2[WALL_ESC  ]: carry=0 | base=2.67 | wall=0.34 | search=3118 | target=none
R3[DEPART    ]: carry=0 | base=2.67 | wall=0.49 | search=  0 | target=none
R4[GIVE_UP   ]: carry=0 | base=2.07 | wall=0.50 | search=3900 | target=none

  [GIVE-UP] R4 returned empty after 3900 searching steps
  [TARGET] R4 → WALL (2.14, 2.42)

======================================================================
Step 126000 (67.2 min) | Pickups: 63 | Deposits: 63 | Rate: 0.94 tags/min | phero_entries=0 max_w=0.000
======================================================================
R1[SEARCH    ]: carry=0 | base=2.74 | wall=0.39 | search=555 | target=none
R2[GIVE_UP   ]: carry=0 | base=1.82 | wall=1.11 | search=3276 | target=none
R3[GIVE_UP   ]: carry=0 | base=1.26 | wall=1.35 | search=156 | target=none
R4[BASE_ESC  ]: carry=0 | base=0.23 | wall=2.28 | search=  0 | target=none

  [GIVE-UP] R3 returned empty after 156 searching steps
  [TARGET] R3 → WALL (-2.42, 0.03)
  [GIVE-UP] R2 returned empty after 3276 searching steps
  [TARGET] R2 → WALL (2.42, -2.01)

======================================================================
Step 126500 (67.5 min) | Pickups: 63 | Deposits: 63 | Rate: 0.93 tags/min | phero_entries=0 max_w=0.000
======================================================================
R1[WALL_ESC  ]: carry=0 | base=3.01 | wall=0.31 | search=1055 | target=none
R2[BASE_ESC  ]: carry=0 | base=0.23 | wall=2.30 | search=  0 | target=none
R3[DEPART    ]: carry=0 | base=0.41 | wall=2.21 | search=  0 | target=none
R4[SEARCH    ]: carry=0 | base=1.75 | wall=1.07 | search=104 | target=none

  [GIVE-UP] R3 returned empty after 156 searching steps
  [TARGET] R3 → WALL (2.23, 2.42)

======================================================================
Step 127000 (67.7 min) | Pickups: 63 | Deposits: 63 | Rate: 0.93 tags/min | phero_entries=0 max_w=0.000
======================================================================
R1[SEARCH    ]: carry=0 | base=2.96 | wall=0.38 | search=1555 | target=none
R2[SEARCH    ]: carry=0 | base=1.89 | wall=0.79 | search=325 | target=none
R3[BASE_ESC  ]: carry=0 | base=0.23 | wall=2.28 | search=  0 | target=none
R4[WALL_ESC  ]: carry=0 | base=2.37 | wall=0.33 | search=604 | target=none


======================================================================
Step 127500 (68.0 min) | Pickups: 63 | Deposits: 63 | Rate: 0.93 tags/min | phero_entries=0 max_w=0.000
======================================================================
R1[GIVE_UP   ]: carry=0 | base=2.74 | wall=0.51 | search=1872 | target=none
R2[WALL_ESC  ]: carry=0 | base=2.36 | wall=0.35 | search=825 | target=none
R3[DEPART    ]: carry=0 | base=1.21 | wall=1.50 | search=  0 | target=none
R4[SEARCH    ]: carry=0 | base=2.33 | wall=0.38 | search=1104 | target=none


======================================================================
Step 128000 (68.3 min) | Pickups: 63 | Deposits: 63 | Rate: 0.92 tags/min | phero_entries=0 max_w=0.000
======================================================================
R1[GIVE_UP   ]: carry=0 | base=0.82 | wall=1.90 | search=1872 | target=none
R2[GIVE_UP   ]: carry=0 | base=0.99 | wall=1.58 | search=936 | target=none
R3[GIVE_UP   ]: carry=0 | base=1.22 | wall=1.63 | search=156 | target=none
R4[SEARCH    ]: carry=0 | base=2.33 | wall=0.35 | search=1604 | target=none

  [GIVE-UP] R1 returned empty after 1872 searching steps
  [TARGET] R1 → WALL (2.42, 0.53)
  [GIVE-UP] R2 returned empty after 936 searching steps
  [TARGET] R2 → WALL (2.42, -1.12)
  [GIVE-UP] R3 returned empty after 156 searching steps
  [TARGET] R3 → WALL (-1.53, -2.42)

======================================================================
Step 128500 (68.5 min) | Pickups: 63 | Deposits: 63 | Rate: 0.92 tags/min | phero_entries=0 max_w=0.000
======================================================================
R1[SEARCH    ]: carry=0 | base=0.93 | wall=1.64 | search= 84 | target=none
R2[SEARCH    ]: carry=0 | base=0.96 | wall=1.66 | search= 40 | target=none
R3[DEPART    ]: carry=0 | base=0.26 | wall=2.25 | search=  0 | target=none
R4[WALL_ESC  ]: carry=0 | base=2.36 | wall=0.34 | search=2104 | target=none

  [GIVE-UP] R3 returned empty after 156 searching steps
  [TARGET] R3 → WALL (2.42, 2.41)

======================================================================
Step 129000 (68.8 min) | Pickups: 63 | Deposits: 63 | Rate: 0.92 tags/min | phero_entries=0 max_w=0.000
======================================================================
R1[SEARCH    ]: carry=0 | base=2.14 | wall=0.36 | search=584 | target=none
R2[GIVE_UP   ]: carry=0 | base=1.37 | wall=1.18 | search=312 | target=none
R3[BASE_ESC  ]: carry=0 | base=0.22 | wall=2.29 | search=  0 | target=none
R4[WALL_ESC  ]: carry=0 | base=2.37 | wall=0.33 | search=2604 | target=none

  [GIVE-UP] R2 returned empty after 312 searching steps
  [TARGET] R2 → WALL (0.32, -2.42)

======================================================================
Step 129500 (69.1 min) | Pickups: 63 | Deposits: 63 | Rate: 0.91 tags/min | phero_entries=0 max_w=0.000
======================================================================
R1[SEARCH    ]: carry=0 | base=2.14 | wall=0.36 | search=1084 | target=none
R2[DEPART    ]: carry=0 | base=0.37 | wall=2.16 | search=  0 | target=none
R3[DEPART    ]: carry=0 | base=0.26 | wall=2.25 | search=  0 | target=none
R4[WALL_ESC  ]: carry=0 | base=2.37 | wall=0.34 | search=3104 | target=none


======================================================================
Step 130000 (69.3 min) | Pickups: 63 | Deposits: 63 | Rate: 0.91 tags/min | phero_entries=0 max_w=0.000
======================================================================
R1[SEARCH    ]: carry=0 | base=2.14 | wall=0.36 | search=1584 | target=none
R2[SEARCH    ]: carry=0 | base=1.79 | wall=0.72 | search=285 | target=none
R3[DEPART    ]: carry=0 | base=1.78 | wall=1.15 | search=  0 | target=none
R4[WALL_ESC  ]: carry=0 | base=2.37 | wall=0.33 | search=3604 | target=none


======================================================================
Step 130500 (69.6 min) | Pickups: 63 | Deposits: 63 | Rate: 0.91 tags/min | phero_entries=0 max_w=0.000
======================================================================
R1[SEARCH    ]: carry=0 | base=2.14 | wall=0.37 | search=2084 | target=none
R2[WALL_ESC  ]: carry=0 | base=2.31 | wall=0.35 | search=785 | target=none
R3[SEARCH    ]: carry=0 | base=2.75 | wall=0.39 | search=368 | target=none
R4[WALL_ESC  ]: carry=0 | base=2.38 | wall=0.33 | search=4104 | target=none


======================================================================
Step 131000 (69.9 min) | Pickups: 63 | Deposits: 63 | Rate: 0.90 tags/min | phero_entries=0 max_w=0.000
======================================================================
R1[SEARCH    ]: carry=0 | base=2.12 | wall=0.38 | search=2584 | target=none
R2[GIVE_UP   ]: carry=0 | base=1.33 | wall=1.31 | search=936 | target=none
R3[WALL_ESC  ]: carry=0 | base=2.89 | wall=0.31 | search=868 | target=none
R4[GIVE_UP   ]: carry=0 | base=0.85 | wall=1.72 | search=4212 | target=none

  [GIVE-UP] R4 returned empty after 4212 searching steps
  [TARGET] R4 → WALL (2.42, 1.99)
  [GIVE-UP] R2 returned empty after 936 searching steps
  [TARGET] R2 → WALL (1.25, -2.42)

======================================================================
Step 131500 (70.1 min) | Pickups: 63 | Deposits: 63 | Rate: 0.90 tags/min | phero_entries=0 max_w=0.000
======================================================================
R1[SEARCH    ]: carry=0 | base=2.12 | wall=0.38 | search=3084 | target=none
R2[DEPART    ]: carry=0 | base=0.44 | wall=2.08 | search=  0 | target=none
R3[SEARCH    ]: carry=0 | base=2.81 | wall=0.39 | search=1368 | target=none
R4[SEARCH    ]: carry=0 | base=0.97 | wall=1.70 | search= 75 | target=none


======================================================================
Step 132000 (70.4 min) | Pickups: 63 | Deposits: 63 | Rate: 0.89 tags/min | phero_entries=0 max_w=0.000
======================================================================
R1[SEARCH    ]: carry=0 | base=2.12 | wall=0.39 | search=3584 | target=none
R2[SEARCH    ]: carry=0 | base=2.09 | wall=0.51 | search=452 | target=none
R3[SEARCH    ]: carry=0 | base=2.79 | wall=0.36 | search=1868 | target=none
R4[WALL_ESC  ]: carry=0 | base=2.17 | wall=0.34 | search=575 | target=none


======================================================================
Step 132500 (70.7 min) | Pickups: 63 | Deposits: 63 | Rate: 0.89 tags/min | phero_entries=0 max_w=0.000
======================================================================
R1[SEARCH    ]: carry=0 | base=2.12 | wall=0.39 | search=4084 | target=none
R2[SEARCH    ]: carry=0 | base=2.28 | wall=0.37 | search=952 | target=none
R3[GIVE_UP   ]: carry=0 | base=0.90 | wall=1.81 | search=1872 | target=none
R4[SEARCH    ]: carry=0 | base=2.44 | wall=0.41 | search=1075 | target=none

  [GIVE-UP] R3 returned empty after 1872 searching steps
  [TARGET] R3 → WALL (1.85, -2.42)

======================================================================
Step 133000 (70.9 min) | Pickups: 63 | Deposits: 63 | Rate: 0.89 tags/min | phero_entries=0 max_w=0.000
======================================================================
R1[SEARCH    ]: carry=0 | base=2.11 | wall=0.39 | search=4584 | target=none
R2[SEARCH    ]: carry=0 | base=2.27 | wall=0.38 | search=1452 | target=none
R3[SEARCH    ]: carry=0 | base=0.51 | wall=2.02 | search= 62 | target=none
R4[SEARCH    ]: carry=0 | base=1.73 | wall=0.97 | search=1575 | target=none

  [GIVE-UP] R4 returned empty after 1872 searching steps
  [TARGET] R4 → WALL (-2.42, 0.25)

======================================================================
Step 133500 (71.2 min) | Pickups: 63 | Deposits: 63 | Rate: 0.88 tags/min | phero_entries=0 max_w=0.000
======================================================================
R1[SEARCH    ]: carry=0 | base=2.12 | wall=0.39 | search=5084 | target=none
R2[SEARCH    ]: carry=0 | base=2.26 | wall=0.39 | search=1952 | target=none
R3[SEARCH    ]: carry=0 | base=2.24 | wall=0.87 | search=562 | target=none
R4[BASE_ESC  ]: carry=0 | base=0.22 | wall=2.32 | search=  0 | target=none


======================================================================
Step 134000 (71.5 min) | Pickups: 63 | Deposits: 63 | Rate: 0.88 tags/min | phero_entries=0 max_w=0.000
======================================================================
R1[SEARCH    ]: carry=0 | base=2.11 | wall=0.39 | search=5584 | target=none
R2[SEARCH    ]: carry=0 | base=2.26 | wall=0.39 | search=2452 | target=none
R3[SEARCH    ]: carry=0 | base=2.97 | wall=0.39 | search=1062 | target=none
R4[SEARCH    ]: carry=0 | base=1.70 | wall=0.85 | search=307 | target=none


======================================================================
Step 134500 (71.7 min) | Pickups: 63 | Deposits: 63 | Rate: 0.88 tags/min | phero_entries=0 max_w=0.000
======================================================================
R1[GIVE_UP   ]: carry=0 | base=2.12 | wall=0.39 | search=6084 | target=none
R2[SEARCH    ]: carry=0 | base=2.25 | wall=0.39 | search=2952 | target=none
R3[GIVE_UP   ]: carry=0 | base=2.74 | wall=0.49 | search=1404 | target=none
R4[GIVE_UP   ]: carry=0 | base=1.25 | wall=1.27 | search=468 | target=none

  [GIVE-UP] R4 returned empty after 468 searching steps
  [TARGET] R4 → WALL (-2.42, -1.86)

======================================================================
Step 135000 (72.0 min) | Pickups: 63 | Deposits: 63 | Rate: 0.88 tags/min | phero_entries=0 max_w=0.000
======================================================================
R1[GIVE_UP   ]: carry=0 | base=0.41 | wall=2.09 | search=6084 | target=none
R2[GIVE_UP   ]: carry=0 | base=2.24 | wall=0.40 | search=3432 | target=none
R3[GIVE_UP   ]: carry=0 | base=0.82 | wall=1.90 | search=1404 | target=none
R4[DEPART    ]: carry=0 | base=0.70 | wall=1.88 | search=  0 | target=none

  [GIVE-UP] R1 returned empty after 6084 searching steps
  [TARGET] R1 → WALL (-2.42, 1.05)
  [GIVE-UP] R3 returned empty after 1404 searching steps
  [TARGET] R3 → WALL (2.42, -1.36)

======================================================================
Step 135500 (72.3 min) | Pickups: 63 | Deposits: 63 | Rate: 0.87 tags/min | phero_entries=0 max_w=0.000
======================================================================
R1[DEPART    ]: carry=0 | base=0.26 | wall=2.29 | search=  0 | target=none
R2[GIVE_UP   ]: carry=0 | base=0.36 | wall=2.15 | search=3432 | target=none
R3[SEARCH    ]: carry=0 | base=0.87 | wall=1.77 | search= 11 | target=none
R4[WALL_ESC  ]: carry=0 | base=2.38 | wall=0.33 | search=472 | target=none

  [GIVE-UP] R2 returned empty after 3432 searching steps
  [TARGET] R2 → WALL (2.38, -2.42)

======================================================================
Step 136000 (72.5 min) | Pickups: 63 | Deposits: 63 | Rate: 0.87 tags/min | phero_entries=0 max_w=0.000
======================================================================
R1[GIVE_UP   ]: carry=0 | base=0.56 | wall=1.99 | search=156 | target=none
R2[SEARCH    ]: carry=0 | base=1.31 | wall=1.42 | search=190 | target=none
R3[SEARCH    ]: carry=0 | base=2.37 | wall=0.66 | search=511 | target=none
R4[WALL_ESC  ]: carry=0 | base=2.34 | wall=0.34 | search=972 | target=none

  [GIVE-UP] R1 returned empty after 156 searching steps
  [TARGET] R1 → WALL (-1.08, 2.42)

======================================================================
Step 136500 (72.8 min) | Pickups: 63 | Deposits: 63 | Rate: 0.87 tags/min | phero_entries=0 max_w=0.000
======================================================================
R1[SEARCH    ]: carry=0 | base=0.88 | wall=1.82 | search=152 | target=none
R2[WALL_ESC  ]: carry=0 | base=2.90 | wall=0.34 | search=690 | target=none
R3[WALL_ESC  ]: carry=0 | base=2.59 | wall=0.34 | search=1011 | target=none
R4[GIVE_UP   ]: carry=0 | base=1.10 | wall=1.52 | search=1092 | target=none

  [GIVE-UP] R4 returned empty after 1092 searching steps
  [TARGET] R4 → WALL (2.42, 0.18)

======================================================================
Step 137000 (73.1 min) | Pickups: 63 | Deposits: 63 | Rate: 0.86 tags/min | phero_entries=0 max_w=0.000
======================================================================
R1[SEARCH    ]: carry=0 | base=2.11 | wall=0.39 | search=652 | target=none
R2[GIVE_UP   ]: carry=0 | base=2.62 | wall=0.52 | search=1092 | target=none
R3[WALL_ESC  ]: carry=0 | base=2.58 | wall=0.32 | search=1511 | target=none
R4[BASE_ESC  ]: carry=0 | base=0.25 | wall=2.26 | search=  0 | target=none


======================================================================
Step 137500 (73.3 min) | Pickups: 63 | Deposits: 63 | Rate: 0.86 tags/min | phero_entries=0 max_w=0.000
======================================================================
R1[GIVE_UP   ]: carry=0 | base=1.32 | wall=1.18 | search=936 | target=none
R2[GIVE_UP   ]: carry=0 | base=0.70 | wall=1.97 | search=1092 | target=none
R3[SEARCH    ]: carry=0 | base=2.47 | wall=0.40 | search=2011 | target=none
R4[SEARCH    ]: carry=0 | base=0.79 | wall=1.71 | search=233 | target=none

  [GIVE-UP] R2 returned empty after 1092 searching steps
  [TARGET] R2 → WALL (-2.42, -0.63)
  [GIVE-UP] R1 returned empty after 936 searching steps
  [TARGET] R1 → WALL (1.92, 2.42)
  [GIVE-UP] R4 returned empty after 312 searching steps
  [TARGET] R4 → WALL (-1.21, 2.42)

======================================================================
Step 138000 (73.6 min) | Pickups: 63 | Deposits: 63 | Rate: 0.86 tags/min | phero_entries=0 max_w=0.000
======================================================================
R1[DEPART    ]: carry=0 | base=0.29 | wall=2.21 | search=  0 | target=none
R2[SEARCH    ]: carry=0 | base=0.86 | wall=1.79 | search=117 | target=none
R3[WALL_ESC  ]: carry=0 | base=2.55 | wall=0.32 | search=2511 | target=none
R4[DEPART    ]: carry=0 | base=0.27 | wall=2.27 | search=  0 | target=none


======================================================================
Step 138500 (73.9 min) | Pickups: 63 | Deposits: 63 | Rate: 0.85 tags/min | phero_entries=0 max_w=0.000
======================================================================
R1[DEPART    ]: carry=0 | base=1.60 | wall=1.16 | search=  0 | target=none
R2[SEARCH    ]: carry=0 | base=2.49 | wall=0.65 | search=617 | target=none
R3[GIVE_UP   ]: carry=0 | base=1.83 | wall=0.92 | search=2808 | target=none
R4[DEPART    ]: carry=0 | base=1.19 | wall=1.37 | search=  0 | target=none

  [GIVE-UP] R3 returned empty after 2808 searching steps
  [TARGET] R3 → WALL (-2.42, 0.75)

======================================================================
Step 139000 (74.1 min) | Pickups: 63 | Deposits: 63 | Rate: 0.85 tags/min | phero_entries=0 max_w=0.000
======================================================================
R1[WALL_ESC  ]: carry=0 | base=2.84 | wall=0.34 | search=469 | target=none
R2[WALL_ESC  ]: carry=0 | base=2.72 | wall=0.33 | search=1117 | target=none
R3[BASE_ESC  ]: carry=0 | base=0.22 | wall=2.29 | search=  0 | target=none
R4[SEARCH    ]: carry=0 | base=2.52 | wall=0.37 | search=372 | target=none


======================================================================
Step 139500 (74.4 min) | Pickups: 63 | Deposits: 63 | Rate: 0.85 tags/min | phero_entries=0 max_w=0.000
======================================================================
R1[GIVE_UP   ]: carry=0 | base=2.03 | wall=0.91 | search=780 | target=none
R2[WALL_ESC  ]: carry=0 | base=2.76 | wall=0.34 | search=1617 | target=none
R3[SEARCH    ]: carry=0 | base=1.44 | wall=1.08 | search=167 | target=none
R4[WALL_ESC  ]: carry=0 | base=2.57 | wall=0.34 | search=872 | target=none

  [GIVE-UP] R1 returned empty after 780 searching steps
  [TARGET] R1 → WALL (2.42, -1.52)

======================================================================
Step 140000 (74.7 min) | Pickups: 63 | Deposits: 63 | Rate: 0.84 tags/min | phero_entries=0 max_w=0.000
======================================================================
R1[BASE_ESC  ]: carry=0 | base=0.22 | wall=2.32 | search=  0 | target=none
R2[SEARCH    ]: carry=0 | base=2.66 | wall=0.39 | search=2117 | target=none
R3[WALL_ESC  ]: carry=0 | base=2.21 | wall=0.34 | search=667 | target=none
R4[WALL_ESC  ]: carry=0 | base=2.54 | wall=0.31 | search=1372 | target=none


======================================================================
Step 140500 (74.9 min) | Pickups: 63 | Deposits: 63 | Rate: 0.84 tags/min | phero_entries=0 max_w=0.000
======================================================================
R1[DEPART    ]: carry=0 | base=1.32 | wall=1.29 | search=  0 | target=none
R2[WALL_ESC  ]: carry=0 | base=2.77 | wall=0.31 | search=2617 | target=none
R3[WALL_ESC  ]: carry=0 | base=2.21 | wall=0.34 | search=1167 | target=none
R4[WALL_ESC  ]: carry=0 | base=2.54 | wall=0.35 | search=1872 | target=none


======================================================================
Step 141000 (75.2 min) | Pickups: 63 | Deposits: 63 | Rate: 0.84 tags/min | phero_entries=0 max_w=0.000
======================================================================
R1[WALL_ESC  ]: carry=0 | base=2.32 | wall=0.33 | search=302 | target=none
R2[SEARCH    ]: carry=0 | base=2.71 | wall=0.38 | search=3117 | target=none
R3[WALL_ESC  ]: carry=0 | base=2.21 | wall=0.33 | search=1667 | target=none
R4[SEARCH    ]: carry=0 | base=2.46 | wall=0.39 | search=2372 | target=none


======================================================================
Step 141500 (75.5 min) | Pickups: 63 | Deposits: 63 | Rate: 0.83 tags/min | phero_entries=0 max_w=0.000
======================================================================
R1[WALL_ESC  ]: carry=0 | base=2.33 | wall=0.33 | search=802 | target=none
R2[GIVE_UP   ]: carry=0 | base=2.60 | wall=0.43 | search=3588 | target=none
R3[WALL_ESC  ]: carry=0 | base=2.22 | wall=0.33 | search=2167 | target=none
R4[WALL_ESC  ]: carry=0 | base=2.56 | wall=0.31 | search=2872 | target=none


======================================================================
Step 142000 (75.7 min) | Pickups: 63 | Deposits: 63 | Rate: 0.83 tags/min | phero_entries=0 max_w=0.000
======================================================================
R1[WALL_ESC  ]: carry=0 | base=2.33 | wall=0.33 | search=1302 | target=none
R2[GIVE_UP   ]: carry=0 | base=0.68 | wall=1.96 | search=3588 | target=none
R3[WALL_ESC  ]: carry=0 | base=2.22 | wall=0.33 | search=2667 | target=none
R4[GIVE_UP   ]: carry=0 | base=1.94 | wall=0.82 | search=3120 | target=none

  [GIVE-UP] R2 returned empty after 3588 searching steps
  [TARGET] R2 → WALL (2.42, 0.50)
  [GIVE-UP] R4 returned empty after 3120 searching steps
  [TARGET] R4 → WALL (-0.47, 2.42)

======================================================================
Step 142500 (76.0 min) | Pickups: 63 | Deposits: 63 | Rate: 0.83 tags/min | phero_entries=0 max_w=0.000
======================================================================
R1[GIVE_UP   ]: carry=0 | base=2.12 | wall=0.53 | search=1716 | target=none
R2[SEARCH    ]: carry=0 | base=0.65 | wall=1.85 | search=124 | target=none
R3[WALL_ESC  ]: carry=0 | base=2.22 | wall=0.33 | search=3167 | target=none
R4[BASE_ESC  ]: carry=0 | base=0.22 | wall=2.30 | search=  0 | target=none

  [GIVE-UP] R1 returned empty after 1716 searching steps
  [TARGET] R1 → WALL (2.25, -2.42)

======================================================================
Step 143000 (76.3 min) | Pickups: 63 | Deposits: 63 | Rate: 0.83 tags/min | phero_entries=0 max_w=0.000
======================================================================
R1[BASE_ESC  ]: carry=0 | base=0.23 | wall=2.29 | search=  0 | target=none
R2[WALL_ESC  ]: carry=0 | base=2.29 | wall=0.33 | search=624 | target=none
R3[WALL_ESC  ]: carry=0 | base=2.22 | wall=0.33 | search=3667 | target=none
R4[SEARCH    ]: carry=0 | base=1.82 | wall=0.69 | search=293 | target=none


======================================================================
Step 143500 (76.5 min) | Pickups: 63 | Deposits: 63 | Rate: 0.82 tags/min | phero_entries=0 max_w=0.000
======================================================================
R1[SEARCH    ]: carry=0 | base=1.71 | wall=1.17 | search=245 | target=none
R2[WALL_ESC  ]: carry=0 | base=2.27 | wall=0.35 | search=1124 | target=none
R3[GIVE_UP   ]: carry=0 | base=1.94 | wall=0.61 | search=4056 | target=none
R4[GIVE_UP   ]: carry=0 | base=1.03 | wall=1.47 | search=468 | target=none

  [GIVE-UP] R4 returned empty after 468 searching steps
  [TARGET] R4 → WALL (-2.42, 2.24)
  [GIVE-UP] R3 returned empty after 4056 searching steps
  [TARGET] R3 → WALL (2.42, -1.31)

======================================================================
Step 144000 (76.8 min) | Pickups: 63 | Deposits: 63 | Rate: 0.82 tags/min | phero_entries=0 max_w=0.000
======================================================================
R1[GIVE_UP   ]: carry=0 | base=1.59 | wall=1.04 | search=468 | target=none
R2[WALL_ESC  ]: carry=0 | base=2.29 | wall=0.34 | search=1624 | target=none
R3[BASE_ESC  ]: carry=0 | base=0.22 | wall=2.29 | search=  0 | target=none
R4[SEARCH    ]: carry=0 | base=0.69 | wall=1.87 | search= 28 | target=none

  [GIVE-UP] R1 returned empty after 468 searching steps
  [TARGET] R1 → WALL (0.48, 2.42)
  [GIVE-UP] R4 returned empty after 156 searching steps
  [TARGET] R4 → WALL (-2.42, -1.01)

======================================================================
Step 144500 (77.1 min) | Pickups: 63 | Deposits: 63 | Rate: 0.82 tags/min | phero_entries=0 max_w=0.000
======================================================================
R1[DEPART    ]: carry=0 | base=0.27 | wall=2.30 | search=  0 | target=none
R2[WALL_ESC  ]: carry=0 | base=2.29 | wall=0.34 | search=2124 | target=none
R3[SEARCH    ]: carry=0 | base=0.82 | wall=1.90 | search=236 | target=none
R4[BASE_ESC  ]: carry=0 | base=0.23 | wall=2.32 | search=  0 | target=none

  [GIVE-UP] R3 returned empty after 312 searching steps
  [TARGET] R3 → WALL (-2.42, -2.35)

======================================================================
Step 145000 (77.3 min) | Pickups: 63 | Deposits: 63 | Rate: 0.81 tags/min | phero_entries=0 max_w=0.000
======================================================================
R1[SEARCH    ]: carry=0 | base=1.60 | wall=0.97 | search=228 | target=none
R2[WALL_ESC  ]: carry=0 | base=2.29 | wall=0.33 | search=2624 | target=none
R3[BASE_ESC  ]: carry=0 | base=0.22 | wall=2.29 | search=  0 | target=none
R4[DEPART    ]: carry=0 | base=1.63 | wall=0.96 | search=  0 | target=none

[PICKUP] R4 picked up tag (density=1) | Total: 64

======================================================================
Step 145500 (77.6 min) | Pickups: 64 | Deposits: 63 | Rate: 0.81 tags/min | phero_entries=0 max_w=0.000
======================================================================
R1[SEARCH    ]: carry=0 | base=2.61 | wall=0.62 | search=728 | target=none
R2[WALL_ESC  ]: carry=0 | base=2.30 | wall=0.33 | search=3124 | target=none
R3[SEARCH    ]: carry=0 | base=0.97 | wall=1.78 | search=130 | target=none
R4[RTB       ]: carry=1 | base=1.26 | wall=1.33 | search=  0 | target=none

[DEPOSIT] R4 deposited! Total: 64
  [TARGET] R4 → WALL (-0.02, 2.42)

======================================================================
COMPLETE: all 64 tags deposited
80% completion: 51/64 deposits at step 60860 (32.46 min), rate 1.571 tags/min
Step 145763 (77.74 min)
Pickups: 64
Deposits: 64
Rate: 0.823 tags/min
======================================================================

COMPLETION_RESULT pickups=64 deposits=64 steps=145763 elapsed_min=77.740267
BATCH_RESULT pickups=64 deposits=64
